set_id	gene_pair_balanced_median_rho	probe_pair_median_rho
FIXED10	0.6713285112616739	0.6750766800952208
BG00001	0.5161915171214062	0.415033876579381
BG00002	0.5628748168833546	0.5647546236952938
BG00003	0.5640278795092475	0.5681823383995606
BG00004	0.5720707059146677	0.582019089910273
BG00005	0.580522683574437	0.5866198956235124
BG00006	0.6397151391686506	0.6362960080571329
BG00007	0.5365432155282917	0.5407491759750961
BG00008	0.5951090688518588	0.600439479948727
BG00009	0.5249496429225415	0.5283029664896539
BG00010	0.6265021287310018	0.6086797289873651
BG00011	0.5506918375755357	0.5758560703167919
BG00012	0.6308110922907892	0.5238566654458889
BG00013	0.5284832219373741	0.5043604651162789
BG00014	0.4889901117011538	0.44721090459622764
BG00015	0.6254749587987548	0.6298068119392052
BG00016	0.6279241439296834	0.6095781450283831
BG00017	0.552482947262406	0.5613555209668559
BG00018	0.6010775270097053	0.6265450466947445
BG00019	0.5813695980589635	0.5720907342977475
BG00020	0.5448092153451749	0.5121314777513276
BG00021	0.5311927760483428	0.4759487731184766
BG00022	0.6076382530672038	0.5735785570408352
BG00023	0.5302571644387475	0.5649491851309288
BG00024	0.5502426295550267	0.5553298388573525
BG00025	0.5416847875846913	0.5570980589635597
BG00026	0.43881042849295004	0.5026208569859001
BG00027	0.5819561435634498	0.6303218275041204
BG00028	0.6431199642922543	0.6217897363120308
BG00029	0.548697582860282	0.5569435542940854
BG00030	0.5820763138619302	0.5702881798205458
BG00031	0.5208924647500459	0.4873477842885917
BG00032	0.6547106757004211	0.6401185680278336
BG00033	0.47043524537630466	0.4924979399377404
BG00034	0.5800935039370081	0.6282960996154551
BG00035	0.5229096090459624	0.5115764054202527
BG00036	0.6099644067020692	0.4970586888848197
BG00037	0.5068239562351218	0.5021973997436364
BG00038	0.48231779893792337	0.5047495879875483
BG00039	0.630974180553012	0.6113005859732652
BG00040	0.5579878914118294	0.5609778428859186
BG00041	0.5658046832082038	0.5902536165537445
BG00042	0.6010775270097053	0.6269913935176707
BG00043	0.6067598654092655	0.6191402673503019
BG00044	0.4890616416407253	0.49120467863028744
BG00045	0.5170870719648417	0.5143517670756271
BG00046	0.5711951794543124	0.5763710858817067
BG00047	0.5474329335286579	0.5182658853689803
BG00048	0.5893637841054751	0.572313907709211
BG00049	0.5875812580113533	0.6000045779161327
BG00050	0.615417849295001	0.5985110327778795
BG00051	0.5970976011719464	0.5837300860648232
BG00052	0.5201142190075078	0.5188438472807176
BG00053	0.5250583684306904	0.5264832448269549
BG00054	0.5145119941402673	0.48959668558872016
BG00055	0.5769490477934442	0.5594842977476648
BG00056	0.5151986815601541	0.5284689159494598
BG00057	0.542042437282549	0.5587518311664534
BG00058	0.6150373100164805	0.6149972532503206
BG00059	0.5709577000549352	0.5585458249404872
BG00060	0.5990060199597145	0.5457333821644386
BG00061	0.4985350668375756	0.5025006866874197
BG00062	0.6085395303058048	0.5908315784654822
BG00063	0.5935783281450286	0.6068943416956604
BG00064	0.5308322651529024	0.5333386742354882
BG00065	0.5829861746932797	0.5705628547885006
BG00066	0.596797175425746	0.5817501373374836
BG00067	0.4524669245559422	0.4867984343526827
BG00068	0.552039461637063	0.5504486357809926
BG00069	0.48650086980406515	0.4651048342794362
BG00070	0.5896699322468413	0.5770749404870901
BG00071	0.5496990020142831	0.5592668467313678
BG00072	0.5250812580113532	0.5437305438564367
BG00073	0.5551123878410549	0.5792780626258924
BG00074	0.48913031038271376	0.4953763047060977
BG00075	0.6306422816334007	0.6064880516388942
BG00076	0.498260391869621	0.5370010071415493
BG00077	0.4971903039736314	0.5036909448818897
BG00078	0.574376831166453	0.5749118751144477
BG00079	0.517733702618568	0.4650991118842703
BG00080	0.5865483656839408	0.6099501007141548
BG00081	0.4258778154184215	0.46357695477018845
BG00082	0.6113120307635963	0.4866496520783741
BG00083	0.5205605658304341	0.47191448452664364
BG00084	0.5626831166453029	0.572188015015565
BG00085	0.5567890496246108	0.5420081029115547
BG00086	0.5689405557590185	0.6106940120856985
BG00087	0.539607558139535	0.5094533968137704
BG00088	0.5824539919428677	0.5927028016846732
BG00089	0.5722938793261306	0.5422198315326866
BG00090	0.5119311939205273	0.4803435726057498
BG00091	0.5548777696392602	0.5575615729719833
BG00092	0.5577847463834463	0.5069584325215165
BG00093	0.5433242537996702	0.5454472624061526
BG00094	0.6200415445889036	0.5765027009705184
BG00095	0.521012635048526	0.5265919703351033
BG00096	0.5133675151071233	0.5350725599707017
BG00097	0.5574528474638345	0.5460481138985535
BG00098	0.5375703854605385	0.5331498351950192
BG00099	0.5116164621864127	0.5157022523347372
BG00100	0.5311012177256912	0.5274503296099614
BG00101	0.5758875434902031	0.5876842611243362
BG00102	0.5646888161508881	0.5654527559055119
BG00103	0.5562654504669474	0.48226629738143184
BG00104	0.5874868384911189	0.5892121406335837
BG00105	0.5756700924739059	0.5788088262223036
BG00106	0.5718446713056217	0.567432704632851
BG00107	0.6158470289324298	0.552960767258744
BG00108	0.5900561939205273	0.5916441585790148
BG00109	0.5449579976194834	0.497865546603186
BG00110	0.5955153589086248	0.5965825856070315
BG00111	0.5616044451565647	0.5471582585607031
BG00112	0.47593732832814506	0.49186847646951126
BG00113	0.6148255813953485	0.617669611792712
BG00114	0.5250583684306904	0.5279252884087164
BG00115	0.5263630745284746	0.555638848196301
BG00116	0.5756987044497341	0.5904310108038819
BG00117	0.5590293673319907	0.5736815601538181
BG00118	0.6313432750412011	0.6110030214246476
BG00119	0.6249141640725142	0.6460355246291888
BG00120	0.5331555575901851	0.47438655923823486
BG00121	0.6097955960446801	0.599140496246109
BG00122	0.5171099615455046	0.4740203259476286
BG00123	0.5540051043764878	0.5961934627357623
BG00124	0.540365775498993	0.5457677165354332
BG00125	0.46505905511811013	0.43088491118842714
BG00126	0.4944034975279253	0.48437786119758314
BG00127	0.5703310977842887	0.555965024720747
BG00128	0.5935411325764515	0.5121543673319906
BG00129	0.6004566471342246	0.5653611975828603
BG00130	0.5443027833730087	0.5757816791796376
BG00131	0.6094579747299029	0.5549979399377405
BG00132	0.5954638573521336	0.6082734389305987
BG00133	0.5229725553927852	0.5322170847830068
BG00134	0.632150132759568	0.6439296832082035
BG00135	0.5932321232375024	0.5860819904779345
BG00136	0.512328900384545	0.48768540560336954
BG00137	0.5407520371726791	0.5442512818165169
BG00138	0.5444343984618204	0.5380195934810478
BG00139	0.5924653222852956	0.580353872917048
BG00140	0.555450009155832	0.46169428676066676
BG00141	0.4741033006775317	0.45305347006042873
BG00142	0.5837730040285664	0.5827515564914848
BG00143	0.4027078373924189	0.3783018220106208
BG00144	0.6346622642373193	0.6479868613806995
BG00145	0.5663111151803696	0.548731917231276
BG00146	0.6186366965757188	0.6311057956418237
BG00147	0.5277164209851677	0.5263115729719832
BG00148	0.5547289873649512	0.535427348470976
BG00149	0.6148799441494233	0.5938186687419887
BG00150	0.5251127311847648	0.47974844350851464
BG00151	0.5825369666727707	0.5502369071598608
BG00152	0.5826313861930048	0.602940166636147
BG00153	0.512961225050357	0.49173686138069955
BG00154	0.45051558780443157	0.4929213971800038
BG00155	0.5713153497527927	0.5272729353598243
BG00156	0.615641022706464	0.6230200512726605
BG00157	0.5600593984618201	0.5836843069034974
BG00158	0.5680049441494233	0.5513356070316794
BG00159	0.48065830433986456	0.45077023438930575
BG00160	0.47586007599340785	0.5096880150155652
BG00161	0.6137125755356163	0.6124736769822378
BG00162	0.5595873008606481	0.5508606482329245
BG00163	0.555435703167918	0.5811435634499176
BG00164	0.505733839956052	0.44256431972166277
BG00165	0.5414616141732285	0.5446518494781175
BG00166	0.5877586522614904	0.5902707837392418
BG00167	0.5704054889214429	0.5881363303424282
BG00168	0.5591066196667278	0.5656816517121406
BG00169	0.5012017029848013	0.4975565372642374
BG00170	0.48718469602636894	0.4938083684306904
BG00171	0.5065492812671671	0.45915926570225235
BG00172	0.5432069446987731	0.5182029390221571
BG00173	0.5748975691265334	0.5694927668925106
BG00174	0.5783825077824576	0.5604227705548436
BG00175	0.44135117194652995	0.4065303973631201
BG00176	0.5586659952389672	0.5504028566196667
BG00177	0.5716586934627358	0.5709691448452662
BG00178	0.5712037630470611	0.5654813678813403
BG00179	0.5042660455960448	0.45009499175975104
BG00180	0.5829718687053651	0.5735842794360008
BG00181	0.5769175746200332	0.5871578007690894
BG00182	0.6113950054934995	0.605360739791247
BG00183	0.5800563083684307	0.5558906335835926
BG00184	0.6312145211499727	0.6037813587255079
BG00185	0.5581767304522982	0.5449494140267349
BG00186	0.5813810428492951	0.5751636605017397
BG00187	0.557012223036074	0.5427806262589269
BG00188	0.6088256500640908	0.5974581120673866
BG00189	0.544525956784472	0.540468778611976
BG00190	0.5307206784471707	0.5439136605017402
BG00191	0.572170847830068	0.5546030946713056
BG00192	0.5593097646951108	0.5736815601538181
BG00193	0.5664913706280901	0.5705056308368431
BG00194	0.5528177073796006	0.550070957700055
BG00195	0.44008080021973994	0.4305072331074894
BG00196	0.5800763367515109	0.5381798205456876
BG00197	0.5188152353048894	0.5433185314045046
BG00198	0.5158453122138802	0.5268265885368981
BG00199	0.5628805392785206	0.5727945889031316
BG00200	0.6143763733748399	0.6097898736495149
BG00201	0.4769301638893976	0.48850943050723294
BG00202	0.5476875801135324	0.5333386742354881
BG00203	0.5307292620399195	0.5515587804431422
BG00204	0.5232500915583228	0.47316196667277044
BG00205	0.610719762863944	0.5780134132942681
BG00206	0.42867892785204165	0.4519604925837759
BG00207	0.5064033601904412	0.5390896813770372
BG00208	0.5726486678264056	0.6163076817432707
BG00209	0.6089744323383992	0.6335549807727525
BG00210	0.5783653405969602	0.5828030580479765
BG00211	0.5070871864127451	0.5261170115363486
BG00212	0.4275172816334004	0.3858210492583776
BG00213	0.671262703717268	0.638356070316792
BG00214	0.6210200741622414	0.651557635964109
BG00215	0.5724970243545141	0.5242171763413296
BG00216	0.538028177073796	0.5232043123969968
BG00217	0.6211631340413843	0.6326908991027282
BG00218	0.5683282594762865	0.6038214154916685
BG00219	0.48213182109503766	0.4844350851492402
BG00220	0.5639048480131845	0.5190384087163523
BG00221	0.5880276048342793	0.605921534517488
BG00222	0.5821278154184215	0.5944252426295553
BG00223	0.5798674693279617	0.553739013001282
BG00224	0.6431199642922543	0.6538866507965576
BG00225	0.541241301959348	0.5850634041384363
BG00226	0.580299510162974	0.5530351583958981
BG00227	0.5440424143929685	0.5528463193554298
BG00228	0.5832064869071598	0.570786028199963
BG00229	0.5803281221388026	0.5533613349203442
BG00230	0.5837730040285664	0.5732752700970518
BG00231	0.5163202710126349	0.43705365317707373
BG00232	0.4632650842336567	0.47362548068119403
BG00233	0.5704827412561804	0.5656187053653177
BG00234	0.5834954678630289	0.5775498992858452
BG00235	0.5490008698040654	0.5823967679912103
BG00236	0.5659935222486725	0.5454072056399928
BG00237	0.5447777421717634	0.5412069675883542
BG00238	0.5670550265519134	0.5485545229811393
BG00239	0.5735184718915949	0.5721994598058963
BG00240	0.5549922175425748	0.5632038546053837
BG00241	0.702695820362571	0.6894570591466767
BG00242	0.5988257645119942	0.6191402673503019
BG00243	0.6002763916865044	0.6236838491118845
BG00244	0.5824568531404505	0.568170893609229
BG00245	0.523650659219923	0.5435645943966304
BG00246	0.5424658945248122	0.5426432887749497
BG00247	0.6116353460904598	0.561613028749313
BG00248	0.5978672633217363	0.5877987090276509
BG00249	0.5756414804980772	0.5826828877494964
BG00250	0.6735859961545505	0.6483187603003115
BG00251	0.6136868247573705	0.5658304339864495
BG00252	0.5727259201611428	0.5608805621681012
BG00253	0.5095249267533419	0.519782320087896
BG00254	0.5763253067203811	0.55614814136605
BG00255	0.5128496383446256	0.5250011444790332
BG00256	0.5229925837758653	0.5564914850759933
BG00257	0.5752294680461456	0.5568004944149422
BG00258	0.5996984297747665	0.600284975279253
BG00259	0.6187997848379421	0.6041647592016112
BG00260	0.49478403680644567	0.440790377220289
BG00261	0.5168867881340413	0.500486403589086
BG00262	0.5413214154916686	0.5370353415125438
BG00263	0.5899531908075446	0.5810119483611063
BG00264	0.5046923640358908	0.49653795092473885
BG00265	0.5350353644021242	0.5090928859183299
BG00266	0.5470667002380517	0.5447548525911007
BG00267	0.45317936275407444	0.41315693096502487
BG00268	0.6122733931514377	0.6184821919062444
BG00269	0.5263487685405601	0.547913614722578
BG00270	0.5420538820728804	0.552771928218275
BG00271	0.5820276735030214	0.5834325215162058
BG00272	0.5389809558688885	0.5556560153817981
BG00273	0.6400270097051822	0.6657320087895992
BG00274	0.5991977201977661	0.5959130653726421
BG00275	0.6316465619849846	0.6589338033327228
BG00276	0.5759161554660318	0.5781049716169199
BG00277	0.6099644067020692	0.5982306354147593
BG00278	0.6430970747115914	0.6428424281267168
BG00279	0.6071175151071231	0.5762394707928947
BG00280	0.5783653405969602	0.6243419245559421
BG00281	0.61195580021974	0.6192776048342793
BG00282	0.49889557773301596	0.47613761215894523
BG00283	0.4815796099615453	0.4569332539827872
BG00284	0.5507977018861014	0.526363074528475
BG00285	0.591724272111335	0.5896870994323384
BG00286	0.48485568119392053	0.5007896905328695
BG00287	0.5490008698040654	0.559467130562168
BG00288	0.5662252792528841	0.3957322376854057
BG00289	0.6082047701886101	0.6132977018861021
BG00290	0.5678218275041201	0.5375789690532868
BG00291	0.631560726057499	0.5781049716169202
BG00292	0.5439107993041568	0.5661051089544042
BG00293	0.5760334645669295	0.5705056308368432
BG00294	0.6289799258377586	0.6393288774949643
BG00295	0.5303201107855704	0.5432670298480131
BG00296	0.5481367881340413	0.5764225874381981
BG00297	0.516263047060978	0.5478106116095954
BG00298	0.5217393792345726	0.4897912470243544
BG00299	0.5841363761215894	0.5750835469694197
BG00300	0.6079501236037357	0.5891034151254348
BG00301	0.5637074253799669	0.5559135231642555
BG00302	0.5240254761032779	0.51429454312397
BG00303	0.615417849295001	0.5948601446621496
BG00304	0.4781261444790331	0.5032331532686322
BG00305	0.6355664026735031	0.6102304980772753
BG00306	0.5550179683208201	0.559055118110236
BG00307	0.44597200604284937	0.459187877678081
BG00308	0.45765141457608516	0.4038294268449002
BG00309	0.59770131386193	0.5751064365500824
BG00310	0.5382027101263505	0.5005550723310749
BG00311	0.5787229902948179	0.5418020966855889
BG00312	0.5704054889214429	0.5931319813221024
BG00313	0.5883165857901482	0.5882164438747483
BG00314	0.45175734755539276	0.4358405054019412
BG00315	0.5708718641274493	0.4642006958432523
BG00316	0.5644828099249222	0.5687488555209669
BG00317	0.5966111975828603	0.5914610419337117
BG00318	0.50385117194653	0.44089338033327236
BG00319	0.6749851217725693	0.6880722395165723
BG00320	0.6334634224501008	0.635809604468046
BG00321	0.5686658807910641	0.5714154916681926
BG00322	0.5992692501373375	0.4958569859000184
BG00323	0.5899560520051272	0.5726801409998171
BG00324	0.5813695980589635	0.5887314594396633
BG00325	0.5680879188793262	0.5713639901117011
BG00326	0.6124822605749862	0.5763653634865407
BG00327	0.5528177073796006	0.564262497711042
BG00328	0.5924653222852956	0.5773725050357076
BG00329	0.6129200238051641	0.6079873191723131
BG00330	0.5620650979674052	0.5503456326680097
BG00331	0.5448778840871635	0.5866427852041748
BG00332	0.606181903497528	0.6157068302508697
BG00333	0.6121646676432888	0.6364848470976009
BG00334	0.528626281816517	0.5630607947262406
BG00335	0.565921992309101	0.5823338216443876
BG00336	0.5199654367331991	0.5348436641640726
BG00337	0.5806943554294085	0.5743682475737045
BG00338	0.5094305072331077	0.5564285387291706
BG00339	0.5133074299578831	0.5259396172862113
BG00340	0.5420538820728804	0.47927348470976033
BG00341	0.5191471342245011	0.5113532320087896
BG00342	0.5276792254165903	0.5302428584508331
BG00343	0.6067226698406885	0.5588262223036077
BG00344	0.5581567020692182	0.5270383171580296
BG00345	0.5741622413477383	0.5418822102179087
BG00346	0.47274709302325596	0.49080983336385264
BG00347	0.5534357260574987	0.4567444149423183
BG00348	0.6171545962277973	0.6134007049990843
BG00349	0.6283962415308553	0.6351801409998166
BG00350	0.4158063999267534	0.47352819996337664
BG00351	0.570940532869438	0.5828774491851313
BG00352	0.522114196117927	0.5610636788134041
BG00353	0.46102190532869436	0.41540010986998727
BG00354	0.5544972303607398	0.5517361746932794
BG00355	0.5585515473356528	0.5629406244277605
BG00356	0.5606945843252154	0.5644398919611795
BG00357	0.5905540422999449	0.5975153360190442
BG00358	0.577263779527559	0.5630722395165723
BG00359	0.5352985945797472	0.5552153909540376
BG00360	0.5313386971250686	0.5210984709760117
BG00361	0.6082619941402676	0.6006283189891964
BG00362	0.5920533098333638	0.6211488280534699
BG00363	0.5239310565830434	0.5407777879509247
BG00364	0.5945396905328693	0.5684341237868523
BG00365	0.5568319675883536	0.582122093023256
BG00366	0.4680633125801136	0.42081349569675885
BG00367	0.5645085607031679	0.6056583043398642
BG00368	0.6099558231093207	0.5872550814869071
BG00369	0.5441368339132029	0.5509121497894157
BG00370	0.5640221571140818	0.5769662149789416
BG00371	0.550420023805164	0.5381225965940304
BG00372	0.5761765244460724	0.6089372367698224
BG00373	0.6027599111884271	0.5974581120673871
BG00374	0.609741233290606	0.5265461911737782
BG00375	0.5645257278886653	0.5706029115546604
BG00376	0.5446690166636148	0.5037767808093755
BG00377	0.5550093847280717	0.5491382072880426
BG00378	0.4400235762680826	0.43537126899835216
BG00379	0.545561710309467	0.5150498992858453
BG00380	0.5357420802050905	0.5383972715619848
BG00381	0.6341758606482327	0.606488051638894
BG00382	0.5121600897271561	0.49526185680278323
BG00383	0.5832951840322287	0.5865912836476836
BG00384	0.5372556537264239	0.5052703259476284
BG00385	0.5671580296648963	0.584966123420619
BG00386	0.6215608405054018	0.615002975645486
BG00387	0.5999330479765611	0.5935039370078742
BG00388	0.6432744689617287	0.6502700970518221
BG00389	0.5768145715070498	0.5965253616553746
BG00390	0.5989487960080571	0.5946426936458522
BG00391	0.6127340459622779	0.5846513916865044
BG00392	0.5769004074345356	0.5299510162973816
BG00393	0.5121372001464934	0.5013676524446072
BG00394	0.6207711499725326	0.632210217908808
BG00395	0.5301484389305987	0.5006866874198864
BG00396	0.5554700375389124	0.5597131935542943
BG00397	0.5740964338033328	0.5436103735579564
BG00398	0.5722824345357993	0.5348722761399011
BG00399	0.5858616782640544	0.5904596227797105
BG00400	0.5426776231459439	0.5528463193554298
BG00401	0.5700220884453397	0.5986598150521882
BG00402	0.520600622596594	0.5260712323750228
BG00403	0.5295676158212783	0.48335927485808444
BG00404	0.5496331944698771	0.5365489379234574
BG00405	0.5477819996337667	0.5321255264603553
BG00406	0.5787058231093207	0.6059615912836477
BG00407	0.5111558093755721	0.43184055118110243
BG00408	0.5848802874931331	0.5754383354696941
BG00409	0.57532388756638	0.5367434993590917
BG00410	0.5756700924739059	0.556457150704999
BG00411	0.5509007049990844	0.5482169016663615
BG00412	0.5517705090642738	0.5756958432521516
BG00413	0.5978672633217363	0.6016812396996887
BG00414	0.5941591512543491	0.5981791338582677
BG00415	0.5411154092657022	0.5366004394799487
BG00416	0.4828557040835012	0.4679660318622964
BG00417	0.57038259934078	0.5833352407983884
BG00418	0.5927028016846732	0.5862479399377402
BG00419	0.5398049807727522	0.49961087712873103
BG00420	0.6189571507049989	0.6021676432887749
BG00421	0.5704054889214429	0.5659734938655927
BG00422	0.5692352591100531	0.5632038546053837
BG00423	0.5811578694378317	0.6083592748580846
BG00424	0.5728947308185313	0.5741164621864124
BG00425	0.5476618293352865	0.5646745101629739
BG00426	0.560966398095587	0.5118796923640359
BG00427	0.5474787126899837	0.47929637429042304
BG00428	0.5306691768906793	0.5582082036257099
BG00429	0.5933809055118111	0.5789118293352866
BG00430	0.5963164942318255	0.5944137978392237
BG00431	0.6260986998718185	0.6097727064640174
BG00432	0.47952813129463473	0.44242125984251945
BG00433	0.5529893792345724	0.5125949917597509
BG00434	0.619901345907343	0.6001819721662696
BG00435	0.4907125526460355	0.4751819721662699
BG00436	0.5478821415491667	0.5379108679728991
BG00437	0.521604902948178	0.5439365500824027
BG00438	0.3855778474638344	0.3893861014466215
BG00439	0.6973396584874563	0.6865672495879875
BG00440	0.5169640404687788	0.5163374381981323
BG00441	0.5932063724592564	0.5619964292254166
BG00442	0.5686172404321553	0.6067341146310198
BG00443	0.5814296832082035	0.5794154001098701
BG00444	0.5850748489287676	0.607512360373558
BG00445	0.559266846731368	0.5711350943050724
BG00446	0.6076010574986268	0.5782766434718918
BG00447	0.5296362845632668	0.5132015656473173
BG00448	0.5256048571690168	0.4907182750412013
BG00449	0.6001619437831898	0.5768345998901299
BG00450	0.5925397134224499	0.5673754806811939
BG00451	0.5245032960996153	0.5438335469694194
BG00452	0.5404802234023072	0.5278394524812305
BG00453	0.551298411463102	0.5495101629738145
BG00454	0.5926799121040103	0.5979616828419705
BG00455	0.4978483794176888	0.49274400292986653
BG00456	0.5104977339315144	0.5198967679912103
BG00457	0.5745942821827505	0.5299052371360555
BG00458	0.5481911508881157	0.594116233290606
BG00459	0.5494357718366598	0.4684295458707195
BG00460	0.5378364768357442	0.5377334737227617
BG00461	0.5586659952389672	0.5515130012818166
BG00462	0.596883011353232	0.5994552279802235
BG00463	0.5724998855520969	0.5766057040835012
BG00464	0.33947823200878957	0.42084783006775317
BG00465	0.5631437694561439	0.5621051547335657
BG00466	0.44597200604284937	0.40580937557223956
BG00467	0.5989945751693829	0.5288122596594029
BG00468	0.5046923640358908	0.4817856161875115
BG00469	0.4685010758102911	0.4341924555942138
BG00470	0.5814468503937008	0.6010632210217911
BG00471	0.6029144158579015	0.568519959714338
BG00472	0.5630607947262407	0.5483141823841788
BG00473	0.5625772523347372	0.55995925654642
BG00474	0.5772809467130562	0.5630607947262406
BG00475	0.5424658945248122	0.5478392235854238
BG00476	0.49627472074711565	0.45577733015931154
BG00477	0.46408338674235494	0.48360533785021065
BG00478	0.36936057956418233	0.38096273576268086
BG00479	0.5870576588536897	0.5578991942867606
BG00480	0.5566459897454676	0.5651895257278889
BG00481	0.5702481230543857	0.5807201062076542
BG00482	0.5280397363120307	0.533195614356345
BG00483	0.5317507095770005	0.5340253616553742
BG00484	0.5980589635597877	0.5983908624793993
BG00485	0.5169983748397731	0.4999198864676797
BG00486	0.6021018357443693	0.6134979857169015
BG00487	0.51161360098883	0.5083432521516209
BG00488	0.512491988646768	0.5083375297564551
BG00489	0.5695585744369163	0.5372070133675153
BG00490	0.556520097051822	0.5696987731184764
BG00491	0.5235276277238602	0.5401540468778613
BG00492	0.6014523438930598	0.572079289507416
BG00493	0.6258926936458524	0.595981734114631
BG00494	0.5460881706647134	0.5470323658670574
BG00495	0.5572096456692913	0.5743281908075444
BG00496	0.5371183162424464	0.5684512909723496
BG00497	0.5674956509796742	0.5612696850393704
BG00498	0.5598390862479401	0.5498191723127633
BG00499	0.5498563678813404	0.5526632027101265
BG00500	0.5723882988463653	0.5676215436733199
BG00501	0.6039558917780625	0.6071632942684488
BG00502	0.5127037172678998	0.519129967039004
BG00503	0.5068296786302874	0.5276162790697674
BG00504	0.6344448132210219	0.6190372642373194
BG00505	0.5697788866507967	0.5937728895806631
BG00506	0.5172902169932245	0.43825535616187516
BG00507	0.5512554934993593	0.5396905328694381
BG00508	0.5930060886284565	0.5963651345907346
BG00509	0.5780477476652626	0.5808345541109686
BG00510	0.6649165674784838	0.6650567661600438
BG00511	0.4734194744552281	0.4985522340230727
BG00512	0.5986426478666913	0.5898702160776413
BG00513	0.5933894891045595	0.5964109137520601
BG00514	0.5362599569675883	0.5340425288408716
BG00515	0.6064594396630654	0.6072033510346088
BG00516	0.6344476744186048	0.668032411646219
BG00517	0.62110877128731	0.6320614356344991
BG00518	0.5918844991759751	0.5990203259476287
BG00519	0.625346204907526	0.6392258743819814
BG00520	0.557936389855338	0.5484000183116642
BG00521	0.5221256409082586	0.5563255356161878
BG00522	0.6430884911188428	0.6520955411096869
BG00523	0.5391955456876028	0.5630207379600806
BG00524	0.5802193966306536	0.5810863394982605
BG00525	0.625612296282732	0.634785295733382
BG00526	0.5662424464383812	0.563175242629555
BG00527	0.552508698040652	0.5632954129280351
BG00528	0.5162945202343892	0.5389866782640543
BG00529	0.5255504944149422	0.5370982878593666
BG00530	0.577263779527559	0.6050803424281271
BG00531	0.5889861060245378	0.4960916041018127
BG00532	0.5485344945980588	0.5403600531038273
BG00533	0.5700278108405054	0.5726915857901487
BG00534	0.6057326954770191	0.6099787126899835
BG00535	0.5554700375389124	0.5472955960446805
BG00536	0.5902850897271558	0.65760048525911
BG00537	0.5705943279619117	0.5942077916132578
BG00538	0.5462998992858453	0.5087724317890495
BG00539	0.5157566150888115	0.48235785570408357
BG00540	0.5975811435634499	0.5839647042666181
BG00541	0.5982649697857536	0.5628776780809376
BG00542	0.5552010849661236	0.5542254165903682
BG00543	0.48515896813770365	0.4682120948544221
BG00544	0.5364459348104742	0.5487948635780991
BG00545	0.5640822422633218	0.5707116370628089
BG00546	0.5987027330159312	0.5826027742171765
BG00547	0.5341512543490206	0.5158682017945432
BG00548	0.5461997573704449	0.5493613806995055
BG00549	0.5567661600439481	0.5429923548800586
BG00550	0.6366078785936642	0.6371829793078192
BG00551	0.5873895577733015	0.5190384087163523
BG00552	0.5572668696209486	0.572331074894708
BG00553	0.6148541933711777	0.6218641274491853
BG00554	0.6305192501373376	0.605280626258927
BG00555	0.5730320683025087	0.5264431880607945
BG00556	0.5832150704999084	0.5330468320820363
BG00557	0.4939170939388391	0.47570843252151623
BG00558	0.6068199505585058	0.48786279985350667
BG00559	0.5904281496062993	0.5108668284197035
BG00560	0.6142132851126167	0.5950032045412927
BG00561	0.5071558551547334	0.493733977293536
BG00562	0.5948000595129099	0.5693668741988648
BG00563	0.5500537905145579	0.5623111609595314
BG00564	0.5832465436733199	0.5660249954220838
BG00565	0.5703082082036255	0.5037195568577187
BG00566	0.581403932429958	0.5683139534883721
BG00567	0.5649749359091741	0.5594785753524997
BG00568	0.5550866370628088	0.5461453946163709
BG00569	0.503773919611793	0.5264374656656294
BG00570	0.512162950924739	0.49788271378868365
BG00571	0.4939170939388391	0.48307315509979876
BG00572	0.5654584783006775	0.5480681193920527
BG00573	0.5759361838491122	0.45210355246291895
BG00574	0.5629864035890861	0.5606001648049806
BG00575	0.6017642144295918	0.5952092107672589
BG00576	0.49046935085149246	0.49858084599890135
BG00577	0.5469350851492403	0.5490466489653906
BG00578	0.626742469327962	0.6380470609778429
BG00579	0.6515290239882807	0.655677760483428
BG00580	0.5555415674784837	0.5423285570408353
BG00581	0.6307252563633035	0.6296122505035707
BG00582	0.5058654550448636	0.517636421900751
BG00583	0.5921734801318441	0.5143689342611242
BG00584	0.5797759110053105	0.5634384728071781
BG00585	0.5006924098150521	0.5149697857535247
BG00586	0.5442369758286028	0.5602453763047063
BG00587	0.5402971067570042	0.5393014099981687
BG00588	0.5651466077641458	0.5550379967039004
BG00589	0.5777330159311482	0.5763424739058778
BG00590	0.5858931514374655	0.58342679912104
BG00591	0.4843006088628458	0.4689731734114633
BG00592	0.5040972349386557	0.4681605932979308
BG00593	0.5440595815784656	0.5315933437099435
BG00594	0.5509579289507418	0.5932178172495881
BG00595	0.6120244689617288	0.6324105017396076
BG00596	0.5353901529023989	0.41917116828419687
BG00597	0.5631580754440575	0.5986884270280171
BG00598	0.5151242904229992	0.4974077549899284
BG00599	0.50530179912104	0.5181228254898372
BG00600	0.6394976881523531	0.6357409357260572
BG00601	0.529264328877495	0.510014191540011
BG00602	0.6593315097967407	0.6768964017579193
BG00603	0.5918015244460721	0.5290583226515289
BG00604	0.5756786760666547	0.613995834096319
BG00605	0.6730252014283101	0.6026082677165353
BG00606	0.5538677668925104	0.5462884544955136
BG00607	0.5907714933162426	0.5756386193004943
BG00608	0.5690435588720013	0.5747859824208021
BG00609	0.5328951886101445	0.539890816700238
BG00610	0.5319137978392234	0.48308459989013003
BG00611	0.46534803607397923	0.4970815784654825
BG00612	0.6131746703900385	0.5653497527925289
BG00613	0.5392441860465115	0.5586431056583044
BG00614	0.5921162561801869	0.5894124244643841
BG00615	0.5095163431605935	0.5088411005310384
BG00616	0.5377420573155098	0.510351812854788
BG00617	0.580299510162974	0.5561881981322105
BG00618	0.63927451474089	0.6376522157114081
BG00619	0.4084302325581396	0.39382095770005504
BG00620	0.5619363440761764	0.5739104559604469
BG00621	0.5547089589818714	0.5706315235304888
BG00622	0.5863394982603918	0.6088571232375024
BG00623	0.5230011673686139	0.49384842519685046
BG00624	0.493917093938839	0.4797484435085149
BG00625	0.48279848013184407	0.46781152719282193
BG00626	0.5999216031862294	0.5844453854605383
BG00627	0.5927285524629189	0.57421374290423
BG00628	0.6491198956235122	0.6081418238417873
BG00629	0.5917271333089177	0.5935668833546969
BG00630	0.5811378410547519	0.5432384178721849
BG00631	0.5599191997802602	0.5411497436366964
BG00632	0.5847830067753159	0.5796671854971613
BG00633	0.5392298800585973	0.5325661508881159
BG00634	0.47895016938289686	0.3909139809558691
BG00635	0.586562671671855	0.5845827229445162
BG00636	0.5697788866507967	0.5704197949093572
BG00637	0.5444258148690718	0.5493785478850028
BG00638	0.5069326817432704	0.47879280351583936
BG00639	0.5232930095220656	0.5129612250503571
BG00640	0.6411114035890864	0.6237010162973818
BG00641	0.47056113806995065	0.5100771378868338
BG00642	0.5456332402490386	0.5642739425013734
BG00643	0.5899875251785387	0.6077755905511815
BG00644	0.5524543352865774	0.5978758469144844
BG00645	0.5695871864127449	0.5626030031129831
BG00646	0.5961247939937742	0.5594270737960082
BG00647	0.5990060199597145	0.5732695477018861
BG00648	0.5547347097601172	0.5537504577916132
BG00649	0.6132519227247758	0.5462541201245191
BG00650	0.6051547335652813	0.5551867789782087
BG00651	0.5377935588720014	0.5662596136238784
BG00652	0.6142533418787772	0.5710034792162608
BG00653	0.6253118705365317	0.6100416590368065
BG00654	0.6010775270097053	0.5812179545870719
BG00655	0.6139128593664163	0.6185680278337302
BG00656	0.5916956601355066	0.5590608405054015
BG00657	0.5177937877678083	0.5162172678996519
BG00658	0.5666115409265704	0.5748889855337851
BG00659	0.620722509613624	0.5872035799304156
BG00660	0.5405288637612158	0.5090013275956785
BG00661	0.5030385918329976	0.5565944881889764
BG00662	0.549518746566563	0.5496131660867971
BG00663	0.3952744460721479	0.34310909174143933
BG00664	0.47631500640908264	0.43745422083867425
BG00665	0.5438306857718367	0.5759647958249406
BG00666	0.5666344305072332	0.5445030672038089
BG00667	0.6130630836843067	0.42216970335103465
BG00668	0.6378582219373743	0.6327424006592203
BG00669	0.5203116416407253	0.5162229902948177
BG00670	0.5862021607764143	0.5953980498077279
BG00671	0.562087987548068	0.5644570591466764
BG00672	0.5688747482146127	0.558059421351401
BG00673	0.5240254761032778	0.5637589269364586
BG00674	0.5826771653543306	0.5870948544222669
BG00675	0.5199368247573706	0.5069584325215164
BG00676	0.5918844991759751	0.5959187877678083
BG00677	0.4957053424281267	0.4794508789598974
BG00678	0.5826628593664165	0.5862193279619117
BG00679	0.5145377449185133	0.5059970701336749
BG00680	0.5631065738875665	0.5545630379051458
BG00681	0.6336694286760668	0.6307510071415493
BG00682	0.5824139351767077	0.5728460904596228
BG00683	0.573046374290423	0.5640278795092473
BG00684	0.5811578694378317	0.6095094762863942
BG00685	0.5821049258377586	0.5620593755722395
BG00686	0.5739276231459438	0.5354902948177989
BG00687	0.5766829564182383	0.5876556491485079
BG00688	0.5803595953122138	0.5938472807178171
BG00689	0.5225290697674414	0.5013218732832814
BG00690	0.5137051364219007	0.5167494506500643
BG00691	0.572170847830068	0.55955868888482
BG00692	0.517733702618568	0.5158338674235488
BG00693	0.5478821415491667	0.5298709027650614
BG00694	0.6055667460172128	0.612427897820912
BG00695	0.5445116507965573	0.47566837575535625
BG00696	0.5878616553744735	0.5923937923457243
BG00697	0.5485316334004762	0.47161691997802596
BG00698	0.5012188701702984	0.49043787767808095
BG00699	0.5426690395531952	0.5135849661234206
BG00700	0.5102573933345541	0.5013218732832815
BG00701	0.56909219923091	0.563118018677898
BG00702	0.562356940120857	0.5653898095586887
BG00703	0.596599752792529	0.5975611151803699
BG00704	0.5030815097967404	0.4789587529756456
BG00705	0.5964080525544775	0.5951462644204358
BG00706	0.5826657205639993	0.5920790606116096
BG00707	0.39324013459073437	0.336213605566746
BG00708	0.5729433711774401	0.5660650521882438
BG00709	0.5280197079289508	0.5328007690899101
BG00710	0.5276048342794359	0.5162229902948177
BG00711	0.4844322239516571	0.4505070042116829
BG00712	0.5883137245925657	0.5865168925105291
BG00713	0.6012177256912654	0.5032903772202894
BG00714	0.5507776735030215	0.5549636055667462
BG00715	0.5791950878959896	0.5765999816883356
BG00716	0.5856127540743454	0.6041475920161143
BG00717	0.6091947445522796	0.6064594396630651
BG00718	0.6126195980589636	0.5848116187511447
BG00719	0.5806571598608313	0.5730349295000913
BG00720	0.5505230269181469	0.5518735121772567
BG00721	0.574848928767625	0.5774526185680278
BG00722	0.5582196484160411	0.5748374839772936
BG00723	0.6223390862479401	0.6049372825489838
BG00724	0.45030958157846557	0.44892190075077837
BG00725	0.6264191540010986	0.5986083134956971
BG00726	0.5718904504669476	0.583781587621315
BG00727	0.5472297885002747	0.5758446255264605
BG00728	0.6123506454861747	0.568394067020692
BG00729	0.5826971937374109	0.5707917505951291
BG00730	0.5793066746017215	0.5916212689983518
BG00731	0.5764340322285295	0.5622138802417139
BG00732	0.5850347921626076	0.5724512451931879
BG00733	0.5712037630470611	0.530065464200696
BG00734	0.5821507049990844	0.5810233931514376
BG00735	0.5033476011719468	0.503565052188244
BG00736	0.5763281679179637	0.5273644936824756
BG00737	0.573681560153818	0.5302600256363302
BG00738	0.6047770554843435	0.5197422633217358
BG00739	0.6006340413843618	0.5885426203991938
BG00740	0.6010775270097052	0.6074322468412378
BG00741	0.6196753112982971	0.6238955777330161
BG00742	0.5099769959714338	0.48255241713971797
BG00743	0.5327406839406702	0.5619163156930966
BG00744	0.5104118980040286	0.5194103644021242
BG00745	0.5117909952389671	0.49731619666727694
BG00746	0.6337438198132208	0.6212403863761216
BG00747	0.5607632530672038	0.5463857352133308
BG00748	0.5771722212049077	0.5378479216260759
BG00749	0.42682773301593113	0.44553424281267173
BG00750	0.5962306583043397	0.5649434627357627
BG00751	0.557524377403406	0.571718778611976
BG00752	0.5358479445156563	0.5487948635780991
BG00753	0.5232500915583228	0.5118510803882073
BG00754	0.6080588491118843	0.571186595861564
BG00755	0.5842279344442409	0.5488806995055854
BG00756	0.5766829564182383	0.5033247115912833
BG00757	0.5602024583409633	0.5516446163706281
BG00758	0.5191328282365868	0.4816139443325398
BG00759	0.5031559009338948	0.4491507965574072
BG00760	0.5996326222303607	0.6183562992125985
BG00761	0.5724970243545141	0.5549006592199233
BG00762	0.5825312442776049	0.6156724958798757
BG00763	0.5474071827504121	0.5198738784105478
BG00764	0.5732008789598975	0.5607375022889581
BG00765	0.5666315693096502	0.6032377311847648
BG00766	0.6143935405603369	0.5818531404504672
BG00767	0.5620479307819081	0.589263642190075
BG00768	0.5534357260574987	0.5515473356528107
BG00769	0.516403245742538	0.516200100714155
BG00770	0.5745771149972534	0.5750549349935913
BG00771	0.5782737822743088	0.5465173503021427
BG00772	0.523650659219923	0.5198624336202163
BG00773	0.5385746658121224	0.5187236769822373
BG00774	0.6004251739608131	0.5559364127449186
BG00775	0.5549578831715807	0.5735728346456698
BG00776	0.5387205868888483	0.5117938564365502
BG00777	0.5590350897271562	0.561332631386193
BG00778	0.5747716764328878	0.5824539919428675
BG00779	0.5444572880424831	0.5227465207837393
BG00780	0.54828557040835	0.4964807269730819
BG00781	0.5633440532869437	0.5514500549349937
BG00782	0.5841335149240066	0.5745513642190074
BG00783	0.5265032732100348	0.5214303698956236
BG00784	0.6132519227247758	0.6459954678630286
BG00785	0.6431686046511625	0.6208340963193556
BG00786	0.5580823109320637	0.5238166086797289
BG00787	0.5003776780809376	0.5159998168833544
BG00788	0.5232758423365684	0.4331280900933895
BG00789	0.5587661371543673	0.5494815509979855
BG00790	0.5771722212049077	0.5749519318806077
BG00791	0.6174779115546604	0.6292803515839591
BG00792	0.6153119849844351	0.6035066837575539
BG00793	0.4591821552829153	0.4661348654092659
BG00794	0.6040159769273028	0.6164907983885736
BG00795	0.5898158533235671	0.42385780992492206
BG00796	0.4904722120490752	0.47806605932979335
BG00797	0.5400167093938837	0.5354445156564732
BG00798	0.5433213926020877	0.567238143197217
BG00799	0.6197325352499543	0.6237754074345357
BG00800	0.61324620032961	0.6027227156198495
BG00801	0.5736786989562352	0.5499908441677351
BG00802	0.5977613990111702	0.560983565281084
BG00803	0.573804591649881	0.5847715619849844
BG00804	0.6283676295550267	0.6232603918696209
BG00805	0.5076823155099799	0.4988612433620215
BG00806	0.5148896722212049	0.51520440395532
BG00807	0.539690532869438	0.5036966672770554
BG00808	0.5701880379051455	0.5400510437648782
BG00809	0.504054316974913	0.4430736128914118
BG00810	0.5351269227247758	0.5413385826771654
BG00811	0.5803023713605567	0.5780591924555943
BG00812	0.5859045962277971	0.5849031770737959
BG00813	0.5246120216077642	0.5291155466031864
BG00814	0.5321198040651894	0.5559764695110785
BG00815	0.5605372184581581	0.6099157663431607
BG00816	0.4250795412928034	0.39056491485076006
BG00817	0.47852385094305055	0.4529332997619484
BG00818	0.6137211591283649	0.6043650430324115
BG00819	0.5728947308185317	0.5692180919245556
BG00820	0.5492412104010258	0.4505070042116829
BG00821	0.565158052554477	0.572806033693463
BG00822	0.5509007049990846	0.5405603369346274
BG00823	0.6246223219190624	0.5977957333821645
BG00824	0.49326760208752995	0.5415617560886286
BG00825	0.570428378502106	0.5582024812305438
BG00826	0.5924739058780443	0.5420252700970518
BG00827	0.5733067432704633	0.570751693828969
BG00828	0.6201874656656291	0.6035524629188792
BG00829	0.5029527559055119	0.5217794360007324
BG00830	0.5525430324116463	0.5577046328511263
BG00831	0.6300299853506683	0.6087426753341881
BG00832	0.5502054339864494	0.5245090184947812
BG00833	0.5719305072331076	0.5462770097051819
BG00834	0.5702080662882254	0.5742595220655557
BG00835	0.5882479170481596	0.5787573246658121
BG00836	0.5150498992858452	0.4305759018494782
BG00837	0.5344888756637977	0.5352327870353413
BG00838	0.5722824345357993	0.5925082402490388
BG00839	0.5297020921076727	0.5350553927852043
BG00840	0.6184593023255812	0.626287538912287
BG00841	0.5229925837758653	0.5124404870902766
BG00842	0.5757187328328144	0.5598390862479399
BG00843	0.5534013916865042	0.5491897088445338
BG00844	0.6746217496795457	0.6149800860648232
BG00845	0.4947954815967772	0.4551822010620764
BG00846	0.5540022431789049	0.5561309741805531
BG00847	0.552013710858817	0.5803653177073794
BG00848	0.6467536852224867	0.6216066196667279
BG00849	0.5225147637795277	0.5288294268449004
BG00850	0.5406862296282735	0.5236792711957519
BG00851	0.522114196117927	0.5322971983153267
BG00852	0.565123718183483	0.544091054751877
BG00853	0.5903137017029848	0.5887200146493319
BG00854	0.5486632484892875	0.5347406610510897
BG00855	0.645157136971251	0.6564331166453031
BG00856	0.5706258011353234	0.5881992766892513
BG00857	0.5717216398095587	0.4994449276689251
BG00858	0.5889460492583775	0.5883423365683941
BG00859	0.5806628822559973	0.5785570408350118
BG00860	0.44262726606848557	0.40285089727156215
BG00861	0.5923909311481412	0.6115180369895626
BG00862	0.5735184718915949	0.5779733565281082
BG00863	0.5971176295550265	0.5863394982603918
BG00864	0.5346862982970151	0.5458993316242446
BG00865	0.6546277009705183	0.642304522981139
BG00866	0.5540422999450649	0.5683540102545324
BG00867	0.5693468458157847	0.5149983977293539
BG00868	0.5873952801684674	0.5472612616736862
BG00869	0.5094305072331077	0.5192501373374842
BG00870	0.5284460263687971	0.5447777421717633
BG00871	0.6241845586888847	0.6335034792162607
BG00872	0.5403199963376669	0.5280111243362021
BG00873	0.6116382072880426	0.6122791155466034
BG00874	0.5773982558139538	0.591535433070866
BG00875	0.5407520371726791	0.5410124061527195
BG00876	0.6516291659036804	0.6731081761582128
BG00877	0.5696272431789049	0.5477934444240982
BG00878	0.589466787218458	0.6401185680278336
BG00879	0.5121372001464932	0.5216420985167554
BG00880	0.5124061527192821	0.4702950466947445
BG00881	0.44143986907159866	0.46462987548068124
BG00882	0.5671580296648963	0.5585229353598241
BG00883	0.42576908991027274	0.34804751876945617
BG00884	0.6148799441494233	0.6081246566562899
BG00885	0.5159855108954405	0.5430553012268816
BG00886	0.45895612067386904	0.4461007599340781
BG00887	0.594202069218092	0.5857500915583227
BG00888	0.6038156930965022	0.5743911371543672
BG00889	0.51421442959165	0.4992389214429592
BG00890	0.5187351217725691	0.5091958890313129
BG00891	0.593893059879143	0.5658590459622783
BG00892	0.5454901803698956	0.5342542574620033
BG00893	0.5962192135140084	0.6236151803698962
BG00894	0.5414358633949827	0.5388779527559052
BG00895	0.5357907205639992	0.5302829152169932
BG00896	0.5425631752426296	0.5909918055301228
BG00897	0.4705468320820361	0.47417483061710336
BG00898	0.628728140450467	0.6319183757553565
BG00899	0.5244603781358725	0.5062603003112981
BG00900	0.5639048480131845	0.5130470609778427
BG00901	0.4923720472440947	0.4418604651162794
BG00902	0.6418610373557956	0.6307452847463834
BG00903	0.6029544726240615	0.6148084142098521
BG00904	0.6535290010987	0.5937900567661601
BG00905	0.6218440990661049	0.5984538088262227
BG00906	0.6213720014649331	0.5812751785387295
BG00907	0.5592868751144477	0.5878215986083137
BG00908	0.5334817341146311	0.5063118018677902
BG00909	0.5561767533418788	0.5650464658487457
BG00910	0.5385975553927853	0.5406633400476107
BG00911	0.5773982558139538	0.5564743178904962
BG00912	0.5623884132942685	0.5957070591466768
BG00913	0.5679133858267715	0.5265690807544408
BG00914	0.49307590184947814	0.4685439937740342
BG00915	0.5363600988829885	0.5535902307269733
BG00916	0.5126150201428311	0.4936710309467131
BG00917	0.4466300814869071	0.4063301135323199
BG00918	0.41345449551364216	0.37850782823658685
BG00919	0.5334817341146311	0.5152387383263137
BG00920	0.46869277604834286	0.48926478666910816
BG00921	0.6149400292986634	0.6071518494781178
BG00922	0.6209056262589269	0.6174235488005859
BG00923	0.5756414804980772	0.5915526002563632
BG00924	0.5256191631569308	0.587363806995056
BG00925	0.6092719968870173	0.5911062534334374
BG00926	0.5661279985350669	0.5568806079472624
BG00927	0.550603140450467	0.559203900384545
BG00928	0.5065492812671671	0.5147923915033878
BG00929	0.49352224867240435	0.48151666361472273
BG00930	0.6255436275407436	0.624668101080388
BG00931	0.5752523576268083	0.5547575993407801
BG00932	0.4413940899102728	0.46994598058963566
BG00933	0.47893300219739954	0.46727934444240965
BG00934	0.5361855658304342	0.5514672221204909
BG00935	0.537825032045413	0.5666830708661417
BG00936	0.6313518586339499	0.6194836110602454
BG00937	0.5378364768357442	0.5423915033876578
BG00938	0.5432613074528474	0.5276277238600989
BG00939	0.61056525819447	0.639317432704633
BG00940	0.5320396905328695	0.524325901849478
BG00941	0.5071558551547334	0.44707356711225044
BG00942	0.5444343984618203	0.5297106757004212
BG00943	0.5264260208752976	0.429511536348654
BG00944	0.6063535753524996	0.6143162882256001
BG00945	0.608499473539645	0.5894181468595499
BG00946	0.5931691768906795	0.5644742263321737
BG00947	0.576851767075627	0.5436904870902766
BG00948	0.5271870994323387	0.5244231825672951
BG00949	0.5859017350302143	0.5337220747115912
BG00950	0.6317953442592933	0.6263104284929499
BG00951	0.5390553470060427	0.5390725141915401
BG00952	0.5795126808276874	0.6121360556674601
BG00953	0.571249542208387	0.5869117377769636
BG00954	0.6229914392968321	0.6386708020509066
BG00955	0.5609520921076725	0.559392739425014
BG00956	0.526417437282549	0.5241485075993408
BG00957	0.6175179683208203	0.5939331166453032
BG00958	0.5267436138069951	0.555329838857352
BG00959	0.48899297289873656	0.5015450466947446
BG00960	0.6234406473173413	0.6156267167185497
BG00961	0.6028543307086618	0.5767544863578097
BG00962	0.5487004440578649	0.5437648782274308
BG00963	0.518943989196118	0.4883263138619301
BG00964	0.5128639443325397	0.4906209943233841
BG00965	0.5370324803149609	0.5288294268449005
BG00966	0.5249038637612158	0.49818600073246655
BG00967	0.4185731779893793	0.3773175700421169
BG00968	0.5422226927302694	0.47894158579014845
BG00969	0.586968961728621	0.5311927760483429
BG00970	0.6087598425196847	0.6372974272111339
BG00971	0.6015238738326313	0.5909689159494602
BG00972	0.5213588399560521	0.44863005859732663
BG00973	0.576937603003113	0.5627460629921262
BG00974	0.6171545962277973	0.6196438381248855
BG00975	0.5203116416407253	0.5542139718000365
BG00976	0.4314399835195021	0.41765473356528104
BG00977	0.5803796236952938	0.4942203808826221
BG00978	0.5791235579564182	0.5788546053836294
BG00979	0.6050231184764695	0.5779619117377768
BG00980	0.5132072880424831	0.5225347921626077
BG00981	0.6231001648049809	0.6117812671671857
BG00982	0.5002145898187146	0.45623512177256914
BG00983	0.6217325123603739	0.660158395898187
BG00984	0.6101046053836294	0.590642739425014
BG00985	0.6516291659036804	0.6757290331441128
BG00986	0.5849546786302876	0.5661279985350668
BG00987	0.5216964612708294	0.47788866507965555
BG00988	0.595226377952756	0.5889031312946347
BG00989	0.626742469327962	0.6259441952023441
BG00990	0.6578408258560704	0.6706189342611243
BG00991	0.5387434764695112	0.5454930415674787
BG00992	0.6490941448452665	0.6260357535249955
BG00993	0.5971376579381066	0.5694984892876763
BG00994	0.5132072880424831	0.5107809924922178
BG00995	0.5105377906976745	0.5035478850027468
BG00996	0.6368596639809561	0.5692867606665444
BG00997	0.5469350851492403	0.5386547793444424
BG00998	0.5838216443874747	0.596296465848746
BG00999	0.5448778840871635	0.5132072880424831
BG01000	0.5681136696575717	0.49551364219007527
BG01001	0.5755470609778428	0.5808002197399743
BG01002	0.5301598837209301	0.53510117194653
BG01003	0.5925397134224499	0.6162275682109505
BG01004	0.5359452252334735	0.5449894707928951
BG01005	0.5102888665079655	0.4922804889214429
BG01006	0.4993333409631936	0.49047221204907554
BG01007	0.5010471983153267	0.49472395165720556
BG01008	0.5217479628273209	0.5594556857718368
BG01009	0.3941099386559238	0.35982420802050924
BG01010	0.5814411279985352	0.6004967039003847
BG01011	0.5680879188793262	0.5740306262589268
BG01012	0.5638047060977845	0.5691952023438929
BG01013	0.5407520371726791	0.5680392785204175
BG01014	0.5686372688152355	0.5494357718366601
BG01015	0.536388710858817	0.5206120673869257
BG01016	0.47268128547885013	0.4529275773667828
BG01017	0.6105337850210585	0.6201245193188059
BG01018	0.598522477568211	0.5955754440578647
BG01019	0.558442821827504	0.5500137337483977
BG01020	0.5709662836476836	0.5722738509430507
BG01021	0.5040371497894158	0.5305118110236222
BG01022	0.5425631752426296	0.5818474180553013
BG01023	0.5116708249404871	0.4382839681377037
BG01024	0.5365832722944517	0.5286176982237687
BG01025	0.5193016388939755	0.5401654916681925
BG01026	0.562087987548068	0.5475416590368066
BG01027	0.591724272111335	0.5942192364035889
BG01028	0.6013808139534885	0.5917128273210034
BG01029	0.547959393883904	0.527913843618385
BG01030	0.5581338124885551	0.5467348013184398
BG01031	0.5955153589086248	0.6239241897088448
BG01032	0.5426490111701153	0.5235075993407801
BG01033	0.5508062854788502	0.5824711591283649
BG01034	0.5996183162424464	0.6061218183482877
BG01035	0.5068239562351218	0.4963662790697676
BG01036	0.5430953579930413	0.5055564457059146
BG01037	0.6056840551181102	0.5649434627357626
BG01038	0.5500537905145579	0.4945751693828968
BG01039	0.5681794772019775	0.5915697674418606
BG01040	0.5270612067386925	0.5317936275407432
BG01041	0.5840076222303607	0.5888916865043028
BG01042	0.5544571735945798	0.5205949002014282
BG01043	0.5512125755356163	0.568668741988647
BG01044	0.4476458066288224	0.44830960446804596
BG01045	0.633351835744369	0.619752563633034
BG01046	0.4836368110236222	0.4993648141366051
BG01047	0.6081847418055303	0.6255150155649152
BG01048	0.6279584783006777	0.6378124427760483
BG01049	0.56909219923091	0.5671923640358907
BG01050	0.5529006821095039	0.5534586156381616
BG01051	0.5304402810840507	0.5136708020509066
BG01052	0.5862450787401574	0.5512554934993593
BG01053	0.5592010391869622	0.5292528840871638
BG01054	0.5727888665079657	0.5580823109320636
BG01055	0.6339641320271013	0.620496475004578
BG01056	0.5270755127266069	0.5146493316242449
BG01057	0.5135964109137521	0.48968824391137145
BG01058	0.5652124153085516	0.5428664621864129
BG01059	0.5703082082036255	0.580702939022157
BG01060	0.5515530580479764	0.5324917597509613
BG01061	0.6642184352682656	0.6498351950192275
BG01062	0.5530952435451382	0.5843881615088811
BG01063	0.5587661371543673	0.5539164072514191
BG01064	0.5322256683757552	0.516726561069401
BG01065	0.5963679957883172	0.556989333455411
BG01066	0.5236821323933345	0.44803492950009166
BG01067	0.5546460126350488	0.6071232375022887
BG01068	0.5993808368430692	0.5809947811756088
BG01069	0.6312631615088813	0.6324505585057683
BG01070	0.5317907663431605	0.5279996795458708
BG01071	0.5816585790148323	0.6030832265152901
BG01072	0.5776500412012453	0.573847509613624
BG01073	0.5266577778795094	0.5041601812854787
BG01074	0.5029584783006775	0.5338594121955688
BG01075	0.5854067478483795	0.5748031496062993
BG01076	0.5696644387474823	0.5643941127998532
BG01077	0.5931520097051821	0.6054522981138989
BG01078	0.37169245559421343	0.3877723860098882
BG01079	0.5122716764328878	0.5246578007690901
BG01080	0.5337134911188427	0.5374244643838126
BG01081	0.49903863761215894	0.4858141823841787
BG01082	0.5404229994506502	0.5587403863761214
BG01083	0.5947313907709212	0.58429660318623
BG01084	0.5745771149972534	0.5653154184215348
BG01085	0.6107598196301043	0.6247997161692002
BG01086	0.6138155786485991	0.6056411371543673
BG01087	0.6395348837209303	0.6244392052737594
BG01088	0.6168627540743454	0.617108817066471
BG01089	0.5669062442776049	0.5618419245559422
BG01090	0.5952464063358358	0.6393174327046327
BG01091	0.5854639718000367	0.5836442501373377
BG01092	0.6230114676799122	0.5938072239516575
BG01093	0.5528405969602639	0.5718675608862844
BG01094	0.5742766892510531	0.6188312580113532
BG01095	0.5447777421717634	0.5833524079838862
BG01096	0.5159254257462005	0.5220254989928582
BG01097	0.5713153497527927	0.5564342611243362
BG01098	0.5436704587071965	0.5677302691814685
BG01099	0.5320683025086981	0.5426146767991212
BG01100	0.5675070957700057	0.5686286852224867
BG01101	0.5413071095037538	0.5485888573521335
BG01102	0.539587529756455	0.5347635506317524
BG01103	0.6080588491118843	0.5898416041018127
BG01104	0.5323258102911557	0.5285948086431056
BG01105	0.45593183482878596	0.4444069309650247
BG01106	0.5347006042849295	0.508583592748581
BG01107	0.5552010849661236	0.5571037813587254
BG01108	0.6089744323383992	0.5953751602270647
BG01109	0.6043650430324115	0.6059959256546423
BG01110	0.5954094945980593	0.6232546694744555
BG01111	0.6330971891594948	0.644164301409998
BG01112	0.5276792254165903	0.5468492492217546
BG01113	0.620556560153818	0.6084851675517308
BG01114	0.5820906198498443	0.5812351217725692
BG01115	0.5812694561435636	0.5988257645119941
BG01116	0.5900561939205273	0.5909860831349567
BG01117	0.5727602545321369	0.6140530580479767
BG01118	0.5874153085515476	0.595649835195019
BG01119	0.5286434490020143	0.5310325489837026
BG01120	0.5223688427028017	0.5296133949826042
BG01121	0.6206366736861382	0.6043707654275773
BG01122	0.5936956372459259	0.6145909631935547
BG01123	0.6176266938289692	0.5837586980406521
BG01124	0.5503856894341697	0.5605887200146493
BG01125	0.5431983611060246	0.5300540194103642
BG01126	0.531928103827138	0.5555873466398096
BG01127	0.6587363806995055	0.6365134590734302
BG01128	0.5560823338216445	0.5661051089544042
BG01129	0.5657674876396267	0.5664827870353419
BG01130	0.5032245696758837	0.537407297198315
BG01131	0.5722824345357993	0.54693508514924
BG01132	0.49061813312580105	0.5376419154001096
BG01133	0.5180140999816882	0.43934261124336205
BG01134	0.5748975691265334	0.5786714887383264
BG01135	0.5074763092840138	0.5184776139901115
BG01136	0.5067667322834646	0.4987525178538732
BG01137	0.5517705090642739	0.5410524629188794
BG01138	0.5482769868156014	0.5582196484160411
BG01139	0.507104353598242	0.4801947903314412
BG01140	0.5569549990844169	0.545481596777147
BG01141	0.6148112754074346	0.5757015656473173
BG01142	0.5728088948910457	0.5578362479399379
BG01143	0.5560136650796558	0.5458478300677532
BG01144	0.5562826176524447	0.5565487090276506
BG01145	0.6174779115546604	0.6052749038637613
BG01146	0.6394833821644387	0.6391343160593299
BG01147	0.6266537722028933	0.6190487090276509
BG01148	0.521378868339132	0.4761776689251057
BG01149	0.5529893792345724	0.5371440670206922
BG01150	0.5602968778611975	0.5718618384911187
BG01151	0.6005739562351218	0.6049887841054751
BG01152	0.5713210721479582	0.5593526826588536
BG01153	0.551441471342245	0.5774068394067022
BG01154	0.5058969282182751	0.4913076817432704
BG01155	0.4958312351217727	0.5262085698590003
BG01156	0.6180100943050724	0.6330456876030032
BG01157	0.5329981917231277	0.46919634682292627
BG01158	0.5612095998901303	0.5612181834828788
BG01159	0.5736786989562352	0.5635758102911554
BG01160	0.5571323933345542	0.530471754257462
BG01161	0.6083077733015934	0.4281496062992128
BG01162	0.41874771104193365	0.41030717817249607
BG01163	0.5236992995788318	0.5455960446804615
BG01164	0.5397935359824206	0.528280076908991
BG01165	0.6447336797289873	0.4941517121406335
BG01166	0.5912722028932429	0.5779561893426111
BG01167	0.525046923640359	0.5331612799853506
BG01168	0.6174636055667461	0.6249370536531769
BG01169	0.6056840551181102	0.5916670481596777
BG01170	0.5153159906610512	0.5174361380699506
BG01171	0.4658058276872367	0.3885677989379234
BG01172	0.6134407617652446	0.6278669199780262
BG01173	0.4803006546420069	0.49315601538179815
BG01174	0.4468503937007876	0.41489653909540375
BG01175	0.5990317707379601	0.5959931789049628
BG01176	0.5771293032411646	0.5342657022523348
BG01177	0.4923977980223403	0.5252414850759932
BG01178	0.6087054797656106	0.6158613349203439
BG01179	0.4712478254898369	0.45894181468595496
BG01180	0.46658121223219196	0.41967473905878033
BG01181	0.5743053012268813	0.5572125068668742
BG01182	0.5210755813953487	0.5886112891411829
BG01183	0.5046036669108221	0.44687328328145043
BG01184	0.44597200604284937	0.44602636879692387
BG01185	0.5230440853323568	0.5285261399011169
BG01186	0.42909666269913943	0.41645303058047967
BG01187	0.5741565189525728	0.5878387657938107
BG01188	0.4502266068485629	0.5332471159128364
BG01189	0.5402999679545871	0.5515873924189709
BG01190	0.5408664850759934	0.5279023988280535
BG01191	0.46442386925471524	0.47277856619666725
BG01192	0.6019416086797289	0.5747974272111331
BG01193	0.5819590047610329	0.6054065189525726
BG01194	0.5652839452481232	0.5394559146676433
BG01195	0.5826971937374109	0.5988944332539825
BG01196	0.6272860968687053	0.5913065372642369
BG01197	0.39466214978941583	0.47479857169016654
BG01198	0.5885769547701885	0.6039358633949828
BG01199	0.5706544131111517	0.5214303698956237
BG01200	0.5844167734847099	0.5939788958066284
BG01201	0.5756700924739059	0.588645623512177
BG01202	0.5873895577733017	0.5934009338948911
BG01203	0.5337735762680829	0.5348493865592381
BG01204	0.594202069218092	0.5939045046694744
BG01205	0.5423371406335835	0.5456532686321185
BG01206	0.5774268677897822	0.5475931605932981
BG01207	0.6156324391137153	0.6459267991210402
BG01208	0.5946569996337665	0.6025510437648784
BG01209	0.6305192501373376	0.6396207196484162
BG01210	0.5754926982237686	0.5559707471159129
BG01211	0.6019158579014833	0.6135780992492222
BG01212	0.539215574070683	0.5373100164804978
BG01213	0.5788288546053837	0.5244174601721298
BG01214	0.5795126808276874	0.5435073704449733
BG01215	0.5942135140084236	0.5724741347738511
BG01216	0.5999216031862294	0.574522752243179
BG01217	0.5767287355795643	0.5452584233656839
BG01218	0.5491839864493683	0.5133904046877861
BG01219	0.5090413843618383	0.4983977293535981
BG01220	0.5149526185680278	0.4649732191906243
BG01221	0.5814039324299581	0.5961934627357626
BG01222	0.5581881752426294	0.51036325764512
BG01223	0.539607558139535	0.5317821827504121
BG01224	0.6433059421351403	0.6427222578282366
BG01225	0.5702910410181286	0.5666773484709762
BG01226	0.5290897958249404	0.523759384728072
BG01227	0.3444824665812122	0.37738623878410527
BG01228	0.6191688793261307	0.6624874107306356
BG01229	0.5708718641274493	0.6163649056949277
BG01230	0.6066053607397913	0.6413832173594578
BG01231	0.5916269913935175	0.571037813587255
BG01232	0.5103117560886283	0.48573406885185877
BG01233	0.4884121497894157	0.4603609686870538
BG01234	0.5370610922907892	0.5564914850759937
BG01235	0.6367995788317158	0.6076725874381984
BG01236	0.6205823109320635	0.602510986998718
BG01237	0.5073933345541108	0.46883011353232
BG01238	0.5327435451382531	0.5343343709943233
BG01239	0.544208363852774	0.4755710950375389
BG01240	0.5462998992858453	0.5538877952755906
BG01241	0.5773324482695477	0.5452984801318442
BG01242	0.5176850622596595	0.528365912836477
BG01243	0.6215350897271563	0.5978300677531588
BG01244	0.6106940120856984	0.43656152719282176
BG01245	0.48771401757919786	0.5278737868522249
BG01246	0.3960784425929319	0.41320843252151634
BG01247	0.5547089589818714	0.47417483061710336
BG01248	0.542042437282549	0.5610178996520785
BG01249	0.616198956235122	0.6201474088994691
BG01250	0.5536560382713789	0.5876384819630107
BG01251	0.5766972624061526	0.5767258743819813
BG01252	0.5867887062809009	0.5964566929133857
BG01253	0.5727259201611428	0.5602167643288777
BG01254	0.5878988509430507	0.4201897546236953
BG01255	0.5327836019044132	0.5005722395165719
BG01256	0.5180026551913568	0.5449494140267349
BG01257	0.5098482420802051	0.5174475828602821
BG01258	0.5272586293719099	0.5331670023805166
BG01259	0.5490008698040654	0.5485602453763044
BG01260	0.622805461453946	0.6351915857901484
BG01261	0.6001619437831898	0.5723139077092108
BG01262	0.5694841832997621	0.5791578923274127
BG01263	0.4863778383080023	0.5023576268082769
BG01264	0.5395560565830435	0.5107352133308916
BG01265	0.6009716626991394	0.6078385368980044
BG01266	0.4923977980223403	0.482941540010987
BG01267	0.5518820957700055	0.5470380882622234
BG01268	0.5666315693096502	0.547392876762498
BG01269	0.6183191036440214	0.5821049258377584
BG01270	0.5525144204358176	0.5843481047427211
BG01271	0.6230858588170667	0.6040846456692914
BG01272	0.5957671442959165	0.5765370353415127
BG01273	0.6074036348654093	0.5950947628639445
BG01274	0.6138155786485991	0.5940303973631204
BG01275	0.5560251098699873	0.5654126991393517
BG01276	0.5970976011719464	0.6412115455044866
BG01277	0.5154504669474457	0.5379280351583958
BG01278	0.4372510758102913	0.45226377952755914
BG01279	0.6040417277055485	0.6065624427760483
BG01280	0.5289696255264602	0.5401025453213699
BG01281	0.43825535616187516	0.4082471159128363
BG01282	0.5189210996154551	0.6007599340780079
BG01283	0.5889861060245378	0.5899159952389675
BG01284	0.4504698086431056	0.4277375938472809
BG01285	0.576282388756638	0.5416933711774398
BG01286	0.5920733382164438	0.58699757370445
BG01287	0.5378565052188242	0.5198796008057129
BG01288	0.5489779802234025	0.549212598425197
BG01289	0.48566253891228695	0.5118911371543675
BG01290	0.5196735945797473	0.5284517487639627
BG01291	0.462647065555759	0.4374542208386741
BG01292	0.6684043673319903	0.6369426387108589
BG01293	0.5715642739425015	0.5657102636879694
BG01294	0.5247379143014101	0.49646355978758483
BG01295	0.5128467771470426	0.5250068668741987
BG01296	0.5341512543490206	0.5534815052188242
BG01297	0.4873163111151802	0.43493636696575705
BG01298	0.5233674006592199	0.4920287035341511
BG01299	0.5564342611243362	0.5449036348654092
BG01300	0.47450672953671497	0.4960114905694926
BG01301	0.5586030488921445	0.5784883720930231
BG01302	0.6197153680644574	0.6087255081486908
BG01303	0.5013304568760301	0.441717405237136
BG01304	0.6001390542025272	0.6053893517670755
BG01305	0.5819590047610329	0.562997848379418
BG01306	0.601063221021791	0.6118785478850027
BG01307	0.5192558597326499	0.5466832997619484
BG01308	0.5581395348837208	0.5580823109320636
BG01309	0.6094379463468229	0.6051661783556126
BG01310	0.5658504623695294	0.5684741805530124
BG01311	0.5920733382164438	0.5896470426661784
BG01312	0.5507776735030215	0.48564251052920715
BG01313	0.5539593252151621	0.5634556399926751
BG01314	0.5308208203625712	0.40064777513275956
BG01315	0.5875412012451935	0.5757759567844716
BG01316	0.570428378502106	0.5613154642006958
BG01317	0.6005024262955503	0.6052234023072697
BG01318	0.558385597875847	0.5443771745101632
BG01319	0.45871005768174344	0.41229284929500104
BG01320	0.6200014878227429	0.5787573246658119
BG01321	0.4699230910089728	0.46319355429408565
BG01322	0.5482598196301045	0.5274274400292985
BG01323	0.5226635460538361	0.5048297015198685
BG01324	0.6273175700421167	0.5989287676249773
BG01325	0.5440595815784656	0.5529664896539095
BG01326	0.5529035433070864	0.48304454312396994
BG01327	0.5758789598974545	0.5239825581395352
BG01328	0.6113950054934995	0.5738589544039553
BG01329	0.6221845815784657	0.6001075810291155
BG01330	0.5764511994140267	0.6053149606299214
BG01331	0.5740964338033326	0.5657331532686319
BG01332	0.46869277604834286	0.4804809100897268
BG01333	0.5299109595312215	0.5362857077458341
BG01334	0.4012228758469144	0.40045321369712505
BG01335	0.6078013413294269	0.6199528474638346
BG01336	0.6312746062992127	0.6127655191356896
BG01337	0.5278966764328878	0.520640679362754
BG01338	0.5910576130745286	0.5858015931148144
BG01339	0.5994609503753892	0.632965574070683
BG01340	0.6613744048709028	0.6398324482695477
BG01341	0.5586030488921445	0.5717702801684671
BG01342	0.46536234206189353	0.4483324940487092
BG01343	0.7023725050357077	0.6908819355429408
BG01344	0.5953923274125619	0.576903268632119
BG01345	0.4849844350851492	0.48945934810474245
BG01346	0.5215705685771835	0.5498077275224318
BG01347	0.4686269685039368	0.4957825947628639
BG01348	0.5407520371726791	0.5554557315509981
BG01349	0.6292689067936275	0.5877300402856622
BG01350	0.5502884087163524	0.5213617011536348
BG01351	0.5616130287493133	0.5867915674784836
BG01352	0.5983336385277424	0.5768002655191359
BG01353	0.6714772935359824	0.6470426661783557
BG01354	0.47750812580113533	0.5060371268998352
BG01355	0.5223688427028017	0.5199940487090279
BG01356	0.5957671442959165	0.5630894067020693
BG01357	0.35692867606665446	0.46444103644021234
BG01358	0.5525916727705549	0.547169703351035
BG01359	0.5926026597692732	0.5840905969602638
BG01360	0.5260941219556858	0.517676478666911
BG01361	0.4645240111701153	0.47582860281999656
BG01362	0.5445116507965573	0.5458649972532504
BG01363	0.6474718458157847	0.6233633949826043
BG01364	0.55723825764512	0.5643197216626992
BG01365	0.5352499542208387	0.48410318622962856
BG01366	0.5850748489287676	0.6283418787767806
BG01367	0.5388865363486541	0.5278795092473907
BG01368	0.5287035341512543	0.5101629738143196
BG01369	0.5363057361289141	0.5555072331074893
BG01370	0.5763682246841237	0.5556445705914664
BG01371	0.5544972303607398	0.5444458432521517
BG01372	0.5232529527559056	0.4870616645303058
BG01373	0.44981459439663063	0.45287607581029127
BG01374	0.5244603781358725	0.5197765976927303
BG01375	0.5621080159311482	0.5639763779527562
BG01376	0.5797015198681559	0.5701279527559059
BG01377	0.4981545275590552	0.45052417139717993
BG01378	0.632659425929317	0.6222017487639627
BG01379	0.5460223631203075	0.5381626533601905
BG01380	0.593893059879143	0.5937614447903312
BG01381	0.6323904733565283	0.6155637703717269
BG01382	0.567944859000183	0.565057910639077
BG01383	0.591000389122871	0.5832780168467314
BG01384	0.555046580296649	0.5342027559055119
BG01385	0.62344923091009	0.6364848470976009
BG01386	0.6087855932979307	0.5956555575901851
BG01387	0.5379366187511445	0.4344957425379966
BG01388	0.5456217954587073	0.532663431605933
BG01389	0.5767373191723126	0.5733267716535436
BG01390	0.5265175791979491	0.5354731276323018
BG01391	0.5312213880241714	0.5724340780076911
BG01392	0.5501167368613809	0.46208340963193534
BG01393	0.5338679957883172	0.587627037172679
BG01394	0.4563438472807178	0.4871360556674601
BG01395	0.5881191631569311	0.6069343984618204
BG01396	0.5978329289507416	0.6086339498260392
BG01397	0.5539593252151621	0.5054019410364402
BG01398	0.6040417277055485	0.6144879600805714
BG01399	0.5165148324482697	0.5261170115363487
BG01400	0.700567089360923	0.6992652444607214
BG01401	0.49824322468412374	0.4446186595861563
BG01402	0.5679133858267715	0.5614928584508331
BG01403	0.5756472028932431	0.5764569218091924
BG01404	0.609867125984252	0.6172347097601174
BG01405	0.5301598837209306	0.5398564823292439
BG01406	0.5816585790148323	0.5817215253616556
BG01407	0.6224935909174143	0.6273118476469512
BG01408	0.5095306491485075	0.5386547793444425
BG01409	0.6078070637245925	0.5891491942867607
BG01410	0.5756472028932431	0.5812122321919065
BG01411	0.5572611472257828	0.5572067844717086
BG01412	0.553490088811573	0.5390381798205455
BG01413	0.45368865592382335	0.4245559421351401
BG01414	0.6432744689617287	0.659712049075261
BG01415	0.5546574574253801	0.5682166727705544
BG01416	0.4220495330525544	0.3921385735213331
BG01417	0.5313015015564914	0.5577275224317892
BG01418	0.5776500412012453	0.5109126075810291
BG01419	0.603701245193188	0.6240729719831534
BG01420	0.6162790697674421	0.6248111609595307
BG01421	0.5314817570042116	0.5207207928950741
BG01422	0.4639002700970517	0.48153383080021983
BG01423	0.573664392968321	0.5749977110419339
BG01424	0.5460223631203075	0.5320683025086984
BG01425	0.5890347463834464	0.585389580662882
BG01426	0.6197525636330343	0.6417551730452299
BG01427	0.578720129097235	0.5647031221388025
BG01428	0.6192289644753709	0.6333318073612891
BG01429	0.5997785433070868	0.6039415857901488
BG01430	0.5630321827504121	0.5734927211133491
BG01431	0.4499919886467681	0.4435657388756638
BG01432	0.5213073383995604	0.5428264054202527
BG01433	0.5477848608313496	0.5066036440212414
BG01434	0.5693926249771107	0.5558334096319356
BG01435	0.5312213880241714	0.5471697033510349
BG01436	0.4479920115363487	0.4205044863578098
BG01437	0.5996326222303607	0.5432384178721849
BG01438	0.4563438472807178	0.46425791979490943
BG01439	0.49684982146127077	0.44305072331074885
BG01440	0.480955868888482	0.430701794543124
BG01441	0.6177468641274491	0.6238955777330161
BG01442	0.5739276231459438	0.5496475004577915
BG01443	0.4264214429591649	0.4120811206738691
BG01444	0.5686372688152355	0.5748832631386195
BG01445	0.5316906244277603	0.5627918421534516
BG01446	0.5893780900933896	0.6134293169749128
BG01447	0.5540480223402309	0.5548777696392606
BG01448	0.5400109869987182	0.5566345449551365
BG01449	0.46034952389672235	0.432693188060795
BG01450	0.6196753112982971	0.5450180827687234
BG01451	0.5669291338582678	0.557441402673503
BG01452	0.5592039003845451	0.505390496246109
BG01453	0.5424773393151439	0.5330010529207108
BG01454	0.5598963101995971	0.5686000732466583
BG01455	0.5816585790148323	0.5788488829884638
BG01456	0.5592868751144477	0.5624313312580113
BG01457	0.5848888710858817	0.5852865775498994
BG01458	0.608902902398828	0.609292025270097
BG01459	0.46505905511811013	0.44341695660135527
BG01460	0.5854067478483795	0.5506946987731186
BG01461	0.5597246383446254	0.5513184398461818
BG01462	0.4426215436733201	0.42394936824757395
BG01463	0.5118739699688701	0.5202229445156563
BG01464	0.5796957974729902	0.5369895623512176
BG01465	0.6265994094488191	0.6383503479216257
BG01466	0.4767642144295916	0.453820271012635
BG01467	0.5990517991210401	0.5865283373008606
BG01468	0.4493739699688701	0.4611220472440944
BG01469	0.48712174967954575	0.49992560886284565
BG01470	0.5309896310199599	0.4422724775682109
BG01471	0.5948372550814871	0.5898244369163158
BG01472	0.5461997573704449	0.5391469053286944
BG01473	0.6306165308551548	0.6566505676616007
BG01474	0.44236689708844523	0.4592336568394068
BG01475	0.5765770921076728	0.5735327778795093
BG01476	0.5805856299212598	0.5588147775132758
BG01477	0.5208695751693828	0.506225965940304
BG01478	0.6284076863211865	0.6065910547518772
BG01479	0.6302789095403776	0.5264202984801319
BG01480	0.6125480681193922	0.4799773393151436
BG01481	0.5720220655557591	0.5739619575169382
BG01482	0.5439107993041568	0.5231127540743453
BG01483	0.527959622779711	0.45066150888115747
BG01484	0.607180461453946	0.603981642556308
BG01485	0.49842348013184423	0.5122115912836479
BG01486	0.5128868339132028	0.49182269730818545
BG01487	0.5997985716901668	0.5859618201794544
BG01488	0.5408922358542392	0.4836396722212049
BG01489	0.5842737136055667	0.5799533052554484
BG01490	0.5919817798937923	0.5668661875114451
BG01491	0.5374359091741439	0.5195305347006042
BG01492	0.4867040148324483	0.4837312305438566
BG01493	0.5385574986266253	0.5268437557223951
BG01494	0.5232357855704082	0.5248294726240617
BG01495	0.5424773393151439	0.5274846639809561
BG01496	0.5342885918329976	0.5307178172495879
BG01497	0.5316334004761034	0.5163031038271378
BG01498	0.5717473905878045	0.5688690258194468
BG01499	0.5835469694195203	0.582774446072148
BG01500	0.5860676844900201	0.6144250137337484
BG01501	0.5358078877494965	0.531719236403589
BG01502	0.536388710858817	0.5539850759934081
BG01503	0.6016182933528658	0.6117698223768542
BG01504	0.5732638253067205	0.576245193188061
BG01505	0.5516589223585424	0.5531152719282182
BG01506	0.583793032411646	0.576439754623695
BG01507	0.5981076039186962	0.5830491210401024
BG01508	0.6294062442776047	0.6148942501373378
BG01509	0.5492240432155283	0.5739104559604469
BG01510	0.5375045779161325	0.5301627449185131
BG01511	0.501084393883904	0.4573166544588904
BG01512	0.557341260758103	0.5605715528291523
BG01513	0.5529064045046697	0.4862834187877679
BG01514	0.616808391320271	0.6089315143746566
BG01515	0.5971433803332722	0.6299842061893425
BG01516	0.5782251419154001	0.5730520966855888
BG01517	0.5133503479216261	0.5376533601904413
BG01518	0.5832808780443142	0.5583054843435271
BG01519	0.6143935405603369	0.609326359641091
BG01520	0.643039850759934	0.6310085149240066
BG01521	0.557524377403406	0.5590379509247388
BG01522	0.6002449185130927	0.5974810016480502
BG01523	0.6640009842519685	0.6546534517487637
BG01524	0.6076754486357812	0.6140130012818167
BG01525	0.5732180461453948	0.45499908441677356
BG01526	0.5689520005493498	0.4969728529573338
BG01527	0.5572611472257828	0.548594579747299
BG01528	0.6214978941585791	0.6078557040835011
BG01529	0.552013710858817	0.5543799212598424
BG01530	0.5035335790148325	0.5147294451565646
BG01531	0.6043650430324116	0.6066024995422085
BG01532	0.6528909540377221	0.6843927394250137
BG01533	0.6035038225599707	0.6402730726973084
BG01534	0.513719442409815	0.49209164988097426
BG01535	0.5640221571140818	0.5955582768723675
BG01536	0.6287224180553013	0.6016640725141916
BG01537	0.6334348104742724	0.6362902856619665
BG01538	0.5295905054019412	0.5422026643471892
BG01539	0.5630894067020692	0.48021767991210396
BG01540	0.5342714246475005	0.5333100622596593
BG01541	0.5101944469877312	0.48884132942684483
BG01542	0.6260214475370811	0.5730978758469143
BG01543	0.5927485808459991	0.5864711133492033
BG01544	0.497542231276323	0.4486987273393151
BG01545	0.5978958752975647	0.5646058414209851
BG01546	0.5687231047427213	0.584720060428493
BG01547	0.5040829289507416	0.5018483336385278
BG01548	0.6087112021607763	0.6149228621131663
BG01549	0.516263047060978	0.5212186412744919
BG01550	0.5696272431789049	0.5584428218275042
BG01551	0.5933894891045595	0.6089372367698224
BG01552	0.6251030031129827	0.6260700878959898
BG01553	0.5395045550265518	0.5339280809375571
BG01554	0.6090259338948911	0.5753410547518769
BG01555	0.5203574208020509	0.52838880241714
BG01556	0.5766972624061526	0.5967943142281633
BG01557	0.5841363761215894	0.5583913202710128
BG01558	0.45765141457608516	0.4454827412561802
BG01559	0.6426049487273393	0.6217039003845451
BG01560	0.5967313678813403	0.5570980589635597
BG01561	0.5348465253616551	0.5570007782457427
BG01562	0.5803796236952938	0.512429042299945
BG01563	0.61717748580846	0.5805484343526826
BG01564	0.6155837987548067	0.6233519501922726
BG01565	0.5638476240615271	0.5337049075260943
BG01566	0.569727385094305	0.5775842336568394
BG01567	0.5769204358176159	0.5503513550631752
BG01568	0.6328196529939574	0.6176696117927121
BG01569	0.5386662241347737	0.5450409723493865
BG01570	0.6463388115729719	0.6475233473722761
BG01571	0.5570465574070688	0.5643655008240249
BG01572	0.4377861197582861	0.46999175975096136
BG01573	0.5689405557590186	0.5668890770921079
BG01574	0.5439508560703167	0.5616702527009704
BG01575	0.5682567295367149	0.567678767624977
BG01576	0.6060846227797106	0.607512360373558
BG01577	0.5713210721479582	0.5806342702801685
BG01578	0.5739276231459438	0.4726011719465299
BG01579	0.5531496062992127	0.5462998992858453
BG01580	0.5174161096868706	0.5199997711041934
BG01581	0.5409494598058964	0.5423457242263319
BG01582	0.5993951428309832	0.5865283373008605
BG01583	0.578411119758286	0.5483771287310018
BG01584	0.5540909403039735	0.570408350119026
BG01585	0.5247579426844899	0.524863806995056
BG01586	0.6439268220106208	0.6385162973814321
BG01587	0.4986638207288042	0.4510334645669291
BG01588	0.5909259979857169	0.5985053103827137
BG01589	0.44427531587621316	0.4421866416407253
BG01590	0.5600908716352315	0.5838617011536349
BG01591	0.571444103644021	0.5825512726606848
BG01592	0.618565166636147	0.6000846914484527
BG01593	0.49994277604834303	0.5011502014283096
BG01594	0.565921992309101	0.5199539919428677
BG01595	0.5473814319721664	0.5604513825306722
BG01596	0.48358244826954766	0.3879612250503571
BG01597	0.576282388756638	0.6016125709577002
BG01598	0.5156908075444058	0.5194218091924555
BG01599	0.5621795458707195	0.5588548342794364
BG01600	0.5521081303790514	0.5425460080571324
BG01601	0.5819561435634498	0.5965310840505404
BG01602	0.5663053927852042	0.5923194012085699
BG01603	0.36192718824391146	0.4622436366965757
BG01604	0.5608662561801868	0.5440452755905513
BG01605	0.6187253937007875	0.619414942318257
BG01606	0.541058185314045	0.5544314228163342
BG01607	0.6131117240432156	0.6233748397729355
BG01608	0.6488023026918146	0.6236838491118843
BG01609	0.5400596273576269	0.5560394158579016
BG01610	0.5888659357260576	0.6070087895989746
BG01611	0.5847687007874016	0.6094293627540742
BG01612	0.561292574620033	0.5589292254165904
BG01613	0.496806903497528	0.4770932521516206
BG01614	0.458469717084783	0.48410318622962817
BG01615	0.5828345312213881	0.5903566196667277
BG01616	0.5271413202710126	0.5207207928950744
BG01617	0.5502426295550267	0.5575444057864857
BG01618	0.4975479536714888	0.5179454312396998
BG01619	0.5388321735945798	0.5268780900933895
BG01620	0.5213073383995604	0.4951588536898005
BG01621	0.5468034700604285	0.5393471891594948
BG01622	0.5989688243911371	0.5704026277238601
BG01623	0.5068783189891961	0.4958169291338582
BG01624	0.5413214154916686	0.5441082219373742
BG01625	0.5908373008606479	0.5885712323750226
BG01626	0.5253130150155647	0.5390381798205459
BG01627	0.5577733015931149	0.6120616645303057
BG01628	0.5908373008606479	0.5943451290972349
BG01629	0.5021916773484709	0.5171786302874931
BG01630	0.6200415445889029	0.6198841787218458
BG01631	0.5830119254715254	0.5899102728438013
BG01632	0.559266846731368	0.5716844442409814
BG01633	0.5587661371543673	0.581378181651712
BG01634	0.564465642739425	0.5651323017762315
BG01635	0.5245662424464386	0.5618476469511077
BG01636	0.5485030214246474	0.5441311115180367
BG01637	0.5858616782640544	0.5666201245193189
BG01638	0.6237668238417873	0.6191631569309654
BG01639	0.5955296648965394	0.5877071507049995
BG01640	0.40376361930049465	0.4143357443691631
BG01641	0.5404773622047245	0.4975450924739058
BG01642	0.5355017396081303	0.5398507599340779
BG01643	0.6072147958249408	0.6010803882072883
BG01644	0.5626831166453029	0.5681594488188974
BG01645	0.5560966398095586	0.5993178904962458
BG01646	0.6008972715619849	0.5892979765610695
BG01647	0.6013436183849115	0.5938758926936459
BG01648	0.4829787355795643	0.42670756271745097
BG01649	0.5866799807727524	0.4810703167917962
BG01650	0.6201645760849659	0.6202446896172861
BG01651	0.6077126442043581	0.6516491942867607
BG01652	0.5589120582310936	0.5738875663797839
BG01653	0.6045452984801319	0.6164793535982422
BG01654	0.5990060199597145	0.6088971800036623
BG01655	0.5207122093023256	0.5694240981505219
BG01656	0.5214589818714523	0.5288065372642372
BG01657	0.5679133858267715	0.5496761124336206
BG01658	0.5677016572056398	0.5645200054934996
BG01659	0.5977814273942501	0.5643368888481962
BG01660	0.5872865546603188	0.5521424647500457
BG01661	0.6344591192089363	0.6177497253250321
BG01662	0.558385597875847	0.5512554934993593
BG01663	0.5783653405969602	0.5523141366050174
BG01664	0.5820248123054388	0.5881534975279252
BG01665	0.5926799121040103	0.6127254623695295
BG01666	0.5538420161142648	0.6099043215528294
BG01667	0.5237908579014833	0.5398793719099066
BG01668	0.6341758606482327	0.6353632576451201
BG01669	0.6184593023255812	0.6173377128730999
BG01670	0.6714515427577368	0.6459954678630286
BG01671	0.5782766434718918	0.5451210858817066
BG01672	0.660756386193005	0.6405992492217545
BG01673	0.5780906656290058	0.5586602728438018
BG01674	0.5557332677165352	0.5405717817249589
BG01675	0.5878988509430507	0.557012223036074
BG01676	0.5791292803515842	0.585761536348654
BG01677	0.5145577733015931	0.5351183391320271
BG01678	0.5568319675883536	0.5416189800402859
BG01679	0.5221456692913384	0.5559764695110785
BG01680	0.5965825856070317	0.6248798297015199
BG01681	0.5503856894341697	0.5155820820362569
BG01682	0.5867801226881524	0.5800105292071049
BG01683	0.5547747665262772	0.6036211316608683
BG01684	0.6028657754989929	0.6009087163523166
BG01685	0.5352585378135872	0.5817158029664896
BG01686	0.567418398644937	0.5697445522798026
BG01687	0.534958112067387	0.5361426478666912
BG01688	0.5870376304706101	0.6029516114264785
BG01689	0.5057538683391318	0.5187580113532321
BG01690	0.6291773484709764	0.5938701702984801
BG01691	0.5350038912287127	0.5927199688701705
BG01692	0.597930209668559	0.5904252884087161
BG01693	0.4543381477751328	0.370290468778612
BG01694	0.4944292483061711	0.4309993590917415
BG01695	0.5762680827687238	0.5540594671305622
BG01696	0.4448418329976196	0.412372962827321
BG01697	0.5679219694195203	0.5754555026551911
BG01698	0.5424143929683208	0.5692524262955504
BG01699	0.4976509567844718	0.5073590001831163
BG01700	0.653717840139169	0.6737719739974366
BG01701	0.6215350897271563	0.6122161691997802
BG01702	0.5566459897454676	0.5361483702618569
BG01703	0.4917912241347741	0.5000457791613258
BG01704	0.5105377906976745	0.48342794360007324
BG01705	0.504486357809925	0.43248145943966343
BG01706	0.5247379143014101	0.5296534517487641
BG01707	0.5377935588720014	0.5836843069034974
BG01708	0.5680221113349203	0.5678046603186229
BG01709	0.6654115546603188	0.6616862754074346
BG01710	0.5012017029848013	0.5110613898553377
BG01711	0.4512537767808095	0.4645554843435269
BG01712	0.5064176661783557	0.5194504211682841
BG01713	0.5525487548068121	0.5502254623695295
BG01714	0.5480051730452298	0.5493785478850028
BG01715	0.538603277787951	0.57421374290423
BG01716	0.540897958249405	0.5185176707562719
BG01717	0.6316494231825673	0.6406106940120855
BG01718	0.6426764786669108	0.6481528108405055
BG01719	0.5269753708112068	0.48508171580296666
BG01720	0.5334273713605567	0.5477018861014464
BG01721	0.5329581349569674	0.5648061252517856
BG01722	0.6388510574986266	0.6406564731734117
BG01723	0.5422169703351034	0.5296477293535984
BG01724	0.582505493499359	0.46023507599340774
BG01725	0.5343687053653178	0.5361312030763598
BG01726	0.5433213926020877	0.5566288225599708
BG01727	0.5534357260574987	0.5804225416590365
BG01728	0.616808391320271	0.6055152444607212
BG01729	0.5902936733199048	0.6081189342611244
BG01730	0.5773124198864678	0.5862879967039004
BG01731	0.5236849935909176	0.5522798022340232
BG01732	0.556746131660868	0.516932567295367
BG01733	0.5758217359457976	0.57929522981139
BG01734	0.5724541063907709	0.5856528108405054
BG01735	0.5491153177073793	0.4958398187145213
BG01736	0.5883165857901482	0.5868316242446435
BG01737	0.5527404550448636	0.5431583043398647
BG01738	0.5956469739974363	0.5838330891778061
BG01739	0.569707356711225	0.5735041659036808
BG01740	0.47816620124519316	0.44390336019044124
BG01741	0.5213531175608861	0.49856367881340424
BG01742	0.6700409723493865	0.6601870078740159
BG01743	0.5629635140084234	0.5792437282548983
BG01744	0.5193102224867241	0.4981688335469697
BG01745	0.5743997207471161	0.5465802966489656
BG01746	0.5849088994689617	0.5636845357993044
BG01747	0.6327538454495514	0.626367652444607
BG01748	0.5703253753891226	0.5783052554477202
BG01749	0.5341798663248489	0.525333043398645
BG01750	0.5422226927302691	0.4808185314045044
BG01751	0.5682567295367149	0.5879246017212967
BG01752	0.46859263413294283	0.47240088811572994
BG01753	0.6086539782091189	0.5841592657022524
BG01754	0.5814296832082035	0.5508377586522614
BG01755	0.5855498077275224	0.5537104010254532
BG01756	0.5297078145028384	0.5369723951657206
BG01757	0.6312116599523896	0.6312774674967956
BG01758	0.648178561618751	0.6451428309833361
BG01759	0.4626298983702618	0.5051844900201428
BG01760	0.6308969282182748	0.6338754349020329
BG01761	0.5662023896722213	0.574723036073979
BG01762	0.5788288546053837	0.5516903955319539
BG01763	0.633274583409632	0.6298182567295368
BG01764	0.5534013916865042	0.5593526826588536
BG01765	0.5350897271561986	0.5345575444057867
BG01766	0.5838216443874747	0.5592382347555392
BG01767	0.5796957974729902	0.5557189617286209
BG01768	0.4734194744552281	0.48138504852591096
BG01769	0.5445002060062261	0.5489379234572423
BG01770	0.57939537172679	0.6108027375938475
BG01771	0.5577990523713607	0.5657445980589637
BG01772	0.650639191540011	0.6132233107489472
BG01773	0.49154802234023076	0.47678996520783745
BG01774	0.5782251419154001	0.6095151986815603
BG01775	0.5578619987181833	0.5560794726240618
BG01776	0.4594797198315327	0.5063232466581215
BG01777	0.5385574986266253	0.5144032686321186
BG01778	0.5985711179271196	0.5498420618934263
BG01779	0.5934152398828054	0.6012520600622601
BG01780	0.5294417231276323	0.5235190441311116
BG01781	0.5663111151803696	0.595117652444607
BG01782	0.6066568622962829	0.6199356802783371
BG01783	0.5800648919611795	0.6000331898919612
BG01784	0.548554522981139	0.4715139168650431
BG01785	0.5974695568577184	0.5821163706280903
BG01786	0.51699551364219	0.5313186687419885
BG01787	0.5952864631019958	0.5705628547885006
BG01788	0.5396762268815235	0.5668490203259479
BG01789	0.4651563358359274	0.3937236769822379
BG01790	0.5289124015748033	0.5054419978026004
BG01791	0.48853232008789604	0.4334771561984985
BG01792	0.5810434215345175	0.5639592107672585
BG01793	0.565959187877678	0.5711923182567292
BG01794	0.5547347097601172	0.5256706647134226
BG01795	0.48278131294634696	0.48695866141732264
BG01796	0.6470998901300127	0.642453305255448
BG01797	0.5142058459989014	0.4556399926753342
BG01798	0.5482598196301045	0.5541681926387109
BG01799	0.5530952435451382	0.5211785845083319
BG01800	0.5508348974546784	0.525127037172679
BG01801	0.5796156839406701	0.5514214429591648
BG01802	0.5963765793810658	0.6040674784837939
BG01803	0.6728735579564182	0.6457265152902397
BG01804	0.5935783281450286	0.5869117377769636
BG01805	0.5939903405969603	0.5861048800585974
BG01806	0.5928973631203076	0.6125595129097233
BG01807	0.5674384270280168	0.5466661325764514
BG01808	0.555472898736495	0.5704712964658487
BG01809	0.5577046328511261	0.5557189617286209
BG01810	0.5319109366416409	0.5318851858633952
BG01811	0.5490065921992309	0.5394273026918146
BG01812	0.5722080433986452	0.5680278337300859
BG01813	0.5944223814319721	0.6004051455777332
BG01814	0.5293186916315693	0.5151071232375024
BG01815	0.5763710858817068	0.5656072605749862
BG01816	0.5743053012268813	0.5862136055667458
BG01817	0.6200787401574803	0.6015725141915401
BG01818	0.4417030992492217	0.47393449002014276
BG01819	0.5899388848196301	0.5939445614356346
BG01820	0.5200598562534335	0.4952446896172863
BG01821	0.5658046832082038	0.5943165171214064
BG01822	0.6102705548434354	0.5758789598974545
BG01823	0.5992063037905146	0.5738818439846183
BG01824	0.50498134499176	0.49081555575901875
BG01825	0.6201989104559604	0.5714841604101811
BG01826	0.5589378090093391	0.5547747665262773
BG01827	0.5543999496429224	0.5460996154550449
BG01828	0.5939846182017946	0.6357466581212231
BG01829	0.5198309604468048	0.5262200146493318
BG01830	0.5783367286211318	0.5518735121772569
BG01831	0.6036440212415308	0.5826027742171765
BG01832	0.3941929133858266	0.4686641640725144
BG01833	0.5326748763962643	0.5466432429957884
BG01834	0.5835641366050169	0.6000160227064641
BG01835	0.581363875663798	0.5507233107489471
BG01836	0.6161331486907159	0.6150373100164804
BG01837	0.508331807361289	0.48215757187328323
BG01838	0.5951119300494416	0.6217096227797109
BG01839	0.5700049212598424	0.564119437831899
BG01840	0.5350382255997069	0.5831177897820913
BG01841	0.6165508835378136	0.6391972624061528
BG01842	0.5030900933894892	0.49145074162241353
BG01843	0.5999330479765611	0.6190029298663247
BG01844	0.6240615271928219	0.6682098058963559
BG01845	0.6130144433253983	0.6162676249771105
BG01846	0.580522683574437	0.5626373374839774
BG01847	0.5371497894158581	0.5590436733199051
BG01848	0.5670006637978393	0.5455617103094672
BG01849	0.5209411051089543	0.5293959439663065
BG01850	0.47357684032228525	0.4313427028016849
BG01851	0.5385059970701338	0.5364402124153086
BG01852	0.5385088582677164	0.5691379783922358
BG01853	0.51832597051822	0.5798388573521334
BG01854	0.5910661966672772	0.5289667643288776
BG01855	0.5170870719648417	0.5293787767808095
BG01856	0.49684982146127077	0.5163431605932981
BG01857	0.5647775132759566	0.5657445980589636
BG01858	0.5359623924189708	0.6226881523530491
BG01859	0.5089355200512727	0.5360453671488739
BG01860	0.5557246841237867	0.5577790239882806
BG01861	0.611569538546054	0.6151689251052916
BG01862	0.5889117148873833	0.583421076725874
BG01863	0.5122917048159678	0.5102945889031314
BG01864	0.5579878914118294	0.5424201153634866
BG01865	0.553490088811573	0.5378135872550817
BG01866	0.5924739058780443	0.590814411279985
BG01867	0.38383251693828974	0.43381477751327624
BG01868	0.5892378914118295	0.6231688335469697
BG01869	0.5240855612525178	0.5065921992309101
BG01870	0.5908315784654826	0.5708031953854605
BG01871	0.572179431422816	0.599420893609229
BG01872	0.6012205868888483	0.5744998626625161
BG01873	0.56262017029848	0.5676616004394801
BG01874	0.5760334645669295	0.5692066471342246
BG01875	0.5433242537996702	0.5594671305621678
BG01876	0.5316534288591832	0.5117366324848931
BG01877	0.544400064090826	0.49209737227614
BG01878	0.5690521424647501	0.55356734114631
BG01879	0.5119311939205273	0.5219625526460355
BG01880	0.5691437007874016	0.6134293169749128
BG01881	0.6387451931880608	0.6476149056949275
BG01882	0.565959187877678	0.5866427852041756
BG01883	0.5506174464383815	0.5447491301959345
BG01884	0.5996698177989378	0.5752609412195567
BG01885	0.5549693279619118	0.5687087987548066
BG01886	0.5373643792345724	0.5335446804614541
BG01887	0.6626733885735214	0.6701382530672041
BG01888	0.5993407800769089	0.610402169932247
BG01889	0.5646888161508881	0.5799990844167734
BG01890	0.5837300860648232	0.5940075077824575
BG01891	0.6046111060245376	0.5840791521699321
BG01892	0.517733702618568	0.5273358817066471
BG01893	0.4698773118476469	0.48734206189342627
BG01894	0.5617303378502108	0.4791819263871086
BG01895	0.5479937282548983	0.554454312396997
BG01896	0.5001115867057316	0.5061401300128182
BG01897	0.5554299807727522	0.5505001373374838
BG01898	0.534812190990661	0.49673823475553913
BG01899	0.6211459668558872	0.6354204815967773
BG01900	0.5502884087163524	0.5699276689251053
BG01901	0.5973121909906614	0.5656244277604832
BG01902	0.539195545687603	0.546711911737777
BG01903	0.5358078877494965	0.5560394158579015
BG01904	0.5980360739791248	0.5850748489287675
BG01905	0.6125022889580665	0.5759647958249406
BG01906	0.5321054980772754	0.5515416132576454
BG01907	0.5133503479216261	0.49908441677348464
BG01908	0.5133102911554662	0.5341398095586889
BG01909	0.5882479170481596	0.5833409631935542
BG01910	0.559266846731368	0.5636902581944696
BG01911	0.5519765152902398	0.5675357077458341
BG01912	0.5651723585423916	0.5713411005310381
BG01913	0.6186138069950557	0.6340013275956783
BG01914	0.5960103460904596	0.5893666453030582
BG01915	0.57671442959165	0.5825913294268449
BG01916	0.5650836614173227	0.6155694927668924
BG01917	0.5328551318439846	0.46104193371177443
BG01918	0.4728529573338217	0.44213514008423366
BG01919	0.5669062442776049	0.5612811298297015
BG01920	0.5363314869071598	0.5482512360373555
BG01921	0.5203516984068851	0.509791018128548
BG01922	0.5025292986632485	0.4920344259293171
BG01923	0.5782737822743088	0.5604971616919978
BG01924	0.5276048342794359	0.46657548983702624
BG01925	0.6549653222852959	0.629795367148874
BG01926	0.5631151574803152	0.5675528749313314
BG01927	0.5143660730635415	0.5220770005493499
BG01928	0.6655288637612158	0.6280729262039918
BG01929	0.5879389077092108	0.561967817249588
BG01930	0.5904281496062993	0.5878731001648051
BG01931	0.5918301364219004	0.5760792437282548
BG01932	0.6532571873283279	0.6597807178172498
BG01933	0.6302216855887199	0.6092748580846004
BG01934	0.5878988509430507	0.559495742537997
BG01935	0.5908516068485625	0.5823967679912105
BG01936	0.5463542620399191	0.5682738967222121
BG01937	0.5391841008972718	0.5316906244277606
BG01938	0.5888087117744001	0.5999187419886468
BG01939	0.4878313266800952	0.458100622596594
BG01940	0.5729605383629375	0.5728060336934627
BG01941	0.5577904687786119	0.5900247207471158
BG01942	0.5881678035158395	0.5162802142464747
BG01943	0.5924739058780443	0.5914209851675518
BG01944	0.5658046832082038	0.6023393151437463
BG01945	0.5954724409448819	0.5906084050540193
BG01946	0.6595718503937006	0.6523931056583042
BG01947	0.578734435085149	0.5968858725508147
BG01948	0.5105950146493317	0.5082803058047974
BG01949	0.5967857306354146	0.6021218641274493
BG01950	0.5150785112616737	0.4967039003845447
BG01951	0.34143242995788314	0.3822960538362939
BG01952	0.5624942776048344	0.5781621955685774
BG01953	0.5528663477385094	0.5434158121223222
BG01954	0.5544972303607398	0.5416647592016112
BG01955	0.5826428309833365	0.5788431605932977
BG01956	0.5769490477934442	0.5679992217542574
BG01957	0.5544686183849115	0.528932429957883
BG01958	0.6009716626991394	0.5815097967405239
BG01959	0.5751951336751511	0.4641892510529206
BG01960	0.5470466718549714	0.5982020234389308
BG01961	0.547959393883904	0.5308894891045596
BG01962	0.5031559009338948	0.5284116919978027
BG01963	0.550749061527193	0.47665835011902585
BG01964	0.6281702069218094	0.6269742263321735
BG01965	0.51161360098883	0.5131100073246659
BG01966	0.5745485030214248	0.5746600897271559
BG01967	0.606227682658854	0.6192547152536165
BG01968	0.6037184123786854	0.6153978209119207
BG01969	0.5609234801318439	0.5639878227430873
BG01970	0.6551741897088447	0.6490397820911923
BG01971	0.5236249084416774	0.5176249771104195
BG01972	0.5060686000732466	0.5283487456509794
BG01973	0.518943989196118	0.5361998718183484
BG01974	0.5832265152902398	0.5663511719465297
BG01975	0.5539936595861563	0.5427520142830982
BG01976	0.5570494186046513	0.454289507416224
BG01977	0.5470667002380517	0.5341913111151809
BG01978	0.30650865226149054	0.3656209943233841
BG01979	0.6084136376121592	0.518689342611243
BG01980	0.61991851309284	0.567072193737411
BG01981	0.5363600988829885	0.5878215986083134
BG01982	0.5058225370811207	0.49472967405237145
BG01983	0.52072651529024	0.558975004577916
BG01984	0.517922541659037	0.5382484892876763
BG01985	0.41345449551364216	0.40569492766892506
BG01986	0.5922764832448268	0.5931777604834279
BG01987	0.5385746658121224	0.5656301501556492
BG01988	0.4960114905694928	0.4958855978758469
BG01989	0.5163202710126349	0.44089338033327224
BG01990	0.5509007049990848	0.5529149880974182
BG01991	0.5159511765244462	0.5269696484160412
BG01992	0.5046923640358908	0.4816883354696943
BG01993	0.6120244689617288	0.6488337758652263
BG01994	0.4914164072514191	0.4979170481596778
BG01995	0.5834239379234574	0.573280992492218
BG01996	0.6279584783006777	0.6475977385094303
BG01997	0.6075924739058782	0.6014466214978944
BG01998	0.5974466672770555	0.5754841146310199
BG01999	0.6897460401025454	0.6914198406885187
BG02000	0.6148112754074346	0.5693840413843615
BG02001	0.47441231001648054	0.4709016205823111
BG02002	0.5848030351583959	0.5370181743270466
BG02003	0.5615615271928217	0.5412813587255083
BG02004	0.5326748763962643	0.5398164255630841
BG02005	0.5303344167734848	0.5355990203259476
BG02006	0.5012017029848013	0.5390667917963743
BG02007	0.5853867194652993	0.5576645760849663
BG02008	0.6287395852407989	0.6064880516388941
BG02009	0.5263831029115544	0.5388951199414025
BG02010	0.6099558231093207	0.5948830342428129
BG02011	0.605509522065556	0.6219556857718367
BG02012	0.3803590230726974	0.36795573155099787
BG02013	0.5377649468961728	0.5504200238051639
BG02014	0.5659620490752612	0.5716615546603185
BG02015	0.5433242537996702	0.5479708386742353
BG02016	0.6202275224317891	0.6232890038454497
BG02017	0.5825026323017763	0.5857500915583227
BG02018	0.593981757004212	0.451588536898004
BG02019	0.5832751556491486	0.57659425929317
BG02020	0.5523684993590916	0.5703053470060427
BG02021	0.5556789049624611	0.5470724226332175
BG02022	0.6126339040468778	0.5181571598608317
BG02023	0.6171545962277973	0.5781393059879146
BG02024	0.47455250869804066	0.4652765061344076
BG02025	0.6292546008057132	0.6808219648416043
BG02026	0.6145108496612344	0.588319446987731
BG02027	0.5507118659586159	0.5546374290423
BG02028	0.5663111151803696	0.5613326313861928
BG02029	0.5884110053103828	0.5856070316791796
BG02030	0.5365289095403774	0.5025808002197399
BG02031	0.6274348791430139	0.6124336202160774
BG02032	0.6313060794726238	0.6565132301776232
BG02033	0.5874725325032042	0.5191585790148323
BG02034	0.6107598196301043	0.6356894341695659
BG02035	0.5653755035707746	0.5833810199597143
BG02036	0.5718446713056217	0.57032251419154
BG02037	0.5032245696758837	0.4917368613806997
BG02038	0.6765387520600623	0.6868934261124338
BG02039	0.5704827412561804	0.5501110144662149
BG02040	0.613063083684307	0.6249599432338401
BG02041	0.5362599569675883	0.5317364035890865
BG02042	0.581338124885552	0.5668604651162793
BG02043	0.5165148324482697	0.5534643380333273
BG02044	0.6486191860465116	0.6162161234206188
BG02045	0.5401483244826955	0.5391354605383629
BG02046	0.5626258926936458	0.5313415583226513
BG02047	0.5555272614905697	0.5541681926387109
BG02048	0.6070545687603003	0.6082391045596046
BG02049	0.5352356482329246	0.5567547152536165
BG02050	0.5513642190075081	0.5693554294085331
BG02051	0.5744340551181104	0.5905397363120306
BG02052	0.5239053058047979	0.5212701428309835
BG02053	0.5590293673319907	0.4730761307452848
BG02054	0.5343687053653177	0.5708661417322834
BG02055	0.5237708295184034	0.5222715619849845
BG02056	0.5127037172678998	0.529836568394067
BG02057	0.5784397317341148	0.5736300585973265
BG02058	0.540875068668742	0.5420882164438748
BG02059	0.5152530443142284	0.49517602087529744
BG02060	0.6004165903680647	0.5533441677348472
BG02061	0.5737502288958065	0.5779733565281086
BG02062	0.5692552874931331	0.5493957150705001
BG02063	0.5875154504669475	0.5698418329976197
BG02064	0.5797759110053105	0.5077767350302143
BG02065	0.5500995696758837	0.5800162516022707
BG02066	0.5741622413477383	0.5432155282915221
BG02067	0.5308208203625712	0.5004062900567663
BG02068	0.6001819721662698	0.5788431605932974
BG02069	0.5301312717451018	0.5352499542208388
BG02070	0.5431411371543675	0.5205433986449367
BG02071	0.4938827595678448	0.48544794909357264
BG02072	0.5600822880424827	0.4939457059146678
BG02073	0.5702080662882254	0.5603541018128546
BG02074	0.5166035295733384	0.5408865134590732
BG02075	0.5974123329060611	0.6086682841970334
BG02076	0.5458592748580845	0.5267178630287493
BG02077	0.5874725325032042	0.5886570683025087
BG02078	0.6506706647134224	0.6431399926753346
BG02079	0.5842279344442409	0.6015839589818713
BG02080	0.6092834416773486	0.5960961820179455
BG02081	0.6111804156747849	0.5933265427577369
BG02082	0.6028657754989929	0.6015439022157116
BG02083	0.530858015931148	0.4882118659586155
BG02084	0.6082505493499359	0.5991805530122687
BG02085	0.5803080937557226	0.5759647958249405
BG02086	0.4700003433437099	0.4047163980955868
BG02087	0.5202258057132394	0.5111529481779895
BG02088	0.5590350897271562	0.5411211316608681
BG02089	0.540875068668742	0.5861106024537627
BG02090	0.5689405557590185	0.5665800677531588
BG02091	0.5757044268449001	0.5856699780260023
BG02092	0.5519164301409998	0.5382599340780079
BG02093	0.5519078465482513	0.5525601995971436
BG02094	0.5556617377769641	0.5446919062442775
BG02095	0.6056010803882071	0.6202275224317891
BG02096	0.5937013596410915	0.5537504577916135
BG02097	0.5525230040285661	0.5666716260758107
BG02098	0.5756414804980772	0.6090230726973085
BG02099	0.5621366279069767	0.5674670390038453
BG02100	0.6415835011902582	0.6483130379051456
BG02101	0.5328551318439846	0.5390667917963744
BG02102	0.5722194881889765	0.5559993590917416
BG02103	0.5378565052188242	0.5220884453396812
BG02104	0.5206006225965942	0.5012532045412931
BG02105	0.6303361334920347	0.6299613166086796
BG02106	0.63929454312397	0.602139031312946
BG02107	0.5662424464383812	0.46036096868705373
BG02108	0.5177451474088994	0.4585641366050175
BG02109	0.6143706509796739	0.5903566196667277
BG02110	0.570279596227797	0.537990981505219
BG02111	0.6572514191540011	0.6176467222120491
BG02112	0.5276048342794359	0.5350382255997072
BG02113	0.5736786989562352	0.6134808185314043
BG02114	0.6082305209668557	0.6125251785387292
BG02115	0.5618190349752792	0.5494758286028202
BG02116	0.5845541109686869	0.592971754257462
BG02117	0.537825032045413	0.5147923915033878
BG02118	0.5388865363486541	0.5353357901483242
BG02119	0.5114419291338583	0.4322983427943602
BG02120	0.605672610327779	0.5964051913568946
BG02121	0.5451640038454495	0.5209897454678629
BG02122	0.6122276139901119	0.6178698956235121
BG02123	0.5887400430324115	0.5861449368247573
BG02124	0.5355017396081303	0.5456303790514557
BG02125	0.5515587804431423	0.5625515015564914
BG02126	0.49062099432338413	0.5229925837758649
BG02127	0.3483107489470794	0.4606184764695109
BG02128	0.5373414896539096	0.5597589727156198
BG02129	0.46432944973448087	0.49484412195568583
BG02130	0.5480051730452298	0.5837815876213146
BG02131	0.39796397180003673	0.3720987456509796
BG02132	0.5599878685222487	0.5293272752243179
BG02133	0.5892378914118295	0.5445545687602996
BG02134	0.5948372550814871	0.6327595678447169
BG02135	0.6363560932063728	0.5856871452114994
BG02136	0.5442369758286028	0.5309638802417138
BG02137	0.6085309467130566	0.6140530580479767
BG02138	0.5678218275041201	0.5470667002380516
BG02139	0.6186338353781357	0.6225737044497345
BG02140	0.5637589269364585	0.44100782823658696
BG02141	0.5461453946163706	0.5348207745834095
BG02142	0.5186807590184948	0.4426673228346458
BG02143	0.5345861563816152	0.5262944057864861
BG02144	0.5440595815784656	0.5445889031312946
BG02145	0.5195534242812672	0.45400338765793824
BG02146	0.67211534059696	0.6726847189159494
BG02147	0.6082991897088447	0.59895165720564
BG02148	0.5955153589086248	0.5972692730269182
BG02149	0.48559387017029854	0.480892922541659
BG02150	0.5484972990294819	0.548314182384179
BG02151	0.5261198727339317	0.5328408258560703
BG02152	0.5424143929683208	0.5729777055484344
BG02153	0.5858330662882261	0.5815269639260209
BG02154	0.5456618522248671	0.5130985625343344
BG02155	0.516263047060978	0.4944950558505768
BG02156	0.5952464063358358	0.5997699597143381
BG02157	0.5131100073246659	0.5384258835378131
BG02158	0.4831933253982787	0.4252769639260208
BG02159	0.5735013047060977	0.5671809192455595
BG02160	0.504054316974913	0.4913477385094305
BG02161	0.6167053882072879	0.5902993957150704
BG02162	0.5985367835561253	0.6129543581761583
BG02163	0.5420538820728804	0.5372814045046692
BG02164	0.49893563449917594	0.4456601355063176
BG02165	0.5485316334004762	0.5561767533418788
BG02166	0.49322468412378695	0.46942524262955526
BG02167	0.6341243590917416	0.6537493133125801
BG02168	0.5031015381798207	0.4446587163523164
BG02169	0.5109698315326864	0.5521310199597143
BG02170	0.5818874748214611	0.584370994323384
BG02171	0.45405488921442944	0.40698246658121245
BG02172	0.6071776002563634	0.6030488921442959
BG02173	0.5968543993774034	0.5843881615088811
BG02174	0.5556617377769641	0.5627117286211317
BG02175	0.5265175791979491	0.555730406518952
BG02176	0.43679042299945064	0.4604525270097053
BG02177	0.5751636605017396	0.5746715345174876
BG02178	0.5718990340596959	0.5344202069218094
BG02179	0.5476475233473723	0.5191471342245012
BG02180	0.5147952527009703	0.5377105841420985
BG02181	0.5117623832631388	0.44850988829884636
BG02182	0.506821095037539	0.5130184490020142
BG02183	0.5768403222852956	0.586190715986083
BG02184	0.5307264008423365	0.4997711041933713
BG02185	0.5558963559787586	0.5047152536165537
BG02186	0.5329609961545505	0.5573097875846911
BG02187	0.5992349157663434	0.6523759384728073
BG02188	0.596845815784655	0.5937557223951656
BG02189	0.5719305072331076	0.557967863028749
BG02190	0.6292546008057132	0.6375606573887567
BG02191	0.5371497894158581	0.5466947445522796
BG02192	0.45227522431789047	0.447600027467497
BG02193	0.591478209119209	0.6046854971616923
BG02194	0.4524669245559422	0.48107031679179635
BG02195	0.5889946896172862	0.5931377037172678
BG02196	0.5460166407251419	0.5117824116462188
BG02197	0.5308093755722396	0.5442970609778428
BG02198	0.5673068119392053	0.5420424372825492
BG02199	0.5403772202893242	0.5671008057132392
BG02200	0.6134407617652446	0.6232546694744555
BG02201	0.5966312259659403	0.6039129738143195
BG02202	0.45042402948178	0.4266388939754624
BG02203	0.603701245193188	0.6125423457242263
BG02204	0.5899388848196301	0.6018815235304888
BG02205	0.5841792940853325	0.562803286943783
BG02206	0.5581996200329611	0.5410352957333823
BG02207	0.4803006546420069	0.4461637062809009
BG02208	0.5094963147775132	0.4808643105658305
BG02209	0.540897958249405	0.5665457333821642
BG02210	0.5366977201977658	0.545727659769273
BG02211	0.6013264511994141	0.5974924464383813
BG02212	0.5326577092107669	0.5437477110419339
BG02213	0.6252346182017946	0.6256180186778981
BG02214	0.5313472807178173	0.5493613806995058
BG02215	0.5834954678630289	0.5280969602636881
BG02216	0.6598064685954953	0.6379497802600256
BG02217	0.5441654458890314	0.558585881706647
BG02218	0.5440223860098883	0.5292185497161694
BG02219	0.5758875434902031	0.5625515015564911
BG02220	0.5922793444424096	0.5744483611060247
BG02221	0.5363000137337484	0.555478621131661
BG02222	0.5041172633217361	0.4959199322468411
BG02223	0.5735156106940122	0.5889775224317895
BG02224	0.6236781267167184	0.6358038820728804
BG02225	0.5631294634682291	0.5339280809375572
BG02226	0.6036440212415308	0.5676959348104742
BG02227	0.6056783327229445	0.509911188427028
BG02228	0.4819487044497345	0.5015049899285844
BG02229	0.562909151254349	0.5711865958615641
BG02230	0.5881191631569311	0.6053607397912472
BG02231	0.5916641869620949	0.5779161325764514
BG02232	0.5552211133492031	0.5565715986083134
BG02233	0.5126150201428311	0.5285776414576084
BG02234	0.48231779893792337	0.457917505951291
BG02235	0.580319538546054	0.5769376030031133
BG02236	0.5875841192089363	0.5526403131294634
BG02237	0.5768145715070498	0.5572296740523713
BG02238	0.6227510986998719	0.6299613166086799
BG02239	0.5311555804797654	0.47720770005493485
BG02240	0.5671580296648963	0.49058665995238976
BG02241	0.41345449551364216	0.3878353323567113
BG02242	0.4899715024720746	0.4346330800219737
BG02243	0.5306949276689251	0.5248752517853871
BG02244	0.5813667368613806	0.5517647866691084
BG02245	0.5316448452664347	0.538849340780077
BG02246	0.5716958890313132	0.5799361380699507
BG02247	0.5640593526826589	0.5436160959531221
BG02248	0.5981905786485993	0.54538431605933
BG02249	0.5569549990844168	0.5552554477201977
BG02250	0.6410484572422632	0.6309169566013552
BG02251	0.5951119300494416	0.567432704632851
BG02252	0.5323258102911557	0.5594957425379966
BG02253	0.5549950787401575	0.5365775498992859
BG02254	0.6172862113166091	0.6115695385460537
BG02255	0.5625	0.5716787218458157
BG02256	0.49778829426844906	0.5074620032960998
BG02257	0.5690464200695844	0.4926181102362205
BG02258	0.49497859824208046	0.4997310474272109
BG02259	0.5361254806811941	0.5019112799853508
BG02260	0.5132273164255632	0.5206921809192459
BG02261	0.4605984480864309	0.4863520875297565
BG02262	0.575853209119209	0.5065521424647502
BG02263	0.6473001739608131	0.6380127266068487
BG02264	0.40016423274125623	0.35694012085698573
BG02265	0.555472898736495	0.5428893517670758
BG02266	0.5933809055118111	0.5878444881889768
BG02267	0.6277124153085514	0.6535032503204541
BG02268	0.49945637245925656	0.5082116370628091
BG02269	0.5298165400109869	0.5567661600439482
BG02270	0.5474787126899837	0.5230440853323567
BG02271	0.4967353735579565	0.5040915125434902
BG02272	0.4111340642739425	0.3729742721113351
BG02273	0.4876310428492949	0.5155935268265885
BG02274	0.5612353506683758	0.5512497711041933
BG02275	0.6286938060794727	0.6212403863761218
BG02276	0.5066122276139902	0.5239425013733747
BG02277	0.5880075764511996	0.5552554477201977
BG02278	0.5776328740157481	0.5973379417689069
BG02279	0.5820763138619302	0.5813152353048893
BG02280	0.5018368888481963	0.4620834096319357
BG02281	0.474606871452115	0.4842977476652628
BG02282	0.5733067432704635	0.49739058780443157
BG02283	0.5414101126167368	0.534992446438381
BG02284	0.633863990111701	0.6503902673503024
BG02285	0.5311040789232742	0.5021859549533053
BG02286	0.45076451199414025	0.4077149331624245
BG02287	0.5392613532320087	0.5436160959531222
BG02288	0.6166853598242081	0.6127197399743636
BG02289	0.39295115363486555	0.4093114814136605
BG02290	0.6047656106940125	0.6171374290423001
BG02291	0.5886313175242629	0.5685371268998349
BG02292	0.5924739058780443	0.5676902124153086
BG02293	0.5371497894158581	0.5569321095037539
BG02294	0.5797186870536535	0.5898015473356527
BG02295	0.5397248672404323	0.5217222120490754
BG02296	0.5095134819630107	0.42472189159494594
BG02297	0.4917769181468596	0.5003834004761031
BG02298	0.5499507874015747	0.5638218732832816
BG02299	0.5585515473356528	0.5527204266617837
BG02300	0.5495759705182202	0.5308265427577367
BG02301	0.5968543993774034	0.5965711408167
BG02302	0.525046923640359	0.5480967313678813
BG02303	0.5565401254349023	0.579781633400476
BG02304	0.5860390725141913	0.5882107214795824
BG02305	0.5403829426844899	0.5428492950009153
BG02306	0.5007267441860466	0.47915331441128
BG02307	0.5368865592382347	0.531742125984252
BG02308	0.5757044268449001	0.5570808917780624
BG02309	0.6008972715619849	0.5994838399560523
BG02310	0.5785198452664349	0.5919417231276324
BG02311	0.5761250228895807	0.573469831532686
BG02312	0.5194818943416958	0.5342485350668377
BG02313	0.5348207745834097	0.5283144112799856
BG02314	0.5633097189159497	0.5891263047060975
BG02315	0.5287092565464202	0.5216420985167554
BG02316	0.5677016572056398	0.5913237044497344
BG02317	0.5201142190075078	0.5578534151254348
BG02318	0.5785284288591833	0.5811206738692547
BG02319	0.5729605383629375	0.5827172221204909
BG02320	0.5566946301043765	0.5615157480314965
BG02321	0.5359280580479766	0.551112433620216
BG02322	0.5989087392418972	0.5766514832448272
BG02323	0.637512017029848	0.6388539186962096
BG02324	0.5550151071232376	0.5744369163156932
BG02325	0.5866971479582493	0.5762223036073979
BG02326	0.5296362845632668	0.44559718915949464
BG02327	0.523650659219923	0.5083260849661234
BG02328	0.4743178904962462	0.4864665354330708
BG02329	0.45950833180736117	0.4869357718366598
BG02330	0.6077927577366783	0.6119643838124886
BG02331	0.5460166407251419	0.4939285387291706
BG02332	0.5484972990294819	0.5484171854971619
BG02333	0.5792265610694014	0.5885483427943597
BG02334	0.5670378593664164	0.5291441585790151
BG02335	0.5150842336568394	0.49037493133125815
BG02336	0.610316334004761	0.6049143929683206
BG02337	0.5102888665079655	0.5092187786119762
BG02338	0.5848058963559789	0.579930415674785
BG02339	0.5311727476652626	0.49383698040651874
BG02340	0.6098842931697493	0.5945568577183665
BG02341	0.6084680003662333	0.607586751510712
BG02342	0.6015496246108771	0.6131832539827872
BG02343	0.5381855429408531	0.5503570774583411
BG02344	0.6056840551181102	0.5913809284013914
BG02345	0.5465173503021423	0.5302428584508331
BG02346	0.5585372413477385	0.564977797106757
BG02347	0.5681737548068121	0.5634899743636695
BG02348	0.5285003891228712	0.5003547885002745
BG02349	0.5993865592382346	0.5920847830067754
BG02350	0.589675654642007	0.6011433345541111
BG02351	0.5583283739241898	0.47781999633766703
BG02352	0.5264117148873833	0.5430037996703901
BG02353	0.5748203167917967	0.542574620032961
BG02354	0.5735442226698406	0.5004692364035892
BG02355	0.6003135872550814	0.6025510437648784
BG02356	0.5673668970884455	0.5353586797289877
BG02357	0.6233662561801869	0.6123363394982607
BG02358	0.5210755813953487	0.5243144570591468
BG02359	0.6247424922175426	0.6315521424647499
BG02360	0.5660936641640724	0.577195110785571
BG02361	0.5653755035707745	0.5327549899285847
BG02362	0.5214761490569493	0.5028669199780262
BG02363	0.5618018677897819	0.5547690441311119
BG02364	0.5901706418238417	0.5735041659036808
BG02365	0.4643208661417323	0.3893861014466214
BG02366	0.5996698177989378	0.5958901757919794
BG02367	0.5902936733199048	0.5789633308917779
BG02368	0.6023736495147411	0.6048571690166634
BG02369	0.5557990752609414	0.5472040377220293
BG02370	0.582425379967039	0.5641766617835562
BG02371	0.5455388207288043	0.5291956601355063
BG02372	0.5539936595861563	0.5015793810657387
BG02373	0.5229925837758653	0.4682235396447537
BG02374	0.5733925791979491	0.5771321644387474
BG02375	0.651360213330892	0.6408224226332172
BG02376	0.5756987044497341	0.5576760208752977
BG02377	0.5925397134224499	0.547919337117744
BG02378	0.5692552874931331	0.5264889672221206
BG02379	0.6649165674784838	0.6750423457242264
BG02380	0.6095409494598059	0.6146481871452116
BG02381	0.523121337667094	0.495210355246292
BG02382	0.5099140496246111	0.5195648690715985
BG02383	0.5629864035890861	0.5122688152353051
BG02384	0.580299510162974	0.6203763047060982
BG02385	0.5828173640358911	0.6246223219190621
BG02386	0.6253433437099434	0.6178298388573522
BG02387	0.5791235579564182	0.5753410547518769
BG02388	0.5172015198681561	0.5249954220838676
BG02389	0.5748832631386194	0.5764969785753528
BG02390	0.5858359274858087	0.531902353048892
BG02391	0.5359623924189708	0.5694641549166813
BG02392	0.5145921076725875	0.5246177440029297
BG02393	0.6365821278154182	0.6329197949093572
BG02394	0.6028972486724042	0.5527490386376119
BG02395	0.546445820362571	0.4963433894891048
BG02396	0.5445374015748031	0.5462255081486905
BG02397	0.6380499221754257	0.6103506683757554
BG02398	0.5360367835561253	0.5422598882988463
BG02399	0.6194149423182568	0.6158956692913388
BG02400	0.6125824024903865	0.6260700878959897
BG02401	0.5882507782457427	0.5656587621314779
BG02402	0.5966140587804432	0.5991290514557772
BG02403	0.511204449734481	0.457408212781542
BG02404	0.5996984297747665	0.5434215345174879
BG02405	0.5926799121040103	0.5808803332722944
BG02406	0.515625	0.5034677714704265
BG02407	0.6143162882255997	0.6134979857169017
BG02408	0.5404716398095587	0.5209897454678634
BG02409	0.5223688427028017	0.43462735762680826
BG02410	0.511035639077092	0.5162401574803149
BG02411	0.5849317890496246	0.5800849203442593
BG02412	0.5254961316608682	0.5486117469327962
BG02413	0.6613744048709028	0.6792769181468596
BG02414	0.5223001739608127	0.5638905420252702
BG02415	0.6214978941585791	0.6215150613440763
BG02416	0.5797186870536535	0.6045939388390404
BG02417	0.5381855429408533	0.548211179271196
BG02418	0.560640221571141	0.5488520875297563
BG02419	0.6346994598058964	0.621515061344076
BG02420	0.5411926616004397	0.5685199597143383
BG02421	0.636370399194287	0.6407365867057316
BG02422	0.5174332768723675	0.5217622688152352
BG02423	0.650132759567845	0.6414976652627724
BG02424	0.6015954037722029	0.6100016022706465
BG02425	0.5857758423365683	0.5989516572056401
BG02426	0.494615226149057	0.4355829976194837
BG02427	0.5501625160227065	0.5253215986083137
BG02428	0.6563386971250688	0.6463788683391322
BG02429	0.47168844991759734	0.4941917689067938
BG02430	0.5873981413660505	0.6021905328694376
BG02431	0.4686441356894342	0.5000515015564916
BG02432	0.5423371406335835	0.5485888573521334
BG02433	0.5698132210217909	0.5776071232375024
BG02434	0.5042402948177989	0.48568828969053274
BG02435	0.5893923960813037	0.5806743270463285
BG02436	0.5762823887566377	0.5799246932796189
BG02437	0.5416132576451199	0.5613040194103642
BG02438	0.5837300860648232	0.5846113349203443
BG02439	0.5989201840322285	0.604147592016114
BG02440	0.5732180461453948	0.544068165171214
BG02441	0.5391783785021058	0.5944195202343894
BG02442	0.5757044268449001	0.6030202801684676
BG02443	0.5484257690899104	0.5419680461453946
BG02444	0.4451651483244828	0.39344900201428307
BG02445	0.5381855429408533	0.4415457333821646
BG02446	0.5982191906244279	0.5815040743453579
BG02447	0.45186893426112423	0.43390061344076186
BG02448	0.5612496566562899	0.5850462369529393
BG02449	0.4352768494781176	0.42833844533968146
BG02450	0.5875211728621133	0.6009087163523165
BG02451	0.5349466672770554	0.5197079289507417
BG02452	0.49030054019410374	0.4726583958981872
BG02453	0.6012291704815969	0.583169291338583
BG02454	0.5633526368796924	0.5552554477201976
BG02455	0.5636645074162241	0.5707516938289692
BG02456	0.5407348699871817	0.5305003662332908
BG02457	0.4773765107123238	0.4188392693645854
BG02458	0.5788889397546235	0.5681079472624062
BG02459	0.5128496383446256	0.5134762406152719
BG02460	0.5381855429408533	0.5787401574803148
BG02461	0.5375703854605385	0.5401025453213696
BG02462	0.6005310382713787	0.600851492400659
BG02463	0.5049298434352681	0.4781576176524444
BG02464	0.536388710858817	0.5391182933528661
BG02465	0.5737988692547156	0.5101400842336569
BG02466	0.5276792254165903	0.560268265885369
BG02467	0.6571827504120126	0.6234606757004211
BG02468	0.5566946301043765	0.5556502929866325
BG02469	0.5477819996337667	0.5438106573887571
BG02470	0.5722337941768907	0.5691208112067386
BG02471	0.6101246337667097	0.6072605749862663
BG02472	0.5662767808093756	0.559907754989929
BG02473	0.5123203167917965	0.5269295916498812
BG02474	0.6154064045046694	0.6120731093206372
BG02475	0.5803796236952938	0.574911875114448
BG02476	0.5579135002746749	0.555169611792712
BG02477	0.586968961728621	0.587220747115913
BG02478	0.6598064685954953	0.633034242812672
BG02479	0.6115180369895625	0.6025510437648784
BG02480	0.5225290697674414	0.5428378502105841
BG02481	0.5494243270463286	0.5484972990294821
BG02482	0.632476309284014	0.6095209210767257
BG02483	0.5561166681926385	0.5346033235671124
BG02484	0.5101000274674969	0.4935851950192271
BG02485	0.579744437831899	0.5823338216443873
BG02486	0.6120702481230544	0.649463239333456
BG02487	0.5610865683940671	0.5604628273210036
BG02488	0.5939846182017946	0.6074265244460719
BG02489	0.5512841054751878	0.46989447903314424
BG02490	0.5872464978941587	0.5264317432704632
BG02491	0.5441053607397912	0.553550173960813
BG02492	0.5646916773484711	0.5988600988829882
BG02493	0.5524571964841604	0.5379165903680645
BG02494	0.6315979216260759	0.5571552829152172
BG02495	0.5037338628456327	0.4665640450466948
BG02496	0.6316179500091561	0.5856642556308369
BG02497	0.6279584783006777	0.6391457608496613
BG02498	0.5848058963559789	0.587375251785387
BG02499	0.4502266068485629	0.4882690899102729
BG02500	0.593197788866508	0.5498535066837574
BG02501	0.5316448452664347	0.5140542025270096
BG02502	0.5437992125984255	0.5378994231825676
BG02503	0.5771178584508331	0.6047026643471892
BG02504	0.5198309604468048	0.513945477018861
BG02505	0.5569549990844169	0.5186149514740892
BG02506	0.502477797106757	0.49892991210401016
BG02507	0.6332345266434718	0.6185222486724044
BG02508	0.4605984480864309	0.44849844350851487
BG02509	0.5104834279436002	0.4907526094121956
BG02510	0.5295905054019412	0.5427520142830984
BG02511	0.5728947308185313	0.5605257736678263
BG02512	0.60683425654642	0.6312259659403046
BG02513	0.5773667826405423	0.5574528474638346
BG02514	0.5820591466764332	0.5685771836659953
BG02515	0.48787710584142113	0.4636914026735034
BG02516	0.555721822926204	0.48474981688335467
BG02517	0.5787229902948179	0.5742537996703899
BG02518	0.48954804522981155	0.5063747482146129
BG02519	0.5104834279436002	0.4940544314228165
BG02520	0.5338479674052374	0.48626625160227077
BG02521	0.5326920435817615	0.5652753616553741
BG02522	0.5877071507049989	0.5848345083318072
BG02523	0.577329587071965	0.597503891228713
BG02524	0.5965081944698771	0.5910089727156199
BG02525	0.5723854376487824	0.5728632576451201
BG02526	0.4703837438198133	0.4544268449002015
BG02527	0.5067667322834646	0.5214017579197949
BG02528	0.5393157159860833	0.48979696941952033
BG02529	0.5326691540010984	0.49828328145028417
BG02530	0.5939903405969603	0.5590436733199047
BG02531	0.4583152124153085	0.4669760574986263
BG02532	0.48132496337667086	0.4797942226698409
BG02533	0.5077309558688885	0.46209485442226683
BG02534	0.6168627540743454	0.5872550814869071
BG02535	0.6365821278154182	0.6056640267350305
BG02536	0.5523684993590916	0.5500194561435635
BG02537	0.4943376899835195	0.5118396355978758
BG02538	0.5982678309833366	0.6174693279619116
BG02539	0.5514157205639993	0.5616301959348107
BG02540	0.4935050814869072	0.505567890496246
BG02541	0.5395560565830435	0.5504944149423183
BG02542	0.46406049716169195	0.4292998077275225
BG02543	0.5618419245559421	0.5675242629555027
BG02544	0.5995210355246291	0.5950375389122872
BG02545	0.552588811572972	0.5139397546236955
BG02546	0.5588204999084417	0.5689491393517672
BG02547	0.5515015564914852	0.5454587071964844
BG02548	0.5722194881889765	0.5463571232375022
BG02549	0.5724970243545141	0.6019616370628089
BG02550	0.5709462552646036	0.5798503021424646
BG02551	0.5620536531770739	0.5549006592199229
BG02552	0.5876098699871815	0.5616473631203075
BG02553	0.5911377266068487	0.6183162424464383
BG02554	0.5213073383995604	0.4459119208936094
BG02555	0.5731751281816517	0.5399537630470612
BG02556	0.5690006409082586	0.5725313587255083
BG02557	0.5924739058780442	0.5787916590368064
BG02558	0.6110659677714705	0.5792780626258927
BG02559	0.509069996337667	0.5149468961728622
BG02560	0.49543638985533767	0.4953305255447721
BG02561	0.5574871818348288	0.5951577092107675
BG02562	0.532237113166087	0.5367320545687604
BG02563	0.5142115683940669	0.49099295000915566
BG02564	0.5867400659219923	0.586156381615089
BG02565	0.53375068668742	0.5162687694561436
BG02566	0.565921992309101	0.5533842245010068
BG02567	0.5440223860098883	0.544606070316792
BG02568	0.5504286073979123	0.5366462186412745
BG02569	0.4297118201794542	0.4183643105658304
BG02570	0.5897443233839956	0.6120330525544769
BG02571	0.4643208661417323	0.3899640633583592
BG02572	0.5874896996887016	0.4592908807910638
BG02573	0.49154802234023076	0.48444652993957144
BG02574	0.5451640038454495	0.5309696026368798
BG02575	0.5622482146127084	0.4348848654092656
BG02576	0.6103850027467497	0.594362296282732
BG02577	0.5600822880424827	0.5589235030214246
BG02578	0.5726343618384911	0.5414587529756457
BG02579	0.5863166086797291	0.598688427028017
BG02580	0.5555615958615641	0.6111289141182934
BG02581	0.4979370765427577	0.4642865317707381
BG02582	0.5290154046877862	0.45288752060062254
BG02583	0.5266091375206007	0.5391526277238602
BG02584	0.4580090642739425	0.4221182017945429
BG02585	0.6076382530672038	0.6371028657754992
BG02586	0.4576342473905879	0.4164873649514741
BG02587	0.605672610327779	0.5582139260208753
BG02588	0.5704283785021059	0.5774583409631936
BG02589	0.6066940578648601	0.6386708020509065
BG02590	0.5151242904229992	0.5341684215345177
BG02591	0.5698132210217909	0.5387520600622596
BG02592	0.5343944561435635	0.5540022431789051
BG02593	0.6269799487273393	0.6096639809558686
BG02594	0.6101847189159494	0.6234950100714155
BG02595	0.45526517579197967	0.4365043032411646
BG02596	0.6626218870170296	0.6340814411279988
BG02597	0.6103191952023439	0.5166407251419155
BG02598	0.5730807086614172	0.5639191540010985
BG02599	0.5041515976927302	0.4851046053836292
BG02600	0.5038568943416957	0.507273164255631
BG02601	0.5499937053653176	0.533407342977477
BG02602	0.5906599066105112	0.564766068485625
BG02603	0.5611151803698958	0.5838674235488008
BG02604	0.444976309284014	0.45991462186412757
BG02605	0.5821535661966675	0.5844396630653726
BG02606	0.5547919337117744	0.5411554660318626
BG02607	0.4657915216993225	0.44883606482329247
BG02608	0.5697788866507967	0.5949974821461271
BG02609	0.5151242904229992	0.5123775407434539
BG02610	0.6205823109320635	0.5765027009705179
BG02611	0.5354187648782276	0.5149640633583594
BG02612	0.6118327687236771	0.5955983336385279
BG02613	0.5865569492766893	0.5820019227247756
BG02614	0.5621795458707195	0.555272614905695
BG02615	0.5052932155282915	0.5093275041201243
BG02616	0.6024022614905696	0.5941562900567663
BG02617	0.5662023896722213	0.6012177256912655
BG02618	0.5252128731001648	0.5036508881157299
BG02619	0.6075295275590553	0.6174235488005859
BG02620	0.6744758286028201	0.6653943874748212
BG02621	0.5375045779161325	0.516961179271196
BG02622	0.496703900384545	0.5288809284013917
BG02623	0.6235379280351585	0.601389397546237
BG02624	0.5535244231825671	0.5676959348104745
BG02625	0.5551123878410549	0.5505916956601355
BG02626	0.5192558597326496	0.5164118293352865
BG02627	0.5430409952389673	0.5555759018494782
BG02628	0.5258280305804799	0.4584668558872
BG02629	0.5596559696026369	0.5658075444057868
BG02630	0.5480566746017215	0.5410295733382164
BG02631	0.6138155786485993	0.5956727247756819
BG02632	0.5678590230726974	0.5732008789598971
BG02633	0.598053241164622	0.6516205823109323
BG02634	0.39796397180003673	0.3983187603003113
BG02635	0.5550151071232376	0.5598219190624427
BG02636	0.6302245467863029	0.5846742812671669
BG02637	0.5213273667826406	0.5133904046877861
BG02638	0.552508698040652	0.5496246108771289
BG02639	0.540897958249405	0.5804683208203626
BG02640	0.30650865226149054	0.3475553927852043
BG02641	0.6409683437099433	0.6280729262039921
BG02642	0.5670235533785022	0.56631111518037
BG02643	0.5632353277787951	0.5572182292620401
BG02644	0.5411840780076909	0.4661291430140999
BG02645	0.5615014420435817	0.5549063816150891
BG02646	0.5702939022157114	0.589309421351401
BG02647	0.5245261856802785	0.5218423823475554
BG02648	0.6004251739608131	0.5857729811389853
BG02649	0.5052359915766342	0.5009155832265154
BG02650	0.6171545962277973	0.6345506775315876
BG02651	0.5476475233473723	0.5646687877678083
BG02652	0.5637446209485444	0.5586259384728076
BG02653	0.6370599478117558	0.6368968595495332
BG02654	0.5993207516938288	0.6054351309284016
BG02655	0.702260918329976	0.6837461087712875
BG02656	0.563315441311115	0.56393059879143
BG02657	0.5213359503753894	0.5889718000366232
BG02658	0.5425688976377954	0.563341192089361
BG02659	0.5973951657205641	0.580016251602271
BG02660	0.5504085790148323	0.5652696392602088
BG02661	0.6267367469327962	0.5917242721113349
BG02662	0.5094963147775132	0.5057395623512178
BG02663	0.6242074482695477	0.5787859366416405
BG02664	0.583429660318623	0.5749118751144476
BG02665	0.5223001739608127	0.5245662424464386
BG02666	0.5524142785204175	0.5700478392235856
BG02667	0.5031559009338948	0.5024320179454314
BG02668	0.42972898736495146	0.41010117194652995
BG02669	0.5341369483611061	0.46115065921992304
BG02670	0.5834010483427943	0.5889889672221205
BG02671	0.5468034700604285	0.5414587529756455
BG02672	0.570940532869438	0.601446621497894
BG02673	0.613901414576085	0.5918787767808098
BG02674	0.5456990477934447	0.5372241805530126
BG02675	0.5795298480131847	0.5825684398461825
BG02676	0.5465745742537997	0.5644227247756819
BG02677	0.5986998718183483	0.5957871726789965
BG02678	0.5351755630836843	0.505098654092657
BG02679	0.5770663568943416	0.5594213514008428
BG02680	0.600573956235122	0.6051432887749499
BG02681	0.6087026185680278	0.6106940120856985
BG02682	0.6343761444790331	0.6061332631386194
BG02683	0.4400979674052372	0.37805575901849475
BG02684	0.5552010849661236	0.5641194378318991
BG02685	0.5811092290789233	0.570379738143197
BG02686	0.503318989196118	0.5067638710858816
BG02687	0.5327721571140817	0.5144032686321186
BG02688	0.573664392968321	0.5718160593297932
BG02689	0.5492240432155283	0.5490981505218824
BG02690	0.5633097189159495	0.562969236403589
BG02691	0.579026277238601	0.5535444515656474
BG02692	0.5341512543490206	0.533281450283831
BG02693	0.6160787859366414	0.6125309009338948
BG02694	0.6165966626991395	0.6101561069401209
BG02695	0.5516589223585424	0.5460309467130562
BG02696	0.5771350256363303	0.5606173319904776
BG02697	0.6428767624977112	0.6573887566379787
BG02698	0.6148541933711777	0.6674887841054755
BG02699	0.5980217679912104	0.5965482512360374
BG02700	0.5164948040651896	0.4572365409265704
BG02701	0.6010775270097053	0.604256317524263
BG02702	0.4813535753524997	0.5176593114814136
BG02703	0.5240855612525179	0.4860602453763047
BG02704	0.5350038912287127	0.5203087804431425
BG02705	0.5580823109320637	0.559741805530123
BG02706	0.6123792574620034	0.5663740615271926
BG02707	0.44292483061710314	0.4482237685405603
BG02708	0.5630035707745835	0.5288122596594033
BG02709	0.6066482787035341	0.5992950009155831
BG02710	0.5385002746749679	0.5299910730635413
BG02711	0.5316047885002747	0.48786852224867255
BG02712	0.5344087621314777	0.5474443783189891
BG02713	0.5090413843618383	0.47364264786669136
BG02714	0.5858330662882261	0.5739734023072698
BG02715	0.477596822926204	0.48728483794176897
BG02716	0.5481453717267899	0.5582024812305442
BG02717	0.5935754669474456	0.4913763504852592
BG02718	0.569727385094305	0.5894982603918697
BG02719	0.6225937328328146	0.645829518403223
BG02720	0.5680936412744918	0.5856928676066655
BG02721	0.5604656885185865	0.5605429408533235
BG02722	0.6039558917780625	0.5697159403039737
BG02723	0.5953408258560705	0.582980452298114
BG02724	0.5579650018311664	0.5543570316791798
BG02725	0.6121360556674602	0.6465791521699323
BG02726	0.5277736449368249	0.5198452664347188
BG02727	0.5550837758652262	0.5127323292437286
BG02728	0.5378164484526644	0.5592439571507046
BG02729	0.522114196117927	0.532308643105658
BG02730	0.484106047427211	0.4230967313678814
BG02731	0.6122533647683577	0.6543158304339867
BG02732	0.5343372321919062	0.48443508514924005
BG02733	0.5628633720930234	0.5032045412928035
BG02734	0.5356018815235305	0.5435474272111335
BG02735	0.5147695019227249	0.5433414209851677
BG02736	0.4944120811206738	0.5483942959164986
BG02737	0.5151986815601541	0.4777856619666727
BG02738	0.45354845724226334	0.41118270463285095
BG02739	0.44135117194652995	0.42998077275224317
BG02740	0.535304316974913	0.5571209485442227
BG02741	0.5375503570774582	0.5410982420802051
BG02742	0.5677617423548803	0.5116107397912472
BG02743	0.602290674784838	0.5754268906793629
BG02744	0.44272168558872005	0.3928252609412197
BG02745	0.5556302646035525	0.5557361289141185
BG02746	0.5633583592748581	0.5189010712323752
BG02747	0.5699534197033509	0.5383343252151621
BG02748	0.6750165949459805	0.6767132851126166
BG02749	0.5857701199414029	0.5752952755905515
BG02750	0.5226463788683391	0.5224375114447901
BG02751	0.4378633720930234	0.48335355246291883
BG02752	0.5930060886284565	0.5944424098150519
BG02753	0.5881191631569311	0.5527147042666178
BG02754	0.5284889443325398	0.5382771012635048
BG02755	0.5486003021424648	0.5574642922541657
BG02756	0.464100553927852	0.4174887841054752
BG02757	0.5230211957516939	0.5318165171214062
BG02758	0.5679791933711775	0.5428950741622413
BG02759	0.5688003570774582	0.5579163614722579
BG02760	0.5313186687419883	0.5051787676249772
BG02761	0.4958712918879329	0.42216970335103465
BG02762	0.5639248763962643	0.6012692272477569
BG02763	0.6522414621864125	0.6301329884636513
BG02764	0.5703310977842887	0.5658647683574437
BG02765	0.48669257004211697	0.5179053744735397
BG02766	0.5218194927668924	0.5064777513275956
BG02767	0.5918673319904781	0.5756271745101629
BG02768	0.5690778932429958	0.6198155099798569
BG02769	0.5133360419337117	0.48491004394799486
BG02770	0.5162945202343892	0.5233359274858085
BG02771	0.5266577778795094	0.46745101629738156
BG02772	0.6409740661051089	0.6387909723493864
BG02773	0.54689502838308	0.541618980040286
BG02774	0.5299424327046328	0.5511811023622049
BG02775	0.5180312671671856	0.533258560703168
BG02776	0.6276237181834827	0.6575089269364583
BG02777	0.5088983244826953	0.4519433253982789
BG02778	0.6184449963376673	0.6567249587987547
BG02779	0.5376476377952757	0.5335046236952938
BG02780	0.5999216031862294	0.5860934352682658
BG02781	0.630327549899286	0.6395005493499359
BG02782	0.5879331853140451	0.5631981322102174
BG02783	0.5493642418970883	0.4993476469511079
BG02784	0.5569235259110052	0.5734183299761947
BG02785	0.5493699642922545	0.5587003296099619
BG02786	0.5784712049075261	0.533722074711591
BG02787	0.552508698040652	0.5837644204358178
BG02788	0.6001876945614357	0.5710549807727526
BG02789	0.4185731779893793	0.3563850485259109
BG02790	0.4403526139901117	0.4565555759018495
BG02791	0.5583112067386926	0.5738703991942868
BG02792	0.551727591100531	0.5310554385643657
BG02793	0.5812694561435636	0.6186424189708846
BG02794	0.5738389260208755	0.598110465116279
BG02795	0.48977407983885735	0.4749645211499725
BG02796	0.5166550311298298	0.5102259201611427
BG02797	0.5599649789415859	0.5424258377586525
BG02798	0.3739127449185132	0.3514580662882255
BG02799	0.6214692821827503	0.636410455960447
BG02800	0.509069996337667	0.5065979216260758
BG02801	0.5902250045779163	0.5848802874931329
BG02802	0.5446861838491118	0.5670836385277421
BG02803	0.5881191631569311	0.624044360007325
BG02804	0.5213359503753894	0.5325661508881159
BG02805	0.6206624244643841	0.5645486174693282
BG02806	0.6256952710126351	0.6356322102179089
BG02807	0.684833363852774	0.6547678996520785
BG02808	0.581632828236587	0.5874496429225416
BG02809	0.5150441768906793	0.5262429042299945
BG02810	0.5216192089360923	0.452961911737777
BG02811	0.605835698590002	0.5957185039370081
BG02812	0.5922621772569125	0.5856985900018312
BG02813	0.5989688243911371	0.5770005493499359
BG02814	0.5602024583409633	0.5592325123603734
BG02815	0.5145921076725875	0.5457562717451016
BG02816	0.571249542208387	0.612450787401575
BG02817	0.5030900933894892	0.47730498077275246
BG02818	0.5505287493133129	0.5511811023622049
BG02819	0.5266091375206007	0.5267521973997437
BG02820	0.6021018357443693	0.617629555026552
BG02821	0.5518763733748397	0.5203946163706283
BG02822	0.539727728438015	0.5298594579747299
BG02823	0.6372115912836479	0.6315521424647499
BG02824	0.49058952114997256	0.5309982146127085
BG02825	0.5753696667277057	0.5719076176524446
BG02826	0.5659019639260209	0.5270383171580298
BG02827	0.46431514374656646	0.43807796191173815
BG02828	0.5727345037538913	0.5555644570591465
BG02829	0.5997270417505949	0.590843023255814
BG02830	0.5344087621314777	0.5571667277055482
BG02831	0.5677474363669657	0.5498134499175975
BG02832	0.4826840322285296	0.4300322743087348
BG02833	0.6339126304706101	0.6526277238600993
BG02834	0.5769490477934442	0.5819904779344443
BG02835	0.5670378593664164	0.5556388481963006
BG02836	0.5473814319721664	0.5245719648416038
BG02837	0.5769776597692731	0.522448956235122
BG02838	0.5300883537813588	0.5652181377037174
BG02839	0.5523684993590916	0.5499393426112434
BG02840	0.49297575993407816	0.49061527192821824
BG02841	0.5828173640358911	0.6039644753708114
BG02842	0.597930209668559	0.5793810657388756
BG02843	0.5203688655923822	0.5257107214795825
BG02844	0.5229096090459624	0.51441471342245
BG02845	0.6152805118110236	0.6105051730452301
BG02846	0.5651923869254716	0.5599878685222486
BG02847	0.5629892647866688	0.5520451840322285
BG02848	0.47957104925837774	0.4328991942867608
BG02849	0.5942135140084236	0.5915010986998718
BG02850	0.5476618293352865	0.5404287218458163
BG02851	0.5992864173228347	0.6066997802600259
BG02852	0.6818090780076911	0.6716718549716171
BG02853	0.5356018815235305	0.49611449368247584
BG02854	0.5581567020692182	0.538540331441128
BG02855	0.5599506729536716	0.5516446163706279
BG02856	0.6014351767075626	0.5924452939022155
BG02857	0.6261730910089728	0.6394089910272848
BG02858	0.5064891961179271	0.4373054385643656
BG02859	0.5903737868522246	0.5848974546786302
BG02860	0.5363314869071598	0.5817673045229816
BG02861	0.5187522889580662	0.4810817615821276
BG02862	0.5559421351400844	0.5596159128364768
BG02863	0.514091398095587	0.5373786852224868
BG02864	0.49307590184947814	0.4691047885002747
BG02865	0.5597189159494598	0.5764054202527009
BG02866	0.5253130150155647	0.5540365775498994
BG02867	0.5498306171030944	0.5373329060611611
BG02868	0.5960647088445339	0.6161417322834645
BG02869	0.537435909174144	0.5739791247024353
BG02870	0.5821621497894157	0.5820248123054387
BG02871	0.5115048754806814	0.46987731184764703
BG02872	0.6479782777879508	0.5494815509979857
BG02873	0.5362570957700057	0.5168123969968872
BG02874	0.6372173136788135	0.6158956692913388
BG02875	0.5815040743453579	0.47097028932429963
BG02876	0.5592210675700422	0.545956555575902
BG02877	0.587380974180553	0.52342748580846
BG02878	0.5674498718183483	0.5789461637062806
BG02879	0.45938816150888107	0.4324299578831714
BG02880	0.46237811298297016	0.4430049441494234
BG02881	0.4731219099066106	0.4505070042116828
BG02882	0.5952177943600074	0.6183562992125982
BG02883	0.4893134270280167	0.4406358725508148
BG02884	0.5978672633217363	0.5603941585790151
BG02885	0.5554299807727522	0.5809032228529574
BG02886	0.6169457288042481	0.6100645486174694
BG02887	0.5283659128364767	0.5274274400292988
BG02888	0.4781261444790331	0.5192959164988095
BG02889	0.587998992858451	0.590642739425014
BG02890	0.6095323658670573	0.6138699414026734
BG02891	0.5352442318256727	0.5391469053286941
BG02892	0.6373374839772936	0.6284391594945979
BG02893	0.5625772523347372	0.5587060520051274
BG02894	0.48064685954953296	0.4764408991027284
BG02895	0.593981757004212	0.5893494781175611
BG02896	0.6021304477201977	0.6054408533235672
BG02897	0.5903137017029848	0.6078099249221754
BG02898	0.5540594671305621	0.5296820637245927
BG02899	0.576185108038821	0.5518849569675882
BG02900	0.6008972715619849	0.5826084966123423
BG02901	0.6235407892327416	0.6240443600073247
BG02902	0.6356379326130743	0.6266251602270648
BG02903	0.5841363761215894	0.5508377586522614
BG02904	0.5618190349752794	0.556789049624611
BG02905	0.3835378135872552	0.4573967679912102
BG02906	0.5769204358176159	0.5723310748947079
BG02907	0.4662178401391688	0.42994643838124885
BG02908	0.5907857993041568	0.5434100897271564
BG02909	0.5705285204175059	0.5729719831532686
BG02910	0.5561223905878045	0.5112502288958067
BG02911	0.6308969282182748	0.6172804889214428
BG02912	0.5971004623695293	0.6150544772019774
BG02913	0.5667116828419703	0.5395303058047977
BG02914	0.5633440532869437	0.5637646493316242
BG02915	0.49966810108038806	0.4173400018311667
BG02916	0.3532463147775132	0.4189022157114081
BG02917	0.5908373008606479	0.5718046145394615
BG02918	0.558914919428676	0.49475828602819993
BG02919	0.555312671671855	0.5801478666910822
BG02920	0.5197765976927302	0.47966260758102924
BG02921	0.5418736266251603	0.5395303058047975
BG02922	0.5740992950009154	0.5768632118659586
BG02923	0.46535375846914495	0.43370032960996147
BG02924	0.5631437694561439	0.4729387932613072
BG02925	0.6535290010987	0.6627449185130927
BG02926	0.5001316150888115	0.5433414209851675
BG02927	0.5746944240981504	0.5634270280168469
BG02928	0.5424372825489836	0.5628147317341144
BG02929	0.5616044451565647	0.5945053561618752
BG02930	0.5774983977293537	0.5973436641640724
BG02931	0.5084605612525177	0.49950787401574825
BG02932	0.5780706372459257	0.5869517945431241
BG02933	0.5396676432887749	0.5948658670573157
BG02934	0.6119643838124886	0.6256466306537265
BG02935	0.5036222761399012	0.49517029848013183
BG02936	0.5245662424464386	0.5055678904962462
BG02937	0.6334033373008605	0.6386708020509068
BG02938	0.6782239974363671	0.6360613898553377
BG02939	0.5559964978941587	0.5542769181468595
BG02940	0.5435331212232193	0.49672106757004225
BG02941	0.648101309284014	0.6434661691997804
BG02942	0.6016039873649517	0.5939560062259661
BG02943	0.5516589223585424	0.5593069034975282
BG02944	0.5337134911188427	0.5391125709577
BG02945	0.5473814319721664	0.5250927028016846
BG02946	0.5343687053653177	0.5566402673503019
BG02947	0.562087987548068	0.5699105017396083
BG02948	0.5418879326130743	0.5385918329976196
BG02949	0.6335721479582493	0.6353975920161145
BG02950	0.5300826313861932	0.5222543947994872
BG02951	0.6316179500091557	0.6142933986449367
BG02952	0.5058654550448636	0.5383572147958251
BG02953	0.6055409952389674	0.5352900109869988
BG02954	0.46770280168467326	0.4074745925654643
BG02955	0.5099769959714338	0.42024125618018693
BG02956	0.5711951794543124	0.5293444424098153
BG02957	0.5153159906610512	0.4448704449734482
BG02958	0.5680049441494233	0.5671465848745649
BG02959	0.558551547335653	0.554105246291888
BG02960	0.6324333913202711	0.600370811206739
BG02961	0.5756786760666547	0.577538454495514
BG02962	0.5811378410547519	0.5852751327595679
BG02963	0.5259625068668743	0.5438221021790878
BG02964	0.5668261307452847	0.5823853232008791
BG02965	0.5245662424464386	0.5112673960813037
BG02966	0.6280214246475004	0.5944309650247208
BG02967	0.5884882576451198	0.6179557315509983
BG02968	0.5383429088079108	0.48941929133858264
BG02969	0.5377420573155098	0.5102316425563084
BG02970	0.5015192959164987	0.49440921992309117
BG02971	0.5631437694561439	0.5489322010620766
BG02972	0.505733839956052	0.502311847646951
BG02973	0.5549693279619118	0.4975565372642372
BG02974	0.59096891594946	0.5903451748763962
BG02975	0.5186263962644204	0.47403749313312604
BG02976	0.5549950787401575	0.5379165903680645
BG02977	0.5581938976377953	0.6096983153268636
BG02978	0.5087724317890497	0.5170241256180187
BG02979	0.5157537538912285	0.4688072239516572
BG02980	0.5821535661966675	0.5815841878776781
BG02981	0.5601080388207288	0.47023782274308745
BG02982	0.5311555804797654	0.5166006683757554
BG02983	0.5407520371726791	0.5360453671488743
BG02984	0.5879017121406336	0.5839189251052922
BG02985	0.6431199642922543	0.6312774674967955
BG02986	0.5006924098150521	0.4435714612708295
BG02987	0.5866227568210951	0.4933047976561069
BG02988	0.5701451199414029	0.5441311115180368
BG02989	0.58999896996887	0.606648278703534
BG02990	0.5632582173594581	0.5634213056216812
BG02991	0.5547575993407802	0.5693382622230359
BG02992	0.5676902124153085	0.5626316150888115
BG02993	0.5147008331807363	0.478552462918879
BG02994	0.5483399331624245	0.5510609320637246
BG02995	0.45628948452664353	0.4502151620582311
BG02996	0.6823441219556861	0.688415583226515
BG02997	0.5377649468961728	0.42108244826954777
BG02998	0.5965825856070317	0.5886341787218455
BG02999	0.618565166636147	0.5965482512360374
BG03000	0.5894152856619668	0.5807887749496429
BG03001	0.5797873557956419	0.562969236403589
BG03002	0.5507977018861014	0.5617389214429592
BG03003	0.5474787126899837	0.5402799395715072
BG03004	0.592731413660502	0.5654642006958435
BG03005	0.5059341237868522	0.43804934993590916
BG03006	0.5200798846365136	0.52326725874382
BG03007	0.5540422999450649	0.5379623695293901
BG03008	0.5821507049990844	0.5734240523713606
BG03009	0.5388064228163343	0.5238909998168833
BG03010	0.6150230040285661	0.6083821644387476
BG03011	0.6468652719282184	0.6477007416224135
BG03012	0.5565687374107307	0.553023713605567
BG03013	0.5375503570774582	0.5326348196301044
BG03014	0.5870977156198498	0.5886341787218455
BG03015	0.5996183162424464	0.6118613806995057
BG03016	0.6022077000549351	0.6063564365500824
BG03017	0.641506248855521	0.6037184123786852
BG03018	0.5275991118842708	0.5138996978575349
BG03019	0.5745771149972534	0.6200386833913203
BG03020	0.5631294634682291	0.5390210126350484
BG03021	0.5879017121406336	0.5936527192821827
BG03022	0.6346622642373194	0.5728403680644573
BG03023	0.5386662241347737	0.5031759293169747
BG03024	0.6275521882439115	0.6273633492034427
BG03025	0.5376018586339498	0.5358794176890678
BG03026	0.5755070042116828	0.5324402581944699
BG03027	0.5618247573704451	0.5740592382347555
BG03028	0.5639248763962643	0.5669291338582674
BG03029	0.5217508240249038	0.4661348654092658
BG03030	0.6385134361838489	0.627969923091009
BG03031	0.5091043307086613	0.4804694652993957
BG03032	0.5847687007874016	0.5799647500457793
BG03033	0.5736100302142466	0.5548262680827688
BG03034	0.5677302691814685	0.5616759750961362
BG03035	0.5983565281084051	0.596817203808826
BG03036	0.5351269227247758	0.5381340413843618
BG03037	0.6067627266068489	0.5994723951657207
BG03038	0.5232357855704082	0.5174647500457793
BG03039	0.5461997573704449	0.5525945339681375
BG03040	0.5381483473722762	0.47458112067386937
BG03041	0.5336934627357628	0.4998168833546969
BG03042	0.6885843938839038	0.5269124244643838
BG03043	0.5748632347555391	0.5912035341512545
BG03044	0.5035993865592383	0.481224821461271
BG03045	0.5400510437648781	0.5412470243545141
BG03046	0.5418335698590004	0.5539049624610878
BG03047	0.6275493270463286	0.6243762589269363
BG03048	0.5625	0.5688976377952758
BG03049	0.6008972715619851	0.5898759384728075
BG03050	0.6258812488555212	0.6090345174876399
BG03051	0.5908315784654826	0.5990775498992861
BG03052	0.5400596273576269	0.4341295092473906
BG03053	0.5800935039370079	0.6091832997619482
BG03054	0.5159082585607031	0.5383743819813225
BG03055	0.5614070225233474	0.5496532228529573
BG03056	0.551218297930782	0.5528291521699324
BG03057	0.5229811389855337	0.5124462094854424
BG03058	0.5915354330708664	0.5637360373557955
BG03059	0.5154991073063541	0.5250869804065189
BG03060	0.5543713376670938	0.5294131111518037
BG03061	0.549498718183483	0.5401082677165354
BG03062	0.5797186870536535	0.6107855704083501
BG03063	0.5559020783739241	0.5365546603186231
BG03064	0.5585515473356528	0.5841020417505949
BG03065	0.5348608313495697	0.4962117744002931
BG03066	0.5016251602270646	0.5187408441677347
BG03067	0.5560823338216445	0.5715013275956782
BG03068	0.576851767075627	0.5627403405969603
BG03069	0.6147855246291889	0.5760048525911005
BG03070	0.516263047060978	0.5206120673869254
BG03071	0.5848030351583959	0.5792151162790699
BG03072	0.5040915125434903	0.5146378868339134
BG03073	0.561455662882256	0.5480738417872185
BG03074	0.47628067203808827	0.4381523530488921
BG03075	0.6230829976194835	0.6370685314045047
BG03076	0.550420023805164	0.5561538637612161
BG03077	0.609867125984252	0.6264992675334188
BG03078	0.5117423548800586	0.5233473722761399
BG03079	0.5199940487090277	0.508440532869438
BG03080	0.6085366691082219	0.5912321461270827
BG03081	0.5755957013367515	0.5735842794360009
BG03082	0.5036222761399012	0.5080971891594946
BG03083	0.5298136788134042	0.43098219190624415
BG03084	0.5892865317707379	0.5925082402490388
BG03085	0.6039415857901482	0.60808459989013
BG03086	0.5837730040285664	0.5726229170481597
BG03087	0.6373346227797108	0.6268139992675336
BG03088	0.6058328373924189	0.6160787859366416
BG03089	0.569727385094305	0.542820683025087
BG03090	0.5763281679179637	0.5635872550814872
BG03091	0.508331807361289	0.514477659769273
BG03092	0.5788288546053837	0.5733210492583777
BG03093	0.6095295046694743	0.6216295092473907
BG03094	0.530858015931148	0.550053790514558
BG03095	0.5840934581578465	0.6001247482146127
BG03096	0.5797673274125619	0.5798789141182936
BG03097	0.5247579426844899	0.5411898004028566
BG03098	0.575441196667277	0.5788717725691266
BG03099	0.6120616645303059	0.5785227064640177
BG03100	0.5408979582494049	0.5446861838491118
BG03101	0.5514357489470791	0.5588777238600988
BG03102	0.5180312671671856	0.5339853048892145
BG03103	0.5564342611243362	0.5446575718732833
BG03104	0.4706097784288593	0.4556914942318259
BG03105	0.3792116828419703	0.34364699688701705
BG03106	0.5462483977293537	0.559203900384545
BG03107	0.61721754257462	0.5921420069584328
BG03108	0.6038757782457427	0.5843996062992127
BG03109	0.5263630745284746	0.46998603735579564
BG03110	0.5521081303790514	0.556113806995056
BG03111	0.5635786714887385	0.57389328877495
BG03112	0.5033275727888665	0.4611563816150888
BG03113	0.6441528566196668	0.6130516388939754
BG03114	0.5663111151803696	0.5698189434169567
BG03115	0.6111403589086251	0.5822880424830619
BG03116	0.6620439251052921	0.6459153543307089
BG03117	0.591724272111335	0.5525315876213148
BG03118	0.644124244643838	0.6882668009522066
BG03119	0.6019988326313861	0.5667746291887934
BG03120	0.5556302646035525	0.5583340963193554
BG03121	0.47895016938289686	0.40497962827321
BG03122	0.5659763550631755	0.5523713605566748
BG03123	0.5383028520417507	0.5353014557773303
BG03124	0.5869661005310383	0.5386833913202713
BG03125	0.5182887749496431	0.5315361197582861
BG03126	0.3714063358359275	0.45906198498443507
BG03127	0.5652839452481232	0.508560703167918
BG03128	0.6235694012085697	0.5975038912287127
BG03129	0.5226091832997619	0.5383743819813217
BG03130	0.5291927989379235	0.5086980406518953
BG03131	0.5390152902398827	0.5550379967039004
BG03132	0.5416990935726058	0.5256706647134225
BG03133	0.5848545367148874	0.6205536989562352
BG03134	0.5533928080937556	0.5854868613806995
BG03135	0.5622081578465481	0.598293581761582
BG03136	0.5572096456692913	0.5515931148141363
BG03137	0.6055667460172128	0.6417551730452299
BG03138	0.650132759567845	0.6600153360190442
BG03139	0.5639821003479217	0.5534185588720014
BG03140	0.5743997207471161	0.5479822834645671
BG03141	0.5593841558322651	0.5696587163523167
BG03142	0.5754240294817798	0.49297862113166063
BG03143	0.5886627906976746	0.5791235579564186
BG03144	0.6596290743453581	0.6352373649514743
BG03145	0.5982849981688336	0.5666029573338217
BG03146	0.5463542620399191	0.562711728621132
BG03147	0.6186624473539643	0.616622413477385
BG03148	0.5500595129097234	0.5582139260208753
BG03149	0.5248065830433988	0.49626327595678454
BG03150	0.5200140770921075	0.5323258102911552
BG03151	0.5053389946896172	0.5054362754074345
BG03152	0.6341014695110788	0.6265851034609048
BG03153	0.5877071507049989	0.5490924281267169
BG03154	0.5345575444057864	0.47341375206006236
BG03155	0.5064262497711043	0.5627231734114633
BG03156	0.5947313907709212	0.5990260483427945
BG03157	0.5445116507965573	0.5525601995971433
BG03158	0.5583112067386926	0.5557761856802782
BG03159	0.5231385048525912	0.5126007141549168
BG03160	0.587380974180553	0.5686859091741441
BG03161	0.5826657205639993	0.5449265244460724
BG03162	0.5700049212598424	0.5591981779893792
BG03163	0.6224907297198317	0.6478323567112253
BG03164	0.5462197857535248	0.49435199597143376
BG03165	0.4641491942867606	0.4787870811206739
BG03166	0.47852385094305055	0.4825238051638894
BG03167	0.5165148324482697	0.5260769547701886
BG03168	0.449050654642007	0.3984847097601172
BG03169	0.4600977385094305	0.4350565372642376
BG03170	0.5796957974729902	0.5629005676616002
BG03171	0.5110041659036808	0.5263172953671487
BG03172	0.6064079381065738	0.6230772752243183
BG03173	0.6668850714154915	0.6442444149423183
BG03174	0.5460223631203075	0.524182841970335
BG03175	0.5970976011719464	0.594036119758286
BG03176	0.4989156061160962	0.49297289873649514
BG03177	0.5692352591100531	0.574442638710859
BG03178	0.6244735396447536	0.6307452847463836
BG03179	0.5363314869071598	0.517058459989013
BG03180	0.6239642464750048	0.5915983794176892
BG03181	0.5208266572056399	0.5202401117011536
BG03182	0.5734040239882807	0.5797015198681562
BG03183	0.644888184398462	0.6232603918696212
BG03184	0.589466787218458	0.5810462827321005
BG03185	0.5506174464383815	0.5488463651345907
BG03186	0.5456990477934447	0.5506832539827868
BG03187	0.4151855200512726	0.39393540560336926
BG03188	0.5808345541109687	0.4808185314045044
BG03189	0.5411154092657022	0.5445316791796376
BG03190	0.5418736266251603	0.554042299945065
BG03191	0.5291784929500092	0.538843618384911
BG03192	0.589675654642007	0.5662996703900387
BG03193	0.5554700375389124	0.527993957150705
BG03194	0.5482941540010987	0.5653497527925289
BG03195	0.45476160501739604	0.42376052920710494
BG03196	0.5591037584691447	0.5619563724592566
BG03197	0.5722824345357993	0.5755298937923458
BG03198	0.5360110327778793	0.5917586064823293
BG03199	0.5600593984618201	0.5767258743819813
BG03200	0.5489608130379051	0.5168982329243731
BG03201	0.5966312259659403	0.5000572239516574
BG03202	0.5890061344076176	0.6152089818714522
BG03203	0.5198652948177991	0.48122482146127077
BG03204	0.3682761856802785	0.3692318256729537
BG03205	0.6225908716352317	0.5691036440212414
BG03206	0.6041733427943601	0.6188026460355244
BG03207	0.5974810016480498	0.627105841420985
BG03208	0.5022260117194652	0.4938198132210216
BG03209	0.5756700924739059	0.45527948177989375
BG03210	0.38229033144112795	0.49501007141549164
BG03211	0.5839961774400295	0.593687053653177
BG03212	0.6002449185130929	0.609229078923274
BG03213	0.5652124153085516	0.4904664896539095
BG03214	0.5133675151071233	0.5181686046511627
BG03215	0.5858359274858087	0.5956555575901848
BG03216	0.6002449185130929	0.609480864310566
BG03217	0.5547289873649512	0.5479365043032414
BG03218	0.525250068668742	0.4351767075627174
BG03219	0.6032434535799304	0.6027169932246841
BG03220	0.5045750549349934	0.4774251510712327
BG03221	0.32775876670939397	0.4305244002929867
BG03222	0.5646172862113166	0.5559535799304156
BG03223	0.5682738967222122	0.5488520875297564
BG03224	0.521378868339132	0.552039461637063
BG03225	0.5798445797472989	0.5904481779893789
BG03226	0.5417391503387657	0.5320797472990297
BG03227	0.5444343984618203	0.5323258102911553
BG03228	0.5855755585057679	0.5650064090825856
BG03229	0.6153119849844351	0.6099615455044864
BG03230	0.5941276780809377	0.6090001831166452
BG03231	0.5745084462552645	0.5748947079289509
BG03232	0.5868716810108039	0.6124107306354151
BG03233	0.5432470014649331	0.5545058139534882
BG03234	0.5582196484160411	0.5730520966855888
BG03235	0.6028657754989929	0.5893780900933895
BG03236	0.5557475737044498	0.5389408991027284
BG03237	0.5519078465482513	0.530374473539645
BG03238	0.5348465253616551	0.5634785295733387
BG03239	0.5092302234023072	0.5041887932613075
BG03240	0.5501167368613809	0.5338193554294084
BG03241	0.5568834691448453	0.5692810382713791
BG03242	0.5577446896172862	0.5693725965940306
BG03243	0.5955639992675332	0.5941448452664346
BG03244	0.450687259659403	0.42392075627174525
BG03245	0.5711150659219923	0.5588834462552646
BG03246	0.6044909357260575	0.6048285570408348
BG03247	0.4570219511078558	0.46947102179088074
BG03248	0.6301100988829885	0.6423960813037906
BG03249	0.522852385094305	0.5444000640908259
BG03250	0.5882507782457427	0.5780935268265881
BG03251	0.5893351721296467	0.5944309650247207
BG03252	0.5675099569675883	0.564874793993774
BG03253	0.4884636513459072	0.5689148049807727
BG03254	0.5854725553927853	0.5726400842336571
BG03255	0.5889374656656289	0.5773610602453761
BG03256	0.45395474729902957	0.40465345174876427
BG03257	0.6334033373008605	0.6152089818714521
BG03258	0.551275521882439	0.5371612342061894
BG03259	0.5594242125984255	0.56897202893243
BG03260	0.5647717908807912	0.49959370994323393
BG03261	0.6134321781724958	0.49661234206189375
BG03262	0.5392298800585973	0.548062396996887
BG03263	0.6042362891411829	0.6008457700054938
BG03264	0.49048937923457236	0.4252884087163527
BG03265	0.5835641366050169	0.5321884728071784
BG03266	0.5476618293352865	0.5367206097784291
BG03267	0.5460938930598792	0.5759705182201065
BG03268	0.6150344488188977	0.5957928950741627
BG03269	0.486157526094122	0.49788271378868343
BG03270	0.5509178721845815	0.5951233748397732
BG03271	0.5709119208936093	0.5783453122138801
BG03272	0.5630894067020692	0.5716901666361478
BG03273	0.5508348974546784	0.5425688976377949
BG03274	0.45611495147408904	0.3902215711408165
BG03275	0.6518809512909726	0.6485591008972715
BG03276	0.48577984801318447	0.5214303698956237
BG03277	0.5119283327229444	0.5124519318806079
BG03278	0.5745685314045047	0.5441253891228713
BG03279	0.4875051501556492	0.4446472715619852
BG03280	0.5894152856619668	0.5743625251785388
BG03281	0.6280214246475004	0.6226709851675517
BG03282	0.5927657480314961	0.5896813770371729
BG03283	0.5892378914118295	0.6440841878776781
BG03284	0.5892407526094123	0.5184318348287857
BG03285	0.6186481413660503	0.6280729262039918
BG03286	0.5939903405969603	0.5708604193371176
BG03287	0.5626258926936458	0.5483771287310016
BG03288	0.5737817020692179	0.5591752884087166
BG03289	0.6090316562900568	0.5873123054385645
BG03290	0.6371801181102363	0.5633583592748578
BG03291	0.5439794680461453	0.5821735945797473
BG03292	0.6162018174327049	0.6023622047244098
BG03293	0.6009287447353966	0.6015267350302144
BG03294	0.5737015885368981	0.5590265061344076
BG03295	0.5049012314594397	0.5233988738326315
BG03296	0.538294268449002	0.552548754806812
BG03297	0.5260569263871087	0.49306445705914687
BG03298	0.5957671442959165	0.6010746658121223
BG03299	0.581403932429958	0.5727716993224684
BG03300	0.473848654092657	0.4645383171580296
BG03301	0.5872464978941587	0.5737273393151437
BG03302	0.5727602545321369	0.6068313953488369
BG03303	0.5951720151986815	0.5517361746932796
BG03304	0.4601406564731734	0.46695316791796365
BG03305	0.4928441448452664	0.49066105108954405
BG03306	0.5787115455044862	0.5594442409815055
BG03307	0.5264117148873833	0.5324059238234755
BG03308	0.49020898187145223	0.47970266434718906
BG03309	0.5571838948910457	0.5643254440578648
BG03310	0.5808517212964657	0.5950203717267901
BG03311	0.5260941219556858	0.4594224958798756
BG03312	0.5529893792345724	0.5670321369712509
BG03313	0.6477636879692366	0.6246967130562168
BG03314	0.4971674143929683	0.4664209851675518
BG03315	0.553261193004944	0.5371612342061897
BG03316	0.6306422816334007	0.6158441677348472
BG03317	0.5320625801135324	0.4832791613257646
BG03318	0.548514466214979	0.4659803607397916
BG03319	0.5756042849295	0.5713639901117011
BG03320	0.6159872276139902	0.6127082951840325
BG03321	0.583429660318623	0.5823567112250504
BG03322	0.5642424693279617	0.552920710492584
BG03323	0.5286176982237687	0.4964063358359276
BG03324	0.5190040743453581	0.5017510529207104
BG03325	0.5371497894158581	0.5064720289324302
BG03326	0.6140187236769823	0.6052691814685959
BG03327	0.5561166681926385	0.5054534425929318
BG03328	0.43825535616187516	0.370130241713972
BG03329	0.5865769776597693	0.5983565281084047
BG03330	0.556053721845816	0.5613269089910271
BG03331	0.5511324620032962	0.5579907526094121
BG03332	0.5213359503753894	0.5070271012635048
BG03333	0.5132273164255632	0.5200856070316792
BG03334	0.6231001648049809	0.5712037630470608
BG03335	0.6027656335835927	0.6021905328694378
BG03336	0.6640467634132945	0.6742011536348655
BG03337	0.6320900476103279	0.631534975279253
BG03338	0.44981173319904777	0.48149949642922557
BG03339	0.5608662561801868	0.5648175700421167
BG03340	0.5912235625343343	0.5813037905145578
BG03341	0.5568319675883536	0.5589921717634133
BG03342	0.5547204037722031	0.5549578831715805
BG03343	0.6102705548434355	0.6036211316608682
BG03344	0.47895016938289686	0.41435863394982614
BG03345	0.6071661554660319	0.5962220747115913
BG03346	0.5115935726057499	0.5524400292986629
BG03347	0.5785513184398463	0.5837873100164808
BG03348	0.606181903497528	0.5185806171030948
BG03349	0.5473785707745835	0.5809947811756089
BG03350	0.5639048480131845	0.5345117652444605
BG03351	0.5884110053103828	0.5507805347006041
BG03352	0.5691293947994872	0.5782251419154002
BG03353	0.46354262039919436	0.43431262589269376
BG03354	0.5966455319538547	0.5909918055301225
BG03355	0.5671236952939022	0.5637417597509613
BG03356	0.4675511582127815	0.4393769456143566
BG03357	0.5295761994140268	0.5158453122138803
BG03358	0.4873163111151802	0.4952961911737777
BG03359	0.5417963742904233	0.5312213880241712
BG03360	0.45400624885552104	0.424927897820912
BG03361	0.5340511124336202	0.5394788042483062
BG03362	0.5322256683757552	0.5236334920344262
BG03363	0.4649760803882073	0.46984869987181843
BG03364	0.6010374702435453	0.6035696301043765
BG03365	0.510572125068669	0.5345060428492948
BG03366	0.5606945843252154	0.5241427852041749
BG03367	0.5756328969053286	0.5826485533785023
BG03368	0.6122533647683577	0.6053893517670755
BG03369	0.5405603369346272	0.5570866141732282
BG03370	0.6044737685405603	0.6061332631386191
BG03371	0.5392956876030031	0.5058082310932062
BG03372	0.5090957471159128	0.562912012451932
BG03373	0.5185777559055116	0.5218824391137152
BG03374	0.480712667093939	0.5088010437648783
BG03375	0.6090831578465481	0.6171030946713055
BG03376	0.639051341329427	0.6280900933894895
BG03377	0.49927325581395354	0.43030694927668905
BG03378	0.6006941265336019	0.5840104834279435
BG03379	0.557830525544772	0.5117194652993958
BG03380	0.5210240798388575	0.5300711865958615
BG03381	0.5482941540010987	0.5377563633034241
BG03382	0.4356373603735581	0.4118522248672404
BG03383	0.5444544268449003	0.5895154275773669
BG03384	0.6084336659952387	0.5843137703717267
BG03385	0.5811578694378317	0.6224363669657572
BG03386	0.4158321507049991	0.3647969694195203
BG03387	0.5899760803882073	0.5689491393517673
BG03388	0.5470724226332174	0.5609034517487639
BG03389	0.512162950924739	0.49038065372642375
BG03390	0.5390381798205457	0.5013504852591102
BG03391	0.5358536669108223	0.5356161875114447
BG03392	0.5413214154916686	0.56623100164805
BG03393	0.5647431789049624	0.5490466489653911
BG03394	0.558551547335653	0.5627517853872919
BG03395	0.42447010620765424	0.36364676799121054
BG03396	0.4668329976194836	0.48663248489287675
BG03397	0.5002145898187146	0.49158807910639096
BG03398	0.5950890404687785	0.5747859824208021
BG03399	0.578734435085149	0.5549235488005861
BG03400	0.5067495650979672	0.5003776780809375
BG03401	0.5879017121406336	0.5763253067203808
BG03402	0.5343687053653178	0.5408979582494051
BG03403	0.5986912882255997	0.5837930324116463
BG03404	0.5995210355246291	0.6155294360007323
BG03405	0.5417248443508513	0.5384773850943052
BG03406	0.6301301272660685	0.6051661783556126
BG03407	0.5118539415857903	0.48203167917963785
BG03408	0.6359698315326865	0.6203190807544404
BG03409	0.5280826542757737	0.5306090917414393
BG03410	0.6143592061893428	0.6066997802600259
BG03411	0.5635014191540011	0.5277765061344077
BG03412	0.535656244277605	0.5576931880607948
BG03413	0.5708718641274493	0.580170756271745
BG03414	0.6492343435268265	0.6666418696209484
BG03415	0.38208718641274486	0.533224226332174
BG03416	0.6205823109320635	0.6145280168467315
BG03417	0.557524377403406	0.5943794634682291
BG03418	0.5196535661966672	0.5176650338765795
BG03419	0.4833678584508331	0.48195728804248295
BG03420	0.6172862113166091	0.5708890313129462
BG03421	0.562356940120857	0.5833524079838862
BG03422	0.5187465665629007	0.48010323200878946
BG03423	0.5928115271928218	0.5963765793810656
BG03424	0.5883709485442228	0.5794096777147043
BG03425	0.63282251419154	0.5786371543673317
BG03426	0.599953076359641	0.591638436183849
BG03427	0.6361472257828237	0.6110373557956419
BG03428	0.5723367972898736	0.5776242904229997
BG03429	0.43677611701153646	0.3979525270097052
BG03430	0.5557275453213697	0.5376762497711042
BG03431	0.5927628868339133	0.6332173594579745
BG03432	0.5099140496246111	0.5120856985900021
BG03433	0.5458592748580845	0.5840104834279439
BG03434	0.5456332402490386	0.5514958340963192
BG03435	0.531948132210218	0.5048812030763599
BG03436	0.6142562030763599	0.6045195477018861
BG03437	0.5039656198498442	0.5044062442776047
BG03438	0.4961803012268815	0.5277250045779159
BG03439	0.5874725325032042	0.6126339040468775
BG03440	0.6176610281999637	0.6216008972715621
BG03441	0.6430799075260941	0.6229113257645117
BG03442	0.5204604239150339	0.5053161051089545
BG03443	0.5045750549349934	0.46232947262406143
BG03444	0.48626052920710494	0.47855818531404487
BG03445	0.5407520371726791	0.5331612799853506
BG03446	0.6190487090276509	0.6255722395165718
BG03447	0.6482272019776597	0.6731081761582124
BG03448	0.5332757278886651	0.5160112616736859
BG03449	0.49453797381431974	0.45705342428126733
BG03450	0.4928298388573523	0.46347395165720606
BG03451	0.5960189296832084	0.5972864402124154
BG03452	0.5065492812671671	0.4617515107123234
BG03453	0.5125406290056767	0.5034162699139351
BG03454	0.4838056216810107	0.4413912287126901
BG03455	0.5659277147042665	0.5887657938106573
BG03456	0.4683208203625709	0.4584096319355428
BG03457	0.5616616691082219	0.6028657754989928
BG03458	0.5867400659219923	0.5932864859915765
BG03459	0.5055306949276689	0.5189525727888665
BG03460	0.5039398690715985	0.4781404504669474
BG03461	0.5213960355246292	0.5286234206189341
BG03462	0.6159357260574989	0.5929145303058051
BG03463	0.5620479307819081	0.5605200512726608
BG03464	0.5934495742537996	0.5323315326863216
BG03465	0.4656341558322651	0.4133686595861565
BG03466	0.5688404138436185	0.596433803332723
BG03467	0.556434261124336	0.5584828785936641
BG03468	0.6070230955868889	0.5407777879509246
BG03469	0.5334388161508883	0.47915903680644556
BG03470	0.5830119254715254	0.5957299487273396
BG03471	0.5407806491485072	0.5384258835378131
BG03472	0.5312929179637431	0.5483084599890129
BG03473	0.6139414713422451	0.5877929866324847
BG03474	0.5722938793261306	0.5855211957516938
BG03475	0.5037653360190444	0.5099054660318623
BG03476	0.5304402810840507	0.500572239516572
BG03477	0.538294268449002	0.5430953579930413
BG03478	0.5045721937374109	0.5148725050357076
BG03479	0.579910387291705	0.610894295916499
BG03480	0.5769776597692731	0.5837243636696574
BG03481	0.5000886971250686	0.43738555209668556
BG03482	0.5070356848562534	0.4605784197033509
BG03483	0.6429110968687053	0.6390141457608498
BG03484	0.49420893609229094	0.45667574620032986
BG03485	0.554511536348654	0.5035249954220841
BG03486	0.589752906976744	0.5681823383995608
BG03487	0.5080456876030031	0.5196850393700791
BG03488	0.5707717222120492	0.5651780809375575
BG03489	0.5862021607764143	0.5769032686321188
BG03490	0.5811035066837577	0.5256077183665998
BG03491	0.587380974180553	0.5993980040285661
BG03492	0.5368865592382347	0.47745948544222666
BG03493	0.5997356253433437	0.5991004394799486
BG03494	0.5417248443508516	0.5426146767991212
BG03495	0.5180140999816882	0.5775556216810106
BG03496	0.5361855658304342	0.5180312671671858
BG03497	0.4769873878410547	0.4799143929683209
BG03498	0.564705983336385	0.5059627357626805
BG03499	0.5247579426844899	0.4998626625160228
BG03500	0.5689405557590185	0.6172404321552835
BG03501	0.5398021195751693	0.5761193004944147
BG03502	0.5875812580113533	0.6057784746383443
BG03503	0.5869661005310383	0.5746658121223219
BG03504	0.6220644112799854	0.6114436458524078
BG03505	0.5327435451382531	0.518660730635415
BG03506	0.5331212232191906	0.4888127174510163
BG03507	0.532254280351584	0.5560394158579015
BG03508	0.578491233290606	0.5826714429591653
BG03509	0.5070557132393336	0.46773713605566747
BG03510	0.5417420115363487	0.5524400292986634
BG03511	0.6098213468229261	0.6034322926203993
BG03512	0.5091329426844899	0.5321884728071784
BG03513	0.5772752243178906	0.581950421168284
BG03514	0.6093320820362574	0.5495044405786489
BG03515	0.565921992309101	0.5676673228346456
BG03516	0.574376831166453	0.5762680827687238
BG03517	0.5569778886650796	0.5632267441860467
BG03518	0.48444366874198863	0.4716684215345175
BG03519	0.5277679225416589	0.49866095953122147
BG03520	0.5124061527192821	0.5273644936824758
BG03521	0.6033693462735763	0.6007599340780075
BG03522	0.5365432155282917	0.5372527925288405
BG03523	0.47660684856253455	0.47590299395715063
BG03524	0.4530277192821829	0.4288591832997619
BG03525	0.5996183162424464	0.5637417597509612
BG03526	0.544525956784472	0.529304385643655
BG03527	0.6349569675883536	0.605480910089727
BG03528	0.5012446209485443	0.5546374290423002
BG03529	0.5865769776597693	0.5960217908807911
BG03530	0.5754955594213513	0.5834210767258742
BG03531	0.588265084233657	0.5177165354330708
BG03532	0.5576302417139719	0.5588376670939389
BG03533	0.34990443600073257	0.40250755356161855
BG03534	0.5440166636147228	0.5254360465116278
BG03535	0.4728386513459074	0.4930244002929869
BG03536	0.5084605612525182	0.4735911463101999
BG03537	0.5232300631752429	0.5102945889031314
BG03538	0.5556302646035525	0.5327321003479217
BG03539	0.5635872550814871	0.5795126808276871
BG03540	0.5930203946163708	0.5778474638344626
BG03541	0.5908516068485625	0.5885655099798575
BG03542	0.5003776780809376	0.4950959073429775
BG03543	0.5883165857901482	0.607043123969969
BG03544	0.5411898004028568	0.5343343709943236
BG03545	0.45287893700787407	0.4534368705365317
BG03546	0.5445860419337117	0.5041945156564729
BG03547	0.5584370994323385	0.45842107672587457
BG03548	0.5199368247573706	0.519290194103644
BG03549	0.5687402719282182	0.5553698956235121
BG03550	0.6067140862479399	0.5961591283647684
BG03551	0.6056783327229445	0.5940418421534518
BG03552	0.44144845266434707	0.43481047427211134
BG03553	0.5153474638344626	0.504509247390588
BG03554	0.5229696941952022	0.4446186595861565
BG03555	0.5221456692913384	0.5379795367148872
BG03556	0.587380974180553	0.5537676249771103
BG03557	0.6194893334554112	0.6246738234755542
BG03558	0.581403932429958	0.5098596868705364
BG03559	0.526111289141183	0.509504898370262
BG03560	0.5797673274125619	0.5715242171763412
BG03561	0.524099867240432	0.4810703167917962
BG03562	0.4911531770737961	0.4992160318622964
BG03563	0.587506866874199	0.6035581853140453
BG03564	0.5528663477385094	0.49157663431605925
BG03565	0.5925454358176157	0.6027799395715067
BG03566	0.626313289690533	0.5846399468961728
BG03567	0.29607100347921633	0.349323612891412
BG03568	0.619412081120674	0.6131145852407982
BG03569	0.5291784929500092	0.5538591832997624
BG03570	0.6258926936458524	0.6259899743636698
BG03571	0.6001276094121956	0.5903680644570592
BG03572	0.5584370994323385	0.5668604651162793
BG03573	0.5055221113349204	0.46776574803149645
BG03574	0.5641881065738873	0.48382278886650804
BG03575	0.5863595266434721	0.6726904413111151
BG03576	0.5889374656656289	0.5954152169932247
BG03577	0.557916361472258	0.5487719739974362
BG03578	0.5577733015931149	0.552960767258744
BG03579	0.6075466947445523	0.6036211316608677
BG03580	0.5185405603369349	0.5377678080937556
BG03581	0.609990157480315	0.5691608679728986
BG03582	0.5847687007874016	0.60411325764512
BG03583	0.6595546832082038	0.654258606482329
BG03584	0.5819675883537812	0.5712094854422268
BG03585	0.5658332951840319	0.5641366050173962
BG03586	0.5118682475737045	0.5001030031129831
BG03587	0.5382627952755907	0.5696873283281453
BG03588	0.5364459348104742	0.5729433711774402
BG03589	0.5373672404321556	0.4743293352865777
BG03590	0.6369769730818531	0.606528108405054
BG03591	0.4592851583958982	0.47444950558505755
BG03592	0.5325175105292071	0.5152158487456513
BG03593	0.6259699459805894	0.596044680461454
BG03594	0.6087026185680278	0.5861907159860833
BG03595	0.5015622138802418	0.510752380516389
BG03596	0.5598390862479401	0.5613784105475186
BG03597	0.5487462232191906	0.5673182567295367
BG03598	0.5596559696026369	0.5529836568394069
BG03599	0.5777902398828052	0.5432155282915214
BG03600	0.6245364859915767	0.6330914667643289
BG03601	0.5599506729536716	0.5846113349203442
BG03602	0.5736100302142466	0.453351034609046
BG03603	0.517939708844534	0.45554843435268255
BG03604	0.5868516526277241	0.5874496429225415
BG03605	0.5165749175975096	0.5319595770005492
BG03606	0.5787058231093208	0.5460824482695475
BG03607	0.5888716581212233	0.47028932429957887
BG03608	0.5534586156381616	0.542517396081304
BG03609	0.6175465802966489	0.6024995422083868
BG03610	0.555312671671855	0.5675070957700054
BG03611	0.6014552050906428	0.6049716169199781
BG03612	0.5977613990111702	0.5788259934078007
BG03613	0.6142705090642742	0.5221285021058413
BG03614	0.6738892830983338	0.6715230726973082
BG03615	0.6126339040468777	0.6075009155832265
BG03616	0.6090116279069766	0.5982993041567478
BG03617	0.5400911005310383	0.4447102179088081
BG03618	0.5502655191356896	0.5262886833913203
BG03619	0.6159872276139902	0.6023564823292435
BG03620	0.5917271333089177	0.6110659677714704
BG03621	0.5409494598058964	0.530637703717268
BG03622	0.5817901941036443	0.47138802417139725
BG03623	0.5873466398095588	0.5506317524262956
BG03624	0.5854668329976196	0.5698418329976194
BG03625	0.4746583730086064	0.4602865775498995
BG03626	0.5874153085515476	0.5799819172312762
BG03627	0.3183082310932064	0.46221502472074727
BG03628	0.6098242080205092	0.6291430140999816
BG03629	0.49889557773301596	0.4834737227613991
BG03630	0.5404716398095587	0.582127815418422
BG03631	0.5572668696209486	0.6054751876945613
BG03632	0.5769175746200332	0.597864402124153
BG03633	0.5865483656839408	0.5915468778611978
BG03634	0.6135580708661421	0.5754612250503569
BG03635	0.5765227293535984	0.5792666178355612
BG03636	0.5758703763047062	0.5219167734847097
BG03637	0.4506958432521516	0.5089154916681924
BG03638	0.5897729353598244	0.45880447720197765
BG03639	0.5941591512543491	0.607094625526461
BG03640	0.5270383171580297	0.5741794085332359
BG03641	0.530285776414576	0.55495788317158
BG03642	0.5396676432887749	0.5520680736128911
BG03643	0.5675671809192455	0.5212358084599891
BG03644	0.6241845586888848	0.6669165445889033
BG03645	0.5631294634682291	0.5504829701519867
BG03646	0.5458907480314963	0.5858988738326313
BG03647	0.5796156839406701	0.5602739882805348
BG03648	0.5777358771287309	0.5757874015748029
BG03649	0.5004978483794176	0.47138802417139725
BG03650	0.5703253753891226	0.5760735213330894
BG03651	0.535656244277605	0.5257736678264056
BG03652	0.5773324482695477	0.5542540285661968
BG03653	0.5206092061893426	0.5099226332173595
BG03654	0.5771722212049077	0.5679305530122687
BG03655	0.5752294680461456	0.5699963376670939
BG03656	0.4835509750961363	0.5136364676799121
BG03657	0.5892378914118293	0.5774068394067019
BG03658	0.5076823155099799	0.5023690715986082
BG03659	0.5484715482512361	0.5494586614173229
BG03660	0.5644227247756821	0.5482569584325216
BG03661	0.5140599249221753	0.495433528657755
BG03662	0.5254818256729537	0.5446346822926201
BG03663	0.6029144158579015	0.5593698498443508
BG03664	0.5445116507965573	0.4244872733931515
BG03665	0.6161245650979674	0.6093149148507596
BG03666	0.5924567386925472	0.5904138436183849
BG03667	0.50498134499176	0.4971159128364769
BG03668	0.5049126762497711	0.4650018311664531
BG03669	0.5717416681926388	0.5735213330891777
BG03670	0.557341260758103	0.5860075993407797
BG03671	0.5926484389305988	0.575787401574803
BG03672	0.6023736495147411	0.5857729811389859
BG03673	0.5262629326130746	0.5103289232741258
BG03674	0.5862021607764144	0.5747516480498076
BG03675	0.5692152307269729	0.5575844625526462
BG03676	0.5105950146493317	0.5298136788134041
BG03677	0.5748832631386194	0.5139168650430326
BG03678	0.5944195202343893	0.558980726973082
BG03679	0.6155837987548067	0.6119186046511628
BG03680	0.5690178080937556	0.585458249404871
BG03681	0.5179797656106941	0.4842462461087714
BG03682	0.5707717222120492	0.5502311847646949
BG03683	0.5858902902398828	0.5824482695477021
BG03684	0.5121400613440762	0.46804614539461636
BG03685	0.6040817844717086	0.6177153909540377
BG03686	0.56504074345358	0.558282594762864
BG03687	0.5356018815235305	0.517310245376305
BG03688	0.569664438747482	0.5655843709943236
BG03689	0.48515610694012096	0.4975450924739058
BG03690	0.4992160318622964	0.499061527192822
BG03691	0.5773353094671305	0.4823063541475918
BG03692	0.5708604193371177	0.5469522523347373
BG03693	0.5923909311481412	0.6159700604284934
BG03694	0.6015496246108771	0.5906084050540196
BG03695	0.6721124793993777	0.661617606665446
BG03696	0.49691562900567676	0.4406072605749864
BG03697	0.571249542208387	0.5839704266617837
BG03698	0.6409797885002746	0.6371200329609963
BG03699	0.5995238967222121	0.5645486174693283
BG03700	0.5795956555575901	0.5205605658304341
BG03701	0.5940017853872918	0.5753982787035347
BG03702	0.41773484709760117	0.4310050814869073
BG03703	0.5143861014466216	0.5182773301593114
BG03704	0.5781278611975831	0.5759705182201065
BG03705	0.5687603003112982	0.5371326222303607
BG03706	0.5458592748580845	0.5486632484892879
BG03707	0.480955868888482	0.49183986449368233
BG03708	0.6431628822559969	0.5844568302508697
BG03709	0.5398049807727522	0.5440853323567111
BG03710	0.633617927119575	0.670035249954221
BG03711	0.5055821964841605	0.5333787310016482
BG03712	0.5520051272660684	0.42152879509247376
BG03713	0.6318125114447902	0.6261788134041382
BG03714	0.5709662836476836	0.6270257278886647
BG03715	0.5924739058780442	0.5242972898736497
BG03716	0.4251710996154551	0.421769135689434
BG03717	0.575750206006226	0.5499393426112434
BG03718	0.518943989196118	0.5318336843069036
BG03719	0.5618419245559421	0.46195179454312424
BG03720	0.5474071827504121	0.5674155374473538
BG03721	0.5680192501373375	0.4852648324482696
BG03722	0.5847658395898186	0.597910181285479
BG03723	0.5758217359457976	0.5687145211499723
BG03724	0.5424658945248122	0.5313530031129832
BG03725	0.5590093389489103	0.5385059970701338
BG03726	0.5698046374290424	0.5729262039919428
BG03727	0.5348207745834097	0.548760529207105
BG03728	0.5513956921809191	0.4727556766160042
BG03729	0.618012955502655	0.5967828694378318
BG03730	0.5558906335835929	0.5777501831166454
BG03731	0.5176850622596595	0.45768288774949667
BG03732	0.6104393655008239	0.5924681834828783
BG03733	0.570119369163157	0.5787058231093206
BG03734	0.5378364768357442	0.5074391137154369
BG03735	0.5048983702618569	0.4663752060062261
BG03736	0.6268540560336935	0.6072491301959348
BG03737	0.47878708112067403	0.4302783373008606
BG03738	0.5902936733199048	0.6093320820362574
BG03739	0.532254280351584	0.4959828785936644
BG03740	0.5787687694561436	0.5784769273026921
BG03741	0.6191602957333819	0.6033865134590738
BG03742	0.5134132942684491	0.5003662332906063
BG03743	0.43318817524262954	0.3855807086614172
BG03744	0.5519078465482513	0.5544371452114997
BG03745	0.6148885277421716	0.6290514557773301
BG03746	0.573664392968321	0.5822651529023988
BG03747	0.6111804156747849	0.6190944881889769
BG03748	0.558199620032961	0.5508778154184216
BG03749	0.49383125801135347	0.47281290056766156
BG03750	0.58199620032961	0.5005894067020691
BG03751	0.6007255997070134	0.5850061801867791
BG03752	0.5748746795458708	0.5610865683940671
BG03753	0.5607432246841236	0.5695156564731735
BG03754	0.5771521928218277	0.5515645028383079
BG03755	0.5829804522981139	0.5755298937923456
BG03756	0.6230114676799122	0.6318840413843618
BG03757	0.4651563358359274	0.4199322468412378
BG03758	0.4767527696392603	0.4740489379234576
BG03759	0.6274348791430139	0.6126854056033693
BG03760	0.41420412928035155	0.4004532136971251
BG03761	0.5652753616553745	0.470689891961179
BG03762	0.5159511765244462	0.5162287126899832
BG03763	0.32723230635414763	0.3842187786119759
BG03764	0.6242789782091192	0.5950604284929503
BG03765	0.42447010620765424	0.4009167277055485
BG03766	0.5607832814502839	0.5558505768174327
BG03767	0.6080817386925472	0.6384304614539458
BG03768	0.5469350851492403	0.4724123329060613
BG03769	0.5745771149972534	0.5874153085515471
BG03770	0.6638550631752425	0.6122962827321003
BG03771	0.48887280260025623	0.44060153817982045
BG03772	0.5558391320271012	0.49618888481963014
BG03773	0.5901277238600992	0.6438037905145576
BG03774	0.5761965528291522	0.5900476103277787
BG03775	0.5954638573521336	0.5877357626808278
BG03776	0.5289238463651347	0.5439308276872368
BG03777	0.5739362067386925	0.5906198498443509
BG03778	0.5680049441494233	0.5555644570591467
BG03779	0.6131231688335469	0.5924166819263872
BG03780	0.5311555804797654	0.5201657205639989
BG03781	0.4970586888848196	0.49536485991576634
BG03782	0.5780363028749311	0.5774983977293534
BG03783	0.5881449139351764	0.569034975279253
BG03784	0.5666115409265704	0.5606459439663066
BG03785	0.5770663568943416	0.5881935542940854
BG03786	0.4606442272477568	0.4364413568943416
BG03787	0.48256672312763244	0.434633080021974
BG03788	0.5717416681926388	0.5737445065006413
BG03789	0.5587918879326134	0.5599420893609227
BG03790	0.5187522889580662	0.5275876670939389
BG03791	0.5978243453579932	0.5844453854605383
BG03792	0.5764340322285295	0.5909403039736312
BG03793	0.5780477476652628	0.5576989104559607
BG03794	0.5262743774034059	0.5222658395898189
BG03795	0.5956469739974363	0.5881077183665997
BG03796	0.5960189296832084	0.6019273026918146
BG03797	0.6107598196301043	0.5859274858084604
BG03798	0.5332957562717451	0.4871360556674601
BG03799	0.5940160913752061	0.614190395531954
BG03800	0.5955296648965394	0.6126281816517124
BG03801	0.5820734526643473	0.5300826313861928
BG03802	0.6212375251785389	0.6407022523347372
BG03803	0.5662281404504669	0.5648747939937742
BG03804	0.5448092153451749	0.5417620399194286
BG03805	0.5080456876030031	0.5062087987548067
BG03806	0.5143345998901301	0.5223116187511446
BG03807	0.5506775315876212	0.5523427485808461
BG03808	0.5945854696941951	0.5234675425746197
BG03809	0.535427348470976	0.5045149697857536
BG03810	0.34865409265702246	0.3515324574253801
BG03811	0.5897128502105842	0.5710092016114267
BG03812	0.5589378090093391	0.5517647866691083
BG03813	0.5288952343893063	0.5455960446804613
BG03814	0.5001316150888115	0.4930987914301409
BG03815	0.659626213147775	0.6682841970335102
BG03816	0.5658504623695294	0.5652124153085516
BG03817	0.5366719694195203	0.5238452206555576
BG03818	0.556256866874199	0.5031015381798206
BG03819	0.5032903772202895	0.4929843435268266
BG03820	0.5506889763779526	0.5655672038088261
BG03821	0.6501442043581762	0.495971433803333
BG03822	0.5445860419337117	0.5295275590551181
BG03823	0.5462627037172678	0.501659494598059
BG03824	0.5119311939205273	0.48968824391137145
BG03825	0.5697102179088078	0.5898759384728072
BG03826	0.5055221113349204	0.5271413202710126
BG03827	0.6541384361838491	0.6608679728987363
BG03828	0.5312328328145027	0.45836957516938315
BG03829	0.5873466398095588	0.5902364493682476
BG03830	0.4820059284013918	0.41334004761032794
BG03831	0.5892378914118295	0.5847486724043216
BG03832	0.5631409082585607	0.5792895074162239
BG03833	0.5737988692547156	0.5719076176524448
BG03834	0.5713096273576268	0.5736472257828237
BG03835	0.5984652536165538	0.5941448452664345
BG03836	0.61324620032961	0.6122161691997802
BG03837	0.590576931880608	0.5709748672404321
BG03838	0.537767808093756	0.5411039644753709
BG03839	0.5954724409448819	0.5928515839589817
BG03840	0.5334702893242997	0.5437992125984252
BG03841	0.5474071827504121	0.5467977476652628
BG03842	0.557012223036074	0.5593355154733568
BG03843	0.48150808002197404	0.4483839956052005
BG03844	0.5652124153085516	0.5923651803698959
BG03845	0.6006941265336019	0.5761479124702434
BG03846	0.5544972303607398	0.5519192913385826
BG03847	0.5662252792528841	0.5763596410913754
BG03848	0.4961516892510529	0.4945351126167369
BG03849	0.6267453305255444	0.6289598974546785
BG03850	0.554145303058048	0.575713010437649
BG03851	0.541879349020326	0.534483153268632
BG03852	0.5214589818714523	0.5411440212415308
BG03853	0.5788345770005493	0.5476446621497895
BG03854	0.601924441494232	0.637205868888482
BG03855	0.4884636513459072	0.4720060428492947
BG03856	0.5345918787767809	0.517676478666911
BG03857	0.5239997253250321	0.5397134224501007
BG03858	0.5601967359457976	0.5464143471891597
BG03859	0.5581567020692182	0.5470380882622234
BG03860	0.5873952801684674	0.5683711774400293
BG03861	0.5679534425929316	0.5839589818714522
BG03862	0.5370954266617837	0.5440624427760485
BG03863	0.5469207791613258	0.5349123329060611
BG03864	0.5056108084599888	0.482346410913752
BG03865	0.5400911005310383	0.5569836110602454
BG03866	0.6049973676982241	0.5779561893426113
BG03867	0.5481367881340413	0.5560222486724041
BG03868	0.5633526368796924	0.4631420527375941
BG03869	0.5500595129097234	0.5219053286943783
BG03870	0.5445374015748031	0.5438106573887566
BG03871	0.6328339589818714	0.6112605292071048
BG03872	0.5151242904229992	0.4828213697125067
BG03873	0.5822594305072333	0.5638447628639445
BG03874	0.4627615134590733	0.4231997344808644
BG03875	0.5580908945248124	0.5594385185863395
BG03876	0.5704054889214429	0.5400796557407067
BG03877	0.6067226698406887	0.576920435817616
BG03878	0.5835469694195203	0.5806972166269913
BG03879	0.5785026780809375	0.5349409448818899
BG03880	0.5140828145028382	0.5323429774766528
BG03881	0.550534471708478	0.5288923731917233
BG03882	0.5766972624061526	0.5492640999816885
BG03883	0.5652753616553745	0.5313873374839772
BG03884	0.5885426203991944	0.6008514924006595
BG03885	0.5342056171030949	0.570631523530489
BG03886	0.5515587804431423	0.5458936092290788
BG03887	0.5800334187877678	0.6145051272660688
BG03888	0.4156633400476104	0.39455914667643294
BG03889	0.47143094213514014	0.4487902856619668
BG03890	0.6200787401574803	0.5995467863028748
BG03891	0.505367606665446	0.49441494231825667
BG03892	0.5537475965940301	0.5556159586156383
BG03893	0.5059341237868522	0.45341970335103465
BG03894	0.6098928767624978	0.6112605292071049
BG03895	0.6208340963193556	0.5919073887566382
BG03896	0.37956933253982794	0.34596456692913397
BG03897	0.5631466306537264	0.5624027192821829
BG03898	0.5730320683025087	0.5587461087712877
BG03899	0.573904733565281	0.5800048068119392
BG03900	0.494163156930965	0.4993991485075995
BG03901	0.571106482329244	0.5400395989745467
BG03902	0.5631151574803152	0.5570293902215714
BG03903	0.5525144204358176	0.5817787493133126
BG03904	0.6098556811939205	0.5807716077641454
BG03905	0.44842977476652646	0.43070179454312385
BG03906	0.542920824940487	0.5386662241347739
BG03907	0.5753696667277057	0.5891091375206006
BG03908	0.538028177073796	0.5258366141732286
BG03909	0.5084548388573521	0.5114676799121041
BG03910	0.5887285982420801	0.6275636330342429
BG03911	0.5952807407068303	0.6015725141915401
BG03912	0.5610522340230727	0.5741965757187328
BG03913	0.5010414759201611	0.4542437282548984
BG03914	0.5624713880241714	0.5520680736128916
BG03915	0.525759361838491	0.44884750961362374
BG03916	0.6118556583043397	0.6185050814869072
BG03917	0.5467033281450286	0.5721136238784106
BG03918	0.5927199688701702	0.5948830342428124
BG03919	0.4944292483061711	0.4558402765061344
BG03920	0.5354788500274675	0.550929316974913
BG03921	0.6444904779344445	0.606402215711408
BG03922	0.4426215436733201	0.3802531587621314
BG03923	0.6147855246291889	0.592805804797656
BG03924	0.5501167368613809	0.5421969419520233
BG03925	0.490761193004944	0.44903634865409275
BG03926	0.565123718183483	0.5616301959348107
BG03927	0.6049115317707381	0.6288797839223585
BG03928	0.6376035753524993	0.6659437374107307
BG03929	0.5162229902948178	0.540445889031313
BG03930	0.5262629326130746	0.4942776048342795
BG03931	0.5646945385460538	0.5592897363120308
BG03932	0.4688444195202344	0.4160124061527194
BG03933	0.4885695156564731	0.5010128639443324
BG03934	0.6304505813953487	0.6010403314411279
BG03935	0.6098556811939205	0.5925997985716904
BG03936	0.5979387932613076	0.5369723951657206
BG03937	0.515625	0.5117423548800587
BG03938	0.5888831029115547	0.577532732100348
BG03939	0.5779933849111886	0.5565372642373193
BG03940	0.5798131065738876	0.568193783189892
BG03941	0.570834668558872	0.5562854788500274
BG03942	0.5850090413843618	0.58699757370445
BG03943	0.5704054889214429	0.5743739699688702
BG03944	0.47750812580113533	0.5024320179454314
BG03945	0.5891291659036806	0.5871692455594212
BG03946	0.5850147637795278	0.6041475920161141
BG03947	0.5446661554660317	0.566803241164622
BG03948	0.4632765290239883	0.4412596136238785
BG03949	0.5726658350119029	0.5501396264420433
BG03950	0.5528177073796006	0.5236792711957519
BG03951	0.5291241301959348	0.5199311023622045
BG03952	0.5904338720014648	0.5908659128364766
BG03953	0.522489013001282	0.47332791613257613
BG03954	0.5585372413477385	0.5424544497344808
BG03955	0.5396447537081123	0.4999198864676802
BG03956	0.5162430186778977	0.47743659586156395
BG03957	0.5577990523713607	0.574030626258927
BG03958	0.5463170664713421	0.5459050540194105
BG03959	0.55723825764512	0.5657503204541293
BG03960	0.5369323383995606	0.5467176341329424
BG03961	0.6015095678447169	0.6047198315326859
BG03962	0.4774480406518953	0.44623237502288976
BG03963	0.5616301959348103	0.5609950100714156
BG03964	0.5535902307269732	0.4518059879143012
BG03965	0.5372871268998353	0.5235476561069401
BG03966	0.4425099569675883	0.39915995238967217
BG03967	0.57681457150705	0.5608748397729355
BG03968	0.5675671809192455	0.571575718732833
BG03969	0.46456692913385833	0.46946529939571513
BG03970	0.5658046832082038	0.5514729445156564
BG03971	0.6186624473539643	0.5889031312946347
BG03972	0.548554522981139	0.5519135689434173
BG03973	0.6367909952389672	0.6371085881706648
BG03974	0.49889557773301596	0.5010414759201611
BG03975	0.5890490523713607	0.5734812763230179
BG03976	0.5205605658304339	0.5280969602636881
BG03977	0.5670664713422449	0.5693954861746934
BG03978	0.5037767808093757	0.4872905603369345
BG03979	0.6162704861746935	0.5900476103277786
BG03980	0.5986970106207654	0.5921191173777698
BG03981	0.6140158624793992	0.6184078007690896
BG03982	0.5521996887017031	0.5589578373924191
BG03983	0.5607689754623696	0.5720907342977479
BG03984	0.5773953946163707	0.5960732924372827
BG03985	0.5092760025636331	0.4742148873832632
BG03986	0.5510380424830617	0.5399308734663982
BG03987	0.5544972303607398	0.5367263321735946
BG03988	0.5346548251236038	0.5318451290972349
BG03989	0.5918673319904781	0.5703969053286942
BG03990	0.5555329838857351	0.5387921168284199
BG03991	0.5682567295367151	0.5592267899652082
BG03992	0.5572811756088629	0.5420138253067203
BG03993	0.5855355017396082	0.5720106207654279
BG03994	0.6301301272660684	0.6118671030946714
BG03995	0.6681726103277785	0.6470254989928583
BG03996	0.5099569675883537	0.5389466214978942
BG03997	0.5460881706647134	0.5480280626258929
BG03998	0.5922678996520783	0.5843252151620583
BG03999	0.5688947765976925	0.5520280168467313
BG04000	0.5593870170298477	0.5401712140633582
BG04001	0.580319538546054	0.5776986815601539
BG04002	0.5618247573704451	0.5475302142464749
BG04003	0.5675671809192455	0.6055839132027102
BG04004	0.55727831441128	0.580090642739425
BG04005	0.4884636513459072	0.48444080754440577
BG04006	0.5707717222120492	0.5564113715436738
BG04007	0.5010471983153267	0.4580205090642739
BG04008	0.5824339635597875	0.5837300860648231
BG04009	0.6082991897088447	0.587220747115913
BG04010	0.5934495742537996	0.6041189800402856
BG04011	0.5625715299395718	0.5625972807178169
BG04012	0.6027198544222672	0.5574528474638346
BG04013	0.6010861106024536	0.6229685497161693
BG04014	0.6351486678264053	0.607186183849112
BG04015	0.5307464292254167	0.47893014099981707
BG04016	0.6115809833363852	0.5902478941585791
BG04017	0.5749290422999449	0.6524388848196304
BG04018	0.559836225050357	0.553985075993408
BG04019	0.5680192501373377	0.5646859549533054
BG04020	0.5700421168284198	0.5431983611060246
BG04021	0.6015753753891228	0.598528199963377
BG04022	0.5286377266068484	0.5196564273942502
BG04023	0.5872321919062444	0.605200512726607
BG04024	0.5178338445339681	0.5101400842336569
BG04025	0.5202773072697309	0.4807784746383448
BG04026	0.6241073063541475	0.6310600164804983
BG04027	0.5217937419886467	0.4986609595312216
BG04028	0.5290154046877862	0.5309867698223769
BG04029	0.5550837758652262	0.5504200238051637
BG04030	0.5053475782823659	0.5599935909174147
BG04031	0.5569549990844169	0.5508091466764332
BG04032	0.5870977156198498	0.5570179454312398
BG04033	0.5741622413477383	0.5784139809558688
BG04034	0.5634470563999264	0.5471639809558688
BG04035	0.5755957013367515	0.570276735030214
BG04036	0.666450169382897	0.6574517029848013
BG04037	0.4764351767075627	0.4798342794360009
BG04038	0.504157320087896	0.5147466123420618
BG04039	0.5546574574253801	0.5519250137337485
BG04040	0.6182847692730271	0.6206567020692181
BG04041	0.6377065784654825	0.6549681834828787
BG04042	0.5325461225050359	0.5000915583226516
BG04043	0.5828345312213881	0.5698704449734481
BG04044	0.584021928218275	0.5828888939754625
BG04045	0.4898942501373377	0.5174590276506134
BG04046	0.5392041292803516	0.5596216352316428
BG04047	0.5559964978941587	0.5770062717451019
BG04048	0.5662023896722213	0.5738703991942866
BG04049	0.4752306125251785	0.4605955868888482
BG04050	0.6394976881523531	0.6620525086980409
BG04051	0.5484257690899104	0.5076908991027287
BG04052	0.5462483977293537	0.5671065281084052
BG04053	0.4885552096685588	0.45383171580296644
BG04054	0.4707728666910823	0.4832848837209303
BG04055	0.6159357260574989	0.6238326313861927
BG04056	0.5799132484892875	0.5928401391686504
BG04057	0.583878868339132	0.5555301226881522
BG04058	0.5985367835561253	0.5754955594213518
BG04059	0.554820545687603	0.5781393059879143
BG04060	0.6416493087346642	0.6188999267533422
BG04061	0.5126779664896539	0.4987754074345358
BG04062	0.516263047060978	0.544646127082952
BG04063	0.5899446072147957	0.5751751052920709
BG04064	0.5064891961179271	0.4058894891045597
BG04065	0.5065235304889214	0.5069412653360191
BG04066	0.5210755813953487	0.4656541842153452
BG04067	0.5653869483611063	0.5797873557956417
BG04068	0.5156393059879143	0.41945728804248317
BG04069	0.5574414026735028	0.5409380150155648
BG04070	0.5732123237502287	0.5788488829884638
BG04071	0.5494357718366598	0.5651952481230544
BG04072	0.5909832219373738	0.6101217725691266
BG04073	0.5922621772569127	0.6171145394616371
BG04074	0.5821278154184214	0.5530179912104013
BG04075	0.562087987548068	0.5422141091375204
BG04076	0.5814983519501922	0.6119758286028203
BG04077	0.4708100622596596	0.4684638802417138
BG04078	0.626313289690533	0.6123649514740891
BG04079	0.5411898004028568	0.4546156839406705
BG04080	0.5188238188976377	0.4904951016297382
BG04081	0.505012818165171	0.4925036623329061
BG04082	0.5518534837941771	0.543329976194836
BG04083	0.5584113486540928	0.5624942776048343
BG04084	0.6030460309467134	0.6173834920344257
BG04085	0.5769519089910273	0.5692524262955504
BG04086	0.6006912653360188	0.5891320271012631
BG04087	0.5519307361289139	0.46772569126533625
BG04088	0.4486786989562351	0.3848024629188795
BG04089	0.4628645165720564	0.4262955502655191
BG04090	0.5659935222486725	0.5855326405420251
BG04091	0.5625200283830801	0.5132473448086431
BG04092	0.6067913385826773	0.626819721662699
BG04093	0.5413557498626624	0.5505173045229812
BG04094	0.5421082448269547	0.5340654184215345
BG04095	0.5632811069401207	0.5513584966123423
BG04096	0.5561166681926385	0.565206692913386
BG04097	0.7106957288042484	0.7263321735945794
BG04098	0.5398135643655007	0.49010597875846895
BG04099	0.5793066746017215	0.594036119758286
BG04100	0.5671236952939022	0.537687694561436
BG04101	0.5205605658304341	0.5209725782823659
BG04102	0.6007627952755905	0.5955811664530306
BG04103	0.5818302508698039	0.5829690075077827
BG04104	0.42272477568210953	0.4147077000549352
BG04105	0.561455662882256	0.5417391503387661
BG04106	0.549232626808277	0.5655672038088263
BG04107	0.4567243865592383	0.43578328145028383
BG04108	0.48044371452114987	0.5245490752609413
BG04109	0.6414747756821093	0.6292174052371361
BG04110	0.5548806308368432	0.5577790239882805
BG04111	0.5236249084416774	0.4544211225050357
BG04112	0.6215522569126533	0.634750961362388
BG04113	0.5113303424281268	0.5570065006409082
BG04114	0.578720129097235	0.6039644753708114
BG04115	0.5624942776048344	0.5646973997436364
BG04116	0.6487622459256548	0.6408052554477202
BG04117	0.5659019639260209	0.5626030031129832
BG04118	0.6422301318439848	0.6124851217725691
BG04119	0.635895440395532	0.6436778978209121
BG04120	0.5440424143929685	0.5285948086431054
BG04121	0.5482598196301045	0.46757118659586144
BG04122	0.5238509430507233	0.5090642739425013
BG04123	0.6477865775498994	0.6185394158579016
BG04124	0.6756288912287127	0.6816173777696396
BG04125	0.5513756637978393	0.551112433620216
BG04126	0.587998992858451	0.5466947445522796
BG04127	0.535427348470976	0.5580079197949095
BG04128	0.5104691219556856	0.5164690532869437
BG04129	0.5890633583592746	0.5803080937557226
BG04130	0.5597303607397913	0.5490867057315509
BG04131	0.6451857489470791	0.6055495788317157
BG04132	0.5736786989562352	0.560983565281084
BG04133	0.6258926936458524	0.6248454953305256
BG04134	0.585275132759568	0.5602224867240433
BG04135	0.5541510254532138	0.5626258926936459
BG04136	0.4738515152902397	0.4572765976927305
BG04137	0.5521424647500459	0.5666887932613074
BG04138	0.5460252243178906	0.5757072880424832
BG04139	0.5543799212598424	0.5148438930598789
BG04140	0.5616130287493133	0.5629520692180917
BG04141	0.5889346044680461	0.565097967405237
BG04142	0.6633972715619848	0.6583329518403221
BG04143	0.5048983702618569	0.5230440853323565
BG04144	0.5405660593297932	0.5185405603369349
BG04145	0.5482941540010987	0.5290297106757008
BG04146	0.5020600622596594	0.5112330617103097
BG04147	0.4443783189891962	0.418696209485442
BG04148	0.5966312259659403	0.5848230635414762
BG04149	0.5366977201977658	0.5426947903314409
BG04150	0.6283390175791979	0.6163649056949277
BG04151	0.5719276460355245	0.5534929500091561
BG04152	0.5432470014649331	0.5383457700054937
BG04153	0.6489653909540378	0.6408453122138804
BG04154	0.51421442959165	0.5219797198315327
BG04155	0.5795298480131847	0.6132919794909355
BG04156	0.5820591466764332	0.5446632942684492
BG04157	0.6120216077641458	0.6174521607764147
BG04158	0.6316293947994873	0.6303790514557772
BG04159	0.5528405969602639	0.5660307178172498
BG04160	0.4100553927852043	0.40585515473356537
BG04161	0.6102648324482697	0.6144135689434171
BG04162	0.5820248123054388	0.6166453030580479
BG04163	0.5463542620399191	0.5519421809192454
BG04164	0.5905540422999449	0.5880447720197765
BG04165	0.544525956784472	0.5477991668192641
BG04166	0.5868888481963012	0.5828831715802967
BG04167	0.5657074024903864	0.574419749130196
BG04168	0.5116565189525727	0.47300746200329596
BG04169	0.5927485808459991	0.5943966306537265
BG04170	0.58068577183666	0.4448132210217905
BG04171	0.43294497344808647	0.42712529756454876
BG04172	0.5289238463651347	0.5394559146676432
BG04173	0.5768145715070498	0.562517167185497
BG04174	0.5864510849661234	0.58858839956052
BG04175	0.6251030031129827	0.611088857352133
BG04176	0.6108885735213332	0.5934009338948911
BG04177	0.5708718641274493	0.503479216260758
BG04178	0.5248523622047243	0.5475130470609779
BG04179	0.6157239974363669	0.6058013642190077
BG04180	0.41884213056216824	0.405551867789782
BG04181	0.5532812213880243	0.5626258926936458
BG04182	0.5204175059512911	0.47480429408533226
BG04183	0.5633583592748581	0.5544543123969969
BG04184	0.5558963559787586	0.47388298846365134
BG04185	0.5035993865592383	0.4773850943050724
BG04186	0.5989688243911371	0.5969831532686322
BG04187	0.5067667322834646	0.4824208020509063
BG04188	0.5963765793810658	0.5958386742354878
BG04189	0.5731751281816517	0.4934879143014101
BG04190	0.5460223631203075	0.5441311115180367
BG04191	0.5734498031496061	0.5698361106024534
BG04192	0.6434718915949462	0.6465677073796009
BG04193	0.5343687053653177	0.5526231459439663
BG04194	0.556256866874199	0.5338193554294086
BG04195	0.605672610327779	0.5848173411463106
BG04196	0.5974123329060611	0.5866885643655005
BG04197	0.5188896264420434	0.5463227888665079
BG04198	0.5262285982420802	0.5759247390587806
BG04199	0.6378582219373743	0.6429225416590371
BG04200	0.5949116462186412	0.5921305621681011
BG04201	0.4331624244643839	0.3981585332356713
BG04202	0.5686458524079842	0.5527375938472808
BG04203	0.5337020463285111	0.46980292071049257
BG04204	0.588505424830617	0.5811607306354147
BG04205	0.5460853094671304	0.572697308185314
BG04206	0.6264077092107672	0.6477922999450655
BG04207	0.5388378959897455	0.5384888298846365
BG04208	0.5923909311481412	0.5798503021424644
BG04209	0.46600611151803706	0.4228277787950926
BG04210	0.5407577595678447	0.5526403131294634
BG04211	0.5883938381248854	0.5127094396630655
BG04212	0.5586602728438017	0.5440452755905513
BG04213	0.6191402673503021	0.6099272111334924
BG04214	0.5418335698590004	0.588691402673503
BG04215	0.5402999679545871	0.5333443966306537
BG04216	0.5520337392418972	0.5679934993590916
BG04217	0.6147855246291889	0.6098585423915033
BG04218	0.5798359961545505	0.5317879051455776
BG04219	0.5931176753341878	0.6083649972532504
BG04220	0.5870576588536897	0.5626773942501374
BG04221	0.5857758423365683	0.6045081029115547
BG04222	0.46505905511811013	0.4854021699322467
BG04223	0.4479920115363487	0.39041613257645125
BG04224	0.5552411417322834	0.5553527284380149
BG04225	0.5113303424281268	0.4919943691631567
BG04226	0.5925397134224499	0.6060703167917967
BG04227	0.5800935039370081	0.588565509979857
BG04228	0.533627655191357	0.4558459989013002
BG04229	0.586968961728621	0.5652581944698772
BG04230	0.5625829747299032	0.5722795733382167
BG04231	0.617034425929317	0.5724569675883538
BG04232	0.6136868247573705	0.5914953763047064
BG04233	0.6017727980223401	0.5113246200329612
BG04234	0.4766640725141915	0.48883560703167916
BG04235	0.6120759705182202	0.6239814136605015
BG04236	0.5687603003112982	0.5596616919978027
BG04237	0.6002821140816699	0.5853323567112251
BG04238	0.5931233977293535	0.573229490935726
BG04239	0.5337306583043399	0.571478438015016
BG04240	0.5312786119758286	0.5220884453396815
BG04241	0.5444200924739062	0.5857214795824944
BG04242	0.5473785707745835	0.5648747939937743
BG04243	0.41773484709760117	0.4012028474638344
BG04244	0.5487004440578649	0.4830216535433073
BG04245	0.5405603369346272	0.5457562717451017
BG04246	0.588754349020326	0.5976412287126902
BG04247	0.6196924784837939	0.5973779985350668
BG04248	0.49061813312580105	0.571106482329244
BG04249	0.4639403268632119	0.43106230543856433
BG04250	0.61717748580846	0.6252975645486177
BG04251	0.48020909631935543	0.4778886650796558
BG04252	0.6119329106390774	0.583283739241897
BG04253	0.5726343618384911	0.6037470243545136
BG04254	0.5847658395898186	0.5701508423365684
BG04255	0.6267367469327962	0.619140267350302
BG04256	0.6056954999084416	0.6122905603369346
BG04257	0.5742766892510531	0.563118018677898
BG04258	0.5092073338216445	0.48975691265335997
BG04259	0.5492698223768542	0.5530694927668924
BG04260	0.5697102179088078	0.5713010437648782
BG04261	0.5946569996337665	0.5685657388756636
BG04262	0.5935754669474456	0.5910948086431058
BG04263	0.48718469602636894	0.4971960263687968
BG04264	0.6215493957150704	0.6034094030397363
BG04265	0.6095295046694743	0.6407995330525545
BG04266	0.4610333501190259	0.4733393609229079
BG04267	0.6346279298663247	0.5877700970518221
BG04268	0.5538677668925104	0.5631924098150523
BG04269	0.5433213926020877	0.5762852499542207
BG04270	0.5872865546603188	0.5755928401391686
BG04271	0.5577876075810291	0.5517132851126166
BG04272	0.6087054797656106	0.6164450192272477
BG04273	0.44366015839589823	0.45211499725325033
BG04274	0.5130957013367514	0.5044176890679363
BG04275	0.5611552371360558	0.55860877128731
BG04276	0.5263230177623146	0.4864722578282369
BG04277	0.5216106253433437	0.5483084599890131
BG04278	0.5740992950009154	0.5769318806079473
BG04279	0.49616313404138435	0.4675025178538729
BG04280	0.5064176661783557	0.4614596685588721
BG04281	0.5760334645669295	0.5394673594579747
BG04282	0.5377277513275956	0.4886753799670392
BG04283	0.6229914392968321	0.6014695110785568
BG04284	0.5240254761032778	0.5334016205823109
BG04285	0.5752523576268083	0.5773667826405421
BG04286	0.609990157480315	0.6196209485442229
BG04287	0.5304402810840507	0.51600553927852
BG04288	0.5652124153085516	0.5276620582310931
BG04289	0.5520337392418972	0.5411211316608677
BG04290	0.46860407892327416	0.42606093206372475
BG04291	0.6162790697674421	0.5269410364402125
BG04292	0.576185108038821	0.5537676249771103
BG04293	0.531928103827138	0.523204312396997
BG04294	0.5364459348104742	0.5473299304156749
BG04295	0.5761879692364036	0.546872138802417
BG04296	0.5386347509613623	0.5611266251602272
BG04297	0.6110144662149791	0.6282617652444606
BG04298	0.533747825489837	0.5363372093023256
BG04299	0.5885426203991944	0.4431079472624061
BG04300	0.6128027147042667	0.6073063541475918
BG04301	0.4716197811756089	0.5051501556491486
BG04302	0.5350038912287127	0.494615226149057
BG04303	0.4801776231459439	0.4459863120307634
BG04304	0.5124004303241165	0.45733382164438763
BG04305	0.6477779939571506	0.628296099615455
BG04306	0.5434043673319905	0.5356905786485991
BG04307	0.6706446850393702	0.6951393975462372
BG04308	0.5759161554660318	0.5693725965940305
BG04309	0.6369712506866876	0.6129314685954951
BG04310	0.5740964338033326	0.5674441494231829
BG04311	0.5993865592382346	0.6072262406152719
BG04312	0.6311887703717268	0.6244907068302507
BG04313	0.5064176661783557	0.49439777513275984
BG04314	0.5705943279619117	0.5771951107855703
BG04315	0.5673239791247023	0.5872894158579016
BG04316	0.5888087117744001	0.5430724684123789
BG04317	0.6408710629921259	0.6486678264054201
BG04318	0.47204896081303793	0.49579976194836134
BG04319	0.5377277513275956	0.550929316974913
BG04320	0.5835469694195203	0.5717531129829702
BG04321	0.5548777696392602	0.5389866782640543
BG04322	0.5574871818348288	0.5772065555759017
BG04323	0.5370610922907892	0.5903280076908991
BG04324	0.5641881065738874	0.554889214429592
BG04325	0.5515788088262225	0.6175551638893971
BG04326	0.5787058231093207	0.5729605383629373
BG04327	0.5717559741805531	0.6267739425013734
BG04328	0.5773353094671305	0.5723882988463654
BG04329	0.5505087209302325	0.5747230360739795
BG04330	0.5524686412744918	0.5522340230726973
BG04331	0.4604725553927853	0.4350050357077456
BG04332	0.5796156839406701	0.5706887474821464
BG04333	0.5543713376670938	0.55193645852408
BG04334	0.5873981413660505	0.6159643380333272
BG04335	0.6422988005859732	0.66681354147592
BG04336	0.5547575993407802	0.5473127632301774
BG04337	0.4764351767075627	0.48746223219190626
BG04338	0.5484257690899104	0.5465974638344626
BG04339	0.6254463468229263	0.6066425563083686
BG04340	0.6015238738326313	0.6077698681560153
BG04341	0.5554299807727522	0.5422999450650063
BG04342	0.570954838857352	0.5743167460172129
BG04343	0.530697788866508	0.5586717176341327
BG04344	0.6121703900384547	0.6198612891411832
BG04345	0.6114350622596594	0.5880333272294452
BG04346	0.6281330113532322	0.5970861563816149
BG04347	0.5558562992125985	0.5522569126533603
BG04348	0.6322502746749681	0.6461442501373376
BG04349	0.6243590917414392	0.6317982054568757
BG04350	0.5192558597326496	0.47111907159860855
BG04351	0.5686458524079842	0.5794440120856984
BG04352	0.6242503662332906	0.6460183574436914
BG04353	0.6035982420802053	0.601675517304523
BG04354	0.6463101995971436	0.6047999450650066
BG04355	0.587380974180553	0.6016812396996887
BG04356	0.5647489013001282	0.48816608679729
BG04357	0.5545086751510709	0.5586717176341327
BG04358	0.5990117423548801	0.5577275224317888
BG04359	0.5921992309100894	0.6278039736312031
BG04360	0.527155626258927	0.5319595770005494
BG04361	0.6280443142281632	0.6186138069950557
BG04362	0.5936441356894343	0.6231402215711409
BG04363	0.6158327229445157	0.6230143288774952
BG04364	0.5944967725691266	0.5910146951107854
BG04365	0.5627546465848744	0.5962792986632487
BG04366	0.5403428859183299	0.587632759567845
BG04367	0.5251241759750962	0.521481871452115
BG04368	0.5760449093572606	0.6004223127632301
BG04369	0.5920933665995238	0.568685909174144
BG04370	0.558062282548984	0.5811492858450836
BG04371	0.5462197857535248	0.5504200238051639
BG04372	0.5156822239516574	0.48534494598058986
BG04373	0.6295264145760848	0.6135208752975646
BG04374	0.5922764832448268	0.5718103369346274
BG04375	0.6344705639992675	0.6336579838857352
BG04376	0.5955296648965394	0.5583798754806814
BG04377	0.7111077412561804	0.6935943508514922
BG04378	0.6235236220472444	0.6060130928401393
BG04379	0.5647546236952938	0.549441494231826
BG04380	0.5517905374473542	0.5535558963559787
BG04381	0.5190040743453581	0.4983691173777696
BG04382	0.6002792528840872	0.5626888390404685
BG04383	0.5238166086797291	0.46013779527559057
BG04384	0.5778474638344624	0.5433299761948361
BG04385	0.6298926478666913	0.6544703351034606
BG04386	0.5756987044497341	0.5369208936092292
BG04387	0.5662767808093756	0.5540823567112252
BG04388	0.5556932109503754	0.5639534883720932
BG04389	0.5438020737960082	0.5598505310382713
BG04390	0.5849088994689617	0.5656644845266433
BG04391	0.5389180095220657	0.49578259476286407
BG04392	0.49858942959165	0.4519719373741073
BG04393	0.5507776735030215	0.4792849295000914
BG04394	0.5084262268815236	0.5010243087346642
BG04395	0.5791235579564182	0.5364344900201429
BG04396	0.5765770921076728	0.5593355154733565
BG04397	0.6595403772202891	0.6471227797106759
BG04398	0.6194893334554112	0.5541052462918878
BG04399	0.5041716260758102	0.46238669657571885
BG04400	0.5190040743453581	0.4812706006225965
BG04401	0.48718469602636894	0.47529642006958445
BG04402	0.5820734526643473	0.5779504669474455
BG04403	0.6412916590368065	0.6129715253616554
BG04404	0.6098127632301777	0.6089658487456509
BG04405	0.4867326268082768	0.4267476194836111
BG04406	0.4898999725325032	0.5074391137154366
BG04407	0.5682853415125435	0.5385574986266254
BG04408	0.5512125755356163	0.535164118293353
BG04409	0.5933522935359823	0.5952034883720931
BG04410	0.5687231047427213	0.5618877037172681
BG04411	0.5680593069034974	0.5330582768723676
BG04412	0.5920533098333638	0.6030946713056218
BG04413	0.6168484480864311	0.6187568668741988
BG04414	0.6306165308551548	0.6253605108954404
BG04415	0.5679448590001831	0.5934238234755541
BG04416	0.5716586934627358	0.5713010437648781
BG04417	0.5659277147042665	0.5975096136238783
BG04418	0.6359269135689435	0.6096697033510348
BG04419	0.5200598562534335	0.5077595678447171
BG04420	0.569458432521516	0.5737044497344809
BG04421	0.50530179912104	0.500532182750412
BG04422	0.5396447537081123	0.5490924281267168
BG04423	0.6106110373557957	0.5029985350668376
BG04424	0.4262326039186963	0.39197262406152694
BG04425	0.5171299899285848	0.46123077275224295
BG04426	0.5923365683940671	0.592227842885918
BG04427	0.5747545092473907	0.5720506775315874
BG04428	0.525759361838491	0.41187511444790337
BG04429	0.44272168558872005	0.4209050540194103
BG04430	0.5578019135689436	0.4978197674418604
BG04431	0.6212089132027103	0.6323189434169566
BG04432	0.5836299441494233	0.491422129646585
BG04433	0.48096731367881357	0.43675036623329055
BG04434	0.5326691540010984	0.5336133492034426
BG04435	0.6117097372276139	0.6001819721662696
BG04436	0.5095134819630107	0.4368991485075995
BG04437	0.5673668970884455	0.5806571598608313
BG04438	0.4413940899102728	0.45697903314411287
BG04439	0.5726658350119028	0.546872138802417
BG04440	0.5631580754440575	0.5477476652627726
BG04441	0.5895612067386926	0.597109045962278
BG04442	0.5606545275590551	0.5391182933528658
BG04443	0.5546574574253801	0.5003948452664347
BG04444	0.629849729902948	0.6141789507416227
BG04445	0.6119815509979857	0.6587564090825856
BG04446	0.5397935359824206	0.5307464292254166
BG04447	0.5045121085881707	0.5318508514924009
BG04448	0.59520062717451	0.5758675151071234
BG04449	0.5055392785204176	0.4625068668741989
BG04450	0.6031061160959533	0.5897958249404872
BG04451	0.6185708890313131	0.6013436183849111
BG04452	0.5026294405786486	0.49585126350485237
BG04453	0.5001115867057316	0.4414026735030216
BG04454	0.6091947445522796	0.538431605932979
BG04455	0.4823807452847464	0.49398004028566195
BG04456	0.5373672404321556	0.520474729902948
BG04457	0.5813667368613806	0.5236678264054201
BG04458	0.5458592748580845	0.5473928767624979
BG04459	0.5247951382530673	0.4494941402673503
BG04460	0.6006912653360188	0.5662996703900387
BG04461	0.5345575444057864	0.5344202069218091
BG04462	0.6092061893426112	0.5969888756637978
BG04463	0.49734766984068857	0.5042975187694562
BG04464	0.6065080800219742	0.6219442409815051
BG04465	0.461113463651346	0.40986083134957
BG04466	0.5576731596777147	0.5146035524629188
BG04467	0.5905540422999449	0.6054809100897277
BG04468	0.6150773667826404	0.6164450192272477
BG04469	0.5538391549166819	0.5839761490569495
BG04470	0.6037899423182569	0.598253524995422
BG04471	0.48911600439479963	0.49713308002197387
BG04472	0.587546923640359	0.5963479674052373
BG04473	0.4695110785570409	0.45378021424647513
BG04474	0.5611924327046328	0.5517018403222852
BG04475	0.6234549533052556	0.6197697308185314
BG04476	0.5077309558688885	0.4817512818165173
BG04477	0.4458117789782089	0.4260666544588903
BG04478	0.5208266572056399	0.5318851858633952
BG04479	0.5578019135689436	0.5624942776048343
BG04480	0.5311927760483428	0.4250251785387291
BG04481	0.5381054294085331	0.5267235854239151
BG04482	0.5785513184398463	0.5619563724592566
BG04483	0.5246635231642556	0.5273129921259841
BG04484	0.5989430736128913	0.6183562992125986
BG04485	0.5677445751693828	0.5818245284746381
BG04486	0.535427348470976	0.5348036073979127
BG04487	0.5882593618384915	0.6512600714154916
BG04488	0.5814153772202892	0.5878330433986446
BG04489	0.5034248535066839	0.4776540468778612
BG04490	0.5336934627357628	0.5432956418238417
BG04491	0.5458878868339132	0.5506145852407985
BG04492	0.6019330250869803	0.6459096319355426
BG04493	0.6203906106940122	0.5831006225965941
BG04494	0.5162430186778977	0.5262886833913202
BG04495	0.573149377403406	0.5951176524446072
BG04496	0.5851864356344991	0.4870044405786487
BG04497	0.5757788179820547	0.5618819813221022
BG04498	0.6083993316242446	0.6240443600073252
BG04499	0.5880218824391137	0.5811263962644205
BG04500	0.58199620032961	0.5322285295733379
BG04501	0.5925282686321189	0.6020818073612894
BG04502	0.35887715162058237	0.3918638985533785
BG04503	0.5660564685954954	0.5373672404321556
BG04504	0.5354702664347191	0.5718332265152902
BG04505	0.598522477568211	0.6041018128547886
BG04506	0.5248523622047243	0.48941929133858264
BG04507	0.5657045412928033	0.5580193645852408
BG04508	0.4661663385826771	0.44030969602636866
BG04509	0.5783367286211318	0.4826611426478668
BG04510	0.6044566013550634	0.5010929774766526
BG04511	0.5757044268449001	0.5022546236952937
BG04512	0.5187465665629007	0.5287092565464202
BG04513	0.6019101355063177	0.5255676616004396
BG04514	0.5551982237685406	0.5685314045046695
BG04515	0.5786085423915033	0.6255607947262409
BG04516	0.510420481596777	0.4988555209668558
BG04517	0.52072651529024	0.522202893242996
BG04518	0.5363600988829885	0.5332642830983338
BG04519	0.5385403314411279	0.5416304248306174
BG04520	0.5649234343526828	0.5519479033144115
BG04521	0.5921677577366782	0.5658304339864494
BG04522	0.5652209989013001	0.5522740798388572
BG04523	0.5077309558688885	0.5597589727156199
BG04524	0.5802651757919794	0.5726343618384913
BG04525	0.570857558139535	0.5654298663248489
BG04526	0.5805856299212598	0.4927840596960262
BG04527	0.5806628822559973	0.5783739241897088
BG04528	0.6047741942867609	0.5984881431972163
BG04529	0.5787887978392234	0.5712380974180554
BG04530	0.6071089315143747	0.5951920435817615
BG04531	0.560863394982604	0.611466535433071
BG04532	0.6008972715619851	0.6079815967771474
BG04533	0.6394976881523533	0.6504017121406336
BG04534	0.6070202343893062	0.6141961179271193
BG04535	0.523650659219923	0.5397134224501009
BG04536	0.5338479674052374	0.5565715986083138
BG04537	0.5620393471891595	0.5677989379234575
BG04538	0.581363875663798	0.5787458798754805
BG04539	0.5866942867606666	0.612033052554477
BG04540	0.5353901529023989	0.47228071781724945
BG04541	0.5326691540010984	0.5507061435634502
BG04542	0.5428950741622414	0.5383629371909907
BG04543	0.5226635460538361	0.5174761948361103
BG04544	0.5555358450833181	0.5564685954953305
BG04545	0.5794869300494416	0.5673468687053657
BG04546	0.5697960538362938	0.5335790148324482
BG04547	0.5902936733199048	0.60177279802234
BG04548	0.5632811069401207	0.4789587529756454
BG04549	0.5684083730086065	0.5608118934261126
BG04550	0.5570465574070688	0.54554454312397
BG04551	0.6560554385643654	0.6510140084233657
BG04552	0.6212661371543675	0.5983050265519133
BG04553	0.5795641823841788	0.5634441952023439
BG04554	0.5941133720930234	0.6290400109869987
BG04555	0.5569549990844169	0.5345060428492948
BG04556	0.6479782777879508	0.6204449734480867
BG04557	0.5572668696209486	0.5673239791247023
BG04558	0.5461453946163706	0.5326748763962644
BG04559	0.5482598196301045	0.5656301501556493
BG04560	0.5687002151620582	0.5799990844167732
BG04561	0.5990517991210401	0.5993808368430691
BG04562	0.5887629326130746	0.5662653360190439
BG04563	0.5599191997802602	0.5458821644387477
BG04564	0.5565687374107307	0.5622711041933715
BG04565	0.6161989562351218	0.585166407251419
BG04566	0.5766972624061526	0.5428149606299211
BG04567	0.5511324620032962	0.5550952206555576
BG04568	0.5829804522981139	0.49802005127266086
BG04569	0.5751579381065738	0.5762738051638893
BG04570	0.5664684810474273	0.5558276872367698
BG04571	0.6015954037722029	0.6206853140450469
BG04572	0.5618419245559421	0.551478666910822
BG04573	0.5650436046511627	0.5650006866874202
BG04574	0.5999216031862294	0.5993407800769088
BG04575	0.6136181560153817	0.6275292986632486
BG04576	0.5501167368613806	0.5702252334737223
BG04577	0.5962392418970887	0.5705971891594949
BG04578	0.4524669245559422	0.4856940120856987
BG04579	0.4808042254165903	0.49436344076176514
BG04580	0.480955868888482	0.5075192272477567
BG04581	0.6266709393883902	0.6230887200146493
BG04582	0.5739362067386925	0.5972292162607579
BG04583	0.5855355017396082	0.5708260849661236
BG04584	0.5108668284197033	0.5187236769822373
BG04585	0.5891291659036806	0.6187454220838674
BG04586	0.5133675151071233	0.5093561160959531
BG04587	0.5939846182017946	0.5936412744918513
BG04588	0.4698086431056584	0.45940532869437845
BG04589	0.6080817386925472	0.6318668741988647
BG04590	0.6500869804065191	0.6212289415857903
BG04591	0.5204289507416227	0.5091787218458157
BG04592	0.5577876075810291	0.5426490111701152
BG04593	0.5915354330708664	0.5916441585790143
BG04594	0.6693972028932431	0.6520955411096866
BG04595	0.5707202206555576	0.5568062168101082
BG04596	0.5067066471342244	0.4911817890496246
BG04597	0.5828059192455595	0.5678618842702803
BG04598	0.5679219694195203	0.572720197765977
BG04599	0.5648461820179452	0.5858244826954768
BG04600	0.5921162561801869	0.5732008789598975
BG04601	0.5700220884453397	0.576159357260575
BG04602	0.5483399331624245	0.5251785387291706
BG04603	0.6588508286028198	0.6555919245559423
BG04604	0.5897128502105842	0.5700993407800768
BG04605	0.5745284746383446	0.46214635597875864
BG04606	0.5596159128364768	0.5424201153634868
BG04607	0.5966140587804432	0.6070030672038086
BG04608	0.5019770875297567	0.5025579106390772
BG04609	0.5927199688701702	0.5879589360922909
BG04610	0.585275132759568	0.5847543947994872
BG04611	0.5502969923091008	0.5451439754623695
BG04612	0.5448778840871635	0.5562969236403591
BG04613	0.5029584783006775	0.5253673777696394
BG04614	0.5188152353048894	0.5217451016297382
BG04615	0.4961516892510529	0.43181766160043955
BG04616	0.6028228575352501	0.6369197491301959
BG04617	0.5313472807178173	0.5328236586705732
BG04618	0.46651540468778613	0.45806628822559975
BG04619	0.5506174464383815	0.5380482054568764
BG04620	0.5565687374107307	0.5439136605017397
BG04621	0.5930203946163708	0.5627403405969603
BG04622	0.5814468503937008	0.6001419154001099
BG04623	0.5126779664896539	0.5092473905878044
BG04624	0.6080817386925472	0.6194607214795826
BG04625	0.5126150201428311	0.46128227430873475
BG04626	0.5751836888848199	0.5921534517487639
BG04627	0.5261599295000916	0.5337792986632485
BG04628	0.46868991485075995	0.4583237960080573
BG04629	0.6222074711591283	0.6222818622962827
BG04630	0.5845483885735212	0.5728003112982972
BG04631	0.576185108038821	0.556365592382348
BG04632	0.4923977980223403	0.4482981596777145
BG04633	0.2755419108221937	0.3474695568577185
BG04634	0.5513642190075081	0.5215848745650981
BG04635	0.5821049258377586	0.5866427852041748
BG04636	0.5543255585057681	0.5499336202160777
BG04637	0.6564102270646404	0.6362902856619669
BG04638	0.5069069309650247	0.48508743819813194
BG04639	0.5458421076725872	0.5463914576084968
BG04640	0.6221588308002199	0.609881431972166
BG04641	0.5660736357809923	0.48739356344991774
BG04642	0.5648204312396998	0.5862193279619115
BG04643	0.5065864768357444	0.4987754074345358
BG04644	0.5411154092657022	0.5266720838674235
BG04645	0.5248094442409816	0.4897912470243544
BG04646	0.6493487914301412	0.642602087529756
BG04647	0.6037184123786854	0.6210744369163156
BG04648	0.6391572056399927	0.631466306537264
BG04649	0.6044737685405603	0.5885082860281998
BG04650	0.6219499633766709	0.6368281908075447
BG04651	0.5420424372825491	0.5437019318806079
BG04652	0.6199728758469145	0.6316494231825674
BG04653	0.6092834416773486	0.5781335835927487
BG04654	0.5508606482329241	0.5271298754806812
BG04655	0.5795641823841788	0.6008228804248305
BG04656	0.474483839956052	0.49479262039919425
BG04657	0.4995193188060797	0.5224317890496245
BG04658	0.5061859091741441	0.5288179820545688
BG04659	0.572179431422816	0.6015095678447171
BG04660	0.5634441952023439	0.5653783647683575
BG04661	0.6490941448452665	0.6727591100531036
BG04662	0.538294268449002	0.5532926661783555
BG04663	0.36601583958981876	0.4311538637612162
BG04664	0.5731751281816517	0.5602224867240431
BG04665	0.5719991759750962	0.5758045687603003
BG04666	0.5357592473905878	0.532863715436733
BG04667	0.5732638253067205	0.5795527375938471
BG04668	0.5610865683940671	0.5473985991576633
BG04669	0.5654041155466032	0.4947468412378685
BG04670	0.5755470609778428	0.6097841512543494
BG04671	0.5787887978392234	0.6081418238417875
BG04672	0.5777330159311482	0.55963880241714
BG04673	0.5602024583409633	0.5861849935909178
BG04674	0.5966312259659403	0.5299052371360559
BG04675	0.6037184123786854	0.5250755356161877
BG04676	0.5006924098150521	0.46956258011353225
BG04677	0.5519164301409998	0.4708443966306538
BG04678	0.5201542757736679	0.46306193920527383
BG04679	0.6083220792895074	0.6061160959531223
BG04680	0.6245364859915767	0.6077755905511814
BG04681	0.5581881752426294	0.5633583592748578
BG04682	0.5927829152169932	0.5787001007141548
BG04683	0.5414101126167368	0.5561366965757187
BG04684	0.4894049853506685	0.4799830617103094
BG04685	0.5654527559055118	0.57421374290423
BG04686	0.5671980864310564	0.5840734297747666
BG04687	0.5492698223768542	0.5187751785387293
BG04688	0.5921992309100894	0.6031061160959531
BG04689	0.630974180553012	0.6393059879143014
BG04690	0.5604342153451749	0.5514443325398278
BG04691	0.600573956235122	0.5908659128364769
BG04692	0.4686441356894342	0.5067924830617103
BG04693	0.5201743041567478	0.534626213147775
BG04694	0.5741994369163155	0.560285433070866
BG04695	0.4800488692547151	0.4956624244643838
BG04696	0.5061859091741441	0.5276563358359274
BG04697	0.5893237273393152	0.5740535158395899
BG04698	0.6343761444790332	0.6568737410730636
BG04699	0.5824539919428677	0.5025006866874202
BG04700	0.5517905374473542	0.5586144936824755
BG04701	0.5289267075627175	0.5459794451565647
BG04702	0.5319137978392234	0.5333215070499905
BG04703	0.5815927714704268	0.4942432704632853
BG04704	0.525759361838491	0.5197937648782274
BG04705	0.49627472074711565	0.4912218458157846
BG04706	0.5561738921442959	0.5469121955685772
BG04707	0.5980360739791248	0.5544199780260025
BG04708	0.5679133858267715	0.5393014099981686
BG04709	0.5642939708844534	0.5517132851126166
BG04710	0.5357020234389307	0.5475931605932978
BG04711	0.6222160547518771	0.613160364402124
BG04712	0.5517705090642739	0.46990020142831024
BG04713	0.5434387017029849	0.5437133766709396
BG04714	0.5439794680461453	0.5068668741988648
BG04715	0.5887400430324115	0.5926570225233474
BG04716	0.5931348425196848	0.579838857352133
BG04717	0.5457934673136787	0.5225004577916135
BG04718	0.5888716581212233	0.5898358817066467
BG04719	0.6481871452114998	0.6399182841970337
BG04720	0.6018758011353229	0.602539598974547
BG04721	0.5243630974180552	0.5265347463834464
BG04722	0.4708100622596596	0.4865638161508883
BG04723	0.595755699505585	0.6006569309650248
BG04724	0.5898158533235671	0.5523370261856803
BG04725	0.5192358313495697	0.5437477110419336
BG04726	0.5520051272660684	0.5390667917963744
BG04727	0.5581395348837208	0.5536016755173044
BG04728	0.5197765976927302	0.4981058872001466
BG04729	0.5678590230726974	0.5782194195202341
BG04730	0.5907228529573338	0.5952664347189159
BG04731	0.5640593526826589	0.5626831166453028
BG04732	0.4405157022523349	0.3974489562351218
BG04733	0.6371801181102363	0.6148484709760119
BG04734	0.6342073338216442	0.629709531221388
BG04735	0.5922764832448268	0.5804568760300312
BG04736	0.5361855658304342	0.537464521149972
BG04737	0.5052359915766342	0.5116622413477387
BG04738	0.5583112067386926	0.5408063999267535
BG04739	0.6534918055301226	0.6488337758652263
BG04740	0.5349838628456326	0.5704941860465118
BG04741	0.5377277513275956	0.5497161691997803
BG04742	0.4787098287859365	0.5093503937007873
BG04743	0.5560136650796558	0.5394501922724776
BG04744	0.556231116095953	0.5613784105475186
BG04745	0.49580262314594387	0.4375228895806628
BG04746	0.5446661554660317	0.5688060794726242
BG04747	0.5250812580113532	0.522695019227248
BG04748	0.5413900842336568	0.5204117835561252
BG04749	0.5973951657205641	0.5742995788317159
BG04750	0.5418764878227429	0.5153245742537996
BG04751	0.5332757278886651	0.5411039644753709
BG04752	0.5820276735030214	0.5604456601355065
BG04753	0.480280626258927	0.48655237136055673
BG04754	0.5906169886467678	0.5020085607031681
BG04755	0.6453373924189709	0.627969923091009
BG04756	0.6271687877678085	0.5996784013916864
BG04757	0.5771722212049077	0.5933608771287309
BG04758	0.5354216260758103	0.5107752700970519
BG04759	0.5849146218641275	0.5946140816700236
BG04760	0.5670235533785022	0.5554671763413292
BG04761	0.497482146127083	0.44548846365134614
BG04762	0.5610865683940671	0.5396733656839406
BG04763	0.5923422907892328	0.6071117927119575
BG04764	0.49626899835195026	0.5040228438015015
BG04765	0.57949551364219	0.5421568851858635
BG04766	0.5264975508148693	0.48277559055118136
BG04767	0.5873895577733015	0.5339853048892144
BG04768	0.6001819721662698	0.617503662332906
BG04769	0.5116708249404871	0.4959943233839955
BG04770	0.5319109366416409	0.5540594671305622
BG04771	0.5560136650796558	0.5095335103460908
BG04772	0.6038185542940853	0.5660993865592381
BG04773	0.5117623832631388	0.5002288958066288
BG04774	0.5210069126533605	0.5537104010254533
BG04775	0.5799132484892875	0.5789919428676069
BG04776	0.5779504669474456	0.5967428126716716
BG04777	0.6299241210401025	0.6506878318989195
BG04778	0.5281656290056765	0.5298880699505586
BG04779	0.47852385094305055	0.4958627082951841
BG04780	0.4960286577549899	0.5085092016114263
BG04781	0.6591283647683573	0.6272374565097967
BG04782	0.5229725553927852	0.5292986632484893
BG04783	0.596007484892877	0.6219041842153452
BG04784	0.556231116095953	0.5584428218275038
BG04785	0.596797175425746	0.5596388024171396
BG04786	0.5852951611426479	0.5730692638710864
BG04787	0.5417248443508513	0.5562225325032047
BG04788	0.5509007049990848	0.5452240889946895
BG04789	0.5215705685771835	0.5242515107123238
BG04790	0.47856676890679356	0.5025521882439116
BG04791	0.5748918467313682	0.6005195934810476
BG04792	0.5507977018861014	0.5646458981871452
BG04793	0.5873466398095588	0.512291704815968
BG04794	0.6014523438930598	0.5747688152353051
BG04795	0.63927451474089	0.6292746291887933
BG04796	0.550420023805164	0.5447548525911006
BG04797	0.5154991073063541	0.4541006683757553
BG04798	0.5432069446987731	0.5347406610510894
BG04799	0.5933522935359823	0.5817959164988097
BG04800	0.6309055118110237	0.6387051364219007
BG04801	0.5880361884270282	0.5494071598608313
BG04802	0.5319137978392234	0.46191173777696376
BG04803	0.5342084783006774	0.5375732466581215
BG04804	0.5404458890313129	0.5358736952939025
BG04805	0.6005739562351218	0.6244792620399194
BG04806	0.5139311710309464	0.48111037355795633
BG04807	0.557341260758103	0.5712209302325583
BG04808	0.5968229262039919	0.5962964658487457
BG04809	0.5159254257462005	0.5020028383080022
BG04810	0.5835641366050169	0.5737960080571326
BG04811	0.5239997253250321	0.5033762131477751
BG04812	0.5918844991759751	0.6266995513642193
BG04813	0.5284059696026369	0.5295332814502841
BG04814	0.5741622413477383	0.5534471708478302
BG04815	0.4632650842336567	0.4395657846548251
BG04816	0.542800654642007	0.5898702160776413
BG04817	0.5537619025819448	0.5305575901849477
BG04818	0.6037184123786854	0.5834554110968688
BG04819	0.6201874656656291	0.6169428676066656
BG04820	0.5524571964841604	0.5705914667643291
BG04821	0.556053721845816	0.5637989837026184
BG04822	0.5649491851309284	0.5619220380882624
BG04823	0.566574345357993	0.556130974180553
BG04824	0.5745456418238417	0.5383228804248307
BG04825	0.5438135185863398	0.5484972990294817
BG04826	0.5561738921442959	0.5312614447903315
BG04827	0.5868115958615638	0.5746944240981509
BG04828	0.5347835790148326	0.5299624610877127
BG04829	0.5744197491301961	0.5702080662882255
BG04830	0.5437992125984255	0.538494552279802
BG04831	0.5313386971250686	0.5522340230726973
BG04832	0.5354159036806445	0.5539621864127451
BG04833	0.5957757278886651	0.5660536073979127
BG04834	0.505244575169383	0.5282972440944881
BG04835	0.4787155511811025	0.4735911463101999
BG04836	0.5950032045412929	0.5903222852957335
BG04837	0.5163431605932979	0.4962804431422819
BG04838	0.6131174464383813	0.5717359457974728
BG04839	0.5899875251785387	0.5763539186962096
BG04840	0.5505745284746383	0.5508492034425929
BG04841	0.5765828145028384	0.5821850393700785
BG04842	0.5855755585057679	0.5930060886284563
BG04843	0.5910661966672772	0.576439754623695
BG04844	0.5439079381065741	0.5550322743087347
BG04845	0.5811464246475007	0.5826313861930053
BG04846	0.5220598333638526	0.5358107489470794
BG04847	0.5354187648782276	0.5290239882805349
BG04848	0.4899715024720746	0.4793364310565829
BG04849	0.5108868568027836	0.4867812671671854
BG04850	0.5354702664347191	0.5472612616736864
BG04851	0.5360110327778793	0.5443085057681745
BG04852	0.5037338628456327	0.5147923915033873
BG04853	0.4476458066288224	0.45624656656290064
BG04854	0.4468503937007876	0.4291281358725509
BG04855	0.5722824345357993	0.5371841237868522
BG04856	0.5205605658304342	0.5592439571507046
BG04857	0.4642350302142465	0.42720541109686877
BG04858	0.5417248443508516	0.5405832265152903
BG04859	0.5480051730452298	0.5526002563633035
BG04860	0.5309009338948911	0.5037481688335471
BG04861	0.5395560565830435	0.5339223585423916
BG04862	0.6041733427943601	0.6115638161508882
BG04863	0.5143660730635415	0.4802634590734297
BG04864	0.5735900018311664	0.5781679179637432
BG04865	0.57671442959165	0.5926398553378504
BG04866	0.588754349020326	0.5346891594945982
BG04867	0.5907857993041568	0.6019330250869803
BG04868	0.537825032045413	0.5691265336019043
BG04869	0.49626899835195026	0.5037596136238783
BG04870	0.5363000137337484	0.5527032594762864
BG04871	0.4813478529573336	0.45932521516205826
BG04872	0.5832064869071598	0.5717187786119761
BG04873	0.5064891961179271	0.5321140816700235
BG04874	0.5497476423731917	0.5372184581578467
BG04875	0.5176335607031679	0.5297278428859183
BG04876	0.514606413660502	0.4972704175059511
BG04877	0.5476875801135324	0.5147408899468964
BG04878	0.5598934490020143	0.5495902765061342
BG04879	0.4817283922358541	0.4976995971433804
BG04880	0.5889946896172862	0.5620364859915765
BG04881	0.6338525453213697	0.6161073979124706
BG04882	0.5404115546603186	0.5333730086064822
BG04883	0.4899715024720746	0.47712758652261505
BG04884	0.6243590917414392	0.5720277879509247
BG04885	0.549272683574437	0.5176879234572422
BG04886	0.47521344533968135	0.4606871452114996
BG04887	0.50135048525911	0.4720689891961181
BG04888	0.5785026780809375	0.5960275132759568
BG04889	0.603778497527925	0.6108942959164987
BG04890	0.5670550265519134	0.5615786943783191
BG04891	0.5495044405786488	0.5579506958432523
BG04892	0.6281787905145577	0.5885483427943602
BG04893	0.5649291567478485	0.5510037081120673
BG04894	0.6324333913202711	0.651626304706098
BG04895	0.5266148599157663	0.47123351950192255
BG04896	0.5473957379600807	0.49118751144479045
BG04897	0.6076897546236951	0.5804912104010251
BG04898	0.5428979353598243	0.5708661417322832
BG04899	0.4905952435451384	0.5166407251419154
BG04900	0.580319538546054	0.5648232924372829
BG04901	0.6056468595495331	0.6218355154733565
BG04902	0.5297020921076727	0.533178447170848
BG04903	0.4762606436550083	0.45066150888115747
BG04904	0.5718961728621131	0.5722795733382166
BG04905	0.6080588491118843	0.5723196301043764
BG04906	0.6692169474455232	0.632496337667094
BG04907	0.5444544268449003	0.525195705914668
BG04908	0.542042437282549	0.5327092107672586
BG04909	0.5844596914484527	0.581406793627541
BG04910	0.5803595953122138	0.5915239882805348
BG04911	0.5812065097967407	0.5340196392602087
BG04912	0.5758503479216261	0.5808803332722945
BG04913	0.5118539415857903	0.5325089269364586
BG04914	0.6070316791796375	0.6137612158945247
BG04915	0.5392441860465115	0.5272386009888301
BG04916	0.5402971067570042	0.5741107397912469
BG04917	0.5621480726973082	0.5864539461637064
BG04918	0.5832465436733199	0.5887371818348285
BG04919	0.5877071507049989	0.6020303058047974
BG04920	0.620084462552646	0.6117526551913566
BG04921	0.5762795275590551	0.5719362296282734
BG04922	0.5923365683940671	0.5982993041567478
BG04923	0.5210069126533605	0.5305690349752791
BG04924	0.5924510162973814	0.5660536073979124
BG04925	0.6309970701336755	0.5996612342061894
BG04926	0.6087112021607763	0.5991290514557774
BG04927	0.5992692501373375	0.5932521516205824
BG04928	0.5312299716169202	0.5385288866507965
BG04929	0.5156822239516574	0.4569504211682841
BG04930	0.5967857306354146	0.5914724867240431
BG04931	0.5755699505585059	0.5114047335652808
BG04932	0.6272860968687053	0.5976526735030213
BG04933	0.5288008148690716	0.5151643471891595
BG04934	0.5769776597692731	0.5743167460172129
BG04935	0.6261730910089728	0.633337529756455
BG04936	0.49914450192272497	0.4282983885735215
BG04937	0.6119643838124886	0.5886799578831713
BG04938	0.5717416681926388	0.5534185588720015
BG04939	0.6870536531770737	0.6862811298297017
BG04940	0.5505287493133129	0.5419279893792346
BG04941	0.6077126442043581	0.598608313495697
BG04942	0.5966941723127632	0.5114161783556125
BG04943	0.5765170069584326	0.546219785753525
BG04944	0.5769204358176159	0.567684490020143
BG04945	0.516729422266984	0.505934123786852
BG04946	0.5824368247573706	0.5377334737227613
BG04947	0.5933894891045599	0.5765885368980042
BG04948	0.641506248855521	0.6199642922541657
BG04949	0.584820202343893	0.5693039278520418
BG04950	0.5163975233473721	0.5590207837392418
BG04951	0.6007627952755906	0.6169714795824938
BG04952	0.5995210355246291	0.614722578282366
BG04953	0.5230011673686139	0.4832734389305989
BG04954	0.4826640038454496	0.4452252334737229
BG04955	0.5757587895989745	0.5574471250686687
BG04956	0.544208363852774	0.5710664255630836
BG04957	0.6170115363486539	0.6173892144295916
BG04958	0.6608536669108219	0.6511456235121771
BG04959	0.5885426203991944	0.5868430690349753
BG04960	0.5084119208936094	0.5287378685222486
BG04961	0.6049458661417325	0.5857844259293171
BG04962	0.4867354880058597	0.44361151803698967
BG04963	0.5918844991759751	0.6004852591100531
BG04964	0.484106047427211	0.47348242080205105
BG04965	0.5653755035707746	0.603563907709211
BG04966	0.5311727476652628	0.42753731001648015
BG04967	0.5165319996337667	0.5550322743087347
BG04968	0.5904968183482879	0.5860304889214432
BG04969	0.5336162104010254	0.5302199688701703
BG04970	0.5625944195202345	0.5711923182567296
BG04971	0.539913706280901	0.5657045412928033
BG04972	0.4657915216993225	0.45273873832631406
BG04973	0.4316488509430506	0.40476217725691266
BG04974	0.6029144158579015	0.6075810291155466
BG04975	0.5948372550814871	0.626796832082036
BG04976	0.5221456692913384	0.5155076908991025
BG04977	0.5770320225233474	0.6007484892876762
BG04978	0.5053218275041202	0.46784586156381636
BG04979	0.5749404870902765	0.5769490477934444
BG04980	0.6261959805896355	0.6337037630470614
BG04981	0.5633440532869437	0.525493270463285
BG04982	0.5121600897271561	0.5312213880241714
BG04983	0.5543255585057681	0.5517190075077825
BG04984	0.6189542895074162	0.5751522157114081
BG04985	0.5212815876213148	0.5260655099798573
BG04986	0.5156908075444058	0.5657445980589635
BG04987	0.6188341192089364	0.5832608496612344
BG04988	0.48818611518037003	0.4268964017579198
BG04989	0.525250068668742	0.4823406885185864
BG04990	0.5365432155282917	0.54665468778612
BG04991	0.5690149468961729	0.5701165079655741
BG04992	0.578491233290606	0.60280282915217
BG04993	0.6067455594213513	0.6041018128547887
BG04994	0.4697256683757553	0.46922495879875487
BG04995	0.6138155786485993	0.6150315876213147
BG04996	0.5094305072331077	0.5092187786119761
BG04997	0.5732781312946348	0.5882507782457426
BG04998	0.6486563816150888	0.6622184581578466
BG04999	0.44620662424464375	0.43712232191906225
BG05000	0.49497859824208046	0.41942295367148874
