set_id	gene_pair_balanced_median_rho	probe_pair_median_rho
FIXED10	0.5674541221439633	0.568504016211538
BG00001	0.3143206808175343	0.3099073536592266
BG00002	0.4486568271404951	0.4485562384873143
BG00003	0.4459115951474357	0.44339687881791545
BG00004	0.410131372972248	0.4280319620445483
BG00005	0.42057792372446245	0.43701788172869993
BG00006	0.4387593227868924	0.4553166342198405
BG00007	0.4152425339119975	0.42666563283884235
BG00008	0.4950533434201399	0.4932217916934727
BG00009	0.3994396373779052	0.40716400770341443
BG00010	0.44204940998468106	0.45005249470337877
BG00011	0.4586947364891627	0.45856900067268647
BG00012	0.4520307382159345	0.4077004805203786
BG00013	0.4167953712454761	0.39329953833999376
BG00014	0.3450337495887391	0.33056993950011626
BG00015	0.47179221737207944	0.47903879159497975
BG00016	0.4670226387337565	0.45832591142749957
BG00017	0.376180606926786	0.3850386951975203
BG00018	0.4427577217508293	0.44174973962208
BG00019	0.44467519295208835	0.4617543080234119
BG00020	0.39096085215354015	0.3554069544480092
BG00021	0.40126280671680736	0.36293852985492187
BG00022	0.448319436032951	0.41739471197067823
BG00023	0.4090919568893797	0.42325400101846017
BG00024	0.409039566965848	0.3929055661150358
BG00025	0.40261446674392426	0.39903309157129946
BG00026	0.300332571234579	0.3357125343939847
BG00027	0.4332248512650071	0.43181241892659333
BG00028	0.4797806329121883	0.4789465853295639
BG00029	0.3860382949385046	0.4112504217388844
BG00030	0.42624441785364764	0.39128776527637776
BG00031	0.3924277700124269	0.3611572724548451
BG00032	0.47750062344009003	0.4865452198385971
BG00033	0.34188616298295643	0.35599791278544635
BG00034	0.4405342933961453	0.45792774800865893
BG00035	0.3317036574453416	0.35494173192704814
BG00036	0.43760255327531317	0.408190850204635
BG00037	0.38887154200309726	0.36090999201577567
BG00038	0.34746045084672583	0.3367309945074404
BG00039	0.48103799107694806	0.4747218618959703
BG00040	0.4128682225775423	0.41749530062385914
BG00041	0.3315464876747466	0.36135425856732417
BG00042	0.45687156715026056	0.4723454549645739
BG00043	0.39971835177109366	0.45304919832939017
BG00044	0.3520351389695111	0.3520498081481
BG00045	0.39930132797978163	0.4136394022519285
BG00046	0.4314289246863414	0.4342726497356404
BG00047	0.3833014453332104	0.3423346207283875
BG00048	0.44376151268569614	0.43614611340113285
BG00049	0.41461804602350005	0.4005544949506591
BG00050	0.4547193890915797	0.43291051172381717
BG00051	0.46587844280382484	0.4755726742541245
BG00052	0.3640596742184995	0.39387792309578346
BG00053	0.3541852214312508	0.3737266629085628
BG00054	0.37587884096724367	0.37861778616947933
BG00055	0.4103828446051999	0.38507222474858077
BG00056	0.4116842103057266	0.4072017284483572
BG00057	0.3678401311005446	0.37923389167021165
BG00058	0.44141444411147734	0.4271015170026257
BG00059	0.4069628303970528	0.4089746034606686
BG00060	0.46020566188381584	0.39472454426005515
BG00061	0.31815562322005225	0.31715811907600944
BG00062	0.47437189720677886	0.43880333032265895
BG00063	0.46020356628687464	0.45597465165939843
BG00064	0.4290378485763562	0.4157811023259031
BG00065	0.44318312792990644	0.44737432181243986
BG00066	0.4494803967384129	0.436037142360187
BG00067	0.38770848570069416	0.3802691165591975
BG00068	0.4215125599602675	0.43907994911890624
BG00069	0.4424224262402266	0.4086183519806534
BG00070	0.43671192457527486	0.44218562378586335
BG00071	0.4073630894128346	0.4402744393754282
BG00072	0.40173641162553353	0.38867246029367686
BG00073	0.4301631841338164	0.4376549431988449
BG00074	0.3613186334193227	0.3540364340484209
BG00075	0.43312426261182635	0.4251903325921905
BG00076	0.3810884949632326	0.3920379889813511
BG00077	0.38607392008650615	0.3906758509695279
BG00078	0.4586716849228087	0.46719447768294037
BG00079	0.3697031167813307	0.34484933705790766
BG00080	0.4353120658185087	0.4561716377718775
BG00081	0.27656640632367324	0.2902925662889702
BG00082	0.42260227036972614	0.36569633542962876
BG00083	0.3595415672131285	0.30971455874063003
BG00084	0.4328308790400489	0.4386063442101801
BG00085	0.4130421571236675	0.42508136155124465
BG00086	0.41067203698309473	0.4222355409050045
BG00087	0.42676203029814047	0.40693349203987494
BG00088	0.44141444411147734	0.4723077342196311
BG00089	0.4060742972939556	0.3977505862432442
BG00090	0.3901456649433874	0.3596023395244252
BG00091	0.41309873824108156	0.42294385267115253
BG00092	0.3894457355650043	0.3985175747237479
BG00093	0.3966105815071951	0.4119713070866802
BG00094	0.44668696601570435	0.40576414894664814
BG00095	0.39548734154667614	0.39513109006666103
BG00096	0.35496268789646074	0.3539651837524178
BG00097	0.48037368684656667	0.47113000873863914
BG00098	0.37841870446005893	0.3889323143143939
BG00099	0.42289984513538603	0.41369388777240146
BG00100	0.39470777948452507	0.3989157381425886
BG00101	0.4216445825675672	0.44310349524613823
BG00102	0.4479128902263453	0.40271295980016386
BG00103	0.3631334203704596	0.3323092849613676
BG00104	0.39829753704491483	0.3979391899679582
BG00105	0.43421816421516746	0.43941524462950876
BG00106	0.41763361002198274	0.3997162561741524
BG00107	0.4368418515856334	0.4197585453204273
BG00108	0.4133145847260321	0.4276631369828853
BG00109	0.4050830799407365	0.38459442864597193
BG00110	0.3773520456169543	0.43229440622308457
BG00111	0.4215314203327389	0.40299376979029355
BG00112	0.3633471712584688	0.36183205466993296
BG00113	0.49381065443396877	0.47984350082042615
BG00114	0.35341194615992333	0.35835336374743026
BG00115	0.3466264032641018	0.38506384236081564
BG00116	0.41333344509850345	0.4143896259569019
BG00117	0.44606247812720695	0.4499435236624329
BG00118	0.4740345060992348	0.4713647155960611
BG00119	0.4298027414599186	0.4802332818515017
BG00120	0.3958037766848076	0.3764006446056192
BG00121	0.4328308790400489	0.41960347114677343
BG00122	0.382041991571509	0.3362951103436569
BG00123	0.3914637954194441	0.43871531525112584
BG00124	0.4445808910897313	0.42910071648459425
BG00125	0.3511717530297092	0.3263158777093449
BG00126	0.3539526101707702	0.35277488468977825
BG00127	0.4161226846273295	0.388814960885683
BG00128	0.4136373066549872	0.3924277700124269
BG00129	0.40233784794767713	0.3994354461840227
BG00130	0.4216445825675672	0.4434890850833314
BG00131	0.4097730258952914	0.3862122294846298
BG00132	0.44117973725405557	0.46351041826019335
BG00133	0.41851376073731483	0.4114599814330111
BG00134	0.45873664842798784	0.44264246391905954
BG00135	0.4413641497848869	0.44768027896586493
BG00136	0.3503565658195565	0.33935049068402373
BG00137	0.38436181738549136	0.3769329262287007
BG00138	0.4260767700983463	0.42410062218273187
BG00139	0.43357272035725725	0.3898879065196117
BG00140	0.4047100636851909	0.3407880701857327
BG00141	0.37196636147789874	0.3730602630812399
BG00142	0.4747470090592656	0.4722197191480979
BG00143	0.290541942324981	0.26632731966864415
BG00144	0.47674620854123395	0.5073964094042007
BG00145	0.4173800427920894	0.3926038001554932
BG00146	0.4750739221821032	0.4637199779543202
BG00147	0.37991496067612335	0.3968955826912074
BG00148	0.434025369296571	0.42837563994291594
BG00149	0.4405049550389676	0.41180365933137875
BG00150	0.42902946618859095	0.3886976074569722
BG00151	0.4435791957518059	0.4313010932729242
BG00152	0.43380533161773793	0.438103400944276
BG00153	0.37425475333776187	0.3814510332340719
BG00154	0.3237361978746456	0.35282937021025124
BG00155	0.3897873178664308	0.3567858572353627
BG00156	0.47382704200204945	0.47586605782590197
BG00157	0.37249235631015676	0.4027800189022843
BG00158	0.428675310305517	0.40087721687961425
BG00159	0.3748540940629643	0.35816895121659875
BG00160	0.33479466293370996	0.3862583326173378
BG00161	0.43589883296206344	0.46454564314917923
BG00162	0.4108878834680452	0.3830059661644917
BG00163	0.4321120892891944	0.45094102780647577
BG00164	0.3547782753656292	0.3435500669543222
BG00165	0.3826057071487098	0.35913711700346407
BG00166	0.4208629249084747	0.41945258816700226
BG00167	0.4654425586400413	0.48445381409121274
BG00168	0.4259531298788116	0.44185871066302596
BG00169	0.3560943102447448	0.33965644783744864
BG00170	0.34046744385371897	0.3390990190510719
BG00171	0.3763063427432621	0.3632193398450515
BG00172	0.371473896196701	0.34467749810872383
BG00173	0.43737413320871504	0.44324180464426194
BG00174	0.4115920040403109	0.3940916739837927
BG00175	0.31994735860483536	0.3171120159433015
BG00176	0.4468462313832406	0.4606604064200708
BG00177	0.4225729320125484	0.4363095699625516
BG00178	0.3876078970475134	0.4132160916697928
BG00179	0.3751747203949781	0.3517899541273829
BG00180	0.3965225664356621	0.3921511512161797
BG00181	0.4555261939139673	0.4592940772143649
BG00182	0.4667229683711554	0.4454505638203571
BG00183	0.41979417046842876	0.40941887001221733
BG00184	0.5079265954303411	0.46752977319354294
BG00185	0.46293203350440393	0.4466660100462917
BG00186	0.45496876512759044	0.4518169873279253
BG00187	0.44453688355396476	0.44701807033242436
BG00188	0.4194022938404118	0.4175330213688019
BG00189	0.4341343403375168	0.41912567504416465
BG00190	0.4002736849605294	0.4186730261048511
BG00191	0.4249765817041813	0.4254753337762028
BG00192	0.4020591335544885	0.40311950560676957
BG00193	0.42261274835443235	0.4159655148567345
BG00194	0.4082767696792269	0.39964919707203195
BG00195	0.3274475000576289	0.33587599095540355
BG00196	0.3899801127850274	0.36721354761510583
BG00197	0.4002506333941755	0.4182622891043627
BG00198	0.37627281319220174	0.37433438602153013
BG00199	0.46061011209348035	0.4572906865385138
BG00200	0.4239602171876669	0.419984869790084
BG00201	0.3857155730095497	0.38967415563160235
BG00202	0.40287222516770005	0.402298031605793
BG00203	0.3797871292627061	0.39292233089056583
BG00204	0.3278561414611759	0.2879287329392214
BG00205	0.41219553595939573	0.39670278777261103
BG00206	0.39721201782933874	0.3928217422373849
BG00207	0.3881129359103588	0.4324075684579131
BG00208	0.4056321263393485	0.4192346460851105
BG00209	0.39966596184756203	0.4185850110333178
BG00210	0.39812988928961357	0.41099895010593246
BG00211	0.40774029686226265	0.42429341710132845
BG00212	0.35132263600948055	0.3190986418436223
BG00213	0.49396153741373994	0.45811216053949044
BG00214	0.4764633029541629	0.49396363301068125
BG00215	0.4162400380560404	0.38484590027892385
BG00216	0.41048343325838077	0.38597752262720797
BG00217	0.4607588994763103	0.45306596310492014
BG00218	0.4555261939139673	0.46748786125471764
BG00219	0.4118749096273819	0.4131574149554371
BG00220	0.41226469065845744	0.3311106035109631
BG00221	0.44767189657809975	0.45244566641030515
BG00222	0.4045046951849469	0.43872369763889096
BG00223	0.42047314387739915	0.3861284056069791
BG00224	0.4562114541137614	0.4675884499078985
BG00225	0.39124585333755235	0.42123803676096155
BG00226	0.44129289948888384	0.4216487737614496
BG00227	0.42768199735535667	0.4171767698887867
BG00228	0.4695708846143368	0.4443860005741935
BG00229	0.41993667106043486	0.41382381478275987
BG00230	0.39931599715837046	0.3960028583942279
BG00231	0.39171526705239623	0.36131234662849876
BG00232	0.3706503265987833	0.391832620481107
BG00233	0.39244872598183955	0.3455325016607605
BG00234	0.42134491220496617	0.43089035627243594
BG00235	0.3805122058043844	0.4094230612060998
BG00236	0.4368753811366937	0.4264267347875379
BG00237	0.4179793835172918	0.38699179154678104
BG00238	0.3832616289913263	0.39556278303656184
BG00239	0.4566934414102528	0.4560081812104587
BG00240	0.43777858341837955	0.43457441569518274
BG00241	0.5049801861309202	0.4914237695178659
BG00242	0.4367014465905684	0.4518840464300458
BG00243	0.41179737254055493	0.4311082983543276
BG00244	0.4732004585166107	0.4388536246492495
BG00245	0.3857491025606099	0.3935845395240062
BG00246	0.4328224966522838	0.4331368361934738
BG00247	0.44187757103549724	0.4218289950983988
BG00248	0.4233608764624647	0.4347001515116589
BG00249	0.43972958417069885	0.4504883788671622
BG00250	0.5051205911259852	0.49516650565496817
BG00251	0.47018279892118664	0.42329172176340274
BG00252	0.4237422751057753	0.39252835866560754
BG00253	0.4194400145853546	0.42190443658828414
BG00254	0.4167052605770015	0.41381124120111223
BG00255	0.33268858800773693	0.3475191275610814
BG00256	0.39628366838435763	0.4002611113788818
BG00257	0.43996848222200335	0.4328644085911092
BG00258	0.43718762508094233	0.43011498540416726
BG00259	0.45284382982914595	0.44148150321359786
BG00260	0.45508611855630127	0.39269181522702645
BG00261	0.3983520225653878	0.39440601352498267
BG00262	0.3948838096275915	0.39630881554765274
BG00263	0.42959108616885067	0.42786012309536425
BG00264	0.35170403465279093	0.35651342963299804
BG00265	0.36999440475616674	0.3633618404370577
BG00266	0.41776563262928257	0.3966944053848459
BG00267	0.3099366920164043	0.28593372465113553
BG00268	0.41981303084090016	0.4190795719114567
BG00269	0.3802795945439038	0.39220982793053516
BG00270	0.3999006687049839	0.4073526114281282
BG00271	0.41318675331261484	0.42312407400810137
BG00272	0.44233441116869343	0.45680450804814
BG00273	0.47754882216973915	0.4952167999815589
BG00274	0.45565612092432584	0.44415548491065415
BG00275	0.44801767007340865	0.46739146379541946
BG00276	0.4286774059024583	0.43101609208891184
BG00277	0.45722362743639333	0.4416826805199594
BG00278	0.47677973809229424	0.47891724697238625
BG00279	0.4312969020790417	0.4449057086156276
BG00280	0.4726639856996464	0.492949364091108
BG00281	0.4265000806804822	0.4560123724043412
BG00282	0.37526692666039385	0.36359235610059704
BG00283	0.3892759922127617	0.35157201204549116
BG00284	0.37899080242502475	0.376140790584902
BG00285	0.39743624670205435	0.3818198582957347
BG00286	0.3812540471215928	0.36461081621405267
BG00287	0.3772724129331861	0.33871342921387865
BG00288	0.3739278402149243	0.3164372337282136
BG00289	0.44482817152880094	0.46306196051476234
BG00290	0.4707737572586239	0.44805748641529286
BG00291	0.44892925474285983	0.4498806557541949
BG00292	0.39810055093243585	0.42242414462971856
BG00293	0.41317837092484977	0.41966214786112893
BG00294	0.48540102390866546	0.4852794792860721
BG00295	0.41073700048827405	0.4206512696174068
BG00296	0.43792317960732696	0.46246681098344267
BG00297	0.42102219027601107	0.4541850118715568
BG00298	0.3643761093566308	0.3627038229974999
BG00299	0.42556544444467725	0.4252993036331365
BG00300	0.4222921220224187	0.42528253885760625
BG00301	0.47534634978446777	0.4447715904113866
BG00302	0.37551839829334577	0.35523511549882536
BG00303	0.4593653275103679	0.4504883788671622
BG00304	0.3218585430152706	0.37678204324892967
BG00305	0.45932551116848386	0.44944477159041124
BG00306	0.42200292964452385	0.4184425104413118
BG00307	0.3583051650177811	0.3656250851336257
BG00308	0.33229252018583744	0.3098319121693409
BG00309	0.43296499724429005	0.4322315383148468
BG00310	0.34500650682850265	0.32416160405372274
BG00311	0.4324033772640304	0.4117072618720805
BG00312	0.4764633029541629	0.48020813468820644
BG00313	0.4463411925203954	0.4415988566423088
BG00314	0.31994526300789405	0.31161316956941765
BG00315	0.41517966600375944	0.4076711421632008
BG00316	0.45719219348227436	0.452743241175965
BG00317	0.41116240666735127	0.4083668803477014
BG00318	0.33201590138959036	0.3356245193224515
BG00319	0.5111119027810667	0.521118378175615
BG00320	0.3944332562852191	0.4271895320741589
BG00321	0.4278244979473628	0.41993457546349366
BG00322	0.38710914497549187	0.3403731419913618
BG00323	0.3935656791515346	0.3855164913001293
BG00324	0.4475210135983285	0.4657107950485235
BG00325	0.3782573434955813	0.4125874125874126
BG00326	0.44612744163238616	0.4348636080730777
BG00327	0.4298027414599186	0.44757130792491895
BG00328	0.38030683730414017	0.38094808996816787
BG00329	0.4516095232307398	0.47444524309972314
BG00330	0.43824380593934087	0.40669878518245317
BG00331	0.39952555685249713	0.4402660569876632
BG00332	0.4147291126613871	0.4379399443828572
BG00333	0.44870502587014427	0.43867340331230054
BG00334	0.3880228252418842	0.4223151735887725
BG00335	0.40878599973595475	0.41296042884295814
BG00336	0.390135186958681	0.41945677936088477
BG00337	0.49956097244080466	0.44597027186179117
BG00338	0.26556661797896447	0.3401593911033527
BG00339	0.410319976696962	0.40958651776751875
BG00340	0.41972711136630814	0.40307759366794427
BG00341	0.3392561888216668	0.34347881665831925
BG00342	0.39121232378649223	0.38643855395428656
BG00343	0.43299014440758515	0.40686643293775454
BG00344	0.3916565903380408	0.3782238139445212
BG00345	0.36999440475616674	0.3507673028200448
BG00346	0.2824885632796931	0.32734272021056554
BG00347	0.3722639362435587	0.35158039443325617
BG00348	0.43476092382295556	0.4490591817532183
BG00349	0.4142366473801895	0.4260704833075224
BG00350	0.3284973941252035	0.34263638668793
BG00351	0.4097604523136438	0.39838764771338936
BG00352	0.38129805465735944	0.4120970429031561
BG00353	0.4019501625135428	0.367473401635823
BG00354	0.4326108413612159	0.41208027812762604
BG00355	0.42963928489849973	0.4222732616499473
BG00356	0.3746571079504851	0.37724726576989087
BG00357	0.463963067199507	0.4706480214421479
BG00358	0.39124585333755235	0.4196244271161861
BG00359	0.43586320781406185	0.4781334937163526
BG00360	0.3503565658195565	0.3715933452223533
BG00361	0.464426194123527	0.4800321045451402
BG00362	0.4212946178783757	0.448183222231769
BG00363	0.4400250633394175	0.42854747889209965
BG00364	0.42275734454338	0.391941591522053
BG00365	0.4020172216156633	0.42218943777229656
BG00366	0.32203666875527825	0.305447923368211
BG00367	0.44515718024857964	0.4688877200114838
BG00368	0.4750739221821032	0.4604173171748839
BG00369	0.4593527539287202	0.453543759207529
BG00370	0.4082767696792269	0.4269841635739149
BG00371	0.3791794061497388	0.37812741648522297
BG00372	0.45393563583554597	0.4658658692221772
BG00373	0.44884752646215037	0.4411462077029952
BG00374	0.4342223554090501	0.34878067691972386
BG00375	0.4045654674962436	0.4181784652267122
BG00376	0.4067553662998673	0.39936838708190214
BG00377	0.3848500914728064	0.36422941757074206
BG00378	0.3148403888589684	0.29688531426619524
BG00379	0.36996716199593027	0.3665052358489578
BG00380	0.395430760429262	0.4050306900172047
BG00381	0.4670226387337565	0.44047980787567226
BG00382	0.3170973467647127	0.32898566821251873
BG00383	0.43737413320871504	0.4445410747478472
BG00384	0.36286099276809486	0.36701656150262685
BG00385	0.43998734259447475	0.4165983851329971
BG00386	0.5289831534961891	0.501247927978524
BG00387	0.43119631342586096	0.41864787894155586
BG00388	0.4640447954802166	0.4718467028925525
BG00389	0.45180022255239516	0.46769322975496186
BG00390	0.4651386970835576	0.4451865186057574
BG00391	0.4175015874146829	0.40782202514297217
BG00392	0.41788508165493476	0.3828802303480159
BG00393	0.38351100502733704	0.3756043177679377
BG00394	0.4741916758698299	0.4659874138447707
BG00395	0.4179039420274061	0.3926834328392615
BG00396	0.43110410716044506	0.39401623249390694
BG00397	0.4473931821849113	0.41353462240486505
BG00398	0.4093182813590364	0.39023158441797934
BG00399	0.4605158102311233	0.468841616878776
BG00400	0.38351100502733704	0.3949131479847692
BG00401	0.42924740827048274	0.41353043121098265
BG00402	0.3315464876747466	0.3419322661156644
BG00403	0.37889440496572646	0.3695606161893247
BG00404	0.4435351882160392	0.41382381478275987
BG00405	0.4382500927301646	0.40841717467429184
BG00406	0.41323914323614647	0.418907732962273
BG00407	0.4162065085049801	0.321005635060175
BG00408	0.4178473609099921	0.41554639546848116
BG00409	0.3909692345413052	0.3643006678667451
BG00410	0.42580853368986415	0.4183964073086038
BG00411	0.39004926748408913	0.40097361433891243
BG00412	0.4324327156212082	0.4418503282752608
BG00413	0.44141444411147734	0.4490591817532183
BG00414	0.46419148726610515	0.45801576308019215
BG00415	0.40009136802663914	0.4007975841958461
BG00416	0.4172459245878484	0.4034506099234897
BG00417	0.4306011638945412	0.43674964532021754
BG00418	0.4369068150908126	0.4184299368596641
BG00419	0.38678223185265437	0.3734877648572583
BG00420	0.4923374497842583	0.49921100775161315
BG00421	0.4046283354044816	0.41147255501465857
BG00422	0.41320351808814504	0.4137483732928743
BG00423	0.3664067427927181	0.4170007397457201
BG00424	0.41972711136630814	0.41877361475803176
BG00425	0.387737824057872	0.39056268873469946
BG00426	0.385860169198497	0.35742710989939036
BG00427	0.45034378267821484	0.42091950602588896
BG00428	0.3709101806195003	0.37648027728938727
BG00429	0.4672531543972959	0.4750403926310428
BG00430	0.44187757103549724	0.445442181432592
BG00431	0.4911345771399711	0.45625127045564573
BG00432	0.3508511266976955	0.35119899578994573
BG00433	0.4221894377722966	0.3771215299534148
BG00434	0.4385686234652371	0.4444907804212569
BG00435	0.3753528461349857	0.3601094739842118
BG00436	0.410908839437458	0.39330792072775883
BG00437	0.35008204262025056	0.3822180217145754
BG00438	0.33826497146844764	0.3214918135505488
BG00439	0.5206070525219462	0.5093662705289915
BG00440	0.4156176457644842	0.411900056790677
BG00441	0.43637243787078955	0.421108109750603
BG00442	0.45680660364508124	0.47705216569465914
BG00443	0.4246349994027548	0.40882372048089755
BG00444	0.4201504219484441	0.4324704363661511
BG00445	0.39759760766653174	0.41708037242948837
BG00446	0.4642501639804606	0.43320389529559433
BG00447	0.40118317403303916	0.35167260069867207
BG00448	0.3890957708758128	0.3684918617492786
BG00449	0.43824380593934087	0.4299221904855706
BG00450	0.43059487710371736	0.4109067438405166
BG00451	0.4103325502786096	0.4169462542252473
BG00452	0.38133996659618474	0.35923351446276225
BG00453	0.439895136329059	0.44084444174345283
BG00454	0.4453394971824699	0.4448512230951548
BG00455	0.355247689080473	0.3597741784736091
BG00456	0.3640596742184996	0.3608387417197726
BG00457	0.4057788181252371	0.3837394250939351
BG00458	0.41282840623565814	0.40191244176859997
BG00459	0.38415854448218845	0.38090617802934246
BG00460	0.4312885196912766	0.42644769075695044
BG00461	0.4523073570121817	0.44849756177295885
BG00462	0.4699355184821172	0.4707695660647413
BG00463	0.4538203780037764	0.4384051669038185
BG00464	0.31845319798571226	0.3104354440884259
BG00465	0.41333344509850345	0.40113287970644873
BG00466	0.35724688856244147	0.3244968995643254
BG00467	0.4818699430626311	0.4459576982801436
BG00468	0.41598856642308846	0.41036188863578726
BG00469	0.30300236173775286	0.2845045275371916
BG00470	0.3803110284980228	0.38718039527149506
BG00471	0.4740345060992348	0.4421227558776255
BG00472	0.41831467902789443	0.39461138202522683
BG00473	0.44187757103549724	0.42864387635139806
BG00474	0.42323933183987117	0.3923481373286587
BG00475	0.3524835967149422	0.37727241293318614
BG00476	0.39655400038978106	0.3778591800767407
BG00477	0.359199984911702	0.3794224953949258
BG00478	0.28539725183417125	0.2870946853565972
BG00479	0.4213344342202598	0.3871887776592601
BG00480	0.4125706478118824	0.4261501159912907
BG00481	0.4448805614523325	0.4269045308901467
BG00482	0.42289984513538603	0.446473215127695
BG00483	0.34158230142647283	0.3316219291646323
BG00484	0.4387593227868924	0.4362089813093708
BG00485	0.3136165602452686	0.3109844904870377
BG00486	0.46785459071943936	0.46747528767307006
BG00487	0.39579120310315985	0.38472016446244794
BG00488	0.3824443461842323	0.3931821849112829
BG00489	0.4003868471953578	0.385059651166933
BG00490	0.433696360576792	0.44371960074687083
BG00491	0.4169693057916012	0.4469426288425389
BG00492	0.40837735833240774	0.40282612203499224
BG00493	0.49819254763815757	0.4877313277073539
BG00494	0.4328224966522838	0.4459870366373212
BG00495	0.39276725671691204	0.3998964775111016
BG00496	0.41156266568313304	0.4099385780536515
BG00497	0.36102315425060405	0.38657267215852764
BG00498	0.4120006454438579	0.40386134692397785
BG00499	0.42566603309785805	0.42656923537954405
BG00500	0.45030396633633074	0.4501363185810292
BG00501	0.46638138606972884	0.4505638203570477
BG00502	0.3795063192725763	0.3942509393513288
BG00503	0.3577791701855232	0.38098581071311066
BG00504	0.4396625250685783	0.42262532193608005
BG00505	0.4053450295583949	0.4207560494644702
BG00506	0.37884620623607723	0.3664297943590722
BG00507	0.4142764637220735	0.4184215544718991
BG00508	0.45824208754984896	0.4593024596021298
BG00509	0.4303643614401781	0.43868597689394795
BG00510	0.46865929994488575	0.47254244107705295
BG00511	0.3107979823592649	0.33446355861698984
BG00512	0.47331990754226294	0.47255920585258304
BG00513	0.42226278366524095	0.4231450299775142
BG00514	0.409039566965848	0.4041505393018728
BG00515	0.42209723150688083	0.4186897908803811
BG00516	0.49850688717934744	0.5108080412245829
BG00517	0.4216697297308624	0.4609579811857306
BG00518	0.4283358236010318	0.45022852484644516
BG00519	0.46011136002145875	0.4594114306430755
BG00520	0.3994773581228481	0.4079561433472131
BG00521	0.3529194808787257	0.37390269305162915
BG00522	0.48442866692791764	0.4805182830355141
BG00523	0.35440316351314255	0.34989553449247784
BG00524	0.4510688592198929	0.45296956564562213
BG00525	0.45306386750797895	0.47009059265577097
BG00526	0.44441743452831256	0.45650693328248004
BG00527	0.4100014459618895	0.4019795008707205
BG00528	0.3963255803231829	0.41808206776741386
BG00529	0.39624594763941484	0.4071933460605922
BG00530	0.4360413335540695	0.4397631137217591
BG00531	0.45831962463667575	0.4003826560014752
BG00532	0.39679499403802665	0.3831736139197931
BG00533	0.4499267588869027	0.46580300131393937
BG00534	0.44138301015735837	0.43361463229608277
BG00535	0.4271119949873321	0.4065730493659771
BG00536	0.44483445831962454	0.4785945250434312
BG00537	0.41320770928202755	0.4334176461836036
BG00538	0.39361806907506625	0.3613710233428543
BG00539	0.34616118074314056	0.3503398010440264
BG00540	0.4449895324932785	0.45130985286813874
BG00541	0.46776867124484744	0.43273867277463307
BG00542	0.4016861172989431	0.40677841786622126
BG00543	0.38891764513580507	0.3919583562975831
BG00544	0.43401279571492324	0.4419173873773813
BG00545	0.4236333040648293	0.44503563562598625
BG00546	0.3782112403628736	0.38396155836970947
BG00547	0.4287905681372868	0.42676622149202315
BG00548	0.3672114520181645	0.3813965477135989
BG00549	0.4532755227990468	0.42560945198044375
BG00550	0.4540655628459044	0.44778505881292824
BG00551	0.4115563788923093	0.3357754023022228
BG00552	0.3933204943094064	0.4019208241563651
BG00553	0.44398364596147044	0.45513641288289164
BG00554	0.477846396935399	0.4470432174957196
BG00555	0.48354851621258566	0.39635491868036077
BG00556	0.391532950118506	0.3744810778074189
BG00557	0.3452726476400434	0.33198237183852997
BG00558	0.3938653495141357	0.36816913982032357
BG00559	0.4193310435444088	0.3993935342451974
BG00560	0.46983283423199507	0.4531833165336312
BG00561	0.38392174202782525	0.34364227321973795
BG00562	0.427355084232519	0.4242221668053253
BG00563	0.41526139428446884	0.42663210328778195
BG00564	0.47968213985594865	0.46853146853146854
BG00565	0.36445155084651626	0.3871133361693745
BG00566	0.43345746252548756	0.4370262641164647
BG00567	0.40704036748387956	0.39612859421070384
BG00568	0.397488636625586	0.4076543773876706
BG00569	0.3534349977262773	0.3896280524988946
BG00570	0.35619070770404293	0.34060784884878376
BG00571	0.3265317241942953	0.33095972053119194
BG00572	0.40041408995559424	0.3832239082463836
BG00573	0.40704036748387956	0.38089360444769493
BG00574	0.4091611115884415	0.4150099226515168
BG00575	0.4592144445305968	0.46781477437755525
BG00576	0.3513121580247741	0.3587599095540359
BG00577	0.37246511354992023	0.36671898673696696
BG00578	0.4600715436795748	0.4754804679887088
BG00579	0.5117426774603879	0.528628997613115
BG00580	0.37611564342160675	0.37024378079217757
BG00581	0.5084651638442468	0.5193916062960114
BG00582	0.347688870913324	0.37253636384592326
BG00583	0.42541875265878865	0.346165371937023
BG00584	0.4106175514626218	0.421099727362838
BG00585	0.3800092625384804	0.39335821505434926
BG00586	0.39812988928961357	0.42879475933116923
BG00587	0.423819812192602	0.4177970665834016
BG00588	0.4466157157197013	0.4365903799526814
BG00589	0.4304880016597127	0.4395996571603404
BG00590	0.41510841570775636	0.4139705065686487
BG00591	0.354367538365141	0.3201171019570779
BG00592	0.3198069536097704	0.2917972048927997
BG00593	0.42975454273026936	0.41498058429433904
BG00594	0.4171453359346676	0.44951183069253187
BG00595	0.5035866141649779	0.47662885511252306
BG00596	0.3921825851702986	0.36511795067383923
BG00597	0.3918535764505199	0.4399936293852985
BG00598	0.41282840623565814	0.38094389877428536
BG00599	0.35303473871049534	0.38191625575503313
BG00600	0.4596922406332056	0.4875804447275829
BG00601	0.35840994486484445	0.3326445804719703
BG00602	0.44825237693083053	0.46107952580832406
BG00603	0.36647589749177995	0.3615680094553333
BG00604	0.4556812680876211	0.4485939592322571
BG00605	0.5059211091575491	0.47327170881261377
BG00606	0.47215894683680126	0.4508194831838822
BG00607	0.48013478879526217	0.45771818831453226
BG00608	0.4033625948519566	0.3993055191736642
BG00609	0.43660085793738757	0.4355132431248704
BG00610	0.4041379657202252	0.3625361752421985
BG00611	0.32854559285485263	0.34830707201099764
BG00612	0.42186462024640026	0.39648065449683656
BG00613	0.4510688592198929	0.4402744393754284
BG00614	0.43527015387968326	0.437742958270378
BG00615	0.4002736849605294	0.38989628890737654
BG00616	0.3833349748842707	0.3894101104170029
BG00617	0.44878046736002974	0.4478143971701058
BG00618	0.44851013535460643	0.4503752166323337
BG00619	0.31922647325703957	0.3154439207780532
BG00620	0.4010071438899728	0.4325081571110938
BG00621	0.43296499724429005	0.4112252745755892
BG00622	0.40242167182532773	0.4229354702833875
BG00623	0.35355235115498823	0.34814780664346145
BG00624	0.4323405093557925	0.37731851606589384
BG00625	0.2976397291650513	0.31020492842488645
BG00626	0.44363577686922007	0.4490005050388628
BG00627	0.4323405093557925	0.4006131716650146
BG00628	0.4230926400539826	0.42315341236527937
BG00629	0.44743509412373644	0.4318291837021236
BG00630	0.42483198551523393	0.4181449356756518
BG00631	0.39361806907506625	0.39660219911943
BG00632	0.46962746573175096	0.4806817395969327
BG00633	0.38886735080921464	0.3682990668306821
BG00634	0.36151142833791916	0.3286545638957985
BG00635	0.4591201426682397	0.4522067683590009
BG00636	0.4405342933961453	0.4438411453694642
BG00637	0.40148493999258156	0.4360832454928948
BG00638	0.38038018319708466	0.38573862457590374
BG00639	0.39272324918114543	0.37718020666777036
BG00640	0.4811930652506019	0.4708953018812173
BG00641	0.3273049994656227	0.364967067694068
BG00642	0.4207141375256449	0.4236228260801229
BG00643	0.40154361670693706	0.42247863015019127
BG00644	0.41843203245660554	0.4419551081223241
BG00645	0.44062859525850223	0.43018623570017034
BG00646	0.4184928047679021	0.4201231791882077
BG00647	0.4877439012890015	0.46725315439729587
BG00648	0.4241278649429683	0.37357997112267405
BG00649	0.44317474554214137	0.39140511870508876
BG00650	0.43844288764876105	0.4170887548172533
BG00651	0.39924684245930875	0.4157308079993126
BG00652	0.45467328595887185	0.44323342225649676
BG00653	0.4666433356873872	0.47564392455012766
BG00654	0.4511275359342485	0.42198826046593507
BG00655	0.3978888956413679	0.43075623806819474
BG00656	0.4186227317782606	0.41190424798455955
BG00657	0.4172920277205563	0.400466479879126
BG00658	0.4424790073576408	0.484022121121312
BG00659	0.464897703435312	0.444012984318648
BG00660	0.3739278402149243	0.3536340794356976
BG00661	0.4148338925084505	0.4356683172985242
BG00662	0.40217020019237587	0.42484665469382277
BG00663	0.3221477353931653	0.2492021014646128
BG00664	0.36406176981544075	0.3552099683355302
BG00665	0.4201399439637378	0.4163888254388704
BG00666	0.38572395539731474	0.3550423205802289
BG00667	0.39240262284913163	0.35780850854270096
BG00668	0.4333170575304229	0.4378603116990891
BG00669	0.3905857403010534	0.3845022223805561
BG00670	0.44054267578391043	0.44682108421994543
BG00671	0.4187002688650875	0.41228983782175266
BG00672	0.38726421914914566	0.3995527996127337
BG00673	0.3879725309152939	0.4063844456412631
BG00674	0.4332499984283022	0.432705143223573
BG00675	0.3880018692724716	0.3770921915962372
BG00676	0.4053408383645123	0.41853052551284503
BG00677	0.32523245409071	0.33281641942115436
BG00678	0.43847432160288013	0.4279062262280722
BG00679	0.3746151960116598	0.3662369994404756
BG00680	0.4282289481570273	0.4165438996125241
BG00681	0.4794683889679393	0.4714527306675944
BG00682	0.43362091908690636	0.4293102761787208
BG00683	0.3836639836040494	0.4275122540031141
BG00684	0.4285642436676299	0.44266341988847224
BG00685	0.426026475771756	0.40701312472364315
BG00686	0.3856380359227227	0.38634215649498843
BG00687	0.4754762767948263	0.47087853710568717
BG00688	0.46647987912596844	0.45920606214283155
BG00689	0.37813999006687044	0.3511570838511204
BG00690	0.3595415672131285	0.3513373051880692
BG00691	0.42427874792273956	0.43302367395864544
BG00692	0.38389449926758884	0.37326563158148396
BG00693	0.3643467709994531	0.3389187977141228
BG00694	0.45129518368954985	0.4511841170516627
BG00695	0.4350102998589664	0.40246567936109434
BG00696	0.4606352592567755	0.44054686697779294
BG00697	0.39796643272819476	0.3836891307673447
BG00698	0.3550025042383449	0.35628291396945877
BG00699	0.3760339151408974	0.366107072430117
BG00700	0.4319067207889503	0.37284232099934816
BG00701	0.4489103943703884	0.43976311372175914
BG00702	0.39395546018261024	0.412377852893286
BG00703	0.4563162339608249	0.4557525183836242
BG00704	0.3859712358363841	0.36385640131519664
BG00705	0.41011460819671774	0.4230234853549208
BG00706	0.43113554111456415	0.441678489326077
BG00707	0.35929428677405906	0.30635322124683817
BG00708	0.431590285650819	0.4401822331100125
BG00709	0.41485694407480445	0.42400003352955085
BG00710	0.35306407706767307	0.34173947119706777
BG00711	0.3502077784367265	0.3596987369837235
BG00712	0.4310684820124435	0.4176713307669254
BG00713	0.4198926635246682	0.37748197262731287
BG00714	0.3792422740579767	0.38104029623358354
BG00715	0.45994580786309885	0.4346791955422462
BG00716	0.42784754951371673	0.4388620070370144
BG00717	0.4457690945554295	0.46829676167404666
BG00718	0.46426902435293205	0.4345325037563573
BG00719	0.4611214377471493	0.44072708831474183
BG00720	0.38457137707961797	0.37808969574028006
BG00721	0.42992219048557073	0.3995611820004986
BG00722	0.44471920048785496	0.4435268058282742
BG00723	0.46552638251769207	0.4410791486008747
BG00724	0.3094609915107368	0.3233275564710986
BG00725	0.4946698491798881	0.48569859867432535
BG00726	0.44750634441973963	0.4467833634750026
BG00727	0.38349214465486564	0.4092176927058556
BG00728	0.4073002215045966	0.3929516692477436
BG00729	0.43941943582339144	0.4165103700614638
BG00730	0.44629089819380496	0.4403708368347265
BG00731	0.46776867124484744	0.4070215071114081
BG00732	0.41309873824108156	0.3947035882906425
BG00733	0.43380533161773793	0.4117910857497312
BG00734	0.4289540246987056	0.42830019845303036
BG00735	0.32108107655006063	0.35650085605135046
BG00736	0.38616822194886324	0.34066233436925675
BG00737	0.34855016125618465	0.3536173146601675
BG00738	0.45454545454545453	0.39695845059944557
BG00739	0.4170992328019597	0.4003281704810022
BG00740	0.4820396864148736	0.4700151511658852
BG00741	0.4261815499454097	0.428006814881253
BG00742	0.36128300827132115	0.3664423679407199
BG00743	0.355247689080473	0.3642168439890945
BG00744	0.35496268789646074	0.36367617997824764
BG00745	0.41659419393911445	0.4108187287689835
BG00746	0.4602978681492316	0.4530617719110377
BG00747	0.37991496067612335	0.3608052121687123
BG00748	0.41743452831256245	0.40595694386524456
BG00749	0.3530808418432032	0.3298951572850285
BG00750	0.44841373789530814	0.4485352825179017
BG00751	0.37245463556521397	0.3958813137716344
BG00752	0.41843203245660554	0.4131993268942625
BG00753	0.3914093098989712	0.38153904830560503
BG00754	0.48162685381744413	0.4624751933712077
BG00755	0.40980655544635164	0.3831526579503804
BG00756	0.4534347881665831	0.3958896961593995
BG00757	0.4190376599726314	0.4241090045704969
BG00758	0.3232311590118004	0.314735609011905
BG00759	0.38653285581664376	0.34214182580979097
BG00760	0.4701660341456565	0.4796129851568868
BG00761	0.44462908981938054	0.45107514601071674
BG00762	0.4267473611195517	0.45171639867474445
BG00763	0.38312122399626136	0.3755917441862902
BG00764	0.4179039420274061	0.40132567462504526
BG00765	0.4449622897330418	0.4590467967752954
BG00766	0.4280047192843116	0.4000347869092249
BG00767	0.424549079928163	0.430379030618767
BG00768	0.4170573208631344	0.4114893197901888
BG00769	0.3832176214555596	0.379141685404796
BG00770	0.4340442296690424	0.4382626663118123
BG00771	0.4216299133889784	0.3930229195437466
BG00772	0.38297872340425526	0.36987495573051454
BG00773	0.3469679855655282	0.31770716547462124
BG00774	0.3910907791638988	0.3907890132043562
BG00775	0.4493839992791146	0.4313346228239844
BG00776	0.38910834445746045	0.38305206929719965
BG00777	0.43286859978499187	0.44637262647451437
BG00778	0.4188197178907397	0.43544618402274976
BG00779	0.4315420869211698	0.3925954177677281
BG00780	0.4346435703942447	0.3722932746007364
BG00781	0.38942477959559174	0.3709772397216209
BG00782	0.4124428163984652	0.4132621948025003
BG00783	0.4082977256486396	0.3819833148571536
BG00784	0.4660942892887753	0.4744242871303105
BG00785	0.4786615841455517	0.4869685304207329
BG00786	0.367976344901727	0.3654155254394991
BG00787	0.401189460823863	0.40161905819682264
BG00788	0.3675174091715896	0.3366555530175548
BG00789	0.3744391658685935	0.37680719041222477
BG00790	0.44427283833936515	0.4290965252907115
BG00791	0.4202070030658583	0.42963299810767586
BG00792	0.45437151999932945	0.44133481142770936
BG00793	0.40303987292300136	0.39699198015050585
BG00794	0.45086558631659013	0.47138986275935624
BG00795	0.4270155975280339	0.34987457852306514
BG00796	0.3987480903872873	0.3717023162632992
BG00797	0.40182652229400806	0.4084046010926443
BG00798	0.4118749096273819	0.41966214786112904
BG00799	0.4961304802479509	0.4974758534842442
BG00800	0.39994258064380916	0.41576433755037284
BG00801	0.45209779731805505	0.42937733528084127
BG00802	0.47261997816387996	0.4554046492913738
BG00803	0.39939772543908	0.3987019872545794
BG00804	0.48646558715482885	0.4713982451471213
BG00805	0.34046744385371897	0.34219212013638134
BG00806	0.3684038466777453	0.3576660079506948
BG00807	0.393222001253167	0.36248168972172556
BG00808	0.4139872713441787	0.39567175407750776
BG00809	0.41485694407480445	0.3688523044231764
BG00810	0.3798751443342393	0.4240461366622588
BG00811	0.41900622601851245	0.4183042010431881
BG00812	0.3861807955305108	0.410131372972248
BG00813	0.44629089819380496	0.4268416629819088
BG00814	0.3326571540536179	0.3521462056073982
BG00815	0.3954915327405587	0.4111875538306463
BG00816	0.3637076139323666	0.3735087208266711
BG00817	0.26645305548512016	0.2745713980355874
BG00818	0.45633090313941377	0.44568527067777886
BG00819	0.45150683898061783	0.4290504221580037
BG00820	0.44483445831962454	0.4009568495633824
BG00821	0.41258322139353	0.4311837398442132
BG00822	0.43501868224673135	0.4150769817536373
BG00823	0.4401088872170683	0.43739508917812786
BG00824	0.35885630701333426	0.39100276409236534
BG00825	0.44706207786819097	0.41671573856170796
BG00826	0.43260036337650964	0.3984379420399798
BG00827	0.44660314213805374	0.4631374020046479
BG00828	0.4491995867482831	0.45298213922726954
BG00829	0.41328105517497177	0.42568908466421196
BG00830	0.3534706228742789	0.37349195605114094
BG00831	0.4878633503146539	0.4759331169280224
BG00832	0.3739173622302181	0.3352598854546713
BG00833	0.4184278412627228	0.4205255338009307
BG00834	0.4168037536332411	0.43457441569518274
BG00835	0.4342223554090501	0.44741623375126516
BG00836	0.3667168911400257	0.305322187551735
BG00837	0.36818590459585365	0.377901092015566
BG00838	0.4429065091336592	0.46563535355863794
BG00839	0.43832343862310896	0.42513584707171753
BG00840	0.4434765115016837	0.4348845640424901
BG00841	0.3382733538562127	0.3333403186564709
BG00842	0.43269466523886646	0.39981265363345075
BG00843	0.38737947698091535	0.40448164361859296
BG00844	0.4641935828630464	0.44465842817655815
BG00845	0.34581750284477286	0.32679786500583613
BG00846	0.4236961719730672	0.4121641020052766
BG00847	0.4519804438893441	0.4627643857491026
BG00848	0.49425072979163476	0.49413547195986507
BG00849	0.42382819458036713	0.41090255264663417
BG00850	0.42580853368986415	0.414146536711715
BG00851	0.38893860110521783	0.3913296772152031
BG00852	0.4217242152513354	0.39023577561186185
BG00853	0.43110410716044506	0.43075623806819474
BG00854	0.4077402968622626	0.39518976678101636
BG00855	0.45098713093918374	0.4528564034107935
BG00856	0.4478646914966963	0.43319132171394675
BG00857	0.5003363433090732	0.44735336584302726
BG00858	0.43891439696054624	0.42983417541403757
BG00859	0.4343250396591721	0.4387530359960685
BG00860	0.36131444222544007	0.3452936036094561
BG00861	0.4943115021029315	0.4972118082696445
BG00862	0.4565991395478959	0.45152779495003037
BG00863	0.47378932125710665	0.42554658407220597
BG00864	0.4016861172989431	0.42331267773281545
BG00865	0.5022538145103321	0.4961346714418335
BG00866	0.36455633069357984	0.36736023940099455
BG00867	0.3995590864035574	0.3903279818772776
BG00868	0.44811197193576563	0.43682089561622073
BG00869	0.3390403423367163	0.35616136934686526
BG00870	0.4418775710354971	0.4429693770418972
BG00871	0.47785268372622286	0.4795752644119439
BG00872	0.43416786988857714	0.40858063123571065
BG00873	0.4660984804826579	0.4803548264740952
BG00874	0.42798166771795776	0.4237779002537766
BG00875	0.42331267773281556	0.4382920046689899
BG00876	0.48442238013709393	0.4946258416441214
BG00877	0.4153703653254147	0.39285946298232766
BG00878	0.45074194609705537	0.47555171828471193
BG00879	0.38169202688231757	0.40672393234574833
BG00880	0.367976344901727	0.33701599569145274
BG00881	0.3107979823592649	0.34468588049648885
BG00882	0.39482303731629464	0.3804493378961463
BG00883	0.30390975521332125	0.27948766845979917
BG00884	0.47541550448352965	0.4663646212941986
BG00885	0.4035470073827879	0.4091715895731478
BG00886	0.31454490969024984	0.31950518765022806
BG00887	0.47011573981906607	0.45391677546307446
BG00888	0.4099008573087086	0.383219717052501
BG00889	0.37246511354992023	0.3607842561992996
BG00890	0.34754217912743535	0.36106925738331186
BG00891	0.4449119954064514	0.4519301495627537
BG00892	0.39124585333755235	0.38194140291832834
BG00893	0.47079261763109526	0.5007827054575631
BG00894	0.4213679637713201	0.4213553901896725
BG00895	0.4329545192595837	0.4451487978608146
BG00896	0.3713774987374028	0.4250939351328923
BG00897	0.35598953039768133	0.3778130769440329
BG00898	0.39205475375688137	0.3899214360706719
BG00899	0.36283794120174095	0.35213782321963316
BG00900	0.4225729320125484	0.36850443533092614
BG00901	0.3968348103799107	0.37518100718580183
BG00902	0.469847503410584	0.4494783011414716
BG00903	0.4600694480826334	0.43131785804845435
BG00904	0.4596922406332056	0.43191300757977413
BG00905	0.39314446416633997	0.4035679633522007
BG00906	0.468049481234977	0.4510080869085963
BG00907	0.41643283297463707	0.4275918866868822
BG00908	0.4185389079006099	0.416401399020518
BG00909	0.3776957235153219	0.4230947356509238
BG00910	0.39478322097441065	0.3827544945315397
BG00911	0.40683919017751796	0.37783822410732815
BG00912	0.40401851669457306	0.43485103449143003
BG00913	0.36999440475616674	0.34070843750196456
BG00914	0.3824443461842323	0.3610441102200167
BG00915	0.3333927085800026	0.33828173624397784
BG00916	0.39413987271344175	0.3865349514135849
BG00917	0.3664151251804833	0.3407964525734978
BG00918	0.32585694197920745	0.30622748543036216
BG00919	0.4306828921752505	0.4333212487243052
BG00920	0.3806630887841556	0.34590551791630597
BG00921	0.48567554710797145	0.4650527776089657
BG00922	0.45758826130417374	0.46883323449101083
BG00923	0.43647512212091166	0.46293203350440393
BG00924	0.37540942725239995	0.4074825384384868
BG00925	0.4653880731195685	0.4754511296315311
BG00926	0.3942467481574463	0.40191663296248253
BG00927	0.4492708370442862	0.47787363969563545
BG00928	0.4102256748346049	0.4020549423606061
BG00929	0.29748465499139753	0.2819101785239034
BG00930	0.5338868503387533	0.5337338717620407
BG00931	0.4321959131668451	0.4279816677179578
BG00932	0.2524523723205174	0.2743786031169909
BG00933	0.31454490969024984	0.29655420994947507
BG00934	0.434922284787433	0.44971300799889347
BG00935	0.4243017994890933	0.4656688831096981
BG00936	0.5067279139799368	0.5028615376232995
BG00937	0.41735699122573555	0.38143426845854167
BG00938	0.4237569442843641	0.3976164680390031
BG00939	0.4305655387465396	0.4550567801991237
BG00940	0.38600686098438564	0.3758725541764199
BG00941	0.36887745158647156	0.34979913703317955
BG00942	0.4207141375256449	0.3949173391786517
BG00943	0.34665574162127955	0.3199955573344844
BG00944	0.46782106116837907	0.46088673088972765
BG00945	0.4580639618098413	0.4388075215165415
BG00946	0.41879876192132715	0.4203662684333946
BG00947	0.4515068389806178	0.4065437110087994
BG00948	0.3822033525359866	0.3603399896477512
BG00949	0.41262932452623796	0.3597867520552567
BG00950	0.45179812695545385	0.4758073811115465
BG00951	0.4270847522270955	0.4219589221087572
BG00952	0.43461213644012553	0.4550358242297108
BG00953	0.3876393310016325	0.4006383188283098
BG00954	0.4434765115016837	0.47622230930591725
BG00955	0.4233608764624647	0.42785174070759924
BG00956	0.38169202688231757	0.3686427447290499
BG00957	0.41704893847536934	0.4277134313094756
BG00958	0.42075604946447004	0.438497373169234
BG00959	0.29612251697957426	0.29399339048724726
BG00960	0.4726514121179988	0.4836784432229444
BG00961	0.4402220494518965	0.4283924047184461
BG00962	0.3987334212086983	0.4065353286210343
BG00963	0.3806987139321571	0.39727698133451816
BG00964	0.3760360107378387	0.39483351530100097
BG00965	0.4222460188897108	0.4152823502538816
BG00966	0.3826057071487098	0.36904509934177293
BG00967	0.384611193421502	0.33142075185827047
BG00968	0.4130421571236675	0.3784249912508827
BG00969	0.4473931821849113	0.40557973641581657
BG00970	0.43696339620822683	0.4734938420883881
BG00971	0.3974781586408796	0.3923607109103064
BG00972	0.39851757472374794	0.3579761562980023
BG00973	0.44226735206657297	0.45770561473288474
BG00974	0.42673269194096275	0.4367580277079828
BG00975	0.37760770844378877	0.4012083211963343
BG00976	0.4401591815436586	0.38651399544417225
BG00977	0.4512511761537832	0.3841669268699536
BG00978	0.4268269938033198	0.41893707131945085
BG00979	0.4658239572833518	0.4523366953693594
BG00980	0.38621432508157105	0.36939715962790587
BG00981	0.45966499787296905	0.4695457374510415
BG00982	0.3914093098989712	0.3627331613546776
BG00983	0.4387593227868924	0.4465989509441711
BG00984	0.44187757103549724	0.42610401285858285
BG00985	0.49082023759878113	0.4967549681364484
BG00986	0.4225163508951342	0.42873608261681373
BG00987	0.3914197878836776	0.386786423046537
BG00988	0.44870502587014427	0.4589210609588193
BG00989	0.45599770322575234	0.46136452699233643
BG00990	0.46340354281618895	0.47030434354378026
BG00991	0.3884377534362551	0.3745523281034218
BG00992	0.4786406281761391	0.4595790783983771
BG00993	0.4166444882657049	0.399800080051803
BG00994	0.4106133602687393	0.3847830323706859
BG00995	0.3845043179774975	0.3828341272153079
BG00996	0.42966443206179494	0.39788470444748536
BG00997	0.3986349281524588	0.37124966732398545
BG00998	0.4824713793847746	0.4949569459608417
BG00999	0.3779010920155661	0.357464830644333
BG01000	0.39180747331781196	0.34737662696907534
BG01001	0.38606972889262364	0.41182042410690894
BG01002	0.3754429568034602	0.356370929040992
BG01003	0.448428407073897	0.4468588049648883
BG01004	0.37901175839443724	0.3883832679157821
BG01005	0.34183796425330737	0.35708762319490517
BG01006	0.3867025991688862	0.34275793131052346
BG01007	0.3964932280784843	0.36799310967725707
BG01008	0.3872306895980855	0.42669497119601996
BG01009	0.31845738917959476	0.28337290518890756
BG01010	0.4183314438034247	0.415835587846376
BG01011	0.44580681530037236	0.44253768407199623
BG01012	0.40387601610256685	0.41445249386513994
BG01013	0.39121232378649223	0.41819523000224224
BG01014	0.43413643593445805	0.38792642778258607
BG01015	0.38187015262232515	0.35644217933699496
BG01016	0.3635085322229463	0.3321290636244187
BG01017	0.48116791808730663	0.4780454786448193
BG01018	0.40466815174636567	0.4147877893757425
BG01019	0.3820315135868027	0.37357997112267405
BG01020	0.41631967073980863	0.41936457309546915
BG01021	0.3525108394751787	0.394150350698148
BG01022	0.4240167983050811	0.4265566617978964
BG01023	0.44117973725405557	0.41188329201514695
BG01024	0.39104258043424955	0.40231479638132306
BG01025	0.44793175059881685	0.4405720141410882
BG01026	0.4531393089978646	0.45245404879807033
BG01027	0.4045046951849469	0.41875684998250173
BG01028	0.47234335936763255	0.4558111950979795
BG01029	0.42574357018468495	0.40038265600147516
BG01030	0.4291614887958909	0.4003533176442976
BG01031	0.4257079450366834	0.4370933232185854
BG01032	0.4429568034602498	0.4264309259814205
BG01033	0.4193310435444088	0.41503926100869454
BG01034	0.45211246649664383	0.4409701775599288
BG01035	0.4070445586777621	0.37611564342160686
BG01036	0.3725552242183948	0.3630265449264549
BG01037	0.4127466779549488	0.42039141559668974
BG01038	0.41256645661799984	0.3650969947044264
BG01039	0.39031750389257125	0.4178096401650491
BG01040	0.36137731013367813	0.3555997493666059
BG01041	0.41605981671909154	0.414972201906574
BG01042	0.35294881923590343	0.3323218585430152
BG01043	0.4095949001552836	0.4197669277081923
BG01044	0.3594682213201842	0.35676909245983257
BG01045	0.43949068611939446	0.44165334216278174
BG01046	0.39946478454120043	0.368722377412818
BG01047	0.4541661514990853	0.4467917458627677
BG01048	0.4273194590845175	0.45291508012514897
BG01049	0.368730759800583	0.3827377297560096
BG01050	0.45369464218730016	0.42865644993304575
BG01051	0.34730118547918976	0.3225563767967124
BG01052	0.4466157157197013	0.4229815734160955
BG01053	0.4318585220593012	0.38834973836472186
BG01054	0.40564260432405463	0.4109193174221642
BG01055	0.48201034805769594	0.4581498812844331
BG01056	0.4139998449258263	0.420030972922792
BG01057	0.36398632832555516	0.3573139476645619
BG01058	0.352175543964576	0.34755265711214156
BG01059	0.40729393471377284	0.4440423226758258
BG01060	0.405141756655092	0.4121724843930417
BG01061	0.49082023759878113	0.48451249080556846
BG01062	0.4322881194322608	0.43823332795463443
BG01063	0.38548505734601024	0.39280497746185483
BG01064	0.3683975598869216	0.3588018214928612
BG01065	0.44600170581591014	0.41109115637134824
BG01066	0.36005708406068004	0.2999700329637399
BG01067	0.4182958186554231	0.43273448158075056
BG01068	0.43647512212091166	0.44531644561611605
BG01069	0.4779616547671687	0.48484359512228836
BG01070	0.4179898615019981	0.38505126877916795
BG01071	0.46045922911370907	0.47480149457973847
BG01072	0.410477146467557	0.3918284292872245
BG01073	0.41461804602350005	0.37958176076246186
BG01074	0.36753626954406093	0.38386935210429374
BG01075	0.44568946187166136	0.446267846627451
BG01076	0.4003868471953578	0.39813617608043733
BG01077	0.4365379900291497	0.46271409142251224
BG01078	0.3033523264269444	0.2966631809904211
BG01079	0.4223675635123042	0.4032117118721853
BG01080	0.40486304226190345	0.37832021140381933
BG01081	0.4012816670892787	0.39560888616926976
BG01082	0.38068194915662695	0.4107810080240406
BG01083	0.42394554800907813	0.4087608525726596
BG01084	0.3995527996127337	0.4034254627601945
BG01085	0.5060216978107298	0.49030472075122955
BG01086	0.44161981261172156	0.45305338952327256
BG01087	0.4683281956281655	0.4749230392023319
BG01088	0.469958570048471	0.45750862862040564
BG01089	0.42286002879350204	0.4258818795828083
BG01090	0.44218771938280477	0.4695583110326892
BG01091	0.44663876728605534	0.44869454788543783
BG01092	0.44983245702454566	0.4236437820495358
BG01093	0.40926798703244605	0.4093685756856269
BG01094	0.4019774052737792	0.47203530661726645
BG01095	0.44520747457517007	0.473556709996626
BG01096	0.40528635284403935	0.4050893667315604
BG01097	0.42902946618859095	0.44138510575429957
BG01098	0.39430332927486056	0.4263303373282396
BG01099	0.43685442516728107	0.445136224279167
BG01100	0.40124394634433586	0.40657304936597705
BG01101	0.38693730602630805	0.398102646529377
BG01102	0.38693730602630805	0.374451739450241
BG01103	0.43855814548053085	0.4513056616742561
BG01104	0.35054097835038794	0.3539316542013575
BG01105	0.38038018319708466	0.37201665580448917
BG01106	0.38548505734601024	0.373743427684093
BG01107	0.4045801366748324	0.3890748149064001
BG01108	0.41686871713842044	0.4205716369336387
BG01109	0.46214408905448756	0.46085739253254987
BG01110	0.4205884017091688	0.4355216255126354
BG01111	0.43084634873666927	0.4549561915459427
BG01112	0.39819694839173403	0.43659457114656397
BG01113	0.46262607635097897	0.45386228994260164
BG01114	0.45003363433090743	0.4405552493655581
BG01115	0.36182367228216783	0.4015226607375245
BG01116	0.45816664605996343	0.4670435947031692
BG01117	0.4037796186432686	0.4262297486750588
BG01118	0.3988884953823521	0.42194634852710966
BG01119	0.38129805465735944	0.3725908493663962
BG01120	0.3843743909671389	0.390504012020344
BG01121	0.4514104415213194	0.42086502050541597
BG01122	0.43674335852939383	0.45034587827515604
BG01123	0.44028072616625213	0.449356756518878
BG01124	0.40217020019237587	0.4151649968251707
BG01125	0.4520139734404044	0.44651931826040286
BG01126	0.41598856642308857	0.4212045072099011
BG01127	0.5000073345892944	0.46393372884232936
BG01128	0.441489885601363	0.4551489864645393
BG01129	0.4215314203327389	0.4260118065931671
BG01130	0.3585105335180253	0.3842507507476042
BG01131	0.46512402790496893	0.4119210127600897
BG01132	0.4078911798420338	0.43103704805832466
BG01133	0.4016295361815289	0.3450379407826215
BG01134	0.45086558631659013	0.4538748635242491
BG01135	0.3876058014505721	0.391384162735676
BG01136	0.3791794061497388	0.3671716356762805
BG01137	0.379432973379632	0.37824896110781625
BG01138	0.4365254164475021	0.41681632721488876
BG01139	0.34379944299033294	0.32528903520812413
BG01140	0.43273029038686806	0.3950598397706578
BG01141	0.40601352498265886	0.3969584505994455
BG01142	0.41461804602350005	0.40314465277006484
BG01143	0.4179898615019981	0.39538675289349534
BG01144	0.38396574956359186	0.40962423851246155
BG01145	0.4204899086529294	0.4237611354782467
BG01146	0.47735602725114257	0.47642348661227885
BG01147	0.44018013751307117	0.43942362701727394
BG01148	0.37745053867319367	0.36444735965263375
BG01149	0.4044187757103549	0.3872306895980856
BG01150	0.3816815488976112	0.3762162320747876
BG01151	0.46460431986353473	0.49562334578816447
BG01152	0.3962962419660052	0.3964555073335415
BG01153	0.42376323107518776	0.4240461366622588
BG01154	0.42898126745894194	0.4072436403871825
BG01155	0.3808768396721649	0.38014338074272147
BG01156	0.4540383200856679	0.4588330458872862
BG01157	0.38500097445257764	0.3445014679656574
BG01158	0.4211625952710759	0.4367538365141002
BG01159	0.440406461982728	0.41538293890706235
BG01160	0.41671783415864927	0.40706341905023347
BG01161	0.4359470316917125	0.3642922854789801
BG01162	0.32959129572854473	0.3064496187061365
BG01163	0.3868618645364224	0.40840040989876164
BG01164	0.3428627111575867	0.3220073303981006
BG01165	0.42234660754289155	0.36694531120662366
BG01166	0.4350186822467314	0.4190167040032188
BG01167	0.38222849969928174	0.4068664329377545
BG01168	0.4279711897332515	0.42826666890196996
BG01169	0.42650427187436474	0.41954060323853554
BG01170	0.400082985638874	0.383022730940022
BG01171	0.3213660777340729	0.2750324293626659
BG01172	0.47086805912098084	0.4681081579493327
BG01173	0.3478816658319205	0.3680098744527872
BG01174	0.32830459920660693	0.2933563290171022
BG01175	0.4305885903128936	0.4223864238847757
BG01176	0.32319972505768124	0.36271220538526505
BG01177	0.3800700348497772	0.43742861872918826
BG01178	0.4701660341456565	0.4834102068144622
BG01179	0.3601157607750355	0.3276067654251651
BG01180	0.34234928990697644	0.3332439211971726
BG01181	0.4287402738106963	0.4101187993906005
BG01182	0.3832134302616772	0.42218524657841405
BG01183	0.335769115511399	0.3349748842706589
BG01184	0.3658367404246937	0.34300940294347537
BG01185	0.4223319383643027	0.4297461603425042
BG01186	0.322969209394142	0.29395147854842185
BG01187	0.43466033516977476	0.44796528014987713
BG01188	0.32260247992942026	0.3740493848375177
BG01189	0.39405395323884984	0.4119503511172674
BG01190	0.41140130471865566	0.4044313492920024
BG01191	0.39655400038978106	0.37373504529632784
BG01192	0.47238736690339916	0.4769222386843004
BG01193	0.4584369780653868	0.46024966941958245
BG01194	0.41328105517497177	0.4040918625875174
BG01195	0.40738404538224726	0.41838802492083865
BG01196	0.4503270179026847	0.44955793382523984
BG01197	0.3293880228252418	0.3563122523266365
BG01198	0.4396960546196386	0.44406746983912093
BG01199	0.43070594374160454	0.4327889671012237
BG01200	0.3968976782881487	0.4136352110580459
BG01201	0.45517413362783443	0.4519050023994584
BG01202	0.4240000335295512	0.4282499041264398
BG01203	0.3550025042383449	0.3563876938165221
BG01204	0.43733222126988974	0.42947373274013967
BG01205	0.4851369786940661	0.49203568382471585
BG01206	0.4290420397702387	0.4158146318769632
BG01207	0.43414062712834056	0.46669572561091877
BG01208	0.42578338652656894	0.4166109587146446
BG01209	0.5070087239700665	0.5256448675687513
BG01210	0.41333344509850345	0.4096032825430488
BG01211	0.46421034763857655	0.4681081579493326
BG01212	0.4597404393628547	0.44688814332206594
BG01213	0.4531267354162169	0.4200267817289094
BG01214	0.4118749096273819	0.41942744100370705
BG01215	0.451806509343219	0.4361754517583107
BG01216	0.4829659402629137	0.4595790783983771
BG01217	0.41594875008120435	0.37699579413693884
BG01218	0.3711071667319794	0.3606124172501157
BG01219	0.36332202409517356	0.3835298653998084
BG01220	0.3926457120943186	0.37153047731411526
BG01221	0.41284307541424714	0.43164057997740946
BG01222	0.37899080242502475	0.3778130769440329
BG01223	0.38716782168984737	0.3778969008216835
BG01224	0.46675649792221563	0.47373274013969247
BG01225	0.42352014183000086	0.40194178012577764
BG01226	0.39952555685249713	0.4061287828144286
BG01227	0.34677728624387305	0.3176862095052087
BG01228	0.4768132676433544	0.47712760718454444
BG01229	0.3980104402639614	0.4422862124390443
BG01230	0.4442937943087778	0.46878294016442057
BG01231	0.4022624064577915	0.3992258864898961
BG01232	0.36435724898415933	0.37627490878914316
BG01233	0.34576720851818243	0.3335456871567151
BG01234	0.39815713204985004	0.4326129369581572
BG01235	0.4359239801253586	0.43044608972088744
BG01236	0.44534368837635235	0.44230716840845696
BG01237	0.36881667927517486	0.35933410311594316
BG01238	0.405621648354642	0.41630500156121975
BG01239	0.40411491415387124	0.38821142896659816
BG01240	0.4374097583567167	0.4453332103916461
BG01241	0.38951279466712485	0.35257789857729915
BG01242	0.39367045899859804	0.4119168215662072
BG01243	0.4630850120811163	0.4624039430752046
BG01244	0.4207560494644702	0.37704189726964665
BG01245	0.3660064837769363	0.38259522916400335
BG01246	0.34545706017087496	0.31494516870603173
BG01247	0.4067553662998673	0.38148037159124965
BG01248	0.42443382209639324	0.43490552001190275
BG01249	0.4571984802730983	0.45589501897563034
BG01250	0.4133942174098002	0.4487406510181459
BG01251	0.44252091929646614	0.4332793367854798
BG01252	0.44233441116869343	0.4346456659911858
BG01253	0.3874297713075057	0.40721011083612213
BG01254	0.39716591469663093	0.3746487255627202
BG01255	0.41892449773780305	0.38532788757541525
BG01256	0.42971682198532657	0.4347294898688366
BG01257	0.3786282641541857	0.36985399976110184
BG01258	0.4045864234656563	0.3900094511422051
BG01259	0.3568403427558357	0.35277488468977825
BG01260	0.44628042020909864	0.43505221179779174
BG01261	0.42650427187436474	0.41115821547346865
BG01262	0.39643664696107006	0.43236565651908776
BG01263	0.39430332927486056	0.3995025052861433
BG01264	0.3860382949385047	0.32839051868119895
BG01265	0.4531393089978646	0.46464623180236
BG01266	0.3534370933232186	0.3316596499095751
BG01267	0.37252798145815824	0.3577917437671707
BG01268	0.36150723714403665	0.3786638893021872
BG01269	0.44141444411147734	0.4280361532384307
BG01270	0.3957639603429234	0.3780687397708674
BG01271	0.41288708295001375	0.4140291832830041
BG01272	0.4750676353912793	0.4525085343185432
BG01273	0.4305885903128936	0.42660276493060423
BG01274	0.43385143475044585	0.4247963603672324
BG01275	0.40825371811287303	0.41725640257255475
BG01276	0.450400363795629	0.473531562833331
BG01277	0.43461213644012553	0.4464061560255745
BG01278	0.30344243709541874	0.3358550349859909
BG01279	0.44376151268569614	0.433962501388333
BG01280	0.3463937920036212	0.3901058486015034
BG01281	0.34867799266960187	0.29585008937720947
BG01282	0.3677479248351289	0.45796965994748434
BG01283	0.44842421588001447	0.43441515032764655
BG01284	0.3643761093566308	0.3097690442611029
BG01285	0.41892449773780305	0.416841474378184
BG01286	0.44167010693831193	0.4221726729967664
BG01287	0.36101686745978023	0.34110660092080525
BG01288	0.36182367228216783	0.37347100008172823
BG01289	0.2850032796092131	0.31656296954468965
BG01290	0.39205475375688137	0.3759857164112482
BG01291	0.40037217801676894	0.35699541692948933
BG01292	0.4502557676066816	0.4569428174462635
BG01293	0.44593883790767197	0.4279565205546625
BG01294	0.3962061312975307	0.39880257590776
BG01295	0.3734500441123156	0.37076348883361165
BG01296	0.4453038720344683	0.42078538782164776
BG01297	0.388932314314394	0.3544262150794965
BG01298	0.3788273458636059	0.3415215291151761
BG01299	0.38954003742736126	0.3831233195932026
BG01300	0.3223007139698779	0.3530012091594351
BG01301	0.4027422981573416	0.4074406264996616
BG01302	0.46845602704158296	0.4632421818517113
BG01303	0.38207761671951057	0.3952358699137243
BG01304	0.41262932452623796	0.4270973258087434
BG01305	0.4676743693824904	0.4613603357984538
BG01306	0.4437321743285184	0.45166191315427157
BG01307	0.3717442282021245	0.40468701211883706
BG01308	0.38430314067113586	0.37848366796523825
BG01309	0.4280047192843116	0.427206296849689
BG01310	0.43086101791525827	0.39132129482743794
BG01311	0.4224430050021899	0.40677841786622126
BG01312	0.44320827509320154	0.3868367173731272
BG01313	0.3594179269935937	0.37492534435896724
BG01314	0.36047410785199213	0.33965225664356624
BG01315	0.44108753098863973	0.43658618875879884
BG01316	0.42297947781915407	0.428635493963633
BG01317	0.44218771938280477	0.44273467018447543
BG01318	0.410477146467557	0.39457366128028404
BG01319	0.34779574635732863	0.32300064334826084
BG01320	0.45237022492041973	0.45798642472301443
BG01321	0.3089370922754201	0.3165084840242167
BG01322	0.3452726476400434	0.33550297469985807
BG01323	0.3866020105157054	0.386928923638543
BG01324	0.4681186359340389	0.4535018472687038
BG01325	0.36286099276809486	0.4023441347385009
BG01326	0.39348814206470784	0.3929977723804514
BG01327	0.3637055183354254	0.3906255566429375
BG01328	0.45086558631659013	0.4472360124143163
BG01329	0.47631870676521554	0.4506979385612888
BG01330	0.44721505644490356	0.45838039694797267
BG01331	0.4491220496614563	0.44894601951838986
BG01332	0.38136511375948	0.40186633863589216
BG01333	0.38281107564895395	0.4151985263762309
BG01334	0.3273049994656227	0.3198362919669482
BG01335	0.44681270183218036	0.44644387677051744
BG01336	0.4339541190005679	0.4195154560752403
BG01337	0.39413987271344175	0.3842675155231342
BG01338	0.4721170348979758	0.4710839056059313
BG01339	0.40616650355937134	0.42918454036224496
BG01340	0.46083224536925466	0.47005287191082806
BG01341	0.4090919568893797	0.4004245679403007
BG01342	0.3236544695939362	0.33629930153753934
BG01343	0.5141798567030811	0.49529643266532697
BG01344	0.44080252980462753	0.40827886527616825
BG01345	0.33567481364904195	0.33798835267220034
BG01346	0.3679973008711397	0.397134480742512
BG01347	0.37900337600667244	0.38371008673675744
BG01348	0.43411338436810415	0.42564717272538677
BG01349	0.4444572508701966	0.43067660538442676
BG01350	0.4241320561368508	0.4085051897458249
BG01351	0.39200236383334974	0.41071814011580254
BG01352	0.467584258714016	0.4724669995871674
BG01353	0.49058762633830066	0.4825635856501902
BG01354	0.36697255396686024	0.35080921475887017
BG01355	0.3786282641541857	0.38071338311074604
BG01356	0.4552935826534868	0.43519890358368024
BG01357	0.30892661429071383	0.3349706930767764
BG01358	0.4396625250685783	0.4314561674465779
BG01359	0.4269632076045021	0.439172155384322
BG01360	0.39413987271344175	0.37827829946499425
BG01361	0.2633243292518091	0.3066507960124981
BG01362	0.39829753704491483	0.40329553574983606
BG01363	0.45803043225878104	0.4475880727004491
BG01364	0.4179689055325855	0.43208065533507545
BG01365	0.37369313335750254	0.3712077553851603
BG01366	0.4364143498096149	0.4743362720587774
BG01367	0.3594053534119461	0.36974083752627357
BG01368	0.4265985737367217	0.4147165390797396
BG01369	0.39501583223489123	0.4173318440624403
BG01370	0.4139788889564137	0.3820503739592741
BG01371	0.4327931582951061	0.44472548727867867
BG01372	0.43405051645986614	0.41991781068796347
BG01373	0.33978427925086596	0.3122544222334453
BG01374	0.38897213065627806	0.38745701406774224
BG01375	0.3975724605032366	0.40000963974592973
BG01376	0.4468378489954755	0.4320429345901326
BG01377	0.395430760429262	0.3721717299781429
BG01378	0.49082023759878113	0.4780203314815241
BG01379	0.4512511761537832	0.4455092405347124
BG01380	0.47375579170604637	0.45824627874373147
BG01381	0.46830304846487036	0.4596126079494374
BG01382	0.3978365057178362	0.39176556137898666
BG01383	0.38537189511118186	0.39772124788606655
BG01384	0.3899801127850274	0.38266647946000654
BG01385	0.47775419066998326	0.47455421414066906
BG01386	0.4569281482676748	0.4683051440618118
BG01387	0.40184747826342077	0.36364265042718735
BG01388	0.390135186958681	0.40642635758008844
BG01389	0.42401051151425734	0.40464929137389427
BG01390	0.38250511849552904	0.3863505388827535
BG01391	0.41652713483699394	0.4375711193211941
BG01392	0.40073052509372553	0.3358634173737559
BG01393	0.41404385246159287	0.4297629251180344
BG01394	0.29368324213993974	0.32195703607151016
BG01395	0.4308149147825504	0.44575652097378193
BG01396	0.46700587395822635	0.4685105125620558
BG01397	0.418178465226712	0.4037020815564417
BG01398	0.4576825631665308	0.4614776892271648
BG01399	0.37679252123363594	0.36810627191208545
BG01400	0.4698097826656412	0.48697691280849814
BG01401	0.3955544006487969	0.38648884828087693
BG01402	0.3807154787076873	0.3579007148081166
BG01403	0.375197771961332	0.36776678520760026
BG01404	0.44911157167675	0.45604171076151895
BG01405	0.401566668273291	0.39081835156153405
BG01406	0.4358422518446491	0.4306724141905442
BG01407	0.44684413578629933	0.48188461224122003
BG01408	0.3641979836166231	0.3819246381427982
BG01409	0.4500294431370247	0.430089838240872
BG01410	0.4019103461716587	0.40096942314503004
BG01411	0.4003679868228864	0.3911829854293144
BG01412	0.3757342447782963	0.3755079203086394
BG01413	0.3881129359103588	0.34891479512396506
BG01414	0.478663679742493	0.5068305982300588
BG01415	0.46129118109939204	0.4682799968985164
BG01416	0.39564870251115375	0.3608219769442424
BG01417	0.391744605409574	0.39661477270107764
BG01418	0.4091359644251463	0.38762885301692607
BG01419	0.4602748165828776	0.47170001110666393
BG01420	0.4863377557414117	0.4866416172978953
BG01421	0.38087474407522354	0.353550255558047
BG01422	0.35394213218606374	0.3677542116259528
BG01423	0.41605981671909154	0.4115060845657189
BG01424	0.3568948282763086	0.34590132672242346
BG01425	0.41995553143290626	0.43824171034239945
BG01426	0.4694451487978608	0.47618458856097445
BG01427	0.3977086743044189	0.35942211818747627
BG01428	0.47375579170604637	0.4624374726262649
BG01429	0.4515068389806178	0.4650360128334357
BG01430	0.438929066139135	0.44845564983413344
BG01431	0.2975663832721069	0.28868733903195987
BG01432	0.39245920396654593	0.39596513764928515
BG01433	0.4073002215045966	0.3668279577779129
BG01434	0.38042838192673384	0.3980188226517264
BG01435	0.44534368837635235	0.4240587102439065
BG01436	0.3497383647218829	0.3357963582716354
BG01437	0.42765265899817884	0.39414196831038295
BG01438	0.3867989966281845	0.3803571316307307
BG01439	0.28931601811433993	0.2831549631070158
BG01440	0.36672317793084946	0.3515929680149038
BG01441	0.45152360375614786	0.46931103059361967
BG01442	0.4144985969978478	0.4101481377477781
BG01443	0.26163737371408924	0.2734816876261287
BG01444	0.4173423220471468	0.44100370711098896
BG01445	0.3861954647090997	0.39728955491616547
BG01446	0.43832343862310896	0.4520642677669947
BG01447	0.4259531298788116	0.40653113742715175
BG01448	0.4131804665217911	0.43764236961719727
BG01449	0.25219042270285896	0.30671366392073607
BG01450	0.45662638230813235	0.3398282867866326
BG01451	0.38698340915901597	0.39312769939080994
BG01452	0.41735699122573555	0.3670584734414522
BG01453	0.40073052509372553	0.3827251561743621
BG01454	0.4036434048420863	0.4259950418176369
BG01455	0.4173423220471468	0.43500191747120126
BG01456	0.4678294435561441	0.4602999637461729
BG01457	0.4316154328141142	0.45263007894113666
BG01458	0.44515089345775594	0.43871950644500834
BG01459	0.3776957235153219	0.3565637239595884
BG01460	0.38853415089555343	0.3962249916700021
BG01461	0.40375028028609083	0.4015603814824672
BG01462	0.32047125784015196	0.3193668782521045
BG01463	0.3748457116751992	0.37936800987445274
BG01464	0.4174911094299767	0.37558755299240765
BG01465	0.45138948555190683	0.4424412866126981
BG01466	0.3326236245025576	0.3228204220113119
BG01467	0.41328943756273684	0.4069586392031703
BG01468	0.32067453074345487	0.32834860674237354
BG01469	0.4380845405718045	0.43293146769322977
BG01470	0.3763461590851462	0.3882784880687188
BG01471	0.4328224966522838	0.414146536711715
BG01472	0.3679973008711397	0.3548118049166895
BG01473	0.45832172023361706	0.47577804275436897
BG01474	0.36753626954406093	0.36267867583420466
BG01475	0.40027158936358814	0.41530330622329414
BG01476	0.44870502587014427	0.4284091694939762
BG01477	0.3657487253531604	0.3729051889075862
BG01478	0.46290479074416735	0.4200603112799698
BG01479	0.4357856707272349	0.3692253206787218
BG01480	0.3702479719860601	0.35290481170013677
BG01481	0.42072461551035123	0.42498915528582887
BG01482	0.3888757331969798	0.3780058718626294
BG01483	0.34746045084672583	0.3006196680155325
BG01484	0.472259535489982	0.4485646208750793
BG01485	0.34701408869823613	0.39264990328820104
BG01486	0.3044713751935807	0.295728544754616
BG01487	0.4179689055325855	0.4356850820740542
BG01488	0.36445155084651626	0.3615638182614508
BG01489	0.3968159500074393	0.4267201183593152
BG01490	0.4253873187046696	0.40403737706704446
BG01491	0.39579120310315985	0.3888526816306257
BG01492	0.3003325712345789	0.32609374443357053
BG01493	0.39655400038978106	0.38500097445257764
BG01494	0.3520351389695111	0.35683615156195303
BG01495	0.3813630181625387	0.3652311129086676
BG01496	0.43852042473558805	0.4447673992175041
BG01497	0.3738712590975102	0.3650634651533662
BG01498	0.41353043121098254	0.38072595669239356
BG01499	0.4245029767954551	0.42648541150189334
BG01500	0.4661718263756021	0.47207302736220924
BG01501	0.4070718014379986	0.39363902504447895
BG01502	0.4166717310259415	0.40889916197078313
BG01503	0.4645854594910632	0.4553920757097262
BG01504	0.42820799218761463	0.4272021056558065
BG01505	0.41725221137867224	0.422742675364791
BG01506	0.452632174538078	0.44334239329744285
BG01507	0.4426089343679993	0.4272314440129842
BG01508	0.44085282413121785	0.4296916748220313
BG01509	0.44274514816918165	0.4405971613043832
BG01510	0.4002506333941755	0.3819120645611505
BG01511	0.3882470541145998	0.386291862168398
BG01512	0.38893860110521783	0.410131372972248
BG01513	0.43216028801884354	0.4198339868103129
BG01514	0.44660104654111243	0.45490170602546987
BG01515	0.4199974433717316	0.43984693759940985
BG01516	0.41578529351978544	0.41004335790071467
BG01517	0.37700208092776266	0.42973777795473933
BG01518	0.4077402968622626	0.4074783472446043
BG01519	0.48344792755940497	0.4859291143378647
BG01520	0.4471039898070165	0.4458319624636675
BG01521	0.41446297184984615	0.4290168926069436
BG01522	0.4479820449254072	0.4464187296072224
BG01523	0.47911423308486534	0.5047643396459699
BG01524	0.43727144895859316	0.4575044374265231
BG01525	0.39273791835973426	0.3365381995888439
BG01526	0.3987334212086983	0.3838903080737063
BG01527	0.4430029065929576	0.43960384835422295
BG01528	0.4381578864647489	0.4485771944567271
BG01529	0.41576643314731415	0.4257477613785674
BG01530	0.3665932509204909	0.37052878197618977
BG01531	0.4823372611805334	0.49208178695742366
BG01532	0.456930243864616	0.4775257706033853
BG01533	0.4693277953691499	0.48809596157513435
BG01534	0.37247768713156776	0.35039847775838173
BG01535	0.452074745751701	0.47119706784075965
BG01536	0.4323405093557925	0.4236437820495358
BG01537	0.4880351892638376	0.4895125851074308
BG01538	0.3795859519563445	0.39076386604106106
BG01539	0.3845734726765592	0.3597574136980789
BG01540	0.38862007037014523	0.38599847859662073
BG01541	0.3293880228252418	0.3675404607379435
BG01542	0.486222497909642	0.4473952777818525
BG01543	0.48424425439708624	0.4645204959858841
BG01544	0.3755791706046424	0.3741248263274034
BG01545	0.428212183381497	0.4021261926566091
BG01546	0.37409967916410825	0.4225959835789023
BG01547	0.38030683730414017	0.38309817242990746
BG01548	0.4565991395478959	0.45015727455044197
BG01549	0.3549836438658734	0.38749892600656755
BG01550	0.467584258714016	0.46041312598100137
BG01551	0.4458948303719055	0.4405049550389677
BG01552	0.4694493399917434	0.4689212495625441
BG01553	0.33394804176943826	0.38105286981523134
BG01554	0.4527097116249048	0.45021176007091496
BG01555	0.3790180451852613	0.3998336096028635
BG01556	0.45662638230813235	0.44186709305079086
BG01557	0.42537264952608067	0.3963758746497733
BG01558	0.29171547661209024	0.3063993243795461
BG01559	0.4452242393507002	0.43408823720480905
BG01560	0.46468814374118544	0.4301820445062879
BG01561	0.40466815174636567	0.43076042926207747
BG01562	0.3575905664608092	0.3507840675955749
BG01563	0.489074605346706	0.4605346706035948
BG01564	0.4387593227868924	0.4604718026953567
BG01565	0.4258148204806881	0.40055030375677664
BG01566	0.46446810606235234	0.4638038018319707
BG01567	0.4267599347011992	0.41261675094459005
BG01568	0.45430236530026746	0.4672783015605909
BG01569	0.3829640542256664	0.38401604389018235
BG01570	0.45095569698506455	0.4496669048661855
BG01571	0.4484682234157812	0.45471729349463835
BG01572	0.27689331944651085	0.32476513597280765
BG01573	0.43681670442233833	0.41285564899589455
BG01574	0.4649102770169594	0.47062287427885263
BG01575	0.4426089343679993	0.44390820447158463
BG01576	0.4514586402509686	0.44636005289286684
BG01577	0.44737432181243975	0.4508152919899998
BG01578	0.3914093098989712	0.37449365138906643
BG01579	0.4427325745875341	0.4511673522761326
BG01580	0.44852061333931276	0.4355509638698132
BG01581	0.41979417046842876	0.40257045920815765
BG01582	0.42012317918820763	0.4204123715661023
BG01583	0.393804577202839	0.37841241766923517
BG01584	0.3968348103799107	0.40866026391947863
BG01585	0.37431762124600004	0.3895232726518313
BG01586	0.48574679740397453	0.4836574872535315
BG01587	0.39040132777022196	0.38015176313048654
BG01588	0.4261165864402305	0.43712266157576307
BG01589	0.32959129572854473	0.3138847966537508
BG01590	0.4267599347011992	0.4425712136230566
BG01591	0.3953993264751431	0.40335840365807396
BG01592	0.47203321102032514	0.4601155512153414
BG01593	0.3857155730095497	0.4112043186061764
BG01594	0.41087111869251525	0.3923104165837159
BG01595	0.46453097397059034	0.46335534408653967
BG01596	0.3594179269935937	0.3420412371566102
BG01597	0.49578470675264197	0.47148626021865453
BG01598	0.3720208469983717	0.3714089326915218
BG01599	0.436414349809615	0.43304043873417564
BG01600	0.43566412610464156	0.43323323365277205
BG01601	0.43046704569030003	0.4347923577770746
BG01602	0.41323914323614647	0.4282499041264398
BG01603	0.3431833374896005	0.31831069739370615
BG01604	0.37894889048619934	0.3859859050149729
BG01605	0.4541116659786122	0.4623746047180269
BG01606	0.3832134302616772	0.3881737082216554
BG01607	0.4670666462695231	0.4749439951717447
BG01608	0.41433094924254643	0.4062209890798443
BG01609	0.4082097105771064	0.41650617886758123
BG01610	0.4692837878333833	0.4687284546439475
BG01611	0.4306137374761888	0.4658030013139393
BG01612	0.40005155168475515	0.38737738138397415
BG01613	0.38307931205743606	0.36785899147301604
BG01614	0.37196636147789874	0.3556039405604884
BG01615	0.463963067199507	0.4736614898436893
BG01616	0.391744605409574	0.39534484095467015
BG01617	0.402738106963459	0.41572661680543005
BG01618	0.40467443853718943	0.41598227963226464
BG01619	0.42291032312009236	0.4204039891783373
BG01620	0.34280822563711383	0.34561213434452864
BG01621	0.370019551919462	0.3431854330865418
BG01622	0.4083312551996998	0.3870337034856063
BG01623	0.35408463277807	0.3730309247240622
BG01624	0.3991944525357771	0.3994228726023751
BG01625	0.40401851669457306	0.4064431223556186
BG01626	0.3843073318650183	0.37557078821687756
BG01627	0.44814550148682597	0.4562345056801155
BG01628	0.42057792372446245	0.4182036123900073
BG01629	0.34575882613041736	0.3537640064460562
BG01630	0.47785268372622286	0.473925535058289
BG01631	0.41159200404031093	0.42391620965190036
BG01632	0.40883629406254507	0.3956549893019775
BG01633	0.3589925208145166	0.37707123562682454
BG01634	0.4521837167926469	0.4624500462079126
BG01635	0.34954137860940376	0.3769329262287008
BG01636	0.4249074270051196	0.42532864199031406
BG01637	0.4288366712699946	0.42550467213338067
BG01638	0.4160220959741487	0.4031865647088901
BG01639	0.41596970605061706	0.42487599305100054
BG01640	0.31902320035373677	0.3289605210492234
BG01641	0.3839762275482982	0.3596023395244252
BG01642	0.3997560725160365	0.4118707184334993
BG01643	0.4381369304953362	0.4562638440372932
BG01644	0.3650362223931298	0.3633827964064704
BG01645	0.44830267125742107	0.46433189226116994
BG01646	0.3916565903380408	0.4044606876491803
BG01647	0.42459727865781205	0.43408823720480905
BG01648	0.4236542600342421	0.40346737469901983
BG01649	0.43941943582339144	0.39944382857178773
BG01650	0.4952482339356777	0.49400135375562393
BG01651	0.4272167748343954	0.4644073337510557
BG01652	0.4174345283125624	0.4310286656705596
BG01653	0.44069355876368155	0.45260074058395916
BG01654	0.4922766774729615	0.4826390271400758
BG01655	0.43030987591970515	0.45653627163965776
BG01656	0.3888107696918005	0.3899046712951418
BG01657	0.41351157083851114	0.3980691169783168
BG01658	0.41401660970135645	0.42877799455563903
BG01659	0.4033563080611326	0.39225173986936035
BG01660	0.4363619598860834	0.43339249902030846
BG01661	0.4304963840474778	0.4207057551378798
BG01662	0.40404156826092696	0.40537436791557246
BG01663	0.42879685492811054	0.4196872950244241
BG01664	0.42151675115414994	0.4372400150044741
BG01665	0.44393544723182116	0.4502788191730356
BG01666	0.42311359602339527	0.4330613947035883
BG01667	0.40677422667233876	0.4226295131299626
BG01668	0.47959622038135663	0.48407660664178465
BG01669	0.4576825631665308	0.4639546848117422
BG01670	0.4923395453811996	0.4847262416935776
BG01671	0.4370053081470523	0.4148129365390378
BG01672	0.45284382982914595	0.4534892736870561
BG01673	0.3963758746497733	0.3843848689518453
BG01674	0.4239120184580178	0.42747453325817125
BG01675	0.39297262521715626	0.37334107307136966
BG01676	0.4458906391780231	0.43683766039175076
BG01677	0.37839774849064617	0.38667326081170844
BG01678	0.4230171985640969	0.4057180458139402
BG01679	0.42992219048557073	0.4674249933464796
BG01680	0.4396625250685783	0.4433968788179156
BG01681	0.32788128862447113	0.32529741759588926
BG01682	0.45171639867474445	0.4565278892518927
BG01683	0.4512511761537832	0.4585061327644485
BG01684	0.4532755227990468	0.47131442126947054
BG01685	0.35093704617228727	0.36857568562692905
BG01686	0.39671745695119986	0.3873773813839741
BG01687	0.4168037536332411	0.42934380572978104
BG01688	0.3938884010804897	0.40929732538962393
BG01689	0.40139482932410697	0.3979391899679583
BG01690	0.4692649274609118	0.4354126544716895
BG01691	0.41787879486411084	0.45035006946903855
BG01692	0.4050830799407365	0.41554639546848127
BG01693	0.34959376853293544	0.32666374680159516
BG01694	0.3241301700996037	0.3151714931756885
BG01695	0.42541875265878865	0.3741583558784638
BG01696	0.44462908981938054	0.3962375652516497
BG01697	0.44018013751307117	0.42533702437807924
BG01698	0.4501719437290309	0.45586148942457005
BG01699	0.40440201093482475	0.40000963974592973
BG01700	0.49212369889624896	0.49823865077086527
BG01701	0.44851013535460643	0.4723496461584564
BG01702	0.4341343403375168	0.42129671347531694
BG01703	0.3532841147465061	0.3461527983553755
BG01704	0.38693730602630805	0.3938443935447231
BG01705	0.3713774987374028	0.36218411495606584
BG01706	0.418178465226712	0.41217667558692417
BG01707	0.36758656387065125	0.4130568263022564
BG01708	0.4274305257224046	0.4148338925084505
BG01709	0.49183869771223676	0.495770037574053
BG01710	0.342110391855672	0.3565176208268806
BG01711	0.36521225253619616	0.3746487255627201
BG01712	0.4323405093557925	0.44740785136350014
BG01713	0.3859712358363841	0.3861284056069791
BG01714	0.4296581452709711	0.4389416397207827
BG01715	0.3912311841589636	0.3979685283251361
BG01716	0.3868010922251257	0.3713418735894013
BG01717	0.4276819973553566	0.4371561911268234
BG01718	0.46741241976483205	0.4792902632279319
BG01719	0.37718020666777036	0.3484537637968863
BG01720	0.35439687672231873	0.34917045795079965
BG01721	0.39493410395418177	0.4500734506727914
BG01722	0.47898640167144807	0.47384171118063845
BG01723	0.4101041302120115	0.3878467950988178
BG01724	0.4186227317782606	0.3957010924346855
BG01725	0.37511394808368126	0.38735642541456144
BG01726	0.40974997432893745	0.41529492383552913
BG01727	0.3992049305204834	0.4107307136974504
BG01728	0.44886638683462177	0.4110785827897004
BG01729	0.4305592519557158	0.4580618662129
BG01730	0.4653042492419178	0.4508446303471776
BG01731	0.36488743501029985	0.3951310900666608
BG01732	0.44069355876368155	0.3757677743293566
BG01733	0.46623888547772274	0.4597131966026181
BG01734	0.4208629249084747	0.436288613993139
BG01735	0.4147291126613871	0.3877797359966973
BG01736	0.40890754435854826	0.40977512149223283
BG01737	0.44221286654609987	0.4023231787690882
BG01738	0.47097912575886797	0.4681877906331007
BG01739	0.4285390965043347	0.4370011169531697
BG01740	0.33016758488739306	0.3249327837281089
BG01741	0.39113688229660654	0.3677374468504224
BG01742	0.4724921467504627	0.4815115959856745
BG01743	0.4502473852189165	0.44185871066302596
BG01744	0.3832218126494422	0.3533281222822727
BG01745	0.4046912033127197	0.3907345276838834
BG01746	0.4170992328019597	0.3950346926073627
BG01747	0.4847702492293442	0.47533796739670275
BG01748	0.41508326854446126	0.3956340333325651
BG01749	0.37740024434660335	0.3757677743293565
BG01750	0.4654425586400413	0.3958100634756313
BG01751	0.4442937943087778	0.46209379472789713
BG01752	0.31740330391813765	0.32923294865158825
BG01753	0.4426089343679993	0.43074785568042984
BG01754	0.44515089345775594	0.4288450536577596
BG01755	0.39735032722746233	0.40516061702756334
BG01756	0.4381893204188678	0.45228220984888656
BG01757	0.4779993755121114	0.46084901014478474
BG01758	0.4571984802730983	0.4596670934699104
BG01759	0.3529194808787257	0.37793043037274376
BG01760	0.4726514121179988	0.4698642681861141
BG01761	0.4595665048167295	0.4560291371798712
BG01762	0.43110410716044506	0.42797747652407525
BG01763	0.4952482339356777	0.48716551653321205
BG01764	0.39759760766653174	0.4200351641166745
BG01765	0.401566668273291	0.40145979282928623
BG01766	0.44499162809021964	0.4351150797060297
BG01767	0.4258881663736323	0.38982084741749107
BG01768	0.34296120421382637	0.3417352800031853
BG01769	0.3857176686064909	0.4035302426072579
BG01770	0.4200225905350268	0.4506937473674063
BG01771	0.3974781586408796	0.42337973683493607
BG01772	0.4749796203197461	0.44982617023372196
BG01773	0.3307145356890637	0.34200770760554994
BG01774	0.44905918175321835	0.4490088874266278
BG01775	0.4386985504755957	0.44037502802860906
BG01776	0.322969209394142	0.32736786737386075
BG01777	0.4018956769930697	0.40053773017512906
BG01778	0.42025520179550746	0.3890538589369873
BG01779	0.4341448183222232	0.4459241687290834
BG01780	0.42141825809791045	0.4203830332089246
BG01781	0.3863107225408693	0.42197568688428744
BG01782	0.4336607354287906	0.45240794566536235
BG01783	0.43492857157825693	0.4461463020048577
BG01784	0.31422847455211855	0.27535515129162114
BG01785	0.412017410219388	0.40843393944982204
BG01786	0.3723624292997981	0.38255331722517816
BG01787	0.42735508423251906	0.4315735208752888
BG01788	0.4002506333941755	0.42208046673135075
BG01789	0.31651477081504054	0.3055946151540997
BG01790	0.38087474407522354	0.37870999243489506
BG01791	0.3461025040287851	0.344405070506359
BG01792	0.4627078046316883	0.46223210412602084
BG01793	0.44534368837635235	0.44998543560125814
BG01794	0.3489399422872603	0.33078788158200806
BG01795	0.3823793826790529	0.3750468889815608
BG01796	0.4427577217508293	0.44897954906945015
BG01797	0.4504925700610447	0.3976080856512382
BG01798	0.41550867472353836	0.4167450769188857
BG01799	0.35794053115000074	0.35370113853781815
BG01800	0.3791794061497388	0.391744605409574
BG01801	0.3570100861080784	0.34489544019061547
BG01802	0.43387448631679976	0.42837144874903343
BG01803	0.47671896578099754	0.47179640856596206
BG01804	0.4484682234157812	0.44570203545330905
BG01805	0.46120526162480013	0.4737788432724003
BG01806	0.47329895157285023	0.48268932146666627
BG01807	0.4007975841958461	0.3997581681129778
BG01808	0.47621392691815223	0.48915633362741545
BG01809	0.40961376052775517	0.4016861172989431
BG01810	0.34959376853293544	0.38099419310087557
BG01811	0.38859701880379127	0.3878593686804655
BG01812	0.41905232915122037	0.41083549354451354
BG01813	0.4368418515856334	0.4463977736378096
BG01814	0.3546273923858581	0.3363412134763647
BG01815	0.4033563080611328	0.4135513871803953
BG01816	0.43824380593934087	0.44462070743161547
BG01817	0.46814797429121663	0.4609454076040832
BG01818	0.3299349736269125	0.34680662460105066
BG01819	0.4427283833936515	0.42784335831983417
BG01820	0.3718594860338942	0.3354778275365629
BG01821	0.4394948773132771	0.4523827985020672
BG01822	0.4287968549281105	0.43283926142781404
BG01823	0.45945334258190107	0.42645607314471556
BG01824	0.32337365960380643	0.30530961397008743
BG01825	0.4167827976638284	0.4039828915465712
BG01826	0.42035998164257077	0.4156553665094269
BG01827	0.38392174202782525	0.3708389303234973
BG01828	0.4448302671257421	0.45618421135352494
BG01829	0.39934323991860704	0.4031195056067697
BG01830	0.4541745338868502	0.4059778998346574
BG01831	0.4241634900909699	0.43280573187675375
BG01832	0.29865190248768314	0.33932534352072863
BG01833	0.39803977862113904	0.41880295311520954
BG01834	0.4519804438893441	0.47268494166905917
BG01835	0.43751663380072137	0.42102009467906987
BG01836	0.45393563583554597	0.4524540487980704
BG01837	0.4039367884138636	0.3614171264755621
BG01838	0.46796775295426773	0.4785400395229582
BG01839	0.4171453359346676	0.41422616939548307
BG01840	0.3624418733798417	0.4508991158676505
BG01841	0.43414062712834056	0.4437405567162833
BG01842	0.39924684245930875	0.3735212944083186
BG01843	0.4297147263883853	0.4793028368095794
BG01844	0.4204815262651642	0.45046742289774944
BG01845	0.4287402738106963	0.4333799254386608
BG01846	0.43654427681997354	0.4313052844668067
BG01847	0.4582504699376141	0.4647384380677757
BG01848	0.4295596522147317	0.41848023118625444
BG01849	0.4245448887342803	0.41671154736782534
BG01850	0.3719034935696608	0.33325649477882013
BG01851	0.4097269227625836	0.39330372953387627
BG01852	0.4190376599726314	0.43140168192610506
BG01853	0.42435418941262515	0.43091131224184864
BG01854	0.39157276646039	0.38706723303666657
BG01855	0.4101020346150702	0.4147626422124474
BG01856	0.3933812666207033	0.38555421204507206
BG01857	0.41011460819671774	0.43071851732325195
BG01858	0.39527149506172576	0.4220972315068808
BG01859	0.36271010978832374	0.36632920570589134
BG01860	0.3835759685325162	0.3802984549163752
BG01861	0.4862916526087038	0.5025262421126971
BG01862	0.4147898849726839	0.4138321971705251
BG01863	0.35290062050625426	0.3612871994652036
BG01864	0.417941662772349	0.40298957859641105
BG01865	0.40632367332996644	0.40279259248393195
BG01866	0.47603160998426197	0.4885569929022132
BG01867	0.26151582909149595	0.3305280275612909
BG01868	0.4185389079006099	0.444704531309266
BG01869	0.38431571425278355	0.3629762505998645
BG01870	0.4267997510430833	0.43666163024868443
BG01871	0.44393544723182116	0.4530240511660949
BG01872	0.41150189337183635	0.42415510770320464
BG01873	0.42358510533518035	0.4133669746495637
BG01874	0.47097912575886797	0.475560100672477
BG01875	0.44953069106500326	0.43523243313474047
BG01876	0.3677479248351289	0.40115383567586144
BG01877	0.3811429804837057	0.33997078737863884
BG01878	0.4355844934208734	0.38609487605591875
BG01879	0.4011789828391566	0.4130107231695485
BG01880	0.4482754284971845	0.44560982918789316
BG01881	0.45212713567523277	0.4616872489212913
BG01882	0.4174345283125624	0.42263789551772746
BG01883	0.41616878776003735	0.41995134023902375
BG01884	0.4746380380183198	0.4417623132037276
BG01885	0.361486281174624	0.38360949808357653
BG01886	0.4169693057916012	0.41101990607534505
BG01887	0.49082023759878113	0.48652007267530184
BG01888	0.4566934414102528	0.47357766596603856
BG01889	0.4109297954068706	0.4258986443583388
BG01890	0.4237653266721293	0.4314184467016352
BG01891	0.45351651644729263	0.46239975188132215
BG01892	0.42898126745894194	0.394267704126859
BG01893	0.32452623792150304	0.3352556942607886
BG01894	0.42874656060152005	0.3797997028443538
BG01895	0.4274263345285221	0.4475587343432713
BG01896	0.39200236383334974	0.3883245912014266
BG01897	0.405213006951095	0.4351192708999122
BG01898	0.39884448784658555	0.38599847859662056
BG01899	0.46733488267800516	0.4682883792862814
BG01900	0.40548962574734226	0.41790603762434736
BG01901	0.4147228258705633	0.374757696603666
BG01902	0.4071074265860001	0.4111163035346434
BG01903	0.4213281474294359	0.44508173875869417
BG01904	0.4326150325550985	0.43211837608001824
BG01905	0.4290378485763562	0.40905842733831943
BG01906	0.38259313356706226	0.3871636304959648
BG01907	0.40788070185732755	0.3654783933477369
BG01908	0.41087111869251525	0.37041142854747877
BG01909	0.4041379657202252	0.4417874603670229
BG01910	0.43067031859360294	0.42153561152662133
BG01911	0.4327491507593395	0.4295785125872029
BG01912	0.41343822494556687	0.426192027930116
BG01913	0.4323405093557925	0.46611734085512935
BG01914	0.46460431986353473	0.4761929709487396
BG01915	0.4161226846273295	0.4199555314329062
BG01916	0.37474721861895965	0.4183922161147214
BG01917	0.37869322765936486	0.3617105100473395
BG01918	0.34020130304217805	0.3002759901171647
BG01919	0.4402786305693108	0.46160761623752333
BG01920	0.3601974890557448	0.39913368022448037
BG01921	0.41526139428446884	0.38839584149742973
BG01922	0.35724688856244147	0.35690740185795616
BG01923	0.39698359776274067	0.3949005744031216
BG01924	0.4137567556806394	0.37967815822176015
BG01925	0.484219107233791	0.4748937008451542
BG01926	0.4276736149675917	0.4461882139436828
BG01927	0.3382146771418572	0.3459097091101886
BG01928	0.45437990238709436	0.44542122546317925
BG01929	0.42005821568302826	0.4069544480092876
BG01930	0.4138342927674662	0.41614573619368345
BG01931	0.46794051019403143	0.44667858362793944
BG01932	0.45774962226865124	0.47222810153586303
BG01933	0.47780867619045625	0.4655766768442824
BG01934	0.3800092625384804	0.3781148429035752
BG01935	0.4654530366247477	0.4670226387337564
BG01936	0.4152802546569403	0.4357521411761748
BG01937	0.39934323991860704	0.40818246781686984
BG01938	0.4370053081470523	0.42942762960743175
BG01939	0.3812540471215928	0.3695396602199119
BG01940	0.4261165864402305	0.4061371652021937
BG01941	0.44317474554214137	0.46721124245847045
BG01942	0.39065489500011524	0.3630642656713978
BG01943	0.4537721792741271	0.47651988407157714
BG01944	0.4101041302120115	0.4169588278068951
BG01945	0.42541875265878865	0.432659040090865
BG01946	0.49521260878767615	0.4888084645351652
BG01947	0.4092533178538572	0.440115174007892
BG01948	0.3838504917318222	0.37806873977086736
BG01949	0.4465989509441712	0.448099398354118
BG01950	0.3053892466538556	0.31814724083228724
BG01951	0.3020761078897129	0.3133189854796088
BG01952	0.36034627643857486	0.382528170061883
BG01953	0.3974781586408796	0.4063592984779679
BG01954	0.39121232378649223	0.3969416858239154
BG01955	0.42622346188423493	0.42024891500468353
BG01956	0.4510688592198929	0.44741623375126527
BG01957	0.37442240109306346	0.3822473600717532
BG01958	0.4354252280533371	0.4251358470717177
BG01959	0.3974509158806432	0.38453156073773387
BG01960	0.4515068389806178	0.47068155099320813
BG01961	0.4213868241437914	0.39652256643566197
BG01962	0.4369466314326967	0.4321896263760212
BG01963	0.37252798145815824	0.352230029485049
BG01964	0.48837048477444034	0.47010735743130094
BG01965	0.3569367402151339	0.34710419936671055
BG01966	0.4387865655471289	0.4363347171258467
BG01967	0.45680660364508124	0.4681081579493327
BG01968	0.449394477263821	0.44508173875869406
BG01969	0.4252636784851348	0.4374579570863659
BG01970	0.4602748165828776	0.4618758526460055
BG01971	0.3940225192847308	0.36669803076755425
BG01972	0.40227078884555656	0.45150683898061783
BG01973	0.39901213560188686	0.41123365696335434
BG01974	0.39494877313277066	0.38933047773323465
BG01975	0.4072855523260078	0.40117479164527403
BG01976	0.37453137213400906	0.338063794162086
BG01977	0.4114474078513636	0.38833716478307423
BG01978	0.25206259128944175	0.2780207506009124
BG01979	0.4497695891163077	0.40218486937096454
BG01980	0.3901058486015034	0.37459843123612974
BG01981	0.4106510810136821	0.43861053540406236
BG01982	0.3598873407084375	0.31298368996900605
BG01983	0.32937125804971173	0.36953966021991197
BG01984	0.3787372351951314	0.3851476662384663
BG01985	0.3451049998847421	0.33705371643639553
BG01986	0.4108878834680452	0.4118204241069088
BG01987	0.4209718959494206	0.4341050019803391
BG01988	0.38950441227935984	0.39043276172434094
BG01989	0.37042190653218515	0.3453983834565195
BG01990	0.3872851751185583	0.38625414142345527
BG01991	0.3781819020056958	0.38255750841906067
BG01992	0.37339974978572515	0.35774564063446296
BG01993	0.45169963389921436	0.44120488441735073
BG01994	0.3662055654863565	0.35534827773365385
BG01995	0.4275206363908791	0.4279229910036024
BG01996	0.4752310919526982	0.49499466670578435
BG01997	0.4415548491065422	0.44005649729353646
BG01998	0.43727144895859316	0.4251065087145399
BG01999	0.5156174362047901	0.5087920769670844
BG02000	0.397937094371017	0.37416673826622887
BG02001	0.3918535764505199	0.3666938395736717
BG02002	0.39571785721021563	0.33913673979601466
BG02003	0.42102219027601107	0.4152236735395261
BG02004	0.3792946639815084	0.4029309018820555
BG02005	0.4326108413612159	0.4430196713684877
BG02006	0.29711792552667593	0.4088362940625451
BG02007	0.4412803259072363	0.38855510686496597
BG02008	0.4596775714546165	0.4382165631791044
BG02009	0.4384638436181738	0.4345241213685924
BG02010	0.47110067038146136	0.46749624364248266
BG02011	0.4373804199995389	0.45755892294699596
BG02012	0.32539591065212875	0.29495317388634745
BG02013	0.43844288764876105	0.4287235090351663
BG02014	0.4270847522270955	0.4316615359468221
BG02015	0.4000305957153425	0.4292515994643653
BG02016	0.4719053796069079	0.4597802557047389
BG02017	0.44983245702454566	0.4559997988226936
BG02018	0.43727144895859316	0.4098547541760007
BG02019	0.440483999069555	0.4539125842691919
BG02020	0.42401679830508116	0.44911366727369123
BG02021	0.417784493001754	0.4158774997852014
BG02022	0.40411491415387124	0.3834502327160403
BG02023	0.4715994224534831	0.4458445360453152
BG02024	0.32569767661167115	0.31507509571639025
BG02025	0.4799545674583133	0.4949820931241368
BG02026	0.47768922716480394	0.4316363887835269
BG02027	0.3903175038925713	0.3908770282758893
BG02028	0.41211590327562764	0.39908757709177245
BG02029	0.4578145857738305	0.47420634504841874
BG02030	0.33297358919174913	0.3346186327906436
BG02031	0.49806890741862264	0.48242108505818415
BG02032	0.4717796437904319	0.4737453137213401
BG02033	0.4324033772640304	0.38175699038749683
BG02034	0.4467204955667647	0.4703546378703706
BG02035	0.4400669752782429	0.44286040600095133
BG02036	0.42203226800170157	0.4360832454928949
BG02037	0.3074534096410032	0.303058942855167
BG02038	0.4839131500803661	0.49683879201409914
BG02039	0.41306311309308014	0.3868367173731273
BG02040	0.4523429821601832	0.44224010930633645
BG02041	0.38155162188725256	0.37127062329339816
BG02042	0.4075579799283725	0.3885173861200231
BG02043	0.32589885391803286	0.3565343856024107
BG02044	0.5221913238095437	0.4869559568390852
BG02045	0.39510384730642445	0.3836472188285195
BG02046	0.4277260048911232	0.39465329396405213
BG02047	0.4400879312476555	0.46434446584281763
BG02048	0.45746462108463903	0.450974557357536
BG02049	0.36730575388052167	0.39884867904046806
BG02050	0.4209823739341271	0.4419592993162066
BG02051	0.42748710683981883	0.42656923537954394
BG02052	0.4040101343068079	0.3882449585176585
BG02053	0.40869798466442153	0.3868702469241876
BG02054	0.40841717467429184	0.41454889132443806
BG02055	0.40583539924265116	0.4217745095779258
BG02056	0.41907957191145684	0.4318836692225964
BG02057	0.419230454891228	0.4095949001552836
BG02058	0.3693657256737868	0.35305569467990794
BG02059	0.3924277700124269	0.3869666443834858
BG02060	0.4370849408308203	0.391069823194486
BG02061	0.4124365296076414	0.41709294601113595
BG02062	0.41722496861843583	0.41720610824596427
BG02063	0.38351938741510216	0.3837100867367575
BG02064	0.431590285650819	0.40307340247406176
BG02065	0.42148112600614857	0.42942343841354935
BG02066	0.4346896735269524	0.4053785591094551
BG02067	0.3789949936189073	0.3425022684836888
BG02068	0.3910907791638988	0.3625445576299635
BG02069	0.3502077784367265	0.3808433101211045
BG02070	0.3979391899679583	0.40297281382088096
BG02071	0.38000716694153913	0.40186633863589216
BG02072	0.4444928760181981	0.41636786946945764
BG02073	0.382041991571509	0.38790128061929074
BG02074	0.40424064997034725	0.4131783709248497
BG02075	0.43387448631679976	0.4391428170271442
BG02076	0.4019711184829554	0.3992803720103689
BG02077	0.4593653275103679	0.4304963840474777
BG02078	0.44767189657809975	0.4431663631543763
BG02079	0.4336188234899653	0.42195892210875724
BG02080	0.44065793361568006	0.4543149388819152
BG02081	0.4008751212826729	0.42345517832482166
BG02082	0.4297147263883853	0.44562659396342336
BG02083	0.32006052083966374	0.308888893545771
BG02084	0.4821151279047593	0.445144606666932
BG02085	0.43789384125014935	0.4406809851820339
BG02086	0.32972331833584456	0.3075225643400651
BG02087	0.4227259105892609	0.4074741560507218
BG02088	0.41112259032546716	0.39832058861126884
BG02089	0.4305613475526571	0.438669212118418
BG02090	0.4355677286453432	0.444813502350212
BG02091	0.38287603915413315	0.4086728375011264
BG02092	0.36382287176413647	0.3696947343935656
BG02093	0.40935390650703796	0.41257064781188246
BG02094	0.43312426261182635	0.3959735200370501
BG02095	0.47197662990291095	0.48118049166895427
BG02096	0.4486316799771999	0.43310749783629615
BG02097	0.4385057555569991	0.44041693996743436
BG02098	0.3705748851088977	0.3991797833571882
BG02099	0.41497848869739784	0.4018286178909492
BG02100	0.4735378496241546	0.47322979687378847
BG02101	0.4082893432608745	0.41666963542900004
BG02102	0.3834544239099229	0.3742757093071746
BG02103	0.3965875299408413	0.336915407038272
BG02104	0.3927043888086741	0.3817653727752619
BG02105	0.4392203541139711	0.41904604236039666
BG02106	0.5000303861556483	0.4992151989454956
BG02107	0.44444886848243154	0.37952727524198904
BG02108	0.3620059892160581	0.3431770506987768
BG02109	0.42748710683981883	0.42005192889220444
BG02110	0.4328015406828712	0.4102612999826065
BG02111	0.48925692228059614	0.4464396855766348
BG02112	0.4287675165709328	0.40770467171426117
BG02113	0.4739443954307605	0.4984062985261666
BG02114	0.43566412610464156	0.4690344117973725
BG02115	0.39915882738777547	0.37943926017045576
BG02116	0.4220804667313507	0.4317914629571806
BG02117	0.4213281474294359	0.3874360580983297
BG02118	0.4350815501549693	0.4321854351821388
BG02119	0.38500516564646026	0.3576157136241044
BG02120	0.44598494104037995	0.4674166109587147
BG02121	0.3999865881795759	0.38639664201546126
BG02122	0.4817630676186264	0.5103931130302122
BG02123	0.41433094924254643	0.4153326445804719
BG02124	0.4048211303230782	0.43322904245888966
BG02125	0.3724252972080362	0.4207309023011749
BG02126	0.3344006907087519	0.35555783742778047
BG02127	0.2849802280428591	0.3136207514391512
BG02128	0.38607392008650615	0.43457022450130023
BG02129	0.42054020297951966	0.44314121599108125
BG02130	0.4025369296570974	0.41988008994302073
BG02131	0.3000370920658604	0.2837543038322181
BG02132	0.3741478778937575	0.36811465429985046
BG02133	0.4417979383517291	0.42407547501943654
BG02134	0.42541875265878865	0.44484703190127217
BG02135	0.5038779021398139	0.4328350702339314
BG02136	0.3804640070747352	0.34621147506973093
BG02137	0.4695897449868083	0.4568925231196733
BG02138	0.42416558568791113	0.40396612677104127
BG02139	0.4354126544716896	0.4721317040765647
BG02140	0.451226028990488	0.405676133875115
BG02141	0.4017070732683558	0.38464053177867985
BG02142	0.4034170803724294	0.3890790061002827
BG02143	0.35113612788170767	0.3707383416703165
BG02144	0.428675310305517	0.4247795955917023
BG02145	0.31287471892806024	0.2830669480354826
BG02146	0.4774817630676186	0.4838796205293059
BG02147	0.4737201665580449	0.4639798319750372
BG02148	0.4432522826289682	0.4222606880682997
BG02149	0.33317895769199335	0.34803883560251553
BG02150	0.3806861403505094	0.3807888246006317
BG02151	0.3414062712834064	0.32066614835568985
BG02152	0.44420787483418583	0.4578145857738305
BG02153	0.45425835776450096	0.4609202604407879
BG02154	0.4267997510430833	0.37334107307136966
BG02155	0.37023749400135375	0.36500897963289336
BG02156	0.45599770322575234	0.4699564744515299
BG02157	0.40286593837687634	0.42416768128485244
BG02158	0.40032397928711977	0.3632319134266991
BG02159	0.4459535070862611	0.427135046553686
BG02160	0.3611572724548452	0.3287258141918015
BG02161	0.4546460431986352	0.4406767939881515
BG02162	0.44467519295208835	0.46836382077616723
BG02163	0.41333344509850345	0.41441058192631464
BG02164	0.42148112600614857	0.39393659981013884
BG02165	0.40818246781686984	0.41739890316456085
BG02166	0.42239271067559947	0.4196202359223037
BG02167	0.4853612075667814	0.4905310452208863
BG02168	0.3819414029183282	0.378521388710181
BG02169	0.3532841147465061	0.366366926450834
BG02170	0.449568411809946	0.43955355402763235
BG02171	0.36181948108828543	0.29519626313153424
BG02172	0.4867652575174301	0.4923290673964931
BG02173	0.44953069106500326	0.44995190605019797
BG02174	0.4211646908680173	0.4240126071111985
BG02175	0.3672114520181645	0.41552543949906845
BG02176	0.3829766278073141	0.36712553254357266
BG02177	0.4279879545087816	0.4176755219608079
BG02178	0.40588359797230034	0.40511870508873804
BG02179	0.38685767334253995	0.3718657728247179
BG02180	0.38441839850290555	0.38125823831547523
BG02181	0.40753283276507735	0.3731943812854811
BG02182	0.3734814780664346	0.37122871135457297
BG02183	0.40324314582630433	0.4168456655720664
BG02184	0.4260285713686972	0.41770066912410325
BG02185	0.4068224254019879	0.3706209882416055
BG02186	0.43421816421516746	0.40345899231125487
BG02187	0.4726975152507067	0.48048894467833625
BG02188	0.42930818058177955	0.42655247060401386
BG02189	0.46272456940721846	0.43851413794476435
BG02190	0.4597970204802689	0.4700570631047108
BG02191	0.41972711136630814	0.41660257632687947
BG02192	0.31830650619982354	0.342259179238502
BG02193	0.44125727434088236	0.42267142506878785
BG02194	0.40324314582630433	0.39663991986437297
BG02195	0.4344843050267083	0.4191466310135774
BG02196	0.4167681284852396	0.37205018535554935
BG02197	0.37052039958842475	0.3675153135746482
BG02198	0.40086673889490776	0.3941796890553258
BG02199	0.4154416156214178	0.4093979140428046
BG02200	0.4368418515856334	0.4441596761045367
BG02201	0.42748710683981883	0.43673707173857007
BG02202	0.37369313335750254	0.36162249497580623
BG02203	0.48350869987070155	0.46788183347967593
BG02204	0.41964747868254004	0.4181281709001218
BG02205	0.4082013281893413	0.41068461056474226
BG02206	0.38597333143332535	0.4160451475405026
BG02207	0.30718098203863864	0.31056537109878435
BG02208	0.3498515269567112	0.3153433321248725
BG02209	0.38575958054531617	0.4035302426072578
BG02210	0.37942668658880824	0.3855164913001293
BG02211	0.44204940998468106	0.44825447252777195
BG02212	0.33394804176943826	0.3541328315077192
BG02213	0.43944458298668665	0.4524289016347751
BG02214	0.39189129719546256	0.4030063433719412
BG02215	0.3873627122053852	0.35821505434930667
BG02216	0.5065372146582814	0.47810834655305734
BG02217	0.4174345283125624	0.40623356266149196
BG02218	0.4326150325550985	0.40437686377152965
BG02219	0.41479617176350764	0.4236479732434182
BG02220	0.46571289064546484	0.45739546638557715
BG02221	0.4287905681372868	0.42562202556209144
BG02222	0.39548734154667614	0.3925870353799631
BG02223	0.39297262521715626	0.4159738972444996
BG02224	0.4882824697029072	0.48786544591159514
BG02225	0.3788671622054901	0.3762329968503178
BG02226	0.4178473609099921	0.3763419678912637
BG02227	0.4180233910530584	0.3773059424842464
BG02228	0.3236544695939362	0.3602477833823353
BG02229	0.3961348810015277	0.43138491715057486
BG02230	0.43793365759203345	0.4566368602928387
BG02231	0.4271685761047464	0.4380279594543903
BG02232	0.3931591333449289	0.41252035348529204
BG02233	0.38484590027892385	0.3604363871070493
BG02234	0.3068896940638025	0.3007998893524815
BG02235	0.43676850569268916	0.43306558589747085
BG02236	0.3556626172748438	0.3812833854787705
BG02237	0.4458948303719055	0.4109779941365197
BG02238	0.4891898631784756	0.4917590650284686
BG02239	0.3983520225653878	0.37771248829085213
BG02240	0.38207761671951057	0.36083455052589
BG02241	0.3225920019447139	0.30568682141951553
BG02242	0.27578893985846337	0.2704011601224667
BG02243	0.38287603915413315	0.3754282876248713
BG02244	0.4346896735269524	0.4354461840227498
BG02245	0.38359482890498764	0.3986349281524589
BG02246	0.4506099234897556	0.4652162341703846
BG02247	0.42155866309297524	0.3837561898694653
BG02248	0.3967614644869666	0.3762204232686701
BG02249	0.41318675331261484	0.40739452336695375
BG02250	0.4881630206772551	0.4827479981810219
BG02251	0.44204940998468106	0.4236228260801229
BG02252	0.36388154847849186	0.38224316887787074
BG02253	0.4001228019807581	0.3803613228246132
BG02254	0.4475210135983285	0.4625757820243884
BG02255	0.4470746514498387	0.4269464428289722
BG02256	0.3401342439400575	0.38202103560209644
BG02257	0.37889440496572646	0.3594011622180636
BG02258	0.33116928022531866	0.3378248961107816
BG02259	0.3511528926572378	0.33458510323958324
BG02260	0.40182652229400806	0.3930271107376291
BG02261	0.34867799266960187	0.35033141865626144
BG02262	0.4103828446051999	0.3883706943341346
BG02263	0.4515445597255606	0.44511107711587183
BG02264	0.3044713751935807	0.2741522786473341
BG02265	0.4091611115884415	0.39658962553778254
BG02266	0.43317036574453416	0.43824590153628207
BG02267	0.48326141943163226	0.48655779342024474
BG02268	0.35044038969720714	0.39757036490629527
BG02269	0.3668070018085001	0.40161486700294013
BG02270	0.36151142833791916	0.3882742968748363
BG02271	0.3950011630563024	0.4149470547432789
BG02272	0.28498232363980025	0.265233418065303
BG02273	0.3347359862193545	0.3815264747239575
BG02274	0.4147898849726839	0.40938953165503955
BG02275	0.47203321102032514	0.47153236335136234
BG02276	0.41776563262928257	0.42486341946935297
BG02277	0.41241138244434616	0.38580568367802415
BG02278	0.4326108413612159	0.44162400380560385
BG02279	0.40121670358409933	0.42636805807318245
BG02280	0.3436234128472666	0.3126022913256956
BG02281	0.3345788164487594	0.35837012852296035
BG02282	0.39494877313277066	0.35829049583919215
BG02283	0.40789537103591644	0.41208027812762604
BG02284	0.4684665050262892	0.47457517011008155
BG02285	0.3424980772898063	0.3431267563721864
BG02286	0.3516306887598467	0.33349958402400715
BG02287	0.38153695270866383	0.39723506939569264
BG02288	0.4777688598485721	0.4659622666814756
BG02289	0.3193983122062236	0.3333235538809407
BG02290	0.4483990687167193	0.4462468906580383
BG02291	0.4184739443954308	0.39994677183769173
BG02292	0.41968519942748295	0.40380267020962246
BG02293	0.42798166771795776	0.421594288240977
BG02294	0.4474791016595032	0.4471102765978403
BG02295	0.37486457204767065	0.3390906366633068
BG02296	0.35111936310617753	0.3095846317302715
BG02297	0.4137567556806394	0.4028009748716972
BG02298	0.4405154330236739	0.46347688870913306
BG02299	0.4360140907938331	0.442441286612698
BG02300	0.35322124683826805	0.3398743899193405
BG02301	0.4390338459861984	0.4346498571850683
BG02302	0.34020130304217805	0.3598035168307868
BG02303	0.4033563080611326	0.41449440580396524
BG02304	0.4236060613045929	0.4419090049896163
BG02305	0.3529027161031956	0.3830101573583743
BG02306	0.3270912485776135	0.31382611993939524
BG02307	0.3152155007114551	0.3416221177683568
BG02308	0.40005155168475515	0.42282230804855914
BG02309	0.4537575100955382	0.44138091456041706
BG02310	0.43176422019694427	0.4249388609592385
BG02311	0.41984865598890164	0.4355677286453431
BG02312	0.39811731570796594	0.40368112558702907
BG02313	0.3803236020796704	0.36370132714154285
BG02314	0.3821132418675123	0.421933774945462
BG02315	0.38828058366566004	0.3880773107623572
BG02316	0.3573516684095047	0.35129539324924414
BG02317	0.3863756860460486	0.40782202514297206
BG02318	0.4426885670517675	0.4332709543977148
BG02319	0.4275667395235869	0.43872369763889096
BG02320	0.46008830845510496	0.46063106806289306
BG02321	0.411774320974201	0.4111121123407608
BG02322	0.4117407914231407	0.39169431108298347
BG02323	0.45796546875360183	0.45892944334658436
BG02324	0.4396625250685783	0.4473617482307922
BG02325	0.40765647298461205	0.42069318155623214
BG02326	0.4308484443336106	0.3955376358732666
BG02327	0.3637055183354254	0.35324848959850463
BG02328	0.3923711888950126	0.3833789824200372
BG02329	0.3012357735162649	0.36150095035321284
BG02330	0.3998608523631	0.433916398255625
BG02331	0.40610782684501584	0.3638312541519013
BG02332	0.4075516931375487	0.38918797714122844
BG02333	0.4519762526954616	0.4369256754632841
BG02334	0.3943179984534495	0.3847159732685652
BG02335	0.3460668788807836	0.33320200925834725
BG02336	0.43375503729114756	0.436980160983757
BG02337	0.31913636258856515	0.3446607333331936
BG02338	0.42075604946447004	0.42415929889708714
BG02339	0.43312426261182635	0.394204836218621
BG02340	0.4173486088379704	0.43020300047570054
BG02341	0.44161981261172156	0.4449182821972753
BG02342	0.4517855533738063	0.4594491513880186
BG02343	0.39972463856191753	0.410822919962866
BG02344	0.4493316093555829	0.4599562858478051
BG02345	0.39200236383334974	0.38579311009637646
BG02346	0.4312214605891561	0.43848899078146897
BG02347	0.4544364835045087	0.4617668816050595
BG02348	0.3751684336041543	0.356945122602899
BG02349	0.43127594610962905	0.4500734506727915
BG02350	0.46460431986353473	0.47271428002623683
BG02351	0.415286541447764	0.3740032817048099
BG02352	0.39519814916878143	0.39660219911943007
BG02353	0.4171264755621963	0.40641797519232337
BG02354	0.4251169866992462	0.40113707090033135
BG02355	0.4699355184821172	0.46877874897053795
BG02356	0.40096313635420616	0.391644016756393
BG02357	0.45822951396820133	0.45581538629186213
BG02358	0.3966147727010778	0.39336659744211433
BG02359	0.44983245702454566	0.4565781835784831
BG02360	0.3987334212086983	0.40842136586817435
BG02361	0.41638044305110516	0.3792338916702117
BG02362	0.37485409406296427	0.38881076969180056
BG02363	0.39876695075975854	0.3946826323212299
BG02364	0.43278268031039985	0.40854710168465036
BG02365	0.35604192032121307	0.3496440628595258
BG02366	0.4274787244520538	0.44042532235519954
BG02367	0.39811731570796594	0.40150589596199415
BG02368	0.4555136203323197	0.4435226146343915
BG02369	0.42702817110968144	0.43183756608988855
BG02370	0.4127529647457726	0.4263932052364775
BG02371	0.4082348577404016	0.4211458304955459
BG02372	0.39611392503211496	0.33924990203084304
BG02373	0.36647589749177995	0.330544792336821
BG02374	0.4246245214180486	0.4167618416944158
BG02375	0.4829659402629137	0.4657149862424059
BG02376	0.41668640020453035	0.4227342929770258
BG02377	0.39529454662807967	0.3876037058536308
BG02378	0.37324677120901273	0.3653819958884387
BG02379	0.48954611465849096	0.4816289494143854
BG02380	0.4929116433461653	0.4836910168045918
BG02381	0.35306407706767307	0.35650923843911564
BG02382	0.4087734261543072	0.39750749699805743
BG02383	0.408882397195253	0.3873857637717391
BG02384	0.4204333275355152	0.44700549675077694
BG02385	0.4226986678290244	0.4472569683837289
BG02386	0.4493316093555829	0.4510583812351867
BG02387	0.3974676806561734	0.3962417564455323
BG02388	0.3536634177928754	0.3792338916702117
BG02389	0.46214408905448756	0.4541975854532042
BG02390	0.3894184928047678	0.38926341863111413
BG02391	0.4110073324936974	0.4379776651278
BG02392	0.3586404605283837	0.35158039443325617
BG02393	0.5232433134740596	0.49272303962145136
BG02394	0.38843984903319634	0.37430085647046984
BG02395	0.38844404022707885	0.365038317990071
BG02396	0.393804577202839	0.3883832679157821
BG02397	0.4625590172488584	0.440429513549082
BG02398	0.3553671381061252	0.3900555542749129
BG02399	0.46295089387687527	0.4632463730455939
BG02400	0.4609160692469052	0.47298670762860145
BG02401	0.45618002015964243	0.4596293727249675
BG02402	0.44858557684449196	0.4332709543977148
BG02403	0.4084947117611187	0.3416221177683568
BG02404	0.45662638230813235	0.39959471155155907
BG02405	0.41776563262928257	0.4092721782263286
BG02406	0.3241113097271323	0.32074997223334045
BG02407	0.4523702249204198	0.4557902391285669
BG02408	0.33867780406587716	0.31941717257869484
BG02409	0.366350161675304	0.3404108627363047
BG02410	0.32512767424364664	0.3335414959628325
BG02411	0.4401088872170683	0.4275457835541744
BG02412	0.37369313335750254	0.3895651845906566
BG02413	0.46290479074416735	0.47376207849687024
BG02414	0.4466178113166426	0.4711174351569918
BG02415	0.44482817152880094	0.45408861441225834
BG02416	0.43755225894872274	0.43650655607503064
BG02417	0.372439966386625	0.3947622650049979
BG02418	0.4029916741933523	0.38512251907517114
BG02419	0.4610459962572639	0.44653608303593323
BG02420	0.375857884997831	0.3854997265245991
BG02421	0.43787078968379534	0.45438199798403567
BG02422	0.3553566601214189	0.36801825684055217
BG02423	0.488705780285043	0.489483246750253
BG02424	0.4152802546569403	0.446510935872638
BG02425	0.4726514121179988	0.4785023187780153
BG02426	0.3890957708758128	0.3604321959131668
BG02427	0.3989848928416503	0.4100978434211877
BG02428	0.4638520005616199	0.4572529657935711
BG02429	0.3338348795346098	0.3426657250451077
BG02430	0.48957964420955136	0.48454602035662875
BG02431	0.3570960055826703	0.3803571316307307
BG02432	0.4609516943949068	0.45499810348476816
BG02433	0.43194234593695185	0.4344193415215291
BG02434	0.3559224712955608	0.3008627572607194
BG02435	0.41776563262928257	0.4210368594546
BG02436	0.41113306831017354	0.4046451001800117
BG02437	0.4113426280043001	0.401363395369988
BG02438	0.4659245459365326	0.45350184726870374
BG02439	0.4468462313832406	0.4631332108107654
BG02440	0.41506231257504855	0.38600266979050313
BG02441	0.37973473933917434	0.41751206539938934
BG02442	0.43387448631679976	0.4354587576043973
BG02443	0.383951080385003	0.39774220385547926
BG02444	0.3520665729236301	0.3217642411529137
BG02445	0.4053366471706297	0.37810226932192764
BG02446	0.4347693062107206	0.4492142559268719
BG02447	0.34826935126605485	0.33695731897709724
BG02448	0.3824443461842323	0.40640959280455835
BG02449	0.41876523237026686	0.35036075701343894
BG02450	0.4405154330236741	0.46296137186158165
BG02451	0.3608387417197727	0.3492207522773899
BG02452	0.4103325502786096	0.3836430276346369
BG02453	0.46685708657539643	0.44656961258699346
BG02454	0.4286543543361044	0.41019004968660344
BG02455	0.4662158339113687	0.47993151589195926
BG02456	0.3816731665098462	0.37994220343635987
BG02457	0.3462722473810276	0.33571672558786736
BG02458	0.40632367332996644	0.4198004572592525
BG02459	0.3833349748842707	0.39712190716086415
BG02460	0.3648937218011236	0.38125823831547545
BG02461	0.3572049766236161	0.3904159969488108
BG02462	0.4239120184580178	0.436674203830332
BG02463	0.35735585960338734	0.3257374929535553
BG02464	0.36790090341184134	0.3870169387100762
BG02465	0.40410862736304753	0.39332049430940647
BG02466	0.36488743501029985	0.4195028824935928
BG02467	0.4484891793851938	0.44416805849230173
BG02468	0.43216028801884354	0.45086977751047275
BG02469	0.43079605441007895	0.43682089561622073
BG02470	0.4357856707272349	0.43650655607503064
BG02471	0.45172058986862684	0.45799480711077956
BG02472	0.42971263079144406	0.4334930876734892
BG02473	0.38770848570069416	0.4063383425085552
BG02474	0.46893591874113294	0.4826851302727838
BG02475	0.4316280063957618	0.42534121557196164
BG02476	0.4188993505745079	0.4045361291390658
BG02477	0.3976940051258301	0.39149732497050455
BG02478	0.4763669054948647	0.465526382517692
BG02479	0.4584034485143265	0.43986370237494
BG02480	0.3717127942480055	0.38528597563659006
BG02481	0.391744605409574	0.40009765481746296
BG02482	0.4487511290028521	0.4260118065931672
BG02483	0.3785339622918287	0.3733704114285475
BG02484	0.3618299590729917	0.34671860952951744
BG02485	0.4256932758580946	0.4196328095039512
BG02486	0.4162568028315706	0.4313430052117497
BG02487	0.3912311841589636	0.3829724366134315
BG02488	0.4404253223551995	0.46937389850185784
BG02489	0.382079712316452	0.3574229187055079
BG02490	0.4043328562357629	0.37169393387553396
BG02491	0.4271015170026257	0.41719772585819936
BG02492	0.45695539102791133	0.4728986925570683
BG02493	0.3976940051258301	0.3961202118229388
BG02494	0.45745623869687396	0.430441898527005
BG02495	0.3693657256737868	0.32904853612075663
BG02496	0.4552935826534868	0.40400384751598406
BG02497	0.441144112106054	0.4597634909292086
BG02498	0.4385686234652371	0.4385560498835894
BG02499	0.3305741306939989	0.37339136739796003
BG02500	0.44095550838134	0.4235809141412976
BG02501	0.3910907791638988	0.37440982751141577
BG02502	0.4041274877355188	0.39382762876919297
BG02503	0.43387448631679976	0.4331955129078293
BG02504	0.3927756391046772	0.406367680865733
BG02505	0.4113405324073589	0.38197074127550606
BG02506	0.3823584267096403	0.34704552265235517
BG02507	0.48379160545777256	0.47711503360289687
BG02508	0.3792276048793879	0.33897328323459586
BG02509	0.4381767468372203	0.40637606325349795
BG02510	0.3677374468504225	0.3626199991198492
BG02511	0.41172402664761076	0.364472506815929
BG02512	0.4104394257226142	0.44639358244392696
BG02513	0.3812540471215928	0.381027722651936
BG02514	0.4205884017091688	0.3958142546695139
BG02515	0.3745125117615379	0.38306464287884723
BG02516	0.3999006687049839	0.3769706469736436
BG02517	0.39684738396155833	0.385051268779168
BG02518	0.35611945740803996	0.3810277226519359
BG02519	0.4361901209368995	0.40349671305619755
BG02520	0.3939177394376675	0.37678204324892967
BG02521	0.4188197178907397	0.4196244271161861
BG02522	0.47207721855609175	0.4888629500556381
BG02523	0.43527015387968326	0.4611926880431524
BG02524	0.45246662237971796	0.45203492940981693
BG02525	0.3720208469983717	0.38136720935642127
BG02526	0.3146916014761384	0.3422843264017972
BG02527	0.3884419446301376	0.36810627191208545
BG02528	0.3691016804591872	0.35929219117711775
BG02529	0.3905794535102296	0.36063337321952843
BG02530	0.4453059676314097	0.4455762996368332
BG02531	0.4083375419905237	0.388932314314394
BG02532	0.3681733310142061	0.3678925210240763
BG02533	0.32835698913013867	0.30547307053150624
BG02534	0.4426885670517675	0.4203243564945691
BG02535	0.45007135507585017	0.4476257934453919
BG02536	0.436234128472666	0.42405451905002406
BG02537	0.41867093050790993	0.40202141280954584
BG02538	0.4653880731195685	0.4872325756353325
BG02539	0.356505047245233	0.37945183375210345
BG02540	0.38072386109545225	0.37679461683057724
BG02541	0.42170535487886396	0.41337954823121137
BG02542	0.3401510087155877	0.34378477381174416
BG02543	0.4246790069385214	0.4376591343927273
BG02544	0.3981529408559674	0.40126280671680725
BG02545	0.38716782168984737	0.3767359401162217
BG02546	0.4363053787686692	0.45892525215270197
BG02547	0.4061685991563127	0.3939910853306118
BG02548	0.3967614644869666	0.36242301300737023
BG02549	0.39486914044900256	0.4557022240570338
BG02550	0.4326108413612159	0.42993476406721826
BG02551	0.40740081015777746	0.41883648266626994
BG02552	0.4452996808405858	0.43486360807307767
BG02553	0.46818150384227697	0.4836491048657664
BG02554	0.34183796425330737	0.3299789811626791
BG02555	0.4103325502786096	0.40069280434878285
BG02556	0.448625393186376	0.43594493609477125
BG02557	0.39994258064380916	0.40106162941044565
BG02558	0.46061011209348035	0.4459702718617912
BG02559	0.3783956528937049	0.3867570846893591
BG02560	0.4004497151035957	0.386991791546781
BG02561	0.4017259336408272	0.43559287580863837
BG02562	0.41446297184984615	0.4177844930017539
BG02563	0.3344845145864025	0.3109509609359774
BG02564	0.38586855158626215	0.38340832077721476
BG02565	0.43084634873666927	0.409682915226817
BG02566	0.43694872702963805	0.4463977736378095
BG02567	0.4499267588869027	0.41988008994302073
BG02568	0.3702479719860601	0.3897412147337229
BG02569	0.3349811710614826	0.31679767640211143
BG02570	0.45011745820855786	0.4682255113780435
BG02571	0.31287471892806024	0.2795002420414467
BG02572	0.416212795295804	0.39036151142833786
BG02573	0.34730118547918976	0.32854978404873525
BG02574	0.40038265600147527	0.39822419115197055
BG02575	0.374843616078258	0.3304777332347006
BG02576	0.43445496666953065	0.42117516885272344
BG02577	0.4336188234899653	0.4235767229474152
BG02578	0.4020591335544885	0.38704208587337147
BG02579	0.43733222126988974	0.4415988566423088
BG02580	0.4306828921752505	0.4434471731445061
BG02581	0.34637074043726723	0.3332481123910551
BG02582	0.4166717310259415	0.34553250166076055
BG02583	0.42848461098386176	0.43413853153139936
BG02584	0.3338034455804907	0.32775345721105387
BG02585	0.3926457120943186	0.43059278150677605
BG02586	0.3681733310142061	0.3276570597517555
BG02587	0.40370627275032417	0.38626252381122017
BG02588	0.418178465226712	0.4012083211963343
BG02589	0.42623603546588257	0.4541137615755536
BG02590	0.3968348103799107	0.4129897672001357
BG02591	0.4349558143384933	0.41062174265650436
BG02592	0.43685442516728107	0.4534012586155227
BG02593	0.4516095232307398	0.44918910876357676
BG02594	0.4455721084429504	0.44628042020909864
BG02595	0.36243768218595906	0.37275430592781517
BG02596	0.45002944313702475	0.4056258395485245
BG02597	0.43808034937792206	0.4154709539785957
BG02598	0.42047314387739915	0.43236984771297027
BG02599	0.35945774333547775	0.3615135239348604
BG02600	0.38528597563659	0.38757017630257073
BG02601	0.4495621250191222	0.4290546133518862
BG02602	0.40183071348789057	0.38611164083144894
BG02603	0.3994668801381417	0.4216948768941575
BG02604	0.29378383079312054	0.3095511021792112
BG02605	0.4543631376115643	0.45664105148672124
BG02606	0.4570266413239143	0.45394611382025224
BG02607	0.35649037806664413	0.3682739196673869
BG02608	0.4397400621554053	0.436171260564428
BG02609	0.34253998922863166	0.34778317277568105
BG02610	0.4576511292124118	0.42471253648958174
BG02611	0.42133443422025973	0.4051564258336807
BG02612	0.4550022946786506	0.43683346919786836
BG02613	0.4010071438899728	0.4137944764255821
BG02614	0.41526977667223386	0.41319932689426253
BG02615	0.40050629622100997	0.37898661123114213
BG02616	0.4381369304953362	0.42978807228132976
BG02617	0.4204291363416325	0.4343103704805832
BG02618	0.4020528467636648	0.40310693202512204
BG02619	0.4573221204926329	0.4682799968985165
BG02620	0.4834374495746985	0.4908831055070192
BG02621	0.4361901209368995	0.4259531298788116
BG02622	0.3367582372676769	0.3621673501805357
BG02623	0.4520076866495805	0.45233669536935933
BG02624	0.42138682414379136	0.44161981261172145
BG02625	0.44310139964919704	0.4131113118227292
BG02626	0.4308484443336106	0.4182497155227153
BG02627	0.4116339159791362	0.4084800425825298
BG02628	0.3914197878836776	0.38125823831547545
BG02629	0.4104876244522634	0.42194634852710966
BG02630	0.40027368496052945	0.39373542250377735
BG02631	0.43430198809281817	0.4400355413241238
BG02632	0.43713523515741076	0.4322650678659069
BG02633	0.42691081768097056	0.4824797617725397
BG02634	0.30758752784524435	0.3296311120704288
BG02635	0.4082013281893413	0.4142471253648958
BG02636	0.47806853021117335	0.45289412415573643
BG02637	0.37273125436146104	0.387352234220679
BG02638	0.38955470660595026	0.37969492299729035
BG02639	0.3982304779427944	0.4556770768937385
BG02640	0.21074161080154485	0.2425590591607972
BG02641	0.49589158219664653	0.49615143621736363
BG02642	0.41981303084090016	0.4270973258087432
BG02643	0.40240281145285645	0.36099800708730895
BG02644	0.448679878706849	0.40503907240496995
BG02645	0.41059869109015046	0.3837687634511128
BG02646	0.4368879547183412	0.431141827905388
BG02647	0.3763650194576176	0.37243158399885995
BG02648	0.45462299163228137	0.45475920543346365
BG02649	0.4149533415341027	0.41944001458535474
BG02650	0.4251337514747764	0.48399697395801683
BG02651	0.40086673889490776	0.40991343089035615
BG02652	0.4174345283125624	0.41641816379604824
BG02653	0.48202501723628477	0.4719053796069079
BG02654	0.44142073090230116	0.44371540955298827
BG02655	0.49211741210542526	0.470853389942392
BG02656	0.4139998449258263	0.43026167719005604
BG02657	0.4238596285344861	0.4250101112552416
BG02658	0.40050629622100997	0.4194651617486499
BG02659	0.3968348103799107	0.41485484847786314
BG02660	0.3739278402149243	0.3849003857993968
BG02661	0.4346435703942447	0.4353120658185087
BG02662	0.36182367228216783	0.36093513917907083
BG02663	0.44979683187654423	0.427512254003114
BG02664	0.43575214117617467	0.4273990917682856
BG02665	0.3786513157205395	0.37827829946499425
BG02666	0.4155212483051859	0.42121708079154896
BG02667	0.3502601683602582	0.3573307124400921
BG02668	0.35476570178398165	0.3555997493666059
BG02669	0.400426663537242	0.37756579650496347
BG02670	0.45378475285577474	0.45111286675565976
BG02671	0.4285663392645711	0.41867721729873353
BG02672	0.41787879486411084	0.42923902588271784
BG02673	0.42335458967164086	0.42685004536967375
BG02674	0.3656711882663336	0.38080139818227926
BG02675	0.4353120658185087	0.45136433838861173
BG02676	0.3871112405724332	0.40048324465465596
BG02677	0.42965185848014736	0.43059278150677605
BG02678	0.40151218275281797	0.3850345040036379
BG02679	0.4181952300022424	0.40557554522193423
BG02680	0.4461965963314479	0.4304209425575921
BG02681	0.444467728854903	0.45168286912368427
BG02682	0.43901708121066824	0.4479988097009373
BG02683	0.4057075678292339	0.3518276748723258
BG02684	0.3963507274864781	0.4000054485520473
BG02685	0.4557839523377431	0.44696358481195164
BG02686	0.3706230838385468	0.35238929485258524
BG02687	0.4020172216156633	0.35620747247957324
BG02688	0.43411338436810415	0.40931409016515397
BG02689	0.4102047188651924	0.4251526118472478
BG02690	0.44580052850954854	0.4226756162626705
BG02691	0.4016295361815289	0.40891173555243066
BG02692	0.40274439375428284	0.39075548365329604
BG02693	0.4373992803720103	0.43755854573954667
BG02694	0.4666433356873872	0.457927748008659
BG02695	0.37702932368799913	0.34749817159166874
BG02696	0.3837519986755827	0.3731021750200653
BG02697	0.49589158219664653	0.5087208266710815
BG02698	0.4467372603422948	0.4938588531636179
BG02699	0.45939885706142825	0.4586695893258672
BG02700	0.3640596742184995	0.35974064892254887
BG02701	0.4312885196912766	0.4127047660161235
BG02702	0.32802798041035985	0.3618697754148758
BG02703	0.4208796896840049	0.39534064976078753
BG02704	0.4260369537564623	0.4466450540768788
BG02705	0.42877799455563914	0.41698397497019013
BG02706	0.39413358592261794	0.38925922743723157
BG02707	0.27965531621510037	0.2684899757120315
BG02708	0.40683919017751796	0.39276306552302953
BG02709	0.4419488213315003	0.46250034053450295
BG02710	0.38155162188725256	0.39122489736813976
BG02711	0.3978008805698347	0.3905794535102296
BG02712	0.41787879486411084	0.38464891416644476
BG02713	0.386363112464401	0.3611740372303752
BG02714	0.43810549654121717	0.4400271589363588
BG02715	0.348851927215727	0.3520498081481
BG02716	0.4359742744519489	0.43571022923734937
BG02717	0.45816664605996343	0.3985469130809257
BG02718	0.4859333055317473	0.5018095479587837
BG02719	0.4507691888572919	0.4575253933959357
BG02720	0.4043035178785853	0.4173192704807927
BG02721	0.42817236703961314	0.4012502331351596
BG02722	0.5027378974037651	0.48405984186625484
BG02723	0.42735508423251906	0.4209530355769494
BG02724	0.4288136197036406	0.43923502329256003
BG02725	0.4804135031884506	0.4850992579491231
BG02726	0.36182367228216783	0.3729680568158243
BG02727	0.3334115689524739	0.3220408599491609
BG02728	0.4554360832454929	0.44845564983413344
BG02729	0.30723337196217027	0.3517857629335004
BG02730	0.37655152758539023	0.35502136461081624
BG02731	0.4613477622168061	0.47034625548260556
BG02732	0.38516443101399644	0.3334199513402391
BG02733	0.41839850290554514	0.39521072275042896
BG02734	0.373917362230218	0.3898543769685512
BG02735	0.4566934414102528	0.4448470319012722
BG02736	0.3599082966778501	0.387926427782586
BG02737	0.4302658683839385	0.37544924359428405
BG02738	0.35476570178398165	0.3325607565943196
BG02739	0.3756001265740553	0.32867132867132864
BG02740	0.36509699470442647	0.3908057779798864
BG02741	0.43810549654121717	0.45410537918778837
BG02742	0.3998231316181571	0.35715887349090814
BG02743	0.45993952107227504	0.4105756395237965
BG02744	0.2723647344564336	0.2739720573103852
BG02745	0.38287394355719195	0.3820084620204489
BG02746	0.42906090014271014	0.4147877893757425
BG02747	0.39877952434140623	0.37888183138407894
BG02748	0.48797651254948227	0.49212369889624896
BG02749	0.4138342927674662	0.41930170518723114
BG02750	0.3914093098989712	0.39731470207946085
BG02751	0.28931601811433993	0.3346856918927641
BG02752	0.4612052616248002	0.45937790109201565
BG02753	0.43345536692854636	0.39994677183769184
BG02754	0.4093874360580983	0.373743427684093
BG02755	0.4535898623402369	0.44415967610453677
BG02756	0.3451049998847421	0.341073071369745
BG02757	0.36137731013367813	0.3616015390063937
BG02758	0.3880039648694129	0.37243996638662497
BG02759	0.3975054014011161	0.3779723423115692
BG02760	0.3701683393022919	0.3802691165591975
BG02761	0.36993782363875266	0.3552015859477651
BG02762	0.47603160998426197	0.47235383735233893
BG02763	0.47503410584021893	0.4576888499573547
BG02764	0.40220792093731855	0.4151314672741103
BG02765	0.3870693286336079	0.3884503270179025
BG02766	0.3585105335180253	0.36412882891756126
BG02767	0.41179737254055493	0.4021052366871965
BG02768	0.4651303146957926	0.49256377425391507
BG02769	0.33431896242804243	0.3095091902403858
BG02770	0.3940392840602609	0.402989578596411
BG02771	0.3974509158806432	0.3821258154491596
BG02772	0.5051478338862216	0.47485178890632884
BG02773	0.4001751919042899	0.3777292530663822
BG02774	0.45152360375614786	0.47485178890632884
BG02775	0.37952308404810653	0.39632138912930037
BG02776	0.48435112984109085	0.4986116670264106
BG02777	0.37474721861895965	0.3598747671267898
BG02778	0.45393563583554597	0.485082493173593
BG02779	0.39151408974603463	0.3764928508710349
BG02780	0.4700088643750616	0.46781477437755525
BG02781	0.5175600545693443	0.48705654549226607
BG02782	0.4502096644739737	0.43907994911890624
BG02783	0.3458028336661839	0.34373028829127117
BG02784	0.42904413536717995	0.457927748008659
BG02785	0.4180569206041186	0.427063796257683
BG02786	0.4509431234034171	0.3926205649310234
BG02787	0.41831677462483585	0.4109276998099294
BG02788	0.4498932293358424	0.40153942551305455
BG02789	0.3523033753779933	0.2924091191996496
BG02790	0.3588730717888644	0.32155887265266936
BG02791	0.3999488674346331	0.428446890238919
BG02792	0.38958194936618673	0.3804451467022638
BG02793	0.4305592519557158	0.4445494571356124
BG02794	0.4384240272762897	0.4367538365141002
BG02795	0.2838192673373973	0.2780081770192648
BG02796	0.34515529421133256	0.3785130063224159
BG02797	0.35945774333547775	0.35650923843911564
BG02798	0.3237361978746456	0.2967134753170114
BG02799	0.4321665748096674	0.43390801586786004
BG02800	0.33322296522775985	0.3305154539796433
BG02801	0.47532748941199654	0.4846466090098094
BG02802	0.442409852658579	0.4409911335293415
BG02803	0.4762076401273284	0.4810799030157737
BG02804	0.4263953008334188	0.4164055902144005
BG02805	0.44881399691109014	0.4176922867363383
BG02806	0.48411851858061034	0.5015119731931239
BG02807	0.4857929005366823	0.46624307667160525
BG02808	0.4135513871803953	0.42081053498494314
BG02809	0.4236542600342421	0.4288031417189342
BG02810	0.4097751214922326	0.38449383999279113
BG02811	0.4596461375004977	0.43631376115643405
BG02812	0.4628628788053421	0.4564566389558897
BG02813	0.39248015993595853	0.4062000331104316
BG02814	0.41804015582858856	0.3965896255377825
BG02815	0.36860292838716574	0.37758256128049345
BG02816	0.43529949223686115	0.43789803244403175
BG02817	0.3589925208145166	0.3290820656718169
BG02818	0.4293060849848383	0.41561764576448423
BG02819	0.468504225771232	0.4291971139438925
BG02820	0.45462299163228137	0.4541808206776742
BG02821	0.41902089519710134	0.39887801739764567
BG02822	0.4437321743285184	0.42335458967164086
BG02823	0.4447317740695025	0.4350019174712012
BG02824	0.4538706723303666	0.44886638683462166
BG02825	0.42008126724938216	0.4312927108851591
BG02826	0.38855720246190717	0.3732740139692492
BG02827	0.2825346664124009	0.25433631397071604
BG02828	0.3868618645364224	0.4287360826168136
BG02829	0.44471920048785496	0.4679488925817963
BG02830	0.37853186669488736	0.38906224132475253
BG02831	0.39829753704491483	0.39083511633706414
BG02832	0.3463937920036212	0.348986045419968
BG02833	0.4414940767952454	0.430324545098294
BG02834	0.45993952107227504	0.4665490338250302
BG02835	0.4148024585543315	0.4058773111814765
BG02836	0.425383127510787	0.4137441820989918
BG02837	0.39332049430940647	0.34147961717635067
BG02838	0.39478322097441065	0.43602456877853935
BG02839	0.4300479263020467	0.40638025444738046
BG02840	0.3474835024130798	0.342887858320882
BG02841	0.4128242150417757	0.4262758518077667
BG02842	0.45945334258190107	0.43390801586786
BG02843	0.37252798145815824	0.39138835392955856
BG02844	0.4265210366498948	0.4054833389565184
BG02845	0.4091359644251463	0.4153536005498847
BG02846	0.405433044629928	0.40923864867526843
BG02847	0.42848461098386176	0.41734022645020546
BG02848	0.3540322428545383	0.34765743695920504
BG02849	0.46560601520146017	0.4543945715656834
BG02850	0.3972916505131069	0.38530693160600255
BG02851	0.43518633000203266	0.43919730254761724
BG02852	0.4935780431734882	0.4888797148311682
BG02853	0.4010385778440918	0.3856254623410752
BG02854	0.4181826564205946	0.42431018187685854
BG02855	0.38621432508157105	0.3670752382169823
BG02856	0.43389753788315366	0.4461756403620354
BG02857	0.4536087227127083	0.46037540523605835
BG02858	0.3525234130568262	0.32468550328903933
BG02859	0.4305278180015968	0.42601599778704957
BG02860	0.38591465471896996	0.42459099186698823
BG02861	0.3236670431755838	0.30418218281568593
BG02862	0.4475210135983285	0.42586092361339584
BG02863	0.39297262521715626	0.3998755215416888
BG02864	0.4218143259198099	0.41200902783162296
BG02865	0.3973272756611085	0.4220553195680555
BG02866	0.38709238019996184	0.3902986435200999
BG02867	0.41695882780689497	0.40195854490130783
BG02868	0.41427646372207355	0.4199094283001985
BG02869	0.3878656554712892	0.39382343757531046
BG02870	0.47167486394336855	0.4547969261784065
BG02871	0.3697534111079211	0.299106647023938
BG02872	0.48344792755940497	0.4175749333076273
BG02873	0.40357215454608325	0.40057125972618934
BG02874	0.4898856013629762	0.4565530364151881
BG02875	0.3955397314702078	0.3557296763769644
BG02876	0.4211646908680173	0.3895568022028915
BG02877	0.4018160443093016	0.37249026071321534
BG02878	0.4610459962572639	0.4673746990198894
BG02879	0.35200789620927475	0.334920398750186
BG02880	0.3634058479728242	0.36026035696398295
BG02881	0.38516443101399644	0.3461989014880833
BG02882	0.4584369780653868	0.45739127519169465
BG02883	0.3872055424347902	0.3623811010685448
BG02884	0.4550064858725332	0.43191719877365675
BG02885	0.46331971893853824	0.4597551085414437
BG02886	0.45796546875360183	0.4492687414473449
BG02887	0.41924302847287553	0.40921350151197317
BG02888	0.36468625770393814	0.38251559648023536
BG02889	0.43917215538432197	0.45719009788533316
BG02890	0.47375579170604637	0.4860716149298709
BG02891	0.417941662772349	0.4254962897456154
BG02892	0.4602978681492316	0.47448296384466604
BG02893	0.43110410716044506	0.4480700599969404
BG02894	0.40392211923527466	0.3768616759326978
BG02895	0.4853444427912512	0.475685836488953
BG02896	0.4546460431986352	0.46180879354388493
BG02897	0.4010071438899728	0.424746066040642
BG02898	0.3762413792380829	0.37702932368799913
BG02899	0.4104561904981443	0.40230222279967554
BG02900	0.45030187073938943	0.44278077331718335
BG02901	0.4525022475277195	0.46350203587242844
BG02902	0.48697062601767427	0.4813900513630811
BG02903	0.4531393089978646	0.43282668784616635
BG02904	0.4347860709862507	0.43514860925708987
BG02905	0.27034877019893505	0.33378458520801946
BG02906	0.44794851537434693	0.44346393792003613
BG02907	0.33016758488739306	0.3241238833087798
BG02908	0.42033902567315806	0.39663153747660784
BG02909	0.42358510533518035	0.437726193494848
BG02910	0.3800700348497772	0.36139197931226696
BG02911	0.45228430544582776	0.46108790819608914
BG02912	0.4349641967262584	0.46129746789021575
BG02913	0.38500097445257764	0.373957178572102
BG02914	0.40287222516770005	0.39205475375688126
BG02915	0.3646988312855859	0.3570163728989021
BG02916	0.29889499173287004	0.33362951103436567
BG02917	0.3823165147708151	0.3946868235151124
BG02918	0.39293490447221346	0.36771229968712726
BG02919	0.39401623249390705	0.42487599305100043
BG02920	0.36365103281495254	0.3118311116513094
BG02921	0.3829766278073139	0.4192304548912279
BG02922	0.4196600522641877	0.41677022408218095
BG02923	0.3436234128472666	0.3275145591597495
BG02924	0.3978532704933663	0.3566140182861789
BG02925	0.47570469686142447	0.48221152536405765
BG02926	0.32678738702112986	0.3622847036092466
BG02927	0.38926970542193795	0.4045277467513009
BG02928	0.3978888956413679	0.4118958655967944
BG02929	0.4142366473801895	0.44424349998218726
BG02930	0.44812664111435463	0.4374956778313086
BG02931	0.3562871051633413	0.35434658239572825
BG02932	0.4422317269185714	0.4608406277570196
BG02933	0.36445155084651626	0.39996353661322204
BG02934	0.4866499996856605	0.49281105469298453
BG02935	0.35619070770404293	0.3584581435944936
BG02936	0.39121232378649223	0.38078044221286667
BG02937	0.5013212738714687	0.4913776663851581
BG02938	0.5344526615128952	0.5041482341452375
BG02939	0.4293060849848383	0.40783040753073707
BG02940	0.3508113103558113	0.3353479005262043
BG02941	0.4875364371918164	0.476440251387809
BG02942	0.44305948771037174	0.4589210609588193
BG02943	0.39272324918114543	0.38449383999279113
BG02944	0.400663465991605	0.3937270401160122
BG02945	0.41783059613446183	0.39198350346087824
BG02946	0.3573516684095047	0.3572007854297336
BG02947	0.44643968557663505	0.4606604064200708
BG02948	0.43312426261182635	0.438929066139135
BG02949	0.45912014266823975	0.4658784428038249
BG02950	0.345551362033232	0.3660106749708187
BG02951	0.4666433356873872	0.44893763713062473
BG02952	0.3840202350840648	0.407113713376824
BG02953	0.42362911287094684	0.37413320871516853
BG02954	0.3469135000450553	0.3372171729978143
BG02955	0.38430314067113586	0.351546864882196
BG02956	0.4133145847260321	0.3891376828146381
BG02957	0.3357313947664562	0.3239897651045389
BG02958	0.3894499267588869	0.3973188932733433
BG02959	0.4505952543111668	0.4587827515606958
BG02960	0.5148902640661707	0.489152142433533
BG02961	0.40786603267873855	0.39780088056983476
BG02962	0.41309873824108156	0.4181155973184741
BG02963	0.46359424213784406	0.4479862361192898
BG02964	0.43492857157825693	0.4514355886846147
BG02965	0.3838001974052319	0.3661154548178821
BG02966	0.4764716853419281	0.4753379673967028
BG02967	0.42297947781915407	0.4363179523503169
BG02968	0.40184747826342077	0.39721411342628005
BG02969	0.3541831258343095	0.33347024566682937
BG02970	0.3544869873907932	0.35080921475887017
BG02971	0.41002868872212594	0.4169252982558347
BG02972	0.33509223769936974	0.34620309268196586
BG02973	0.3637704818406047	0.3469952283257647
BG02974	0.47488531845738907	0.47175868782101904
BG02975	0.387737824057872	0.3518276748723257
BG02976	0.41073700048827405	0.40304406411688376
BG02977	0.4194022938404118	0.4307771940376075
BG02978	0.3356412840979818	0.36530236320467063
BG02979	0.39839603010115443	0.37628329117690823
BG02980	0.44318312792990644	0.4384847995875865
BG02981	0.41446297184984615	0.393953364585669
BG02982	0.3889365055082765	0.3933707886359969
BG02983	0.44310139964919704	0.4136645494152237
BG02984	0.4341343403375168	0.4155338218868335
BG02985	0.4685566156947637	0.4621231330850749
BG02986	0.3466850799784572	0.3245891058297411
BG02987	0.4067553662998673	0.38169831367314133
BG02988	0.46474682045554083	0.464126523760926
BG02989	0.39398689413672927	0.39438086636168745
BG02990	0.442409852658579	0.42773857847277086
BG02991	0.41334392308320983	0.4022645020547328
BG02992	0.39945011536261155	0.40826629169452056
BG02993	0.3609225655974232	0.3519198811377414
BG02994	0.38839165030354716	0.3847243556563304
BG02995	0.2720399169305372	0.29814686362483783
BG02996	0.46830304846487036	0.47872026085990704
BG02997	0.37913749421091336	0.3259260966782693
BG02998	0.43968767223187355	0.4333547782753656
BG02999	0.45228430544582776	0.45010278902996914
BG03000	0.40161905819682264	0.3930229195437466
BG03001	0.4265985737367217	0.41420521342607053
BG03002	0.38013080716107384	0.4050726019560301
BG03003	0.42512956028089377	0.41974597173877953
BG03004	0.4332499984283022	0.402675239055221
BG03005	0.40118317403303916	0.3568487251436008
BG03006	0.34927733339480416	0.3484789109601816
BG03007	0.4045046951849469	0.397733821467714
BG03008	0.41981303084090016	0.40048743584853863
BG03009	0.33752522574818045	0.34335727203572575
BG03010	0.44721505644490367	0.46105437864502896
BG03011	0.4505952543111668	0.4704552265235512
BG03012	0.39803977862113904	0.38790547181317325
BG03013	0.42767990175841536	0.4049594397212017
BG03014	0.41783059613446183	0.3943808663616875
BG03015	0.4586716849228087	0.4686823515112396
BG03016	0.4992445373026733	0.48627698343011494
BG03017	0.4438390497725229	0.3975242617735875
BG03018	0.3772598393515385	0.37574681835994395
BG03019	0.4245029767954551	0.4553208254137233
BG03020	0.43646254853926414	0.3970967599975691
BG03021	0.4184278412627228	0.44194672573455895
BG03022	0.4260285713686972	0.4122185875257497
BG03023	0.3884419446301376	0.36658486853272587
BG03024	0.43808034937792206	0.45887914901999405
BG03025	0.3722387890802634	0.35671460693935975
BG03026	0.42057792372446245	0.36425456473403717
BG03027	0.414689296319503	0.42484665469382277
BG03028	0.42401679830508116	0.4213134782508471
BG03029	0.3755016335178156	0.3086541866883491
BG03030	0.45306386750797895	0.43301529157088015
BG03031	0.3634058479728242	0.35438849433455366
BG03032	0.3938674451110772	0.4072771699382427
BG03033	0.4022624064577915	0.3921553424100621
BG03034	0.4010574382165632	0.4304209425575922
BG03035	0.48223038573652904	0.4657904277322917
BG03036	0.4347986445678984	0.4346247100217733
BG03037	0.458791133948461	0.4527600059514953
BG03038	0.34707066981565027	0.35391488942582733
BG03039	0.40188310341142225	0.4138280059766424
BG03040	0.3999865881795759	0.38105706100911374
BG03041	0.3772598393515385	0.377712488290852
BG03042	0.48050990064774896	0.42690453089014657
BG03043	0.4204291363416325	0.41971663338160187
BG03044	0.352175543964576	0.3417268976154201
BG03045	0.4034548011173722	0.38076786863121903
BG03046	0.39494877313277066	0.40161486700294013
BG03047	0.45244566641030526	0.44667020124017415
BG03048	0.45246662237971796	0.44983036142760435
BG03049	0.45183584770039664	0.44301548017460524
BG03050	0.4931107250555857	0.47653245765322483
BG03051	0.42650427187436474	0.42896240708647054
BG03052	0.38906433692169384	0.3549710702842258
BG03053	0.46214408905448756	0.4719011884130253
BG03054	0.3996911090108572	0.393970129361199
BG03055	0.4370011169531696	0.41069299295250755
BG03056	0.38349214465486564	0.40739452336695375
BG03057	0.375197771961332	0.3613752145367368
BG03058	0.427355084232519	0.4141381543239499
BG03059	0.3905752623163472	0.39315284655410515
BG03060	0.41605981671909154	0.39190806197099276
BG03061	0.38545991018271497	0.36718420925792816
BG03062	0.4394362005989215	0.4420389319999748
BG03063	0.4208566381176509	0.42920968752554006
BG03064	0.40584168603347504	0.43579824430888253
BG03065	0.3816815488976112	0.361329111404029
BG03066	0.3975724605032366	0.4045487027207135
BG03067	0.40380895700044633	0.43309492425464857
BG03068	0.42134072101108355	0.4146913919164443
BG03069	0.49182402853364804	0.47432788967101225
BG03070	0.36243768218595906	0.3970003625382708
BG03071	0.46327990259665414	0.38982084741749107
BG03072	0.3066235532522616	0.339706742164039
BG03073	0.36690130367085716	0.3721214356515525
BG03074	0.37431762124600004	0.34606059208995976
BG03075	0.4548975148315873	0.4613477622168062
BG03076	0.4296518584801473	0.41200064544385784
BG03077	0.43649188689644186	0.43450316539917966
BG03078	0.3832176214555597	0.3910153376740131
BG03079	0.37693502182564215	0.36085969768918513
BG03080	0.44177069559149273	0.4228264992424418
BG03081	0.4196768170397178	0.43431875286834837
BG03082	0.3428522331728805	0.3412197631556336
BG03083	0.38415854448218845	0.36676089867579226
BG03084	0.4263911096395363	0.43686699874892854
BG03085	0.4470746514498387	0.43694244023881423
BG03086	0.4556812680876211	0.4445285011661996
BG03087	0.4559516000930446	0.4602412870318175
BG03088	0.45256930662983996	0.48108828540353843
BG03089	0.41306311309308014	0.4218331862922812
BG03090	0.4365254164475021	0.39326600878893353
BG03091	0.3241427436812513	0.32959758251936855
BG03092	0.40850728534276637	0.4081908502046351
BG03093	0.4384638436181738	0.45389162829977936
BG03094	0.3935656791515346	0.4094691643388077
BG03095	0.4758471974534306	0.4755642918663596
BG03096	0.40311531441288706	0.39448983740263355
BG03097	0.4019774052737792	0.44265922869458985
BG03098	0.37486457204767065	0.40239442906509126
BG03099	0.4408192945801575	0.4241383429276746
BG03100	0.3965896255377826	0.3838064841960556
BG03101	0.4558887321848066	0.46584910444664696
BG03102	0.3790746263026754	0.3698498085672194
BG03103	0.3707048121192561	0.3975116881919398
BG03104	0.3350209874033667	0.35793005316529447
BG03105	0.33353311357506743	0.2940897879465455
BG03106	0.42712037737509717	0.4396625250685784
BG03107	0.44706207786819097	0.4356012581964036
BG03108	0.4306556494150141	0.43514022686932463
BG03109	0.3868450997608924	0.3377159250698358
BG03110	0.42512956028089377	0.4125538830363523
BG03111	0.44129289948888384	0.4430448185317828
BG03112	0.41678489326076973	0.3772221186065956
BG03113	0.44455364832949484	0.3862038470968648
BG03114	0.4255926872049137	0.428534905310452
BG03115	0.46512402790496893	0.4637325515359678
BG03116	0.4846780429639285	0.4774545203073822
BG03117	0.4035470073827879	0.36566280587856853
BG03118	0.4387593227868924	0.4652246165581497
BG03119	0.39472454426005515	0.36721354761510583
BG03120	0.41979417046842876	0.40218906056484716
BG03121	0.3776957235153219	0.3158085546458336
BG03122	0.41317837092484977	0.43180403653882826
BG03123	0.38548505734601024	0.38428847149254697
BG03124	0.463483175499957	0.4286857882902233
BG03125	0.428675310305517	0.43896259569019536
BG03126	0.34203914155966897	0.3476867753163828
BG03127	0.4019774052737792	0.37839984408758753
BG03128	0.464426194123527	0.43232374458026224
BG03129	0.3717190810388293	0.4001772875012311
BG03130	0.35258418536812297	0.3326068597270275
BG03131	0.3720271337891955	0.362020658394647
BG03132	0.4028491736013461	0.3644473596526338
BG03133	0.44676869429641386	0.4700738278802409
BG03134	0.44470243571232476	0.4560542843431665
BG03135	0.45084882154106	0.4722616310869233
BG03136	0.43062421546089513	0.4466660100462917
BG03137	0.43611258385007257	0.45650693328248004
BG03138	0.5085468921249563	0.5064994939133386
BG03139	0.4202070030658583	0.3868325261792448
BG03140	0.42622346188423493	0.4125957949751774
BG03141	0.43852042473558805	0.44597027186179117
BG03142	0.4028491736013461	0.3966776406093157
BG03143	0.4677833404234363	0.4702205196661293
BG03144	0.47238736690339916	0.4663059445798432
BG03145	0.4167953712454761	0.3634205171514131
BG03146	0.4092533178538572	0.43011917659804977
BG03147	0.4340442296690424	0.4458654920147279
BG03148	0.4245281239587502	0.4287235090351663
BG03149	0.3979391899679583	0.3949927806685374
BG03150	0.3855164913001294	0.3754869643392268
BG03151	0.36058727008682057	0.3604447694948144
BG03152	0.44555324807047897	0.44359805612427733
BG03153	0.40591922312030193	0.37920455331303393
BG03154	0.3825721775976495	0.3635001498351812
BG03155	0.36428809428509745	0.3991211066428328
BG03156	0.44280382488353714	0.4477473380679853
BG03157	0.4260369537564623	0.44688395212818344
BG03158	0.38874580618662125	0.3777753561990901
BG03159	0.43828362228122486	0.4462426994641558
BG03160	0.4263554844915348	0.43155256490587623
BG03161	0.42148112600614857	0.3933037295338764
BG03162	0.4402262406457791	0.4260327625625798
BG03163	0.47289869255706835	0.488431257085737
BG03164	0.3903761806069267	0.37324886680595404
BG03165	0.3284973941252035	0.35446393582443925
BG03166	0.3738503031280975	0.3753067430022779
BG03167	0.36671479554308445	0.38227669842893097
BG03168	0.3255467936319	0.30048135861740904
BG03169	0.33205990892535686	0.3453229419666338
BG03170	0.4477221909046902	0.4248298899182926
BG03171	0.3532841147465061	0.34906567810373623
BG03172	0.4444572508701966	0.458367823366325
BG03173	0.4989239109706595	0.48322579428363055
BG03174	0.3910341980464844	0.38106544339687876
BG03175	0.4385371895111181	0.4420808439388001
BG03176	0.39271277119643905	0.37346680888784567
BG03177	0.41465367117150154	0.4296497628832061
BG03178	0.4738836231194636	0.5014323405093558
BG03179	0.4207497626736463	0.42097818274024434
BG03180	0.48132718345484293	0.4335056612551367
BG03181	0.4467519295208836	0.44204731438774003
BG03182	0.43130318886986546	0.42544599541902517
BG03183	0.4470746514498387	0.42637644046094747
BG03184	0.44785630910893115	0.4291929227500099
BG03185	0.4097269227625836	0.40901651539949413
BG03186	0.4205884017091688	0.42343841354929146
BG03187	0.31752903973461355	0.3328667137477445
BG03188	0.42383448137119095	0.40314465277006484
BG03189	0.4360413335540695	0.4320555081717803
BG03190	0.40588359797230034	0.4403876016102566
BG03191	0.3973901435693463	0.410894170258869
BG03192	0.3837582854664065	0.35733909482785714
BG03193	0.4089473607004323	0.39880257590776025
BG03194	0.3842926626864295	0.3886095923854389
BG03195	0.3290946392534645	0.31823106470993784
BG03196	0.4620267356257767	0.4409953247232241
BG03197	0.43586320781406185	0.437726193494848
BG03198	0.40778849559191177	0.44934837413111317
BG03199	0.372439966386625	0.42532864199031417
BG03200	0.4205779237244625	0.39546638557726355
BG03201	0.4305592519557158	0.40021500824617395
BG03202	0.4200225905350268	0.43066822299666163
BG03203	0.3754282876248714	0.36697464956380144
BG03204	0.3108231295225601	0.30464321414276463
BG03205	0.45722362743639333	0.4219631133026398
BG03206	0.44141444411147734	0.4473240274858493
BG03207	0.4595497400411993	0.47967585306512484
BG03208	0.4046555781647181	0.3922265927060652
BG03209	0.4167052605770015	0.3929516692477435
BG03210	0.3874842568279787	0.40781364275520693
BG03211	0.4001228019807581	0.40999725476800697
BG03212	0.44221286654609987	0.4448931350339801
BG03213	0.40075567225702075	0.3769496910042309
BG03214	0.32935239767724034	0.3409221883899737
BG03215	0.4209823739341271	0.45588244539398276
BG03216	0.4560563799401078	0.45892106095881935
BG03217	0.42311569162033646	0.43907156673114134
BG03218	0.3666204936807274	0.34563309031394135
BG03219	0.4426089343679993	0.44555534366742044
BG03220	0.34552621486993673	0.35914130819734646
BG03221	0.2824885632796931	0.2975852436445784
BG03222	0.39106982319448597	0.38834973836472186
BG03223	0.38094808996816787	0.3675949462584164
BG03224	0.3513163492186567	0.3909021754391847
BG03225	0.41659419393911445	0.4294150560257841
BG03226	0.43248720114168115	0.4205213426070484
BG03227	0.40683919017751796	0.40576414894664814
BG03228	0.3880018692724716	0.3838609697165286
BG03229	0.43419720824575486	0.43638920264631964
BG03230	0.46222581733519696	0.47263883853635114
BG03231	0.42025939298938997	0.4228097344669115
BG03232	0.4372232502289439	0.44794013298658186
BG03233	0.4162400380560404	0.40929313419574137
BG03234	0.4875532019673463	0.4614399684822219
BG03235	0.45085301273494255	0.4433340109096776
BG03236	0.4021240970596679	0.3868618645364225
BG03237	0.3995108876739083	0.38266647946000654
BG03238	0.39364112064142026	0.40628385698808234
BG03239	0.38087474407522354	0.4014597928292863
BG03240	0.42057792372446245	0.4145614649060857
BG03241	0.337277945309111	0.38077205982510137
BG03242	0.43687118994281116	0.41277601631212657
BG03243	0.455012772663357	0.44846822341578096
BG03244	0.35724688856244147	0.34218792894249894
BG03245	0.44274305257224045	0.4371268527696457
BG03246	0.43389753788315366	0.41651037006146374
BG03247	0.3032664069523524	0.3212068123665367
BG03248	0.46980768706869996	0.47113000873863925
BG03249	0.33005651824950594	0.3633241196921148
BG03250	0.4764423469847503	0.4515697068888558
BG03251	0.41328943756273684	0.387809074353875
BG03252	0.3991211066428328	0.4000766988480504
BG03253	0.33479466293370996	0.4116318203821949
BG03254	0.4247397792498182	0.4309867537317341
BG03255	0.43445496666953065	0.42335039847775846
BG03256	0.3177113566685038	0.28131502899258365
BG03257	0.44451173639066954	0.45212294448135026
BG03258	0.3932387660286971	0.3673434746254644
BG03259	0.3983331621929164	0.39108658797001616
BG03260	0.4269401560381482	0.3876414265985738
BG03261	0.43276172434098714	0.4100852698395401
BG03262	0.4381767468372203	0.3958813137716344
BG03263	0.41065946340144727	0.41398308015029617
BG03264	0.3903321730711602	0.355184821172235
BG03265	0.4381578864647489	0.4154080860703575
BG03266	0.3854578145857738	0.36661839808378616
BG03267	0.42141825809791045	0.4256639375009168
BG03268	0.43566412610464156	0.4181826564205947
BG03269	0.3584329964311983	0.3660651604912917
BG03270	0.39481884612241214	0.431447785058813
BG03271	0.4651889914101481	0.488116917544547
BG03272	0.43416786988857703	0.46211894189119235
BG03273	0.43084634873666944	0.42858100844316
BG03274	0.3218333958519754	0.31440450469518494
BG03275	0.4648516003026042	0.4708114780035666
BG03276	0.3092556230104927	0.3274810296086891
BG03277	0.4104834332583809	0.39468263232122974
BG03278	0.390935704990245	0.37941830420104317
BG03279	0.3259784866018009	0.3285414016609702
BG03280	0.4508027184083522	0.42557173123550096
BG03281	0.5232433134740596	0.5141023196162542
BG03282	0.4184739443954308	0.4036895079747941
BG03283	0.41169049709655037	0.43467081315448103
BG03284	0.38057297811568114	0.3590323371564007
BG03285	0.4493986684577035	0.46473424687389325
BG03286	0.40037217801676894	0.4046534825677767
BG03287	0.4504925700610447	0.4168959598986569
BG03288	0.46105228304808776	0.4365694239832688
BG03289	0.4222460188897108	0.396216609282237
BG03290	0.4883872495499705	0.4282415217386748
BG03291	0.44725068159290504	0.45542979645466897
BG03292	0.467584258714016	0.4932092181118253
BG03293	0.44470243571232476	0.4501237449993818
BG03294	0.4448114067532707	0.42487599305100054
BG03295	0.3656187983428019	0.38363464524687174
BG03296	0.4316615359468221	0.42913424603565437
BG03297	0.37216544318731903	0.3591916025239369
BG03298	0.47295946486836504	0.4714150099226515
BG03299	0.44142073090230116	0.43670354218750973
BG03300	0.34156972784482525	0.3606040348623506
BG03301	0.436296996380904	0.4181784652267122
BG03302	0.4726975152507067	0.4801494579738511
BG03303	0.42329800855422667	0.3728381298054657
BG03304	0.3966147727010778	0.3854620057796562
BG03305	0.36996716199593027	0.38256169961294323
BG03306	0.4413096642644141	0.42843850785115395
BG03307	0.39470777948452507	0.3839238376247665
BG03308	0.34855016125618465	0.3197608504770626
BG03309	0.4359742744519489	0.43795670915838725
BG03310	0.40129214507398503	0.39542028244455585
BG03311	0.39510384730642445	0.3757216711966487
BG03312	0.35298863557778754	0.369107967250011
BG03313	0.48613238724116753	0.47115934709581697
BG03314	0.393010345962099	0.3642922854789801
BG03315	0.40324314582630433	0.3899549656217321
BG03316	0.4357961487119413	0.4318166101204758
BG03317	0.3800700348497772	0.3695396602199119
BG03318	0.4584034485143265	0.39036151142833775
BG03319	0.45698682498203025	0.46065202403230565
BG03320	0.4621231330850749	0.4504380845405717
BG03321	0.44018013751307117	0.45491427960711733
BG03322	0.45032282670880214	0.4267829862675532
BG03323	0.4077402968622626	0.34862979393995275
BG03324	0.41112259032546716	0.40259141517757036
BG03325	0.3643048590606278	0.35044458089108976
BG03326	0.45030396633633074	0.4441387201351241
BG03327	0.3923376593439524	0.3629678682120994
BG03328	0.3872055424347902	0.3083649943104544
BG03329	0.4387593227868924	0.4491178584675737
BG03330	0.4249765817041813	0.4573787016100472
BG03331	0.3744391658685935	0.3903782762038681
BG03332	0.4328832689635806	0.3917446054095739
BG03333	0.34541095703816715	0.3431896242804242
BG03334	0.4602978681492316	0.443887248502172
BG03335	0.4301631841338164	0.42962461571991095
BG03336	0.49134413683409783	0.5018556510914916
BG03337	0.49500724028743215	0.47666238466358335
BG03338	0.3177784157706244	0.3105276503538416
BG03339	0.43848479958758635	0.4562554616495281
BG03340	0.45566240771514965	0.425995041817637
BG03341	0.4448302671257421	0.4309406505990263
BG03342	0.32996221638714895	0.3323553880940756
BG03343	0.4170573208631344	0.4358820681865332
BG03344	0.3872055424347902	0.3574941690015109
BG03345	0.4832718974163386	0.4839634444069565
BG03346	0.3243355385998479	0.3914554130316791
BG03347	0.40375028028609083	0.42296480864056535
BG03348	0.4018872946053047	0.3923020341959509
BG03349	0.4015499034977609	0.4356683172985242
BG03350	0.40676165309069107	0.37489600600178963
BG03351	0.39983360960286335	0.34693655161140935
BG03352	0.40011232399605184	0.40475826241484014
BG03353	0.33495392830124626	0.3697073079752132
BG03354	0.44073337510556565	0.45554295868949757
BG03355	0.4286061556064553	0.4545161161882768
BG03356	0.3545016565693821	0.33740577672252825
BG03357	0.39711771596698175	0.3773227072597766
BG03358	0.35221745590340137	0.36549515812326716
BG03359	0.4467372603422948	0.3985091923359828
BG03360	0.32650238583711755	0.2551619791655751
BG03361	0.3863107225408693	0.3978511748964251
BG03362	0.3489043171392586	0.3620877174967675
BG03363	0.3996911090108572	0.4005922156956019
BG03364	0.43119421782891953	0.42866064112692825
BG03365	0.4133145847260321	0.4198633251674905
BG03366	0.36669174397673054	0.3302681735405739
BG03367	0.43176422019694427	0.4297335867608567
BG03368	0.429735682357798	0.4395409804459848
BG03369	0.45788164487595107	0.4635607125867839
BG03370	0.44218771938280477	0.43650655607503064
BG03371	0.3929118529058595	0.3702982663126504
BG03372	0.3840202350840648	0.40211361907496157
BG03373	0.3743532463940016	0.384665678941975
BG03374	0.38400556590547597	0.381962358887741
BG03375	0.383573872935575	0.4036140664849086
BG03376	0.4677225681121395	0.46981397385952367
BG03377	0.3726704820501644	0.3554865871317775
BG03378	0.4824902397572459	0.4536359654729448
BG03379	0.3905794535102296	0.3637767686314284
BG03380	0.3576408607873996	0.3496734012167035
BG03381	0.3734332793367855	0.3642168439890944
BG03382	0.38038018319708466	0.3490070013893808
BG03383	0.3934671860952951	0.4339541190005678
BG03384	0.47400307214511583	0.4787412168293199
BG03385	0.4225729320125484	0.46403431749551016
BG03386	0.3493003849611581	0.325775213698498
BG03387	0.43260036337650964	0.41467881833479675
BG03388	0.4037439934952671	0.4317453598244727
BG03389	0.39110125714860494	0.3751642424102717
BG03390	0.41755607293515595	0.3733955585918426
BG03391	0.40974578313505494	0.40818246781686995
BG03392	0.38698340915901597	0.4149931578759868
BG03393	0.4359072153498284	0.4310831511910326
BG03394	0.4221538126242951	0.4330823506730008
BG03395	0.38036970521237823	0.33708724598745565
BG03396	0.3428522331728805	0.3643719181627483
BG03397	0.4162568028315706	0.39684947955849964
BG03398	0.4174345283125624	0.41358072553757297
BG03399	0.4159131249332028	0.3843387658191374
BG03400	0.4201043188157363	0.3845734726765592
BG03401	0.4523052614152404	0.4516954427053318
BG03402	0.41112259032546716	0.4159906620200297
BG03403	0.4523283129815943	0.456921861476851
BG03404	0.4402786305693108	0.4504548493161019
BG03405	0.373917362230218	0.3839406024002967
BG03406	0.45465652118334166	0.4479233682110517
BG03407	0.35357121152745963	0.347846040683919
BG03408	0.4381369304953362	0.44397945476758793
BG03409	0.39478322097441065	0.4088446764503103
BG03410	0.4222921220224187	0.4308526355274931
BG03411	0.39157276646039	0.38626252381122017
BG03412	0.47437189720677886	0.45739546638557715
BG03413	0.34290881429029474	0.3832993497362692
BG03414	0.4948710264862497	0.49814644450544965
BG03415	0.25640466815174634	0.39612859421070384
BG03416	0.45228011425194525	0.4610753346144416
BG03417	0.3979245207893694	0.42063869603575915
BG03418	0.38470549528385906	0.3781735196179307
BG03419	0.34875552975642865	0.33788357282513715
BG03420	0.48650121230283044	0.436602953534329
BG03421	0.4397400621554053	0.4492310207024021
BG03422	0.4276736149675917	0.391715267052396
BG03423	0.4431328336033161	0.4476635141903347
BG03424	0.41530330622329426	0.4365694239832688
BG03425	0.4370178817286998	0.3806086032636826
BG03426	0.4636466320613758	0.4598976091334496
BG03427	0.4371226615757632	0.4290001278314135
BG03428	0.422711241410672	0.3848123707278638
BG03429	0.3313557883530913	0.2887753541034932
BG03430	0.43996848222200335	0.4508152919899997
BG03431	0.4127739207151853	0.435173756420385
BG03432	0.36332202409517356	0.37585998059477216
BG03433	0.41873798961003034	0.4267243095531978
BG03434	0.40007460325110905	0.4062377538553745
BG03435	0.35721335901138107	0.3707467240580816
BG03436	0.43405051645986614	0.42128833108755187
BG03437	0.3519659842704493	0.35458548044703275
BG03438	0.4236961719730672	0.4239539303968431
BG03439	0.4265985737367217	0.44330886374638234
BG03440	0.4435938649303946	0.45457479290263214
BG03441	0.48507411078582796	0.47871606966602465
BG03442	0.3699001028938097	0.36173565721063466
BG03443	0.37991496067612335	0.35914130819734646
BG03444	0.37766009836732045	0.37288423293817363
BG03445	0.36194102571087894	0.38855091567108346
BG03446	0.49791383324496885	0.4829910874262088
BG03447	0.5156174362047901	0.5039344832572282
BG03448	0.3405994664610187	0.34346205188278894
BG03449	0.39578910750621876	0.372674673244047
BG03450	0.328124377869658	0.3036121804476614
BG03451	0.4417979383517291	0.4394990685071596
BG03452	0.3461108864165502	0.32251027366400453
BG03453	0.387737824057872	0.3799883065690677
BG03454	0.3350209874033667	0.3214666663872537
BG03455	0.42334620728387584	0.42617107196070336
BG03456	0.336703751747204	0.28451710111883916
BG03457	0.47769341835868645	0.4934313513875995
BG03458	0.4238449593558973	0.43426007615399287
BG03459	0.40632367332996644	0.40411281855692993
BG03460	0.36846671458598346	0.34724250876483415
BG03461	0.3842193167934851	0.4062629010186697
BG03462	0.4385057555569991	0.4231324563958667
BG03463	0.42047314387739915	0.43011498540416726
BG03464	0.36594152027175697	0.35483276088610227
BG03465	0.32067453074345487	0.2955064114788418
BG03466	0.40825371811287303	0.4294904975156697
BG03467	0.3815725778566653	0.3834544239099228
BG03468	0.4398155036452909	0.40971225358399455
BG03469	0.38392174202782525	0.3425651363919268
BG03470	0.43935028112432967	0.44495181174833554
BG03471	0.40086673889490776	0.4156386017338968
BG03472	0.4020214128095459	0.4018537650542445
BG03473	0.4325039659172113	0.4264770291141283
BG03474	0.40864769033783116	0.41811140612459163
BG03475	0.37121613777292517	0.3521923087401062
BG03476	0.37117003464021736	0.3441829372305848
BG03477	0.43317036574453416	0.4334134549897211
BG03478	0.3757342447782963	0.3801601455182515
BG03479	0.4139788889564137	0.44925616786569744
BG03480	0.39543285602620326	0.4015687638702322
BG03481	0.3949194347755929	0.3682864932490345
BG03482	0.354839047676926	0.35927123520770515
BG03483	0.48768941576852864	0.48636499850164816
BG03484	0.361211757975318	0.3357879758838704
BG03485	0.42804663122313696	0.3770502796574118
BG03486	0.43599942161524413	0.43600361280912664
BG03487	0.3872306895980855	0.39342946535035234
BG03488	0.45369464218730016	0.4362550844420788
BG03489	0.45467328595887185	0.4546502343925178
BG03490	0.4500294431370247	0.4112252745755892
BG03491	0.41894335811027456	0.43524081552250565
BG03492	0.3613710233428543	0.3262530098011068
BG03493	0.43084634873666944	0.43721905903506125
BG03494	0.4276736149675917	0.4248256987244101
BG03495	0.4237737090598942	0.4560375195676364
BG03496	0.4192975139933486	0.40076824583866827
BG03497	0.33809103692232245	0.34544448658922733
BG03498	0.38689539408748286	0.3730434983057098
BG03499	0.3998084624395682	0.36367617997824764
BG03500	0.4300185879448689	0.46541322028286347
BG03501	0.40109096776762343	0.42370664995777374
BG03502	0.4746527071969086	0.4852836704799546
BG03503	0.419513360478299	0.43164896236517447
BG03504	0.44684204018935814	0.44716895331219575
BG03505	0.40467443853718943	0.4101732849110733
BG03506	0.44044837392155334	0.3624230130073701
BG03507	0.41715790951631526	0.4399894381914159
BG03508	0.43306558589747074	0.43148550580375566
BG03509	0.3509433329631112	0.3504697280543849
BG03510	0.40557135402805167	0.43529530104297853
BG03511	0.46584072205888205	0.43439000316435133
BG03512	0.3848500914728064	0.3942844689023892
BG03513	0.4387718963685401	0.43747053066801345
BG03514	0.4369256754632841	0.4091715895731478
BG03515	0.46061011209348035	0.4468797609343008
BG03516	0.43317036574453416	0.4421898149797461
BG03517	0.3974718718500557	0.3736093094798518
BG03518	0.3486402719246591	0.34360455247479516
BG03519	0.36672317793084946	0.3355784161897436
BG03520	0.3763063427432621	0.3653484663373784
BG03521	0.42090064565341756	0.4305508695679507
BG03522	0.43687118994281116	0.4091967367364431
BG03523	0.3910593452097797	0.36793862415678424
BG03524	0.30390975521332125	0.3190693034864445
BG03525	0.4216697297308624	0.3925576970227854
BG03526	0.3779828202962754	0.39336659744211433
BG03527	0.47710874681207316	0.4583803969479726
BG03528	0.3830499737002584	0.40894945629737356
BG03529	0.4300479263020467	0.42786850548312944
BG03530	0.47827389871141746	0.48036320886186024
BG03531	0.45682336842061144	0.3811576496622944
BG03532	0.34616118074314056	0.3973859523754639
BG03533	0.3181116156842857	0.32139122489736804
BG03534	0.4385434763019419	0.44095760397828115
BG03535	0.39972463856191753	0.36760332864618145
BG03536	0.41529911502941164	0.384083102992303
BG03537	0.37216544318731903	0.36151352393486036
BG03538	0.39716591469663093	0.3947957945560583
BG03539	0.42616268957293824	0.4179311847876427
BG03540	0.4448973262278626	0.43345536692854636
BG03541	0.46697234440716606	0.47094140501392523
BG03542	0.3641979836166231	0.3791961709252689
BG03543	0.4605849649301852	0.4787286432476722
BG03544	0.4078911798420338	0.37767476754590923
BG03545	0.36671479554308445	0.3815558130811353
BG03546	0.4173423220471468	0.38568833024931304
BG03547	0.42187509823110647	0.39328696475834624
BG03548	0.3450295583948565	0.3608345505258901
BG03549	0.4456140203817758	0.44479673757468197
BG03550	0.4560375195676364	0.4590216496120002
BG03551	0.422554071640077	0.40689577129493215
BG03552	0.2990395879218174	0.29092124537135033
BG03553	0.34166612530412355	0.32270306858260106
BG03554	0.4468776653373596	0.3934462301258824
BG03555	0.3194276505634012	0.4014094985026959
BG03556	0.43262970173368726	0.4004622886852434
BG03557	0.47750062344009003	0.47359023954768636
BG03558	0.4118246153007914	0.3931235081969273
BG03559	0.40075567225702075	0.4042134072101108
BG03560	0.380430477523675	0.39473711784170273
BG03561	0.36421474839215323	0.32748102960868913
BG03562	0.3665932509204909	0.3672722243294613
BG03563	0.47935732233005235	0.4891647160151805
BG03564	0.40587521558453526	0.36457309546910993
BG03565	0.4617480212325882	0.4657149862424059
BG03566	0.5049424653859775	0.4735231804455658
BG03567	0.2523643572489842	0.24513245220467278
BG03568	0.4180233910530584	0.4418545194691432
BG03569	0.37693502182564215	0.40158133745187985
BG03570	0.4562114541137614	0.4662933709981956
BG03571	0.45676678730319714	0.44832153162989236
BG03572	0.4328308790400489	0.448459841028016
BG03573	0.38063375042697783	0.34263638668792995
BG03574	0.37884620623607723	0.375512111502522
BG03575	0.4365379900291497	0.4617668816050595
BG03576	0.4651386970835576	0.4649312329863724
BG03577	0.3936013042995363	0.4102151968498987
BG03578	0.40217020019237587	0.41187910082126444
BG03579	0.4053115000073345	0.4267662214920231
BG03580	0.4020172216156633	0.40363083126043864
BG03581	0.39784279250866	0.33999593454193394
BG03582	0.4305592519557158	0.43635148190137696
BG03583	0.4452242393507002	0.45300728639056476
BG03584	0.3814091212952465	0.3694474539544963
BG03585	0.36053488016328894	0.3742296061744667
BG03586	0.3221330662145765	0.3268230121691315
BG03587	0.41526139428446884	0.4316112416202318
BG03588	0.45001686955537734	0.45726973056910114
BG03589	0.3849255329626921	0.37864293333277455
BG03590	0.4258881663736323	0.4094901203082204
BG03591	0.34059108407325367	0.33688187748721166
BG03592	0.35494801871787185	0.3415843970234142
BG03593	0.4735378496241546	0.4688667640420712
BG03594	0.4175875068892748	0.42394554800907813
BG03595	0.40864769033783116	0.38082654534557436
BG03596	0.4312633725279814	0.4400187765485938
BG03597	0.40825790930675543	0.4173276528685578
BG03598	0.4213218606386122	0.4178431697161095
BG03599	0.35494801871787185	0.35558298459107573
BG03600	0.453323721528696	0.469290074624207
BG03601	0.38524406369776454	0.4066610644375104
BG03602	0.4222103937417092	0.35723431498079383
BG03603	0.4033584036580739	0.3840663382167726
BG03604	0.39784279250866	0.421116492138368
BG03605	0.32473370201868845	0.3598077080246694
BG03606	0.40596742184995116	0.40876504376654216
BG03607	0.42047733507128177	0.39044114411210606
BG03608	0.4142596989465433	0.4285474788920999
BG03609	0.46697234440716606	0.465911972354885
BG03610	0.3405994664610187	0.3652353041025501
BG03611	0.44311606882778587	0.4576720851818244
BG03612	0.4682569453321625	0.4459409335046134
BG03613	0.43312426261182635	0.4012753802984549
BG03614	0.5171765603290925	0.5122120911752315
BG03615	0.4205884017091688	0.42439400575450914
BG03616	0.4749817159166873	0.4719598651273808
BG03617	0.40032817048100233	0.3868618645364225
BG03618	0.41365616702745867	0.3807427214679236
BG03619	0.45936532751036796	0.4480239568642325
BG03620	0.4429065091336592	0.4429065091336592
BG03621	0.3301382465302153	0.3418945453707215
BG03622	0.41071394892192004	0.3354317244038551
BG03623	0.43575214117617467	0.42810321234055126
BG03624	0.40753283276507735	0.40782202514297217
BG03625	0.34957700375740525	0.3590910138707562
BG03626	0.4145614649060858	0.42306958848762866
BG03627	0.2283802502561867	0.38314846675649794
BG03628	0.4692649274609118	0.48794088740148056
BG03629	0.3763775930392651	0.3389062241324752
BG03630	0.25219042270285896	0.3436171260564428
BG03631	0.41643283297463685	0.44310768644002074
BG03632	0.46274762097357236	0.44966271367230304
BG03633	0.4293060849848383	0.4472402036081987
BG03634	0.49414385434763014	0.4616034250436407
BG03635	0.4314289246863414	0.40980026865552777
BG03636	0.40592131871724324	0.36250264569113844
BG03637	0.3180801817301667	0.3492039875018599
BG03638	0.43262131934592224	0.3631019864163406
BG03639	0.45378475285577474	0.4455092405347126
BG03640	0.41509374652916753	0.4510499988474215
BG03641	0.40830610803640466	0.4216403913736847
BG03642	0.38564851390742905	0.4203830332089246
BG03643	0.37555611903828867	0.33012148175468525
BG03644	0.4577747694319465	0.499336743568089
BG03645	0.354839047676926	0.35940954460582875
BG03646	0.38597752262720797	0.43039998658817946
BG03647	0.4361691649674868	0.4358820681865332
BG03648	0.4137274173234617	0.4044606876491803
BG03649	0.3751684336041543	0.3547028338757436
BG03650	0.4113300544226526	0.4199094283001984
BG03651	0.4137525644867568	0.38474531162574316
BG03652	0.462823062463458	0.4399098055076478
BG03653	0.3750468889815608	0.3890622413247526
BG03654	0.4093203769559778	0.4091296776343224
BG03655	0.3617272748228696	0.3473556709996625
BG03656	0.35221745590340137	0.38067985355968564
BG03657	0.40995115163529905	0.40051677420571635
BG03658	0.38030683730414017	0.34697846355023465
BG03659	0.4104561904981443	0.4108648319016913
BG03660	0.43751663380072137	0.44601218380061647
BG03661	0.401566668273291	0.4061497387838412
BG03662	0.3814447464432481	0.4089997506239639
BG03663	0.46405527346492276	0.43944877418056916
BG03664	0.45400688613154894	0.40239442906509126
BG03665	0.4515445597255606	0.44560144680012825
BG03666	0.416212795295804	0.4154499980091829
BG03667	0.32337365960380643	0.31831069739370615
BG03668	0.3163073067178552	0.3163869394016232
BG03669	0.44899421824803903	0.43392897183727264
BG03670	0.4071430517340017	0.4396331867114005
BG03671	0.49077623006301463	0.4478646914966963
BG03672	0.4336188234899653	0.40552525089534364
BG03673	0.3974718718500557	0.366672883604259
BG03674	0.44167010693831193	0.4370556024736426
BG03675	0.4053115000073345	0.3848584738605716
BG03676	0.39188081921075624	0.4171725786949041
BG03677	0.40646826951891385	0.38608649366815384
BG03678	0.4875238636101686	0.4832509414469258
BG03679	0.4570266413239143	0.46045084672594405
BG03680	0.45183584770039664	0.46768484736719673
BG03681	0.4089473607004323	0.3999048598988665
BG03682	0.4261815499454097	0.41853052551284503
BG03683	0.4296518584801473	0.4372442061983567
BG03684	0.3684352806318643	0.3390403423367162
BG03685	0.38910834445746045	0.4242892259074458
BG03686	0.46293203350440393	0.4476341758331571
BG03687	0.3816731665098462	0.38253655244964796
BG03688	0.4510919107862469	0.44387886611440697
BG03689	0.3609665731331898	0.3658136888583396
BG03690	0.40683919017751796	0.39996772780710454
BG03691	0.41638044305110516	0.382394051857642
BG03692	0.4758073811115465	0.41876942356414937
BG03693	0.441489885601363	0.4568128904359051
BG03694	0.4405762053349706	0.4514481622662623
BG03695	0.45517622922477585	0.4667544023252742
BG03696	0.3525234130568262	0.32461006179915375
BG03697	0.38926551422805544	0.39917140096942316
BG03698	0.4511275359342485	0.4657024126607584
BG03699	0.4251337514747764	0.43321227768335935
BG03700	0.44898583586027396	0.391949973909818
BG03701	0.43916377299655696	0.43237823010073523
BG03702	0.315584325773118	0.30120643515908707
BG03703	0.33344928969741666	0.3356957696184546
BG03704	0.4651303146957926	0.4519511055321663
BG03705	0.43248720114168115	0.4267662214920231
BG03706	0.37241691482027117	0.3715472420896455
BG03707	0.34504632317038664	0.37388173708221645
BG03708	0.4664589231565557	0.46234526636084927
BG03709	0.37898661123114225	0.3986223545708113
BG03710	0.47082405158521423	0.47265560331188144
BG03711	0.4137588512775807	0.4314268290894003
BG03712	0.38737947698091535	0.338063794162086
BG03713	0.4520265470220519	0.44413452894124145
BG03714	0.45573784920503535	0.4729322221081286
BG03715	0.45437151999932945	0.395893887353282
BG03716	0.27804380216726643	0.2798439199398145
BG03717	0.44899421824803903	0.4123485145361081
BG03718	0.45662638230813235	0.4450649739831639
BG03719	0.37560850896182024	0.3662914849609485
BG03720	0.3718594860338942	0.3695354690260294
BG03721	0.3866020105157054	0.3527748846897783
BG03722	0.44793175059881685	0.447344983455262
BG03723	0.46582186168641065	0.4576469380185294
BG03724	0.3722387890802634	0.3859523754639128
BG03725	0.42054020297951966	0.4008059665836111
BG03726	0.3849443933351634	0.38602781695379845
BG03727	0.3823584267096403	0.3828844215418983
BG03728	0.4181114061245916	0.36028969532116073
BG03729	0.4296518584801473	0.4244568736627472
BG03730	0.44073337510556565	0.44715637973054806
BG03731	0.39067375537258664	0.37582645104371204
BG03732	0.4566934414102528	0.46568983907911077
BG03733	0.4368753811366937	0.44305320091954803
BG03734	0.42898126745894194	0.40198369206460294
BG03735	0.31998298375283696	0.31750598816825965
BG03736	0.4811029545821275	0.49040950059829286
BG03737	0.2927905178429602	0.2767801572116826
BG03738	0.42194006173628595	0.43160705042634906
BG03739	0.32650448143405886	0.3285288280793225
BG03740	0.41779916218034285	0.41292689929189774
BG03741	0.4846633737853395	0.47401774132370467
BG03742	0.3835696817416925	0.3728423209993482
BG03743	0.3417289932123615	0.3221372574084591
BG03744	0.42215800381817753	0.43743700111695305
BG03745	0.45484302931111437	0.4428687883887164
BG03746	0.43040417778206197	0.4368460427795159
BG03747	0.44527872487117315	0.45802833666183973
BG03748	0.4246622421629913	0.4268416629819088
BG03749	0.261949617658338	0.2863151232944461
BG03750	0.4478646914966963	0.4130568263022562
BG03751	0.47160151805042416	0.4594365778063709
BG03752	0.4498156922490155	0.4471102765978403
BG03753	0.4059778998346574	0.4209362708014192
BG03754	0.42416558568791113	0.3979559547434883
BG03755	0.4154332332336528	0.3830101573583743
BG03756	0.46306615170864496	0.4780454786448193
BG03757	0.322474648516003	0.28131502899258365
BG03758	0.38480817953398117	0.35318143049638406
BG03759	0.4672636323820021	0.45844745605009307
BG03760	0.3502224476153154	0.34078807018573276
BG03761	0.4173486088379704	0.37490019719567214
BG03762	0.3882742968748361	0.3610566838016644
BG03763	0.21979039839393447	0.25660374986116663
BG03764	0.4401088872170683	0.4246287126119311
BG03765	0.3319069303486443	0.34152991150294115
BG03766	0.4135031884507462	0.42994733764886595
BG03767	0.45928150363271714	0.46805367242885965
BG03768	0.4486861654976727	0.42310730923257145
BG03769	0.4225163508951342	0.44016965952836495
BG03770	0.46019727949605094	0.4429274651030718
BG03771	0.36993782363875266	0.3137883991944525
BG03772	0.4158355878463759	0.36279602926291576
BG03773	0.4442497867730111	0.45420177664708683
BG03774	0.3817087916578477	0.42846365501444894
BG03775	0.4617480212325882	0.45441133634121345
BG03776	0.4211625952710759	0.4268584277574388
BG03777	0.4621231330850749	0.4549981034847682
BG03778	0.4046555781647181	0.3921553424100621
BG03779	0.40878599973595475	0.4220092164353477
BG03780	0.3570792408071401	0.35399033091571297
BG03781	0.3475296055457877	0.36529398081690556
BG03782	0.41328105517497177	0.4346498571850683
BG03783	0.45824208754984896	0.45707274445662216
BG03784	0.4535898623402369	0.45060992348975565
BG03785	0.4394362005989215	0.4448637966768023
BG03786	0.29627968675016925	0.3017806287209942
BG03787	0.37813370327604673	0.3420454283504927
BG03788	0.43084634873666944	0.39925103365319115
BG03789	0.38922360228923003	0.3843764865640802
BG03790	0.38926551422805544	0.37498402107332285
BG03791	0.45336982466140385	0.438191416015809
BG03792	0.40548333895651845	0.42843850785115395
BG03793	0.4216299133889784	0.4150224962331644
BG03794	0.4019774052737792	0.409762547910585
BG03795	0.4349893438895535	0.43851832913864675
BG03796	0.4305278180015968	0.428321154422443
BG03797	0.431158592680918	0.422805543273029
BG03798	0.34761971621426224	0.3536927561500531
BG03799	0.42394554800907813	0.43857281465911957
BG03800	0.43419720824575486	0.4316908743039999
BG03801	0.3863107225408693	0.3776160908315538
BG03802	0.4569637734156763	0.4744326695180756
BG03803	0.3753528461349857	0.3890329029675747
BG03804	0.38169202688231757	0.39723926058957526
BG03805	0.3373890119469981	0.3585880706048521
BG03806	0.3290422493299328	0.33744768866135366
BG03807	0.44858138565060945	0.4467917458627676
BG03808	0.4075915094794328	0.3681565662386759
BG03809	0.3398303823835738	0.3404066715424221
BG03810	0.2886077063481918	0.2615912705813814
BG03811	0.4429065091336592	0.43057182553736334
BG03812	0.37393203140880693	0.38798510449694135
BG03813	0.36367827557518895	0.4038152437912701
BG03814	0.3402348325932383	0.3361358449761207
BG03815	0.5218518371050587	0.5225266193201463
BG03816	0.40806930558204146	0.38534884354482796
BG03817	0.3947517870202916	0.39694587701779793
BG03818	0.40785136350014983	0.3613500673734415
BG03819	0.3976940051258301	0.3809145604171076
BG03820	0.4181952300022424	0.41917177817687257
BG03821	0.4598703663732132	0.36539037827620385
BG03822	0.3884377534362551	0.37552049389028697
BG03823	0.41608286828544544	0.386425980372639
BG03824	0.39365369422306784	0.3786722716899522
BG03825	0.37551630269640457	0.38156838666278275
BG03826	0.36150723714403665	0.3837436162878176
BG03827	0.4871759945179184	0.4820899807414641
BG03828	0.37691406585622944	0.34857111722559725
BG03829	0.4339184938525663	0.43806148900545056
BG03830	0.31549840629852616	0.29740921350151217
BG03831	0.44307415688896057	0.44056363175332297
BG03832	0.4353707425328641	0.43804472422992047
BG03833	0.47050971204402414	0.46218180979943047
BG03834	0.41425131655877834	0.41364778463969354
BG03835	0.4401088872170683	0.42761703385017735
BG03836	0.45247081357360047	0.467538155581308
BG03837	0.47022680645695336	0.4151901439884659
BG03838	0.39711562037004045	0.3872223072103204
BG03839	0.43389753788315366	0.4384680348120564
BG03840	0.3849297241565746	0.38691635005689545
BG03841	0.387737824057872	0.38282993602142534
BG03842	0.4448805614523325	0.4214811260061484
BG03843	0.26444966480926924	0.27911046101037107
BG03844	0.41526977667223386	0.41275506034271386
BG03845	0.4348049313587221	0.42750387161534903
BG03846	0.42443382209639324	0.4180527294102361
BG03847	0.3931444641663401	0.38802282524188425
BG03848	0.3520770509083365	0.3362322424354189
BG03849	0.4426885670517675	0.46563535355863794
BG03850	0.4343879075674101	0.41859758461496543
BG03851	0.37025216317994264	0.3456037519567636
BG03852	0.4132328564453227	0.42426826993803324
BG03853	0.3792820903998607	0.3476532457653225
BG03854	0.42072461551035123	0.44384952775722936
BG03855	0.3581144656961258	0.34126167509445904
BG03856	0.3666204936807274	0.32505013715681963
BG03857	0.36256132240549377	0.38051220580438433
BG03858	0.4028491736013461	0.37915425898644345
BG03859	0.4350815501549693	0.4267201183593152
BG03860	0.38359482890498764	0.3690576729234205
BG03861	0.4188197178907397	0.4357018468495843
BG03862	0.38844404022707885	0.37732689845365897
BG03863	0.39212181285900194	0.3721549652026127
BG03864	0.3954894371436174	0.3522887061994044
BG03865	0.4310810555940912	0.4482628549155369
BG03866	0.46011136002145875	0.43984274640552723
BG03867	0.43999991617612233	0.4340882372048088
BG03868	0.33168898826675275	0.2946765550901002
BG03869	0.44141444411147734	0.4033206829131312
BG03870	0.3598077080246693	0.3670542822475696
BG03871	0.48567345151103014	0.47790297805281334
BG03872	0.35929428677405906	0.3410311594309197
BG03873	0.3519974182245683	0.39134225079685064
BG03874	0.2818934137483733	0.2983983352577899
BG03875	0.4245029767954551	0.4284846109838618
BG03876	0.4098924749209435	0.39156438407262506
BG03877	0.43385143475044585	0.40168611729894294
BG03878	0.41964747868254004	0.41904604236039666
BG03879	0.4002799717513533	0.39323667043175575
BG03880	0.36173356161369347	0.377687341127557
BG03881	0.41725221137867224	0.43230278861084975
BG03882	0.4427325745875341	0.42934380572978126
BG03883	0.4033584036580739	0.3895651845906565
BG03884	0.4237653266721293	0.42469158052016914
BG03885	0.41517547480987693	0.42990961690392304
BG03886	0.4356075449872273	0.41980045725925264
BG03887	0.37565461209452805	0.4150937465291676
BG03888	0.33188597437923173	0.3550926149068193
BG03889	0.35584493420873403	0.35115289265723787
BG03890	0.48064611444893135	0.47486855368185904
BG03891	0.332311380558309	0.3239436619718309
BG03892	0.4290420397702387	0.45862348619315957
BG03893	0.36416654966250406	0.35386878629311946
BG03894	0.436296996380904	0.4449937236871608
BG03895	0.42134072101108355	0.4166151499085272
BG03896	0.32022188180414124	0.28501166199697814
BG03897	0.4571544727373315	0.4646671877717726
BG03898	0.45676678730319714	0.4099637252169466
BG03899	0.45468795513746074	0.4571272299770951
BG03900	0.3950011630563024	0.38139235651971637
BG03901	0.36525626007196277	0.3406078488487838
BG03902	0.45745623869687396	0.4608406277570197
BG03903	0.4467372603422948	0.43912186105773154
BG03904	0.40020872145535014	0.39309416983974976
BG03905	0.3108231295225601	0.3023464398951363
BG03906	0.3974676806561734	0.37280879144828794
BG03907	0.44580681530037236	0.4503794078262163
BG03908	0.41407528641571195	0.3942257921880338
BG03909	0.3530808418432032	0.33784585208019424
BG03910	0.42622346188423493	0.4203872244028073
BG03911	0.449088520110396	0.4675884499078985
BG03912	0.3961181162259976	0.4038906852811557
BG03913	0.3637076139323666	0.3661489843689424
BG03914	0.4460478089486182	0.44458717788055513
BG03915	0.426026475771756	0.36730156268663905
BG03916	0.4958391922731149	0.4677141857243745
BG03917	0.4134424161394494	0.43169506549788234
BG03918	0.47552866671835803	0.46492704179249
BG03919	0.3672470771661661	0.3457462525487698
BG03920	0.4071430517340017	0.42159847943485945
BG03921	0.4848519775100536	0.4170929460111359
BG03922	0.34581750284477286	0.33277450748232884
BG03923	0.42541875265878865	0.4276421810134725
BG03924	0.4124365296076414	0.42964138049544087
BG03925	0.2827735644637053	0.29575369191791123
BG03926	0.4232393318398713	0.4230863532631588
BG03927	0.44600170581591014	0.47198501229067596
BG03928	0.4752248051618744	0.4845921234893365
BG03929	0.3625277928544336	0.3975787472940604
BG03930	0.3481310418679313	0.2948190556821064
BG03931	0.4431684587513176	0.4228264992424417
BG03932	0.3570792408071401	0.317744886219564
BG03933	0.36034627643857486	0.3673392834315819
BG03934	0.48281296168620097	0.46703102112152145
BG03935	0.37894889048619934	0.383496335848748
BG03936	0.4288366712699947	0.42086082931153357
BG03937	0.3513582611574819	0.33067891054106224
BG03938	0.43534140417568634	0.469487060736686
BG03939	0.43419930384269606	0.41807787657353135
BG03940	0.4257750041388039	0.40000963974592973
BG03941	0.412394617668816	0.4139369770175883
BG03942	0.4468147974291217	0.4211500216894283
BG03943	0.4790911815185115	0.49161656443646246
BG03944	0.3643782049535721	0.3672680331355787
BG03945	0.41707408563866455	0.4465444654236982
BG03946	0.4354126544716896	0.43690471949387144
BG03947	0.39478322097441065	0.41281792825095187
BG03948	0.34510080869085963	0.3418107214930709
BG03949	0.41150189337183635	0.4106468898197996
BG03950	0.4021240970596679	0.41096122936098967
BG03951	0.38897213065627806	0.3657759681133969
BG03952	0.4120718957398609	0.44443629490078396
BG03953	0.367976344901727	0.3289228003042806
BG03954	0.36882296606599874	0.378135798872988
BG03955	0.3824401549903497	0.36988333811827967
BG03956	0.44065793361568006	0.4192388372789932
BG03957	0.40961376052775517	0.4188197178907397
BG03958	0.46008830845510496	0.4335349996123145
BG03959	0.3632863989471721	0.37957337837469685
BG03960	0.400663465991605	0.3993139015614292
BG03961	0.4550001990817094	0.4555052379445548
BG03962	0.28408750374587954	0.27810038328468045
BG03963	0.3939407910040214	0.3929181396966833
BG03964	0.40791632700532904	0.3630516920897502
BG03965	0.41573290359625403	0.42528673005148876
BG03966	0.33426657250451075	0.3354484891793851
BG03967	0.4387718963685401	0.4256932758580945
BG03968	0.39428656449933047	0.43017366211852276
BG03969	0.353692756150053	0.34469007169037136
BG03970	0.40118317403303916	0.42363120846788815
BG03971	0.4700088643750616	0.45010278902996914
BG03972	0.43089664306325975	0.41996810501455395
BG03973	0.44933160935558286	0.42896240708647054
BG03974	0.3337720116263718	0.3393379171023762
BG03975	0.49144472548727863	0.46692205008057575
BG03976	0.3305741306939989	0.3241448392781926
BG03977	0.4322545898812006	0.4458235800759025
BG03978	0.3338348795346097	0.2984486295843801
BG03979	0.4206889903623497	0.4433591580729728
BG03980	0.4515068389806178	0.4715407457391276
BG03981	0.48132718345484293	0.5088214153242622
BG03982	0.44979683187654423	0.46351041826019346
BG03983	0.48317340436009903	0.47843106848201244
BG03984	0.4312214605891561	0.45263007894113666
BG03985	0.3951709064085449	0.3636133120700096
BG03986	0.3974676806561734	0.3800050713445978
BG03987	0.41659419393911445	0.398102646529377
BG03988	0.3970108405229772	0.38271677378659696
BG03989	0.41179737254055493	0.40057964211395425
BG03990	0.4283463015857382	0.4175455949504496
BG03991	0.39053544597446305	0.36966958723027044
BG03992	0.4302658683839385	0.42206370195582055
BG03993	0.4589084873771718	0.4580618662129
BG03994	0.44922892510546086	0.4608322453692546
BG03995	0.5171765603290925	0.5025430068882272
BG03996	0.3741164439396385	0.4071472429278842
BG03997	0.41517966600375944	0.39634653629259564
BG03998	0.46216294942695896	0.44576490336154695
BG03999	0.4102256748346049	0.3857973012902591
BG04000	0.36999440475616674	0.3628002204567981
BG04001	0.42134491220496606	0.41236947050552086
BG04002	0.4264581687416569	0.4259279827155163
BG04003	0.48771037173794135	0.49038435343499764
BG04004	0.43960175275728164	0.4489208723550946
BG04005	0.36898642262741743	0.3647407432244111
BG04006	0.4490424169776881	0.4473617482307922
BG04007	0.3300146063106806	0.32941736118241954
BG04008	0.45599770322575234	0.4580953957639603
BG04009	0.4347022471086001	0.40202141280954584
BG04010	0.44484074511044847	0.4445662219111425
BG04011	0.42545437780679013	0.42021538545362336
BG04012	0.4226630426810229	0.4001228019807582
BG04013	0.4500524947033787	0.44724858599596384
BG04014	0.42711199498733204	0.4242682699380331
BG04015	0.40715981650953176	0.36822362534079633
BG04016	0.44317474554214137	0.44151084157077547
BG04017	0.4495411690497096	0.4958370966761736
BG04018	0.4204333275355152	0.42158590585321176
BG04019	0.4236961719730672	0.4251442294594826
BG04020	0.45004411231561364	0.4218918630066367
BG04021	0.4170992328019597	0.40842136586817424
BG04022	0.38709238019996184	0.36795958012619684
BG04023	0.4170573208631344	0.4206386960357592
BG04024	0.40124394634433586	0.3935090980341206
BG04025	0.3746571079504851	0.34561213434452864
BG04026	0.49439742157752337	0.504843972329738
BG04027	0.3293880228252418	0.33960196231697565
BG04028	0.38392174202782525	0.39518976678101647
BG04029	0.3814803715912496	0.38069242714133317
BG04030	0.36637321324165795	0.40254112085097987
BG04031	0.4544029539534484	0.44576909455542957
BG04032	0.40533036037980597	0.4121682931991592
BG04033	0.45336982466140385	0.4541975854532042
BG04034	0.3929118529058595	0.3803110284980227
BG04035	0.4299096169039232	0.44758388150656647
BG04036	0.47782544096598634	0.4805476213926917
BG04037	0.3623308067419545	0.35315209213920634
BG04038	0.3787246616134839	0.3912290885620223
BG04039	0.45247081357360047	0.4165858115513495
BG04040	0.45030396633633063	0.4589797376731748
BG04041	0.4768237456280609	0.49299965841769866
BG04042	0.4277260048911232	0.39125004453143514
BG04043	0.4875532019673463	0.43309492425464857
BG04044	0.45731792929875037	0.4634894622907808
BG04045	0.35093704617228727	0.33329421552376304
BG04046	0.3803969479726147	0.4009275112062045
BG04047	0.43687118994281116	0.43619221653384066
BG04048	0.44058249212579437	0.44609181648438456
BG04049	0.3542019862067809	0.3355029746998582
BG04050	0.4611235333440907	0.47171677588219396
BG04051	0.4502557676066816	0.4003155968993547
BG04052	0.42534540676584426	0.4024279586161515
BG04053	0.3755791706046424	0.3489273687056126
BG04054	0.3918682456291086	0.40078920180808114
BG04055	0.45284382982914595	0.46250453172838535
BG04056	0.464417811735762	0.45721524504862837
BG04057	0.37461519601165993	0.3551596740089399
BG04058	0.4311062027573864	0.4387739919654812
BG04059	0.4021240970596679	0.4360832454928949
BG04060	0.4536087227127083	0.44604571335167675
BG04061	0.38745910966468355	0.39192901794040536
BG04062	0.37580130388041677	0.3934462301258824
BG04063	0.36277926448738557	0.3546776867124485
BG04064	0.3520225653878636	0.3315255317053339
BG04065	0.3550171734169336	0.36096447753624855
BG04066	0.4353665513389816	0.3990205179896519
BG04067	0.4284804197899792	0.4539293490447221
BG04068	0.38351100502733704	0.3168102499837592
BG04069	0.38234166193411023	0.40056287733842433
BG04070	0.43273029038686806	0.4410372366620493
BG04071	0.41993247986655236	0.4108103463812183
BG04072	0.42001420814726176	0.428643876351398
BG04073	0.45430236530026746	0.4706480214421479
BG04074	0.43586320781406185	0.4237359883149514
BG04075	0.40209685429943137	0.3882449585176585
BG04076	0.42145807443979455	0.4354671399921624
BG04077	0.28115576362504735	0.28836461710300487
BG04078	0.46153427034457895	0.45549266436290703
BG04079	0.4260139021901084	0.38449803118667375
BG04080	0.3878656554712892	0.3396480654496835
BG04081	0.42712037737509717	0.3671925916456932
BG04082	0.4097269227625836	0.40257045920815765
BG04083	0.37218220796284934	0.3829053775113109
BG04084	0.486222497909642	0.4683261000312242
BG04085	0.463963067199507	0.44584453604531515
BG04086	0.42983836660792	0.4491178584675737
BG04087	0.4349914394864949	0.3468653013154061
BG04088	0.31000584671546605	0.3079039629833756
BG04089	0.28434735776659664	0.2680876210993083
BG04090	0.408151033862751	0.4517247810625097
BG04091	0.4279879545087816	0.3958561666083393
BG04092	0.4466178113166426	0.4542604533614423
BG04093	0.41964747868254004	0.396468080915189
BG04094	0.42275734454338	0.3911284999088416
BG04095	0.4418084163364354	0.4332583808160672
BG04096	0.46355233019901887	0.4474371897206779
BG04097	0.5042152932473579	0.5048313987480906
BG04098	0.41211799887256884	0.3816857400914937
BG04099	0.4658742516099424	0.45448677783109903
BG04100	0.45004411231561364	0.45217743000182326
BG04101	0.36137731013367813	0.33609812423117785
BG04102	0.44142073090230116	0.42829181606526523
BG04103	0.4142366473801895	0.4214434052612057
BG04104	0.3104396352823083	0.2955441322237846
BG04105	0.43532673499709756	0.4071640077034144
BG04106	0.4035302426072579	0.4182622891043627
BG04107	0.32682091657219015	0.30299607494692904
BG04108	0.4004497151035957	0.39904147395906453
BG04109	0.4824839529664222	0.4831168232426848
BG04110	0.4067616530906911	0.4283337280040906
BG04111	0.3748540940629643	0.34658030013139407
BG04112	0.4764716853419281	0.4761762061732095
BG04113	0.42574357018468495	0.4493567565188783
BG04114	0.43387448631679976	0.43884524226148436
BG04115	0.4020528467636648	0.4057096634261752
BG04116	0.45601237240434117	0.461268129533038
BG04117	0.3905752623163472	0.4035386249950229
BG04118	0.4880351892638376	0.43941105343562625
BG04119	0.45901117162729377	0.486591322971305
BG04120	0.3714990433599963	0.36002565010656107
BG04121	0.3890957708758128	0.32893956507981076
BG04122	0.2925243770314193	0.32030151448790944
BG04123	0.47780867619045625	0.48310005846715465
BG04124	0.5026100659903476	0.50572412304507
BG04125	0.39159581802674404	0.38800186927247143
BG04126	0.4029749094178222	0.37767476754590923
BG04127	0.37057069391501507	0.373697324551385
BG04128	0.3901435693464462	0.39863492815245893
BG04129	0.390935704990245	0.3997623593068605
BG04130	0.3624418733798417	0.36400309310108525
BG04131	0.4507838580358807	0.4509410278064757
BG04132	0.464426194123527	0.46966309087975266
BG04133	0.44204940998468106	0.451972061501579
BG04134	0.37776068702050125	0.3575067425831585
BG04135	0.4149198119830424	0.428840862463877
BG04136	0.3829766278073141	0.35241444201588046
BG04137	0.37466549033825036	0.37937639226221787
BG04138	0.41570985202989996	0.4379734739339174
BG04139	0.426569235379544	0.39036570262222037
BG04140	0.4072855523260078	0.4133041067413259
BG04141	0.4396227087266943	0.44015289475283476
BG04142	0.5090037322581522	0.5051960326158709
BG04143	0.4417162100710197	0.4526091229717241
BG04144	0.34959376853293544	0.34671860952951755
BG04145	0.3782573434955813	0.3640743433970883
BG04146	0.39348814206470784	0.38678642304653676
BG04147	0.31822268232217277	0.28429496784306485
BG04148	0.43265904009086503	0.42376951786601164
BG04149	0.36697255396686024	0.38081816295780924
BG04150	0.44793175059881685	0.44464166340102806
BG04151	0.45533339899537073	0.41454050893667316
BG04152	0.4324327156212082	0.40130890984951517
BG04153	0.4848100655712283	0.4871906636965073
BG04154	0.4149659151157502	0.3868450997608923
BG04155	0.4157790067289618	0.4353623601450991
BG04156	0.4246790069385214	0.3889867998348669
BG04157	0.45172058986862684	0.45179603135851265
BG04158	0.4412111712081745	0.44009840923236176
BG04159	0.4107558608607455	0.43044189852700493
BG04160	0.2980756133288347	0.3048234354797135
BG04161	0.4465989509441712	0.46286497440228336
BG04162	0.42015461314232666	0.44967947844783324
BG04163	0.3994626889442592	0.40493429255790675
BG04164	0.4304125601698271	0.42416349009096976
BG04165	0.4247984559641736	0.4252615828881936
BG04166	0.42642254359365533	0.42864387635139806
BG04167	0.3919939814455846	0.3934462301258824
BG04168	0.37647399049856345	0.3669033992677984
BG04169	0.4619491985389497	0.46400078794445
BG04170	0.4433549668790903	0.3955208710977366
BG04171	0.3669704583699189	0.37393203140880693
BG04172	0.36444316845875124	0.38663134887288314
BG04173	0.3527266859601291	0.36367617997824775
BG04174	0.42329800855422667	0.40606591490619065
BG04175	0.46897363948607573	0.4802542378209146
BG04176	0.4367014465905684	0.4345157389808273
BG04177	0.40038265600147527	0.38714267452655227
BG04178	0.38756179391480555	0.4212045072099012
BG04179	0.47151978976971476	0.47838915654318703
BG04180	0.3245220467276206	0.29866238047238935
BG04181	0.4167220253525318	0.439494877313277
BG04182	0.4133942174098002	0.3717903313348323
BG04183	0.4318731912378901	0.38308559884826
BG04184	0.40097570993585374	0.37242739280497744
BG04185	0.35414540508936665	0.33975703649062955
BG04186	0.4139076386604106	0.39546638557726355
BG04187	0.40677422667233876	0.36598552780752364
BG04188	0.43447382704200205	0.4401780419161302
BG04189	0.42004773769832204	0.38933047773323465
BG04190	0.43430198809281817	0.43120469581362597
BG04191	0.4413096642644141	0.40720172844835717
BG04192	0.4672636323820021	0.4480700599969404
BG04193	0.3515824900301976	0.3838609697165285
BG04194	0.38606972889262364	0.35671460693935975
BG04195	0.4091611115884415	0.40894945629737356
BG04196	0.4693340821599735	0.43388705989844734
BG04197	0.4174345283125624	0.4309574153745564
BG04198	0.3576722947415185	0.3907512924594135
BG04199	0.45035635625986237	0.44021157146719025
BG04200	0.4537491277077732	0.45519508959724714
BG04201	0.34295072622911993	0.3518612044233861
BG04202	0.42289984513538603	0.42538312751078716
BG04203	0.34702875787682497	0.3597657960858439
BG04204	0.43385143475044585	0.4474036601696176
BG04205	0.40528635284403935	0.4219463485271096
BG04206	0.4571544727373315	0.46820874660251344
BG04207	0.39244872598183966	0.37521872793074473
BG04208	0.46019727949605094	0.4589168697649369
BG04209	0.38500097445257764	0.3489734718383205
BG04210	0.3931591333449289	0.39422998338191617
BG04211	0.43718762508094233	0.41677022408218095
BG04212	0.3991211066428328	0.3923146077775984
BG04213	0.41465367117150154	0.4219756868842873
BG04214	0.4279711897332515	0.455287295862663
BG04215	0.4276212250440599	0.4216697297308625
BG04216	0.3889930866256907	0.39127938288861275
BG04217	0.4355509638698132	0.42480055156111496
BG04218	0.3995590864035574	0.40428046631223147
BG04219	0.3808768396721649	0.4203117829129217
BG04220	0.41293947287354543	0.39244872598183944
BG04221	0.45927102564801103	0.46117173207373974
BG04222	0.36320676626340387	0.37727660412706865
BG04223	0.30621700744565583	0.2713316051643891
BG04224	0.3952400611076068	0.41193777753561994
BG04225	0.40370627275032417	0.40935181091009665
BG04226	0.44866311393131886	0.46503601283343565
BG04227	0.41789555963964115	0.4234132663859964
BG04228	0.3757237667935899	0.33758180686559464
BG04229	0.4357961487119413	0.4278978438403072
BG04230	0.41756235972597966	0.42737813579887285
BG04231	0.37757208329578723	0.37131253523222346
BG04232	0.4559516000930446	0.4266572504510772
BG04233	0.3872055424347902	0.3727375411522849
BG04234	0.32203666875527825	0.35183605726009076
BG04235	0.4892443486989486	0.48632727775670526
BG04236	0.4292662686429543	0.4308568267213759
BG04237	0.44757340352186015	0.4379022236379143
BG04238	0.44628880259686377	0.44009421803847937
BG04239	0.40904794935361305	0.4074364353057789
BG04240	0.371874155212483	0.36404500503991066
BG04241	0.376989507346115	0.41116659786123366
BG04242	0.41725221137867224	0.4334763228979591
BG04243	0.3663899780171881	0.3370076133036876
BG04244	0.4449119954064514	0.3791584501803261
BG04245	0.38382953576240963	0.3748792412262595
BG04246	0.46281468007569293	0.46149026280881233
BG04247	0.45169963389921436	0.43585692102323803
BG04248	0.4078911798420338	0.42453650634651535
BG04249	0.4118749096273819	0.3826078027456511
BG04250	0.4288136197036406	0.44996867082572795
BG04251	0.3300146063106806	0.338755341152704
BG04252	0.4452242393507002	0.43774714946426074
BG04253	0.41668640020453035	0.4479946185070547
BG04254	0.45985569719462416	0.44830057566047965
BG04255	0.46101037110926224	0.4624877669528551
BG04256	0.449394477263821	0.45615068180246476
BG04257	0.42642254359365533	0.3737057069391501
BG04258	0.43377808885750146	0.4350102998589664
BG04259	0.42057792372446245	0.43324580723441963
BG04260	0.41433094924254643	0.4201106056065601
BG04261	0.4082704828884032	0.40302310814747133
BG04262	0.4327491507593395	0.43244528920285585
BG04263	0.30722079838052263	0.32100144386629254
BG04264	0.45733678967122177	0.44732402748584965
BG04265	0.45573784920503535	0.476737826153469
BG04266	0.37930933316009724	0.3930019635743339
BG04267	0.4236668336158897	0.4322734502536718
BG04268	0.451972061501579	0.44883285728356154
BG04269	0.35897575603898646	0.3904662912754012
BG04270	0.46938228088962264	0.44821256058894654
BG04271	0.4347881665831921	0.39685367075238226
BG04272	0.4747239574929116	0.4782676119205936
BG04273	0.3894184928047678	0.3377159250698357
BG04274	0.3477140180766193	0.3449415433233233
BG04275	0.4261354468127019	0.4345995628584781
BG04276	0.3837897194205255	0.3689654666580047
BG04277	0.4245281239587502	0.4265985737367216
BG04278	0.42256664522172455	0.433916398255625
BG04279	0.35929428677405906	0.3333151714931756
BG04280	0.34779574635732863	0.33592209408811147
BG04281	0.3839762275482982	0.3897286411520754
BG04282	0.3857952056933177	0.3636133120700096
BG04283	0.4302868243533511	0.40093589359396975
BG04284	0.39639473502224476	0.39350071564635536
BG04285	0.4167660328882984	0.4464899799032252
BG04286	0.45528310466878036	0.45360243592188454
BG04287	0.4172920277205563	0.402046559972841
BG04288	0.399154636193893	0.3814929451728972
BG04289	0.4190041304215712	0.41335020987403365
BG04290	0.35003593948754275	0.34106888017586245
BG04291	0.470570484355321	0.42270914581373076
BG04292	0.4520307382159345	0.4128556489958948
BG04293	0.44461861183467416	0.43880752151654173
BG04294	0.37889440496572646	0.3665220006244878
BG04295	0.4433549668790903	0.4343145616744658
BG04296	0.3749337267467324	0.3883874591096646
BG04297	0.4414270176931249	0.4611926880431525
BG04298	0.42939410005637146	0.4357269940128796
BG04299	0.3939407910040214	0.3489399422872602
BG04300	0.4859333055317473	0.5064533907806308
BG04301	0.31813885844452217	0.34614441596761036
BG04302	0.36969473439356565	0.33671422973191023
BG04303	0.3527266859601291	0.3303855269692847
BG04304	0.3588416378347454	0.355616514142136
BG04305	0.4824902397572459	0.4711174351569918
BG04306	0.3988884953823521	0.3979349987740758
BG04307	0.5071176950110123	0.5404775027190369
BG04308	0.40616650355937134	0.4073316554587155
BG04309	0.46560601520146017	0.46664962247821096
BG04310	0.44178536477008146	0.4412803259072363
BG04311	0.49381065443396877	0.506872510168884
BG04312	0.4808221445919976	0.48563992195996986
BG04313	0.3842926626864295	0.3914554130316791
BG04314	0.43755854573954656	0.4267243095531978
BG04315	0.4361251574317202	0.4425628312352916
BG04316	0.4182057079869485	0.37386497230668636
BG04317	0.46472167329224556	0.47920643935028107
BG04318	0.3190483475170319	0.32257733276612516
BG04319	0.40183071348789046	0.40318656470888997
BG04320	0.4271685761047464	0.40447745242471045
BG04321	0.4137588512775807	0.3870714242305493
BG04322	0.40467443853718943	0.43301529157088026
BG04323	0.4441282421504177	0.4543149388819152
BG04324	0.44208922632656517	0.42680394223696577
BG04325	0.4100957478242465	0.4377806790153209
BG04326	0.39198140786393704	0.3666225892776687
BG04327	0.4325940765856858	0.4441680584923018
BG04328	0.38935562489652986	0.41614573619368356
BG04329	0.4190376599726314	0.40842136586817435
BG04330	0.408850963241134	0.4218918630066368
BG04331	0.3203727647839125	0.3185579778327755
BG04332	0.4555261939139673	0.45384552516707133
BG04333	0.4166717310259415	0.42498077289806385
BG04334	0.43904013277702225	0.4648348355270741
BG04335	0.4839131500803661	0.5006527784472045
BG04336	0.4054162798543979	0.41428484610983857
BG04337	0.3240442506250118	0.31800054904639863
BG04338	0.43046704569030003	0.41996391382067133
BG04339	0.4510458076535392	0.4481077807418832
BG04340	0.4246245214180486	0.4388955365880747
BG04341	0.4382500927301646	0.418978983258276
BG04342	0.428675310305517	0.404498408394123
BG04343	0.42631776374659197	0.4249598169286512
BG04344	0.4247900735764085	0.4486442535588475
BG04345	0.4438390497725229	0.42181223032286863
BG04346	0.47260950017917347	0.43873208002665587
BG04347	0.41534940935600206	0.4241215781521446
BG04348	0.47935732233005235	0.436296996380904
BG04349	0.4725466322709356	0.48357785456976354
BG04350	0.354839047676926	0.3069567531659231
BG04351	0.40242167182532773	0.4060742972939556
BG04352	0.4488789604162693	0.47033787309484043
BG04353	0.4504925700610447	0.43339249902030846
BG04354	0.45937370989813303	0.4512427937660183
BG04355	0.4215314203327389	0.47980158888160074
BG04356	0.4152634898814102	0.3957094748224505
BG04357	0.40050629622100997	0.4051061315070904
BG04358	0.4300479263020467	0.40451936436353575
BG04359	0.44473596526338505	0.4488328572835616
BG04360	0.39413987271344175	0.4014136896965784
BG04361	0.48941409205119135	0.4932427476628855
BG04362	0.45928359922965845	0.4723957492911643
BG04363	0.45324408884492784	0.4493190357739353
BG04364	0.45231154820606423	0.4399684822220033
BG04365	0.4244212485147457	0.43949068611939457
BG04366	0.4214748392153246	0.4352324331347406
BG04367	0.375197771961332	0.35876829194180104
BG04368	0.4343879075674101	0.4535898623402369
BG04369	0.39214696002229704	0.4404630431001423
BG04370	0.4266991623899026	0.4127173395977711
BG04371	0.41811769291541523	0.39921331290824846
BG04372	0.4084947117611187	0.3726998204073421
BG04373	0.45811006494254924	0.45395449620801737
BG04374	0.4080001508829797	0.4287235090351663
BG04375	0.5064659643622784	0.472290969444101
BG04376	0.4549457135612364	0.4032117118721853
BG04377	0.5149426539897022	0.4957239344413453
BG04378	0.45671439737966557	0.47367825461921953
BG04379	0.49066935461901	0.4823246875988859
BG04380	0.44320827509320154	0.44000620296694615
BG04381	0.4291593931989497	0.42708475222709563
BG04382	0.46649873949843973	0.4602203310624047
BG04383	0.4067616530906911	0.381853387846795
BG04384	0.38187015262232515	0.32473579761562976
BG04385	0.4550064858725332	0.47210236571938696
BG04386	0.40818246781686984	0.3873983373533868
BG04387	0.44018013751307117	0.4336733090104381
BG04388	0.41453631774279054	0.41428484610983857
BG04389	0.39788051325360285	0.39346299490141257
BG04390	0.4413767233665346	0.4462301258825083
BG04391	0.3742379885622319	0.3827377297560095
BG04392	0.3925556014258441	0.3750385065937956
BG04393	0.40380895700044633	0.3708389303234972
BG04394	0.37507832293567983	0.35628291396945877
BG04395	0.4219798780781699	0.38555002085118967
BG04396	0.4162400380560404	0.40735261142812834
BG04397	0.47238736690339916	0.46004010972545584
BG04398	0.4496962432233635	0.37707123562682443
BG04399	0.3927756391046772	0.3813127238359482
BG04400	0.3963255803231829	0.36158058303698104
BG04401	0.2209345943238662	0.26998623192809584
BG04402	0.41831677462483585	0.40723106680553495
BG04403	0.4748853184573891	0.4804051208006856
BG04404	0.44520747457517007	0.45529986944431067
BG04405	0.3927756391046772	0.36113631648543243
BG04406	0.401189460823863	0.4004455239097132
BG04407	0.43861472659794504	0.40596951744689225
BG04408	0.3914093098989712	0.39357196594235855
BG04409	0.3786513157205395	0.4095320322470457
BG04410	0.40220792093731855	0.39420483621862096
BG04411	0.4071116177798827	0.3743721067664729
BG04412	0.41608286828544544	0.4121934403624544
BG04413	0.4216299133889784	0.43908414031278886
BG04414	0.4638457137707962	0.4685482333069985
BG04415	0.37776068702050125	0.3982158087642055
BG04416	0.4352387199255644	0.43866921211841803
BG04417	0.4197753100959573	0.43094903298679144
BG04418	0.4162945235765134	0.39864331054022384
BG04419	0.32512138745282293	0.3180047402402812
BG04420	0.44317474554214137	0.4353623601450991
BG04421	0.3474835024130798	0.35944307415688903
BG04422	0.43019461808793535	0.4190711895236917
BG04423	0.4159738972444995	0.3351509144137253
BG04424	0.30943374875050034	0.2735906586670746
BG04425	0.39171526705239623	0.3751935807674495
BG04426	0.48600455582775015	0.49666276187103264
BG04427	0.47202273303561887	0.4557147976386813
BG04428	0.400426663537242	0.3654406726027942
BG04429	0.30597182260352773	0.29837737928837726
BG04430	0.41638044305110516	0.4163050015612198
BG04431	0.48837048477444034	0.5072203792611343
BG04432	0.46112353334409073	0.38162706337713836
BG04433	0.3814803715912496	0.35813123047165596
BG04434	0.4245029767954551	0.4459660806679085
BG04435	0.4593024596021299	0.45746252548769784
BG04436	0.35132263600948055	0.330025084295387
BG04437	0.4363053787686692	0.4377681054336734
BG04438	0.2707783675718947	0.29718708022573775
BG04439	0.44737432181243975	0.44535835755494113
BG04440	0.3975997032634731	0.3878509862927004
BG04441	0.41693577624054096	0.4197920748714875
BG04442	0.3978365057178362	0.3803236020796704
BG04443	0.42556544444467725	0.40299376979029355
BG04444	0.47343097418015	0.46090768685914024
BG04445	0.4911827758696202	0.4988505650777152
BG04446	0.40704036748387956	0.3912165149803747
BG04447	0.3496314892778782	0.36034418084163355
BG04448	0.4432522826289682	0.3971889662629847
BG04449	0.4135031884507462	0.35640864978593484
BG04450	0.4635334698265474	0.4313597699872797
BG04451	0.4879136446412443	0.475111642927046
BG04452	0.3547782753656292	0.3491201636242091
BG04453	0.4194400145853546	0.3648119935204142
BG04454	0.490340345899231	0.43111248954821024
BG04455	0.30374210745802	0.3104605912517209
BG04456	0.43046704569030003	0.4287570385862264
BG04457	0.3963758746497733	0.35778755257328826
BG04458	0.4385371895111181	0.4339834573577455
BG04459	0.40564260432405463	0.38301015735837446
BG04460	0.4368418515856334	0.427512254003114
BG04461	0.400663465991605	0.38650142186252456
BG04462	0.4659245459365326	0.46408880301598315
BG04463	0.3741478778937575	0.37014738333287917
BG04464	0.4702393800386008	0.4955520954921615
BG04465	0.37117003464021736	0.34654257938645094
BG04466	0.3865265690258198	0.3519073075560939
BG04467	0.44998124440737564	0.47496914233503973
BG04468	0.46290479074416735	0.44807425119082284
BG04469	0.4262821385985905	0.4226546602932578
BG04470	0.43711218359105675	0.442810111674361
BG04471	0.3190483475170319	0.3230886584197942
BG04472	0.3994668801381417	0.423308486538933
BG04473	0.3717442282021245	0.36385640131519664
BG04474	0.3757342447782963	0.37559593538017266
BG04475	0.4559516000930446	0.4537197893505954
BG04476	0.37072995928255137	0.36290500030386147
BG04477	0.30759171903912685	0.3210810765500606
BG04478	0.3961977489097657	0.3794308777826907
BG04479	0.40552944208922626	0.4329901444075852
BG04480	0.43311588022406117	0.3713795943343442
BG04481	0.3967614644869666	0.38580149248414153
BG04482	0.4402786305693108	0.44197606409173673
BG04483	0.3768344331724613	0.3770921915962371
BG04484	0.44475482563585644	0.454235306198147
BG04485	0.4610459962572639	0.47827180311447626
BG04486	0.39305225790092435	0.3819958884388012
BG04487	0.45462508722922257	0.4792567336768715
BG04488	0.4651470794713227	0.4441345289412415
BG04489	0.3962962419660052	0.3957052836285679
BG04490	0.3984232728613909	0.40625451863090445
BG04491	0.3918682456291086	0.3868367173731273
BG04492	0.4274305257224046	0.44282687644989105
BG04493	0.376989507346115	0.3652227305209025
BG04494	0.4326527533000412	0.440555249365558
BG04495	0.4008353049407889	0.4455637260551854
BG04496	0.4332646676068911	0.3972979373039307
BG04497	0.39272324918114543	0.36101477186283903
BG04498	0.45517622922477585	0.4599437122661575
BG04499	0.44652979624510925	0.44119650202958566
BG04500	0.4456140203817758	0.4156847048666047
BG04501	0.44793175059881685	0.44547990217753475
BG04502	0.2929749303737915	0.3155025974924086
BG04503	0.422711241410672	0.4007179515120779
BG04504	0.3996911090108572	0.40041199435865305
BG04505	0.41188538761208826	0.4098715189515309
BG04506	0.38678223185265437	0.37953565762975405
BG04507	0.38600686098438564	0.40540370627275035
BG04508	0.370019551919462	0.35303054751661295
BG04509	0.44799042731317235	0.3536382706295802
BG04510	0.4037880010310336	0.35260723693447693
BG04511	0.38613469239780307	0.3912290885620223
BG04512	0.37306235867818127	0.3897118763765452
BG04513	0.4279711897332515	0.38149713636677973
BG04514	0.43461213644012553	0.4371645735145884
BG04515	0.4118246153007914	0.43227764144755454
BG04516	0.3373345264265252	0.35764924317516456
BG04517	0.4148338925084505	0.4080651143881591
BG04518	0.3894184928047678	0.37659763071809804
BG04519	0.4109360821976944	0.4234216487737614
BG04520	0.4100014459618895	0.384736929237978
BG04521	0.4266991623899026	0.429318658566486
BG04522	0.40389068528115574	0.40211361907496157
BG04523	0.35565842608096115	0.39067165977564533
BG04524	0.39651208845095565	0.41123784815723685
BG04525	0.41715790951631526	0.398777428744465
BG04526	0.38935562489652986	0.3504990664115626
BG04527	0.4810673294341259	0.48883780289234297
BG04528	0.43566412610464156	0.4264937938896583
BG04529	0.4341448183222232	0.42634291090988724
BG04530	0.43248720114168115	0.41385734433382
BG04531	0.4654698014002779	0.44336334926685544
BG04532	0.46758425871401593	0.46513660148661645
BG04533	0.4321560968249609	0.439008698822903
BG04534	0.48424425439708624	0.46631432696760833
BG04535	0.3841815960485425	0.40345899231125487
BG04536	0.4102047188651924	0.4240461366622588
BG04537	0.44706207786819097	0.44921844712075454
BG04538	0.42930818058177955	0.4353958896961594
BG04539	0.4497695891163077	0.45393773143248717
BG04540	0.43130318886986546	0.3975661737124128
BG04541	0.39977283729156665	0.4233252513144632
BG04542	0.3854578145857738	0.3899130536829068
BG04543	0.373751810071858	0.38182824068349985
BG04544	0.4655850592320475	0.46115915849209227
BG04545	0.4178934640426999	0.4120593221582134
BG04546	0.39698988455356443	0.37187415521248296
BG04547	0.4257079450366834	0.43157771206917145
BG04548	0.39564241572032993	0.35511357087623197
BG04549	0.43409661959257395	0.4141381543239499
BG04550	0.4235306198147073	0.4247712132039371
BG04551	0.4666433356873872	0.46011555121534153
BG04552	0.4542835049277961	0.43231955338637984
BG04553	0.4360413335540695	0.41614992738756595
BG04554	0.47162456961677823	0.47162876081066074
BG04555	0.41526977667223386	0.4085722488479455
BG04556	0.48994846927121427	0.4719514827396157
BG04557	0.41725221137867224	0.409330854940684
BG04558	0.42321418467657607	0.3908770282758893
BG04559	0.40227078884555656	0.4278810790647771
BG04560	0.451343382419199	0.4529737568395045
BG04561	0.471144677917228	0.4552956782504278
BG04562	0.3845043179774975	0.3788692578024313
BG04563	0.3479612985156886	0.3468820660909363
BG04564	0.43194234593695185	0.4492477854779323
BG04565	0.47631870676521554	0.4492184471207544
BG04566	0.4274305257224046	0.42666144164495956
BG04567	0.413243334430029	0.4026542830858083
BG04568	0.4604718026953567	0.3635881649067145
BG04569	0.46055353097606616	0.45937790109201543
BG04570	0.43089664306325975	0.42915520200506696
BG04571	0.43030987591970515	0.4462636554335685
BG04572	0.36540923864867525	0.37896984645561205
BG04573	0.43793365759203345	0.45080271840835207
BG04574	0.4656143975892252	0.45549266436290703
BG04575	0.4366993509936273	0.4384764171998214
BG04576	0.4352072859714453	0.44752939598609354
BG04577	0.41673669453112067	0.40018147869511367
BG04578	0.3365109568286074	0.37063356182325313
BG04579	0.37119937299739514	0.39459880844357925
BG04580	0.3107979823592649	0.35680262201089274
BG04581	0.4860716149298707	0.48643624879765124
BG04582	0.4350186822467314	0.4425712136230566
BG04583	0.4445683175080837	0.43237823010073523
BG04584	0.34923542145597875	0.35406158121171594
BG04585	0.46675649792221563	0.4664191068146717
BG04586	0.34435268058282736	0.330582513081764
BG04587	0.46897363948607573	0.4644534368837634
BG04588	0.3398282867866327	0.3285833135997954
BG04589	0.462823062463458	0.4805895333315171
BG04590	0.49082023759878113	0.4867589707266063
BG04591	0.40622518027372684	0.39493410395418194
BG04592	0.3914093098989712	0.3706922385376087
BG04593	0.4444949716151394	0.4356934644618192
BG04594	0.5051729810495169	0.49227877306990275
BG04595	0.433696360576792	0.42643930836918564
BG04596	0.3795147016603413	0.3687642893516432
BG04597	0.4516996338992144	0.40778430439802926
BG04598	0.3866481136484133	0.38859282760990876
BG04599	0.44252091929646614	0.4211416393016633
BG04600	0.46147768922716476	0.4399517174464732
BG04601	0.40869798466442153	0.40302729934135384
BG04602	0.3906255566429375	0.36584721840939993
BG04603	0.4602266178532285	0.47237060212786897
BG04604	0.3981424628712611	0.40334583007642644
BG04605	0.40903747136890667	0.3840495734412426
BG04606	0.45284592542608715	0.4412509875500585
BG04607	0.44893344593674234	0.4857866137458585
BG04608	0.40837735833240774	0.3784627119958255
BG04609	0.4552935826534868	0.4460373309639116
BG04610	0.43466033516977476	0.4175455949504495
BG04611	0.41554220427459865	0.41147255501465874
BG04612	0.43566412610464156	0.4487993277325011
BG04613	0.3718594860338942	0.3810235314580535
BG04614	0.39053544597446305	0.38865150432426415
BG04615	0.3974509158806432	0.35737262437891754
BG04616	0.45630156478223605	0.45236184253265455
BG04617	0.3801601455182516	0.3891795947534635
BG04618	0.35489981998822273	0.3615344799042731
BG04619	0.46875779300112524	0.43902965479231587
BG04620	0.3534349977262773	0.4108187287689835
BG04621	0.4597404393628547	0.4323405093557926
BG04622	0.4276023646715885	0.4365652327893862
BG04623	0.4052151025480363	0.40386134692397785
BG04624	0.47248166876575626	0.4561339170269345
BG04625	0.4002736849605294	0.37812741648522297
BG04626	0.3983520225653878	0.4114096871064206
BG04627	0.33942174098002675	0.3393546818779063
BG04628	0.3574250143024491	0.34747302442837347
BG04629	0.4541116659786122	0.4430112889807226
BG04630	0.421485317200031	0.4152530118967038
BG04631	0.4053408383645123	0.36174823079228224
BG04632	0.3934671860952951	0.35116965743276796
BG04633	0.2861621447177336	0.26610099519898744
BG04634	0.42311359602339527	0.4120928517092736
BG04635	0.4532398976510454	0.4189957480338061
BG04636	0.43863987376124014	0.45018242171373724
BG04637	0.44881399691109014	0.4520223558281694
BG04638	0.373437470530668	0.33862960533622805
BG04639	0.4082977256486396	0.4191508222074598
BG04640	0.4510940063831883	0.45666200745613406
BG04641	0.40601352498265886	0.3885257685077882
BG04642	0.4057431929772356	0.410965420554872
BG04643	0.3315464876747466	0.35832821658413516
BG04644	0.425383127510787	0.4412803259072363
BG04645	0.3963255803231829	0.3629259562732742
BG04646	0.4833745816664606	0.4877439012890016
BG04647	0.42449459440769	0.45805348382513494
BG04648	0.4596775714546165	0.45071051214293645
BG04649	0.4286543543361044	0.4314226378955178
BG04650	0.4674920524486002	0.48028776737197465
BG04651	0.4276715193706503	0.42857681724927743
BG04652	0.39829753704491483	0.44552181411636
BG04653	0.4208629249084747	0.39482094171935345
BG04654	0.44323132665955556	0.4342642673478754
BG04655	0.41578738911672686	0.4227636313342036
BG04656	0.3462952989473817	0.35598953039768144
BG04657	0.42576452615409754	0.419976487402319
BG04658	0.39930132797978163	0.39787632205972023
BG04659	0.4043035178785853	0.4222439232927695
BG04660	0.41073700048827405	0.4123652793116383
BG04661	0.4899757120314506	0.5006737344166172
BG04662	0.39966596184756203	0.41068461056474237
BG04663	0.274292683642399	0.2559457324216089
BG04664	0.42459727865781205	0.4186185405843782
BG04665	0.44660314213805374	0.46101246670620355
BG04666	0.4537072157689479	0.4535563327891766
BG04667	0.4541305263510837	0.4235683405596502
BG04668	0.36432162383615785	0.3427285929533457
BG04669	0.3955397314702078	0.37207533251884445
BG04670	0.45152360375614786	0.4778149629812799
BG04671	0.48242318065512546	0.4613812917678666
BG04672	0.40121460798715813	0.38560031517777993
BG04673	0.44600170581591014	0.4386105354040625
BG04674	0.414563560503027	0.398919929336471
BG04675	0.4205884017091688	0.39441858710663036
BG04676	0.3511528926572378	0.3338139235651971
BG04677	0.33980523522027867	0.3085326420657557
BG04678	0.34779574635732863	0.33291281688045243
BG04679	0.4638457137707962	0.46631851816149084
BG04680	0.46120526162480013	0.46498990970072773
BG04681	0.410477146467557	0.3984714715910401
BG04682	0.43385143475044585	0.4419257697651463
BG04683	0.40789537103591644	0.4138154323949949
BG04684	0.3359472412514067	0.3689654666580048
BG04685	0.4322881194322608	0.4420515055816225
BG04686	0.4045361291390659	0.4249975376735939
BG04687	0.37393203140880693	0.34473617482307917
BG04688	0.4583426762030297	0.4675716851323683
BG04689	0.4651303146957926	0.4710713320242838
BG04690	0.38639245082157875	0.3972476429773405
BG04691	0.4188804902020365	0.4203159741068042
BG04692	0.35394213218606374	0.38835392955860437
BG04693	0.41016699812024954	0.4074490088874267
BG04694	0.41517966600375944	0.42910071648459425
BG04695	0.36663935405319875	0.37883991944525364
BG04696	0.43685442516728107	0.43506059418555676
BG04697	0.4013654909669294	0.3801811014876644
BG04698	0.47289869255706835	0.4848603598978186
BG04699	0.4279879545087816	0.40619165072266655
BG04700	0.375197771961332	0.3743930627358856
BG04701	0.3778235549287392	0.3901896724791539
BG04702	0.36738538656428976	0.3384032808665712
BG04703	0.3958414974297504	0.3725405550398059
BG04704	0.3701683393022919	0.40116640925750885
BG04705	0.369462123133085	0.38315684914426296
BG04706	0.4165711423727606	0.3886054011915565
BG04707	0.4326527533000412	0.38472016446244794
BG04708	0.39135691997543964	0.35957719236113006
BG04709	0.4023420391415596	0.40221839892202493
BG04710	0.41219553595939573	0.41880714430909216
BG04711	0.43120888700750853	0.4319423459369519
BG04712	0.4201818559025631	0.3807175743046285
BG04713	0.3809564723559329	0.3783705057304097
BG04714	0.4338828687045648	0.4060701061000731
BG04715	0.4460478089486182	0.4301946180879354
BG04716	0.4414270176931249	0.4511463963067198
BG04717	0.4137588512775807	0.3906926157450581
BG04718	0.45944076900025355	0.46077775984878167
BG04719	0.4809541671992976	0.4887958909535176
BG04720	0.4428520236131863	0.41917177817687257
BG04721	0.38307931205743606	0.40777173081638174
BG04722	0.37994010783941856	0.3617775691494601
BG04723	0.463483175499957	0.44218143259198095
BG04724	0.4015163739467006	0.38464472297256236
BG04725	0.4415548491065422	0.43303624754029313
BG04726	0.4301401325674626	0.4350773589610867
BG04727	0.40274439375428284	0.41495124593716143
BG04728	0.4052171981449776	0.3889742262532193
BG04729	0.4043035178785853	0.43634729070749445
BG04730	0.4162568028315706	0.4215230379449738
BG04731	0.40392211923527466	0.419419058615942
BG04732	0.3805520221462685	0.3455744135995858
BG04733	0.45966499787296905	0.43806987139321574
BG04734	0.4057180458139402	0.4269506340228545
BG04735	0.4671337053716436	0.4500524947033787
BG04736	0.4104268521409666	0.4241090045704969
BG04737	0.39519814916878143	0.403278770974306
BG04738	0.45074194609705537	0.43923502329256003
BG04739	0.46367597041855346	0.45224448910394355
BG04740	0.42008126724938216	0.4219253925576968
BG04741	0.4521837167926469	0.4611088641655019
BG04742	0.3385855978004614	0.3444386000574194
BG04743	0.44878046736002974	0.4260411449503448
BG04744	0.4214748392153246	0.44484703190127217
BG04745	0.4023860466773262	0.39055849754081684
BG04746	0.4419886376733844	0.45300728639056476
BG04747	0.3678401311005446	0.37085988629291
BG04748	0.39698988455356443	0.37992543866082973
BG04749	0.44363577686922007	0.4145530825183206
BG04750	0.39205475375688137	0.3714718005997598
BG04751	0.3962061312975307	0.3951604284238386
BG04752	0.4685209905467621	0.4637912282503232
BG04753	0.3632843033502307	0.36466530173452555
BG04754	0.4207141375256449	0.3929977723804514
BG04755	0.5069647164342997	0.5003174829366019
BG04756	0.4849253234029979	0.4526552261044321
BG04757	0.43630747436561035	0.4316280063957618
BG04758	0.40158552864576225	0.38941430161088536
BG04759	0.4137567556806394	0.40704665427470343
BG04760	0.36669174397673054	0.3702353984044125
BG04761	0.35179414532126546	0.3114119922630561
BG04762	0.44318103233296524	0.43445706226647185
BG04763	0.42362282608012297	0.41348432807827473
BG04764	0.3665052358489578	0.39329534714611114
BG04765	0.42959108616885067	0.41649779647981633
BG04766	0.30877782690788375	0.2793535502555581
BG04767	0.4312906152882179	0.38041999953896866
BG04768	0.4107558608607455	0.42209304031299844
BG04769	0.3934965244524729	0.4018537650542446
BG04770	0.4120006454438579	0.4307352820987822
BG04771	0.390935704990245	0.36222602689489114
BG04772	0.4479841405223485	0.4302155740573481
BG04773	0.41598856642308857	0.4284007871062112
BG04774	0.4015142783497593	0.44609181648438445
BG04775	0.43566412610464156	0.4276589457890026
BG04776	0.43711218359105675	0.45350184726870374
BG04777	0.4674710964791876	0.4816373318021503
BG04778	0.4159592280659107	0.39871875203010965
BG04779	0.3838504917318222	0.4019208241563651
BG04780	0.4236542600342421	0.4025662680142752
BG04781	0.47238736690339916	0.4737914168540479
BG04782	0.4189056373653316	0.41844251044131175
BG04783	0.4216299133889784	0.43521985955309284
BG04784	0.4318145145235345	0.4190921454931043
BG04785	0.4470620778681911	0.39063393903070254
BG04786	0.43891439696054624	0.41659000274523206
BG04787	0.3842193167934851	0.38892393192662894
BG04788	0.3801601455182516	0.3753193165839256
BG04789	0.3874297713075057	0.4206806079745847
BG04790	0.37049106123124703	0.3863086269439282
BG04791	0.408882397195253	0.41744081510338626
BG04792	0.3779828202962754	0.3968159500074393
BG04793	0.4347881665831921	0.4208272997604732
BG04794	0.42745357728875855	0.41671573856170796
BG04795	0.4531267354162169	0.4500902154483214
BG04796	0.3710191516604462	0.40389068528115574
BG04797	0.3572447929655002	0.31186883239625235
BG04798	0.37618898931455114	0.33709143718133827
BG04799	0.4414626428411265	0.4354126544716895
BG04800	0.4491995867482831	0.46379122825032326
BG04801	0.39772753467689037	0.3822264041023405
BG04802	0.3744391658685935	0.3713921679159916
BG04803	0.3338034455804907	0.3405114513894856
BG04804	0.40540789746663286	0.39885287023435056
BG04805	0.4655850592320475	0.4927775251419242
BG04806	0.32510462267729273	0.32830250360966573
BG04807	0.40362873566349733	0.41614573619368345
BG04808	0.48737298063039736	0.49066935461900996
BG04809	0.4326569444939238	0.4104163741562601
BG04810	0.43654427681997354	0.4633176233415969
BG04811	0.38857396723743737	0.38247787573529257
BG04812	0.4495411690497096	0.45155713330720826
BG04813	0.37942668658880824	0.37124966732398545
BG04814	0.5036809160273349	0.4933056155711235
BG04815	0.38484590027892385	0.3557338675708469
BG04816	0.3849297241565746	0.4024572969733293
BG04817	0.41112259032546716	0.4073526114281284
BG04818	0.42311569162033646	0.41570566083601734
BG04819	0.4824839529664222	0.48157027270002983
BG04820	0.4322881194322608	0.44358548254262964
BG04821	0.4501719437290309	0.44777248523128055
BG04822	0.48053504781104406	0.4743278896710121
BG04823	0.41756235972597966	0.3678128883403081
BG04824	0.41715790951631526	0.37326563158148396
BG04825	0.42443382209639324	0.40906261853220194
BG04826	0.3977862113912458	0.35672298932712476
BG04827	0.48141310292943484	0.48618896835858183
BG04828	0.4581058737486666	0.4528941241557363
BG04829	0.4274640552734649	0.4228097344669115
BG04830	0.42939410005637146	0.41425550775266085
BG04831	0.4118749096273819	0.41664867945958745
BG04832	0.36996716199593027	0.3756085089618203
BG04833	0.45781039457994804	0.4234132663859964
BG04834	0.38607392008650615	0.39510594290336565
BG04835	0.3598077080246693	0.36179014273110766
BG04836	0.4431537895727288	0.4330907330607659
BG04837	0.36311036880410563	0.3451217646602722
BG04838	0.46057239134853756	0.4088740148074879
BG04839	0.41900622601851245	0.4088279116747803
BG04840	0.4003868471953578	0.40038265600147527
BG04841	0.41902089519710134	0.42129252228143443
BG04842	0.4138720135124091	0.4357060380434669
BG04843	0.4283358236010318	0.4027339157695765
BG04844	0.3968243323952044	0.42825409532032244
BG04845	0.4424999633270535	0.44121745799899825
BG04846	0.39466796314264097	0.3978679396719552
BG04847	0.38862007037014523	0.3880521635990619
BG04848	0.3500988073957807	0.3521126760563379
BG04849	0.4082893432608745	0.37041142854747877
BG04850	0.39401623249390705	0.4021681045954345
BG04851	0.4179689055325855	0.42725659117627945
BG04852	0.3529027161031956	0.3591454993912291
BG04853	0.3739215534241007	0.35019730045202024
BG04854	0.2763840893897831	0.2602375149573232
BG04855	0.4279879545087816	0.4028051660655797
BG04856	0.40683919017751796	0.4343522824194085
BG04857	0.34183796425330737	0.2995886343204293
BG04858	0.38565270510131155	0.3673644305948771
BG04859	0.4102508219979002	0.3908979842453022
BG04860	0.37889021377184395	0.3736344566431471
BG04861	0.40932875934374285	0.41596551485673444
BG04862	0.39930761477060533	0.4429190827153068
BG04863	0.41453631774279054	0.3640198578766154
BG04864	0.4396499514869307	0.45892106095881935
BG04865	0.43839259332217073	0.43459118047071293
BG04866	0.4167408857250031	0.4117407914231408
BG04867	0.4475210135983285	0.43170763907952986
BG04868	0.4533509642889325	0.4740638444564127
BG04869	0.3739173622302181	0.3548118049166894
BG04870	0.41822456835942	0.4237779002537767
BG04871	0.34295072622911993	0.3427369753411108
BG04872	0.4313367184209257	0.40391164125056844
BG04873	0.39836040495315295	0.3807175743046286
BG04874	0.3734814780664346	0.34210410506484823
BG04875	0.3829766278073139	0.4190711895236916
BG04876	0.4186897908803812	0.4291174812601243
BG04877	0.3875596983178643	0.3848710474422192
BG04878	0.4400879312476555	0.4366951597997447
BG04879	0.39036570262222037	0.3726998204073421
BG04880	0.45676678730319714	0.4467875546688852
BG04881	0.425666033097858	0.44552600531024256
BG04882	0.40788070185732755	0.39759970326347316
BG04883	0.36948307910249767	0.3186376105165437
BG04884	0.4715931356626592	0.4674543317036576
BG04885	0.33273678673738605	0.32701999828161044
BG04886	0.3206556703709835	0.3163492186566803
BG04887	0.41446297184984626	0.3933582150543493
BG04888	0.41241138244434616	0.4280571092078434
BG04889	0.4414856944074804	0.4256681286947993
BG04890	0.3829305246746061	0.3796110991196397
BG04891	0.44393544723182116	0.4267494567164929
BG04892	0.41318675331261484	0.40323266784159806
BG04893	0.4084066966895854	0.4221014227007634
BG04894	0.47375998289992893	0.47730363732761083
BG04895	0.4213784417560264	0.3976332328145335
BG04896	0.4417979383517291	0.41060078668709177
BG04897	0.4298027414599186	0.4295407918422602
BG04898	0.42966652765873614	0.43345117573466374
BG04899	0.3380281690140845	0.3516726006986721
BG04900	0.4283316324071493	0.42475444842840704
BG04901	0.42033064328539316	0.4226169395483152
BG04902	0.4291614887958909	0.4191005278808695
BG04903	0.36898642262741743	0.3365298172010788
BG04904	0.43067031859360294	0.42913843722953704
BG04905	0.45026624559138784	0.4189496449010982
BG04906	0.4932657992292394	0.4737914168540479
BG04907	0.3814028345044227	0.3776621939642618
BG04908	0.3825721775976495	0.3728046002544054
BG04909	0.43793365759203345	0.45662428671119115
BG04910	0.4375040602190737	0.44591578634131834
BG04911	0.3955397314702078	0.3877168680884594
BG04912	0.3650781343319551	0.3764551301260921
BG04913	0.39756617371241276	0.3922768870326558
BG04914	0.3882428629207172	0.4153787477131798
BG04915	0.3682969712337407	0.34486610183343763
BG04916	0.4170866592203122	0.41030740311531433
BG04917	0.387894993828467	0.41412977193618494
BG04918	0.4263554844915348	0.43727354455553435
BG04919	0.45376589248330323	0.45638538865988665
BG04920	0.4654425586400413	0.4945797385114138
BG04921	0.41240509565352235	0.40008508123581543
BG04922	0.46355233019901887	0.4682506585413388
BG04923	0.4367789836773954	0.42701350193109244
BG04924	0.409039566965848	0.3954119000567905
BG04925	0.474019836920646	0.4637870370564406
BG04926	0.44242871303105047	0.420165091127033
BG04927	0.4760064628209668	0.46556410326263487
BG04928	0.41320770928202755	0.43335477827536567
BG04929	0.4385434763019419	0.41328315077191313
BG04930	0.42512956028089377	0.4365819975649161
BG04931	0.4230444413243336	0.3929977723804514
BG04932	0.44910528488592616	0.4339541190005679
BG04933	0.38853415089555343	0.39661477270107776
BG04934	0.4201189879943251	0.40084368732855385
BG04935	0.47380818162957805	0.47931121919734443
BG04936	0.33906548950001153	0.33329840671764555
BG04937	0.5030354721694248	0.48343954517163984
BG04938	0.4266761108235486	0.4323363181619101
BG04939	0.47295736927142373	0.4955981986248692
BG04940	0.40915063360373516	0.3879138542009385
BG04941	0.44487846585539126	0.45781039457994815
BG04942	0.4112671865144145	0.38543266742247867
BG04943	0.46403222189856885	0.40226869324861547
BG04944	0.42817236703961314	0.4325291130805067
BG04945	0.34533970674216397	0.3492123698896249
BG04946	0.4093182813590364	0.4034212715663121
BG04947	0.4923919353047312	0.4830539553344468
BG04948	0.44527872487117315	0.42423893158085546
BG04949	0.4339184938525663	0.40803577603098135
BG04950	0.37137121194657896	0.3687768629332908
BG04951	0.4651889914101481	0.4895125851074307
BG04952	0.4324327156212082	0.43291889411158213
BG04953	0.33342623813106276	0.3318692096037017
BG04954	0.3657508209501018	0.34373028829127117
BG04955	0.46419148726610515	0.46614667921230707
BG04956	0.4010385778440918	0.38974121473372303
BG04957	0.4448973262278626	0.4544071451473309
BG04958	0.4915201669771643	0.47472186189597043
BG04959	0.4496166105395953	0.4427640085416532
BG04960	0.4266761108235486	0.4308358707519629
BG04961	0.49710074163175744	0.45745833429381527
BG04962	0.35196807986739065	0.33864217891787557
BG04963	0.43737413320871504	0.4572152450486284
BG04964	0.3782217183475799	0.3760402019317213
BG04965	0.45819598441714104	0.47428597773218684
BG04966	0.3540322428545383	0.3329589200131603
BG04967	0.39606572630246584	0.4010280998593854
BG04968	0.44320827509320154	0.4648096883637788
BG04969	0.41281373705706936	0.3992091217143659
BG04970	0.4427325745875341	0.4330236739586455
BG04971	0.45832381583055837	0.4580492926312524
BG04972	0.3305489835307036	0.2971451682869124
BG04973	0.3508113103558113	0.3409221883899738
BG04974	0.48644463118541625	0.4626847530653345
BG04975	0.4413096642644141	0.43551324312487033
BG04976	0.36968216081191807	0.36399471071332024
BG04977	0.45682336842061144	0.4789298205540338
BG04978	0.3862792885867504	0.3705539291394849
BG04979	0.4388431466645431	0.44093664800886856
BG04980	0.4630368133514672	0.48543455345972575
BG04981	0.39622499167000214	0.3972518341712229
BG04982	0.3138114507608065	0.3340192920654413
BG04983	0.40814055587804454	0.41260836855682526
BG04984	0.4123485145361081	0.37207952371272723
BG04985	0.3792820903998609	0.3731189397955954
BG04986	0.3965896255377826	0.4059862822224225
BG04987	0.4276715193706503	0.4156847048666047
BG04988	0.36813770586620453	0.3373932031408807
BG04989	0.3862792885867504	0.36996297080204765
BG04990	0.41756235972597966	0.41521948234564354
BG04991	0.42898126745894194	0.4278685054831294
BG04992	0.3656104159550368	0.3922307838999476
BG04993	0.47898640167144807	0.4717000111066637
BG04994	0.34294024824441366	0.3304693508469354
BG04995	0.4576993279420608	0.4417874603670227
BG04996	0.3772577437545972	0.37618689371760994
BG04997	0.4246245214180486	0.41437286118137184
BG04998	0.4681919818269833	0.46483483552707405
BG04999	0.373751810071858	0.3855793592083674
BG05000	0.3404506790781888	0.2933563290171022
