set_id	source_mean_delta_difference_pp_gene_balanced	source_mean_normal_difference_pp_gene_balanced	rms_caliper_scaled_imbalance	largest_absolute_scaled_difference
BG00001	-7.601414041246017	2.636842400430035	0.411194401051178	1.4285714285714286
BG00002	-9.347799086038311	3.8183123075033096	0.42919796160281637	1.4285714285714286
BG00003	-9.394413633204925	4.1652831390354965	0.42133375513395893	1.4285714285714286
BG00004	-7.577069092495162	3.358971354739995	0.40322907561861177	1.4285714285714286
BG00005	-8.703716721961694	6.696581993453746	0.43550035803786047	1.4285714285714286
BG00006	-6.620195787145552	6.221953143162627	0.4170345907941912	1.4285714285714286
BG00007	-8.45187887140141	2.1409507209210346	0.40589340152907966	1.4285714285714286
BG00008	-6.478934988644237	1.8558514906831443	0.42250240061686783	1.4285714285714286
BG00009	-11.070389357951733	4.185679793833609	0.4381772714744742	1.4285714285714286
BG00010	-7.734583631517595	4.046609949663635	0.4059038786811379	1.3006321565251282
BG00011	-10.614674451318251	1.820471850497446	0.3845975735474006	1.2814680971955783
BG00012	-8.83472023505794	2.7493508371005544	0.404570933233203	1.4285714285714286
BG00013	-8.849059755969586	3.4400683411076853	0.4009278781146616	1.4285714285714286
BG00014	-9.948103301196912	3.789685268004587	0.4196799092336144	1.4285714285714286
BG00015	-6.690455495232768	3.498274061655053	0.41073104290814144	1.4285714285714286
BG00016	-9.845241446499523	4.997909081958242	0.4285256282072635	1.4285714285714286
BG00017	-10.746562446904791	5.6879755606842854	0.4167770833832225	1.4285714285714286
BG00018	-9.164594238219829	6.313193334574291	0.4345427371571887	1.4285714285714286
BG00019	-7.936838090099789	5.04384605093013	0.4378294172533279	1.4285714285714286
BG00020	-9.999738336480757	5.779992949634992	0.4152380166673209	1.4285714285714286
BG00021	-10.28735078332732	5.452944700680231	0.43605950093803564	1.430120251154848
BG00022	-8.73455701381257	4.938938634694303	0.401667587171898	1.4285714285714286
BG00023	-10.29979493276469	5.750523837272153	0.44502471249527165	1.4285714285714286
BG00024	-8.17903150205892	6.078403032924529	0.4091908311341039	1.2853061932652365
BG00025	-9.786278778400488	5.081341715722485	0.44568428672442717	1.4285714285714286
BG00026	-8.75416294070511	4.304940555149919	0.38968179756391674	1.2853061932652365
BG00027	-8.651306763059367	4.588361723665659	0.425540036830778	1.4285714285714286
BG00028	-9.031762398819135	5.253177415067497	0.41428253763826467	1.4285714285714286
BG00029	-8.625549798996436	4.09782046873414	0.40593907083265013	1.2853061932652365
BG00030	-8.632837467878328	4.470618966636718	0.4157417886893079	1.4285714285714286
BG00031	-11.208316949895188	4.680673288072831	0.4210028756524765	1.4285714285714286
BG00032	-6.853043019512336	3.360742672527042	0.4371540343930698	1.430120251154848
BG00033	-8.657612970667484	2.69649241404033	0.4118820272345945	1.4285714285714286
BG00034	-9.12880177599793	6.164608364940668	0.4334729194341278	1.430120251154848
BG00035	-9.595318090283511	3.852745107358698	0.42625377392838326	1.4285714285714286
BG00036	-9.553490393995402	4.101971081130425	0.45319080123450933	1.4285714285714286
BG00037	-10.017841917898933	3.124260314753709	0.42889870603194924	1.4285714285714286
BG00038	-11.346488467335872	4.1611200320694195	0.4202724501613441	1.4285714285714286
BG00039	-6.678834899933254	5.442680406288207	0.41949727072467063	1.4285714285714286
BG00040	-9.427768052334336	5.502820944584015	0.43572173636647693	1.430120251154848
BG00041	-8.998577785601482	5.141815448377235	0.4301389688459611	1.4285714285714286
BG00042	-8.127977518790589	3.5825283715687744	0.42395608126719464	1.4285714285714286
BG00043	-7.899574525749567	6.1618307186044925	0.40955863117214275	1.4285714285714286
BG00044	-10.485190680998562	2.339373544588965	0.41346487021471384	1.4285714285714286
BG00045	-9.750819006700203	3.3557102838622113	0.4397447035074446	1.4285714285714286
BG00046	-9.207825160875952	4.301875567841297	0.3877858137491502	1.4285714285714286
BG00047	-9.545727965776104	3.990357522151844	0.41157417986462763	1.1988241461748232
BG00048	-7.014617031932821	2.3534976830694685	0.4305499001139102	1.4285714285714286
BG00049	-8.99982817743142	4.297407347506423	0.42435762796071114	1.4285714285714286
BG00050	-7.89907133183299	2.2728058074762685	0.40206587363082585	1.0520597831431215
BG00051	-9.647741777787074	2.9046046879408776	0.4279932478987661	1.4285714285714286
BG00052	-8.924681910681977	4.071786447653545	0.442872611798766	1.4285714285714286
BG00053	-11.068457591732217	2.7669182046471286	0.4212126765585042	1.4285714285714286
BG00054	-10.577129182346193	4.078345948499297	0.4460551163761638	1.4285714285714286
BG00055	-8.61565528261901	4.884126433896075	0.41272254670974867	1.4285714285714286
BG00056	-9.69742910078252	3.912545392271298	0.4074084436591825	1.4285714285714286
BG00057	-9.235101983979368	3.70997243637285	0.4458370366839745	1.4285714285714286
BG00058	-8.644725271095774	3.789752762260597	0.4123767598478707	1.4285714285714286
BG00059	-7.47687621863731	1.3013050788035505	0.43215160850882334	1.4285714285714286
BG00060	-8.991504980767555	3.6792093351843786	0.4169134226703012	1.4285714285714286
BG00061	-10.329295113049934	4.833525214502858	0.4418214703227505	1.4285714285714286
BG00062	-8.195975601420649	5.546937049018099	0.42254006582456194	1.4285714285714286
BG00063	-7.865518448479899	2.3615547052176016	0.4186787113646116	1.4285714285714286
BG00064	-10.288835673697157	2.332017012824314	0.4478938995141753	1.4285714285714286
BG00065	-8.180839898003729	3.3096440646002554	0.40522108444020943	1.4285714285714286
BG00066	-8.890451511996252	3.0929510651862926	0.41626542900347546	1.4285714285714286
BG00067	-9.731885205401285	1.5437591000814326	0.4244755129343239	1.4285714285714286
BG00068	-9.172787255073143	3.961613847414259	0.45329988292912915	1.4285714285714286
BG00069	-9.910237910478608	4.445375379173104	0.4359624909752711	1.4285714285714286
BG00070	-10.264885621435276	4.235217769415793	0.44871231456830457	1.4285714285714286
BG00071	-7.276394756230589	1.8663499653042908	0.4249063064994128	1.4285714285714286
BG00072	-7.778525049895182	5.018936325560543	0.4303428370232308	1.4285714285714286
BG00073	-8.684518491144596	2.732117292407783	0.4020389248935994	1.4285714285714286
BG00074	-8.68873843078547	2.837121224214494	0.39521534171529155	1.4285714285714286
BG00075	-7.851194922289113	1.9253039733665793	0.42700655850611263	1.4285714285714286
BG00076	-8.157446393726255	5.576276606921833	0.4084103801024227	1.430120251154848
BG00077	-7.822276259554675	3.752206973236992	0.43111098198370235	1.4285714285714286
BG00078	-8.995578597319446	1.9206852806110002	0.4360902756620343	1.4285714285714286
BG00079	-9.42544641714799	2.765101280760641	0.433167017986109	1.4285714285714286
BG00080	-8.996232323567458	6.212820939152297	0.4351888437641451	1.4285714285714286
BG00081	-9.737338114677055	6.707435299854595	0.42459356754159194	1.2853061932652365
BG00082	-8.012494100482712	3.9991436693972022	0.4423416365601479	1.4285714285714286
BG00083	-9.292131431363778	5.055033543963608	0.4218335362659611	1.4285714285714286
BG00084	-9.119537647926695	2.711038780363235	0.4395473322320052	1.4285714285714286
BG00085	-10.16023837218472	5.838868960313013	0.4401485411742128	1.4285714285714286
BG00086	-9.097993783819772	4.327955614076821	0.4259595357828785	1.4285714285714286
BG00087	-8.483390376285419	2.709012898987834	0.38995853096846755	1.4285714285714286
BG00088	-8.717414375504543	2.190370999297026	0.4392099729414537	1.4285714285714286
BG00089	-8.732672211530774	2.715008057713253	0.42830882549133614	1.4285714285714286
BG00090	-10.211724013816228	2.1193870808756206	0.4189768354812936	1.4285714285714286
BG00091	-8.843960036854662	2.9534532110447773	0.4167916743564701	1.4285714285714286
BG00092	-10.179093532672638	3.313539941073325	0.44059476743885895	1.4285714285714286
BG00093	-9.998870723926109	5.029165775157457	0.42824061750643244	1.4285714285714286
BG00094	-8.168372755105299	3.6657056628225644	0.443437707425004	1.4285714285714286
BG00095	-7.885664816144741	3.895411401023378	0.40494371370195864	1.430120251154848
BG00096	-10.611226026590607	1.7434354321560663	0.4079867490498608	1.4285714285714286
BG00097	-7.431188552105514	0.8317854443569448	0.4039265248610032	1.4285714285714286
BG00098	-7.773432047669856	2.4657592800796753	0.4198891962849753	1.4285714285714286
BG00099	-8.677714032594945	2.928663263785727	0.41287634862245165	1.4285714285714286
BG00100	-10.312832835951816	2.803878532635689	0.43362283724631945	1.4285714285714286
BG00101	-9.772145658208101	4.03332704573671	0.42998526721085445	1.4285714285714286
BG00102	-9.935640218340971	4.133785374969209	0.4486966402385319	1.430120251154848
BG00103	-7.2945423552156825	3.252927211925375	0.42206247137296593	1.4285714285714286
BG00104	-9.859133478075956	3.836975217245389	0.41559390906271887	1.4285714285714286
BG00105	-8.551683153315839	3.684531034487642	0.4250993015006915	1.4285714285714286
BG00106	-10.32274861483676	5.068347159815987	0.4042105410369041	1.4285714285714286
BG00107	-9.674334300231694	2.9170632419969302	0.44686826177476624	1.4285714285714286
BG00108	-8.66227032866152	1.6100537762532223	0.3909617807173347	1.1988241461748232
BG00109	-7.416580329128694	2.8841220211060037	0.4064330241943361	1.4285714285714286
BG00110	-7.9149873375536	4.155264478876715	0.40352550870641146	1.4285714285714286
BG00111	-10.327018507342375	4.619938159504879	0.43087796445091686	1.4285714285714286
BG00112	-10.36418034261071	3.8584185106058886	0.42805445858899477	1.4285714285714286
BG00113	-7.532361688775194	4.086679963535851	0.44690875312764716	1.4285714285714286
BG00114	-11.057102223350846	3.9856833043495703	0.4153330248579003	1.4285714285714286
BG00115	-7.6138744741942626	2.65269947280174	0.4420177196164391	1.4285714285714286
BG00116	-9.159889533055978	5.208532473641479	0.4329569547241309	1.4285714285714286
BG00117	-9.098157343382942	2.4317565560291863	0.4231148896533096	1.4285714285714286
BG00118	-7.632467918890221	2.296278954944261	0.42056697251758013	1.4285714285714286
BG00119	-7.330755114403223	4.370177491288581	0.4426701806508636	1.4285714285714286
BG00120	-10.447946349731259	3.8160233500613314	0.43519187452045277	1.4285714285714286
BG00121	-8.194803408343214	3.883087487247167	0.44352498405403895	1.4285714285714286
BG00122	-10.057411196101034	2.562453562535416	0.4107493780946327	1.4285714285714286
BG00123	-7.241220907899557	3.1595758031842154	0.4301765746669083	1.4285714285714286
BG00124	-7.249288518884453	2.846431177817667	0.3985086021284727	1.2853061932652365
BG00125	-11.205995252189851	5.738634926627697	0.41262052011822276	1.4285714285714286
BG00126	-9.318564943726205	3.674141473736618	0.4272648141296762	1.4285714285714286
BG00127	-9.591848112017546	3.8866497904076334	0.4373851332534834	1.4285714285714286
BG00128	-8.841455983443243	1.6648223511686704	0.4096021034537245	1.4285714285714286
BG00129	-10.001251100528789	5.949292281258306	0.420521231105324	1.4285714285714286
BG00130	-10.288753847327817	3.8709793205298237	0.4569255307037147	1.430120251154848
BG00131	-8.023972214322567	4.0587181113054625	0.4161158638020616	1.4285714285714286
BG00132	-7.3573246546558195	5.392296040659521	0.43387671306374076	1.430120251154848
BG00133	-6.04073103618552	1.1108163933098176	0.4030986280716073	1.4285714285714286
BG00134	-9.034581666640397	5.718319252921843	0.43117146670878087	1.4285714285714286
BG00135	-7.959910995650392	2.2633143198519328	0.4165045059917062	1.4285714285714286
BG00136	-10.19998758266415	4.224405936516759	0.43873735298154853	1.4285714285714286
BG00137	-9.847956066971102	1.7857991546299614	0.4118898879563504	1.4285714285714286
BG00138	-9.614104350162208	5.0240077808831	0.4287262277324146	1.4285714285714286
BG00139	-9.203879286374104	4.538157452187639	0.40141593701973444	1.4285714285714286
BG00140	-8.815458191817118	4.685962254895178	0.42455921620401865	1.4285714285714286
BG00141	-10.210078337542097	2.6176799879949986	0.4308439469669654	1.4285714285714286
BG00142	-6.985357373486771	2.623096696274011	0.43205219148701374	1.4285714285714286
BG00143	-11.024747730312875	5.757866163888338	0.40625011634132585	1.4285714285714286
BG00144	-8.355747155863853	2.9049091556552686	0.40803872030055127	1.4285714285714286
BG00145	-10.7141983919115	5.870956927725643	0.4154470679302154	1.4285714285714286
BG00146	-6.202590801027983	3.219023182313209	0.43135360172331944	1.4285714285714286
BG00147	-10.126560016832356	4.114625544495736	0.4388771024195249	1.4285714285714286
BG00148	-9.636458748015084	3.269458099748985	0.4223274308091829	1.4285714285714286
BG00149	-8.092432355342655	4.202428438336418	0.39154690236084716	1.4285714285714286
BG00150	-9.014752834748299	3.1664491295905863	0.4073860093709526	1.4285714285714286
BG00151	-8.773502848811761	1.3667831283991156	0.4394592265906297	1.4285714285714286
BG00152	-8.292413644574372	2.4531954345080016	0.3962338821902853	1.0520597831431215
BG00153	-11.557346622417768	7.400803183403271	0.45178719378967536	1.4285714285714286
BG00154	-10.485501471398115	6.012248765662774	0.4027926099454906	1.2853061932652365
BG00155	-10.018333178729625	4.255381967369902	0.4358981271936049	1.4285714285714286
BG00156	-8.782324811756917	3.993050446541076	0.4228382365127774	1.4285714285714286
BG00157	-6.873413961455227	4.015017186082706	0.4322265614415147	1.4285714285714286
BG00158	-8.19100889503991	2.4155036713958156	0.4304200697620013	1.4285714285714286
BG00159	-10.668539119679425	2.9654477937614803	0.43786614596991524	1.430120251154848
BG00160	-10.873545652809588	4.573019327618262	0.4304440537580545	1.4285714285714286
BG00161	-11.11559084366633	5.898885133909602	0.4499791627971799	1.4285714285714286
BG00162	-9.367624240327055	4.418272069871175	0.40426135536316815	1.4285714285714286
BG00163	-8.356405780145545	5.756705524409813	0.39793751526231236	1.3006321565251282
BG00164	-10.535222065715073	3.114946791620852	0.450343735889923	1.4285714285714286
BG00165	-9.957502601971555	5.022823042974184	0.4340882203295249	1.4285714285714286
BG00166	-8.378401948859505	4.511022356944973	0.42180029465744506	1.4285714285714286
BG00167	-9.097350871255683	3.1866599440682193	0.4311121915987704	1.4285714285714286
BG00168	-7.474634570225174	2.4259744525004696	0.4304788979540487	1.4285714285714286
BG00169	-10.41409146212898	4.255608631307206	0.4211150010933437	1.4285714285714286
BG00170	-10.092917881939075	4.229083906335158	0.41844235523875745	1.4285714285714286
BG00171	-9.732878389615843	3.074744787939137	0.3826849333828803	1.054067271978986
BG00172	-8.771748026662692	2.9832304048161054	0.4183712493522935	1.4285714285714286
BG00173	-8.060573855586977	3.749329715600759	0.4227027876889846	1.430120251154848
BG00174	-9.786618703429932	3.8467851131671504	0.42589778389479077	1.4285714285714286
BG00175	-9.32970404053082	3.23085297465835	0.4274150205632135	1.4285714285714286
BG00176	-8.747435434614145	2.4027582607980853	0.41993541641695287	1.4285714285714286
BG00177	-9.461618892561715	4.623057777520356	0.443286415279024	1.4285714285714286
BG00178	-9.7638121058134	5.561291283039327	0.44568557307257034	1.4285714285714286
BG00179	-7.292653721243234	2.4187730526676727	0.43030597905237095	1.4285714285714286
BG00180	-9.321608060959182	6.4028645506598325	0.44636462988862596	1.4285714285714286
BG00181	-8.796097203416405	4.911887481491732	0.4270790938427835	1.4285714285714286
BG00182	-8.288095060521457	3.4029468941839913	0.4488475428287227	1.4285714285714286
BG00183	-10.268997485180993	4.180564351176722	0.4274931562355808	1.4285714285714286
BG00184	-7.278261134249157	3.8552635156177817	0.4278710172052897	1.4285714285714286
BG00185	-8.352671005507448	1.3784451078542277	0.4305772858537362	1.4285714285714286
BG00186	-8.696473175617205	4.053334451615307	0.4182380449453984	1.4285714285714286
BG00187	-7.102309857581016	0.8708783485389451	0.43039393936437625	1.4285714285714286
BG00188	-8.888687433127194	4.418125445039112	0.4063822972171208	1.4285714285714286
BG00189	-9.613211594705687	5.76911330905599	0.4432362514422754	1.4285714285714286
BG00190	-9.90662495763318	3.6596621625554784	0.41544151793410017	1.4285714285714286
BG00191	-8.024856988327434	2.9020217983275867	0.3986295761182988	1.4285714285714286
BG00192	-10.750763857481086	6.847703553788141	0.418218668100863	1.4285714285714286
BG00193	-8.745981428251866	1.4985016150998227	0.44739692183622015	1.4285714285714286
BG00194	-10.126511121932701	4.904204540723542	0.4404691312194046	1.4285714285714286
BG00195	-10.625161148062743	4.239105233193195	0.448992792361818	1.4285714285714286
BG00196	-8.995053747533905	3.75692105817405	0.40363464206022476	1.4285714285714286
BG00197	-8.253182409980605	5.235184140330298	0.44315346779280457	1.4285714285714286
BG00198	-9.972737845961992	4.919567555321667	0.440555439302487	1.4285714285714286
BG00199	-8.214018934007228	3.0179935805290397	0.43266489175634243	1.4285714285714286
BG00200	-8.721703476681194	5.684830841101123	0.427929396295484	1.4285714285714286
BG00201	-10.48175512470743	4.345257893340318	0.44728712967386713	1.4285714285714286
BG00202	-10.045428957865388	4.121360803044935	0.4332816050622739	1.4285714285714286
BG00203	-9.17627964376942	5.366035196005198	0.430696645136719	1.4285714285714286
BG00204	-9.694370983401404	2.9146095785196384	0.4081821970153945	1.4285714285714286
BG00205	-6.659100320259401	2.3527037713337693	0.4024218729216856	1.4285714285714286
BG00206	-10.544978956299419	4.534427099891145	0.41831585661264914	1.4285714285714286
BG00207	-8.397181425877074	3.5797432629466606	0.4277605442677123	1.4285714285714286
BG00208	-8.677853488647228	4.259711886701814	0.4346467194614671	1.4285714285714286
BG00209	-10.115364602869581	6.140858969567357	0.4494757735084733	1.4285714285714286
BG00210	-8.787644996642115	5.829009547105122	0.4224498099519602	1.4285714285714286
BG00211	-9.222872031843787	5.035417530328848	0.4205865275407344	1.430120251154848
BG00212	-11.43777595748367	3.6521607849487645	0.42808410459832114	1.4285714285714286
BG00213	-7.673499655035995	3.2624952327230026	0.4058127191838268	1.4285714285714286
BG00214	-7.645668087588846	3.7308559936394987	0.4466531313330942	1.4285714285714286
BG00215	-8.757811041736282	3.3312344032006265	0.4298694761443599	1.4285714285714286
BG00216	-10.440924939876114	4.546221722692713	0.4355820772628387	1.4285714285714286
BG00217	-8.808351652155196	7.0101707240979625	0.43621925684895707	1.4285714285714286
BG00218	-7.967333670033283	3.9267622769997934	0.43965870310682303	1.4285714285714286
BG00219	-11.317740731255965	6.29996644003767	0.4234029148395749	1.4285714285714286
BG00220	-9.33780280924393	4.842759516534252	0.4405631925951564	1.4285714285714286
BG00221	-8.263938973868498	4.539734633317151	0.41278770088278394	1.4285714285714286
BG00222	-8.21408819054876	3.6254912409226967	0.38617383155933593	1.0803855050050257
BG00223	-8.399482726304466	3.3047205232308987	0.4126033047938205	1.4285714285714286
BG00224	-7.637790714079433	4.000727110012554	0.40295866255553936	1.4285714285714286
BG00225	-7.849498198561211	3.6444615473155006	0.44459293226315855	1.4285714285714286
BG00226	-9.81013778643094	3.7481454110027888	0.43723594417244904	1.4285714285714286
BG00227	-9.64564304672447	4.059587464155985	0.4503724751036032	1.430120251154848
BG00228	-8.69323312120622	3.979617572347902	0.4411431847572753	1.4285714285714286
BG00229	-7.965433165525596	4.004598470816227	0.4174301258541281	1.4285714285714286
BG00230	-9.252771896321818	3.6994718381035177	0.42390001123093424	1.4285714285714286
BG00231	-9.422571360244802	2.2255229026480516	0.42574346415835784	1.430120251154848
BG00232	-9.787824005184362	2.516977762358923	0.4423063303721318	1.4285714285714286
BG00233	-9.927993199409741	4.880192929505694	0.43861307066351707	1.4285714285714286
BG00234	-7.499690491427804	2.4087723945137465	0.43496191865722034	1.4285714285714286
BG00235	-10.632155546348866	4.370178069886947	0.43456064486060075	1.4285714285714286
BG00236	-9.669009495393322	4.151650394974311	0.43909120370499544	1.4285714285714286
BG00237	-9.877158033548339	3.0163978957011404	0.42944732897348703	1.430120251154848
BG00238	-9.576073338524814	3.8670500423255025	0.42186645268028516	1.4285714285714286
BG00239	-11.181456174153551	4.208494600296083	0.44963009922897457	1.4285714285714286
BG00240	-9.559046954040554	4.976094732210266	0.38654739726365883	1.4285714285714286
BG00241	-6.751192508727752	3.6870908488908434	0.4457065053577409	1.4285714285714286
BG00242	-8.168597142363767	5.648070840240438	0.42611597383426425	1.4285714285714286
BG00243	-9.500771303200573	4.478633713416879	0.43198165636982416	1.4285714285714286
BG00244	-9.227672441296484	5.289208796007213	0.4420796765247258	1.4285714285714286
BG00245	-9.96075133627544	4.669761050755745	0.4181973356256356	1.4285714285714286
BG00246	-10.277597440555368	5.248580365837405	0.44494295267133044	1.4285714285714286
BG00247	-9.193048805632937	4.93451755094289	0.43733119561864076	1.4285714285714286
BG00248	-9.680206956011094	4.042973363571108	0.4241631929380676	1.4285714285714286
BG00249	-8.831259546004452	5.18799387880314	0.4275384940714336	1.4285714285714286
BG00250	-6.976527100779623	4.308193491975098	0.43257951373939324	1.4285714285714286
BG00251	-10.402140888309379	6.756177761024507	0.43936459858548443	1.4285714285714286
BG00252	-8.338790758713175	2.950669340101473	0.4107637043549926	1.4285714285714286
BG00253	-8.673400083447547	2.139344661784439	0.4299714218380901	1.4285714285714286
BG00254	-8.950256866178023	3.2669685395825656	0.43416556027661196	1.4285714285714286
BG00255	-9.552199695221356	4.618698855730672	0.4291464137795287	1.4285714285714286
BG00256	-10.248782403599984	5.172865153046337	0.423259756602294	1.4285714285714286
BG00257	-9.154922044519315	4.074017483046024	0.4101200768580845	1.4285714285714286
BG00258	-8.74413735803313	3.974907480683888	0.43158153531971993	1.4285714285714286
BG00259	-6.714782151574601	3.0155402789763355	0.4249503772637772	1.4285714285714286
BG00260	-8.884360447286973	4.920853475266457	0.44208630959936324	1.4285714285714286
BG00261	-10.221508441533548	4.3472811721852525	0.444817582675442	1.4285714285714286
BG00262	-9.52844496331774	3.944200681946041	0.4417813364581029	1.430120251154848
BG00263	-8.436451286378494	3.280506496409049	0.4339447325009989	1.4285714285714286
BG00264	-10.316753377532198	2.072303316472418	0.42630615611863126	1.4285714285714286
BG00265	-9.654950014535169	1.9120527086566068	0.42385777752672626	1.4285714285714286
BG00266	-9.547922628185866	4.2116184088760615	0.4440413257787625	1.4285714285714286
BG00267	-8.515068651338384	4.6687512049901665	0.40831188706756166	1.4285714285714286
BG00268	-8.463139662775024	4.272466796341769	0.4268345019419167	1.4285714285714286
BG00269	-9.675143832874145	3.9094600224637013	0.45178616276284983	1.4285714285714286
BG00270	-10.166896361484287	3.267413232599744	0.4356973174354808	1.4285714285714286
BG00271	-9.868021192788035	4.9163357418726905	0.42016768527373877	1.430120251154848
BG00272	-10.24537579138144	4.772163088149059	0.424645214975712	1.4285714285714286
BG00273	-8.343369477008524	5.27453799332017	0.4495287648670718	1.4285714285714286
BG00274	-9.142232418101903	4.217875874839306	0.4270908452555387	1.4285714285714286
BG00275	-9.881699161462722	4.426286350144393	0.43544893678363217	1.4285714285714286
BG00276	-9.247325281560121	2.303651261512039	0.41225454673972284	1.4285714285714286
BG00277	-9.442032831688078	3.9531311149679818	0.4434793299166709	1.4285714285714286
BG00278	-7.662290617402487	5.399739648195672	0.42005317558865524	1.4285714285714286
BG00279	-8.997566014414293	3.769852587277088	0.4243066996828458	1.4285714285714286
BG00280	-8.404435269941496	4.294345907527121	0.42716189778256236	1.4285714285714286
BG00281	-6.846030335402404	3.6973485974895137	0.40824804306542006	1.4285714285714286
BG00282	-9.445945212308219	5.0019301763474004	0.4179161451392943	1.4285714285714286
BG00283	-10.436035100279737	5.418626470664978	0.4211389220791583	1.4285714285714286
BG00284	-10.667372878007704	3.107085500732001	0.4189136048516354	1.4285714285714286
BG00285	-8.353271115113122	7.181365703769689	0.4212687851726059	1.4285714285714286
BG00286	-8.417136131677575	1.6735213134915434	0.3995628741724416	1.4285714285714286
BG00287	-8.600645659703057	2.5357847755836422	0.42809861957483797	1.4285714285714286
BG00288	-11.09137589703075	4.873432613554055	0.4569007117608411	1.4285714285714286
BG00289	-9.332889447331425	7.3085276777598365	0.443706155473576	1.4285714285714286
BG00290	-7.954965849394258	4.063676384333468	0.41025232051171184	1.4285714285714286
BG00291	-8.782451601747207	4.510023750020596	0.4507595729782375	1.4285714285714286
BG00292	-9.975418624993287	6.005771502175378	0.4381207188973563	1.4285714285714286
BG00293	-9.193204685260707	2.3782722306474926	0.39181166332632594	0.9955077252341655
BG00294	-10.51830396034604	6.134000811462694	0.4427797454953795	1.4285714285714286
BG00295	-10.153962707289347	2.884719904048398	0.42093616487230834	1.4285714285714286
BG00296	-8.85718364345353	5.42631421278699	0.44033000789978277	1.4285714285714286
BG00297	-8.888254701019685	6.3800035476167	0.41926485188024565	1.430120251154848
BG00298	-10.031947659307964	5.025821694230732	0.438982610785378	1.4285714285714286
BG00299	-10.168180273121177	4.397243521205678	0.45919902538893603	1.4285714285714286
BG00300	-8.931203404674763	3.5967354052265024	0.43818381222683156	1.4285714285714286
BG00301	-8.63994003556006	3.2925766904862943	0.4273208188106826	1.4285714285714286
BG00302	-8.23327292888167	2.968397098384401	0.39766228258214814	1.4285714285714286
BG00303	-8.555142691404068	3.025409498398271	0.4174803614823912	1.4285714285714286
BG00304	-7.97077907353505	5.332941578398421	0.4183629564469363	1.2853061932652365
BG00305	-7.693086131446606	4.965732550599305	0.4161692898372099	1.4285714285714286
BG00306	-10.15709074799273	3.851695521669857	0.46028875633036964	1.430120251154848
BG00307	-10.866452218054253	8.986451645973986	0.4367624008882625	1.4285714285714286
BG00308	-9.742643014478263	2.3992376673421374	0.3851751865555843	1.0160338447289008
BG00309	-8.028053805217125	5.216752916067126	0.43839966678827247	1.4285714285714286
BG00310	-11.309338616243672	5.092787036394612	0.4220979218198413	1.4285714285714286
BG00311	-9.065429229993796	3.8744598144674693	0.4365781310601649	1.4285714285714286
BG00312	-7.415919417678094	3.694742786763433	0.4311443975716417	1.4285714285714286
BG00313	-8.954237057262318	4.262644238764788	0.454155366698384	1.4285714285714286
BG00314	-9.706522797643165	1.826167866448864	0.4330075508049301	1.4285714285714286
BG00315	-9.158117750078658	1.4610125003303276	0.4263571002627365	1.4285714285714286
BG00316	-8.243958498910956	1.74145647699979	0.4340669288325354	1.4285714285714286
BG00317	-9.013150478900874	4.1147658472988	0.4323008003889437	1.4285714285714286
BG00318	-10.187649153425312	3.0156745750337257	0.4275222899942124	1.4285714285714286
BG00319	-6.884108003054713	3.0950221364681667	0.4176822268230784	1.4285714285714286
BG00320	-7.904616097032393	3.349745691981243	0.39742345662956485	1.4285714285714286
BG00321	-7.058256284542431	3.038468306903916	0.40393713426219746	1.4285714285714286
BG00322	-10.154758718798416	4.7412187063579045	0.4550539755554663	1.4285714285714286
BG00323	-9.03271928443325	4.538574902145206	0.43389155651952255	1.4285714285714286
BG00324	-7.911268936432624	-0.20600933992087994	0.42927241072497435	1.4285714285714286
BG00325	-10.43336814365122	5.891639266371139	0.43250643820904944	1.430120251154848
BG00326	-9.159936549551091	5.204763711176853	0.4459671380454263	1.4285714285714286
BG00327	-9.06073534460522	3.6859391446774934	0.4207419340002617	1.4285714285714286
BG00328	-7.728566947164259	4.895266508879641	0.39535214762141974	1.2853061932652365
BG00329	-9.41078921934251	5.838845746736469	0.44909361638757817	1.430120251154848
BG00330	-8.004953819721681	2.667535874242551	0.3962695052489027	1.4285714285714286
BG00331	-9.960818929276684	2.702725186090523	0.427228602682548	1.4285714285714286
BG00332	-9.557336067816447	6.070724228110554	0.42034167640632725	1.4285714285714286
BG00333	-8.878073812275684	3.102037838611805	0.44641170727199764	1.4285714285714286
BG00334	-7.882128194906084	4.659671029713449	0.40141510677823955	1.3006321565251282
BG00335	-10.221479416044469	5.0938096166698354	0.3980776513717794	1.4285714285714286
BG00336	-9.568706760644227	3.969368141334152	0.4400960861221661	1.4285714285714286
BG00337	-7.792180988186437	3.736409261847653	0.42488395131898427	1.4285714285714286
BG00338	-9.305285805042448	4.0970060983991505	0.4286546864708133	1.4285714285714286
BG00339	-8.965747421617369	0.8078640973778346	0.40895057150497766	1.4285714285714286
BG00340	-8.746936821693808	3.622434526967307	0.4436064764174741	1.4285714285714286
BG00341	-10.253820980687353	7.62623186698289	0.42702227184207564	1.4285714285714286
BG00342	-9.27170024005051	4.267966232764482	0.4154659081309318	1.4285714285714286
BG00343	-7.708284702741827	2.564423575653215	0.4267220885133791	1.4285714285714286
BG00344	-10.245328361731652	1.7298698241806274	0.4283773719808	1.4285714285714286
BG00345	-7.510773035249974	2.1740697529022297	0.4306844483992657	1.4285714285714286
BG00346	-8.544485450321318	6.468900018292167	0.4060074204600722	1.3006321565251282
BG00347	-8.174924697143519	3.5689461245436913	0.4361860196122297	1.4285714285714286
BG00348	-8.627338896302055	3.527248312012084	0.4173188419186562	1.4285714285714286
BG00349	-9.271919992171867	4.062109710248716	0.42872106199922566	1.4285714285714286
BG00350	-11.044392815212463	5.011745206389372	0.434852662284098	1.2853061932652365
BG00351	-11.074267399378343	5.966670282491263	0.41137866761310227	1.4285714285714286
BG00352	-9.332508403533888	4.229877605854232	0.41920647829122165	1.4285714285714286
BG00353	-10.372067645380238	5.7317220166627925	0.4478997070321088	1.4285714285714286
BG00354	-9.187379995245534	3.7420384409399614	0.4460925601515138	1.4285714285714286
BG00355	-8.603017420160523	4.885136557450583	0.43804284623665174	1.4285714285714286
BG00356	-9.227441304451832	4.747054391367593	0.4106512901294256	1.4285714285714286
BG00357	-6.033305906364897	4.807360305754976	0.4297710087701261	1.4285714285714286
BG00358	-8.598977759794302	3.9970209822046727	0.4389086505167479	1.4285714285714286
BG00359	-9.554514702755878	5.2367366591089795	0.4415555380454565	1.4285714285714286
BG00360	-9.509620698502115	4.846000858146127	0.44974378449506064	1.4285714285714286
BG00361	-8.522302892217597	4.764075533064757	0.4192325312825339	1.4285714285714286
BG00362	-7.462666043059104	2.4814606940313033	0.41646472928433775	1.4285714285714286
BG00363	-10.100249927809122	4.022154143798096	0.42685692796257113	1.4285714285714286
BG00364	-6.378456973992612	2.052612216410101	0.4044412268248801	1.4285714285714286
BG00365	-10.680003287167569	5.292677758525261	0.4341977639710241	1.4285714285714286
BG00366	-9.822460804144528	1.7516277041098711	0.4436160259218447	1.4285714285714286
BG00367	-7.8040729625473375	5.811703829475095	0.4198699833118668	1.4285714285714286
BG00368	-8.595626137912014	5.434236741186658	0.42969217013313876	1.4285714285714286
BG00369	-6.994452712607233	2.128857001333247	0.4082723707351996	1.4285714285714286
BG00370	-8.659533232159431	5.0490049971223705	0.42684498084704	1.4285714285714286
BG00371	-9.901779648929752	2.8452413877444913	0.437467337609804	1.4285714285714286
BG00372	-7.779360652526289	1.9318945624487875	0.3987624044578381	1.4285714285714286
BG00373	-7.1115472328400955	3.3773691369685372	0.4372705498870119	1.430120251154848
BG00374	-8.06920668335613	3.0617180715681336	0.4085327370068784	1.4285714285714286
BG00375	-9.51909600506267	3.1005459517060743	0.4168829320958539	1.4285714285714286
BG00376	-9.274018519626217	4.704693180844395	0.4279339461692946	1.4285714285714286
BG00377	-9.435602882391999	3.238728650690328	0.40905502642549174	1.4285714285714286
BG00378	-11.558906468918414	3.475077568893433	0.40308565134974356	1.4285714285714286
BG00379	-10.270826079983323	4.349023966446238	0.4141619973149654	1.4285714285714286
BG00380	-9.028813488772432	4.466062795034976	0.42740835339381544	1.4285714285714286
BG00381	-7.155509170546496	4.23474729756604	0.4012385565744914	1.4285714285714286
BG00382	-12.045711714771183	3.6281960632246606	0.4547154541253808	1.4285714285714286
BG00383	-8.973920282173262	4.531826769156551	0.4369987757512945	1.4285714285714286
BG00384	-9.999613242582072	0.37296762381364795	0.4285233372919954	1.4285714285714286
BG00385	-9.628843692691383	2.762315343855027	0.43334985955287403	1.4285714285714286
BG00386	-7.472483295165833	2.0122378585961735	0.3976557464736	1.4285714285714286
BG00387	-9.413940447620867	4.605665962420548	0.41473904800491085	1.4285714285714286
BG00388	-8.316074662584228	5.521442366797531	0.4337239114080655	1.4285714285714286
BG00389	-8.956150347025753	3.299099935468842	0.41913926708012283	1.4285714285714286
BG00390	-7.754523499506181	3.3344191465373445	0.4152560442209056	1.4285714285714286
BG00391	-8.929943960276958	4.404055884322988	0.43796913562675654	1.4285714285714286
BG00392	-8.707805017434037	4.712456921275083	0.4235754608179981	1.4285714285714286
BG00393	-9.58872098660134	5.461189933835816	0.43052250863110264	1.4285714285714286
BG00394	-6.825290785492075	2.184123286247657	0.4373173869542531	1.4285714285714286
BG00395	-9.05978858218329	1.7099770914213077	0.4280146867657766	1.4285714285714286
BG00396	-10.406134724091569	3.1740656264604588	0.4204330311252327	1.4285714285714286
BG00397	-8.198528083449844	4.849144897819611	0.4271717492370926	1.4285714285714286
BG00398	-7.679917792715014	3.2280277440319654	0.40174804778479956	1.4285714285714286
BG00399	-7.571691416253559	5.0507469943319725	0.43185658491151835	1.4285714285714286
BG00400	-9.674062864533534	5.7383308146116665	0.43513354155935513	1.4285714285714286
BG00401	-9.565793367673809	1.6189331546253394	0.4182195042555535	1.4285714285714286
BG00402	-10.47402890270596	4.140004630294481	0.4112225568341029	1.4285714285714286
BG00403	-9.633208014037175	3.271138652845912	0.4431987188763226	1.4285714285714286
BG00404	-7.1315817377340345	2.0889505689310464	0.4278265713771556	1.4285714285714286
BG00405	-9.6715309013386	3.433415380055586	0.4190172687993982	1.4285714285714286
BG00406	-8.886183893130402	3.2607983326514427	0.42381069341326333	1.4285714285714286
BG00407	-9.966749643818241	3.752795355256043	0.44846044516618505	1.4285714285714286
BG00408	-9.183730972295914	2.575946150672494	0.4264908902747056	1.4285714285714286
BG00409	-8.765739252778559	3.751511688894667	0.41191898321160364	1.4285714285714286
BG00410	-8.269062652317096	2.199124665716174	0.42112015380597956	1.4285714285714286
BG00411	-8.89898806914359	5.332083903464863	0.4431107828059364	1.4285714285714286
BG00412	-8.050196126964849	2.3721520201150446	0.4057525161904688	1.4285714285714286
BG00413	-8.647898012543482	3.4007447363077294	0.4074404953532221	1.4285714285714286
BG00414	-8.993851223087034	3.5719696938079215	0.43187994940039753	1.4285714285714286
BG00415	-10.470233463581753	2.3426171413967793	0.4084235455193848	1.4285714285714286
BG00416	-10.435286319409538	2.520632792368858	0.44246180983964123	1.4285714285714286
BG00417	-7.878126356507289	4.353488861300722	0.42400483085188134	1.4285714285714286
BG00418	-8.910186446938894	2.4809290600837084	0.4068442831787332	1.4285714285714286
BG00419	-9.371616248980137	6.023309927927648	0.44808327395356784	1.4285714285714286
BG00420	-6.243091413191608	3.1923294151253683	0.4241319717793525	1.4285714285714286
BG00421	-8.950962636629137	1.6942831696280303	0.4421185215829298	1.4285714285714286
BG00422	-10.516305372934434	6.899277955041455	0.4270362042132592	1.4285714285714286
BG00423	-10.857310672588032	6.943833606492341	0.44559424065999026	1.4285714285714286
BG00424	-8.243493870402089	3.7995489515379	0.4314087311498933	1.4285714285714286
BG00425	-8.88697192077782	4.654790743175787	0.4366016657633942	1.430120251154848
BG00426	-9.119324814428694	3.2044947468798837	0.416578582346799	1.4285714285714286
BG00427	-10.22367473933508	3.5129931133544914	0.40887412853671895	1.4285714285714286
BG00428	-10.852337323775703	3.4784350810853666	0.3821647033137224	1.2814680971955783
BG00429	-9.708421095242434	2.835991000626515	0.42461238678282953	1.4285714285714286
BG00430	-7.677310591680301	4.611221878027298	0.4142183272630693	1.4285714285714286
BG00431	-8.97476171884963	5.228185544331141	0.43777951743802906	1.4285714285714286
BG00432	-9.118468444779285	2.9882983571673667	0.43332393584714135	1.4285714285714286
BG00433	-8.56778655854173	3.369560553782996	0.402567499976937	1.4285714285714286
BG00434	-8.234804751717062	5.730071090407336	0.4225513638253612	1.4285714285714286
BG00435	-8.458775074075911	2.4669555833377	0.43558045524909755	1.4285714285714286
BG00436	-9.440854170278831	1.5676911282187531	0.4102569501394999	1.4285714285714286
BG00437	-8.700669138859984	4.3617258434608726	0.410415298998999	1.4285714285714286
BG00438	-8.797725191244052	3.6338697933727744	0.42715888766649457	1.430120251154848
BG00439	-7.02193162113031	4.474915957373419	0.44199852206968077	1.4285714285714286
BG00440	-10.226636657567015	2.562828131101181	0.4278346665724142	1.4285714285714286
BG00441	-5.956531805892009	2.8341225768581157	0.41503371286168894	1.4285714285714286
BG00442	-8.39721628826865	6.824663719828508	0.4378445868613798	1.4285714285714286
BG00443	-8.655748650091992	2.6984761134775797	0.41932655675861885	1.4285714285714286
BG00444	-8.077966483629089	3.0205396637754824	0.4067009048097871	1.4285714285714286
BG00445	-9.056591393562613	1.8935632057205116	0.41631813745794244	1.4285714285714286
BG00446	-7.952623575929383	3.0904247806861758	0.43623429413588727	1.4285714285714286
BG00447	-9.598061441262526	4.664486159618635	0.41481055824605384	1.4285714285714286
BG00448	-9.436287353125278	4.833019695711657	0.4562353281251341	1.4285714285714286
BG00449	-7.858758335912	2.5831330408845563	0.4297749517024261	1.4285714285714286
BG00450	-7.880585940362753	4.741566809001847	0.42547233456645445	1.4285714285714286
BG00451	-9.001409891621998	2.5034307908441447	0.4176339827467579	1.4285714285714286
BG00452	-11.006205926162572	4.871043220625522	0.39706813743136543	1.4285714285714286
BG00453	-8.75210959844398	3.6016024505707236	0.44136026242484366	1.4285714285714286
BG00454	-7.043389166747552	0.33556824128061086	0.39955402800273315	1.4285714285714286
BG00455	-10.117185333320863	4.2670023536832815	0.45013495478515575	1.4285714285714286
BG00456	-11.431518800133793	3.884386281674572	0.42259647441260295	1.430120251154848
BG00457	-10.664408097144399	3.1569702459803555	0.4230163119472602	1.4285714285714286
BG00458	-8.65946249844727	0.735125296069995	0.4460562243492029	1.4285714285714286
BG00459	-10.65448272098624	4.243136979658576	0.41603540361756247	1.4285714285714286
BG00460	-10.448843778528797	3.0474564310063004	0.4195252790825461	1.4285714285714286
BG00461	-8.726826417389645	2.064399315209189	0.41766985832015546	1.4285714285714286
BG00462	-8.788524642227546	3.5001004055812737	0.44969269122080363	1.4285714285714286
BG00463	-10.245342685351194	1.9094244055275371	0.4471783485955305	1.4285714285714286
BG00464	-9.895848764547544	5.523396304537749	0.43028773425009137	1.4285714285714286
BG00465	-9.262121341256016	3.526175453773321	0.43324908673117346	1.4285714285714286
BG00466	-11.512041473420906	5.040513042299803	0.4250200933762262	1.4285714285714286
BG00467	-8.306846925413792	3.0697704957980427	0.4290452407798275	1.4285714285714286
BG00468	-8.997850289759327	2.358680087919341	0.440967620199679	1.4285714285714286
BG00469	-10.159382301736324	3.297545392499352	0.4214517756248165	1.4285714285714286
BG00470	-8.588992181024102	5.748688626298504	0.44451369982646405	1.4285714285714286
BG00471	-9.045532585879796	3.8667626289617356	0.4217279650231366	1.4285714285714286
BG00472	-9.506163703074533	4.073249881333783	0.4239262712914921	1.4285714285714286
BG00473	-8.75445902910195	3.7699242536887527	0.3879804563907349	1.4285714285714286
BG00474	-7.69378864719692	1.1009995354727833	0.4247788972865742	1.4285714285714286
BG00475	-8.447437791230406	4.252398339047094	0.4509363655515551	1.4285714285714286
BG00476	-9.161456335345347	4.00474300870348	0.42652121813078187	1.4285714285714286
BG00477	-11.231435484666866	6.666987836380196	0.44485658912512666	1.4285714285714286
BG00478	-10.582898198823646	5.232853215307881	0.4083975384427581	1.2853061932652365
BG00479	-8.57115384682533	5.215813401759013	0.4067328634644851	1.4285714285714286
BG00480	-9.956729837094427	6.4490717452089035	0.4454323478064729	1.4285714285714286
BG00481	-7.876725706195348	2.4375624440900836	0.4136831628599927	1.4285714285714286
BG00482	-9.808192307134314	3.627496671099965	0.4079317017923831	1.4285714285714286
BG00483	-9.876782517108095	4.227993888552292	0.4318316242905059	1.4285714285714286
BG00484	-8.606949846570785	5.079707537628423	0.4335403771836852	1.4285714285714286
BG00485	-9.6918172072333	5.006066693295189	0.4397891009650342	1.4285714285714286
BG00486	-7.675999931301007	5.246480412434059	0.44680156569081286	1.4285714285714286
BG00487	-11.293279043277463	4.5138482587265845	0.4406109978533615	1.430120251154848
BG00488	-8.059223810492025	2.4227155858063165	0.39442743399241803	1.4285714285714286
BG00489	-8.521069496704081	3.1462156430281913	0.39813488052237944	1.4285714285714286
BG00490	-10.246558514911289	1.9356624799208841	0.43534794796599574	1.4285714285714286
BG00491	-9.734358127372175	1.8073457372558228	0.4164619213048202	1.4285714285714286
BG00492	-7.438934992385546	3.5868523745268077	0.39761651372484086	1.4285714285714286
BG00493	-8.044577013438184	2.18676561394954	0.4391827457900267	1.4285714285714286
BG00494	-8.130511102436696	2.117677352966199	0.4129848543560057	1.4285714285714286
BG00495	-9.50664537659261	4.481002340966896	0.4072638045421204	1.4285714285714286
BG00496	-7.825525796641483	1.2222297036379313	0.4048523646366588	1.4285714285714286
BG00497	-9.637246613453957	4.430480640113647	0.4263532862038998	1.4285714285714286
BG00498	-9.170704537383694	3.218669753492459	0.44347672013627837	1.4285714285714286
BG00499	-7.465609973500423	4.623980756425426	0.4451673125070297	1.4285714285714286
BG00500	-10.011666074130384	5.737497161198321	0.4113567965308624	1.4285714285714286
BG00501	-7.766967546900391	2.200929438307949	0.40801294559772255	1.4285714285714286
BG00502	-9.377036079450304	4.444656357389487	0.4340387640630627	1.4285714285714286
BG00503	-8.93023513544402	3.6117488116964775	0.4176226381845943	1.4285714285714286
BG00504	-8.13191836237961	4.204354361352379	0.40349029932281466	1.4285714285714286
BG00505	-9.004878658035105	3.712553189482446	0.4196552634385925	1.4285714285714286
BG00506	-9.065962559665206	2.045549198647903	0.441089922968048	1.4285714285714286
BG00507	-10.873142983873558	3.1641038246079596	0.4407853439040197	1.4285714285714286
BG00508	-9.519456282712877	4.289690600579496	0.4403453251405539	1.4285714285714286
BG00509	-8.434926701255426	4.970838721385117	0.42798757776659285	1.4285714285714286
BG00510	-7.593242231673234	3.5823899420228877	0.44851072350965243	1.4285714285714286
BG00511	-9.308653722006484	3.355291416666864	0.42958879732508065	1.4285714285714286
BG00512	-9.938896758443628	3.1525729739486157	0.4190498324402809	1.4285714285714286
BG00513	-9.983383471463316	4.201434480386711	0.43361046664049124	1.4285714285714286
BG00514	-7.441450216117175	3.338889403388017	0.4371858193370773	1.4285714285714286
BG00515	-8.042334060194767	3.665699461516117	0.41046369931264853	1.4285714285714286
BG00516	-8.023920774797315	5.268892958938851	0.4233030628420526	1.4285714285714286
BG00517	-8.689450281303776	1.7420285571591958	0.39738495815633823	1.4285714285714286
BG00518	-8.497927129317075	4.146272011370873	0.44581142743660657	1.4285714285714286
BG00519	-9.404404466991032	4.0027399943336395	0.4026685451858368	1.4285714285714286
BG00520	-10.26558870667245	4.006720760304075	0.43651457531113214	1.4285714285714286
BG00521	-9.010468316956391	6.14530340519536	0.39333066927496957	1.2853061932652365
BG00522	-7.711033467722101	3.227062962717709	0.4085077042755732	1.4285714285714286
BG00523	-8.165728983948059	2.632940636414165	0.43343917760626	1.4285714285714286
BG00524	-6.921227300569995	2.632204228896836	0.45031808535256174	1.4285714285714286
BG00525	-7.973586043790924	4.477848565171891	0.4225901270434161	1.4285714285714286
BG00526	-9.6594270313356	2.5644957887540363	0.42179679228222133	1.4285714285714286
BG00527	-9.238466795566609	3.0919249800160986	0.44454472466238	1.4285714285714286
BG00528	-9.69943811458411	2.1030580946193913	0.3935818946097501	1.4285714285714286
BG00529	-10.201039708399282	7.541477995761451	0.4430085617528626	1.4285714285714286
BG00530	-7.347420268185452	4.163425734452217	0.42253115880345193	1.4285714285714286
BG00531	-7.2611610822223716	1.96490858775857	0.4372536527541425	1.4285714285714286
BG00532	-9.374798893547302	4.828672306644518	0.4397546579167363	1.4285714285714286
BG00533	-10.086073519390801	5.066597256559152	0.42495642160032693	1.430120251154848
BG00534	-9.032868353875587	5.233555023820534	0.4369609231066573	1.4285714285714286
BG00535	-7.918332803173239	3.3996207119512087	0.43707486600223994	1.4285714285714286
BG00536	-9.07035214922428	6.2040717015488775	0.4293231027566662	1.4285714285714286
BG00537	-8.661024567333076	5.77331011741205	0.40500245530745244	1.4285714285714286
BG00538	-10.953432084177575	4.334235494297809	0.4281086222338965	1.4285714285714286
BG00539	-8.700730625075634	3.261714673371395	0.4280090196630719	1.4285714285714286
BG00540	-8.337307681568538	4.292882308543114	0.422883296570995	1.4285714285714286
BG00541	-8.008208606627024	2.9995982654848623	0.4438381094408778	1.4285714285714286
BG00542	-9.090612514092411	5.834747734967508	0.4078478033574012	1.4285714285714286
BG00543	-9.660579209158431	3.7219649850974257	0.44592079151387437	1.4285714285714286
BG00544	-10.632670763725205	3.997761329526143	0.43889302954811704	1.430120251154848
BG00545	-7.683427983172924	3.458496914612829	0.39757902290562747	1.4285714285714286
BG00546	-7.8817524461607515	4.361579833656506	0.42742356729108655	1.4285714285714286
BG00547	-8.982831782458883	4.5344307532807475	0.45021810211857066	1.4285714285714286
BG00548	-9.143487594280915	3.1754276800087875	0.41600123448177834	1.4285714285714286
BG00549	-9.577039116609567	2.8405452584885644	0.43497748265715036	1.4285714285714286
BG00550	-8.177103328648627	3.3166394650139943	0.4190544886352962	1.4285714285714286
BG00551	-8.65612859777957	4.53444826982454	0.4518166699791845	1.4285714285714286
BG00552	-7.5035405017727115	3.1540052127720193	0.43082016980465454	1.4285714285714286
BG00553	-9.977709478854742	5.480703564771058	0.4356971863342805	1.4285714285714286
BG00554	-8.87435240213627	3.123305642792471	0.43832260104273385	1.4285714285714286
BG00555	-7.53281237948457	1.430504895842489	0.42269835601022754	1.4285714285714286
BG00556	-8.94366583423734	4.271717110461493	0.40968746158022623	1.4285714285714286
BG00557	-8.540430386072332	1.91968341268219	0.4311724454334358	1.4285714285714286
BG00558	-8.33415176015904	4.201431012833555	0.44554929354348327	1.4285714285714286
BG00559	-8.180261643202927	3.2611273415788844	0.42870165472565613	1.4285714285714286
BG00560	-7.25269677233476	6.3098750391253455	0.42784065133022714	1.4285714285714286
BG00561	-11.084396216606038	4.256716259224062	0.42543102381956066	1.4285714285714286
BG00562	-8.77439006463887	2.297034275763259	0.44544328258952487	1.4285714285714286
BG00563	-10.169176229728212	4.883205422698148	0.42850531886800824	1.4285714285714286
BG00564	-9.707657519587224	3.3897801710981126	0.4352986933388032	1.4285714285714286
BG00565	-9.359734585341753	3.4808999997229773	0.4388409122253745	1.4285714285714286
BG00566	-8.792914426355464	3.274164847005824	0.4463326959375881	1.430120251154848
BG00567	-8.565521227683998	3.6285405142037193	0.4525861435853297	1.430120251154848
BG00568	-9.252629572730749	4.677876068562689	0.43549764553577736	1.4285714285714286
BG00569	-8.750101324085456	2.756328268630191	0.4364074983381686	1.4285714285714286
BG00570	-8.993758274337349	4.606336615486888	0.40802985755533266	1.4285714285714286
BG00571	-8.551409998517814	3.5476471605241464	0.4276254221774851	1.4285714285714286
BG00572	-10.21997802029109	4.675816384579071	0.4150822401457991	1.4285714285714286
BG00573	-8.638451465906803	3.3999815576664676	0.437586291125969	1.430120251154848
BG00574	-9.339369131489692	4.2372508620317495	0.41398947655946955	1.4285714285714286
BG00575	-7.146784908023859	3.0913318553143694	0.4087010353374119	1.4285714285714286
BG00576	-8.38148003132268	4.645785499536527	0.42644108121724705	1.4285714285714286
BG00577	-9.454911583597834	4.57849438728974	0.44250815952021416	1.4285714285714286
BG00578	-7.526482210764702	3.9402056167948083	0.3915423939525222	1.4285714285714286
BG00579	-6.460392022695583	4.883521606984889	0.43700637693503924	1.4285714285714286
BG00580	-8.998597667721508	4.072483018654741	0.44184628122167424	1.4285714285714286
BG00581	-8.490715475588233	3.452785123106988	0.4244049702186711	1.4285714285714286
BG00582	-10.142844584415734	2.580063300475367	0.4043698097014176	1.4285714285714286
BG00583	-8.779332386197574	5.454772999719791	0.38962756521933134	1.4285714285714286
BG00584	-9.94807304658982	2.8019236387031334	0.4358384860451769	1.4285714285714286
BG00585	-10.532721863866227	3.38299725558025	0.44036412620037596	1.4285714285714286
BG00586	-9.246051151581245	3.9542671008637993	0.4488249921292649	1.4285714285714286
BG00587	-10.890717694705982	6.843979873747993	0.4476028826496921	1.430120251154848
BG00588	-8.58883307884893	3.392563657577139	0.4405353650405742	1.4285714285714286
BG00589	-8.730515498174277	2.6266373009443287	0.4204525841597524	1.4285714285714286
BG00590	-8.761199610653012	4.664186752843833	0.393929997384298	1.4285714285714286
BG00591	-10.121175555514583	5.096853463551257	0.42165249390202025	1.4285714285714286
BG00592	-8.206121520369702	3.606423270995892	0.4254385254365675	1.4285714285714286
BG00593	-8.471774797234215	3.049572365862067	0.4295943417869626	1.4285714285714286
BG00594	-8.661710653134612	6.893620898976094	0.41955572187889684	1.4285714285714286
BG00595	-8.023419237354593	6.342641292942992	0.4382836430840162	1.4285714285714286
BG00596	-8.905301932136215	3.0009390064898938	0.4274522867667574	1.4285714285714286
BG00597	-9.279492476886567	2.9648383647368	0.4126229036113648	1.4285714285714286
BG00598	-9.715493899315822	4.673050799108607	0.4201952426436816	1.4285714285714286
BG00599	-9.821748857038608	5.588438180056051	0.431463519928569	1.4285714285714286
BG00600	-8.600679654999858	4.635798864148448	0.4396904321090833	1.4285714285714286
BG00601	-7.870984440304754	2.8355488504292916	0.4079445922267145	1.4285714285714286
BG00602	-8.45262418432279	4.965303848781342	0.4422237211749791	1.4285714285714286
BG00603	-7.745399137136273	2.3057506055858092	0.4163723308904112	1.4285714285714286
BG00604	-7.011546531160813	3.081362526486454	0.4276721863942301	1.4285714285714286
BG00605	-6.252978620550664	4.955832681075126	0.42992367894050987	1.4285714285714286
BG00606	-9.745634719878637	2.7477906651600104	0.43910730288534844	1.4285714285714286
BG00607	-10.055242375556542	4.347897556343677	0.4438797042615837	1.4285714285714286
BG00608	-9.287447986567422	4.048887165709137	0.4015868703138477	1.4285714285714286
BG00609	-9.425190286724872	4.248648082298749	0.4312294683581521	1.4285714285714286
BG00610	-8.809769682939587	3.8734202719092523	0.43739468223266004	1.4285714285714286
BG00611	-9.936716495003086	5.193533328525976	0.4115200725920829	1.2853061932652365
BG00612	-7.688284478546809	3.7901650116800703	0.42363765484817595	1.4285714285714286
BG00613	-8.18413995543917	2.6172830855428058	0.4160135965834882	1.4285714285714286
BG00614	-7.537551380940241	3.39221111214492	0.40501806792948647	1.4285714285714286
BG00615	-10.967641003927719	5.110983110555177	0.39377264407789414	1.4285714285714286
BG00616	-10.929994921804486	1.7250338226236384	0.42880553166522756	1.4285714285714286
BG00617	-10.33270851880254	4.5149866044713205	0.44950215710511854	1.4285714285714286
BG00618	-9.14352631494035	5.546087933549397	0.4423422395384337	1.4285714285714286
BG00619	-8.236468366179425	4.754455514845714	0.3949587576807458	1.2853061932652365
BG00620	-9.473907873130377	3.640344846735586	0.4093459921674239	1.4285714285714286
BG00621	-7.943487399198446	3.728132355423445	0.4347301009219468	1.4285714285714286
BG00622	-9.648650199521178	6.836409539929403	0.45696408818820944	1.4285714285714286
BG00623	-10.086799750236588	3.5536608934159957	0.4231113920978198	1.4285714285714286
BG00624	-8.848180574971206	2.880172596309493	0.43946536757141946	1.4285714285714286
BG00625	-10.800253793102861	2.8330873208491454	0.4356414301451046	1.4285714285714286
BG00626	-9.442532506517665	3.372155542410486	0.43911504929571066	1.4285714285714286
BG00627	-8.529753374218012	3.758338250585384	0.412574628971464	1.4285714285714286
BG00628	-9.248151157036629	3.9972213915657218	0.437231554089947	1.4285714285714286
BG00629	-8.538797644074632	6.067706893895573	0.4345805259863174	1.4285714285714286
BG00630	-6.715838535698168	1.5631853957043043	0.42043932175270166	1.4285714285714286
BG00631	-9.357974891735015	3.7248513338872398	0.4326812775085084	1.4285714285714286
BG00632	-9.341415496306396	3.135258826257604	0.44502939267752456	1.430120251154848
BG00633	-9.123439488927486	5.1055926594534435	0.417539637638575	1.4285714285714286
BG00634	-10.519266400732327	2.8418570263127774	0.44084261156654936	1.4285714285714286
BG00635	-10.690262120299783	4.965472322200576	0.4469913716107403	1.4285714285714286
BG00636	-8.83565386245279	2.934337081908853	0.45161600721367445	1.430120251154848
BG00637	-9.150169104561822	5.90458765140645	0.4290138789971271	1.4285714285714286
BG00638	-9.460757378027191	3.938177614681732	0.4305195544260733	1.4285714285714286
BG00639	-8.730037042669192	3.3940161020137616	0.41482095430744437	1.4285714285714286
BG00640	-7.667450136112546	2.954553781072248	0.41033104833433276	1.4285714285714286
BG00641	-10.448839752154127	3.8898536692105945	0.400185696609169	1.4285714285714286
BG00642	-8.929770676229294	1.7189297567497472	0.43813857960347125	1.4285714285714286
BG00643	-8.35796545787188	4.917280450730977	0.4028407504578388	1.4285714285714286
BG00644	-8.099843109465228	2.638959016288347	0.3987366373244872	1.4285714285714286
BG00645	-11.396213868920334	4.495330684887228	0.43633108598505843	1.4285714285714286
BG00646	-9.833449196249253	5.464901957172952	0.44975197188542704	1.4285714285714286
BG00647	-10.216226973947471	5.7375841170086685	0.45086789833781143	1.4285714285714286
BG00648	-9.118079822581546	3.041556278646313	0.4032446857204048	1.4285714285714286
BG00649	-7.534097064689542	3.771534609866392	0.41148780107419325	1.4285714285714286
BG00650	-9.28278988677004	3.0484502891490255	0.4282270815403212	1.4285714285714286
BG00651	-9.289997437536499	2.435351395745613	0.4323537653057287	1.430120251154848
BG00652	-6.330855378342061	3.2690494929364005	0.44743977618495984	1.4285714285714286
BG00653	-7.487186240088295	2.817741869885649	0.41790320538834796	1.4285714285714286
BG00654	-8.6465724824628	4.553389418530419	0.4369880273505889	1.4285714285714286
BG00655	-8.842971196291016	3.81723891790469	0.3909254879583997	1.4285714285714286
BG00656	-9.785712979900426	4.2881928106535145	0.43758204996737343	1.4285714285714286
BG00657	-10.738725549662224	4.409299409694288	0.44341678468539236	1.4285714285714286
BG00658	-8.725602185994033	3.3817303789240936	0.4389848469579104	1.430120251154848
BG00659	-8.281819632150517	4.719061832971412	0.4230893468613944	1.4285714285714286
BG00660	-9.778571882898065	2.5256163209114657	0.4182592058260053	1.4285714285714286
BG00661	-7.235274130172301	4.309379091508794	0.41298581503768755	1.4285714285714286
BG00662	-8.611620984555463	0.713458847332282	0.39662046736029444	1.4285714285714286
BG00663	-9.857763883515029	4.21141370945279	0.39221859125401515	1.1016395137759427
BG00664	-10.010410242730613	2.662739564892825	0.4351648308444054	1.4285714285714286
BG00665	-8.85653092271533	3.0788125210832984	0.43873149084078317	1.4285714285714286
BG00666	-9.691760993410348	2.5477983923606256	0.447407943866055	1.4285714285714286
BG00667	-9.623428206919804	2.868132617282932	0.41954675872160563	1.4285714285714286
BG00668	-8.057030594372833	4.887642235565128	0.43861059264935004	1.4285714285714286
BG00669	-10.50361534931619	5.1533584024531525	0.41748945413154637	1.430120251154848
BG00670	-8.808756951607878	2.391431767039643	0.4558234632228918	1.4285714285714286
BG00671	-10.057327374520723	2.7902251436013263	0.4227919908061452	1.4285714285714286
BG00672	-10.977355246951582	5.542249930422416	0.39165461353396636	1.2814680971955783
BG00673	-9.017944787535544	3.371585186994508	0.4104732275627183	1.4285714285714286
BG00674	-8.655465461539155	4.103168938476666	0.40479461267171496	1.4285714285714286
BG00675	-7.826679660982065	4.516882045489039	0.41656076628947714	1.4285714285714286
BG00676	-9.576519340318118	6.777280705416786	0.4494125304118304	1.4285714285714286
BG00677	-9.183096133477205	6.797506449995093	0.39814526237053927	1.2853061932652365
BG00678	-9.315274442624935	6.699817532794833	0.4285364251353084	1.4285714285714286
BG00679	-7.762921287794022	3.3229756226594005	0.4416736797779965	1.4285714285714286
BG00680	-8.946497552555304	5.462660591428192	0.41376934884174243	1.4285714285714286
BG00681	-6.328432187006245	2.709083352050327	0.433347178352312	1.4285714285714286
BG00682	-8.376034066939997	3.078066647407373	0.43340595872419274	1.4285714285714286
BG00683	-8.458875237605547	2.649403684887409	0.4188358657361275	1.4285714285714286
BG00684	-8.258350448645604	4.756014087307526	0.42695665384244796	1.4285714285714286
BG00685	-7.351455529973771	1.169513737519195	0.4263405946400193	1.4285714285714286
BG00686	-9.958582333474363	2.965566985371979	0.44433652643292076	1.4285714285714286
BG00687	-7.32929411966076	2.5956899344594357	0.4225175298180906	1.4285714285714286
BG00688	-9.249593342439285	3.4089065439494095	0.41276722597485127	1.4285714285714286
BG00689	-10.63363706300888	1.8448883837023522	0.39138294772434484	1.0803855050050257
BG00690	-10.93036924828131	1.5950618643058034	0.4106274476882152	1.4285714285714286
BG00691	-9.008284394646815	2.165506623714819	0.4278054540256486	1.4285714285714286
BG00692	-8.245569847134908	0.5617238262876206	0.4111513607301937	1.4285714285714286
BG00693	-10.168574816512665	5.968405181165366	0.4273004770681782	1.4285714285714286
BG00694	-8.490253963967728	3.924250764162444	0.4331103542293085	1.4285714285714286
BG00695	-8.696088181178704	4.421164738287039	0.440552485544152	1.4285714285714286
BG00696	-8.02636423146498	4.081448654499674	0.4140468743955755	1.4285714285714286
BG00697	-9.055782838817814	-0.5895608057715283	0.4341789209977744	1.4285714285714286
BG00698	-11.002527348355365	3.558177434001926	0.42281569055173607	1.430120251154848
BG00699	-10.78443946027214	4.204225885597092	0.4477383013815247	1.4285714285714286
BG00700	-9.21172382915284	2.178690293779839	0.4196932019520598	1.4285714285714286
BG00701	-8.025012578085914	2.6029860198400763	0.42159345051431385	1.4285714285714286
BG00702	-9.81038657703989	6.573137985732198	0.4368248861064278	1.4285714285714286
BG00703	-8.858506303891902	4.3889559920768955	0.4380431018313098	1.4285714285714286
BG00704	-10.522670016237434	5.512356802304771	0.39523981052353474	1.4285714285714286
BG00705	-8.313027668742407	5.760517384388717	0.3980774312346898	1.4285714285714286
BG00706	-9.043868777851946	5.642064006622481	0.43302211756037334	1.4285714285714286
BG00707	-10.676980646503667	3.211484469420439	0.4237136367981718	1.4285714285714286
BG00708	-8.498704715486468	3.1060940411392632	0.4158819153940882	1.4285714285714286
BG00709	-8.983890041230216	5.228184514363142	0.41140428865481277	1.4285714285714286
BG00710	-7.893804207101632	4.940421019271507	0.38719780658577846	1.4285714285714286
BG00711	-9.703207597268277	3.2974170287381774	0.4425312145689653	1.4285714285714286
BG00712	-7.84996163475625	3.838220663916709	0.4208482252234951	1.4285714285714286
BG00713	-8.77301823613518	4.112713338087487	0.4342889435059677	1.4285714285714286
BG00714	-9.397152671558437	3.9728241834938762	0.4344970962606924	1.4285714285714286
BG00715	-8.693734567783531	3.0030121678113413	0.4376117012956311	1.4285714285714286
BG00716	-10.097636616279978	2.5733523735090182	0.41688503603163296	1.4285714285714286
BG00717	-8.697814002785204	5.27318177425508	0.4254680818547886	1.4285714285714286
BG00718	-9.969265746767356	5.691051192284306	0.4477148259522146	1.4285714285714286
BG00719	-7.815064917671259	2.2863811407587136	0.4203082385190275	1.4285714285714286
BG00720	-7.553053277335464	3.204736163782841	0.4055305601658006	1.4285714285714286
BG00721	-8.521715759712636	2.6755925508376235	0.41476747280876497	1.4285714285714286
BG00722	-8.27500132030823	3.985085622420191	0.4331416154792287	1.4285714285714286
BG00723	-7.274578225226207	3.274860199923087	0.41846313596915113	1.4285714285714286
BG00724	-10.726220593195075	4.635361648704384	0.3896517801990858	1.4285714285714286
BG00725	-6.8877230568665375	2.500994792174403	0.42886097656938743	1.4285714285714286
BG00726	-9.495727512870424	4.105953929595181	0.43624115714517125	1.4285714285714286
BG00727	-9.879157765897071	5.437099026421562	0.45548800023544067	1.4285714285714286
BG00728	-10.551438475674837	6.605851594807008	0.4358676436479233	1.4285714285714286
BG00729	-8.980098049016293	3.528206326034264	0.39486289989336915	1.4285714285714286
BG00730	-9.587411530257512	2.9154174538647735	0.40454522604455245	1.4285714285714286
BG00731	-8.184140350702732	3.0654527703235317	0.4392931755393552	1.4285714285714286
BG00732	-8.315179494302507	3.7651589156491796	0.44219482585356823	1.4285714285714286
BG00733	-7.556411141394155	3.0688594438751977	0.4260650589302819	1.4285714285714286
BG00734	-8.999018614542267	4.998539661250325	0.42394901923921496	1.4285714285714286
BG00735	-8.534497855095982	2.1649460058176304	0.40242267838956003	1.4285714285714286
BG00736	-8.389787587428351	4.372856902952214	0.3913389945424521	1.4285714285714286
BG00737	-9.851790070351782	6.989798374562381	0.42105803404408393	1.4285714285714286
BG00738	-9.842931812657332	4.4613853912054555	0.4228466033953595	1.4285714285714286
BG00739	-9.528802620589765	3.419615606992644	0.40275388471483947	1.4285714285714286
BG00740	-8.118926849590274	3.070317082192237	0.41666763251074607	1.4285714285714286
BG00741	-9.268645554890178	7.261119616371395	0.43656652050317674	1.4285714285714286
BG00742	-9.718490377180032	3.0478298660663667	0.40107218782487825	1.4285714285714286
BG00743	-9.616462101944448	4.016999734811897	0.4478747466891566	1.4285714285714286
BG00744	-9.217930995976936	1.8992630587705137	0.449701672092596	1.4285714285714286
BG00745	-10.264540858325514	2.450641258577959	0.42442220832900324	1.4285714285714286
BG00746	-7.379464231750742	2.7389452883322054	0.3966053244837946	1.4285714285714286
BG00747	-9.095360927150923	4.148878838307222	0.4173018123587147	1.4285714285714286
BG00748	-9.703545644762016	5.236099197861075	0.4305360830492433	1.4285714285714286
BG00749	-10.036895582856339	0.931895982660675	0.4383074954957971	1.4285714285714286
BG00750	-8.020491354119544	1.8324625037363658	0.4230161187721441	1.4285714285714286
BG00751	-8.694958026981217	5.327304941237592	0.44501718293956577	1.4285714285714286
BG00752	-9.15150111051596	3.7643979851277036	0.4099565189193763	1.4285714285714286
BG00753	-10.33981356973596	3.74485494160461	0.41812350681979676	1.4285714285714286
BG00754	-8.01519932785046	0.9693445388616332	0.4177825864711074	1.4285714285714286
BG00755	-8.475998128411408	3.071773778045013	0.41854120212528345	1.4285714285714286
BG00756	-8.412344758563762	3.9683251403698034	0.4478151902250923	1.4285714285714286
BG00757	-9.547936840982139	3.747665095635516	0.44894403150807394	1.4285714285714286
BG00758	-9.397629391646694	2.934477543325078	0.44670467259699925	1.4285714285714286
BG00759	-8.681171876197313	1.0862633560879438	0.4291167154129898	1.4285714285714286
BG00760	-6.908072955894765	2.387951501517104	0.41211132849134974	1.4285714285714286
BG00761	-9.626108438823266	4.158993065673091	0.4452404686433943	1.4285714285714286
BG00762	-9.065777354167913	4.127172216436235	0.4481883400101303	1.4285714285714286
BG00763	-9.312695253579474	2.8020159334697987	0.42650386681775054	1.4285714285714286
BG00764	-8.279120963735666	2.147008403862992	0.4168581894642627	1.4285714285714286
BG00765	-6.9221034825491286	5.295009128526518	0.42893350357783244	1.4285714285714286
BG00766	-7.827338687798018	3.6482905439395292	0.40195859470498796	1.4285714285714286
BG00767	-8.266564193619734	5.449618954558341	0.40453356095209814	1.4285714285714286
BG00768	-8.608824701949903	4.023808932020357	0.42528072413034906	1.4285714285714286
BG00769	-8.459392968872667	1.778691206481146	0.44231225777959887	1.4285714285714286
BG00770	-10.577978370074506	5.725018079502199	0.4073409640503799	1.4285714285714286
BG00771	-7.9715128235984505	2.142334756588619	0.4025972134838496	1.4285714285714286
BG00772	-10.187141109795586	2.630832312404795	0.41093720152554547	1.4285714285714286
BG00773	-9.9452502098163	7.1062620116238016	0.4210060260105092	1.4285714285714286
BG00774	-7.504693362238848	3.8439810417779143	0.40959499312077385	1.4285714285714286
BG00775	-9.060569774563316	3.9778451130797725	0.43398710994400475	1.4285714285714286
BG00776	-10.041406141483716	5.0413251741924645	0.4312851342517665	1.4285714285714286
BG00777	-9.52234308806513	4.247428165649245	0.43887405455271883	1.4285714285714286
BG00778	-7.299778866053246	2.8179226314760535	0.4200786205833698	1.4285714285714286
BG00779	-8.989280826391502	4.676037267465909	0.4471764158444803	1.4285714285714286
BG00780	-9.32967114090206	4.25341133849247	0.42060963927916006	1.430120251154848
BG00781	-9.23404711683123	3.450462105521005	0.39556715447068375	1.4285714285714286
BG00782	-7.607520780337845	3.27420223351267	0.4047124369263512	1.4285714285714286
BG00783	-10.298093588789499	3.7696001618820385	0.4340908908330288	1.4285714285714286
BG00784	-8.415195989838258	4.4024955149773195	0.42952737000975	1.4285714285714286
BG00785	-6.734842599473848	3.401492589527107	0.44287980845215824	1.4285714285714286
BG00786	-8.190044855514097	1.619162533146214	0.4134305355423421	1.4285714285714286
BG00787	-10.630226216630764	5.456810457491745	0.45112318573077403	1.4285714285714286
BG00788	-9.041325728459189	3.022470671900375	0.4457112512137926	1.4285714285714286
BG00789	-9.288123123274202	2.6317973446663494	0.4412247634223538	1.4285714285714286
BG00790	-8.534402146983252	4.927141048074428	0.4270876297781832	1.4285714285714286
BG00791	-7.686156434203465	6.44611507133931	0.43885935206738114	1.4285714285714286
BG00792	-7.186656968288976	2.12655673236815	0.4222078839349227	1.4285714285714286
BG00793	-8.654882506549786	3.5521202438605877	0.40923260890980406	1.4285714285714286
BG00794	-8.9449506011204	4.66368705440114	0.4509539870343337	1.4285714285714286
BG00795	-8.61764865851589	6.59640198817129	0.43625860810285794	1.4285714285714286
BG00796	-9.814405458729357	3.687168168101286	0.4173419320928722	1.4285714285714286
BG00797	-8.500417084083098	4.51264161838487	0.4550815276118061	1.4285714285714286
BG00798	-10.013338112113471	4.17537926837621	0.403856037320582	1.4285714285714286
BG00799	-5.493530748523036	0.04823149403055407	0.43029107784705983	1.4285714285714286
BG00800	-7.656312331044923	2.5964813556479083	0.4186164508549548	1.4285714285714286
BG00801	-9.259739105976754	5.480170504428217	0.43623875960497205	1.4285714285714286
BG00802	-8.435553634803222	3.597090503748964	0.42667108655439867	1.4285714285714286
BG00803	-10.229471081611571	3.33428863659296	0.43118993223399754	1.4285714285714286
BG00804	-9.521276191653266	3.816270645272102	0.4295312472742762	1.4285714285714286
BG00805	-10.534923418418016	6.546446652580802	0.4435983056997015	1.4285714285714286
BG00806	-9.397121401833516	2.607325067301997	0.4301428995660298	1.4285714285714286
BG00807	-10.140964790833754	3.78688794847849	0.434014446049323	1.4285714285714286
BG00808	-9.123212020506925	2.9318957359293396	0.4353389449593051	1.4285714285714286
BG00809	-9.915350229039262	4.155262462046995	0.4492944045186534	1.4285714285714286
BG00810	-8.569484673517662	2.2486927788501134	0.42823745152357845	1.4285714285714286
BG00811	-8.710129257838124	2.567593662754568	0.4454369093223322	1.4285714285714286
BG00812	-10.005251169623333	5.100223654928294	0.40479458966488785	1.4285714285714286
BG00813	-9.548486999960417	4.511177124615402	0.4350200179214043	1.4285714285714286
BG00814	-9.90106563479976	3.5499182293830325	0.41139286123650837	1.4285714285714286
BG00815	-9.899937362971698	4.201056051290395	0.4210301621912436	1.4285714285714286
BG00816	-10.111173562351077	3.0441238725438016	0.44534543772497637	1.4285714285714286
BG00817	-9.38007302895798	2.852630389620734	0.4530925517603042	1.4285714285714286
BG00818	-9.085501961042562	3.991415340212373	0.39146394531740536	1.4285714285714286
BG00819	-7.949373075262582	4.0114605812714945	0.4154792559922002	1.4285714285714286
BG00820	-8.348286641163432	3.6157163206317664	0.4187601278405843	1.4285714285714286
BG00821	-9.159583085750251	3.5762807785114497	0.42935835659356486	1.4285714285714286
BG00822	-7.002466799516849	0.8301002262059172	0.418210645826428	1.4285714285714286
BG00823	-6.371814876676342	3.9431708440056843	0.39256450170742824	1.4285714285714286
BG00824	-10.041898032862528	3.9113698027873407	0.42757272518471146	1.4285714285714286
BG00825	-6.89859281676291	2.8517486223649615	0.42249270315976806	1.4285714285714286
BG00826	-8.747447338700539	4.973291038606698	0.4481613416866763	1.4285714285714286
BG00827	-8.981770237442003	2.954393540550515	0.40615147669146584	1.4285714285714286
BG00828	-9.06380242654374	3.775723015538058	0.3957653684694734	1.4285714285714286
BG00829	-8.848687409313625	3.4204700638333563	0.42483110914768213	1.430120251154848
BG00830	-8.581019829892952	4.4836451716084875	0.40029263565072104	1.2853061932652365
BG00831	-7.102322793298706	1.6617796728307974	0.4025185100411389	1.430120251154848
BG00832	-10.574344950938604	6.389502062299826	0.448377739923504	1.4285714285714286
BG00833	-9.105545418708465	2.345207628306603	0.39244048849157903	1.4285714285714286
BG00834	-7.95281873566002	2.6692550797475305	0.42902311899052503	1.4285714285714286
BG00835	-7.7543431760907655	2.279390280516565	0.42706406276077424	1.4285714285714286
BG00836	-10.404533127782397	5.221176203016083	0.40352399537659095	1.4285714285714286
BG00837	-9.59568068250893	3.5437471847308206	0.41851980242869397	1.4285714285714286
BG00838	-9.208102904093462	4.388905963705249	0.4272581017740651	1.4285714285714286
BG00839	-9.081403444618823	3.080212919741674	0.4430263463016796	1.4285714285714286
BG00840	-9.430501830915542	3.9974911015186616	0.4406423151570335	1.4285714285714286
BG00841	-10.23029333368545	3.996433238300817	0.4006082488542381	1.4285714285714286
BG00842	-9.656564558433834	3.6589301187283167	0.428331259263278	1.4285714285714286
BG00843	-9.967197180848823	2.8089198917438645	0.415849019665543	1.4285714285714286
BG00844	-8.658096802605513	4.043004934659337	0.446762582366676	1.430120251154848
BG00845	-10.059863890089481	2.346280811787796	0.3964228197432354	1.0160338447289008
BG00846	-7.711467494731947	2.0803806649277496	0.4312689845337613	1.4285714285714286
BG00847	-8.513432157733458	3.899172464466144	0.43923449603296877	1.4285714285714286
BG00848	-6.635890203244786	2.5349848374348247	0.4133069022651971	1.4285714285714286
BG00849	-10.144179025298564	4.139985638304024	0.3995627896593536	1.4285714285714286
BG00850	-8.61048983314155	3.422820194452088	0.428786009553433	1.4285714285714286
BG00851	-8.90114763487758	6.241312113911052	0.38033199169213655	1.2853061932652365
BG00852	-7.99589357509002	4.961767853063691	0.4320565557372686	1.4285714285714286
BG00853	-9.488450262060248	3.527708322837743	0.44733891792863073	1.4285714285714286
BG00854	-9.129968387948221	2.5377794458204477	0.4390014402451066	1.4285714285714286
BG00855	-8.326279501964887	4.882013595057556	0.44052993143146496	1.4285714285714286
BG00856	-8.540619308174804	4.381149041223125	0.4257383076596825	1.4285714285714286
BG00857	-9.368655887454297	2.9286999663971596	0.44302610444927093	1.4285714285714286
BG00858	-9.38158238278555	3.445169138707904	0.439091215769687	1.430120251154848
BG00859	-9.78628558383252	4.8321091341098725	0.4293787974105836	1.4285714285714286
BG00860	-8.717775406585393	1.5153149974858404	0.4381845405239007	1.430120251154848
BG00861	-7.583087785668825	4.209166534856662	0.443701450219957	1.4285714285714286
BG00862	-8.77481307188796	4.8276501609644935	0.42728022971056495	1.4285714285714286
BG00863	-7.264786865810987	3.9953736186812883	0.4372342286561865	1.4285714285714286
BG00864	-8.66298488712737	3.8905692567427868	0.4460545804460688	1.4285714285714286
BG00865	-7.3045814003548	4.369342042977507	0.43125681270236543	1.4285714285714286
BG00866	-9.093839027840849	4.476906602082669	0.4329340421984669	1.4285714285714286
BG00867	-11.12594306721795	4.667128935266196	0.43873905223308113	1.4285714285714286
BG00868	-9.126919541026027	1.9582193078343542	0.44545486575265586	1.4285714285714286
BG00869	-11.100845382333056	5.018964494578001	0.4239536639903316	1.4285714285714286
BG00870	-8.867037556401256	6.424126325683134	0.44066024167737966	1.4285714285714286
BG00871	-8.703288957095817	5.281470733255371	0.4515891707820098	1.4285714285714286
BG00872	-9.499477652802426	4.035138337325252	0.43811210545674534	1.4285714285714286
BG00873	-8.254688925369411	4.128304570919158	0.413549652919568	1.4285714285714286
BG00874	-10.345879287042308	7.507115806541195	0.4163491696813103	1.4285714285714286
BG00875	-9.217634372032125	4.806425954538997	0.4354018340981621	1.4285714285714286
BG00876	-7.769276914356382	4.202617462623024	0.4526545239422615	1.4285714285714286
BG00877	-8.571676312143794	3.7360070799751828	0.4040195518050657	1.4285714285714286
BG00878	-9.959562691375421	5.61325521457933	0.44703799974880276	1.430120251154848
BG00879	-9.302783485061065	2.3594665946975306	0.4310876038134196	1.4285714285714286
BG00880	-8.943946821684893	2.5761284379640186	0.41411075244578904	1.4285714285714286
BG00881	-9.831424912985348	3.629322257213939	0.3878377358956802	1.2853061932652365
BG00882	-9.690042562737455	3.640240048697834	0.4347200327165289	1.4285714285714286
BG00883	-10.067406090129294	4.116597689690643	0.4151590576055649	1.4285714285714286
BG00884	-8.119967896926768	4.29176040450356	0.4420759076248649	1.4285714285714286
BG00885	-9.423723248381831	5.515929351484031	0.4059317849968482	1.4285714285714286
BG00886	-9.508734341678485	3.346522903242604	0.4346249933410471	1.4285714285714286
BG00887	-7.872814047638105	3.07807077100375	0.4034426980992465	1.4285714285714286
BG00888	-8.862505999282737	3.632872407617042	0.43819158929195673	1.4285714285714286
BG00889	-9.217000862768046	3.52227367450064	0.4420938633877906	1.4285714285714286
BG00890	-9.398232805623632	1.9873465000990373	0.41019820743906066	1.4285714285714286
BG00891	-7.495024736366217	1.931847766717722	0.44176250430661246	1.4285714285714286
BG00892	-8.121255582469947	3.021484660868002	0.41771151650639526	1.4285714285714286
BG00893	-8.335674686524372	4.406667465358347	0.40825491912799466	1.4285714285714286
BG00894	-9.620855307766838	5.04595647143377	0.43588207974998755	1.4285714285714286
BG00895	-9.71117082066686	2.8142117746773794	0.44087959461437914	1.4285714285714286
BG00896	-7.735604123124125	3.3890377190150005	0.4018972221218887	1.4285714285714286
BG00897	-10.490561571924687	4.922555526503736	0.44584006966965856	1.4285714285714286
BG00898	-10.418039854007574	5.610558623796469	0.4374900201336057	1.4285714285714286
BG00899	-10.504306194508164	4.133617890906331	0.41323671387695243	1.4285714285714286
BG00900	-8.457121140541982	4.596417577277575	0.4305555663521648	1.4285714285714286
BG00901	-8.863030326559366	1.111586328676067	0.4435258679643493	1.4285714285714286
BG00902	-7.817180033105306	5.562567349857858	0.4456132107786711	1.4285714285714286
BG00903	-7.969471407556538	3.6306800565338886	0.41471149090696596	1.4285714285714286
BG00904	-8.77263321784008	4.948653290016301	0.4355578486069229	1.4285714285714286
BG00905	-7.909979708254203	2.5721879082082584	0.4128582186102479	1.4285714285714286
BG00906	-7.888551617015663	3.992344733227296	0.43464855631775495	1.4285714285714286
BG00907	-10.359406871905996	5.666703429398932	0.4241554941889168	1.4285714285714286
BG00908	-8.680936120193811	3.678192764726969	0.4190755873503898	1.4285714285714286
BG00909	-9.575354794689261	3.26598986376105	0.40231822590462935	1.4285714285714286
BG00910	-10.371671340388847	6.293523150259898	0.4285598596113086	1.4285714285714286
BG00911	-9.942584530929171	4.562688728416934	0.43731006740621137	1.4285714285714286
BG00912	-8.513448989771259	5.974342033145699	0.43658090699040014	1.4285714285714286
BG00913	-7.958436900776203	5.842888744224809	0.39101560367699695	1.4285714285714286
BG00914	-8.8083816182423	2.318842571717044	0.4109092257314276	1.4285714285714286
BG00915	-9.805347368141208	4.499404139719379	0.4270996116228783	1.4285714285714286
BG00916	-8.448453564687586	2.3086880278927384	0.41480723604257985	1.4285714285714286
BG00917	-8.895532074006859	2.5682096321498333	0.425667533969506	1.430120251154848
BG00918	-9.112256162277177	3.1000343538927835	0.41579121893867793	1.1988241461748232
BG00919	-10.824211968264684	5.758558921715194	0.43616656884183125	1.4285714285714286
BG00920	-11.425710547783789	5.590814816041954	0.4451294415815746	1.4285714285714286
BG00921	-7.586056402609653	3.1601130265579758	0.39584045383144567	1.4285714285714286
BG00922	-8.328061606149351	4.34955148067353	0.44462384128281585	1.4285714285714286
BG00923	-7.420992808530956	3.530301847334262	0.4156443455129729	1.4285714285714286
BG00924	-8.199963162013388	3.1325652818829655	0.4238467002797451	1.4285714285714286
BG00925	-5.873290086549343	2.954978552571297	0.40066759782609684	1.4285714285714286
BG00926	-8.294422883067751	4.512541648072014	0.41866499821937203	1.4285714285714286
BG00927	-9.743518025486848	4.131330936023558	0.44552755880607536	1.4285714285714286
BG00928	-10.242214623218546	3.7764249027287478	0.42537471428722334	1.4285714285714286
BG00929	-10.743702710415278	4.347240374495935	0.44690855573075666	1.4285714285714286
BG00930	-8.218612009073636	1.031013395772915	0.4436828826192296	1.4285714285714286
BG00931	-8.55106164496508	6.2828818545705545	0.4281694854172829	1.4285714285714286
BG00932	-9.512081450761563	5.8631789009656226	0.421076704495149	1.4285714285714286
BG00933	-10.128045363287711	2.2870832415947793	0.4106767387477217	1.4285714285714286
BG00934	-7.295364983950596	3.730496122611515	0.43243470247942933	1.4285714285714286
BG00935	-8.663020887894096	5.17551528995623	0.4390579689151342	1.4285714285714286
BG00936	-7.383038486063646	4.365995562364298	0.4288820936527034	1.4285714285714286
BG00937	-8.464128604887893	1.6989613477451408	0.39965640864986196	1.4285714285714286
BG00938	-9.96474596483333	3.864605309703234	0.42589141372571954	1.4285714285714286
BG00939	-6.895577799297861	3.3770555038020524	0.43160695115729325	1.4285714285714286
BG00940	-7.026997262297363	3.8813521619107205	0.4131369705003232	1.4285714285714286
BG00941	-9.489852482616753	1.7335539022700068	0.4279727342894407	1.4285714285714286
BG00942	-9.436571098952019	3.999762276284359	0.4297809251948755	1.4285714285714286
BG00943	-9.774852170000168	2.8324306515899056	0.4262291022646999	1.4285714285714286
BG00944	-9.445104855018869	1.4165265831390739	0.3927170330015938	1.4285714285714286
BG00945	-8.93435526078354	3.4679239836695728	0.4455786385468171	1.430120251154848
BG00946	-8.577815142229888	3.4089587400094117	0.4119004287898611	1.4285714285714286
BG00947	-9.071672692365471	2.8296318464122554	0.38184113827556093	1.4285714285714286
BG00948	-8.691180920966183	5.502394598278562	0.4034933349207687	1.4285714285714286
BG00949	-9.02175496141426	2.5387099397984043	0.43096657114026804	1.4285714285714286
BG00950	-7.465859197550162	1.3907269927802879	0.42136736002016967	1.4285714285714286
BG00951	-9.562180838975312	3.6824373374863635	0.4256371496611991	1.4285714285714286
BG00952	-9.218610440115969	3.1203584166692284	0.44948351239321876	1.4285714285714286
BG00953	-8.253853995736884	5.093294608193667	0.41232550775267013	1.4285714285714286
BG00954	-7.86690830576869	5.33504531134013	0.42165305659706726	1.4285714285714286
BG00955	-9.692155994146578	5.489583676808221	0.4418923670194951	1.4285714285714286
BG00956	-9.246806293578281	2.4336747140399804	0.4266175941275992	1.4285714285714286
BG00957	-10.271659366157843	5.33140047307437	0.39034829001229454	1.430120251154848
BG00958	-7.976682895020231	4.106697553184341	0.38993486202228456	1.2853061932652365
BG00959	-9.383293587660049	3.250125016438316	0.4266904293880668	1.4285714285714286
BG00960	-7.2899773706194635	1.8330843618454902	0.43423293196148643	1.4285714285714286
BG00961	-9.019113704847348	4.762505880806691	0.4191823983840786	1.430120251154848
BG00962	-9.355561069663906	4.2804859090829686	0.4185269928088745	1.4285714285714286
BG00963	-9.631251747102155	1.2335751241037824	0.42406908529639104	1.4285714285714286
BG00964	-10.115934664789865	6.98563715881892	0.45011531782065317	1.430120251154848
BG00965	-7.804539103004535	3.303618524779154	0.4311051420940268	1.4285714285714286
BG00966	-9.719262959809386	3.7076985041219106	0.4312678672331354	1.4285714285714286
BG00967	-9.696219497202046	3.109116187473494	0.4148908880533028	1.4285714285714286
BG00968	-10.061270833574664	5.760112470391725	0.41098153758945344	1.4285714285714286
BG00969	-7.3447265737922915	3.290798735712973	0.43452385276259753	1.4285714285714286
BG00970	-6.170217821497072	6.850772977807591	0.4101966541364495	1.4285714285714286
BG00971	-8.57865814118897	5.09828754336522	0.424033182560745	1.4285714285714286
BG00972	-9.725497937373698	4.046863680767706	0.42552796338790644	1.4285714285714286
BG00973	-5.788496858063004	2.685763782478305	0.4387695708148954	1.4285714285714286
BG00974	-9.922617970961657	6.021741465706641	0.4219417972267582	1.4285714285714286
BG00975	-8.159264097126123	3.515554584292001	0.4042307492053521	1.4285714285714286
BG00976	-9.160376876223905	1.3984272180555435	0.44181054310889467	1.4285714285714286
BG00977	-9.019236828893318	2.9043354855361736	0.44060525653452337	1.4285714285714286
BG00978	-9.05472746804966	3.9672944905013905	0.442555357935849	1.4285714285714286
BG00979	-8.623693156937215	3.6478634223701665	0.4232081003012412	1.4285714285714286
BG00980	-7.513887304705766	1.9425734010794857	0.4313144642347115	1.4285714285714286
BG00981	-9.466338528139248	4.13748909483438	0.42425528700382836	1.430120251154848
BG00982	-10.166429534589158	4.782769387752907	0.43859871694503266	1.4285714285714286
BG00983	-9.018117497275687	3.335315392419178	0.39544751998231337	1.4285714285714286
BG00984	-8.254343856547107	3.490826097602378	0.43213921339561034	1.4285714285714286
BG00985	-8.2820021290869	5.046056716785789	0.4247653018017582	1.4285714285714286
BG00986	-8.299342022444314	5.4069084133797976	0.444804112096707	1.4285714285714286
BG00987	-7.844730848153943	3.587067315688705	0.43000079213219256	1.4285714285714286
BG00988	-8.711378864984383	3.1721813155639356	0.3868747399685617	1.4285714285714286
BG00989	-8.91959025593619	3.5396922410196985	0.40648516445599686	1.4285714285714286
BG00990	-8.211141102381934	3.6145531482872495	0.4509659505089814	1.4285714285714286
BG00991	-8.811940649855634	4.054300092547471	0.4244973560167505	1.4285714285714286
BG00992	-7.972767799103067	3.838324377151571	0.4412757461573082	1.4285714285714286
BG00993	-6.4691127892603255	4.513717536681208	0.4370253965091696	1.4285714285714286
BG00994	-8.059629665498457	3.778192973347705	0.42431615786579935	1.4285714285714286
BG00995	-10.371952253187484	5.04960755692011	0.4232406368932051	1.4285714285714286
BG00996	-6.207373413999647	1.3371264246113017	0.4208613679360235	1.4285714285714286
BG00997	-9.32511987825648	3.674808703396982	0.4414679422650642	1.4285714285714286
BG00998	-8.265987572546631	3.4827888177486046	0.4183807471186592	1.4285714285714286
BG00999	-9.567169649397409	4.1341719707999856	0.42683236799980506	1.4285714285714286
BG01000	-8.783277154350495	5.165356794768253	0.44826676996748016	1.430120251154848
BG01001	-9.017857622930864	5.519157437537688	0.420854198451863	1.4285714285714286
BG01002	-8.965683895075886	3.1735722846092815	0.44745870891565753	1.4285714285714286
BG01003	-10.672849027737156	6.579197169806123	0.4378503630907936	1.4285714285714286
BG01004	-8.916216393685486	2.6163470723470432	0.4328812151997608	1.4285714285714286
BG01005	-7.99170077893608	5.786114515462093	0.38978333407868093	1.2853061932652365
BG01006	-10.804647312503231	4.8560725055511105	0.4300791681496104	1.4285714285714286
BG01007	-10.15385680921084	3.4407243800365777	0.40382083330589896	1.4285714285714286
BG01008	-8.180962944623452	4.597107838777968	0.40890432588827963	1.4285714285714286
BG01009	-10.773903252554858	1.7882263905325058	0.4179892382098024	1.4285714285714286
BG01010	-8.583196615656567	3.634572315502086	0.4129254276238604	1.4285714285714286
BG01011	-9.525912432209449	2.8355238056013423	0.42582251739843546	1.4285714285714286
BG01012	-7.789359254535956	3.230270205401965	0.41361978037804986	1.4285714285714286
BG01013	-9.096327078831461	7.621806049909709	0.4343680676576847	1.4285714285714286
BG01014	-11.100519212808512	3.4323513627255067	0.4525532904687665	1.4285714285714286
BG01015	-8.896783570403663	1.323519993180221	0.450228851902415	1.4285714285714286
BG01016	-9.078323057440144	3.053866640572827	0.4203962529763818	1.4285714285714286
BG01017	-9.363115742456495	4.126183419631013	0.43543096084985966	1.4285714285714286
BG01018	-9.37393661126784	5.441313306416178	0.4093716963275502	1.4285714285714286
BG01019	-9.738223548594805	5.6496531620276995	0.4247199322767176	1.4285714285714286
BG01020	-6.48099226937516	6.9971565187473095	0.42187372296382936	1.430120251154848
BG01021	-7.825353653279129	1.514515959635208	0.4236322704830094	1.4285714285714286
BG01022	-8.477208279989213	3.0277754666681638	0.41909641244824847	1.4285714285714286
BG01023	-8.710751671710364	2.920818289054062	0.43353019776361523	1.4285714285714286
BG01024	-9.295330181967385	2.207950162172191	0.43467619291011766	1.4285714285714286
BG01025	-9.964393715263272	4.175644920041153	0.42701459387432755	1.4285714285714286
BG01026	-8.573254186336673	3.458749553367973	0.42992292571602864	1.4285714285714286
BG01027	-10.348098949046843	5.73373580094951	0.42760909794461627	1.4285714285714286
BG01028	-7.947801436052411	3.671994931879917	0.44499623078371464	1.430120251154848
BG01029	-9.107453415466232	4.738535321036907	0.4109067868737257	1.4285714285714286
BG01030	-9.098093731926104	2.3908862262290036	0.4147343442341836	1.4285714285714286
BG01031	-8.685019763219119	5.701518437678987	0.4456124704488376	1.4285714285714286
BG01032	-9.026736130984903	4.291883799670748	0.41767661907794346	1.4285714285714286
BG01033	-9.200865480694977	4.635865826672216	0.42617195675985975	1.4285714285714286
BG01034	-7.947005237564395	3.2417128123947356	0.41694088259225265	1.4285714285714286
BG01035	-8.748056394782711	2.559302267790595	0.4444960838601015	1.4285714285714286
BG01036	-9.579920281338614	1.3225987316644598	0.4296234343414538	1.4285714285714286
BG01037	-8.490945194166981	5.140717017029639	0.42904591348389615	1.4285714285714286
BG01038	-9.33184497423963	4.021444011729101	0.4003492331802511	1.4285714285714286
BG01039	-9.448325931138786	5.764719080445058	0.42902760080166485	1.4285714285714286
BG01040	-8.079429169421177	3.1393554046996153	0.4241758942949359	1.4285714285714286
BG01041	-8.615620865923475	4.452438623039515	0.43356637498197	1.4285714285714286
BG01042	-8.554829008890415	4.568048610302537	0.41754613711517363	1.4285714285714286
BG01043	-9.29795909225545	4.4220110391400995	0.4166191454352251	1.4285714285714286
BG01044	-9.713366822915518	2.6212332103667793	0.4107681325355695	1.4285714285714286
BG01045	-9.315229479645323	3.971061047694055	0.4306063815057527	1.4285714285714286
BG01046	-9.519248686173713	3.252586383986734	0.42243153004695216	1.4285714285714286
BG01047	-8.59855089955419	6.5304975080012175	0.4071598977725196	1.4285714285714286
BG01048	-7.324170644359073	5.40975898416561	0.42513740781047954	1.4285714285714286
BG01049	-8.42117187764765	3.9229115902685705	0.4033908942958008	1.4285714285714286
BG01050	-9.271343236842284	2.7635703034032075	0.4147672285767749	1.4285714285714286
BG01051	-10.292743372851339	3.141931319881356	0.45134644377503486	1.4285714285714286
BG01052	-9.541392984188594	6.216048971126121	0.4159672679073267	1.4285714285714286
BG01053	-10.128097978015571	4.026832505482396	0.44744369368858256	1.4285714285714286
BG01054	-7.661130118355221	3.3785689787859465	0.40566008709932017	1.4285714285714286
BG01055	-6.41729662400939	2.6089258624305076	0.41660802506318223	1.4285714285714286
BG01056	-7.866609213671376	3.396085145552664	0.44465686489988016	1.4285714285714286
BG01057	-9.038017842515673	5.877550263562832	0.4028025202710989	1.4285714285714286
BG01058	-9.198081950324543	7.2581795372692435	0.41159472675495556	1.2853061932652365
BG01059	-7.5350427306268895	3.8142279415916094	0.392932963948027	1.4285714285714286
BG01060	-7.506881285721787	1.3275269426646474	0.44011915249048444	1.4285714285714286
BG01061	-5.996844880389897	3.548341444464336	0.4154652402609474	1.4285714285714286
BG01062	-8.995631848383951	2.6458288299899175	0.4153979792335973	1.4285714285714286
BG01063	-10.39009258074666	4.01689672661021	0.4464320735487131	1.4285714285714286
BG01064	-9.938084504845026	4.88770635237032	0.4211016532372437	1.4285714285714286
BG01065	-9.178090864321955	3.7148219518348196	0.45105087035161384	1.4285714285714286
BG01066	-8.165746407640547	4.119054798583679	0.41097221919384613	1.4285714285714286
BG01067	-9.215440888402046	4.506054365049242	0.42726768458393777	1.4285714285714286
BG01068	-10.584248005079404	4.2353574722642024	0.42421843435508283	1.4285714285714286
BG01069	-8.857841792837748	3.0646619810359534	0.4010809140857927	1.430120251154848
BG01070	-8.173277589282383	2.5958334352578127	0.4399613026281062	1.4285714285714286
BG01071	-7.093228721726024	1.730562515258574	0.4207656269149592	1.4285714285714286
BG01072	-8.45183124156942	2.4244396595053126	0.41916500331424295	1.4285714285714286
BG01073	-9.668590816707487	2.582503772904871	0.4395105775175497	1.4285714285714286
BG01074	-9.739082212190883	3.938481316168148	0.40353952672388216	1.4285714285714286
BG01075	-9.132386367296402	3.9256604150723113	0.4206390152916755	1.4285714285714286
BG01076	-9.124119644025429	4.509638295169563	0.43631041243194485	1.4285714285714286
BG01077	-6.635853814050438	1.0142800361961573	0.42274091730109964	1.4285714285714286
BG01078	-10.31540354994036	7.526211399335795	0.4286530125939119	1.430120251154848
BG01079	-9.513184766759675	5.158951244464103	0.43776842023945656	1.4285714285714286
BG01080	-9.592712835491787	5.229897419785344	0.43081517897258936	1.4285714285714286
BG01081	-8.487636158987275	2.910986539050003	0.4370468961680763	1.4285714285714286
BG01082	-10.937292856025278	5.82713637122437	0.44157146625618005	1.430120251154848
BG01083	-9.969445392751988	4.550677645839041	0.42289279616358183	1.4285714285714286
BG01084	-8.048694827696712	3.243207630619047	0.40352735973232534	1.4285714285714286
BG01085	-8.595707134630059	3.629977675597244	0.41312321036393196	1.4285714285714286
BG01086	-9.49608302382089	3.4358300420575567	0.4403687004644715	1.4285714285714286
BG01087	-7.857336237553174	4.84942297615725	0.426368530854137	1.4285714285714286
BG01088	-8.937256665694619	4.454515990874976	0.4258286745187009	1.4285714285714286
BG01089	-10.06753732754353	3.3799918245254563	0.4247353611287882	1.4285714285714286
BG01090	-7.887125827584303	4.965328008040314	0.43140678945428873	1.4285714285714286
BG01091	-7.242074775756993	0.498955710371121	0.41815088270336526	1.4285714285714286
BG01092	-7.112612391050418	1.43954251551083	0.4225072799688262	1.4285714285714286
BG01093	-9.363457579813982	3.3721308113157202	0.44550256562973156	1.4285714285714286
BG01094	-8.800922842270435	4.605596004165731	0.4165195222852466	1.4285714285714286
BG01095	-7.60560164665084	0.8401232593942509	0.4199224199295665	1.430120251154848
BG01096	-10.412797454464117	2.9877236874508255	0.4057091293694889	1.4285714285714286
BG01097	-8.889634964287147	2.482293215631406	0.44384129832165553	1.4285714285714286
BG01098	-9.400077704610277	3.1701946906176572	0.4088490119143273	1.4285714285714286
BG01099	-10.428824381843496	5.879800769703801	0.40382748729012274	1.2853061932652365
BG01100	-8.191707798475282	3.152207379261597	0.4246479086966948	1.4285714285714286
BG01101	-10.164461269550948	4.622918743616097	0.43744466435290125	1.4285714285714286
BG01102	-10.097846927665218	2.456607895477268	0.45422035146484124	1.4285714285714286
BG01103	-9.206637650240763	4.030527990731379	0.4297866723656734	1.4285714285714286
BG01104	-10.424143400339052	3.0747184408594768	0.4340664603664118	1.430120251154848
BG01105	-9.999502929546814	5.4826964044522475	0.4375000228093183	1.4285714285714286
BG01106	-8.836881230528421	3.837722516716904	0.432245950415949	1.4285714285714286
BG01107	-7.976745817562573	5.216425281169918	0.43434052783008814	1.4285714285714286
BG01108	-8.981067523977503	2.5720194659605298	0.43081730369701593	1.4285714285714286
BG01109	-7.6223680424614555	2.166629706658347	0.41334988496446196	1.4285714285714286
BG01110	-8.200893735179319	6.241272178219535	0.39090161758110953	1.3006321565251282
BG01111	-8.262585847723521	6.355454296052966	0.41808366106660577	1.4285714285714286
BG01112	-7.523649836547105	5.429463016623191	0.41393260231633316	1.4285714285714286
BG01113	-7.588901424244895	4.862007519612827	0.43663486807670526	1.4285714285714286
BG01114	-9.993623248584866	3.585303709780451	0.4512585469276899	1.4285714285714286
BG01115	-10.403658430781675	5.081804882457211	0.42433973107042583	1.4285714285714286
BG01116	-9.8557226525906	5.457963532091531	0.42938317964295275	1.4285714285714286
BG01117	-10.457714178971493	6.217993038821921	0.4063309980707407	1.4285714285714286
BG01118	-8.141114645961542	4.528538526753489	0.4081975224863933	1.4285714285714286
BG01119	-9.227607962288282	3.393627516657402	0.418285267357133	1.4285714285714286
BG01120	-8.818383203097987	2.022363133160503	0.4040079432153811	1.4285714285714286
BG01121	-9.319738550104967	4.458126926546653	0.42262417467952296	1.4285714285714286
BG01122	-8.756385663433148	4.290452614185885	0.4107913000759855	1.4285714285714286
BG01123	-8.472593867693316	4.20525361101201	0.44539931164472635	1.4285714285714286
BG01124	-8.169674006031101	1.679254093325188	0.42181106210257585	1.4285714285714286
BG01125	-8.565184885786662	3.6248539678923706	0.41473251361281654	1.4285714285714286
BG01126	-7.856163773547953	3.6500239481263845	0.4182263044882513	1.4285714285714286
BG01127	-9.56198647182802	6.306243329459801	0.4488469201376388	1.4285714285714286
BG01128	-6.941359224494422	0.3609714893560925	0.4357938027516746	1.4285714285714286
BG01129	-9.861078259589897	5.784041573798953	0.44399463764208275	1.4285714285714286
BG01130	-10.700857707645312	4.598346536919035	0.44013103433596396	1.4285714285714286
BG01131	-8.257739065002244	3.4509272290752033	0.40332411458709727	1.4285714285714286
BG01132	-10.348313444420357	3.0714900367129156	0.4079529629309156	1.4285714285714286
BG01133	-10.03925826121666	4.074133780741392	0.40772857518532324	1.4285714285714286
BG01134	-6.943262720819685	2.4034706096903733	0.3884698668780793	1.4285714285714286
BG01135	-9.11663762433773	6.042556781348931	0.42367764005970704	1.2853061932652365
BG01136	-8.310845343644841	3.022112074222063	0.40316573469293077	1.4285714285714286
BG01137	-7.879413292338356	3.2454275886997106	0.3920177023067715	1.4285714285714286
BG01138	-8.940516946080495	3.418414043762786	0.4009938362679759	1.4285714285714286
BG01139	-9.387941289742068	4.221764112528337	0.4287798583954677	1.4285714285714286
BG01140	-9.758768551105067	4.217645150375669	0.4165022212869892	1.4285714285714286
BG01141	-7.887560769341401	3.528842929377612	0.42277879783610917	1.4285714285714286
BG01142	-9.669527591873647	3.5895879471054104	0.43441540948691143	1.4285714285714286
BG01143	-7.958673426110052	1.7084461248758815	0.4203124886219469	1.4285714285714286
BG01144	-10.338688907623155	5.600851920902372	0.43837390350224714	1.4285714285714286
BG01145	-8.282622622358746	4.6512950863599025	0.4235690968863923	1.4285714285714286
BG01146	-4.942749054215389	2.550189629107591	0.4178870978420286	1.4285714285714286
BG01147	-8.394429654936962	3.765748009401167	0.40754815378117437	1.4285714285714286
BG01148	-11.341171343499937	3.9385143023173406	0.44385399341237464	1.4285714285714286
BG01149	-8.44351991495674	4.001015226549735	0.421097721234382	1.4285714285714286
BG01150	-10.32619942396973	6.119393127340713	0.4166098020772535	1.4285714285714286
BG01151	-8.152073267903495	3.251301168308311	0.44939842201548913	1.4285714285714286
BG01152	-8.462877166922258	2.7456880782318156	0.4489581078078712	1.4285714285714286
BG01153	-8.477603343068832	3.3364399371854767	0.4469466207729957	1.4285714285714286
BG01154	-10.133939318211645	2.235848449658041	0.409354568776364	1.4285714285714286
BG01155	-10.743151985214114	3.9418007366502557	0.39422846899226627	1.044608794567242
BG01156	-8.526913188263196	4.707817110239765	0.4305221794448133	1.4285714285714286
BG01157	-9.916036254468445	4.634616512283514	0.43641401329690055	1.4285714285714286
BG01158	-9.381110314150824	3.6468915459550244	0.4510614045031071	1.430120251154848
BG01159	-8.04578151151728	2.8122203821577427	0.4297072647520439	1.4285714285714286
BG01160	-9.645079613996565	5.13338131429011	0.45316239029948907	1.4285714285714286
BG01161	-8.259946816714729	2.348980984880351	0.4099772097490755	1.4285714285714286
BG01162	-10.010162691438737	3.8844099362937796	0.4306205145990572	1.4285714285714286
BG01163	-8.386047823092005	4.278051482651566	0.4303479282470643	1.4285714285714286
BG01164	-10.383306852206978	4.041028372989089	0.38492265484270616	1.4285714285714286
BG01165	-9.084851671139687	3.9334963761300483	0.4325538070684826	1.4285714285714286
BG01166	-10.056573432337295	4.4446435053444855	0.4184123055247576	1.4285714285714286
BG01167	-10.41817370509657	2.243308513701913	0.4112030924419519	1.4285714285714286
BG01168	-10.154192904428708	4.8485423324948105	0.43507202636179443	1.4285714285714286
BG01169	-9.264510025620229	3.7479857040132436	0.3970748980308561	1.4285714285714286
BG01170	-10.906072804223523	4.690184153694563	0.4447670366505111	1.4285714285714286
BG01171	-10.028732678357262	3.898658554712755	0.4343488794402625	1.4285714285714286
BG01172	-7.418372965398659	2.4312966904568656	0.4492863556194955	1.4285714285714286
BG01173	-8.387774119434162	4.745671766835987	0.42998629238360764	1.4285714285714286
BG01174	-10.118835941422114	4.637002796933067	0.4247567625030866	1.4285714285714286
BG01175	-8.491626095282767	5.600886922484025	0.399020079540456	1.2853061932652365
BG01176	-7.944162690904107	2.4172110400610567	0.4298694151785012	1.4285714285714286
BG01177	-9.599017381026577	2.3915996118677847	0.40705738550181403	1.4285714285714286
BG01178	-8.386115048089515	4.630292978401042	0.4205830812261071	1.4285714285714286
BG01179	-10.132372737617748	3.7136004316485773	0.45688082605466357	1.4285714285714286
BG01180	-10.271849801397687	2.8921470246153973	0.43460266399639175	1.430120251154848
BG01181	-8.889780776382482	3.8149741640111507	0.4437423780506556	1.4285714285714286
BG01182	-7.767598792033639	4.154555685375207	0.3905098910781439	1.430120251154848
BG01183	-8.618746859550168	2.673023811912582	0.39643858908231705	1.4285714285714286
BG01184	-10.579873544461456	4.633798183566653	0.42043131026680514	1.4285714285714286
BG01185	-11.16581083152232	5.805528046785626	0.42167687185200486	1.430120251154848
BG01186	-10.58808076134616	3.7945536045702806	0.41912232269355115	1.4285714285714286
BG01187	-9.268878015113039	2.382092955798565	0.42977046674506564	1.4285714285714286
BG01188	-10.59152322479602	5.245159942070001	0.4017056987054079	1.2853061932652365
BG01189	-8.864802496984483	5.214299640385954	0.4285283380244466	1.4285714285714286
BG01190	-7.583471000232766	2.6047334220969893	0.40707415176617423	1.4285714285714286
BG01191	-8.295107954233362	2.889369482838012	0.40705666146880753	1.4285714285714286
BG01192	-10.068175339566613	3.6146478800127038	0.4372574035496321	1.4285714285714286
BG01193	-9.11006850086519	5.412226793548225	0.42347787464957376	1.4285714285714286
BG01194	-8.63720708201762	5.0875125195108435	0.43479028972606504	1.4285714285714286
BG01195	-8.948453284282625	2.7988640361952735	0.44588100340947656	1.4285714285714286
BG01196	-8.371966632089837	4.04908301998973	0.425994468999791	1.4285714285714286
BG01197	-7.20284444936213	3.928729758301139	0.38497100116623195	1.2853061932652365
BG01198	-8.322307481609908	4.462075298014627	0.43891987382181774	1.4285714285714286
BG01199	-9.819771291078295	5.258360697764049	0.4225373752162887	1.4285714285714286
BG01200	-7.648433580942002	6.1486353280013715	0.4095523478296886	1.2853061932652365
BG01201	-7.67307906797263	3.4074849854157563	0.434531658783147	1.4285714285714286
BG01202	-9.032582645656534	2.8710051117945135	0.40622653879282733	1.4285714285714286
BG01203	-10.742049193528631	5.632407314434361	0.4155524854071939	1.4285714285714286
BG01204	-8.47650044683266	4.469018578832174	0.4034192831843036	1.4285714285714286
BG01205	-9.050512465977315	3.2871930157213085	0.43773064562606273	1.4285714285714286
BG01206	-7.744391666660648	3.316036520231093	0.43322509685845234	1.4285714285714286
BG01207	-9.328356152928492	5.552303821795956	0.43805196247830236	1.4285714285714286
BG01208	-7.956768211329257	4.09132131348925	0.3968570478269575	1.4285714285714286
BG01209	-6.942625284345029	3.1827369128699727	0.42235740783366116	1.4285714285714286
BG01210	-9.736575365080721	6.761474133871206	0.41403979354281456	1.4285714285714286
BG01211	-8.429345054434535	2.314037830262865	0.42130000994458033	1.4285714285714286
BG01212	-9.807292192426596	0.7546722302914106	0.4129223676066905	1.4285714285714286
BG01213	-9.233003481849641	1.064854970908216	0.4117373098255503	1.4285714285714286
BG01214	-9.45883223004332	3.7676187455255117	0.41716070724627163	1.4285714285714286
BG01215	-9.302153548926265	5.7307230818522275	0.4320381502041311	1.430120251154848
BG01216	-7.844311845799417	4.5524939727316225	0.4330776449243197	1.4285714285714286
BG01217	-8.101653416334898	2.3700576169557497	0.3757590805394815	1.107093870644864
BG01218	-9.786511262557521	2.5077496033992	0.41302628981545697	1.4285714285714286
BG01219	-10.017867514462461	5.898909225723494	0.4321562344147035	1.4285714285714286
BG01220	-10.324521884970562	3.8741036612010933	0.4210768026947845	1.4285714285714286
BG01221	-9.734407067773983	5.6093219757723505	0.44242307723085866	1.4285714285714286
BG01222	-8.936505711965534	4.240414003745919	0.4305918947783512	1.4285714285714286
BG01223	-9.314741780136938	3.5173478067438313	0.44850009824441534	1.4285714285714286
BG01224	-8.591737060804794	6.116088576273744	0.4335244723450582	1.4285714285714286
BG01225	-10.392339147474779	3.206369603233644	0.42573574852727647	1.4285714285714286
BG01226	-9.498732103492566	5.62135442033541	0.4396027083701286	1.4285714285714286
BG01227	-10.446979559466536	3.0474202975940843	0.4392413430689575	1.4285714285714286
BG01228	-9.25940640490415	5.856769726924347	0.43490039224432553	1.4285714285714286
BG01229	-7.192603601378636	2.92952392507304	0.43797205059035804	1.4285714285714286
BG01230	-7.626469635757939	4.410799844515402	0.448059696575731	1.4285714285714286
BG01231	-10.136354986066202	3.0645422364126254	0.3981660147012258	1.4285714285714286
BG01232	-9.904614569824778	3.452722252869775	0.4408459860921695	1.4285714285714286
BG01233	-10.592324706210494	4.044605952277729	0.43391026039343605	1.430120251154848
BG01234	-10.10446013512565	1.124679727260538	0.42507350343834344	1.4285714285714286
BG01235	-7.122511087236501	1.8968886703502392	0.44320130518704226	1.4285714285714286
BG01236	-7.84072648468781	2.8128806188195568	0.4300410833020943	1.4285714285714286
BG01237	-9.69629268981217	1.7894554880183526	0.4506572556770669	1.4285714285714286
BG01238	-8.947007814698745	3.014395938624751	0.4275842031626139	1.4285714285714286
BG01239	-8.165747840635563	0.027064742161738153	0.45572572174044795	1.4285714285714286
BG01240	-8.58748742269784	1.3393581446460097	0.4154691758752227	1.4285714285714286
BG01241	-7.897482227833895	2.306109263901172	0.41963739631100366	1.4285714285714286
BG01242	-9.32371047452777	4.682862516026444	0.43983657428160483	1.4285714285714286
BG01243	-8.701920341346572	2.6422875962540204	0.4264647111890551	1.4285714285714286
BG01244	-9.625835244781907	2.80069546224125	0.45027685006312546	1.4285714285714286
BG01245	-8.9273386692339	5.225571015906838	0.41402646590820347	1.4285714285714286
BG01246	-9.689384223593253	2.287055733651814	0.4443265981826287	1.4285714285714286
BG01247	-7.251702933314763	1.6407602854738876	0.4238209312677374	1.4285714285714286
BG01248	-8.394170527109042	2.697771861632204	0.40634356657837795	1.4285714285714286
BG01249	-9.206948240703943	4.4945368588637375	0.4247823107695321	1.4285714285714286
BG01250	-8.205851697286871	4.780661400575164	0.3971308679729964	1.3006321565251282
BG01251	-8.8242184609359	3.6307330033859846	0.3893011787527474	1.4285714285714286
BG01252	-8.659732304539615	5.506218644408845	0.4358771950854449	1.4285714285714286
BG01253	-8.959988928121017	6.379231403110365	0.41462811566178587	1.4285714285714286
BG01254	-7.232691254616971	3.355786296791393	0.43009093252992703	1.4285714285714286
BG01255	-9.63247215412784	5.23824264066049	0.4403419063593684	1.4285714285714286
BG01256	-9.8080246579394	5.169426033282354	0.41218505520782955	1.4285714285714286
BG01257	-7.659842270725674	3.948567052708482	0.4245709549665771	1.4285714285714286
BG01258	-9.09406455837253	3.984887278995423	0.44497197959666906	1.4285714285714286
BG01259	-10.62886057370182	4.768627293015769	0.44242228764908637	1.4285714285714286
BG01260	-9.337983151816891	4.824154831524064	0.4550193197566569	1.4285714285714286
BG01261	-9.02307045178205	4.4639630481882655	0.42154755860472604	1.4285714285714286
BG01262	-7.660340028620684	5.799881365455754	0.43480956664723036	1.4285714285714286
BG01263	-9.63096757492565	3.1687803118848348	0.4312892831565506	1.4285714285714286
BG01264	-10.255574035133693	4.077332901031772	0.44265331417722353	1.4285714285714286
BG01265	-7.64529828942709	5.445987180922563	0.44786242023597417	1.4285714285714286
BG01266	-9.793386404813074	3.94813524415701	0.4351068027764195	1.4285714285714286
BG01267	-7.728253974272688	2.444662062086179	0.44017151640817653	1.4285714285714286
BG01268	-8.419317803982288	2.9505840336883145	0.39819558067128635	1.4285714285714286
BG01269	-9.336224323439968	5.375256748097086	0.44483531415384664	1.4285714285714286
BG01270	-7.965421106328	4.467529421568414	0.4363571485117773	1.4285714285714286
BG01271	-7.575468417922584	5.62497170740228	0.4472235732693811	1.4285714285714286
BG01272	-8.025251515350654	3.6759997130204067	0.44238072575025694	1.4285714285714286
BG01273	-7.439245471520266	2.7195684250882564	0.40564311139232323	1.4285714285714286
BG01274	-8.819234281101307	5.9801265592382	0.43872491740630964	1.4285714285714286
BG01275	-7.086889656063813	3.3221727527874294	0.38787329928400527	1.2853061932652365
BG01276	-6.47230698143662	0.3820635634182093	0.4297199283539727	1.4285714285714286
BG01277	-11.16754327140159	3.578873007383696	0.43015124874959193	1.4285714285714286
BG01278	-9.234109142924993	7.6136938517995665	0.4093503915133127	1.2853061932652365
BG01279	-7.98015160671982	5.269156010423596	0.43567410740096973	1.4285714285714286
BG01280	-9.8058515652828	1.1283399276386192	0.40931550909044667	1.4285714285714286
BG01281	-9.466630353944405	3.402993046675249	0.40964046537996995	1.4285714285714286
BG01282	-8.622005044563732	1.9818240973684933	0.42316613107897727	1.4285714285714286
BG01283	-8.8523409878434	3.7666856475548225	0.44277790921826715	1.4285714285714286
BG01284	-9.17516008550185	3.734636977647636	0.42981076817688774	1.4285714285714286
BG01285	-9.202980972747008	1.8673391708702507	0.4218018772909944	1.4285714285714286
BG01286	-8.391960735524497	5.215498626873042	0.44417134511807016	1.4285714285714286
BG01287	-9.060704965528137	4.380628756684303	0.42863276709045267	1.430120251154848
BG01288	-9.93285411481293	2.762436606282722	0.44371268670246944	1.4285714285714286
BG01289	-11.109010295112128	4.258813697921875	0.45132176308579935	1.4285714285714286
BG01290	-10.274461403232824	1.4853216073108837	0.44951745968486523	1.4285714285714286
BG01291	-11.525046821067523	4.945533220814261	0.41199743270324857	1.4285714285714286
BG01292	-7.835044007187367	4.030737567196383	0.42532217396987126	1.4285714285714286
BG01293	-8.903117950415528	2.2262573552197145	0.4108043952072115	1.4285714285714286
BG01294	-9.51467864097935	4.946570635849441	0.44133890243522417	1.430120251154848
BG01295	-10.193107972476296	5.669153405141978	0.44922067466171134	1.4285714285714286
BG01296	-8.939519329814484	4.758464168973234	0.42574946480434583	1.4285714285714286
BG01297	-9.067802831366926	2.3906110977707553	0.41271966165614465	1.4285714285714286
BG01298	-9.666838139073604	3.4393073339827165	0.40506700273777807	1.4285714285714286
BG01299	-9.604331026447682	4.495849603108345	0.441837120422643	1.4285714285714286
BG01300	-10.187487176114931	0.9474319955857057	0.40571260323061786	1.4285714285714286
BG01301	-8.768445510994322	4.929621303389977	0.44071764504021443	1.4285714285714286
BG01302	-9.2891103265928	1.9972502485557697	0.45549693587814927	1.4285714285714286
BG01303	-10.121447093100883	3.408941508620791	0.4458499678008031	1.430120251154848
BG01304	-8.885583098527867	4.419998469565407	0.4455550175855297	1.4285714285714286
BG01305	-7.474628649929096	3.608428981459492	0.41282509663692457	1.4285714285714286
BG01306	-9.260934238494272	5.47360141050362	0.43794539773687674	1.4285714285714286
BG01307	-9.600012722834208	4.6239398798747295	0.41980435304206914	1.4285714285714286
BG01308	-9.310287864626906	4.181996917863988	0.4483235964046004	1.4285714285714286
BG01309	-7.164212173604323	2.6223086066100736	0.4158538300207822	1.4285714285714286
BG01310	-8.088182195902052	2.8142524479819806	0.45364672584027055	1.4285714285714286
BG01311	-8.83231634510959	3.475388124683891	0.407747572649089	1.4285714285714286
BG01312	-8.066126889507856	4.341086206406188	0.4324740722149891	1.4285714285714286
BG01313	-10.553867979210214	4.146535344961017	0.4430272394719117	1.4285714285714286
BG01314	-9.234741277108323	3.3970973644914624	0.4271758510802409	1.4285714285714286
BG01315	-8.266642249382826	3.9425043124881536	0.4341473162397051	1.4285714285714286
BG01316	-7.627307549159604	1.4500640210693212	0.4078312207848045	1.4285714285714286
BG01317	-8.902316448860644	3.976618736844393	0.4447966302193843	1.430120251154848
BG01318	-9.23440243734012	0.865992405104277	0.42005226225113435	1.4285714285714286
BG01319	-9.0855126637671	3.0688075059721496	0.4092490609003073	1.4285714285714286
BG01320	-7.059846365848195	2.5512842728904155	0.41186479537972476	1.4285714285714286
BG01321	-8.174447520400955	4.53762721614227	0.4308005593255049	1.4285714285714286
BG01322	-8.568328948382755	2.9779667309461413	0.43357797082183275	1.4285714285714286
BG01323	-9.611879597855015	5.043837280826239	0.44508144248105935	1.4285714285714286
BG01324	-7.100411173904921	3.907026085315911	0.4398245136545983	1.4285714285714286
BG01325	-9.706759923720762	4.494006672918178	0.4175861299124867	1.4285714285714286
BG01326	-9.363428407206861	2.559911020017135	0.42136381941847406	1.4285714285714286
BG01327	-10.503357201490635	4.153771948222443	0.4170992495084133	1.4285714285714286
BG01328	-7.93677754701042	3.2790646564129355	0.43964673751289823	1.4285714285714286
BG01329	-8.483517260958	3.806720935225079	0.4162661670353588	1.4285714285714286
BG01330	-7.879137792346423	3.0473237587871655	0.4189835023276367	1.4285714285714286
BG01331	-9.244896970141511	1.2769254343264411	0.42846699599571625	1.430120251154848
BG01332	-9.168187222073543	5.627023472353317	0.43949537807755246	1.4285714285714286
BG01333	-10.114914108842159	5.702810877201473	0.45089162060211135	1.4285714285714286
BG01334	-10.614752863676383	2.940305062212959	0.3979423971743047	1.2853061932652365
BG01335	-8.686446711440684	4.3123551570358645	0.43654897226818873	1.4285714285714286
BG01336	-8.244500247394669	4.392005392849124	0.4428539573018637	1.4285714285714286
BG01337	-7.415725652790011	1.4549727952029856	0.4203895902236449	1.4285714285714286
BG01338	-9.0746979015043	3.8140937966468154	0.4473216810218884	1.4285714285714286
BG01339	-8.208265453340161	3.265647599262482	0.4085221222079557	1.4285714285714286
BG01340	-8.104480999736396	4.861746123064905	0.4418624323722596	1.4285714285714286
BG01341	-9.129480203190987	3.2757430491961115	0.4064446499644722	1.4285714285714286
BG01342	-10.801849577825577	3.9310394665780355	0.43214545257691217	1.4285714285714286
BG01343	-7.400804696764133	5.240311239224031	0.45126204257147534	1.4285714285714286
BG01344	-8.266667355766785	3.615409237279965	0.4118377014622513	1.4285714285714286
BG01345	-10.045709418019994	3.2650334431538197	0.40882536743610187	1.0279660473608336
BG01346	-9.54840354112711	2.5227005699532237	0.41603419050497176	1.4285714285714286
BG01347	-11.112647182235051	3.382837014846016	0.41648074193055046	1.4285714285714286
BG01348	-8.560745674312631	2.6241269366054403	0.4271186070938108	1.4285714285714286
BG01349	-8.754002793976097	2.6499742790340353	0.4492919483414445	1.4285714285714286
BG01350	-9.43485583449817	5.752223598712014	0.42050150208691334	1.4285714285714286
BG01351	-9.809728745731363	4.476073143893486	0.42558664966706955	1.4285714285714286
BG01352	-7.443171048330337	1.0594925170291298	0.4218574753837034	1.4285714285714286
BG01353	-7.338080246158743	3.85806176932219	0.4566271079283158	1.4285714285714286
BG01354	-10.684120879688031	5.334322542621674	0.4347130142867232	1.430120251154848
BG01355	-9.086094053409234	3.1196800461978045	0.441942216027195	1.430120251154848
BG01356	-9.339247907308465	5.758229902156544	0.4384397242559031	1.4285714285714286
BG01357	-10.00458616088989	5.432847804132606	0.4179844206658374	1.2853061932652365
BG01358	-8.927449816248874	2.4860618100668583	0.42069295758703434	1.4285714285714286
BG01359	-6.706936463861998	3.225972343439229	0.43289778757397845	1.4285714285714286
BG01360	-8.386429473886256	1.2531665086402581	0.40299597437086254	1.4285714285714286
BG01361	-9.883734710717743	5.118088733421629	0.43631033329883107	1.4285714285714286
BG01362	-9.08704692630185	4.7578176012698075	0.402716989514214	1.2853061932652365
BG01363	-9.922657993384448	5.143527049754413	0.4471610387926154	1.4285714285714286
BG01364	-10.441345405588372	4.597097446681756	0.4428547867979958	1.4285714285714286
BG01365	-8.501808836849593	5.699470275593378	0.40475219323715217	1.2853061932652365
BG01366	-7.485084902957966	2.5092246112974803	0.4150443079780439	1.4285714285714286
BG01367	-8.836339343848056	6.340387744395656	0.3979977385398734	1.2853061932652365
BG01368	-10.561756027674676	5.496720470190813	0.4263893742689867	1.4285714285714286
BG01369	-10.08043782983993	3.4317291442818574	0.4401114543600341	1.4285714285714286
BG01370	-7.311566484011175	3.6626601197385784	0.4337896363504569	1.4285714285714286
BG01371	-9.362547260438001	5.021460146814998	0.43251516254023736	1.4285714285714286
BG01372	-10.177422436452458	5.113406296314452	0.4305952129242584	1.4285714285714286
BG01373	-8.79749064056569	4.5633875833548645	0.4276749205185472	1.4285714285714286
BG01374	-10.534966957368459	0.791349718372961	0.37152017182772523	1.0803855050050257
BG01375	-9.389644107200247	4.554867999391334	0.4437865376750108	1.4285714285714286
BG01376	-6.7271175436083785	2.4620714673979776	0.4054843227524996	1.4285714285714286
BG01377	-11.120795440035854	4.99545633326473	0.44141260254261916	1.4285714285714286
BG01378	-8.370838629371304	4.2333119406548425	0.4400862321380607	1.4285714285714286
BG01379	-6.32277837523479	1.6625320968908237	0.39953520909201234	1.430120251154848
BG01380	-8.266844659968967	2.283854323492237	0.4284453290344023	1.4285714285714286
BG01381	-9.843586661790587	5.319720783312605	0.4430672868810312	1.4285714285714286
BG01382	-10.706656873443796	4.400036406375054	0.4266209864003781	1.4285714285714286
BG01383	-8.963602504953712	4.08925376783585	0.44633501094948036	1.4285714285714286
BG01384	-9.917099297407702	6.111483985673223	0.43886607214085577	1.4285714285714286
BG01385	-6.814481998345598	2.8680946208694946	0.4273664109328104	1.4285714285714286
BG01386	-8.202435273416258	3.6852520618090168	0.3965272697572045	1.430120251154848
BG01387	-9.871320273310628	3.337002097651752	0.42663110140527843	1.430120251154848
BG01388	-9.900305582640021	4.257525657429719	0.44112415752241113	1.4285714285714286
BG01389	-8.168709785123045	4.458778447654564	0.400837601414337	1.4285714285714286
BG01390	-8.228799652217623	1.5762618773185764	0.43384960332841094	1.4285714285714286
BG01391	-7.961833164264778	3.505931835052831	0.4190106429306399	1.4285714285714286
BG01392	-9.285910681819152	5.703771957958481	0.42109920970791365	1.4285714285714286
BG01393	-9.173810735622045	2.6429981171357455	0.4339150436802818	1.4285714285714286
BG01394	-9.439376975422778	7.868540287820609	0.43179872730507657	1.430120251154848
BG01395	-9.096103473770667	6.498006273746497	0.43692724117035564	1.4285714285714286
BG01396	-7.65129695813503	2.6626663710181915	0.415605461257749	1.4285714285714286
BG01397	-8.504214879206906	2.227175169818702	0.43026302993245635	1.4285714285714286
BG01398	-10.146290389276105	5.084297231665182	0.438147603817773	1.4285714285714286
BG01399	-9.153868953860558	3.9123401700671976	0.43345605049252534	1.4285714285714286
BG01400	-8.97400186950243	4.696378591406064	0.4046289729472277	1.4285714285714286
BG01401	-9.704299627965089	2.74811970215549	0.42787892189230214	1.4285714285714286
BG01402	-9.857448214885913	7.397011542396956	0.4499682963349417	1.4285714285714286
BG01403	-8.498759614533046	4.414087120417025	0.45178110629148444	1.4285714285714286
BG01404	-9.107378087985333	2.8629128872041285	0.4094448015613087	1.4285714285714286
BG01405	-9.684095975487702	4.166346507031058	0.4123220097973768	1.4285714285714286
BG01406	-9.412501939594131	2.94716910649926	0.4250389497067119	1.4285714285714286
BG01407	-9.091350720967581	4.77228105983077	0.41714777336362396	1.4285714285714286
BG01408	-9.696014626534852	4.174012745921611	0.40342270578346556	1.4285714285714286
BG01409	-9.41219635537356	5.468348091550158	0.39025022897323075	1.0520597831431215
BG01410	-8.504533552495088	3.787580539569947	0.4168245700184196	1.4285714285714286
BG01411	-10.129540243585833	4.019378764642703	0.43626302821525903	1.4285714285714286
BG01412	-8.572448757766319	4.296730209118744	0.43101501942643683	1.4285714285714286
BG01413	-9.038286093061075	3.3214017259785504	0.45071340512649494	1.4285714285714286
BG01414	-7.921409330354232	4.220704645130706	0.4419798415745134	1.4285714285714286
BG01415	-9.435239894565608	3.1088021061500237	0.4182119374317295	1.4285714285714286
BG01416	-9.553871686369224	2.464499360948465	0.45572411254379663	1.4285714285714286
BG01417	-10.365608607098805	0.9849960578710109	0.4109790935295349	1.4285714285714286
BG01418	-9.048140728103359	3.3185785832235375	0.42326772429914544	1.4285714285714286
BG01419	-6.774470375303973	5.343069010816296	0.4216258540719031	1.4285714285714286
BG01420	-8.907183429782291	3.0989926904566802	0.40935465686682027	1.4285714285714286
BG01421	-10.49718735408898	1.1409147898745011	0.4538795561852133	1.4285714285714286
BG01422	-8.863170105157645	4.10015293398182	0.44186027792617777	1.4285714285714286
BG01423	-9.157590983833469	4.677015131928643	0.41569436506308216	1.4285714285714286
BG01424	-8.875200930838641	4.5499334211637255	0.3994166997932474	1.4285714285714286
BG01425	-7.542756681089094	4.072860424004104	0.41361868585409045	1.4285714285714286
BG01426	-7.0928137009194785	4.372090520991188	0.43244221915364867	1.4285714285714286
BG01427	-9.341062675214639	2.1130402601473612	0.4129696206194767	1.4285714285714286
BG01428	-8.61976979269922	5.234102433191988	0.44100711445841484	1.4285714285714286
BG01429	-9.188276007534123	4.395358344911076	0.4476218940251152	1.430120251154848
BG01430	-8.687463141755954	3.6744597296863044	0.4125875095417042	1.4285714285714286
BG01431	-10.157775003134548	3.5456942605948822	0.42751309746372507	1.4285714285714286
BG01432	-10.020127285972807	6.323068113103251	0.44124398825054384	1.4285714285714286
BG01433	-9.27337024240478	3.337784844806455	0.4084508078069768	1.4285714285714286
BG01434	-8.575766954386507	1.9836040116559828	0.39528553294549534	1.2814680971955783
BG01435	-7.985488338419562	3.400139508623347	0.414520723982707	1.4285714285714286
BG01436	-10.38706175914549	2.6480565168589405	0.43667236963475026	1.4285714285714286
BG01437	-6.673560401093889	3.5011594326204944	0.4068116140262552	1.4285714285714286
BG01438	-10.25930768055251	0.9424538967302486	0.4197013573632257	1.430120251154848
BG01439	-9.561501222862187	4.371102373455368	0.4259192596841048	1.4285714285714286
BG01440	-10.03068140243898	4.276042345262683	0.4502806984705504	1.4285714285714286
BG01441	-6.342147799511396	3.2603961595012034	0.4194358261442378	1.4285714285714286
BG01442	-9.233044339543236	4.76542941699757	0.4486899181100117	1.4285714285714286
BG01443	-9.399792410357303	1.9686954981045577	0.3666692424122636	0.9955077252341655
BG01444	-9.290253718865538	2.34376612047235	0.4494173198527228	1.4285714285714286
BG01445	-9.285256918519961	3.759473434549174	0.4147871749650317	1.4285714285714286
BG01446	-7.558291045984625	1.7461168779975298	0.4325524495180121	1.4285714285714286
BG01447	-9.924290781299705	3.232697809585057	0.4130865272974368	1.4285714285714286
BG01448	-8.597757653080695	2.3559171849676503	0.4038696477807625	1.4285714285714286
BG01449	-10.390478266221685	5.7272535888483915	0.4477628021353839	1.4285714285714286
BG01450	-9.882088796469077	4.544424442452211	0.44798513557773856	1.4285714285714286
BG01451	-8.973082256559659	3.4915688099244795	0.42751061494106296	1.4285714285714286
BG01452	-10.316429598823786	3.703521076877088	0.4066899432558066	1.4285714285714286
BG01453	-10.60403230033828	6.22432789311937	0.42315904458428466	1.4285714285714286
BG01454	-9.415250280822343	6.4318471766622105	0.4140429732840872	1.4285714285714286
BG01455	-8.94421447286624	2.034335907956306	0.40951550997031344	1.4285714285714286
BG01456	-9.407653615531228	2.542807516272644	0.4388813007850009	1.4285714285714286
BG01457	-8.968027629806185	2.392348692488034	0.4276463741856019	1.4285714285714286
BG01458	-8.586255547930774	3.3165475841423584	0.41587662684771026	1.4285714285714286
BG01459	-11.167016729054742	7.090602612177128	0.4459402225233356	1.4285714285714286
BG01460	-9.758895607163035	3.937781089035734	0.44317855097129544	1.4285714285714286
BG01461	-8.649083081224433	2.7689211323195915	0.39257298860876927	1.4285714285714286
BG01462	-10.254740865524894	6.154722450120416	0.42657157669056456	1.4285714285714286
BG01463	-9.673100413083342	5.17993254619419	0.4166985125320515	1.4285714285714286
BG01464	-8.906697141780647	4.670804419960105	0.4166764660101438	1.4285714285714286
BG01465	-8.108412374863159	2.77542633352297	0.40669384173456047	1.4285714285714286
BG01466	-9.57175381066601	3.9398437569010487	0.42937286700136795	1.4285714285714286
BG01467	-9.181428180465149	3.628778064924142	0.42235866551128415	1.4285714285714286
BG01468	-10.885800369295414	2.8153087831443573	0.42913050791842544	1.4285714285714286
BG01469	-10.349930439841067	3.9536973624987573	0.4242903065935881	1.4285714285714286
BG01470	-10.210829011244474	2.7630003202162308	0.4622108297356542	1.4285714285714286
BG01471	-8.83462080922067	2.8950536692054545	0.4180344942433142	1.4285714285714286
BG01472	-8.465438267899852	3.017503134490479	0.43459997183019405	1.4285714285714286
BG01473	-7.895600251522521	4.310058902431614	0.4359347004907119	1.4285714285714286
BG01474	-10.29520341583257	3.8364400511190904	0.4001233031956947	1.4285714285714286
BG01475	-8.411672973993552	2.66600259816481	0.4086253661327294	1.4285714285714286
BG01476	-8.407739282079714	3.511818296148815	0.41099407771504287	1.4285714285714286
BG01477	-9.746512557070666	2.119810312513857	0.43316988280316393	1.4285714285714286
BG01478	-8.371537800560732	5.516222857787693	0.43179754436440054	1.4285714285714286
BG01479	-9.34829097071321	5.633628664792482	0.44183894603182783	1.4285714285714286
BG01480	-9.988111076358875	5.102713016225079	0.4404910333446527	1.4285714285714286
BG01481	-9.28081758084643	4.368080770408151	0.4249269465222591	1.4285714285714286
BG01482	-10.236739340151095	6.603433325128634	0.42075167581032713	1.4285714285714286
BG01483	-11.009722422040955	4.591244909499754	0.4212898396954115	1.4285714285714286
BG01484	-7.400934638122725	2.5445800640943466	0.4200066598681587	1.4285714285714286
BG01485	-9.283739284517027	5.281105129184636	0.4084640298567467	1.2853061932652365
BG01486	-10.595766470552952	5.199409035339906	0.43401768336970686	1.4285714285714286
BG01487	-9.017827255826843	4.224798948673527	0.4408446721517212	1.4285714285714286
BG01488	-9.358007148722269	3.549683952314351	0.44590162052259513	1.4285714285714286
BG01489	-9.202141438598213	2.999971488358554	0.4297869008577864	1.4285714285714286
BG01490	-8.112057420900545	3.1832181373134913	0.4059411213271109	1.4285714285714286
BG01491	-9.845638387063875	2.4232815019134573	0.41379462818618606	1.430120251154848
BG01492	-9.488629229582443	5.298022398124824	0.4429199347841291	1.4285714285714286
BG01493	-9.936524587258381	3.2874053851039324	0.41141056156362166	1.4285714285714286
BG01494	-11.332015106434557	2.5797515776994473	0.4093022845762026	1.4285714285714286
BG01495	-9.991245067969878	3.819308656469786	0.4247177381643949	1.4285714285714286
BG01496	-10.208718820272832	2.867224707995315	0.41891565121945074	1.4285714285714286
BG01497	-10.251995350102302	3.3901477819251693	0.42350280496933895	1.4285714285714286
BG01498	-9.421419359918408	4.68753274119398	0.4422059994626504	1.4285714285714286
BG01499	-10.321782501778683	5.341670639312227	0.4380565511332775	1.4285714285714286
BG01500	-8.19906158138209	2.953157199006675	0.4161694188422606	1.4285714285714286
BG01501	-10.176969520906828	2.1483292641246177	0.4152640081198913	1.4285714285714286
BG01502	-9.251654423029658	3.594783103311933	0.4482897168289656	1.4285714285714286
BG01503	-8.338262350458873	3.4462948784552263	0.41794112335815653	1.4285714285714286
BG01504	-8.121562348303438	5.861130833232781	0.4358124475474298	1.4285714285714286
BG01505	-8.8950950216188	5.293532224593343	0.42848808501301217	1.4285714285714286
BG01506	-8.768416308500589	3.6165523505255552	0.42797090133433613	1.4285714285714286
BG01507	-10.136169953998024	3.052827051486004	0.4221840512677358	1.4285714285714286
BG01508	-7.649564549590429	2.3683837328010235	0.41199725286289274	1.4285714285714286
BG01509	-8.88571773486699	3.5583268014268628	0.41996986998584784	1.4285714285714286
BG01510	-8.852696716225186	1.9892473066556393	0.4275939208330602	1.4285714285714286
BG01511	-9.40642787218762	0.7398852804398751	0.41250437930693906	1.4285714285714286
BG01512	-8.44677433641075	3.046774827403751	0.41167492760726887	1.4285714285714286
BG01513	-9.38775131853728	3.72038956819987	0.43927008433162595	1.430120251154848
BG01514	-9.473986108858885	5.939385046871244	0.4348412854562962	1.4285714285714286
BG01515	-9.750000600898826	4.093939269694052	0.4372267652077937	1.4285714285714286
BG01516	-7.214169904878717	4.839625946026517	0.4099957277012679	1.4285714285714286
BG01517	-8.233031227776474	4.3012346904517464	0.42606040235275133	1.4285714285714286
BG01518	-9.280206415729012	3.430503003480438	0.43595987013029724	1.4285714285714286
BG01519	-8.050280897696723	3.317237100414431	0.4212027530463695	1.4285714285714286
BG01520	-7.809530195623875	3.0474175839211477	0.44153782200687475	1.4285714285714286
BG01521	-9.628363200813524	4.80381033162275	0.4414539375265987	1.4285714285714286
BG01522	-7.8664276737386585	2.311411121937748	0.43242573548314045	1.4285714285714286
BG01523	-7.625278819553611	3.4942305778206375	0.4052221652601154	1.4285714285714286
BG01524	-8.1313581854396	4.789209336753306	0.3954006138085048	1.4285714285714286
BG01525	-8.481182497763214	2.6930356484329954	0.40068316084447403	1.4285714285714286
BG01526	-8.112730351014301	2.6317951720959742	0.4228996665098647	1.4285714285714286
BG01527	-10.44172955428942	6.162032959194282	0.42461228041098475	1.4285714285714286
BG01528	-9.989330439345633	4.677132677883902	0.4356330036445674	1.4285714285714286
BG01529	-8.762509659477832	3.277594184385128	0.4256320883159929	1.4285714285714286
BG01530	-8.080846120898341	3.6999183670574047	0.39675700222519256	1.4285714285714286
BG01531	-9.767341431773483	4.852002848570929	0.443225959061514	1.4285714285714286
BG01532	-7.416159582818478	4.801176632892396	0.41004960032132076	1.4285714285714286
BG01533	-6.587151126310271	4.5814056228399425	0.43271957520990295	1.430120251154848
BG01534	-10.708763181595302	7.627420278845906	0.42816934132763734	1.4285714285714286
BG01535	-8.677693065348645	5.397445879984282	0.4181318611371931	1.4285714285714286
BG01536	-7.410372786303873	2.202533204001765	0.42101150013800714	1.4285714285714286
BG01537	-8.535514957085583	4.945070938865405	0.392872224897087	1.4285714285714286
BG01538	-9.529588181162843	2.0325771261987193	0.419135107092083	1.4285714285714286
BG01539	-11.49806486382075	3.621563177029985	0.443163650541797	1.4285714285714286
BG01540	-9.029814248185236	2.3284040357698337	0.4218844173292403	1.4285714285714286
BG01541	-9.356916157536538	1.3662073379427402	0.4315347475252227	1.4285714285714286
BG01542	-7.782891980231687	3.1144090387014676	0.42413027829201816	1.4285714285714286
BG01543	-7.7437713182407135	1.4376258263523252	0.4143789356495915	1.4285714285714286
BG01544	-10.391758641297697	3.7349993265933024	0.424758386143725	1.4285714285714286
BG01545	-8.407356826348035	3.495097205850535	0.39734570132879427	1.4285714285714286
BG01546	-8.587846605554581	2.748592227207153	0.4317957636018478	1.4285714285714286
BG01547	-9.546140239844293	3.667018846911906	0.4411333796396248	1.4285714285714286
BG01548	-9.777829139615305	4.833129696135671	0.4388156475596321	1.4285714285714286
BG01549	-9.696800095128646	1.924830921410543	0.4327298769285094	1.4285714285714286
BG01550	-9.259363124341977	4.596796907935549	0.45296144832604773	1.4285714285714286
BG01551	-8.711760492761634	5.336959551194442	0.43524339682512897	1.4285714285714286
BG01552	-9.87347059606767	3.7764722184705746	0.4071174817823095	1.4285714285714286
BG01553	-7.051225855270076	4.662368643666894	0.3751845675597949	1.2853061932652365
BG01554	-8.748405312445014	6.041662636002408	0.44513668262282796	1.4285714285714286
BG01555	-11.161924240186565	3.580332969699586	0.4402070176536882	1.4285714285714286
BG01556	-10.100356784504195	3.7425182844471756	0.417546394953548	1.4285714285714286
BG01557	-8.924115968629351	2.576410088128717	0.44767900906111	1.4285714285714286
BG01558	-9.678893142858858	5.774538249150729	0.42247306228339576	1.4285714285714286
BG01559	-7.732207640901646	3.2481179903895074	0.4104054780917015	1.4285714285714286
BG01560	-9.430702197899123	5.717046744614254	0.4343501708578319	1.430120251154848
BG01561	-9.821255694708036	4.094795171027977	0.4191089849533298	1.4285714285714286
BG01562	-9.333887029734719	5.2442857404630505	0.4270633304487226	1.4285714285714286
BG01563	-7.988904226616565	4.200234689102302	0.4363889151957445	1.4285714285714286
BG01564	-8.994661292827738	4.704122100643807	0.4320543412535807	1.4285714285714286
BG01565	-10.218007698790538	4.348632396022027	0.41253084699859793	1.4285714285714286
BG01566	-8.972856465062968	3.991086867268862	0.4196463037562086	1.4285714285714286
BG01567	-9.577719835611582	4.566855888205303	0.4160358793210678	1.4285714285714286
BG01568	-7.689316210953723	6.833681805339271	0.4067802292429764	1.4285714285714286
BG01569	-11.385197917297145	3.9685822838173594	0.46003478406105924	1.4285714285714286
BG01570	-6.371202580547805	3.220063661753799	0.40744959204686837	1.4285714285714286
BG01571	-8.613378159931013	2.8887427063343507	0.4117261470301609	1.4285714285714286
BG01572	-10.228432958227858	5.566332900809071	0.44326440051786364	1.4285714285714286
BG01573	-7.780721845099622	2.9452488994443025	0.4320317180626213	1.4285714285714286
BG01574	-10.437308582178561	4.552332807990627	0.44496245252009575	1.430120251154848
BG01575	-10.087208687779011	3.291771736926326	0.412793120358473	1.4285714285714286
BG01576	-9.377158289213314	4.271138158556563	0.4052656138514358	1.4285714285714286
BG01577	-8.871847261124028	4.643288965654806	0.4073979681902565	1.4285714285714286
BG01578	-8.723879310129593	2.9967413008393247	0.41694041803439874	1.4285714285714286
BG01579	-9.968672091060608	3.501436616724386	0.4243738785550569	1.4285714285714286
BG01580	-9.974012556941496	2.5899596123031645	0.44282170331149784	1.4285714285714286
BG01581	-9.131131372365557	3.0024407623847718	0.4329543223544915	1.4285714285714286
BG01582	-9.401488840743827	3.30000743918996	0.45386890090114274	1.4285714285714286
BG01583	-7.589599795813914	3.0768008090222803	0.3944797903445539	1.4285714285714286
BG01584	-9.49795205585798	3.082182235137713	0.4353997875937102	1.4285714285714286
BG01585	-11.31055011829351	4.491973199604881	0.40812908200954656	1.4285714285714286
BG01586	-9.140658964359224	5.945122911637791	0.43124941254055565	1.4285714285714286
BG01587	-8.098435216618173	3.1835923472478727	0.42430125096403065	1.4285714285714286
BG01588	-8.362653299742524	3.4448461036535636	0.4352404987863954	1.4285714285714286
BG01589	-11.162756348746797	5.264910144313497	0.4388294580919642	1.4285714285714286
BG01590	-8.277917921633122	3.8741269653946695	0.39331114279949253	1.4285714285714286
BG01591	-10.813386174074102	6.988475199322135	0.43798746239535746	1.4285714285714286
BG01592	-6.752680565234572	1.7869965268685624	0.4215057534251956	1.4285714285714286
BG01593	-9.88562410617468	6.269323533577194	0.43819514765546685	1.4285714285714286
BG01594	-7.469817780761109	2.470950475567458	0.43844984781930757	1.4285714285714286
BG01595	-8.472589416770889	3.2693144094573987	0.4030617542205534	1.4285714285714286
BG01596	-10.313815019764753	3.400769397732929	0.43698721350892356	1.4285714285714286
BG01597	-9.340761004775244	3.4138425365247547	0.4244910920731451	1.4285714285714286
BG01598	-10.374703320471543	3.7345331358902785	0.4520676404767174	1.430120251154848
BG01599	-8.688930092833553	3.7362512568699677	0.4141310773530839	1.4285714285714286
BG01600	-9.251565298183632	2.496445668209359	0.43140590976154175	1.4285714285714286
BG01601	-8.765171595974186	4.683262849224183	0.441422870269266	1.4285714285714286
BG01602	-8.622407535860166	4.700456457107913	0.4235243960423235	1.4285714285714286
BG01603	-9.388439195258252	3.608091222881564	0.4318602645253109	1.4285714285714286
BG01604	-7.501246874693177	2.1311598121759587	0.39236619578373927	1.4285714285714286
BG01605	-7.277363667774421	2.4875420576763445	0.40371719128250455	1.4285714285714286
BG01606	-10.580657460739506	5.448486859931387	0.42939560776615876	1.430120251154848
BG01607	-8.012186689400638	3.129575552214485	0.43995002036455455	1.4285714285714286
BG01608	-8.581824384640228	7.0214639777532755	0.42264230502169187	1.4285714285714286
BG01609	-9.69414842611108	4.55717776295297	0.42156978244981635	1.4285714285714286
BG01610	-8.769352818168825	1.5617972389128627	0.4011506736832402	1.4285714285714286
BG01611	-8.281138847321602	3.3320635103759857	0.4414130098910405	1.4285714285714286
BG01612	-8.791997140843144	4.52054616983416	0.4397301671943439	1.4285714285714286
BG01613	-9.342177692450287	3.364895829114176	0.4282157557550271	1.4285714285714286
BG01614	-10.080773920618272	5.19991546497801	0.3946578355295759	1.2853061932652365
BG01615	-7.624901687786501	3.664610908547657	0.4334345302390894	1.4285714285714286
BG01616	-10.32279901885738	3.71405473887657	0.40361356820154826	1.2853061932652365
BG01617	-8.448781976317528	2.3898653915103836	0.41780156661283235	1.4285714285714286
BG01618	-10.465119800253513	3.3857844028806974	0.4416671885490619	1.430120251154848
BG01619	-8.840640066280717	3.6038249399279874	0.45551183912811355	1.4285714285714286
BG01620	-9.413793688531253	5.437138662402736	0.40853606580275076	1.4285714285714286
BG01621	-8.552331144206619	2.92979734264758	0.43392753501084363	1.4285714285714286
BG01622	-9.55099641278494	4.77439951241473	0.42056572478400545	1.4285714285714286
BG01623	-8.549401695553996	2.403030247020437	0.43154369353322397	1.4285714285714286
BG01624	-9.310940734581258	2.558417602213527	0.425143881928465	1.4285714285714286
BG01625	-7.622504487824344	3.7893408860595876	0.4097809314279732	1.4285714285714286
BG01626	-9.765371891532446	4.161452180936419	0.4346754660285267	1.4285714285714286
BG01627	-8.66817653665628	3.7051882598308765	0.4373361465688128	1.4285714285714286
BG01628	-8.172560131841307	2.7802181200741827	0.43049084984423996	1.4285714285714286
BG01629	-9.439781372774487	3.0711356706896042	0.42457397502731387	1.4285714285714286
BG01630	-8.655396838953452	5.868602576900489	0.4223093206190443	1.4285714285714286
BG01631	-6.8878534689185225	5.045132053438641	0.4122761969696459	1.4285714285714286
BG01632	-9.39042725176237	3.6969491567461503	0.39818927733654225	1.4285714285714286
BG01633	-8.132997925868125	2.279119396837968	0.4328101302711281	1.4285714285714286
BG01634	-9.16742108216245	3.4751861462422955	0.41530021651201127	1.4285714285714286
BG01635	-10.40635347982013	4.781109804795744	0.4336252469800064	1.4285714285714286
BG01636	-10.129230369722531	5.774764413419411	0.4335445300130224	1.4285714285714286
BG01637	-8.470415061403239	4.554457957837904	0.4343061446719833	1.4285714285714286
BG01638	-5.562889564240878	4.971942473610104	0.41379280276241104	1.4285714285714286
BG01639	-9.57548385189962	6.622475592138508	0.41910094455865676	1.4285714285714286
BG01640	-11.124328082778582	4.481250525260692	0.43421404933003227	1.4285714285714286
BG01641	-10.463819598703672	2.9327983858732964	0.4124548654238576	1.4285714285714286
BG01642	-10.300533424782108	5.716584743807431	0.40102097944941795	1.4285714285714286
BG01643	-7.2402671325650285	3.0091604508037326	0.42902423142110596	1.4285714285714286
BG01644	-8.40365988885722	2.095724951661275	0.3964352441029079	1.4285714285714286
BG01645	-8.209314017021507	3.531131537911282	0.44805003907247426	1.4285714285714286
BG01646	-9.374213747321143	3.8572286563309515	0.3966519867441696	1.4285714285714286
BG01647	-8.585127982371981	4.76152900075112	0.42711427611275044	1.430120251154848
BG01648	-11.561020129734825	3.399347143454856	0.4235016219831464	1.430120251154848
BG01649	-10.354425298522733	2.5355819897353924	0.4157355423645685	1.4285714285714286
BG01650	-9.378463879462915	3.102914782879377	0.394776426993114	1.4285714285714286
BG01651	-8.316060887013627	5.940253601384728	0.4052115084110609	1.4285714285714286
BG01652	-9.10594611675445	3.7889535247753092	0.4453516841119663	1.4285714285714286
BG01653	-8.62845356870344	3.197469010925379	0.39092810377208814	1.4285714285714286
BG01654	-10.130960698633999	3.747853415727134	0.4436391343708438	1.4285714285714286
BG01655	-10.378160793764152	2.1571054605898214	0.44298549223389194	1.4285714285714286
BG01656	-10.426105966317364	5.467664879054061	0.4395526112004106	1.430120251154848
BG01657	-6.931442573197162	4.114728186518472	0.40685728459524817	1.4285714285714286
BG01658	-9.636405322704954	2.835870939915975	0.42927116275319216	1.4285714285714286
BG01659	-9.2906264198403	3.291178704024063	0.4203677442831952	1.4285714285714286
BG01660	-9.565020002572847	4.419816315919099	0.44293301870151214	1.4285714285714286
BG01661	-7.316035217984114	3.0004380416710204	0.45416067205007843	1.4285714285714286
BG01662	-8.27682953009242	2.2065640177578514	0.41584176465413963	1.4285714285714286
BG01663	-8.251003554087829	5.045858906485692	0.4279665906161915	1.4285714285714286
BG01664	-7.486077578087002	2.886715389189458	0.41407949630249197	1.4285714285714286
BG01665	-8.973709707460358	3.1133525374718274	0.4074168080040374	1.4285714285714286
BG01666	-8.864750541839065	4.114217994193405	0.4112637781068032	1.4285714285714286
BG01667	-8.154644228834995	4.804548054923024	0.4340574259331111	1.4285714285714286
BG01668	-9.342603174927058	4.5956964574442125	0.4402176527627292	1.4285714285714286
BG01669	-8.4734105704608	5.795040678658908	0.42627364360874087	1.4285714285714286
BG01670	-7.064132788894517	1.773047049155686	0.44918718566570004	1.4285714285714286
BG01671	-7.819352819396855	3.142385581192284	0.4244460782001819	1.4285714285714286
BG01672	-9.465444396204493	5.9731120100868225	0.4215852649926906	1.4285714285714286
BG01673	-9.59458208308717	3.0312618530338105	0.4121022881886983	1.4285714285714286
BG01674	-10.089415398905258	5.44706478503571	0.4207400552382062	1.4285714285714286
BG01675	-9.640572777382875	4.86308968528487	0.42463103075296443	1.4285714285714286
BG01676	-8.887266844570107	6.318207554043101	0.42030295834061954	1.4285714285714286
BG01677	-8.871147160868563	2.0967062902321354	0.41783205245386906	1.4285714285714286
BG01678	-8.318900132660682	3.7422358522010186	0.4195652284297536	1.4285714285714286
BG01679	-9.599593912559008	3.43174688636965	0.45285709937679236	1.4285714285714286
BG01680	-8.887754121527202	5.016422211625645	0.40523946107978276	1.4285714285714286
BG01681	-8.656822921311528	3.3824042220920427	0.4432872743134012	1.4285714285714286
BG01682	-8.680058195246245	3.0389945443557087	0.4113688825122351	1.4285714285714286
BG01683	-9.086857560230946	2.199514149488549	0.4259456494185184	1.4285714285714286
BG01684	-7.947733292699298	2.6642989312010856	0.4241469054035009	1.4285714285714286
BG01685	-10.205111555796446	3.3632462350989196	0.4271850755347826	1.4285714285714286
BG01686	-8.874928170458592	5.47057743706197	0.4215243524148997	1.4285714285714286
BG01687	-10.2930733883007	4.419870978725454	0.42833808292304604	1.4285714285714286
BG01688	-9.092175671235434	3.529340524341888	0.40509966825912624	1.4285714285714286
BG01689	-9.719159167802292	1.2035157604584976	0.42196172228732737	1.4285714285714286
BG01690	-6.38563556662364	2.94862501800351	0.41671035596833284	1.4285714285714286
BG01691	-9.134707970858264	4.02123583309355	0.42705079912168775	1.4285714285714286
BG01692	-9.156065296425002	7.317035554451758	0.4382482886316942	1.4285714285714286
BG01693	-9.748195107791737	2.7380271604307014	0.4155843794703266	1.4285714285714286
BG01694	-7.574561508751376	3.096050961757575	0.428906014583421	1.4285714285714286
BG01695	-7.6833546363984455	2.190407148198143	0.4132042905204372	1.4285714285714286
BG01696	-10.138934964728719	0.6514109403241937	0.4606317135059175	1.4285714285714286
BG01697	-8.499602033888838	3.3913133272699216	0.41550560430671685	1.4285714285714286
BG01698	-8.797967087858934	2.685344456635802	0.41211417095641056	1.4285714285714286
BG01699	-9.028039462333567	2.797193987520839	0.4273183793702396	1.4285714285714286
BG01700	-7.669697494658298	6.079794934395516	0.4062916577056605	1.2853061932652365
BG01701	-8.191849365873619	2.0709724660661273	0.4238998202792083	1.4285714285714286
BG01702	-10.63036162220105	5.237036396999271	0.4385716723148592	1.430120251154848
BG01703	-9.427871989982464	4.2608579925383	0.43579605240389135	1.4285714285714286
BG01704	-9.730600090766542	3.684374200935609	0.44701749001306185	1.4285714285714286
BG01705	-7.225717841062933	1.5907937923438789	0.4039836676803164	1.4285714285714286
BG01706	-8.169419603591708	2.365381971835868	0.4027785400633981	1.4285714285714286
BG01707	-7.151371679411642	3.19761544365694	0.4048072232298163	1.2853061932652365
BG01708	-8.289030079298856	3.6462736396881357	0.4205077185862727	1.4285714285714286
BG01709	-7.49803618162389	3.2617459740640444	0.4403684308959142	1.4285714285714286
BG01710	-10.127426073639278	2.72319065237528	0.3768870661010173	1.4285714285714286
BG01711	-9.859124596225689	3.696432213344835	0.4334361406808414	1.4285714285714286
BG01712	-8.052268537838959	3.519417751583942	0.43117035298192846	1.4285714285714286
BG01713	-9.519585364587067	4.042635687411759	0.42978441381948296	1.4285714285714286
BG01714	-8.998318389445163	3.798946171564664	0.41491873684668495	1.4285714285714286
BG01715	-9.372012276941584	4.12609917228921	0.4118278644235714	1.4285714285714286
BG01716	-9.341929468914827	2.604023807523396	0.4430962827008098	1.4285714285714286
BG01717	-8.536308265260326	3.6207701493332896	0.4508957644280637	1.4285714285714286
BG01718	-8.071075403426455	5.179549563291572	0.45439956095084194	1.4285714285714286
BG01719	-10.054533835955247	3.294913237739991	0.4271460376433494	1.4285714285714286
BG01720	-10.3580306422649	5.737708652183335	0.4525076854470776	1.4285714285714286
BG01721	-8.337095650940865	4.785045338512183	0.41363395499993455	1.4285714285714286
BG01722	-7.5820974367500655	0.7420036031505001	0.4181660528134766	1.4285714285714286
BG01723	-8.017708432786899	3.1256246425624563	0.41761900826643644	1.4285714285714286
BG01724	-7.072302496540036	3.552661403618012	0.4445201008641701	1.4285714285714286
BG01725	-9.67760748234037	4.644372993834218	0.4365354117446656	1.4285714285714286
BG01726	-8.977918296560734	3.776872178759595	0.4114657084394485	1.4285714285714286
BG01727	-9.0050915822021	3.2109320662193124	0.4390577734538366	1.4285714285714286
BG01728	-8.088567141277279	5.218065811329288	0.4496719818285089	1.4285714285714286
BG01729	-8.535840652449325	4.290462200394487	0.4256836204715226	1.4285714285714286
BG01730	-9.574937141324828	3.060989984991417	0.41018040373954606	1.4285714285714286
BG01731	-10.72498356743318	4.940339127968003	0.4259995996394636	1.4285714285714286
BG01732	-6.892733949588663	0.003310629630483702	0.4027128083113946	1.4285714285714286
BG01733	-8.931829260407817	2.8963875765046887	0.43469463108486933	1.4285714285714286
BG01734	-9.541728542749109	5.404342086858279	0.4201491126624298	1.4285714285714286
BG01735	-10.299385778324211	5.680927030632805	0.44864668987790307	1.4285714285714286
BG01736	-9.07269219305309	3.985772973117769	0.4405658040534686	1.4285714285714286
BG01737	-9.60662984902889	3.5042629284568334	0.4208233552783255	1.4285714285714286
BG01738	-8.111196795347423	3.4293603761262297	0.4299941284587148	1.4285714285714286
BG01739	-10.802222932452574	5.788549027016076	0.43094746388924493	1.4285714285714286
BG01740	-9.995196632631934	3.299654332523639	0.43208166988555236	1.4285714285714286
BG01741	-9.999257889341248	3.3558331298664354	0.41382714895821304	1.4285714285714286
BG01742	-7.854185534153853	3.7424882897870724	0.43764299046406996	1.4285714285714286
BG01743	-8.766455783084282	1.443280568144895	0.4486163915668952	1.4285714285714286
BG01744	-10.629173024315167	4.94267020726177	0.41270348410330004	1.430120251154848
BG01745	-8.783981478027549	3.1894534904580585	0.42322458342623853	1.4285714285714286
BG01746	-8.32545058582384	3.0689766614778513	0.4261969887597779	1.4285714285714286
BG01747	-6.067688033332928	3.682551435511372	0.426655997251793	1.4285714285714286
BG01748	-9.786488720979051	4.9744794800702055	0.43029963802241494	1.4285714285714286
BG01749	-7.768320886200304	3.7023070963408706	0.41939828287526487	1.4285714285714286
BG01750	-8.220634666816698	5.544456687735035	0.4202581462630565	1.4285714285714286
BG01751	-9.078402691193517	3.805299884144522	0.42760180529184183	1.4285714285714286
BG01752	-8.465906635571582	3.6662508044966584	0.4003395459473244	1.4285714285714286
BG01753	-8.37755953614156	4.080337221538432	0.39701148377829126	1.4285714285714286
BG01754	-9.101750180187826	4.8456584160443	0.42718125203207347	1.4285714285714286
BG01755	-9.128981385132578	4.820347293922291	0.4347082578830587	1.4285714285714286
BG01756	-9.442518355335345	2.90001233935623	0.4341407239524686	1.430120251154848
BG01757	-9.350425015601168	4.920093219476695	0.434154683730339	1.4285714285714286
BG01758	-8.78466103222343	5.072537252363339	0.43764728752134185	1.4285714285714286
BG01759	-9.427501272821011	6.507828405674779	0.42111860784536104	1.4285714285714286
BG01760	-8.794335048405769	1.0034895852676728	0.44618233515088807	1.4285714285714286
BG01761	-9.566777217898457	5.052534347206268	0.4463915246261973	1.4285714285714286
BG01762	-8.405729409756493	4.5465002198708735	0.4268089427703301	1.4285714285714286
BG01763	-8.880414364093339	4.181869709486831	0.4043463897962172	1.4285714285714286
BG01764	-9.36774504518847	2.171488619094786	0.41773537995678484	1.4285714285714286
BG01765	-9.254244114079524	4.241820500188833	0.3790001461089578	1.4285714285714286
BG01766	-8.362314614688202	3.241836738155792	0.36814649799050814	0.9908944808185901
BG01767	-7.413027149044718	2.4280881059739445	0.41616602126507335	1.4285714285714286
BG01768	-9.951315092226295	3.572388543438691	0.3983793918257364	1.4285714285714286
BG01769	-10.172886855851651	2.345944024218304	0.42574339082981005	1.4285714285714286
BG01770	-9.286722351189532	4.987122385223628	0.43950205894344024	1.4285714285714286
BG01771	-8.654600324910797	3.4697314641123365	0.41387345270804593	1.4285714285714286
BG01772	-9.388126288948436	3.847860874751162	0.42949988225055663	1.4285714285714286
BG01773	-10.384738047041953	2.773987876653695	0.4119791328556964	1.4285714285714286
BG01774	-7.676560538596382	3.6201370579461543	0.40162957556728573	1.4285714285714286
BG01775	-10.480187274958332	2.998381698926588	0.4211784517832038	1.4285714285714286
BG01776	-10.34249350072355	2.3858492297010363	0.4083020576345146	1.4285714285714286
BG01777	-9.714091472007988	1.6806445366000042	0.4436735608865182	1.4285714285714286
BG01778	-9.183904007245594	4.11905958395002	0.43309331385375205	1.4285714285714286
BG01779	-7.731059909560385	4.351448472962106	0.431339550554267	1.430120251154848
BG01780	-8.154046313182118	3.8018339752651626	0.44402269012682044	1.4285714285714286
BG01781	-9.239489469278684	5.642086324603033	0.44609087510124795	1.4285714285714286
BG01782	-6.468472520171864	2.364936832178463	0.39418298428604465	1.4285714285714286
BG01783	-7.535487856467929	5.0584101899299645	0.44263439305302854	1.4285714285714286
BG01784	-10.29931518341661	5.327482972274191	0.4350333097613287	1.4285714285714286
BG01785	-10.333905221290921	4.420447174155514	0.41905229935688953	1.4285714285714286
BG01786	-8.000891324336278	3.25389887264316	0.40980845904733004	1.4285714285714286
BG01787	-6.847398159676824	0.3133983412666383	0.42088311087472946	1.4285714285714286
BG01788	-9.330127397540997	3.3959791860404813	0.4250886583416472	1.4285714285714286
BG01789	-11.237133928145312	3.6376097981192714	0.43113742604784205	1.4285714285714286
BG01790	-9.37426974999563	2.78592708120968	0.4265182801321514	1.4285714285714286
BG01791	-9.853596473195283	1.4232180242558632	0.4347518412250322	1.4285714285714286
BG01792	-10.2281772363804	3.6119670999740845	0.40448271515283857	1.4285714285714286
BG01793	-7.985597691631803	5.601588960024123	0.4359867718686591	1.4285714285714286
BG01794	-8.8736018956461	2.557431507015009	0.41310173397367705	1.4285714285714286
BG01795	-11.158803111733038	4.4044677332847195	0.42488916023759327	1.4285714285714286
BG01796	-9.601769473227105	3.6768641920243663	0.4058527879789005	1.4285714285714286
BG01797	-9.287561500710497	4.538174768993999	0.44500912849439894	1.4285714285714286
BG01798	-9.948096146578548	4.772513845941335	0.4443991315711045	1.4285714285714286
BG01799	-8.216998425282739	4.288542702665295	0.3942418488592432	1.1016395137759427
BG01800	-10.111480017638186	5.263607499239927	0.41321713110323516	1.4285714285714286
BG01801	-10.88498398136289	4.683542338774156	0.42280220724465517	1.4285714285714286
BG01802	-9.156292139953795	4.317504172501595	0.4064769255279439	1.4285714285714286
BG01803	-4.164854937401161	3.3244893397364006	0.42145615555462657	1.4285714285714286
BG01804	-8.477918893626693	1.100167658820624	0.40328266714929367	1.4285714285714286
BG01805	-9.435898593631194	3.790100118096503	0.39740932892401704	1.4285714285714286
BG01806	-7.8357050452117525	1.8306865696827328	0.42710162620395326	1.4285714285714286
BG01807	-6.686627716227589	2.871378462051917	0.37973487671725986	1.4285714285714286
BG01808	-9.717853423111096	5.555978892690298	0.44518064610799624	1.4285714285714286
BG01809	-9.088585356069096	3.8539878481111662	0.39545930189776246	1.4285714285714286
BG01810	-8.972034250148612	7.120088462979027	0.42415982080653514	1.4285714285714286
BG01811	-9.296683420934473	5.032625503159008	0.42568404118474845	1.4285714285714286
BG01812	-9.406562304666659	4.599794888142326	0.4018909450957242	1.4285714285714286
BG01813	-8.792867283301835	4.912228785048296	0.43464010286141597	1.4285714285714286
BG01814	-10.286590936662881	5.240029339703767	0.4357783805179034	1.4285714285714286
BG01815	-7.324106359137632	5.4602487265919795	0.4189233803147098	1.4285714285714286
BG01816	-7.7356843870789795	3.9515508002032527	0.4388923667051784	1.4285714285714286
BG01817	-8.780847163844404	4.918547543634262	0.4319823546996693	1.4285714285714286
BG01818	-10.854678520328239	5.122979290457219	0.40370903976903344	1.2853061932652365
BG01819	-8.905855598400422	3.230495563079601	0.42540149176823117	1.4285714285714286
BG01820	-8.444272091386269	2.908842805636954	0.4261123103803425	1.4285714285714286
BG01821	-9.486961553939441	4.844263317475663	0.44905667220158846	1.4285714285714286
BG01822	-7.362741757849101	3.693590502032736	0.4111521009309931	1.4285714285714286
BG01823	-6.783559939733788	3.486972824047732	0.43571462900374386	1.4285714285714286
BG01824	-9.24948517329334	2.9789648015024484	0.4106420523341424	1.4285714285714286
BG01825	-8.470704786875222	2.2251135368210155	0.41316491819951445	1.4285714285714286
BG01826	-8.878059808611962	2.073296902835348	0.42874798318071183	1.4285714285714286
BG01827	-10.076624769181516	3.832511509028611	0.4369861491171362	1.4285714285714286
BG01828	-8.376536328854153	3.8335342435788324	0.42284690657344787	1.4285714285714286
BG01829	-8.675681231118967	4.168587852163834	0.43699918658081544	1.4285714285714286
BG01830	-7.599618062423544	2.588477553340606	0.44142386490224633	1.4285714285714286
BG01831	-8.948715230673255	3.7338679152633767	0.41998316698003957	1.4285714285714286
BG01832	-10.107532319122473	6.953915119323701	0.4135469659678239	1.2853061932652365
BG01833	-9.877441314675586	3.266186920379007	0.4423668089574489	1.4285714285714286
BG01834	-9.326395112714932	3.2853067257985633	0.42146049430476495	1.4285714285714286
BG01835	-9.265149206660805	2.9619041329236935	0.4223523316200099	1.4285714285714286
BG01836	-9.036949837784134	4.616238175249405	0.4336620899012549	1.4285714285714286
BG01837	-9.559932590492522	1.287723470840877	0.41764098547024786	1.4285714285714286
BG01838	-8.039747627236096	4.49162330087579	0.45347785963899107	1.430120251154848
BG01839	-6.0788651364153825	2.6719168261105217	0.418941532069308	1.4285714285714286
BG01840	-8.319520673366004	6.20087536362748	0.4360210474289422	1.4285714285714286
BG01841	-8.822856176985468	5.27332257479769	0.4172460237515856	1.4285714285714286
BG01842	-8.999997486616744	3.4400089388743815	0.43471472319283877	1.430120251154848
BG01843	-9.008271951132024	5.058266556300164	0.43160052457412684	1.4285714285714286
BG01844	-8.663192258253826	6.893723322873205	0.4450014761843508	1.4285714285714286
BG01845	-8.548124973821183	5.89545152725363	0.44370138577095736	1.4285714285714286
BG01846	-8.673048754520005	3.85816348005594	0.43104120486687075	1.4285714285714286
BG01847	-7.8393420950186	3.2127143646493086	0.43274139969968806	1.4285714285714286
BG01848	-10.089280843336427	4.007080493907082	0.4436354638358917	1.4285714285714286
BG01849	-8.78386464302994	3.8521325553050274	0.4215861753284499	1.4285714285714286
BG01850	-10.2744888606111	3.1918537305548376	0.42090974033310646	1.4285714285714286
BG01851	-8.39588934469003	2.7427942711448448	0.4323621086486671	1.4285714285714286
BG01852	-8.726533211935502	4.267859875040644	0.4309326073377251	1.4285714285714286
BG01853	-7.7828969970242206	2.9491950159114766	0.3970344974464913	1.4285714285714286
BG01854	-10.576708030562818	5.121592184644835	0.4595460508298254	1.4285714285714286
BG01855	-9.833827006470418	2.7958957314983093	0.42580405376275454	1.4285714285714286
BG01856	-9.900481003844906	3.5975903968920595	0.43113062093342674	1.4285714285714286
BG01857	-8.907380036988496	4.512760454967614	0.42007445546122163	1.4285714285714286
BG01858	-7.912243764293307	3.96954656263653	0.41361273564724854	1.4285714285714286
BG01859	-10.341005342374938	3.440052532136801	0.4474317539114584	1.430120251154848
BG01860	-9.411012227325351	4.416783311906442	0.42713712298689116	1.4285714285714286
BG01861	-8.559468735848883	4.630221020110011	0.4426641883455954	1.4285714285714286
BG01862	-7.363036497117974	2.963893960199795	0.4198373643626943	1.4285714285714286
BG01863	-8.861632592178891	3.6038474583094713	0.44215342262915325	1.4285714285714286
BG01864	-9.463565312474092	3.3947198692412384	0.44609683233211345	1.4285714285714286
BG01865	-8.081721989052786	1.556355573179941	0.41655719949793135	1.4285714285714286
BG01866	-6.219432689657886	1.5885971857274621	0.41137806965587076	1.4285714285714286
BG01867	-7.280112085464944	4.3678009866878	0.3836807200458073	1.2853061932652365
BG01868	-8.434184676451856	3.4888858787465296	0.3916033665676687	1.1988241461748232
BG01869	-9.211580715456664	5.671741677833097	0.4346332439004254	1.4285714285714286
BG01870	-9.67200125871496	4.534567550176377	0.42515252154173705	1.4285714285714286
BG01871	-8.9560396059341	6.241892330802494	0.42681494675877407	1.4285714285714286
BG01872	-8.125654855666038	4.128306131631644	0.44139363260458736	1.4285714285714286
BG01873	-8.99193100933211	3.7262325406088785	0.43955252742208567	1.4285714285714286
BG01874	-8.787888661054776	2.303284488394361	0.4062498391335311	1.4285714285714286
BG01875	-10.312177024870667	3.763988100861572	0.4345096271252865	1.4285714285714286
BG01876	-9.285859198575045	3.6583951107883332	0.4316307014393837	1.4285714285714286
BG01877	-8.745410473298762	3.847422993949614	0.4284189865923157	1.4285714285714286
BG01878	-10.995200209097908	3.7697152142016432	0.4490553741700511	1.4285714285714286
BG01879	-8.868846645095802	4.5010264072457105	0.4246683379861507	1.4285714285714286
BG01880	-8.495255486868643	2.9258032318093967	0.401828477110837	1.4285714285714286
BG01881	-8.068650442453713	4.298362555578919	0.444350991692331	1.4285714285714286
BG01882	-7.019342392450853	2.004391774573843	0.3940106934906668	1.4285714285714286
BG01883	-7.4547688061891035	3.454159724797854	0.42782677817817	1.4285714285714286
BG01884	-10.822262675012388	4.866815228196174	0.4486326297421154	1.4285714285714286
BG01885	-9.799286310590956	4.917971036622296	0.44710703413490704	1.4285714285714286
BG01886	-9.09863407319684	4.062147248767566	0.43058070785714514	1.4285714285714286
BG01887	-9.135292400321534	6.163039200019671	0.41495012490186833	1.4285714285714286
BG01888	-10.666262870237588	6.211203843437809	0.42861307684530686	1.4285714285714286
BG01889	-10.871388360593684	4.02684707819372	0.4465126770949129	1.4285714285714286
BG01890	-8.574215285037912	3.7352975988606247	0.40037773342402067	1.4285714285714286
BG01891	-7.512175032694884	1.9281047616942315	0.3882686516268612	1.4285714285714286
BG01892	-8.673944288777793	4.1766359020781065	0.4246441407876119	1.4285714285714286
BG01893	-8.789394172953283	3.923263457682597	0.4235299242432288	1.4285714285714286
BG01894	-9.322233590454951	3.0779669523762117	0.4119579750816145	1.4285714285714286
BG01895	-8.72203841911294	4.641788176122443	0.42797716907391165	1.4285714285714286
BG01896	-8.442684431245343	0.9765729259034491	0.42383579411630873	1.4285714285714286
BG01897	-10.86884992566619	4.1384362867079885	0.4493142945719114	1.4285714285714286
BG01898	-7.538867338974012	1.3588489152264762	0.4248263977964348	1.4285714285714286
BG01899	-7.694657084381289	3.4950857607415395	0.42890223046361237	1.4285714285714286
BG01900	-9.075023444125065	4.032576870982051	0.3983897689077949	1.4285714285714286
BG01901	-9.195435301217442	4.03359930941092	0.402042555460864	1.4285714285714286
BG01902	-9.670175972469226	4.920158925444913	0.41864631166170463	1.4285714285714286
BG01903	-11.399464148405162	5.095219788104796	0.4478530674871589	1.4285714285714286
BG01904	-8.463325625292484	3.2465232493740643	0.42866293546642387	1.430120251154848
BG01905	-9.725693070862985	4.6261841534857115	0.4292752639353398	1.4285714285714286
BG01906	-9.662183058515284	4.113852086604923	0.42225703957686544	1.4285714285714286
BG01907	-9.145480793041253	4.65458927717396	0.4233976556588237	1.4285714285714286
BG01908	-9.178014621076699	4.668150939996715	0.42680466603566725	1.4285714285714286
BG01909	-8.323766567713212	4.542915121250547	0.424539112193679	1.4285714285714286
BG01910	-6.577208575089226	1.4466041011577582	0.39677503236294137	1.4285714285714286
BG01911	-9.168128666647496	3.1032769996116167	0.44541121930837524	1.4285714285714286
BG01912	-8.19212692273461	2.7849449214976634	0.423373622031461	1.4285714285714286
BG01913	-8.678766525180828	3.490527250904439	0.44172798291082044	1.4285714285714286
BG01914	-8.974492224441951	3.814704698769095	0.43192294645289575	1.4285714285714286
BG01915	-10.252435793093484	4.047690647665721	0.42520268968906716	1.4285714285714286
BG01916	-8.66943206340643	2.455998171884043	0.43333291945464003	1.4285714285714286
BG01917	-8.370399859421978	3.6982574290039665	0.4453936044637778	1.4285714285714286
BG01918	-9.708947074598665	3.193353256076782	0.4077409894557077	1.4285714285714286
BG01919	-10.232496314031533	4.827325584122818	0.4495700315885285	1.4285714285714286
BG01920	-10.691301225142801	3.7473266046760307	0.42061836295903027	1.4285714285714286
BG01921	-9.1571974514484	2.8507815100402927	0.4043115948051987	1.4285714285714286
BG01922	-11.138548412909735	5.560589807633435	0.4018905971731857	1.4285714285714286
BG01923	-10.833267311568214	5.558708817337329	0.40283885790904456	1.4285714285714286
BG01924	-8.259907978030668	4.71512148479672	0.4337136266085261	1.4285714285714286
BG01925	-8.367730514673557	4.160150442682005	0.4262270897402407	1.4285714285714286
BG01926	-9.865010834679152	4.151903701296836	0.43405479842792666	1.4285714285714286
BG01927	-9.828634251034728	2.084897516485439	0.38098706856416664	1.044608794567242
BG01928	-7.72401160747112	3.4838896834786395	0.401043491374297	1.4285714285714286
BG01929	-8.584384944863066	5.433215760169347	0.4293236145399189	1.4285714285714286
BG01930	-9.429848565281809	4.178235987196461	0.43577351734880093	1.4285714285714286
BG01931	-8.79534345253295	3.2956864302407083	0.41436456225881996	1.4285714285714286
BG01932	-7.374887804448124	3.6137794483815417	0.412732526911591	1.4285714285714286
BG01933	-8.48384067240669	3.833773443016153	0.4276563343631419	1.4285714285714286
BG01934	-9.642387334026962	6.653967658925588	0.4247667302501546	1.4285714285714286
BG01935	-8.752352431951325	2.8902256893174028	0.41395409868750466	1.4285714285714286
BG01936	-9.599994404744013	5.500384435196713	0.42136750273554924	1.4285714285714286
BG01937	-8.014712874678064	4.833481462810882	0.43891557422968225	1.4285714285714286
BG01938	-7.486610967026228	3.8617136701309804	0.3871901464931291	1.2853061932652365
BG01939	-9.032387959093832	4.516475676295777	0.4340698153232079	1.4285714285714286
BG01940	-8.634806205789777	4.0368837574060805	0.44797877009549597	1.4285714285714286
BG01941	-9.249358450930805	4.6507457004647295	0.42462199493593383	1.4285714285714286
BG01942	-8.247400070401351	4.633997216198052	0.4375954610411148	1.4285714285714286
BG01943	-8.405275132827025	3.4833629850363064	0.4106431788460776	1.4285714285714286
BG01944	-8.842102922811172	3.340869916798867	0.43089176516898026	1.4285714285714286
BG01945	-7.620273501633401	4.682528793840978	0.44200140733071425	1.4285714285714286
BG01946	-5.419557000542623	5.241637656171548	0.4265904139297346	1.4285714285714286
BG01947	-7.337730675698098	2.770954209868014	0.43811540103510066	1.4285714285714286
BG01948	-10.448455048235534	3.0591825172278266	0.41300432239747076	1.4285714285714286
BG01949	-7.636870229754667	4.2530545090402505	0.4266580317836607	1.4285714285714286
BG01950	-10.231655112944212	3.9314373320801907	0.4356114712344293	1.4285714285714286
BG01951	-10.058567647703939	4.6054439113862	0.42367388348314705	1.2853061932652365
BG01952	-9.360118178109008	4.652911861750965	0.4090245953344535	1.4285714285714286
BG01953	-9.87294341055585	4.579329676252216	0.4222784014494152	1.4285714285714286
BG01954	-8.86347298438893	4.175835165043576	0.44794847924520187	1.4285714285714286
BG01955	-10.086188629843969	5.699718216333235	0.4335900044568087	1.4285714285714286
BG01956	-7.623899896949807	3.336329292930909	0.42163426732217196	1.4285714285714286
BG01957	-9.680551637705593	5.249186473000541	0.4074360977849185	1.4285714285714286
BG01958	-7.7825295915183075	4.1394061425302535	0.3964036831972568	1.4285714285714286
BG01959	-8.847900721844551	3.1184737578159343	0.4432412608573705	1.4285714285714286
BG01960	-8.924901665193543	3.0619049344233074	0.43616039017921526	1.430120251154848
BG01961	-7.363755367100621	2.5757829145242854	0.4190875460962035	1.430120251154848
BG01962	-10.529116407858192	2.3755666726275027	0.41892856116073407	1.4285714285714286
BG01963	-8.427338244189949	4.451370667397765	0.433290628531622	1.4285714285714286
BG01964	-6.55822215708933	3.2397758317871195	0.4037589593778722	1.4285714285714286
BG01965	-9.696917844630622	2.210651674946571	0.4243450310204254	1.430120251154848
BG01966	-10.33929603585904	6.01079395975027	0.4451177424121214	1.4285714285714286
BG01967	-8.65386586101065	5.156407040251907	0.45135280750535345	1.4285714285714286
BG01968	-10.050657262153145	6.088760234042695	0.4389273487170512	1.4285714285714286
BG01969	-8.953334090408003	3.873304551890379	0.41605575390074734	1.4285714285714286
BG01970	-8.66216307764601	6.502904488497293	0.4311198541951153	1.4285714285714286
BG01971	-9.8051027817649	7.015360758840902	0.4448468401499995	1.4285714285714286
BG01972	-9.21756579327793	2.5451116871430806	0.4068678712308464	1.4285714285714286
BG01973	-8.493327076761819	2.50454248721213	0.41426389286513404	1.4285714285714286
BG01974	-9.023573018809266	3.890173154466444	0.4015490983302916	1.430120251154848
BG01975	-8.164273618722696	2.9026240505039214	0.4485669018262934	1.430120251154848
BG01976	-10.849119323962423	4.88989313543536	0.4463362749788932	1.4285714285714286
BG01977	-8.809519211958865	4.528554387222188	0.3997809529957461	1.4285714285714286
BG01978	-10.247111198758855	4.9419295687534195	0.4238557864388445	1.4285714285714286
BG01979	-8.137568734617089	4.647580537525974	0.42574488833974194	1.4285714285714286
BG01980	-8.528915626418954	3.003227757351722	0.4067880709627623	1.4285714285714286
BG01981	-10.675676626163533	4.487821526987164	0.4411046115794698	1.4285714285714286
BG01982	-9.77192121525197	5.554203440962499	0.39861190392356116	1.4285714285714286
BG01983	-9.365917660569236	6.354498925816957	0.3973290404688651	1.2853061932652365
BG01984	-8.235196867744946	3.206026814067848	0.43014345609899524	1.4285714285714286
BG01985	-8.88091433315313	1.6586402782740757	0.4270143126261533	1.4285714285714286
BG01986	-9.01516854432742	3.78421947514816	0.44274710533828304	1.4285714285714286
BG01987	-9.191740802127683	4.167476406454824	0.4296631504115748	1.4285714285714286
BG01988	-10.327385588457512	2.5845369874121045	0.41131195497561684	1.4285714285714286
BG01989	-11.005961330020678	3.798924563918723	0.43909151042301703	1.4285714285714286
BG01990	-8.740969196150912	4.034443376923115	0.4357736147544426	1.4285714285714286
BG01991	-9.710136960286006	2.738935360511572	0.4261184303406497	1.4285714285714286
BG01992	-10.323243499046017	3.91633245103728	0.4420939954521892	1.4285714285714286
BG01993	-7.130035926945136	4.902473030596659	0.4164388642351365	1.4285714285714286
BG01994	-11.481792720367743	6.602515574831444	0.4371320280745919	1.430120251154848
BG01995	-7.118339415781781	1.7289472513408268	0.39774914717991744	1.4285714285714286
BG01996	-7.834744424777737	4.030352280530845	0.4177251062489565	1.4285714285714286
BG01997	-8.832492363457767	4.491144403900527	0.4366283089967199	1.4285714285714286
BG01998	-8.99248859475027	4.7560491304150725	0.4073073427663205	1.4285714285714286
BG01999	-5.113459083839725	3.8607312952958517	0.42075028685754773	1.4285714285714286
BG02000	-8.274062481195077	3.9853757491995307	0.42883849480053876	1.4285714285714286
BG02001	-9.78229857277358	2.7570769919683897	0.40892670935642517	1.4285714285714286
BG02002	-9.8365285147786	3.063411419944223	0.41583085411854503	1.4285714285714286
BG02003	-8.901210369228139	4.030573784092979	0.41603248750576527	1.430120251154848
BG02004	-9.976056926783057	4.23314182535337	0.4179792038148773	1.4285714285714286
BG02005	-9.747769318158081	3.4641704908942064	0.438119575266573	1.4285714285714286
BG02006	-9.015079251826993	6.618220844937531	0.41651498745056886	1.4285714285714286
BG02007	-9.122081695707413	5.1019104244288105	0.4559246008193579	1.4285714285714286
BG02008	-10.044812251281332	4.420932038018675	0.45338778271541286	1.4285714285714286
BG02009	-7.739993991219898	3.150232715370714	0.4237404108395032	1.4285714285714286
BG02010	-9.36331265848257	3.1358196210201514	0.4046670856065218	1.4285714285714286
BG02011	-7.43741451864358	2.3209315504374373	0.4112669568932436	1.4285714285714286
BG02012	-10.525065483712888	5.179338715536542	0.4217439190419152	1.4285714285714286
BG02013	-9.764874378236625	4.880847953657829	0.38496431391159014	1.4285714285714286
BG02014	-8.84725728945093	2.7653520345670306	0.3913619898450972	1.4285714285714286
BG02015	-9.99797431314697	2.1736881148961906	0.4443944660890774	1.4285714285714286
BG02016	-7.86350528540766	5.325025628228253	0.4089527391201672	1.4285714285714286
BG02017	-6.84916223478053	3.8365612830189715	0.3975115419856719	1.2853061932652365
BG02018	-9.481133255731198	3.085548817572459	0.43635419553834115	1.4285714285714286
BG02019	-8.356912560095294	3.4679647842552717	0.4398510052857242	1.4285714285714286
BG02020	-8.179073055349578	6.606584560404291	0.44121271165256376	1.4285714285714286
BG02021	-8.168906339609837	3.78533088413255	0.42829511980949597	1.4285714285714286
BG02022	-8.266216890373759	2.8365389840051916	0.4240729386474598	1.4285714285714286
BG02023	-8.54708975678883	3.6621145919002873	0.42686087484075347	1.4285714285714286
BG02024	-9.603887081264439	4.066162441619058	0.3820489182633581	1.4285714285714286
BG02025	-7.567362081466504	3.247316628299989	0.4386591067824586	1.4285714285714286
BG02026	-9.467501986139403	5.139037985752267	0.4443320850275501	1.430120251154848
BG02027	-11.303045343641175	4.105069472915662	0.42268378636158793	1.4285714285714286
BG02028	-7.877848955668383	3.4303569766958266	0.4324812136972922	1.4285714285714286
BG02029	-7.539495694829027	3.6636739771896845	0.4330678044905868	1.4285714285714286
BG02030	-11.502431298432267	4.3208218817355	0.41637159398533724	1.4285714285714286
BG02031	-7.89860971769704	4.019404506879194	0.4357172135298446	1.4285714285714286
BG02032	-9.39442482904101	6.268395615495352	0.44780327958037436	1.4285714285714286
BG02033	-9.146813915021882	4.193535126300163	0.37753859037551274	1.4285714285714286
BG02034	-5.820787158549414	2.7738512256467485	0.4110911374121032	1.4285714285714286
BG02035	-10.488472934900166	3.7267001191792084	0.4076266871976494	1.4285714285714286
BG02036	-9.56573044451082	5.809377157695909	0.41945763496864896	1.4285714285714286
BG02037	-10.90198744894764	3.05141258902017	0.42004028819396333	1.4285714285714286
BG02038	-8.968952348768886	4.685348076983165	0.4245553147144841	1.4285714285714286
BG02039	-9.263792241496564	2.8616921385739755	0.4311181437470884	1.4285714285714286
BG02040	-9.300262349998828	5.279682944298016	0.414071619118317	1.4285714285714286
BG02041	-9.56879774646692	3.649956928657823	0.4035953082831397	1.4285714285714286
BG02042	-9.670284810285564	4.23607216073358	0.42587083581456314	1.4285714285714286
BG02043	-10.125802413679331	5.525472114683788	0.4286458074959391	1.4285714285714286
BG02044	-7.642179872259466	4.8772276915651895	0.43287450220154905	1.4285714285714286
BG02045	-10.045536193713664	6.262439390923283	0.4353889932721772	1.4285714285714286
BG02046	-9.427714266361818	6.396254944380758	0.41974754679871173	1.4285714285714286
BG02047	-8.401629895734146	5.20350975697697	0.42720881749466166	1.4285714285714286
BG02048	-8.745165037340065	4.281640373458407	0.4506808071569173	1.4285714285714286
BG02049	-10.372987541329124	7.237463913081389	0.4083784058422857	1.430120251154848
BG02050	-9.77991321030383	4.533123648370942	0.4079075459238398	1.430120251154848
BG02051	-8.506550095948034	3.949575714357395	0.42361267936030034	1.4285714285714286
BG02052	-10.05147685228261	2.8684933664183343	0.4435236063817902	1.4285714285714286
BG02053	-8.25245593520311	1.5930500950205717	0.40490612939495574	1.4285714285714286
BG02054	-10.659608278088921	5.809559851586421	0.4315251829931723	1.4285714285714286
BG02055	-9.902515989968952	2.6065202712032987	0.42494560240182766	1.4285714285714286
BG02056	-9.14739385354254	1.9839703728229445	0.3976904920660403	1.4285714285714286
BG02057	-7.64922395124635	4.752237203174085	0.39157044444204026	1.2853061932652365
BG02058	-8.773890198978759	5.132802713236933	0.4123361700079525	1.4285714285714286
BG02059	-9.816281412521436	3.6434978391926416	0.4277914934608596	1.4285714285714286
BG02060	-7.361962219300848	3.2615203225791283	0.444609005509607	1.4285714285714286
BG02061	-8.70842362008781	3.896246891446422	0.4177168053277263	1.4285714285714286
BG02062	-8.623257088142577	3.0186164712835915	0.4139788092341147	1.4285714285714286
BG02063	-8.37721210874661	5.756439263000098	0.4516009283138671	1.4285714285714286
BG02064	-9.708154385622262	3.402547367326321	0.4435767504855277	1.4285714285714286
BG02065	-8.488452189390044	4.5079891216482135	0.4168506259056105	1.430120251154848
BG02066	-9.50013049991238	4.586548417597362	0.42665712219438356	1.4285714285714286
BG02067	-9.834796414867327	3.16546327601242	0.4163696466707503	1.4285714285714286
BG02068	-9.539406889495586	4.600103111923728	0.42035410026061265	1.4285714285714286
BG02069	-8.514548323988985	1.1059899841012621	0.41248819739539777	1.4285714285714286
BG02070	-10.93574902639184	5.700241905215249	0.42046704558002734	1.4285714285714286
BG02071	-10.383189139635885	5.387292209794295	0.39713858401267166	1.4285714285714286
BG02072	-8.545421789416459	-0.31873667139870704	0.4420626753686261	1.4285714285714286
BG02073	-9.560585419745248	2.9856328158506527	0.41199347427371974	1.4285714285714286
BG02074	-8.000602854901636	3.975433332582216	0.44516361470028915	1.4285714285714286
BG02075	-7.830680360090166	4.099146551378606	0.4335282898637713	1.4285714285714286
BG02076	-9.223016102846382	2.25940791174939	0.43197361976835125	1.4285714285714286
BG02077	-8.124310398111193	3.452922473794716	0.4394913049851659	1.4285714285714286
BG02078	-9.602392001981588	4.088992592544055	0.3906046119276112	1.4285714285714286
BG02079	-8.049722265897984	4.966626470402877	0.43449945341601165	1.4285714285714286
BG02080	-7.087639632456175	4.670522196598288	0.4217890311498755	1.4285714285714286
BG02081	-9.165088799916422	4.250004035732893	0.4101443865684176	1.4285714285714286
BG02082	-10.361140078956169	5.1537194272480535	0.4299653608138043	1.4285714285714286
BG02083	-9.054244161528754	3.6766187402018686	0.4285484863489398	1.4285714285714286
BG02084	-8.379776556455834	3.8073973617885537	0.4067710578494993	1.4285714285714286
BG02085	-8.053894424037496	3.7454986142087505	0.3950720013096472	1.4285714285714286
BG02086	-8.696170360815607	4.65332446954584	0.42830978450462287	1.4285714285714286
BG02087	-9.554988080384716	4.3245498644237035	0.4378956847957631	1.4285714285714286
BG02088	-8.220063274225861	3.9207604521178068	0.4181121762966886	1.4285714285714286
BG02089	-8.42250787117036	6.145491229281044	0.425954564582587	1.4285714285714286
BG02090	-7.945023755215923	2.2626077221665977	0.4430488212502	1.4285714285714286
BG02091	-8.69038245029428	6.879398792311211	0.4238759991601021	1.4285714285714286
BG02092	-10.67715921288371	5.704571318078427	0.4250156949355937	1.4285714285714286
BG02093	-9.625184562738053	4.649667686308197	0.43311253765999674	1.4285714285714286
BG02094	-7.985001924463586	3.789636388353589	0.4459737290838158	1.4285714285714286
BG02095	-7.427349721270253	4.872338013239058	0.43088997571788623	1.4285714285714286
BG02096	-7.949193114851869	2.983286780235608	0.42962881396606634	1.4285714285714286
BG02097	-8.589247644247612	2.8940960897937527	0.41642288325169163	1.4285714285714286
BG02098	-8.850493765643277	5.634710479732612	0.4121566335777481	1.4285714285714286
BG02099	-8.426313753221985	4.39768815504604	0.41719807089819233	1.4285714285714286
BG02100	-8.446737461435442	3.923866028353858	0.40448722850825697	1.4285714285714286
BG02101	-9.409903735709854	2.9574873531485113	0.4081569940773277	1.4285714285714286
BG02102	-9.829819458197015	3.98896517793164	0.42228063949145994	1.4285714285714286
BG02103	-10.669520431709644	6.162620698155498	0.4332552224860865	1.4285714285714286
BG02104	-9.898295599569785	6.098824819977956	0.4364328004205907	1.4285714285714286
BG02105	-6.87366193603856	4.935764974322194	0.41571238339197664	1.4285714285714286
BG02106	-8.068104473443473	4.123408382707501	0.4253670763076747	1.4285714285714286
BG02107	-9.014728451849157	1.8009645378713295	0.42836204112678394	1.4285714285714286
BG02108	-7.974952706672375	3.967835100282788	0.4196227295645417	1.4285714285714286
BG02109	-9.35181463182607	4.4841096000716325	0.4251275893010512	1.4285714285714286
BG02110	-8.706160514528813	4.225934878665356	0.4486585076032295	1.430120251154848
BG02111	-5.223257959908338	1.9572928737854525	0.3898792335548219	1.4285714285714286
BG02112	-9.840301075351906	5.9641382196506445	0.40458745069655117	1.4285714285714286
BG02113	-7.869701467866057	3.886982393279639	0.4364397004653621	1.4285714285714286
BG02114	-8.562510067380803	5.745215879877161	0.44137449836978143	1.4285714285714286
BG02115	-9.449849821263626	2.856862322354586	0.4291474651066941	1.4285714285714286
BG02116	-8.123896551979335	4.504271294677548	0.401568038269494	1.4285714285714286
BG02117	-10.451670175978494	4.826455975548854	0.4071349423932409	1.4285714285714286
BG02118	-10.28228322921998	4.022349973704856	0.4522600230357141	1.4285714285714286
BG02119	-9.083337863073117	2.436294454240772	0.4195092045501087	1.4285714285714286
BG02120	-9.062960355262842	2.461188310281612	0.4109143680334881	1.4285714285714286
BG02121	-8.887555999937828	3.7148481319378917	0.42449020194453746	1.4285714285714286
BG02122	-8.790941010454056	2.213927997189321	0.4199031760037552	1.4285714285714286
BG02123	-10.283918297712743	6.294169984444224	0.43817752016777933	1.4285714285714286
BG02124	-9.439648444625046	3.140115566600306	0.40495501037692616	1.4285714285714286
BG02125	-8.925507470646414	2.9566347252538603	0.41251540871601483	1.4285714285714286
BG02126	-8.526893870798954	7.500588173264397	0.4161720378574395	1.4285714285714286
BG02127	-9.010819625232816	6.036391157402505	0.4199290158140705	1.2853061932652365
BG02128	-8.928787005906479	3.0347062346427083	0.4120745643349847	1.4285714285714286
BG02129	-11.485286249537976	3.616956061002309	0.4269197245549151	1.4285714285714286
BG02130	-8.528072250569513	6.63350951716223	0.4061421600043684	1.2853061932652365
BG02131	-9.819436636219875	4.104362793196371	0.44690542111957987	1.4285714285714286
BG02132	-8.990761708952373	5.570198727731985	0.44642182343721115	1.4285714285714286
BG02133	-7.399710699944065	3.0205344128654534	0.41206630080035106	1.4285714285714286
BG02134	-8.645731881102336	4.158150852874264	0.4196784132883005	1.4285714285714286
BG02135	-6.831287621700688	4.288252366596641	0.4353566074984141	1.4285714285714286
BG02136	-8.824166452961611	3.974267355083009	0.42381693995235026	1.4285714285714286
BG02137	-7.192208149321129	3.381210993391501	0.4053407105743452	1.4285714285714286
BG02138	-8.084114688693992	3.172568188110509	0.43794665242867065	1.4285714285714286
BG02139	-7.9798626810609035	5.789402260429825	0.4188665575231949	1.4285714285714286
BG02140	-10.210335676354813	2.2590431605001537	0.4464454993625141	1.4285714285714286
BG02141	-7.825510645817701	1.9954201585525708	0.41335415904126366	1.4285714285714286
BG02142	-7.93771567854626	0.9893596556957849	0.4163038381836238	1.4285714285714286
BG02143	-9.868662151159887	2.7399873821376395	0.40613905400492106	1.4285714285714286
BG02144	-11.136125711054175	5.688041705541822	0.44587697255904973	1.4285714285714286
BG02145	-9.016405278367916	3.550800436367553	0.40621965869161447	1.4285714285714286
BG02146	-7.87136666763899	5.918930784765894	0.4345732469564487	1.4285714285714286
BG02147	-8.75420897143381	3.9317313528419584	0.4415929854801279	1.430120251154848
BG02148	-9.29622462945924	4.932540031866589	0.43889226210827265	1.430120251154848
BG02149	-9.485699988797506	3.7476789981151866	0.41910261005702637	1.2814680971955783
BG02150	-9.368460107319365	4.173665409210521	0.43031171148679387	1.4285714285714286
BG02151	-10.212286471698711	4.178404471714776	0.44785077264711	1.4285714285714286
BG02152	-9.109640036471825	4.947254475461741	0.427166030199447	1.4285714285714286
BG02153	-9.310007900921907	3.6584284124047044	0.4353070668701566	1.4285714285714286
BG02154	-9.129483802982788	3.312384720446037	0.4041900001475787	1.4285714285714286
BG02155	-11.065053040639828	4.311066623257201	0.4378675567055974	1.4285714285714286
BG02156	-8.90335728043771	3.4202464681518085	0.3768061560593242	1.0542030607015838
BG02157	-9.781397642279206	5.0401840664382656	0.40873124466737965	1.4285714285714286
BG02158	-7.420047693835154	3.8078370514766675	0.4075693024725161	1.4285714285714286
BG02159	-9.624483244177032	3.373941041015801	0.43966588087200176	1.4285714285714286
BG02160	-8.897467585695896	3.175355761222058	0.3937187291269194	1.1016395137759427
BG02161	-8.223458714593352	4.173789566170016	0.4324897533158029	1.4285714285714286
BG02162	-9.533653809049232	2.4538236906691	0.44683193071052074	1.4285714285714286
BG02163	-9.795185155948776	3.743525408120784	0.41158128169806807	1.4285714285714286
BG02164	-8.161444934983988	0.7642961075300707	0.42003522094713386	1.4285714285714286
BG02165	-10.07416211056141	4.027286573342073	0.3776091570422746	0.9523809523809526
BG02166	-8.748088692384682	3.078371379140543	0.452844771076359	1.4285714285714286
BG02167	-7.964808143607521	3.887224120087631	0.4331521449796961	1.4285714285714286
BG02168	-10.45865989814329	3.8687526648412276	0.4250061739252315	1.4285714285714286
BG02169	-10.846326364833637	6.443551030846771	0.4444010542045753	1.4285714285714286
BG02170	-7.059638170298524	2.5792448160474333	0.449603967331519	1.4285714285714286
BG02171	-10.933764109183652	3.285523685552816	0.445431302840087	1.4285714285714286
BG02172	-8.110553838949714	2.8563538227346843	0.4312317146736183	1.4285714285714286
BG02173	-7.653032278098457	3.4528252246676674	0.40637754520371455	1.4285714285714286
BG02174	-10.122227742103622	4.952174022675276	0.42633703697926323	1.4285714285714286
BG02175	-9.1377006688952	4.955029220636129	0.4273909389560661	1.4285714285714286
BG02176	-9.496618853991816	2.6413315390340086	0.40594968624342415	1.4285714285714286
BG02177	-9.81836598042252	4.8030036018332645	0.40713894180935295	1.4285714285714286
BG02178	-8.471777694982356	3.9736897337918458	0.430162967577114	1.4285714285714286
BG02179	-8.719920217965734	6.244457514502463	0.4228737998930132	1.4285714285714286
BG02180	-8.802663621903587	5.213356851728978	0.41965027435604446	1.4285714285714286
BG02181	-8.63859546653817	1.3067808472539986	0.42976827315059957	1.4285714285714286
BG02182	-9.846292600161082	3.119314015649995	0.4192716843332981	1.4285714285714286
BG02183	-9.646790301321962	3.4086259345835384	0.4168595155034463	1.4285714285714286
BG02184	-9.228038893712027	2.765049409858196	0.4266703999312448	1.4285714285714286
BG02185	-9.168840619205367	3.882510427233765	0.4114336795915975	1.4285714285714286
BG02186	-8.781913053398146	3.8745814728466588	0.4311150957078621	1.4285714285714286
BG02187	-9.040122844202628	5.403442962894633	0.4259132359973457	1.4285714285714286
BG02188	-8.119118127997568	4.115048674902066	0.4302886322231121	1.4285714285714286
BG02189	-7.971154411765917	0.5878668173805115	0.40393647095022867	1.4285714285714286
BG02190	-7.579411648586342	4.885446960063866	0.4312599759277094	1.4285714285714286
BG02191	-8.262685671667445	3.5666397284250966	0.44444787026832755	1.4285714285714286
BG02192	-10.726738659482786	2.498469743147313	0.4422530031676218	1.4285714285714286
BG02193	-9.462141289004064	5.405626161060282	0.40331512316373064	1.4285714285714286
BG02194	-10.086803970902965	2.789492521799041	0.4088078908000552	1.4285714285714286
BG02195	-10.068989782819608	4.063119467499407	0.40571308476931073	1.077639112738955
BG02196	-7.855273574403163	1.4867383458576928	0.4032598949277466	1.4285714285714286
BG02197	-9.085490318528402	2.993764627104207	0.4590949269558613	1.4285714285714286
BG02198	-9.203525846964567	4.858802824002324	0.3946959628404757	1.1527199860493966
BG02199	-8.915584156830278	7.343288441636872	0.428471053260635	1.4285714285714286
BG02200	-9.115643229628853	4.149422242431025	0.44643500385368956	1.4285714285714286
BG02201	-7.489324922694506	4.102221614665543	0.4218121757629461	1.4285714285714286
BG02202	-10.434889107895243	4.055364636980658	0.44428383199312366	1.4285714285714286
BG02203	-6.473906943048768	2.012480913619897	0.41879467518802005	1.4285714285714286
BG02204	-10.071433039540798	5.205981758694257	0.43206995517359065	1.4285714285714286
BG02205	-9.655362295749914	3.234230747598833	0.41328460401300693	1.4285714285714286
BG02206	-7.579986728614515	3.7385363545766803	0.41158080337950737	1.4285714285714286
BG02207	-11.130689121136783	5.121086237797735	0.4323940729445888	1.4285714285714286
BG02208	-8.410710720171915	4.317749461722756	0.44409033205836496	1.4285714285714286
BG02209	-8.560028844485348	3.3643916484152436	0.44218925213935895	1.4285714285714286
BG02210	-10.543279454129513	5.354070965790658	0.4235023215909663	1.4285714285714286
BG02211	-8.241223707244213	5.564404763884995	0.3949261063776921	1.077639112738955
BG02212	-9.18519831885006	3.4996158926809433	0.43491891061269006	1.4285714285714286
BG02213	-8.51008895520955	7.790985137356718	0.43389975560371336	1.4285714285714286
BG02214	-8.675715933595276	4.50063876861843	0.4278566030004704	1.4285714285714286
BG02215	-9.396196065486686	4.061024005675246	0.4281416570769936	1.4285714285714286
BG02216	-7.131994888007743	3.0378139102213653	0.4156806867273061	1.4285714285714286
BG02217	-9.19521305323021	3.5468898112172043	0.40609563323042136	1.4285714285714286
BG02218	-9.874716402266815	3.7650819144697394	0.44248269539699375	1.430120251154848
BG02219	-9.103419830002204	2.408800662445189	0.4069162539233812	1.4285714285714286
BG02220	-7.929360782636538	2.393453274993691	0.4094225753941136	1.4285714285714286
BG02221	-10.534063929678636	2.7283398022830205	0.4230878091964744	1.4285714285714286
BG02222	-10.221678741482485	4.568395234606499	0.4224801927640803	1.4285714285714286
BG02223	-8.695589190922595	3.070508871900902	0.450053163758601	1.4285714285714286
BG02224	-8.627539269867771	5.006033338875052	0.42546928350018265	1.4285714285714286
BG02225	-10.564212442150394	5.936962703121914	0.4449266697469049	1.4285714285714286
BG02226	-9.158496209997825	3.9173260585802887	0.42550441515774345	1.4285714285714286
BG02227	-7.910121750817792	2.9132675174736433	0.43328956581150097	1.4285714285714286
BG02228	-10.519182223521915	2.4722479586558053	0.4200787623460162	1.4285714285714286
BG02229	-7.346242038760817	4.550104309432711	0.42096346317064803	1.4285714285714286
BG02230	-6.472800789930064	4.028589086232136	0.42980117974019655	1.4285714285714286
BG02231	-9.353469915533127	4.547349592285442	0.4452433230358376	1.4285714285714286
BG02232	-8.951515360606122	5.381872236875453	0.40833494621198335	1.4285714285714286
BG02233	-10.116759987409658	2.687098838682258	0.43853488812950503	1.4285714285714286
BG02234	-9.299033578736415	0.6713000004877958	0.41676097329936945	1.4285714285714286
BG02235	-9.551188918463524	4.480236916511758	0.40942351421849604	1.4285714285714286
BG02236	-7.622159205493027	2.8333235194191877	0.4234221173001541	1.4285714285714286
BG02237	-9.626952775975584	4.320435686834259	0.40273103233919777	1.4285714285714286
BG02238	-8.577883229336589	3.7164907959354427	0.4166061379260361	1.4285714285714286
BG02239	-9.375091853015116	3.8807324495772906	0.4426799005611666	1.430120251154848
BG02240	-10.116692699402922	4.308155279460061	0.44897866821863314	1.4285714285714286
BG02241	-10.886674534763094	4.371580909891644	0.4291356324599406	1.4285714285714286
BG02242	-7.866022342297817	3.640547208550697	0.40846240810732914	1.4285714285714286
BG02243	-9.21199689744035	3.938612664494877	0.44211343213994586	1.4285714285714286
BG02244	-9.521861933465855	3.221740255989146	0.4007212230988661	1.4285714285714286
BG02245	-8.946722711180167	1.08488654013675	0.42008681174683377	1.4285714285714286
BG02246	-8.338909234105579	3.7152783717816975	0.44303847021679843	1.4285714285714286
BG02247	-8.428862737799513	4.176190133297674	0.4092267380779501	1.430120251154848
BG02248	-7.501710471643544	5.567690939130123	0.4152350137875446	1.4285714285714286
BG02249	-8.973075473854102	5.246811656191657	0.4511007314393227	1.430120251154848
BG02250	-6.5468999384193625	2.9525055933492963	0.44668711258398686	1.4285714285714286
BG02251	-10.549515428514415	5.959567331104426	0.40755332028659863	1.4285714285714286
BG02252	-8.885821965938275	4.12372858204038	0.4205492383680228	1.2853061932652365
BG02253	-9.93221337370777	3.648954127786286	0.44160538005469563	1.4285714285714286
BG02254	-9.55317113928825	4.6754321296794235	0.4073929585088142	1.4285714285714286
BG02255	-8.92431799006226	4.583490628845409	0.4288592426647462	1.4285714285714286
BG02256	-9.549091447849754	3.029013330205655	0.4459561680134814	1.4285714285714286
BG02257	-8.12196044609059	5.035642481701985	0.42699790062015647	1.4285714285714286
BG02258	-10.155386995712005	4.062961084266706	0.39840717492202077	1.4285714285714286
BG02259	-9.282745063796966	4.470085568650335	0.4330324048608958	1.4285714285714286
BG02260	-10.53803971419098	4.3454956378180984	0.4100471837742759	1.4285714285714286
BG02261	-10.529770413835042	6.053848099880941	0.40752870440205347	1.4285714285714286
BG02262	-9.361343650647	1.4763605130061876	0.41794291312326043	1.4285714285714286
BG02263	-8.250267417080218	3.1846109332079124	0.4275649844124401	1.4285714285714286
BG02264	-9.375186417575772	4.557135336230207	0.42015878194196493	1.4285714285714286
BG02265	-8.651339865159455	3.66619528024544	0.4378627323672221	1.4285714285714286
BG02266	-7.800792933636877	2.3735431733299497	0.40202454407365484	1.4285714285714286
BG02267	-7.574230803609374	5.2688026161243995	0.42873906834325753	1.4285714285714286
BG02268	-10.880181443151407	4.978622769726884	0.4424775289352626	1.4285714285714286
BG02269	-8.927087395707337	2.594619129498731	0.4278477416486331	1.4285714285714286
BG02270	-10.18862931838938	2.636229698593348	0.40058749100112123	1.0160338447289008
BG02271	-9.966358815517065	1.5808435096996718	0.4141543492763808	1.4285714285714286
BG02272	-10.942897391522937	4.7678007061601235	0.40508485605277117	1.430120251154848
BG02273	-10.146181450063999	2.6391274670397906	0.44558265547613113	1.4285714285714286
BG02274	-8.800027250408125	2.403055242627926	0.4105667134921813	1.4285714285714286
BG02275	-9.218714362415467	2.699291346002607	0.401154364903351	1.4285714285714286
BG02276	-8.911271962757535	3.4704224381917053	0.43317453681141693	1.4285714285714286
BG02277	-10.555740722964906	4.161926688584851	0.42910184879521474	1.4285714285714286
BG02278	-8.74263967748623	3.408948011286692	0.4113671981276416	1.4285714285714286
BG02279	-8.051874925783423	4.02048748964862	0.4181500218303838	1.4285714285714286
BG02280	-9.499583411125494	6.202171428512206	0.443944302806489	1.430120251154848
BG02281	-9.947400516110942	3.0524472555878552	0.4395500509298912	1.4285714285714286
BG02282	-8.752269675397315	5.483050467464698	0.42159260803739745	1.4285714285714286
BG02283	-9.097399993056312	3.3560347193417677	0.44953291179945937	1.4285714285714286
BG02284	-7.828179705656252	4.999699697977634	0.44818215898840336	1.4285714285714286
BG02285	-9.118142069200797	3.029002375459445	0.43505729999288334	1.4285714285714286
BG02286	-9.811850964763396	4.277684683092185	0.429753357088722	1.4285714285714286
BG02287	-8.113874779058703	5.971438005417588	0.4204652262743121	1.4285714285714286
BG02288	-6.812313316127784	3.3586634514959726	0.4286956923943482	1.4285714285714286
BG02289	-10.68305985634583	5.164468888356216	0.40976677623258245	1.2853061932652365
BG02290	-9.659715058527789	2.919305788612254	0.4189472346061149	1.4285714285714286
BG02291	-9.137918291198527	5.476106420144977	0.4253323826831512	1.4285714285714286
BG02292	-9.069048935782188	4.079371215226599	0.4157835840821726	1.4285714285714286
BG02293	-9.364500272445714	5.075506324679031	0.4289515674165757	1.4285714285714286
BG02294	-9.226766855904774	2.1917659575808117	0.4230550642679878	1.4285714285714286
BG02295	-8.283750086428013	3.88711616740305	0.4008342311768898	1.4285714285714286
BG02296	-8.65178198492846	4.761659731934591	0.3920158445649535	1.4285714285714286
BG02297	-9.920685292267784	2.132310625235288	0.4261552653985176	1.4285714285714286
BG02298	-8.902037820566628	5.108443371985268	0.44396683545985094	1.4285714285714286
BG02299	-8.131085381045342	2.289883357296346	0.4222891110176829	1.4285714285714286
BG02300	-8.506005110708916	2.3432958061664513	0.399178983334034	1.4285714285714286
BG02301	-6.202765233153289	2.197714322941482	0.4025705338975016	1.4285714285714286
BG02302	-9.849319825239892	5.146346407926546	0.4380837643190419	1.4285714285714286
BG02303	-9.825798108566785	4.594765740547669	0.429289336656502	1.4285714285714286
BG02304	-8.301038879465555	1.3629577314822954	0.41690728700466273	1.4285714285714286
BG02305	-9.726249421956485	5.103995379000683	0.40749560143758073	1.4285714285714286
BG02306	-10.682905193311958	3.997098968273568	0.4333098971102214	1.4285714285714286
BG02307	-9.960662769716876	2.481619308602622	0.4142595485253306	1.4285714285714286
BG02308	-10.302168621784416	4.792548429647997	0.38721992583986725	1.4285714285714286
BG02309	-9.631331838695061	4.470317494313829	0.3701314420054478	1.0803855050050257
BG02310	-9.331142317886059	3.120071938362378	0.4233842908033317	1.4285714285714286
BG02311	-10.129924455557171	4.659229477413193	0.42711954027250076	1.4285714285714286
BG02312	-8.737570527408131	4.208041315199105	0.4361022600937852	1.4285714285714286
BG02313	-9.518725054064522	5.335994348395672	0.44828488426403	1.4285714285714286
BG02314	-8.34307380148331	2.8035321386957595	0.41486616063885123	1.4285714285714286
BG02315	-8.760049716347252	3.600456733858031	0.4068908099068745	1.4285714285714286
BG02316	-9.79300233437305	6.063067350673259	0.42252570481021556	1.4285714285714286
BG02317	-8.512013261030766	4.6251530760410855	0.44148448410009916	1.4285714285714286
BG02318	-8.612052666606425	3.807298141011316	0.41414730851888737	1.4285714285714286
BG02319	-8.281313012714463	3.828307929706566	0.41638701162792047	1.4285714285714286
BG02320	-8.632465549190263	1.7748341522852005	0.39929966360398683	1.4285714285714286
BG02321	-10.759974339326403	4.557995366952391	0.44837025963580635	1.4285714285714286
BG02322	-9.050565790067157	6.056560345346261	0.4158940277383253	1.4285714285714286
BG02323	-7.158116665542555	1.8320020971347328	0.42738923342701435	1.4285714285714286
BG02324	-10.03948374218464	5.4547932604314076	0.44228175948363735	1.4285714285714286
BG02325	-9.380477035576629	3.946511745922876	0.42546402234072944	1.4285714285714286
BG02326	-9.868028539009867	3.8904871263241816	0.41642471473225307	1.430120251154848
BG02327	-9.84562642199899	4.229937043439082	0.4312711164416355	1.4285714285714286
BG02328	-9.792918429668088	2.643455059162484	0.424117248786346	1.4285714285714286
BG02329	-8.815440057572236	3.2579860741314643	0.4318688511963371	1.4285714285714286
BG02330	-8.816780434394609	5.857537067814173	0.45229152815810003	1.4285714285714286
BG02331	-8.236411059194507	1.312656707184009	0.4186217261592218	1.4285714285714286
BG02332	-10.039313644544496	3.824703736406334	0.39177936809797936	1.0520597831431215
BG02333	-9.489217213583919	3.307607127829188	0.44694154114061446	1.4285714285714286
BG02334	-9.21397355025823	4.8915117349981205	0.43402125559669946	1.4285714285714286
BG02335	-9.878047906834443	2.699864542198267	0.40445371478736747	1.4285714285714286
BG02336	-7.563010752689083	3.3340583200545226	0.4290162993074555	1.4285714285714286
BG02337	-8.547879236205699	2.643194964255933	0.43229177911137395	1.4285714285714286
BG02338	-9.595493787197434	4.07038938990632	0.4215094133550728	1.4285714285714286
BG02339	-8.93335355245464	2.9236634562030748	0.42269015007395	1.4285714285714286
BG02340	-7.552029664463659	2.5559163094111836	0.39644481907238155	1.4285714285714286
BG02341	-8.612610608169234	4.327753199469187	0.4338946818645648	1.4285714285714286
BG02342	-9.49259195791229	3.482270842991795	0.45168039219241163	1.4285714285714286
BG02343	-9.386715424150541	2.4811756131113674	0.41295219422115464	1.4285714285714286
BG02344	-7.78837599694619	4.547181886397587	0.441650953018255	1.4285714285714286
BG02345	-10.45059176970065	3.6256294411583094	0.4155604654874763	1.4285714285714286
BG02346	-9.410232838098961	5.092283694309652	0.4434389605552549	1.4285714285714286
BG02347	-8.278449354045717	4.5961600913207095	0.44280685261440333	1.4285714285714286
BG02348	-9.587444006974598	6.17633078209193	0.42986360474780294	1.4285714285714286
BG02349	-9.809918906977241	4.00486496199499	0.3817525575866129	1.3006321565251282
BG02350	-8.296728132908894	1.8468261363204876	0.4138790276370649	1.4285714285714286
BG02351	-8.193835006572884	2.094676411626718	0.4257196018642623	1.4285714285714286
BG02352	-10.905253204172109	3.9811199080698882	0.4132291370224625	1.4285714285714286
BG02353	-8.53243735515191	3.41024487881618	0.41361946667567046	1.4285714285714286
BG02354	-8.44995272322134	3.021911231247711	0.4140526863431706	1.4285714285714286
BG02355	-9.932628924433748	4.654725535813204	0.42182607261273036	1.4285714285714286
BG02356	-8.279884554159523	6.155888125414192	0.4089652841017638	1.4285714285714286
BG02357	-7.331521510282086	3.645383183532105	0.43647384302689035	1.4285714285714286
BG02358	-8.415699914892807	3.9754808624427347	0.4333607120782897	1.430120251154848
BG02359	-8.599741884464468	4.977159218183396	0.4136900845336929	1.4285714285714286
BG02360	-9.290827436004026	4.1384041276413095	0.4122753875370546	1.4285714285714286
BG02361	-9.571880682086546	3.863840864396929	0.4396426426475393	1.4285714285714286
BG02362	-11.201577678659724	1.516328002501815	0.42303369971824656	1.4285714285714286
BG02363	-9.078765233468102	3.2450682970781672	0.41903495863471	1.4285714285714286
BG02364	-8.591833902864776	1.9555608030085585	0.4424469229042265	1.4285714285714286
BG02365	-8.524477814852085	0.34913045583090396	0.4085365346409249	1.4285714285714286
BG02366	-10.917816081220792	6.7106381249625215	0.43445215390480085	1.430120251154848
BG02367	-7.72526099424881	3.9586550978882786	0.41486402505720105	1.4285714285714286
BG02368	-6.353253955064159	3.3828626077975974	0.4213186950506627	1.4285714285714286
BG02369	-10.112767527438143	5.034969380968823	0.42786649053137527	1.4285714285714286
BG02370	-7.625106230002801	1.43121399811333	0.4261608805987948	1.4285714285714286
BG02371	-9.107658582198441	4.076292039500727	0.42701994682331007	1.4285714285714286
BG02372	-10.123587513856839	6.025389160017145	0.44266394738885273	1.4285714285714286
BG02373	-11.30620168327427	5.069576166257689	0.4336770122225841	1.4285714285714286
BG02374	-9.215041881206135	3.7856302300805758	0.3963622447158976	1.4285714285714286
BG02375	-7.770227340663308	3.05671130061942	0.44109449164042885	1.4285714285714286
BG02376	-8.344484858958822	5.0622480591445305	0.4257549564513001	1.4285714285714286
BG02377	-9.379452593717861	3.6753405305903804	0.4564740953517904	1.4285714285714286
BG02378	-8.478877641794954	3.066722816291	0.4314900720245852	1.4285714285714286
BG02379	-7.349618502962847	3.895383171249457	0.442649155291699	1.4285714285714286
BG02380	-7.925850272595637	2.750757405821368	0.42470480971253494	1.4285714285714286
BG02381	-9.498857371259602	2.10825678450072	0.4458833956419553	1.4285714285714286
BG02382	-8.105138999086023	3.079745314463301	0.4321234942458044	1.4285714285714286
BG02383	-9.307233374042259	3.287085313393316	0.4174616780899041	1.4285714285714286
BG02384	-9.263742275745823	4.691147008126756	0.4350986888981437	1.4285714285714286
BG02385	-9.396815617528151	6.949269048147556	0.44439985767504814	1.4285714285714286
BG02386	-7.736200309650671	4.900767534825428	0.4299107861756013	1.4285714285714286
BG02387	-9.476992574118572	5.116987508623951	0.4274616766983131	1.4285714285714286
BG02388	-9.973159859811673	3.5043224110617603	0.41601929854957775	1.4285714285714286
BG02389	-9.015951862266471	2.8620563129304073	0.4008542654219818	1.4285714285714286
BG02390	-7.787112129217437	5.040318029605949	0.41998116554364406	1.4285714285714286
BG02391	-8.310286770234002	2.553281085930974	0.4443207392883848	1.4285714285714286
BG02392	-8.264863149462386	3.083626272790492	0.42255954727569084	1.4285714285714286
BG02393	-8.581432322600191	2.8370382475871794	0.4153606060672639	1.4285714285714286
BG02394	-9.189493528401268	4.652924640567867	0.44082351801047714	1.4285714285714286
BG02395	-9.412160848025962	4.124279128696641	0.4016178681630165	1.4285714285714286
BG02396	-8.946998036249406	2.2785028698560743	0.40726215472544447	1.4285714285714286
BG02397	-8.183792776291451	3.663592166265698	0.41852119587410297	1.4285714285714286
BG02398	-9.460998769705755	3.6599269695928394	0.4571578062393241	1.4285714285714286
BG02399	-8.157290391885628	2.6312404420755637	0.39755969969971683	1.0520597831431215
BG02400	-7.589478544727369	3.1236457891320697	0.4295677654317936	1.4285714285714286
BG02401	-7.798564732041401	1.5700298232657661	0.40810712709120955	1.4285714285714286
BG02402	-9.348978535320343	1.7934021684006478	0.4444009810967988	1.4285714285714286
BG02403	-8.024284472063554	3.928648155450334	0.4013571739125178	1.4285714285714286
BG02404	-7.908469618116147	2.450287016877042	0.4146481095710698	1.4285714285714286
BG02405	-8.569937710377049	2.8249374622211842	0.4186913331110766	1.4285714285714286
BG02406	-10.097490590810827	3.0622837429818572	0.4222428717435911	1.4285714285714286
BG02407	-9.4711827082599	3.1401973542012818	0.42433233968240325	1.4285714285714286
BG02408	-9.891707291147897	4.116620724082124	0.43369988396727205	1.4285714285714286
BG02409	-9.612427556560474	2.3708200521902	0.41418743037078737	1.4285714285714286
BG02410	-10.398744942307218	4.391349606628381	0.4097593512310271	1.430120251154848
BG02411	-8.431236329613908	3.8665560280268254	0.43621376891530905	1.4285714285714286
BG02412	-10.254297511336096	5.4070886127995195	0.3965396793773392	1.4285714285714286
BG02413	-9.199706137468953	6.891309581552087	0.42535496424220237	1.4285714285714286
BG02414	-7.726745360878418	3.241169046812796	0.4262322737176775	1.4285714285714286
BG02415	-10.058237796725777	5.671420322368881	0.44175781134039455	1.4285714285714286
BG02416	-9.197486417920627	4.236031095359886	0.43447706978989914	1.4285714285714286
BG02417	-10.662594723617344	2.768873693221375	0.4229224163522297	1.4285714285714286
BG02418	-9.22669101725268	1.4931126149508567	0.41991150007326283	1.4285714285714286
BG02419	-8.800921001786081	4.8753007064475105	0.43307683836012545	1.4285714285714286
BG02420	-9.915816270227348	6.151628216238227	0.4277898627735331	1.4285714285714286
BG02421	-7.568298318164872	4.1727566671081835	0.4116171516213296	1.4285714285714286
BG02422	-10.328801203628608	4.487402145235953	0.44770712574463506	1.4285714285714286
BG02423	-5.1879895819791555	2.224270455685101	0.41608681926024205	1.4285714285714286
BG02424	-10.017953919526725	4.094106032328283	0.4175513972574061	1.4285714285714286
BG02425	-9.289770786866109	4.48878727703081	0.4421910723797846	1.4285714285714286
BG02426	-9.801106788773144	1.7123127448269548	0.4461019233886293	1.4285714285714286
BG02427	-8.131190145056824	3.9489651743314265	0.4359429658268482	1.4285714285714286
BG02428	-8.620576485026563	4.429710560480012	0.4106360249132373	1.4285714285714286
BG02429	-10.24459229835398	2.595767754235041	0.39591457467268637	1.4285714285714286
BG02430	-6.934841617866931	2.8113328399107984	0.38661384845699115	1.4285714285714286
BG02431	-10.494959902461446	3.9245733735757384	0.4473280362117812	1.4285714285714286
BG02432	-9.881426708731345	5.083843928141383	0.44070648184615124	1.4285714285714286
BG02433	-8.814179740669086	5.783031712837803	0.4326006462303531	1.4285714285714286
BG02434	-9.051746640037523	3.7998225552967453	0.4205663247507273	1.4285714285714286
BG02435	-7.640206538200808	3.6233228065553935	0.44328346420703235	1.4285714285714286
BG02436	-8.482205060016279	3.0455693848778846	0.44086721285324376	1.430120251154848
BG02437	-8.578579926465357	3.8159277675318397	0.3933474764386549	1.4285714285714286
BG02438	-8.871499641425693	3.7783234555941014	0.38824219496977375	1.4285714285714286
BG02439	-8.028777109144444	3.6880375606429525	0.4111637381072735	1.4285714285714286
BG02440	-8.330834562320904	3.913595685177245	0.43392773131214835	1.4285714285714286
BG02441	-8.901004454400281	2.957323279442919	0.41586308677209555	1.4285714285714286
BG02442	-8.920266585531058	4.311368939868741	0.4021108883088844	1.4285714285714286
BG02443	-8.885538120018833	2.497081350753528	0.43121582947803105	1.4285714285714286
BG02444	-11.1294304721727	4.571266234420717	0.4447103392075879	1.4285714285714286
BG02445	-11.129744971446646	4.391407737991561	0.4365713644108105	1.430120251154848
BG02446	-9.422707217350375	4.804706502329488	0.41310852868268405	1.4285714285714286
BG02447	-10.75124947806837	4.584961203628224	0.44165457402824065	1.4285714285714286
BG02448	-9.768641791596304	4.10375428041434	0.3890341883957865	1.4285714285714286
BG02449	-8.915116926457674	2.778150829353974	0.4074545443142683	1.4285714285714286
BG02450	-10.745098568706094	5.580728828495555	0.4428110503660537	1.4285714285714286
BG02451	-7.9837317015416716	3.1903547454857004	0.3737469926527568	1.4285714285714286
BG02452	-7.466438013830026	2.337079637109072	0.4301417765951611	1.4285714285714286
BG02453	-8.319670601631142	3.548493052707027	0.436630187522641	1.4285714285714286
BG02454	-10.747352088883462	3.864051400602251	0.4410930132188937	1.4285714285714286
BG02455	-9.183491896493793	4.95868891862957	0.4361596752219865	1.4285714285714286
BG02456	-9.300107024479848	4.5257117058094325	0.4281534381406553	1.4285714285714286
BG02457	-8.125373799923233	3.129224154503495	0.41833137667174675	1.4285714285714286
BG02458	-10.07923342413097	5.522262167028932	0.42434298583694763	1.4285714285714286
BG02459	-9.973998341870297	1.1927280397303623	0.44308924650852216	1.4285714285714286
BG02460	-7.687543724875412	1.2189263639221708	0.4070545746401787	1.4285714285714286
BG02461	-8.430027408243577	4.661515326981507	0.43717499020112444	1.4285714285714286
BG02462	-8.253136123239583	5.607353128729372	0.4199993207531619	1.4285714285714286
BG02463	-9.473916696435198	3.692945755759648	0.43556046222953065	1.4285714285714286
BG02464	-7.956428724937522	2.762694252253357	0.4292770558470395	1.4285714285714286
BG02465	-9.896318017145123	4.247847533608582	0.42773086337574767	1.4285714285714286
BG02466	-9.827922450520887	5.036951227181583	0.40169471297874043	1.4285714285714286
BG02467	-6.97647021603351	5.078916925312824	0.43817915002959174	1.4285714285714286
BG02468	-9.612771723307592	4.25508303985125	0.4138170082083839	1.4285714285714286
BG02469	-10.134992948940065	2.990804346696836	0.45745226406379436	1.4285714285714286
BG02470	-9.475684126262955	5.061908430598818	0.4401366186027701	1.4285714285714286
BG02471	-10.06353330380438	3.933585297448805	0.39960960474433294	1.4285714285714286
BG02472	-9.128071810103785	4.545318274065015	0.41817345947889056	1.4285714285714286
BG02473	-9.033202324628428	4.0795010326292225	0.40597062505789056	1.4285714285714286
BG02474	-7.920789372568496	3.6868371610997293	0.4101861562137328	1.4285714285714286
BG02475	-7.113895566424171	2.4473389266781376	0.4439151079752554	1.4285714285714286
BG02476	-8.769640489855043	3.774088186497785	0.4467150112435584	1.4285714285714286
BG02477	-7.187543407102949	3.8867252484474992	0.4026406596516249	1.4285714285714286
BG02478	-6.628280488873658	3.8373672329481403	0.4280740905590528	1.4285714285714286
BG02479	-7.772492999493659	2.455624352207903	0.4409681218548338	1.4285714285714286
BG02480	-7.849059113272958	5.350203120096077	0.41255000085495724	1.2853061932652365
BG02481	-9.47682272338454	3.4952223924402794	0.4227373675264394	1.4285714285714286
BG02482	-8.320686272244734	4.258715250328702	0.41217244868771424	1.4285714285714286
BG02483	-10.513163263704168	5.893518919172321	0.43756033099124847	1.4285714285714286
BG02484	-8.886032140912661	2.2823595945025956	0.4238125760623277	1.4285714285714286
BG02485	-8.86415944074255	3.236512496855432	0.42701616296032624	1.4285714285714286
BG02486	-9.962173892647396	4.903975423787898	0.4458237673279772	1.4285714285714286
BG02487	-9.90745678050782	4.401496649497035	0.45303187620611773	1.4285714285714286
BG02488	-8.386903224649167	6.433504634273317	0.43907046425089924	1.430120251154848
BG02489	-9.747136715266892	4.209757344896609	0.41836795830819684	1.430120251154848
BG02490	-9.3830864934542	3.3914017697718473	0.42535007461200386	1.4285714285714286
BG02491	-8.826944268683814	4.071873372695721	0.44909508447611707	1.4285714285714286
BG02492	-8.915035044599232	4.8462595704776446	0.42809738011363335	1.4285714285714286
BG02493	-9.548683872943394	3.782280473419475	0.42734478300678086	1.4285714285714286
BG02494	-8.87533730124876	3.5369384731135614	0.4136440036464288	1.4285714285714286
BG02495	-8.764001093882271	5.1040098083025995	0.445185640195446	1.430120251154848
BG02496	-8.437976738103156	4.351850029567221	0.4525520089250719	1.4285714285714286
BG02497	-9.210855712316071	4.082924704288012	0.43388643174279073	1.4285714285714286
BG02498	-6.310861091098298	1.748636596284376	0.38903237819245096	1.4285714285714286
BG02499	-10.827322944108678	8.096312992366098	0.4233173803675106	1.4285714285714286
BG02500	-9.225549246508146	2.9559010637523726	0.4248056864389702	1.4285714285714286
BG02501	-8.98717210481476	4.371685268001801	0.4352970509309373	1.4285714285714286
BG02502	-9.45371881017593	4.0146027153306605	0.4012486441151859	1.0279660473608336
BG02503	-9.532063421720554	3.2882596411900016	0.43329352403761573	1.4285714285714286
BG02504	-8.83998985037259	3.672084801121963	0.4098434837840134	1.4285714285714286
BG02505	-8.862377298731182	3.8884153135329287	0.42936840895621886	1.4285714285714286
BG02506	-10.618526791424292	3.713848038270927	0.45089388670654007	1.4285714285714286
BG02507	-7.923155566301099	4.660777982421755	0.4292007407627315	1.4285714285714286
BG02508	-11.758867580925529	6.033539798407881	0.40221405632709384	1.4285714285714286
BG02509	-9.27113868344724	5.765496352656461	0.40953629752662735	1.4285714285714286
BG02510	-10.97263537384785	4.37469262230051	0.39271816761178663	1.4285714285714286
BG02511	-9.113369294011742	5.471794000817011	0.3979425504904808	1.2853061932652365
BG02512	-9.269894158081192	5.62686071768613	0.4023234447029714	1.4285714285714286
BG02513	-8.030088708912286	3.8347293649654812	0.40347267831843414	1.4285714285714286
BG02514	-8.44450849903545	3.501600293386585	0.4342622448181471	1.4285714285714286
BG02515	-10.350747212396383	3.3951892227132894	0.4425942969283882	1.4285714285714286
BG02516	-9.493443843502366	1.926954604144792	0.4512265134311846	1.4285714285714286
BG02517	-9.732171264863341	4.768046075001641	0.4080985947983162	1.4285714285714286
BG02518	-9.348906628985521	7.735800323178651	0.417624036785581	1.2853061932652365
BG02519	-9.133272154279474	5.256856212226486	0.4389968832331185	1.430120251154848
BG02520	-8.63383448572594	4.701826771269903	0.4112388789501701	1.4285714285714286
BG02521	-10.054616422838839	5.2209015332057	0.45062070045044406	1.4285714285714286
BG02522	-6.438507068692356	4.393013989353377	0.4025166573254672	1.2853061932652365
BG02523	-6.359061927300992	0.504531496579857	0.4322693948750227	1.4285714285714286
BG02524	-7.39233789117627	3.21815750132063	0.4198235112622964	1.4285714285714286
BG02525	-10.918208494540963	5.833221904758319	0.42105846205846825	1.430120251154848
BG02526	-7.925601488855927	2.516493151053208	0.4293916496475546	1.4285714285714286
BG02527	-10.57250476761316	3.7408494994265142	0.44555749779518977	1.4285714285714286
BG02528	-7.439346839646566	4.981222274806753	0.4339732494158796	1.4285714285714286
BG02529	-10.020713751650545	2.765814584308752	0.4127136808125013	1.4285714285714286
BG02530	-9.778567970599084	2.177974043370776	0.44009802209678284	1.4285714285714286
BG02531	-9.855798094959347	4.828513534258808	0.38254667491040784	0.9955077252341655
BG02532	-9.019715608210895	4.9222217633090075	0.43055177830709795	1.4285714285714286
BG02533	-8.916053963719715	3.8287263548662076	0.4534413605865678	1.4285714285714286
BG02534	-8.015182625127622	4.113541894361812	0.4200090960673613	1.4285714285714286
BG02535	-7.425983670303202	3.5561374349139285	0.4224630664482026	1.4285714285714286
BG02536	-8.573442583124246	4.747985436000886	0.4169317162329671	1.4285714285714286
BG02537	-9.535822031513227	3.6797028967216123	0.43995659483242977	1.4285714285714286
BG02538	-7.3176271501702015	3.0521421853606614	0.4300998527579404	1.4285714285714286
BG02539	-9.566072968306537	3.8997470710289877	0.42628005006421804	1.4285714285714286
BG02540	-10.33689731947544	4.064103801918141	0.4308772708394346	1.4285714285714286
BG02541	-9.936845583818862	3.7271018658370973	0.42838709545457937	1.4285714285714286
BG02542	-10.756308459736145	5.723672088768877	0.4484617668633764	1.4285714285714286
BG02543	-10.880365160248907	7.633532841193211	0.45593063036713277	1.4285714285714286
BG02544	-10.628092656280183	6.1566576501545915	0.4395735794796366	1.4285714285714286
BG02545	-9.775615425484792	3.226455666835833	0.4376272598769272	1.4285714285714286
BG02546	-8.086140787585071	3.4600760288726597	0.41927840788332565	1.4285714285714286
BG02547	-8.674752312513048	3.7956724156304564	0.437203980074617	1.4285714285714286
BG02548	-9.699947039731663	3.8397313545941136	0.419566838231529	1.4285714285714286
BG02549	-7.431226032796176	5.356541926842186	0.4167713152329251	1.4285714285714286
BG02550	-8.576159502346536	2.754444470114796	0.43108853483650167	1.4285714285714286
BG02551	-8.714916006025238	2.301273831016214	0.4213442039770419	1.4285714285714286
BG02552	-9.313104689349089	3.915101621514782	0.43648834420916527	1.4285714285714286
BG02553	-6.716785881008336	4.939782449863636	0.41170074185827393	1.4285714285714286
BG02554	-11.48358910807203	5.158781417284599	0.4534019179434336	1.4285714285714286
BG02555	-10.156291142377407	3.0504058810093846	0.4099049092169003	1.4285714285714286
BG02556	-8.86035921774904	4.321239496532128	0.4390748001354191	1.4285714285714286
BG02557	-7.9740355414976625	2.6836159537028275	0.4024107346741226	1.4285714285714286
BG02558	-7.1861222198321615	3.7129878383301516	0.40837031504274696	1.4285714285714286
BG02559	-9.538178138719951	3.3569730249933762	0.4139970373375216	1.4285714285714286
BG02560	-10.59659071622164	3.1487233549469242	0.42931795127663896	1.430120251154848
BG02561	-8.396425559625657	3.4404132992323024	0.3955744918236601	1.4285714285714286
BG02562	-9.556932813965497	2.6596586188180367	0.43650587722485484	1.4285714285714286
BG02563	-9.575712683104157	4.387458645221322	0.44512956231168527	1.4285714285714286
BG02564	-10.62491670981964	4.401973898920263	0.419925615330224	1.4285714285714286
BG02565	-8.589961863178496	3.605213553954151	0.43163279735727167	1.4285714285714286
BG02566	-9.021308845116032	4.250352352606724	0.42752331467299565	1.4285714285714286
BG02567	-9.820486277985074	5.021019866896922	0.4128429515589267	1.430120251154848
BG02568	-9.064815332817558	3.4733091137145804	0.42921703325483973	1.4285714285714286
BG02569	-9.036987284227887	5.113124151909202	0.4231888555104005	1.4285714285714286
BG02570	-8.09989022702727	3.8448404425063587	0.41562286277775096	1.4285714285714286
BG02571	-10.35173766196203	3.421723485135917	0.4122850216931729	1.4285714285714286
BG02572	-8.753142353010418	2.047103534095076	0.4332380655522216	1.4285714285714286
BG02573	-10.143221588244463	2.9556040947496105	0.4323676308495426	1.4285714285714286
BG02574	-10.425684293108652	4.481733788290067	0.40689257428405246	1.4285714285714286
BG02575	-9.228180264467413	3.1769639587989036	0.44608536569358803	1.4285714285714286
BG02576	-8.670201154256608	4.729983733285544	0.42146534961571086	1.4285714285714286
BG02577	-9.986639867154942	4.74446700705079	0.4496625810588668	1.4285714285714286
BG02578	-8.7108993758616	5.033870264745198	0.4364591766173922	1.4285714285714286
BG02579	-7.846665636132628	5.487334029667211	0.4065869169800601	1.4285714285714286
BG02580	-9.342658243597482	4.725066217248357	0.441838616413809	1.4285714285714286
BG02581	-9.506368515665782	-0.28827183172518156	0.42754660986099724	1.4285714285714286
BG02582	-8.652213852379267	2.1925116147283243	0.4132661186674133	1.4285714285714286
BG02583	-8.991448442602055	3.720857316168723	0.4268131990946849	1.4285714285714286
BG02584	-9.842645987193395	4.875244441151109	0.4359794083135564	1.4285714285714286
BG02585	-8.278251441129514	4.876279827999673	0.4254376571140096	1.4285714285714286
BG02586	-9.180325457511499	4.241195302140017	0.4081125675319239	1.4285714285714286
BG02587	-9.140097965946916	3.661377916962584	0.43732669772980287	1.4285714285714286
BG02588	-8.596294692498882	3.973868115943039	0.44918143959106366	1.4285714285714286
BG02589	-8.01869232126588	2.937388707849537	0.43949116456839754	1.4285714285714286
BG02590	-7.9368539540286696	4.0687197287314625	0.4120718171566257	1.2853061932652365
BG02591	-7.797454506767557	1.8638672740744415	0.40325849198919866	1.4285714285714286
BG02592	-9.777094173499119	3.0491114953879794	0.4327045505473788	1.4285714285714286
BG02593	-8.494950488565674	4.917733390332344	0.42359582851432553	1.4285714285714286
BG02594	-7.660993696560362	4.413008129781071	0.4402405787992264	1.4285714285714286
BG02595	-10.896567119722526	3.833671472245305	0.43970625185356366	1.4285714285714286
BG02596	-8.891578629793262	3.8605429646165894	0.4235647286870592	1.4285714285714286
BG02597	-9.10046209910976	4.70632716582933	0.43522607225479853	1.4285714285714286
BG02598	-9.684305616011116	3.0424401684905225	0.4423935823443341	1.4285714285714286
BG02599	-10.117036412685481	2.7677693168195443	0.44457604106653037	1.4285714285714286
BG02600	-10.082595628996796	2.250066528059993	0.4134583850384882	1.4285714285714286
BG02601	-8.447186502514766	4.101661989789222	0.42419679355458034	1.4285714285714286
BG02602	-10.556938258357688	6.097663089270881	0.45249538459111815	1.4285714285714286
BG02603	-8.95627403929617	3.5557454990317385	0.4470694269387122	1.4285714285714286
BG02604	-11.72807469772534	4.419653835228762	0.4276871605043721	1.4285714285714286
BG02605	-8.138477486105518	2.801753310488833	0.4426862188280915	1.4285714285714286
BG02606	-8.100475438843228	3.1490918251015008	0.440109480165243	1.4285714285714286
BG02607	-9.83637349146837	3.502956592580092	0.44675714325716637	1.4285714285714286
BG02608	-8.752001314774796	5.526508484412	0.43317130432755985	1.4285714285714286
BG02609	-10.345177736910454	7.137494563160815	0.43549000497093304	1.4285714285714286
BG02610	-7.8350634213195285	4.833142408395931	0.4481735743175028	1.4285714285714286
BG02611	-8.444121385970716	2.5600296905700715	0.42168883612187436	1.4285714285714286
BG02612	-8.527119936305699	4.349438907222512	0.4394103252954299	1.4285714285714286
BG02613	-7.136786477905694	2.926829748227889	0.3837564871870733	1.2853061932652365
BG02614	-7.314723782823811	2.412072837903937	0.39711614682368557	1.4285714285714286
BG02615	-9.63379743113791	2.408882897905582	0.42164579777832295	1.4285714285714286
BG02616	-10.566278104185667	6.642700377298717	0.44428429154935584	1.4285714285714286
BG02617	-9.403096413556815	6.2211110618484815	0.4429853642761588	1.430120251154848
BG02618	-9.554697385284648	3.384361648181225	0.4538524704599852	1.4285714285714286
BG02619	-9.256387006254439	3.4203054458299285	0.42473856311111013	1.4285714285714286
BG02620	-6.5340962433599925	4.9049782762631455	0.40745758875962895	1.4285714285714286
BG02621	-6.992483919351203	3.257600076005217	0.4347421950533135	1.4285714285714286
BG02622	-9.744808112966467	4.975111291798467	0.38906254274812785	1.2853061932652365
BG02623	-8.204062604047568	3.4860480501845115	0.43250660250599954	1.4285714285714286
BG02624	-7.07169128993999	4.3121553095986265	0.42858187438153444	1.4285714285714286
BG02625	-8.983106182492072	3.108158868464691	0.4236212112036202	1.4285714285714286
BG02626	-10.396602854175322	3.0951576311921176	0.4371812767242079	1.4285714285714286
BG02627	-8.89058224503707	3.780498494502328	0.4105929289503227	1.4285714285714286
BG02628	-9.411153010649482	3.808105985595932	0.45436305565392093	1.4285714285714286
BG02629	-8.963248160596184	3.375231014387596	0.3810998432099774	1.4285714285714286
BG02630	-9.081752773200403	4.756436200493414	0.43656668647190106	1.4285714285714286
BG02631	-8.824259700691488	5.433179933094336	0.42551030067991646	1.4285714285714286
BG02632	-10.466568722604471	5.826413891382233	0.4280453814227317	1.4285714285714286
BG02633	-6.799275679776601	3.236188945292752	0.4139161604121359	1.4285714285714286
BG02634	-9.70199935243489	2.7902867980034114	0.44908411507381957	1.4285714285714286
BG02635	-9.65906466835885	5.049970579781286	0.40494236184085264	1.4285714285714286
BG02636	-8.663391267590757	2.1873114618849643	0.45003843628275564	1.4285714285714286
BG02637	-10.452428899927527	4.067051271227724	0.40448949557229613	1.4285714285714286
BG02638	-8.613258077071348	3.829267128831113	0.4237667506689486	1.4285714285714286
BG02639	-9.740849026514912	3.8110910869202312	0.4349771520668461	1.4285714285714286
BG02640	-10.493084094436336	2.9869124701546568	0.4188298738810608	1.430120251154848
BG02641	-6.611932031370192	2.916153212086783	0.43585694576165074	1.4285714285714286
BG02642	-10.464214007819658	3.838997645153626	0.42282205048727456	1.430120251154848
BG02643	-9.554876314791512	3.3363308804526275	0.42567227176015726	1.4285714285714286
BG02644	-8.841427676009879	3.1578667098976014	0.45120612092417184	1.4285714285714286
BG02645	-8.525917600676749	3.924064927239616	0.4354059742729724	1.430120251154848
BG02646	-7.879467646891652	3.1852102096047425	0.42984606762401095	1.430120251154848
BG02647	-11.865451359882199	3.043644782172584	0.4040935952456549	1.2814680971955783
BG02648	-6.715270399709258	3.369961756529579	0.4197451325424183	1.4285714285714286
BG02649	-9.865910250391641	3.4669282633754683	0.41690882410237545	1.4285714285714286
BG02650	-6.0254353672420535	4.029880617253136	0.42448791305611483	1.4285714285714286
BG02651	-10.435353651622963	4.014489029837346	0.3978400772229659	1.4285714285714286
BG02652	-8.639378540904545	2.956105144410179	0.4415571294323573	1.4285714285714286
BG02653	-8.906097518360198	3.6720861900332946	0.41683303630885143	1.4285714285714286
BG02654	-8.0886232722257	1.9756124175982355	0.4275990001909763	1.4285714285714286
BG02655	-7.917232296223006	4.122380153624529	0.43449498222118016	1.4285714285714286
BG02656	-7.140375560060394	2.593136022631735	0.4350917969673765	1.4285714285714286
BG02657	-9.439879746462106	5.066484598062706	0.39907509139644515	1.2853061932652365
BG02658	-8.827455178221207	4.195376867620582	0.4207286719201584	1.4285714285714286
BG02659	-7.910191148376761	1.9257394230900189	0.41975797477185206	1.4285714285714286
BG02660	-10.291592843879823	4.217455868766511	0.38156890592511034	1.4285714285714286
BG02661	-7.5736051130317295	2.176069342281668	0.4035715774614774	1.4285714285714286
BG02662	-9.89772676679232	3.1546983408435745	0.4420668930691651	1.4285714285714286
BG02663	-6.168424686940646	2.092061234964674	0.39368768361027784	1.4285714285714286
BG02664	-7.636751602745839	3.833465901852366	0.441354529494884	1.4285714285714286
BG02665	-9.671521413474071	4.525778749489779	0.4411649301598455	1.4285714285714286
BG02666	-9.917862083844101	3.684606474550487	0.4063260541190984	1.2853061932652365
BG02667	-9.957045560786163	1.1776417565622361	0.3560798389798494	1.0803855050050257
BG02668	-9.438953815311582	4.278465589088736	0.42912591742363326	1.4285714285714286
BG02669	-9.938243867207012	3.7531940754491164	0.43138796580902683	1.4285714285714286
BG02670	-8.287008595857163	5.413381785646933	0.42545784487691013	1.4285714285714286
BG02671	-7.6765741309078335	2.7519012304036186	0.4326370825426263	1.430120251154848
BG02672	-9.927403038375957	6.727666605113683	0.431987813928162	1.4285714285714286
BG02673	-10.490197162067586	4.794249338728764	0.44658854792214975	1.4285714285714286
BG02674	-9.287047157327093	5.424824943573339	0.4153865090671321	1.4285714285714286
BG02675	-8.019737523947619	2.6828082498037356	0.4304718921682053	1.4285714285714286
BG02676	-10.276251391300535	2.105936335443719	0.41847500754872774	1.4285714285714286
BG02677	-7.390333125717246	3.851340192587323	0.39467516118413504	1.4285714285714286
BG02678	-8.323910443091327	2.301793575237799	0.42386287338022705	1.4285714285714286
BG02679	-8.91086317024638	4.094159377088176	0.4363146781153665	1.4285714285714286
BG02680	-8.8356206124473	3.92094130888805	0.4410758196140755	1.4285714285714286
BG02681	-8.271423580165857	3.153007091391396	0.43731144704030184	1.4285714285714286
BG02682	-7.194736623842468	2.2077527928975376	0.44340815769795255	1.4285714285714286
BG02683	-7.578022354336109	2.8309211905028433	0.4239324671811555	1.4285714285714286
BG02684	-9.463852184435632	3.679182666373225	0.4037118342343536	1.4285714285714286
BG02685	-8.631816747836792	4.146448135953386	0.41877853237040946	1.4285714285714286
BG02686	-11.014318251206072	5.075647617033276	0.45377732857666225	1.430120251154848
BG02687	-10.594820611005222	1.4535813992860958	0.4343919992414959	1.4285714285714286
BG02688	-9.087188682710838	4.669808732591462	0.44911390716783356	1.4285714285714286
BG02689	-8.907490727541441	3.177002570829808	0.4114653223329735	1.4285714285714286
BG02690	-7.948755210350578	1.8600254095643893	0.4280398174539101	1.4285714285714286
BG02691	-9.211296822977586	4.652378677978997	0.4338488232577359	1.4285714285714286
BG02692	-10.336194873499068	3.7372545907183357	0.4109098494409077	1.4285714285714286
BG02693	-8.815030539271138	5.088853112765686	0.44373255713623294	1.4285714285714286
BG02694	-9.374568002429537	5.1978720541142645	0.4334035293867806	1.4285714285714286
BG02695	-10.060732689345384	3.0644841370114797	0.43618136307250477	1.4285714285714286
BG02696	-8.227806004214218	2.0562520537288864	0.42314245310391824	1.4285714285714286
BG02697	-8.102738114844534	4.690323233285194	0.4400006560397643	1.4285714285714286
BG02698	-8.023617567580962	7.073095027264234	0.4385695816013143	1.4285714285714286
BG02699	-8.907371241571537	4.702458115418041	0.4513560050426747	1.430120251154848
BG02700	-8.191656433757101	3.6473909256640944	0.4471389921359862	1.4285714285714286
BG02701	-9.309988946076162	3.8423302579332486	0.39955945795417863	1.4285714285714286
BG02702	-10.413672713535398	4.228882302395238	0.44619473310870056	1.4285714285714286
BG02703	-10.164118403095882	3.409327355212198	0.42346625772619784	1.430120251154848
BG02704	-9.814700616926263	2.4086524161885032	0.40722203953972486	1.4285714285714286
BG02705	-7.878397605067628	1.984612311801868	0.4118872961645031	1.4285714285714286
BG02706	-8.347453686497424	2.7782010537912765	0.41487441604410563	1.4285714285714286
BG02707	-8.95994307926405	4.142773364003627	0.37931330061911833	1.4285714285714286
BG02708	-9.4973605579565	5.362071401843194	0.42000726296614227	1.4285714285714286
BG02709	-8.769560283867438	4.201583857749293	0.4232159272063041	1.4285714285714286
BG02710	-7.910985073444757	3.399675753773422	0.44090414490082264	1.4285714285714286
BG02711	-10.13740932907899	3.6867737043279294	0.45604869623422645	1.4285714285714286
BG02712	-8.17987595764186	3.0696972673218617	0.42775297749176394	1.4285714285714286
BG02713	-9.127941069726539	3.8668034925545527	0.4388220792116517	1.4285714285714286
BG02714	-9.006176889914858	5.86868484738995	0.38798838854735823	1.2853061932652365
BG02715	-9.627761332931724	5.1088390088527325	0.4168494180485487	1.4285714285714286
BG02716	-7.78992888317345	2.598237792342946	0.4035097888232205	1.4285714285714286
BG02717	-8.33358387992085	3.2729426265277097	0.4121922259850492	1.4285714285714286
BG02718	-8.22489446089018	2.2009903295070536	0.43523186719246765	1.4285714285714286
BG02719	-7.360288976878163	3.2751557005933476	0.4298615331991722	1.4285714285714286
BG02720	-9.225433705364615	3.073605037205805	0.443537811231258	1.4285714285714286
BG02721	-8.420274560431839	4.022687065264159	0.4287919823686543	1.4285714285714286
BG02722	-7.354288091681519	3.264443449557407	0.42093487166044746	1.4285714285714286
BG02723	-7.762115729062391	2.0150785358553156	0.4375131475080961	1.4285714285714286
BG02724	-8.399879444273624	5.0633904519397674	0.4140552580581585	1.4285714285714286
BG02725	-8.651900569820867	2.4189269134166436	0.4222176590426568	1.4285714285714286
BG02726	-10.46650384390274	4.641516631608641	0.44145867479612594	1.4285714285714286
BG02727	-9.26767357614542	3.375112618546974	0.3673416707377392	0.955736072559838
BG02728	-9.038133720969377	1.5584314394347987	0.424227011730346	1.4285714285714286
BG02729	-8.293063047023018	4.145288072776389	0.37671329828035377	1.2853061932652365
BG02730	-9.163430574339854	2.6378914440858297	0.4225478203765988	1.430120251154848
BG02731	-7.4279900965702	4.341500163555691	0.44311242254315714	1.4285714285714286
BG02732	-10.108526403864323	4.581427086628697	0.4241843921149466	1.4285714285714286
BG02733	-9.07208199572703	4.251778188266996	0.42209308827597647	1.4285714285714286
BG02734	-9.412546180423371	3.4243444053020893	0.4529028928552372	1.4285714285714286
BG02735	-10.732548099020251	6.069008679597541	0.44630556541066246	1.4285714285714286
BG02736	-8.40147810764996	1.8418067057943732	0.40889633613639387	1.2814680971955783
BG02737	-8.189647928610912	4.753719756540075	0.42555321605041374	1.4285714285714286
BG02738	-10.935290240067049	5.180538355155879	0.4319091554978127	1.4285714285714286
BG02739	-9.004078781143127	5.284726250022601	0.43987261474910055	1.4285714285714286
BG02740	-8.718328526554263	3.9564426142744877	0.4272133457122917	1.4285714285714286
BG02741	-9.334284270854955	5.16420953926326	0.42980303846556955	1.4285714285714286
BG02742	-9.614058739435317	4.135951091898717	0.41743174011968914	1.4285714285714286
BG02743	-7.752647035019318	3.154568408997255	0.3782591424738091	1.4285714285714286
BG02744	-8.991078743261449	2.3185693279048625	0.42163689960937395	1.4285714285714286
BG02745	-9.953591636017752	2.113357623759197	0.4319224979413315	1.4285714285714286
BG02746	-9.477399069838688	4.325428740741834	0.4025818547014045	1.4285714285714286
BG02747	-8.065339316002277	2.7205420089115844	0.4250199700538669	1.4285714285714286
BG02748	-7.8475310624261985	4.795555851202229	0.4466297246362375	1.4285714285714286
BG02749	-9.952098438785415	3.2314924035845336	0.4396243320200947	1.4285714285714286
BG02750	-9.481710330264976	3.955813557043079	0.4396835835314416	1.4285714285714286
BG02751	-8.775434466021032	5.382488105383219	0.4280919254258232	1.4285714285714286
BG02752	-7.702197143086457	2.712080192433345	0.4103638068981114	1.4285714285714286
BG02753	-9.538116321666845	6.801469375826012	0.41777041160385936	1.4285714285714286
BG02754	-9.21079213810643	3.662454630106398	0.4502541684376128	1.4285714285714286
BG02755	-8.87906167013011	3.5234567640498358	0.41367075518103025	1.430120251154848
BG02756	-9.48902212421948	1.5143174459756574	0.4492845017013238	1.430120251154848
BG02757	-8.71848064164706	5.192187011734944	0.4429403469766188	1.4285714285714286
BG02758	-8.364853644276817	3.223043034680382	0.41109759469506324	1.4285714285714286
BG02759	-9.351106787231535	3.312351026578797	0.4238870528660263	1.4285714285714286
BG02760	-9.483493920512606	4.123864724727498	0.4268319732753805	1.4285714285714286
BG02761	-9.958189319396242	2.9545626315492743	0.4351516536057617	1.4285714285714286
BG02762	-7.1400258676892845	0.7907118093296707	0.4171534830625281	1.4285714285714286
BG02763	-6.49538938646588	2.460932480704771	0.42520104036285156	1.4285714285714286
BG02764	-8.0317378831624	5.616644059981662	0.43101526118074446	1.4285714285714286
BG02765	-9.1981644685481	5.39755751280445	0.40890643818596595	1.2853061932652365
BG02766	-10.092290407686576	3.6979979628856046	0.428083230320142	1.4285714285714286
BG02767	-9.643780123513688	6.15608178997225	0.4223588611954433	1.4285714285714286
BG02768	-8.78728589972692	2.500271298601501	0.41490896470740585	1.430120251154848
BG02769	-10.548625849372693	4.773762080840922	0.4112367664498928	1.1988241461748232
BG02770	-9.181138435137955	2.8522719837610677	0.42826019855501185	1.4285714285714286
BG02771	-10.070902988224402	3.1569463154320014	0.44533470913579704	1.4285714285714286
BG02772	-9.439897787603977	4.7352743213601105	0.39054822058482447	1.4285714285714286
BG02773	-7.874355926322139	2.088665304239286	0.41226901083563294	1.4285714285714286
BG02774	-8.034637165841215	1.5430460342415064	0.4236716070560264	1.4285714285714286
BG02775	-10.803233188733726	5.237943211335085	0.4225099290286339	1.4285714285714286
BG02776	-7.205721517303775	4.092813576029599	0.4379890851026015	1.4285714285714286
BG02777	-10.708507420185978	1.694294851678253	0.4144774918917559	1.4285714285714286
BG02778	-6.315325722723582	4.0651199007580905	0.3988140164808663	1.4285714285714286
BG02779	-10.440719557277268	6.822416452644401	0.42812513874005464	1.4285714285714286
BG02780	-7.320999427475443	2.632841196028605	0.43912136019730896	1.4285714285714286
BG02781	-7.894716808683988	3.5178126611941507	0.4289004269693282	1.4285714285714286
BG02782	-8.746245853512251	3.898165751986175	0.45196490976328296	1.430120251154848
BG02783	-9.412127216488102	3.6883154757191283	0.3897939337047741	1.4285714285714286
BG02784	-9.116916517952237	3.1499090867010997	0.40290651758414997	1.4285714285714286
BG02785	-7.961815111200248	1.8875621435069787	0.41220876920209665	1.4285714285714286
BG02786	-8.869034858644728	5.3659133898054	0.39235721357375514	1.4285714285714286
BG02787	-9.667505326034624	5.833979774338395	0.4498044633141251	1.4285714285714286
BG02788	-7.249837917379668	1.596676178204699	0.4104200370244478	1.4285714285714286
BG02789	-9.284169202237187	1.9686943623678843	0.40994065120856643	1.430120251154848
BG02790	-9.156835523391235	3.682645847109546	0.40627451215140664	1.4285714285714286
BG02791	-8.789053758564444	4.197151703249553	0.43197364075273165	1.4285714285714286
BG02792	-8.317377129782283	4.747416462851561	0.4262111050301164	1.4285714285714286
BG02793	-8.092442580911426	1.6938366763299288	0.4113347142887368	1.4285714285714286
BG02794	-9.48803877601285	7.247570056905331	0.4406445628870047	1.4285714285714286
BG02795	-9.835833882378767	2.883213104698526	0.4317221112507973	1.4285714285714286
BG02796	-9.582392398143332	5.715686330035319	0.43061458796001395	1.4285714285714286
BG02797	-9.122344399284135	3.6212065135001144	0.44519415836786197	1.4285714285714286
BG02798	-10.098733281897648	3.006041819440759	0.45228085083830893	1.4285714285714286
BG02799	-9.66647643890782	7.92301967092255	0.4379388548747113	1.4285714285714286
BG02800	-8.292430774786933	2.2397694401133066	0.41263710794213865	1.4285714285714286
BG02801	-5.5241947553851585	0.7782900963318419	0.4168769086290273	1.430120251154848
BG02802	-9.195486960796964	6.494714690365558	0.4300433824230138	1.4285714285714286
BG02803	-7.7398189148263725	4.946327218117058	0.4146260286321304	1.4285714285714286
BG02804	-9.146193909551265	4.745751941551969	0.4290782970478776	1.4285714285714286
BG02805	-6.832563469886743	4.1397537197122345	0.3847961359713019	1.4285714285714286
BG02806	-7.081097613451334	3.540875124353901	0.42966722417410025	1.4285714285714286
BG02807	-7.685659310423176	4.135050830157501	0.4536789131628419	1.4285714285714286
BG02808	-7.692443255251333	2.7035770294099972	0.40582049007769033	1.4285714285714286
BG02809	-9.866329566983921	4.479998446717949	0.41569653752175906	1.430120251154848
BG02810	-8.168184120138159	1.6796908164697768	0.43520427724555494	1.4285714285714286
BG02811	-7.996464413157245	2.640174349584939	0.425148139237983	1.4285714285714286
BG02812	-7.812858880953597	6.4877206138620345	0.43147014689709157	1.4285714285714286
BG02813	-7.304484865594343	2.1680232009195715	0.427061004996454	1.4285714285714286
BG02814	-9.20414260110694	1.8922329816033	0.4332989938444839	1.4285714285714286
BG02815	-10.902345059219542	3.2079409174259097	0.4126076148354507	1.4285714285714286
BG02816	-8.06030490217052	5.998402448662847	0.4402049446463016	1.4285714285714286
BG02817	-7.884881537660135	3.4800197885468407	0.43779407466719866	1.4285714285714286
BG02818	-9.656120179733913	3.048399840711865	0.44573415957999907	1.4285714285714286
BG02819	-10.21570508198023	4.984552592020802	0.45658914157562724	1.430120251154848
BG02820	-9.134189663622125	4.446050058550818	0.4419152844443368	1.4285714285714286
BG02821	-7.7613755636513915	3.661437642437256	0.4101567658204532	1.4285714285714286
BG02822	-8.863866333514567	5.325963046695594	0.4413930975178666	1.4285714285714286
BG02823	-6.966176213795913	4.42095351454332	0.37868516355465903	1.4285714285714286
BG02824	-9.782640244928134	4.772510698338935	0.42179190204490324	1.4285714285714286
BG02825	-10.295759424013958	1.7101168592002307	0.39955299989563914	1.4285714285714286
BG02826	-9.235595104196308	3.0377722909707456	0.4498747586714352	1.430120251154848
BG02827	-10.504142462175354	1.612411149276747	0.4469090363906736	1.4285714285714286
BG02828	-7.462361219785345	3.603669845112134	0.4229059885867137	1.4285714285714286
BG02829	-8.698639397404087	4.285594880519994	0.4207488112247275	1.4285714285714286
BG02830	-8.794804560157003	4.000411449941726	0.42263707731675565	1.4285714285714286
BG02831	-10.179597550745903	1.8324808415579505	0.42283098681122633	1.4285714285714286
BG02832	-9.293758593065638	2.883624674688723	0.4097193133566513	1.4285714285714286
BG02833	-8.14168123364217	3.7506654871852807	0.42173504465390554	1.4285714285714286
BG02834	-9.66001720988213	3.404401773416731	0.4119440839694961	1.4285714285714286
BG02835	-9.903631888090862	4.974285048797503	0.4266463382345311	1.4285714285714286
BG02836	-10.639803688288426	7.191448326110331	0.4438867231393734	1.4285714285714286
BG02837	-9.185432023217313	5.399660559341381	0.4062940020326973	1.4285714285714286
BG02838	-10.249931459238441	4.334699234088523	0.44195984566686103	1.4285714285714286
BG02839	-9.869069763276958	6.559734234519492	0.4156942536174786	1.4285714285714286
BG02840	-8.99392851930373	6.390190444478384	0.45005972293556884	1.4285714285714286
BG02841	-9.80210695806583	4.815518384728333	0.4421784846353535	1.4285714285714286
BG02842	-10.615308706783754	5.664787631313431	0.4444490445364419	1.4285714285714286
BG02843	-7.927690465954758	3.391673983518148	0.43596677082573226	1.4285714285714286
BG02844	-9.727970205834001	4.60263314716483	0.4312717702230815	1.4285714285714286
BG02845	-9.25238186158915	3.18020690397538	0.3962741185687161	1.4285714285714286
BG02846	-8.477734506089437	4.009627317302705	0.438952624261758	1.4285714285714286
BG02847	-8.632862169598194	3.1685530383347023	0.4195534245754641	1.4285714285714286
BG02848	-10.405278430221463	3.6958107749692006	0.43314595228715064	1.4285714285714286
BG02849	-9.53358505623913	2.0048566137015715	0.41608982725851573	1.430120251154848
BG02850	-9.192041429755363	2.552033935144266	0.4189166967776053	1.4285714285714286
BG02851	-8.865504977311202	2.123647680966385	0.40135956869923417	1.4285714285714286
BG02852	-8.212234341904693	4.921999138918922	0.43899786355002024	1.4285714285714286
BG02853	-8.61651638971866	1.771382356892397	0.4293780355564635	1.4285714285714286
BG02854	-9.324106186716635	1.7670051933208801	0.4110557121088038	1.4285714285714286
BG02855	-9.077287503395382	4.198844099048742	0.43922116551112905	1.430120251154848
BG02856	-6.598164825349554	2.721309671811796	0.4170328630984016	1.4285714285714286
BG02857	-6.779579092637015	3.3431074496529525	0.4052985118481114	1.4285714285714286
BG02858	-10.127239097503809	5.847662084017267	0.4416883491696643	1.4285714285714286
BG02859	-9.110373965680136	5.56488635195442	0.3766213408823256	1.4285714285714286
BG02860	-8.404436266184009	5.300607234701086	0.4487070879350402	1.4285714285714286
BG02861	-10.61495383696893	3.5600834665357017	0.42874343113719454	1.4285714285714286
BG02862	-8.557344609980783	4.318825623704516	0.4321670411830077	1.4285714285714286
BG02863	-10.104332299833526	1.440167679692243	0.43940094981622974	1.4285714285714286
BG02864	-9.823111137399957	1.9254954046457475	0.428222651431327	1.430120251154848
BG02865	-6.857683240054476	6.615032152741164	0.4257856959699623	1.4285714285714286
BG02866	-9.64962182526655	7.0559714133478195	0.42239665651543407	1.4285714285714286
BG02867	-10.561337808366506	3.979771469838226	0.4020750593958221	1.4285714285714286
BG02868	-10.165277897548357	5.463116365947644	0.42891089182002096	1.4285714285714286
BG02869	-10.384093462890565	3.190479016274793	0.44547337518329716	1.4285714285714286
BG02870	-8.423436228502894	2.616771516764379	0.43794862153143316	1.4285714285714286
BG02871	-10.373905251483757	5.795731159910814	0.4556250352020343	1.4285714285714286
BG02872	-8.911576722285133	3.6257645171332973	0.45073805493741637	1.4285714285714286
BG02873	-8.60302553444966	2.148398020546479	0.44285920260517453	1.4285714285714286
BG02874	-6.014973537938905	1.2533501115667958	0.442263882671623	1.4285714285714286
BG02875	-8.55756701677098	3.870570231289689	0.4444525432073376	1.4285714285714286
BG02876	-10.031584398237534	4.081319054238248	0.4391890971529598	1.4285714285714286
BG02877	-9.578639104813199	4.356896763080993	0.4328627130890811	1.4285714285714286
BG02878	-9.389641643960953	3.2103369594066704	0.45310064369761166	1.4285714285714286
BG02879	-9.142442447493458	1.6483797191459266	0.43251764027149675	1.4285714285714286
BG02880	-8.366947502552122	-0.1660814414094812	0.43008337865022483	1.4285714285714286
BG02881	-9.849770597582722	4.423201414401894	0.44143244659692127	1.4285714285714286
BG02882	-6.8641988966456875	2.461632712918784	0.4057054097328743	1.4285714285714286
BG02883	-9.834817628814092	3.7118616441050882	0.4428109096331864	1.4285714285714286
BG02884	-9.032469670310665	5.1745002289221596	0.4457536231177837	1.4285714285714286
BG02885	-8.664976424246621	4.424119665259923	0.4349664041491957	1.4285714285714286
BG02886	-6.676166334712794	2.965687715425035	0.41704966974977675	1.4285714285714286
BG02887	-8.360832053191444	5.472498244954784	0.4323331118811067	1.4285714285714286
BG02888	-7.738165902070692	4.722425490960289	0.4085930139945977	1.2853061932652365
BG02889	-9.195915216805417	4.053600282657702	0.435419269600394	1.4285714285714286
BG02890	-8.425037019593196	2.7907388452507917	0.42294335426118845	1.4285714285714286
BG02891	-10.418448879149249	4.829579378289303	0.4349726829577561	1.4285714285714286
BG02892	-8.29819050616527	5.433481901974884	0.4361035102385437	1.430120251154848
BG02893	-10.491613109617493	3.9948805825348863	0.4340652111282459	1.4285714285714286
BG02894	-10.057662031425059	4.5748102291187305	0.41503021304977267	1.4285714285714286
BG02895	-6.397858067214535	2.1824441997282378	0.4059239897374239	1.4285714285714286
BG02896	-9.624472406423024	5.435611975340078	0.44079438239407936	1.4285714285714286
BG02897	-9.170217205215694	3.1821973061923234	0.3949980450897788	1.4285714285714286
BG02898	-10.216345878581649	3.5562177579744136	0.4418247926467613	1.4285714285714286
BG02899	-8.485049175625557	4.342208428223677	0.39653951153836026	1.4285714285714286
BG02900	-8.23340702977425	5.521499742038792	0.39768331189645534	1.4285714285714286
BG02901	-7.267840662889514	4.753334023854054	0.43014187456750475	1.4285714285714286
BG02902	-9.034331231354448	6.572235404304114	0.43670320728744627	1.4285714285714286
BG02903	-8.951784913203955	3.0538763241289106	0.43304040253557197	1.4285714285714286
BG02904	-8.875130664755725	2.220657466689843	0.43766260566437365	1.430120251154848
BG02905	-9.226060608928965	4.444442789060514	0.40303210850517107	1.4285714285714286
BG02906	-10.36364586905468	5.595038210794425	0.45896772477030345	1.4285714285714286
BG02907	-8.808469692727169	1.84433772515795	0.41132042867647356	1.4285714285714286
BG02908	-10.30973586166829	6.384201119428925	0.42865512958457	1.4285714285714286
BG02909	-8.584724962758967	3.5008371139212793	0.40919420448201405	1.4285714285714286
BG02910	-8.102836332623125	2.2170090503343043	0.41711124500662927	1.4285714285714286
BG02911	-7.87761940523839	2.7902129983693817	0.43753244188894674	1.4285714285714286
BG02912	-9.542373652235913	3.6748667710736793	0.437510721535424	1.4285714285714286
BG02913	-9.367870095270927	5.073981963584603	0.4401528488327478	1.4285714285714286
BG02914	-9.404223989362068	5.913656979444731	0.39792146371838466	1.4285714285714286
BG02915	-9.42017495443553	4.3678649028983925	0.4464263420505702	1.4285714285714286
BG02916	-9.896204647299893	7.357698002378496	0.42280774277059435	1.2853061932652365
BG02917	-9.476514175997334	5.5215785801946815	0.43748304429031387	1.4285714285714286
BG02918	-10.286323005752571	5.973432471663789	0.4388045799864118	1.4285714285714286
BG02919	-9.839934205453597	2.8841228764635027	0.4434183480583206	1.4285714285714286
BG02920	-10.940670747991232	4.298023250548145	0.4194043159674718	1.4285714285714286
BG02921	-9.032396018300142	4.803560132129399	0.43222086286221967	1.4285714285714286
BG02922	-8.094035690287162	3.210510872993756	0.4306664175750549	1.4285714285714286
BG02923	-10.685977628616541	6.749438240722276	0.43169986254064546	1.4285714285714286
BG02924	-9.875026704974074	1.6192763907934897	0.43111183282158727	1.4285714285714286
BG02925	-8.940480197638538	4.924031455598095	0.44020607828757063	1.4285714285714286
BG02926	-10.811279718810821	5.308501413007342	0.4392079162192353	1.4285714285714286
BG02927	-9.235876522011718	4.869001749485479	0.4158142238207228	1.4285714285714286
BG02928	-10.11834790671919	3.4072458315252256	0.4449129060835031	1.4285714285714286
BG02929	-8.866127077685608	4.544777204404012	0.44242561820934795	1.4285714285714286
BG02930	-8.960876254928499	5.318043391119158	0.44601611991167234	1.4285714285714286
BG02931	-8.718231922385913	5.120797586446576	0.3971856806058634	1.2853061932652365
BG02932	-10.422971970672549	4.411216731825531	0.4435024122127029	1.4285714285714286
BG02933	-10.36175117247815	6.4959303987055295	0.4364624042907432	1.4285714285714286
BG02934	-6.42563892337229	1.5036520277563044	0.405759855881641	1.4285714285714286
BG02935	-10.014941517270678	3.9756421144026053	0.4284802508986151	1.4285714285714286
BG02936	-9.968225570834536	3.7825911189436576	0.42711826169949746	1.4285714285714286
BG02937	-6.711199722598568	2.3537743087772225	0.4295616371195084	1.4285714285714286
BG02938	-9.919505206894238	6.350921228848991	0.4384022494360598	1.4285714285714286
BG02939	-8.699258696645117	3.9986509926981584	0.4544178683070015	1.4285714285714286
BG02940	-9.06056694391342	3.9131316632261206	0.42773612453212506	1.4285714285714286
BG02941	-7.9615092329608315	5.28435513815498	0.43245703623553156	1.4285714285714286
BG02942	-7.651395131353198	2.9096240521864836	0.40589727786548613	1.4285714285714286
BG02943	-8.554495166438254	4.257769020410463	0.4256069760892171	1.4285714285714286
BG02944	-8.378107655895208	2.8697063797275364	0.4023619722980177	1.4285714285714286
BG02945	-9.52217471293815	2.8402247226663158	0.3942477801265954	1.4285714285714286
BG02946	-9.869734153602527	4.698221794255455	0.41190420593458277	1.4285714285714286
BG02947	-8.531358468091305	3.1348937894272266	0.4200668639782737	1.4285714285714286
BG02948	-9.480193272955734	4.184362365904281	0.45749111161291883	1.4285714285714286
BG02949	-8.578863285113606	2.6352519725706003	0.42271672071611094	1.4285714285714286
BG02950	-8.410161957227286	4.339209163998019	0.4076243579184499	1.4285714285714286
BG02951	-7.610346729945269	3.108850493877096	0.4317228264953865	1.4285714285714286
BG02952	-7.896991204146721	3.7846302339985147	0.43594105826480056	1.4285714285714286
BG02953	-8.778027966916937	3.154926683591567	0.42053604993265226	1.4285714285714286
BG02954	-8.601229611121955	1.6701138063064769	0.39800336761063637	1.4285714285714286
BG02955	-9.715826731824786	1.534950124515454	0.4257856024411809	1.4285714285714286
BG02956	-10.047415843250704	5.614047544644387	0.3939542479321184	1.4285714285714286
BG02957	-11.277085970336906	2.8179777982538545	0.38282606371604233	1.054067271978986
BG02958	-10.554214782061804	4.033898816949612	0.39679961607770353	1.4285714285714286
BG02959	-7.246219281473606	1.3385191617707248	0.4176543474413797	1.4285714285714286
BG02960	-9.114489276082995	4.31064605613976	0.43236158281201453	1.4285714285714286
BG02961	-6.629802768510762	3.129917587454021	0.41694196581495446	1.4285714285714286
BG02962	-6.515458236136803	2.5344652451188145	0.3987667992860713	1.4285714285714286
BG02963	-8.877722034343108	2.7992209679647773	0.4303511922322058	1.4285714285714286
BG02964	-7.78034973118777	1.71280105915895	0.4220098172567647	1.4285714285714286
BG02965	-9.21199447227828	3.6087501256038093	0.4208691751388592	1.4285714285714286
BG02966	-7.111756697215291	2.9888024525977905	0.44341144474943833	1.4285714285714286
BG02967	-8.552436915549254	4.24380469267454	0.4298841091724128	1.4285714285714286
BG02968	-10.164244323295916	3.9759603056675514	0.4115414857655042	1.430120251154848
BG02969	-9.91715645150382	2.5519214078647425	0.4166988793088543	1.4285714285714286
BG02970	-11.324083040444021	5.467801553739497	0.44919541197027407	1.4285714285714286
BG02971	-9.562011550770148	4.959575715621938	0.4421227679758483	1.4285714285714286
BG02972	-10.070482013193619	2.1584771009836077	0.428458924547321	1.4285714285714286
BG02973	-10.77158800759606	4.3615851484149735	0.42606020128202865	1.4285714285714286
BG02974	-7.020026936517317	2.405611274980843	0.4032780274224089	1.4285714285714286
BG02975	-10.531325770628792	3.4649300943189805	0.405202398183159	1.430120251154848
BG02976	-9.904453578481156	5.336037430003236	0.41227265226057486	1.4285714285714286
BG02977	-8.826665420812015	4.778781358654335	0.4144373651413439	1.4285714285714286
BG02978	-8.484358155387884	5.096218379341564	0.41075479764469885	1.2853061932652365
BG02979	-10.446108590170192	4.185822934623612	0.42526963374701754	1.4285714285714286
BG02980	-8.539206604046502	3.112692842280847	0.43740147556062126	1.4285714285714286
BG02981	-9.352288947620577	2.983590214606336	0.4500581192085951	1.4285714285714286
BG02982	-9.8732167654462	5.418523443852604	0.4215551214076465	1.4285714285714286
BG02983	-9.7011372126067	4.999005731478161	0.44308225829643527	1.4285714285714286
BG02984	-8.353014142554827	5.071477496853247	0.4043974160042741	1.4285714285714286
BG02985	-8.846406622713074	6.374832372316905	0.4070158254664356	1.4285714285714286
BG02986	-9.891809831441918	4.296839757132729	0.4086841292948284	1.4285714285714286
BG02987	-8.022181998524761	2.655319076877479	0.4033703528875301	1.4285714285714286
BG02988	-9.740114442803497	4.5427277601259455	0.4081024953986303	1.4285714285714286
BG02989	-9.87053127189249	4.919806057008941	0.446928872362838	1.4285714285714286
BG02990	-10.528995798757403	3.6584956849009456	0.45429880123158745	1.430120251154848
BG02991	-8.715231338402937	4.5025116094467865	0.39338188462744894	1.4285714285714286
BG02992	-9.82551066635622	4.171580677084837	0.416011342297339	1.4285714285714286
BG02993	-9.12560236058341	4.860324584814961	0.4204375731428195	1.4285714285714286
BG02994	-8.649165434102184	1.8581199359415306	0.3936959304424985	1.4285714285714286
BG02995	-9.80039659869766	3.986417809272639	0.417642708009109	1.4285714285714286
BG02996	-6.912950373372648	4.736707531189231	0.41253402982388687	1.4285714285714286
BG02997	-9.996731832792515	6.276356255446934	0.402967410440055	1.4285714285714286
BG02998	-9.399940840756454	3.599959157719494	0.4011222622812719	1.4285714285714286
BG02999	-7.242099395876969	2.557324664956959	0.4405873510621233	1.4285714285714286
BG03000	-7.2327625023659055	3.5883118981918627	0.4058666418937733	1.4285714285714286
BG03001	-9.359899055852713	3.8459975392169126	0.44235957401309284	1.4285714285714286
BG03002	-9.861810727847374	2.944762013961056	0.4030964593247449	1.4285714285714286
BG03003	-10.275188682894	3.6800945437968955	0.4135937283757754	1.4285714285714286
BG03004	-8.382811037742801	5.168238751947376	0.43829895429246274	1.4285714285714286
BG03005	-9.062459900101807	2.1962457581115307	0.4262876157825334	1.4285714285714286
BG03006	-9.073192234044384	2.285743119072667	0.416646812727645	1.4285714285714286
BG03007	-9.327126002404901	2.5518771082333043	0.4379797243622773	1.4285714285714286
BG03008	-9.668915020828916	4.721394053903454	0.41414721200355864	1.430120251154848
BG03009	-8.242467501169061	3.955102743731833	0.41264380239388676	1.4285714285714286
BG03010	-8.446573869633564	2.0779982004927917	0.36958635461626327	0.9523809523809526
BG03011	-8.014746992775313	1.9989039656171028	0.41405537828090305	1.4285714285714286
BG03012	-9.908416774541523	3.1459180180517037	0.43142680809619804	1.4285714285714286
BG03013	-8.9427037513684	3.7738753708614654	0.457787688819718	1.4285714285714286
BG03014	-9.945779259769187	5.572816784055186	0.42261329434772177	1.4285714285714286
BG03015	-6.6604371020455435	0.6176743044812704	0.41841698911746783	1.4285714285714286
BG03016	-7.808738927556182	4.165433485594004	0.4039440012070055	1.4285714285714286
BG03017	-6.936624263659834	3.6148517260160453	0.42419102773166356	1.4285714285714286
BG03018	-10.269035706947301	3.460805692953227	0.4398943194760008	1.4285714285714286
BG03019	-8.402207394210162	4.617386999695401	0.4326083290737741	1.4285714285714286
BG03020	-8.250462529006434	3.3002539225665024	0.43927468510851314	1.4285714285714286
BG03021	-8.50077106560816	3.0251510477348917	0.3940443256282536	1.4285714285714286
BG03022	-8.676976010639553	3.7733237206103603	0.4443900842819911	1.4285714285714286
BG03023	-10.091534087730663	4.6367306557878365	0.4346091054808274	1.4285714285714286
BG03024	-6.959326871805027	4.06134863740542	0.43416672822585073	1.4285714285714286
BG03025	-9.223065298492543	3.2840656636611136	0.42102641536207647	1.4285714285714286
BG03026	-10.060030890997076	4.058591256288976	0.4490835786060501	1.4285714285714286
BG03027	-10.764430057686445	3.5183463543221993	0.42264867053949656	1.430120251154848
BG03028	-8.930877509036058	2.908918175070795	0.43540332503228857	1.4285714285714286
BG03029	-8.885342146223085	2.113227630454285	0.43982614202653997	1.4285714285714286
BG03030	-8.381099423551646	3.267682497286957	0.43686538187071117	1.4285714285714286
BG03031	-9.240598033012102	2.3367165251853708	0.44203895949311317	1.4285714285714286
BG03032	-9.201875355297517	2.584551043846206	0.44775661116858084	1.4285714285714286
BG03033	-10.409070068213058	4.334757048137114	0.44061340099199503	1.4285714285714286
BG03034	-9.344020297299986	4.400235213808813	0.43764140095281134	1.4285714285714286
BG03035	-9.92657168789218	5.629526753481828	0.4379483086844732	1.430120251154848
BG03036	-9.157704168757649	2.0313912927910778	0.4232189070747002	1.4285714285714286
BG03037	-8.118302830909483	2.255325410511375	0.3880641275703681	1.4285714285714286
BG03038	-10.79016965712291	5.117866383613269	0.38878413813504104	1.4285714285714286
BG03039	-10.25041661507062	5.482243318693582	0.42116495875494064	1.4285714285714286
BG03040	-7.875116887659543	1.613167146105484	0.4276244259753639	1.4285714285714286
BG03041	-10.036174115480259	4.8357452851583425	0.41074560759997825	1.4285714285714286
BG03042	-7.811938093673517	4.148659758481324	0.4570965691153804	1.4285714285714286
BG03043	-9.182782537122435	3.49693850690493	0.40902920301043927	1.4285714285714286
BG03044	-8.601615551632973	3.779007364588837	0.3978945309430542	1.4285714285714286
BG03045	-11.156873062043083	4.54390994311034	0.4401339953635244	1.4285714285714286
BG03046	-8.892826814251025	3.7611085687642807	0.42656294516221754	1.4285714285714286
BG03047	-7.369637130058059	3.009783466932702	0.4263459137895253	1.4285714285714286
BG03048	-8.569435550505604	2.7483984077127896	0.41598761095731007	1.430120251154848
BG03049	-8.93253471853384	4.749836573991663	0.4314179575569366	1.430120251154848
BG03050	-8.219358498909576	3.2257851544101137	0.42042157074928693	1.4285714285714286
BG03051	-10.096086821415854	4.85171836200069	0.42534409279931945	1.4285714285714286
BG03052	-10.311725589363933	4.142270474131027	0.4179308091894224	1.4285714285714286
BG03053	-8.367343749476774	2.364346729376674	0.4262470913613125	1.4285714285714286
BG03054	-9.257435892381963	3.128890868401659	0.40766639429071144	1.4285714285714286
BG03055	-9.548664330257157	3.248485208520767	0.42383559789521164	1.4285714285714286
BG03056	-8.25160005131308	4.737018244799297	0.4177698250039893	1.4285714285714286
BG03057	-10.536516962882821	6.232896663979133	0.4380292286213392	1.4285714285714286
BG03058	-8.981948636077096	2.4137621188328477	0.45348166610325613	1.4285714285714286
BG03059	-10.599108813569776	2.889367167350106	0.41165781931128426	1.4285714285714286
BG03060	-9.592151121340866	1.7707960812337165	0.4513011059728813	1.4285714285714286
BG03061	-9.056030589383953	3.8391247683176712	0.4206726751139146	1.4285714285714286
BG03062	-8.155526975444454	5.004158240333837	0.4525355455138579	1.4285714285714286
BG03063	-8.590213734075958	3.653216790756845	0.450016063672435	1.4285714285714286
BG03064	-9.941171126866182	2.812988403387655	0.4121865240181737	1.4285714285714286
BG03065	-8.847504844026798	5.846713299109211	0.4327933732574329	1.4285714285714286
BG03066	-8.870339563089614	3.935821256385025	0.44721404269531073	1.4285714285714286
BG03067	-7.750856170893846	2.5743606353326878	0.4468072624432026	1.4285714285714286
BG03068	-10.686865977013777	4.439935404507054	0.43258235891186125	1.4285714285714286
BG03069	-7.958118305903765	4.2535547902285735	0.4190303728005316	1.4285714285714286
BG03070	-10.578448883048749	1.5347032047657323	0.4190435432132032	1.4285714285714286
BG03071	-8.942282405431271	2.962035286715177	0.4463841441276189	1.4285714285714286
BG03072	-10.705693999272977	5.13817162483726	0.42407888766380714	1.4285714285714286
BG03073	-8.017166632821693	5.152260558316237	0.38435733665444827	1.2853061932652365
BG03074	-9.335201895865948	4.362496886442782	0.44899207071408165	1.430120251154848
BG03075	-8.649556117054036	6.555802164228995	0.43948621648393654	1.4285714285714286
BG03076	-8.724405912589292	4.1939731591840905	0.43766851131284845	1.4285714285714286
BG03077	-7.750927573257467	3.377192783229508	0.4174507777718385	1.4285714285714286
BG03078	-9.90568377665042	4.881001746910347	0.42401529741080823	1.4285714285714286
BG03079	-9.182160943272612	2.692797768741602	0.43051589592565204	1.4285714285714286
BG03080	-8.303049866553991	6.098255603506012	0.4259914060979256	1.4285714285714286
BG03081	-8.46455748263479	4.1998493132317165	0.39905732757946333	1.4285714285714286
BG03082	-9.728829828401187	2.237778817254328	0.43002532032879537	1.4285714285714286
BG03083	-10.196877419379058	4.11358613896333	0.4431115767783035	1.4285714285714286
BG03084	-8.946137299595039	3.46449890864932	0.40148222467807443	1.4285714285714286
BG03085	-10.028146692409749	5.096367905863429	0.4450845534288262	1.4285714285714286
BG03086	-9.872781085668167	4.642165459970986	0.4437181710512064	1.4285714285714286
BG03087	-7.751576325876449	4.05190823278993	0.3917695076654287	1.054067271978986
BG03088	-10.00354276448669	6.955663502028245	0.4441181511837397	1.4285714285714286
BG03089	-9.02306577382046	1.9038711328157722	0.4372912290850894	1.4285714285714286
BG03090	-9.709680635005721	1.075862788846128	0.43552240037828865	1.4285714285714286
BG03091	-9.800595152297529	6.305916557059109	0.4351938911817865	1.4285714285714286
BG03092	-9.053790055459023	3.114157997660744	0.4337342513670723	1.4285714285714286
BG03093	-8.934230561960202	3.4193394090243414	0.4264034126885971	1.4285714285714286
BG03094	-10.024763208592917	4.449171363938318	0.430354659180607	1.4285714285714286
BG03095	-7.818053534345229	4.923541122919456	0.428882616397797	1.4285714285714286
BG03096	-10.77538347818811	5.199587407584561	0.40094748537155694	1.4285714285714286
BG03097	-9.611880594959414	4.755306979232437	0.4468171545569139	1.4285714285714286
BG03098	-8.872657227955067	3.8840376652005557	0.41672615450788897	1.4285714285714286
BG03099	-8.924418021200282	4.509929904281992	0.394126924182842	1.4285714285714286
BG03100	-10.042863382540846	4.142047172068469	0.44129872675284104	1.4285714285714286
BG03101	-8.980901700523994	3.25578300464801	0.4517855041959484	1.4285714285714286
BG03102	-9.699894179333672	2.864550930846798	0.4231507024067089	1.4285714285714286
BG03103	-9.328390274232468	6.122512390786644	0.4322156846224181	1.4285714285714286
BG03104	-10.177422022357634	6.089730224730009	0.433767416049351	1.4285714285714286
BG03105	-9.810967101446431	2.808342796699893	0.412125656163078	1.4285714285714286
BG03106	-8.729726256183694	4.564676440818472	0.41531931160333474	1.4285714285714286
BG03107	-7.60879173810676	4.261388141456698	0.39395184862632376	1.4285714285714286
BG03108	-8.467096654891362	4.062250106557973	0.4053045679139116	1.4285714285714286
BG03109	-9.999714949330066	4.0536297496108835	0.39865467849442504	1.4285714285714286
BG03110	-11.59090757260648	3.001648317546149	0.3865253028940338	1.2814680971955783
BG03111	-10.818772328223373	3.710299787029446	0.4170835336945819	1.4285714285714286
BG03112	-10.607716986415456	3.382029279726821	0.4269279387043349	1.430120251154848
BG03113	-9.302754552235468	5.316765955949917	0.4520162639344558	1.4285714285714286
BG03114	-9.401033737053595	3.5504643592571288	0.4118864049308424	1.4285714285714286
BG03115	-9.326868542946258	6.09736291092241	0.44151467039963344	1.4285714285714286
BG03116	-4.978706721505533	3.2215637738297125	0.4279191502780058	1.4285714285714286
BG03117	-7.799488614804094	3.5870890316475306	0.43664730718326017	1.4285714285714286
BG03118	-6.401994939447129	4.404136448816165	0.434814027004021	1.4285714285714286
BG03119	-8.553085063930226	4.946819552623052	0.4278609080059909	1.4285714285714286
BG03120	-10.477950576559007	3.7796472717596066	0.41230128422429524	1.4285714285714286
BG03121	-11.223667165906015	4.262539502046354	0.4539591558267033	1.4285714285714286
BG03122	-7.652434182473472	2.803388333382865	0.41306207511674353	1.4285714285714286
BG03123	-11.128308316973548	5.2849190245098985	0.42206710292827593	1.4285714285714286
BG03124	-9.616112707954787	3.803251875955793	0.42614933421462586	1.4285714285714286
BG03125	-10.78547891824669	3.4793856837707526	0.44210380118089565	1.4285714285714286
BG03126	-10.550778826834769	4.746500185279368	0.4252830336435138	1.2853061932652365
BG03127	-7.5234329565331866	4.526472661801971	0.4211262190667602	1.4285714285714286
BG03128	-7.411419583994978	3.9112184396964698	0.38521000551707174	1.4285714285714286
BG03129	-8.949269377290928	4.555325488143634	0.40609957913382605	1.2853061932652365
BG03130	-9.344698576767922	3.6498813667222003	0.4136147212650613	1.4285714285714286
BG03131	-8.297675577709532	4.690974380461429	0.41672920540046815	1.4285714285714286
BG03132	-9.466600950483379	2.653676623195326	0.43307445928143845	1.4285714285714286
BG03133	-7.49738753261137	3.7469296797225367	0.4121392853490925	1.4285714285714286
BG03134	-8.87977288206815	4.291953164989894	0.42669050734655717	1.4285714285714286
BG03135	-9.791423688882139	4.200073467104689	0.41545069398239104	1.4285714285714286
BG03136	-8.373623967914696	4.36051657445405	0.43577970372275926	1.430120251154848
BG03137	-6.5223017255916105	1.4296134394858728	0.4289944986162926	1.4285714285714286
BG03138	-7.939487084977016	2.7613568457052104	0.409251341150384	1.4285714285714286
BG03139	-8.248577037817329	5.082514025152511	0.4271018259343603	1.4285714285714286
BG03140	-8.181546424656768	3.206744377423772	0.43309026162687564	1.4285714285714286
BG03141	-7.950584959542563	3.8002485624765874	0.41183360139048714	1.4285714285714286
BG03142	-9.34848458517444	4.567105463197331	0.428412901154622	1.4285714285714286
BG03143	-10.001900845057584	6.602723833285674	0.4391682987638858	1.4285714285714286
BG03144	-7.137357908238297	3.980888088731839	0.4201387065462889	1.4285714285714286
BG03145	-10.61508061813646	5.145858754318283	0.44310177922297017	1.4285714285714286
BG03146	-9.522989745324647	6.673125334178567	0.44475599298328167	1.4285714285714286
BG03147	-7.550680374832083	3.3124027238742033	0.40458227078880626	1.4285714285714286
BG03148	-9.04419615287018	2.5999875176871257	0.4072190855340134	1.430120251154848
BG03149	-10.435761235656232	2.288747322391647	0.44227720763668177	1.4285714285714286
BG03150	-10.259927895977555	2.3441408597739812	0.4262688862845252	1.4285714285714286
BG03151	-10.74429780006929	4.952970608570227	0.4402539498347918	1.4285714285714286
BG03152	-8.235320965853738	4.765367686319465	0.43821169535753807	1.4285714285714286
BG03153	-8.678591345239417	3.133574198286091	0.4141573684727841	1.4285714285714286
BG03154	-10.01780466123289	1.5104848775705526	0.42073759389524523	1.4285714285714286
BG03155	-9.211999704420911	3.9217471393081826	0.4024380916250586	1.4285714285714286
BG03156	-8.75640920290692	4.740701375551991	0.4042563814125721	1.4285714285714286
BG03157	-6.92761497239253	2.3467716968076906	0.43140734177556905	1.4285714285714286
BG03158	-9.233740721344683	2.2866258364304652	0.4077443949208488	1.4285714285714286
BG03159	-8.561798467421442	3.5033429049429987	0.4392028455376948	1.4285714285714286
BG03160	-8.818987713007152	3.1911338565878036	0.3960887155401447	1.4285714285714286
BG03161	-7.972231047454609	2.6212086369508096	0.4486841207315928	1.4285714285714286
BG03162	-9.784687215801299	5.150824187063474	0.42548801398970626	1.4285714285714286
BG03163	-6.268854400693261	5.048635876244681	0.4233792466794288	1.4285714285714286
BG03164	-9.42138272860956	1.2845994317114033	0.44250962742161204	1.4285714285714286
BG03165	-10.653390311020406	2.29244900762725	0.45168376258728166	1.4285714285714286
BG03166	-8.96707513750611	2.174018983635483	0.4224250239467775	1.4285714285714286
BG03167	-8.847143925920728	1.1418243716266878	0.40717298530768375	1.4285714285714286
BG03168	-9.844185242690319	4.25848914814656	0.4349175580030984	1.4285714285714286
BG03169	-11.451736207855213	3.8564191631122076	0.42499406207583484	1.4285714285714286
BG03170	-9.55621261765516	6.856102414727808	0.4442075090157269	1.4285714285714286
BG03171	-10.121770510000633	3.822997045062413	0.4379773531072227	1.4285714285714286
BG03172	-8.696169995754914	3.8911383531512063	0.44102051925007546	1.4285714285714286
BG03173	-9.207242912736906	5.645264925054758	0.44886639954962226	1.4285714285714286
BG03174	-7.02984208848562	2.5557511437392217	0.4211796145684078	1.4285714285714286
BG03175	-8.277918243631607	2.586014920333282	0.41125887371989783	1.4285714285714286
BG03176	-8.811642685214348	2.6309571972255537	0.39550041140952324	1.4285714285714286
BG03177	-10.404027933436526	3.581206576845055	0.4352668542527325	1.4285714285714286
BG03178	-8.49718397166835	4.106888468983828	0.3936959478543405	1.107093870644864
BG03179	-10.493944718516332	4.955185109080878	0.4536246220624742	1.4285714285714286
BG03180	-7.610382867006067	5.313465946323208	0.4177263529250867	1.4285714285714286
BG03181	-7.8053997209313355	2.6712119769788316	0.41082418591967307	1.4285714285714286
BG03182	-7.449881533560157	3.9880789975190787	0.42544020484352346	1.4285714285714286
BG03183	-8.600277758137311	3.941202258671248	0.4402565869099206	1.4285714285714286
BG03184	-8.22689184069601	3.839430834562184	0.4290784475054407	1.4285714285714286
BG03185	-8.8728643095089	4.08060674618388	0.4226225618633678	1.4285714285714286
BG03186	-9.741911095743465	6.537947388535767	0.4009595922881143	1.3006321565251282
BG03187	-10.185381778125388	0.8300824918674007	0.4079085065905451	1.4285714285714286
BG03188	-7.6926289554921246	2.2192900826449717	0.46123853511058815	1.4285714285714286
BG03189	-8.899205530447205	3.89448766334551	0.427145146669553	1.4285714285714286
BG03190	-10.823374302523577	4.63957217853763	0.4388012666064588	1.4285714285714286
BG03191	-8.546659409531635	2.616406637183936	0.42950769744235234	1.4285714285714286
BG03192	-9.326928349149942	4.552974892877154	0.4044637263555609	1.4285714285714286
BG03193	-9.992615273720615	3.971309799370558	0.44343323799262546	1.4285714285714286
BG03194	-10.037235124210353	5.709833317134488	0.4356531894654656	1.4285714285714286
BG03195	-10.054345578949075	4.540339313115081	0.4199214778224908	1.4285714285714286
BG03196	-9.357234598620023	2.836649854341029	0.4086706116382992	1.4285714285714286
BG03197	-9.821345156596173	4.168209953436399	0.40855277576336	1.4285714285714286
BG03198	-9.385716940293767	3.248737772435658	0.4069976387152176	1.4285714285714286
BG03199	-9.434176437935939	5.671617475223582	0.43119709681106033	1.4285714285714286
BG03200	-7.841959007448264	3.886360437559786	0.40177960734680296	1.4285714285714286
BG03201	-7.861757622190349	0.4732858452851258	0.40916652153936395	1.4285714285714286
BG03202	-9.912568809169992	5.7769588948615525	0.3967070457054725	1.4285714285714286
BG03203	-8.499041340519296	2.899295087478192	0.41446765602207136	1.4285714285714286
BG03204	-8.864368820181733	3.1449750466205053	0.4370623733198502	1.4285714285714286
BG03205	-9.569511774928104	4.70353221132613	0.44218565697881596	1.4285714285714286
BG03206	-6.749516961035165	3.6893310307844067	0.43943873577341896	1.4285714285714286
BG03207	-9.040000201334468	1.9290439099065853	0.4303079741283203	1.4285714285714286
BG03208	-8.33458215093267	4.727435512491305	0.42912015122053004	1.4285714285714286
BG03209	-8.884476918505927	1.973850091065436	0.44089768007461294	1.4285714285714286
BG03210	-7.314541934397852	4.310692992853639	0.43684205952581895	1.4285714285714286
BG03211	-10.952564409259855	4.683765493282696	0.4058257362234831	1.4285714285714286
BG03212	-9.329343711519252	4.746607492549534	0.41362546425181895	1.4285714285714286
BG03213	-9.281051917861188	3.9052949699453396	0.42149606759024505	1.4285714285714286
BG03214	-10.907976972547893	4.522040202521164	0.4263961097688799	1.4285714285714286
BG03215	-8.560184310766655	4.403422207800371	0.4204933024341501	1.4285714285714286
BG03216	-9.860948943798622	6.315766711490029	0.4266299443240447	1.4285714285714286
BG03217	-8.125850548208737	3.5021789902971654	0.41068663080574885	1.4285714285714286
BG03218	-8.32950451267555	3.98240081314334	0.4342664482152159	1.4285714285714286
BG03219	-9.293712721874952	4.506577084225276	0.4118778749643788	1.4285714285714286
BG03220	-10.205311984175287	4.176495241673875	0.4267545926535443	1.4285714285714286
BG03221	-9.252978676741277	4.428371995782336	0.406616743169143	1.2853061932652365
BG03222	-9.890040764564237	4.768280435400504	0.40719031705901376	1.4285714285714286
BG03223	-10.343235311973539	3.5921994370161685	0.3939029172546565	1.4285714285714286
BG03224	-8.987742311401355	5.23215039711491	0.43087227995211796	1.4285714285714286
BG03225	-8.899584630062748	3.8620241255744974	0.44106096370546727	1.4285714285714286
BG03226	-10.107037943664565	3.0265852028899025	0.43164292833091444	1.4285714285714286
BG03227	-9.202236625116491	3.0979146773618313	0.43870596457482663	1.4285714285714286
BG03228	-8.458370920360274	2.633116928457078	0.44616396568890376	1.4285714285714286
BG03229	-8.204800014600181	3.967018957651746	0.40189868555793656	1.4285714285714286
BG03230	-7.39420791884797	4.69743475175198	0.4172551629642625	1.4285714285714286
BG03231	-8.17836870156734	3.7285683616937204	0.4242855934467334	1.4285714285714286
BG03232	-7.677206211491636	3.9662525039048018	0.4448796537841	1.4285714285714286
BG03233	-8.899282085777164	4.495308260153749	0.4232044216117459	1.4285714285714286
BG03234	-8.956691475798026	4.2179957431992845	0.4423220686532269	1.4285714285714286
BG03235	-8.163439872760428	5.096751141700478	0.4094499271531931	1.4285714285714286
BG03236	-9.786603512544852	4.089004678707831	0.41646169078093837	1.4285714285714286
BG03237	-9.19739834247541	3.31049360390881	0.4357755186280947	1.4285714285714286
BG03238	-9.7098231389309	2.9318970640759057	0.440723757063544	1.4285714285714286
BG03239	-8.110341237309344	1.2130735830040629	0.4330998762114154	1.4285714285714286
BG03240	-8.94583393215741	3.2125376340313614	0.4321393022322348	1.4285714285714286
BG03241	-10.599251901025557	5.1070408556907125	0.39141618944428963	1.4285714285714286
BG03242	-9.063616518564261	3.131286890556266	0.43622207510447447	1.4285714285714286
BG03243	-9.407359501298329	6.208343873442753	0.4320013423544103	1.4285714285714286
BG03244	-10.414537240890775	3.8030218733744805	0.42796800443618155	1.4285714285714286
BG03245	-10.078741055884544	6.482597455062715	0.4441297730111585	1.4285714285714286
BG03246	-7.9574704417533075	3.412469643401929	0.43158660452152536	1.4285714285714286
BG03247	-11.020059150244151	3.950863435424459	0.4455351186434061	1.4285714285714286
BG03248	-6.967176204243394	4.090413087240997	0.42583598333723416	1.4285714285714286
BG03249	-10.64592215121843	5.130690582044249	0.4291075111221805	1.4285714285714286
BG03250	-9.680306369979993	5.795560616194288	0.4287557377551252	1.4285714285714286
BG03251	-9.857025224990757	6.451559511302466	0.4417580927820552	1.4285714285714286
BG03252	-8.895139101549159	3.623786680039757	0.41780139689695933	1.4285714285714286
BG03253	-9.479857512242914	8.022878866993146	0.4178093883026101	1.4285714285714286
BG03254	-8.70822313961311	1.9982070743331617	0.4086532656863892	1.4285714285714286
BG03255	-7.4760642513222715	2.7298353745822963	0.4453949623463793	1.4285714285714286
BG03256	-10.415730025543521	4.359956787209409	0.40788087601944195	1.4285714285714286
BG03257	-7.263971422530166	4.343812944070209	0.43834186516254053	1.4285714285714286
BG03258	-11.10687184750158	3.3673665842754628	0.4383934018964961	1.4285714285714286
BG03259	-8.581296121185519	3.018450791348322	0.4336099864559492	1.4285714285714286
BG03260	-9.72083817674224	4.768105009715873	0.44104732087876	1.4285714285714286
BG03261	-8.262422703523546	2.6861114586245045	0.42523352617649873	1.4285714285714286
BG03262	-9.40031522589072	4.378453761983477	0.44433271263140467	1.4285714285714286
BG03263	-8.963826156812086	5.049728298521648	0.43186734545187583	1.4285714285714286
BG03264	-8.62051172559735	1.894401963906054	0.4193404262266897	1.4285714285714286
BG03265	-8.774671492710343	3.9678337273561417	0.38778408875738757	1.4285714285714286
BG03266	-9.21683246403637	2.5609293338611328	0.44846250549171995	1.4285714285714286
BG03267	-7.944863878960215	2.982732059773573	0.44043741559915517	1.4285714285714286
BG03268	-8.907331390955985	5.136215956826741	0.44339011495352004	1.4285714285714286
BG03269	-9.725856757047236	0.07558937980115102	0.39723464776873824	0.9955077252341655
BG03270	-7.4099857823812965	4.270140744870228	0.430704950219157	1.4285714285714286
BG03271	-7.492735442771842	2.25032842962198	0.40743194103880737	1.4285714285714286
BG03272	-8.02398626964778	0.5932402138264017	0.4077796014709623	1.4285714285714286
BG03273	-9.928569081037855	3.1504579839098614	0.39102368785376135	1.1527199860493966
BG03274	-9.884685365043847	3.0681113450977753	0.3902511162330765	1.4285714285714286
BG03275	-6.320688266613615	2.449014413030743	0.43408596664390037	1.4285714285714286
BG03276	-9.752772607168456	5.01838758953845	0.4376818007095875	1.4285714285714286
BG03277	-9.941593611944043	3.014118010449416	0.4211895045094934	1.4285714285714286
BG03278	-7.899542371945127	2.032868287601461	0.4212307674133699	1.4285714285714286
BG03279	-8.447423865741595	4.689375734171368	0.4427746354793933	1.4285714285714286
BG03280	-10.689857206576999	4.37235535163805	0.4575076168246293	1.4285714285714286
BG03281	-8.436095975424019	1.9943157944955319	0.43582848307481986	1.4285714285714286
BG03282	-8.641311290327383	5.815975034524305	0.4150485477996958	1.4285714285714286
BG03283	-9.484393464240123	5.465336862485785	0.4226602572073257	1.4285714285714286
BG03284	-9.891440038510515	5.336040348386704	0.4121985534749582	1.4285714285714286
BG03285	-8.095802856266456	5.303797327517107	0.4014130568515049	1.4285714285714286
BG03286	-9.133545070949042	4.917407095326743	0.4098642113846927	1.4285714285714286
BG03287	-8.22943861193779	4.262820310289385	0.41121360602616086	1.4285714285714286
BG03288	-8.790838712990952	2.194565137999877	0.39121965516308255	1.4285714285714286
BG03289	-7.141753677334643	3.361954897890214	0.44951616394357874	1.4285714285714286
BG03290	-7.811410244183703	5.336200808591954	0.44242753631235	1.4285714285714286
BG03291	-9.688483492836014	3.711542856955756	0.4334237679586858	1.4285714285714286
BG03292	-8.860062237547854	3.4683160506727178	0.4243409382801325	1.4285714285714286
BG03293	-7.594656336108558	5.5509673360920875	0.3808903007783355	1.2853061932652365
BG03294	-8.08106206999288	2.578654255254831	0.39248884833185144	1.4285714285714286
BG03295	-7.798304582979107	2.6640539271676578	0.41955887569858913	1.4285714285714286
BG03296	-8.950478862413814	1.1272096690150497	0.3891857488038462	1.0542030607015838
BG03297	-10.787956614510804	3.8892779252627725	0.44396158994847856	1.4285714285714286
BG03298	-9.369232345524484	4.7589983046746	0.43910627771571886	1.4285714285714286
BG03299	-7.944420430593022	3.688379454506903	0.42140823617580353	1.4285714285714286
BG03300	-10.448626475702394	1.1504310964714481	0.4147510723728981	1.4285714285714286
BG03301	-7.688549402156411	1.9975595328012703	0.4436131542956381	1.4285714285714286
BG03302	-9.807694409905366	5.014681545781192	0.4188754187162777	1.4285714285714286
BG03303	-6.9048966913199035	4.3068900314295515	0.40409545564156546	1.4285714285714286
BG03304	-11.095768411138607	5.059725596337021	0.4464748926537448	1.430120251154848
BG03305	-10.719609985874285	2.545219363086009	0.4138435625555716	1.4285714285714286
BG03306	-9.267187287851245	4.522891771517107	0.44463906392499414	1.4285714285714286
BG03307	-10.929456250821637	6.289528411358705	0.41728870009576025	1.4285714285714286
BG03308	-10.103795678027394	4.944922528446076	0.42526642584770863	1.4285714285714286
BG03309	-7.716335712971964	2.2222571312662547	0.4140728674354063	1.4285714285714286
BG03310	-8.6649329640783	3.768183180020518	0.44467611316471706	1.4285714285714286
BG03311	-9.494735282493494	2.9164387146271307	0.4461589417587471	1.4285714285714286
BG03312	-10.28016421395579	3.7777526746174974	0.44591286513156103	1.4285714285714286
BG03313	-8.945350479456089	3.6473308547658214	0.39900938667994146	1.4285714285714286
BG03314	-10.713137501869365	3.406211494498026	0.4473340483500492	1.4285714285714286
BG03315	-9.277683766098281	4.179219364891475	0.405217272638611	1.4285714285714286
BG03316	-8.931937385913105	4.741375623318345	0.45406872913346236	1.4285714285714286
BG03317	-10.321845949558876	4.285399832447759	0.4534503349602402	1.4285714285714286
BG03318	-7.697166082498782	1.474387293948944	0.4284342261652477	1.4285714285714286
BG03319	-8.928780771830311	5.217587997523938	0.4380198484017531	1.4285714285714286
BG03320	-8.897702276282288	5.349853898999581	0.39110262260297834	1.4285714285714286
BG03321	-7.909009097560019	3.2781533066541817	0.40229841325834875	1.4285714285714286
BG03322	-8.464358430233814	3.9890266002164108	0.4201758176522195	1.4285714285714286
BG03323	-9.630388604396495	3.8728035073047513	0.41152780438448083	1.4285714285714286
BG03324	-10.218809705312411	4.088702828871737	0.3989704793450907	1.4285714285714286
BG03325	-9.489439351663034	4.795577348927392	0.4250303763401053	1.430120251154848
BG03326	-10.592677912263888	5.416276390806988	0.4134089126094814	1.4285714285714286
BG03327	-9.633102200634704	3.974969817339322	0.4285387303890104	1.4285714285714286
BG03328	-9.19667888412313	4.057449361741091	0.42356380093049373	1.4285714285714286
BG03329	-8.252375109671462	5.913793931545541	0.425536300978512	1.4285714285714286
BG03330	-9.635325884427397	2.929485274362405	0.43245875896283603	1.4285714285714286
BG03331	-10.767218349453563	7.686911957775116	0.43811148611870854	1.430120251154848
BG03332	-8.884257852456653	3.4698529193753354	0.4067819253533477	1.4285714285714286
BG03333	-7.443579806400226	4.258939228502704	0.4131104159908642	1.4285714285714286
BG03334	-7.689831868249208	3.0126439917868924	0.41359093633221805	1.4285714285714286
BG03335	-9.701083564895873	5.570104221377392	0.4080089076699763	1.4285714285714286
BG03336	-8.74119733108975	4.181957620367411	0.4420231222738076	1.4285714285714286
BG03337	-8.891376847610097	3.8379489583915634	0.43048001793938256	1.4285714285714286
BG03338	-8.955408816521327	3.247502311292288	0.3604035661213323	1.3006321565251282
BG03339	-6.4620980366476966	3.3003338781269558	0.42414018418682314	1.4285714285714286
BG03340	-9.61762964349826	4.123773324165515	0.42976306875651676	1.4285714285714286
BG03341	-9.200296478101269	4.161341222447787	0.4491401222736132	1.4285714285714286
BG03342	-10.254639146858302	6.593095615485163	0.4245977487300626	1.4285714285714286
BG03343	-8.611933728968689	6.545079554404667	0.43391544946857047	1.4285714285714286
BG03344	-9.661772470883246	2.1169391479933317	0.43891049281487354	1.4285714285714286
BG03345	-9.242902558636143	6.2144465669370135	0.4361407374012473	1.4285714285714286
BG03346	-10.715504558009984	5.762244051622648	0.44191685384613527	1.4285714285714286
BG03347	-10.556531536956285	7.826467328432675	0.43723561120437815	1.4285714285714286
BG03348	-9.550208083144	4.904421075721495	0.4221718014057221	1.4285714285714286
BG03349	-9.291422766904848	2.9401697461222933	0.4276870447947854	1.4285714285714286
BG03350	-10.299661552697284	4.1957252507446015	0.4495338425773034	1.4285714285714286
BG03351	-8.77427143304265	3.4738046546521857	0.40260764395795795	1.4285714285714286
BG03352	-8.908975621562526	5.004999336983225	0.4326168275925184	1.4285714285714286
BG03353	-7.598741780720468	3.4317370508327714	0.406933401630748	1.4285714285714286
BG03354	-8.612300698561604	3.326600843300983	0.4389172721284557	1.4285714285714286
BG03355	-8.168142086032534	3.8578737341720535	0.4238249116787	1.4285714285714286
BG03356	-9.904151924461905	2.3498233855345614	0.422799695709605	1.4285714285714286
BG03357	-10.579798455606893	5.321496583671933	0.42541328574385096	1.430120251154848
BG03358	-9.460984456162862	4.306519390951598	0.4383795104010409	1.4285714285714286
BG03359	-8.607932687194786	2.1941054792455015	0.4135975004078378	1.4285714285714286
BG03360	-8.237406672274258	3.126173499539707	0.40990130424586446	1.4285714285714286
BG03361	-9.97150240270058	5.697654984787222	0.4530889980357295	1.4285714285714286
BG03362	-9.299076698653284	4.766440293737873	0.42927400535755855	1.4285714285714286
BG03363	-9.666137189945752	5.912145897396464	0.4266041314363701	1.4285714285714286
BG03364	-7.9843770382817745	4.109538096855694	0.4306735329996665	1.4285714285714286
BG03365	-10.067805025101743	4.022768238458273	0.4433115164380268	1.4285714285714286
BG03366	-9.05316077424676	4.23378591604193	0.40841570366369134	1.4285714285714286
BG03367	-8.65241229941737	3.5340672796874006	0.4015429810116471	1.4285714285714286
BG03368	-9.509139394196414	4.801172885514092	0.426624877211164	1.4285714285714286
BG03369	-9.372345609451123	4.05726586050942	0.40558209116572613	1.4285714285714286
BG03370	-8.663835332829391	2.2785830723646288	0.4158464130795502	1.4285714285714286
BG03371	-7.615818993477923	5.315985892455015	0.4405546438607465	1.4285714285714286
BG03372	-10.288514138417227	4.51659473977738	0.4447469268567155	1.4285714285714286
BG03373	-8.005041212710912	2.163718479532291	0.42522592638641016	1.4285714285714286
BG03374	-9.467025708037816	6.328038742282538	0.43872112149299486	1.430120251154848
BG03375	-6.560195056065705	4.402404638672247	0.4237707824891867	1.4285714285714286
BG03376	-7.167755540079175	1.6561212478033487	0.44642159981274665	1.4285714285714286
BG03377	-9.517142672194137	5.622303305946665	0.45112510692394187	1.4285714285714286
BG03378	-9.71684442064015	3.793398886498931	0.42659658825426844	1.4285714285714286
BG03379	-10.62853247023305	1.5795897595140571	0.42137427842904845	1.4285714285714286
BG03380	-8.912408417038224	1.363919589904417	0.3972981580277674	1.4285714285714286
BG03381	-11.046552818503077	3.93195522294934	0.41459093806964137	1.4285714285714286
BG03382	-10.742515681823514	4.14091956567224	0.4326349525204385	1.4285714285714286
BG03383	-8.433020065927057	5.477862015461109	0.4328889282951839	1.4285714285714286
BG03384	-7.583236989459305	1.9047350905297986	0.4164762199101968	1.4285714285714286
BG03385	-8.487731077187913	3.81338068456599	0.4437819569731413	1.4285714285714286
BG03386	-8.346855332955442	1.405378645481586	0.41929637606920556	1.430120251154848
BG03387	-9.702676309913098	4.432862421242304	0.4433297598060286	1.4285714285714286
BG03388	-9.937462512745713	4.677638332816945	0.41023631855566683	1.2853061932652365
BG03389	-9.972203498214771	2.3684048681774037	0.4111976140512325	1.4285714285714286
BG03390	-9.895954967510363	3.259869714954158	0.3863259535002022	1.4285714285714286
BG03391	-9.761728227766671	4.757374398048735	0.42650587917617955	1.4285714285714286
BG03392	-7.882935726058289	3.968746358676119	0.4273380231508695	1.4285714285714286
BG03393	-8.52136167494417	1.8388267678595964	0.3935971281852542	1.0803855050050257
BG03394	-7.557584497973016	1.6024607535729318	0.41295505870673466	1.4285714285714286
BG03395	-9.9815708243589	3.339242428878872	0.4369962672492762	1.4285714285714286
BG03396	-9.507012337116102	1.5986439403331296	0.4147851800041864	1.4285714285714286
BG03397	-9.837546332163676	3.5053125655436723	0.4372357477215026	1.4285714285714286
BG03398	-9.035321158658077	3.87130074986047	0.4366225875418492	1.4285714285714286
BG03399	-10.295594058313256	6.2573764429151355	0.45057345594652753	1.4285714285714286
BG03400	-7.018129962958398	1.6309581102239927	0.4319422883016955	1.4285714285714286
BG03401	-8.24748674971604	3.5676334040523234	0.42147120973003654	1.4285714285714286
BG03402	-8.462933280231459	3.0196576026643376	0.4281350186132795	1.4285714285714286
BG03403	-8.601800212179098	3.670430475643148	0.4239093336511576	1.4285714285714286
BG03404	-10.683898814210927	4.544942359955577	0.43159416011589874	1.4285714285714286
BG03405	-8.228434745061506	1.4000051463655179	0.4306568675848945	1.4285714285714286
BG03406	-9.290262150239688	4.399489912273354	0.43065249087074153	1.4285714285714286
BG03407	-9.525528199506986	3.6416082498347837	0.4439846923904737	1.4285714285714286
BG03408	-9.841634018053082	3.7830830204751775	0.4264207606323001	1.4285714285714286
BG03409	-8.094031568677126	2.610447259684727	0.40835842385366816	1.4285714285714286
BG03410	-7.370423458936459	4.977571780995832	0.4151353088957347	1.4285714285714286
BG03411	-9.902585450902642	5.878999397484402	0.4190136423529918	1.4285714285714286
BG03412	-6.916975840787881	0.9967961718276689	0.44200541514857533	1.4285714285714286
BG03413	-8.46170988686947	4.294797042331706	0.4246979370289295	1.4285714285714286
BG03414	-6.760426688193859	2.9804282030868325	0.3815742843766976	1.4285714285714286
BG03415	-6.838367149929447	4.5131568883469	0.4229587258302125	1.4285714285714286
BG03416	-6.694548310587998	1.9429412044456003	0.42570711630586106	1.4285714285714286
BG03417	-9.511954086362294	3.8148256702381547	0.4164798144565103	1.4285714285714286
BG03418	-9.89247514361796	5.446384684813079	0.4345814789721345	1.4285714285714286
BG03419	-9.179662386583322	4.74382266862829	0.43045386786129425	1.4285714285714286
BG03420	-7.9149240781598875	6.155708223337349	0.4043491385309905	1.4285714285714286
BG03421	-9.497816219307271	4.190723731973516	0.44067349256788046	1.430120251154848
BG03422	-9.44013646244136	4.693103189681469	0.44557383508567294	1.4285714285714286
BG03423	-9.550728585907997	4.962450623466194	0.42205565837189585	1.4285714285714286
BG03424	-9.73666249183545	4.964020906385654	0.3916381328024623	1.4285714285714286
BG03425	-8.143435778970694	3.6606209548362543	0.4268025503355609	1.4285714285714286
BG03426	-8.597510248122042	3.9270904916065095	0.4224145032502873	1.4285714285714286
BG03427	-8.405645639177392	4.952782731187106	0.42442623735539087	1.4285714285714286
BG03428	-9.359498598179334	3.7857236708842485	0.4089603866142049	1.4285714285714286
BG03429	-10.795509233408158	5.117446769919178	0.4376118614064294	1.4285714285714286
BG03430	-9.545229613818899	3.8160612848705964	0.43508402433166204	1.4285714285714286
BG03431	-8.340785948820807	4.202015088465593	0.40864075252305176	1.4285714285714286
BG03432	-9.475657239934895	3.546769395955408	0.4355447239660405	1.4285714285714286
BG03433	-9.99077436763695	4.366592763494808	0.44740684272526576	1.430120251154848
BG03434	-7.517955051139262	0.769686536631876	0.405990772880072	1.4285714285714286
BG03435	-8.727989383643282	3.1189719431891776	0.4046015949506681	1.4285714285714286
BG03436	-8.936879862275763	5.212443082052358	0.41020754473933296	1.4285714285714286
BG03437	-10.055810921699075	5.255763145209231	0.40553892653892765	1.4285714285714286
BG03438	-9.959396261390872	3.7462512946946127	0.405950690548013	1.4285714285714286
BG03439	-8.807083729534964	4.700276265437265	0.41124754838874855	1.4285714285714286
BG03440	-8.079714205094117	3.91171357421777	0.4160879786271747	1.4285714285714286
BG03441	-6.4458166187874015	3.169601311521918	0.4396664209938037	1.4285714285714286
BG03442	-9.673511026454145	1.7767437265870778	0.4246268602733377	1.4285714285714286
BG03443	-9.983062042305649	4.6956456766169845	0.4415496523573827	1.4285714285714286
BG03444	-11.773177802792919	4.696871318927427	0.42963123549897514	1.4285714285714286
BG03445	-9.24984201958162	3.2899941729577455	0.42940298827418866	1.4285714285714286
BG03446	-8.163524577829197	3.7458420724464134	0.4268614506443317	1.4285714285714286
BG03447	-7.618450640187387	3.6974154192426334	0.4327439731172786	1.4285714285714286
BG03448	-7.970956833789647	3.8392271432781135	0.39741359855652164	1.4285714285714286
BG03449	-7.925472472935838	3.8653612008070346	0.4428163095868861	1.4285714285714286
BG03450	-10.381409297233466	3.611785146637035	0.4209344556934156	1.4285714285714286
BG03451	-6.07284348579296	2.4483853553843424	0.4106684447723408	1.4285714285714286
BG03452	-11.656679736396987	5.353202120458455	0.41007445563819966	1.4285714285714286
BG03453	-9.401605284636736	6.9022940966314215	0.44370961686934385	1.430120251154848
BG03454	-9.195463470103341	2.7525097847166653	0.43178871497293064	1.4285714285714286
BG03455	-8.090316976319304	3.2449237423674173	0.42071749013750154	1.4285714285714286
BG03456	-7.481498269085026	3.083189324454041	0.41569390192826533	1.4285714285714286
BG03457	-7.304554880559319	0.3406433519130328	0.4083219063158746	1.4285714285714286
BG03458	-7.7963284254655525	5.873164663924335	0.4426949845383301	1.4285714285714286
BG03459	-9.143267754318632	5.373842959155469	0.4463733851446519	1.4285714285714286
BG03460	-9.535569611431244	2.9802546479831835	0.4122999490691854	1.4285714285714286
BG03461	-9.77351357534248	3.130432474790125	0.449389332686622	1.430120251154848
BG03462	-8.880875597447293	2.9328432112604204	0.41037727971530724	1.4285714285714286
BG03463	-9.00153228215432	3.7267254818967372	0.43563252163786936	1.4285714285714286
BG03464	-10.390260625767239	5.31826589547774	0.43345324649808126	1.4285714285714286
BG03465	-10.423768233681663	2.650466626141623	0.42117534158970904	1.4285714285714286
BG03466	-9.459970615964133	5.919660949401477	0.4130897499376203	1.4285714285714286
BG03467	-8.433053428531439	3.917235131556392	0.40132276197199834	1.4285714285714286
BG03468	-8.937616040264276	3.657957483879628	0.41001405897888854	1.4285714285714286
BG03469	-9.519174789445731	1.7926598993460867	0.41754277719642907	1.4285714285714286
BG03470	-8.918768593446591	4.775134419088928	0.44204932636523453	1.430120251154848
BG03471	-10.072647245295954	4.285921720102315	0.3987626825415638	1.4285714285714286
BG03472	-9.285073381530193	4.370758425590121	0.45045533137591953	1.4285714285714286
BG03473	-9.968300710911098	4.281898822654202	0.4366820668720968	1.4285714285714286
BG03474	-9.137215899977717	7.352183296555401	0.4015388301914866	1.2853061932652365
BG03475	-11.075234922818792	6.333578841522803	0.4035067962853104	1.430120251154848
BG03476	-9.076360458231763	2.73812822237884	0.44597696207727305	1.4285714285714286
BG03477	-9.970704591778478	2.6388527344432386	0.4243438040717479	1.4285714285714286
BG03478	-8.770727096219478	3.744366421614756	0.42497850263432857	1.4285714285714286
BG03479	-8.104857927339806	2.846159535662882	0.44099480760435683	1.4285714285714286
BG03480	-9.100213696282633	3.9884624383068967	0.4474017020820245	1.4285714285714286
BG03481	-8.303694302096574	0.6430182009028782	0.43187080845418185	1.4285714285714286
BG03482	-10.311849503203685	2.4044986400871213	0.42967510478854626	1.4285714285714286
BG03483	-8.24425995084124	0.5357478015607587	0.4143088404778721	1.4285714285714286
BG03484	-8.274516297063823	2.034390729537381	0.40142058302675615	1.4285714285714286
BG03485	-10.243662699583497	2.763710703483905	0.44517757873818986	1.4285714285714286
BG03486	-7.283424173067639	2.676763836140427	0.4458212175395328	1.4285714285714286
BG03487	-8.909422348370759	2.747197852267701	0.41853470561891803	1.430120251154848
BG03488	-8.600245153551397	4.000792602697965	0.42287623799955304	1.4285714285714286
BG03489	-8.595390433892417	2.681003846010759	0.4258777504902731	1.4285714285714286
BG03490	-7.813316899218139	4.111392258213412	0.44632675926205656	1.4285714285714286
BG03491	-9.92043272802651	3.916995332772138	0.4298261591442464	1.4285714285714286
BG03492	-9.336260091071132	4.1842307644957515	0.43385006645473145	1.4285714285714286
BG03493	-10.310471618008185	5.014473423888257	0.4395266978691334	1.4285714285714286
BG03494	-8.919679128502278	3.9811284032152923	0.4029621250413271	1.4285714285714286
BG03495	-8.482022516404667	2.9971707836909554	0.413696497763889	1.4285714285714286
BG03496	-9.667930742601131	5.768981013490413	0.40830195511867484	1.4285714285714286
BG03497	-8.638909622502682	5.0881425981088135	0.42734909351885164	1.4285714285714286
BG03498	-9.46441498158734	3.4400587796049362	0.3927339741136441	1.4285714285714286
BG03499	-9.434863088638126	3.5639108232745893	0.40745029163587976	1.4285714285714286
BG03500	-8.572869991334258	3.8937839961011522	0.43735750414863245	1.4285714285714286
BG03501	-6.941227262651135	3.655498273847087	0.43041069482157035	1.4285714285714286
BG03502	-9.485766456195746	3.2503483053349322	0.386876409025933	1.4285714285714286
BG03503	-11.223916321234354	6.3075045506472955	0.4451061546011596	1.4285714285714286
BG03504	-7.4427567233586895	3.520625118576749	0.431266603210664	1.4285714285714286
BG03505	-9.00738939336207	4.231603517416921	0.43316930544190335	1.4285714285714286
BG03506	-8.7097570978205	2.583985823251956	0.4057547857122064	1.4285714285714286
BG03507	-10.708826087242171	6.5418982861587995	0.43023393332939713	1.4285714285714286
BG03508	-9.580235035711901	4.566162594662846	0.4224856396497521	1.4285714285714286
BG03509	-9.279607056047485	7.101178424815805	0.4341059365571023	1.4285714285714286
BG03510	-10.421557448468425	3.136226612102645	0.4293332640642533	1.4285714285714286
BG03511	-9.557044674178286	4.198321056704598	0.432232218250092	1.4285714285714286
BG03512	-10.101109177888171	3.013389400825276	0.38950802365977083	1.4285714285714286
BG03513	-7.078594048902308	3.334436209700401	0.4334076551791556	1.4285714285714286
BG03514	-6.9354196407212925	1.3654615834236243	0.43117025044072704	1.4285714285714286
BG03515	-10.166409744768076	4.323844699694577	0.43323642615324787	1.4285714285714286
BG03516	-9.309204521603162	4.2768062160851255	0.4263114863931099	1.4285714285714286
BG03517	-8.405644247390295	4.360881135989168	0.43134962483260897	1.4285714285714286
BG03518	-10.841229269660495	6.409338497441229	0.439216112618988	1.4285714285714286
BG03519	-8.61158045939241	2.7330447029227734	0.45648297381658226	1.4285714285714286
BG03520	-8.749604286130712	1.8445236647049148	0.4186756072630809	1.4285714285714286
BG03521	-10.485638052006397	5.994182207306692	0.45565784301320966	1.430120251154848
BG03522	-6.858594302098327	2.4244249795722226	0.38839974327778687	1.4285714285714286
BG03523	-8.586802382567875	5.136927486094852	0.4017857174124488	1.4285714285714286
BG03524	-9.362883741661047	4.329577390961185	0.41088088295006	1.4285714285714286
BG03525	-9.300544850060673	3.9150942566911553	0.41840575344873243	1.4285714285714286
BG03526	-8.881319094339608	4.591140272237673	0.41942691519311187	1.4285714285714286
BG03527	-8.486447652561138	4.194834503678075	0.44668460952944994	1.4285714285714286
BG03528	-8.752897100520709	4.805507698166135	0.4481497161367904	1.4285714285714286
BG03529	-7.538308875657471	4.603342899508518	0.42957796684765337	1.4285714285714286
BG03530	-7.373701295888425	3.2962916271040434	0.41847361301481056	1.4285714285714286
BG03531	-8.812041915759144	5.123414276780741	0.4294698474434924	1.4285714285714286
BG03532	-8.200262528574495	3.7214949498235157	0.44689722300364976	1.4285714285714286
BG03533	-8.856449561309285	2.986172983645368	0.41781500830702156	1.4285714285714286
BG03534	-10.77253219873692	5.065025056683996	0.4415895352702554	1.4285714285714286
BG03535	-10.76382687942628	5.615630841390606	0.4327266227531096	1.4285714285714286
BG03536	-10.612090869265485	7.064360449343951	0.43112718659195837	1.4285714285714286
BG03537	-10.315645827245989	3.7574288489054237	0.4377244179136238	1.4285714285714286
BG03538	-7.693545696175512	2.310977770616319	0.4388903318722126	1.4285714285714286
BG03539	-9.082169207025768	3.087134684426285	0.4036098485414602	1.4285714285714286
BG03540	-8.234484247036171	3.8766497525829147	0.43174672335435826	1.4285714285714286
BG03541	-8.405232844892229	3.613529405782032	0.4105553602370169	1.4285714285714286
BG03542	-11.017178892348296	4.4693662110285155	0.43351463295325127	1.4285714285714286
BG03543	-8.386883786325864	3.527486301868541	0.44120376526042426	1.4285714285714286
BG03544	-10.510223676185145	3.497453984369794	0.37719071210368715	1.0542030607015838
BG03545	-10.019863312724075	3.260862439184857	0.4293466228426147	1.4285714285714286
BG03546	-8.529098334996894	3.0622502115220644	0.4295276535032163	1.4285714285714286
BG03547	-9.263442805839988	3.010721527030362	0.4512606578483741	1.4285714285714286
BG03548	-8.824680915115206	3.3517250676201935	0.416937469508748	1.4285714285714286
BG03549	-8.526781686635196	3.6919618892298596	0.41601325763063257	1.4285714285714286
BG03550	-7.825841899243195	2.4231592604559324	0.42706943153669885	1.4285714285714286
BG03551	-10.052314198474402	5.553961388113447	0.4237245153373699	1.4285714285714286
BG03552	-8.618990046166449	1.5791032073912228	0.43835434379550003	1.4285714285714286
BG03553	-8.906279467413732	1.5124197526356054	0.4219306113410289	1.4285714285714286
BG03554	-6.872038970605013	-0.06654251895808955	0.4201425303527427	1.4285714285714286
BG03555	-7.30241158392817	5.073179907752209	0.3767677443046863	1.2853061932652365
BG03556	-8.502042154362881	3.8449867464202327	0.40146677581451307	1.4285714285714286
BG03557	-6.416982889964926	4.127927292559098	0.41911618328460293	1.4285714285714286
BG03558	-8.956378394571948	2.0788823295058942	0.4100755290324311	1.4285714285714286
BG03559	-8.089823120954867	0.6712502806732165	0.4306703901861608	1.4285714285714286
BG03560	-10.687723619653662	4.619441487035017	0.399591904832873	0.9955077252341655
BG03561	-8.916300396104763	1.5403963348781147	0.41130587386413053	1.4285714285714286
BG03562	-8.713212514538245	3.7997671488408713	0.42867620637523346	1.4285714285714286
BG03563	-6.249339323193627	1.9350485513188325	0.4086232546379242	1.4285714285714286
BG03564	-9.59274100657508	4.806675148636956	0.41078116092437034	1.4285714285714286
BG03565	-8.990640892426471	3.990261151324772	0.4246926428706775	1.4285714285714286
BG03566	-7.734355368307807	3.4539062963016605	0.4311172420428566	1.4285714285714286
BG03567	-8.570369315727683	1.2787848821435461	0.41870940878612356	1.4285714285714286
BG03568	-8.326721104243079	2.978280060133296	0.409016461296321	1.4285714285714286
BG03569	-9.899061637571316	5.4374737662538415	0.4153534356544543	1.2853061932652365
BG03570	-7.911241784350858	3.2532757197099986	0.4104464834861287	1.4285714285714286
BG03571	-8.974261943075593	3.472008476139766	0.44003361985726713	1.4285714285714286
BG03572	-8.84244080342754	4.882403953215001	0.4417142629386125	1.4285714285714286
BG03573	-10.89653697042626	5.3864481073468395	0.43936867897562415	1.4285714285714286
BG03574	-10.240705136674082	5.659735961050359	0.44231306233621437	1.4285714285714286
BG03575	-7.075600098003262	3.2558787298207705	0.42584375063066815	1.4285714285714286
BG03576	-8.111581351201924	4.8680615282755175	0.4256652303619465	1.4285714285714286
BG03577	-8.127029549768611	6.325906261984748	0.38341833544488135	1.2853061932652365
BG03578	-8.569878154770146	4.493566583627681	0.43129627900849343	1.4285714285714286
BG03579	-6.982048268381985	4.101426457774215	0.43346488063747757	1.4285714285714286
BG03580	-11.391823972239342	6.064540701197991	0.40791612619605555	1.4285714285714286
BG03581	-8.366434114517544	5.249343256762682	0.4445239181245873	1.4285714285714286
BG03582	-8.169203464031991	2.5459037285251274	0.44708860456915295	1.4285714285714286
BG03583	-8.84983190339847	4.475686006326743	0.43765650739149325	1.4285714285714286
BG03584	-8.553822524801888	4.057811768009841	0.4472001707577059	1.4285714285714286
BG03585	-10.68439059765303	4.3702997804443715	0.4325286899503922	1.4285714285714286
BG03586	-10.536741346118097	6.352932797993424	0.4278946001795566	1.4285714285714286
BG03587	-9.246615053643847	2.9313467930766524	0.4259609992978544	1.430120251154848
BG03588	-9.749125235175153	3.4094322242304487	0.42137510565560704	1.4285714285714286
BG03589	-9.53686582966402	4.682329569814487	0.4361660565193212	1.4285714285714286
BG03590	-8.909005585370508	2.8544759424396653	0.4062360313125156	1.4285714285714286
BG03591	-8.914147678517297	5.698453937973326	0.41711120062220297	1.4285714285714286
BG03592	-9.955932189263853	4.467405070003782	0.43617856248986064	1.4285714285714286
BG03593	-7.252982976772563	2.769667820838383	0.43647787501060403	1.4285714285714286
BG03594	-10.270429237788518	3.881258433280508	0.4286671111227924	1.4285714285714286
BG03595	-10.323618011999733	2.9145774959013786	0.45214429269059625	1.4285714285714286
BG03596	-9.16939367550837	4.111425493403722	0.4420368269566185	1.4285714285714286
BG03597	-9.324019546263566	3.5071317114985208	0.40903269900347916	1.430120251154848
BG03598	-9.386299592889765	5.7057685945730885	0.43875342106791704	1.4285714285714286
BG03599	-10.674733310009898	6.2663526026022875	0.4423800119218929	1.4285714285714286
BG03600	-9.539154499610579	4.9508600200411506	0.42014812748091257	1.4285714285714286
BG03601	-10.366935251568625	5.246355533289612	0.4515028349340897	1.4285714285714286
BG03602	-9.858107382278435	4.17271934947658	0.42612281175128797	1.4285714285714286
BG03603	-9.09686779803681	0.8074089384471227	0.4202919954191229	1.4285714285714286
BG03604	-9.527409607101477	5.07019592452538	0.42031274580203914	1.4285714285714286
BG03605	-11.512432835986148	3.9127429940300953	0.4352049999636711	1.4285714285714286
BG03606	-9.184204891069239	4.154819191783621	0.44711235983550407	1.4285714285714286
BG03607	-7.848990367004845	2.5942214862658037	0.4424372619180384	1.4285714285714286
BG03608	-7.844266265531938	1.9706248304822518	0.3890409098059709	1.4285714285714286
BG03609	-8.390853162080012	2.9744988581501506	0.4237514899709399	1.4285714285714286
BG03610	-9.332340548060618	1.9180094754618757	0.43102250124479274	1.4285714285714286
BG03611	-10.032631077952663	3.7718080578205067	0.41271916131027947	1.4285714285714286
BG03612	-6.780111366799653	3.249512994030559	0.41372845236608313	1.4285714285714286
BG03613	-8.80371697197928	2.6237366526645816	0.4464758492444406	1.4285714285714286
BG03614	-7.549642837162983	5.074467192490667	0.4356387103036857	1.4285714285714286
BG03615	-7.166445543699041	6.398388856161665	0.438697289753112	1.4285714285714286
BG03616	-7.271396810379237	3.0093382232936747	0.43279543239962814	1.4285714285714286
BG03617	-7.587395322352785	1.7077490344939068	0.43757704853908563	1.4285714285714286
BG03618	-9.920124403933622	3.1562437629745963	0.4221962324226123	1.4285714285714286
BG03619	-9.48517908334491	5.018251971115404	0.431714677857501	1.4285714285714286
BG03620	-9.480317175402428	6.3905163901541995	0.44137701429639653	1.4285714285714286
BG03621	-9.475536535655586	7.228269343610935	0.4304854440295139	1.4285714285714286
BG03622	-8.86300419493966	4.2003909649066475	0.3895693364315444	1.4285714285714286
BG03623	-8.670934299320425	3.4551095126665805	0.42782308737522307	1.4285714285714286
BG03624	-7.721574625750494	4.581822103302731	0.44111445588171666	1.4285714285714286
BG03625	-8.595682003519657	2.0002910458072907	0.41026095304791715	1.4285714285714286
BG03626	-7.904277036423209	5.796803267171696	0.4192872156466013	1.4285714285714286
BG03627	-9.956476458722202	4.563323468919867	0.40320666215274703	1.2853061932652365
BG03628	-7.956609290168856	5.996573093650789	0.43425753726263816	1.4285714285714286
BG03629	-10.34455491806714	4.343200740110033	0.4324419890245802	1.4285714285714286
BG03630	-8.952539843950447	7.206525984987016	0.4231333240160601	1.4285714285714286
BG03631	-8.359122037763104	2.876968676275074	0.4346971328213876	1.4285714285714286
BG03632	-8.443319495128073	5.700679672867766	0.45270992448836356	1.4285714285714286
BG03633	-8.73916123786611	5.533866315899936	0.4468993882869329	1.4285714285714286
BG03634	-9.516196924479086	4.289565120181658	0.440356736383789	1.430120251154848
BG03635	-8.737960168231936	3.907135742525879	0.41666074780150336	1.4285714285714286
BG03636	-9.40557319936888	4.062259681042346	0.4127710618349891	1.4285714285714286
BG03637	-9.50343270992026	7.292441213035736	0.40420562393962034	1.2853061932652365
BG03638	-8.024668560720391	4.788807152788819	0.4376061568029642	1.4285714285714286
BG03639	-9.464919961357065	4.358665467942253	0.43890615593531856	1.4285714285714286
BG03640	-9.784139816016173	5.891385543754833	0.4557445849336981	1.4285714285714286
BG03641	-8.426000152870047	5.092156498124419	0.412533516070826	1.4285714285714286
BG03642	-9.15439015736019	4.551410748529904	0.4405076774704107	1.4285714285714286
BG03643	-9.636400740103838	4.8921567761530245	0.4491058775170822	1.4285714285714286
BG03644	-7.3274943855856645	3.0038322380914333	0.42184014626108124	1.4285714285714286
BG03645	-9.646609647413614	3.2969719673391262	0.45615204138710985	1.4285714285714286
BG03646	-8.40941515762201	3.097952677451537	0.4404455826912661	1.4285714285714286
BG03647	-8.787886577407896	4.618776533536291	0.4285650719234008	1.4285714285714286
BG03648	-9.299639388035406	3.919745966285292	0.4116955719963346	1.4285714285714286
BG03649	-8.543218923966396	4.49485387579707	0.4210110221900007	1.4285714285714286
BG03650	-9.028584980657683	2.7252697678902407	0.4426812675328653	1.4285714285714286
BG03651	-8.873213914050707	1.6686225428178076	0.42842186021018935	1.4285714285714286
BG03652	-9.622077920668918	2.4209755360005984	0.41964671128250614	1.4285714285714286
BG03653	-10.252830448811054	3.0326367647880597	0.41682956752840306	1.4285714285714286
BG03654	-10.686943329656733	4.455841144312481	0.40246467522091145	1.4285714285714286
BG03655	-7.717109774909151	3.8268560117155834	0.4226695438412035	1.4285714285714286
BG03656	-9.093236406078345	4.634482127050486	0.4117072546816461	1.2853061932652365
BG03657	-8.627500001139067	3.9879332634229088	0.3924982593246565	1.4285714285714286
BG03658	-9.039982814407784	0.5636046760728418	0.43295690156622396	1.4285714285714286
BG03659	-9.95119043541822	4.858328585994112	0.4325232164247346	1.4285714285714286
BG03660	-9.364642335474645	1.0269783549329048	0.37956367647069034	1.0803855050050257
BG03661	-8.774131900930346	3.011778075506345	0.4288194114888051	1.4285714285714286
BG03662	-8.660334895834106	3.679081960554538	0.430023858976836	1.4285714285714286
BG03663	-9.308700285893275	3.5123494593177043	0.448757325203294	1.4285714285714286
BG03664	-8.63667103430802	3.8494635868063605	0.42964319853796057	1.4285714285714286
BG03665	-9.864526952685543	3.4366363837775	0.3925343365106014	1.4285714285714286
BG03666	-9.652881162263737	6.7157338028853735	0.43694075403557664	1.4285714285714286
BG03667	-9.48555454516646	4.081318162301766	0.41095282240813535	1.4285714285714286
BG03668	-8.878699633106887	3.0770773597488277	0.41075272660066237	1.4285714285714286
BG03669	-5.777478979416357	1.738636012090881	0.40181982695758844	1.4285714285714286
BG03670	-9.128707187432656	3.136840697725703	0.40634247515699207	1.4285714285714286
BG03671	-9.924495032328332	3.939455661042927	0.4195825115721984	1.4285714285714286
BG03672	-9.415342230774037	4.330301933746662	0.4381827500039234	1.4285714285714286
BG03673	-9.860494798119637	5.5442895522159175	0.42363637310639224	1.4285714285714286
BG03674	-7.40734250698262	3.6238830000498727	0.4347993402114542	1.4285714285714286
BG03675	-8.49470156495982	5.3248478298541535	0.4204639884839789	1.4285714285714286
BG03676	-9.823428285076199	3.327025302023576	0.4291621775588009	1.4285714285714286
BG03677	-8.553305874569938	3.4281149826832795	0.4364366330714477	1.4285714285714286
BG03678	-9.675321724387992	4.429632736830707	0.40563670740660385	1.1016395137759427
BG03679	-7.169992663982927	5.8262083637673845	0.4222132525704015	1.4285714285714286
BG03680	-9.417828580982926	1.8121491426700629	0.4305026203366082	1.4285714285714286
BG03681	-8.276545137704021	2.603970561754192	0.4384778686471717	1.4285714285714286
BG03682	-8.08369001124547	3.778247129187055	0.4062471953348477	1.4285714285714286
BG03683	-9.363279053127643	3.2814036614332367	0.4347152691120113	1.4285714285714286
BG03684	-9.872400309702764	2.7404400356922087	0.4138300720406861	1.4285714285714286
BG03685	-9.60630061625137	6.741957114792116	0.4328830436752928	1.4285714285714286
BG03686	-8.697607084289643	4.112281421141555	0.40240540737352737	1.4285714285714286
BG03687	-9.983798277162766	3.0648828193227153	0.44487144704378406	1.4285714285714286
BG03688	-8.170940706007363	3.882904631928241	0.41997975606528076	1.4285714285714286
BG03689	-10.806363039490696	3.0145304728751716	0.4184529994270499	1.4285714285714286
BG03690	-10.645206866590287	2.6789569341913326	0.42534147926704735	1.4285714285714286
BG03691	-9.55166165197728	2.2092847420124717	0.397256180717803	1.4285714285714286
BG03692	-6.43897757162748	2.5203375007856317	0.4377334393309137	1.4285714285714286
BG03693	-8.340596283114964	4.767904410111038	0.44753518848459384	1.4285714285714286
BG03694	-8.613998519957969	2.7525676151831973	0.4281754799654985	1.4285714285714286
BG03695	-7.970476335086849	6.228528344541609	0.4296066441674619	1.4285714285714286
BG03696	-10.04226417186215	4.659562641731696	0.40408720873245296	1.4285714285714286
BG03697	-8.200006565405562	6.767420352548874	0.4058593253221641	1.2853061932652365
BG03698	-9.787576322653893	5.6833977722527225	0.4363126245532445	1.4285714285714286
BG03699	-9.374092544700781	3.797628468920756	0.39476732394115505	1.4285714285714286
BG03700	-9.046100472234633	3.5009937770965527	0.42332592431540544	1.4285714285714286
BG03701	-9.712534045945894	3.2599062586346075	0.41485282353490477	1.4285714285714286
BG03702	-10.321970649797827	2.857118595766265	0.4500384623865403	1.4285714285714286
BG03703	-9.359085945753229	2.552824659760061	0.4041286839335516	1.4285714285714286
BG03704	-9.710440433772757	3.747476512866216	0.4126465413718096	1.4285714285714286
BG03705	-9.41749033639952	5.378170110912913	0.43309650964379026	1.4285714285714286
BG03706	-10.13052237297851	2.730740195810097	0.41230142903523737	1.4285714285714286
BG03707	-10.127580156334135	3.530477075546613	0.44091242085957655	1.4285714285714286
BG03708	-8.790468460213942	4.043910748548917	0.400209285706559	1.4285714285714286
BG03709	-10.200339863839297	6.853603257686898	0.43287780123250136	1.4285714285714286
BG03710	-7.732326419957909	5.698120232303405	0.4138146908362336	1.4285714285714286
BG03711	-9.931293596516351	2.6124598791340414	0.4163798746158912	1.4285714285714286
BG03712	-8.060075418172696	1.7304049249885738	0.4304500677270999	1.4285714285714286
BG03713	-7.834193830147493	4.062616964454691	0.4261409302334473	1.4285714285714286
BG03714	-6.923542384726393	6.0187718723981005	0.45013655423855975	1.4285714285714286
BG03715	-7.33308346552796	1.2629527635321598	0.4274665442208569	1.4285714285714286
BG03716	-10.275875272388362	2.843262874025231	0.41086873005413654	1.2853061932652365
BG03717	-7.7498171108837415	4.72985778541374	0.4333469724920285	1.4285714285714286
BG03718	-8.44650809825257	1.8815524705251692	0.42241567563743326	1.4285714285714286
BG03719	-8.86774445305698	5.832288334821825	0.45147452066250676	1.4285714285714286
BG03720	-7.842396005014267	3.3907355636587853	0.420015506824139	1.4285714285714286
BG03721	-8.843577268629748	5.163565359473963	0.40843475287430014	1.4285714285714286
BG03722	-9.022855774815525	5.039848191753106	0.4242829465584008	1.4285714285714286
BG03723	-7.960930965231687	2.3948924779929373	0.4266209653591172	1.4285714285714286
BG03724	-9.770533419528796	4.7756376238878	0.40826887723640976	1.4285714285714286
BG03725	-9.215546777301054	4.648239571131335	0.4362113541147795	1.4285714285714286
BG03726	-8.268639793998481	4.536561890894404	0.38119402795312746	1.2853061932652365
BG03727	-7.410016912970403	3.774387531301819	0.4368360427023687	1.4285714285714286
BG03728	-9.318425796150132	3.6466974188154824	0.41197995575015106	1.4285714285714286
BG03729	-8.99112646466361	4.368396715549729	0.438777745384748	1.4285714285714286
BG03730	-8.76390592777861	4.960163013988299	0.4135159598250604	1.4285714285714286
BG03731	-8.391346771680947	1.580856746699864	0.4425493456362116	1.4285714285714286
BG03732	-8.814559673201261	4.736708956080782	0.45077026460451847	1.4285714285714286
BG03733	-9.334192698521548	3.224965742051166	0.4116082474220083	1.4285714285714286
BG03734	-10.230257321239813	3.4943886175462646	0.4065344082506385	1.4285714285714286
BG03735	-10.139632848541831	3.1186264964838513	0.40443703895088723	1.4285714285714286
BG03736	-8.088627665930758	3.001013115243901	0.4207569880871172	1.4285714285714286
BG03737	-9.10691831181957	5.45052471121857	0.40554118156427293	1.4285714285714286
BG03738	-9.812753032175827	4.839714485796555	0.4420685605307743	1.4285714285714286
BG03739	-10.23961426141056	2.231984419808453	0.4498322052547822	1.4285714285714286
BG03740	-8.711805430462572	4.326404200210663	0.38621658468649145	1.4285714285714286
BG03741	-5.2008012325522355	0.8079774708315755	0.4266980343936742	1.4285714285714286
BG03742	-9.126473789408623	2.6106099345842697	0.41487668347851236	1.4285714285714286
BG03743	-10.669556021665	4.724661785067215	0.41370075164813724	1.4285714285714286
BG03744	-9.290777668990938	4.414737716415989	0.43632898881835747	1.4285714285714286
BG03745	-8.717182535985454	4.555141247024844	0.43790533587164465	1.4285714285714286
BG03746	-8.71304546015081	4.775864664178956	0.42297060665362285	1.4285714285714286
BG03747	-9.827366353244503	4.669419851847876	0.4400989350660743	1.4285714285714286
BG03748	-8.488734966503822	3.0802244738533093	0.4233594621820993	1.4285714285714286
BG03749	-10.308561126338759	4.779225345980266	0.42989003233160517	1.4285714285714286
BG03750	-8.783963933043983	1.1542109526765514	0.4052708605760115	1.4285714285714286
BG03751	-6.653486009077458	4.539698624072876	0.4249601509939703	1.4285714285714286
BG03752	-8.175199713991221	2.0894739554522035	0.42577477464008534	1.4285714285714286
BG03753	-9.512765625069889	5.818886383150342	0.43396205474040045	1.4285714285714286
BG03754	-10.039191676890907	5.772454979539732	0.4420790028966269	1.4285714285714286
BG03755	-9.488483428733266	4.527456264578086	0.43598028641134806	1.4285714285714286
BG03756	-7.543136496005763	0.16125577457037812	0.40206166145374955	1.4285714285714286
BG03757	-9.38777760256824	4.323399788295204	0.4308765313057827	1.4285714285714286
BG03758	-11.764532971162318	4.194056874258618	0.4263017466366599	1.4285714285714286
BG03759	-8.432886434294993	5.132809245893828	0.4329653630447669	1.4285714285714286
BG03760	-8.471613775910148	2.072984846796313	0.44021298788566326	1.4285714285714286
BG03761	-9.006346056015268	2.2287589029637798	0.4136676057336872	1.4285714285714286
BG03762	-10.273085073758562	3.76420931431357	0.4433327425901263	1.4285714285714286
BG03763	-9.85018149541841	6.757781321389252	0.42567860439857347	1.4285714285714286
BG03764	-6.779866366014767	3.7438063355570006	0.41303734891579325	1.4285714285714286
BG03765	-9.634533462735297	2.07735234314719	0.38537846187693403	1.4285714285714286
BG03766	-7.368349646116348	3.1313152022649144	0.4185471025318168	1.4285714285714286
BG03767	-8.074906477562065	3.1953453692204064	0.4050809861662715	1.4285714285714286
BG03768	-9.45559007702129	1.4398734789155136	0.43748681541228135	1.4285714285714286
BG03769	-9.574857278042607	5.004926354846317	0.3994560240734427	1.4285714285714286
BG03770	-8.017243490094353	3.944888073834084	0.3999315599590237	1.4285714285714286
BG03771	-7.547862324488734	2.503524825909828	0.4344821443851868	1.4285714285714286
BG03772	-9.347380551845724	3.2324665740545275	0.3936603978267234	1.077639112738955
BG03773	-8.976399942057459	4.43736523303302	0.4414300774519938	1.4285714285714286
BG03774	-8.515084075381527	4.743474224319224	0.4100413985597519	1.4285714285714286
BG03775	-5.9352548679178145	2.034369155440748	0.4004078033558879	1.430120251154848
BG03776	-9.868514265569942	1.7505552611615967	0.4535789762469555	1.430120251154848
BG03777	-9.29861653107092	3.030991907963729	0.4297687150655351	1.4285714285714286
BG03778	-9.75152823502924	4.601867644210343	0.43156457818872695	1.4285714285714286
BG03779	-10.32395762828215	5.157239484877428	0.41979079296306787	1.4285714285714286
BG03780	-10.554012484510286	4.038560395363768	0.42355877483621807	1.4285714285714286
BG03781	-10.211321152928658	3.472956027731554	0.4506059500366754	1.4285714285714286
BG03782	-8.759275130334164	3.772568790906361	0.4006238277083244	1.4285714285714286
BG03783	-9.772577839535975	5.473461751650858	0.4308787165139147	1.4285714285714286
BG03784	-7.496289422053135	1.977680631287515	0.38720247927833135	1.0542030607015838
BG03785	-8.415660383604004	5.277741370739001	0.4193863959412527	1.4285714285714286
BG03786	-10.275691382379481	2.695894330306876	0.4259833776309517	1.4285714285714286
BG03787	-9.039542591364217	1.150356759112725	0.44524364056737087	1.4285714285714286
BG03788	-8.222455749956909	3.799650807523943	0.4167422875186229	1.4285714285714286
BG03789	-9.917463832646847	1.4917347905835088	0.4399337902953416	1.4285714285714286
BG03790	-9.070089286598314	2.1455868284187263	0.41335011870479166	1.4285714285714286
BG03791	-8.049366734176735	2.914964548094808	0.40675333542487857	1.4285714285714286
BG03792	-9.448390282301986	4.657231968802597	0.39636117673669946	1.4285714285714286
BG03793	-9.904608865182079	4.024544399574747	0.4134804696234481	1.4285714285714286
BG03794	-9.41438011818623	2.838987862570935	0.41968685552327034	1.4285714285714286
BG03795	-7.402998571171998	3.906338010572613	0.42909765087101476	1.4285714285714286
BG03796	-8.144327727149566	1.96320896187281	0.4179139203733523	1.430120251154848
BG03797	-8.345945798436132	5.51936605923921	0.42352254209383655	1.4285714285714286
BG03798	-9.7604416904278	2.6798047669494167	0.4216990350232093	1.4285714285714286
BG03799	-7.725253251664431	4.499958770989262	0.43614614875603375	1.4285714285714286
BG03800	-8.349692332811085	1.8083335608154842	0.4413049643565338	1.4285714285714286
BG03801	-7.393665049324513	5.306927761291132	0.4320046469092839	1.4285714285714286
BG03802	-9.632761448799403	7.462064493265205	0.43339098209022286	1.4285714285714286
BG03803	-8.840260936246278	5.622874725127395	0.44572519809954464	1.4285714285714286
BG03804	-10.14851784748715	4.332115760015442	0.43012974289529277	1.4285714285714286
BG03805	-9.963764409746778	3.281662510781048	0.4004192491207618	1.4285714285714286
BG03806	-9.232466116312436	2.6375455754285264	0.4253714582278158	1.4285714285714286
BG03807	-9.113302789174552	2.4818908996975453	0.43704046545439895	1.4285714285714286
BG03808	-7.965790688606991	3.5981258912081855	0.4058826534194278	1.4285714285714286
BG03809	-9.353533473078194	4.829481099656298	0.3926327078215936	1.4285714285714286
BG03810	-9.082306868868205	3.1833837279743484	0.44195761357839936	1.4285714285714286
BG03811	-9.714907699138216	2.5161135159559023	0.43162840179054185	1.4285714285714286
BG03812	-9.019946451279145	3.3436819211178035	0.45257573418841524	1.4285714285714286
BG03813	-9.356990265980354	2.847178680331977	0.4024620079201374	1.4285714285714286
BG03814	-11.78240109175504	4.12009222714166	0.4141194930512797	1.4285714285714286
BG03815	-7.8236600127129154	5.654711312065119	0.44268716391358953	1.4285714285714286
BG03816	-9.065515562634015	3.8888529330480504	0.43554978857125076	1.4285714285714286
BG03817	-10.61869351304221	5.742792238236259	0.44781124972262254	1.4285714285714286
BG03818	-10.603357530280507	4.333897723526116	0.44159641288250523	1.4285714285714286
BG03819	-8.458344300327148	5.1935546877874845	0.4260091679651268	1.4285714285714286
BG03820	-9.30583352128704	5.8799536997059665	0.41007816765876975	1.4285714285714286
BG03821	-10.417806948832657	2.9642613274305805	0.44893587515638117	1.4285714285714286
BG03822	-8.363355244796871	2.3443807527584903	0.42057598714219774	1.4285714285714286
BG03823	-9.071627203460501	2.907823137284467	0.41962416714458606	1.4285714285714286
BG03824	-8.674482812683456	3.903479047496705	0.4113740881674111	1.4285714285714286
BG03825	-7.201952416883184	3.2083373888991558	0.4013933161652937	1.4285714285714286
BG03826	-11.030189745678987	3.663506059852449	0.4468013961678939	1.4285714285714286
BG03827	-6.605113018174781	5.01974171623998	0.4329913448729875	1.4285714285714286
BG03828	-9.908409171780061	4.834535600200858	0.43627528237585794	1.4285714285714286
BG03829	-8.476398796851628	3.114772661288013	0.4171782565485222	1.4285714285714286
BG03830	-9.436964280461895	4.626170103535369	0.42826568683671123	1.4285714285714286
BG03831	-6.991176694072168	2.5635533398896526	0.4015455887995334	1.4285714285714286
BG03832	-8.522241452120952	4.4102599667600755	0.432146294756084	1.4285714285714286
BG03833	-8.759664439901652	3.6018210798632997	0.4257511612603868	1.4285714285714286
BG03834	-9.395831505927962	3.5460455502197714	0.4245306280526651	1.430120251154848
BG03835	-8.721913371629755	4.8007348709122315	0.4242777368323593	1.4285714285714286
BG03836	-8.698124701090256	4.773360241875703	0.43349691845632143	1.4285714285714286
BG03837	-9.21894378810893	2.5247625650893677	0.4365326700109894	1.4285714285714286
BG03838	-10.31140552132956	4.7901503474212435	0.42501595572307366	1.4285714285714286
BG03839	-7.929625410048949	3.0703242081725914	0.4019021123019361	1.4285714285714286
BG03840	-9.646318973819804	2.9846342260909946	0.4469344019061552	1.4285714285714286
BG03841	-9.45247819886608	5.380317042172304	0.41915860764728874	1.430120251154848
BG03842	-9.09469786533223	2.603942052907069	0.4099573916006129	1.430120251154848
BG03843	-11.091672023908018	3.3404169937490633	0.44099289071618714	1.4285714285714286
BG03844	-10.020425551495734	5.3873927708218705	0.4397256593551907	1.4285714285714286
BG03845	-7.9372531709856	4.133700977180703	0.4190474663738569	1.4285714285714286
BG03846	-9.036568369582096	3.1315596729042516	0.41656369651620473	1.4285714285714286
BG03847	-7.42883182564668	4.469285904191045	0.4121469073158387	1.4285714285714286
BG03848	-10.453535316727658	4.716681503032735	0.4382165747740356	1.430120251154848
BG03849	-9.025350093816837	5.11217990667245	0.4224451367649062	1.4285714285714286
BG03850	-8.356920758429897	3.266540669635446	0.42679595356204325	1.4285714285714286
BG03851	-9.385377399851288	4.2992534821003865	0.4258488332753734	1.4285714285714286
BG03852	-8.904481029585499	3.9875439766728853	0.4451857657060396	1.4285714285714286
BG03853	-8.391621791329005	3.917753117577881	0.41668175762649245	1.4285714285714286
BG03854	-8.880812419314545	4.547659406562886	0.44067722099109824	1.4285714285714286
BG03855	-9.06652928158099	5.304606242063327	0.4370031247638428	1.4285714285714286
BG03856	-7.277101360083979	4.628922997727355	0.43568980902923093	1.4285714285714286
BG03857	-9.88228790561526	4.736002489289605	0.4375991344773433	1.4285714285714286
BG03858	-9.274500706013482	2.041561098270795	0.4359429112071248	1.4285714285714286
BG03859	-8.274563606462388	1.7478216043141703	0.37056310134446147	1.044608794567242
BG03860	-9.674063342806734	4.453420392964167	0.4427274956187094	1.4285714285714286
BG03861	-8.347165875403302	6.378311345740641	0.45058014888699177	1.430120251154848
BG03862	-10.001500094298008	4.908865912112701	0.43010828694652237	1.4285714285714286
BG03863	-9.010626255004258	2.020666468118697	0.41000269384504634	1.4285714285714286
BG03864	-9.980510756131018	5.686736325510509	0.4138276005142599	1.4285714285714286
BG03865	-10.125084449506598	4.724152499043575	0.42984156860301453	1.4285714285714286
BG03866	-7.279195852562384	3.5559477770863857	0.43266006684904446	1.4285714285714286
BG03867	-8.49226248083509	2.737150626226296	0.4234097541418102	1.4285714285714286
BG03868	-9.574907825000052	4.449488459234402	0.4170320909228312	1.4285714285714286
BG03869	-9.687827267295521	4.2533540976039435	0.4094804163553297	1.430120251154848
BG03870	-9.823085708526833	3.2326556714513415	0.43916128442398744	1.430120251154848
BG03871	-7.928031202594446	4.096483159831364	0.4437768970510097	1.4285714285714286
BG03872	-9.155956830613277	3.7649448720271956	0.38528007324558083	1.4285714285714286
BG03873	-8.016773418572424	3.505384765433467	0.44778216189456194	1.4285714285714286
BG03874	-11.21769456402858	2.7955469182234727	0.4254846101088799	1.4285714285714286
BG03875	-9.916838929562086	3.741926486271976	0.42216769501777013	1.4285714285714286
BG03876	-7.59255948616356	2.3941342944967072	0.41426775238861724	1.4285714285714286
BG03877	-8.984063563551429	4.580243501763062	0.39995230883519284	1.4285714285714286
BG03878	-9.271866118815382	5.73710898806731	0.419834173047191	1.4285714285714286
BG03879	-8.207730626253387	2.596541914233145	0.393991370303489	1.4285714285714286
BG03880	-10.193768875341142	5.495463091078626	0.40416073791860624	1.4285714285714286
BG03881	-7.471729647256142	1.9193854056722786	0.4364298578118093	1.4285714285714286
BG03882	-8.802894132442665	2.253048410668885	0.41957178977470055	1.4285714285714286
BG03883	-9.59890621440594	4.0994700821829975	0.4159622847821112	1.4285714285714286
BG03884	-6.146607551795992	3.7878228907081244	0.41779677749533944	1.4285714285714286
BG03885	-9.125040446972669	2.1669329215267155	0.4167672445974337	1.4285714285714286
BG03886	-8.649345318269877	3.4799096765626736	0.4013479163584224	1.4285714285714286
BG03887	-8.61056058146169	4.234722307378659	0.4025874463855061	1.4285714285714286
BG03888	-10.16678784049895	2.45515000727478	0.44161061833942294	1.4285714285714286
BG03889	-8.670959703764543	0.008177694935873059	0.4302699353852674	1.4285714285714286
BG03890	-7.926230831553835	4.97351105720224	0.4266823356554722	1.4285714285714286
BG03891	-9.37454001753609	3.3689466846756595	0.4532416576123848	1.430120251154848
BG03892	-6.09657277724075	1.4417738304822865	0.43689208199537444	1.4285714285714286
BG03893	-8.408667763350659	2.3127319449421337	0.43231590836639433	1.4285714285714286
BG03894	-8.617522680380786	3.8887443921196354	0.4318225329299375	1.4285714285714286
BG03895	-9.558696087387608	3.655316808169441	0.4390257991449377	1.4285714285714286
BG03896	-10.277430873801219	2.451164708675201	0.42054080245676023	1.4285714285714286
BG03897	-9.773451286868509	3.346748371621231	0.4453626429769523	1.4285714285714286
BG03898	-8.023494037621996	4.892639535938443	0.3987616026176057	1.4285714285714286
BG03899	-9.124252660067553	4.797973130576491	0.42374641340746677	1.4285714285714286
BG03900	-8.381482405306595	3.869125857369335	0.4430067207846463	1.4285714285714286
BG03901	-8.878337151462715	3.128824833421077	0.42518124104968646	1.4285714285714286
BG03902	-10.846779322070796	4.83953671990514	0.44807634111742645	1.4285714285714286
BG03903	-8.724463109230134	3.9956328516023416	0.418671005886563	1.4285714285714286
BG03904	-8.021201003919606	4.49957474728417	0.4215403086522354	1.4285714285714286
BG03905	-10.675974139302912	2.4720672142955546	0.44354453291165497	1.4285714285714286
BG03906	-9.223926613139973	3.1784133172058784	0.43495031195073103	1.4285714285714286
BG03907	-8.879563985731624	1.199743604256294	0.41366205357222124	1.4285714285714286
BG03908	-10.996026403441483	4.386960053804289	0.39684990357988653	1.4285714285714286
BG03909	-9.896498001838845	1.1002980448581026	0.41282946987633257	1.4285714285714286
BG03910	-7.792035035705198	2.7322852899170846	0.39438706629850745	1.4285714285714286
BG03911	-8.466057894580558	4.451317014106508	0.4278400559041457	1.4285714285714286
BG03912	-10.472328132095363	4.887833196616575	0.42896781135360584	1.4285714285714286
BG03913	-8.715419144884093	0.8397601142927477	0.4402964393692149	1.4285714285714286
BG03914	-10.091654670763086	4.769816934880387	0.41482450341131605	1.4285714285714286
BG03915	-5.988004566150056	2.2347863963815584	0.4172865746538474	1.4285714285714286
BG03916	-8.78053638274131	5.8024388291691	0.43914873630260576	1.4285714285714286
BG03917	-9.313557214451443	3.2242789475595246	0.4357110192878232	1.4285714285714286
BG03918	-8.725269040956562	3.647902045378453	0.4299810111494363	1.4285714285714286
BG03919	-9.186649267526407	1.7966081378005392	0.4268847919574661	1.4285714285714286
BG03920	-8.393950797829104	2.5783681215127774	0.41662042034751806	1.4285714285714286
BG03921	-6.875513551490446	1.91631061301736	0.4119901754309331	1.4285714285714286
BG03922	-11.611815231427947	3.9337269814467732	0.4443180860098469	1.4285714285714286
BG03923	-7.821871047537418	4.286798085382198	0.44321143649574785	1.4285714285714286
BG03924	-11.061786936433823	4.932271266580087	0.4313451695521932	1.4285714285714286
BG03925	-9.532658281956358	2.674623225948083	0.4340253415488149	1.4285714285714286
BG03926	-8.745367728838735	2.2546775882307037	0.41367942066194185	1.4285714285714286
BG03927	-8.601279862292085	3.166814107165223	0.4237610208046374	1.4285714285714286
BG03928	-8.469110195253725	4.0706397557161775	0.4146955938767199	1.4285714285714286
BG03929	-8.643561093607262	2.3543429849371593	0.4201077278136491	1.4285714285714286
BG03930	-8.544686278605992	1.2143624345124142	0.4015247094039443	1.4285714285714286
BG03931	-8.61538144516695	1.6128425269528186	0.4431558324637389	1.4285714285714286
BG03932	-8.278869838730705	3.016077637860542	0.43532461203621187	1.4285714285714286
BG03933	-8.345961361334627	0.42703001605684476	0.4174887755165173	1.4285714285714286
BG03934	-9.737898367065874	6.4169601538931555	0.44557212738775054	1.4285714285714286
BG03935	-8.32063224866603	4.944149210371104	0.4083609432902246	1.4285714285714286
BG03936	-7.777239358239911	3.3500578498608333	0.3645036920281943	0.9865886196087797
BG03937	-9.36204432480688	1.7945864558957276	0.4352196905062091	1.4285714285714286
BG03938	-10.103713145144466	5.4723323664165715	0.43794591698066515	1.4285714285714286
BG03939	-9.963323091536047	3.1295606223694943	0.42480970551580854	1.4285714285714286
BG03940	-8.194738479860387	3.4057669505705976	0.43820632645882973	1.4285714285714286
BG03941	-9.73577298735607	5.582555579757734	0.427556720119388	1.4285714285714286
BG03942	-9.19271693670499	4.641989464670381	0.4502731332424451	1.4285714285714286
BG03943	-10.41102406852217	4.2758209968875835	0.4441904215658007	1.4285714285714286
BG03944	-10.926020001305057	4.388700040381261	0.4406447011904182	1.4285714285714286
BG03945	-8.538571134987244	4.1822173661532815	0.4179355828871898	1.4285714285714286
BG03946	-7.988811829371903	3.003262139345774	0.4299128708596068	1.4285714285714286
BG03947	-10.422862879181098	4.89361849511253	0.4366263322792795	1.430120251154848
BG03948	-8.865285670920997	2.322968712676777	0.4368126829548775	1.4285714285714286
BG03949	-8.751867010129024	3.731950525574294	0.4108600890227316	1.4285714285714286
BG03950	-9.944372693772232	3.1959766035839414	0.445493201349647	1.4285714285714286
BG03951	-10.701878597305761	2.2825078875116933	0.4322630053042636	1.4285714285714286
BG03952	-8.089527349889998	4.2530651589756605	0.4181157212237903	1.4285714285714286
BG03953	-10.33617030096368	2.715799206056534	0.42660991654343366	1.4285714285714286
BG03954	-9.645090563683604	4.475013777034553	0.4245180580996439	1.4285714285714286
BG03955	-9.005769490020322	2.485485841906481	0.4177812329631606	1.4285714285714286
BG03956	-9.86585669636742	5.851434274982771	0.4049193692402703	1.4285714285714286
BG03957	-9.27627989027921	3.0484885483682205	0.4013319329960384	1.4285714285714286
BG03958	-10.310580417249483	2.4950454384524914	0.43906849660252556	1.4285714285714286
BG03959	-8.9109982875397	4.74222238177993	0.41414517378480403	1.4285714285714286
BG03960	-8.870804983411515	5.728311008107341	0.4263778741297923	1.4285714285714286
BG03961	-9.747729648172639	5.702691770842951	0.40802318297237306	1.4285714285714286
BG03962	-10.676005972948335	4.627844443000983	0.3971354838599914	1.2853061932652365
BG03963	-8.849153575308174	4.636612727118374	0.4203923335147174	1.4285714285714286
BG03964	-10.46976980437492	3.6410138193951633	0.433217116218983	1.4285714285714286
BG03965	-8.63738395270832	4.31961432688818	0.42689138599889775	1.4285714285714286
BG03966	-9.856452448305475	2.949661380700471	0.4303971104802926	1.4285714285714286
BG03967	-8.067174340955944	1.269005090917532	0.3984140752422251	1.4285714285714286
BG03968	-8.77309795756688	4.0834175845929055	0.44983470478991733	1.4285714285714286
BG03969	-11.050806407758317	5.669282410492789	0.43403016628464164	1.4285714285714286
BG03970	-10.475083584533566	5.194101927810879	0.4407023917017106	1.4285714285714286
BG03971	-6.087800082411445	2.246016027910815	0.3902315281021914	1.4285714285714286
BG03972	-9.809548305637355	3.7949838885509157	0.4376257924757919	1.4285714285714286
BG03973	-7.603138736511336	3.280019203494228	0.43278778690031144	1.4285714285714286
BG03974	-10.464139780745144	3.1117481705478065	0.42787794099106685	1.4285714285714286
BG03975	-9.26082957494018	3.035162249326934	0.4172069389416272	1.4285714285714286
BG03976	-10.900604816052457	4.007047138862076	0.44052698663365725	1.4285714285714286
BG03977	-9.905466978203869	3.7710640947342458	0.39175155417889174	1.1988241461748232
BG03978	-10.156356359528584	6.4989300454464685	0.44496399394331176	1.4285714285714286
BG03979	-8.380473767797366	4.49583515535464	0.4399254546261557	1.4285714285714286
BG03980	-8.51935929582757	3.99405787287093	0.405716916749287	1.4285714285714286
BG03981	-7.6127211682448666	3.044773907085487	0.40744913270246075	1.4285714285714286
BG03982	-7.832439139038383	2.244286385934959	0.41926652931121366	1.4285714285714286
BG03983	-7.514662343042976	1.7945555992662905	0.43607769750215153	1.4285714285714286
BG03984	-8.88932175731382	4.254198222367054	0.40455684807825415	1.4285714285714286
BG03985	-9.438742000087405	2.2841512776808406	0.4174387281289138	1.4285714285714286
BG03986	-7.870013293391871	2.2659015795310555	0.4275969586092713	1.4285714285714286
BG03987	-9.967445373619089	4.985973496013414	0.429405150810211	1.4285714285714286
BG03988	-10.311936847902121	3.9497157672896535	0.4389308488621255	1.4285714285714286
BG03989	-8.430364043641642	4.637350516568498	0.42774077092857177	1.4285714285714286
BG03990	-8.394651365653205	4.6182286708690015	0.43703373840879	1.4285714285714286
BG03991	-9.07424264211245	3.927744001911858	0.41861555525296074	1.4285714285714286
BG03992	-8.614205344343238	2.044400662994231	0.40971685977733907	1.4285714285714286
BG03993	-9.199278123957331	3.495750186099146	0.4400985723598091	1.4285714285714286
BG03994	-7.019145621619883	2.062110573457952	0.43727819789219563	1.4285714285714286
BG03995	-5.505108018097406	3.096744150311555	0.412836204426267	1.4285714285714286
BG03996	-9.063482044382862	5.062470897996535	0.4053164322167639	1.2853061932652365
BG03997	-9.512962655062514	4.219189418602539	0.41055773093906106	1.4285714285714286
BG03998	-9.55631895474924	4.998494564961366	0.39000790106318867	1.4285714285714286
BG03999	-8.521499046554434	4.233805176203411	0.4315484894549985	1.4285714285714286
BG04000	-9.69779967784108	4.037764304498802	0.4038165577426927	1.4285714285714286
BG04001	-9.327163496806085	4.242835052378507	0.42185649078754855	1.4285714285714286
BG04002	-9.200626208777534	3.992031009769306	0.42755325298139185	1.430120251154848
BG04003	-8.545903088033402	1.3557836157981773	0.44554176061374207	1.4285714285714286
BG04004	-9.367499871768755	1.250706637268216	0.41696148010896156	1.4285714285714286
BG04005	-9.003898407598129	6.084953688796305	0.440336485497824	1.4285714285714286
BG04006	-9.459062971705666	4.468201288103919	0.4415793578263074	1.4285714285714286
BG04007	-9.822636794701975	2.823147782559516	0.4113001521615718	1.4285714285714286
BG04008	-8.900671512989494	5.2392397812259714	0.42586226486391976	1.4285714285714286
BG04009	-8.08618423623886	7.127564795453542	0.4254089660329339	1.4285714285714286
BG04010	-10.170069827272814	3.9160889647746187	0.44467353200926146	1.4285714285714286
BG04011	-7.96967601120466	2.940514834297028	0.39585275640797796	1.4285714285714286
BG04012	-7.734585656360991	4.235461803169235	0.43312518818704193	1.4285714285714286
BG04013	-9.034698857469607	7.765321880921208	0.4504388668979729	1.4285714285714286
BG04014	-6.432494094569479	2.728394605854436	0.39764459268248037	1.4285714285714286
BG04015	-7.038786234435965	2.9764793936204246	0.4401401520320372	1.4285714285714286
BG04016	-10.190505289371476	6.820697297686812	0.44637765314251804	1.4285714285714286
BG04017	-8.341924421363977	1.7493338861172665	0.4158008080447112	1.4285714285714286
BG04018	-9.85616062115903	4.326437481747914	0.44960953112874674	1.4285714285714286
BG04019	-9.709563776262822	3.4550226769537575	0.4237734710019037	1.4285714285714286
BG04020	-7.546569424660299	2.7896761008994813	0.43226648023031294	1.4285714285714286
BG04021	-7.425941963730081	6.622323970666429	0.4147509237436919	1.4285714285714286
BG04022	-9.473727444892473	5.557256618915081	0.43291300622732887	1.4285714285714286
BG04023	-8.931731970698745	4.537158210327935	0.42555744310730625	1.4285714285714286
BG04024	-9.920168151881086	3.428038964280955	0.437359544767398	1.4285714285714286
BG04025	-9.57291826010936	5.572483942916371	0.42391523596801756	1.4285714285714286
BG04026	-8.912249043437544	4.284403930184037	0.42239314045262605	1.4285714285714286
BG04027	-9.104943828650333	4.090911460723437	0.42454576398467087	1.4285714285714286
BG04028	-11.28915314729789	3.1260201906304976	0.43785962779862114	1.4285714285714286
BG04029	-9.764740449081858	2.153016636405123	0.39483002301408954	1.4285714285714286
BG04030	-8.452851564855434	2.165880326450382	0.4335293163268748	1.4285714285714286
BG04031	-8.395895499634404	1.8221321562627606	0.41612270480681895	1.4285714285714286
BG04032	-7.967022799219101	3.947811623563725	0.3978710268422053	1.4285714285714286
BG04033	-7.795408946496157	2.642862736772167	0.417559199743431	1.4285714285714286
BG04034	-8.588874843728469	6.4390846514356035	0.43453332531042704	1.4285714285714286
BG04035	-9.411608914849804	4.0359491315745775	0.410656268945362	1.4285714285714286
BG04036	-8.827892208373294	4.036349120378706	0.43752653867706753	1.4285714285714286
BG04037	-10.234617259673021	3.5393722213555363	0.44432533729140655	1.4285714285714286
BG04038	-8.861945230544118	2.0054336200810945	0.42730049442280243	1.4285714285714286
BG04039	-9.674223260586572	3.5164517888548255	0.4151562567402895	1.4285714285714286
BG04040	-7.721485585181985	3.3157150800904227	0.4476091009329236	1.4285714285714286
BG04041	-7.400149492103599	3.882647844564339	0.4274240698870197	1.4285714285714286
BG04042	-10.097334921909809	3.228344828714471	0.3965613147856155	1.4285714285714286
BG04043	-7.345119284254417	4.180259685614095	0.4212320934897111	1.4285714285714286
BG04044	-10.300216513862978	6.06316123677847	0.43233103974184295	1.4285714285714286
BG04045	-10.727700167117963	4.09720578345012	0.4084454594217168	1.4285714285714286
BG04046	-8.563513974888702	2.4588156411203363	0.4216886159038091	1.4285714285714286
BG04047	-6.757736681785027	1.8546043173757711	0.43598605024223847	1.4285714285714286
BG04048	-9.89370738983259	4.267291337711827	0.4339500436121288	1.4285714285714286
BG04049	-10.081205832944473	3.0854344652059424	0.3857695235920918	1.107093870644864
BG04050	-6.190212370639601	3.4151257289711383	0.4180473200895589	1.4285714285714286
BG04051	-9.190507960971946	3.666452255156645	0.43824472856240965	1.4285714285714286
BG04052	-8.514015108397627	6.134988303149108	0.4296301638861835	1.2853061932652365
BG04053	-9.22143732470036	2.0353319959275877	0.4212839269559663	1.4285714285714286
BG04054	-10.720718486467087	3.6233028650136654	0.4312453813247826	1.4285714285714286
BG04055	-8.775345419969463	3.7312547886329894	0.43590107469482336	1.4285714285714286
BG04056	-9.932656131986414	4.615363305445693	0.416635428321832	1.430120251154848
BG04057	-8.520834540585694	4.862845710445248	0.45122069191380837	1.4285714285714286
BG04058	-9.906547910543061	5.058549674184587	0.39951868292205905	1.4285714285714286
BG04059	-10.669354720501811	2.8938728170638464	0.42346662853594585	1.4285714285714286
BG04060	-7.651565211783024	3.1479485090795554	0.41466352817693947	1.4285714285714286
BG04061	-10.13217795553537	4.059769142541601	0.45381462248913895	1.4285714285714286
BG04062	-10.538227590004109	4.377535760705342	0.40555303147884053	1.4285714285714286
BG04063	-8.672347422879945	4.648206287245235	0.4543801106231263	1.4285714285714286
BG04064	-10.197687150581237	3.2990636713535513	0.430650715466593	1.4285714285714286
BG04065	-8.72284930660891	5.193481445573632	0.4115233703495302	1.2853061932652365
BG04066	-9.514629466310705	4.174880970494908	0.44146465432344967	1.430120251154848
BG04067	-10.121125566568926	3.340491169249086	0.4134254450062734	1.4285714285714286
BG04068	-8.642046025538477	5.035612899815513	0.4460199650276674	1.4285714285714286
BG04069	-8.911951016744144	2.466685664830246	0.43930751406558755	1.4285714285714286
BG04070	-8.98360766819105	5.279682525996341	0.42862458900750555	1.4285714285714286
BG04071	-10.481988080009453	5.511189856561029	0.43996252854721724	1.4285714285714286
BG04072	-6.7887271708380315	2.7993696828520718	0.42033137951126437	1.4285714285714286
BG04073	-6.640519345571369	5.534130441483244	0.4234631615823498	1.4285714285714286
BG04074	-7.453904276356463	1.7861152090892511	0.4282147971097811	1.4285714285714286
BG04075	-9.117376714238318	5.9178190205762915	0.4151488397144806	1.2853061932652365
BG04076	-10.179033464750782	3.6977717074661443	0.45489863315550977	1.430120251154848
BG04077	-9.459056572558486	4.0222952536738035	0.401257020266728	1.4285714285714286
BG04078	-8.370775648143239	3.9957367348263566	0.42902548971834614	1.4285714285714286
BG04079	-9.872964437612696	4.112931271363129	0.4036534800625021	1.3006321565251282
BG04080	-9.968083066274362	1.0988368818716514	0.4369715914044454	1.4285714285714286
BG04081	-9.822117132309948	3.4925137486215023	0.3978971532664831	1.4285714285714286
BG04082	-8.079422157229853	2.204753181712323	0.4157152694504296	1.4285714285714286
BG04083	-9.069037348083441	4.5884000200336335	0.38207588569653184	1.2853061932652365
BG04084	-7.396342363341082	3.406181956771122	0.425759034753103	1.4285714285714286
BG04085	-7.700820144466494	2.0024898568267013	0.435379306911727	1.4285714285714286
BG04086	-9.302235230503591	3.356741810806018	0.39933653739307584	1.4285714285714286
BG04087	-10.396377591443668	4.752043924787787	0.45132613637248487	1.4285714285714286
BG04088	-10.874541303879539	4.74035661474414	0.4390995651808171	1.4285714285714286
BG04089	-9.913651284975996	2.577528370744217	0.3969530184269348	1.4285714285714286
BG04090	-10.211029619689107	4.660080671623823	0.4556160258205823	1.4285714285714286
BG04091	-8.672047301474894	5.650791632692272	0.4088765672546402	1.430120251154848
BG04092	-8.774170469976102	4.745737394814923	0.43216046506083333	1.4285714285714286
BG04093	-10.412108722948803	6.094690643127419	0.42665386723626286	1.4285714285714286
BG04094	-10.691346192762467	3.610937818132591	0.4479848452063524	1.4285714285714286
BG04095	-7.959401045631501	4.929224321683236	0.4217510903902805	1.4285714285714286
BG04096	-9.858546741424249	6.193877434877505	0.43610928581188796	1.4285714285714286
BG04097	-6.904122017435233	4.6505303152650335	0.43370313116211984	1.4285714285714286
BG04098	-9.10675707619671	4.145123353715009	0.438245562623829	1.4285714285714286
BG04099	-8.535827227078407	2.280148328458665	0.4121128150058424	1.4285714285714286
BG04100	-8.749537591272674	3.049971774712191	0.432291279216638	1.4285714285714286
BG04101	-9.295163780223415	4.717960780419532	0.4083507797188716	1.4285714285714286
BG04102	-7.934014677195661	2.8741301903488763	0.39221499517332403	1.4285714285714286
BG04103	-9.323713289388106	5.021469428655045	0.43198450492562745	1.4285714285714286
BG04104	-9.705307676541628	3.052071941870664	0.4210767808746718	1.4285714285714286
BG04105	-10.09145555026634	3.0934562655567284	0.4229663193712896	1.4285714285714286
BG04106	-8.38893076338544	4.757935878936092	0.42311075475484317	1.4285714285714286
BG04107	-9.657143837615305	5.824880918982784	0.43845722820149957	1.4285714285714286
BG04108	-9.653472659280485	1.7442421922001388	0.41734072011796813	1.430120251154848
BG04109	-8.69168431010034	5.190156556416088	0.44671451952073377	1.4285714285714286
BG04110	-8.781296597767438	4.761728938264935	0.4202388086600953	1.4285714285714286
BG04111	-10.174588754335005	5.029966206907506	0.4358943937446527	1.4285714285714286
BG04112	-7.245193741325133	4.849079030310648	0.43495229823264714	1.4285714285714286
BG04113	-11.149579651714733	3.233656320444791	0.4218474743269433	1.4285714285714286
BG04114	-9.118621372002425	2.822321804304976	0.3908630600604766	1.4285714285714286
BG04115	-7.464037922036071	3.1251798344766115	0.4194564900915738	1.4285714285714286
BG04116	-7.873038207566828	6.031169262508833	0.4363411110143758	1.4285714285714286
BG04117	-7.746642614266711	3.2887185042555687	0.4397947683537635	1.4285714285714286
BG04118	-9.510318189589498	4.177178764760816	0.40808309927196	1.4285714285714286
BG04119	-8.865641970259238	4.80852866570569	0.4034681738112515	1.4285714285714286
BG04120	-10.670017238341877	3.799302754491065	0.4443558202177259	1.4285714285714286
BG04121	-9.707947121319375	4.066346461771992	0.4492968040291584	1.4285714285714286
BG04122	-7.53689597120338	2.9819588283854346	0.3917171252587688	1.4285714285714286
BG04123	-8.854273081421955	4.8148938589756485	0.40397612987708204	1.4285714285714286
BG04124	-8.049620891803743	6.750728243183173	0.44574529223570686	1.4285714285714286
BG04125	-10.31214862553818	2.9264604380235055	0.4249620615598451	1.4285714285714286
BG04126	-8.91603124922257	5.69745023040429	0.38929216057460053	1.1016395137759427
BG04127	-9.974279530462617	2.1946344371634487	0.3969428840672909	1.4285714285714286
BG04128	-9.910709354875454	3.4990607873305475	0.41618736090566555	1.4285714285714286
BG04129	-9.21634349272418	4.509711692871579	0.39887472838101273	1.4285714285714286
BG04130	-9.555870972426728	5.319201003911441	0.43024883540728454	1.4285714285714286
BG04131	-7.247730473358676	2.8135398280841644	0.4351264247296916	1.4285714285714286
BG04132	-7.5086492283211586	2.8354912706427027	0.41886184400950505	1.4285714285714286
BG04133	-10.033674501490516	4.3843241390861865	0.41228762908621014	1.4285714285714286
BG04134	-9.267021488737539	4.9243679101444435	0.42165370590459855	1.4285714285714286
BG04135	-10.444657025099852	2.3639790086914627	0.4143648762908568	1.4285714285714286
BG04136	-8.843443024090131	4.412121446592563	0.43618713152653094	1.4285714285714286
BG04137	-9.93919574773516	3.916671341410851	0.41119045803445387	1.4285714285714286
BG04138	-7.855170439114126	4.834064089347394	0.4302659640506032	1.4285714285714286
BG04139	-10.085926817235116	5.304888588468723	0.43520669458015737	1.4285714285714286
BG04140	-8.657434438913034	3.5660310858289495	0.4319959243350946	1.4285714285714286
BG04141	-9.20044634122017	3.0481785613375973	0.42958355461262204	1.4285714285714286
BG04142	-7.462471976310963	2.206500915790395	0.4288205096988291	1.4285714285714286
BG04143	-10.536618659625441	5.007634259552237	0.412072052148814	1.4285714285714286
BG04144	-9.07568100395251	4.164205651829756	0.44303515927234327	1.4285714285714286
BG04145	-9.959545156271894	4.411346374306517	0.41472650535632355	1.4285714285714286
BG04146	-10.48285297050856	3.306530231137649	0.43429758223174664	1.4285714285714286
BG04147	-8.587835269369803	3.272683371222092	0.4441547461531883	1.4285714285714286
BG04148	-8.697299502658248	2.2625819984795728	0.4215983031667762	1.4285714285714286
BG04149	-9.777898069079589	3.6179039779037567	0.43258068701440733	1.4285714285714286
BG04150	-8.54311603094795	3.5597369373668455	0.4118917934951466	1.4285714285714286
BG04151	-8.883745384859118	3.7638027551009556	0.43794081243484195	1.4285714285714286
BG04152	-7.986302831649413	1.3722397103661748	0.40213614193187713	1.4285714285714286
BG04153	-9.593757503194475	4.498550439466155	0.41019334676276864	1.4285714285714286
BG04154	-9.365667938348734	2.8748532025641516	0.40950034896987353	1.4285714285714286
BG04155	-9.053230521480454	5.237937778827334	0.44271770805745775	1.4285714285714286
BG04156	-7.597633328396676	4.934463597324215	0.4226752292081473	1.4285714285714286
BG04157	-6.544928669901375	1.9057351871238561	0.41335721767670697	1.4285714285714286
BG04158	-7.808603421221603	5.615924486484918	0.40964490649943686	1.4285714285714286
BG04159	-8.427797526679923	2.4791585913978826	0.42988769120909415	1.430120251154848
BG04160	-9.378632510993478	3.249259325366961	0.42217643811860145	1.2853061932652365
BG04161	-8.591864034564281	5.988361344441425	0.4421345048369364	1.4285714285714286
BG04162	-7.005215417168863	2.864730754833427	0.39997040298717035	1.4285714285714286
BG04163	-10.056486327004405	5.611090506929246	0.4332428036322299	1.4285714285714286
BG04164	-8.405181043494359	3.98529932305612	0.42954111436031456	1.4285714285714286
BG04165	-9.914826879542009	3.878601642396547	0.4059926442403856	1.4285714285714286
BG04166	-9.706438291935378	6.587980952390141	0.43667024260086146	1.4285714285714286
BG04167	-10.962203311212773	5.5924330145970345	0.44399822819564816	1.4285714285714286
BG04168	-8.227880835729437	2.0988519388627536	0.4227329512873373	1.4285714285714286
BG04169	-7.608003706607418	1.1458658487890012	0.3972936201414415	1.4285714285714286
BG04170	-9.726653660083482	4.014126781952097	0.4329011907018182	1.4285714285714286
BG04171	-8.915949055624505	5.965055076379298	0.4283007530809281	1.4285714285714286
BG04172	-10.154560935101605	2.505871174410906	0.44722744632897	1.4285714285714286
BG04173	-7.813229510255475	2.5632496631035133	0.42474082888717907	1.4285714285714286
BG04174	-7.662604655946952	6.096981245907152	0.44317489089846906	1.4285714285714286
BG04175	-8.281358170576894	3.6130856002527008	0.4217011640986428	1.430120251154848
BG04176	-10.118679850007453	5.878279416757129	0.43854689537681973	1.4285714285714286
BG04177	-8.280323431621865	4.266378103255179	0.40683806924592103	1.4285714285714286
BG04178	-11.186372854605963	5.474043717094477	0.4415022856920471	1.4285714285714286
BG04179	-9.605031780448178	4.152017126148067	0.43879477108167736	1.4285714285714286
BG04180	-11.436001676712486	2.964895270497279	0.42426623487534426	1.4285714285714286
BG04181	-8.366546951428825	2.179967234473648	0.42278392232906314	1.4285714285714286
BG04182	-9.383878071812875	4.3604261609272434	0.39206469098259333	1.4285714285714286
BG04183	-9.18222855536305	3.148247898904381	0.418201846429242	1.4285714285714286
BG04184	-8.604452526816349	1.3098444115778924	0.42108989593571156	1.4285714285714286
BG04185	-10.451536052793113	3.7307545488866714	0.4291115682132455	1.4285714285714286
BG04186	-8.789207723279608	4.394276968014692	0.4219540643494912	1.4285714285714286
BG04187	-9.511898128679471	2.633385572127412	0.40131839827489496	1.4285714285714286
BG04188	-8.067393959156927	3.4774609861225083	0.41278734345104673	1.4285714285714286
BG04189	-9.265402505054594	4.63815230431693	0.43551371361587016	1.4285714285714286
BG04190	-8.577313505184295	5.110054786100822	0.4191114345806946	1.4285714285714286
BG04191	-8.51010846368084	4.769960104552487	0.4231304321744392	1.4285714285714286
BG04192	-7.969027312024199	3.780489944197697	0.4355455822761972	1.4285714285714286
BG04193	-10.216056092839496	6.842306528716316	0.4324931378880343	1.4285714285714286
BG04194	-10.186779069588937	2.8287520659524095	0.3784196559627318	1.044608794567242
BG04195	-9.619892997285248	4.555315462273248	0.43989357638389737	1.430120251154848
BG04196	-9.615282436638779	5.580291323564803	0.43549671081871033	1.4285714285714286
BG04197	-8.6673227209698	3.780451975946463	0.43739562490217315	1.4285714285714286
BG04198	-9.721132959732556	5.032663715038258	0.42548174655309334	1.4285714285714286
BG04199	-6.621912769175312	3.504864126707061	0.438374030411634	1.4285714285714286
BG04200	-9.008897724274327	5.180380033699529	0.4297235109760327	1.4285714285714286
BG04201	-10.990749725514895	2.2038935252920306	0.40693878136940215	1.4285714285714286
BG04202	-9.602548076029828	5.797335358662818	0.43138403055926045	1.4285714285714286
BG04203	-9.834206860349735	3.864714535841833	0.4429671696144389	1.4285714285714286
BG04204	-8.279826759575919	4.617638895414836	0.43312720349636014	1.4285714285714286
BG04205	-7.279601506478873	3.270241309872461	0.43367159730907323	1.4285714285714286
BG04206	-8.238798583235521	4.66812933856335	0.4327147494276513	1.4285714285714286
BG04207	-9.910783235368532	3.012961516179047	0.4449222251489174	1.4285714285714286
BG04208	-9.75759929387667	5.474299499027267	0.45510811715338245	1.4285714285714286
BG04209	-10.241009956688654	2.464144680607003	0.42960665609549276	1.4285714285714286
BG04210	-10.581894905820885	5.433849213857032	0.4387941315675323	1.4285714285714286
BG04211	-9.950341678420733	3.1915889831973265	0.43091599035582434	1.4285714285714286
BG04212	-11.099404273450517	4.535976001693244	0.4257700782829316	1.4285714285714286
BG04213	-8.449422226251427	2.9917966182504854	0.3843120722257006	1.4285714285714286
BG04214	-8.351563300214474	5.5984725849863635	0.4132961104722917	1.4285714285714286
BG04215	-8.976721309857961	6.449885037504926	0.4148224186631833	1.4285714285714286
BG04216	-9.438281278462442	5.576312068386448	0.43370899437228616	1.4285714285714286
BG04217	-8.924826971188885	4.6644732873955865	0.4437783238888875	1.4285714285714286
BG04218	-10.014883943789432	6.159873339234055	0.43596700901611796	1.4285714285714286
BG04219	-8.325827235701386	4.315695176404908	0.41231366103492967	1.4285714285714286
BG04220	-7.59590453681267	1.9869944965190616	0.4455075320537971	1.4285714285714286
BG04221	-7.980202554424527	4.462055267003335	0.40946526019094015	1.4285714285714286
BG04222	-12.046447721700364	5.741045971239343	0.438578869283724	1.430120251154848
BG04223	-9.808794756917303	0.6084854738778523	0.41438092731407644	1.4285714285714286
BG04224	-8.260259411160394	4.302351981816176	0.4112288467808218	1.4285714285714286
BG04225	-9.672748598380098	1.0662387489552516	0.4238090681368537	1.4285714285714286
BG04226	-9.31780658317068	3.306152941812225	0.42183236082543746	1.4285714285714286
BG04227	-9.740538227078325	6.030928752878164	0.4350619778197876	1.4285714285714286
BG04228	-8.998574120248213	5.996805891187099	0.43159909164099947	1.4285714285714286
BG04229	-6.878207710159249	2.782612219090713	0.42548143776093283	1.4285714285714286
BG04230	-8.038803844102857	3.419018847900654	0.40455023963873943	1.4285714285714286
BG04231	-8.070687229943587	2.6081281292886485	0.4012003926549361	1.4285714285714286
BG04232	-8.123702414007765	3.374300972123126	0.42334093188031185	1.4285714285714286
BG04233	-9.376780643502123	3.8687285796582294	0.4169518124798798	1.4285714285714286
BG04234	-9.227258675061686	6.795237502766114	0.42702164786716124	1.430120251154848
BG04235	-8.245702285328552	3.39984272451702	0.43670768094429585	1.4285714285714286
BG04236	-8.322765639913058	2.9997755519293783	0.43068893689084775	1.4285714285714286
BG04237	-8.156289699089282	3.37594890515129	0.4274210584712679	1.4285714285714286
BG04238	-7.9730460694733996	4.50913944279851	0.41203744713837287	1.4285714285714286
BG04239	-8.910642052872534	4.261240334716889	0.4136849418539366	1.4285714285714286
BG04240	-10.782571744518291	3.8366367705085667	0.42865623309683654	1.4285714285714286
BG04241	-11.032174464842637	3.782565329481792	0.41165376182230734	1.4285714285714286
BG04242	-9.18936157310343	3.8744081967911055	0.4274392660942236	1.4285714285714286
BG04243	-10.33953437954533	3.546419343821373	0.43749804572953005	1.4285714285714286
BG04244	-8.037941909227621	2.8579375141332397	0.45320391897773005	1.4285714285714286
BG04245	-8.996904666998791	2.2454982730600084	0.3942626389394885	1.4285714285714286
BG04246	-8.051087556256	2.8187487914136113	0.43004022053312446	1.4285714285714286
BG04247	-8.960068427038784	4.2630502278526174	0.40398525929905577	1.4285714285714286
BG04248	-9.514927371281837	5.455843545564191	0.4248078944407517	1.4285714285714286
BG04249	-11.262312326364237	4.767230169304301	0.4491211053544796	1.4285714285714286
BG04250	-9.623534751263366	4.7209578076025975	0.4156461942168189	1.4285714285714286
BG04251	-10.59859497862053	2.906826708218572	0.41360137854687956	1.4285714285714286
BG04252	-8.894539818959947	3.778991367828228	0.4415546424547623	1.4285714285714286
BG04253	-9.135525571511904	5.854996364823147	0.4027511702883107	1.4285714285714286
BG04254	-7.7892530393647625	3.696943572044775	0.43601621090185316	1.4285714285714286
BG04255	-7.454301589298851	4.719565567918936	0.4075977262437072	1.4285714285714286
BG04256	-8.711718140506322	5.295817374063069	0.4406029695147607	1.4285714285714286
BG04257	-8.984254123173816	3.7806676905953465	0.4412050142306525	1.4285714285714286
BG04258	-10.73219725296527	4.723980039409191	0.44825335072046074	1.4285714285714286
BG04259	-8.336827134871056	5.943997718479167	0.44101958997118695	1.4285714285714286
BG04260	-8.953840366808947	1.9292056999427747	0.43796907864536927	1.4285714285714286
BG04261	-9.114371609940726	3.0912138122113757	0.4243422101470005	1.4285714285714286
BG04262	-8.713026532741157	2.8905959182050744	0.42949780289710127	1.4285714285714286
BG04263	-9.770465455287788	3.772662382952345	0.42176632680306086	1.4285714285714286
BG04264	-6.762950164403803	2.659800657208909	0.43917047032874423	1.4285714285714286
BG04265	-8.729507252376898	3.8147107030231213	0.4598347260239353	1.4285714285714286
BG04266	-11.561797239704246	6.831591221600069	0.43696863012838394	1.430120251154848
BG04267	-8.525718815161111	4.218197018377581	0.43675622782371737	1.4285714285714286
BG04268	-9.010966307737087	3.6240243050031755	0.41741948383246164	1.4285714285714286
BG04269	-11.208440197890583	3.6138505236269727	0.3960267653501574	1.4285714285714286
BG04270	-8.224916669095963	3.774198789840534	0.42515576863646487	1.4285714285714286
BG04271	-7.3626246907484285	2.465038708728883	0.4077971451513201	1.4285714285714286
BG04272	-8.332852794016816	4.487590252144995	0.43590447693386464	1.4285714285714286
BG04273	-8.90815068185765	3.6249178383241465	0.43145631840109305	1.4285714285714286
BG04274	-9.613121937934089	4.831518956099758	0.439256873572394	1.4285714285714286
BG04275	-8.335081774131794	2.638943694709723	0.44178784366165963	1.4285714285714286
BG04276	-9.714877945864812	3.805876872252996	0.4119039310850102	1.4285714285714286
BG04277	-10.540203338500046	5.910463431717997	0.4199550721821393	1.4285714285714286
BG04278	-9.21774016499152	3.9318112754299204	0.4231590494790025	1.4285714285714286
BG04279	-10.482647451050035	2.624454623021272	0.4148232414620544	1.4285714285714286
BG04280	-7.571950634222654	3.8770490368458423	0.41174577517841554	1.4285714285714286
BG04281	-8.881795845557452	3.882106606450712	0.3908347182772403	1.1988241461748232
BG04282	-9.226565002452599	2.588181152239708	0.43918592500788695	1.4285714285714286
BG04283	-8.60741414776004	7.350347227478313	0.4339668578881596	1.4285714285714286
BG04284	-8.601965237829363	5.817529351254456	0.4343782358158534	1.4285714285714286
BG04285	-7.245205309384076	0.4972561456771772	0.3960884239337341	1.4285714285714286
BG04286	-8.745346761701702	5.436613707547272	0.4181294951482832	1.4285714285714286
BG04287	-7.926540438092597	4.092289364040617	0.43796530813637236	1.4285714285714286
BG04288	-10.50936147340481	7.502745444521169	0.4280348998331337	1.4285714285714286
BG04289	-9.291171936555482	2.797840055246976	0.4029593682538756	1.4285714285714286
BG04290	-9.396418981851202	4.467937071261689	0.4457571998370487	1.4285714285714286
BG04291	-8.29084136560393	3.993747125603833	0.4412666064764975	1.4285714285714286
BG04292	-8.017389062695273	2.9621108436779826	0.399109543621769	1.4285714285714286
BG04293	-8.038196222170505	1.7637564089585462	0.3970786281513993	1.4285714285714286
BG04294	-7.476091240361579	4.175309709414658	0.44474565366608737	1.4285714285714286
BG04295	-8.714536840842605	1.1053504607758977	0.4463986450094574	1.4285714285714286
BG04296	-8.395986563866842	5.524162062114548	0.4102594523570931	1.4285714285714286
BG04297	-9.061238203505946	6.075223726238459	0.4243660569399637	1.4285714285714286
BG04298	-8.1135400235912	3.6160995150406023	0.4373296421071954	1.4285714285714286
BG04299	-9.033821985303451	3.8078202331333006	0.42693654671501213	1.4285714285714286
BG04300	-9.107777774570838	5.116803692633507	0.4370966651064897	1.4285714285714286
BG04301	-9.04460929930978	5.049506150656373	0.42900689621484067	1.4285714285714286
BG04302	-10.247164720664099	6.31295726696078	0.4402052239678259	1.4285714285714286
BG04303	-9.450894443530093	4.12043198392917	0.4425528926288646	1.4285714285714286
BG04304	-10.912258118560061	3.9041633818595995	0.42606918303423436	1.4285714285714286
BG04305	-8.276091522991964	4.085490985960721	0.43778776840168615	1.4285714285714286
BG04306	-10.238280331381063	5.190973201046502	0.4334954197067534	1.4285714285714286
BG04307	-8.674067683250723	6.883759502336321	0.4201460956438376	1.4285714285714286
BG04308	-10.073320800888633	4.056738992190477	0.40674285553544964	1.4285714285714286
BG04309	-8.99752616088663	2.414143020854013	0.44971824432023905	1.4285714285714286
BG04310	-8.961140445998947	5.860800899607583	0.4491271932353201	1.430120251154848
BG04311	-9.163787857484442	2.7211118637509726	0.3924553592550365	1.430120251154848
BG04312	-8.194047347926595	3.4567754442342906	0.4030827105554997	1.4285714285714286
BG04313	-7.335593408671677	2.132315796328626	0.4159966435875898	1.4285714285714286
BG04314	-8.45323717509537	4.735858646615049	0.4353793849338845	1.4285714285714286
BG04315	-8.281305425688542	3.445105567927379	0.42990833809895557	1.4285714285714286
BG04316	-9.871801476470303	3.9941534185685414	0.4132034747254629	1.4285714285714286
BG04317	-9.114064282807503	4.997551163390381	0.4228035260227899	1.4285714285714286
BG04318	-10.858320876995034	4.673887925183473	0.43184413710874364	1.4285714285714286
BG04319	-10.427559220554034	3.422052019641533	0.40562453196349324	1.4285714285714286
BG04320	-9.314749955522455	5.850294526483526	0.4264379886481252	1.4285714285714286
BG04321	-9.364667546512543	5.354714834071892	0.4453749211192368	1.4285714285714286
BG04322	-8.815281391262923	6.546159813855885	0.43802782927827044	1.4285714285714286
BG04323	-8.072979995108904	4.280189569570949	0.4420307317843913	1.4285714285714286
BG04324	-7.435589221523414	3.290987295342079	0.4255576144230502	1.4285714285714286
BG04325	-8.730091963785533	3.6792450024042758	0.41119861232095	1.4285714285714286
BG04326	-8.788092343473611	4.4435416733822315	0.3966822382074074	1.4285714285714286
BG04327	-10.164935785836335	3.8572909348501003	0.42101121028268496	1.4285714285714286
BG04328	-8.12405839415308	3.0943976444929513	0.4139618600101916	1.4285714285714286
BG04329	-9.758696316020012	5.532072579517413	0.45074283812688815	1.4285714285714286
BG04330	-9.417865779250949	6.175069069387296	0.4228443221789811	1.4285714285714286
BG04331	-12.122057366070235	3.982648341075478	0.4370106219209705	1.4285714285714286
BG04332	-8.732724313218744	3.8782811553909826	0.43865417527439393	1.4285714285714286
BG04333	-10.167440814422813	3.9376684115079255	0.43239122717737516	1.4285714285714286
BG04334	-9.073101971662759	4.093248855191263	0.39939711935398353	1.4285714285714286
BG04335	-7.112621247987291	2.952036461375522	0.44140615296001395	1.4285714285714286
BG04336	-8.310182091574072	6.510423631091293	0.40726252531686763	1.4285714285714286
BG04337	-11.513084210415574	5.214113294112419	0.41933943245705557	1.4285714285714286
BG04338	-9.727152687175813	4.973166889145723	0.4229336122159295	1.4285714285714286
BG04339	-7.49932063725985	2.6637972481158623	0.4354921514732264	1.4285714285714286
BG04340	-7.572133562500932	4.2624651253490935	0.41078280830036057	1.4285714285714286
BG04341	-10.438240210423356	5.44812044879898	0.443774265527154	1.430120251154848
BG04342	-9.195847068871057	4.4491081889940975	0.41829808032124144	1.430120251154848
BG04343	-7.806885068185215	0.7617387220745221	0.4115721930082833	1.4285714285714286
BG04344	-9.3625430655721	3.404329118667403	0.44207608206349314	1.4285714285714286
BG04345	-6.702390722470485	3.0822544178557427	0.42695345419043323	1.4285714285714286
BG04346	-9.373539889016708	4.927308529205433	0.4359651299403945	1.4285714285714286
BG04347	-9.767402828454252	2.859548851703376	0.44641108793375095	1.4285714285714286
BG04348	-9.686213863932865	5.061070213819959	0.4499449549719754	1.4285714285714286
BG04349	-7.899985733907092	4.148617034552205	0.4147662205669817	1.4285714285714286
BG04350	-10.691304166672307	3.4204539767838065	0.4173828146875277	1.4285714285714286
BG04351	-8.988182343324087	4.059555163403436	0.44355542966528383	1.4285714285714286
BG04352	-8.692666665936299	6.262706674164101	0.44499550291869616	1.4285714285714286
BG04353	-9.916696664811038	5.63522678978982	0.4456276664547448	1.4285714285714286
BG04354	-8.445024685097698	4.06218287782543	0.44788656155900863	1.4285714285714286
BG04355	-8.8435663030532	5.0230576667021145	0.4478477638806418	1.4285714285714286
BG04356	-10.369155377445619	3.287098243889782	0.4491697106094163	1.430120251154848
BG04357	-8.248177120222085	3.915337612958921	0.4252556651979739	1.430120251154848
BG04358	-10.345251304468182	5.446729134835309	0.4409671768978735	1.4285714285714286
BG04359	-6.192342471802716	1.7133530922804403	0.4046112541394721	1.4285714285714286
BG04360	-10.871926287810803	5.219264397047134	0.4050584594581692	1.4285714285714286
BG04361	-7.456941908827293	3.4146485315465465	0.4317457568627814	1.4285714285714286
BG04362	-9.543187781685033	4.20449373458238	0.3921672213315469	1.4285714285714286
BG04363	-8.719911861994415	3.7042211671746967	0.407560398772248	1.4285714285714286
BG04364	-8.616525759458069	5.545392063679129	0.42162632858740534	1.4285714285714286
BG04365	-8.030571279400636	4.149409059842178	0.44132163978812705	1.4285714285714286
BG04366	-9.19093707335331	4.9325244681741225	0.4375511451416629	1.4285714285714286
BG04367	-9.558087187967459	2.431778164194927	0.4236239296894579	1.4285714285714286
BG04368	-8.856899344568365	5.458296337904853	0.4387190186253028	1.4285714285714286
BG04369	-8.772744300739511	3.4020836447316274	0.4331054473737554	1.4285714285714286
BG04370	-8.553867756051293	3.3113367252305728	0.43168740984865633	1.4285714285714286
BG04371	-8.962807065679504	2.594547571427799	0.3936377113989457	1.4285714285714286
BG04372	-10.194573545138708	5.072885129656381	0.4093981238348056	1.4285714285714286
BG04373	-7.107776382742459	1.8713926707309627	0.44828111392365894	1.4285714285714286
BG04374	-8.424544042830947	4.266440692163041	0.4347235071379255	1.4285714285714286
BG04375	-8.677560491783968	5.8390690679771895	0.43949719560309686	1.4285714285714286
BG04376	-7.538837101888691	5.320099603022597	0.43530640109512553	1.4285714285714286
BG04377	-8.101442829262732	3.8668364368916532	0.44806544928514214	1.4285714285714286
BG04378	-9.083360776685904	5.622878537976145	0.4502433250993888	1.4285714285714286
BG04379	-8.326301056946201	3.34945993901846	0.42397183115963005	1.4285714285714286
BG04380	-8.327034595029396	3.6508509633260617	0.4203031472998314	1.430120251154848
BG04381	-10.149387520934528	3.7639797174301313	0.4197672213829033	1.4285714285714286
BG04382	-8.151475873118283	3.3949249509451342	0.4378072213926753	1.4285714285714286
BG04383	-7.986204390484749	2.0549550781066737	0.42825754519765125	1.4285714285714286
BG04384	-9.648389583802349	3.923509908747249	0.4498003276693319	1.4285714285714286
BG04385	-9.382657585188216	5.433564576942501	0.4277334609813454	1.4285714285714286
BG04386	-9.824839433885158	4.135384694010173	0.4210801447478146	1.4285714285714286
BG04387	-10.411888611337025	5.518221474702354	0.4282878303686291	1.4285714285714286
BG04388	-7.810562348377917	4.770962936508225	0.42431338582081185	1.4285714285714286
BG04389	-9.86816632542249	3.848947189506138	0.39186530905990696	1.4285714285714286
BG04390	-8.732084371488586	4.494458081349045	0.44798648648506223	1.430120251154848
BG04391	-8.962189961718945	3.115728971215505	0.44759023117341223	1.4285714285714286
BG04392	-7.607536204252854	2.461548256516689	0.4360401582207156	1.4285714285714286
BG04393	-7.429405589647567	2.974166452940125	0.43330894967549854	1.4285714285714286
BG04394	-9.569255172751646	5.449862696195118	0.4530428822432041	1.430120251154848
BG04395	-9.83184637440817	5.321641469478315	0.4408029112257884	1.4285714285714286
BG04396	-7.613726770398912	3.7349268784509655	0.43317812363965086	1.430120251154848
BG04397	-7.361841810493439	4.405498600095581	0.42463944192093794	1.4285714285714286
BG04398	-9.309486721720669	6.245518005997791	0.4159751163160032	1.4285714285714286
BG04399	-10.749545828395341	2.298214081915233	0.41874856995611326	1.430120251154848
BG04400	-10.976631359459446	6.192668479915777	0.3997842582661506	1.4285714285714286
BG04401	-11.078113575720817	3.4568467596242574	0.43166600812800826	1.4285714285714286
BG04402	-7.9285329986152915	5.893722630969078	0.4295837628955656	1.4285714285714286
BG04403	-7.526954927410549	2.011669166549413	0.3859741490160091	1.3006321565251282
BG04404	-7.612497436637201	2.1689985355327046	0.4154137199555721	1.4285714285714286
BG04405	-11.021723071974314	3.064716581750413	0.4236517881996367	1.4285714285714286
BG04406	-10.709110319054163	2.252505495793622	0.44727937165263354	1.4285714285714286
BG04407	-9.606609641756553	4.762870106620979	0.41413732378587365	1.4285714285714286
BG04408	-9.388435635133135	3.658094507937874	0.44106882854820534	1.4285714285714286
BG04409	-9.642096485197282	4.312612297826622	0.4430044539020885	1.4285714285714286
BG04410	-8.883767530092527	4.776775425591287	0.39116888694804325	1.4285714285714286
BG04411	-10.170238986014652	4.071203768929773	0.41698761097595505	1.4285714285714286
BG04412	-7.487720134256266	2.1496636625740453	0.42758077833835323	1.4285714285714286
BG04413	-7.270068583733247	4.388195418943677	0.41217272612180184	1.4285714285714286
BG04414	-4.947299479320141	-1.092840438551051	0.43432914854094157	1.4285714285714286
BG04415	-9.60723962613353	4.839722545567147	0.4294140078499182	1.4285714285714286
BG04416	-9.361939487868073	4.837208200262364	0.44224584874959094	1.4285714285714286
BG04417	-8.767802250033137	3.7989826908266395	0.4451581330946935	1.4285714285714286
BG04418	-8.586339798857617	5.613821137961734	0.40586621839326265	1.4285714285714286
BG04419	-10.319783572641224	6.609912459647793	0.4509796990757128	1.4285714285714286
BG04420	-8.01133730594538	2.0953454236553695	0.4111777068150632	1.4285714285714286
BG04421	-11.512827279273917	2.4962987573467843	0.4244263236440816	1.4285714285714286
BG04422	-9.265212907228255	1.6080468431566095	0.42459538344283715	1.4285714285714286
BG04423	-9.262337846690777	2.692314051186363	0.40346943635806587	1.4285714285714286
BG04424	-10.48148795351903	2.3428010593221686	0.4116034534765367	1.4285714285714286
BG04425	-8.232124242156488	3.8285698637641237	0.4345331428879131	1.4285714285714286
BG04426	-8.04552025977436	4.345452909502604	0.44531071834230956	1.4285714285714286
BG04427	-8.201168070464462	4.868729773022122	0.43418451323121954	1.4285714285714286
BG04428	-8.867767356326638	3.415922323406689	0.4216500044714522	1.4285714285714286
BG04429	-8.627055031617374	2.233240713878144	0.4335143542590266	1.4285714285714286
BG04430	-9.426931211498504	2.807834911322332	0.4318149103730586	1.4285714285714286
BG04431	-7.47220412729574	3.3041743112186763	0.4266422254831245	1.430120251154848
BG04432	-8.94726601848063	4.471740964260143	0.4375763479145404	1.430120251154848
BG04433	-9.926922852491893	2.618991767721999	0.4445471673859968	1.4285714285714286
BG04434	-10.947224694565168	3.0273566526730473	0.41516055757500053	1.430120251154848
BG04435	-10.431972846064461	6.516702932756806	0.44867974442310044	1.4285714285714286
BG04436	-9.946008786681185	1.510933126172041	0.43415308765226335	1.4285714285714286
BG04437	-8.89576391271361	4.310820082444734	0.39543534749677967	1.4285714285714286
BG04438	-8.874942964169382	3.7864841995283727	0.4181750166732056	1.2853061932652365
BG04439	-9.254420104366284	2.5643971228221947	0.4084042468895721	1.4285714285714286
BG04440	-8.371429482627848	3.4015216791741194	0.40783161398137424	1.4285714285714286
BG04441	-7.782487358290083	3.4999191120233046	0.41960211365838923	1.4285714285714286
BG04442	-9.155580474158766	4.228356939013912	0.4079078528767048	1.4285714285714286
BG04443	-9.460694959218955	3.299428191297197	0.38520157697544966	1.4285714285714286
BG04444	-8.129616691872481	2.255775804980964	0.44472325357035253	1.4285714285714286
BG04445	-8.791416901022332	2.97545626709654	0.44079392445146237	1.4285714285714286
BG04446	-10.057519568722888	5.786133535990867	0.45081773702245037	1.430120251154848
BG04447	-10.117603261105542	3.899816436541945	0.39822822410819203	1.4285714285714286
BG04448	-8.415388924465308	6.161325514305653	0.43357450669261743	1.4285714285714286
BG04449	-11.575558794451176	4.767692739633631	0.44683273264801737	1.4285714285714286
BG04450	-8.49988838460766	4.9165586294562535	0.41798299529033356	1.4285714285714286
BG04451	-7.559996651670094	2.5843951603385733	0.4271900753953982	1.4285714285714286
BG04452	-10.286123121000104	3.7156647346962717	0.41149929191065415	1.4285714285714286
BG04453	-7.323040886367546	0.45087037433557914	0.4206160404373155	1.4285714285714286
BG04454	-9.426142512934687	5.06426760692731	0.41524914577505917	1.4285714285714286
BG04455	-6.29948786321062	2.5774510161817625	0.3746895499379746	1.4285714285714286
BG04456	-9.055559344391295	2.987853824532145	0.42396188081893865	1.4285714285714286
BG04457	-7.756567737695456	3.5732764455068384	0.39270408628552156	1.4285714285714286
BG04458	-8.658129876718917	2.849917035646398	0.43184021343070467	1.4285714285714286
BG04459	-8.99167873684867	2.9656620370549547	0.41090729311997515	1.4285714285714286
BG04460	-8.422968115051145	2.2441062660142195	0.4014077533023721	1.4285714285714286
BG04461	-9.44330117263331	3.738841598113628	0.41639805519617556	1.4285714285714286
BG04462	-10.621695360710563	7.23286468821947	0.4436499486748184	1.4285714285714286
BG04463	-9.063825702969686	4.662000819333394	0.41764360314704835	1.4285714285714286
BG04464	-7.810957099653856	5.3813627995802715	0.42239988106349147	1.4285714285714286
BG04465	-9.593379423820016	3.7327091605915976	0.41082363961814095	1.4285714285714286
BG04466	-9.910509111911411	3.1230530329826056	0.4158203930178771	1.4285714285714286
BG04467	-6.323909470456054	2.317572955805583	0.3948094008202851	1.4285714285714286
BG04468	-8.332526867806274	4.764552747253613	0.43813208741780063	1.4285714285714286
BG04469	-7.865148175192771	3.1132140934163743	0.4008198514009151	1.4285714285714286
BG04470	-8.125711728946214	2.904256775596987	0.409506509846849	1.4285714285714286
BG04471	-10.580912758245436	3.6831832302434635	0.43091161850254456	1.4285714285714286
BG04472	-8.39783099851363	3.7941087743517885	0.4396054128268466	1.4285714285714286
BG04473	-10.889803376876813	3.681015884902893	0.4080907994889701	1.4285714285714286
BG04474	-9.053712302988187	4.504889929232914	0.4133719264468958	1.4285714285714286
BG04475	-9.790944074309463	4.902437476361136	0.41210814227955095	1.4285714285714286
BG04476	-10.23030871766473	3.6173386453607	0.4372812763893008	1.4285714285714286
BG04477	-10.138272882156867	5.290403928113722	0.4264528502961662	1.4285714285714286
BG04478	-8.032876982300694	4.084747284232261	0.40533377027207884	1.3006321565251282
BG04479	-9.245217292445782	3.6934024001950267	0.40555679872413225	1.4285714285714286
BG04480	-9.1923488597809	2.8909080005234427	0.44453374724178824	1.430120251154848
BG04481	-9.829770773943439	4.20106908889429	0.4293249619590494	1.4285714285714286
BG04482	-10.236236899703483	4.735097075122479	0.4395309388169137	1.4285714285714286
BG04483	-9.017791052896984	5.229087625988914	0.43293922589842593	1.4285714285714286
BG04484	-9.384815699036812	5.103610697518621	0.4117387577540818	1.4285714285714286
BG04485	-8.57786161310217	4.159791912918465	0.4388782763364186	1.4285714285714286
BG04486	-8.579104993225625	3.4280265998131902	0.4185770115835192	1.4285714285714286
BG04487	-10.015889615319296	6.058680368739189	0.44551512652511754	1.4285714285714286
BG04488	-9.314782222713871	4.7124368551317595	0.424867308283431	1.4285714285714286
BG04489	-9.000169664397687	2.45808185772563	0.43458897882037356	1.4285714285714286
BG04490	-10.946069715045217	3.274157552495786	0.412270471554031	1.4285714285714286
BG04491	-9.577293130757754	5.246578904676167	0.43664575395240424	1.4285714285714286
BG04492	-9.484637691950027	4.925690483840552	0.43910475606585697	1.4285714285714286
BG04493	-6.569722889482872	3.31162481288761	0.3839668015886653	1.4285714285714286
BG04494	-8.726065454044782	2.2611127454384468	0.4387621252657708	1.4285714285714286
BG04495	-8.250758923009935	5.585072348510456	0.41933141463607976	1.4285714285714286
BG04496	-9.49196669046961	2.1114066136612597	0.4091322671920973	1.4285714285714286
BG04497	-8.012733409504493	3.2899527345476742	0.3738203289846739	1.4285714285714286
BG04498	-10.512523059259928	7.3255081614601	0.4386411094596404	1.430120251154848
BG04499	-9.323404963757014	4.658237041625587	0.39986804281944593	1.4285714285714286
BG04500	-7.977124094920001	4.075506110555092	0.4092514894826767	1.4285714285714286
BG04501	-10.269017660812471	3.606788145734651	0.4501427427412035	1.4285714285714286
BG04502	-8.531564953422919	4.51034001983292	0.414699891328934	1.2853061932652365
BG04503	-8.55841387527197	0.5498626686103592	0.4067256974919189	1.4285714285714286
BG04504	-9.681363134026668	3.256749293725805	0.4333513591432797	1.4285714285714286
BG04505	-7.616785195250496	3.2862234999839868	0.4010443521477671	1.4285714285714286
BG04506	-8.844235754986085	5.36137600872512	0.43388461715859705	1.4285714285714286
BG04507	-9.968108927116432	3.1937202733423695	0.40809201058392425	1.4285714285714286
BG04508	-10.200140504552726	3.721152612914816	0.4511168477104219	1.4285714285714286
BG04509	-9.313847786151264	4.566466339585567	0.4446784781048309	1.4285714285714286
BG04510	-7.930962601331039	3.7512079487623757	0.410738446749026	1.4285714285714286
BG04511	-9.057785356195748	2.786351061270105	0.4249274594881741	1.4285714285714286
BG04512	-9.249655061081786	5.64843509586503	0.4208124569053207	1.430120251154848
BG04513	-10.313896263227795	3.540248920296512	0.4333418179433826	1.4285714285714286
BG04514	-9.209893405405229	2.401014178635086	0.40597991650468634	1.4285714285714286
BG04515	-7.762122400542744	3.2802784852263933	0.42012867483817684	1.4285714285714286
BG04516	-9.715714214355806	5.52078748915976	0.3852617246195568	1.2853061932652365
BG04517	-9.391460188478325	4.7831213322828665	0.4224449663493357	1.430120251154848
BG04518	-9.644944022890712	2.8884180406210596	0.4358085141096876	1.4285714285714286
BG04519	-9.885287085355406	3.974178093065405	0.4005955313048015	1.4285714285714286
BG04520	-10.163841918804914	3.4188640896669718	0.4468207689539849	1.4285714285714286
BG04521	-8.407399509433818	2.6209723286134903	0.4397538006927212	1.4285714285714286
BG04522	-9.081617184024557	3.2981546963630404	0.4248040611008968	1.4285714285714286
BG04523	-7.7108858803536435	4.419756807489432	0.43401615746033473	1.4285714285714286
BG04524	-9.663799156453534	6.045442430734347	0.43867635357351004	1.4285714285714286
BG04525	-9.183526581074355	3.49199573868283	0.4455340418079559	1.4285714285714286
BG04526	-9.67086290549087	4.669918578665627	0.4240090997163842	1.4285714285714286
BG04527	-9.165538896272292	3.7358869925455487	0.42338629307975895	1.4285714285714286
BG04528	-8.41745538126115	4.8503838347054105	0.4193761508685313	1.4285714285714286
BG04529	-9.700222539706774	6.496292442803359	0.4443815376661413	1.430120251154848
BG04530	-9.490324499677712	5.416664536016948	0.42909869331516126	1.4285714285714286
BG04531	-8.352647337204392	3.131861257570835	0.4525730962760652	1.4285714285714286
BG04532	-8.597605920527899	1.9512549680110376	0.36323878843084284	1.0803855050050257
BG04533	-9.245061995300006	4.15262469680692	0.3955966684407283	1.4285714285714286
BG04534	-7.1548350619070975	4.63253625128087	0.41342231986818323	1.2853061932652365
BG04535	-11.140087496139635	4.972438698496597	0.4368936162140104	1.4285714285714286
BG04536	-7.607875092454123	3.4669514323220065	0.41207159332213616	1.4285714285714286
BG04537	-6.573809292950944	2.8345074966944184	0.42172585258288403	1.4285714285714286
BG04538	-8.532312648432656	3.346313107111768	0.42190515458439487	1.4285714285714286
BG04539	-7.911643643857938	3.4895189825839377	0.40437369347654106	1.4285714285714286
BG04540	-7.721320883383875	2.1319276773977025	0.42660464145830956	1.4285714285714286
BG04541	-10.934332181090719	3.1714693012501316	0.41224658499877	1.4285714285714286
BG04542	-10.461393911726795	2.743741289485588	0.4202180698779174	1.4285714285714286
BG04543	-10.521659334810726	4.02738743423481	0.4164144802781053	1.4285714285714286
BG04544	-9.049286137153292	2.0654838527645056	0.43429745491182525	1.430120251154848
BG04545	-8.267472967247368	2.44349559233151	0.4192197404153228	1.4285714285714286
BG04546	-8.802798463422121	3.3141525333881967	0.43696267749678835	1.4285714285714286
BG04547	-10.192905316699258	5.8594879951678465	0.4375749420065258	1.4285714285714286
BG04548	-7.214095813398844	3.283718746145831	0.4300618430030831	1.4285714285714286
BG04549	-9.664878673592451	3.117588696325377	0.3951616609158732	1.4285714285714286
BG04550	-9.2595695659407	3.7358806332961256	0.43028539550558353	1.4285714285714286
BG04551	-6.881190515854863	3.271682450413392	0.4147486634650055	1.4285714285714286
BG04552	-7.361741942146857	5.031892107742135	0.4094147957021759	1.4285714285714286
BG04553	-9.398358133301157	4.58582218966708	0.41953042745761154	1.4285714285714286
BG04554	-7.632685659876396	3.342298078479015	0.42178914793877353	1.4285714285714286
BG04555	-8.751873314923644	2.395703809074654	0.4209634132049807	1.4285714285714286
BG04556	-9.35138427548054	2.363221326457139	0.4211902731700483	1.4285714285714286
BG04557	-8.243838972758786	3.383545313311884	0.456608217946234	1.4285714285714286
BG04558	-9.24698851738314	4.214315692834314	0.4021031915771463	1.1527199860493966
BG04559	-10.474141983353832	2.904804268882822	0.4395797178051778	1.4285714285714286
BG04560	-9.93551474246294	3.9808898339419434	0.404758536240549	1.4285714285714286
BG04561	-9.819873618889229	2.699453813103244	0.4146342828618947	1.4285714285714286
BG04562	-8.814948208778699	5.263449705565583	0.44356223087956653	1.4285714285714286
BG04563	-9.065778540204883	3.4001326008337647	0.4329124004399058	1.4285714285714286
BG04564	-9.715027413457996	5.8861429987184115	0.4384591367183937	1.4285714285714286
BG04565	-8.685003276961709	2.981108020021681	0.42130079391408953	1.4285714285714286
BG04566	-7.7657844662676005	1.5587254441959086	0.43303243135245645	1.4285714285714286
BG04567	-10.184087632357523	5.989897619095595	0.4371903044824369	1.4285714285714286
BG04568	-8.694492501340015	3.219873642880505	0.38654088188741287	1.4285714285714286
BG04569	-9.052270399101959	3.3774469709738977	0.41902835180267056	1.4285714285714286
BG04570	-10.41461860769955	2.1671814231906605	0.4330939103596631	1.4285714285714286
BG04571	-10.502769118860583	5.716806367676484	0.43121638253107275	1.4285714285714286
BG04572	-7.730144000426963	8.138407162125146	0.4355632276339891	1.4285714285714286
BG04573	-9.204829374626996	2.069983349252579	0.4264663632357458	1.4285714285714286
BG04574	-7.830387266739971	2.5676260544130485	0.43109799412114463	1.4285714285714286
BG04575	-9.487656512543323	4.612324776416455	0.4106794444669347	1.4285714285714286
BG04576	-9.02378912619713	3.7762076702879295	0.4424491474274128	1.430120251154848
BG04577	-7.445735164260469	3.3247123376186427	0.4129898735196683	1.4285714285714286
BG04578	-7.65575591530053	5.693049673799318	0.4283500540545749	1.4285714285714286
BG04579	-9.575753686648907	4.349725894821137	0.42872541367635686	1.4285714285714286
BG04580	-10.25901861571485	6.606171170066097	0.42516328363507344	1.4285714285714286
BG04581	-9.099383926694763	3.118568879079449	0.42220115563597854	1.4285714285714286
BG04582	-8.684809054470007	3.6636697665052234	0.412173609100574	1.4285714285714286
BG04583	-8.599795823692688	2.7792590297079682	0.4252689901018359	1.4285714285714286
BG04584	-9.82187278314824	3.702531597697077	0.43827167666607353	1.4285714285714286
BG04585	-8.522195885389362	5.0119280304405365	0.4284290947533418	1.4285714285714286
BG04586	-11.501716397853002	4.4639960985937455	0.41874694003200263	1.4285714285714286
BG04587	-7.275870188177976	3.2633375833585427	0.4421727392779604	1.430120251154848
BG04588	-10.450701239100315	3.329774639141388	0.4332758394692775	1.4285714285714286
BG04589	-7.077158418756928	2.298593005306178	0.3983971920309886	1.4285714285714286
BG04590	-8.169077444090169	3.4429931925320787	0.4279676849538035	1.4285714285714286
BG04591	-10.635961285709168	5.407423837334338	0.4303399534362863	1.4285714285714286
BG04592	-9.697763239745463	5.80461640583435	0.4338776607576433	1.4285714285714286
BG04593	-9.09037208287492	4.444225773750147	0.4403990745971257	1.4285714285714286
BG04594	-9.299983108069478	6.485504778909265	0.4454712047791601	1.4285714285714286
BG04595	-8.58922754473493	4.831563453031444	0.42514150848826093	1.4285714285714286
BG04596	-8.90998273802456	3.0604064246476854	0.4099230873393616	1.4285714285714286
BG04597	-7.783305570592177	2.1779548284825023	0.44524221862430896	1.4285714285714286
BG04598	-9.687276914035923	4.676454679325011	0.4410841242811095	1.4285714285714286
BG04599	-9.714326215437055	5.150734975511828	0.42316353383344574	1.4285714285714286
BG04600	-8.267100929624887	4.766600946266331	0.42803281840971924	1.4285714285714286
BG04601	-8.388461127825511	2.202455415752676	0.42265141872422296	1.4285714285714286
BG04602	-7.4784574985796075	2.410432585624332	0.4270329962971822	1.4285714285714286
BG04603	-9.001279438893503	4.956830521847475	0.4092899596177868	1.4285714285714286
BG04604	-9.21449071740295	3.5550592808853456	0.4187502551693562	1.430120251154848
BG04605	-9.42694417073979	3.725112555780657	0.4256253846079074	1.4285714285714286
BG04606	-8.569840360037382	2.4524408305553838	0.43501488143630684	1.4285714285714286
BG04607	-9.034359130141972	3.7648058254679504	0.4480131633544348	1.4285714285714286
BG04608	-8.619318394849541	1.934840163180648	0.41276188721134627	1.4285714285714286
BG04609	-9.398887290762824	4.580667648782959	0.43398277599912505	1.4285714285714286
BG04610	-7.456053128784286	1.7327795893085889	0.42061821446341063	1.4285714285714286
BG04611	-8.281197917085795	2.3219133294853087	0.4309005184399413	1.4285714285714286
BG04612	-8.863931057707749	2.5929203022957186	0.4024628808868502	1.4285714285714286
BG04613	-9.462133372231445	3.3739747249347927	0.4196029608856303	1.4285714285714286
BG04614	-8.562122938325256	2.8149926454305993	0.4157388635331421	1.4285714285714286
BG04615	-9.862762646600425	4.547589884262453	0.4479354979387717	1.430120251154848
BG04616	-9.347928820421677	5.667314675682271	0.4273825860765538	1.4285714285714286
BG04617	-10.459784068647258	5.7156657375286555	0.4351418613346492	1.4285714285714286
BG04618	-9.986782225453211	2.489474355833298	0.44679947834521	1.4285714285714286
BG04619	-6.510041234917488	3.338040970880411	0.4389283343823077	1.4285714285714286
BG04620	-9.099728284546956	5.465031960749112	0.43729009818128695	1.4285714285714286
BG04621	-6.477893829963148	1.171035102885738	0.41076663710969064	1.4285714285714286
BG04622	-7.140543952170974	2.312293709073412	0.4038954829922902	1.4285714285714286
BG04623	-10.073273937452868	3.6203456639170892	0.408062220887137	1.4285714285714286
BG04624	-7.154111108580094	2.369438413360463	0.4043361364192626	1.4285714285714286
BG04625	-10.577785768266857	4.042165467696903	0.42251185929424767	1.4285714285714286
BG04626	-9.35353045249599	4.210320773545377	0.4122796836648877	1.4285714285714286
BG04627	-8.437517249900047	3.071069567711777	0.42072014212916575	1.4285714285714286
BG04628	-10.66582910061085	4.883328506358714	0.44040153784531894	1.4285714285714286
BG04629	-7.94728697989979	0.6742566515276016	0.4234114545361362	1.4285714285714286
BG04630	-10.337944410676874	3.7567910336690726	0.3742913866785772	1.0803855050050257
BG04631	-9.175317660786323	6.11659438251496	0.4208993434455112	1.4285714285714286
BG04632	-8.322216574716375	4.161099126446072	0.4195540850500012	1.4285714285714286
BG04633	-7.916368115621922	3.555253865586398	0.4136919750061399	1.4285714285714286
BG04634	-9.23137851364019	5.713716803553592	0.4319112154807808	1.4285714285714286
BG04635	-7.846872532613117	2.6037450575337884	0.4389159848223867	1.4285714285714286
BG04636	-9.730418572966256	3.1475386753245167	0.441434657094601	1.4285714285714286
BG04637	-6.8669565324443935	4.150785576846781	0.44477965277997705	1.4285714285714286
BG04638	-10.339824405252616	5.1350438993464556	0.43637872281343026	1.430120251154848
BG04639	-8.467104460383808	2.661677426447781	0.41767435948813036	1.4285714285714286
BG04640	-7.970179221271981	5.1909500517167455	0.43485517162751064	1.4285714285714286
BG04641	-9.353170724755362	3.1958382726780274	0.43293473954748957	1.4285714285714286
BG04642	-8.98593250359578	3.253546662728372	0.43270192499476123	1.4285714285714286
BG04643	-10.591947791204877	2.862595300275982	0.4195876805657742	1.4285714285714286
BG04644	-9.142566443874589	3.971679628575596	0.4360182402122757	1.4285714285714286
BG04645	-8.95114148687138	5.386337759771944	0.40992872376652134	1.4285714285714286
BG04646	-7.822647113988132	3.0915606688435684	0.41068900409389025	1.4285714285714286
BG04647	-9.154737286968945	6.091603963505306	0.4480666453378866	1.4285714285714286
BG04648	-8.228472658646547	4.1357954391572775	0.4380186624430977	1.4285714285714286
BG04649	-9.065078991014879	3.964935344891178	0.4394840242417208	1.4285714285714286
BG04650	-8.34719311885271	3.4763730297674225	0.43014628996676435	1.4285714285714286
BG04651	-10.397684397646497	3.855506508488678	0.4244426040100825	1.4285714285714286
BG04652	-8.24048715438381	1.417672724551076	0.40390706239630336	1.4285714285714286
BG04653	-10.087485357657597	4.570612602239583	0.4570201819772391	1.4285714285714286
BG04654	-9.271112996539317	1.4421293222417184	0.4065261918707209	1.4285714285714286
BG04655	-8.523146201572168	2.7828361204550767	0.43534643229302805	1.4285714285714286
BG04656	-10.147432927770128	4.578376172608195	0.443601423294371	1.4285714285714286
BG04657	-7.599558462656039	2.7310917518542985	0.4417504084349762	1.4285714285714286
BG04658	-9.503254533000918	4.791397321362241	0.41191416709574596	1.4285714285714286
BG04659	-9.002455182561182	4.3146043049761005	0.4491829330190385	1.4285714285714286
BG04660	-10.918175197801194	5.662613840245258	0.4303506632257004	1.4285714285714286
BG04661	-7.36594246637691	3.1884517228464624	0.42723773264126924	1.4285714285714286
BG04662	-9.34224808867124	3.783146185598042	0.41617149544745613	1.4285714285714286
BG04663	-10.072828943032127	2.6079646171213158	0.4311827923581499	1.4285714285714286
BG04664	-10.895657226474551	5.036477165419809	0.44151291471827464	1.430120251154848
BG04665	-9.327455563913391	3.7289273999137444	0.40848634410992496	1.4285714285714286
BG04666	-10.138177505754875	2.8342901260959215	0.440162839574755	1.4285714285714286
BG04667	-9.25064966763005	4.788878546110607	0.41724548748371615	1.4285714285714286
BG04668	-9.130790292580093	3.030496286526806	0.4521849159313464	1.4285714285714286
BG04669	-8.222773163482696	3.2674870441424217	0.4491196286738025	1.4285714285714286
BG04670	-7.765685194501584	3.5372757014489156	0.41051242022525825	1.4285714285714286
BG04671	-8.860850857057414	2.8619035861040114	0.4162376434449904	1.4285714285714286
BG04672	-8.879237407941384	4.544239127614582	0.41687670555742606	1.4285714285714286
BG04673	-8.262759408714302	2.8846138018361644	0.4223525603178261	1.4285714285714286
BG04674	-8.160182896487846	2.81529029081832	0.40879867897817385	1.4285714285714286
BG04675	-8.197144835959103	2.8693153823973527	0.39754071322024165	1.4285714285714286
BG04676	-10.611845517858262	4.296388293759539	0.42138017801520483	1.4285714285714286
BG04677	-9.419400467627174	4.064751545212069	0.4092171111663425	1.4285714285714286
BG04678	-10.078713653295912	3.6146094352954057	0.4380178929235325	1.4285714285714286
BG04679	-7.112239791316835	1.3173340932728266	0.44220701961140946	1.4285714285714286
BG04680	-6.428631992295478	3.244967139537895	0.4124453010551542	1.4285714285714286
BG04681	-9.891426126393094	5.117290360590545	0.43968205963384	1.4285714285714286
BG04682	-9.689344317676454	3.500922132760971	0.4133899027143433	1.430120251154848
BG04683	-8.183694837923788	2.383301331909829	0.44828765711543617	1.4285714285714286
BG04684	-9.629091870305071	4.82278907071015	0.4378942814066445	1.4285714285714286
BG04685	-6.780606878963022	3.9872555707228376	0.41953899670869643	1.4285714285714286
BG04686	-9.772311477777968	3.867222968801482	0.4221018687367787	1.4285714285714286
BG04687	-10.722109500624665	3.690378182797787	0.45771665342552226	1.4285714285714286
BG04688	-9.037675651369918	4.191698957824547	0.4087094685103368	1.4285714285714286
BG04689	-7.269538900584103	4.39644758998285	0.4246339881348006	1.4285714285714286
BG04690	-6.948366389776921	5.18356868257084	0.4285155145354152	1.4285714285714286
BG04691	-8.685106210521601	5.1202274447475755	0.4230417260869111	1.4285714285714286
BG04692	-8.54743118498642	3.0630445425915744	0.4494489615409591	1.4285714285714286
BG04693	-10.116847117271584	2.1311456981228294	0.4202055595442691	1.4285714285714286
BG04694	-8.206997573969518	4.505124284396268	0.4073360292599401	1.4285714285714286
BG04695	-11.535634240454222	6.310643981405952	0.4372225595977421	1.4285714285714286
BG04696	-8.4737832725529	2.6100420346744824	0.41708644548182466	1.4285714285714286
BG04697	-8.475528091004549	3.217153593168344	0.4093976571006282	1.4285714285714286
BG04698	-9.50568691232219	7.97374820344956	0.4087930721436006	1.4285714285714286
BG04699	-8.957857072455765	1.6092904562336057	0.4127828183073448	1.4285714285714286
BG04700	-9.22429455709301	4.295108147846081	0.41381514526832525	1.4285714285714286
BG04701	-10.06848311390343	6.143094417834147	0.42012806261936486	1.4285714285714286
BG04702	-9.120176888346727	3.879884679974057	0.4075365440554259	1.4285714285714286
BG04703	-8.337764592732915	1.2674891971040654	0.44596717213827947	1.4285714285714286
BG04704	-9.932640034351682	2.8439763812335537	0.43086331895794505	1.4285714285714286
BG04705	-9.32498971795611	4.112589681353067	0.43190265382054976	1.430120251154848
BG04706	-9.989487695055502	5.684771081655664	0.3982367787536518	1.4285714285714286
BG04707	-9.96366980712852	5.005148605359397	0.44300198525359985	1.4285714285714286
BG04708	-7.81156355138273	4.2703355806174415	0.43317164432625965	1.4285714285714286
BG04709	-9.605232035683917	4.2283800112879	0.446853419234945	1.4285714285714286
BG04710	-9.861178915967518	5.7327527043985915	0.4315078753329238	1.4285714285714286
BG04711	-7.433771453791574	4.965727590996855	0.43071967369742903	1.4285714285714286
BG04712	-9.386749076435361	3.449193815248723	0.4473172878079403	1.4285714285714286
BG04713	-10.4710722924886	2.8125808990200323	0.422574067281084	1.4285714285714286
BG04714	-8.825636755635312	2.042333562199915	0.4085010253130912	1.4285714285714286
BG04715	-8.685236600695703	3.0791838627530144	0.41076379304625277	1.4285714285714286
BG04716	-7.605400576971635	3.18771614185288	0.43904169088828643	1.4285714285714286
BG04717	-9.42268867919397	3.764224087771856	0.4373331797225701	1.4285714285714286
BG04718	-8.046185633510374	3.1878191235634525	0.4427433616258122	1.4285714285714286
BG04719	-6.894771488743564	2.1464169268456392	0.44821882002767105	1.430120251154848
BG04720	-9.254218772843725	4.829586118797559	0.39945692022055684	1.4285714285714286
BG04721	-10.200262180573052	6.512987792582968	0.4177092661848292	1.4285714285714286
BG04722	-9.945434461998762	2.467032143149577	0.41428433623066413	1.4285714285714286
BG04723	-7.809284330427769	3.0028109409907118	0.4342139326137078	1.4285714285714286
BG04724	-9.089639462246932	4.408324213175115	0.42179746045886884	1.4285714285714286
BG04725	-7.624790904110361	4.674070051448559	0.40652371779521673	1.2853061932652365
BG04726	-7.651550509251829	4.134007679834297	0.44413891001744177	1.430120251154848
BG04727	-9.109049615298643	2.485495055180642	0.40994435694782116	1.4285714285714286
BG04728	-9.416703518155183	3.834244964694326	0.4382843424062169	1.4285714285714286
BG04729	-9.218239323001994	4.593088547633396	0.43069353855288767	1.4285714285714286
BG04730	-8.878996636496902	3.05481789410206	0.42098691512448816	1.4285714285714286
BG04731	-10.273209076329543	4.761250427118633	0.44338133667919116	1.4285714285714286
BG04732	-10.262190631537	4.414929329070462	0.38420504779383824	1.3006321565251282
BG04733	-9.408904888936787	5.940193851971004	0.40202645518374286	1.4285714285714286
BG04734	-10.154614594119309	6.388439449613218	0.4505944956589474	1.4285714285714286
BG04735	-8.25985967221614	3.1974973923819308	0.43669857208723306	1.4285714285714286
BG04736	-10.903738896895923	5.419546665240222	0.4535238463093632	1.4285714285714286
BG04737	-8.994603107562071	3.6429351378400794	0.4328175663539547	1.4285714285714286
BG04738	-10.041111433940479	2.5970374768989175	0.4374319544970602	1.430120251154848
BG04739	-8.883418487691017	4.859637186552919	0.4342685572856312	1.4285714285714286
BG04740	-8.548386704733499	2.8567779589583586	0.41776703703970947	1.430120251154848
BG04741	-9.316511398024504	4.985382308207772	0.438726306660887	1.4285714285714286
BG04742	-9.691088785393887	6.618263629762279	0.4375453077734852	1.430120251154848
BG04743	-8.594946597255811	3.5579329022197093	0.43893022318120184	1.4285714285714286
BG04744	-7.780469827434497	5.290587683863959	0.4183914281516055	1.4285714285714286
BG04745	-9.061683814799881	2.435008736589766	0.4424448349861517	1.430120251154848
BG04746	-9.595594932330457	5.3796959793064385	0.45040910116567273	1.430120251154848
BG04747	-9.748428605687053	3.874291284517402	0.4305740325353527	1.4285714285714286
BG04748	-7.49793613227952	3.132307903497432	0.4178759423023473	1.4285714285714286
BG04749	-8.727478802487223	4.578932579968533	0.4377268799086644	1.4285714285714286
BG04750	-9.92466353612665	3.2354431273527116	0.42190734825152304	1.430120251154848
BG04751	-9.515775761269191	4.88119255626263	0.40111366284065547	1.4285714285714286
BG04752	-9.104621216262347	4.200271411657676	0.4439856576287683	1.4285714285714286
BG04753	-10.096481034915657	5.574814520920903	0.43055525721982996	1.4285714285714286
BG04754	-9.034407555982046	2.790136245260317	0.4222737458074292	1.4285714285714286
BG04755	-10.235468288551923	4.19824124861831	0.4542482388969109	1.4285714285714286
BG04756	-9.644108381786943	5.018919085254412	0.42278513999431416	1.4285714285714286
BG04757	-8.309717121506237	3.5568503513819336	0.4329962626460162	1.4285714285714286
BG04758	-10.469083530366408	6.826986333434165	0.4252682939211948	1.430120251154848
BG04759	-8.718683244190759	4.5613101956486695	0.4414309594416302	1.4285714285714286
BG04760	-10.518263603553338	4.637712220249708	0.4273616057347558	1.4285714285714286
BG04761	-11.275527603580175	2.6551503870466937	0.4332282352118062	1.4285714285714286
BG04762	-10.150519665741257	2.47950483349851	0.4108162728931276	1.4285714285714286
BG04763	-8.289887595797577	4.380827908306969	0.4247020650646692	1.4285714285714286
BG04764	-9.488723648518107	5.976622420267597	0.4325605107510448	1.4285714285714286
BG04765	-7.0912216048933026	3.577838901024346	0.42467413160262296	1.4285714285714286
BG04766	-8.00637599469962	1.4672355632810192	0.447009320688078	1.4285714285714286
BG04767	-8.546436264271104	4.258622455881577	0.43705634262511883	1.4285714285714286
BG04768	-8.277144215281732	4.485138718114228	0.4163149537296639	1.4285714285714286
BG04769	-10.228099693994988	3.6523300636442086	0.4079257836603262	1.4285714285714286
BG04770	-8.39964399836164	3.979963338924309	0.39672885146625325	1.2853061932652365
BG04771	-10.702977381560839	2.4317988446843954	0.430059362129207	1.4285714285714286
BG04772	-9.497516077722006	4.302879584741022	0.42742621232081734	1.4285714285714286
BG04773	-10.041275649667707	5.07960830276659	0.44617043169154263	1.4285714285714286
BG04774	-7.064388257751383	2.468560303565297	0.44729375100602775	1.4285714285714286
BG04775	-9.453879671314494	5.876959644095435	0.4462963369021089	1.430120251154848
BG04776	-8.626511855056066	4.438110529038217	0.42021438146508644	1.4285714285714286
BG04777	-6.646460014770922	4.126034543894306	0.3895146262649816	1.2853061932652365
BG04778	-9.062422440547671	2.213519123258076	0.4153722600770507	1.4285714285714286
BG04779	-7.126448996414866	2.671845858552829	0.4194412889270488	1.4285714285714286
BG04780	-8.567208245862806	3.4318602948426076	0.39751419199600685	1.4285714285714286
BG04781	-7.799537794411263	2.2460539279846725	0.4026934618697977	1.4285714285714286
BG04782	-8.057591573287445	2.8742194485401185	0.4078783018038612	1.4285714285714286
BG04783	-9.295886466398477	4.567233858086841	0.3915671790423355	1.4285714285714286
BG04784	-8.32652343256491	3.3357766297932594	0.41431898007586293	1.4285714285714286
BG04785	-7.982252529210432	2.9626475728779127	0.3998997044273897	1.4285714285714286
BG04786	-7.163195902220735	1.6874452973777387	0.4382376504908483	1.4285714285714286
BG04787	-10.378607149591721	3.9460322491051207	0.44815116753244855	1.4285714285714286
BG04788	-10.42158794805896	5.958167985809521	0.41116457755150726	1.4285714285714286
BG04789	-8.573767094470655	6.496136148503016	0.43052211167750154	1.4285714285714286
BG04790	-11.10754590744684	4.883690778050195	0.4129610308012225	1.4285714285714286
BG04791	-8.654374187102924	5.686004650223739	0.43012326403183226	1.4285714285714286
BG04792	-8.190542815964111	3.02637119787695	0.447334960851584	1.4285714285714286
BG04793	-7.666874015571726	0.8999067757597509	0.4198433949936524	1.4285714285714286
BG04794	-8.904456893400805	3.76231942406008	0.4457483842598653	1.4285714285714286
BG04795	-8.115739819501968	4.5853405592659415	0.42812553033458683	1.4285714285714286
BG04796	-8.211554782441057	2.673374673245112	0.3911800660020733	1.4285714285714286
BG04797	-9.143556412399164	4.915450307882046	0.4356044337997035	1.4285714285714286
BG04798	-11.126788672094138	5.062098967395571	0.46228049627152007	1.4285714285714286
BG04799	-8.808760717480855	4.106116093684397	0.45284738617780124	1.430120251154848
BG04800	-9.192492828619892	6.325516765487517	0.41525806530987897	1.4285714285714286
BG04801	-7.359277194111559	2.4764914719981967	0.4185225371217919	1.4285714285714286
BG04802	-9.507613539186181	3.694041832020361	0.44176327646237157	1.4285714285714286
BG04803	-10.176181202778114	2.2767565295145205	0.43158969669679637	1.4285714285714286
BG04804	-10.023890856220849	5.226948288412268	0.40637545559532523	1.4285714285714286
BG04805	-7.9783707198056995	3.084224906396261	0.43137272485005207	1.4285714285714286
BG04806	-9.353378773510396	1.1362757346928312	0.43064467609421075	1.4285714285714286
BG04807	-7.992076841413229	5.028578556454042	0.439178285616924	1.4285714285714286
BG04808	-8.805901394208075	2.4339304330832094	0.43067618578243627	1.4285714285714286
BG04809	-10.045226166349638	4.538187702369825	0.4137127925413149	1.4285714285714286
BG04810	-8.443564926155148	3.6485269481861136	0.4370889752013997	1.4285714285714286
BG04811	-10.013163521915516	3.269638255513992	0.4138634148393737	1.4285714285714286
BG04812	-7.199780004596621	1.1103894273889308	0.41458444830344543	1.4285714285714286
BG04813	-10.348498488756505	5.5563187984416045	0.4448745547058798	1.4285714285714286
BG04814	-7.445792672446053	3.540833882535617	0.4246974169272445	1.4285714285714286
BG04815	-10.333447785866914	3.2039945445278306	0.4446229702935419	1.4285714285714286
BG04816	-8.680486110777192	4.783949259552807	0.415646154912754	1.4285714285714286
BG04817	-11.109790074623604	3.215845418680156	0.3979512310567675	1.4285714285714286
BG04818	-9.919657385057693	3.7124947372482437	0.3738568955420963	1.1016395137759427
BG04819	-9.396705281585474	4.607850414133394	0.41792694142751663	1.4285714285714286
BG04820	-7.927805507168641	5.999758162492137	0.4245839299559053	1.4285714285714286
BG04821	-8.448838587301692	2.3232959279355803	0.4372606139527826	1.4285714285714286
BG04822	-8.227895943441888	1.065483414354404	0.4008290608495547	1.4285714285714286
BG04823	-7.988877583511392	1.6010294084738919	0.3806504289235493	0.9523809523809526
BG04824	-9.215451968832062	3.7332737850200677	0.40845731760236625	1.4285714285714286
BG04825	-8.216729467130993	3.2156971339050684	0.39441234600713304	1.4285714285714286
BG04826	-8.23112357257089	3.870846711498281	0.43517027995977564	1.4285714285714286
BG04827	-9.708193806152348	5.119343623585444	0.4396529077112974	1.4285714285714286
BG04828	-10.843675394300528	5.575220841169528	0.40393492551685656	1.4285714285714286
BG04829	-9.095789023462869	3.9691079425499294	0.42804933910562365	1.4285714285714286
BG04830	-7.91753745205329	1.6209209048400408	0.39615749178624543	1.4285714285714286
BG04831	-9.506994886963385	4.832097055862785	0.4316280529377005	1.4285714285714286
BG04832	-11.112302831567442	4.285896104509297	0.41238612477937364	1.4285714285714286
BG04833	-9.547306985526344	2.84964228476769	0.4562587062271026	1.4285714285714286
BG04834	-9.340023071483436	4.279931744152931	0.4256718076587377	1.4285714285714286
BG04835	-9.499389917953707	6.468579486493284	0.4249065796508752	1.2853061932652365
BG04836	-8.22889747065269	3.2593085377430477	0.44238081806945945	1.4285714285714286
BG04837	-7.597466730300457	2.422089239298152	0.4278310872568451	1.4285714285714286
BG04838	-7.419039214263276	2.5679601575667017	0.4374066148671716	1.4285714285714286
BG04839	-8.316677668392387	3.055310500409757	0.3963604406500359	1.4285714285714286
BG04840	-8.811635270327947	3.6283629201078806	0.4448723637946506	1.4285714285714286
BG04841	-10.937065643507886	4.27983401502497	0.4530586330715353	1.4285714285714286
BG04842	-9.070309203966595	3.5650388009092127	0.4092444190535089	1.4285714285714286
BG04843	-8.697546605073372	6.51324862412232	0.4432964940425917	1.4285714285714286
BG04844	-10.21631681241199	4.428753867390933	0.417835412316458	1.4285714285714286
BG04845	-8.375795402847135	3.406699342762392	0.4349009107450033	1.4285714285714286
BG04846	-10.756986737855364	3.7317405568844637	0.42921639193659605	1.4285714285714286
BG04847	-9.527692927223748	4.678803953755383	0.44606455090515973	1.4285714285714286
BG04848	-10.066041259722772	3.961772427614406	0.4338028889937231	1.4285714285714286
BG04849	-9.596783667287465	3.8128481441842754	0.41335041747809875	1.430120251154848
BG04850	-10.19547756091734	4.027104559264638	0.41940558518651794	1.4285714285714286
BG04851	-9.118473255224648	4.812683653473917	0.4292998679137658	1.4285714285714286
BG04852	-10.275976197814977	4.5828805358407045	0.44353071641514363	1.4285714285714286
BG04853	-9.101688029191797	5.017046471730515	0.4338385554896597	1.4285714285714286
BG04854	-9.2778773927584	1.322633808690179	0.41389361938106645	1.4285714285714286
BG04855	-9.891496828689215	3.499798854045437	0.4136194189816284	1.4285714285714286
BG04856	-10.617233324792215	4.99228397207352	0.4442850704003809	1.430120251154848
BG04857	-9.416646812112885	3.5887609962417613	0.3534406117128686	1.220154671323635
BG04858	-8.882603743442068	4.602893723600325	0.42120385053618903	1.4285714285714286
BG04859	-8.849094476876248	2.6577730798700987	0.4220800933206085	1.430120251154848
BG04860	-9.870458615181025	2.9829483554930296	0.44442055448806395	1.4285714285714286
BG04861	-10.391302180326404	1.9549979511310556	0.4189766999645391	1.4285714285714286
BG04862	-7.064104729093584	3.7910157321679474	0.4226918090974772	1.4285714285714286
BG04863	-9.573985152428238	3.9293335343980065	0.3913230362457401	1.4285714285714286
BG04864	-9.330873213893689	4.092141537529538	0.39795917638103456	1.4285714285714286
BG04865	-9.449963255007939	3.9489527473110924	0.4472056622156962	1.4285714285714286
BG04866	-9.655647254842933	3.780003788999685	0.4431177078715041	1.4285714285714286
BG04867	-10.668118543418762	5.851811840343806	0.43488010895180057	1.4285714285714286
BG04868	-8.674862353575648	3.1573079475328023	0.41064224257745846	1.4285714285714286
BG04869	-11.806980135275543	5.7744685316890605	0.4364083953112806	1.4285714285714286
BG04870	-11.270959342097806	7.026606325124177	0.4549349462999044	1.4285714285714286
BG04871	-9.775045059653353	3.2275673804668794	0.40112385943351647	1.4285714285714286
BG04872	-9.577640091771109	4.856526561546416	0.41698933873206734	1.4285714285714286
BG04873	-8.684534695186594	4.3082115594982495	0.428688908675942	1.4285714285714286
BG04874	-9.053478263970371	4.084837598253091	0.4319038047274739	1.4285714285714286
BG04875	-7.9404693186285025	2.3603526831017874	0.4395997314619853	1.4285714285714286
BG04876	-9.714786969970305	3.4837936495470907	0.44174575034877905	1.4285714285714286
BG04877	-9.642373360668554	4.169700267165324	0.4436333233161464	1.4285714285714286
BG04878	-10.492997768090868	4.101481472573963	0.4440721089911818	1.4285714285714286
BG04879	-9.801308499364843	4.866303012015984	0.41880863357679116	1.4285714285714286
BG04880	-8.09946757559452	3.6392191255869526	0.41392326479613234	1.4285714285714286
BG04881	-8.325807939743907	3.4409116948908745	0.43012526264766615	1.4285714285714286
BG04882	-10.239770166877566	4.7353476763777005	0.430852493421945	1.4285714285714286
BG04883	-10.559567477678053	4.450750967199839	0.43842629671883465	1.430120251154848
BG04884	-8.939357034273746	1.610997141210994	0.4453668617323541	1.4285714285714286
BG04885	-8.15596630053862	5.001565036144527	0.4062390383743712	1.2853061932652365
BG04886	-9.379850856425529	3.8660425548403	0.4423660383596429	1.4285714285714286
BG04887	-9.747581852121558	2.0905134711821307	0.4392371108352914	1.4285714285714286
BG04888	-9.399919586455923	5.422623037514254	0.4171505275409844	1.4285714285714286
BG04889	-9.238966940421644	6.28814926291657	0.42528149650537306	1.4285714285714286
BG04890	-9.344025382637557	2.3528669403377562	0.40082229946966735	1.4285714285714286
BG04891	-9.308352245134262	3.7633964820749135	0.43863512435081475	1.4285714285714286
BG04892	-8.297822710487917	5.233034261192239	0.4181521426729393	1.4285714285714286
BG04893	-8.765934225212828	2.619249466962299	0.4055593517449648	1.4285714285714286
BG04894	-7.322072348507335	3.997051130276573	0.4347071555474887	1.4285714285714286
BG04895	-7.784485920799974	1.6226411246890056	0.4102209193495417	1.4285714285714286
BG04896	-8.098663205434779	2.2246638597390644	0.43814288864722545	1.4285714285714286
BG04897	-8.162104632195792	3.069909451388479	0.42719016652390085	1.4285714285714286
BG04898	-10.109791706816159	4.228435591963577	0.4167519713491683	1.4285714285714286
BG04899	-11.44968208325499	3.9599398920648246	0.42301443802411703	1.4285714285714286
BG04900	-8.146336798634254	3.314982859456007	0.40860554299245416	1.4285714285714286
BG04901	-7.152956915632236	2.908611231132313	0.4179998814211401	1.4285714285714286
BG04902	-8.654201761372512	2.4478787514242013	0.45335887440790945	1.4285714285714286
BG04903	-10.120490311070965	5.967492330856966	0.42503226165504804	1.4285714285714286
BG04904	-8.279842327109707	3.9966306536442437	0.4133149464773106	1.4285714285714286
BG04905	-9.506174146391924	3.4019520194890385	0.41344595589106165	1.4285714285714286
BG04906	-9.083421965638937	4.3936347406737175	0.4525624638314459	1.4285714285714286
BG04907	-10.316997530297801	3.7016775577010006	0.4491759789694505	1.4285714285714286
BG04908	-9.519235417243136	5.391846102670527	0.4476774841820775	1.4285714285714286
BG04909	-8.768537616934626	3.6091447981566804	0.4552209642043701	1.430120251154848
BG04910	-7.597981447276263	1.3298523176102135	0.4101505142284657	1.4285714285714286
BG04911	-8.81484497933249	3.3631966104660185	0.4178974958262899	1.4285714285714286
BG04912	-8.128993515033534	4.368259225105087	0.35634686842218216	0.9523809523809526
BG04913	-9.655924468200292	3.510484105616117	0.43336585001782885	1.4285714285714286
BG04914	-9.714027630495984	4.178105855670822	0.411814239597102	1.4285714285714286
BG04915	-9.9972702188636	2.6600958631725438	0.4219309111753304	1.4285714285714286
BG04916	-9.232228207290277	5.3492522234685165	0.45406551139761675	1.4285714285714286
BG04917	-8.868345025646834	7.969477655760988	0.42163909877820854	1.4285714285714286
BG04918	-9.66730821739519	4.583055440196683	0.4390519088309493	1.4285714285714286
BG04919	-7.020215494292523	1.0368042358808294	0.4044408250874574	1.4285714285714286
BG04920	-7.658810652998241	2.561736384352701	0.40362685450115104	1.4285714285714286
BG04921	-9.679316971838524	1.862592937391917	0.4434578302841727	1.4285714285714286
BG04922	-8.797545620106368	4.807411719980788	0.4221448087273399	1.4285714285714286
BG04923	-7.600984176780072	1.7749808876037654	0.4401908516978058	1.4285714285714286
BG04924	-8.493891068141549	6.24086307277291	0.42996388241898675	1.4285714285714286
BG04925	-7.125663096847743	2.8337221187541126	0.4206423277395102	1.4285714285714286
BG04926	-7.802411547473846	4.989738714841775	0.43703347062162873	1.4285714285714286
BG04927	-9.780458450708185	4.860015728566251	0.4217515790984128	1.4285714285714286
BG04928	-8.433389721681035	5.478289326433541	0.42002824682959206	1.4285714285714286
BG04929	-8.656296079614085	0.36119020618776393	0.4222189446201051	1.4285714285714286
BG04930	-9.834603396651524	2.6061624430704384	0.39516679104945535	1.4285714285714286
BG04931	-10.7549374278523	5.245661210492605	0.44913087485529263	1.4285714285714286
BG04932	-6.778487405965729	4.202084267263525	0.41058685005459067	1.4285714285714286
BG04933	-9.008623654785056	2.856399779462515	0.4109091246986491	1.4285714285714286
BG04934	-8.364042127208188	4.605612042029344	0.43423299166809515	1.4285714285714286
BG04935	-5.87615179127335	3.235602258812887	0.42707318975280234	1.4285714285714286
BG04936	-9.232120981850514	1.6245950247865106	0.4226381659765932	1.4285714285714286
BG04937	-9.225371732715995	2.343400876986962	0.4225802293990897	1.4285714285714286
BG04938	-7.477579044111211	2.4948070671821125	0.40753910765600976	1.4285714285714286
BG04939	-8.190732672981985	5.2336105493187475	0.4319887587182167	1.4285714285714286
BG04940	-11.805184322251513	5.1622279232336865	0.4336164909620801	1.4285714285714286
BG04941	-8.269127660703987	4.3579951382797955	0.4222442645724419	1.4285714285714286
BG04942	-8.038452112416438	5.3434463627551745	0.4368263773520082	1.4285714285714286
BG04943	-8.730640771184753	5.1077038147679925	0.4332695517254121	1.4285714285714286
BG04944	-9.2901134612389	3.9763413161944547	0.4236871860602685	1.4285714285714286
BG04945	-11.052613639935641	4.477903942354018	0.39861758478096243	1.0279660473608336
BG04946	-9.039612429520059	3.80362294808868	0.4234973269418034	1.4285714285714286
BG04947	-8.617118733123123	3.552122366882502	0.4400225200355357	1.4285714285714286
BG04948	-9.038587786038985	3.5009668325652283	0.426849289818607	1.4285714285714286
BG04949	-7.42156043861448	2.019800904933578	0.42100690662321966	1.4285714285714286
BG04950	-9.499259913798202	5.494171402048229	0.4311591297785034	1.4285714285714286
BG04951	-8.124225262449839	3.3871629255846427	0.42103121222771983	1.4285714285714286
BG04952	-7.6800449112382925	2.649113399518316	0.42064495612098707	1.4285714285714286
BG04953	-10.706062290672316	3.7755895467906795	0.42857726036022564	1.4285714285714286
BG04954	-10.279802046850824	3.4793726265932947	0.431491694446739	1.4285714285714286
BG04955	-8.280056987127683	2.659142630564882	0.43068758735829943	1.4285714285714286
BG04956	-8.438857117794457	3.736811399931321	0.4089066649646114	1.4285714285714286
BG04957	-6.587461707090607	4.278419402914479	0.42419656720333754	1.4285714285714286
BG04958	-7.5254895235304735	3.286768638909255	0.4156835823612412	1.4285714285714286
BG04959	-9.241452484851994	5.562774644658188	0.4343821358736167	1.4285714285714286
BG04960	-9.296507366973113	4.79643187565759	0.40798694962799437	1.4285714285714286
BG04961	-8.27141134939033	3.0873278972179934	0.4239614636750482	1.4285714285714286
BG04962	-9.992585883881326	2.826682730967512	0.39943640953787213	1.4285714285714286
BG04963	-9.261731534156976	4.114927751272014	0.42601864813885426	1.4285714285714286
BG04964	-10.016716310759897	6.454153441610131	0.43385195477071026	1.430120251154848
BG04965	-7.626918217177679	2.085887610197232	0.416332361036037	1.4285714285714286
BG04966	-8.514648308435227	3.104988186423464	0.434981593682108	1.4285714285714286
BG04967	-9.81536969978192	4.730442290687351	0.42700739722862363	1.4285714285714286
BG04968	-9.512245506010935	4.923726962309701	0.4050533930038828	1.4285714285714286
BG04969	-10.325260745577713	3.0222257718193584	0.40288745269378123	1.4285714285714286
BG04970	-8.038902697056951	2.6627427301353657	0.41526342902753965	1.4285714285714286
BG04971	-8.42374240692541	4.008500787617493	0.43340159751894003	1.4285714285714286
BG04972	-9.676359258595902	4.60423727640887	0.40384981340091064	1.4285714285714286
BG04973	-8.211428097358786	-1.311509010086035	0.43951477988139814	1.4285714285714286
BG04974	-9.539346255356119	4.300281863795413	0.4527631047563461	1.4285714285714286
BG04975	-8.098593267336133	4.280996418891982	0.40096524570379255	1.4285714285714286
BG04976	-9.558830904781303	3.2753620338408207	0.41152838914256745	1.4285714285714286
BG04977	-8.50858578525325	3.21057865513511	0.43648665535574893	1.4285714285714286
BG04978	-9.557101036580828	3.1957614171118682	0.41241071387263656	1.4285714285714286
BG04979	-8.644866802466037	4.326953999567676	0.4224395973171448	1.4285714285714286
BG04980	-7.853878375619399	4.838661573355406	0.41797186159060795	1.4285714285714286
BG04981	-9.611826599402704	5.556872732091352	0.4340478572513027	1.4285714285714286
BG04982	-9.165797165488947	4.706450176797379	0.40265023248400156	1.2853061932652365
BG04983	-9.713347953006746	6.8707900295498545	0.4119444951332148	1.4285714285714286
BG04984	-9.565727183286377	5.361752696602519	0.43710825978251533	1.4285714285714286
BG04985	-9.08259388594801	3.506692332365273	0.43911786918428525	1.4285714285714286
BG04986	-9.33722403714957	3.692025769346226	0.4481457604075939	1.4285714285714286
BG04987	-8.212398023791952	3.7094439924226306	0.41415543014649797	1.4285714285714286
BG04988	-9.294894563869779	2.3571535340196186	0.4547103372477485	1.4285714285714286
BG04989	-9.939136317622587	4.13075785354959	0.4340226346686247	1.4285714285714286
BG04990	-8.73923882394652	3.082625158117358	0.3941698623669417	1.4285714285714286
BG04991	-9.137695409271066	4.151744176122061	0.4459453605627065	1.4285714285714286
BG04992	-8.041849677012015	3.5158587430336494	0.42594095055746484	1.4285714285714286
BG04993	-8.242309924885653	2.6183360854153728	0.4461399435817182	1.4285714285714286
BG04994	-9.57124702498373	3.5659045677595667	0.4215911289432346	1.4285714285714286
BG04995	-10.093053929675307	4.92449667260715	0.4485536604413135	1.4285714285714286
BG04996	-9.835306234092538	3.5791371986354568	0.447074838643079	1.4285714285714286
BG04997	-7.844532453237522	1.9354755137598478	0.3896492099678357	1.4285714285714286
BG04998	-8.260385991894402	6.7144528648160815	0.4351558721193368	1.4285714285714286
BG04999	-9.498330873086806	4.537899872026978	0.4373731783707429	1.4285714285714286
BG05000	-10.002471300702002	3.4458739536998952	0.4426568963251131	1.4285714285714286
