gene	cpg	fixed_probe_order_within_gene	promoter_match	promoter_groups	cohort	model	analysis	n	effect	p	df_model	df_resid	status	ci_low	ci_high	bootstrap_valid_draws	unit	q_BH77	n_high	n_low
EYA4	cg14017655	1	True	TSS1500	Colonomics	unadjusted	methylation_expression_spearman	94	-0.3747642957771918	0.00019808502407381084	0.0	92.0	estimated	-0.531316586698752	-0.1899066627137175	5000	rho	0.003813136713420859		
EYA4	cg20330472	2	True	TSS1500	Colonomics	unadjusted	methylation_expression_spearman	94	-0.17078413027648284	0.09981030094203745	0.0	92.0	estimated	-0.3552541712863006	0.027575309764693596	5000	rho	0.18744861396431423		
EYA4	cg17838029	3	True	TSS200	Colonomics	unadjusted	methylation_expression_spearman	94	-0.32118628761333673	0.0015971531658100326	0.0	92.0	estimated	-0.49182811811908467	-0.1436737703278417	5000	rho	0.010522293720010031		
EYA4	cg14343214	4	True	TSS1500	Colonomics	unadjusted	methylation_expression_spearman	94	-0.20843839179279702	0.04379502180274625	0.0	92.0	estimated	-0.402721128603153	-0.005348905074301293	5000	rho	0.1341454617508828		
EYA4	cg24675448	5	False		Colonomics	unadjusted	methylation_expression_spearman	94	-0.40838781923924433	4.3860224024188716e-05	0.0	92.0	estimated	-0.5687004512632509	-0.223922163458572	5000	rho	0.0018662787907587303		
EYA4	cg21607030	6	False		Colonomics	unadjusted	methylation_expression_spearman	94	-0.31928735790172524	0.0017084924552587272	0.0	92.0	estimated	-0.4924277889557723	-0.11477103677200605	5000	rho	0.010522293720010031		
EYA4	cg11664500	7	True	TSS200	Colonomics	unadjusted	methylation_expression_spearman	94	-0.22283792521882637	0.030864943227329817	0.0	92.0	estimated	-0.4101250586446956	-0.015417036720165807	5000	rho	0.10802730129565435		
EYA4	cg26656135	8	False		Colonomics	unadjusted	methylation_expression_spearman	94	-0.20383053737870668	0.04878016790941193	0.0	92.0	estimated	-0.39777858634828883	0.003840394003993574	5000	rho	0.1341454617508828		
EYA4	cg20286200	9	True	TSS1500	Colonomics	unadjusted	methylation_expression_spearman	94	-0.2321666600576317	0.02434231496445743	0.0	92.0	estimated	-0.41400523786082566	-0.028164575890455828	5000	rho	0.09371791261316112		
EYA4	cg14270292	10	False		Colonomics	unadjusted	methylation_expression_spearman	94	-0.20885968494184146	0.04336115173128305	0.0	92.0	estimated	-0.39343228268470576	-0.012844851382833209	5000	rho	0.1341454617508828		
EYA4	cg06181518	11	True	TSS1500	Colonomics	unadjusted	methylation_expression_spearman	94	-0.3650254668930391	0.00029762214966324907	0.0	92.0	estimated	-0.5296697545317892	-0.17283378921808187	5000	rho	0.004583381104814035		
EYA4	cg14287112	12	True	TSS200	Colonomics	unadjusted	methylation_expression_spearman	94	-0.19445146841021566	0.060378359882090074	0.0	92.0	estimated	-0.381701024544814	0.00872823266967923	5000	rho	0.1499720551909979		
EYA4	cg01328892	13	True	TSS200	Colonomics	unadjusted	methylation_expression_spearman	94	-0.35279668242572587	0.0004874263460402922	0.0	92.0	estimated	-0.5183592127770074	-0.1642884902967339	5000	rho	0.005361689806443214		
EYA4	cg05493394	14	True	TSS1500	Colonomics	unadjusted	methylation_expression_spearman	94	-0.2460589246816713	0.016821401599026335	0.0	92.0	estimated	-0.4306356045918936	-0.03961522604889011	5000	rho	0.07619105430147222		
EYA4	cg26449787	15	True	TSS1500	Colonomics	unadjusted	methylation_expression_spearman	94	-0.3108561603031527	0.0022924935881432707	0.0	92.0	estimated	-0.48541488581283315	-0.12362449085566395	5000	rho	0.01260871473478799		
EYA4	cg22871668	16	True	TSS200	Colonomics	unadjusted	methylation_expression_spearman	94	-0.22386382929680174	0.030082086374530623	0.0	92.0	estimated	-0.4038757186652966	-0.027443776218345785	5000	rho	0.10802730129565435		
EYA4	cg20980055	17	True	TSS1500	Colonomics	unadjusted	methylation_expression_spearman	94	-0.186547700754976	0.07181548183046964	0.0	92.0	estimated	-0.37974887797725304	0.018285459531987715	5000	rho	0.16361137314895785		
ZNF568	cg06611358	1	False		Colonomics	unadjusted	methylation_expression_spearman	94	0.03680290146252842	0.7247163896346471	0.0	92.0	estimated	-0.18326987633517772	0.24844803526381465	5000	rho	0.8328830149532512		
ZNF568	cg27390819	2	False		Colonomics	unadjusted	methylation_expression_spearman	94	-0.09600150273336029	0.3573409235729974	0.0	92.0	estimated	-0.29430500834582524	0.10680206697398938	5000	rho	0.5291394445215538		
ZNF568	cg20154403	3	False		Colonomics	unadjusted	methylation_expression_spearman	94	-0.05830314020606694	0.576720253179303	0.0	92.0	estimated	-0.25841944019127855	0.14378637140526998	5000	rho	0.7526688049967175		
ZNF568	cg21761844	4	False		Colonomics	unadjusted	methylation_expression_spearman	94	-0.016385625731501152	0.8754423205138713	0.0	92.0	estimated	-0.22450146187796907	0.19529800192593721	5000	rho	0.9413084862714405		
ZNF568	cg20680720	5	True	TSS200	Colonomics	unadjusted	methylation_expression_spearman	94	-0.015757019676509543	0.8801845585914767	0.0	92.0	estimated	-0.22235071208266058	0.1947788582776381	5000	rho	0.9413084862714405		
ZNF568	cg02459604	6	False		Colonomics	unadjusted	methylation_expression_spearman	94	-0.0385147509837104	0.7124595192639503	0.0	92.0	estimated	-0.24491663034403344	0.1622200178069089	5000	rho	0.8328830149532512		
ZNF568	cg03060201	7	False		Colonomics	unadjusted	methylation_expression_spearman	94	-0.08179085930613957	0.4332185568716467	0.0	92.0	estimated	-0.28569090093053534	0.13474518495278873	5000	rho	0.5852250680546807		
ZNF568	cg03443751	8	False		Colonomics	unadjusted	methylation_expression_spearman	94	0.008069963768299477	0.9384679554619542	0.0	92.0	estimated	-0.19283950626304444	0.21087332596970715	5000	rho	0.9898908571311024		
ZNF793	cg17332326	1	True	TSS1500	Colonomics	unadjusted	methylation_expression_spearman	94	-0.35302659764922617	0.0004830136028213122	0.0	92.0	estimated	-0.51552164300037	-0.16462016488977257	5000	rho	0.005361689806443214		
ZNF793	cg11623861	2	True	TSS1500	Colonomics	unadjusted	methylation_expression_spearman	94	-0.3181819823810898	0.0017764911475341612	0.0	92.0	estimated	-0.4962421419802165	-0.12029239674192256	5000	rho	0.010522293720010031		
ZNF793	cg14732998	3	True	TSS200	Colonomics	unadjusted	methylation_expression_spearman	94	-0.40626523955486527	4.8474773785941047e-05	0.0	92.0	estimated	-0.5655973953746971	-0.22434454019509187	5000	rho	0.0018662787907587303		
ZNF793	cg07482795	4	True	TSS200	Colonomics	unadjusted	methylation_expression_spearman	94	-0.2844004219226379	0.005468047787300043	0.0	92.0	estimated	-0.47137169837083215	-0.08213457225106859	5000	rho	0.028069311974806888		
ZNF793	cg13181745	5	True	TSS200	Colonomics	unadjusted	methylation_expression_spearman	94	-0.32668174233041763	0.001310957273823437	0.0	92.0	estimated	-0.5035810351673665	-0.11944833320478151	5000	rho	0.010522293720010031		
ZNF793	cg24078985	6	True	TSS200	Colonomics	unadjusted	methylation_expression_spearman	94	-0.3231814585920685	0.0014872856360077142	0.0	92.0	estimated	-0.5096946703608152	-0.12334822728797609	5000	rho	0.010522293720010031		
ZNF793	cg15139588	7	False		Colonomics	unadjusted	methylation_expression_spearman	94	-0.3865288193390843	0.00011904745185605421	0.0	92.0	estimated	-0.5526315529081502	-0.1990360864717639	5000	rho	0.0030555512643053915		
ZNF793	cg25361907	8	True	TSS200	Colonomics	unadjusted	methylation_expression_spearman	94	-0.34577427138873235	0.0006413877555814119	0.0	92.0	estimated	-0.5202408301118502	-0.1476187499458643	5000	rho	0.006173357147471089		
SFMBT2	cg20299663	1	False		Colonomics	unadjusted	methylation_expression_spearman	94	-0.1509540289003288	0.14641603628075556	0.0	92.0	estimated	-0.33947394270244124	0.046709140149214234	5000	rho	0.2562280634913222		
SFMBT2	cg20506550	2	False		Colonomics	unadjusted	methylation_expression_spearman	94	-0.1810569663692519	0.08074327506052466	0.0	92.0	estimated	-0.37638032011824807	0.022564314801044722	5000	rho	0.16361137314895785		
SFMBT2	cg01056653	3	False		Colonomics	unadjusted	methylation_expression_spearman	94	-0.12709651084326268	0.2221934005374314	0.0	92.0	estimated	-0.32647532186569966	0.07847470688845641	5000	rho	0.371932431334396		
SFMBT2	cg22862480	4	False		Colonomics	unadjusted	methylation_expression_spearman	94	-0.023415176878297767	0.8227481489872697	0.0	92.0	estimated	-0.22362733493206813	0.1867694550335288	5000	rho	0.9181392387249241		
SFMBT2	cg12767281	5	False		Colonomics	unadjusted	methylation_expression_spearman	94	-0.2175703500343171	0.03516064314906679	0.0	92.0	estimated	-0.40610248847634933	-0.013476844296996082	5000	rho	0.11771171836861491		
SFMBT2	cg26878816	6	False		Colonomics	unadjusted	methylation_expression_spearman	94	-0.16310429904487822	0.11624432960107939	0.0	92.0	estimated	-0.35268699430768957	0.03647538581742487	5000	rho	0.21311460426864556		
SFMBT2	cg12328063	7	False		Colonomics	unadjusted	methylation_expression_spearman	94	-0.24957555178268254	0.015271770480192735	0.0	92.0	estimated	-0.4298851962462498	-0.05317572491611055	5000	rho	0.07349539543592754		
SFMBT2	cg16818993	8	True	TSS200	Colonomics	unadjusted	methylation_expression_spearman	94	-0.1709858035617527	0.09940469134434404	0.0	92.0	estimated	-0.3582506905022894	0.03598753897351381	5000	rho	0.18744861396431423		
ADHFE1	cg20295442	1	True	TSS200	Colonomics	unadjusted	methylation_expression_spearman	94	-0.1833787288957665	0.07686560108969173	0.0	92.0	estimated	-0.3781995228291012	0.014767760865296613	5000	rho	0.16361137314895785		
ADHFE1	cg19283840	2	True	TSS200	Colonomics	unadjusted	methylation_expression_spearman	94	-0.2008669580609038	0.05222739048408838	0.0	92.0	estimated	-0.3901962961597028	-0.0028828703234864885	5000	rho	0.13867272645775192		
ADHFE1	cg25046651	3	False		Colonomics	unadjusted	methylation_expression_spearman	94	-0.20442222455150733	0.048114931797792776	0.0	92.0	estimated	-0.4010676677857911	-0.0059834138604939625	5000	rho	0.1341454617508828		
ADHFE1	cg01588438	4	True	TSS200	Colonomics	unadjusted	methylation_expression_spearman	94	-0.1817301718081731	0.0796031776920699	0.0	92.0	estimated	-0.3808257515226343	0.020054210988989435	5000	rho	0.16361137314895785		
ADHFE1	cg08090772	5	True	TSS200	Colonomics	unadjusted	methylation_expression_spearman	94	-0.23412371581520466	0.023134459402031845	0.0	92.0	estimated	-0.41818982027563856	-0.034260700712459354	5000	rho	0.09371791261316112		
ADHFE1	cg09383816	6	True	TSS200	Colonomics	unadjusted	methylation_expression_spearman	94	-0.1823803950515036	0.07851425743974186	0.0	92.0	estimated	-0.37546555778504737	0.023029131800387414	5000	rho	0.16361137314895785		
ADHFE1	cg20912169	7	False		Colonomics	unadjusted	methylation_expression_spearman	94	-0.2041902972943684	0.048374789578794895	0.0	92.0	estimated	-0.3972260579609439	0.003195887851132611	5000	rho	0.1341454617508828		
ADHFE1	cg18065361	8	True	TSS200	Colonomics	unadjusted	methylation_expression_spearman	94	-0.1978477688405382	0.05594286607099131	0.0	92.0	estimated	-0.3885022402166326	0.0014068623298975995	5000	rho	0.14358668958221102		
HOXA2	cg04481096	1	False		Colonomics	unadjusted	methylation_expression_spearman	94	0.05440201135865244	0.6025229856727352	0.0	92.0	estimated	-0.15677241756351262	0.25955860034061856	5000	rho	0.7732378316133435		
HOXA2	cg19598584	2	True	TSS1500	Colonomics	unadjusted	methylation_expression_spearman	94	0.12263888537769346	0.23896801587805352	0.0	92.0	estimated	-0.08864555693612909	0.32698237222519067	5000	rho	0.39150079197042814		
HOXA2	cg09871315	3	True	TSS1500	Colonomics	unadjusted	methylation_expression_spearman	94	0.07504244482173175	0.47223752601311864	0.0	92.0	estimated	-0.12797482322547196	0.28743253797960083	5000	rho	0.6269360259139678		
HOXA2	cg13661519	4	False		Colonomics	unadjusted	methylation_expression_spearman	94	0.0011920845586557984	0.9909018801083648	0.0	92.0	estimated	-0.1995079832370875	0.20561827802411026	5000	rho	0.9928869682820706		
HOXA2	cg02803819	5	False		Colonomics	unadjusted	methylation_expression_spearman	94	0.000931979915471589	0.9928869682820707	0.0	92.0	estimated	-0.19263743276048162	0.19919361609371908	5000	rho	0.9928869682820706		
HOXA2	cg03763508	6	False		Colonomics	unadjusted	methylation_expression_spearman	94	-0.00272369324133945	0.9792143448228057	0.0	92.0	estimated	-0.20926448254507693	0.20294440862433535	5000	rho	0.9928869682820706		
HOXA2	cg00188704	7	False		Colonomics	unadjusted	methylation_expression_spearman	94	-0.03334260521326248	0.7497022789072181	0.0	92.0	estimated	-0.24424311162224727	0.17851226344479004	5000	rho	0.848927580527291		
HOXA2	cg06786372	8	False		Colonomics	unadjusted	methylation_expression_spearman	94	0.0011342701296824765	0.9913431086967104	0.0	92.0	estimated	-0.20085022450477893	0.19722456834460803	5000	rho	0.9928869682820706		
GFRA1	cg19236679	1	True	TSS1500	Colonomics	unadjusted	methylation_expression_spearman	94	0.04247387376350279	0.6843949857624534	0.0	92.0	estimated	-0.16445139787421775	0.24804413419140897	5000	rho	0.8234127172454517		
GFRA1	cg06298519	2	True	TSS200	Colonomics	unadjusted	methylation_expression_spearman	94	0.047957576546976736	0.6462277065693628	0.0	92.0	estimated	-0.17562872155545414	0.2566220637516146	5000	rho	0.8025731194490473		
GFRA1	cg19485539	3	True	TSS200	Colonomics	unadjusted	methylation_expression_spearman	94	0.019239244301556914	0.8539721667350665	0.0	92.0	estimated	-0.190548431795496	0.2290989595179359	5000	rho	0.9393693834085732		
GFRA1	cg18672939	4	True	TSS1500;TSS200	Colonomics	unadjusted	methylation_expression_spearman	94	0.08197810930896218	0.43216272315266824	0.0	92.0	estimated	-0.12352518324478717	0.2816178820506986	5000	rho	0.5852250680546807		
GFRA1	cg27034576	5	False		Colonomics	unadjusted	methylation_expression_spearman	94	0.036881840840949316	0.7241496255915307	0.0	92.0	estimated	-0.17046345987898723	0.24218172654758763	5000	rho	0.8328830149532512		
GFRA1	cg18044663	6	True	TSS1500	Colonomics	unadjusted	methylation_expression_spearman	94	0.1084496205245689	0.29812526147536833	0.0	92.0	estimated	-0.10917330243962482	0.3119108367726031	5000	rho	0.45011068889418354		
UNC5C	cg15701178	1	True	TSS1500	Colonomics	unadjusted	methylation_expression_spearman	94	-0.18390841966853066	0.0760022022703458	0.0	92.0	estimated	-0.3773569902903182	0.022851049351997516	5000	rho	0.16361137314895785		
UNC5C	cg03008707	2	False		Colonomics	unadjusted	methylation_expression_spearman	94	-0.11084138887684772	0.2875327667364191	0.0	92.0	estimated	-0.3068718074252119	0.09110639771026109	5000	rho	0.4428004607740854		
UNC5C	cg24870497	3	False		Colonomics	unadjusted	methylation_expression_spearman	94	-0.045999682113081045	0.6597564862628034	0.0	92.0	estimated	-0.25031184424540787	0.1616022352263139	5000	rho	0.8063690387656485		
UNC5C	cg13265789	4	True	TSS1500	Colonomics	unadjusted	methylation_expression_spearman	94	-0.05269698151921049	0.6139586279062945	0.0	92.0	estimated	-0.2502503173323303	0.15635690735520766	5000	rho	0.7749969565374538		
UNC5C	cg12584684	5	True	TSS1500	Colonomics	unadjusted	methylation_expression_spearman	94	-0.09095145378614335	0.38330803007853775	0.0	92.0	estimated	-0.28384518555579435	0.11256206401317755	5000	rho	0.5568814776612718		
RALYL	cg08327106	1	True	TSS1500	Colonomics	unadjusted	methylation_expression_spearman	94	-0.08634179821551133	0.4079758010687009	0.0	92.0	estimated	-0.3111414061638263	0.14041534945304973	5000	rho	0.5817432718942587		
RALYL	cg09757712	2	True	TSS1500	Colonomics	unadjusted	methylation_expression_spearman	94	-0.08404435935411624	0.42060963859860456	0.0	92.0	estimated	-0.30141047668912835	0.14206496474965988	5000	rho	0.5852250680546807		
RALYL	cg11089595	3	True	TSS1500	Colonomics	unadjusted	methylation_expression_spearman	94	-0.11385326734819202	0.27455351094487884	0.0	92.0	estimated	-0.32885074558163063	0.11726889082370909	5000	rho	0.4314412314848096		
RALYL	cg01134282	4	True	TSS1500	Colonomics	unadjusted	methylation_expression_spearman	94	-0.13069439979278205	0.20927251655135262	0.0	92.0	estimated	-0.3391697469287783	0.08761220643836308	5000	rho	0.35808852832120336		
RALYL	cg06955749	5	True	TSS1500	Colonomics	unadjusted	methylation_expression_spearman	94	-0.16150706209587112	0.11991120350360845	0.0	92.0	estimated	-0.3660997935410962	0.05464800340765021	5000	rho	0.2147247132506477		
BEND5	cg11666087	1	False		Colonomics	unadjusted	methylation_expression_spearman	94	-0.17704792489341714	0.08780531763377102	0.0	92.0	estimated	-0.37448768796904996	0.02563145427060146	5000	rho	0.1733592168666761		
BEND5	cg16573178	2	False		Colonomics	unadjusted	methylation_expression_spearman	94	-0.18792828786124083	0.0697006403050001	0.0	92.0	estimated	-0.38866370056827926	0.024749860398742128	5000	rho	0.16361137314895785		
BEND5	cg06744574	3	False		Colonomics	unadjusted	methylation_expression_spearman	94	-0.23492396055340822	0.022655517293191884	0.0	92.0	estimated	-0.4243111819184951	-0.030684240410478483	5000	rho	0.09371791261316112		
BEND5	cg03603214	4	True	TSS1500	Colonomics	unadjusted	methylation_expression_spearman	94	-0.11643288817360282	0.2637547039679476	0.0	92.0	estimated	-0.3136579189077543	0.09466311666925514	5000	rho	0.42310650428191593		
EYA4	cg14017655	1	True	TSS1500	Colonomics	rank_residual_age_sex_site_stroma	methylation_expression_spearman	94	-0.2836936105324452	0.0067355689253325145	5.0	88.0	estimated	-0.4614409530693297	-0.0792677478861958	5000	rho	0.05762653413895596		
EYA4	cg20330472	2	True	TSS1500	Colonomics	rank_residual_age_sex_site_stroma	methylation_expression_spearman	94	-0.10222218492144902	0.337698121648079	5.0	88.0	estimated	-0.3146526127073993	0.11167312871723362	5000	rho	0.5593725152424937		
EYA4	cg17838029	3	True	TSS200	Colonomics	rank_residual_age_sex_site_stroma	methylation_expression_spearman	94	-0.21777004667809882	0.03921868133828966	5.0	88.0	estimated	-0.40876937483596787	-0.005771607149259302	5000	rho	0.18873990394051898		
EYA4	cg14343214	4	True	TSS1500	Colonomics	rank_residual_age_sex_site_stroma	methylation_expression_spearman	94	-0.07995854727246461	0.45376643419933915	5.0	88.0	estimated	-0.29801483104086374	0.13117721109019762	5000	rho	0.6239288470240913		
EYA4	cg24675448	5	False		Colonomics	rank_residual_age_sex_site_stroma	methylation_expression_spearman	94	-0.31239286370835306	0.0027211975901049773	5.0	88.0	estimated	-0.5045162254655793	-0.09101874534008784	5000	rho	0.03125200658079184		
EYA4	cg21607030	6	False		Colonomics	rank_residual_age_sex_site_stroma	methylation_expression_spearman	94	-0.18042204408933601	0.08881104052635984	5.0	88.0	estimated	-0.374785736874116	0.041293621348360295	5000	rho	0.24485894279447046		
EYA4	cg11664500	7	True	TSS200	Colonomics	rank_residual_age_sex_site_stroma	methylation_expression_spearman	94	-0.0919180083549547	0.3888815262274913	5.0	88.0	estimated	-0.2972452529659263	0.11612311149187311	5000	rho	0.5894422652200512		
EYA4	cg26656135	8	False		Colonomics	rank_residual_age_sex_site_stroma	methylation_expression_spearman	94	-0.08079218177486724	0.4490578601365436	5.0	88.0	estimated	-0.29330112978062683	0.14098668492911254	5000	rho	0.6239288470240913		
EYA4	cg20286200	9	True	TSS1500	Colonomics	rank_residual_age_sex_site_stroma	methylation_expression_spearman	94	-0.1166277538743668	0.2736469376559155	5.0	88.0	estimated	-0.32505259009855897	0.10391501760451224	5000	rho	0.5200663074465228		
EYA4	cg14270292	10	False		Colonomics	rank_residual_age_sex_site_stroma	methylation_expression_spearman	94	-0.05832688817557945	0.5850192832850866	5.0	88.0	estimated	-0.2559340679285777	0.14700882685288638	5000	rho	0.7142145538029608		
EYA4	cg06181518	11	True	TSS1500	Colonomics	rank_residual_age_sex_site_stroma	methylation_expression_spearman	94	-0.26040797258893755	0.01318100844114446	5.0	88.0	estimated	-0.44784681887185535	-0.05838532981101945	5000	rho	0.09226705908801124		
EYA4	cg14287112	12	True	TSS200	Colonomics	rank_residual_age_sex_site_stroma	methylation_expression_spearman	94	-0.05752234647190828	0.5902160323021273	5.0	88.0	estimated	-0.26639845129776735	0.15858019477922175	5000	rho	0.7142145538029608		
EYA4	cg01328892	13	True	TSS200	Colonomics	rank_residual_age_sex_site_stroma	methylation_expression_spearman	94	-0.2407828863552369	0.02224951133144708	5.0	88.0	estimated	-0.4401659837755275	-0.03425533842548078	5000	rho	0.11941598662353364		
EYA4	cg05493394	14	True	TSS1500	Colonomics	rank_residual_age_sex_site_stroma	methylation_expression_spearman	94	-0.16529086910225876	0.11949485910645333	5.0	88.0	estimated	-0.36832360872269604	0.04876609521448539	5000	rho	0.312037682378693		
EYA4	cg26449787	15	True	TSS1500	Colonomics	rank_residual_age_sex_site_stroma	methylation_expression_spearman	94	-0.1802950881241866	0.08903961556162562	5.0	88.0	estimated	-0.38441054471223574	0.04442774662164579	5000	rho	0.24485894279447046		
EYA4	cg22871668	16	True	TSS200	Colonomics	rank_residual_age_sex_site_stroma	methylation_expression_spearman	94	-0.09015815828433134	0.39806490638237224	5.0	88.0	estimated	-0.29459670418581685	0.11223160345918348	5000	rho	0.5894422652200512		
EYA4	cg20980055	17	True	TSS1500	Colonomics	rank_residual_age_sex_site_stroma	methylation_expression_spearman	94	-0.050892383461375305	0.6338125689681391	5.0	88.0	estimated	-0.2548916517399237	0.17133425545228492	5000	rho	0.7394479971294956		
ZNF568	cg06611358	1	False		Colonomics	rank_residual_age_sex_site_stroma	methylation_expression_spearman	94	-0.03964115823654815	0.7106687796654021	5.0	88.0	estimated	-0.2635537228108188	0.18454355425027816	5000	rho	0.7817356576319423		
ZNF568	cg27390819	2	False		Colonomics	rank_residual_age_sex_site_stroma	methylation_expression_spearman	94	-0.18293176330317065	0.08438714763383459	5.0	88.0	estimated	-0.3821058849049152	0.025880159040599246	5000	rho	0.24485894279447046		
ZNF568	cg20154403	3	False		Colonomics	rank_residual_age_sex_site_stroma	methylation_expression_spearman	94	-0.1117446021725615	0.2943751283296625	5.0	88.0	estimated	-0.3101815207833172	0.09106250225466168	5000	rho	0.539687735271048		
ZNF568	cg21761844	4	False		Colonomics	rank_residual_age_sex_site_stroma	methylation_expression_spearman	94	-0.056995111261258356	0.5936328758881753	5.0	88.0	estimated	-0.2688879103448229	0.1568565290046493	5000	rho	0.7142145538029608		
ZNF568	cg20680720	5	True	TSS200	Colonomics	rank_residual_age_sex_site_stroma	methylation_expression_spearman	94	-0.051536902880495415	0.6295158567226262	5.0	88.0	estimated	-0.2612859179086385	0.15420492627843638	5000	rho	0.7394479971294956		
ZNF568	cg02459604	6	False		Colonomics	rank_residual_age_sex_site_stroma	methylation_expression_spearman	94	-0.07648694190090408	0.47366635594306783	5.0	88.0	estimated	-0.2728532034142168	0.1286632812091331	5000	rho	0.6312890455071977		
ZNF568	cg03060201	7	False		Colonomics	rank_residual_age_sex_site_stroma	methylation_expression_spearman	94	-0.13322127802669337	0.210653855117099	5.0	88.0	estimated	-0.3383323181446402	0.08063531747565957	5000	rho	0.44100282807832664		
ZNF568	cg03443751	8	False		Colonomics	rank_residual_age_sex_site_stroma	methylation_expression_spearman	94	-0.03118765610566269	0.7704340118680025	5.0	88.0	estimated	-0.2378512547075216	0.17932370643122925	5000	rho	0.8241870533627664		
ZNF793	cg17332326	1	True	TSS1500	Colonomics	rank_residual_age_sex_site_stroma	methylation_expression_spearman	94	-0.343802303343209	0.0009074558648125298	5.0	88.0	estimated	-0.5155430663646392	-0.14292190916897862	5000	rho	0.021771957761605572		
ZNF793	cg11623861	2	True	TSS1500	Colonomics	rank_residual_age_sex_site_stroma	methylation_expression_spearman	94	-0.30679551617571926	0.003270392662837579	5.0	88.0	estimated	-0.489168935464698	-0.09577631394601946	5000	rho	0.0314775293798117		
ZNF793	cg14732998	3	True	TSS200	Colonomics	rank_residual_age_sex_site_stroma	methylation_expression_spearman	94	-0.4033686770297407	8.078426270522535e-05	5.0	88.0	estimated	-0.5666558805436954	-0.21216668345926012	5000	rho	0.006220388228302352		
ZNF793	cg07482795	4	True	TSS200	Colonomics	rank_residual_age_sex_site_stroma	methylation_expression_spearman	94	-0.2644615782007803	0.011773873766601451	5.0	88.0	estimated	-0.4596082247685061	-0.04894147822261817	5000	rho	0.09065882800283118		
ZNF793	cg13181745	5	True	TSS200	Colonomics	rank_residual_age_sex_site_stroma	methylation_expression_spearman	94	-0.31806798689402166	0.0022503570116017752	5.0	88.0	estimated	-0.5108895154573222	-0.1046541899209154	5000	rho	0.03125200658079184		
ZNF793	cg24078985	6	True	TSS200	Colonomics	rank_residual_age_sex_site_stroma	methylation_expression_spearman	94	-0.31108960885283116	0.0028410915073447127	5.0	88.0	estimated	-0.501229189032755	-0.10090939457888333	5000	rho	0.03125200658079184		
ZNF793	cg15139588	7	False		Colonomics	rank_residual_age_sex_site_stroma	methylation_expression_spearman	94	-0.37905195789279034	0.00022940269448482064	5.0	88.0	estimated	-0.546387815020273	-0.175539740696058	5000	rho	0.008832003737665595		
ZNF793	cg25361907	8	True	TSS200	Colonomics	rank_residual_age_sex_site_stroma	methylation_expression_spearman	94	-0.3377609305943889	0.001131010792810679	5.0	88.0	estimated	-0.5196837156361129	-0.12331241627615376	5000	rho	0.021771957761605572		
SFMBT2	cg20299663	1	False		Colonomics	rank_residual_age_sex_site_stroma	methylation_expression_spearman	94	-0.12793421772922353	0.22949134646148608	5.0	88.0	estimated	-0.3324372134021275	0.07613486545861647	5000	rho	0.4530982994239597		
SFMBT2	cg20506550	2	False		Colonomics	rank_residual_age_sex_site_stroma	methylation_expression_spearman	94	-0.16173322313173014	0.1277752635913551	5.0	88.0	estimated	-0.3618936975186957	0.04992426302126018	5000	rho	0.312037682378693		
SFMBT2	cg01056653	3	False		Colonomics	rank_residual_age_sex_site_stroma	methylation_expression_spearman	94	-0.09844171863880052	0.355960133969515	5.0	88.0	estimated	-0.3096653631613075	0.11541085723846166	5000	rho	0.5593725152424937		
SFMBT2	cg22862480	4	False		Colonomics	rank_residual_age_sex_site_stroma	methylation_expression_spearman	94	0.02945931502844007	0.7828332009361045	5.0	88.0	estimated	-0.1769101400727584	0.22981384514320768	5000	rho	0.8257281708504116		
SFMBT2	cg12767281	5	False		Colonomics	rank_residual_age_sex_site_stroma	methylation_expression_spearman	94	-0.20071827881297669	0.057838969424126314	5.0	88.0	estimated	-0.40400529602367036	0.009681918116314974	5000	rho	0.2024363929844421		
SFMBT2	cg26878816	6	False		Colonomics	rank_residual_age_sex_site_stroma	methylation_expression_spearman	94	-0.13441870580910018	0.20654476549224435	5.0	88.0	estimated	-0.3301881898584091	0.0802178213587932	5000	rho	0.44100282807832664		
SFMBT2	cg12328063	7	False		Colonomics	rank_residual_age_sex_site_stroma	methylation_expression_spearman	94	-0.2419095672813804	0.02161267320946838	5.0	88.0	estimated	-0.4289553591410374	-0.04098951450046529	5000	rho	0.11941598662353364		
SFMBT2	cg16818993	8	True	TSS200	Colonomics	rank_residual_age_sex_site_stroma	methylation_expression_spearman	94	-0.14999618223828745	0.158216726036427	5.0	88.0	estimated	-0.34740056396841407	0.047977364640324885	5000	rho	0.36917236075166304		
ADHFE1	cg20295442	1	True	TSS200	Colonomics	rank_residual_age_sex_site_stroma	methylation_expression_spearman	94	-0.1892583406008366	0.07401059269665365	5.0	88.0	estimated	-0.38841751294367205	0.02450692034382454	5000	rho	0.24485894279447046		
ADHFE1	cg19283840	2	True	TSS200	Colonomics	rank_residual_age_sex_site_stroma	methylation_expression_spearman	94	-0.20954228622540655	0.047460305254067935	5.0	88.0	estimated	-0.39534287211666475	0.0005039626571034293	5000	rho	0.1923391318191174		
ADHFE1	cg25046651	3	False		Colonomics	rank_residual_age_sex_site_stroma	methylation_expression_spearman	94	-0.21098264927695137	0.04592211474143506	5.0	88.0	estimated	-0.40864384715918856	-0.00910034201618651	5000	rho	0.1923391318191174		
ADHFE1	cg01588438	4	True	TSS200	Colonomics	rank_residual_age_sex_site_stroma	methylation_expression_spearman	94	-0.18717120520961655	0.07731402062206486	5.0	88.0	estimated	-0.3805367999109253	0.02471018573944301	5000	rho	0.24485894279447046		
ADHFE1	cg08090772	5	True	TSS200	Colonomics	rank_residual_age_sex_site_stroma	methylation_expression_spearman	94	-0.247309121204609	0.018772689753857305	5.0	88.0	estimated	-0.43149593086404625	-0.041803468237218706	5000	rho	0.11941598662353364		
ADHFE1	cg09383816	6	True	TSS200	Colonomics	rank_residual_age_sex_site_stroma	methylation_expression_spearman	94	-0.18538972298196527	0.08022615002498833	5.0	88.0	estimated	-0.3815366673875038	0.02042245293868165	5000	rho	0.24485894279447046		
ADHFE1	cg20912169	7	False		Colonomics	rank_residual_age_sex_site_stroma	methylation_expression_spearman	94	-0.21470531748733765	0.04213684372249063	5.0	88.0	estimated	-0.41133587201666844	-0.004526211332571211	5000	rho	0.19085511568422228		
ADHFE1	cg18065361	8	True	TSS200	Colonomics	rank_residual_age_sex_site_stroma	methylation_expression_spearman	94	-0.20341745549048268	0.054483974071774716	5.0	88.0	estimated	-0.39357711995484096	0.006271105149250008	5000	rho	0.20121530126557352		
HOXA2	cg04481096	1	False		Colonomics	rank_residual_age_sex_site_stroma	methylation_expression_spearman	94	-0.007112643926939561	0.9469526282013436	5.0	88.0	estimated	-0.20338414819826278	0.19793457698105738	5000	rho	0.9534282580001459		
HOXA2	cg19598584	2	True	TSS1500	Colonomics	rank_residual_age_sex_site_stroma	methylation_expression_spearman	94	0.042851234173664245	0.6884022839100447	5.0	88.0	estimated	-0.15934960974260529	0.25008193118584543	5000	rho	0.7682170414648324		
HOXA2	cg09871315	3	True	TSS1500	Colonomics	rank_residual_age_sex_site_stroma	methylation_expression_spearman	94	-0.006243346531712932	0.9534282580001459	5.0	88.0	estimated	-0.19628779998275675	0.19465435197762393	5000	rho	0.9534282580001459		
HOXA2	cg13661519	4	False		Colonomics	rank_residual_age_sex_site_stroma	methylation_expression_spearman	94	-0.0909504070978801	0.3939149462093037	5.0	88.0	estimated	-0.27552380642676927	0.10200743774060445	5000	rho	0.5894422652200512		
HOXA2	cg02803819	5	False		Colonomics	rank_residual_age_sex_site_stroma	methylation_expression_spearman	94	-0.10011296685198531	0.3478127623071622	5.0	88.0	estimated	-0.28859250051456703	0.09892644368747118	5000	rho	0.5593725152424937		
HOXA2	cg03763508	6	False		Colonomics	rank_residual_age_sex_site_stroma	methylation_expression_spearman	94	-0.10021906794424226	0.34729948271721334	5.0	88.0	estimated	-0.28420108689182677	0.09735383675053885	5000	rho	0.5593725152424937		
HOXA2	cg00188704	7	False		Colonomics	rank_residual_age_sex_site_stroma	methylation_expression_spearman	94	-0.13122362476791422	0.21763775931138196	5.0	88.0	estimated	-0.3187243615833867	0.08479384428995985	5000	rho	0.44100282807832664		
HOXA2	cg06786372	8	False		Colonomics	rank_residual_age_sex_site_stroma	methylation_expression_spearman	94	-0.08190338320745923	0.44282410116955917	5.0	88.0	estimated	-0.26840892080809825	0.12156671945761492	5000	rho	0.6239288470240913		
GFRA1	cg19236679	1	True	TSS1500	Colonomics	rank_residual_age_sex_site_stroma	methylation_expression_spearman	94	0.02560798077456258	0.8106543173426866	5.0	88.0	estimated	-0.19250964016740735	0.2328673225361385	5000	rho	0.8435186815592819		
GFRA1	cg06298519	2	True	TSS200	Colonomics	rank_residual_age_sex_site_stroma	methylation_expression_spearman	94	0.04597173247400316	0.6670084303264541	5.0	88.0	estimated	-0.1804836083451988	0.2637984179634152	5000	rho	0.7665619273901039		
GFRA1	cg19485539	3	True	TSS200	Colonomics	rank_residual_age_sex_site_stroma	methylation_expression_spearman	94	0.011704117359471918	0.9128165179107235	5.0	88.0	estimated	-0.20094162162253085	0.22935056859489125	5000	rho	0.9371582917216762		
GFRA1	cg18672939	4	True	TSS1500;TSS200	Colonomics	rank_residual_age_sex_site_stroma	methylation_expression_spearman	94	0.07427132189704315	0.48660910777893995	5.0	88.0	estimated	-0.12721733782503855	0.2761337781279647	5000	rho	0.6350661237114978		
GFRA1	cg27034576	5	False		Colonomics	rank_residual_age_sex_site_stroma	methylation_expression_spearman	94	0.031154909439024117	0.7706684135340153	5.0	88.0	estimated	-0.17980747178308396	0.2489802840634614	5000	rho	0.8241870533627664		
GFRA1	cg18044663	6	True	TSS1500	Colonomics	rank_residual_age_sex_site_stroma	methylation_expression_spearman	94	0.10833268906023047	0.3094566014772082	5.0	88.0	estimated	-0.11067452179861073	0.3214914369305674	5000	rho	0.5541432165987217		
UNC5C	cg15701178	1	True	TSS1500	Colonomics	rank_residual_age_sex_site_stroma	methylation_expression_spearman	94	-0.23904566094291835	0.02326285453705201	5.0	88.0	estimated	-0.4395614296687961	-0.019525097984294748	5000	rho	0.11941598662353364		
UNC5C	cg03008707	2	False		Colonomics	rank_residual_age_sex_site_stroma	methylation_expression_spearman	94	-0.16094079073810913	0.12967799787166462	5.0	88.0	estimated	-0.3610524001877416	0.05013855358293207	5000	rho	0.312037682378693		
UNC5C	cg24870497	3	False		Colonomics	rank_residual_age_sex_site_stroma	methylation_expression_spearman	94	-0.08124737670638266	0.4464983521142667	5.0	88.0	estimated	-0.2854560916309764	0.14158548391537923	5000	rho	0.6239288470240913		
UNC5C	cg13265789	4	True	TSS1500	Colonomics	rank_residual_age_sex_site_stroma	methylation_expression_spearman	94	-0.10509127773444063	0.32424102591559634	5.0	88.0	estimated	-0.31243258438255966	0.12698494152524972	5000	rho	0.5593725152424937		
UNC5C	cg12584684	5	True	TSS1500	Colonomics	rank_residual_age_sex_site_stroma	methylation_expression_spearman	94	-0.13217727893762157	0.21428358981164639	5.0	88.0	estimated	-0.33847470135756913	0.07721926263268575	5000	rho	0.44100282807832664		
RALYL	cg08327106	1	True	TSS1500	Colonomics	rank_residual_age_sex_site_stroma	methylation_expression_spearman	94	-0.11584103434324401	0.2769184234455511	5.0	88.0	estimated	-0.3304510757185784	0.1232592203267061	5000	rho	0.5200663074465228		
RALYL	cg09757712	2	True	TSS1500	Colonomics	rank_residual_age_sex_site_stroma	methylation_expression_spearman	94	-0.09844086450760152	0.35596432788158683	5.0	88.0	estimated	-0.3181039795042568	0.1385830641814268	5000	rho	0.5593725152424937		
RALYL	cg11089595	3	True	TSS1500	Colonomics	rank_residual_age_sex_site_stroma	methylation_expression_spearman	94	-0.13894433328992833	0.1915317173639958	5.0	88.0	estimated	-0.3524132735168329	0.08356296428148988	5000	rho	0.43376300697140224		
RALYL	cg01134282	4	True	TSS1500	Colonomics	rank_residual_age_sex_site_stroma	methylation_expression_spearman	94	-0.16436748309559002	0.1216032328102046	5.0	88.0	estimated	-0.361544748354743	0.056386536452058045	5000	rho	0.312037682378693		
RALYL	cg06955749	5	True	TSS1500	Colonomics	rank_residual_age_sex_site_stroma	methylation_expression_spearman	94	-0.20309441388575566	0.05487690034515642	5.0	88.0	estimated	-0.4106991741852709	0.025564722626156302	5000	rho	0.20121530126557352		
BEND5	cg11666087	1	False		Colonomics	rank_residual_age_sex_site_stroma	methylation_expression_spearman	94	-0.06874921462232554	0.5196676266873964	5.0	88.0	estimated	-0.2959101153085437	0.16932856815426223	5000	rho	0.6669067875821587		
BEND5	cg16573178	2	False		Colonomics	rank_residual_age_sex_site_stroma	methylation_expression_spearman	94	-0.06210835539775774	0.5608784620297982	5.0	88.0	estimated	-0.28165991362485987	0.16938834470202038	5000	rho	0.7079941242015485		
BEND5	cg06744574	3	False		Colonomics	rank_residual_age_sex_site_stroma	methylation_expression_spearman	94	-0.07616826172212868	0.47551642388853854	5.0	88.0	estimated	-0.29577028194889926	0.1519192849169771	5000	rho	0.6312890455071977		
BEND5	cg03603214	4	True	TSS1500	Colonomics	rank_residual_age_sex_site_stroma	methylation_expression_spearman	94	-0.04319577319654957	0.6860277047419037	5.0	88.0	estimated	-0.2532595299383464	0.1886651439560996	5000	rho	0.7682170414648324		
EYA4	cg14017655	1	True	TSS1500	ColoCare_GSE101764_GSE106582	unadjusted	methylation_expression_spearman	77	-0.048477837951522156	0.6754501915785942	0.0	75.0	estimated	-0.2669951170937085	0.18659220759529807	5000	rho	0.8648068987073416		
EYA4	cg20330472	2	True	TSS1500	ColoCare_GSE101764_GSE106582	unadjusted	methylation_expression_spearman	77	-0.14669540985330456	0.20298531125159933	0.0	75.0	estimated	-0.3490154606880996	0.06325372866976069	5000	rho	0.45970202842273966		
EYA4	cg17838029	3	True	TSS200	ColoCare_GSE101764_GSE106582	unadjusted	methylation_expression_spearman	77	-0.12676796887323202	0.2719298628149093	0.0	75.0	estimated	-0.3380570902394107	0.0982789375358905	5000	rho	0.5659080928850815		
EYA4	cg14343214	4	True	TSS1500	ColoCare_GSE101764_GSE106582	unadjusted	methylation_expression_spearman	77	-0.10944318839055679	0.34338292339989906	0.0	75.0	estimated	-0.315629372626521	0.111259867568708	5000	rho	0.6779611564562109		
EYA4	cg24675448	5	False		ColoCare_GSE101764_GSE106582	unadjusted	methylation_expression_spearman	77	0.030259214469740784	0.7939071725163318	0.0	75.0	estimated	-0.19560419798558107	0.25339665271522055	5000	rho	0.8648068987073416		
EYA4	cg21607030	6	False		ColoCare_GSE101764_GSE106582	unadjusted	methylation_expression_spearman	77	-0.20716125979283873	0.07064309880102011	0.0	75.0	estimated	-0.4093156489315114	0.009147995324485432	5000	rho	0.2472508458035704		
EYA4	cg11664500	7	True	TSS200	ColoCare_GSE101764_GSE106582	unadjusted	methylation_expression_spearman	77	-0.16896261633103737	0.14183968168908054	0.0	75.0	estimated	-0.3793897220075572	0.04874712307896124	5000	rho	0.37660881000204144		
EYA4	cg26656135	8	False		ColoCare_GSE101764_GSE106582	unadjusted	methylation_expression_spearman	77	-0.15376728534623268	0.1818145512727227	0.0	75.0	estimated	-0.3651382170158092	0.06805156870720448	5000	rho	0.437491263999989		
EYA4	cg20286200	9	True	TSS1500	ColoCare_GSE101764_GSE106582	unadjusted	methylation_expression_spearman	77	-0.13444450286555548	0.24371519843982983	0.0	75.0	estimated	-0.33983619435115586	0.08670885733355806	5000	rho	0.5212797299963028		
EYA4	cg14270292	10	False		ColoCare_GSE101764_GSE106582	unadjusted	methylation_expression_spearman	77	-0.18610337031389662	0.10511825065484712	0.0	75.0	estimated	-0.3824651971911503	0.03377910469826775	5000	rho	0.3113117423239703		
EYA4	cg06181518	11	True	TSS1500	ColoCare_GSE101764_GSE106582	unadjusted	methylation_expression_spearman	77	-0.05047583994952416	0.6628678155817241	0.0	75.0	estimated	-0.26587592188125264	0.16435838482344814	5000	rho	0.8648068987073416		
EYA4	cg14287112	12	True	TSS200	ColoCare_GSE101764_GSE106582	unadjusted	methylation_expression_spearman	77	-0.15673799884326198	0.17341739922109956	0.0	75.0	estimated	-0.3583592620492661	0.06042711928869394	5000	rho	0.437491263999989		
EYA4	cg01328892	13	True	TSS200	ColoCare_GSE101764_GSE106582	unadjusted	methylation_expression_spearman	77	-0.09119827540880171	0.4302183667045527	0.0	75.0	estimated	-0.3037300411820168	0.12554469899349427	5000	rho	0.770391028750013		
EYA4	cg05493394	14	True	TSS1500	ColoCare_GSE101764_GSE106582	unadjusted	methylation_expression_spearman	77	-0.09947946790052051	0.3893543753294222	0.0	75.0	estimated	-0.31614882328975225	0.13068886554370734	5000	rho	0.7484728282174794		
EYA4	cg26449787	15	True	TSS1500	ColoCare_GSE101764_GSE106582	unadjusted	methylation_expression_spearman	77	-0.16967243283032754	0.14014891403221294	0.0	75.0	estimated	-0.3716836990058214	0.04649548116177245	5000	rho	0.37660881000204144		
EYA4	cg22871668	16	True	TSS200	ColoCare_GSE101764_GSE106582	unadjusted	methylation_expression_spearman	77	-0.17335296282664703	0.1316247076262269	0.0	75.0	estimated	-0.3824159497429728	0.04632789812890198	5000	rho	0.37537416619331376		
EYA4	cg20980055	17	True	TSS1500	ColoCare_GSE101764_GSE106582	unadjusted	methylation_expression_spearman	77	-0.18991534781008462	0.09805926000267016	0.0	75.0	estimated	-0.38802443077377113	0.03272503024801909	5000	rho	0.30539281470198026		
ZNF568	cg06611358	1	False		ColoCare_GSE101764_GSE106582	unadjusted	methylation_expression_spearman	77	0.1414637993585362	0.2197404573161907	0.0	75.0	estimated	-0.09254627838886337	0.3649130526007563	5000	rho	0.4834290060956195		
ZNF568	cg27390819	2	False		ColoCare_GSE101764_GSE106582	unadjusted	methylation_expression_spearman	77	0.0853882959146117	0.460287303635759	0.0	75.0	estimated	-0.1519160982681449	0.3059540173276731	5000	rho	0.7876027195545209		
ZNF568	cg20154403	3	False		ColoCare_GSE101764_GSE106582	unadjusted	methylation_expression_spearman	77	0.0858877964141122	0.45765778822633485	0.0	75.0	estimated	-0.1376949328306512	0.30221442490378436	5000	rho	0.7876027195545209		
ZNF568	cg21761844	4	False		ColoCare_GSE101764_GSE106582	unadjusted	methylation_expression_spearman	77	0.038303801461696194	0.7408421770459994	0.0	75.0	estimated	-0.18985034404224285	0.26374095011067383	5000	rho	0.8648068987073416		
ZNF568	cg20680720	5	True	TSS200	ColoCare_GSE101764_GSE106582	unadjusted	methylation_expression_spearman	77	0.09558862190441136	0.40825790630044334	0.0	75.0	estimated	-0.13382628160476182	0.3227674136716337	5000	rho	0.7484728282174794		
ZNF568	cg02459604	6	False		ColoCare_GSE101764_GSE106582	unadjusted	methylation_expression_spearman	77	0.1557652873442347	0.1761350377608705	0.0	75.0	estimated	-0.0672576619665407	0.3724106249928522	5000	rho	0.437491263999989		
ZNF568	cg03060201	7	False		ColoCare_GSE101764_GSE106582	unadjusted	methylation_expression_spearman	77	0.050423260949576734	0.6631977584804101	0.0	75.0	estimated	-0.17698007507082464	0.2692721584967251	5000	rho	0.8648068987073416		
ZNF568	cg03443751	8	False		ColoCare_GSE101764_GSE106582	unadjusted	methylation_expression_spearman	77	0.03278300646721699	0.7771457450224217	0.0	75.0	estimated	-0.1900479690454585	0.2535303822768029	5000	rho	0.8648068987073416		
ZNF793	cg17332326	1	True	TSS1500	ColoCare_GSE101764_GSE106582	unadjusted	methylation_expression_spearman	77	-0.014459224985540775	0.9006736552640163	0.0	75.0	estimated	-0.24477322370348117	0.2158228763843948	5000	rho	0.9246916194043902		
ZNF793	cg11623861	2	True	TSS1500	ColoCare_GSE101764_GSE106582	unadjusted	methylation_expression_spearman	77	-0.030942741469057258	0.7893580530879423	0.0	75.0	estimated	-0.26038337521359417	0.19687537231323454	5000	rho	0.8648068987073416		
ZNF793	cg14732998	3	True	TSS200	ColoCare_GSE101764_GSE106582	unadjusted	methylation_expression_spearman	77	-0.03685787896314212	0.7502993657883384	0.0	75.0	estimated	-0.2690980564102389	0.20238929864105507	5000	rho	0.8648068987073416		
ZNF793	cg07482795	4	True	TSS200	ColoCare_GSE101764_GSE106582	unadjusted	methylation_expression_spearman	77	-0.07986750092013249	0.4898951671559726	0.0	75.0	estimated	-0.30843253687974853	0.14613974021086423	5000	rho	0.8200419102393454		
ZNF793	cg13181745	5	True	TSS200	ColoCare_GSE101764_GSE106582	unadjusted	methylation_expression_spearman	77	-0.06848414743151585	0.5539763949838875	0.0	75.0	estimated	-0.30901487554182716	0.16865685899024507	5000	rho	0.8400836666590217		
ZNF793	cg24078985	6	True	TSS200	ColoCare_GSE101764_GSE106582	unadjusted	methylation_expression_spearman	77	-0.028050896471949104	0.8086506065834882	0.0	75.0	estimated	-0.26135669617774215	0.20280744246105464	5000	rho	0.8648068987073416		
ZNF793	cg15139588	7	False		ColoCare_GSE101764_GSE106582	unadjusted	methylation_expression_spearman	77	-0.005073873494926126	0.9650677380214133	0.0	75.0	estimated	-0.24245943833091052	0.23003139356265825	5000	rho	0.9650677380214134		
ZNF793	cg25361907	8	True	TSS200	ColoCare_GSE101764_GSE106582	unadjusted	methylation_expression_spearman	77	-0.011015300488984697	0.9242506940251546	0.0	75.0	estimated	-0.2505789342321947	0.22549315852633636	5000	rho	0.9364118873675908		
SFMBT2	cg20299663	1	False		ColoCare_GSE101764_GSE106582	unadjusted	methylation_expression_spearman	77	-0.36226930963773063	0.0012052604365057472	0.0	75.0	estimated	-0.5454209809883523	-0.14567649131095559	5000	rho	0.009280505361094253		
SFMBT2	cg20506550	2	False		ColoCare_GSE101764_GSE106582	unadjusted	methylation_expression_spearman	77	-0.3402912876597087	0.0024607557987943464	0.0	75.0	estimated	-0.5336027050461657	-0.12617097012041462	5000	rho	0.01578984970893039		
SFMBT2	cg01056653	3	False		ColoCare_GSE101764_GSE106582	unadjusted	methylation_expression_spearman	77	-0.3367684946632315	0.0027462581545614805	0.0	75.0	estimated	-0.5280566513569911	-0.12979576443927324	5000	rho	0.016266298300094923		
SFMBT2	cg22862480	4	False		ColoCare_GSE101764_GSE106582	unadjusted	methylation_expression_spearman	77	-0.30958515169041484	0.006147219492040728	0.0	75.0	estimated	-0.5017600648715769	-0.08712178486543952	5000	rho	0.026296438938174224		
SFMBT2	cg12767281	5	False		ColoCare_GSE101764_GSE106582	unadjusted	methylation_expression_spearman	77	-0.3221252431778747	0.0042769461858109675	0.0	75.0	estimated	-0.5080023145695559	-0.10840907184345171	5000	rho	0.0219549904204963		
SFMBT2	cg26878816	6	False		ColoCare_GSE101764_GSE106582	unadjusted	methylation_expression_spearman	77	-0.4184762605815237	0.00015221365697967222	0.0	75.0	estimated	-0.5869675713834417	-0.2298633751553707	5000	rho	0.0013022723986038623		
SFMBT2	cg12328063	7	False		ColoCare_GSE101764_GSE106582	unadjusted	methylation_expression_spearman	77	-0.3560386981439613	0.0014831864785279987	0.0	75.0	estimated	-0.547201397697804	-0.1356198963806451	5000	rho	0.01038230534969599		
SFMBT2	cg16818993	8	True	TSS200	ColoCare_GSE101764_GSE106582	unadjusted	methylation_expression_spearman	77	-0.330459014669541	0.003332505307832021	0.0	75.0	estimated	-0.5226195158894733	-0.10645682105049474	5000	rho	0.018328779193076117		
ADHFE1	cg20295442	1	True	TSS200	ColoCare_GSE101764_GSE106582	unadjusted	methylation_expression_spearman	77	-0.48661864451338127	7.21342097024795e-06	0.0	75.0	estimated	-0.655418193971743	-0.28343875598109425	5000	rho	9.566180453749598e-05		
ADHFE1	cg19283840	2	True	TSS200	ColoCare_GSE101764_GSE106582	unadjusted	methylation_expression_spearman	77	-0.48551448551448545	7.619486719254209e-06	0.0	75.0	estimated	-0.6619211548203863	-0.272215087957348	5000	rho	9.566180453749598e-05		
ADHFE1	cg25046651	3	False		ColoCare_GSE101764_GSE106582	unadjusted	methylation_expression_spearman	77	-0.5031284504968715	3.107946116439889e-06	0.0	75.0	estimated	-0.6737579134941478	-0.28670687695214636	5000	rho	7.977061698862382e-05		
ADHFE1	cg01588438	4	True	TSS200	ColoCare_GSE101764_GSE106582	unadjusted	methylation_expression_spearman	77	-0.48283295651716696	8.696527685226907e-06	0.0	75.0	estimated	-0.6618402631177429	-0.2735698314125394	5000	rho	9.566180453749598e-05		
ADHFE1	cg08090772	5	True	TSS200	ColoCare_GSE101764_GSE106582	unadjusted	methylation_expression_spearman	77	-0.4679268100320732	1.7778156583252757e-05	0.0	75.0	estimated	-0.6384176656243764	-0.2544775994020581	5000	rho	0.00017111475711380778		
ADHFE1	cg09383816	6	True	TSS200	ColoCare_GSE101764_GSE106582	unadjusted	methylation_expression_spearman	77	-0.5049161364950838	2.8295935845481235e-06	0.0	75.0	estimated	-0.6743457191686375	-0.29332656815998776	5000	rho	7.977061698862382e-05		
ADHFE1	cg20912169	7	False		ColoCare_GSE101764_GSE106582	unadjusted	methylation_expression_spearman	77	-0.5166675429833324	1.5067198942520368e-06	0.0	75.0	estimated	-0.6838568496367239	-0.31532438303038	5000	rho	7.977061698862382e-05		
ADHFE1	cg18065361	8	True	TSS200	ColoCare_GSE101764_GSE106582	unadjusted	methylation_expression_spearman	77	-0.4918239655081759	5.5577173420527166e-06	0.0	75.0	estimated	-0.6702503607841438	-0.28173341630047405	5000	rho	9.566180453749598e-05		
HOXA2	cg04481096	1	False		ColoCare_GSE101764_GSE106582	unadjusted	methylation_expression_spearman	77	0.19065145380934853	0.09673991159537945	0.0	75.0	estimated	-0.06434708045653821	0.41373499890376686	5000	rho	0.30539281470198026		
HOXA2	cg19598584	2	True	TSS1500	ColoCare_GSE101764_GSE106582	unadjusted	methylation_expression_spearman	77	0.30679846469320154	0.006649758157963655	0.0	75.0	estimated	0.06658736372967153	0.5238513439584352	5000	rho	0.02694901990332639		
HOXA2	cg09871315	3	True	TSS1500	ColoCare_GSE101764_GSE106582	unadjusted	methylation_expression_spearman	77	0.24407171775592826	0.0324230954486722	0.0	75.0	estimated	0.006809261375167039	0.46747714621352104	5000	rho	0.11888468331179808		
HOXA2	cg13661519	4	False		ColoCare_GSE101764_GSE106582	unadjusted	methylation_expression_spearman	77	-0.046164361953835636	0.6901308562700379	0.0	75.0	estimated	-0.27601683974098906	0.19336560175839668	5000	rho	0.8648068987073416		
HOXA2	cg02803819	5	False		ColoCare_GSE101764_GSE106582	unadjusted	methylation_expression_spearman	77	-0.06806351543193646	0.5564190519429884	0.0	75.0	estimated	-0.2982614346075986	0.17073259152873668	5000	rho	0.8400836666590217		
HOXA2	cg03763508	6	False		ColoCare_GSE101764_GSE106582	unadjusted	methylation_expression_spearman	77	-0.03704190546295809	0.7490936461904736	0.0	75.0	estimated	-0.27614642448917665	0.20833430653105567	5000	rho	0.8648068987073416		
HOXA2	cg00188704	7	False		ColoCare_GSE101764_GSE106582	unadjusted	methylation_expression_spearman	77	0.04335138545664861	0.7081358540354994	0.0	75.0	estimated	-0.19622154774491166	0.2776715335916848	5000	rho	0.8648068987073416		
HOXA2	cg06786372	8	False		ColoCare_GSE101764_GSE106582	unadjusted	methylation_expression_spearman	77	-0.02899731847100268	0.8023235142140979	0.0	75.0	estimated	-0.27025624904467166	0.21491128424127542	5000	rho	0.8648068987073416		
GFRA1	cg19236679	1	True	TSS1500	ColoCare_GSE101764_GSE106582	unadjusted	methylation_expression_spearman	77	-0.0726378884273621	0.5301352554176733	0.0	75.0	estimated	-0.29616705497282314	0.15664122840500772	5000	rho	0.8330696870849151		
GFRA1	cg06298519	2	True	TSS200	ColoCare_GSE101764_GSE106582	unadjusted	methylation_expression_spearman	77	-0.03441295546558704	0.7663739042492496	0.0	75.0	estimated	-0.2523114589235674	0.19057635612186144	5000	rho	0.8648068987073416		
GFRA1	cg19485539	3	True	TSS200	ColoCare_GSE101764_GSE106582	unadjusted	methylation_expression_spearman	77	-0.019165045480834954	0.8685999838899137	0.0	75.0	estimated	-0.23821633935556014	0.2101356980465446	5000	rho	0.9038134967503155		
GFRA1	cg18672939	4	True	TSS1500;TSS200	ColoCare_GSE101764_GSE106582	unadjusted	methylation_expression_spearman	77	-0.040354382459645614	0.7274959977462998	0.0	75.0	estimated	-0.26112202011691676	0.19117722036139126	5000	rho	0.8648068987073416		
GFRA1	cg27034576	5	False		ColoCare_GSE101764_GSE106582	unadjusted	methylation_expression_spearman	77	-0.029917450970082544	0.7961843213169386	0.0	75.0	estimated	-0.25048805835766674	0.20253082305017997	5000	rho	0.8648068987073416		
GFRA1	cg18044663	6	True	TSS1500	ColoCare_GSE101764_GSE106582	unadjusted	methylation_expression_spearman	77	-0.09624585940375414	0.40502768499517505	0.0	75.0	estimated	-0.30763423215953883	0.1366669165915523	5000	rho	0.7484728282174794		
UNC5C	cg15701178	1	True	TSS1500	ColoCare_GSE101764_GSE106582	unadjusted	methylation_expression_spearman	77	0.11357063988642935	0.3253788937880606	0.0	75.0	estimated	-0.13937363734937852	0.3523375781372049	5000	rho	0.6593203900442282		
UNC5C	cg03008707	2	False		ColoCare_GSE101764_GSE106582	unadjusted	methylation_expression_spearman	77	0.14732635785267362	0.20102795667175077	0.0	75.0	estimated	-0.08636601551534547	0.3693703839495096	5000	rho	0.45970202842273966		
UNC5C	cg24870497	3	False		ColoCare_GSE101764_GSE106582	unadjusted	methylation_expression_spearman	77	0.019270203480729792	0.8678854711318249	0.0	75.0	estimated	-0.20191816842782084	0.24566987120969044	5000	rho	0.9038134967503155		
UNC5C	cg13265789	4	True	TSS1500	ColoCare_GSE101764_GSE106582	unadjusted	methylation_expression_spearman	77	0.039539407960460585	0.7327908107420694	0.0	75.0	estimated	-0.20414080039051655	0.26706660089000367	5000	rho	0.8648068987073416		
UNC5C	cg12584684	5	True	TSS1500	ColoCare_GSE101764_GSE106582	unadjusted	methylation_expression_spearman	77	0.0736105999263894	0.5246269606285721	0.0	75.0	estimated	-0.17599909009814743	0.30193227692860597	5000	rho	0.8330696870849151		
RALYL	cg08327106	1	True	TSS1500	ColoCare_GSE101764_GSE106582	unadjusted	methylation_expression_spearman	77	0.03814606446185393	0.7418720365605269	0.0	75.0	estimated	-0.18799075958329914	0.25841097198672497	5000	rho	0.8648068987073416		
RALYL	cg09757712	2	True	TSS1500	ColoCare_GSE101764_GSE106582	unadjusted	methylation_expression_spearman	77	-0.07595036542404963	0.5114959734401823	0.0	75.0	estimated	-0.28745299476133357	0.14296068179148758	5000	rho	0.8330696870849151		
RALYL	cg11089595	3	True	TSS1500	ColoCare_GSE101764_GSE106582	unadjusted	methylation_expression_spearman	77	-0.05079131394920868	0.6608895057826119	0.0	75.0	estimated	-0.25480669391001637	0.16306157632093782	5000	rho	0.8648068987073416		
RALYL	cg01134282	4	True	TSS1500	ColoCare_GSE101764_GSE106582	unadjusted	methylation_expression_spearman	77	-0.04745254745254745	0.6819418754263504	0.0	75.0	estimated	-0.2647097797338722	0.16426357489070945	5000	rho	0.8648068987073416		
RALYL	cg06955749	5	True	TSS1500	ColoCare_GSE101764_GSE106582	unadjusted	methylation_expression_spearman	77	-0.043535411956464584	0.7069529277446777	0.0	75.0	estimated	-0.2608916398016819	0.18482660103620938	5000	rho	0.8648068987073416		
BEND5	cg11666087	1	False		ColoCare_GSE101764_GSE106582	unadjusted	methylation_expression_spearman	77	-0.31024238918975755	0.006033697221086152	0.0	75.0	estimated	-0.5109390541954278	-0.08537644841869758	5000	rho	0.026296438938174224		
BEND5	cg16573178	2	False		ColoCare_GSE101764_GSE106582	unadjusted	methylation_expression_spearman	77	-0.3033808296966191	0.007315228689470075	0.0	75.0	estimated	-0.510315453303891	-0.06762935046498775	5000	rho	0.028163630454459788		
BEND5	cg06744574	3	False		ColoCare_GSE101764_GSE106582	unadjusted	methylation_expression_spearman	77	-0.310110941689889	0.00605625249698899	0.0	75.0	estimated	-0.5136004746031705	-0.09131946864880772	5000	rho	0.026296438938174224		
BEND5	cg03603214	4	True	TSS1500	ColoCare_GSE101764_GSE106582	unadjusted	methylation_expression_spearman	77	-0.18931068931068928	0.09915351126687671	0.0	75.0	estimated	-0.400977676729724	0.04492598146575646	5000	rho	0.30539281470198026		
EYA4	cg14017655	1	True	TSS1500	Colonomics	unadjusted	stromal_spearman	94	-0.3053209550987971	0.002768032144694851	0.0	92.0	estimated	-0.478317242849407	-0.11525721232079172	5000	rho	0.0032293708354773263		
EYA4	cg14017655	1	True	TSS1500	Colonomics	source_cms_labels	CMS_global_Kruskal	83	6.4116845990577644	0.09321127625417963			estimated			0	H	0.10554806281723282		
EYA4	cg20330472	2	True	TSS1500	Colonomics	unadjusted	stromal_spearman	94	-0.17784263932001781	0.08636779118911678	0.0	92.0	estimated	-0.3582356058268367	0.027679102047835826	5000	rho	0.08636779118911678		
EYA4	cg20330472	2	True	TSS1500	Colonomics	source_cms_labels	CMS_global_Kruskal	83	9.330829402729767	0.02520085346236997			estimated			0	H	0.035934550307453475		
EYA4	cg17838029	3	True	TSS200	Colonomics	unadjusted	stromal_spearman	94	-0.4024347072210382	5.796701663722153e-05	0.0	92.0	estimated	-0.5529207111517076	-0.2322935847401306	5000	rho	0.0001088648849040502		
EYA4	cg17838029	3	True	TSS200	Colonomics	source_cms_labels	CMS_global_Kruskal	83	9.996359258285793	0.018597108467108343			estimated			0	H	0.029224027591170255		
EYA4	cg14343214	4	True	TSS1500	Colonomics	unadjusted	stromal_spearman	94	-0.3628002745367193	0.00032605252363179105	0.0	92.0	estimated	-0.5230818850186121	-0.17874076617980766	5000	rho	0.0005021208863929582		
EYA4	cg14343214	4	True	TSS1500	Colonomics	source_cms_labels	CMS_global_Kruskal	83	8.77835621161637	0.032387630805077644			estimated			0	H	0.04348327841587517		
EYA4	cg24675448	5	False		Colonomics	unadjusted	stromal_spearman	94	-0.37927247769389155	0.00016334319589526993	0.0	92.0	estimated	-0.5362160835345595	-0.19328658603314267	5000	rho	0.00026760481029650606		
EYA4	cg24675448	5	False		Colonomics	source_cms_labels	CMS_global_Kruskal	83	14.209919339567989	0.002632904313560732			estimated			0	H	0.006086276091086013		
EYA4	cg21607030	6	False		Colonomics	unadjusted	stromal_spearman	94	-0.4815897178433973	8.922696116815499e-07	0.0	92.0	estimated	-0.6172608214711167	-0.3166426496943659	5000	rho	6.870476009947934e-06		
EYA4	cg21607030	6	False		Colonomics	source_cms_labels	CMS_global_Kruskal	83	15.860230777050692	0.0012113106204651102			estimated			0	H	0.00360399615571346		
EYA4	cg11664500	7	True	TSS200	Colonomics	unadjusted	stromal_spearman	94	-0.44851514834359874	5.798820447786643e-06	0.0	92.0	estimated	-0.5902233884643626	-0.27137805515820845	5000	rho	1.9413442368677024e-05		
EYA4	cg11664500	7	True	TSS200	Colonomics	source_cms_labels	CMS_global_Kruskal	83	14.50767792640943	0.002289581134794565			estimated			0	H	0.005539135857835004		
EYA4	cg26656135	8	False		Colonomics	unadjusted	stromal_spearman	94	-0.3707934168605736	0.00023421697006117826	0.0	92.0	estimated	-0.5385895870833144	-0.1734430064454391	5000	rho	0.00036805523866756585		
EYA4	cg26656135	8	False		Colonomics	source_cms_labels	CMS_global_Kruskal	83	13.058384614865002	0.004512031545754664			estimated			0	H	0.00868566072557773		
EYA4	cg20286200	9	True	TSS1500	Colonomics	unadjusted	stromal_spearman	94	-0.39215105465281447	9.26952227894902e-05	0.0	92.0	estimated	-0.5419751400290199	-0.2190928300579634	5000	rho	0.00015861182566201656		
EYA4	cg20286200	9	True	TSS1500	Colonomics	source_cms_labels	CMS_global_Kruskal	83	10.052976525016783	0.018121141895767516			estimated			0	H	0.029069331791127057		
EYA4	cg14270292	10	False		Colonomics	unadjusted	stromal_spearman	94	-0.4604391912908955	3.0201472671170677e-06	0.0	92.0	estimated	-0.6022468981846684	-0.2947219568948335	5000	rho	1.1073873312762583e-05		
EYA4	cg14270292	10	False		Colonomics	source_cms_labels	CMS_global_Kruskal	83	15.770417840823722	0.0012637389117436807			estimated			0	H	0.00360399615571346		
EYA4	cg06181518	11	True	TSS1500	Colonomics	unadjusted	stromal_spearman	94	-0.34355380558465487	0.0006986274761926793	0.0	92.0	estimated	-0.5064194869050938	-0.15614557001021254	5000	rho	0.0009536101552741962		
EYA4	cg06181518	11	True	TSS1500	Colonomics	source_cms_labels	CMS_global_Kruskal	83	8.103800988613159	0.0439144631315874			estimated			0	H	0.05453893001826177		
EYA4	cg14287112	12	True	TSS200	Colonomics	unadjusted	stromal_spearman	94	-0.4415056171657695	8.413513108668644e-06	0.0	92.0	estimated	-0.5863144985047727	-0.2738020163255794	5000	rho	2.6488855734317504e-05		
EYA4	cg14287112	12	True	TSS200	Colonomics	source_cms_labels	CMS_global_Kruskal	83	15.778639399257827	0.0012588473526161923			estimated			0	H	0.00360399615571346		
EYA4	cg01328892	13	True	TSS200	Colonomics	unadjusted	stromal_spearman	94	-0.4399771699509396	9.114874250886902e-06	0.0	92.0	estimated	-0.5822244918266372	-0.27200577565108497	5000	rho	2.6488855734317504e-05		
EYA4	cg01328892	13	True	TSS200	Colonomics	source_cms_labels	CMS_global_Kruskal	83	13.435777960863884	0.003783009817204096			estimated			0	H	0.0076655725243346155		
EYA4	cg05493394	14	True	TSS1500	Colonomics	unadjusted	stromal_spearman	94	-0.26683716965743287	0.009328167516441475	0.0	92.0	estimated	-0.44190892902344736	-0.0782531753093228	5000	rho	0.010116463362901318		
EYA4	cg05493394	14	True	TSS1500	Colonomics	source_cms_labels	CMS_global_Kruskal	83	5.840487534384617	0.11963407544797669			estimated			0	H	0.12794199735408618		
EYA4	cg26449787	15	True	TSS1500	Colonomics	unadjusted	stromal_spearman	94	-0.48551271724016243	7.052192436017216e-07	0.0	92.0	estimated	-0.6221602794618021	-0.3202428551526125	5000	rho	6.870476009947934e-06		
EYA4	cg26449787	15	True	TSS1500	Colonomics	source_cms_labels	CMS_global_Kruskal	83	19.520543646429367	0.00021335370265461416			estimated			0	H	0.0019945847292111864		
EYA4	cg22871668	16	True	TSS200	Colonomics	unadjusted	stromal_spearman	94	-0.43759143731614236	1.0320333402980845e-05	0.0	92.0	estimated	-0.5786665300561221	-0.2646453900575124	5000	rho	2.6488855734317504e-05		
EYA4	cg22871668	16	True	TSS200	Colonomics	source_cms_labels	CMS_global_Kruskal	83	16.058082238362562	0.0011033111364386998			estimated			0	H	0.00360399615571346		
EYA4	cg20980055	17	True	TSS1500	Colonomics	unadjusted	stromal_spearman	94	-0.43767655239677783	1.0274866710223698e-05	0.0	92.0	estimated	-0.5807381398152653	-0.26614453309699804	5000	rho	2.6488855734317504e-05		
EYA4	cg20980055	17	True	TSS1500	Colonomics	source_cms_labels	CMS_global_Kruskal	83	15.049154252477877	0.0017751214224917384			estimated			0	H	0.004713253432133236		
ZNF568	cg06611358	1	False		Colonomics	unadjusted	stromal_spearman	94	-0.47391331050693664	1.4021342849330942e-06	0.0	92.0	estimated	-0.6173934415684276	-0.2948448290870557	5000	rho	7.19762266265655e-06		
ZNF568	cg06611358	1	False		Colonomics	source_cms_labels	CMS_global_Kruskal	83	16.64449453806672	0.0008362500351863654			estimated			0	H	0.0032195626354675063		
ZNF568	cg27390819	2	False		Colonomics	unadjusted	stromal_spearman	94	-0.4392515262074197	9.466751721236989e-06	0.0	92.0	estimated	-0.5869761511674982	-0.26315144637358506	5000	rho	2.6488855734317504e-05		
ZNF568	cg27390819	2	False		Colonomics	source_cms_labels	CMS_global_Kruskal	83	12.44734589307268	0.005997782262302299			estimated			0	H	0.010816736657271737		
ZNF568	cg20154403	3	False		Colonomics	unadjusted	stromal_spearman	94	-0.34814868330744503	0.0005849520304326405	0.0	92.0	estimated	-0.5144491561167995	-0.1624107371008358	5000	rho	0.0008207779493852808		
ZNF568	cg20154403	3	False		Colonomics	source_cms_labels	CMS_global_Kruskal	83	9.467490652264246	0.023679732117738432			estimated			0	H	0.035751752413056066		
ZNF568	cg21761844	4	False		Colonomics	unadjusted	stromal_spearman	94	-0.32787749838561786	0.001255214722619033	0.0	92.0	estimated	-0.4874861061344782	-0.1456143752800333	5000	rho	0.001610858894027759		
ZNF568	cg21761844	4	False		Colonomics	source_cms_labels	CMS_global_Kruskal	83	8.678649085921505	0.033883074090292335			estimated			0	H	0.04348327841587517		
ZNF568	cg20680720	5	True	TSS200	Colonomics	unadjusted	stromal_spearman	94	-0.29603005454611137	0.0037681570054183297	0.0	92.0	estimated	-0.45894412517002625	-0.10866799994994014	5000	rho	0.004330568498764349		
ZNF568	cg20680720	5	True	TSS200	Colonomics	source_cms_labels	CMS_global_Kruskal	83	5.715839996156376	0.12628405373316165			estimated			0	H	0.1332037279103212		
ZNF568	cg02459604	6	False		Colonomics	unadjusted	stromal_spearman	94	-0.32735613914676875	0.0012792487802987284	0.0	92.0	estimated	-0.49904909342075876	-0.13664077079429507	5000	rho	0.0016147894439836408		
ZNF568	cg02459604	6	False		Colonomics	source_cms_labels	CMS_global_Kruskal	83	9.411791430323717	0.024288505745451935			estimated			0	H	0.035934550307453475		
ZNF568	cg03060201	7	False		Colonomics	unadjusted	stromal_spearman	94	-0.33700948961492005	0.0008955549868290172	0.0	92.0	estimated	-0.49662308744531913	-0.16091460674133654	5000	rho	0.0011889264480316262		
ZNF568	cg03060201	7	False		Colonomics	source_cms_labels	CMS_global_Kruskal	83	7.195469986914645	0.06592168190613922			estimated			0	H	0.07690862889049575		
ZNF568	cg03443751	8	False		Colonomics	unadjusted	stromal_spearman	94	-0.2594444243759708	0.01156494131016706	0.0	92.0	estimated	-0.4241753166867284	-0.07723068751799579	5000	rho	0.01219863672442279		
ZNF568	cg03443751	8	False		Colonomics	source_cms_labels	CMS_global_Kruskal	83	6.0078179007373365	0.11123048611449657			estimated			0	H	0.12063024550445403		
ZNF793	cg17332326	1	True	TSS1500	Colonomics	unadjusted	stromal_spearman	94	-0.24655564787053427	0.01659460028016313	0.0	92.0	estimated	-0.4214692671698464	-0.056935008239613824	5000	rho	0.017037122954300814		
ZNF793	cg17332326	1	True	TSS1500	Colonomics	source_cms_labels	CMS_global_Kruskal	83	8.70224529363054	0.03352318505556154			estimated			0	H	0.04348327841587517		
ZNF793	cg11623861	2	True	TSS1500	Colonomics	unadjusted	stromal_spearman	94	-0.2643282881190622	0.010040529231038745	0.0	92.0	estimated	-0.4414038865961321	-0.07560326727425344	5000	rho	0.010737788205416435		
ZNF793	cg11623861	2	True	TSS1500	Colonomics	source_cms_labels	CMS_global_Kruskal	83	7.7167556927216765	0.05224298598437028			estimated			0	H	0.06385253842534146		
ZNF793	cg14732998	3	True	TSS200	Colonomics	unadjusted	stromal_spearman	94	-0.3289889101614709	0.001205343183945696	0.0	92.0	estimated	-0.49405218023898634	-0.1477733239759431	5000	rho	0.0015730750027765862		
ZNF793	cg14732998	3	True	TSS200	Colonomics	source_cms_labels	CMS_global_Kruskal	83	9.104484934813115	0.027933479088325167			estimated			0	H	0.03879677572993727		
ZNF793	cg07482795	4	True	TSS200	Colonomics	unadjusted	stromal_spearman	94	-0.28265824751204005	0.005774223694199483	0.0	92.0	estimated	-0.4657643206315842	-0.07860350436101748	5000	rho	0.0064436989051211615		
ZNF793	cg07482795	4	True	TSS200	Colonomics	source_cms_labels	CMS_global_Kruskal	83	6.129515104754034	0.10547626941290841			estimated			0	H	0.117705402098463		
ZNF793	cg13181745	5	True	TSS200	Colonomics	unadjusted	stromal_spearman	94	-0.3432829890349578	0.0007059192058523271	0.0	92.0	estimated	-0.5065785540231641	-0.15644377690096645	5000	rho	0.0009536101552741962		
ZNF793	cg13181745	5	True	TSS200	Colonomics	source_cms_labels	CMS_global_Kruskal	83	9.3416122719151	0.02507743055519856			estimated			0	H	0.035934550307453475		
ZNF793	cg24078985	6	True	TSS200	Colonomics	unadjusted	stromal_spearman	94	-0.3255644258209009	0.001365063877556029	0.0	92.0	estimated	-0.491309892274397	-0.13836333794519953	5000	rho	0.0016423424776845974		
ZNF793	cg24078985	6	True	TSS200	Colonomics	source_cms_labels	CMS_global_Kruskal	83	8.609145095512247	0.034965237136651686			estimated			0	H	0.044136446877412784		
ZNF793	cg15139588	7	False		Colonomics	unadjusted	stromal_spearman	94	-0.3225601364039989	0.0015207421744534695	0.0	92.0	estimated	-0.48616631921780284	-0.13813894992482945	5000	rho	0.0018014945758910333		
ZNF793	cg15139588	7	False		Colonomics	source_cms_labels	CMS_global_Kruskal	83	7.409826683959951	0.059921223868161066			estimated			0	H	0.07098360365920618		
ZNF793	cg25361907	8	True	TSS200	Colonomics	unadjusted	stromal_spearman	94	-0.3529037781469333	0.0004853662870568563	0.0	92.0	estimated	-0.5105613229100225	-0.17329713012147616	5000	rho	0.0007187154635264988		
ZNF793	cg25361907	8	True	TSS200	Colonomics	source_cms_labels	CMS_global_Kruskal	83	10.287058155527998	0.016277214750734136			estimated			0	H	0.026666926293755923		
SFMBT2	cg20299663	1	False		Colonomics	unadjusted	stromal_spearman	94	-0.37479860999628395	0.00019779657026317991	0.0	92.0	estimated	-0.5446470410022441	-0.180576601879669	5000	rho	0.00031729866479718446		
SFMBT2	cg20299663	1	False		Colonomics	source_cms_labels	CMS_global_Kruskal	83	10.866457782789768	0.012470346298702719			estimated			0	H	0.021740968070662985		
SFMBT2	cg20506550	2	False		Colonomics	unadjusted	stromal_spearman	94	-0.414702163782827	3.244025349604732e-05	0.0	92.0	estimated	-0.5685457223016379	-0.24027207447182755	5000	rho	6.404870562040113e-05		
SFMBT2	cg20506550	2	False		Colonomics	source_cms_labels	CMS_global_Kruskal	83	13.14296397412312	0.004337419887559918			estimated			0	H	0.008563623880567018		
SFMBT2	cg01056653	3	False		Colonomics	unadjusted	stromal_spearman	94	-0.4662372800567936	2.179553139863657e-06	0.0	92.0	estimated	-0.6088278357149091	-0.2998351661129937	5000	rho	8.854689329572385e-06		
SFMBT2	cg01056653	3	False		Colonomics	source_cms_labels	CMS_global_Kruskal	83	14.599049823008471	0.0021934168098110556			estimated			0	H	0.005539135857835004		
SFMBT2	cg22862480	4	False		Colonomics	unadjusted	stromal_spearman	94	-0.48596787186630647	6.861001495008248e-07	0.0	92.0	estimated	-0.6293977739367492	-0.30521543035747084	5000	rho	6.870476009947934e-06		
SFMBT2	cg22862480	4	False		Colonomics	source_cms_labels	CMS_global_Kruskal	83	18.25540359891363	0.000389593454641456			estimated			0	H	0.002021955363918877		
SFMBT2	cg12767281	5	False		Colonomics	unadjusted	stromal_spearman	94	-0.4123613770183867	3.630350712042594e-05	0.0	92.0	estimated	-0.5668066494428474	-0.23881697046516373	5000	rho	6.988425120681994e-05		
SFMBT2	cg12767281	5	False		Colonomics	source_cms_labels	CMS_global_Kruskal	83	10.825860938475955	0.01270576056077707			estimated			0	H	0.021740968070662985		
SFMBT2	cg26878816	6	False		Colonomics	unadjusted	stromal_spearman	94	-0.4234310711694396	2.116593095497446e-05	0.0	92.0	estimated	-0.5728482711013176	-0.23747774543982927	5000	rho	4.5271574542584265e-05		
SFMBT2	cg26878816	6	False		Colonomics	source_cms_labels	CMS_global_Kruskal	83	12.432080892182398	0.006040515276138763			estimated			0	H	0.010816736657271737		
SFMBT2	cg12328063	7	False		Colonomics	unadjusted	stromal_spearman	94	-0.3486399595419572	0.0005738586352131149	0.0	92.0	estimated	-0.5212204714464199	-0.14718269220929978	5000	rho	0.0008207779493852808		
SFMBT2	cg12328063	7	False		Colonomics	source_cms_labels	CMS_global_Kruskal	83	9.082347122480087	0.02821583689449983			estimated			0	H	0.03879677572993727		
SFMBT2	cg16818993	8	True	TSS200	Colonomics	unadjusted	stromal_spearman	94	-0.4636563956218618	2.521997790303747e-06	0.0	92.0	estimated	-0.605639748395978	-0.28911152737655826	5000	rho	9.709691492669426e-06		
SFMBT2	cg16818993	8	True	TSS200	Colonomics	source_cms_labels	CMS_global_Kruskal	83	17.505817640724786	0.0005561050897071968			estimated			0	H	0.002676255744215885		
ADHFE1	cg20295442	1	True	TSS200	Colonomics	unadjusted	stromal_spearman	94	-0.47931191439334325	1.0215041124980939e-06	0.0	92.0	estimated	-0.6268760326189686	-0.30981899665021034	5000	rho	6.990800962794916e-06		
ADHFE1	cg20295442	1	True	TSS200	Colonomics	source_cms_labels	CMS_global_Kruskal	83	16.9580288624875	0.0007209289787993735			estimated			0	H	0.0030839739648639863		
ADHFE1	cg19283840	2	True	TSS200	Colonomics	unadjusted	stromal_spearman	94	-0.49590723548748333	3.72715836622907e-07	0.0	92.0	estimated	-0.6385939266335237	-0.32030350474776176	5000	rho	6.870476009947934e-06		
ADHFE1	cg19283840	2	True	TSS200	Colonomics	source_cms_labels	CMS_global_Kruskal	83	19.492845272716522	0.00021618923366288577			estimated			0	H	0.0019945847292111864		
ADHFE1	cg25046651	3	False		Colonomics	unadjusted	stromal_spearman	94	-0.4198404068965257	2.5266357456667807e-05	0.0	92.0	estimated	-0.5831316496767445	-0.23688678589302545	5000	rho	5.258133849090328e-05		
ADHFE1	cg25046651	3	False		Colonomics	source_cms_labels	CMS_global_Kruskal	83	14.496176260283903	0.0023019785383210406			estimated			0	H	0.005539135857835004		
ADHFE1	cg01588438	4	True	TSS200	Colonomics	unadjusted	stromal_spearman	94	-0.47670033379370585	1.1914426552301109e-06	0.0	92.0	estimated	-0.6241814606418613	-0.3014106895504472	5000	rho	7.057006496362965e-06		
ADHFE1	cg01588438	4	True	TSS200	Colonomics	source_cms_labels	CMS_global_Kruskal	83	19.180577908756476	0.00025087159437624056			estimated			0	H	0.0019945847292111864		
ADHFE1	cg08090772	5	True	TSS200	Colonomics	unadjusted	stromal_spearman	94	-0.4684208244952975	1.9246096546812845e-06	0.0	92.0	estimated	-0.6219786004328542	-0.29564179596585227	5000	rho	8.717349612379934e-06		
ADHFE1	cg08090772	5	True	TSS200	Colonomics	source_cms_labels	CMS_global_Kruskal	83	18.273984093333	0.00038616856137949274			estimated			0	H	0.002021955363918877		
ADHFE1	cg09383816	6	True	TSS200	Colonomics	unadjusted	stromal_spearman	94	-0.48362159898382395	7.901974492426219e-07	0.0	92.0	estimated	-0.6300052940302923	-0.3104294275199157	5000	rho	6.870476009947934e-06		
ADHFE1	cg09383816	6	True	TSS200	Colonomics	source_cms_labels	CMS_global_Kruskal	83	19.113325755964418	0.0002590369778196346			estimated			0	H	0.0019945847292111864		
ADHFE1	cg20912169	7	False		Colonomics	unadjusted	stromal_spearman	94	-0.43337066069428887	1.2827406217842236e-05	0.0	92.0	estimated	-0.5850575422628572	-0.24797071106912932	5000	rho	2.9930614508298552e-05		
ADHFE1	cg20912169	7	False		Colonomics	source_cms_labels	CMS_global_Kruskal	83	16.076720675806655	0.001093643910632453			estimated			0	H	0.00360399615571346		
ADHFE1	cg18065361	8	True	TSS200	Colonomics	unadjusted	stromal_spearman	94	-0.48332364022870783	8.044402239014275e-07	0.0	92.0	estimated	-0.6265335293709032	-0.30588111034097437	5000	rho	6.870476009947934e-06		
ADHFE1	cg18065361	8	True	TSS200	Colonomics	source_cms_labels	CMS_global_Kruskal	83	16.767076223560597	0.0007891291441958364			estimated			0	H	0.0031980496896357583		
HOXA2	cg04481096	1	False		Colonomics	unadjusted	stromal_spearman	94	-0.4382143424912435	9.991911406338935e-06	0.0	92.0	estimated	-0.5993297117717861	-0.24772166272484308	5000	rho	2.6488855734317504e-05		
HOXA2	cg04481096	1	False		Colonomics	source_cms_labels	CMS_global_Kruskal	83	18.23233651269524	0.0003938874085556254			estimated			0	H	0.002021955363918877		
HOXA2	cg19598584	2	True	TSS1500	Colonomics	unadjusted	stromal_spearman	94	-0.4661939319971608	2.1849233410633156e-06	0.0	92.0	estimated	-0.6086454934616804	-0.29067301913891663	5000	rho	8.854689329572385e-06		
HOXA2	cg19598584	2	True	TSS1500	Colonomics	source_cms_labels	CMS_global_Kruskal	83	19.197089517120325	0.000248906322957302			estimated			0	H	0.0019945847292111864		
HOXA2	cg09871315	3	True	TSS1500	Colonomics	unadjusted	stromal_spearman	94	-0.4936097966260882	4.2991145531685337e-07	0.0	92.0	estimated	-0.6398381270797472	-0.3274091594417789	5000	rho	6.870476009947934e-06		
HOXA2	cg09871315	3	True	TSS1500	Colonomics	source_cms_labels	CMS_global_Kruskal	83	19.985925969889422	0.00017088623840774076			estimated			0	H	0.0019945847292111864		
HOXA2	cg13661519	4	False		Colonomics	unadjusted	stromal_spearman	94	-0.4554413242006235	3.981755017535639e-06	0.0	92.0	estimated	-0.6138601289988013	-0.2680580293081515	5000	rho	1.3936142561374738e-05		
HOXA2	cg13661519	4	False		Colonomics	source_cms_labels	CMS_global_Kruskal	83	18.547134839716204	0.0003391419608549605			estimated			0	H	0.002021955363918877		
HOXA2	cg02803819	5	False		Colonomics	unadjusted	stromal_spearman	94	-0.4902720080916086	5.2802396514679e-07	0.0	92.0	estimated	-0.6400401247004709	-0.31666616654057517	5000	rho	6.870476009947934e-06		
HOXA2	cg02803819	5	False		Colonomics	source_cms_labels	CMS_global_Kruskal	83	21.37186819056666	8.811999531118014e-05			estimated			0	H	0.0019945847292111864		
HOXA2	cg03763508	6	False		Colonomics	unadjusted	stromal_spearman	94	-0.47822129104504574	1.0894754747212857e-06	0.0	92.0	estimated	-0.633970298488282	-0.28761565470775485	5000	rho	6.990800962794916e-06		
HOXA2	cg03763508	6	False		Colonomics	source_cms_labels	CMS_global_Kruskal	83	20.49163805114904	0.00013422989017236085			estimated			0	H	0.0019945847292111864		
HOXA2	cg00188704	7	False		Colonomics	unadjusted	stromal_spearman	94	-0.5020030851642725	2.538955981615539e-07	0.0	92.0	estimated	-0.6495846267658579	-0.32778354718437924	5000	rho	6.870476009947934e-06		
HOXA2	cg00188704	7	False		Colonomics	source_cms_labels	CMS_global_Kruskal	83	18.719552216852183	0.0003124379180943504			estimated			0	H	0.002021955363918877		
HOXA2	cg06786372	8	False		Colonomics	unadjusted	stromal_spearman	94	-0.47488350251056605	1.325083194637472e-06	0.0	92.0	estimated	-0.635305098486319	-0.28653942217756156	5000	rho	7.19762266265655e-06		
HOXA2	cg06786372	8	False		Colonomics	source_cms_labels	CMS_global_Kruskal	83	20.255992442677154	0.00015021861202162699			estimated			0	H	0.0019945847292111864		
GFRA1	cg19236679	1	True	TSS1500	Colonomics	unadjusted	stromal_spearman	94	-0.3954137752934634	8.000110496599627e-05	0.0	92.0	estimated	-0.5539025540647577	-0.21525165433813778	5000	rho	0.0001432577926135282		
GFRA1	cg19236679	1	True	TSS1500	Colonomics	source_cms_labels	CMS_global_Kruskal	83	13.893211526627299	0.0030541731551764735			estimated			0	H	0.00653253702634968		
GFRA1	cg06298519	2	True	TSS200	Colonomics	unadjusted	stromal_spearman	94	-0.43546173076114436	1.1521416253418604e-05	0.0	92.0	estimated	-0.57611113830007	-0.27320520263227777	5000	rho	2.861771133913653e-05		
GFRA1	cg06298519	2	True	TSS200	Colonomics	source_cms_labels	CMS_global_Kruskal	83	12.890116751867073	0.004880361658622919			estimated			0	H	0.009165557261316215		
GFRA1	cg19485539	3	True	TSS200	Colonomics	unadjusted	stromal_spearman	94	-0.46929162301773647	1.831021364995787e-06	0.0	92.0	estimated	-0.609557925801592	-0.3045157750218411	5000	rho	8.717349612379934e-06		
GFRA1	cg19485539	3	True	TSS200	Colonomics	source_cms_labels	CMS_global_Kruskal	83	14.042067778503224	0.0028484469506379817			estimated			0	H	0.006266583291403559		
GFRA1	cg18672939	4	True	TSS1500;TSS200	Colonomics	unadjusted	stromal_spearman	94	-0.4281255644258209	1.674030994810804e-05	0.0	92.0	estimated	-0.5826212447411758	-0.24408118457357514	5000	rho	3.791187841189174e-05		
GFRA1	cg18672939	4	True	TSS1500;TSS200	Colonomics	source_cms_labels	CMS_global_Kruskal	83	15.16745645495422	0.0016789959243372718			estimated			0	H	0.004617238791927498		
GFRA1	cg27034576	5	False		Colonomics	unadjusted	stromal_spearman	94	-0.4182133439294874	2.7359268876156217e-05	0.0	92.0	estimated	-0.5719424178567768	-0.233024472876989	5000	rho	5.543851851221128e-05		
GFRA1	cg27034576	5	False		Colonomics	source_cms_labels	CMS_global_Kruskal	83	15.815924641564152	0.0012368987192663001			estimated			0	H	0.00360399615571346		
GFRA1	cg18044663	6	True	TSS1500	Colonomics	unadjusted	stromal_spearman	94	-0.43863179074732866	9.777336467804234e-06	0.0	92.0	estimated	-0.5843983785055288	-0.26199443655304383	5000	rho	2.6488855734317504e-05		
GFRA1	cg18044663	6	True	TSS1500	Colonomics	source_cms_labels	CMS_global_Kruskal	83	19.19040147053424	0.0002497005058439597			estimated			0	H	0.0019945847292111864		
UNC5C	cg15701178	1	True	TSS1500	Colonomics	unadjusted	stromal_spearman	94	-0.39711157429574667	7.405396986093667e-05	0.0	92.0	estimated	-0.5586882708790801	-0.21240002937835997	5000	rho	0.00013576561141171725		
UNC5C	cg15701178	1	True	TSS1500	Colonomics	source_cms_labels	CMS_global_Kruskal	83	13.451569829652898	0.003755190476278952			estimated			0	H	0.0076655725243346155		
UNC5C	cg03008707	2	False		Colonomics	unadjusted	stromal_spearman	94	-0.4343258834904742	1.221446955662345e-05	0.0	92.0	estimated	-0.5884063159144964	-0.24842618870182614	5000	rho	2.939106737062518e-05		
UNC5C	cg03008707	2	False		Colonomics	source_cms_labels	CMS_global_Kruskal	83	14.16619215763904	0.0026874465856743432			estimated			0	H	0.006086276091086013		
UNC5C	cg24870497	3	False		Colonomics	unadjusted	stromal_spearman	94	-0.38647685033250867	0.00011932059973803529	0.0	92.0	estimated	-0.5592903370338993	-0.18986800587945568	5000	rho	0.00019973230825714606		
UNC5C	cg24870497	3	False		Colonomics	source_cms_labels	CMS_global_Kruskal	83	9.826045563482351	0.020104187240792146			estimated			0	H	0.030960448350819902		
UNC5C	cg13265789	4	True	TSS1500	Colonomics	unadjusted	stromal_spearman	94	-0.5135300131161386	1.2033472106830605e-07	0.0	92.0	estimated	-0.6532851681651463	-0.34492842764781	5000	rho	6.870476009947934e-06		
UNC5C	cg13265789	4	True	TSS1500	Colonomics	source_cms_labels	CMS_global_Kruskal	83	16.535282869299557	0.0008805802199106677			estimated			0	H	0.0032287941396724486		
UNC5C	cg12584684	5	True	TSS1500	Colonomics	unadjusted	stromal_spearman	94	-0.42559693674818483	1.900309779154435e-05	0.0	92.0	estimated	-0.5751859358019212	-0.24670211599083358	5000	rho	4.180681514139757e-05		
UNC5C	cg12584684	5	True	TSS1500	Colonomics	source_cms_labels	CMS_global_Kruskal	83	16.976204748621512	0.0007147509718013655			estimated			0	H	0.0030839739648639863		
RALYL	cg08327106	1	True	TSS1500	Colonomics	unadjusted	stromal_spearman	94	-0.28889209984467	0.004744123225569627	0.0	92.0	estimated	-0.46049495612817765	-0.09644966865522209	5000	rho	0.005372021887777371		
RALYL	cg08327106	1	True	TSS1500	Colonomics	source_cms_labels	CMS_global_Kruskal	83	6.094854294023378	0.10708545629906942			estimated			0	H	0.11779400192897635		
RALYL	cg09757712	2	True	TSS1500	Colonomics	unadjusted	stromal_spearman	94	-0.32653252898891016	0.0013180685844392682	0.0	92.0	estimated	-0.4850415290960029	-0.14625914305698026	5000	rho	0.0016253048681687291		
RALYL	cg09757712	2	True	TSS1500	Colonomics	source_cms_labels	CMS_global_Kruskal	83	7.575626079264282	0.055646805496146055			estimated			0	H	0.06695006286255072		
RALYL	cg11089595	3	True	TSS1500	Colonomics	unadjusted	stromal_spearman	94	-0.3943286493515876	8.403157128008846e-05	0.0	92.0	estimated	-0.5433680130688713	-0.21837147317228947	5000	rho	0.0001470552497401548		
RALYL	cg11089595	3	True	TSS1500	Colonomics	source_cms_labels	CMS_global_Kruskal	83	10.385778299687104	0.015556088461727615			estimated			0	H	0.02603953938158753		
RALYL	cg01134282	4	True	TSS1500	Colonomics	unadjusted	stromal_spearman	94	-0.3262880695324165	0.0013297948921380512	0.0	92.0	estimated	-0.5058960258693183	-0.12439462971544096	5000	rho	0.0016253048681687291		
RALYL	cg01134282	4	True	TSS1500	Colonomics	source_cms_labels	CMS_global_Kruskal	83	6.863979602582919	0.07636191869594933			estimated			0	H	0.08775921999385221		
RALYL	cg06955749	5	True	TSS1500	Colonomics	unadjusted	stromal_spearman	94	-0.3594913846042698	0.0003729742379661479	0.0	92.0	estimated	-0.5331952076623367	-0.16277805146300714	5000	rho	0.0005631179671253605		
RALYL	cg06955749	5	True	TSS1500	Colonomics	source_cms_labels	CMS_global_Kruskal	83	8.69359365682294	0.033654703625218184			estimated			0	H	0.04348327841587517		
BEND5	cg11666087	1	False		Colonomics	unadjusted	stromal_spearman	94	-0.25485769193422775	0.013176729571919605	0.0	92.0	estimated	-0.4403922975651786	-0.05912690222107203	5000	rho	0.013710921311321752		
BEND5	cg11666087	1	False		Colonomics	source_cms_labels	CMS_global_Kruskal	83	3.2020596107159065	0.36150837686244885			estimated			0	H	0.3711486002454475		
BEND5	cg16573178	2	False		Colonomics	unadjusted	stromal_spearman	94	-0.277261414087761	0.0068213870066185485	0.0	92.0	estimated	-0.4530751167366996	-0.08019411143231109	5000	rho	0.007503525707280404		
BEND5	cg16573178	2	False		Colonomics	source_cms_labels	CMS_global_Kruskal	83	3.0167497576513256	0.3890498957036118			estimated			0	H	0.39416897327865935		
BEND5	cg06744574	3	False		Colonomics	unadjusted	stromal_spearman	94	-0.34809088610338473	0.0005862699638466292	0.0	92.0	estimated	-0.5228454108087999	-0.15898345197754152	5000	rho	0.0008207779493852808		
BEND5	cg06744574	3	False		Colonomics	source_cms_labels	CMS_global_Kruskal	83	5.090993672084551	0.16525411828820047			estimated			0	H	0.17195360957015454		
BEND5	cg03603214	4	True	TSS1500	Colonomics	unadjusted	stromal_spearman	94	-0.1976960506318235	0.05613514475690952	0.0	92.0	estimated	-0.38370793974724315	0.006618150045210376	5000	rho	0.056873765082658324		
BEND5	cg03603214	4	True	TSS1500	Colonomics	source_cms_labels	CMS_global_Kruskal	83	0.7486293660814745	0.8617105062312517			estimated			0	H	0.8617105062312517		
EYA4	cg14017655	1	True	TSS1500	GSE164811_MATCH	Welch_CMS3_minus_CMS2	CMS3-CMS2	146	0.17382524770821106	2.7635817300128548e-05			estimated	0.09732058068850809	0.2394590312784458	5000	beta_difference	0.00011821988511721657	22.0	124.0
EYA4	cg14017655	1	True	TSS1500	GSE164811_MATCH	sex_site_adjusted_OLS_CMS3_minus_CMS2	CMS3-CMS2_adjusted	146	0.16281084671429236	7.361025003270158e-05	4.0	142.0	estimated	0.08231667743928467	0.24330501598930004	0	beta_difference	0.0002694481205094776		
EYA4	cg20330472	2	True	TSS1500	GSE164811_MATCH	Welch_CMS3_minus_CMS2	CMS3-CMS2	146	0.1727587100667155	0.0002630381427735522			estimated	0.08560369325483856	0.2528986485832111	5000	beta_difference	0.0006533528062439845	22.0	124.0
EYA4	cg20330472	2	True	TSS1500	GSE164811_MATCH	sex_site_adjusted_OLS_CMS3_minus_CMS2	CMS3-CMS2_adjusted	146	0.15727553871035382	0.000741824398197514	4.0	142.0	estimated	0.06590397166862189	0.24864710575208576	0	beta_difference	0.0015195250818619238		
EYA4	cg17838029	3	True	TSS200	GSE164811_MATCH	Welch_CMS3_minus_CMS2	CMS3-CMS2	146	0.10888790403152504	0.0006589084363937511			estimated	0.05019888999387824	0.16335245325047656	5000	beta_difference	0.0013524127535030081	22.0	124.0
EYA4	cg17838029	3	True	TSS200	GSE164811_MATCH	sex_site_adjusted_OLS_CMS3_minus_CMS2	CMS3-CMS2_adjusted	146	0.1035935562221479	0.0007498954949448455	4.0	142.0	estimated	0.043356123298945434	0.16383098914535038	0	beta_difference	0.0015195250818619238		
EYA4	cg14343214	4	True	TSS1500	GSE164811_MATCH	Welch_CMS3_minus_CMS2	CMS3-CMS2	146	0.15187449670527864	0.0006674244757547313			estimated	0.06857699520564499	0.22184693336636743	5000	beta_difference	0.0013524127535030081	22.0	124.0
EYA4	cg14343214	4	True	TSS1500	GSE164811_MATCH	sex_site_adjusted_OLS_CMS3_minus_CMS2	CMS3-CMS2_adjusted	146	0.14990186475509001	0.00039997781515112025	4.0	142.0	estimated	0.06690918491558935	0.2328945445945907	0	beta_difference	0.0008799511933324645		
EYA4	cg24675448	5	False		GSE164811_MATCH	Welch_CMS3_minus_CMS2	CMS3-CMS2	146	0.12379209608357788	5.820622340345482e-05			estimated	0.06975180719659076	0.17526714523645526	5000	beta_difference	0.00020372178191209187	22.0	124.0
EYA4	cg24675448	5	False		GSE164811_MATCH	sex_site_adjusted_OLS_CMS3_minus_CMS2	CMS3-CMS2_adjusted	146	0.11533651863330063	5.2561137717071397e-05	4.0	142.0	estimated	0.05943667526478568	0.17123636200181558	0	beta_difference	0.0002126316037979515		
EYA4	cg21607030	6	False		GSE164811_MATCH	Welch_CMS3_minus_CMS2	CMS3-CMS2	146	0.10200814793548385	0.00010130781624920893			estimated	0.05584514042822578	0.14565767231339796	5000	beta_difference	0.00030002699427650336	22.0	124.0
EYA4	cg21607030	6	False		GSE164811_MATCH	sex_site_adjusted_OLS_CMS3_minus_CMS2	CMS3-CMS2_adjusted	146	0.09143973960498665	0.00025018475911238653	4.0	142.0	estimated	0.042500598430431843	0.14037888077954147	0	beta_difference	0.0006780579788479264		
EYA4	cg11664500	7	True	TSS200	GSE164811_MATCH	Welch_CMS3_minus_CMS2	CMS3-CMS2	146	0.07339461767375388	0.020377033281284384			estimated	0.010459615482514699	0.12779152619030426	5000	beta_difference	0.028527846593798138	22.0	124.0
EYA4	cg11664500	7	True	TSS200	GSE164811_MATCH	sex_site_adjusted_OLS_CMS3_minus_CMS2	CMS3-CMS2_adjusted	146	0.07034510391540172	0.02147974708684542	4.0	142.0	estimated	0.010385445056721135	0.13030476277408232	0	beta_difference	0.030071645921583588		
EYA4	cg26656135	8	False		GSE164811_MATCH	Welch_CMS3_minus_CMS2	CMS3-CMS2	146	0.07136609447800568	0.0008288782124862788			estimated	0.032225967081048495	0.10797820030084326	5000	beta_difference	0.001620269670578885	22.0	124.0
EYA4	cg26656135	8	False		GSE164811_MATCH	sex_site_adjusted_OLS_CMS3_minus_CMS2	CMS3-CMS2_adjusted	146	0.06940207587665284	0.0006416118049279123	4.0	142.0	estimated	0.02955144061978173	0.10925271113352394	0	beta_difference	0.001372336360540257		
EYA4	cg20286200	9	True	TSS1500	GSE164811_MATCH	Welch_CMS3_minus_CMS2	CMS3-CMS2	146	0.06993629722580641	0.033880548572838454			estimated	0.004089791409164269	0.12391254206457084	5000	beta_difference	0.044979348967388984	22.0	124.0
EYA4	cg20286200	9	True	TSS1500	GSE164811_MATCH	sex_site_adjusted_OLS_CMS3_minus_CMS2	CMS3-CMS2_adjusted	146	0.0686308994316565	0.03442269450166711	4.0	142.0	estimated	0.005033415430537966	0.13222838343277504	0	beta_difference	0.04650083292330469		
EYA4	cg14270292	10	False		GSE164811_MATCH	Welch_CMS3_minus_CMS2	CMS3-CMS2	146	0.07074281790762471	0.042557766668290344			estimated	0.0007427911716275281	0.13080410052212255	5000	beta_difference	0.05285400053965091	22.0	124.0
EYA4	cg14270292	10	False		GSE164811_MATCH	sex_site_adjusted_OLS_CMS3_minus_CMS2	CMS3-CMS2_adjusted	146	0.06597294226107336	0.05391630267703288	4.0	142.0	estimated	-0.001110859305796616	0.13305674382794336	0	beta_difference	0.07036534417172088		
EYA4	cg06181518	11	True	TSS1500	GSE164811_MATCH	Welch_CMS3_minus_CMS2	CMS3-CMS2	146	0.15232245552785928	4.064670125111911e-05			estimated	0.08420246276288498	0.21159767667241575	5000	beta_difference	0.00015353795058134365	22.0	124.0
EYA4	cg06181518	11	True	TSS1500	GSE164811_MATCH	sex_site_adjusted_OLS_CMS3_minus_CMS2	CMS3-CMS2_adjusted	146	0.1411141030637851	0.000126789034682585	4.0	142.0	estimated	0.06894962451282308	0.21327858161474714	0	beta_difference	0.0003911311068191241		
EYA4	cg14287112	12	True	TSS200	GSE164811_MATCH	Welch_CMS3_minus_CMS2	CMS3-CMS2	146	0.0757192116957478	0.021654948179999415			estimated	0.010522083869593293	0.13039601246532254	5000	beta_difference	0.029775553747499194	22.0	124.0
EYA4	cg14287112	12	True	TSS200	GSE164811_MATCH	sex_site_adjusted_OLS_CMS3_minus_CMS2	CMS3-CMS2_adjusted	146	0.07323102747557939	0.021457935754941267	4.0	142.0	estimated	0.010821950545036783	0.13564010440612198	0	beta_difference	0.030071645921583588		
EYA4	cg01328892	13	True	TSS200	GSE164811_MATCH	Welch_CMS3_minus_CMS2	CMS3-CMS2	146	0.10875849576319663	0.0014974727087824448			estimated	0.04457586765034827	0.1653351055743585	5000	beta_difference	0.00281232679454264	22.0	124.0
EYA4	cg01328892	13	True	TSS200	GSE164811_MATCH	sex_site_adjusted_OLS_CMS3_minus_CMS2	CMS3-CMS2_adjusted	146	0.10335122732292103	0.0024193101874498747	4.0	142.0	estimated	0.03656993825485745	0.1701325163909846	0	beta_difference	0.004657172110841009		
EYA4	cg05493394	14	True	TSS1500	GSE164811_MATCH	Welch_CMS3_minus_CMS2	CMS3-CMS2	146	0.18565032064882692	0.0005114205197518137			estimated	0.08769154825034833	0.2705680276828263	5000	beta_difference	0.0011251251434539903	22.0	124.0
EYA4	cg05493394	14	True	TSS1500	GSE164811_MATCH	sex_site_adjusted_OLS_CMS3_minus_CMS2	CMS3-CMS2_adjusted	146	0.1811177654482849	0.0003350116216820456	4.0	142.0	estimated	0.08214273767681457	0.2800927932197552	0	beta_difference	0.0007916901814897518		
EYA4	cg26449787	15	True	TSS1500	GSE164811_MATCH	Welch_CMS3_minus_CMS2	CMS3-CMS2	146	0.09204943707844593	0.014536367679978547			estimated	0.01782109020201627	0.15205928455269413	5000	beta_difference	0.021118873799214115	22.0	124.0
EYA4	cg26449787	15	True	TSS1500	GSE164811_MATCH	sex_site_adjusted_OLS_CMS3_minus_CMS2	CMS3-CMS2_adjusted	146	0.08921497196083551	0.015841645090098597	4.0	142.0	estimated	0.016736225431301363	0.16169371849036968	0	beta_difference	0.02345782061418446		
EYA4	cg22871668	16	True	TSS200	GSE164811_MATCH	Welch_CMS3_minus_CMS2	CMS3-CMS2	146	0.07200922175659841	0.0312097689476548			estimated	0.005753478251814562	0.12807153464283366	5000	beta_difference	0.04216056506963894	22.0	124.0
EYA4	cg22871668	16	True	TSS200	GSE164811_MATCH	sex_site_adjusted_OLS_CMS3_minus_CMS2	CMS3-CMS2_adjusted	146	0.0679462031068193	0.03748573163685487	4.0	142.0	estimated	0.003934509995870833	0.13195789621776777	0	beta_difference	0.049765540276514225		
EYA4	cg20980055	17	True	TSS1500	GSE164811_MATCH	Welch_CMS3_minus_CMS2	CMS3-CMS2	146	0.0768899800329913	0.01253013634968281			estimated	0.01541256327686951	0.12899881694616944	5000	beta_difference	0.01855424036395339	22.0	124.0
EYA4	cg20980055	17	True	TSS1500	GSE164811_MATCH	sex_site_adjusted_OLS_CMS3_minus_CMS2	CMS3-CMS2_adjusted	146	0.0768248171625936	0.010328633310592486	4.0	142.0	estimated	0.018113048134906794	0.1355365861902804	0	beta_difference	0.016230709488073907		
ZNF568	cg06611358	1	False		GSE164811_MATCH	Welch_CMS3_minus_CMS2	CMS3-CMS2	146	0.10575750604692058	8.45339926136096e-06			estimated	0.06263324933260654	0.1489776469834861	5000	beta_difference	4.0681983945299626e-05	22.0	124.0
ZNF568	cg06611358	1	False		GSE164811_MATCH	sex_site_adjusted_OLS_CMS3_minus_CMS2	CMS3-CMS2_adjusted	146	0.10038915823916887	3.167130066578634e-05	4.0	142.0	estimated	0.05310383649034015	0.1476744799879976	0	beta_difference	0.0001434523618391499		
ZNF568	cg27390819	2	False		GSE164811_MATCH	Welch_CMS3_minus_CMS2	CMS3-CMS2	146	0.14250036125953058	0.00020593578939320542			estimated	0.07294746407514653	0.20797668156165686	5000	beta_difference	0.0005285685261092272	22.0	124.0
ZNF568	cg27390819	2	False		GSE164811_MATCH	sex_site_adjusted_OLS_CMS3_minus_CMS2	CMS3-CMS2_adjusted	146	0.13578982822225252	0.00019984986914137865	4.0	142.0	estimated	0.0642306944737277	0.20734896197077735	0	beta_difference	0.0005918630739956214		
ZNF568	cg20154403	3	False		GSE164811_MATCH	Welch_CMS3_minus_CMS2	CMS3-CMS2	146	0.14743921392228743	5.1971476672130274e-08			estimated	0.10076945001537753	0.1925487499191899	5000	beta_difference	4.4464485597267014e-07	22.0	124.0
ZNF568	cg20154403	3	False		GSE164811_MATCH	sex_site_adjusted_OLS_CMS3_minus_CMS2	CMS3-CMS2_adjusted	146	0.13997410398929228	3.3210091167775186e-07	4.0	142.0	estimated	0.08622596171099502	0.19372224626758955	0	beta_difference	2.841307799909655e-06		
ZNF568	cg21761844	4	False		GSE164811_MATCH	Welch_CMS3_minus_CMS2	CMS3-CMS2	146	0.16750807184017608	1.984337290438083e-12			estimated	0.12650931904807552	0.20901007067870228	5000	beta_difference	9.10342984562671e-11	22.0	124.0
ZNF568	cg21761844	4	False		GSE164811_MATCH	sex_site_adjusted_OLS_CMS3_minus_CMS2	CMS3-CMS2_adjusted	146	0.1609743359137954	4.533692523258672e-12	4.0	142.0	estimated	0.11537772694135012	0.20657094488624067	0	beta_difference	3.452470299388933e-10		
ZNF568	cg20680720	5	True	TSS200	GSE164811_MATCH	Welch_CMS3_minus_CMS2	CMS3-CMS2	146	0.2447383606686216	8.061608997664624e-06			estimated	0.14661876232395524	0.3318501115584676	5000	beta_difference	4.0681983945299626e-05	22.0	124.0
ZNF568	cg20680720	5	True	TSS200	GSE164811_MATCH	sex_site_adjusted_OLS_CMS3_minus_CMS2	CMS3-CMS2_adjusted	146	0.23826268052465457	4.184265796403885e-06	4.0	142.0	estimated	0.13678833714595812	0.33973702390335103	0	beta_difference	2.3013461880221364e-05		
ZNF568	cg02459604	6	False		GSE164811_MATCH	Welch_CMS3_minus_CMS2	CMS3-CMS2	146	0.12376989581744868	4.0144732100363584e-09			estimated	0.08576707017710791	0.16216410642324042	5000	beta_difference	5.1519072862133264e-08	22.0	124.0
ZNF568	cg02459604	6	False		GSE164811_MATCH	sex_site_adjusted_OLS_CMS3_minus_CMS2	CMS3-CMS2_adjusted	146	0.11823430976216255	1.6417111146929756e-08	4.0	142.0	estimated	0.07719061130902842	0.1592780082152967	0	beta_difference	1.8952056511393652e-07		
ZNF568	cg03060201	7	False		GSE164811_MATCH	Welch_CMS3_minus_CMS2	CMS3-CMS2	146	0.1923212273233138	2.364527232630314e-12			estimated	0.14665218132236066	0.23911587112118782	5000	beta_difference	9.10342984562671e-11	22.0	124.0
ZNF568	cg03060201	7	False		GSE164811_MATCH	sex_site_adjusted_OLS_CMS3_minus_CMS2	CMS3-CMS2_adjusted	146	0.18427543093256246	8.967455323088138e-12	4.0	142.0	estimated	0.13133433866552305	0.23721652319960188	0	beta_difference	3.452470299388933e-10		
ZNF568	cg03443751	8	False		GSE164811_MATCH	Welch_CMS3_minus_CMS2	CMS3-CMS2	146	0.23198844727492673	9.988093276350376e-11			estimated	0.17177391768799471	0.2905619112029143	5000	beta_difference	1.9227079556974472e-09	22.0	124.0
ZNF568	cg03443751	8	False		GSE164811_MATCH	sex_site_adjusted_OLS_CMS3_minus_CMS2	CMS3-CMS2_adjusted	146	0.21994662357110437	2.9018694863923257e-11	4.0	142.0	estimated	0.15513573381763263	0.2847575133245761	0	beta_difference	7.448131681740302e-10		
ZNF793	cg17332326	1	True	TSS1500	GSE164811_MATCH	Welch_CMS3_minus_CMS2	CMS3-CMS2	146	0.23683594370747818	1.895132582830618e-09			estimated	0.17003164394849699	0.30312557444404326	5000	beta_difference	2.9185041775591518e-08	22.0	124.0
ZNF793	cg17332326	1	True	TSS1500	GSE164811_MATCH	sex_site_adjusted_OLS_CMS3_minus_CMS2	CMS3-CMS2_adjusted	146	0.2100531544238331	3.894851009761147e-09	4.0	142.0	estimated	0.14013895688445904	0.27996735196320716	0	beta_difference	5.998070555032167e-08		
ZNF793	cg11623861	2	True	TSS1500	GSE164811_MATCH	Welch_CMS3_minus_CMS2	CMS3-CMS2	146	0.24233039862096767	2.6861339421861302e-08			estimated	0.16718017180164954	0.3082439843025109	5000	beta_difference	2.9547473364047433e-07	22.0	124.0
ZNF793	cg11623861	2	True	TSS1500	GSE164811_MATCH	sex_site_adjusted_OLS_CMS3_minus_CMS2	CMS3-CMS2_adjusted	146	0.21743949642069826	1.7229142283085138e-08	4.0	142.0	estimated	0.14184658029932934	0.2930324125420672	0	beta_difference	1.8952056511393652e-07		
ZNF793	cg14732998	3	True	TSS200	GSE164811_MATCH	Welch_CMS3_minus_CMS2	CMS3-CMS2	146	0.20838798842155426	1.628337452234072e-07			estimated	0.13720366053491573	0.2761198924575331	5000	beta_difference	1.1398362165638503e-06	22.0	124.0
ZNF793	cg14732998	3	True	TSS200	GSE164811_MATCH	sex_site_adjusted_OLS_CMS3_minus_CMS2	CMS3-CMS2_adjusted	146	0.1846598841333159	7.536782212306403e-07	4.0	142.0	estimated	0.11149896414700763	0.25782080411962416	0	beta_difference	5.359885308680547e-06		
ZNF793	cg07482795	4	True	TSS200	GSE164811_MATCH	Welch_CMS3_minus_CMS2	CMS3-CMS2	146	0.22653869651319647	0.0002886910890836585			estimated	0.11427073075478363	0.3263153206837974	5000	beta_difference	0.0006946629331075533	22.0	124.0
ZNF793	cg07482795	4	True	TSS200	GSE164811_MATCH	sex_site_adjusted_OLS_CMS3_minus_CMS2	CMS3-CMS2_adjusted	146	0.19147198829644002	0.00033929579206703645	4.0	142.0	estimated	0.08674187120635812	0.2962021053865219	0	beta_difference	0.0007916901814897518		
ZNF793	cg13181745	5	True	TSS200	GSE164811_MATCH	Welch_CMS3_minus_CMS2	CMS3-CMS2	146	0.2176817966085044	6.915885832955399e-05			estimated	0.12041339043942455	0.31151274621033714	5000	beta_difference	0.0002218846704739857	22.0	124.0
ZNF793	cg13181745	5	True	TSS200	GSE164811_MATCH	sex_site_adjusted_OLS_CMS3_minus_CMS2	CMS3-CMS2_adjusted	146	0.18976939610448365	0.00012699061909711822	4.0	142.0	estimated	0.09271314568929649	0.2868256465196708	0	beta_difference	0.0003911311068191241		
ZNF793	cg24078985	6	True	TSS200	GSE164811_MATCH	Welch_CMS3_minus_CMS2	CMS3-CMS2	146	0.2037394555967741	0.00013009335163428906			estimated	0.10762934672591613	0.2903654594340542	5000	beta_difference	0.0003689132213940642	22.0	124.0
ZNF793	cg24078985	6	True	TSS200	GSE164811_MATCH	sex_site_adjusted_OLS_CMS3_minus_CMS2	CMS3-CMS2_adjusted	146	0.17245483765504807	0.0003272448858585373	4.0	142.0	estimated	0.0783742177731322	0.26653545753696395	0	beta_difference	0.0007916901814897518		
ZNF793	cg15139588	7	False		GSE164811_MATCH	Welch_CMS3_minus_CMS2	CMS3-CMS2	146	0.2000819947441348	3.169752638487069e-05			estimated	0.11310840249703094	0.27963595874341995	5000	beta_difference	0.00012845839640184437	22.0	124.0
ZNF793	cg15139588	7	False		GSE164811_MATCH	sex_site_adjusted_OLS_CMS3_minus_CMS2	CMS3-CMS2_adjusted	146	0.1743109115247528	5.5228987999467924e-05	4.0	142.0	estimated	0.08958471531816464	0.259037107731341	0	beta_difference	0.0002126316037979515		
ZNF793	cg25361907	8	True	TSS200	GSE164811_MATCH	Welch_CMS3_minus_CMS2	CMS3-CMS2	146	0.21545979599999998	0.00013415026232511425			estimated	0.11473996178141498	0.30628407190604806	5000	beta_difference	0.0003689132213940642	22.0	124.0
ZNF793	cg25361907	8	True	TSS200	GSE164811_MATCH	sex_site_adjusted_OLS_CMS3_minus_CMS2	CMS3-CMS2_adjusted	146	0.18675155967865206	0.0002553724855401281	4.0	142.0	estimated	0.08665715320051937	0.28684596615678476	0	beta_difference	0.0006780579788479264		
SFMBT2	cg20299663	1	False		GSE164811_MATCH	Welch_CMS3_minus_CMS2	CMS3-CMS2	0					not_estimable			0	beta_difference		0.0	0.0
SFMBT2	cg20299663	1	False		GSE164811_MATCH	sex_site_adjusted_OLS_CMS3_minus_CMS2	CMS3-CMS2_adjusted	0			0.0		not_estimable			0	beta_difference			
SFMBT2	cg20506550	2	False		GSE164811_MATCH	Welch_CMS3_minus_CMS2	CMS3-CMS2	146	0.09183846995894429	0.01509541537323105			estimated	0.018806168238526273	0.1583540089182917	5000	beta_difference	0.02152494414331094	22.0	124.0
SFMBT2	cg20506550	2	False		GSE164811_MATCH	sex_site_adjusted_OLS_CMS3_minus_CMS2	CMS3-CMS2_adjusted	146	0.07823096819894368	0.031540209070858916	4.0	142.0	estimated	0.006921038194917364	0.14954089820297	0	beta_difference	0.04336778747243101		
SFMBT2	cg01056653	3	False		GSE164811_MATCH	Welch_CMS3_minus_CMS2	CMS3-CMS2	146	0.07490126516715534	0.039510588070234595			estimated	0.006849010504545521	0.14250274312446842	5000	beta_difference	0.0507052546901344	22.0	124.0
SFMBT2	cg01056653	3	False		GSE164811_MATCH	sex_site_adjusted_OLS_CMS3_minus_CMS2	CMS3-CMS2_adjusted	146	0.0631142572706913	0.07213276434611485	4.0	142.0	estimated	-0.005674653195174281	0.13190316773655686	0	beta_difference	0.08958423959114264		
SFMBT2	cg22862480	4	False		GSE164811_MATCH	Welch_CMS3_minus_CMS2	CMS3-CMS2	146	0.0593011134266862	0.00900448275645323			estimated	0.01770606809221034	0.0993147594077163	5000	beta_difference	0.013866903444937972	22.0	124.0
SFMBT2	cg22862480	4	False		GSE164811_MATCH	sex_site_adjusted_OLS_CMS3_minus_CMS2	CMS3-CMS2_adjusted	146	0.05601330823802686	0.01191652588714783	4.0	142.0	estimated	0.01235476331974647	0.09967185315630725	0	beta_difference	0.01835144986620766		
SFMBT2	cg12767281	5	False		GSE164811_MATCH	Welch_CMS3_minus_CMS2	CMS3-CMS2	146	0.10815479909824055	0.0018018266519406036			estimated	0.044508367542815314	0.16993618174263186	5000	beta_difference	0.003153196640896056	22.0	124.0
SFMBT2	cg12767281	5	False		GSE164811_MATCH	sex_site_adjusted_OLS_CMS3_minus_CMS2	CMS3-CMS2_adjusted	146	0.0941640053862525	0.0036215381539315044	4.0	142.0	estimated	0.03072833657237531	0.15759967420012969	0	beta_difference	0.006639486615541092		
SFMBT2	cg26878816	6	False		GSE164811_MATCH	Welch_CMS3_minus_CMS2	CMS3-CMS2	146	0.08879425806598229	0.002248978334001362			estimated	0.03572263382243403	0.14244982997597133	5000	beta_difference	0.0038482518159578863	22.0	124.0
SFMBT2	cg26878816	6	False		GSE164811_MATCH	sex_site_adjusted_OLS_CMS3_minus_CMS2	CMS3-CMS2_adjusted	146	0.07918463467829744	0.005484494976101845	4.0	142.0	estimated	0.0232995083510757	0.13506976100551918	0	beta_difference	0.008985236450209405		
SFMBT2	cg12328063	7	False		GSE164811_MATCH	Welch_CMS3_minus_CMS2	CMS3-CMS2	0					not_estimable			0	beta_difference		0.0	0.0
SFMBT2	cg12328063	7	False		GSE164811_MATCH	sex_site_adjusted_OLS_CMS3_minus_CMS2	CMS3-CMS2_adjusted	0			0.0		not_estimable			0	beta_difference			
SFMBT2	cg16818993	8	True	TSS200	GSE164811_MATCH	Welch_CMS3_minus_CMS2	CMS3-CMS2	146	0.07924688676319636	0.0017070443410088158			estimated	0.03143922067223234	0.12511913848924108	5000	beta_difference	0.0030568003315739264	22.0	124.0
SFMBT2	cg16818993	8	True	TSS200	GSE164811_MATCH	sex_site_adjusted_OLS_CMS3_minus_CMS2	CMS3-CMS2_adjusted	146	0.06872729432247203	0.005067410148340107	4.0	142.0	estimated	0.020665710523206482	0.11678887812173758	0	beta_difference	0.00867090180938196		
ADHFE1	cg20295442	1	True	TSS200	GSE164811_MATCH	Welch_CMS3_minus_CMS2	CMS3-CMS2	146	0.025117743815982307	0.1552286881436675			estimated	-0.00826094375065956	0.056067072557239715	5000	beta_difference	0.17322621720380288	22.0	124.0
ADHFE1	cg20295442	1	True	TSS200	GSE164811_MATCH	sex_site_adjusted_OLS_CMS3_minus_CMS2	CMS3-CMS2_adjusted	146	0.025716458812321465	0.14292706553092493	4.0	142.0	estimated	-0.008689075890464873	0.0601219935151078	0	beta_difference	0.1642594633713615		
ADHFE1	cg19283840	2	True	TSS200	GSE164811_MATCH	Welch_CMS3_minus_CMS2	CMS3-CMS2	146	0.030508817634164576	0.11547516496422004			estimated	-0.0059566926072763746	0.0653846776186952	5000	beta_difference	0.13893105784757723	22.0	124.0
ADHFE1	cg19283840	2	True	TSS200	GSE164811_MATCH	sex_site_adjusted_OLS_CMS3_minus_CMS2	CMS3-CMS2_adjusted	146	0.030903155529706763	0.1078737210982007	4.0	142.0	estimated	-0.0067682999409916685	0.0685746110004052	0	beta_difference	0.12978557069627272		
ADHFE1	cg25046651	3	False		GSE164811_MATCH	Welch_CMS3_minus_CMS2	CMS3-CMS2	146	0.025035439031525053	0.13168857322401428			estimated	-0.0077112795945197725	0.05445439173654687	5000	beta_difference	0.15134358415297164	22.0	124.0
ADHFE1	cg25046651	3	False		GSE164811_MATCH	sex_site_adjusted_OLS_CMS3_minus_CMS2	CMS3-CMS2_adjusted	146	0.024990068894362987	0.129303245905877	4.0	142.0	estimated	-0.0073001819508182915	0.05728031973954427	0	beta_difference	0.15085378689018983		
ADHFE1	cg01588438	4	True	TSS200	GSE164811_MATCH	Welch_CMS3_minus_CMS2	CMS3-CMS2	146	0.01395383889369517	0.31787141598366153			estimated	-0.013393645175073235	0.03927220353460401	5000	beta_difference	0.3399458198714158	22.0	124.0
ADHFE1	cg01588438	4	True	TSS200	GSE164811_MATCH	sex_site_adjusted_OLS_CMS3_minus_CMS2	CMS3-CMS2_adjusted	146	0.014671124039609969	0.2992840759938392	4.0	142.0	estimated	-0.01303187116851023	0.04237411924773017	0	beta_difference	0.3245756880496566		
ADHFE1	cg08090772	5	True	TSS200	GSE164811_MATCH	Welch_CMS3_minus_CMS2	CMS3-CMS2	146	0.019712371598973433	0.32654543460362273			estimated	-0.02137129690909089	0.05553077958914968	5000	beta_difference	0.34443833512984867	22.0	124.0
ADHFE1	cg08090772	5	True	TSS200	GSE164811_MATCH	sex_site_adjusted_OLS_CMS3_minus_CMS2	CMS3-CMS2_adjusted	146	0.01788616558964962	0.3748553969460914	4.0	142.0	estimated	-0.02161759762684985	0.057389928806149085	0	beta_difference	0.39539541869656214		
ADHFE1	cg09383816	6	True	TSS200	GSE164811_MATCH	Welch_CMS3_minus_CMS2	CMS3-CMS2	146	0.028115560661290506	0.07817569461958214			estimated	-0.0027093311529876704	0.05774606385366539	5000	beta_difference	0.09554807120171149	22.0	124.0
ADHFE1	cg09383816	6	True	TSS200	GSE164811_MATCH	sex_site_adjusted_OLS_CMS3_minus_CMS2	CMS3-CMS2_adjusted	146	0.027844045006275065	0.08142912809625691	4.0	142.0	estimated	-0.0034757730567830485	0.059163863069333175	0	beta_difference	0.09952448989542512		
ADHFE1	cg20912169	7	False		GSE164811_MATCH	Welch_CMS3_minus_CMS2	CMS3-CMS2	146	0.022898835546920737	0.22875436007633296			estimated	-0.013791756521866011	0.05622986983588694	5000	beta_difference	0.24808571444898078	22.0	124.0
ADHFE1	cg20912169	7	False		GSE164811_MATCH	sex_site_adjusted_OLS_CMS3_minus_CMS2	CMS3-CMS2_adjusted	146	0.02343357878684804	0.22015644975525117	4.0	142.0	estimated	-0.014025448117267705	0.06089260569096379	0	beta_difference	0.24568183523412085		
ADHFE1	cg18065361	8	True	TSS200	GSE164811_MATCH	Welch_CMS3_minus_CMS2	CMS3-CMS2	146	0.03670772809824019	0.12826977477767354			estimated	-0.010325767716037444	0.08064303046664223	5000	beta_difference	0.14964807057395246	22.0	124.0
ADHFE1	cg18065361	8	True	TSS200	GSE164811_MATCH	sex_site_adjusted_OLS_CMS3_minus_CMS2	CMS3-CMS2_adjusted	146	0.037342084916283304	0.12029307677482566	4.0	142.0	estimated	-0.009768979904302047	0.08445314973686865	0	beta_difference	0.1425010294101781		
HOXA2	cg04481096	1	False		GSE164811_MATCH	Welch_CMS3_minus_CMS2	CMS3-CMS2	146	0.01822609454398816	0.12231986407614705			estimated	-0.005301202507551625	0.039490743441953885	5000	beta_difference	0.1449019928286665	22.0	124.0
HOXA2	cg04481096	1	False		GSE164811_MATCH	sex_site_adjusted_OLS_CMS3_minus_CMS2	CMS3-CMS2_adjusted	146	0.017484222560212374	0.15324869496720575	4.0	142.0	estimated	-0.006510768897049286	0.041479214017474036	0	beta_difference	0.1735316104775712		
HOXA2	cg19598584	2	True	TSS1500	GSE164811_MATCH	Welch_CMS3_minus_CMS2	CMS3-CMS2	146	0.018832116911290497	0.4906441104727681			estimated	-0.03344105370577371	0.06693983114045095	5000	beta_difference	0.5105350879243669	22.0	124.0
HOXA2	cg19598584	2	True	TSS1500	GSE164811_MATCH	sex_site_adjusted_OLS_CMS3_minus_CMS2	CMS3-CMS2_adjusted	146	0.011485758917734552	0.6897617836160792	4.0	142.0	estimated	-0.04490926596613317	0.06788078380160227	0	beta_difference	0.7081554311791747		
HOXA2	cg09871315	3	True	TSS1500	GSE164811_MATCH	Welch_CMS3_minus_CMS2	CMS3-CMS2	146	0.019094585076979587	0.17706147651629203			estimated	-0.007702308102400826	0.04616424907895893	5000	beta_difference	0.19476762416792123	22.0	124.0
HOXA2	cg09871315	3	True	TSS1500	GSE164811_MATCH	sex_site_adjusted_OLS_CMS3_minus_CMS2	CMS3-CMS2_adjusted	146	0.01568237453027364	0.31585978795604985	4.0	142.0	estimated	-0.014962511912505319	0.0463272609730526	0	beta_difference	0.3377944954529977		
HOXA2	cg13661519	4	False		GSE164811_MATCH	Welch_CMS3_minus_CMS2	CMS3-CMS2	146	0.0381251227976539	0.0024252386324927705			estimated	0.014763469818218567	0.0595337441528409	5000	beta_difference	0.004059638580477029	22.0	124.0
HOXA2	cg13661519	4	False		GSE164811_MATCH	sex_site_adjusted_OLS_CMS3_minus_CMS2	CMS3-CMS2_adjusted	146	0.035026031884734805	0.0038120018063228403	4.0	142.0	estimated	0.011298996156055681	0.05875306761341393	0	beta_difference	0.0068261427694618305		
HOXA2	cg02803819	5	False		GSE164811_MATCH	Welch_CMS3_minus_CMS2	CMS3-CMS2	146	0.038560038396627805	0.007354856496906031			estimated	0.01209499410000002	0.06342357334010248	5000	beta_difference	0.011557631637995192	22.0	124.0
HOXA2	cg02803819	5	False		GSE164811_MATCH	sex_site_adjusted_OLS_CMS3_minus_CMS2	CMS3-CMS2_adjusted	146	0.03481186417638007	0.012561614200813736	4.0	142.0	estimated	0.007475708198404683	0.06214802015435546	0	beta_difference	0.018965574381620737		
HOXA2	cg03763508	6	False		GSE164811_MATCH	Welch_CMS3_minus_CMS2	CMS3-CMS2	146	0.034776163871700905	0.0004342617104925483			estimated	0.01659973706116174	0.05243578721308661	5000	beta_difference	0.000983475050233124	22.0	124.0
HOXA2	cg03763508	6	False		GSE164811_MATCH	sex_site_adjusted_OLS_CMS3_minus_CMS2	CMS3-CMS2_adjusted	146	0.02972109324311616	0.004758040199502108	4.0	142.0	estimated	0.009086022414613069	0.05035616407161925	0	beta_difference	0.00832657034912869		
HOXA2	cg00188704	7	False		GSE164811_MATCH	Welch_CMS3_minus_CMS2	CMS3-CMS2	146	0.036186616706744945	1.728559064046051e-05			estimated	0.021138697713581317	0.050625661159182565	5000	beta_difference	7.829355760679172e-05	22.0	124.0
HOXA2	cg00188704	7	False		GSE164811_MATCH	sex_site_adjusted_OLS_CMS3_minus_CMS2	CMS3-CMS2_adjusted	146	0.03308828167679507	0.00011657234136780755	4.0	142.0	estimated	0.016257744601494862	0.04991881875209528	0	beta_difference	0.000390263925448747		
HOXA2	cg06786372	8	False		GSE164811_MATCH	Welch_CMS3_minus_CMS2	CMS3-CMS2	146	0.034978475047654056	0.0008416985301708493			estimated	0.01582477161763192	0.052918075929252295	5000	beta_difference	0.001620269670578885	22.0	124.0
HOXA2	cg06786372	8	False		GSE164811_MATCH	sex_site_adjusted_OLS_CMS3_minus_CMS2	CMS3-CMS2_adjusted	146	0.03294316875973213	0.00106184332025992	4.0	142.0	estimated	0.013219532939840229	0.05266680457962404	0	beta_difference	0.0020964598887183035		
GFRA1	cg19236679	1	True	TSS1500	GSE164811_MATCH	Welch_CMS3_minus_CMS2	CMS3-CMS2	146	0.12113358037536659	0.00019717194719103088			estimated	0.06270907089703083	0.17826631225047657	5000	beta_difference	0.0005235255149554957	22.0	124.0
GFRA1	cg19236679	1	True	TSS1500	GSE164811_MATCH	sex_site_adjusted_OLS_CMS3_minus_CMS2	CMS3-CMS2_adjusted	146	0.11321837112373453	0.00025332283075341495	4.0	142.0	estimated	0.05257027422552512	0.17386646802194394	0	beta_difference	0.0006780579788479264		
GFRA1	cg06298519	2	True	TSS200	GSE164811_MATCH	Welch_CMS3_minus_CMS2	CMS3-CMS2	146	0.10958202104692061	7.335425443742695e-06			estimated	0.06530376800445387	0.15287633731647715	5000	beta_difference	4.0344839940584816e-05	22.0	124.0
GFRA1	cg06298519	2	True	TSS200	GSE164811_MATCH	sex_site_adjusted_OLS_CMS3_minus_CMS2	CMS3-CMS2_adjusted	146	0.10192197024738701	1.1982470141627763e-05	4.0	142.0	estimated	0.05629208107552856	0.14755185941924548	0	beta_difference	6.151001339368918e-05		
GFRA1	cg19485539	3	True	TSS200	GSE164811_MATCH	Welch_CMS3_minus_CMS2	CMS3-CMS2	146	0.10263411138416434	6.374141557965894e-05			estimated	0.05723200578275305	0.14698504729732406	5000	beta_difference	0.00021339517389711905	22.0	124.0
GFRA1	cg19485539	3	True	TSS200	GSE164811_MATCH	sex_site_adjusted_OLS_CMS3_minus_CMS2	CMS3-CMS2_adjusted	146	0.0959285832305669	5.2971144145570796e-05	4.0	142.0	estimated	0.04941418462601366	0.14244298183512014	0	beta_difference	0.0002126316037979515		
GFRA1	cg18672939	4	True	TSS1500;TSS200	GSE164811_MATCH	Welch_CMS3_minus_CMS2	CMS3-CMS2	146	0.15428873591422265	9.999427361211147e-07			estimated	0.09813298394164219	0.20779808788066303	5000	beta_difference	5.922737744717371e-06	22.0	124.0
GFRA1	cg18672939	4	True	TSS1500;TSS200	GSE164811_MATCH	sex_site_adjusted_OLS_CMS3_minus_CMS2	CMS3-CMS2_adjusted	146	0.14282465239428194	8.554536428370563e-07	4.0	142.0	estimated	0.08595432992956004	0.19969497485900384	0	beta_difference	5.489160874871111e-06		
GFRA1	cg27034576	5	False		GSE164811_MATCH	Welch_CMS3_minus_CMS2	CMS3-CMS2	146	0.11025358256671536	4.187398652218463e-05			estimated	0.06271761102215918	0.1552276366484603	5000	beta_difference	0.00015353795058134365	22.0	124.0
GFRA1	cg27034576	5	False		GSE164811_MATCH	sex_site_adjusted_OLS_CMS3_minus_CMS2	CMS3-CMS2_adjusted	146	0.10210315573065698	3.1435265701999004e-05	4.0	142.0	estimated	0.05403023659813788	0.15017607486317608	0	beta_difference	0.0001434523618391499		
GFRA1	cg18044663	6	True	TSS1500	GSE164811_MATCH	Welch_CMS3_minus_CMS2	CMS3-CMS2	146	0.10360796896187663	0.00039885544202463493			estimated	0.05173198029853386	0.15583188554943192	5000	beta_difference	0.0009306626980574815	22.0	124.0
GFRA1	cg18044663	6	True	TSS1500	GSE164811_MATCH	sex_site_adjusted_OLS_CMS3_minus_CMS2	CMS3-CMS2_adjusted	146	0.0974880973849704	0.00035767032838504597	4.0	142.0	estimated	0.04395862866118381	0.151017566108757	0	beta_difference	0.0008100180966367218		
UNC5C	cg15701178	1	True	TSS1500	GSE164811_MATCH	Welch_CMS3_minus_CMS2	CMS3-CMS2	146	0.13785589971187678	0.002627355387057299			estimated	0.054501789173845336	0.21591402646907984	5000	beta_difference	0.004304390740498128	22.0	124.0
UNC5C	cg15701178	1	True	TSS1500	GSE164811_MATCH	sex_site_adjusted_OLS_CMS3_minus_CMS2	CMS3-CMS2_adjusted	146	0.12410832291473035	0.005246999558649719	4.0	142.0	estimated	0.03696847930734512	0.2112481665221156	0	beta_difference	0.008783021000348444		
UNC5C	cg03008707	2	False		GSE164811_MATCH	Welch_CMS3_minus_CMS2	CMS3-CMS2	146	0.0913935469523458	0.009428947922384086			estimated	0.02107373021217005	0.1466797242829178	5000	beta_difference	0.014235862549481854	22.0	124.0
UNC5C	cg03008707	2	False		GSE164811_MATCH	sex_site_adjusted_OLS_CMS3_minus_CMS2	CMS3-CMS2_adjusted	146	0.08346495700375556	0.01703062576393582	4.0	142.0	estimated	0.014904536453136413	0.1520253775543747	0	beta_difference	0.0247426072419445		
UNC5C	cg24870497	3	False		GSE164811_MATCH	Welch_CMS3_minus_CMS2	CMS3-CMS2	146	0.11276801181451618	0.0005605381529077964			estimated	0.0555942181754032	0.16723966040899926	5000	beta_difference	0.0011989288270527866	22.0	124.0
UNC5C	cg24870497	3	False		GSE164811_MATCH	sex_site_adjusted_OLS_CMS3_minus_CMS2	CMS3-CMS2_adjusted	146	0.11074589679763294	0.0003056909068255032	4.0	142.0	estimated	0.050626180916265494	0.17086561267900038	0	beta_difference	0.000784606660852125		
UNC5C	cg13265789	4	True	TSS1500	GSE164811_MATCH	Welch_CMS3_minus_CMS2	CMS3-CMS2	146	0.08659388623387088	0.0016316771623753736			estimated	0.03493645450141141	0.1354228254326796	5000	beta_difference	0.002991408131021518	22.0	124.0
UNC5C	cg13265789	4	True	TSS1500	GSE164811_MATCH	sex_site_adjusted_OLS_CMS3_minus_CMS2	CMS3-CMS2_adjusted	146	0.07981641078201195	0.0035791606845355095	4.0	142.0	estimated	0.026114197157597385	0.1335186244064265	0	beta_difference	0.006639486615541092		
UNC5C	cg12584684	5	True	TSS1500	GSE164811_MATCH	Welch_CMS3_minus_CMS2	CMS3-CMS2	146	0.11463606706451623	0.003255754269657316			estimated	0.038951430896994	0.17659451809638912	5000	beta_difference	0.005222772474241945	22.0	124.0
UNC5C	cg12584684	5	True	TSS1500	GSE164811_MATCH	sex_site_adjusted_OLS_CMS3_minus_CMS2	CMS3-CMS2_adjusted	146	0.1013824289731147	0.006801347543950241	4.0	142.0	estimated	0.02796215731985592	0.1748027006263735	0	beta_difference	0.01091049501842018		
RALYL	cg08327106	1	True	TSS1500	GSE164811_MATCH	Welch_CMS3_minus_CMS2	CMS3-CMS2	146	0.1852526959457479	8.833731844874093e-05			estimated	0.09968884518242327	0.2600375856074046	5000	beta_difference	0.00027207894082212206	22.0	124.0
RALYL	cg08327106	1	True	TSS1500	GSE164811_MATCH	sex_site_adjusted_OLS_CMS3_minus_CMS2	CMS3-CMS2_adjusted	146	0.17079376609599373	7.698517728842218e-05	4.0	142.0	estimated	0.08612411761489372	0.25546341457709376	0	beta_difference	0.0002694481205094776		
RALYL	cg09757712	2	True	TSS1500	GSE164811_MATCH	Welch_CMS3_minus_CMS2	CMS3-CMS2	146	0.06734446143401762	0.1433647935132235			estimated	-0.021873571356286516	0.1490317246253116	5000	beta_difference	0.16233954559585603	22.0	124.0
RALYL	cg09757712	2	True	TSS1500	GSE164811_MATCH	sex_site_adjusted_OLS_CMS3_minus_CMS2	CMS3-CMS2_adjusted	146	0.05264413352182191	0.2725478375238575	4.0	142.0	estimated	-0.04139458821596421	0.14668285525960803	0	beta_difference	0.29980262127624324		
RALYL	cg11089595	3	True	TSS1500	GSE164811_MATCH	Welch_CMS3_minus_CMS2	CMS3-CMS2	146	0.026367851532257958	0.5140153386866162			estimated	-0.05470230948377942	0.09691270830087956	5000	beta_difference	0.527722414384926	22.0	124.0
RALYL	cg11089595	3	True	TSS1500	GSE164811_MATCH	sex_site_adjusted_OLS_CMS3_minus_CMS2	CMS3-CMS2_adjusted	146	0.016829771286671083	0.6807482947422776	4.0	142.0	estimated	-0.06334125470067675	0.09700079727401892	0	beta_difference	0.7081554311791747		
RALYL	cg01134282	4	True	TSS1500	GSE164811_MATCH	Welch_CMS3_minus_CMS2	CMS3-CMS2	146	0.09690442260630516	0.03556416214075786			estimated	0.0085992699754217	0.18114552645692808	5000	beta_difference	0.04641424550573483	22.0	124.0
RALYL	cg01134282	4	True	TSS1500	GSE164811_MATCH	sex_site_adjusted_OLS_CMS3_minus_CMS2	CMS3-CMS2_adjusted	146	0.0858800308463154	0.06255767694077642	4.0	142.0	estimated	-0.004502696853772997	0.1762627585464038	0	beta_difference	0.08028235207399641		
RALYL	cg06955749	5	True	TSS1500	GSE164811_MATCH	Welch_CMS3_minus_CMS2	CMS3-CMS2	146	0.09914643297434023	0.04141376172372414			estimated	0.004783673199175021	0.18602498958449398	5000	beta_difference	0.052276387749619006	22.0	124.0
RALYL	cg06955749	5	True	TSS1500	GSE164811_MATCH	sex_site_adjusted_OLS_CMS3_minus_CMS2	CMS3-CMS2_adjusted	146	0.08771170204947419	0.06630316284382871	4.0	142.0	estimated	-0.005903369929876612	0.181326774028825	0	beta_difference	0.08369415637663624		
BEND5	cg11666087	1	False		GSE164811_MATCH	Welch_CMS3_minus_CMS2	CMS3-CMS2	146	0.18277639735557188	9.374861440550013e-08			estimated	0.12210273517532995	0.2417076942568732	5000	beta_difference	7.21864330922351e-07	22.0	124.0
BEND5	cg11666087	1	False		GSE164811_MATCH	sex_site_adjusted_OLS_CMS3_minus_CMS2	CMS3-CMS2_adjusted	146	0.16729629328585185	7.656979012400781e-07	4.0	142.0	estimated	0.10097338396105437	0.23361920261064933	0	beta_difference	5.359885308680547e-06		
BEND5	cg16573178	2	False		GSE164811_MATCH	Welch_CMS3_minus_CMS2	CMS3-CMS2	146	0.1975843286224338	4.331925911252881e-08			estimated	0.1351162214973792	0.2578231416710777	5000	beta_difference	4.169478689580898e-07	22.0	124.0
BEND5	cg16573178	2	False		GSE164811_MATCH	sex_site_adjusted_OLS_CMS3_minus_CMS2	CMS3-CMS2_adjusted	146	0.18242293522638336	1.745836114535131e-07	4.0	142.0	estimated	0.11398781515238834	0.2508580553003784	0	beta_difference	1.6803672602400636e-06		
BEND5	cg06744574	3	False		GSE164811_MATCH	Welch_CMS3_minus_CMS2	CMS3-CMS2	146	0.12499916649853376	6.871351988194012e-07			estimated	0.0813265274183286	0.16717773785183285	5000	beta_difference	4.409117525757824e-06	22.0	124.0
BEND5	cg06744574	3	False		GSE164811_MATCH	sex_site_adjusted_OLS_CMS3_minus_CMS2	CMS3-CMS2_adjusted	146	0.11671367071610309	1.9369930840065685e-06	4.0	142.0	estimated	0.06865486437775939	0.16477247705444678	0	beta_difference	1.1472959036038905e-05		
BEND5	cg03603214	4	True	TSS1500	GSE164811_MATCH	Welch_CMS3_minus_CMS2	CMS3-CMS2	146	0.2485961756950148	1.6392802880832765e-11			estimated	0.1886740118577712	0.305463607289186	5000	beta_difference	4.2074860727470766e-10	22.0	124.0
BEND5	cg03603214	4	True	TSS1500	GSE164811_MATCH	sex_site_adjusted_OLS_CMS3_minus_CMS2	CMS3-CMS2_adjusted	146	0.23033386556448282	5.777296827536269e-11	4.0	142.0	estimated	0.16140436973097194	0.2992633613979937	0	beta_difference	1.112129639300732e-09		
