cohort	probe_a	gene_a	probe_b	gene_b	family	n_pairs	rho	p	q
SNUH	cg14017655	EYA4	cg20330472	EYA4	within_gene	0			
SNUH	cg14017655	EYA4	cg17838029	EYA4	within_gene	0			
SNUH	cg14017655	EYA4	cg14343214	EYA4	within_gene	0			
SNUH	cg14017655	EYA4	cg24675448	EYA4	within_gene	0			
SNUH	cg14017655	EYA4	cg21607030	EYA4	within_gene	0			
SNUH	cg14017655	EYA4	cg11664500	EYA4	within_gene	0			
SNUH	cg14017655	EYA4	cg26656135	EYA4	within_gene	0			
SNUH	cg14017655	EYA4	cg20286200	EYA4	within_gene	0			
SNUH	cg14017655	EYA4	cg14270292	EYA4	within_gene	0			
SNUH	cg14017655	EYA4	cg06181518	EYA4	within_gene	0			
SNUH	cg14017655	EYA4	cg14287112	EYA4	within_gene	0			
SNUH	cg14017655	EYA4	cg01328892	EYA4	within_gene	0			
SNUH	cg14017655	EYA4	cg05493394	EYA4	within_gene	0			
SNUH	cg14017655	EYA4	cg26449787	EYA4	within_gene	0			
SNUH	cg14017655	EYA4	cg22871668	EYA4	within_gene	0			
SNUH	cg14017655	EYA4	cg20980055	EYA4	within_gene	0			
SNUH	cg14017655	EYA4	cg06611358	ZNF568	between_gene	0			
SNUH	cg14017655	EYA4	cg27390819	ZNF568	between_gene	0			
SNUH	cg14017655	EYA4	cg20154403	ZNF568	between_gene	0			
SNUH	cg14017655	EYA4	cg21761844	ZNF568	between_gene	0			
SNUH	cg14017655	EYA4	cg20680720	ZNF568	between_gene	0			
SNUH	cg14017655	EYA4	cg02459604	ZNF568	between_gene	0			
SNUH	cg14017655	EYA4	cg03060201	ZNF568	between_gene	0			
SNUH	cg14017655	EYA4	cg03443751	ZNF568	between_gene	0			
SNUH	cg14017655	EYA4	cg17332326	ZNF793	between_gene	0			
SNUH	cg14017655	EYA4	cg11623861	ZNF793	between_gene	0			
SNUH	cg14017655	EYA4	cg14732998	ZNF793	between_gene	0			
SNUH	cg14017655	EYA4	cg07482795	ZNF793	between_gene	0			
SNUH	cg14017655	EYA4	cg13181745	ZNF793	between_gene	0			
SNUH	cg14017655	EYA4	cg24078985	ZNF793	between_gene	0			
SNUH	cg14017655	EYA4	cg15139588	ZNF793	between_gene	0			
SNUH	cg14017655	EYA4	cg25361907	ZNF793	between_gene	0			
SNUH	cg14017655	EYA4	cg20299663	SFMBT2	between_gene	0			
SNUH	cg14017655	EYA4	cg20506550	SFMBT2	between_gene	0			
SNUH	cg14017655	EYA4	cg01056653	SFMBT2	between_gene	0			
SNUH	cg14017655	EYA4	cg22862480	SFMBT2	between_gene	0			
SNUH	cg14017655	EYA4	cg12767281	SFMBT2	between_gene	0			
SNUH	cg14017655	EYA4	cg26878816	SFMBT2	between_gene	0			
SNUH	cg14017655	EYA4	cg12328063	SFMBT2	between_gene	0			
SNUH	cg14017655	EYA4	cg16818993	SFMBT2	between_gene	0			
SNUH	cg14017655	EYA4	cg20295442	ADHFE1	between_gene	0			
SNUH	cg14017655	EYA4	cg19283840	ADHFE1	between_gene	0			
SNUH	cg14017655	EYA4	cg25046651	ADHFE1	between_gene	0			
SNUH	cg14017655	EYA4	cg01588438	ADHFE1	between_gene	0			
SNUH	cg14017655	EYA4	cg08090772	ADHFE1	between_gene	0			
SNUH	cg14017655	EYA4	cg09383816	ADHFE1	between_gene	0			
SNUH	cg14017655	EYA4	cg20912169	ADHFE1	between_gene	0			
SNUH	cg14017655	EYA4	cg18065361	ADHFE1	between_gene	0			
SNUH	cg14017655	EYA4	cg04481096	HOXA2	between_gene	0			
SNUH	cg14017655	EYA4	cg19598584	HOXA2	between_gene	0			
SNUH	cg14017655	EYA4	cg09871315	HOXA2	between_gene	0			
SNUH	cg14017655	EYA4	cg13661519	HOXA2	between_gene	0			
SNUH	cg14017655	EYA4	cg02803819	HOXA2	between_gene	0			
SNUH	cg14017655	EYA4	cg03763508	HOXA2	between_gene	0			
SNUH	cg14017655	EYA4	cg00188704	HOXA2	between_gene	0			
SNUH	cg14017655	EYA4	cg06786372	HOXA2	between_gene	0			
SNUH	cg14017655	EYA4	cg19236679	GFRA1	between_gene	0			
SNUH	cg14017655	EYA4	cg06298519	GFRA1	between_gene	0			
SNUH	cg14017655	EYA4	cg19485539	GFRA1	between_gene	0			
SNUH	cg14017655	EYA4	cg18672939	GFRA1	between_gene	0			
SNUH	cg14017655	EYA4	cg27034576	GFRA1	between_gene	0			
SNUH	cg14017655	EYA4	cg18044663	GFRA1	between_gene	0			
SNUH	cg14017655	EYA4	cg15701178	UNC5C	between_gene	0			
SNUH	cg14017655	EYA4	cg03008707	UNC5C	between_gene	0			
SNUH	cg14017655	EYA4	cg24870497	UNC5C	between_gene	0			
SNUH	cg14017655	EYA4	cg13265789	UNC5C	between_gene	0			
SNUH	cg14017655	EYA4	cg12584684	UNC5C	between_gene	0			
SNUH	cg14017655	EYA4	cg08327106	RALYL	between_gene	0			
SNUH	cg14017655	EYA4	cg09757712	RALYL	between_gene	0			
SNUH	cg14017655	EYA4	cg11089595	RALYL	between_gene	0			
SNUH	cg14017655	EYA4	cg01134282	RALYL	between_gene	0			
SNUH	cg14017655	EYA4	cg06955749	RALYL	between_gene	0			
SNUH	cg14017655	EYA4	cg11666087	BEND5	between_gene	0			
SNUH	cg14017655	EYA4	cg16573178	BEND5	between_gene	0			
SNUH	cg14017655	EYA4	cg06744574	BEND5	between_gene	0			
SNUH	cg14017655	EYA4	cg03603214	BEND5	between_gene	0			
SNUH	cg20330472	EYA4	cg17838029	EYA4	within_gene	0			
SNUH	cg20330472	EYA4	cg14343214	EYA4	within_gene	142	0.6666533945527053	1.3562806466017572e-19	2.8855098320319265e-19
SNUH	cg20330472	EYA4	cg24675448	EYA4	within_gene	0			
SNUH	cg20330472	EYA4	cg21607030	EYA4	within_gene	0			
SNUH	cg20330472	EYA4	cg11664500	EYA4	within_gene	142	0.6652074326632315	1.7316545615202717e-19	3.6595633066795074e-19
SNUH	cg20330472	EYA4	cg26656135	EYA4	within_gene	0			
SNUH	cg20330472	EYA4	cg20286200	EYA4	within_gene	142	0.6712259870785494	6.206746318265865e-20	1.347629166363205e-19
SNUH	cg20330472	EYA4	cg14270292	EYA4	within_gene	142	0.6583422570836416	5.423976813742816e-19	1.1311846381292582e-18
SNUH	cg20330472	EYA4	cg06181518	EYA4	within_gene	142	0.6859747983511842	4.523833547542922e-21	1.0098980525148636e-20
SNUH	cg20330472	EYA4	cg14287112	EYA4	within_gene	142	0.6533966483022522	1.2122616619297527e-18	2.5116793910570693e-18
SNUH	cg20330472	EYA4	cg01328892	EYA4	within_gene	142	0.760758270797228	4.594328492728495e-28	1.2775457299955551e-27
SNUH	cg20330472	EYA4	cg05493394	EYA4	within_gene	142	0.7079659926528372	6.744979155913206e-23	1.5956405913615567e-22
SNUH	cg20330472	EYA4	cg26449787	EYA4	within_gene	142	0.7097304852773838	4.7323768522460054e-23	1.127942452753371e-22
SNUH	cg20330472	EYA4	cg22871668	EYA4	within_gene	142	0.6384173213660777	1.2673819277318362e-17	2.575385071096103e-17
SNUH	cg20330472	EYA4	cg20980055	EYA4	within_gene	142	0.6614605053322465	3.241188083888459e-19	6.804348493991003e-19
SNUH	cg20330472	EYA4	cg06611358	ZNF568	between_gene	0			
SNUH	cg20330472	EYA4	cg27390819	ZNF568	between_gene	142	0.5375227110318511	5.300418901957259e-12	1.6581286469072527e-11
SNUH	cg20330472	EYA4	cg20154403	ZNF568	between_gene	142	0.6455172038030894	4.23488719316241e-18	3.4420002140064573e-17
SNUH	cg20330472	EYA4	cg21761844	ZNF568	between_gene	0			
SNUH	cg20330472	EYA4	cg20680720	ZNF568	between_gene	142	0.47312082583284265	2.7514039525795593e-09	6.652838658276246e-09
SNUH	cg20330472	EYA4	cg02459604	ZNF568	between_gene	142	0.5431221460589157	2.885377388442146e-12	9.42171415074538e-12
SNUH	cg20330472	EYA4	cg03060201	ZNF568	between_gene	142	0.6474074322441119	3.1475582523704443e-18	2.623635616752233e-17
SNUH	cg20330472	EYA4	cg03443751	ZNF568	between_gene	142	0.6376922448243995	1.4152363052084618e-17	1.0342721345346994e-16
SNUH	cg20330472	EYA4	cg17332326	ZNF793	between_gene	142	0.5159632097000991	4.9786705098676696e-11	1.4258343973923982e-10
SNUH	cg20330472	EYA4	cg11623861	ZNF793	between_gene	0			
SNUH	cg20330472	EYA4	cg14732998	ZNF793	between_gene	0			
SNUH	cg20330472	EYA4	cg07482795	ZNF793	between_gene	142	0.46472167329224573	5.673655243753381e-09	1.3371785484148665e-08
SNUH	cg20330472	EYA4	cg13181745	ZNF793	between_gene	0			
SNUH	cg20330472	EYA4	cg24078985	ZNF793	between_gene	142	0.4815954198633252	1.2992912521065643e-09	3.2407752167744033e-09
SNUH	cg20330472	EYA4	cg15139588	ZNF793	between_gene	142	0.5327824707507057	8.792688249689334e-12	2.702016919133036e-11
SNUH	cg20330472	EYA4	cg25361907	ZNF793	between_gene	142	0.4970483517082259	3.1345335299204584e-10	8.227362152477341e-10
SNUH	cg20330472	EYA4	cg20299663	SFMBT2	between_gene	142	0.5990745843907367	3.392949393446318e-15	1.5921231955937848e-14
SNUH	cg20330472	EYA4	cg20506550	SFMBT2	between_gene	0			
SNUH	cg20330472	EYA4	cg01056653	SFMBT2	between_gene	0			
SNUH	cg20330472	EYA4	cg22862480	SFMBT2	between_gene	142	0.5323298218113921	9.224298065609206e-12	2.8180554629009858e-11
SNUH	cg20330472	EYA4	cg12767281	SFMBT2	between_gene	142	0.5140939372284893	6.001783243846695e-11	1.7020274438256553e-10
SNUH	cg20330472	EYA4	cg26878816	SFMBT2	between_gene	142	0.5360725579484944	6.193262238599837e-12	1.9281886850246987e-11
SNUH	cg20330472	EYA4	cg12328063	SFMBT2	between_gene	142	0.5137251121668264	6.226402150739946e-11	1.7599873468342926e-10
SNUH	cg20330472	EYA4	cg16818993	SFMBT2	between_gene	142	0.580989582787605	3.458513983955892e-14	1.4254759848563857e-13
SNUH	cg20330472	EYA4	cg20295442	ADHFE1	between_gene	0			
SNUH	cg20330472	EYA4	cg19283840	ADHFE1	between_gene	0			
SNUH	cg20330472	EYA4	cg25046651	ADHFE1	between_gene	142	0.287124023713775	0.0005312578734535964	0.00102065669502241
SNUH	cg20330472	EYA4	cg01588438	ADHFE1	between_gene	142	0.29257257576106843	0.00041052333934241776	0.0007910305704168153
SNUH	cg20330472	EYA4	cg08090772	ADHFE1	between_gene	0			
SNUH	cg20330472	EYA4	cg09383816	ADHFE1	between_gene	142	0.2828029028208831	0.000649424782045914	0.001246761778041052
SNUH	cg20330472	EYA4	cg20912169	ADHFE1	between_gene	142	0.2611260480604203	0.0016963159610507007	0.0032446395472003507
SNUH	cg20330472	EYA4	cg18065361	ADHFE1	between_gene	142	0.310271987527007	0.0001714052601568628	0.00033101134252350487
SNUH	cg20330472	EYA4	cg04481096	HOXA2	between_gene	142	0.3141739890316456	0.00014032332777104273	0.00027159017963994847
SNUH	cg20330472	EYA4	cg19598584	HOXA2	between_gene	0			
SNUH	cg20330472	EYA4	cg09871315	HOXA2	between_gene	0			
SNUH	cg20330472	EYA4	cg13661519	HOXA2	between_gene	142	0.338441001611514	3.795545091904176e-05	7.423221247959516e-05
SNUH	cg20330472	EYA4	cg02803819	HOXA2	between_gene	142	0.34880163288913674	2.0989020906622203e-05	4.126628149613966e-05
SNUH	cg20330472	EYA4	cg03763508	HOXA2	between_gene	142	0.23245828190389176	0.005372337077046084	0.010216054981059208
SNUH	cg20330472	EYA4	cg00188704	HOXA2	between_gene	142	0.3536256970479326	1.5815123437747288e-05	3.1211540884328804e-05
SNUH	cg20330472	EYA4	cg06786372	HOXA2	between_gene	142	0.32170975563244075	9.460136097934857e-05	0.0001836420764844646
SNUH	cg20330472	EYA4	cg19236679	GFRA1	between_gene	142	0.5601090548648237	4.249840035823979e-13	1.5272496767857797e-12
SNUH	cg20330472	EYA4	cg06298519	GFRA1	between_gene	142	0.5589606677410095	4.854020349066323e-13	1.7300736462724091e-12
SNUH	cg20330472	EYA4	cg19485539	GFRA1	between_gene	142	0.5803818596746377	3.7299120404839867e-14	1.5300849864186669e-13
SNUH	cg20330472	EYA4	cg18672939	GFRA1	between_gene	142	0.6305672152240928	4.121365872381402e-17	2.7290973505185477e-16
SNUH	cg20330472	EYA4	cg27034576	GFRA1	between_gene	142	0.6259610931471885	8.106108671918844e-17	5.059530508381882e-16
SNUH	cg20330472	EYA4	cg18044663	GFRA1	between_gene	142	0.5741914663101358	7.981140288426833e-14	3.140693063726336e-13
SNUH	cg20330472	EYA4	cg15701178	UNC5C	between_gene	142	0.4964573933707887	3.314049375602316e-10	8.672371936756713e-10
SNUH	cg20330472	EYA4	cg03008707	UNC5C	between_gene	142	0.5440525911008381	2.6052062766143834e-12	8.528209756194386e-12
SNUH	cg20330472	EYA4	cg24870497	UNC5C	between_gene	0			
SNUH	cg20330472	EYA4	cg13265789	UNC5C	between_gene	142	0.4910214149051428	5.504106297724639e-10	1.4037354184519631e-09
SNUH	cg20330472	EYA4	cg12584684	UNC5C	between_gene	142	0.549999895220153	1.346007579745769e-12	4.6025344371647595e-12
SNUH	cg20330472	EYA4	cg08327106	RALYL	between_gene	0			
SNUH	cg20330472	EYA4	cg09757712	RALYL	between_gene	0			
SNUH	cg20330472	EYA4	cg11089595	RALYL	between_gene	142	0.5161518134248131	4.885358973397698e-11	1.4033693253798092e-10
SNUH	cg20330472	EYA4	cg01134282	RALYL	between_gene	0			
SNUH	cg20330472	EYA4	cg06955749	RALYL	between_gene	142	0.6049799765712263	1.5396534313485229e-15	7.651344385501518e-15
SNUH	cg20330472	EYA4	cg11666087	BEND5	between_gene	142	0.47071508054426847	3.391948341382258e-09	8.133817300244773e-09
SNUH	cg20330472	EYA4	cg16573178	BEND5	between_gene	142	0.5439645760293049	2.630535812326468e-12	8.600335757343052e-12
SNUH	cg20330472	EYA4	cg06744574	BEND5	between_gene	142	0.4638289489952661	6.120320181209031e-09	1.435963610861004e-08
SNUH	cg20330472	EYA4	cg03603214	BEND5	between_gene	142	0.5518021085896424	1.0990523790199912e-12	3.782886090848492e-12
SNUH	cg17838029	EYA4	cg14343214	EYA4	within_gene	0			
SNUH	cg17838029	EYA4	cg24675448	EYA4	within_gene	0			
SNUH	cg17838029	EYA4	cg21607030	EYA4	within_gene	0			
SNUH	cg17838029	EYA4	cg11664500	EYA4	within_gene	0			
SNUH	cg17838029	EYA4	cg26656135	EYA4	within_gene	0			
SNUH	cg17838029	EYA4	cg20286200	EYA4	within_gene	0			
SNUH	cg17838029	EYA4	cg14270292	EYA4	within_gene	0			
SNUH	cg17838029	EYA4	cg06181518	EYA4	within_gene	0			
SNUH	cg17838029	EYA4	cg14287112	EYA4	within_gene	0			
SNUH	cg17838029	EYA4	cg01328892	EYA4	within_gene	0			
SNUH	cg17838029	EYA4	cg05493394	EYA4	within_gene	0			
SNUH	cg17838029	EYA4	cg26449787	EYA4	within_gene	0			
SNUH	cg17838029	EYA4	cg22871668	EYA4	within_gene	0			
SNUH	cg17838029	EYA4	cg20980055	EYA4	within_gene	0			
SNUH	cg17838029	EYA4	cg06611358	ZNF568	between_gene	0			
SNUH	cg17838029	EYA4	cg27390819	ZNF568	between_gene	0			
SNUH	cg17838029	EYA4	cg20154403	ZNF568	between_gene	0			
SNUH	cg17838029	EYA4	cg21761844	ZNF568	between_gene	0			
SNUH	cg17838029	EYA4	cg20680720	ZNF568	between_gene	0			
SNUH	cg17838029	EYA4	cg02459604	ZNF568	between_gene	0			
SNUH	cg17838029	EYA4	cg03060201	ZNF568	between_gene	0			
SNUH	cg17838029	EYA4	cg03443751	ZNF568	between_gene	0			
SNUH	cg17838029	EYA4	cg17332326	ZNF793	between_gene	0			
SNUH	cg17838029	EYA4	cg11623861	ZNF793	between_gene	0			
SNUH	cg17838029	EYA4	cg14732998	ZNF793	between_gene	0			
SNUH	cg17838029	EYA4	cg07482795	ZNF793	between_gene	0			
SNUH	cg17838029	EYA4	cg13181745	ZNF793	between_gene	0			
SNUH	cg17838029	EYA4	cg24078985	ZNF793	between_gene	0			
SNUH	cg17838029	EYA4	cg15139588	ZNF793	between_gene	0			
SNUH	cg17838029	EYA4	cg25361907	ZNF793	between_gene	0			
SNUH	cg17838029	EYA4	cg20299663	SFMBT2	between_gene	0			
SNUH	cg17838029	EYA4	cg20506550	SFMBT2	between_gene	0			
SNUH	cg17838029	EYA4	cg01056653	SFMBT2	between_gene	0			
SNUH	cg17838029	EYA4	cg22862480	SFMBT2	between_gene	0			
SNUH	cg17838029	EYA4	cg12767281	SFMBT2	between_gene	0			
SNUH	cg17838029	EYA4	cg26878816	SFMBT2	between_gene	0			
SNUH	cg17838029	EYA4	cg12328063	SFMBT2	between_gene	0			
SNUH	cg17838029	EYA4	cg16818993	SFMBT2	between_gene	0			
SNUH	cg17838029	EYA4	cg20295442	ADHFE1	between_gene	0			
SNUH	cg17838029	EYA4	cg19283840	ADHFE1	between_gene	0			
SNUH	cg17838029	EYA4	cg25046651	ADHFE1	between_gene	0			
SNUH	cg17838029	EYA4	cg01588438	ADHFE1	between_gene	0			
SNUH	cg17838029	EYA4	cg08090772	ADHFE1	between_gene	0			
SNUH	cg17838029	EYA4	cg09383816	ADHFE1	between_gene	0			
SNUH	cg17838029	EYA4	cg20912169	ADHFE1	between_gene	0			
SNUH	cg17838029	EYA4	cg18065361	ADHFE1	between_gene	0			
SNUH	cg17838029	EYA4	cg04481096	HOXA2	between_gene	0			
SNUH	cg17838029	EYA4	cg19598584	HOXA2	between_gene	0			
SNUH	cg17838029	EYA4	cg09871315	HOXA2	between_gene	0			
SNUH	cg17838029	EYA4	cg13661519	HOXA2	between_gene	0			
SNUH	cg17838029	EYA4	cg02803819	HOXA2	between_gene	0			
SNUH	cg17838029	EYA4	cg03763508	HOXA2	between_gene	0			
SNUH	cg17838029	EYA4	cg00188704	HOXA2	between_gene	0			
SNUH	cg17838029	EYA4	cg06786372	HOXA2	between_gene	0			
SNUH	cg17838029	EYA4	cg19236679	GFRA1	between_gene	0			
SNUH	cg17838029	EYA4	cg06298519	GFRA1	between_gene	0			
SNUH	cg17838029	EYA4	cg19485539	GFRA1	between_gene	0			
SNUH	cg17838029	EYA4	cg18672939	GFRA1	between_gene	0			
SNUH	cg17838029	EYA4	cg27034576	GFRA1	between_gene	0			
SNUH	cg17838029	EYA4	cg18044663	GFRA1	between_gene	0			
SNUH	cg17838029	EYA4	cg15701178	UNC5C	between_gene	0			
SNUH	cg17838029	EYA4	cg03008707	UNC5C	between_gene	0			
SNUH	cg17838029	EYA4	cg24870497	UNC5C	between_gene	0			
SNUH	cg17838029	EYA4	cg13265789	UNC5C	between_gene	0			
SNUH	cg17838029	EYA4	cg12584684	UNC5C	between_gene	0			
SNUH	cg17838029	EYA4	cg08327106	RALYL	between_gene	0			
SNUH	cg17838029	EYA4	cg09757712	RALYL	between_gene	0			
SNUH	cg17838029	EYA4	cg11089595	RALYL	between_gene	0			
SNUH	cg17838029	EYA4	cg01134282	RALYL	between_gene	0			
SNUH	cg17838029	EYA4	cg06955749	RALYL	between_gene	0			
SNUH	cg17838029	EYA4	cg11666087	BEND5	between_gene	0			
SNUH	cg17838029	EYA4	cg16573178	BEND5	between_gene	0			
SNUH	cg17838029	EYA4	cg06744574	BEND5	between_gene	0			
SNUH	cg17838029	EYA4	cg03603214	BEND5	between_gene	0			
SNUH	cg14343214	EYA4	cg24675448	EYA4	within_gene	0			
SNUH	cg14343214	EYA4	cg21607030	EYA4	within_gene	0			
SNUH	cg14343214	EYA4	cg11664500	EYA4	within_gene	142	0.7570867849561288	1.1582728388136812e-27	3.1928042600342342e-27
SNUH	cg14343214	EYA4	cg26656135	EYA4	within_gene	0			
SNUH	cg14343214	EYA4	cg20286200	EYA4	within_gene	142	0.7641447554543149	1.9290998687829658e-28	5.411722640745134e-28
SNUH	cg14343214	EYA4	cg14270292	EYA4	within_gene	142	0.7528913998797128	3.266346119901516e-27	8.849843760758809e-27
SNUH	cg14343214	EYA4	cg06181518	EYA4	within_gene	142	0.7218556091795529	3.851013971917634e-24	9.390549454599154e-24
SNUH	cg14343214	EYA4	cg14287112	EYA4	within_gene	142	0.7478452024451426	1.1061776371183119e-26	2.9221525913875406e-26
SNUH	cg14343214	EYA4	cg01328892	EYA4	within_gene	142	0.7708967687990763	3.2715430028597354e-29	9.427992108241237e-29
SNUH	cg14343214	EYA4	cg05493394	EYA4	within_gene	142	0.8822777462274017	1.1737838508721383e-47	7.441789614529357e-47
SNUH	cg14343214	EYA4	cg26449787	EYA4	within_gene	142	0.8063207394942487	9.804401488389676e-34	3.271573970336344e-33
SNUH	cg14343214	EYA4	cg22871668	EYA4	within_gene	142	0.7388215620160482	9.130944135716746e-26	2.3725485991985316e-25
SNUH	cg14343214	EYA4	cg20980055	EYA4	within_gene	142	0.7355608131754371	1.9165496630938524e-25	4.86036994560601e-25
SNUH	cg14343214	EYA4	cg06611358	ZNF568	between_gene	0			
SNUH	cg14343214	EYA4	cg27390819	ZNF568	between_gene	142	0.6014426089343681	2.476412191575998e-15	1.1876763617319445e-14
SNUH	cg14343214	EYA4	cg20154403	ZNF568	between_gene	142	0.7237081168756326	2.5943483800228133e-24	1.0743896703935746e-22
SNUH	cg14343214	EYA4	cg21761844	ZNF568	between_gene	0			
SNUH	cg14343214	EYA4	cg20680720	ZNF568	between_gene	142	0.5663665073314459	2.0411893390196612e-13	7.607804265003281e-13
SNUH	cg14343214	EYA4	cg02459604	ZNF568	between_gene	142	0.6335639188501041	2.637951380337864e-17	1.8402179548934457e-16
SNUH	cg14343214	EYA4	cg03060201	ZNF568	between_gene	142	0.7240308388045877	2.4210338002750434e-24	1.0335374325066941e-22
SNUH	cg14343214	EYA4	cg03443751	ZNF568	between_gene	142	0.6838540542466225	6.655278179172246e-21	1.0684947905461464e-19
SNUH	cg14343214	EYA4	cg17332326	ZNF793	between_gene	142	0.49017898493475365	5.949595184662191e-10	1.515868538748404e-09
SNUH	cg14343214	EYA4	cg11623861	ZNF793	between_gene	0			
SNUH	cg14343214	EYA4	cg14732998	ZNF793	between_gene	0			
SNUH	cg14343214	EYA4	cg07482795	ZNF793	between_gene	142	0.4186101581966131	2.1679598777757094e-07	4.6591493584158364e-07
SNUH	cg14343214	EYA4	cg13181745	ZNF793	between_gene	0			
SNUH	cg14343214	EYA4	cg24078985	ZNF793	between_gene	142	0.4675968322956636	4.438370516259345e-09	1.0555796423810966e-08
SNUH	cg14343214	EYA4	cg15139588	ZNF793	between_gene	142	0.4992696844659686	2.540077452543037e-10	6.733341898675882e-10
SNUH	cg14343214	EYA4	cg25361907	ZNF793	between_gene	142	0.48076975466846605	1.399088336838454e-09	3.469792272634531e-09
SNUH	cg14343214	EYA4	cg20299663	SFMBT2	between_gene	142	0.7256863603881886	1.695480205993453e-24	8.042741558976215e-23
SNUH	cg14343214	EYA4	cg20506550	SFMBT2	between_gene	0			
SNUH	cg14343214	EYA4	cg01056653	SFMBT2	between_gene	0			
SNUH	cg14343214	EYA4	cg22862480	SFMBT2	between_gene	142	0.6189073138428848	2.2354308648075135e-16	1.2931794071580495e-15
SNUH	cg14343214	EYA4	cg12767281	SFMBT2	between_gene	142	0.6836822152974387	6.865768808005872e-21	1.0790837843426097e-19
SNUH	cg14343214	EYA4	cg26878816	SFMBT2	between_gene	142	0.6863981089333202	4.186684696046553e-21	7.202788604869274e-20
SNUH	cg14343214	EYA4	cg12328063	SFMBT2	between_gene	142	0.6658780236844367	1.546405786452265e-19	1.7278426426473883e-18
SNUH	cg14343214	EYA4	cg16818993	SFMBT2	between_gene	142	0.6928274003491265	1.2702319222166586e-21	2.510632640199441e-20
SNUH	cg14343214	EYA4	cg20295442	ADHFE1	between_gene	0			
SNUH	cg14343214	EYA4	cg19283840	ADHFE1	between_gene	0			
SNUH	cg14343214	EYA4	cg25046651	ADHFE1	between_gene	142	0.5464457628077647	2.00039284029121e-12	6.6654213541759475e-12
SNUH	cg14343214	EYA4	cg01588438	ADHFE1	between_gene	142	0.5723347674201735	9.995591939040496e-14	3.8865125736150005e-13
SNUH	cg14343214	EYA4	cg08090772	ADHFE1	between_gene	0			
SNUH	cg14343214	EYA4	cg09383816	ADHFE1	between_gene	142	0.5903149891762418	1.0636500086850566e-14	4.719494681393389e-14
SNUH	cg14343214	EYA4	cg20912169	ADHFE1	between_gene	142	0.5466259841447135	1.9608248669019467e-12	6.541933603257262e-12
SNUH	cg14343214	EYA4	cg18065361	ADHFE1	between_gene	142	0.6007217235865724	2.726301114750539e-15	1.2932581106153012e-14
SNUH	cg14343214	EYA4	cg04481096	HOXA2	between_gene	142	0.50446676488031	1.543833144802758e-10	4.165316106298238e-10
SNUH	cg14343214	EYA4	cg19598584	HOXA2	between_gene	0			
SNUH	cg14343214	EYA4	cg09871315	HOXA2	between_gene	0			
SNUH	cg14343214	EYA4	cg13661519	HOXA2	between_gene	142	0.4387488448021862	4.7188156189089023e-08	1.0531556843227823e-07
SNUH	cg14343214	EYA4	cg02803819	HOXA2	between_gene	142	0.4521564740324106	1.6162916849051788e-08	3.715334806975869e-08
SNUH	cg14343214	EYA4	cg03763508	HOXA2	between_gene	142	0.4010239086655029	7.586833540275705e-07	1.5911614715899769e-06
SNUH	cg14343214	EYA4	cg00188704	HOXA2	between_gene	142	0.4831587351815102	1.1288101079665142e-09	2.823648678508759e-09
SNUH	cg14343214	EYA4	cg06786372	HOXA2	between_gene	142	0.4699439008698823	3.6260840838226046e-09	8.67135964683151e-09
SNUH	cg14343214	EYA4	cg19236679	GFRA1	between_gene	142	0.6953169695153514	7.936897338265383e-22	1.6434416790106655e-20
SNUH	cg14343214	EYA4	cg06298519	GFRA1	between_gene	142	0.702488102248366	1.9932696090366455e-22	4.9060758584684986e-21
SNUH	cg14343214	EYA4	cg19485539	GFRA1	between_gene	142	0.6795958012619685	1.4307505019818798e-20	2.0222714892209502e-19
SNUH	cg14343214	EYA4	cg18672939	GFRA1	between_gene	142	0.6914736447250682	1.6370913924876633e-21	3.140567237500231e-20
SNUH	cg14343214	EYA4	cg27034576	GFRA1	between_gene	142	0.7232596591302015	2.8555137756746295e-24	1.146159298574632e-22
SNUH	cg14343214	EYA4	cg18044663	GFRA1	between_gene	142	0.6658780236844367	1.546405786452265e-19	1.7278426426473883e-18
SNUH	cg14343214	EYA4	cg15701178	UNC5C	between_gene	142	0.5724605032366495	9.844840128653448e-14	3.8336101336801263e-13
SNUH	cg14343214	EYA4	cg03008707	UNC5C	between_gene	142	0.6126037582435545	5.417310416808732e-16	2.9506811852722302e-15
SNUH	cg14343214	EYA4	cg24870497	UNC5C	between_gene	0			
SNUH	cg14343214	EYA4	cg13265789	UNC5C	between_gene	142	0.6601277056776008	4.042089422749616e-19	4.0251188183029575e-18
SNUH	cg14343214	EYA4	cg12584684	UNC5C	between_gene	142	0.698204702100417	4.5722975177734905e-22	1.028372777919917e-20
SNUH	cg14343214	EYA4	cg08327106	RALYL	between_gene	0			
SNUH	cg14343214	EYA4	cg09757712	RALYL	between_gene	0			
SNUH	cg14343214	EYA4	cg11089595	RALYL	between_gene	142	0.5531055698871102	9.484658873720697e-13	3.2818932362781562e-12
SNUH	cg14343214	EYA4	cg01134282	RALYL	between_gene	0			
SNUH	cg14343214	EYA4	cg06955749	RALYL	between_gene	142	0.6017192277306153	2.386571073641986e-15	1.146696856562052e-14
SNUH	cg14343214	EYA4	cg11666087	BEND5	between_gene	142	0.5454734058270169	2.227608326991172e-12	7.394185909821842e-12
SNUH	cg14343214	EYA4	cg16573178	BEND5	between_gene	142	0.6265017571580352	7.491732424215065e-17	4.709862625247495e-16
SNUH	cg14343214	EYA4	cg06744574	BEND5	between_gene	142	0.531881364065961	9.672123854847862e-12	2.947963917908653e-11
SNUH	cg14343214	EYA4	cg03603214	BEND5	between_gene	142	0.5787472940604497	4.566753124037101e-14	1.8529796112928144e-13
SNUH	cg24675448	EYA4	cg21607030	EYA4	within_gene	0			
SNUH	cg24675448	EYA4	cg11664500	EYA4	within_gene	0			
SNUH	cg24675448	EYA4	cg26656135	EYA4	within_gene	0			
SNUH	cg24675448	EYA4	cg20286200	EYA4	within_gene	0			
SNUH	cg24675448	EYA4	cg14270292	EYA4	within_gene	0			
SNUH	cg24675448	EYA4	cg06181518	EYA4	within_gene	0			
SNUH	cg24675448	EYA4	cg14287112	EYA4	within_gene	0			
SNUH	cg24675448	EYA4	cg01328892	EYA4	within_gene	0			
SNUH	cg24675448	EYA4	cg05493394	EYA4	within_gene	0			
SNUH	cg24675448	EYA4	cg26449787	EYA4	within_gene	0			
SNUH	cg24675448	EYA4	cg22871668	EYA4	within_gene	0			
SNUH	cg24675448	EYA4	cg20980055	EYA4	within_gene	0			
SNUH	cg24675448	EYA4	cg06611358	ZNF568	between_gene	0			
SNUH	cg24675448	EYA4	cg27390819	ZNF568	between_gene	0			
SNUH	cg24675448	EYA4	cg20154403	ZNF568	between_gene	0			
SNUH	cg24675448	EYA4	cg21761844	ZNF568	between_gene	0			
SNUH	cg24675448	EYA4	cg20680720	ZNF568	between_gene	0			
SNUH	cg24675448	EYA4	cg02459604	ZNF568	between_gene	0			
SNUH	cg24675448	EYA4	cg03060201	ZNF568	between_gene	0			
SNUH	cg24675448	EYA4	cg03443751	ZNF568	between_gene	0			
SNUH	cg24675448	EYA4	cg17332326	ZNF793	between_gene	0			
SNUH	cg24675448	EYA4	cg11623861	ZNF793	between_gene	0			
SNUH	cg24675448	EYA4	cg14732998	ZNF793	between_gene	0			
SNUH	cg24675448	EYA4	cg07482795	ZNF793	between_gene	0			
SNUH	cg24675448	EYA4	cg13181745	ZNF793	between_gene	0			
SNUH	cg24675448	EYA4	cg24078985	ZNF793	between_gene	0			
SNUH	cg24675448	EYA4	cg15139588	ZNF793	between_gene	0			
SNUH	cg24675448	EYA4	cg25361907	ZNF793	between_gene	0			
SNUH	cg24675448	EYA4	cg20299663	SFMBT2	between_gene	0			
SNUH	cg24675448	EYA4	cg20506550	SFMBT2	between_gene	0			
SNUH	cg24675448	EYA4	cg01056653	SFMBT2	between_gene	0			
SNUH	cg24675448	EYA4	cg22862480	SFMBT2	between_gene	0			
SNUH	cg24675448	EYA4	cg12767281	SFMBT2	between_gene	0			
SNUH	cg24675448	EYA4	cg26878816	SFMBT2	between_gene	0			
SNUH	cg24675448	EYA4	cg12328063	SFMBT2	between_gene	0			
SNUH	cg24675448	EYA4	cg16818993	SFMBT2	between_gene	0			
SNUH	cg24675448	EYA4	cg20295442	ADHFE1	between_gene	0			
SNUH	cg24675448	EYA4	cg19283840	ADHFE1	between_gene	0			
SNUH	cg24675448	EYA4	cg25046651	ADHFE1	between_gene	0			
SNUH	cg24675448	EYA4	cg01588438	ADHFE1	between_gene	0			
SNUH	cg24675448	EYA4	cg08090772	ADHFE1	between_gene	0			
SNUH	cg24675448	EYA4	cg09383816	ADHFE1	between_gene	0			
SNUH	cg24675448	EYA4	cg20912169	ADHFE1	between_gene	0			
SNUH	cg24675448	EYA4	cg18065361	ADHFE1	between_gene	0			
SNUH	cg24675448	EYA4	cg04481096	HOXA2	between_gene	0			
SNUH	cg24675448	EYA4	cg19598584	HOXA2	between_gene	0			
SNUH	cg24675448	EYA4	cg09871315	HOXA2	between_gene	0			
SNUH	cg24675448	EYA4	cg13661519	HOXA2	between_gene	0			
SNUH	cg24675448	EYA4	cg02803819	HOXA2	between_gene	0			
SNUH	cg24675448	EYA4	cg03763508	HOXA2	between_gene	0			
SNUH	cg24675448	EYA4	cg00188704	HOXA2	between_gene	0			
SNUH	cg24675448	EYA4	cg06786372	HOXA2	between_gene	0			
SNUH	cg24675448	EYA4	cg19236679	GFRA1	between_gene	0			
SNUH	cg24675448	EYA4	cg06298519	GFRA1	between_gene	0			
SNUH	cg24675448	EYA4	cg19485539	GFRA1	between_gene	0			
SNUH	cg24675448	EYA4	cg18672939	GFRA1	between_gene	0			
SNUH	cg24675448	EYA4	cg27034576	GFRA1	between_gene	0			
SNUH	cg24675448	EYA4	cg18044663	GFRA1	between_gene	0			
SNUH	cg24675448	EYA4	cg15701178	UNC5C	between_gene	0			
SNUH	cg24675448	EYA4	cg03008707	UNC5C	between_gene	0			
SNUH	cg24675448	EYA4	cg24870497	UNC5C	between_gene	0			
SNUH	cg24675448	EYA4	cg13265789	UNC5C	between_gene	0			
SNUH	cg24675448	EYA4	cg12584684	UNC5C	between_gene	0			
SNUH	cg24675448	EYA4	cg08327106	RALYL	between_gene	0			
SNUH	cg24675448	EYA4	cg09757712	RALYL	between_gene	0			
SNUH	cg24675448	EYA4	cg11089595	RALYL	between_gene	0			
SNUH	cg24675448	EYA4	cg01134282	RALYL	between_gene	0			
SNUH	cg24675448	EYA4	cg06955749	RALYL	between_gene	0			
SNUH	cg24675448	EYA4	cg11666087	BEND5	between_gene	0			
SNUH	cg24675448	EYA4	cg16573178	BEND5	between_gene	0			
SNUH	cg24675448	EYA4	cg06744574	BEND5	between_gene	0			
SNUH	cg24675448	EYA4	cg03603214	BEND5	between_gene	0			
SNUH	cg21607030	EYA4	cg11664500	EYA4	within_gene	0			
SNUH	cg21607030	EYA4	cg26656135	EYA4	within_gene	0			
SNUH	cg21607030	EYA4	cg20286200	EYA4	within_gene	0			
SNUH	cg21607030	EYA4	cg14270292	EYA4	within_gene	0			
SNUH	cg21607030	EYA4	cg06181518	EYA4	within_gene	0			
SNUH	cg21607030	EYA4	cg14287112	EYA4	within_gene	0			
SNUH	cg21607030	EYA4	cg01328892	EYA4	within_gene	0			
SNUH	cg21607030	EYA4	cg05493394	EYA4	within_gene	0			
SNUH	cg21607030	EYA4	cg26449787	EYA4	within_gene	0			
SNUH	cg21607030	EYA4	cg22871668	EYA4	within_gene	0			
SNUH	cg21607030	EYA4	cg20980055	EYA4	within_gene	0			
SNUH	cg21607030	EYA4	cg06611358	ZNF568	between_gene	0			
SNUH	cg21607030	EYA4	cg27390819	ZNF568	between_gene	0			
SNUH	cg21607030	EYA4	cg20154403	ZNF568	between_gene	0			
SNUH	cg21607030	EYA4	cg21761844	ZNF568	between_gene	0			
SNUH	cg21607030	EYA4	cg20680720	ZNF568	between_gene	0			
SNUH	cg21607030	EYA4	cg02459604	ZNF568	between_gene	0			
SNUH	cg21607030	EYA4	cg03060201	ZNF568	between_gene	0			
SNUH	cg21607030	EYA4	cg03443751	ZNF568	between_gene	0			
SNUH	cg21607030	EYA4	cg17332326	ZNF793	between_gene	0			
SNUH	cg21607030	EYA4	cg11623861	ZNF793	between_gene	0			
SNUH	cg21607030	EYA4	cg14732998	ZNF793	between_gene	0			
SNUH	cg21607030	EYA4	cg07482795	ZNF793	between_gene	0			
SNUH	cg21607030	EYA4	cg13181745	ZNF793	between_gene	0			
SNUH	cg21607030	EYA4	cg24078985	ZNF793	between_gene	0			
SNUH	cg21607030	EYA4	cg15139588	ZNF793	between_gene	0			
SNUH	cg21607030	EYA4	cg25361907	ZNF793	between_gene	0			
SNUH	cg21607030	EYA4	cg20299663	SFMBT2	between_gene	0			
SNUH	cg21607030	EYA4	cg20506550	SFMBT2	between_gene	0			
SNUH	cg21607030	EYA4	cg01056653	SFMBT2	between_gene	0			
SNUH	cg21607030	EYA4	cg22862480	SFMBT2	between_gene	0			
SNUH	cg21607030	EYA4	cg12767281	SFMBT2	between_gene	0			
SNUH	cg21607030	EYA4	cg26878816	SFMBT2	between_gene	0			
SNUH	cg21607030	EYA4	cg12328063	SFMBT2	between_gene	0			
SNUH	cg21607030	EYA4	cg16818993	SFMBT2	between_gene	0			
SNUH	cg21607030	EYA4	cg20295442	ADHFE1	between_gene	0			
SNUH	cg21607030	EYA4	cg19283840	ADHFE1	between_gene	0			
SNUH	cg21607030	EYA4	cg25046651	ADHFE1	between_gene	0			
SNUH	cg21607030	EYA4	cg01588438	ADHFE1	between_gene	0			
SNUH	cg21607030	EYA4	cg08090772	ADHFE1	between_gene	0			
SNUH	cg21607030	EYA4	cg09383816	ADHFE1	between_gene	0			
SNUH	cg21607030	EYA4	cg20912169	ADHFE1	between_gene	0			
SNUH	cg21607030	EYA4	cg18065361	ADHFE1	between_gene	0			
SNUH	cg21607030	EYA4	cg04481096	HOXA2	between_gene	0			
SNUH	cg21607030	EYA4	cg19598584	HOXA2	between_gene	0			
SNUH	cg21607030	EYA4	cg09871315	HOXA2	between_gene	0			
SNUH	cg21607030	EYA4	cg13661519	HOXA2	between_gene	0			
SNUH	cg21607030	EYA4	cg02803819	HOXA2	between_gene	0			
SNUH	cg21607030	EYA4	cg03763508	HOXA2	between_gene	0			
SNUH	cg21607030	EYA4	cg00188704	HOXA2	between_gene	0			
SNUH	cg21607030	EYA4	cg06786372	HOXA2	between_gene	0			
SNUH	cg21607030	EYA4	cg19236679	GFRA1	between_gene	0			
SNUH	cg21607030	EYA4	cg06298519	GFRA1	between_gene	0			
SNUH	cg21607030	EYA4	cg19485539	GFRA1	between_gene	0			
SNUH	cg21607030	EYA4	cg18672939	GFRA1	between_gene	0			
SNUH	cg21607030	EYA4	cg27034576	GFRA1	between_gene	0			
SNUH	cg21607030	EYA4	cg18044663	GFRA1	between_gene	0			
SNUH	cg21607030	EYA4	cg15701178	UNC5C	between_gene	0			
SNUH	cg21607030	EYA4	cg03008707	UNC5C	between_gene	0			
SNUH	cg21607030	EYA4	cg24870497	UNC5C	between_gene	0			
SNUH	cg21607030	EYA4	cg13265789	UNC5C	between_gene	0			
SNUH	cg21607030	EYA4	cg12584684	UNC5C	between_gene	0			
SNUH	cg21607030	EYA4	cg08327106	RALYL	between_gene	0			
SNUH	cg21607030	EYA4	cg09757712	RALYL	between_gene	0			
SNUH	cg21607030	EYA4	cg11089595	RALYL	between_gene	0			
SNUH	cg21607030	EYA4	cg01134282	RALYL	between_gene	0			
SNUH	cg21607030	EYA4	cg06955749	RALYL	between_gene	0			
SNUH	cg21607030	EYA4	cg11666087	BEND5	between_gene	0			
SNUH	cg21607030	EYA4	cg16573178	BEND5	between_gene	0			
SNUH	cg21607030	EYA4	cg06744574	BEND5	between_gene	0			
SNUH	cg21607030	EYA4	cg03603214	BEND5	between_gene	0			
SNUH	cg11664500	EYA4	cg26656135	EYA4	within_gene	0			
SNUH	cg11664500	EYA4	cg20286200	EYA4	within_gene	142	0.8738157257785668	1.1142600374314973e-45	6.422189670286993e-45
SNUH	cg11664500	EYA4	cg14270292	EYA4	within_gene	142	0.9696599474843407	1.5481663669797355e-87	7.01098197617966e-86
SNUH	cg11664500	EYA4	cg06181518	EYA4	within_gene	142	0.740996791641083	5.533823322557471e-26	1.4497702423559653e-25
SNUH	cg11664500	EYA4	cg14287112	EYA4	within_gene	142	0.9829292673164414	8.028382978824988e-105	2.544997404287521e-102
SNUH	cg11664500	EYA4	cg01328892	EYA4	within_gene	142	0.8221215404313997	4.578877005350666e-36	1.7488000128869412e-35
SNUH	cg11664500	EYA4	cg05493394	EYA4	within_gene	142	0.6876135551592549	3.3494417269396064e-21	7.53030515914791e-21
SNUH	cg11664500	EYA4	cg26449787	EYA4	within_gene	142	0.8917121236569843	4.75919273536802e-50	3.3525868824703607e-49
SNUH	cg11664500	EYA4	cg22871668	EYA4	within_gene	142	0.971885471435966	8.075707820223846e-90	5.119998758021919e-88
SNUH	cg11664500	EYA4	cg20980055	EYA4	within_gene	142	0.9099102874949444	2.326164617160999e-55	2.168806422470696e-54
SNUH	cg11664500	EYA4	cg06611358	ZNF568	between_gene	0			
SNUH	cg11664500	EYA4	cg27390819	ZNF568	between_gene	142	0.7016498634718593	2.3476409948235756e-22	5.633046916298034e-21
SNUH	cg11664500	EYA4	cg20154403	ZNF568	between_gene	142	0.7143743280992307	1.838611202078021e-23	6.149918751566099e-22
SNUH	cg11664500	EYA4	cg21761844	ZNF568	between_gene	0			
SNUH	cg11664500	EYA4	cg20680720	ZNF568	between_gene	142	0.4768342236127673	1.9854842774390915e-09	4.868541804359577e-09
SNUH	cg11664500	EYA4	cg02459604	ZNF568	between_gene	142	0.632667003359242	3.016373468390499e-17	2.049405827872607e-16
SNUH	cg11664500	EYA4	cg03060201	ZNF568	between_gene	142	0.6623616120169913	2.7898966656920743e-19	2.9350162906413796e-18
SNUH	cg11664500	EYA4	cg03443751	ZNF568	between_gene	142	0.6141461175923267	4.370346246450928e-16	2.431179820253832e-15
SNUH	cg11664500	EYA4	cg17332326	ZNF793	between_gene	142	0.5024214622656337	1.879912816530646e-10	5.030453885465082e-10
SNUH	cg11664500	EYA4	cg11623861	ZNF793	between_gene	0			
SNUH	cg11664500	EYA4	cg14732998	ZNF793	between_gene	0			
SNUH	cg11664500	EYA4	cg07482795	ZNF793	between_gene	142	0.38578891890249406	2.1220624274011812e-06	4.376648911533346e-06
SNUH	cg11664500	EYA4	cg13181745	ZNF793	between_gene	0			
SNUH	cg11664500	EYA4	cg24078985	ZNF793	between_gene	142	0.47045941771743394	3.4679078893029037e-09	8.300707966230527e-09
SNUH	cg11664500	EYA4	cg15139588	ZNF793	between_gene	142	0.5379208744506917	5.077974103797067e-12	1.5904483117414822e-11
SNUH	cg11664500	EYA4	cg25361907	ZNF793	between_gene	142	0.5062605958620343	1.2975154475948837e-10	3.526268544557345e-10
SNUH	cg11664500	EYA4	cg20299663	SFMBT2	between_gene	142	0.7080623901121355	6.616103005501693e-23	1.9615241751538543e-21
SNUH	cg11664500	EYA4	cg20506550	SFMBT2	between_gene	0			
SNUH	cg11664500	EYA4	cg01056653	SFMBT2	between_gene	0			
SNUH	cg11664500	EYA4	cg22862480	SFMBT2	between_gene	142	0.654440255579003	1.0243176005341884e-18	9.311653727504172e-18
SNUH	cg11664500	EYA4	cg12767281	SFMBT2	between_gene	142	0.6140622937146762	4.421787317700057e-16	2.45456236422967e-15
SNUH	cg11664500	EYA4	cg26878816	SFMBT2	between_gene	142	0.7046633318734009	1.300139428847535e-22	3.3255527155521754e-21
SNUH	cg11664500	EYA4	cg12328063	SFMBT2	between_gene	142	0.6857778122387053	4.6896424897878e-21	7.944985231075565e-20
SNUH	cg11664500	EYA4	cg16818993	SFMBT2	between_gene	142	0.6727138609068487	4.798368470484565e-20	5.989925042820206e-19
SNUH	cg11664500	EYA4	cg20295442	ADHFE1	between_gene	0			
SNUH	cg11664500	EYA4	cg19283840	ADHFE1	between_gene	0			
SNUH	cg11664500	EYA4	cg25046651	ADHFE1	between_gene	142	0.6379101869062912	1.3691096105016277e-17	1.0061991475489427e-16
SNUH	cg11664500	EYA4	cg01588438	ADHFE1	between_gene	142	0.6050512268672293	1.5248929141558209e-15	7.592453459985757e-15
SNUH	cg11664500	EYA4	cg08090772	ADHFE1	between_gene	0			
SNUH	cg11664500	EYA4	cg09383816	ADHFE1	between_gene	142	0.5958641298767161	5.1783867234800535e-15	2.3869984031023782e-14
SNUH	cg11664500	EYA4	cg20912169	ADHFE1	between_gene	142	0.6068282930734235	1.1982739695739008e-15	6.142036908876831e-15
SNUH	cg11664500	EYA4	cg18065361	ADHFE1	between_gene	142	0.6062331435421038	1.2992352367392922e-15	6.620517055962526e-15
SNUH	cg11664500	EYA4	cg04481096	HOXA2	between_gene	142	0.5548197681850664	7.806126287977045e-13	2.733715904071424e-12
SNUH	cg11664500	EYA4	cg19598584	HOXA2	between_gene	0			
SNUH	cg11664500	EYA4	cg09871315	HOXA2	between_gene	0			
SNUH	cg11664500	EYA4	cg13661519	HOXA2	between_gene	142	0.5772426554566201	5.496649987124786e-14	2.209670233653092e-13
SNUH	cg11664500	EYA4	cg02803819	HOXA2	between_gene	142	0.5829133407796879	2.720085658657204e-14	1.1336587034243842e-13
SNUH	cg11664500	EYA4	cg03763508	HOXA2	between_gene	142	0.46048856747088696	8.111234575674067e-09	1.8979561442092953e-08
SNUH	cg11664500	EYA4	cg00188704	HOXA2	between_gene	142	0.5824313534831965	2.889218869144693e-14	1.2022283938753593e-13
SNUH	cg11664500	EYA4	cg06786372	HOXA2	between_gene	142	0.5707253489692807	1.2134992480905756e-13	4.649074211847741e-13
SNUH	cg11664500	EYA4	cg19236679	GFRA1	between_gene	142	0.728574092973254	9.051374798847506e-25	4.9197993437902385e-23
SNUH	cg11664500	EYA4	cg06298519	GFRA1	between_gene	142	0.7162477917647232	1.2488983895125398e-23	4.654822711768881e-22
SNUH	cg11664500	EYA4	cg19485539	GFRA1	between_gene	142	0.749530062385921	7.384965527563728e-27	8.377119591919028e-25
SNUH	cg11664500	EYA4	cg18672939	GFRA1	between_gene	142	0.7007613303687622	2.7905631514710303e-22	6.618708420170834e-21
SNUH	cg11664500	EYA4	cg27034576	GFRA1	between_gene	142	0.7365666997072452	1.526497408732684e-25	1.1350314287496781e-23
SNUH	cg11664500	EYA4	cg18044663	GFRA1	between_gene	142	0.7574765659872044	1.0507889738756438e-27	1.8276722885610363e-25
SNUH	cg11664500	EYA4	cg15701178	UNC5C	between_gene	142	0.5764044166801134	6.092023229062436e-14	2.434010506067978e-13
SNUH	cg11664500	EYA4	cg03008707	UNC5C	between_gene	142	0.6524955416175074	1.4013203517193425e-18	1.2393372195375475e-17
SNUH	cg11664500	EYA4	cg24870497	UNC5C	between_gene	0			
SNUH	cg11664500	EYA4	cg13265789	UNC5C	between_gene	142	0.7467261536785061	1.4441320337976366e-26	1.5070961904712136e-24
SNUH	cg11664500	EYA4	cg12584684	UNC5C	between_gene	142	0.6467075028657289	3.513967597584501e-18	2.892095098453616e-17
SNUH	cg11664500	EYA4	cg08327106	RALYL	between_gene	0			
SNUH	cg11664500	EYA4	cg09757712	RALYL	between_gene	0			
SNUH	cg11664500	EYA4	cg11089595	RALYL	between_gene	142	0.6837199360423813	6.81901293082763e-21	1.078230590092684e-19
SNUH	cg11664500	EYA4	cg01134282	RALYL	between_gene	0			
SNUH	cg11664500	EYA4	cg06955749	RALYL	between_gene	142	0.6303576555299659	4.2512153953201547e-17	2.802601417959714e-16
SNUH	cg11664500	EYA4	cg11666087	BEND5	between_gene	142	0.5494215104643634	1.4361087485320914e-12	4.904198592827522e-12
SNUH	cg11664500	EYA4	cg16573178	BEND5	between_gene	142	0.5585122099955783	5.111935249182942e-13	1.8195141971512e-12
SNUH	cg11664500	EYA4	cg06744574	BEND5	between_gene	142	0.5912789637692245	9.395567276543167e-15	4.175985523765097e-14
SNUH	cg11664500	EYA4	cg03603214	BEND5	between_gene	142	0.44332562852191265	3.290376162170475e-08	7.413291370555069e-08
SNUH	cg26656135	EYA4	cg20286200	EYA4	within_gene	0			
SNUH	cg26656135	EYA4	cg14270292	EYA4	within_gene	0			
SNUH	cg26656135	EYA4	cg06181518	EYA4	within_gene	0			
SNUH	cg26656135	EYA4	cg14287112	EYA4	within_gene	0			
SNUH	cg26656135	EYA4	cg01328892	EYA4	within_gene	0			
SNUH	cg26656135	EYA4	cg05493394	EYA4	within_gene	0			
SNUH	cg26656135	EYA4	cg26449787	EYA4	within_gene	0			
SNUH	cg26656135	EYA4	cg22871668	EYA4	within_gene	0			
SNUH	cg26656135	EYA4	cg20980055	EYA4	within_gene	0			
SNUH	cg26656135	EYA4	cg06611358	ZNF568	between_gene	0			
SNUH	cg26656135	EYA4	cg27390819	ZNF568	between_gene	0			
SNUH	cg26656135	EYA4	cg20154403	ZNF568	between_gene	0			
SNUH	cg26656135	EYA4	cg21761844	ZNF568	between_gene	0			
SNUH	cg26656135	EYA4	cg20680720	ZNF568	between_gene	0			
SNUH	cg26656135	EYA4	cg02459604	ZNF568	between_gene	0			
SNUH	cg26656135	EYA4	cg03060201	ZNF568	between_gene	0			
SNUH	cg26656135	EYA4	cg03443751	ZNF568	between_gene	0			
SNUH	cg26656135	EYA4	cg17332326	ZNF793	between_gene	0			
SNUH	cg26656135	EYA4	cg11623861	ZNF793	between_gene	0			
SNUH	cg26656135	EYA4	cg14732998	ZNF793	between_gene	0			
SNUH	cg26656135	EYA4	cg07482795	ZNF793	between_gene	0			
SNUH	cg26656135	EYA4	cg13181745	ZNF793	between_gene	0			
SNUH	cg26656135	EYA4	cg24078985	ZNF793	between_gene	0			
SNUH	cg26656135	EYA4	cg15139588	ZNF793	between_gene	0			
SNUH	cg26656135	EYA4	cg25361907	ZNF793	between_gene	0			
SNUH	cg26656135	EYA4	cg20299663	SFMBT2	between_gene	0			
SNUH	cg26656135	EYA4	cg20506550	SFMBT2	between_gene	0			
SNUH	cg26656135	EYA4	cg01056653	SFMBT2	between_gene	0			
SNUH	cg26656135	EYA4	cg22862480	SFMBT2	between_gene	0			
SNUH	cg26656135	EYA4	cg12767281	SFMBT2	between_gene	0			
SNUH	cg26656135	EYA4	cg26878816	SFMBT2	between_gene	0			
SNUH	cg26656135	EYA4	cg12328063	SFMBT2	between_gene	0			
SNUH	cg26656135	EYA4	cg16818993	SFMBT2	between_gene	0			
SNUH	cg26656135	EYA4	cg20295442	ADHFE1	between_gene	0			
SNUH	cg26656135	EYA4	cg19283840	ADHFE1	between_gene	0			
SNUH	cg26656135	EYA4	cg25046651	ADHFE1	between_gene	0			
SNUH	cg26656135	EYA4	cg01588438	ADHFE1	between_gene	0			
SNUH	cg26656135	EYA4	cg08090772	ADHFE1	between_gene	0			
SNUH	cg26656135	EYA4	cg09383816	ADHFE1	between_gene	0			
SNUH	cg26656135	EYA4	cg20912169	ADHFE1	between_gene	0			
SNUH	cg26656135	EYA4	cg18065361	ADHFE1	between_gene	0			
SNUH	cg26656135	EYA4	cg04481096	HOXA2	between_gene	0			
SNUH	cg26656135	EYA4	cg19598584	HOXA2	between_gene	0			
SNUH	cg26656135	EYA4	cg09871315	HOXA2	between_gene	0			
SNUH	cg26656135	EYA4	cg13661519	HOXA2	between_gene	0			
SNUH	cg26656135	EYA4	cg02803819	HOXA2	between_gene	0			
SNUH	cg26656135	EYA4	cg03763508	HOXA2	between_gene	0			
SNUH	cg26656135	EYA4	cg00188704	HOXA2	between_gene	0			
SNUH	cg26656135	EYA4	cg06786372	HOXA2	between_gene	0			
SNUH	cg26656135	EYA4	cg19236679	GFRA1	between_gene	0			
SNUH	cg26656135	EYA4	cg06298519	GFRA1	between_gene	0			
SNUH	cg26656135	EYA4	cg19485539	GFRA1	between_gene	0			
SNUH	cg26656135	EYA4	cg18672939	GFRA1	between_gene	0			
SNUH	cg26656135	EYA4	cg27034576	GFRA1	between_gene	0			
SNUH	cg26656135	EYA4	cg18044663	GFRA1	between_gene	0			
SNUH	cg26656135	EYA4	cg15701178	UNC5C	between_gene	0			
SNUH	cg26656135	EYA4	cg03008707	UNC5C	between_gene	0			
SNUH	cg26656135	EYA4	cg24870497	UNC5C	between_gene	0			
SNUH	cg26656135	EYA4	cg13265789	UNC5C	between_gene	0			
SNUH	cg26656135	EYA4	cg12584684	UNC5C	between_gene	0			
SNUH	cg26656135	EYA4	cg08327106	RALYL	between_gene	0			
SNUH	cg26656135	EYA4	cg09757712	RALYL	between_gene	0			
SNUH	cg26656135	EYA4	cg11089595	RALYL	between_gene	0			
SNUH	cg26656135	EYA4	cg01134282	RALYL	between_gene	0			
SNUH	cg26656135	EYA4	cg06955749	RALYL	between_gene	0			
SNUH	cg26656135	EYA4	cg11666087	BEND5	between_gene	0			
SNUH	cg26656135	EYA4	cg16573178	BEND5	between_gene	0			
SNUH	cg26656135	EYA4	cg06744574	BEND5	between_gene	0			
SNUH	cg26656135	EYA4	cg03603214	BEND5	between_gene	0			
SNUH	cg20286200	EYA4	cg14270292	EYA4	within_gene	142	0.8524993136920018	2.850432458732466e-41	1.3690713476033208e-40
SNUH	cg20286200	EYA4	cg06181518	EYA4	within_gene	142	0.7498779314781712	6.791165061235015e-27	1.8090750625306723e-26
SNUH	cg20286200	EYA4	cg14287112	EYA4	within_gene	142	0.8532663021725055	2.035257124043813e-41	9.925792435721364e-41
SNUH	cg20286200	EYA4	cg01328892	EYA4	within_gene	142	0.8162329130264403	3.5934896756232494e-35	1.3093519852558276e-34
SNUH	cg20286200	EYA4	cg05493394	EYA4	within_gene	142	0.7224172291598124	3.4175462480109826e-24	8.463766879839699e-24
SNUH	cg20286200	EYA4	cg26449787	EYA4	within_gene	142	0.8645406137165202	1.1401295587212834e-43	6.231397760597359e-43
SNUH	cg20286200	EYA4	cg22871668	EYA4	within_gene	142	0.8473567187981333	2.599161070083833e-40	1.1941073321979348e-39
SNUH	cg20286200	EYA4	cg20980055	EYA4	within_gene	142	0.9316416277758801	2.0354778564989316e-63	2.688527002125672e-62
SNUH	cg20286200	EYA4	cg06611358	ZNF568	between_gene	0			
SNUH	cg20286200	EYA4	cg27390819	ZNF568	between_gene	142	0.6295194167534593	4.8117015158193095e-17	3.154203330344869e-16
SNUH	cg20286200	EYA4	cg20154403	ZNF568	between_gene	142	0.6947804966983872	8.786905543748436e-22	1.7910184815343492e-20
SNUH	cg20286200	EYA4	cg21761844	ZNF568	between_gene	0			
SNUH	cg20286200	EYA4	cg20680720	ZNF568	between_gene	142	0.5249365558026031	1.997687006750125e-11	5.902565572605975e-11
SNUH	cg20286200	EYA4	cg02459604	ZNF568	between_gene	142	0.6562759984995526	7.603958102793553e-19	7.136232622369921e-18
SNUH	cg20286200	EYA4	cg03060201	ZNF568	between_gene	142	0.672198344059297	5.246782061918879e-20	6.487608720164149e-19
SNUH	cg20286200	EYA4	cg03443751	ZNF568	between_gene	142	0.6323442814302869	3.165092381423756e-17	2.1393072598794248e-16
SNUH	cg20286200	EYA4	cg17332326	ZNF793	between_gene	142	0.5411480937402424	3.579884645916623e-12	1.150236335122718e-11
SNUH	cg20286200	EYA4	cg11623861	ZNF793	between_gene	0			
SNUH	cg20286200	EYA4	cg14732998	ZNF793	between_gene	0			
SNUH	cg20286200	EYA4	cg07482795	ZNF793	between_gene	142	0.408748278991012	4.415100104929865e-07	9.357429873080436e-07
SNUH	cg20286200	EYA4	cg13181745	ZNF793	between_gene	0			
SNUH	cg20286200	EYA4	cg24078985	ZNF793	between_gene	142	0.5046302214417288	1.5196372494117638e-10	4.108532211103929e-10
SNUH	cg20286200	EYA4	cg15139588	ZNF793	between_gene	142	0.5242366264242201	2.147238687004434e-11	6.322963582838114e-11
SNUH	cg20286200	EYA4	cg25361907	ZNF793	between_gene	142	0.5255191317522753	1.8809473971260163e-11	5.576581544433837e-11
SNUH	cg20286200	EYA4	cg20299663	SFMBT2	between_gene	142	0.7319438128548108	4.3071055277474635e-25	2.675532933784079e-23
SNUH	cg20286200	EYA4	cg20506550	SFMBT2	between_gene	0			
SNUH	cg20286200	EYA4	cg01056653	SFMBT2	between_gene	0			
SNUH	cg20286200	EYA4	cg22862480	SFMBT2	between_gene	142	0.6330358284209049	2.8547486259187764e-17	1.961238103407929e-16
SNUH	cg20286200	EYA4	cg12767281	SFMBT2	between_gene	142	0.682035076101603	9.243643140162053e-21	1.3940268758776183e-19
SNUH	cg20286200	EYA4	cg26878816	SFMBT2	between_gene	142	0.6988124252133843	4.067852706414253e-22	9.228719748725901e-21
SNUH	cg20286200	EYA4	cg12328063	SFMBT2	between_gene	142	0.6646039007441465	1.916801362089209e-19	2.1100990521901883e-18
SNUH	cg20286200	EYA4	cg16818993	SFMBT2	between_gene	142	0.6769427755343249	2.2900403079954378e-20	3.048324063040866e-19
SNUH	cg20286200	EYA4	cg20295442	ADHFE1	between_gene	0			
SNUH	cg20286200	EYA4	cg19283840	ADHFE1	between_gene	0			
SNUH	cg20286200	EYA4	cg25046651	ADHFE1	between_gene	142	0.5890241014604216	1.2550645008663097e-14	5.51256444909125e-14
SNUH	cg20286200	EYA4	cg01588438	ADHFE1	between_gene	142	0.5709390998572899	1.18271177598428e-13	4.5377867993279213e-13
SNUH	cg20286200	EYA4	cg08090772	ADHFE1	between_gene	0			
SNUH	cg20286200	EYA4	cg09383816	ADHFE1	between_gene	142	0.5650546636462129	2.3834596800761084e-13	8.820491213217825e-13
SNUH	cg20286200	EYA4	cg20912169	ADHFE1	between_gene	142	0.5628123749190576	3.10169547711774e-13	1.1333786414285972e-12
SNUH	cg20286200	EYA4	cg18065361	ADHFE1	between_gene	142	0.5600168485994078	4.295521963660974e-13	1.541542889022212e-12
SNUH	cg20286200	EYA4	cg04481096	HOXA2	between_gene	142	0.5415881690979085	3.412249451561558e-12	1.1004399034764036e-11
SNUH	cg20286200	EYA4	cg19598584	HOXA2	between_gene	0			
SNUH	cg20286200	EYA4	cg09871315	HOXA2	between_gene	0			
SNUH	cg20286200	EYA4	cg13661519	HOXA2	between_gene	142	0.5087208266710814	1.0206238057590754e-10	2.797066711371248e-10
SNUH	cg20286200	EYA4	cg02803819	HOXA2	between_gene	142	0.5324346016584555	9.12259852480301e-12	2.796810758074154e-11
SNUH	cg20286200	EYA4	cg03763508	HOXA2	between_gene	142	0.4284049783000937	1.0455459841058187e-07	2.292293674396707e-07
SNUH	cg20286200	EYA4	cg00188704	HOXA2	between_gene	142	0.5407918422602271	3.7214131682563044e-12	1.1898488916643012e-11
SNUH	cg20286200	EYA4	cg06786372	HOXA2	between_gene	142	0.5287337774601785	1.3464133058118027e-11	4.065731845906242e-11
SNUH	cg20286200	EYA4	cg19236679	GFRA1	between_gene	142	0.706046425854637	9.888118079644778e-23	2.6595979453395077e-21
SNUH	cg20286200	EYA4	cg06298519	GFRA1	between_gene	142	0.7270233512367166	1.2691844214913132e-24	6.367888760905454e-23
SNUH	cg20286200	EYA4	cg19485539	GFRA1	between_gene	142	0.7242906928253049	2.2897706616850464e-24	1.0300020097131528e-22
SNUH	cg20286200	EYA4	cg18672939	GFRA1	between_gene	142	0.6916580572558997	1.5816054064525398e-21	3.056598892914575e-20
SNUH	cg20286200	EYA4	cg27034576	GFRA1	between_gene	142	0.731072044527244	5.225067993583263e-25	3.170279626804356e-23
SNUH	cg20286200	EYA4	cg18044663	GFRA1	between_gene	142	0.7298063039747188	6.907753675763898e-25	4.049505117366041e-23
SNUH	cg20286200	EYA4	cg15701178	UNC5C	between_gene	142	0.612607949437437	5.414158497852974e-16	2.9506811852722302e-15
SNUH	cg20286200	EYA4	cg03008707	UNC5C	between_gene	142	0.661095871464466	3.4434195178359526e-19	3.4577420374805446e-18
SNUH	cg20286200	EYA4	cg24870497	UNC5C	between_gene	0			
SNUH	cg20286200	EYA4	cg13265789	UNC5C	between_gene	142	0.7297560096481285	6.984581459619466e-25	4.049505117366041e-23
SNUH	cg20286200	EYA4	cg12584684	UNC5C	between_gene	142	0.691197025928821	1.7239081239188166e-21	3.259185721234922e-20
SNUH	cg20286200	EYA4	cg08327106	RALYL	between_gene	0			
SNUH	cg20286200	EYA4	cg09757712	RALYL	between_gene	0			
SNUH	cg20286200	EYA4	cg11089595	RALYL	between_gene	142	0.649741927236683	2.1755042679958454e-18	1.8609477492462823e-17
SNUH	cg20286200	EYA4	cg01134282	RALYL	between_gene	0			
SNUH	cg20286200	EYA4	cg06955749	RALYL	between_gene	142	0.6216022515093538	1.521807230718824e-16	9.186048522711316e-16
SNUH	cg20286200	EYA4	cg11666087	BEND5	between_gene	142	0.4969016599223372	3.178197309831627e-10	8.33358470487509e-10
SNUH	cg20286200	EYA4	cg16573178	BEND5	between_gene	142	0.5161434310370481	4.889469976122063e-11	1.4033693253798092e-10
SNUH	cg20286200	EYA4	cg06744574	BEND5	between_gene	142	0.5006737344166172	2.2222001760741634e-10	5.916041080997442e-10
SNUH	cg20286200	EYA4	cg03603214	BEND5	between_gene	142	0.439415244629509	4.478951898413986e-08	1.0013355186771285e-07
SNUH	cg14270292	EYA4	cg06181518	EYA4	within_gene	142	0.6965617540984638	6.262574000534464e-22	1.4282273080355577e-21
SNUH	cg14270292	EYA4	cg14287112	EYA4	within_gene	142	0.9665123608785582	1.3911135122657934e-84	4.8998109265361836e-83
SNUH	cg14270292	EYA4	cg01328892	EYA4	within_gene	142	0.7940992181327813	4.4850121696612846e-32	1.4507641405945174e-31
SNUH	cg14270292	EYA4	cg05493394	EYA4	within_gene	142	0.6687909034327975	9.427598022534502e-20	2.0192895764482686e-19
SNUH	cg14270292	EYA4	cg26449787	EYA4	within_gene	142	0.8985018577466886	6.526688926726453e-52	4.926096166124489e-51
SNUH	cg14270292	EYA4	cg22871668	EYA4	within_gene	142	0.9670153041444621	4.9076188557704843e-85	1.9446439715990543e-83
SNUH	cg14270292	EYA4	cg20980055	EYA4	within_gene	142	0.8956308899371531	4.149763423073017e-51	3.059244197939875e-50
SNUH	cg14270292	EYA4	cg06611358	ZNF568	between_gene	0			
SNUH	cg14270292	EYA4	cg27390819	ZNF568	between_gene	142	0.7172578694904137	1.0125286711861532e-23	3.8285323233690925e-22
SNUH	cg14270292	EYA4	cg20154403	ZNF568	between_gene	142	0.7085820981535695	5.961743688999004e-23	1.8086266609998142e-21
SNUH	cg14270292	EYA4	cg21761844	ZNF568	between_gene	0			
SNUH	cg14270292	EYA4	cg20680720	ZNF568	between_gene	142	0.47672525257182136	2.0046957388307016e-09	4.911033974281033e-09
SNUH	cg14270292	EYA4	cg02459604	ZNF568	between_gene	142	0.6010821662604702	2.5984327856414798e-15	1.2393621824019416e-14
SNUH	cg14270292	EYA4	cg03060201	ZNF568	between_gene	142	0.661347343097418	3.3026745519302507e-19	3.3691637322554403e-18
SNUH	cg14270292	EYA4	cg03443751	ZNF568	between_gene	142	0.6205083499060126	1.779676916613884e-16	1.0571641380861409e-15
SNUH	cg14270292	EYA4	cg17332326	ZNF793	between_gene	142	0.4672657279789435	4.5661946465892615e-09	1.0840038064559948e-08
SNUH	cg14270292	EYA4	cg11623861	ZNF793	between_gene	0			
SNUH	cg14270292	EYA4	cg14732998	ZNF793	between_gene	0			
SNUH	cg14270292	EYA4	cg07482795	ZNF793	between_gene	142	0.36587655676657777	7.547247732156057e-06	1.507715875436076e-05
SNUH	cg14270292	EYA4	cg13181745	ZNF793	between_gene	0			
SNUH	cg14270292	EYA4	cg24078985	ZNF793	between_gene	142	0.45348089129929114	1.4503001868373687e-08	3.351490865773866e-08
SNUH	cg14270292	EYA4	cg15139588	ZNF793	between_gene	142	0.5060426537801426	1.3252791456562993e-10	3.597974288259402e-10
SNUH	cg14270292	EYA4	cg25361907	ZNF793	between_gene	142	0.48843963947350233	6.982085174035329e-10	1.766853561499338e-09
SNUH	cg14270292	EYA4	cg20299663	SFMBT2	between_gene	142	0.733037714458152	3.3762442628038047e-25	2.1484442150378356e-23
SNUH	cg14270292	EYA4	cg20506550	SFMBT2	between_gene	0			
SNUH	cg14270292	EYA4	cg01056653	SFMBT2	between_gene	0			
SNUH	cg14270292	EYA4	cg22862480	SFMBT2	between_gene	142	0.6729443765703881	4.6101919445207104e-20	5.78268787656468e-19
SNUH	cg14270292	EYA4	cg12767281	SFMBT2	between_gene	142	0.6263131534333214	7.700706772346951e-17	4.818020136463596e-16
SNUH	cg14270292	EYA4	cg26878816	SFMBT2	between_gene	142	0.7066499577737217	8.770493444748241e-23	2.4086544628787535e-21
SNUH	cg14270292	EYA4	cg12328063	SFMBT2	between_gene	142	0.7040765647298463	1.4595363727067964e-22	3.661471534992338e-21
SNUH	cg14270292	EYA4	cg16818993	SFMBT2	between_gene	142	0.6737155562447742	4.031617897337722e-20	5.196672534538858e-19
SNUH	cg14270292	EYA4	cg20295442	ADHFE1	between_gene	0			
SNUH	cg14270292	EYA4	cg19283840	ADHFE1	between_gene	0			
SNUH	cg14270292	EYA4	cg25046651	ADHFE1	between_gene	142	0.6666533945527053	1.3562806466017572e-19	1.5452123174602552e-18
SNUH	cg14270292	EYA4	cg01588438	ADHFE1	between_gene	142	0.6269041117707586	7.064238016486648e-17	4.473445870148948e-16
SNUH	cg14270292	EYA4	cg08090772	ADHFE1	between_gene	0			
SNUH	cg14270292	EYA4	cg09383816	ADHFE1	between_gene	142	0.6088987428513949	9.03158370694745e-16	4.7126803782851795e-15
SNUH	cg14270292	EYA4	cg20912169	ADHFE1	between_gene	142	0.6105710292105259	7.176795285876903e-16	3.821277326704661e-15
SNUH	cg14270292	EYA4	cg18065361	ADHFE1	between_gene	142	0.6254371939118718	8.748178999242775e-17	5.421377436822899e-16
SNUH	cg14270292	EYA4	cg04481096	HOXA2	between_gene	142	0.6029975418647879	2.0109861282034086e-15	9.734068290320395e-15
SNUH	cg14270292	EYA4	cg19598584	HOXA2	between_gene	0			
SNUH	cg14270292	EYA4	cg09871315	HOXA2	between_gene	0			
SNUH	cg14270292	EYA4	cg13661519	HOXA2	between_gene	142	0.5834665783721822	2.537808185902111e-14	1.0610803777273408e-13
SNUH	cg14270292	EYA4	cg02803819	HOXA2	between_gene	142	0.5996697339220565	3.1355461892962577e-15	1.480966508251286e-14
SNUH	cg14270292	EYA4	cg03763508	HOXA2	between_gene	142	0.48811272635066466	7.194555211529989e-10	1.8170953094754832e-09
SNUH	cg14270292	EYA4	cg00188704	HOXA2	between_gene	142	0.5935925027923831	6.96447613877385e-15	3.143653675789096e-14
SNUH	cg14270292	EYA4	cg06786372	HOXA2	between_gene	142	0.5873518151012908	1.5534386927327303e-14	6.73242782282341e-14
SNUH	cg14270292	EYA4	cg19236679	GFRA1	between_gene	142	0.7407914231408388	5.802993112230153e-26	5.046669676602823e-24
SNUH	cg14270292	EYA4	cg06298519	GFRA1	between_gene	142	0.7345423530619815	2.4105802902085412e-25	1.612616404398483e-23
SNUH	cg14270292	EYA4	cg19485539	GFRA1	between_gene	142	0.7745514898646454	1.2205398654228055e-29	6.3687770177762e-27
SNUH	cg14270292	EYA4	cg18672939	GFRA1	between_gene	142	0.7138168993128537	2.0616060734234314e-23	6.808519298179409e-22
SNUH	cg14270292	EYA4	cg27034576	GFRA1	between_gene	142	0.7538218449216353	2.600081689528483e-27	3.9903606635175363e-25
SNUH	cg14270292	EYA4	cg18044663	GFRA1	between_gene	142	0.7582142161105303	8.734815482948662e-28	1.750250697633314e-25
SNUH	cg14270292	EYA4	cg15701178	UNC5C	between_gene	142	0.5774438327629817	5.3624089031272124e-14	2.1590316092992126e-13
SNUH	cg14270292	EYA4	cg03008707	UNC5C	between_gene	142	0.6734263638668794	4.23974546689099e-20	5.395851669813948e-19
SNUH	cg14270292	EYA4	cg24870497	UNC5C	between_gene	0			
SNUH	cg14270292	EYA4	cg13265789	UNC5C	between_gene	142	0.7620617320946959	3.2954017813997362e-28	9.296932604719848e-26
SNUH	cg14270292	EYA4	cg12584684	UNC5C	between_gene	142	0.6736987914692439	4.0434056133054366e-20	5.196672534538858e-19
SNUH	cg14270292	EYA4	cg08327106	RALYL	between_gene	0			
SNUH	cg14270292	EYA4	cg09757712	RALYL	between_gene	0			
SNUH	cg14270292	EYA4	cg11089595	RALYL	between_gene	142	0.6900863595499497	2.120148039557832e-21	3.8148043001423336e-20
SNUH	cg14270292	EYA4	cg01134282	RALYL	between_gene	0			
SNUH	cg14270292	EYA4	cg06955749	RALYL	between_gene	142	0.6365815784455282	1.6748971755464614e-17	1.207128931215668e-16
SNUH	cg14270292	EYA4	cg11666087	BEND5	between_gene	142	0.6060990253378628	1.3231060808435505e-15	6.702881096933637e-15
SNUH	cg14270292	EYA4	cg16573178	BEND5	between_gene	142	0.5954575840701104	5.461359932308641e-15	2.508571842146698e-14
SNUH	cg14270292	EYA4	cg06744574	BEND5	between_gene	142	0.6429857226980392	6.280842969388958e-18	4.894736120392924e-17
SNUH	cg14270292	EYA4	cg03603214	BEND5	between_gene	142	0.4925176711212073	4.791000073973854e-10	1.2302873221454513e-09
SNUH	cg06181518	EYA4	cg14287112	EYA4	within_gene	142	0.7251373139895766	1.9086483639672807e-24	4.80191691569546e-24
SNUH	cg06181518	EYA4	cg01328892	EYA4	within_gene	142	0.8437606744469196	1.1622391541373323e-39	5.189152279739921e-39
SNUH	cg06181518	EYA4	cg05493394	EYA4	within_gene	142	0.6848054552579576	5.599214625269533e-21	1.2326048862572512e-20
SNUH	cg06181518	EYA4	cg26449787	EYA4	within_gene	142	0.7236997344878677	2.599008272922187e-24	6.4872883662703414e-24
SNUH	cg06181518	EYA4	cg22871668	EYA4	within_gene	142	0.7104513706251795	4.091397921368566e-23	9.825554099044209e-23
SNUH	cg06181518	EYA4	cg20980055	EYA4	within_gene	142	0.7222747285678063	3.522776813340137e-24	8.656746122704058e-24
SNUH	cg06181518	EYA4	cg06611358	ZNF568	between_gene	0			
SNUH	cg06181518	EYA4	cg27390819	ZNF568	between_gene	142	0.5353097606618733	6.719758085329104e-12	2.0871248624551944e-11
SNUH	cg06181518	EYA4	cg20154403	ZNF568	between_gene	142	0.6293098570593326	4.962717785141472e-17	3.236932675358525e-16
SNUH	cg06181518	EYA4	cg21761844	ZNF568	between_gene	0			
SNUH	cg06181518	EYA4	cg20680720	ZNF568	between_gene	142	0.5053091948506993	1.422996669001706e-10	3.855242273546678e-10
SNUH	cg06181518	EYA4	cg02459604	ZNF568	between_gene	142	0.625525208983405	8.636948759209969e-17	5.365190312566382e-16
SNUH	cg06181518	EYA4	cg03060201	ZNF568	between_gene	142	0.6008474594030483	2.6810149640101326e-15	1.274092539362921e-14
SNUH	cg06181518	EYA4	cg03443751	ZNF568	between_gene	142	0.5645433379925439	2.531448493864702e-13	9.31530200351623e-13
SNUH	cg06181518	EYA4	cg17332326	ZNF793	between_gene	142	0.4839257236620138	1.0532676040323008e-09	2.6372122638390337e-09
SNUH	cg06181518	EYA4	cg11623861	ZNF793	between_gene	0			
SNUH	cg06181518	EYA4	cg14732998	ZNF793	between_gene	0			
SNUH	cg06181518	EYA4	cg07482795	ZNF793	between_gene	142	0.4424454778065806	3.528075594429199e-08	7.935128642987743e-08
SNUH	cg06181518	EYA4	cg13181745	ZNF793	between_gene	0			
SNUH	cg06181518	EYA4	cg24078985	ZNF793	between_gene	142	0.4638499049646788	6.109457673593233e-09	1.434705226859113e-08
SNUH	cg06181518	EYA4	cg15139588	ZNF793	between_gene	142	0.5135029788910521	6.36558515141362e-11	1.7954390983825008e-10
SNUH	cg06181518	EYA4	cg25361907	ZNF793	between_gene	142	0.4552705310871329	1.2518315379496755e-08	2.9083067520130926e-08
SNUH	cg06181518	EYA4	cg20299663	SFMBT2	between_gene	142	0.5775653773855752	5.2828555517539336e-14	2.13028904706739e-13
SNUH	cg06181518	EYA4	cg20506550	SFMBT2	between_gene	0			
SNUH	cg06181518	EYA4	cg01056653	SFMBT2	between_gene	0			
SNUH	cg06181518	EYA4	cg22862480	SFMBT2	between_gene	142	0.5320280558518498	9.523369091657854e-12	2.9060198783784025e-11
SNUH	cg06181518	EYA4	cg12767281	SFMBT2	between_gene	142	0.481318801067078	1.33193575604916e-09	3.3158591484086434e-09
SNUH	cg06181518	EYA4	cg26878816	SFMBT2	between_gene	142	0.5590654475880728	4.795606333600508e-13	1.7115919185176094e-12
SNUH	cg06181518	EYA4	cg12328063	SFMBT2	between_gene	142	0.5602264082935345	4.1923813612439256e-13	1.510762841365387e-12
SNUH	cg06181518	EYA4	cg16818993	SFMBT2	between_gene	142	0.560725160365556	3.9564868560224546e-13	1.4297055688867845e-12
SNUH	cg06181518	EYA4	cg20295442	ADHFE1	between_gene	0			
SNUH	cg06181518	EYA4	cg19283840	ADHFE1	between_gene	0			
SNUH	cg06181518	EYA4	cg25046651	ADHFE1	between_gene	142	0.3336043638710705	4.9692896631984905e-05	9.68974344640124e-05
SNUH	cg06181518	EYA4	cg01588438	ADHFE1	between_gene	142	0.3200626164366051	0.0001032077039403529	0.00020019992533857302
SNUH	cg06181518	EYA4	cg08090772	ADHFE1	between_gene	0			
SNUH	cg06181518	EYA4	cg09383816	ADHFE1	between_gene	142	0.32665955560771265	7.260127344838853e-05	0.00014125035229444122
SNUH	cg06181518	EYA4	cg20912169	ADHFE1	between_gene	142	0.3446272037821334	2.6714568631874333e-05	5.244417574158024e-05
SNUH	cg06181518	EYA4	cg18065361	ADHFE1	between_gene	142	0.3412029983801036	3.2476782484563376e-05	6.361255668335274e-05
SNUH	cg06181518	EYA4	cg04481096	HOXA2	between_gene	142	0.35359216749687233	1.584651889831898e-05	3.1249862287009996e-05
SNUH	cg06181518	EYA4	cg19598584	HOXA2	between_gene	0			
SNUH	cg06181518	EYA4	cg09871315	HOXA2	between_gene	0			
SNUH	cg06181518	EYA4	cg13661519	HOXA2	between_gene	142	0.3557799707035547	1.3916505301813467e-05	2.7547922862239253e-05
SNUH	cg06181518	EYA4	cg02803819	HOXA2	between_gene	142	0.3588395422378042	1.1586470701306024e-05	2.3005404916063482e-05
SNUH	cg06181518	EYA4	cg03763508	HOXA2	between_gene	142	0.25626845435056406	0.0020813224533167245	0.003972326467229944
SNUH	cg06181518	EYA4	cg00188704	HOXA2	between_gene	142	0.4038361997606828	6.239387257173722e-07	1.3159710067878934e-06
SNUH	cg06181518	EYA4	cg06786372	HOXA2	between_gene	142	0.3514420850351327	1.7987081361224418e-05	3.5444331776007934e-05
SNUH	cg06181518	EYA4	cg19236679	GFRA1	between_gene	142	0.6182576787910921	2.4511987766126634e-16	1.4134164945861879e-15
SNUH	cg06181518	EYA4	cg06298519	GFRA1	between_gene	142	0.6272980839957166	6.668744661825703e-17	4.2539742842795255e-16
SNUH	cg06181518	EYA4	cg19485539	GFRA1	between_gene	142	0.6267741847603999	7.199614019080594e-17	4.537148061782915e-16
SNUH	cg06181518	EYA4	cg18672939	GFRA1	between_gene	142	0.6446370530877573	4.858910330502203e-18	3.884334432451974e-17
SNUH	cg06181518	EYA4	cg27034576	GFRA1	between_gene	142	0.6599223371773567	4.1815756906270878e-19	4.116879613904178e-18
SNUH	cg06181518	EYA4	cg18044663	GFRA1	between_gene	142	0.6087646246471539	9.199096252210734e-16	4.790507409584392e-15
SNUH	cg06181518	EYA4	cg15701178	UNC5C	between_gene	142	0.4952796678897968	3.7018788738555805e-10	9.667869851740949e-10
SNUH	cg06181518	EYA4	cg03008707	UNC5C	between_gene	142	0.5852897477110843	2.017358481064384e-14	8.544299151131458e-14
SNUH	cg06181518	EYA4	cg24870497	UNC5C	between_gene	0			
SNUH	cg06181518	EYA4	cg13265789	UNC5C	between_gene	142	0.582309808860603	2.933459238122031e-14	1.2186934955828628e-13
SNUH	cg06181518	EYA4	cg12584684	UNC5C	between_gene	142	0.5248736878943652	2.0106964017731852e-11	5.93428383736e-11
SNUH	cg06181518	EYA4	cg08327106	RALYL	between_gene	0			
SNUH	cg06181518	EYA4	cg09757712	RALYL	between_gene	0			
SNUH	cg06181518	EYA4	cg11089595	RALYL	between_gene	142	0.5273381098972949	1.5574172391926677e-11	4.675836107081323e-11
SNUH	cg06181518	EYA4	cg01134282	RALYL	between_gene	0			
SNUH	cg06181518	EYA4	cg06955749	RALYL	between_gene	142	0.6102147777305105	7.537852725932161e-16	3.981023838452835e-15
SNUH	cg06181518	EYA4	cg11666087	BEND5	between_gene	142	0.4374370011169532	5.22747518720289e-08	1.1617106272071839e-07
SNUH	cg06181518	EYA4	cg16573178	BEND5	between_gene	142	0.5108248060001133	8.299511496670901e-11	2.3060091048790605e-10
SNUH	cg06181518	EYA4	cg06744574	BEND5	between_gene	142	0.4387027416694783	4.735857757665344e-08	1.0560558025426396e-07
SNUH	cg06181518	EYA4	cg03603214	BEND5	between_gene	142	0.5145214390045076	5.751232443484541e-11	1.6380966643068958e-10
SNUH	cg14287112	EYA4	cg01328892	EYA4	within_gene	142	0.8114926727452949	1.7897039114737134e-34	6.100388601474915e-34
SNUH	cg14287112	EYA4	cg05493394	EYA4	within_gene	142	0.6738664392245454	3.9270290952232746e-20	8.5852980909364e-20
SNUH	cg14287112	EYA4	cg26449787	EYA4	within_gene	142	0.8888579206229792	2.6540303471982e-49	1.8289730870909334e-48
SNUH	cg14287112	EYA4	cg22871668	EYA4	within_gene	142	0.9730338585597801	4.5345595084295966e-91	3.593638410430455e-89
SNUH	cg14287112	EYA4	cg20980055	EYA4	within_gene	142	0.9030115823642945	3.1842636142809097e-53	2.8039210159084677e-52
SNUH	cg14287112	EYA4	cg06611358	ZNF568	between_gene	0			
SNUH	cg14287112	EYA4	cg27390819	ZNF568	between_gene	142	0.6805094815283608	1.2153877855686973e-20	1.781430748622883e-19
SNUH	cg14287112	EYA4	cg20154403	ZNF568	between_gene	142	0.689679813743344	2.2864128173432356e-21	4.085788383868837e-20
SNUH	cg14287112	EYA4	cg21761844	ZNF568	between_gene	0			
SNUH	cg14287112	EYA4	cg20680720	ZNF568	between_gene	142	0.4517289722563922	1.6736624715130666e-08	3.840444492680379e-08
SNUH	cg14287112	EYA4	cg02459604	ZNF568	between_gene	142	0.6140203817758508	4.447728672123377e-16	2.46372061689382e-15
SNUH	cg14287112	EYA4	cg03060201	ZNF568	between_gene	142	0.640131519664034	9.752248641021072e-18	7.353646446365312e-17
SNUH	cg14287112	EYA4	cg03443751	ZNF568	between_gene	142	0.5822720881156602	2.9473224882566366e-14	1.2225062594374506e-13
SNUH	cg14287112	EYA4	cg17332326	ZNF793	between_gene	142	0.46781058318367286	4.35768820310279e-09	1.0373365439685383e-08
SNUH	cg14287112	EYA4	cg11623861	ZNF793	between_gene	0			
SNUH	cg14287112	EYA4	cg14732998	ZNF793	between_gene	0			
SNUH	cg14287112	EYA4	cg07482795	ZNF793	between_gene	142	0.35367599137452305	1.5768140199003972e-05	3.1142375305981355e-05
SNUH	cg14287112	EYA4	cg13181745	ZNF793	between_gene	0			
SNUH	cg14287112	EYA4	cg24078985	ZNF793	between_gene	142	0.4433843052362681	3.275088275477037e-08	7.385224987657381e-08
SNUH	cg14287112	EYA4	cg15139588	ZNF793	between_gene	142	0.5039847775838187	1.6173675442702543e-10	4.3592065320259226e-10
SNUH	cg14287112	EYA4	cg25361907	ZNF793	between_gene	142	0.47569002768283564	2.196365590020141e-09	5.365466127680287e-09
SNUH	cg14287112	EYA4	cg20299663	SFMBT2	between_gene	142	0.6901492274581877	2.095516065036972e-21	3.7966676483899027e-20
SNUH	cg14287112	EYA4	cg20506550	SFMBT2	between_gene	0			
SNUH	cg14287112	EYA4	cg01056653	SFMBT2	between_gene	0			
SNUH	cg14287112	EYA4	cg22862480	SFMBT2	between_gene	142	0.6374072436403873	1.4778497567929428e-17	1.0740139318865704e-16
SNUH	cg14287112	EYA4	cg12767281	SFMBT2	between_gene	142	0.5884205695413368	1.3556796833716917e-14	5.92457000656071e-14
SNUH	cg14287112	EYA4	cg26878816	SFMBT2	between_gene	142	0.6726593753863758	4.843931951310143e-20	6.01800879093722e-19
SNUH	cg14287112	EYA4	cg12328063	SFMBT2	between_gene	142	0.6632124243751455	2.4204724171602646e-19	2.5847919981133424e-18
SNUH	cg14287112	EYA4	cg16818993	SFMBT2	between_gene	142	0.6487695702559354	2.5383114141394608e-18	2.136275638545114e-17
SNUH	cg14287112	EYA4	cg20295442	ADHFE1	between_gene	0			
SNUH	cg14287112	EYA4	cg19283840	ADHFE1	between_gene	0			
SNUH	cg14287112	EYA4	cg25046651	ADHFE1	between_gene	142	0.6446244795061097	4.868445225802206e-18	3.884334432451974e-17
SNUH	cg14287112	EYA4	cg01588438	ADHFE1	between_gene	142	0.6125576551108467	5.452099762830792e-16	2.963443391921987e-15
SNUH	cg14287112	EYA4	cg08090772	ADHFE1	between_gene	0			
SNUH	cg14287112	EYA4	cg09383816	ADHFE1	between_gene	142	0.5996613515342913	3.1390359488806483e-15	1.480966508251286e-14
SNUH	cg14287112	EYA4	cg20912169	ADHFE1	between_gene	142	0.6057176266945522	1.393347787529439e-15	6.977436425459321e-15
SNUH	cg14287112	EYA4	cg18065361	ADHFE1	between_gene	142	0.6119960351305872	5.893778090318954e-16	3.1639644110374797e-15
SNUH	cg14287112	EYA4	cg04481096	HOXA2	between_gene	142	0.5792041341936458	4.316058477721461e-14	1.7539870044198273e-13
SNUH	cg14287112	EYA4	cg19598584	HOXA2	between_gene	0			
SNUH	cg14287112	EYA4	cg09871315	HOXA2	between_gene	0			
SNUH	cg14287112	EYA4	cg13661519	HOXA2	between_gene	142	0.6043219591316685	1.6827156431817753e-15	8.299064485938093e-15
SNUH	cg14287112	EYA4	cg02803819	HOXA2	between_gene	142	0.6132743492647598	4.935089336141807e-16	2.7163814510535812e-15
SNUH	cg14287112	EYA4	cg03763508	HOXA2	between_gene	142	0.49729563214729533	3.0622371034119033e-10	8.061934008881591e-10
SNUH	cg14287112	EYA4	cg00188704	HOXA2	between_gene	142	0.604372253458259	1.6713387583169699e-15	8.258565947820027e-15
SNUH	cg14287112	EYA4	cg06786372	HOXA2	between_gene	142	0.5973352389294854	4.268845706513795e-15	1.9782270778498205e-14
SNUH	cg14287112	EYA4	cg19236679	GFRA1	between_gene	142	0.7149527128550204	1.6322232449639633e-23	5.6032505869881325e-22
SNUH	cg14287112	EYA4	cg06298519	GFRA1	between_gene	142	0.7072409161111589	7.796353612615104e-23	2.1871705994960007e-21
SNUH	cg14287112	EYA4	cg19485539	GFRA1	between_gene	142	0.7435659934910759	3.0431404615663444e-26	3.0536744093179204e-24
SNUH	cg14287112	EYA4	cg18672939	GFRA1	between_gene	142	0.6935189473397446	1.1152175978561355e-21	2.238155932928198e-20
SNUH	cg14287112	EYA4	cg27034576	GFRA1	between_gene	142	0.7150113895693757	1.612599120142465e-23	5.6032505869881325e-22
SNUH	cg14287112	EYA4	cg18044663	GFRA1	between_gene	142	0.761755774941271	3.5634084341586235e-28	9.296932604719848e-26
SNUH	cg14287112	EYA4	cg15701178	UNC5C	between_gene	142	0.5697529919885329	1.363665363430831e-13	5.171225193591625e-13
SNUH	cg14287112	EYA4	cg03008707	UNC5C	between_gene	142	0.645295070527315	4.38456626396684e-18	3.541589282566404e-17
SNUH	cg14287112	EYA4	cg24870497	UNC5C	between_gene	0			
SNUH	cg14287112	EYA4	cg13265789	UNC5C	between_gene	142	0.7531177243493696	3.0903192872492044e-27	4.479246122462875e-25
SNUH	cg14287112	EYA4	cg12584684	UNC5C	between_gene	142	0.6332873000538569	2.7494273441003225e-17	1.9074967931910662e-16
SNUH	cg14287112	EYA4	cg08327106	RALYL	between_gene	0			
SNUH	cg14287112	EYA4	cg09757712	RALYL	between_gene	0			
SNUH	cg14287112	EYA4	cg11089595	RALYL	between_gene	142	0.6521225253619621	1.4877494267925271e-18	1.3069152372059607e-17
SNUH	cg14287112	EYA4	cg01134282	RALYL	between_gene	0			
SNUH	cg14287112	EYA4	cg06955749	RALYL	between_gene	142	0.6108518392006556	6.904127345398985e-16	3.683613137862158e-15
SNUH	cg14287112	EYA4	cg11666087	BEND5	between_gene	142	0.5382352139918817	4.9087789331714234e-12	1.5411557444818583e-11
SNUH	cg14287112	EYA4	cg16573178	BEND5	between_gene	142	0.5549622687770726	7.68037131754514e-13	2.6932915010047407e-12
SNUH	cg14287112	EYA4	cg06744574	BEND5	between_gene	142	0.5914717586878211	9.164871406766723e-15	4.0804009386099625e-14
SNUH	cg14287112	EYA4	cg03603214	BEND5	between_gene	142	0.43473368106271915	6.446418721680104e-08	1.4277339936216802e-07
SNUH	cg01328892	EYA4	cg05493394	EYA4	within_gene	142	0.7073959902848126	7.558797769332429e-23	1.7749176984284296e-22
SNUH	cg01328892	EYA4	cg26449787	EYA4	within_gene	142	0.8059309584631731	1.1122075241562217e-33	3.67260192872419e-33
SNUH	cg01328892	EYA4	cg22871668	EYA4	within_gene	142	0.8130727528390099	1.0533332245154085e-34	3.6294199149063534e-34
SNUH	cg01328892	EYA4	cg20980055	EYA4	within_gene	142	0.7927161241515454	6.801200495645278e-32	2.177758138504599e-31
SNUH	cg01328892	EYA4	cg06611358	ZNF568	between_gene	0			
SNUH	cg01328892	EYA4	cg27390819	ZNF568	between_gene	142	0.5686548991913092	1.554993977244672e-13	5.879680125552681e-13
SNUH	cg01328892	EYA4	cg20154403	ZNF568	between_gene	142	0.663359116161034	2.3618045724445575e-19	2.546259557647872e-18
SNUH	cg01328892	EYA4	cg21761844	ZNF568	between_gene	0			
SNUH	cg01328892	EYA4	cg20680720	ZNF568	between_gene	142	0.5019143278058471	1.9736010784805707e-10	5.264954206294284e-10
SNUH	cg01328892	EYA4	cg02459604	ZNF568	between_gene	142	0.6060990253378628	1.3231060808435505e-15	6.702881096933637e-15
SNUH	cg01328892	EYA4	cg03060201	ZNF568	between_gene	142	0.6567202650511013	7.072775001353e-19	6.7101345376472646e-18
SNUH	cg01328892	EYA4	cg03443751	ZNF568	between_gene	142	0.6117403723037527	6.106210563232772e-16	3.271273790446469e-15
SNUH	cg01328892	EYA4	cg17332326	ZNF793	between_gene	142	0.49275656917251165	4.68573575463827e-10	1.205629643377835e-09
SNUH	cg01328892	EYA4	cg11623861	ZNF793	between_gene	0			
SNUH	cg01328892	EYA4	cg14732998	ZNF793	between_gene	0			
SNUH	cg01328892	EYA4	cg07482795	ZNF793	between_gene	142	0.4461840227498004	2.61983552661531e-08	5.938445602901254e-08
SNUH	cg01328892	EYA4	cg13181745	ZNF793	between_gene	0			
SNUH	cg01328892	EYA4	cg24078985	ZNF793	between_gene	142	0.47072765412591605	3.388254261523796e-09	8.132433641504678e-09
SNUH	cg01328892	EYA4	cg15139588	ZNF793	between_gene	142	0.5089932542734461	9.937359330415071e-11	2.7319884608064196e-10
SNUH	cg01328892	EYA4	cg25361907	ZNF793	between_gene	142	0.4770815040518367	1.9425448716398336e-09	4.767732427195038e-09
SNUH	cg01328892	EYA4	cg20299663	SFMBT2	between_gene	142	0.6532457653224809	1.2420818322011182e-18	1.1097916096618895e-17
SNUH	cg01328892	EYA4	cg20506550	SFMBT2	between_gene	0			
SNUH	cg01328892	EYA4	cg01056653	SFMBT2	between_gene	0			
SNUH	cg01328892	EYA4	cg22862480	SFMBT2	between_gene	142	0.5405864737599829	3.8054499710048345e-12	1.2152287606305524e-11
SNUH	cg01328892	EYA4	cg12767281	SFMBT2	between_gene	142	0.5535456452447762	9.023030817270865e-13	3.1346321441091464e-12
SNUH	cg01328892	EYA4	cg26878816	SFMBT2	between_gene	142	0.5855328369562712	1.9563472613722734e-14	8.299365861658962e-14
SNUH	cg01328892	EYA4	cg12328063	SFMBT2	between_gene	142	0.5861279864875909	1.814454433104135e-14	7.747809518770357e-14
SNUH	cg01328892	EYA4	cg16818993	SFMBT2	between_gene	142	0.6393519576018827	1.0988729319979217e-17	8.214783609119133e-17
SNUH	cg01328892	EYA4	cg20295442	ADHFE1	between_gene	0			
SNUH	cg01328892	EYA4	cg19283840	ADHFE1	between_gene	0			
SNUH	cg01328892	EYA4	cg25046651	ADHFE1	between_gene	142	0.4247209188773468	1.3792472417455733e-07	2.998713378095167e-07
SNUH	cg01328892	EYA4	cg01588438	ADHFE1	between_gene	142	0.4090500449505544	4.3215016853439975e-07	9.166502355335357e-07
SNUH	cg01328892	EYA4	cg08090772	ADHFE1	between_gene	0			
SNUH	cg01328892	EYA4	cg09383816	ADHFE1	between_gene	142	0.41218086678080684	3.455779802230103e-07	7.366118875831976e-07
SNUH	cg01328892	EYA4	cg20912169	ADHFE1	between_gene	142	0.41293528167966287	3.273431724218218e-07	7.000314236463386e-07
SNUH	cg01328892	EYA4	cg18065361	ADHFE1	between_gene	142	0.4192094989218154	2.0747166489301563e-07	4.4698065541360676e-07
SNUH	cg01328892	EYA4	cg04481096	HOXA2	between_gene	142	0.4187568499825018	2.1447747428875e-07	4.6131222623194454e-07
SNUH	cg01328892	EYA4	cg19598584	HOXA2	between_gene	0			
SNUH	cg01328892	EYA4	cg09871315	HOXA2	between_gene	0			
SNUH	cg01328892	EYA4	cg13661519	HOXA2	between_gene	142	0.4528186826658508	1.5311363057536934e-08	3.525802843522847e-08
SNUH	cg01328892	EYA4	cg02803819	HOXA2	between_gene	142	0.4516702955420367	1.6816879443943043e-08	3.855469109775694e-08
SNUH	cg01328892	EYA4	cg03763508	HOXA2	between_gene	142	0.3572049766236161	1.278108996371172e-05	2.5338802215291703e-05
SNUH	cg01328892	EYA4	cg00188704	HOXA2	between_gene	142	0.4868008826654317	8.111635855893009e-10	2.0447592220313874e-09
SNUH	cg01328892	EYA4	cg06786372	HOXA2	between_gene	142	0.4463307145356891	2.5892277946469096e-08	5.874169840203293e-08
SNUH	cg01328892	EYA4	cg19236679	GFRA1	between_gene	142	0.677651087300473	2.0207518502367457e-20	2.7316795737138186e-19
SNUH	cg01328892	EYA4	cg06298519	GFRA1	between_gene	142	0.6615652851793098	3.1852542365565524e-19	3.2717827965260017e-18
SNUH	cg01328892	EYA4	cg19485539	GFRA1	between_gene	142	0.6917418811335504	1.5569967882786106e-21	3.0314959855364884e-20
SNUH	cg01328892	EYA4	cg18672939	GFRA1	between_gene	142	0.707463049386933	7.458279186869277e-23	2.138313230609005e-21
SNUH	cg01328892	EYA4	cg27034576	GFRA1	between_gene	142	0.7239637797024672	2.456087421058453e-24	1.0335374325066941e-22
SNUH	cg01328892	EYA4	cg18044663	GFRA1	between_gene	142	0.675253724399664	3.081703949349486e-20	4.040284223041612e-19
SNUH	cg01328892	EYA4	cg15701178	UNC5C	between_gene	142	0.5776450100693433	5.231357904087421e-14	2.1127883547622417e-13
SNUH	cg01328892	EYA4	cg03008707	UNC5C	between_gene	142	0.6144269275824567	4.202233022851635e-16	2.3426551189358793e-15
SNUH	cg01328892	EYA4	cg24870497	UNC5C	between_gene	0			
SNUH	cg01328892	EYA4	cg13265789	UNC5C	between_gene	142	0.6392387953670543	1.1180486132200557e-17	8.334253805403216e-17
SNUH	cg01328892	EYA4	cg12584684	UNC5C	between_gene	142	0.633601639595047	2.6230959945211804e-17	1.8347607103768792e-16
SNUH	cg01328892	EYA4	cg08327106	RALYL	between_gene	0			
SNUH	cg01328892	EYA4	cg09757712	RALYL	between_gene	0			
SNUH	cg01328892	EYA4	cg11089595	RALYL	between_gene	142	0.6246282934925429	9.838066199619208e-17	6.053659130850593e-16
SNUH	cg01328892	EYA4	cg01134282	RALYL	between_gene	0			
SNUH	cg01328892	EYA4	cg06955749	RALYL	between_gene	142	0.6209232781003833	1.677205867744688e-16	1.0036307589325438e-15
SNUH	cg01328892	EYA4	cg11666087	BEND5	between_gene	142	0.4716706727494861	3.1219700876178674e-09	7.527929721437168e-09
SNUH	cg01328892	EYA4	cg16573178	BEND5	between_gene	142	0.542489275782653	3.0924166854499693e-12	1.005999393059722e-11
SNUH	cg01328892	EYA4	cg06744574	BEND5	between_gene	142	0.4486274887833174	2.1525100154379793e-08	4.909002299193783e-08
SNUH	cg01328892	EYA4	cg03603214	BEND5	between_gene	142	0.5087501650282591	1.0176947303141831e-10	2.791972188632706e-10
SNUH	cg05493394	EYA4	cg26449787	EYA4	within_gene	142	0.7106567391254237	3.9249085575486634e-23	9.497679486587223e-23
SNUH	cg05493394	EYA4	cg22871668	EYA4	within_gene	142	0.647101475090687	3.3028906544508397e-18	6.798807386109845e-18
SNUH	cg05493394	EYA4	cg20980055	EYA4	within_gene	142	0.6854047959831598	5.020062319554385e-21	1.1128389897193986e-20
SNUH	cg05493394	EYA4	cg06611358	ZNF568	between_gene	0			
SNUH	cg05493394	EYA4	cg27390819	ZNF568	between_gene	142	0.557850001362138	5.517269004072978e-13	1.9584428342348846e-12
SNUH	cg05493394	EYA4	cg20154403	ZNF568	between_gene	142	0.6960378548631471	6.920285494359705e-22	1.4678881995759733e-20
SNUH	cg05493394	EYA4	cg21761844	ZNF568	between_gene	0			
SNUH	cg05493394	EYA4	cg20680720	ZNF568	between_gene	142	0.5647780448499657	2.462443137756751e-13	9.087007279218335e-13
SNUH	cg05493394	EYA4	cg02459604	ZNF568	between_gene	142	0.6375874649773361	1.437949040302945e-17	1.0479354877515038e-16
SNUH	cg05493394	EYA4	cg03060201	ZNF568	between_gene	142	0.6965701364862289	6.252564419758163e-22	1.3489409982410957e-20
SNUH	cg05493394	EYA4	cg03443751	ZNF568	between_gene	142	0.6475247856728229	3.0898911418173296e-18	2.583822432372248e-17
SNUH	cg05493394	EYA4	cg17332326	ZNF793	between_gene	142	0.5493125394234174	1.453727462580045e-12	4.951403328813755e-12
SNUH	cg05493394	EYA4	cg11623861	ZNF793	between_gene	0			
SNUH	cg05493394	EYA4	cg14732998	ZNF793	between_gene	0			
SNUH	cg05493394	EYA4	cg07482795	ZNF793	between_gene	142	0.4476844701597474	2.322501493014639e-08	5.2920579871399064e-08
SNUH	cg05493394	EYA4	cg13181745	ZNF793	between_gene	0			
SNUH	cg05493394	EYA4	cg24078985	ZNF793	between_gene	142	0.5036997763998065	1.662429359263497e-10	4.4714208230087254e-10
SNUH	cg05493394	EYA4	cg15139588	ZNF793	between_gene	142	0.5652516497586921	2.328720110937786e-13	8.630157342949836e-13
SNUH	cg05493394	EYA4	cg25361907	ZNF793	between_gene	142	0.5349954211206834	6.949120186697106e-12	2.150682629548369e-11
SNUH	cg05493394	EYA4	cg20299663	SFMBT2	between_gene	142	0.6472355932949281	3.23389961581472e-18	2.678490189733525e-17
SNUH	cg05493394	EYA4	cg20506550	SFMBT2	between_gene	0			
SNUH	cg05493394	EYA4	cg01056653	SFMBT2	between_gene	0			
SNUH	cg05493394	EYA4	cg22862480	SFMBT2	between_gene	142	0.5370239589598296	5.59241593392473e-12	1.74737882294726e-11
SNUH	cg05493394	EYA4	cg12767281	SFMBT2	between_gene	142	0.6215896779277061	1.5245530894342662e-16	9.186048522711316e-16
SNUH	cg05493394	EYA4	cg26878816	SFMBT2	between_gene	142	0.6356259862403105	1.935062969925e-17	1.3756346835243393e-16
SNUH	cg05493394	EYA4	cg12328063	SFMBT2	between_gene	142	0.612339713028955	5.619527768901003e-16	3.022958340012931e-15
SNUH	cg05493394	EYA4	cg16818993	SFMBT2	between_gene	142	0.6425749856975509	6.693305113957681e-18	5.16651865157266e-17
SNUH	cg05493394	EYA4	cg20295442	ADHFE1	between_gene	0			
SNUH	cg05493394	EYA4	cg19283840	ADHFE1	between_gene	0			
SNUH	cg05493394	EYA4	cg25046651	ADHFE1	between_gene	142	0.476306133183568	2.0802689849864804e-09	5.0866183522302976e-09
SNUH	cg05493394	EYA4	cg01588438	ADHFE1	between_gene	142	0.5107954676429355	8.32356015740212e-11	2.310230686240652e-10
SNUH	cg05493394	EYA4	cg08090772	ADHFE1	between_gene	0			
SNUH	cg05493394	EYA4	cg09383816	ADHFE1	between_gene	142	0.5243791270162262	2.1159378541034738e-11	6.237832611701654e-11
SNUH	cg05493394	EYA4	cg20912169	ADHFE1	between_gene	142	0.48744632652334186	7.64715469209927e-10	1.9295383550954543e-09
SNUH	cg05493394	EYA4	cg18065361	ADHFE1	between_gene	142	0.5545221934194066	8.075210577094234e-13	2.8203780984790974e-12
SNUH	cg05493394	EYA4	cg04481096	HOXA2	between_gene	142	0.4446961489215011	2.950563654913806e-08	6.66495287936807e-08
SNUH	cg05493394	EYA4	cg19598584	HOXA2	between_gene	0			
SNUH	cg05493394	EYA4	cg09871315	HOXA2	between_gene	0			
SNUH	cg05493394	EYA4	cg13661519	HOXA2	between_gene	142	0.3798290412015315	3.1297573857990866e-06	6.399323683032772e-06
SNUH	cg05493394	EYA4	cg02803819	HOXA2	between_gene	142	0.39967015304144465	8.330307246105463e-07	1.7387017284071324e-06
SNUH	cg05493394	EYA4	cg03763508	HOXA2	between_gene	142	0.31696532415741285	0.00012140346350900557	0.00023532068075408284
SNUH	cg05493394	EYA4	cg00188704	HOXA2	between_gene	142	0.39861397218304623	8.958030785477323e-07	1.8652436009026605e-06
SNUH	cg05493394	EYA4	cg06786372	HOXA2	between_gene	142	0.40344222753572473	6.413352057989121e-07	1.3504790572472652e-06
SNUH	cg05493394	EYA4	cg19236679	GFRA1	between_gene	142	0.6357391484751389	1.9023074538039353e-17	1.3560437560039528e-16
SNUH	cg05493394	EYA4	cg06298519	GFRA1	between_gene	142	0.6342554658407221	2.378202326769199e-17	1.6769540190650918e-16
SNUH	cg05493394	EYA4	cg19485539	GFRA1	between_gene	142	0.6137060422346609	4.647073491485038e-16	2.5686895634077257e-15
SNUH	cg05493394	EYA4	cg18672939	GFRA1	between_gene	142	0.6429815315041566	6.284923726836448e-18	4.894736120392924e-17
SNUH	cg05493394	EYA4	cg27034576	GFRA1	between_gene	142	0.6996632375715385	3.452026929329589e-22	8.04137344519723e-21
SNUH	cg05493394	EYA4	cg18044663	GFRA1	between_gene	142	0.6030981305179688	1.98400737621901e-15	9.639246265466287e-15
SNUH	cg05493394	EYA4	cg15701178	UNC5C	between_gene	142	0.4936409110817262	4.3151619303317655e-10	1.1146789580431265e-09
SNUH	cg05493394	EYA4	cg03008707	UNC5C	between_gene	142	0.5571039688510471	6.011324208361822e-13	2.1280250827158743e-12
SNUH	cg05493394	EYA4	cg24870497	UNC5C	between_gene	0			
SNUH	cg05493394	EYA4	cg13265789	UNC5C	between_gene	142	0.5442034740806093	2.5623335818802663e-12	8.398402405936703e-12
SNUH	cg05493394	EYA4	cg12584684	UNC5C	between_gene	142	0.599359585574749	3.267217389582456e-15	1.5358865170127257e-14
SNUH	cg05493394	EYA4	cg08327106	RALYL	between_gene	0			
SNUH	cg05493394	EYA4	cg09757712	RALYL	between_gene	0			
SNUH	cg05493394	EYA4	cg11089595	RALYL	between_gene	142	0.47768084477703904	1.8421519860376368e-09	4.534126916577542e-09
SNUH	cg05493394	EYA4	cg01134282	RALYL	between_gene	0			
SNUH	cg05493394	EYA4	cg06955749	RALYL	between_gene	142	0.5758469878937366	6.522176020082124e-14	2.582148290803378e-13
SNUH	cg05493394	EYA4	cg11666087	BEND5	between_gene	142	0.5119061340218068	7.458553601820272e-11	2.083443934384271e-10
SNUH	cg05493394	EYA4	cg16573178	BEND5	between_gene	142	0.6073312363393275	1.1189485999817028e-15	5.7694405086013094e-15
SNUH	cg05493394	EYA4	cg06744574	BEND5	between_gene	142	0.49172134428352593	5.158623613128192e-10	1.3207898927037733e-09
SNUH	cg05493394	EYA4	cg03603214	BEND5	between_gene	142	0.5132808456152779	6.507775670845403e-11	1.8335622813429434e-10
SNUH	cg26449787	EYA4	cg22871668	EYA4	within_gene	142	0.8770387538742349	2.0467906114258487e-46	1.2015418959666558e-45
SNUH	cg26449787	EYA4	cg20980055	EYA4	within_gene	142	0.8997759806869787	2.8212677234435816e-52	2.2931842777733725e-51
SNUH	cg26449787	EYA4	cg06611358	ZNF568	between_gene	0			
SNUH	cg26449787	EYA4	cg27390819	ZNF568	between_gene	142	0.6830158154701159	7.745408939359293e-21	1.1886924660463762e-19
SNUH	cg26449787	EYA4	cg20154403	ZNF568	between_gene	142	0.7217885500774324	3.906240001425211e-24	1.5211015169728918e-22
SNUH	cg26449787	EYA4	cg21761844	ZNF568	between_gene	0			
SNUH	cg26449787	EYA4	cg20680720	ZNF568	between_gene	142	0.49111781236444113	5.455232031400181e-10	1.392632130129459e-09
SNUH	cg26449787	EYA4	cg02459604	ZNF568	between_gene	142	0.5716599852050857	1.0843758953685535e-13	4.185113477835142e-13
SNUH	cg26449787	EYA4	cg03060201	ZNF568	between_gene	142	0.6795832276803209	1.4339602357450203e-20	2.0222714892209502e-19
SNUH	cg26449787	EYA4	cg03443751	ZNF568	between_gene	142	0.625713812708119	8.403222737100652e-17	5.23246017209919e-16
SNUH	cg26449787	EYA4	cg17332326	ZNF793	between_gene	142	0.5122288559507618	7.223964531465778e-11	2.0222450067161176e-10
SNUH	cg26449787	EYA4	cg11623861	ZNF793	between_gene	0			
SNUH	cg26449787	EYA4	cg14732998	ZNF793	between_gene	0			
SNUH	cg26449787	EYA4	cg07482795	ZNF793	between_gene	142	0.3986936048668144	8.909174331644961e-07	1.8565523826886344e-06
SNUH	cg26449787	EYA4	cg13181745	ZNF793	between_gene	0			
SNUH	cg26449787	EYA4	cg24078985	ZNF793	between_gene	142	0.47765988880762633	1.845576273340595e-09	4.538273795613207e-09
SNUH	cg26449787	EYA4	cg15139588	ZNF793	between_gene	142	0.4912519305686822	5.387929312289614e-10	1.376797999585074e-09
SNUH	cg26449787	EYA4	cg25361907	ZNF793	between_gene	142	0.5020316812345581	1.9515280368938185e-10	5.211398821142244e-10
SNUH	cg26449787	EYA4	cg20299663	SFMBT2	between_gene	142	0.7431091533578797	3.3863098170564964e-26	3.2721786343334813e-24
SNUH	cg26449787	EYA4	cg20506550	SFMBT2	between_gene	0			
SNUH	cg26449787	EYA4	cg01056653	SFMBT2	between_gene	0			
SNUH	cg26449787	EYA4	cg22862480	SFMBT2	between_gene	142	0.6979993336001727	4.756223862740516e-22	1.060597269905129e-20
SNUH	cg26449787	EYA4	cg12767281	SFMBT2	between_gene	142	0.6701739974140334	7.438767092374282e-20	9.069038945796496e-19
SNUH	cg26449787	EYA4	cg26878816	SFMBT2	between_gene	142	0.700053018602614	3.2013266889118275e-22	7.524559757991854e-21
SNUH	cg26449787	EYA4	cg12328063	SFMBT2	between_gene	142	0.7053339228946062	1.138777558366357e-22	3.001081464422046e-21
SNUH	cg26449787	EYA4	cg16818993	SFMBT2	between_gene	142	0.6906521707240917	1.9082838141383554e-21	3.53100175254395e-20
SNUH	cg26449787	EYA4	cg20295442	ADHFE1	between_gene	0			
SNUH	cg26449787	EYA4	cg19283840	ADHFE1	between_gene	0			
SNUH	cg26449787	EYA4	cg25046651	ADHFE1	between_gene	142	0.6615652851793098	3.1852542365565524e-19	3.2717827965260017e-18
SNUH	cg26449787	EYA4	cg01588438	ADHFE1	between_gene	142	0.6360492968224465	1.815281802884822e-17	1.3047025409714877e-16
SNUH	cg26449787	EYA4	cg08090772	ADHFE1	between_gene	0			
SNUH	cg26449787	EYA4	cg09383816	ADHFE1	between_gene	142	0.6159399485740511	3.399367922702667e-16	1.923850522848429e-15
SNUH	cg26449787	EYA4	cg20912169	ADHFE1	between_gene	142	0.621572913152176	1.528221750029253e-16	9.186936741535302e-16
SNUH	cg26449787	EYA4	cg18065361	ADHFE1	between_gene	142	0.6268328614747555	7.138166026147447e-17	4.509316019907672e-16
SNUH	cg26449787	EYA4	cg04481096	HOXA2	between_gene	142	0.6244941752883019	1.0031134671971875e-16	6.143481304970569e-16
SNUH	cg26449787	EYA4	cg19598584	HOXA2	between_gene	0			
SNUH	cg26449787	EYA4	cg09871315	HOXA2	between_gene	0			
SNUH	cg26449787	EYA4	cg13661519	HOXA2	between_gene	142	0.5986261266453056	3.600388523811732e-15	1.6834074657033707e-14
SNUH	cg26449787	EYA4	cg02803819	HOXA2	between_gene	142	0.6284171327623531	5.659508870263697e-17	3.6279259563926256e-16
SNUH	cg26449787	EYA4	cg03763508	HOXA2	between_gene	142	0.5023669767451607	1.8897686473137413e-10	5.051645902501589e-10
SNUH	cg26449787	EYA4	cg00188704	HOXA2	between_gene	142	0.6330316372270223	2.856536907991617e-17	1.961238103407929e-16
SNUH	cg26449787	EYA4	cg06786372	HOXA2	between_gene	142	0.6180187807397877	2.535544785863153e-16	1.453898098091641e-15
SNUH	cg26449787	EYA4	cg19236679	GFRA1	between_gene	142	0.7290728450452756	8.114878923777062e-25	4.5587427698540665e-23
SNUH	cg26449787	EYA4	cg06298519	GFRA1	between_gene	142	0.7049692890268258	1.223917924753688e-22	3.1615860056261108e-21
SNUH	cg26449787	EYA4	cg19485539	GFRA1	between_gene	142	0.7365457437378324	1.533767427520774e-25	1.1350314287496781e-23
SNUH	cg26449787	EYA4	cg18672939	GFRA1	between_gene	142	0.7052375254353079	1.1607048539326997e-22	3.0282789639104135e-21
SNUH	cg26449787	EYA4	cg27034576	GFRA1	between_gene	142	0.7056608360174439	1.067392524418555e-22	2.8416603022530715e-21
SNUH	cg26449787	EYA4	cg18044663	GFRA1	between_gene	142	0.7016372898902117	2.3534002065024364e-22	5.633046916298034e-21
SNUH	cg26449787	EYA4	cg15701178	UNC5C	between_gene	142	0.6412924803694956	8.158717401527852e-18	6.205858221745237e-17
SNUH	cg26449787	EYA4	cg03008707	UNC5C	between_gene	142	0.7038460490663069	1.527258433590657e-22	3.7948735745124045e-21
SNUH	cg26449787	EYA4	cg24870497	UNC5C	between_gene	0			
SNUH	cg26449787	EYA4	cg13265789	UNC5C	between_gene	142	0.7579250237326354	9.391916353724184e-28	1.750250697633314e-25
SNUH	cg26449787	EYA4	cg12584684	UNC5C	between_gene	142	0.7243326047641301	2.2692625354783602e-24	1.0300020097131528e-22
SNUH	cg26449787	EYA4	cg08327106	RALYL	between_gene	0			
SNUH	cg26449787	EYA4	cg09757712	RALYL	between_gene	0			
SNUH	cg26449787	EYA4	cg11089595	RALYL	between_gene	142	0.687865026792207	3.1979041611604093e-21	5.599551648635911e-20
SNUH	cg26449787	EYA4	cg01134282	RALYL	between_gene	0			
SNUH	cg26449787	EYA4	cg06955749	RALYL	between_gene	142	0.6529523817507037	1.3021302408685919e-18	1.159473651339985e-17
SNUH	cg26449787	EYA4	cg11666087	BEND5	between_gene	142	0.5702056409278465	1.2916400835466892e-13	4.919545953245711e-13
SNUH	cg26449787	EYA4	cg16573178	BEND5	between_gene	142	0.5985339203798898	3.6445449075628e-15	1.7010049488070384e-14
SNUH	cg26449787	EYA4	cg06744574	BEND5	between_gene	142	0.5922638943316199	8.27353157273654e-15	3.7152571210446875e-14
SNUH	cg26449787	EYA4	cg03603214	BEND5	between_gene	142	0.4866709556550732	8.208371168194705e-10	2.0671467546158287e-09
SNUH	cg22871668	EYA4	cg20980055	EYA4	within_gene	142	0.8870640896412548	7.631862642109149e-49	5.1474477820182984e-48
SNUH	cg22871668	EYA4	cg06611358	ZNF568	between_gene	0			
SNUH	cg22871668	EYA4	cg27390819	ZNF568	between_gene	142	0.6912808498064716	1.6971350878518656e-21	3.231989375332495e-20
SNUH	cg22871668	EYA4	cg20154403	ZNF568	between_gene	142	0.6832714782969505	7.395624272466503e-21	1.1417268477434973e-19
SNUH	cg22871668	EYA4	cg21761844	ZNF568	between_gene	0			
SNUH	cg22871668	EYA4	cg20680720	ZNF568	between_gene	142	0.4388787718125447	4.671103553273556e-08	1.043399757747492e-07
SNUH	cg22871668	EYA4	cg02459604	ZNF568	between_gene	142	0.603131660069029	1.975093047626465e-15	9.613839106823594e-15
SNUH	cg22871668	EYA4	cg03060201	ZNF568	between_gene	142	0.6445364644345766	4.935702831128204e-18	3.9259904531748425e-17
SNUH	cg22871668	EYA4	cg03443751	ZNF568	between_gene	142	0.576588829210945	5.955887497833241e-14	2.383268478810878e-13
SNUH	cg22871668	EYA4	cg17332326	ZNF793	between_gene	142	0.4640259351077451	6.0189420062229605e-09	1.4147224949761895e-08
SNUH	cg22871668	EYA4	cg11623861	ZNF793	between_gene	0			
SNUH	cg22871668	EYA4	cg14732998	ZNF793	between_gene	0			
SNUH	cg22871668	EYA4	cg07482795	ZNF793	between_gene	142	0.3592586616260575	1.129759592901117e-05	2.246602727041932e-05
SNUH	cg22871668	EYA4	cg13181745	ZNF793	between_gene	0			
SNUH	cg22871668	EYA4	cg24078985	ZNF793	between_gene	142	0.44116716367240794	3.902845953069011e-08	8.755395607529708e-08
SNUH	cg22871668	EYA4	cg15139588	ZNF793	between_gene	142	0.4949779019302543	3.8080967277733173e-10	9.915493376008566e-10
SNUH	cg22871668	EYA4	cg25361907	ZNF793	between_gene	142	0.47912261547263046	1.6207082534132081e-09	4.0041930238210796e-09
SNUH	cg22871668	EYA4	cg20299663	SFMBT2	between_gene	142	0.6909916574285769	1.7912604426910624e-21	3.3621571906338e-20
SNUH	cg22871668	EYA4	cg20506550	SFMBT2	between_gene	0			
SNUH	cg22871668	EYA4	cg01056653	SFMBT2	between_gene	0			
SNUH	cg22871668	EYA4	cg22862480	SFMBT2	between_gene	142	0.632046706664627	3.308546765244348e-17	2.2190227533476876e-16
SNUH	cg22871668	EYA4	cg12767281	SFMBT2	between_gene	142	0.5942547114258232	6.389646650147519e-15	2.904283642898062e-14
SNUH	cg22871668	EYA4	cg26878816	SFMBT2	between_gene	142	0.6834558908277818	7.152959615087021e-21	1.1174893195067088e-19
SNUH	cg22871668	EYA4	cg12328063	SFMBT2	between_gene	142	0.6641680165803631	2.0624101256383955e-19	2.2608521083153674e-18
SNUH	cg22871668	EYA4	cg16818993	SFMBT2	between_gene	142	0.6456722779767431	4.1333632927133696e-18	3.369982759590369e-17
SNUH	cg22871668	EYA4	cg20295442	ADHFE1	between_gene	0			
SNUH	cg22871668	EYA4	cg19283840	ADHFE1	between_gene	0			
SNUH	cg22871668	EYA4	cg25046651	ADHFE1	between_gene	142	0.6510328149525034	1.7711464238383267e-18	1.5454585350482254e-17
SNUH	cg22871668	EYA4	cg01588438	ADHFE1	between_gene	142	0.6124277281004881	5.55131799385032e-16	2.998631189638817e-15
SNUH	cg22871668	EYA4	cg08090772	ADHFE1	between_gene	0			
SNUH	cg22871668	EYA4	cg09383816	ADHFE1	between_gene	142	0.6030562185791434	1.995205407062407e-15	9.675633656181822e-15
SNUH	cg22871668	EYA4	cg20912169	ADHFE1	between_gene	142	0.6092885238824706	8.561443713405881e-16	4.4853025398144466e-15
SNUH	cg22871668	EYA4	cg18065361	ADHFE1	between_gene	142	0.61046205816958	7.285408740055284e-16	3.871208025011045e-15
SNUH	cg22871668	EYA4	cg04481096	HOXA2	between_gene	142	0.5718905008686249	1.054643171592461e-13	4.08243922060049e-13
SNUH	cg22871668	EYA4	cg19598584	HOXA2	between_gene	0			
SNUH	cg22871668	EYA4	cg09871315	HOXA2	between_gene	0			
SNUH	cg22871668	EYA4	cg13661519	HOXA2	between_gene	142	0.6104285286185196	7.319149315708227e-16	3.873359140909283e-15
SNUH	cg22871668	EYA4	cg02803819	HOXA2	between_gene	142	0.6157806832065148	3.476276469091332e-16	1.9631180320041743e-15
SNUH	cg22871668	EYA4	cg03763508	HOXA2	between_gene	142	0.5011724864886388	2.118819914439351e-10	5.646579322545728e-10
SNUH	cg22871668	EYA4	cg00188704	HOXA2	between_gene	142	0.6124361104882532	5.544864065016965e-16	2.998631189638817e-15
SNUH	cg22871668	EYA4	cg06786372	HOXA2	between_gene	142	0.6057176266945522	1.393347787529439e-15	6.977436425459321e-15
SNUH	cg22871668	EYA4	cg19236679	GFRA1	between_gene	142	0.7151371253858518	1.5713221734036e-23	5.6032505869881325e-22
SNUH	cg22871668	EYA4	cg06298519	GFRA1	between_gene	142	0.7131546906794136	2.3610915028824115e-23	7.700109663775265e-22
SNUH	cg22871668	EYA4	cg19485539	GFRA1	between_gene	142	0.7488846185280108	8.624529596202492e-27	9.375582381871793e-25
SNUH	cg22871668	EYA4	cg18672939	GFRA1	between_gene	142	0.6991351471423394	3.822550641057018e-22	8.748275984664703e-21
SNUH	cg22871668	EYA4	cg27034576	GFRA1	between_gene	142	0.7282807094014765	9.650880842152738e-25	5.138601656566632e-23
SNUH	cg22871668	EYA4	cg18044663	GFRA1	between_gene	142	0.7554438369541756	1.742671288072597e-27	2.8416433691133786e-25
SNUH	cg22871668	EYA4	cg15701178	UNC5C	between_gene	142	0.5540108677657375	8.55875140741185e-13	2.9812793620744346e-12
SNUH	cg22871668	EYA4	cg03008707	UNC5C	between_gene	142	0.6401063725007389	9.789926526367921e-18	7.360783373859916e-17
SNUH	cg22871668	EYA4	cg24870497	UNC5C	between_gene	0			
SNUH	cg22871668	EYA4	cg13265789	UNC5C	between_gene	142	0.7290183595248025	8.212376779729441e-25	4.5587427698540665e-23
SNUH	cg22871668	EYA4	cg12584684	UNC5C	between_gene	142	0.6386059250907917	1.2314633327024741e-17	9.101665255016303e-17
SNUH	cg22871668	EYA4	cg08327106	RALYL	between_gene	0			
SNUH	cg22871668	EYA4	cg09757712	RALYL	between_gene	0			
SNUH	cg22871668	EYA4	cg11089595	RALYL	between_gene	142	0.676754171809611	2.3674686000413913e-20	3.1353936941664926e-19
SNUH	cg22871668	EYA4	cg01134282	RALYL	between_gene	0			
SNUH	cg22871668	EYA4	cg06955749	RALYL	between_gene	142	0.6060277750418596	1.335960693404664e-15	6.7418209847055476e-15
SNUH	cg22871668	EYA4	cg11666087	BEND5	between_gene	142	0.5349996123145659	6.946012696093349e-12	2.150682629548369e-11
SNUH	cg22871668	EYA4	cg16573178	BEND5	between_gene	142	0.5414624332814324	3.459352260784918e-12	1.1128791674954194e-11
SNUH	cg22871668	EYA4	cg06744574	BEND5	between_gene	142	0.5893803529404369	1.1991248449473041e-14	5.3025707126568074e-14
SNUH	cg22871668	EYA4	cg03603214	BEND5	between_gene	142	0.4428143028682436	3.426528841871311e-08	7.713385460260785e-08
SNUH	cg20980055	EYA4	cg06611358	ZNF568	between_gene	0			
SNUH	cg20980055	EYA4	cg27390819	ZNF568	between_gene	142	0.6546079033343043	9.9690759898049e-19	9.094167572517828e-18
SNUH	cg20980055	EYA4	cg20154403	ZNF568	between_gene	142	0.6735604820711205	4.1419484486519047e-20	5.297227207123931e-19
SNUH	cg20980055	EYA4	cg21761844	ZNF568	between_gene	0			
SNUH	cg20980055	EYA4	cg20680720	ZNF568	between_gene	142	0.45284802102302857	1.527465103255745e-08	3.52045623179703e-08
SNUH	cg20980055	EYA4	cg02459604	ZNF568	between_gene	142	0.6189366522000626	2.2261366649052444e-16	1.2906645686083962e-15
SNUH	cg20980055	EYA4	cg03060201	ZNF568	between_gene	142	0.6354709120666568	1.9808454311685746e-17	1.4043548179127205e-16
SNUH	cg20980055	EYA4	cg03443751	ZNF568	between_gene	142	0.5856711463543948	1.9224392402500175e-14	8.195496695771725e-14
SNUH	cg20980055	EYA4	cg17332326	ZNF793	between_gene	142	0.5103260539280917	8.717628135188626e-11	2.4170341981622873e-10
SNUH	cg20980055	EYA4	cg11623861	ZNF793	between_gene	0			
SNUH	cg20980055	EYA4	cg14732998	ZNF793	between_gene	0			
SNUH	cg20980055	EYA4	cg07482795	ZNF793	between_gene	142	0.3538310655481768	1.5624102369073465e-05	3.0881275061297474e-05
SNUH	cg20980055	EYA4	cg13181745	ZNF793	between_gene	0			
SNUH	cg20980055	EYA4	cg24078985	ZNF793	between_gene	142	0.4753840705294107	2.256314492758486e-09	5.50675819607754e-09
SNUH	cg20980055	EYA4	cg15139588	ZNF793	between_gene	142	0.4967926888813913	3.211012916959918e-10	8.411177409988379e-10
SNUH	cg20980055	EYA4	cg25361907	ZNF793	between_gene	142	0.5087082530894339	1.021881617623675e-10	2.7975751735363776e-10
SNUH	cg20980055	EYA4	cg20299663	SFMBT2	between_gene	142	0.7074001814786951	7.552476692296303e-23	2.1417838793696798e-21
SNUH	cg20980055	EYA4	cg20506550	SFMBT2	between_gene	0			
SNUH	cg20980055	EYA4	cg01056653	SFMBT2	between_gene	0			
SNUH	cg20980055	EYA4	cg22862480	SFMBT2	between_gene	142	0.6561125419381338	7.80903919859689e-19	7.302431279261393e-18
SNUH	cg20980055	EYA4	cg12767281	SFMBT2	between_gene	142	0.6358355459344373	1.8748318659550207e-17	1.3401195447333284e-16
SNUH	cg20980055	EYA4	cg26878816	SFMBT2	between_gene	142	0.6658654501027891	1.5496940528152121e-19	1.7278426426473883e-18
SNUH	cg20980055	EYA4	cg12328063	SFMBT2	between_gene	142	0.6439329325154919	5.421961870619297e-18	4.2996652037829015e-17
SNUH	cg20980055	EYA4	cg16818993	SFMBT2	between_gene	142	0.6353451762501807	2.018740720311418e-17	1.4273426935752005e-16
SNUH	cg20980055	EYA4	cg20295442	ADHFE1	between_gene	0			
SNUH	cg20980055	EYA4	cg19283840	ADHFE1	between_gene	0			
SNUH	cg20980055	EYA4	cg25046651	ADHFE1	between_gene	142	0.6312210414697679	3.7406136180387746e-17	2.4832725011356647e-16
SNUH	cg20980055	EYA4	cg01588438	ADHFE1	between_gene	142	0.6162584793091236	3.250494257190226e-16	1.8476120952089977e-15
SNUH	cg20980055	EYA4	cg08090772	ADHFE1	between_gene	0			
SNUH	cg20980055	EYA4	cg09383816	ADHFE1	between_gene	142	0.5953737601924597	5.52154920260131e-15	2.53176131275691e-14
SNUH	cg20980055	EYA4	cg20912169	ADHFE1	between_gene	142	0.6098543350566126	7.921151199964267e-16	4.175006763779145e-15
SNUH	cg20980055	EYA4	cg18065361	ADHFE1	between_gene	142	0.5987686272373117	3.533169662169992e-15	1.65494428161607e-14
SNUH	cg20980055	EYA4	cg04481096	HOXA2	between_gene	142	0.5997870873507674	3.0870844483746228e-15	1.4617428903465318e-14
SNUH	cg20980055	EYA4	cg19598584	HOXA2	between_gene	0			
SNUH	cg20980055	EYA4	cg09871315	HOXA2	between_gene	0			
SNUH	cg20980055	EYA4	cg13661519	HOXA2	between_gene	142	0.5549874159403677	7.658384374527054e-13	2.689195805267979e-12
SNUH	cg20980055	EYA4	cg02803819	HOXA2	between_gene	142	0.5874272565911763	1.538603979185296e-14	6.679230917960795e-14
SNUH	cg20980055	EYA4	cg03763508	HOXA2	between_gene	142	0.48427778394814663	1.0202477326776052e-09	2.559448398611416e-09
SNUH	cg20980055	EYA4	cg00188704	HOXA2	between_gene	142	0.5879888765714358	1.4324185325333646e-14	6.24946480163804e-14
SNUH	cg20980055	EYA4	cg06786372	HOXA2	between_gene	142	0.587142255407164	1.595380218344296e-14	6.86855938887833e-14
SNUH	cg20980055	EYA4	cg19236679	GFRA1	between_gene	142	0.6838372894710923	6.6755328041020264e-21	1.0684947905461464e-19
SNUH	cg20980055	EYA4	cg06298519	GFRA1	between_gene	142	0.6695495095255359	8.27999766282226e-20	9.86416159922524e-19
SNUH	cg20980055	EYA4	cg19485539	GFRA1	between_gene	142	0.7144832991401767	1.7978653556398272e-23	6.091728198525077e-22
SNUH	cg20980055	EYA4	cg18672939	GFRA1	between_gene	142	0.649473690828201	2.2701934342211718e-18	1.9292946807436603e-17
SNUH	cg20980055	EYA4	cg27034576	GFRA1	between_gene	142	0.6965366069351686	6.292696913804603e-22	1.3489409982410957e-20
SNUH	cg20980055	EYA4	cg18044663	GFRA1	between_gene	142	0.7041226678625541	1.4463490882065318e-22	3.661471534992338e-21
SNUH	cg20980055	EYA4	cg15701178	UNC5C	between_gene	142	0.6027083494868931	2.0905557508892263e-15	1.0087479947737549e-14
SNUH	cg20980055	EYA4	cg03008707	UNC5C	between_gene	142	0.669909952199434	7.783737027288626e-20	9.401745326016677e-19
SNUH	cg20980055	EYA4	cg24870497	UNC5C	between_gene	0			
SNUH	cg20980055	EYA4	cg13265789	UNC5C	between_gene	142	0.7386581054546293	9.479195759138836e-26	7.977813463094587e-24
SNUH	cg20980055	EYA4	cg12584684	UNC5C	between_gene	142	0.6733467311831113	4.2988766722106525e-20	5.44199161807199e-19
SNUH	cg20980055	EYA4	cg08327106	RALYL	between_gene	0			
SNUH	cg20980055	EYA4	cg09757712	RALYL	between_gene	0			
SNUH	cg20980055	EYA4	cg11089595	RALYL	between_gene	142	0.6272268336997137	6.738633561808104e-17	4.2880719421359376e-16
SNUH	cg20980055	EYA4	cg01134282	RALYL	between_gene	0			
SNUH	cg20980055	EYA4	cg06955749	RALYL	between_gene	142	0.5616975173463037	3.533091821061729e-13	1.2820356830528583e-12
SNUH	cg20980055	EYA4	cg11666087	BEND5	between_gene	142	0.5176732168041728	4.1920732361800714e-11	1.2125409172055218e-10
SNUH	cg20980055	EYA4	cg16573178	BEND5	between_gene	142	0.5239432428524428	2.2130996056617775e-11	6.50955678824304e-11
SNUH	cg20980055	EYA4	cg06744574	BEND5	between_gene	142	0.5351295393249245	6.850345739912924e-12	2.1251548199087778e-11
SNUH	cg20980055	EYA4	cg03603214	BEND5	between_gene	142	0.3914805601949744	1.4537195313173896e-06	3.014907994600214e-06
SNUH	cg06611358	ZNF568	cg27390819	ZNF568	within_gene	0			
SNUH	cg06611358	ZNF568	cg20154403	ZNF568	within_gene	0			
SNUH	cg06611358	ZNF568	cg21761844	ZNF568	within_gene	0			
SNUH	cg06611358	ZNF568	cg20680720	ZNF568	within_gene	0			
SNUH	cg06611358	ZNF568	cg02459604	ZNF568	within_gene	0			
SNUH	cg06611358	ZNF568	cg03060201	ZNF568	within_gene	0			
SNUH	cg06611358	ZNF568	cg03443751	ZNF568	within_gene	0			
SNUH	cg06611358	ZNF568	cg17332326	ZNF793	between_gene	0			
SNUH	cg06611358	ZNF568	cg11623861	ZNF793	between_gene	0			
SNUH	cg06611358	ZNF568	cg14732998	ZNF793	between_gene	0			
SNUH	cg06611358	ZNF568	cg07482795	ZNF793	between_gene	0			
SNUH	cg06611358	ZNF568	cg13181745	ZNF793	between_gene	0			
SNUH	cg06611358	ZNF568	cg24078985	ZNF793	between_gene	0			
SNUH	cg06611358	ZNF568	cg15139588	ZNF793	between_gene	0			
SNUH	cg06611358	ZNF568	cg25361907	ZNF793	between_gene	0			
SNUH	cg06611358	ZNF568	cg20299663	SFMBT2	between_gene	0			
SNUH	cg06611358	ZNF568	cg20506550	SFMBT2	between_gene	0			
SNUH	cg06611358	ZNF568	cg01056653	SFMBT2	between_gene	0			
SNUH	cg06611358	ZNF568	cg22862480	SFMBT2	between_gene	0			
SNUH	cg06611358	ZNF568	cg12767281	SFMBT2	between_gene	0			
SNUH	cg06611358	ZNF568	cg26878816	SFMBT2	between_gene	0			
SNUH	cg06611358	ZNF568	cg12328063	SFMBT2	between_gene	0			
SNUH	cg06611358	ZNF568	cg16818993	SFMBT2	between_gene	0			
SNUH	cg06611358	ZNF568	cg20295442	ADHFE1	between_gene	0			
SNUH	cg06611358	ZNF568	cg19283840	ADHFE1	between_gene	0			
SNUH	cg06611358	ZNF568	cg25046651	ADHFE1	between_gene	0			
SNUH	cg06611358	ZNF568	cg01588438	ADHFE1	between_gene	0			
SNUH	cg06611358	ZNF568	cg08090772	ADHFE1	between_gene	0			
SNUH	cg06611358	ZNF568	cg09383816	ADHFE1	between_gene	0			
SNUH	cg06611358	ZNF568	cg20912169	ADHFE1	between_gene	0			
SNUH	cg06611358	ZNF568	cg18065361	ADHFE1	between_gene	0			
SNUH	cg06611358	ZNF568	cg04481096	HOXA2	between_gene	0			
SNUH	cg06611358	ZNF568	cg19598584	HOXA2	between_gene	0			
SNUH	cg06611358	ZNF568	cg09871315	HOXA2	between_gene	0			
SNUH	cg06611358	ZNF568	cg13661519	HOXA2	between_gene	0			
SNUH	cg06611358	ZNF568	cg02803819	HOXA2	between_gene	0			
SNUH	cg06611358	ZNF568	cg03763508	HOXA2	between_gene	0			
SNUH	cg06611358	ZNF568	cg00188704	HOXA2	between_gene	0			
SNUH	cg06611358	ZNF568	cg06786372	HOXA2	between_gene	0			
SNUH	cg06611358	ZNF568	cg19236679	GFRA1	between_gene	0			
SNUH	cg06611358	ZNF568	cg06298519	GFRA1	between_gene	0			
SNUH	cg06611358	ZNF568	cg19485539	GFRA1	between_gene	0			
SNUH	cg06611358	ZNF568	cg18672939	GFRA1	between_gene	0			
SNUH	cg06611358	ZNF568	cg27034576	GFRA1	between_gene	0			
SNUH	cg06611358	ZNF568	cg18044663	GFRA1	between_gene	0			
SNUH	cg06611358	ZNF568	cg15701178	UNC5C	between_gene	0			
SNUH	cg06611358	ZNF568	cg03008707	UNC5C	between_gene	0			
SNUH	cg06611358	ZNF568	cg24870497	UNC5C	between_gene	0			
SNUH	cg06611358	ZNF568	cg13265789	UNC5C	between_gene	0			
SNUH	cg06611358	ZNF568	cg12584684	UNC5C	between_gene	0			
SNUH	cg06611358	ZNF568	cg08327106	RALYL	between_gene	0			
SNUH	cg06611358	ZNF568	cg09757712	RALYL	between_gene	0			
SNUH	cg06611358	ZNF568	cg11089595	RALYL	between_gene	0			
SNUH	cg06611358	ZNF568	cg01134282	RALYL	between_gene	0			
SNUH	cg06611358	ZNF568	cg06955749	RALYL	between_gene	0			
SNUH	cg06611358	ZNF568	cg11666087	BEND5	between_gene	0			
SNUH	cg06611358	ZNF568	cg16573178	BEND5	between_gene	0			
SNUH	cg06611358	ZNF568	cg06744574	BEND5	between_gene	0			
SNUH	cg06611358	ZNF568	cg03603214	BEND5	between_gene	0			
SNUH	cg27390819	ZNF568	cg20154403	ZNF568	within_gene	142	0.6977059500283954	5.031592804649929e-22	1.1558079123724836e-21
SNUH	cg27390819	ZNF568	cg21761844	ZNF568	within_gene	0			
SNUH	cg27390819	ZNF568	cg20680720	ZNF568	within_gene	142	0.4808116666072915	1.3938491983933111e-09	2.7789320496269158e-09
SNUH	cg27390819	ZNF568	cg02459604	ZNF568	within_gene	142	0.5061600072088535	1.3102588734831823e-10	2.628810524646638e-10
SNUH	cg27390819	ZNF568	cg03060201	ZNF568	within_gene	142	0.6317910438377925	3.4368466412783947e-17	6.939365511371026e-17
SNUH	cg27390819	ZNF568	cg03443751	ZNF568	within_gene	142	0.6422857933196561	6.99945323969307e-18	1.4315010819243248e-17
SNUH	cg27390819	ZNF568	cg17332326	ZNF793	between_gene	142	0.548436579901968	1.60318115802388e-12	5.404004704501683e-12
SNUH	cg27390819	ZNF568	cg11623861	ZNF793	between_gene	0			
SNUH	cg27390819	ZNF568	cg14732998	ZNF793	between_gene	0			
SNUH	cg27390819	ZNF568	cg07482795	ZNF793	between_gene	142	0.4714778778308895	3.174716418627065e-09	7.64804721717268e-09
SNUH	cg27390819	ZNF568	cg13181745	ZNF793	between_gene	0			
SNUH	cg27390819	ZNF568	cg24078985	ZNF793	between_gene	142	0.5398697796060697	4.113382911113053e-12	1.3087580506212142e-11
SNUH	cg27390819	ZNF568	cg15139588	ZNF793	between_gene	142	0.5564878633503147	6.451485031820981e-13	2.271514770313217e-12
SNUH	cg27390819	ZNF568	cg25361907	ZNF793	between_gene	142	0.5500627631283911	1.3365511247424096e-12	4.576196698757148e-12
SNUH	cg27390819	ZNF568	cg20299663	SFMBT2	between_gene	142	0.7358458143594494	1.7970729519392155e-25	1.267179278813355e-23
SNUH	cg27390819	ZNF568	cg20506550	SFMBT2	between_gene	0			
SNUH	cg27390819	ZNF568	cg01056653	SFMBT2	between_gene	0			
SNUH	cg27390819	ZNF568	cg22862480	SFMBT2	between_gene	142	0.668614873289731	9.715338459234435e-20	1.1417710828893082e-18
SNUH	cg27390819	ZNF568	cg12767281	SFMBT2	between_gene	142	0.5648241479826736	2.4491049154354797e-13	9.05058742828777e-13
SNUH	cg27390819	ZNF568	cg26878816	SFMBT2	between_gene	142	0.6696626717603643	8.120954835386729e-20	9.763857679964965e-19
SNUH	cg27390819	ZNF568	cg12328063	SFMBT2	between_gene	142	0.6677808257071068	1.1199586460481508e-19	1.3044518337230471e-18
SNUH	cg27390819	ZNF568	cg16818993	SFMBT2	between_gene	142	0.6622861705271056	2.8251941850660574e-19	2.9602135055571663e-18
SNUH	cg27390819	ZNF568	cg20295442	ADHFE1	between_gene	0			
SNUH	cg27390819	ZNF568	cg19283840	ADHFE1	between_gene	0			
SNUH	cg27390819	ZNF568	cg25046651	ADHFE1	between_gene	142	0.6540253273846321	1.0953615123379048e-18	9.820612321957367e-18
SNUH	cg27390819	ZNF568	cg01588438	ADHFE1	between_gene	142	0.6241127766449912	1.0600589143147154e-16	6.461901185624048e-16
SNUH	cg27390819	ZNF568	cg08090772	ADHFE1	between_gene	0			
SNUH	cg27390819	ZNF568	cg09383816	ADHFE1	between_gene	142	0.6051727714898228	1.5000307428174857e-15	7.497280091974751e-15
SNUH	cg27390819	ZNF568	cg20912169	ADHFE1	between_gene	142	0.6115140478340958	6.300478049151987e-16	3.3684318094749045e-15
SNUH	cg27390819	ZNF568	cg18065361	ADHFE1	between_gene	142	0.6336896546665801	2.5887501324070156e-17	1.8156045955510493e-16
SNUH	cg27390819	ZNF568	cg04481096	HOXA2	between_gene	142	0.618249296403327	2.4541114298487663e-16	1.4134164945861879e-15
SNUH	cg27390819	ZNF568	cg19598584	HOXA2	between_gene	0			
SNUH	cg27390819	ZNF568	cg09871315	HOXA2	between_gene	0			
SNUH	cg27390819	ZNF568	cg13661519	HOXA2	between_gene	142	0.5518188733651725	1.0969757835439722e-12	3.780726313429622e-12
SNUH	cg27390819	ZNF568	cg02803819	HOXA2	between_gene	142	0.5795561944797786	4.132044534990715e-14	1.6818259269564393e-13
SNUH	cg27390819	ZNF568	cg03763508	HOXA2	between_gene	142	0.5095716390292357	9.389026960873905e-11	2.592166279462436e-10
SNUH	cg27390819	ZNF568	cg00188704	HOXA2	between_gene	142	0.5646355442579597	2.5041180799576274e-13	9.227745862442725e-13
SNUH	cg27390819	ZNF568	cg06786372	HOXA2	between_gene	142	0.5771839787422647	5.536415345419054e-14	2.2222319440305098e-13
SNUH	cg27390819	ZNF568	cg19236679	GFRA1	between_gene	142	0.604648872254506	1.6100925926169175e-15	7.971027654909939e-15
SNUH	cg27390819	ZNF568	cg06298519	GFRA1	between_gene	142	0.585130482343548	2.058330851053653e-14	8.703703712153939e-14
SNUH	cg27390819	ZNF568	cg19485539	GFRA1	between_gene	142	0.6316653080213165	3.5017128518531607e-17	2.342556110380743e-16
SNUH	cg27390819	ZNF568	cg18672939	GFRA1	between_gene	142	0.6195988608335027	2.026096881776798e-16	1.190560082107132e-15
SNUH	cg27390819	ZNF568	cg27034576	GFRA1	between_gene	142	0.6555132012129316	8.608262197826865e-19	7.908083124693764e-18
SNUH	cg27390819	ZNF568	cg18044663	GFRA1	between_gene	142	0.5849460698127165	2.1067844167141598e-14	8.894175636257675e-14
SNUH	cg27390819	ZNF568	cg15701178	UNC5C	between_gene	142	0.5253766311602692	1.9088765554240265e-11	5.6529613315565094e-11
SNUH	cg27390819	ZNF568	cg03008707	UNC5C	between_gene	142	0.5943888296300643	6.278983965977416e-15	2.858964950651846e-14
SNUH	cg27390819	ZNF568	cg24870497	UNC5C	between_gene	0			
SNUH	cg27390819	ZNF568	cg13265789	UNC5C	between_gene	142	0.6863855353516727	4.196335254657454e-21	7.202788604869274e-20
SNUH	cg27390819	ZNF568	cg12584684	UNC5C	between_gene	142	0.6051224771632324	1.5102702744712316e-15	7.53402513593775e-15
SNUH	cg27390819	ZNF568	cg08327106	RALYL	between_gene	0			
SNUH	cg27390819	ZNF568	cg09757712	RALYL	between_gene	0			
SNUH	cg27390819	ZNF568	cg11089595	RALYL	between_gene	142	0.6631998507934979	2.425566836805361e-19	2.5847919981133424e-18
SNUH	cg27390819	ZNF568	cg01134282	RALYL	between_gene	0			
SNUH	cg27390819	ZNF568	cg06955749	RALYL	between_gene	142	0.5487467282492755	1.548634742492139e-12	5.233663268344547e-12
SNUH	cg27390819	ZNF568	cg11666087	BEND5	between_gene	142	0.5770163309869634	5.651578241609905e-14	2.2649719865376716e-13
SNUH	cg27390819	ZNF568	cg16573178	BEND5	between_gene	142	0.5291612792361968	1.2875196887982103e-11	3.896912839993654e-11
SNUH	cg27390819	ZNF568	cg06744574	BEND5	between_gene	142	0.6431240320961628	6.14761944248209e-18	4.816558295926659e-17
SNUH	cg27390819	ZNF568	cg03603214	BEND5	between_gene	142	0.4684015415211101	4.141905054472584e-09	9.886761470374174e-09
SNUH	cg20154403	ZNF568	cg21761844	ZNF568	within_gene	0			
SNUH	cg20154403	ZNF568	cg20680720	ZNF568	within_gene	142	0.780754456810795	2.1932363167528006e-30	6.497718807576054e-30
SNUH	cg20154403	ZNF568	cg02459604	ZNF568	within_gene	142	0.8114507608064696	1.8149228337729895e-34	6.120537641553593e-34
SNUH	cg20154403	ZNF568	cg03060201	ZNF568	within_gene	142	0.9379870953140358	2.778393333524779e-66	4.635529930143972e-65
SNUH	cg20154403	ZNF568	cg03443751	ZNF568	within_gene	142	0.9295795603856738	1.5157719613847282e-62	1.9219988470358353e-61
SNUH	cg20154403	ZNF568	cg17332326	ZNF793	between_gene	142	0.6458650728953397	4.010453475992764e-18	3.2800229212743323e-17
SNUH	cg20154403	ZNF568	cg11623861	ZNF793	between_gene	0			
SNUH	cg20154403	ZNF568	cg14732998	ZNF793	between_gene	0			
SNUH	cg20154403	ZNF568	cg07482795	ZNF793	between_gene	142	0.5966436919388672	4.675159137183688e-15	2.1626755654099717e-14
SNUH	cg20154403	ZNF568	cg13181745	ZNF793	between_gene	0			
SNUH	cg20154403	ZNF568	cg24078985	ZNF793	between_gene	142	0.6446873474143477	4.820952720058045e-18	3.870112506655828e-17
SNUH	cg20154403	ZNF568	cg15139588	ZNF793	between_gene	142	0.6543480493135873	1.0397054332447457e-18	9.411605267891255e-18
SNUH	cg20154403	ZNF568	cg25361907	ZNF793	between_gene	142	0.6522440699845555	1.4590304942879277e-18	1.2860170809450011e-17
SNUH	cg20154403	ZNF568	cg20299663	SFMBT2	between_gene	142	0.7097179116957362	4.744386580560007e-23	1.4913379022507297e-21
SNUH	cg20154403	ZNF568	cg20506550	SFMBT2	between_gene	0			
SNUH	cg20154403	ZNF568	cg01056653	SFMBT2	between_gene	0			
SNUH	cg20154403	ZNF568	cg22862480	SFMBT2	between_gene	142	0.6702703948733317	7.316587077788252e-20	8.961960415938756e-19
SNUH	cg20154403	ZNF568	cg12767281	SFMBT2	between_gene	142	0.7023036897175347	2.0664349009325035e-22	5.038624912647572e-21
SNUH	cg20154403	ZNF568	cg26878816	SFMBT2	between_gene	142	0.7520531611032061	4.00814284835252e-27	4.979640329215107e-25
SNUH	cg20154403	ZNF568	cg12328063	SFMBT2	between_gene	142	0.723993118059645	2.440690711412313e-24	1.0335374325066941e-22
SNUH	cg20154403	ZNF568	cg16818993	SFMBT2	between_gene	142	0.7528662527164176	3.286501271366411e-27	4.512885166839456e-25
SNUH	cg20154403	ZNF568	cg20295442	ADHFE1	between_gene	0			
SNUH	cg20154403	ZNF568	cg19283840	ADHFE1	between_gene	0			
SNUH	cg20154403	ZNF568	cg25046651	ADHFE1	between_gene	142	0.5081424419152918	1.0800608507013708e-10	2.9537513202095137e-10
SNUH	cg20154403	ZNF568	cg01588438	ADHFE1	between_gene	142	0.5416175074550862	3.4013486212132102e-12	1.0982819991021368e-11
SNUH	cg20154403	ZNF568	cg08090772	ADHFE1	between_gene	0			
SNUH	cg20154403	ZNF568	cg09383816	ADHFE1	between_gene	142	0.541915082220746	3.292674314115664e-12	1.067153700065561e-11
SNUH	cg20154403	ZNF568	cg20912169	ADHFE1	between_gene	142	0.5148315873518151	5.575825595870192e-11	1.5898720196311838e-10
SNUH	cg20154403	ZNF568	cg18065361	ADHFE1	between_gene	142	0.5633278917666092	2.919953438200905e-13	1.0684654306123647e-12
SNUH	cg20154403	ZNF568	cg04481096	HOXA2	between_gene	142	0.5476192970948739	1.7559990567828082e-12	5.881131629199418e-12
SNUH	cg20154403	ZNF568	cg19598584	HOXA2	between_gene	0			
SNUH	cg20154403	ZNF568	cg09871315	HOXA2	between_gene	0			
SNUH	cg20154403	ZNF568	cg13661519	HOXA2	between_gene	142	0.42806968278949104	1.0723859937351806e-07	2.3471938403146697e-07
SNUH	cg20154403	ZNF568	cg02803819	HOXA2	between_gene	142	0.4395787011909278	4.421928237531578e-08	9.89434886082323e-08
SNUH	cg20154403	ZNF568	cg03763508	HOXA2	between_gene	142	0.3988444878465856	8.817299348593537e-07	1.8388756195428088e-06
SNUH	cg20154403	ZNF568	cg00188704	HOXA2	between_gene	142	0.4723119254135137	2.9525346892277917e-09	7.125960225897602e-09
SNUH	cg20154403	ZNF568	cg06786372	HOXA2	between_gene	142	0.4895670706279037	6.294795633007327e-10	1.5975799422681048e-09
SNUH	cg20154403	ZNF568	cg19236679	GFRA1	between_gene	142	0.808860602987064	4.28052409122413e-34	1.1167887354003756e-30
SNUH	cg20154403	ZNF568	cg06298519	GFRA1	between_gene	142	0.7673929307132783	8.277410005122958e-29	3.013198883556443e-26
SNUH	cg20154403	ZNF568	cg19485539	GFRA1	between_gene	142	0.7753603902839744	9.787936721905013e-30	6.3687770177762e-27
SNUH	cg20154403	ZNF568	cg18672939	GFRA1	between_gene	142	0.7942668658880826	4.263358188487387e-32	5.561550756881796e-29
SNUH	cg20154403	ZNF568	cg27034576	GFRA1	between_gene	142	0.774752667171007	1.1554420219305566e-29	6.3687770177762e-27
SNUH	cg20154403	ZNF568	cg18044663	GFRA1	between_gene	142	0.7364535374724168	1.5661606529317136e-25	1.1350314287496781e-23
SNUH	cg20154403	ZNF568	cg15701178	UNC5C	between_gene	142	0.6291925036306217	5.049296081320265e-17	3.2770182776528785e-16
SNUH	cg20154403	ZNF568	cg03008707	UNC5C	between_gene	142	0.6321514865116903	3.2573255904834013e-17	2.195959293429249e-16
SNUH	cg20154403	ZNF568	cg24870497	UNC5C	between_gene	0			
SNUH	cg20154403	ZNF568	cg13265789	UNC5C	between_gene	142	0.6846587634720688	5.750632588675309e-21	9.479348608366098e-20
SNUH	cg20154403	ZNF568	cg12584684	UNC5C	between_gene	142	0.612410963324958	5.564247821015133e-16	2.9994054886422485e-15
SNUH	cg20154403	ZNF568	cg08327106	RALYL	between_gene	0			
SNUH	cg20154403	ZNF568	cg09757712	RALYL	between_gene	0			
SNUH	cg20154403	ZNF568	cg11089595	RALYL	between_gene	142	0.6970772709460153	5.67524482011301e-22	1.2442616584600708e-20
SNUH	cg20154403	ZNF568	cg01134282	RALYL	between_gene	0			
SNUH	cg20154403	ZNF568	cg06955749	RALYL	between_gene	142	0.6837283184301466	6.80866510251751e-21	1.078230590092684e-19
SNUH	cg20154403	ZNF568	cg11666087	BEND5	between_gene	142	0.5348696853042074	7.042974008142656e-12	2.1771468231331977e-11
SNUH	cg20154403	ZNF568	cg16573178	BEND5	between_gene	142	0.5417348608837971	3.358082033084862e-12	1.0870019881288343e-11
SNUH	cg20154403	ZNF568	cg06744574	BEND5	between_gene	142	0.6036262209471679	1.848051326406247e-15	9.061406011703855e-15
SNUH	cg20154403	ZNF568	cg03603214	BEND5	between_gene	142	0.5677370277310344	1.7347211684130836e-13	6.502711966077206e-13
SNUH	cg21761844	ZNF568	cg20680720	ZNF568	within_gene	0			
SNUH	cg21761844	ZNF568	cg02459604	ZNF568	within_gene	0			
SNUH	cg21761844	ZNF568	cg03060201	ZNF568	within_gene	0			
SNUH	cg21761844	ZNF568	cg03443751	ZNF568	within_gene	0			
SNUH	cg21761844	ZNF568	cg17332326	ZNF793	between_gene	0			
SNUH	cg21761844	ZNF568	cg11623861	ZNF793	between_gene	0			
SNUH	cg21761844	ZNF568	cg14732998	ZNF793	between_gene	0			
SNUH	cg21761844	ZNF568	cg07482795	ZNF793	between_gene	0			
SNUH	cg21761844	ZNF568	cg13181745	ZNF793	between_gene	0			
SNUH	cg21761844	ZNF568	cg24078985	ZNF793	between_gene	0			
SNUH	cg21761844	ZNF568	cg15139588	ZNF793	between_gene	0			
SNUH	cg21761844	ZNF568	cg25361907	ZNF793	between_gene	0			
SNUH	cg21761844	ZNF568	cg20299663	SFMBT2	between_gene	0			
SNUH	cg21761844	ZNF568	cg20506550	SFMBT2	between_gene	0			
SNUH	cg21761844	ZNF568	cg01056653	SFMBT2	between_gene	0			
SNUH	cg21761844	ZNF568	cg22862480	SFMBT2	between_gene	0			
SNUH	cg21761844	ZNF568	cg12767281	SFMBT2	between_gene	0			
SNUH	cg21761844	ZNF568	cg26878816	SFMBT2	between_gene	0			
SNUH	cg21761844	ZNF568	cg12328063	SFMBT2	between_gene	0			
SNUH	cg21761844	ZNF568	cg16818993	SFMBT2	between_gene	0			
SNUH	cg21761844	ZNF568	cg20295442	ADHFE1	between_gene	0			
SNUH	cg21761844	ZNF568	cg19283840	ADHFE1	between_gene	0			
SNUH	cg21761844	ZNF568	cg25046651	ADHFE1	between_gene	0			
SNUH	cg21761844	ZNF568	cg01588438	ADHFE1	between_gene	0			
SNUH	cg21761844	ZNF568	cg08090772	ADHFE1	between_gene	0			
SNUH	cg21761844	ZNF568	cg09383816	ADHFE1	between_gene	0			
SNUH	cg21761844	ZNF568	cg20912169	ADHFE1	between_gene	0			
SNUH	cg21761844	ZNF568	cg18065361	ADHFE1	between_gene	0			
SNUH	cg21761844	ZNF568	cg04481096	HOXA2	between_gene	0			
SNUH	cg21761844	ZNF568	cg19598584	HOXA2	between_gene	0			
SNUH	cg21761844	ZNF568	cg09871315	HOXA2	between_gene	0			
SNUH	cg21761844	ZNF568	cg13661519	HOXA2	between_gene	0			
SNUH	cg21761844	ZNF568	cg02803819	HOXA2	between_gene	0			
SNUH	cg21761844	ZNF568	cg03763508	HOXA2	between_gene	0			
SNUH	cg21761844	ZNF568	cg00188704	HOXA2	between_gene	0			
SNUH	cg21761844	ZNF568	cg06786372	HOXA2	between_gene	0			
SNUH	cg21761844	ZNF568	cg19236679	GFRA1	between_gene	0			
SNUH	cg21761844	ZNF568	cg06298519	GFRA1	between_gene	0			
SNUH	cg21761844	ZNF568	cg19485539	GFRA1	between_gene	0			
SNUH	cg21761844	ZNF568	cg18672939	GFRA1	between_gene	0			
SNUH	cg21761844	ZNF568	cg27034576	GFRA1	between_gene	0			
SNUH	cg21761844	ZNF568	cg18044663	GFRA1	between_gene	0			
SNUH	cg21761844	ZNF568	cg15701178	UNC5C	between_gene	0			
SNUH	cg21761844	ZNF568	cg03008707	UNC5C	between_gene	0			
SNUH	cg21761844	ZNF568	cg24870497	UNC5C	between_gene	0			
SNUH	cg21761844	ZNF568	cg13265789	UNC5C	between_gene	0			
SNUH	cg21761844	ZNF568	cg12584684	UNC5C	between_gene	0			
SNUH	cg21761844	ZNF568	cg08327106	RALYL	between_gene	0			
SNUH	cg21761844	ZNF568	cg09757712	RALYL	between_gene	0			
SNUH	cg21761844	ZNF568	cg11089595	RALYL	between_gene	0			
SNUH	cg21761844	ZNF568	cg01134282	RALYL	between_gene	0			
SNUH	cg21761844	ZNF568	cg06955749	RALYL	between_gene	0			
SNUH	cg21761844	ZNF568	cg11666087	BEND5	between_gene	0			
SNUH	cg21761844	ZNF568	cg16573178	BEND5	between_gene	0			
SNUH	cg21761844	ZNF568	cg06744574	BEND5	between_gene	0			
SNUH	cg21761844	ZNF568	cg03603214	BEND5	between_gene	0			
SNUH	cg20680720	ZNF568	cg02459604	ZNF568	within_gene	142	0.7703351488188168	3.80059375077398e-29	1.0853947918877042e-28
SNUH	cg20680720	ZNF568	cg03060201	ZNF568	within_gene	142	0.833831736139198	6.014802289099138e-38	2.5088056916374036e-37
SNUH	cg20680720	ZNF568	cg03443751	ZNF568	within_gene	142	0.7755573763964534	9.274411118519337e-30	2.6972369950189263e-29
SNUH	cg20680720	ZNF568	cg17332326	ZNF793	between_gene	142	0.5487634930248056	1.5457381678417224e-12	5.2306496496745185e-12
SNUH	cg20680720	ZNF568	cg11623861	ZNF793	between_gene	0			
SNUH	cg20680720	ZNF568	cg14732998	ZNF793	between_gene	0			
SNUH	cg20680720	ZNF568	cg07482795	ZNF793	between_gene	142	0.5847490837002374	2.1597672006920245e-14	9.103122175453136e-14
SNUH	cg20680720	ZNF568	cg13181745	ZNF793	between_gene	0			
SNUH	cg20680720	ZNF568	cg24078985	ZNF793	between_gene	142	0.5758511790876191	6.518834195809709e-14	2.582148290803378e-13
SNUH	cg20680720	ZNF568	cg15139588	ZNF793	between_gene	142	0.571198953878007	1.14630529000562e-13	4.404581003865483e-13
SNUH	cg20680720	ZNF568	cg25361907	ZNF793	between_gene	142	0.5626279623882261	3.1693399813450514e-13	1.1548614540962624e-12
SNUH	cg20680720	ZNF568	cg20299663	SFMBT2	between_gene	142	0.5398111028917142	4.1396373474956844e-12	1.3155071668229282e-11
SNUH	cg20680720	ZNF568	cg20506550	SFMBT2	between_gene	0			
SNUH	cg20680720	ZNF568	cg01056653	SFMBT2	between_gene	0			
SNUH	cg20680720	ZNF568	cg22862480	SFMBT2	between_gene	142	0.5033225689503784	1.7239391090350876e-10	4.62732215583595e-10
SNUH	cg20680720	ZNF568	cg12767281	SFMBT2	between_gene	142	0.5695015203555809	1.405350539829497e-13	5.321566848207776e-13
SNUH	cg20680720	ZNF568	cg26878816	SFMBT2	between_gene	142	0.5798621516332035	3.978342504396798e-14	1.6243342087591933e-13
SNUH	cg20680720	ZNF568	cg12328063	SFMBT2	between_gene	142	0.5842251844649208	2.3070659493752806e-14	9.692649053011445e-14
SNUH	cg20680720	ZNF568	cg16818993	SFMBT2	between_gene	142	0.6082449166057198	9.87727109671543e-16	5.1130556133592375e-15
SNUH	cg20680720	ZNF568	cg20295442	ADHFE1	between_gene	0			
SNUH	cg20680720	ZNF568	cg19283840	ADHFE1	between_gene	0			
SNUH	cg20680720	ZNF568	cg25046651	ADHFE1	between_gene	142	0.3119275091106078	0.0001575083070343738	0.0003043993874464305
SNUH	cg20680720	ZNF568	cg01588438	ADHFE1	between_gene	142	0.33511738486266507	4.5697913453183515e-05	8.924091032885912e-05
SNUH	cg20680720	ZNF568	cg08090772	ADHFE1	between_gene	0			
SNUH	cg20680720	ZNF568	cg09383816	ADHFE1	between_gene	142	0.3611279340976674	1.0090048797320041e-05	2.0110723691526348e-05
SNUH	cg20680720	ZNF568	cg20912169	ADHFE1	between_gene	142	0.3302639823466914	5.970118431754371e-05	0.00011623909692871009
SNUH	cg20680720	ZNF568	cg18065361	ADHFE1	between_gene	142	0.3787183748226602	3.361968026618064e-06	6.857994199723635e-06
SNUH	cg20680720	ZNF568	cg04481096	HOXA2	between_gene	142	0.2985785565947388	0.0003071277926881314	0.0005922368153165815
SNUH	cg20680720	ZNF568	cg19598584	HOXA2	between_gene	0			
SNUH	cg20680720	ZNF568	cg09871315	HOXA2	between_gene	0			
SNUH	cg20680720	ZNF568	cg13661519	HOXA2	between_gene	142	0.22446148397601798	0.007242510105559487	0.013752335418780716
SNUH	cg20680720	ZNF568	cg02803819	HOXA2	between_gene	142	0.22336339117879422	0.007540019807922581	0.01430684485736001
SNUH	cg20680720	ZNF568	cg03763508	HOXA2	between_gene	142	0.19692114897389096	0.018829287820080077	0.035598269509122406
SNUH	cg20680720	ZNF568	cg00188704	HOXA2	between_gene	142	0.22879936964444011	0.006166595033565003	0.011717877962542676
SNUH	cg20680720	ZNF568	cg06786372	HOXA2	between_gene	142	0.25793654951581235	0.0019409813041317203	0.0037071890354902328
SNUH	cg20680720	ZNF568	cg19236679	GFRA1	between_gene	142	0.5760439740062157	6.366896966775577e-14	2.5360662879874016e-13
SNUH	cg20680720	ZNF568	cg06298519	GFRA1	between_gene	142	0.572779033971722	9.472759024677096e-14	3.6997647148776263e-13
SNUH	cg20680720	ZNF568	cg19485539	GFRA1	between_gene	142	0.5453518612044234	2.2577129280362466e-12	7.475092676708842e-12
SNUH	cg20680720	ZNF568	cg18672939	GFRA1	between_gene	142	0.6330567843903175	2.845823586571275e-17	1.961238103407929e-16
SNUH	cg20680720	ZNF568	cg27034576	GFRA1	between_gene	142	0.5715971172968477	1.0926252122449275e-13	4.2107225683116923e-13
SNUH	cg20680720	ZNF568	cg18044663	GFRA1	between_gene	142	0.5305359908296677	1.1145670530383281e-11	3.385221701253781e-11
SNUH	cg20680720	ZNF568	cg15701178	UNC5C	between_gene	142	0.47314178180225536	2.746372860066249e-09	6.646833758731766e-09
SNUH	cg20680720	ZNF568	cg03008707	UNC5C	between_gene	142	0.5064617731683959	1.2723870600052279e-10	3.4651960746906465e-10
SNUH	cg20680720	ZNF568	cg24870497	UNC5C	between_gene	0			
SNUH	cg20680720	ZNF568	cg13265789	UNC5C	between_gene	142	0.45058058513257804	1.837625701408235e-08	4.2018978571201446e-08
SNUH	cg20680720	ZNF568	cg12584684	UNC5C	between_gene	142	0.43024072122064333	9.096258733751599e-08	2.0027121549669133e-07
SNUH	cg20680720	ZNF568	cg08327106	RALYL	between_gene	0			
SNUH	cg20680720	ZNF568	cg09757712	RALYL	between_gene	0			
SNUH	cg20680720	ZNF568	cg11089595	RALYL	between_gene	142	0.5280254656940303	1.4497810621248261e-11	4.357694459773815e-11
SNUH	cg20680720	ZNF568	cg01134282	RALYL	between_gene	0			
SNUH	cg20680720	ZNF568	cg06955749	RALYL	between_gene	142	0.5520368154470642	1.0703241466112313e-12	3.69375092395331e-12
SNUH	cg20680720	ZNF568	cg11666087	BEND5	between_gene	142	0.41898736564604117	2.1088191405559848e-07	4.5395289915103666e-07
SNUH	cg20680720	ZNF568	cg16573178	BEND5	between_gene	142	0.4314100643138702	8.320520849902614e-08	1.8350159676581505e-07
SNUH	cg20680720	ZNF568	cg06744574	BEND5	between_gene	142	0.4002653025727644	7.995285815775913e-07	1.6724179212097255e-06
SNUH	cg20680720	ZNF568	cg03603214	BEND5	between_gene	142	0.5535079244998334	9.061728577975615e-13	3.1438896090343592e-12
SNUH	cg02459604	ZNF568	cg03060201	ZNF568	within_gene	142	0.8414597090054089	2.971297021385328e-39	1.3081960496932625e-38
SNUH	cg02459604	ZNF568	cg03443751	ZNF568	within_gene	142	0.7921670777529334	8.016511790378458e-32	2.5412342375499713e-31
SNUH	cg02459604	ZNF568	cg17332326	ZNF793	between_gene	142	0.5871171082438689	1.6004866432921986e-14	6.879192178499747e-14
SNUH	cg02459604	ZNF568	cg11623861	ZNF793	between_gene	0			
SNUH	cg02459604	ZNF568	cg14732998	ZNF793	between_gene	0			
SNUH	cg02459604	ZNF568	cg07482795	ZNF793	between_gene	142	0.5492412891274144	1.4653606064360876e-12	4.980362614723054e-12
SNUH	cg02459604	ZNF568	cg13181745	ZNF793	between_gene	0			
SNUH	cg02459604	ZNF568	cg24078985	ZNF793	between_gene	142	0.5642499544207665	2.6203506655147767e-13	9.628866037081764e-13
SNUH	cg02459604	ZNF568	cg15139588	ZNF793	between_gene	142	0.619112682343129	2.1711574743869229e-16	1.2615923943597956e-15
SNUH	cg02459604	ZNF568	cg25361907	ZNF793	between_gene	142	0.5796358271635467	4.091492874942673e-14	1.6679226423008489e-13
SNUH	cg02459604	ZNF568	cg20299663	SFMBT2	between_gene	142	0.5705032156935065	1.246319087820104e-13	4.760829429169328e-13
SNUH	cg02459604	ZNF568	cg20506550	SFMBT2	between_gene	0			
SNUH	cg02459604	ZNF568	cg01056653	SFMBT2	between_gene	0			
SNUH	cg02459604	ZNF568	cg22862480	SFMBT2	between_gene	142	0.474285977732187	2.484728230244216e-09	6.030377630425265e-09
SNUH	cg02459604	ZNF568	cg12767281	SFMBT2	between_gene	142	0.5760733123633933	6.344080021634578e-14	2.5308417089364856e-13
SNUH	cg02459604	ZNF568	cg26878816	SFMBT2	between_gene	142	0.6037351919881139	1.821148463976975e-15	8.947978046169355e-15
SNUH	cg02459604	ZNF568	cg12328063	SFMBT2	between_gene	142	0.5617058997340688	3.529640551505411e-13	1.2820356830528583e-12
SNUH	cg02459604	ZNF568	cg16818993	SFMBT2	between_gene	142	0.5916142592798272	8.997910015587543e-15	4.026680485534803e-14
SNUH	cg02459604	ZNF568	cg20295442	ADHFE1	between_gene	0			
SNUH	cg02459604	ZNF568	cg19283840	ADHFE1	between_gene	0			
SNUH	cg02459604	ZNF568	cg25046651	ADHFE1	between_gene	142	0.37508460972650365	4.2412398100788235e-06	8.584479956939993e-06
SNUH	cg02459604	ZNF568	cg01588438	ADHFE1	between_gene	142	0.4125706478118825	3.3603885140569e-07	7.17451197477451e-07
SNUH	cg02459604	ZNF568	cg08090772	ADHFE1	between_gene	0			
SNUH	cg02459604	ZNF568	cg09383816	ADHFE1	between_gene	142	0.4448051199624469	2.925040906705331e-08	6.618761253767744e-08
SNUH	cg02459604	ZNF568	cg20912169	ADHFE1	between_gene	142	0.4219086277821669	1.700261222722232e-07	3.684370041596597e-07
SNUH	cg02459604	ZNF568	cg18065361	ADHFE1	between_gene	142	0.4278014463810089	1.0943316398418489e-07	2.393219822587916e-07
SNUH	cg02459604	ZNF568	cg04481096	HOXA2	between_gene	142	0.4057138546200579	5.470290534568254e-07	1.155626559084095e-06
SNUH	cg02459604	ZNF568	cg19598584	HOXA2	between_gene	0			
SNUH	cg02459604	ZNF568	cg09871315	HOXA2	between_gene	0			
SNUH	cg02459604	ZNF568	cg13661519	HOXA2	between_gene	142	0.3003430492192854	0.0002816915855744439	0.0005435897535234646
SNUH	cg02459604	ZNF568	cg02803819	HOXA2	between_gene	142	0.2889681490220897	0.0004871444996080805	0.0009372861353078776
SNUH	cg02459604	ZNF568	cg03763508	HOXA2	between_gene	142	0.2697138043257312	0.0011704893927809213	0.002240503907384757
SNUH	cg02459604	ZNF568	cg00188704	HOXA2	between_gene	142	0.3338139235651972	4.912067792287496e-05	9.585328997814567e-05
SNUH	cg02459604	ZNF568	cg06786372	HOXA2	between_gene	142	0.3481268506740488	2.1828627547026295e-05	4.288470577574669e-05
SNUH	cg02459604	ZNF568	cg19236679	GFRA1	between_gene	142	0.64277197181003	6.492294922066559e-18	5.036026013778791e-17
SNUH	cg02459604	ZNF568	cg06298519	GFRA1	between_gene	142	0.6919472496337945	1.4982779356857594e-21	2.9391031084241696e-20
SNUH	cg02459604	ZNF568	cg19485539	GFRA1	between_gene	142	0.6661672160623314	1.4726299610159723e-19	1.663243103156135e-18
SNUH	cg02459604	ZNF568	cg18672939	GFRA1	between_gene	142	0.6744280592048048	3.560531305989126e-20	4.644713088662815e-19
SNUH	cg02459604	ZNF568	cg27034576	GFRA1	between_gene	142	0.6586691702064792	5.140421324710394e-19	4.9856354037804524e-18
SNUH	cg02459604	ZNF568	cg18044663	GFRA1	between_gene	142	0.6971024181093106	5.648017425778046e-22	1.2442616584600708e-20
SNUH	cg02459604	ZNF568	cg15701178	UNC5C	between_gene	142	0.4931798797546475	4.504673014146748e-10	1.1601867614914972e-09
SNUH	cg02459604	ZNF568	cg03008707	UNC5C	between_gene	142	0.49926130207820346	2.542101100113355e-10	6.733341898675882e-10
SNUH	cg02459604	ZNF568	cg24870497	UNC5C	between_gene	0			
SNUH	cg02459604	ZNF568	cg13265789	UNC5C	between_gene	142	0.5256071468238085	1.863895171224182e-11	5.534712345518201e-11
SNUH	cg02459604	ZNF568	cg12584684	UNC5C	between_gene	142	0.49245061201908674	4.820955917716856e-10	1.2367624374949142e-09
SNUH	cg02459604	ZNF568	cg08327106	RALYL	between_gene	0			
SNUH	cg02459604	ZNF568	cg09757712	RALYL	between_gene	0			
SNUH	cg02459604	ZNF568	cg11089595	RALYL	between_gene	142	0.5677831308637423	1.7252311212680665e-13	6.479673974245556e-13
SNUH	cg02459604	ZNF568	cg01134282	RALYL	between_gene	0			
SNUH	cg02459604	ZNF568	cg06955749	RALYL	between_gene	142	0.5855370281501537	1.955311249124437e-14	8.299365861658962e-14
SNUH	cg02459604	ZNF568	cg11666087	BEND5	between_gene	142	0.4099218132781214	4.0616242899211857e-07	8.629297860264148e-07
SNUH	cg02459604	ZNF568	cg16573178	BEND5	between_gene	142	0.4097248271656423	4.1190084402914145e-07	8.744095216208543e-07
SNUH	cg02459604	ZNF568	cg06744574	BEND5	between_gene	142	0.4527767707270255	1.5363955891586864e-08	3.5347937320238206e-08
SNUH	cg02459604	ZNF568	cg03603214	BEND5	between_gene	142	0.4883055212692612	7.068509564073162e-10	1.786990450839814e-09
SNUH	cg03060201	ZNF568	cg03443751	ZNF568	within_gene	142	0.9176891433409264	5.5119684356369986e-58	5.460293731552902e-57
SNUH	cg03060201	ZNF568	cg17332326	ZNF793	between_gene	142	0.6677221489927514	1.1311971471902827e-19	1.3116859364530877e-18
SNUH	cg03060201	ZNF568	cg11623861	ZNF793	between_gene	0			
SNUH	cg03060201	ZNF568	cg14732998	ZNF793	between_gene	0			
SNUH	cg03060201	ZNF568	cg07482795	ZNF793	between_gene	142	0.620575409008133	1.7627120113525329e-16	1.0499807391823648e-15
SNUH	cg03060201	ZNF568	cg13181745	ZNF793	between_gene	0			
SNUH	cg03060201	ZNF568	cg24078985	ZNF793	between_gene	142	0.669243552372111	8.725400023414059e-20	1.0347531209585127e-18
SNUH	cg03060201	ZNF568	cg15139588	ZNF793	between_gene	142	0.6778732205762474	1.9428680532985937e-20	2.6400743495083497e-19
SNUH	cg03060201	ZNF568	cg25361907	ZNF793	between_gene	142	0.6806938940591923	1.1759367105924011e-20	1.7431925442815766e-19
SNUH	cg03060201	ZNF568	cg20299663	SFMBT2	between_gene	142	0.6820518408771331	9.21579668909955e-21	1.3940268758776183e-19
SNUH	cg03060201	ZNF568	cg20506550	SFMBT2	between_gene	0			
SNUH	cg03060201	ZNF568	cg01056653	SFMBT2	between_gene	0			
SNUH	cg03060201	ZNF568	cg22862480	SFMBT2	between_gene	142	0.6415481431963302	7.843579278661491e-18	6.001143207632794e-17
SNUH	cg03060201	ZNF568	cg12767281	SFMBT2	between_gene	142	0.7218849475367307	3.827093742825232e-24	1.5128617537925803e-22
SNUH	cg03060201	ZNF568	cg26878816	SFMBT2	between_gene	142	0.7271574694409576	1.2327285313806687e-24	6.306252428180715e-23
SNUH	cg03060201	ZNF568	cg12328063	SFMBT2	between_gene	142	0.6707775293331183	6.705417544820846e-20	8.252091686055465e-19
SNUH	cg03060201	ZNF568	cg16818993	SFMBT2	between_gene	142	0.7512442606838772	4.879527468610695e-27	5.786675984366047e-25
SNUH	cg03060201	ZNF568	cg20295442	ADHFE1	between_gene	0			
SNUH	cg03060201	ZNF568	cg19283840	ADHFE1	between_gene	0			
SNUH	cg03060201	ZNF568	cg25046651	ADHFE1	between_gene	142	0.47517870202916657	2.2974351135374232e-09	5.5966463223334615e-09
SNUH	cg03060201	ZNF568	cg01588438	ADHFE1	between_gene	142	0.5099153169276034	9.07718812951319e-11	2.5087271006249904e-10
SNUH	cg03060201	ZNF568	cg08090772	ADHFE1	between_gene	0			
SNUH	cg03060201	ZNF568	cg09383816	ADHFE1	between_gene	142	0.5201292564193374	3.2691271855296e-11	9.519143780186077e-11
SNUH	cg03060201	ZNF568	cg20912169	ADHFE1	between_gene	142	0.4951581232672033	3.7443124066689055e-10	9.768911068999174e-10
SNUH	cg03060201	ZNF568	cg18065361	ADHFE1	between_gene	142	0.5423383928028819	3.143864311829037e-12	1.0201917897465121e-11
SNUH	cg03060201	ZNF568	cg04481096	HOXA2	between_gene	142	0.5164451969965905	4.7435623296726824e-11	1.3659993507854335e-10
SNUH	cg03060201	ZNF568	cg19598584	HOXA2	between_gene	0			
SNUH	cg03060201	ZNF568	cg09871315	HOXA2	between_gene	0			
SNUH	cg03060201	ZNF568	cg13661519	HOXA2	between_gene	142	0.3892550362433492	1.6868705619107833e-06	3.492893092083519e-06
SNUH	cg03060201	ZNF568	cg02803819	HOXA2	between_gene	142	0.40342546276019453	6.420856436384387e-07	1.3509689066553923e-06
SNUH	cg03060201	ZNF568	cg03763508	HOXA2	between_gene	142	0.38085169250886963	2.929475571428629e-06	5.99921645671687e-06
SNUH	cg03060201	ZNF568	cg00188704	HOXA2	between_gene	142	0.426372249267065	1.218699523715694e-07	2.6585176065002054e-07
SNUH	cg03060201	ZNF568	cg06786372	HOXA2	between_gene	142	0.45176250180745237	1.6690930185878708e-08	3.8333307090631644e-08
SNUH	cg03060201	ZNF568	cg19236679	GFRA1	between_gene	142	0.7669738113250252	9.239398646397679e-29	3.013198883556443e-26
SNUH	cg03060201	ZNF568	cg06298519	GFRA1	between_gene	142	0.7421451787648972	4.2395858695391244e-26	3.950385547724134e-24
SNUH	cg03060201	ZNF568	cg19485539	GFRA1	between_gene	142	0.752107646623679	3.955275205866483e-27	4.979640329215107e-25
SNUH	cg03060201	ZNF568	cg18672939	GFRA1	between_gene	142	0.7694927188484276	4.755035403367291e-29	2.0676478945642106e-26
SNUH	cg03060201	ZNF568	cg27034576	GFRA1	between_gene	142	0.7609175361647642	4.412028249631955e-28	1.046452882117252e-25
SNUH	cg03060201	ZNF568	cg18044663	GFRA1	between_gene	142	0.7233434830078523	2.804815616761394e-24	1.1434006162703871e-22
SNUH	cg03060201	ZNF568	cg15701178	UNC5C	between_gene	142	0.5983159782979981	3.751021120391805e-15	1.747573946982539e-14
SNUH	cg03060201	ZNF568	cg03008707	UNC5C	between_gene	142	0.6180774574541432	2.514569811682638e-16	1.445046836713657e-15
SNUH	cg03060201	ZNF568	cg24870497	UNC5C	between_gene	0			
SNUH	cg03060201	ZNF568	cg13265789	UNC5C	between_gene	142	0.6035843090083426	1.8585013208098267e-15	9.080205891372356e-15
SNUH	cg03060201	ZNF568	cg12584684	UNC5C	between_gene	142	0.6036136473655204	1.851180300589557e-15	9.061406011703855e-15
SNUH	cg03060201	ZNF568	cg08327106	RALYL	between_gene	0			
SNUH	cg03060201	ZNF568	cg09757712	RALYL	between_gene	0			
SNUH	cg03060201	ZNF568	cg11089595	RALYL	between_gene	142	0.6637027940594019	2.2297418800139845e-19	2.4340571401491573e-18
SNUH	cg03060201	ZNF568	cg01134282	RALYL	between_gene	0			
SNUH	cg03060201	ZNF568	cg06955749	RALYL	between_gene	142	0.6495491323180864	2.2431627838001127e-18	1.91255284409624e-17
SNUH	cg03060201	ZNF568	cg11666087	BEND5	between_gene	142	0.49136928399739316	5.329697450634822e-10	1.3632530047751223e-09
SNUH	cg03060201	ZNF568	cg16573178	BEND5	between_gene	142	0.5129329765230276	6.736644398668675e-11	1.8919166023817624e-10
SNUH	cg03060201	ZNF568	cg06744574	BEND5	between_gene	142	0.525602955629926	1.8647037760484853e-11	5.534712345518201e-11
SNUH	cg03060201	ZNF568	cg03603214	BEND5	between_gene	142	0.5607628811104988	3.9391801227944036e-13	1.425425927929348e-12
SNUH	cg03443751	ZNF568	cg17332326	ZNF793	between_gene	142	0.6204748203549522	1.7882189606036804e-16	1.0579281787335607e-15
SNUH	cg03443751	ZNF568	cg11623861	ZNF793	between_gene	0			
SNUH	cg03443751	ZNF568	cg14732998	ZNF793	between_gene	0			
SNUH	cg03443751	ZNF568	cg07482795	ZNF793	between_gene	142	0.6086640359939732	9.326713383988382e-16	4.837653125015047e-15
SNUH	cg03443751	ZNF568	cg13181745	ZNF793	between_gene	0			
SNUH	cg03443751	ZNF568	cg24078985	ZNF793	between_gene	142	0.647918757897781	2.9037393157218227e-18	2.4359665192020052e-17
SNUH	cg03443751	ZNF568	cg15139588	ZNF793	between_gene	142	0.6247707940845489	9.636901953764049e-17	5.943895318527283e-16
SNUH	cg03443751	ZNF568	cg25361907	ZNF793	between_gene	142	0.6404751975624017	9.251286014772499e-18	6.996117452910566e-17
SNUH	cg03443751	ZNF568	cg20299663	SFMBT2	between_gene	142	0.6596541007688745	4.370861969717209e-19	4.287059728944436e-18
SNUH	cg03443751	ZNF568	cg20506550	SFMBT2	between_gene	0			
SNUH	cg03443751	ZNF568	cg01056653	SFMBT2	between_gene	0			
SNUH	cg03443751	ZNF568	cg22862480	SFMBT2	between_gene	142	0.6093974949234164	8.434329402625998e-16	4.427598674336263e-15
SNUH	cg03443751	ZNF568	cg12767281	SFMBT2	between_gene	142	0.6765236561460716	2.4655847101862947e-20	3.248843691351537e-19
SNUH	cg03443751	ZNF568	cg26878816	SFMBT2	between_gene	142	0.6776049841677652	2.0372948029966424e-20	2.7398464644423918e-19
SNUH	cg03443751	ZNF568	cg12328063	SFMBT2	between_gene	142	0.6326041354510039	3.044799600237059e-17	2.0633460148099965e-16
SNUH	cg03443751	ZNF568	cg16818993	SFMBT2	between_gene	142	0.6880410569352734	3.095839576933787e-21	5.457463146094763e-20
SNUH	cg03443751	ZNF568	cg20295442	ADHFE1	between_gene	0			
SNUH	cg03443751	ZNF568	cg19283840	ADHFE1	between_gene	0			
SNUH	cg03443751	ZNF568	cg25046651	ADHFE1	between_gene	142	0.45412633515720124	1.375466518210356e-08	3.1870267726561446e-08
SNUH	cg03443751	ZNF568	cg01588438	ADHFE1	between_gene	142	0.47064383024826545	3.4129548273854067e-09	8.176675063956406e-09
SNUH	cg03443751	ZNF568	cg08090772	ADHFE1	between_gene	0			
SNUH	cg03443751	ZNF568	cg09383816	ADHFE1	between_gene	142	0.4764444425816916	2.055031336860392e-09	5.029621724079515e-09
SNUH	cg03443751	ZNF568	cg20912169	ADHFE1	between_gene	142	0.4291132900662419	9.909450065457998e-08	2.1762420219511714e-07
SNUH	cg03443751	ZNF568	cg18065361	ADHFE1	between_gene	142	0.48407660664178503	1.03899194170413e-09	2.6039673159520417e-09
SNUH	cg03443751	ZNF568	cg04481096	HOXA2	between_gene	142	0.49432826687846165	4.0468391530931913e-10	1.0495231958668127e-09
SNUH	cg03443751	ZNF568	cg19598584	HOXA2	between_gene	0			
SNUH	cg03443751	ZNF568	cg09871315	HOXA2	between_gene	0			
SNUH	cg03443751	ZNF568	cg13661519	HOXA2	between_gene	142	0.3565343856024108	1.330405419306404e-05	2.6355563697573334e-05
SNUH	cg03443751	ZNF568	cg02803819	HOXA2	between_gene	142	0.3673644305948771	6.884349677126587e-06	1.3805740436297667e-05
SNUH	cg03443751	ZNF568	cg03763508	HOXA2	between_gene	142	0.3405114513894856	3.3774120989792694e-05	6.610403725609087e-05
SNUH	cg03443751	ZNF568	cg00188704	HOXA2	between_gene	142	0.4030105345658238	6.609279520290132e-07	1.3894931723156288e-06
SNUH	cg03443751	ZNF568	cg06786372	HOXA2	between_gene	142	0.41248263274034935	3.3817061547912654e-07	7.214122124162233e-07
SNUH	cg03443751	ZNF568	cg19236679	GFRA1	between_gene	142	0.7245421644582568	2.1693904895763416e-24	1.0107035334472634e-22
SNUH	cg03443751	ZNF568	cg06298519	GFRA1	between_gene	142	0.6944200540244893	9.40737679585496e-22	1.902623725611286e-20
SNUH	cg03443751	ZNF568	cg19485539	GFRA1	between_gene	142	0.6956690298014842	7.423376762282684e-22	1.5593154024590087e-20
SNUH	cg03443751	ZNF568	cg18672939	GFRA1	between_gene	142	0.7278406340438105	1.0623744356787729e-24	5.543469805371837e-23
SNUH	cg03443751	ZNF568	cg27034576	GFRA1	between_gene	142	0.7266000406545807	1.3913137449586196e-24	6.848938793579318e-23
SNUH	cg03443751	ZNF568	cg18044663	GFRA1	between_gene	142	0.6611922689237644	3.3887879852307185e-19	3.426879012971684e-18
SNUH	cg03443751	ZNF568	cg15701178	UNC5C	between_gene	142	0.5873099031624653	1.5617402402465482e-14	6.757181238479676e-14
SNUH	cg03443751	ZNF568	cg03008707	UNC5C	between_gene	142	0.6011534165564733	2.573857123051674e-15	1.2321455475306086e-14
SNUH	cg03443751	ZNF568	cg24870497	UNC5C	between_gene	0			
SNUH	cg03443751	ZNF568	cg13265789	UNC5C	between_gene	142	0.6128342739070938	5.246583157664741e-16	2.875700726543552e-15
SNUH	cg03443751	ZNF568	cg12584684	UNC5C	between_gene	142	0.583998859995264	2.3736805193686717e-14	9.956483078830971e-14
SNUH	cg03443751	ZNF568	cg08327106	RALYL	between_gene	0			
SNUH	cg03443751	ZNF568	cg09757712	RALYL	between_gene	0			
SNUH	cg03443751	ZNF568	cg11089595	RALYL	between_gene	142	0.6504125182578884	1.955335769278407e-18	1.6892288152474715e-17
SNUH	cg03443751	ZNF568	cg01134282	RALYL	between_gene	0			
SNUH	cg03443751	ZNF568	cg06955749	RALYL	between_gene	142	0.6699392905566115	7.74464801920183e-20	9.398040317254686e-19
SNUH	cg03443751	ZNF568	cg11666087	BEND5	between_gene	142	0.5130796683089162	6.639199666251192e-11	1.8685730236514952e-10
SNUH	cg03443751	ZNF568	cg16573178	BEND5	between_gene	142	0.5207747002772475	3.061306057576008e-11	8.923963691861234e-11
SNUH	cg03443751	ZNF568	cg06744574	BEND5	between_gene	142	0.5681058527926973	1.6601990803330664e-13	6.259334393914696e-13
SNUH	cg03443751	ZNF568	cg03603214	BEND5	between_gene	142	0.5977711230932687	4.030636545680328e-15	1.8711620547473266e-14
SNUH	cg17332326	ZNF793	cg11623861	ZNF793	within_gene	0			
SNUH	cg17332326	ZNF793	cg14732998	ZNF793	within_gene	0			
SNUH	cg17332326	ZNF793	cg07482795	ZNF793	within_gene	142	0.840487352024661	4.3980953824501004e-39	1.884048967887408e-38
SNUH	cg17332326	ZNF793	cg13181745	ZNF793	within_gene	0			
SNUH	cg17332326	ZNF793	cg24078985	ZNF793	within_gene	142	0.9201870948949162	6.963685406837228e-59	7.358294246558004e-58
SNUH	cg17332326	ZNF793	cg15139588	ZNF793	within_gene	142	0.9223707069077162	1.079081314729507e-59	1.1795475061008748e-58
SNUH	cg17332326	ZNF793	cg25361907	ZNF793	within_gene	142	0.9418765232370268	3.418550450265323e-68	6.374591133730043e-67
SNUH	cg17332326	ZNF793	cg20299663	SFMBT2	between_gene	142	0.5263783264981946	1.720750947395689e-11	5.136658148461501e-11
SNUH	cg17332326	ZNF793	cg20506550	SFMBT2	between_gene	0			
SNUH	cg17332326	ZNF793	cg01056653	SFMBT2	between_gene	0			
SNUH	cg17332326	ZNF793	cg22862480	SFMBT2	between_gene	142	0.45842230888679797	9.64032430099917e-09	2.24567911618811e-08
SNUH	cg17332326	ZNF793	cg12767281	SFMBT2	between_gene	142	0.5210345542979645	2.981300057586816e-11	8.700460682599557e-11
SNUH	cg17332326	ZNF793	cg26878816	SFMBT2	between_gene	142	0.5177444671001759	4.162056614517135e-11	1.2051948620727199e-10
SNUH	cg17332326	ZNF793	cg12328063	SFMBT2	between_gene	142	0.516746962956133	4.601871890905413e-11	1.3266611893228977e-10
SNUH	cg17332326	ZNF793	cg16818993	SFMBT2	between_gene	142	0.5215081592066909	2.8406583950293144e-11	8.317932382302448e-11
SNUH	cg17332326	ZNF793	cg20295442	ADHFE1	between_gene	0			
SNUH	cg17332326	ZNF793	cg19283840	ADHFE1	between_gene	0			
SNUH	cg17332326	ZNF793	cg25046651	ADHFE1	between_gene	142	0.38704208587337147	1.9536709714891254e-06	4.038928339631638e-06
SNUH	cg17332326	ZNF793	cg01588438	ADHFE1	between_gene	142	0.4208817852809463	1.834385529740656e-07	3.965129947881832e-07
SNUH	cg17332326	ZNF793	cg08090772	ADHFE1	between_gene	0			
SNUH	cg17332326	ZNF793	cg09383816	ADHFE1	between_gene	142	0.42617107196070336	1.2372562552542004e-07	2.694492128512695e-07
SNUH	cg17332326	ZNF793	cg20912169	ADHFE1	between_gene	142	0.4222355409050045	1.659565876202338e-07	3.5991748719965916e-07
SNUH	cg17332326	ZNF793	cg18065361	ADHFE1	between_gene	142	0.43540427208392457	6.120855943751892e-08	1.3567810668860398e-07
SNUH	cg17332326	ZNF793	cg04481096	HOXA2	between_gene	142	0.42187509823110664	1.7044886517236287e-07	3.690465470827342e-07
SNUH	cg17332326	ZNF793	cg19598584	HOXA2	between_gene	0			
SNUH	cg17332326	ZNF793	cg09871315	HOXA2	between_gene	0			
SNUH	cg17332326	ZNF793	cg13661519	HOXA2	between_gene	142	0.370105471394054	5.8048240370815385e-06	1.1685791599340845e-05
SNUH	cg17332326	ZNF793	cg02803819	HOXA2	between_gene	142	0.3869624531896034	1.963982118619633e-06	4.057030362215853e-06
SNUH	cg17332326	ZNF793	cg03763508	HOXA2	between_gene	142	0.31510024287968547	0.00013376008857886564	0.0002590794885688645
SNUH	cg17332326	ZNF793	cg00188704	HOXA2	between_gene	142	0.38734385183291387	1.915062053470136e-06	3.962249720462795e-06
SNUH	cg17332326	ZNF793	cg06786372	HOXA2	between_gene	142	0.3723519513150919	5.041667538596441e-06	1.0173016711676809e-05
SNUH	cg17332326	ZNF793	cg19236679	GFRA1	between_gene	142	0.5490694501782306	1.493789886292043e-12	5.068007559604604e-12
SNUH	cg17332326	ZNF793	cg06298519	GFRA1	between_gene	142	0.5478498127584134	1.7115213904590379e-12	5.746923175942895e-12
SNUH	cg17332326	ZNF793	cg19485539	GFRA1	between_gene	142	0.5258795744261733	1.812057988448934e-11	5.390717550585255e-11
SNUH	cg17332326	ZNF793	cg18672939	GFRA1	between_gene	142	0.5130293739823257	6.672454680206068e-11	1.8759088642950035e-10
SNUH	cg17332326	ZNF793	cg27034576	GFRA1	between_gene	142	0.5287212038785308	1.3481843857908517e-11	4.066373482691713e-11
SNUH	cg17332326	ZNF793	cg18044663	GFRA1	between_gene	142	0.540226031086085	3.9574128618292444e-12	1.2622115105761001e-11
SNUH	cg17332326	ZNF793	cg15701178	UNC5C	between_gene	142	0.4604047435932363	8.16844604875196e-09	1.9096304427593067e-08
SNUH	cg17332326	ZNF793	cg03008707	UNC5C	between_gene	142	0.4997139510175171	2.435022709092054e-10	6.462842571740762e-10
SNUH	cg17332326	ZNF793	cg24870497	UNC5C	between_gene	0			
SNUH	cg17332326	ZNF793	cg13265789	UNC5C	between_gene	142	0.4120970429031562	3.4766291692947077e-07	7.404510614440729e-07
SNUH	cg17332326	ZNF793	cg12584684	UNC5C	between_gene	142	0.48153255195508715	1.3066420214717248e-09	3.2559971671630657e-09
SNUH	cg17332326	ZNF793	cg08327106	RALYL	between_gene	0			
SNUH	cg17332326	ZNF793	cg09757712	RALYL	between_gene	0			
SNUH	cg17332326	ZNF793	cg11089595	RALYL	between_gene	142	0.5064282436173356	1.276542201605648e-10	3.472886969748838e-10
SNUH	cg17332326	ZNF793	cg01134282	RALYL	between_gene	0			
SNUH	cg17332326	ZNF793	cg06955749	RALYL	between_gene	142	0.44078995622298	4.020540336149896e-08	9.00393968842496e-08
SNUH	cg17332326	ZNF793	cg11666087	BEND5	between_gene	142	0.37446431303188876	4.411594913793109e-06	8.922365217121101e-06
SNUH	cg17332326	ZNF793	cg16573178	BEND5	between_gene	142	0.3853236963815328	2.188015702296829e-06	4.5091097687933866e-06
SNUH	cg17332326	ZNF793	cg06744574	BEND5	between_gene	142	0.36109859574048964	1.0108021603763699e-05	2.0131166690243888e-05
SNUH	cg17332326	ZNF793	cg03603214	BEND5	between_gene	142	0.4070885662135288	4.965465339414218e-07	1.051534015465235e-06
SNUH	cg11623861	ZNF793	cg14732998	ZNF793	within_gene	0			
SNUH	cg11623861	ZNF793	cg07482795	ZNF793	within_gene	0			
SNUH	cg11623861	ZNF793	cg13181745	ZNF793	within_gene	0			
SNUH	cg11623861	ZNF793	cg24078985	ZNF793	within_gene	0			
SNUH	cg11623861	ZNF793	cg15139588	ZNF793	within_gene	0			
SNUH	cg11623861	ZNF793	cg25361907	ZNF793	within_gene	0			
SNUH	cg11623861	ZNF793	cg20299663	SFMBT2	between_gene	0			
SNUH	cg11623861	ZNF793	cg20506550	SFMBT2	between_gene	0			
SNUH	cg11623861	ZNF793	cg01056653	SFMBT2	between_gene	0			
SNUH	cg11623861	ZNF793	cg22862480	SFMBT2	between_gene	0			
SNUH	cg11623861	ZNF793	cg12767281	SFMBT2	between_gene	0			
SNUH	cg11623861	ZNF793	cg26878816	SFMBT2	between_gene	0			
SNUH	cg11623861	ZNF793	cg12328063	SFMBT2	between_gene	0			
SNUH	cg11623861	ZNF793	cg16818993	SFMBT2	between_gene	0			
SNUH	cg11623861	ZNF793	cg20295442	ADHFE1	between_gene	0			
SNUH	cg11623861	ZNF793	cg19283840	ADHFE1	between_gene	0			
SNUH	cg11623861	ZNF793	cg25046651	ADHFE1	between_gene	0			
SNUH	cg11623861	ZNF793	cg01588438	ADHFE1	between_gene	0			
SNUH	cg11623861	ZNF793	cg08090772	ADHFE1	between_gene	0			
SNUH	cg11623861	ZNF793	cg09383816	ADHFE1	between_gene	0			
SNUH	cg11623861	ZNF793	cg20912169	ADHFE1	between_gene	0			
SNUH	cg11623861	ZNF793	cg18065361	ADHFE1	between_gene	0			
SNUH	cg11623861	ZNF793	cg04481096	HOXA2	between_gene	0			
SNUH	cg11623861	ZNF793	cg19598584	HOXA2	between_gene	0			
SNUH	cg11623861	ZNF793	cg09871315	HOXA2	between_gene	0			
SNUH	cg11623861	ZNF793	cg13661519	HOXA2	between_gene	0			
SNUH	cg11623861	ZNF793	cg02803819	HOXA2	between_gene	0			
SNUH	cg11623861	ZNF793	cg03763508	HOXA2	between_gene	0			
SNUH	cg11623861	ZNF793	cg00188704	HOXA2	between_gene	0			
SNUH	cg11623861	ZNF793	cg06786372	HOXA2	between_gene	0			
SNUH	cg11623861	ZNF793	cg19236679	GFRA1	between_gene	0			
SNUH	cg11623861	ZNF793	cg06298519	GFRA1	between_gene	0			
SNUH	cg11623861	ZNF793	cg19485539	GFRA1	between_gene	0			
SNUH	cg11623861	ZNF793	cg18672939	GFRA1	between_gene	0			
SNUH	cg11623861	ZNF793	cg27034576	GFRA1	between_gene	0			
SNUH	cg11623861	ZNF793	cg18044663	GFRA1	between_gene	0			
SNUH	cg11623861	ZNF793	cg15701178	UNC5C	between_gene	0			
SNUH	cg11623861	ZNF793	cg03008707	UNC5C	between_gene	0			
SNUH	cg11623861	ZNF793	cg24870497	UNC5C	between_gene	0			
SNUH	cg11623861	ZNF793	cg13265789	UNC5C	between_gene	0			
SNUH	cg11623861	ZNF793	cg12584684	UNC5C	between_gene	0			
SNUH	cg11623861	ZNF793	cg08327106	RALYL	between_gene	0			
SNUH	cg11623861	ZNF793	cg09757712	RALYL	between_gene	0			
SNUH	cg11623861	ZNF793	cg11089595	RALYL	between_gene	0			
SNUH	cg11623861	ZNF793	cg01134282	RALYL	between_gene	0			
SNUH	cg11623861	ZNF793	cg06955749	RALYL	between_gene	0			
SNUH	cg11623861	ZNF793	cg11666087	BEND5	between_gene	0			
SNUH	cg11623861	ZNF793	cg16573178	BEND5	between_gene	0			
SNUH	cg11623861	ZNF793	cg06744574	BEND5	between_gene	0			
SNUH	cg11623861	ZNF793	cg03603214	BEND5	between_gene	0			
SNUH	cg14732998	ZNF793	cg07482795	ZNF793	within_gene	0			
SNUH	cg14732998	ZNF793	cg13181745	ZNF793	within_gene	0			
SNUH	cg14732998	ZNF793	cg24078985	ZNF793	within_gene	0			
SNUH	cg14732998	ZNF793	cg15139588	ZNF793	within_gene	0			
SNUH	cg14732998	ZNF793	cg25361907	ZNF793	within_gene	0			
SNUH	cg14732998	ZNF793	cg20299663	SFMBT2	between_gene	0			
SNUH	cg14732998	ZNF793	cg20506550	SFMBT2	between_gene	0			
SNUH	cg14732998	ZNF793	cg01056653	SFMBT2	between_gene	0			
SNUH	cg14732998	ZNF793	cg22862480	SFMBT2	between_gene	0			
SNUH	cg14732998	ZNF793	cg12767281	SFMBT2	between_gene	0			
SNUH	cg14732998	ZNF793	cg26878816	SFMBT2	between_gene	0			
SNUH	cg14732998	ZNF793	cg12328063	SFMBT2	between_gene	0			
SNUH	cg14732998	ZNF793	cg16818993	SFMBT2	between_gene	0			
SNUH	cg14732998	ZNF793	cg20295442	ADHFE1	between_gene	0			
SNUH	cg14732998	ZNF793	cg19283840	ADHFE1	between_gene	0			
SNUH	cg14732998	ZNF793	cg25046651	ADHFE1	between_gene	0			
SNUH	cg14732998	ZNF793	cg01588438	ADHFE1	between_gene	0			
SNUH	cg14732998	ZNF793	cg08090772	ADHFE1	between_gene	0			
SNUH	cg14732998	ZNF793	cg09383816	ADHFE1	between_gene	0			
SNUH	cg14732998	ZNF793	cg20912169	ADHFE1	between_gene	0			
SNUH	cg14732998	ZNF793	cg18065361	ADHFE1	between_gene	0			
SNUH	cg14732998	ZNF793	cg04481096	HOXA2	between_gene	0			
SNUH	cg14732998	ZNF793	cg19598584	HOXA2	between_gene	0			
SNUH	cg14732998	ZNF793	cg09871315	HOXA2	between_gene	0			
SNUH	cg14732998	ZNF793	cg13661519	HOXA2	between_gene	0			
SNUH	cg14732998	ZNF793	cg02803819	HOXA2	between_gene	0			
SNUH	cg14732998	ZNF793	cg03763508	HOXA2	between_gene	0			
SNUH	cg14732998	ZNF793	cg00188704	HOXA2	between_gene	0			
SNUH	cg14732998	ZNF793	cg06786372	HOXA2	between_gene	0			
SNUH	cg14732998	ZNF793	cg19236679	GFRA1	between_gene	0			
SNUH	cg14732998	ZNF793	cg06298519	GFRA1	between_gene	0			
SNUH	cg14732998	ZNF793	cg19485539	GFRA1	between_gene	0			
SNUH	cg14732998	ZNF793	cg18672939	GFRA1	between_gene	0			
SNUH	cg14732998	ZNF793	cg27034576	GFRA1	between_gene	0			
SNUH	cg14732998	ZNF793	cg18044663	GFRA1	between_gene	0			
SNUH	cg14732998	ZNF793	cg15701178	UNC5C	between_gene	0			
SNUH	cg14732998	ZNF793	cg03008707	UNC5C	between_gene	0			
SNUH	cg14732998	ZNF793	cg24870497	UNC5C	between_gene	0			
SNUH	cg14732998	ZNF793	cg13265789	UNC5C	between_gene	0			
SNUH	cg14732998	ZNF793	cg12584684	UNC5C	between_gene	0			
SNUH	cg14732998	ZNF793	cg08327106	RALYL	between_gene	0			
SNUH	cg14732998	ZNF793	cg09757712	RALYL	between_gene	0			
SNUH	cg14732998	ZNF793	cg11089595	RALYL	between_gene	0			
SNUH	cg14732998	ZNF793	cg01134282	RALYL	between_gene	0			
SNUH	cg14732998	ZNF793	cg06955749	RALYL	between_gene	0			
SNUH	cg14732998	ZNF793	cg11666087	BEND5	between_gene	0			
SNUH	cg14732998	ZNF793	cg16573178	BEND5	between_gene	0			
SNUH	cg14732998	ZNF793	cg06744574	BEND5	between_gene	0			
SNUH	cg14732998	ZNF793	cg03603214	BEND5	between_gene	0			
SNUH	cg07482795	ZNF793	cg13181745	ZNF793	within_gene	0			
SNUH	cg07482795	ZNF793	cg24078985	ZNF793	within_gene	142	0.8648675268393579	9.742407795821155e-44	5.418146089956678e-43
SNUH	cg07482795	ZNF793	cg15139588	ZNF793	within_gene	142	0.8164005607817414	3.3922544418154015e-35	1.2504007651807932e-34
SNUH	cg07482795	ZNF793	cg25361907	ZNF793	within_gene	142	0.8316900360652234	1.361798840116194e-37	5.534490157908122e-37
SNUH	cg07482795	ZNF793	cg20299663	SFMBT2	between_gene	142	0.44567269709613133	2.7292636524564008e-08	6.181118810120441e-08
SNUH	cg07482795	ZNF793	cg20506550	SFMBT2	between_gene	0			
SNUH	cg07482795	ZNF793	cg01056653	SFMBT2	between_gene	0			
SNUH	cg07482795	ZNF793	cg22862480	SFMBT2	between_gene	142	0.3791374942109135	3.2724844131841684e-06	6.680682186226522e-06
SNUH	cg07482795	ZNF793	cg12767281	SFMBT2	between_gene	142	0.4529192713190316	1.518584499986278e-08	3.5030830773335095e-08
SNUH	cg07482795	ZNF793	cg26878816	SFMBT2	between_gene	142	0.44473386966644385	2.941704767009464e-08	6.65069994551793e-08
SNUH	cg07482795	ZNF793	cg12328063	SFMBT2	between_gene	142	0.48005306051455293	1.4916708368658645e-09	3.6958871921966197e-09
SNUH	cg07482795	ZNF793	cg16818993	SFMBT2	between_gene	142	0.46558505923204757	5.271611990791464e-09	1.2458003336933814e-08
SNUH	cg07482795	ZNF793	cg20295442	ADHFE1	between_gene	0			
SNUH	cg07482795	ZNF793	cg19283840	ADHFE1	between_gene	0			
SNUH	cg07482795	ZNF793	cg25046651	ADHFE1	between_gene	142	0.20933965644783747	0.01240920901849093	0.023477611551300098
SNUH	cg07482795	ZNF793	cg01588438	ADHFE1	between_gene	142	0.24267222139562566	0.0036161427998308475	0.006881485459342583
SNUH	cg07482795	ZNF793	cg08090772	ADHFE1	between_gene	0			
SNUH	cg07482795	ZNF793	cg09383816	ADHFE1	between_gene	142	0.2529616023772452	0.0023870795082226353	0.004552551489000626
SNUH	cg07482795	ZNF793	cg20912169	ADHFE1	between_gene	142	0.2479195961365575	0.002932020807548667	0.005587759157702317
SNUH	cg07482795	ZNF793	cg18065361	ADHFE1	between_gene	142	0.27972237531722105	0.0007479408207947775	0.0014348364716570401
SNUH	cg07482795	ZNF793	cg04481096	HOXA2	between_gene	142	0.2789428132550698	0.0007749593910821448	0.0014855760847415989
SNUH	cg07482795	ZNF793	cg19598584	HOXA2	between_gene	0			
SNUH	cg07482795	ZNF793	cg09871315	HOXA2	between_gene	0			
SNUH	cg07482795	ZNF793	cg13661519	HOXA2	between_gene	142	0.2202451429301894	0.008444786697574215	0.016011953847362738
SNUH	cg07482795	ZNF793	cg02803819	HOXA2	between_gene	142	0.213673350922377	0.010671819971835155	0.020205209220985426
SNUH	cg07482795	ZNF793	cg03763508	HOXA2	between_gene	142	0.19669063331035164	0.018971580210866472	0.03584131265036251
SNUH	cg07482795	ZNF793	cg00188704	HOXA2	between_gene	142	0.24413494806062983	0.0034122950539648518	0.006498304960433795
SNUH	cg07482795	ZNF793	cg06786372	HOXA2	between_gene	142	0.21889557850001365	0.00886527393493635	0.01679702229211978
SNUH	cg07482795	ZNF793	cg19236679	GFRA1	between_gene	142	0.49838534255675404	2.7623807190818506e-10	7.309382653229765e-10
SNUH	cg07482795	ZNF793	cg06298519	GFRA1	between_gene	142	0.467018447539874	4.663961936541247e-09	1.1052022427280757e-08
SNUH	cg07482795	ZNF793	cg19485539	GFRA1	between_gene	142	0.4374789130557785	5.210440822023189e-08	1.1589121998856351e-07
SNUH	cg07482795	ZNF793	cg18672939	GFRA1	between_gene	142	0.4942821637457538	4.064320568578911e-10	1.0530101651859364e-09
SNUH	cg07482795	ZNF793	cg27034576	GFRA1	between_gene	142	0.4474916752411509	2.3588078736512784e-08	5.365413899177145e-08
SNUH	cg07482795	ZNF793	cg18044663	GFRA1	between_gene	142	0.44439857415584116	3.021353694760672e-08	6.818954835320582e-08
SNUH	cg07482795	ZNF793	cg15701178	UNC5C	between_gene	142	0.5071365553834838	1.191491327558106e-10	3.2550794487948676e-10
SNUH	cg07482795	ZNF793	cg03008707	UNC5C	between_gene	142	0.43012336779193244	9.177826722508498e-08	2.0189671095299047e-07
SNUH	cg07482795	ZNF793	cg24870497	UNC5C	between_gene	0			
SNUH	cg07482795	ZNF793	cg13265789	UNC5C	between_gene	142	0.3438308769444521	2.7961685846444265e-05	5.4851156671709095e-05
SNUH	cg07482795	ZNF793	cg12584684	UNC5C	between_gene	142	0.47936151352393486	1.5865863324477186e-09	3.923605442043695e-09
SNUH	cg07482795	ZNF793	cg08327106	RALYL	between_gene	0			
SNUH	cg07482795	ZNF793	cg09757712	RALYL	between_gene	0			
SNUH	cg07482795	ZNF793	cg11089595	RALYL	between_gene	142	0.45393354023860466	1.3974217700124722e-08	3.2350251978372135e-08
SNUH	cg07482795	ZNF793	cg01134282	RALYL	between_gene	0			
SNUH	cg07482795	ZNF793	cg06955749	RALYL	between_gene	142	0.47513259889645876	2.3067650138989235e-09	5.614132389237212e-09
SNUH	cg07482795	ZNF793	cg11666087	BEND5	between_gene	142	0.3913925451234412	1.4623268101243165e-06	3.0303499981051167e-06
SNUH	cg07482795	ZNF793	cg16573178	BEND5	between_gene	142	0.4133292539046211	3.1818946857594545e-07	6.810142112507315e-07
SNUH	cg07482795	ZNF793	cg06744574	BEND5	between_gene	142	0.3762874823707908	3.928500965236981e-06	7.976232699068703e-06
SNUH	cg07482795	ZNF793	cg03603214	BEND5	between_gene	142	0.5151123973419449	5.4214843232700696e-11	1.547554988994706e-10
SNUH	cg13181745	ZNF793	cg24078985	ZNF793	within_gene	0			
SNUH	cg13181745	ZNF793	cg15139588	ZNF793	within_gene	0			
SNUH	cg13181745	ZNF793	cg25361907	ZNF793	within_gene	0			
SNUH	cg13181745	ZNF793	cg20299663	SFMBT2	between_gene	0			
SNUH	cg13181745	ZNF793	cg20506550	SFMBT2	between_gene	0			
SNUH	cg13181745	ZNF793	cg01056653	SFMBT2	between_gene	0			
SNUH	cg13181745	ZNF793	cg22862480	SFMBT2	between_gene	0			
SNUH	cg13181745	ZNF793	cg12767281	SFMBT2	between_gene	0			
SNUH	cg13181745	ZNF793	cg26878816	SFMBT2	between_gene	0			
SNUH	cg13181745	ZNF793	cg12328063	SFMBT2	between_gene	0			
SNUH	cg13181745	ZNF793	cg16818993	SFMBT2	between_gene	0			
SNUH	cg13181745	ZNF793	cg20295442	ADHFE1	between_gene	0			
SNUH	cg13181745	ZNF793	cg19283840	ADHFE1	between_gene	0			
SNUH	cg13181745	ZNF793	cg25046651	ADHFE1	between_gene	0			
SNUH	cg13181745	ZNF793	cg01588438	ADHFE1	between_gene	0			
SNUH	cg13181745	ZNF793	cg08090772	ADHFE1	between_gene	0			
SNUH	cg13181745	ZNF793	cg09383816	ADHFE1	between_gene	0			
SNUH	cg13181745	ZNF793	cg20912169	ADHFE1	between_gene	0			
SNUH	cg13181745	ZNF793	cg18065361	ADHFE1	between_gene	0			
SNUH	cg13181745	ZNF793	cg04481096	HOXA2	between_gene	0			
SNUH	cg13181745	ZNF793	cg19598584	HOXA2	between_gene	0			
SNUH	cg13181745	ZNF793	cg09871315	HOXA2	between_gene	0			
SNUH	cg13181745	ZNF793	cg13661519	HOXA2	between_gene	0			
SNUH	cg13181745	ZNF793	cg02803819	HOXA2	between_gene	0			
SNUH	cg13181745	ZNF793	cg03763508	HOXA2	between_gene	0			
SNUH	cg13181745	ZNF793	cg00188704	HOXA2	between_gene	0			
SNUH	cg13181745	ZNF793	cg06786372	HOXA2	between_gene	0			
SNUH	cg13181745	ZNF793	cg19236679	GFRA1	between_gene	0			
SNUH	cg13181745	ZNF793	cg06298519	GFRA1	between_gene	0			
SNUH	cg13181745	ZNF793	cg19485539	GFRA1	between_gene	0			
SNUH	cg13181745	ZNF793	cg18672939	GFRA1	between_gene	0			
SNUH	cg13181745	ZNF793	cg27034576	GFRA1	between_gene	0			
SNUH	cg13181745	ZNF793	cg18044663	GFRA1	between_gene	0			
SNUH	cg13181745	ZNF793	cg15701178	UNC5C	between_gene	0			
SNUH	cg13181745	ZNF793	cg03008707	UNC5C	between_gene	0			
SNUH	cg13181745	ZNF793	cg24870497	UNC5C	between_gene	0			
SNUH	cg13181745	ZNF793	cg13265789	UNC5C	between_gene	0			
SNUH	cg13181745	ZNF793	cg12584684	UNC5C	between_gene	0			
SNUH	cg13181745	ZNF793	cg08327106	RALYL	between_gene	0			
SNUH	cg13181745	ZNF793	cg09757712	RALYL	between_gene	0			
SNUH	cg13181745	ZNF793	cg11089595	RALYL	between_gene	0			
SNUH	cg13181745	ZNF793	cg01134282	RALYL	between_gene	0			
SNUH	cg13181745	ZNF793	cg06955749	RALYL	between_gene	0			
SNUH	cg13181745	ZNF793	cg11666087	BEND5	between_gene	0			
SNUH	cg13181745	ZNF793	cg16573178	BEND5	between_gene	0			
SNUH	cg13181745	ZNF793	cg06744574	BEND5	between_gene	0			
SNUH	cg13181745	ZNF793	cg03603214	BEND5	between_gene	0			
SNUH	cg24078985	ZNF793	cg15139588	ZNF793	within_gene	142	0.909239696473739	3.817078144107127e-55	3.457182204805598e-54
SNUH	cg24078985	ZNF793	cg25361907	ZNF793	within_gene	142	0.9626355065372147	2.6020131515775684e-81	8.248381690500892e-80
SNUH	cg24078985	ZNF793	cg20299663	SFMBT2	between_gene	142	0.4812936539037828	1.33494234138814e-09	3.320175947265641e-09
SNUH	cg24078985	ZNF793	cg20506550	SFMBT2	between_gene	0			
SNUH	cg24078985	ZNF793	cg01056653	SFMBT2	between_gene	0			
SNUH	cg24078985	ZNF793	cg22862480	SFMBT2	between_gene	142	0.44149407679524555	3.8035236627673396e-08	8.547280995831171e-08
SNUH	cg24078985	ZNF793	cg12767281	SFMBT2	between_gene	142	0.48089549048494207	1.3834276054515058e-09	3.4342175286612546e-09
SNUH	cg24078985	ZNF793	cg26878816	SFMBT2	between_gene	142	0.4679069806429711	4.32176572269735e-09	1.029724819225332e-08
SNUH	cg24078985	ZNF793	cg12328063	SFMBT2	between_gene	142	0.5093914176922868	9.556667312413277e-11	2.635660149903408e-10
SNUH	cg24078985	ZNF793	cg16818993	SFMBT2	between_gene	142	0.45966290227602785	8.691968308639841e-09	2.030201013181857e-08
SNUH	cg24078985	ZNF793	cg20295442	ADHFE1	between_gene	0			
SNUH	cg24078985	ZNF793	cg19283840	ADHFE1	between_gene	0			
SNUH	cg24078985	ZNF793	cg25046651	ADHFE1	between_gene	142	0.35868027687026793	1.169806070337906e-05	2.3209308270050163e-05
SNUH	cg24078985	ZNF793	cg01588438	ADHFE1	between_gene	142	0.3663375880936564	7.335647635331082e-06	1.4676920767315026e-05
SNUH	cg24078985	ZNF793	cg08090772	ADHFE1	between_gene	0			
SNUH	cg24078985	ZNF793	cg09383816	ADHFE1	between_gene	142	0.3687475245761131	6.317871133253505e-06	1.2689242329991067e-05
SNUH	cg24078985	ZNF793	cg20912169	ADHFE1	between_gene	142	0.36708362060474736	7.005084469032761e-06	1.4037070184106354e-05
SNUH	cg24078985	ZNF793	cg18065361	ADHFE1	between_gene	142	0.4000850812358155	8.095356423575293e-07	1.6910156052128055e-06
SNUH	cg24078985	ZNF793	cg04481096	HOXA2	between_gene	142	0.4061748859471365	5.295769462756641e-07	1.1196647105617566e-06
SNUH	cg24078985	ZNF793	cg19598584	HOXA2	between_gene	0			
SNUH	cg24078985	ZNF793	cg09871315	HOXA2	between_gene	0			
SNUH	cg24078985	ZNF793	cg13661519	HOXA2	between_gene	142	0.3735673975410266	4.669422723054837e-06	9.43650184697914e-06
SNUH	cg24078985	ZNF793	cg02803819	HOXA2	between_gene	142	0.3804996322227368	2.997010882401737e-06	6.132706974263633e-06
SNUH	cg24078985	ZNF793	cg03763508	HOXA2	between_gene	142	0.3374979829879441	4.001684516279569e-05	7.820520526571832e-05
SNUH	cg24078985	ZNF793	cg00188704	HOXA2	between_gene	142	0.39281335984962007	1.3291271732401587e-06	2.760901906834056e-06
SNUH	cg24078985	ZNF793	cg06786372	HOXA2	between_gene	142	0.3761198346154895	3.970737640003213e-06	8.055718897953641e-06
SNUH	cg24078985	ZNF793	cg19236679	GFRA1	between_gene	142	0.5316089364635964	9.954377999718044e-12	3.0304518321195303e-11
SNUH	cg24078985	ZNF793	cg06298519	GFRA1	between_gene	142	0.5266842836516197	1.666961431342421e-11	4.9932289028385496e-11
SNUH	cg24078985	ZNF793	cg19485539	GFRA1	between_gene	142	0.4983057098729859	2.7832963385554453e-10	7.3498179628453e-10
SNUH	cg24078985	ZNF793	cg18672939	GFRA1	between_gene	142	0.4894203788420151	6.38037734007077e-10	1.6177263829197901e-09
SNUH	cg24078985	ZNF793	cg27034576	GFRA1	between_gene	142	0.4962394512888969	3.3827275244439927e-10	8.843222556387151e-10
SNUH	cg24078985	ZNF793	cg18044663	GFRA1	between_gene	142	0.4923919353047312	4.847315527390949e-10	1.242303164141747e-09
SNUH	cg24078985	ZNF793	cg15701178	UNC5C	between_gene	142	0.4344989742052973	6.564237015487177e-08	1.452594942612896e-07
SNUH	cg24078985	ZNF793	cg03008707	UNC5C	between_gene	142	0.47877055518649775	1.672285504864876e-09	4.12381179791348e-09
SNUH	cg24078985	ZNF793	cg24870497	UNC5C	between_gene	0			
SNUH	cg24078985	ZNF793	cg13265789	UNC5C	between_gene	142	0.39472873545393783	1.167735179425608e-06	2.4295223948336616e-06
SNUH	cg24078985	ZNF793	cg12584684	UNC5C	between_gene	142	0.449323226967818	2.034821440118385e-08	4.64466241230872e-08
SNUH	cg24078985	ZNF793	cg08327106	RALYL	between_gene	0			
SNUH	cg24078985	ZNF793	cg09757712	RALYL	between_gene	0			
SNUH	cg24078985	ZNF793	cg11089595	RALYL	between_gene	142	0.5355486587131778	6.5503675711382684e-12	2.0369379014421623e-11
SNUH	cg24078985	ZNF793	cg01134282	RALYL	between_gene	0			
SNUH	cg24078985	ZNF793	cg06955749	RALYL	between_gene	142	0.47745032911349966	1.8801582586912662e-09	4.6189575300616885e-09
SNUH	cg24078985	ZNF793	cg11666087	BEND5	between_gene	142	0.3680266392283174	6.607380896698441e-06	1.3260505199604794e-05
SNUH	cg24078985	ZNF793	cg16573178	BEND5	between_gene	142	0.3715765804468232	5.293637075170093e-06	1.067318325279658e-05
SNUH	cg24078985	ZNF793	cg06744574	BEND5	between_gene	142	0.35969454578984106	1.1004388572542756e-05	2.1899656587157933e-05
SNUH	cg24078985	ZNF793	cg03603214	BEND5	between_gene	142	0.4294569679646096	9.65446347781907e-08	2.122029925326871e-07
SNUH	cg15139588	ZNF793	cg25361907	ZNF793	within_gene	142	0.9430626311057837	8.415383654387737e-69	1.7784510789606083e-67
SNUH	cg15139588	ZNF793	cg20299663	SFMBT2	between_gene	142	0.5185827058766825	3.8241718443256905e-11	1.1085849268717475e-10
SNUH	cg15139588	ZNF793	cg20506550	SFMBT2	between_gene	0			
SNUH	cg15139588	ZNF793	cg01056653	SFMBT2	between_gene	0			
SNUH	cg15139588	ZNF793	cg22862480	SFMBT2	between_gene	142	0.46108790819608925	7.713255929243452e-09	1.8064528473425642e-08
SNUH	cg15139588	ZNF793	cg12767281	SFMBT2	between_gene	142	0.47116353828969953	3.2625610514248805e-09	7.845181366974667e-09
SNUH	cg15139588	ZNF793	cg26878816	SFMBT2	between_gene	142	0.5122288559507618	7.223964531465778e-11	2.0222450067161176e-10
SNUH	cg15139588	ZNF793	cg12328063	SFMBT2	between_gene	142	0.5416678017816766	3.3827400047298848e-12	1.0936268491127965e-11
SNUH	cg15139588	ZNF793	cg16818993	SFMBT2	between_gene	142	0.4934900281019551	4.376320122765272e-10	1.1293589713446682e-09
SNUH	cg15139588	ZNF793	cg20295442	ADHFE1	between_gene	0			
SNUH	cg15139588	ZNF793	cg19283840	ADHFE1	between_gene	0			
SNUH	cg15139588	ZNF793	cg25046651	ADHFE1	between_gene	142	0.37664792504468864	3.83913000611872e-06	7.806929217430819e-06
SNUH	cg15139588	ZNF793	cg01588438	ADHFE1	between_gene	142	0.38598171382109053	2.0952877588690663e-06	4.324846331399837e-06
SNUH	cg15139588	ZNF793	cg08090772	ADHFE1	between_gene	0			
SNUH	cg15139588	ZNF793	cg09383816	ADHFE1	between_gene	142	0.40132986581892793	7.427791844977377e-07	1.559059446785678e-06
SNUH	cg15139588	ZNF793	cg20912169	ADHFE1	between_gene	142	0.39293909566609597	1.3179126082106028e-06	2.7397880436824404e-06
SNUH	cg15139588	ZNF793	cg18065361	ADHFE1	between_gene	142	0.42475863962228966	1.3753639357474462e-07	2.992764393965877e-07
SNUH	cg15139588	ZNF793	cg04481096	HOXA2	between_gene	142	0.3810319138458186	2.895465319185267e-06	5.934225465635791e-06
SNUH	cg15139588	ZNF793	cg19598584	HOXA2	between_gene	0			
SNUH	cg15139588	ZNF793	cg09871315	HOXA2	between_gene	0			
SNUH	cg15139588	ZNF793	cg13661519	HOXA2	between_gene	142	0.3653945694700864	7.774631314430002e-06	1.5519520351452087e-05
SNUH	cg15139588	ZNF793	cg02803819	HOXA2	between_gene	142	0.3728590857748784	4.883057269981278e-06	9.860600942245476e-06
SNUH	cg15139588	ZNF793	cg03763508	HOXA2	between_gene	142	0.31269449759111134	0.00015143213505876716	0.0002928735658771857
SNUH	cg15139588	ZNF793	cg00188704	HOXA2	between_gene	142	0.3690534817295381	6.198663195659558e-06	1.2459408534264859e-05
SNUH	cg15139588	ZNF793	cg06786372	HOXA2	between_gene	142	0.35445555343667423	1.5056521466824067e-05	2.9782004933240327e-05
SNUH	cg15139588	ZNF793	cg19236679	GFRA1	between_gene	142	0.5590864035574854	4.784005725596963e-13	1.7114477796143829e-12
SNUH	cg15139588	ZNF793	cg06298519	GFRA1	between_gene	142	0.5835001079232425	2.5271515078406795e-14	1.0583207518388976e-13
SNUH	cg15139588	ZNF793	cg19485539	GFRA1	between_gene	142	0.542409643098885	3.1194669942416396e-12	1.013535415688224e-11
SNUH	cg15139588	ZNF793	cg18672939	GFRA1	between_gene	142	0.5395386752893496	4.263676519306437e-12	1.3499917522901084e-11
SNUH	cg15139588	ZNF793	cg27034576	GFRA1	between_gene	142	0.5492370979335319	1.4660477148743984e-12	4.980362614723054e-12
SNUH	cg15139588	ZNF793	cg18044663	GFRA1	between_gene	142	0.5627285510414071	3.132267299204116e-13	1.142949004702593e-12
SNUH	cg15139588	ZNF793	cg15701178	UNC5C	between_gene	142	0.4209907563218921	1.81968587508294e-07	3.9366172869746187e-07
SNUH	cg15139588	ZNF793	cg03008707	UNC5C	between_gene	142	0.5091399460593348	9.795428803698142e-11	2.695809467178107e-10
SNUH	cg15139588	ZNF793	cg24870497	UNC5C	between_gene	0			
SNUH	cg15139588	ZNF793	cg13265789	UNC5C	between_gene	142	0.4334469845407814	7.118141843815152e-08	1.5725005986887156e-07
SNUH	cg15139588	ZNF793	cg12584684	UNC5C	between_gene	142	0.4570266413239144	1.0826126230190593e-08	2.519657746170139e-08
SNUH	cg15139588	ZNF793	cg08327106	RALYL	between_gene	0			
SNUH	cg15139588	ZNF793	cg09757712	RALYL	between_gene	0			
SNUH	cg15139588	ZNF793	cg11089595	RALYL	between_gene	142	0.556726761401619	6.277217103333934e-13	2.2131431652159775e-12
SNUH	cg15139588	ZNF793	cg01134282	RALYL	between_gene	0			
SNUH	cg15139588	ZNF793	cg06955749	RALYL	between_gene	142	0.4997516717624599	2.4262988830324044e-10	6.446246217751062e-10
SNUH	cg15139588	ZNF793	cg11666087	BEND5	between_gene	142	0.3828760391541333	2.568325551002399e-06	5.28034780343992e-06
SNUH	cg15139588	ZNF793	cg16573178	BEND5	between_gene	142	0.3753612285227509	4.167297983409544e-06	8.441366800244953e-06
SNUH	cg15139588	ZNF793	cg06744574	BEND5	between_gene	142	0.3770251324941167	3.7476683443124765e-06	7.638802117430665e-06
SNUH	cg15139588	ZNF793	cg03603214	BEND5	between_gene	142	0.39202541539970376	1.4014993355109011e-06	2.9089194640795077e-06
SNUH	cg25361907	ZNF793	cg20299663	SFMBT2	between_gene	142	0.5138215096261246	6.166922192640958e-11	1.745065075987013e-10
SNUH	cg25361907	ZNF793	cg20506550	SFMBT2	between_gene	0			
SNUH	cg25361907	ZNF793	cg01056653	SFMBT2	between_gene	0			
SNUH	cg25361907	ZNF793	cg22862480	SFMBT2	between_gene	142	0.46688013814175044	4.7195207160543586e-09	1.1167405167374293e-08
SNUH	cg25361907	ZNF793	cg12767281	SFMBT2	between_gene	142	0.5210890398184376	2.964783194647212e-11	8.661947765772201e-11
SNUH	cg25361907	ZNF793	cg26878816	SFMBT2	between_gene	142	0.5142070994633177	5.934451960335206e-11	1.6865996911235893e-10
SNUH	cg25361907	ZNF793	cg12328063	SFMBT2	between_gene	142	0.5281679662860365	1.4283859800418062e-11	4.298337972236531e-11
SNUH	cg25361907	ZNF793	cg16818993	SFMBT2	between_gene	142	0.4890431713925871	6.60563199924107e-10	1.6732129986427138e-09
SNUH	cg25361907	ZNF793	cg20295442	ADHFE1	between_gene	0			
SNUH	cg25361907	ZNF793	cg19283840	ADHFE1	between_gene	0			
SNUH	cg25361907	ZNF793	cg25046651	ADHFE1	between_gene	142	0.4002569201849993	7.999914011765955e-07	1.6724179212097255e-06
SNUH	cg25361907	ZNF793	cg01588438	ADHFE1	between_gene	142	0.4120802781276261	3.4808134295425787e-07	7.40737539777862e-07
SNUH	cg25361907	ZNF793	cg08090772	ADHFE1	between_gene	0			
SNUH	cg25361907	ZNF793	cg09383816	ADHFE1	between_gene	142	0.41390344746652813	3.052850281460508e-07	6.550071039745448e-07
SNUH	cg25361907	ZNF793	cg20912169	ADHFE1	between_gene	142	0.41107439159581804	3.740859115916628e-07	7.954279896843099e-07
SNUH	cg25361907	ZNF793	cg18065361	ADHFE1	between_gene	142	0.4376214136477846	5.1529211216617515e-08	1.1470965193187295e-07
SNUH	cg25361907	ZNF793	cg04481096	HOXA2	between_gene	142	0.430944841792909	8.621238651194619e-08	1.8997307129194899e-07
SNUH	cg25361907	ZNF793	cg19598584	HOXA2	between_gene	0			
SNUH	cg25361907	ZNF793	cg09871315	HOXA2	between_gene	0			
SNUH	cg25361907	ZNF793	cg13661519	HOXA2	between_gene	142	0.40273391576957657	6.737810522855304e-07	1.4153742072568024e-06
SNUH	cg25361907	ZNF793	cg02803819	HOXA2	between_gene	142	0.4180108174714109	2.265200656670089e-07	4.864122233129434e-07
SNUH	cg25361907	ZNF793	cg03763508	HOXA2	between_gene	142	0.34917884033856467	2.0533024604075777e-05	4.040019697740098e-05
SNUH	cg25361907	ZNF793	cg00188704	HOXA2	between_gene	142	0.41278439869989175	3.309150002025766e-07	7.070902829881428e-07
SNUH	cg25361907	ZNF793	cg06786372	HOXA2	between_gene	142	0.40681613861116417	5.061836011836912e-07	1.0710730052621656e-06
SNUH	cg25361907	ZNF793	cg19236679	GFRA1	between_gene	142	0.5454021555310139	2.2452082885414835e-12	7.443136499116557e-12
SNUH	cg25361907	ZNF793	cg06298519	GFRA1	between_gene	142	0.5462864974402284	2.0360037748658347e-12	6.775425827327759e-12
SNUH	cg25361907	ZNF793	cg19485539	GFRA1	between_gene	142	0.5200663885110993	3.290084324872481e-11	9.569487183491976e-11
SNUH	cg25361907	ZNF793	cg18672939	GFRA1	between_gene	142	0.5120318698382829	7.366292110891857e-11	2.0598773973544326e-10
SNUH	cg25361907	ZNF793	cg27034576	GFRA1	between_gene	142	0.5198610200108552	3.359454493835152e-11	9.760375027189211e-11
SNUH	cg25361907	ZNF793	cg18044663	GFRA1	between_gene	142	0.5301168714414145	1.1647587613239636e-11	3.5335530329002573e-11
SNUH	cg25361907	ZNF793	cg15701178	UNC5C	between_gene	142	0.4343439000316435	6.643210280233819e-08	1.4688250526381385e-07
SNUH	cg25361907	ZNF793	cg03008707	UNC5C	between_gene	142	0.49370377898996426	4.2899236150872295e-10	1.1103582055320023e-09
SNUH	cg25361907	ZNF793	cg24870497	UNC5C	between_gene	0			
SNUH	cg25361907	ZNF793	cg13265789	UNC5C	between_gene	142	0.4197627365143098	1.9920585046615778e-07	4.298826003856126e-07
SNUH	cg25361907	ZNF793	cg12584684	UNC5C	between_gene	142	0.4593443715409553	8.92652635977055e-09	2.0812607035425707e-08
SNUH	cg25361907	ZNF793	cg08327106	RALYL	between_gene	0			
SNUH	cg25361907	ZNF793	cg09757712	RALYL	between_gene	0			
SNUH	cg25361907	ZNF793	cg11089595	RALYL	between_gene	142	0.5408882397195254	3.682590633688253e-12	1.1803291109696132e-11
SNUH	cg25361907	ZNF793	cg01134282	RALYL	between_gene	0			
SNUH	cg25361907	ZNF793	cg06955749	RALYL	between_gene	142	0.4621063683095448	7.07966565140958e-09	1.6595550480258394e-08
SNUH	cg25361907	ZNF793	cg11666087	BEND5	between_gene	142	0.383785528226643	2.4202157512158513e-06	4.983696049662318e-06
SNUH	cg25361907	ZNF793	cg16573178	BEND5	between_gene	142	0.376689836983514	3.8288640493194324e-06	7.79212660271014e-06
SNUH	cg25361907	ZNF793	cg06744574	BEND5	between_gene	142	0.37013480975123175	5.794187650978515e-06	1.1673386549345904e-05
SNUH	cg25361907	ZNF793	cg03603214	BEND5	between_gene	142	0.40046647987912604	7.884971367874823e-07	1.6510345344129547e-06
SNUH	cg20299663	SFMBT2	cg20506550	SFMBT2	within_gene	0			
SNUH	cg20299663	SFMBT2	cg01056653	SFMBT2	within_gene	0			
SNUH	cg20299663	SFMBT2	cg22862480	SFMBT2	within_gene	142	0.8139948154931675	7.712786364786417e-35	2.686761843557466e-34
SNUH	cg20299663	SFMBT2	cg12767281	SFMBT2	within_gene	142	0.8050927196866664	1.4572705349757668e-33	4.7624202019311144e-33
SNUH	cg20299663	SFMBT2	cg26878816	SFMBT2	within_gene	142	0.8497163609539996	9.524356253686932e-41	4.506299899132473e-40
SNUH	cg20299663	SFMBT2	cg12328063	SFMBT2	within_gene	142	0.8248625812305765	1.7097458336942854e-36	6.691227521988746e-36
SNUH	cg20299663	SFMBT2	cg16818993	SFMBT2	within_gene	142	0.817465124027905	2.3494253240572116e-35	8.761974443836895e-35
SNUH	cg20299663	SFMBT2	cg20295442	ADHFE1	between_gene	0			
SNUH	cg20299663	SFMBT2	cg19283840	ADHFE1	between_gene	0			
SNUH	cg20299663	SFMBT2	cg25046651	ADHFE1	between_gene	142	0.6155124467980327	3.609656824377905e-16	2.0296540204314555e-15
SNUH	cg20299663	SFMBT2	cg01588438	ADHFE1	between_gene	142	0.6193473892005508	2.099906935136347e-16	1.2283984739396253e-15
SNUH	cg20299663	SFMBT2	cg08090772	ADHFE1	between_gene	0			
SNUH	cg20299663	SFMBT2	cg09383816	ADHFE1	between_gene	142	0.6061199813072753	1.3193482985183914e-15	6.702881096933637e-15
SNUH	cg20299663	SFMBT2	cg20912169	ADHFE1	between_gene	142	0.5950845678145649	5.7342002570338545e-15	2.6246541176493554e-14
SNUH	cg20299663	SFMBT2	cg18065361	ADHFE1	between_gene	142	0.6176038525454168	2.688812952105715e-16	1.5350356656551008e-15
SNUH	cg20299663	SFMBT2	cg04481096	HOXA2	between_gene	142	0.6086849919633858	9.299985032848288e-16	4.833398595757208e-15
SNUH	cg20299663	SFMBT2	cg19598584	HOXA2	between_gene	0			
SNUH	cg20299663	SFMBT2	cg09871315	HOXA2	between_gene	0			
SNUH	cg20299663	SFMBT2	cg13661519	HOXA2	between_gene	142	0.5408421365868175	3.701108679890265e-12	1.1848089013292886e-11
SNUH	cg20299663	SFMBT2	cg02803819	HOXA2	between_gene	142	0.5554023441347385	7.304300923337312e-13	2.5683182087583623e-12
SNUH	cg20299663	SFMBT2	cg03763508	HOXA2	between_gene	142	0.4978446785459072	2.9074263408977973e-10	7.669843603035746e-10
SNUH	cg20299663	SFMBT2	cg00188704	HOXA2	between_gene	142	0.5751554409031184	7.097002997686789e-14	2.8054667910552775e-13
SNUH	cg20299663	SFMBT2	cg06786372	HOXA2	between_gene	142	0.5876703458363632	1.4917349017469664e-14	6.48656059776306e-14
SNUH	cg20299663	SFMBT2	cg19236679	GFRA1	between_gene	142	0.7069475325393816	8.265941556033542e-23	2.2942384595416502e-21
SNUH	cg20299663	SFMBT2	cg06298519	GFRA1	between_gene	142	0.685429943146455	4.997088666624037e-21	8.357310468732123e-20
SNUH	cg20299663	SFMBT2	cg19485539	GFRA1	between_gene	142	0.7075510644584664	7.328332287023756e-23	2.1244021040938865e-21
SNUH	cg20299663	SFMBT2	cg18672939	GFRA1	between_gene	142	0.680580731824364	1.1999942435632706e-20	1.7688050742692501e-19
SNUH	cg20299663	SFMBT2	cg27034576	GFRA1	between_gene	142	0.6956355002504239	7.470848037845002e-22	1.5593154024590087e-20
SNUH	cg20299663	SFMBT2	cg18044663	GFRA1	between_gene	142	0.6613221959341229	3.3164921864643507e-19	3.3691637322554403e-18
SNUH	cg20299663	SFMBT2	cg15701178	UNC5C	between_gene	142	0.6454543358948513	4.2767354740533396e-18	3.4652182769581253e-17
SNUH	cg20299663	SFMBT2	cg03008707	UNC5C	between_gene	142	0.6616574914447255	3.136813396646688e-19	3.254392402495377e-18
SNUH	cg20299663	SFMBT2	cg24870497	UNC5C	between_gene	0			
SNUH	cg20299663	SFMBT2	cg13265789	UNC5C	between_gene	142	0.685052735697027	5.352748214055383e-21	8.895108337879296e-20
SNUH	cg20299663	SFMBT2	cg12584684	UNC5C	between_gene	142	0.6992734565404628	3.7219083577827176e-22	8.593326465004523e-21
SNUH	cg20299663	SFMBT2	cg08327106	RALYL	between_gene	0			
SNUH	cg20299663	SFMBT2	cg09757712	RALYL	between_gene	0			
SNUH	cg20299663	SFMBT2	cg11089595	RALYL	between_gene	142	0.6803502161608245	1.2504984211310433e-20	1.8079238019080437e-19
SNUH	cg20299663	SFMBT2	cg01134282	RALYL	between_gene	0			
SNUH	cg20299663	SFMBT2	cg06955749	RALYL	between_gene	142	0.5938397832314525	6.744166906424904e-15	3.049485521466651e-14
SNUH	cg20299663	SFMBT2	cg11666087	BEND5	between_gene	142	0.6467955179372621	3.4656987062404887e-18	2.861394912842226e-17
SNUH	cg20299663	SFMBT2	cg16573178	BEND5	between_gene	142	0.640768581134179	8.843580139202984e-18	6.707238541622262e-17
SNUH	cg20299663	SFMBT2	cg06744574	BEND5	between_gene	142	0.6414182161859717	8.002217149954517e-18	6.104615363810333e-17
SNUH	cg20299663	SFMBT2	cg03603214	BEND5	between_gene	142	0.5336751950476853	7.998081374697581e-12	2.4665477903765944e-11
SNUH	cg20506550	SFMBT2	cg01056653	SFMBT2	within_gene	0			
SNUH	cg20506550	SFMBT2	cg22862480	SFMBT2	within_gene	0			
SNUH	cg20506550	SFMBT2	cg12767281	SFMBT2	within_gene	0			
SNUH	cg20506550	SFMBT2	cg26878816	SFMBT2	within_gene	0			
SNUH	cg20506550	SFMBT2	cg12328063	SFMBT2	within_gene	0			
SNUH	cg20506550	SFMBT2	cg16818993	SFMBT2	within_gene	0			
SNUH	cg20506550	SFMBT2	cg20295442	ADHFE1	between_gene	0			
SNUH	cg20506550	SFMBT2	cg19283840	ADHFE1	between_gene	0			
SNUH	cg20506550	SFMBT2	cg25046651	ADHFE1	between_gene	0			
SNUH	cg20506550	SFMBT2	cg01588438	ADHFE1	between_gene	0			
SNUH	cg20506550	SFMBT2	cg08090772	ADHFE1	between_gene	0			
SNUH	cg20506550	SFMBT2	cg09383816	ADHFE1	between_gene	0			
SNUH	cg20506550	SFMBT2	cg20912169	ADHFE1	between_gene	0			
SNUH	cg20506550	SFMBT2	cg18065361	ADHFE1	between_gene	0			
SNUH	cg20506550	SFMBT2	cg04481096	HOXA2	between_gene	0			
SNUH	cg20506550	SFMBT2	cg19598584	HOXA2	between_gene	0			
SNUH	cg20506550	SFMBT2	cg09871315	HOXA2	between_gene	0			
SNUH	cg20506550	SFMBT2	cg13661519	HOXA2	between_gene	0			
SNUH	cg20506550	SFMBT2	cg02803819	HOXA2	between_gene	0			
SNUH	cg20506550	SFMBT2	cg03763508	HOXA2	between_gene	0			
SNUH	cg20506550	SFMBT2	cg00188704	HOXA2	between_gene	0			
SNUH	cg20506550	SFMBT2	cg06786372	HOXA2	between_gene	0			
SNUH	cg20506550	SFMBT2	cg19236679	GFRA1	between_gene	0			
SNUH	cg20506550	SFMBT2	cg06298519	GFRA1	between_gene	0			
SNUH	cg20506550	SFMBT2	cg19485539	GFRA1	between_gene	0			
SNUH	cg20506550	SFMBT2	cg18672939	GFRA1	between_gene	0			
SNUH	cg20506550	SFMBT2	cg27034576	GFRA1	between_gene	0			
SNUH	cg20506550	SFMBT2	cg18044663	GFRA1	between_gene	0			
SNUH	cg20506550	SFMBT2	cg15701178	UNC5C	between_gene	0			
SNUH	cg20506550	SFMBT2	cg03008707	UNC5C	between_gene	0			
SNUH	cg20506550	SFMBT2	cg24870497	UNC5C	between_gene	0			
SNUH	cg20506550	SFMBT2	cg13265789	UNC5C	between_gene	0			
SNUH	cg20506550	SFMBT2	cg12584684	UNC5C	between_gene	0			
SNUH	cg20506550	SFMBT2	cg08327106	RALYL	between_gene	0			
SNUH	cg20506550	SFMBT2	cg09757712	RALYL	between_gene	0			
SNUH	cg20506550	SFMBT2	cg11089595	RALYL	between_gene	0			
SNUH	cg20506550	SFMBT2	cg01134282	RALYL	between_gene	0			
SNUH	cg20506550	SFMBT2	cg06955749	RALYL	between_gene	0			
SNUH	cg20506550	SFMBT2	cg11666087	BEND5	between_gene	0			
SNUH	cg20506550	SFMBT2	cg16573178	BEND5	between_gene	0			
SNUH	cg20506550	SFMBT2	cg06744574	BEND5	between_gene	0			
SNUH	cg20506550	SFMBT2	cg03603214	BEND5	between_gene	0			
SNUH	cg01056653	SFMBT2	cg22862480	SFMBT2	within_gene	0			
SNUH	cg01056653	SFMBT2	cg12767281	SFMBT2	within_gene	0			
SNUH	cg01056653	SFMBT2	cg26878816	SFMBT2	within_gene	0			
SNUH	cg01056653	SFMBT2	cg12328063	SFMBT2	within_gene	0			
SNUH	cg01056653	SFMBT2	cg16818993	SFMBT2	within_gene	0			
SNUH	cg01056653	SFMBT2	cg20295442	ADHFE1	between_gene	0			
SNUH	cg01056653	SFMBT2	cg19283840	ADHFE1	between_gene	0			
SNUH	cg01056653	SFMBT2	cg25046651	ADHFE1	between_gene	0			
SNUH	cg01056653	SFMBT2	cg01588438	ADHFE1	between_gene	0			
SNUH	cg01056653	SFMBT2	cg08090772	ADHFE1	between_gene	0			
SNUH	cg01056653	SFMBT2	cg09383816	ADHFE1	between_gene	0			
SNUH	cg01056653	SFMBT2	cg20912169	ADHFE1	between_gene	0			
SNUH	cg01056653	SFMBT2	cg18065361	ADHFE1	between_gene	0			
SNUH	cg01056653	SFMBT2	cg04481096	HOXA2	between_gene	0			
SNUH	cg01056653	SFMBT2	cg19598584	HOXA2	between_gene	0			
SNUH	cg01056653	SFMBT2	cg09871315	HOXA2	between_gene	0			
SNUH	cg01056653	SFMBT2	cg13661519	HOXA2	between_gene	0			
SNUH	cg01056653	SFMBT2	cg02803819	HOXA2	between_gene	0			
SNUH	cg01056653	SFMBT2	cg03763508	HOXA2	between_gene	0			
SNUH	cg01056653	SFMBT2	cg00188704	HOXA2	between_gene	0			
SNUH	cg01056653	SFMBT2	cg06786372	HOXA2	between_gene	0			
SNUH	cg01056653	SFMBT2	cg19236679	GFRA1	between_gene	0			
SNUH	cg01056653	SFMBT2	cg06298519	GFRA1	between_gene	0			
SNUH	cg01056653	SFMBT2	cg19485539	GFRA1	between_gene	0			
SNUH	cg01056653	SFMBT2	cg18672939	GFRA1	between_gene	0			
SNUH	cg01056653	SFMBT2	cg27034576	GFRA1	between_gene	0			
SNUH	cg01056653	SFMBT2	cg18044663	GFRA1	between_gene	0			
SNUH	cg01056653	SFMBT2	cg15701178	UNC5C	between_gene	0			
SNUH	cg01056653	SFMBT2	cg03008707	UNC5C	between_gene	0			
SNUH	cg01056653	SFMBT2	cg24870497	UNC5C	between_gene	0			
SNUH	cg01056653	SFMBT2	cg13265789	UNC5C	between_gene	0			
SNUH	cg01056653	SFMBT2	cg12584684	UNC5C	between_gene	0			
SNUH	cg01056653	SFMBT2	cg08327106	RALYL	between_gene	0			
SNUH	cg01056653	SFMBT2	cg09757712	RALYL	between_gene	0			
SNUH	cg01056653	SFMBT2	cg11089595	RALYL	between_gene	0			
SNUH	cg01056653	SFMBT2	cg01134282	RALYL	between_gene	0			
SNUH	cg01056653	SFMBT2	cg06955749	RALYL	between_gene	0			
SNUH	cg01056653	SFMBT2	cg11666087	BEND5	between_gene	0			
SNUH	cg01056653	SFMBT2	cg16573178	BEND5	between_gene	0			
SNUH	cg01056653	SFMBT2	cg06744574	BEND5	between_gene	0			
SNUH	cg01056653	SFMBT2	cg03603214	BEND5	between_gene	0			
SNUH	cg22862480	SFMBT2	cg12767281	SFMBT2	within_gene	142	0.7818274024447236	1.6205932746644856e-30	4.8926482673204e-30
SNUH	cg22862480	SFMBT2	cg26878816	SFMBT2	within_gene	142	0.8239908129030095	2.343163154610775e-36	9.058325853800192e-36
SNUH	cg22862480	SFMBT2	cg12328063	SFMBT2	within_gene	142	0.8345987246197017	4.4760635401437345e-38	1.8918828563007517e-37
SNUH	cg22862480	SFMBT2	cg16818993	SFMBT2	within_gene	142	0.7808131335251504	2.1573371277327198e-30	6.451659146144078e-30
SNUH	cg22862480	SFMBT2	cg20295442	ADHFE1	between_gene	0			
SNUH	cg22862480	SFMBT2	cg19283840	ADHFE1	between_gene	0			
SNUH	cg22862480	SFMBT2	cg25046651	ADHFE1	between_gene	142	0.6302486844890203	4.3203056667748185e-17	2.8392134721953405e-16
SNUH	cg22862480	SFMBT2	cg01588438	ADHFE1	between_gene	142	0.6220465180609023	1.4278225039867767e-16	8.643129728309746e-16
SNUH	cg22862480	SFMBT2	cg08090772	ADHFE1	between_gene	0			
SNUH	cg22862480	SFMBT2	cg09383816	ADHFE1	between_gene	142	0.6058517448987932	1.368242960376026e-15	6.878123089828615e-15
SNUH	cg22862480	SFMBT2	cg20912169	ADHFE1	between_gene	142	0.6147999438380021	3.988635624113875e-16	2.2331223912689055e-15
SNUH	cg22862480	SFMBT2	cg18065361	ADHFE1	between_gene	142	0.6372395958850858	1.5159354799619653e-17	1.0986321297835464e-16
SNUH	cg22862480	SFMBT2	cg04481096	HOXA2	between_gene	142	0.6245905727476001	9.891997363874606e-17	6.072522617023258e-16
SNUH	cg22862480	SFMBT2	cg19598584	HOXA2	between_gene	0			
SNUH	cg22862480	SFMBT2	cg09871315	HOXA2	between_gene	0			
SNUH	cg22862480	SFMBT2	cg13661519	HOXA2	between_gene	142	0.5469109853287258	1.8997973941918097e-12	6.346442255373151e-12
SNUH	cg22862480	SFMBT2	cg02803819	HOXA2	between_gene	142	0.571198953878007	1.14630529000562e-13	4.404581003865483e-13
SNUH	cg22862480	SFMBT2	cg03763508	HOXA2	between_gene	142	0.4947599598483627	3.88663349701233e-10	1.0109897102397976e-09
SNUH	cg22862480	SFMBT2	cg00188704	HOXA2	between_gene	142	0.6038190158657645	1.800713905890341e-15	8.864269019750752e-15
SNUH	cg22862480	SFMBT2	cg06786372	HOXA2	between_gene	142	0.6063882177157575	1.2721573446375242e-15	6.495222137298044e-15
SNUH	cg22862480	SFMBT2	cg19236679	GFRA1	between_gene	142	0.6928357827368917	1.2682323953845538e-21	2.510632640199441e-20
SNUH	cg22862480	SFMBT2	cg06298519	GFRA1	between_gene	142	0.62018981917094	1.8624586013375608e-16	1.0968746029096379e-15
SNUH	cg22862480	SFMBT2	cg19485539	GFRA1	between_gene	142	0.6901827570092479	2.0824937086391237e-21	3.7966676483899027e-20
SNUH	cg22862480	SFMBT2	cg18672939	GFRA1	between_gene	142	0.6856143556772865	4.831728664384602e-21	8.132890377664146e-20
SNUH	cg22862480	SFMBT2	cg27034576	GFRA1	between_gene	142	0.6665695706750547	1.375679015872965e-19	1.5604985010489416e-18
SNUH	cg22862480	SFMBT2	cg18044663	GFRA1	between_gene	142	0.5980100211445732	3.905623095294038e-15	1.8163584056367457e-14
SNUH	cg22862480	SFMBT2	cg15701178	UNC5C	between_gene	142	0.6289242672221396	5.2527587780657725e-17	3.392190012864753e-16
SNUH	cg22862480	SFMBT2	cg03008707	UNC5C	between_gene	142	0.6840384667774541	6.436406277450895e-21	1.0430176383769805e-19
SNUH	cg22862480	SFMBT2	cg24870497	UNC5C	between_gene	0			
SNUH	cg22862480	SFMBT2	cg13265789	UNC5C	between_gene	142	0.6770601289630358	2.2431181298629677e-20	3.001177026057683e-19
SNUH	cg22862480	SFMBT2	cg12584684	UNC5C	between_gene	142	0.6287817666301335	5.364078717921976e-17	3.455526265446527e-16
SNUH	cg22862480	SFMBT2	cg08327106	RALYL	between_gene	0			
SNUH	cg22862480	SFMBT2	cg09757712	RALYL	between_gene	0			
SNUH	cg22862480	SFMBT2	cg11089595	RALYL	between_gene	142	0.6689082568615083	9.240416103750968e-20	1.0908708422934966e-18
SNUH	cg22862480	SFMBT2	cg01134282	RALYL	between_gene	0			
SNUH	cg22862480	SFMBT2	cg06955749	RALYL	between_gene	142	0.5865345322941967	1.723338003816065e-14	7.370801396649367e-14
SNUH	cg22862480	SFMBT2	cg11666087	BEND5	between_gene	142	0.6696249510154216	8.173634472899436e-20	9.782115752199372e-19
SNUH	cg22862480	SFMBT2	cg16573178	BEND5	between_gene	142	0.6573196057763034	6.413251960943075e-19	6.129001599304206e-18
SNUH	cg22862480	SFMBT2	cg06744574	BEND5	between_gene	142	0.6378473189980532	1.3822626553594952e-17	1.0130121538856525e-16
SNUH	cg22862480	SFMBT2	cg03603214	BEND5	between_gene	142	0.574208231085666	7.964886367745302e-14	3.1390315005207694e-13
SNUH	cg12767281	SFMBT2	cg26878816	SFMBT2	within_gene	142	0.8937616174655434	1.3445750900800552e-50	9.687052353531306e-50
SNUH	cg12767281	SFMBT2	cg12328063	SFMBT2	within_gene	142	0.787913015962162	2.8183937971093354e-31	8.759125820428033e-31
SNUH	cg12767281	SFMBT2	cg16818993	SFMBT2	within_gene	142	0.8618121464989911	4.16903815212202e-43	2.1665329413486566e-42
SNUH	cg12767281	SFMBT2	cg20295442	ADHFE1	between_gene	0			
SNUH	cg12767281	SFMBT2	cg19283840	ADHFE1	between_gene	0			
SNUH	cg12767281	SFMBT2	cg25046651	ADHFE1	between_gene	142	0.5470786330840272	1.8647639830021498e-12	6.237396450836678e-12
SNUH	cg12767281	SFMBT2	cg01588438	ADHFE1	between_gene	142	0.5698829189988914	1.3426013822410702e-13	5.098758378845636e-13
SNUH	cg12767281	SFMBT2	cg08090772	ADHFE1	between_gene	0			
SNUH	cg12767281	SFMBT2	cg09383816	ADHFE1	between_gene	142	0.5702182145094942	1.2896931141983153e-13	4.919311893192112e-13
SNUH	cg12767281	SFMBT2	cg20912169	ADHFE1	between_gene	142	0.5536923370306649	8.87405874603154e-13	3.0869892357861718e-12
SNUH	cg12767281	SFMBT2	cg18065361	ADHFE1	between_gene	142	0.5725778566653605	9.706133871280896e-14	3.7852471255862267e-13
SNUH	cg12767281	SFMBT2	cg04481096	HOXA2	between_gene	142	0.5443962689992058	2.508546767948406e-12	8.232450965506153e-12
SNUH	cg12767281	SFMBT2	cg19598584	HOXA2	between_gene	0			
SNUH	cg12767281	SFMBT2	cg09871315	HOXA2	between_gene	0			
SNUH	cg12767281	SFMBT2	cg13661519	HOXA2	between_gene	142	0.4281199771160814	1.0683183624192292e-07	2.3402540785489243e-07
SNUH	cg12767281	SFMBT2	cg02803819	HOXA2	between_gene	142	0.4412342227745284	3.882271472046055e-08	8.716735172605988e-08
SNUH	cg12767281	SFMBT2	cg03763508	HOXA2	between_gene	142	0.38257008200070836	2.620056224359203e-06	5.382461960120599e-06
SNUH	cg12767281	SFMBT2	cg00188704	HOXA2	between_gene	142	0.47091625785063007	3.333305782253018e-09	8.007914167493668e-09
SNUH	cg12767281	SFMBT2	cg06786372	HOXA2	between_gene	142	0.490166411353106	5.956500861809987e-10	1.5161473900938785e-09
SNUH	cg12767281	SFMBT2	cg19236679	GFRA1	between_gene	142	0.662399332761934	2.7724098569186683e-19	2.9284280634416215e-18
SNUH	cg12767281	SFMBT2	cg06298519	GFRA1	between_gene	142	0.6452531585884898	4.413381098598357e-18	3.5538615080997264e-17
SNUH	cg12767281	SFMBT2	cg19485539	GFRA1	between_gene	142	0.6559365117950674	8.035937936266011e-19	7.46112529384983e-18
SNUH	cg12767281	SFMBT2	cg18672939	GFRA1	between_gene	142	0.6313383948984788	3.676005598274164e-17	2.4466067872186975e-16
SNUH	cg12767281	SFMBT2	cg27034576	GFRA1	between_gene	142	0.6263760213415593	7.630424729758457e-17	4.785523586523994e-16
SNUH	cg12767281	SFMBT2	cg18044663	GFRA1	between_gene	142	0.6049129174691058	1.5536727655948167e-15	7.706335067370488e-15
SNUH	cg12767281	SFMBT2	cg15701178	UNC5C	between_gene	142	0.6610916802705835	3.445814219030056e-19	3.4577420374805446e-18
SNUH	cg12767281	SFMBT2	cg03008707	UNC5C	between_gene	142	0.6274280110060753	6.543115754613399e-17	4.184065932300578e-16
SNUH	cg12767281	SFMBT2	cg24870497	UNC5C	between_gene	0			
SNUH	cg12767281	SFMBT2	cg13265789	UNC5C	between_gene	142	0.6460201470689934	3.914187182803528e-18	3.2113567169605046e-17
SNUH	cg12767281	SFMBT2	cg12584684	UNC5C	between_gene	142	0.679843081701038	1.3690346559054834e-20	1.951809517626998e-19
SNUH	cg12767281	SFMBT2	cg08327106	RALYL	between_gene	0			
SNUH	cg12767281	SFMBT2	cg09757712	RALYL	between_gene	0			
SNUH	cg12767281	SFMBT2	cg11089595	RALYL	between_gene	142	0.5677789396698597	1.7260917639327948e-13	6.479673974245556e-13
SNUH	cg12767281	SFMBT2	cg01134282	RALYL	between_gene	0			
SNUH	cg12767281	SFMBT2	cg06955749	RALYL	between_gene	142	0.571781529827679	1.0685985297409597e-13	4.1303312060654286e-13
SNUH	cg12767281	SFMBT2	cg11666087	BEND5	between_gene	142	0.6290877237835585	5.1278418667489056e-17	3.319736831351835e-16
SNUH	cg12767281	SFMBT2	cg16573178	BEND5	between_gene	142	0.6514016400141663	1.6697798443675482e-18	1.461897857031857e-17
SNUH	cg12767281	SFMBT2	cg06744574	BEND5	between_gene	142	0.5803357565419298	3.7513257866990216e-14	1.5364535286495679e-13
SNUH	cg12767281	SFMBT2	cg03603214	BEND5	between_gene	142	0.5758469878937366	6.522176020082124e-14	2.582148290803378e-13
SNUH	cg26878816	SFMBT2	cg12328063	SFMBT2	within_gene	142	0.8619085439582892	3.9842616150749415e-43	2.105018219964594e-42
SNUH	cg26878816	SFMBT2	cg16818993	SFMBT2	within_gene	142	0.9016787827096489	7.893264264013132e-53	6.584644136032007e-52
SNUH	cg26878816	SFMBT2	cg20295442	ADHFE1	between_gene	0			
SNUH	cg26878816	SFMBT2	cg19283840	ADHFE1	between_gene	0			
SNUH	cg26878816	SFMBT2	cg25046651	ADHFE1	between_gene	142	0.5461649528176349	2.063593549278267e-12	6.85849117205987e-12
SNUH	cg26878816	SFMBT2	cg01588438	ADHFE1	between_gene	142	0.5667604795564041	1.9480783288306131e-13	7.271153590728282e-13
SNUH	cg26878816	SFMBT2	cg08090772	ADHFE1	between_gene	0			
SNUH	cg26878816	SFMBT2	cg09383816	ADHFE1	between_gene	142	0.5653270912485777	2.308081145033184e-13	8.565837421609638e-13
SNUH	cg26878816	SFMBT2	cg20912169	ADHFE1	between_gene	142	0.5698996837744217	1.3399065906069426e-13	5.095942120836026e-13
SNUH	cg26878816	SFMBT2	cg18065361	ADHFE1	between_gene	142	0.5739777154221266	8.191225598312523e-14	3.213670313683815e-13
SNUH	cg26878816	SFMBT2	cg04481096	HOXA2	between_gene	142	0.5288427485011242	1.3311580639295751e-11	4.024323741358357e-11
SNUH	cg26878816	SFMBT2	cg19598584	HOXA2	between_gene	0			
SNUH	cg26878816	SFMBT2	cg09871315	HOXA2	between_gene	0			
SNUH	cg26878816	SFMBT2	cg13661519	HOXA2	between_gene	142	0.4262255574811763	1.232203946578673e-07	2.685731074873649e-07
SNUH	cg26878816	SFMBT2	cg02803819	HOXA2	between_gene	142	0.432830879040049	7.463046403069634e-08	1.6473001747553872e-07
SNUH	cg26878816	SFMBT2	cg03763508	HOXA2	between_gene	142	0.365092803510544	7.920274864615095e-06	1.579816293714127e-05
SNUH	cg26878816	SFMBT2	cg00188704	HOXA2	between_gene	142	0.4544742042494515	1.336687453262904e-08	3.0999267249448147e-08
SNUH	cg26878816	SFMBT2	cg06786372	HOXA2	between_gene	142	0.4747721562225608	2.380976795939318e-09	5.789346188821696e-09
SNUH	cg26878816	SFMBT2	cg19236679	GFRA1	between_gene	142	0.6846336163087736	5.7769889947497484e-21	9.479348608366098e-20
SNUH	cg26878816	SFMBT2	cg06298519	GFRA1	between_gene	142	0.6422019694420055	7.090718393061324e-18	5.4571340081112075e-17
SNUH	cg26878816	SFMBT2	cg19485539	GFRA1	between_gene	142	0.6564394550609713	7.404141010832131e-19	6.973792020671852e-18
SNUH	cg26878816	SFMBT2	cg18672939	GFRA1	between_gene	142	0.6503286943802377	1.9816184156548354e-18	1.700671857382719e-17
SNUH	cg26878816	SFMBT2	cg27034576	GFRA1	between_gene	142	0.6292679451205074	4.993471063084281e-17	3.248869327577778e-16
SNUH	cg26878816	SFMBT2	cg18044663	GFRA1	between_gene	142	0.6179852511887275	2.5476069601994636e-16	1.4576110875351755e-15
SNUH	cg26878816	SFMBT2	cg15701178	UNC5C	between_gene	142	0.6565903380407426	7.224252494377352e-19	6.829012593416851e-18
SNUH	cg26878816	SFMBT2	cg03008707	UNC5C	between_gene	142	0.6081066072075962	1.0065808759171265e-15	5.20033565399561e-15
SNUH	cg26878816	SFMBT2	cg24870497	UNC5C	between_gene	0			
SNUH	cg26878816	SFMBT2	cg13265789	UNC5C	between_gene	142	0.6556557018049377	8.411289356555228e-19	7.754436018110456e-18
SNUH	cg26878816	SFMBT2	cg12584684	UNC5C	between_gene	142	0.633492668554101	2.6662358362097512e-17	1.8549891457789976e-16
SNUH	cg26878816	SFMBT2	cg08327106	RALYL	between_gene	0			
SNUH	cg26878816	SFMBT2	cg09757712	RALYL	between_gene	0			
SNUH	cg26878816	SFMBT2	cg11089595	RALYL	between_gene	142	0.6127630236110907	5.298785611342239e-16	2.898224666664969e-15
SNUH	cg26878816	SFMBT2	cg01134282	RALYL	between_gene	0			
SNUH	cg26878816	SFMBT2	cg06955749	RALYL	between_gene	142	0.6134378058261786	4.824044750686715e-16	2.660873732461235e-15
SNUH	cg26878816	SFMBT2	cg11666087	BEND5	between_gene	142	0.673321584019816	4.3177166153350013e-20	5.44199161807199e-19
SNUH	cg26878816	SFMBT2	cg16573178	BEND5	between_gene	142	0.6668922926040098	1.302450166131546e-19	1.4903914401040368e-18
SNUH	cg26878816	SFMBT2	cg06744574	BEND5	between_gene	142	0.6432162383615785	6.060340457448435e-18	4.762478389603303e-17
SNUH	cg26878816	SFMBT2	cg03603214	BEND5	between_gene	142	0.5602096435180044	4.200543307712714e-13	1.5116162054927547e-12
SNUH	cg12328063	SFMBT2	cg16818993	SFMBT2	within_gene	142	0.8267779568348943	8.502200503653886e-37	3.368996949572852e-36
SNUH	cg12328063	SFMBT2	cg20295442	ADHFE1	between_gene	0			
SNUH	cg12328063	SFMBT2	cg19283840	ADHFE1	between_gene	0			
SNUH	cg12328063	SFMBT2	cg25046651	ADHFE1	between_gene	142	0.6011324605870606	2.5810616642703694e-15	1.2333314802346875e-14
SNUH	cg12328063	SFMBT2	cg01588438	ADHFE1	between_gene	142	0.5915388177899417	9.085929112217816e-15	4.052169069021587e-14
SNUH	cg12328063	SFMBT2	cg08090772	ADHFE1	between_gene	0			
SNUH	cg12328063	SFMBT2	cg09383816	ADHFE1	between_gene	142	0.5829803998818084	2.6973309979149158e-14	1.1259738517696024e-13
SNUH	cg12328063	SFMBT2	cg20912169	ADHFE1	between_gene	142	0.6059313775825613	1.353546037291511e-15	6.8173776279798305e-15
SNUH	cg12328063	SFMBT2	cg18065361	ADHFE1	between_gene	142	0.6209861460086212	1.6621905067367685e-16	9.969321912818917e-16
SNUH	cg12328063	SFMBT2	cg04481096	HOXA2	between_gene	142	0.5568524972180952	6.18734183001067e-13	2.1844079613664193e-12
SNUH	cg12328063	SFMBT2	cg19598584	HOXA2	between_gene	0			
SNUH	cg12328063	SFMBT2	cg09871315	HOXA2	between_gene	0			
SNUH	cg12328063	SFMBT2	cg13661519	HOXA2	between_gene	142	0.4789004821968562	1.6530694925180759e-09	4.0802822194698776e-09
SNUH	cg12328063	SFMBT2	cg02803819	HOXA2	between_gene	142	0.49727886737176524	3.067087231225208e-10	8.066563090994524e-10
SNUH	cg12328063	SFMBT2	cg03763508	HOXA2	between_gene	142	0.405047454792735	5.732274661570924e-07	1.209992280909267e-06
SNUH	cg12328063	SFMBT2	cg00188704	HOXA2	between_gene	142	0.5144879094534474	5.770512032964603e-11	1.6417956263909105e-10
SNUH	cg12328063	SFMBT2	cg06786372	HOXA2	between_gene	142	0.5265753126106737	1.685929918339932e-11	5.044255913932204e-11
SNUH	cg12328063	SFMBT2	cg19236679	GFRA1	between_gene	142	0.7585369380394853	8.054688917766796e-28	1.750250697633314e-25
SNUH	cg12328063	SFMBT2	cg06298519	GFRA1	between_gene	142	0.7064613540490077	9.105760189912333e-23	2.4746800349459664e-21
SNUH	cg12328063	SFMBT2	cg19485539	GFRA1	between_gene	142	0.7375055271369326	1.2332524058340235e-25	9.750168263093839e-24
SNUH	cg12328063	SFMBT2	cg18672939	GFRA1	between_gene	142	0.7383521483012044	1.0166381585811853e-25	8.288777986682227e-24
SNUH	cg12328063	SFMBT2	cg27034576	GFRA1	between_gene	142	0.657260929061948	6.475070984622221e-19	6.165496422948677e-18
SNUH	cg12328063	SFMBT2	cg18044663	GFRA1	between_gene	142	0.66722339692073	1.2312814459378854e-19	1.4151600407277282e-18
SNUH	cg12328063	SFMBT2	cg15701178	UNC5C	between_gene	142	0.681289043590512	1.0569699454255188e-20	1.575791192922959e-19
SNUH	cg12328063	SFMBT2	cg03008707	UNC5C	between_gene	142	0.6617455065162587	3.0912462233496143e-19	3.2260245586876576e-18
SNUH	cg12328063	SFMBT2	cg24870497	UNC5C	between_gene	0			
SNUH	cg12328063	SFMBT2	cg13265789	UNC5C	between_gene	142	0.6788874894958205	1.6229766972473503e-20	2.240394816464728e-19
SNUH	cg12328063	SFMBT2	cg12584684	UNC5C	between_gene	142	0.5949923615491491	5.803662998984295e-15	2.6517962809719837e-14
SNUH	cg12328063	SFMBT2	cg08327106	RALYL	between_gene	0			
SNUH	cg12328063	SFMBT2	cg09757712	RALYL	between_gene	0			
SNUH	cg12328063	SFMBT2	cg11089595	RALYL	between_gene	142	0.6652451534081741	1.720682026880922e-19	1.9103231523967342e-18
SNUH	cg12328063	SFMBT2	cg01134282	RALYL	between_gene	0			
SNUH	cg12328063	SFMBT2	cg06955749	RALYL	between_gene	142	0.60702108799202	1.16723876749266e-15	6.0065600481032545e-15
SNUH	cg12328063	SFMBT2	cg11666087	BEND5	between_gene	142	0.6791724906798327	1.542772081146136e-20	2.1524558073316948e-19
SNUH	cg12328063	SFMBT2	cg16573178	BEND5	between_gene	142	0.6800903621401075	1.309924410344131e-20	1.8777982343889219e-19
SNUH	cg12328063	SFMBT2	cg06744574	BEND5	between_gene	142	0.6636524997328114	2.248607359597723e-19	2.444423583829358e-18
SNUH	cg12328063	SFMBT2	cg03603214	BEND5	between_gene	142	0.5892965290627862	1.2120646738516296e-14	5.350722054279021e-14
SNUH	cg16818993	SFMBT2	cg20295442	ADHFE1	between_gene	0			
SNUH	cg16818993	SFMBT2	cg19283840	ADHFE1	between_gene	0			
SNUH	cg16818993	SFMBT2	cg25046651	ADHFE1	between_gene	142	0.5141358491673146	5.976760006926789e-11	1.6967755014224148e-10
SNUH	cg16818993	SFMBT2	cg01588438	ADHFE1	between_gene	142	0.5485832716878567	1.5771537685638068e-12	5.323149006705009e-12
SNUH	cg16818993	SFMBT2	cg08090772	ADHFE1	between_gene	0			
SNUH	cg16818993	SFMBT2	cg09383816	ADHFE1	between_gene	142	0.5395470576771146	4.259806753161061e-12	1.3499917522901084e-11
SNUH	cg16818993	SFMBT2	cg20912169	ADHFE1	between_gene	142	0.5516805639670489	1.1142222152703964e-12	3.830047114150809e-12
SNUH	cg16818993	SFMBT2	cg18065361	ADHFE1	between_gene	142	0.551194385476675	1.1769594223668528e-12	4.035068505854295e-12
SNUH	cg16818993	SFMBT2	cg04481096	HOXA2	between_gene	142	0.5262022963551284	1.7524561609726117e-11	5.2253235702600505e-11
SNUH	cg16818993	SFMBT2	cg19598584	HOXA2	between_gene	0			
SNUH	cg16818993	SFMBT2	cg09871315	HOXA2	between_gene	0			
SNUH	cg16818993	SFMBT2	cg13661519	HOXA2	between_gene	142	0.4135220488232176	3.1379957855059367e-07	6.72722350401396e-07
SNUH	cg16818993	SFMBT2	cg02803819	HOXA2	between_gene	142	0.436846042779516	5.473417176598414e-08	1.2153315245740648e-07
SNUH	cg16818993	SFMBT2	cg03763508	HOXA2	between_gene	142	0.36654295659390057	7.243207241115866e-06	1.4503091091382423e-05
SNUH	cg16818993	SFMBT2	cg00188704	HOXA2	between_gene	142	0.45156970688885584	1.6955319753734675e-08	3.883795367646512e-08
SNUH	cg16818993	SFMBT2	cg06786372	HOXA2	between_gene	142	0.4699271360943522	3.631342906339843e-09	8.675983189231365e-09
SNUH	cg16818993	SFMBT2	cg19236679	GFRA1	between_gene	142	0.7108704900134329	3.758670493740499e-23	1.1958989412401173e-21
SNUH	cg16818993	SFMBT2	cg06298519	GFRA1	between_gene	142	0.6631956595996152	2.427267303709348e-19	2.5847919981133424e-18
SNUH	cg16818993	SFMBT2	cg19485539	GFRA1	between_gene	142	0.7117380671471173	3.1518980214642227e-23	1.0152224614815008e-21
SNUH	cg16818993	SFMBT2	cg18672939	GFRA1	between_gene	142	0.7260090823171436	1.5812584764974897e-24	7.639821046633241e-23
SNUH	cg16818993	SFMBT2	cg27034576	GFRA1	between_gene	142	0.6903043016318414	2.0359479463583918e-21	3.740695909893693e-20
SNUH	cg16818993	SFMBT2	cg18044663	GFRA1	between_gene	142	0.6528937050363481	1.3144756779452923e-18	1.1664853890337644e-17
SNUH	cg16818993	SFMBT2	cg15701178	UNC5C	between_gene	142	0.7150449191204361	1.6014892613915005e-23	5.6032505869881325e-22
SNUH	cg16818993	SFMBT2	cg03008707	UNC5C	between_gene	142	0.5872051233154021	1.5826834123327954e-14	6.825158715332666e-14
SNUH	cg16818993	SFMBT2	cg24870497	UNC5C	between_gene	0			
SNUH	cg16818993	SFMBT2	cg13265789	UNC5C	between_gene	142	0.661644917863078	3.143376333571617e-19	3.254392402495377e-18
SNUH	cg16818993	SFMBT2	cg12584684	UNC5C	between_gene	142	0.6844701597473548	5.951208304579749e-21	9.704189041655353e-20
SNUH	cg16818993	SFMBT2	cg08327106	RALYL	between_gene	0			
SNUH	cg16818993	SFMBT2	cg09757712	RALYL	between_gene	0			
SNUH	cg16818993	SFMBT2	cg11089595	RALYL	between_gene	142	0.5843299643119841	2.2768451880363035e-14	9.581111444494702e-14
SNUH	cg16818993	SFMBT2	cg01134282	RALYL	between_gene	0			
SNUH	cg16818993	SFMBT2	cg06955749	RALYL	between_gene	142	0.5678166604148025	1.7183609752597705e-13	6.469269530234836e-13
SNUH	cg16818993	SFMBT2	cg11666087	BEND5	between_gene	142	0.6192300357718398	2.1352424877499214e-16	1.2462746421788691e-15
SNUH	cg16818993	SFMBT2	cg16573178	BEND5	between_gene	142	0.632667003359242	3.016373468390499e-17	2.049405827872607e-16
SNUH	cg16818993	SFMBT2	cg06744574	BEND5	between_gene	142	0.5964886177652136	4.771312187493178e-15	2.203248406578708e-14
SNUH	cg16818993	SFMBT2	cg03603214	BEND5	between_gene	142	0.589568956665151	1.1704998303618937e-14	5.1847776866115124e-14
SNUH	cg20295442	ADHFE1	cg19283840	ADHFE1	within_gene	0			
SNUH	cg20295442	ADHFE1	cg25046651	ADHFE1	within_gene	0			
SNUH	cg20295442	ADHFE1	cg01588438	ADHFE1	within_gene	0			
SNUH	cg20295442	ADHFE1	cg08090772	ADHFE1	within_gene	0			
SNUH	cg20295442	ADHFE1	cg09383816	ADHFE1	within_gene	0			
SNUH	cg20295442	ADHFE1	cg20912169	ADHFE1	within_gene	0			
SNUH	cg20295442	ADHFE1	cg18065361	ADHFE1	within_gene	0			
SNUH	cg20295442	ADHFE1	cg04481096	HOXA2	between_gene	0			
SNUH	cg20295442	ADHFE1	cg19598584	HOXA2	between_gene	0			
SNUH	cg20295442	ADHFE1	cg09871315	HOXA2	between_gene	0			
SNUH	cg20295442	ADHFE1	cg13661519	HOXA2	between_gene	0			
SNUH	cg20295442	ADHFE1	cg02803819	HOXA2	between_gene	0			
SNUH	cg20295442	ADHFE1	cg03763508	HOXA2	between_gene	0			
SNUH	cg20295442	ADHFE1	cg00188704	HOXA2	between_gene	0			
SNUH	cg20295442	ADHFE1	cg06786372	HOXA2	between_gene	0			
SNUH	cg20295442	ADHFE1	cg19236679	GFRA1	between_gene	0			
SNUH	cg20295442	ADHFE1	cg06298519	GFRA1	between_gene	0			
SNUH	cg20295442	ADHFE1	cg19485539	GFRA1	between_gene	0			
SNUH	cg20295442	ADHFE1	cg18672939	GFRA1	between_gene	0			
SNUH	cg20295442	ADHFE1	cg27034576	GFRA1	between_gene	0			
SNUH	cg20295442	ADHFE1	cg18044663	GFRA1	between_gene	0			
SNUH	cg20295442	ADHFE1	cg15701178	UNC5C	between_gene	0			
SNUH	cg20295442	ADHFE1	cg03008707	UNC5C	between_gene	0			
SNUH	cg20295442	ADHFE1	cg24870497	UNC5C	between_gene	0			
SNUH	cg20295442	ADHFE1	cg13265789	UNC5C	between_gene	0			
SNUH	cg20295442	ADHFE1	cg12584684	UNC5C	between_gene	0			
SNUH	cg20295442	ADHFE1	cg08327106	RALYL	between_gene	0			
SNUH	cg20295442	ADHFE1	cg09757712	RALYL	between_gene	0			
SNUH	cg20295442	ADHFE1	cg11089595	RALYL	between_gene	0			
SNUH	cg20295442	ADHFE1	cg01134282	RALYL	between_gene	0			
SNUH	cg20295442	ADHFE1	cg06955749	RALYL	between_gene	0			
SNUH	cg20295442	ADHFE1	cg11666087	BEND5	between_gene	0			
SNUH	cg20295442	ADHFE1	cg16573178	BEND5	between_gene	0			
SNUH	cg20295442	ADHFE1	cg06744574	BEND5	between_gene	0			
SNUH	cg20295442	ADHFE1	cg03603214	BEND5	between_gene	0			
SNUH	cg19283840	ADHFE1	cg25046651	ADHFE1	within_gene	0			
SNUH	cg19283840	ADHFE1	cg01588438	ADHFE1	within_gene	0			
SNUH	cg19283840	ADHFE1	cg08090772	ADHFE1	within_gene	0			
SNUH	cg19283840	ADHFE1	cg09383816	ADHFE1	within_gene	0			
SNUH	cg19283840	ADHFE1	cg20912169	ADHFE1	within_gene	0			
SNUH	cg19283840	ADHFE1	cg18065361	ADHFE1	within_gene	0			
SNUH	cg19283840	ADHFE1	cg04481096	HOXA2	between_gene	0			
SNUH	cg19283840	ADHFE1	cg19598584	HOXA2	between_gene	0			
SNUH	cg19283840	ADHFE1	cg09871315	HOXA2	between_gene	0			
SNUH	cg19283840	ADHFE1	cg13661519	HOXA2	between_gene	0			
SNUH	cg19283840	ADHFE1	cg02803819	HOXA2	between_gene	0			
SNUH	cg19283840	ADHFE1	cg03763508	HOXA2	between_gene	0			
SNUH	cg19283840	ADHFE1	cg00188704	HOXA2	between_gene	0			
SNUH	cg19283840	ADHFE1	cg06786372	HOXA2	between_gene	0			
SNUH	cg19283840	ADHFE1	cg19236679	GFRA1	between_gene	0			
SNUH	cg19283840	ADHFE1	cg06298519	GFRA1	between_gene	0			
SNUH	cg19283840	ADHFE1	cg19485539	GFRA1	between_gene	0			
SNUH	cg19283840	ADHFE1	cg18672939	GFRA1	between_gene	0			
SNUH	cg19283840	ADHFE1	cg27034576	GFRA1	between_gene	0			
SNUH	cg19283840	ADHFE1	cg18044663	GFRA1	between_gene	0			
SNUH	cg19283840	ADHFE1	cg15701178	UNC5C	between_gene	0			
SNUH	cg19283840	ADHFE1	cg03008707	UNC5C	between_gene	0			
SNUH	cg19283840	ADHFE1	cg24870497	UNC5C	between_gene	0			
SNUH	cg19283840	ADHFE1	cg13265789	UNC5C	between_gene	0			
SNUH	cg19283840	ADHFE1	cg12584684	UNC5C	between_gene	0			
SNUH	cg19283840	ADHFE1	cg08327106	RALYL	between_gene	0			
SNUH	cg19283840	ADHFE1	cg09757712	RALYL	between_gene	0			
SNUH	cg19283840	ADHFE1	cg11089595	RALYL	between_gene	0			
SNUH	cg19283840	ADHFE1	cg01134282	RALYL	between_gene	0			
SNUH	cg19283840	ADHFE1	cg06955749	RALYL	between_gene	0			
SNUH	cg19283840	ADHFE1	cg11666087	BEND5	between_gene	0			
SNUH	cg19283840	ADHFE1	cg16573178	BEND5	between_gene	0			
SNUH	cg19283840	ADHFE1	cg06744574	BEND5	between_gene	0			
SNUH	cg19283840	ADHFE1	cg03603214	BEND5	between_gene	0			
SNUH	cg25046651	ADHFE1	cg01588438	ADHFE1	within_gene	142	0.9337917102376199	2.343942978757627e-64	3.377408746664399e-63
SNUH	cg25046651	ADHFE1	cg08090772	ADHFE1	within_gene	0			
SNUH	cg25046651	ADHFE1	cg09383816	ADHFE1	within_gene	142	0.9026050365576886	4.206004351050347e-53	3.6035226467107034e-52
SNUH	cg25046651	ADHFE1	cg20912169	ADHFE1	within_gene	142	0.9224503395914844	1.0071065456538632e-59	1.140188482043838e-58
SNUH	cg25046651	ADHFE1	cg18065361	ADHFE1	within_gene	142	0.9149103817968068	5.103647043237604e-57	4.902594280928244e-56
SNUH	cg25046651	ADHFE1	cg04481096	HOXA2	between_gene	142	0.7350578699095331	2.1466605303135545e-25	1.4738519272600167e-23
SNUH	cg25046651	ADHFE1	cg19598584	HOXA2	between_gene	0			
SNUH	cg25046651	ADHFE1	cg09871315	HOXA2	between_gene	0			
SNUH	cg25046651	ADHFE1	cg13661519	HOXA2	between_gene	142	0.6951451305661676	8.200010010067387e-22	1.6845532375012452e-20
SNUH	cg25046651	ADHFE1	cg02803819	HOXA2	between_gene	142	0.7332514653461613	3.2189108495609054e-25	2.0995346016261005e-23
SNUH	cg25046651	ADHFE1	cg03763508	HOXA2	between_gene	142	0.6599893962794773	4.1355198730494566e-19	4.086958844237133e-18
SNUH	cg25046651	ADHFE1	cg00188704	HOXA2	between_gene	142	0.709629896624203	4.829294180368124e-23	1.4999557757833852e-21
SNUH	cg25046651	ADHFE1	cg06786372	HOXA2	between_gene	142	0.7150155807632583	1.6112062714453272e-23	5.6032505869881325e-22
SNUH	cg25046651	ADHFE1	cg19236679	GFRA1	between_gene	142	0.5806920080219451	3.588914785511986e-14	1.4745635709292552e-13
SNUH	cg25046651	ADHFE1	cg06298519	GFRA1	between_gene	142	0.5490317294332877	1.5001017180915426e-12	5.082812185066019e-12
SNUH	cg25046651	ADHFE1	cg19485539	GFRA1	between_gene	142	0.5918028630045412	8.781477411688627e-15	3.936576386098905e-14
SNUH	cg25046651	ADHFE1	cg18672939	GFRA1	between_gene	142	0.5046050742784336	1.523335690778555e-10	4.114267926750776e-10
SNUH	cg25046651	ADHFE1	cg27034576	GFRA1	between_gene	142	0.5400751481063139	4.022757783117128e-12	1.2814865758428069e-11
SNUH	cg25046651	ADHFE1	cg18044663	GFRA1	between_gene	142	0.5623261964286836	3.2831334858001736e-13	1.1946576379989752e-12
SNUH	cg25046651	ADHFE1	cg15701178	UNC5C	between_gene	142	0.46547608819110164	5.320800741935289e-09	1.2562867996116894e-08
SNUH	cg25046651	ADHFE1	cg03008707	UNC5C	between_gene	142	0.5494047456888332	1.4388057686493972e-12	4.9069859482435e-12
SNUH	cg25046651	ADHFE1	cg24870497	UNC5C	between_gene	0			
SNUH	cg25046651	ADHFE1	cg13265789	UNC5C	between_gene	142	0.6789126366591156	1.615738883026721e-20	2.240394816464728e-19
SNUH	cg25046651	ADHFE1	cg12584684	UNC5C	between_gene	142	0.5113277492660172	7.897549385515255e-11	2.1990081480052614e-10
SNUH	cg25046651	ADHFE1	cg08327106	RALYL	between_gene	0			
SNUH	cg25046651	ADHFE1	cg09757712	RALYL	between_gene	0			
SNUH	cg25046651	ADHFE1	cg11089595	RALYL	between_gene	142	0.5927374992403461	7.781541889820406e-15	3.5063977185736506e-14
SNUH	cg25046651	ADHFE1	cg01134282	RALYL	between_gene	0			
SNUH	cg25046651	ADHFE1	cg06955749	RALYL	between_gene	142	0.4197082509938369	2.0000571733996067e-07	4.3125199714046066e-07
SNUH	cg25046651	ADHFE1	cg11666087	BEND5	between_gene	142	0.5591366978840758	4.75627533991368e-13	1.7045497749773064e-12
SNUH	cg25046651	ADHFE1	cg16573178	BEND5	between_gene	142	0.5067803039034684	1.23355980357472e-10	3.3629650235386045e-10
SNUH	cg25046651	ADHFE1	cg06744574	BEND5	between_gene	142	0.6250474128807962	9.257793598064091e-17	5.723597985153842e-16
SNUH	cg25046651	ADHFE1	cg03603214	BEND5	between_gene	142	0.3314123694705055	5.6064822807192386e-05	0.00010924056960714336
SNUH	cg01588438	ADHFE1	cg08090772	ADHFE1	within_gene	0			
SNUH	cg01588438	ADHFE1	cg09383816	ADHFE1	within_gene	142	0.974194819265242	2.1680764880570222e-92	3.4364012335703804e-90
SNUH	cg01588438	ADHFE1	cg20912169	ADHFE1	within_gene	142	0.9565205546625986	8.529253290393401e-77	2.0798256100420834e-75
SNUH	cg01588438	ADHFE1	cg18065361	ADHFE1	within_gene	142	0.9735032722746239	1.3480347530826416e-91	1.4244233890906578e-89
SNUH	cg01588438	ADHFE1	cg04481096	HOXA2	between_gene	142	0.7178949309605589	8.866112782480757e-24	3.4017188602194553e-22
SNUH	cg01588438	ADHFE1	cg19598584	HOXA2	between_gene	0			
SNUH	cg01588438	ADHFE1	cg09871315	HOXA2	between_gene	0			
SNUH	cg01588438	ADHFE1	cg13661519	HOXA2	between_gene	142	0.6366821670987091	1.6495848481730903e-17	1.192179188056397e-16
SNUH	cg01588438	ADHFE1	cg02803819	HOXA2	between_gene	142	0.6833930229195438	7.234798230787298e-21	1.123546939531194e-19
SNUH	cg01588438	ADHFE1	cg03763508	HOXA2	between_gene	142	0.66724016169626	1.2277808956376481e-19	1.4151600407277282e-18
SNUH	cg01588438	ADHFE1	cg00188704	HOXA2	between_gene	142	0.6542642254359365	1.053890140057374e-18	9.481377156585135e-18
SNUH	cg01588438	ADHFE1	cg06786372	HOXA2	between_gene	142	0.6795245509659655	1.4490323296900474e-20	2.032540509764158e-19
SNUH	cg01588438	ADHFE1	cg19236679	GFRA1	between_gene	142	0.6031777632017369	1.9628995172591904e-15	9.572345496316314e-15
SNUH	cg01588438	ADHFE1	cg06298519	GFRA1	between_gene	142	0.5740950688508375	8.075227980532414e-14	3.1729321989772693e-13
SNUH	cg01588438	ADHFE1	cg19485539	GFRA1	between_gene	142	0.6206885712429614	1.734440612618421e-16	1.0355047044213868e-15
SNUH	cg01588438	ADHFE1	cg18672939	GFRA1	between_gene	142	0.5323759249441	9.17941563787512e-12	2.8088766517281207e-11
SNUH	cg01588438	ADHFE1	cg27034576	GFRA1	between_gene	142	0.5759852972918601	6.41277046951998e-14	2.550444840697809e-13
SNUH	cg01588438	ADHFE1	cg18044663	GFRA1	between_gene	142	0.5891163077258373	1.2403471124844046e-14	5.4571089653824813e-14
SNUH	cg01588438	ADHFE1	cg15701178	UNC5C	between_gene	142	0.4825635856501904	1.1910012912666533e-09	2.9763624223320863e-09
SNUH	cg01588438	ADHFE1	cg03008707	UNC5C	between_gene	142	0.5138382744016547	6.15663411867058e-11	1.7440454305767148e-10
SNUH	cg01588438	ADHFE1	cg24870497	UNC5C	between_gene	0			
SNUH	cg01588438	ADHFE1	cg13265789	UNC5C	between_gene	142	0.6635686758551609	2.2803969693916455e-19	2.4686953083580094e-18
SNUH	cg01588438	ADHFE1	cg12584684	UNC5C	between_gene	142	0.5284278203067535	1.3901561492323089e-11	4.188126320262233e-11
SNUH	cg01588438	ADHFE1	cg08327106	RALYL	between_gene	0			
SNUH	cg01588438	ADHFE1	cg09757712	RALYL	between_gene	0			
SNUH	cg01588438	ADHFE1	cg11089595	RALYL	between_gene	142	0.5543252073069275	8.258267185411331e-13	2.8804570971575085e-12
SNUH	cg01588438	ADHFE1	cg01134282	RALYL	between_gene	0			
SNUH	cg01588438	ADHFE1	cg06955749	RALYL	between_gene	142	0.37603601073783877	3.992017070550415e-06	8.092597153897461e-06
SNUH	cg01588438	ADHFE1	cg11666087	BEND5	between_gene	142	0.5430760429262078	2.899994179691022e-12	9.457606018517346e-12
SNUH	cg01588438	ADHFE1	cg16573178	BEND5	between_gene	142	0.4936744406327865	4.3016837099083494e-10	1.1122985925818517e-09
SNUH	cg01588438	ADHFE1	cg06744574	BEND5	between_gene	142	0.6104327198124022	7.314923431523708e-16	3.873359140909283e-15
SNUH	cg01588438	ADHFE1	cg03603214	BEND5	between_gene	142	0.35888983656439455	1.1551441077324492e-05	2.2953320465148208e-05
SNUH	cg08090772	ADHFE1	cg09383816	ADHFE1	within_gene	0			
SNUH	cg08090772	ADHFE1	cg20912169	ADHFE1	within_gene	0			
SNUH	cg08090772	ADHFE1	cg18065361	ADHFE1	within_gene	0			
SNUH	cg08090772	ADHFE1	cg04481096	HOXA2	between_gene	0			
SNUH	cg08090772	ADHFE1	cg19598584	HOXA2	between_gene	0			
SNUH	cg08090772	ADHFE1	cg09871315	HOXA2	between_gene	0			
SNUH	cg08090772	ADHFE1	cg13661519	HOXA2	between_gene	0			
SNUH	cg08090772	ADHFE1	cg02803819	HOXA2	between_gene	0			
SNUH	cg08090772	ADHFE1	cg03763508	HOXA2	between_gene	0			
SNUH	cg08090772	ADHFE1	cg00188704	HOXA2	between_gene	0			
SNUH	cg08090772	ADHFE1	cg06786372	HOXA2	between_gene	0			
SNUH	cg08090772	ADHFE1	cg19236679	GFRA1	between_gene	0			
SNUH	cg08090772	ADHFE1	cg06298519	GFRA1	between_gene	0			
SNUH	cg08090772	ADHFE1	cg19485539	GFRA1	between_gene	0			
SNUH	cg08090772	ADHFE1	cg18672939	GFRA1	between_gene	0			
SNUH	cg08090772	ADHFE1	cg27034576	GFRA1	between_gene	0			
SNUH	cg08090772	ADHFE1	cg18044663	GFRA1	between_gene	0			
SNUH	cg08090772	ADHFE1	cg15701178	UNC5C	between_gene	0			
SNUH	cg08090772	ADHFE1	cg03008707	UNC5C	between_gene	0			
SNUH	cg08090772	ADHFE1	cg24870497	UNC5C	between_gene	0			
SNUH	cg08090772	ADHFE1	cg13265789	UNC5C	between_gene	0			
SNUH	cg08090772	ADHFE1	cg12584684	UNC5C	between_gene	0			
SNUH	cg08090772	ADHFE1	cg08327106	RALYL	between_gene	0			
SNUH	cg08090772	ADHFE1	cg09757712	RALYL	between_gene	0			
SNUH	cg08090772	ADHFE1	cg11089595	RALYL	between_gene	0			
SNUH	cg08090772	ADHFE1	cg01134282	RALYL	between_gene	0			
SNUH	cg08090772	ADHFE1	cg06955749	RALYL	between_gene	0			
SNUH	cg08090772	ADHFE1	cg11666087	BEND5	between_gene	0			
SNUH	cg08090772	ADHFE1	cg16573178	BEND5	between_gene	0			
SNUH	cg08090772	ADHFE1	cg06744574	BEND5	between_gene	0			
SNUH	cg08090772	ADHFE1	cg03603214	BEND5	between_gene	0			
SNUH	cg09383816	ADHFE1	cg20912169	ADHFE1	within_gene	142	0.9360004694137151	2.3558642034324866e-65	3.734044762440491e-64
SNUH	cg09383816	ADHFE1	cg18065361	ADHFE1	within_gene	142	0.9717429708439598	1.1448403154390906e-89	6.048572999903195e-88
SNUH	cg09383816	ADHFE1	cg04481096	HOXA2	between_gene	142	0.6859496511878892	4.544676988008231e-21	7.749713896544755e-20
SNUH	cg09383816	ADHFE1	cg19598584	HOXA2	between_gene	0			
SNUH	cg09383816	ADHFE1	cg09871315	HOXA2	between_gene	0			
SNUH	cg09383816	ADHFE1	cg13661519	HOXA2	between_gene	142	0.6096489665563685	8.147966594068608e-16	4.285896137888104e-15
SNUH	cg09383816	ADHFE1	cg02803819	HOXA2	between_gene	142	0.6427593982283824	6.504947361607714e-18	5.036026013778791e-17
SNUH	cg09383816	ADHFE1	cg03763508	HOXA2	between_gene	142	0.6505089157171866	1.9255314125096737e-18	1.6701222948719488e-17
SNUH	cg09383816	ADHFE1	cg00188704	HOXA2	between_gene	142	0.6269124941585236	7.055589853727474e-17	4.473445870148948e-16
SNUH	cg09383816	ADHFE1	cg06786372	HOXA2	between_gene	142	0.6489623651745319	2.461969854318188e-18	2.085480308414335e-17
SNUH	cg09383816	ADHFE1	cg19236679	GFRA1	between_gene	142	0.5892462347361959	1.2198936887097699e-14	5.376186881492888e-14
SNUH	cg09383816	ADHFE1	cg06298519	GFRA1	between_gene	142	0.5817481888803435	3.1465839023572516e-14	1.2989616141218463e-13
SNUH	cg09383816	ADHFE1	cg19485539	GFRA1	between_gene	142	0.6091502144843469	8.725471586610165e-16	4.562075224341867e-15
SNUH	cg09383816	ADHFE1	cg18672939	GFRA1	between_gene	142	0.5309341542485085	1.0688298403551486e-11	3.250089805928418e-11
SNUH	cg09383816	ADHFE1	cg27034576	GFRA1	between_gene	142	0.5822553233401301	2.953504369030138e-14	1.2231258569523222e-13
SNUH	cg09383816	ADHFE1	cg18044663	GFRA1	between_gene	142	0.5944265503750071	6.248197728844629e-15	2.849920957090146e-14
SNUH	cg09383816	ADHFE1	cg15701178	UNC5C	between_gene	142	0.4950659170017876	3.776816267542623e-10	9.843869772246458e-10
SNUH	cg09383816	ADHFE1	cg03008707	UNC5C	between_gene	142	0.5211393341450279	2.949615507173602e-11	8.627294684098574e-11
SNUH	cg09383816	ADHFE1	cg24870497	UNC5C	between_gene	0			
SNUH	cg09383816	ADHFE1	cg13265789	UNC5C	between_gene	142	0.6608863117703394	3.565169029177426e-19	3.563803064032147e-18
SNUH	cg09383816	ADHFE1	cg12584684	UNC5C	between_gene	142	0.5381807284714087	4.937709238652429e-12	1.5483754090918494e-11
SNUH	cg09383816	ADHFE1	cg08327106	RALYL	between_gene	0			
SNUH	cg09383816	ADHFE1	cg09757712	RALYL	between_gene	0			
SNUH	cg09383816	ADHFE1	cg11089595	RALYL	between_gene	142	0.5363198383875639	6.0313356390220494e-12	1.8822673064842738e-11
SNUH	cg09383816	ADHFE1	cg01134282	RALYL	between_gene	0			
SNUH	cg09383816	ADHFE1	cg06955749	RALYL	between_gene	142	0.37644255654444453	3.889811564054006e-06	7.903830506710982e-06
SNUH	cg09383816	ADHFE1	cg11666087	BEND5	between_gene	142	0.5172792445792147	4.361867093659743e-11	1.260255952088402e-10
SNUH	cg09383816	ADHFE1	cg16573178	BEND5	between_gene	142	0.4645204959858841	5.771487908393505e-09	1.3577828632099778e-08
SNUH	cg09383816	ADHFE1	cg06744574	BEND5	between_gene	142	0.5876954929996585	1.4869664263271278e-14	6.476620043885603e-14
SNUH	cg09383816	ADHFE1	cg03603214	BEND5	between_gene	142	0.36929237978084245	6.107066525209833e-06	1.2284762192962571e-05
SNUH	cg20912169	ADHFE1	cg18065361	ADHFE1	within_gene	142	0.9465958075487595	1.0743884919595108e-70	2.432722513936892e-69
SNUH	cg20912169	ADHFE1	cg04481096	HOXA2	between_gene	142	0.696524033353521	6.30781149043364e-22	1.3489409982410957e-20
SNUH	cg20912169	ADHFE1	cg19598584	HOXA2	between_gene	0			
SNUH	cg20912169	ADHFE1	cg09871315	HOXA2	between_gene	0			
SNUH	cg20912169	ADHFE1	cg13661519	HOXA2	between_gene	142	0.6239996144101628	1.0775529299387681e-16	6.553229823333907e-16
SNUH	cg20912169	ADHFE1	cg02803819	HOXA2	between_gene	142	0.6737197474386567	4.0286762213527843e-20	5.196672534538858e-19
SNUH	cg20912169	ADHFE1	cg03763508	HOXA2	between_gene	142	0.6392178393976417	1.1216353283226928e-17	8.337169719640756e-17
SNUH	cg20912169	ADHFE1	cg00188704	HOXA2	between_gene	142	0.6391088683566959	1.1404680289300076e-17	8.453071271245425e-17
SNUH	cg20912169	ADHFE1	cg06786372	HOXA2	between_gene	142	0.6649852993874571	1.7976711191957596e-19	1.9873406567719224e-18
SNUH	cg20912169	ADHFE1	cg19236679	GFRA1	between_gene	142	0.6060654957868025	1.32914022968461e-15	6.7204008900138516e-15
SNUH	cg20912169	ADHFE1	cg06298519	GFRA1	between_gene	142	0.5636128929506214	2.8239634331144433e-13	1.0347922186791548e-12
SNUH	cg20912169	ADHFE1	cg19485539	GFRA1	between_gene	142	0.6160614931966446	3.3417928650598287e-16	1.8953777358567594e-15
SNUH	cg20912169	ADHFE1	cg18672939	GFRA1	between_gene	142	0.51606379835328	4.928691817192425e-11	1.4130721924236305e-10
SNUH	cg20912169	ADHFE1	cg27034576	GFRA1	between_gene	142	0.5483443736365522	1.6197540372812517e-12	5.452823591311982e-12
SNUH	cg20912169	ADHFE1	cg18044663	GFRA1	between_gene	142	0.6020377584656879	2.287046649654998e-15	1.1009049278505334e-14
SNUH	cg20912169	ADHFE1	cg15701178	UNC5C	between_gene	142	0.479378278299465	1.5842179926158661e-09	3.921465600317643e-09
SNUH	cg20912169	ADHFE1	cg03008707	UNC5C	between_gene	142	0.49835181300569376	2.7711687253640856e-10	7.325206894098175e-10
SNUH	cg20912169	ADHFE1	cg24870497	UNC5C	between_gene	0			
SNUH	cg20912169	ADHFE1	cg13265789	UNC5C	between_gene	142	0.6503789887068282	1.9658077239359013e-18	1.6926707431514082e-17
SNUH	cg20912169	ADHFE1	cg12584684	UNC5C	between_gene	142	0.5117845893992135	7.548801547434362e-11	2.1063982071931818e-10
SNUH	cg20912169	ADHFE1	cg08327106	RALYL	between_gene	0			
SNUH	cg20912169	ADHFE1	cg09757712	RALYL	between_gene	0			
SNUH	cg20912169	ADHFE1	cg11089595	RALYL	between_gene	142	0.5451925958368872	2.297758269184129e-12	7.588419397849864e-12
SNUH	cg20912169	ADHFE1	cg01134282	RALYL	between_gene	0			
SNUH	cg20912169	ADHFE1	cg06955749	RALYL	between_gene	142	0.3514001730963074	1.803139709811259e-05	3.550484153130245e-05
SNUH	cg20912169	ADHFE1	cg11666087	BEND5	between_gene	142	0.534127843986999	7.622231400662401e-12	2.3534203224057044e-11
SNUH	cg20912169	ADHFE1	cg16573178	BEND5	between_gene	142	0.4738417111806384	2.58333342347191e-09	6.263863291671201e-09
SNUH	cg20912169	ADHFE1	cg06744574	BEND5	between_gene	142	0.5855873224767442	1.9429206606366773e-14	8.269298537685304e-14
SNUH	cg20912169	ADHFE1	cg03603214	BEND5	between_gene	142	0.3425944747491047	3.0007005109742266e-05	5.881914074479157e-05
SNUH	cg18065361	ADHFE1	cg04481096	HOXA2	between_gene	142	0.7082132730919066	6.419208445213458e-23	1.9250246935128635e-21
SNUH	cg18065361	ADHFE1	cg19598584	HOXA2	between_gene	0			
SNUH	cg18065361	ADHFE1	cg09871315	HOXA2	between_gene	0			
SNUH	cg18065361	ADHFE1	cg13661519	HOXA2	between_gene	142	0.6202443046914129	1.8480371951304958e-16	1.0908436746822316e-15
SNUH	cg18065361	ADHFE1	cg02803819	HOXA2	between_gene	142	0.6599935874733598	4.13265789732379e-19	4.086958844237133e-18
SNUH	cg18065361	ADHFE1	cg03763508	HOXA2	between_gene	142	0.6579063729198581	5.825926416252679e-19	5.629571118519718e-18
SNUH	cg18065361	ADHFE1	cg00188704	HOXA2	between_gene	142	0.6381993792841861	1.3101621414975082e-17	9.655969003296607e-17
SNUH	cg18065361	ADHFE1	cg06786372	HOXA2	between_gene	142	0.6595828504728715	4.422532166043318e-19	4.321493041650568e-18
SNUH	cg18065361	ADHFE1	cg19236679	GFRA1	between_gene	142	0.6244690281250066	1.0067744100574371e-16	6.151462379016051e-16
SNUH	cg18065361	ADHFE1	cg06298519	GFRA1	between_gene	142	0.5939655190479284	6.634762103730878e-15	3.0104511875884974e-14
SNUH	cg18065361	ADHFE1	cg19485539	GFRA1	between_gene	142	0.6329687693187843	2.883492654545693e-17	1.974549169477615e-16
SNUH	cg18065361	ADHFE1	cg18672939	GFRA1	between_gene	142	0.553260644060764	9.319433066073213e-13	3.2290040995199222e-12
SNUH	cg18065361	ADHFE1	cg27034576	GFRA1	between_gene	142	0.5939277983029857	6.667400845313362e-15	3.020008473163639e-14
SNUH	cg18065361	ADHFE1	cg18044663	GFRA1	between_gene	142	0.6027041582930106	2.0917311811904995e-15	1.0087479947737549e-14
SNUH	cg18065361	ADHFE1	cg15701178	UNC5C	between_gene	142	0.48582433449080137	8.866512856223576e-10	2.228586901915926e-09
SNUH	cg18065361	ADHFE1	cg03008707	UNC5C	between_gene	142	0.5384615384615385	4.790356122087408e-12	1.5112501961942018e-11
SNUH	cg18065361	ADHFE1	cg24870497	UNC5C	between_gene	0			
SNUH	cg18065361	ADHFE1	cg13265789	UNC5C	between_gene	142	0.6560203356727181	7.927099082756775e-19	7.386357681040152e-18
SNUH	cg18065361	ADHFE1	cg12584684	UNC5C	between_gene	142	0.5409594900155283	3.6541484335310994e-12	1.1726535378945434e-11
SNUH	cg18065361	ADHFE1	cg08327106	RALYL	between_gene	0			
SNUH	cg18065361	ADHFE1	cg09757712	RALYL	between_gene	0			
SNUH	cg18065361	ADHFE1	cg11089595	RALYL	between_gene	142	0.5482018730445462	1.6456941158265668e-12	5.533010242514836e-12
SNUH	cg18065361	ADHFE1	cg01134282	RALYL	between_gene	0			
SNUH	cg18065361	ADHFE1	cg06955749	RALYL	between_gene	142	0.3830269221339045	2.5431729955064406e-06	5.2327589473787884e-06
SNUH	cg18065361	ADHFE1	cg11666087	BEND5	between_gene	142	0.5584828716384006	5.129264216109636e-13	1.823194869186654e-12
SNUH	cg18065361	ADHFE1	cg16573178	BEND5	between_gene	142	0.5114451026947281	7.806503848880349e-11	2.1759795450564987e-10
SNUH	cg18065361	ADHFE1	cg06744574	BEND5	between_gene	142	0.6009354744745815	2.6497514199137e-15	1.2615331121450444e-14
SNUH	cg18065361	ADHFE1	cg03603214	BEND5	between_gene	142	0.3798080852321188	3.1339942820775977e-06	6.402968740752117e-06
SNUH	cg04481096	HOXA2	cg19598584	HOXA2	within_gene	0			
SNUH	cg04481096	HOXA2	cg09871315	HOXA2	within_gene	0			
SNUH	cg04481096	HOXA2	cg13661519	HOXA2	within_gene	142	0.7658757185278013	1.2310443654177578e-28	3.4842952128341896e-28
SNUH	cg04481096	HOXA2	cg02803819	HOXA2	within_gene	142	0.7756621562435169	9.012126863577636e-30	2.6452261256982506e-29
SNUH	cg04481096	HOXA2	cg03763508	HOXA2	within_gene	142	0.7907253070573419	1.2315678381596662e-31	3.865415888085289e-31
SNUH	cg04481096	HOXA2	cg00188704	HOXA2	within_gene	142	0.8155120276786444	4.6009364577671345e-35	1.6205520634579797e-34
SNUH	cg04481096	HOXA2	cg06786372	HOXA2	within_gene	142	0.8158557055770121	4.0901198906248515e-35	1.4733727333273612e-34
SNUH	cg04481096	HOXA2	cg19236679	GFRA1	between_gene	142	0.5685040162115379	1.583241534058461e-13	5.977825126423335e-13
SNUH	cg04481096	HOXA2	cg06298519	GFRA1	between_gene	142	0.5512069590583226	1.1752945530205313e-12	4.0346624853033766e-12
SNUH	cg04481096	HOXA2	cg19485539	GFRA1	between_gene	142	0.6146700168276434	4.0618052730962156e-16	2.269218406318635e-15
SNUH	cg04481096	HOXA2	cg18672939	GFRA1	between_gene	142	0.5327615147812931	8.81223072935636e-12	2.7048364673989108e-11
SNUH	cg04481096	HOXA2	cg27034576	GFRA1	between_gene	142	0.5547359443074158	7.88103113579086e-13	2.756248020546696e-12
SNUH	cg04481096	HOXA2	cg18044663	GFRA1	between_gene	142	0.5397943381161842	4.14716841078228e-12	1.3162971269745703e-11
SNUH	cg04481096	HOXA2	cg15701178	UNC5C	between_gene	142	0.47467575876326257	2.4012107146885034e-09	5.833108710076635e-09
SNUH	cg04481096	HOXA2	cg03008707	UNC5C	between_gene	142	0.5638559821958085	2.744517958166476e-13	1.0070952676309895e-12
SNUH	cg04481096	HOXA2	cg24870497	UNC5C	between_gene	0			
SNUH	cg04481096	HOXA2	cg13265789	UNC5C	between_gene	142	0.6400686517557959	9.846709883827685e-18	7.382202898536331e-17
SNUH	cg04481096	HOXA2	cg12584684	UNC5C	between_gene	142	0.5452177430001823	2.2913898292182123e-12	7.57697853539964e-12
SNUH	cg04481096	HOXA2	cg08327106	RALYL	between_gene	0			
SNUH	cg04481096	HOXA2	cg09757712	RALYL	between_gene	0			
SNUH	cg04481096	HOXA2	cg11089595	RALYL	between_gene	142	0.5299995180127035	1.1792004146226086e-11	3.5732100833337815e-11
SNUH	cg04481096	HOXA2	cg01134282	RALYL	between_gene	0			
SNUH	cg04481096	HOXA2	cg06955749	RALYL	between_gene	142	0.4409073096516909	3.983564292658127e-08	8.928796597547298e-08
SNUH	cg04481096	HOXA2	cg11666087	BEND5	between_gene	142	0.5785670727235007	4.669497785583869e-14	1.8917266649981854e-13
SNUH	cg04481096	HOXA2	cg16573178	BEND5	between_gene	142	0.5383064642878848	4.8711948591664076e-12	1.5325838069891493e-11
SNUH	cg04481096	HOXA2	cg06744574	BEND5	between_gene	142	0.6338447288402338	2.5293005346036697e-17	1.778691400210505e-16
SNUH	cg04481096	HOXA2	cg03603214	BEND5	between_gene	142	0.3661657491444726	7.413852134670019e-06	1.4822023156593166e-05
SNUH	cg19598584	HOXA2	cg09871315	HOXA2	within_gene	0			
SNUH	cg19598584	HOXA2	cg13661519	HOXA2	within_gene	0			
SNUH	cg19598584	HOXA2	cg02803819	HOXA2	within_gene	0			
SNUH	cg19598584	HOXA2	cg03763508	HOXA2	within_gene	0			
SNUH	cg19598584	HOXA2	cg00188704	HOXA2	within_gene	0			
SNUH	cg19598584	HOXA2	cg06786372	HOXA2	within_gene	0			
SNUH	cg19598584	HOXA2	cg19236679	GFRA1	between_gene	0			
SNUH	cg19598584	HOXA2	cg06298519	GFRA1	between_gene	0			
SNUH	cg19598584	HOXA2	cg19485539	GFRA1	between_gene	0			
SNUH	cg19598584	HOXA2	cg18672939	GFRA1	between_gene	0			
SNUH	cg19598584	HOXA2	cg27034576	GFRA1	between_gene	0			
SNUH	cg19598584	HOXA2	cg18044663	GFRA1	between_gene	0			
SNUH	cg19598584	HOXA2	cg15701178	UNC5C	between_gene	0			
SNUH	cg19598584	HOXA2	cg03008707	UNC5C	between_gene	0			
SNUH	cg19598584	HOXA2	cg24870497	UNC5C	between_gene	0			
SNUH	cg19598584	HOXA2	cg13265789	UNC5C	between_gene	0			
SNUH	cg19598584	HOXA2	cg12584684	UNC5C	between_gene	0			
SNUH	cg19598584	HOXA2	cg08327106	RALYL	between_gene	0			
SNUH	cg19598584	HOXA2	cg09757712	RALYL	between_gene	0			
SNUH	cg19598584	HOXA2	cg11089595	RALYL	between_gene	0			
SNUH	cg19598584	HOXA2	cg01134282	RALYL	between_gene	0			
SNUH	cg19598584	HOXA2	cg06955749	RALYL	between_gene	0			
SNUH	cg19598584	HOXA2	cg11666087	BEND5	between_gene	0			
SNUH	cg19598584	HOXA2	cg16573178	BEND5	between_gene	0			
SNUH	cg19598584	HOXA2	cg06744574	BEND5	between_gene	0			
SNUH	cg19598584	HOXA2	cg03603214	BEND5	between_gene	0			
SNUH	cg09871315	HOXA2	cg13661519	HOXA2	within_gene	0			
SNUH	cg09871315	HOXA2	cg02803819	HOXA2	within_gene	0			
SNUH	cg09871315	HOXA2	cg03763508	HOXA2	within_gene	0			
SNUH	cg09871315	HOXA2	cg00188704	HOXA2	within_gene	0			
SNUH	cg09871315	HOXA2	cg06786372	HOXA2	within_gene	0			
SNUH	cg09871315	HOXA2	cg19236679	GFRA1	between_gene	0			
SNUH	cg09871315	HOXA2	cg06298519	GFRA1	between_gene	0			
SNUH	cg09871315	HOXA2	cg19485539	GFRA1	between_gene	0			
SNUH	cg09871315	HOXA2	cg18672939	GFRA1	between_gene	0			
SNUH	cg09871315	HOXA2	cg27034576	GFRA1	between_gene	0			
SNUH	cg09871315	HOXA2	cg18044663	GFRA1	between_gene	0			
SNUH	cg09871315	HOXA2	cg15701178	UNC5C	between_gene	0			
SNUH	cg09871315	HOXA2	cg03008707	UNC5C	between_gene	0			
SNUH	cg09871315	HOXA2	cg24870497	UNC5C	between_gene	0			
SNUH	cg09871315	HOXA2	cg13265789	UNC5C	between_gene	0			
SNUH	cg09871315	HOXA2	cg12584684	UNC5C	between_gene	0			
SNUH	cg09871315	HOXA2	cg08327106	RALYL	between_gene	0			
SNUH	cg09871315	HOXA2	cg09757712	RALYL	between_gene	0			
SNUH	cg09871315	HOXA2	cg11089595	RALYL	between_gene	0			
SNUH	cg09871315	HOXA2	cg01134282	RALYL	between_gene	0			
SNUH	cg09871315	HOXA2	cg06955749	RALYL	between_gene	0			
SNUH	cg09871315	HOXA2	cg11666087	BEND5	between_gene	0			
SNUH	cg09871315	HOXA2	cg16573178	BEND5	between_gene	0			
SNUH	cg09871315	HOXA2	cg06744574	BEND5	between_gene	0			
SNUH	cg09871315	HOXA2	cg03603214	BEND5	between_gene	0			
SNUH	cg13661519	HOXA2	cg02803819	HOXA2	within_gene	142	0.9572414400103942	2.71345896382044e-77	7.168054096092329e-76
SNUH	cg13661519	HOXA2	cg03763508	HOXA2	within_gene	142	0.8312499607075574	1.608486002635724e-37	6.454304592854741e-37
SNUH	cg13661519	HOXA2	cg00188704	HOXA2	within_gene	142	0.9420735093495057	2.7141303647779386e-68	5.377370785216291e-67
SNUH	cg13661519	HOXA2	cg06786372	HOXA2	within_gene	142	0.9345964194630662	1.0243957645183135e-64	1.5463497969157399e-63
SNUH	cg13661519	HOXA2	cg19236679	GFRA1	between_gene	142	0.4896341297300243	6.256042530740561e-10	1.5892906487538582e-09
SNUH	cg13661519	HOXA2	cg06298519	GFRA1	between_gene	142	0.47122640619793754	3.2448069464769484e-09	7.809687567673762e-09
SNUH	cg13661519	HOXA2	cg19485539	GFRA1	between_gene	142	0.5112690725516618	7.943456426727559e-11	2.2094326031271003e-10
SNUH	cg13661519	HOXA2	cg18672939	GFRA1	between_gene	142	0.5055271369325909	1.3932558081232955e-10	3.778590855918584e-10
SNUH	cg13661519	HOXA2	cg27034576	GFRA1	between_gene	142	0.49010354344486806	5.991145441475114e-10	1.5234793817552213e-09
SNUH	cg13661519	HOXA2	cg18044663	GFRA1	between_gene	142	0.5049906641156267	1.467570498753406e-10	3.971879078057714e-10
SNUH	cg13661519	HOXA2	cg15701178	UNC5C	between_gene	142	0.4227552489464387	1.5967820797386792e-07	3.465893881895353e-07
SNUH	cg13661519	HOXA2	cg03008707	UNC5C	between_gene	142	0.570696010612103	1.2177853051122787e-13	4.658653755187588e-13
SNUH	cg13661519	HOXA2	cg24870497	UNC5C	between_gene	0			
SNUH	cg13661519	HOXA2	cg13265789	UNC5C	between_gene	142	0.6063882177157575	1.2721573446375242e-15	6.495222137298044e-15
SNUH	cg13661519	HOXA2	cg12584684	UNC5C	between_gene	142	0.44969205202948087	1.974964051779771e-08	4.5119800447402993e-08
SNUH	cg13661519	HOXA2	cg08327106	RALYL	between_gene	0			
SNUH	cg13661519	HOXA2	cg09757712	RALYL	between_gene	0			
SNUH	cg13661519	HOXA2	cg11089595	RALYL	between_gene	142	0.5265417830596134	1.6918083154622985e-11	5.0560456987870976e-11
SNUH	cg13661519	HOXA2	cg01134282	RALYL	between_gene	0			
SNUH	cg13661519	HOXA2	cg06955749	RALYL	between_gene	142	0.4266069561244869	1.1973866118844686e-07	2.6142106028506936e-07
SNUH	cg13661519	HOXA2	cg11666087	BEND5	between_gene	142	0.40062993644054484	7.796410202088643e-07	1.633801945160584e-06
SNUH	cg13661519	HOXA2	cg16573178	BEND5	between_gene	142	0.4036350224543212	6.327650471458312e-07	1.3335088917637105e-06
SNUH	cg13661519	HOXA2	cg06744574	BEND5	between_gene	142	0.5270279615499873	1.608481949451523e-11	4.823597018527613e-11
SNUH	cg13661519	HOXA2	cg03603214	BEND5	between_gene	142	0.2779453091110269	0.000810838456223357	0.0015532140472002485
SNUH	cg02803819	HOXA2	cg03763508	HOXA2	within_gene	142	0.8217443329819716	5.236717635763652e-36	1.9762374887346163e-35
SNUH	cg02803819	HOXA2	cg00188704	HOXA2	within_gene	142	0.9258703537996318	4.8347132645478176e-61	5.676311499487623e-60
SNUH	cg02803819	HOXA2	cg06786372	HOXA2	within_gene	142	0.9385654800698254	1.4713957579875995e-66	2.591291418233717e-65
SNUH	cg02803819	HOXA2	cg19236679	GFRA1	between_gene	142	0.4945797385114138	3.9527565476182263e-10	1.026143465943876e-09
SNUH	cg02803819	HOXA2	cg06298519	GFRA1	between_gene	142	0.48114277092401164	1.3531197314813095e-09	3.3621803613664155e-09
SNUH	cg02803819	HOXA2	cg19485539	GFRA1	between_gene	142	0.523536697045837	2.3076060367560923e-11	6.77989206069442e-11
SNUH	cg02803819	HOXA2	cg18672939	GFRA1	between_gene	142	0.5135281260543472	6.349678775811125e-11	1.7928909010921239e-10
SNUH	cg02803819	HOXA2	cg27034576	GFRA1	between_gene	142	0.5091776668042776	9.759250407897084e-11	2.6886889455336317e-10
SNUH	cg02803819	HOXA2	cg18044663	GFRA1	between_gene	142	0.5127779023493738	6.841161373032023e-11	1.9192032281979083e-10
SNUH	cg02803819	HOXA2	cg15701178	UNC5C	between_gene	142	0.4287779945556392	1.0164423203631847e-07	2.230359977987846e-07
SNUH	cg02803819	HOXA2	cg03008707	UNC5C	between_gene	142	0.5798789164087337	3.97008314012275e-14	1.623502650874648e-13
SNUH	cg02803819	HOXA2	cg24870497	UNC5C	between_gene	0			
SNUH	cg02803819	HOXA2	cg13265789	UNC5C	between_gene	142	0.6293894897431007	4.9047947257628585e-17	3.207170285592806e-16
SNUH	cg02803819	HOXA2	cg12584684	UNC5C	between_gene	142	0.4679111718368536	4.320210359650925e-09	1.029724819225332e-08
SNUH	cg02803819	HOXA2	cg08327106	RALYL	between_gene	0			
SNUH	cg02803819	HOXA2	cg09757712	RALYL	between_gene	0			
SNUH	cg02803819	HOXA2	cg11089595	RALYL	between_gene	142	0.5663497425559157	2.0452459516349536e-13	7.612049483331802e-13
SNUH	cg02803819	HOXA2	cg01134282	RALYL	between_gene	0			
SNUH	cg02803819	HOXA2	cg06955749	RALYL	between_gene	142	0.4133627834556813	3.174218200460636e-07	6.799290053367651e-07
SNUH	cg02803819	HOXA2	cg11666087	BEND5	between_gene	142	0.42690033969626423	1.1712468184687245e-07	2.5592822021649097e-07
SNUH	cg02803819	HOXA2	cg16573178	BEND5	between_gene	142	0.42055487215810866	1.8791688469681663e-07	4.0585691405132007e-07
SNUH	cg02803819	HOXA2	cg06744574	BEND5	between_gene	142	0.5383441850328275	4.851410508539988e-12	1.528663045504931e-11
SNUH	cg02803819	HOXA2	cg03603214	BEND5	between_gene	142	0.2873252010201366	0.0005262725440501066	0.001011823925885577
SNUH	cg03763508	HOXA2	cg00188704	HOXA2	within_gene	142	0.8818334796758532	1.5036206931617738e-47	9.346034504554555e-47
SNUH	cg03763508	HOXA2	cg06786372	HOXA2	within_gene	142	0.8785056717331216	9.316486265148854e-47	5.679473357792666e-46
SNUH	cg03763508	HOXA2	cg19236679	GFRA1	between_gene	142	0.4751870844169316	2.295742678602135e-09	5.5966463223334615e-09
SNUH	cg03763508	HOXA2	cg06298519	GFRA1	between_gene	142	0.44636005289286684	2.583147575390019e-08	5.8654760871997914e-08
SNUH	cg03763508	HOXA2	cg19485539	GFRA1	between_gene	142	0.4843406518563846	1.0144573528134956e-09	2.5473717357944276e-09
SNUH	cg03763508	HOXA2	cg18672939	GFRA1	between_gene	142	0.4475210135983286	2.3532480546592782e-08	5.3574381977365245e-08
SNUH	cg03763508	HOXA2	cg27034576	GFRA1	between_gene	142	0.4668759469478679	4.721214219859657e-09	1.1167405167374293e-08
SNUH	cg03763508	HOXA2	cg18044663	GFRA1	between_gene	142	0.44649836229099044	2.5546678102108664e-08	5.8058609031708634e-08
SNUH	cg03763508	HOXA2	cg15701178	UNC5C	between_gene	142	0.38192882933668076	2.7317051285571385e-06	5.603002107237087e-06
SNUH	cg03763508	HOXA2	cg03008707	UNC5C	between_gene	142	0.48170858209815354	1.2861602224180143e-09	3.211092842381435e-09
SNUH	cg03763508	HOXA2	cg24870497	UNC5C	between_gene	0			
SNUH	cg03763508	HOXA2	cg13265789	UNC5C	between_gene	142	0.5722886642874657	1.0051427874394124e-13	3.8966085177257456e-13
SNUH	cg03763508	HOXA2	cg12584684	UNC5C	between_gene	142	0.4674752876730702	4.484887963877688e-09	1.0656714660980771e-08
SNUH	cg03763508	HOXA2	cg08327106	RALYL	between_gene	0			
SNUH	cg03763508	HOXA2	cg09757712	RALYL	between_gene	0			
SNUH	cg03763508	HOXA2	cg11089595	RALYL	between_gene	142	0.4552495751177202	1.2539967218558263e-08	2.9107450598948854e-08
SNUH	cg03763508	HOXA2	cg01134282	RALYL	between_gene	0			
SNUH	cg03763508	HOXA2	cg06955749	RALYL	between_gene	142	0.3245430026970333	8.134694139115987e-05	0.00015814766772692706
SNUH	cg03763508	HOXA2	cg11666087	BEND5	between_gene	142	0.382528170061883	2.627219178374901e-06	5.39293063444541e-06
SNUH	cg03763508	HOXA2	cg16573178	BEND5	between_gene	142	0.3768952054837581	3.778935988103227e-06	7.696521462108757e-06
SNUH	cg03763508	HOXA2	cg06744574	BEND5	between_gene	142	0.47839753893095216	1.728657952022708e-09	4.2587994304317705e-09
SNUH	cg03763508	HOXA2	cg03603214	BEND5	between_gene	142	0.25847302233277664	0.0018977077247159717	0.0036271937390358754
SNUH	cg00188704	HOXA2	cg06786372	HOXA2	within_gene	142	0.958230561766672	5.45670636217842e-78	1.5725235607368718e-76
SNUH	cg00188704	HOXA2	cg19236679	GFRA1	between_gene	142	0.5323717337502175	9.183487098214208e-12	2.8088766517281207e-11
SNUH	cg00188704	HOXA2	cg06298519	GFRA1	between_gene	142	0.5032303626849626	1.7393060830293877e-10	4.66377139837993e-10
SNUH	cg00188704	HOXA2	cg19485539	GFRA1	between_gene	142	0.5568608796058602	6.181394774665668e-13	2.1844079613664193e-12
SNUH	cg00188704	HOXA2	cg18672939	GFRA1	between_gene	142	0.5331890165573114	8.421770062096128e-12	2.5910846806614148e-11
SNUH	cg00188704	HOXA2	cg27034576	GFRA1	between_gene	142	0.5169188019053167	4.5230263185429955e-11	1.3053734142786145e-10
SNUH	cg00188704	HOXA2	cg18044663	GFRA1	between_gene	142	0.5101793621422032	8.844432073664879e-11	2.4495884586190733e-10
SNUH	cg00188704	HOXA2	cg15701178	UNC5C	between_gene	142	0.4535228032381164	1.445324394369605e-08	3.3429533199559396e-08
SNUH	cg00188704	HOXA2	cg03008707	UNC5C	between_gene	142	0.5915472001777067	9.07610798084414e-15	4.052169069021587e-14
SNUH	cg00188704	HOXA2	cg24870497	UNC5C	between_gene	0			
SNUH	cg00188704	HOXA2	cg13265789	UNC5C	between_gene	142	0.6420594688499993	7.248541814217475e-18	5.562189880380409e-17
SNUH	cg00188704	HOXA2	cg12584684	UNC5C	between_gene	142	0.49460907686859146	3.941918805861462e-10	1.0243492195709715e-09
SNUH	cg00188704	HOXA2	cg08327106	RALYL	between_gene	0			
SNUH	cg00188704	HOXA2	cg09757712	RALYL	between_gene	0			
SNUH	cg00188704	HOXA2	cg11089595	RALYL	between_gene	142	0.552577479457911	1.006892334506304e-12	3.4794464910290692e-12
SNUH	cg00188704	HOXA2	cg01134282	RALYL	between_gene	0			
SNUH	cg00188704	HOXA2	cg06955749	RALYL	between_gene	142	0.45155713330720826	1.697270157164523e-08	3.884366526352843e-08
SNUH	cg00188704	HOXA2	cg11666087	BEND5	between_gene	142	0.45296537445173946	1.51286468282587e-08	3.492976953533358e-08
SNUH	cg00188704	HOXA2	cg16573178	BEND5	between_gene	142	0.4595329752656693	8.786918607836966e-09	2.0505429917573026e-08
SNUH	cg00188704	HOXA2	cg06744574	BEND5	between_gene	142	0.5478246655951182	1.7163198674472612e-12	5.755627935951034e-12
SNUH	cg00188704	HOXA2	cg03603214	BEND5	between_gene	142	0.3217390939896185	9.445432830060637e-05	0.00018349318133751454
SNUH	cg06786372	HOXA2	cg19236679	GFRA1	between_gene	142	0.5446393582443927	2.442287890032659e-12	8.045365031685868e-12
SNUH	cg06786372	HOXA2	cg06298519	GFRA1	between_gene	142	0.5036033789405081	1.67794364906656e-10	4.508501524628893e-10
SNUH	cg06786372	HOXA2	cg19485539	GFRA1	between_gene	142	0.5732400652988007	8.958327331959755e-14	3.504089356684108e-13
SNUH	cg06786372	HOXA2	cg18672939	GFRA1	between_gene	142	0.538654333380135	4.691666209817417e-12	1.4837038959289263e-11
SNUH	cg06786372	HOXA2	cg27034576	GFRA1	between_gene	142	0.5429461159158492	2.941574392978975e-12	9.581232947917784e-12
SNUH	cg06786372	HOXA2	cg18044663	GFRA1	between_gene	142	0.5261897227734806	1.7547423414476862e-11	5.22616754433449e-11
SNUH	cg06786372	HOXA2	cg15701178	UNC5C	between_gene	142	0.46486836507813434	5.6033269749421794e-09	1.3217974753728885e-08
SNUH	cg06786372	HOXA2	cg03008707	UNC5C	between_gene	142	0.6157303888799244	3.5009138273623897e-16	1.9727611610342277e-15
SNUH	cg06786372	HOXA2	cg24870497	UNC5C	between_gene	0			
SNUH	cg06786372	HOXA2	cg13265789	UNC5C	between_gene	142	0.6550228315286751	9.321118571864049e-19	8.532911703155546e-18
SNUH	cg06786372	HOXA2	cg12584684	UNC5C	between_gene	142	0.49716151394305425	3.1012464648766476e-10	8.14818935232948e-10
SNUH	cg06786372	HOXA2	cg08327106	RALYL	between_gene	0			
SNUH	cg06786372	HOXA2	cg09757712	RALYL	between_gene	0			
SNUH	cg06786372	HOXA2	cg11089595	RALYL	between_gene	142	0.5608215578248542	3.9124045881281977e-13	1.4177032736703429e-12
SNUH	cg06786372	HOXA2	cg01134282	RALYL	between_gene	0			
SNUH	cg06786372	HOXA2	cg06955749	RALYL	between_gene	142	0.4235096638452947	1.5096722864588442e-07	3.27954620763624e-07
SNUH	cg06786372	HOXA2	cg11666087	BEND5	between_gene	142	0.438597961822415	4.7748096401152345e-08	1.0638324808762293e-07
SNUH	cg06786372	HOXA2	cg16573178	BEND5	between_gene	142	0.43582339147217786	5.925445074868323e-08	1.3145821598921304e-07
SNUH	cg06786372	HOXA2	cg06744574	BEND5	between_gene	142	0.5385327887575416	4.753651534891965e-12	1.5014863020015904e-11
SNUH	cg06786372	HOXA2	cg03603214	BEND5	between_gene	142	0.289387268410343	0.0004776019201621444	0.0009196039924007636
SNUH	cg19236679	GFRA1	cg06298519	GFRA1	within_gene	142	0.8824579675643506	1.0612936803290366e-47	6.865920340087849e-47
SNUH	cg19236679	GFRA1	cg19485539	GFRA1	within_gene	142	0.9194536359654731	1.2872497361698967e-58	1.3163166656963136e-57
SNUH	cg19236679	GFRA1	cg18672939	GFRA1	within_gene	142	0.8576838205246957	2.815179837905962e-42	1.4393742074454676e-41
SNUH	cg19236679	GFRA1	cg27034576	GFRA1	within_gene	142	0.855776827308143	6.666298329072448e-42	3.301900891118697e-41
SNUH	cg19236679	GFRA1	cg18044663	GFRA1	within_gene	142	0.8780697875693381	1.178370110613298e-46	7.04798726536633e-46
SNUH	cg19236679	GFRA1	cg15701178	UNC5C	between_gene	142	0.6813728674681626	1.0411893587689382e-20	1.5611856534644597e-19
SNUH	cg19236679	GFRA1	cg03008707	UNC5C	between_gene	142	0.6907485681833899	1.8743152666605052e-21	3.492920379083756e-20
SNUH	cg19236679	GFRA1	cg24870497	UNC5C	between_gene	0			
SNUH	cg19236679	GFRA1	cg13265789	UNC5C	between_gene	142	0.7150784486714963	1.5904543622807057e-23	5.6032505869881325e-22
SNUH	cg19236679	GFRA1	cg12584684	UNC5C	between_gene	142	0.6803837457118849	1.2430252410046383e-20	1.8079238019080437e-19
SNUH	cg19236679	GFRA1	cg08327106	RALYL	between_gene	0			
SNUH	cg19236679	GFRA1	cg09757712	RALYL	between_gene	0			
SNUH	cg19236679	GFRA1	cg11089595	RALYL	between_gene	142	0.6631286004974947	2.4546337189654944e-19	2.6033086881223475e-18
SNUH	cg19236679	GFRA1	cg01134282	RALYL	between_gene	0			
SNUH	cg19236679	GFRA1	cg06955749	RALYL	between_gene	142	0.6191336383125415	2.1647011771751557e-16	1.2606485203682994e-15
SNUH	cg19236679	GFRA1	cg11666087	BEND5	between_gene	142	0.522153603064601	2.6592887198810328e-11	7.795600303561365e-11
SNUH	cg19236679	GFRA1	cg16573178	BEND5	between_gene	142	0.5444549457135612	2.4923953875845775e-12	8.189747564493908e-12
SNUH	cg19236679	GFRA1	cg06744574	BEND5	between_gene	142	0.595541407947761	5.401809590072398e-15	2.4855945715165585e-14
SNUH	cg19236679	GFRA1	cg03603214	BEND5	between_gene	142	0.544664505407688	2.435531220467787e-12	8.033250258154813e-12
SNUH	cg06298519	GFRA1	cg19485539	GFRA1	within_gene	142	0.9261134430448187	3.8747235907182984e-61	4.724182224068079e-60
SNUH	cg06298519	GFRA1	cg18672939	GFRA1	within_gene	142	0.8476207640127329	2.3249429690896924e-40	1.0838337076491655e-39
SNUH	cg06298519	GFRA1	cg27034576	GFRA1	within_gene	142	0.84066757336161	4.090564758519736e-39	1.7763137376037757e-38
SNUH	cg06298519	GFRA1	cg18044663	GFRA1	within_gene	142	0.8994071556253157	3.6006906484063325e-52	2.783948623280018e-51
SNUH	cg06298519	GFRA1	cg15701178	UNC5C	between_gene	142	0.5821086315542415	3.008136547016315e-14	1.2437762680135601e-13
SNUH	cg06298519	GFRA1	cg03008707	UNC5C	between_gene	142	0.6575459302459602	6.180162210257627e-19	5.927957061236084e-18
SNUH	cg06298519	GFRA1	cg24870497	UNC5C	between_gene	0			
SNUH	cg06298519	GFRA1	cg13265789	UNC5C	between_gene	142	0.6558862174684771	8.101940432934645e-19	7.495731414725706e-18
SNUH	cg06298519	GFRA1	cg12584684	UNC5C	between_gene	142	0.6231026989193007	1.2265320150780267e-16	7.441911691485051e-16
SNUH	cg06298519	GFRA1	cg08327106	RALYL	between_gene	0			
SNUH	cg06298519	GFRA1	cg09757712	RALYL	between_gene	0			
SNUH	cg06298519	GFRA1	cg11089595	RALYL	between_gene	142	0.6437904319234855	5.5434259270063435e-18	4.3826661344119844e-17
SNUH	cg06298519	GFRA1	cg01134282	RALYL	between_gene	0			
SNUH	cg06298519	GFRA1	cg06955749	RALYL	between_gene	142	0.6124947872026086	5.499890859283468e-16	2.983204834068725e-15
SNUH	cg06298519	GFRA1	cg11666087	BEND5	between_gene	142	0.4860129382155154	8.715630312285727e-10	2.192775263717788e-09
SNUH	cg06298519	GFRA1	cg16573178	BEND5	between_gene	142	0.49336010109159645	4.42965393303958e-10	1.1419927975593146e-09
SNUH	cg06298519	GFRA1	cg06744574	BEND5	between_gene	142	0.5445094312340343	2.477488028374486e-12	8.151029339254772e-12
SNUH	cg06298519	GFRA1	cg03603214	BEND5	between_gene	142	0.5251167771395522	1.960843550270259e-11	5.8002730415590764e-11
SNUH	cg19485539	GFRA1	cg18672939	GFRA1	within_gene	142	0.8639454641852005	1.5164111242594309e-43	8.147497057461689e-43
SNUH	cg19485539	GFRA1	cg27034576	GFRA1	within_gene	142	0.8857983490887297	1.5909791843385663e-48	1.0507091696569281e-47
SNUH	cg19485539	GFRA1	cg18044663	GFRA1	within_gene	142	0.8994197292069633	3.5709266698027454e-52	2.783948623280018e-51
SNUH	cg19485539	GFRA1	cg15701178	UNC5C	between_gene	142	0.6148879589095353	3.9398006770166586e-16	2.210524723943325e-15
SNUH	cg19485539	GFRA1	cg03008707	UNC5C	between_gene	142	0.6873034068119475	3.546035288221794e-21	6.16773737798044e-20
SNUH	cg19485539	GFRA1	cg24870497	UNC5C	between_gene	0			
SNUH	cg19485539	GFRA1	cg13265789	UNC5C	between_gene	142	0.7093574690218382	5.1016416396032405e-23	1.5659038867911593e-21
SNUH	cg19485539	GFRA1	cg12584684	UNC5C	between_gene	142	0.6823242684794978	8.774623722511108e-21	1.3387715375457006e-19
SNUH	cg19485539	GFRA1	cg08327106	RALYL	between_gene	0			
SNUH	cg19485539	GFRA1	cg09757712	RALYL	between_gene	0			
SNUH	cg19485539	GFRA1	cg11089595	RALYL	between_gene	142	0.6613180047402403	3.3188006101557996e-19	3.3691637322554403e-18
SNUH	cg19485539	GFRA1	cg01134282	RALYL	between_gene	0			
SNUH	cg19485539	GFRA1	cg06955749	RALYL	between_gene	142	0.5744555115247354	7.728846453083202e-14	3.0506142808009186e-13
SNUH	cg19485539	GFRA1	cg11666087	BEND5	between_gene	142	0.5089387687529732	9.99058117868942e-11	2.7437290837053365e-10
SNUH	cg19485539	GFRA1	cg16573178	BEND5	between_gene	142	0.5156069582200837	5.1596526771979425e-11	1.4760453766238412e-10
SNUH	cg19485539	GFRA1	cg06744574	BEND5	between_gene	142	0.5808848029405417	3.5038952731930455e-14	1.4419026447572013e-13
SNUH	cg19485539	GFRA1	cg03603214	BEND5	between_gene	142	0.5154854135974903	5.222843506285855e-11	1.4924861673493752e-10
SNUH	cg18672939	GFRA1	cg27034576	GFRA1	within_gene	142	0.8713261566123419	3.997038413787867e-45	2.262609244947775e-44
SNUH	cg18672939	GFRA1	cg18044663	GFRA1	within_gene	142	0.8567533754827733	4.293848265619683e-42	2.1605553971451418e-41
SNUH	cg18672939	GFRA1	cg15701178	UNC5C	between_gene	142	0.6472397844888105	3.2317664759011573e-18	2.678490189733525e-17
SNUH	cg18672939	GFRA1	cg03008707	UNC5C	between_gene	142	0.6303534643360835	4.2538526696513863e-17	2.802601417959714e-16
SNUH	cg18672939	GFRA1	cg24870497	UNC5C	between_gene	0			
SNUH	cg18672939	GFRA1	cg13265789	UNC5C	between_gene	142	0.6505047245233041	1.9268179791355178e-18	1.6701222948719488e-17
SNUH	cg18672939	GFRA1	cg12584684	UNC5C	between_gene	142	0.632683768134772	3.008836999850821e-17	2.049405827872607e-16
SNUH	cg18672939	GFRA1	cg08327106	RALYL	between_gene	0			
SNUH	cg18672939	GFRA1	cg09757712	RALYL	between_gene	0			
SNUH	cg18672939	GFRA1	cg11089595	RALYL	between_gene	142	0.6594068203298051	4.552759692922253e-19	4.4321455368784175e-18
SNUH	cg18672939	GFRA1	cg01134282	RALYL	between_gene	0			
SNUH	cg18672939	GFRA1	cg06955749	RALYL	between_gene	142	0.6359026050365578	1.8559471979433088e-17	1.3302654503939815e-16
SNUH	cg18672939	GFRA1	cg11666087	BEND5	between_gene	142	0.464700717322833	5.683771213165771e-09	1.3383537089485106e-08
SNUH	cg18672939	GFRA1	cg16573178	BEND5	between_gene	142	0.5100955382645523	8.917690378041813e-11	2.467259193670317e-10
SNUH	cg18672939	GFRA1	cg06744574	BEND5	between_gene	142	0.5363072648059164	6.039469221496057e-12	1.8825537872022953e-11
SNUH	cg18672939	GFRA1	cg03603214	BEND5	between_gene	142	0.5886720411742887	1.3128373560044144e-14	5.756626322379021e-14
SNUH	cg27034576	GFRA1	cg18044663	GFRA1	within_gene	142	0.8325115100662001	9.967438847962252e-38	4.10347807117407e-37
SNUH	cg27034576	GFRA1	cg15701178	UNC5C	between_gene	142	0.6314138363883645	3.6350481103471245e-17	2.4255346598198587e-16
SNUH	cg27034576	GFRA1	cg03008707	UNC5C	between_gene	142	0.6881206896190415	3.0507209176952737e-21	5.4145107988210674e-20
SNUH	cg27034576	GFRA1	cg24870497	UNC5C	between_gene	0			
SNUH	cg27034576	GFRA1	cg13265789	UNC5C	between_gene	142	0.7241733393965939	2.3481640938620046e-24	1.0335374325066941e-22
SNUH	cg27034576	GFRA1	cg12584684	UNC5C	between_gene	142	0.7417386329582913	4.659653831773014e-26	4.1920816714123426e-24
SNUH	cg27034576	GFRA1	cg08327106	RALYL	between_gene	0			
SNUH	cg27034576	GFRA1	cg09757712	RALYL	between_gene	0			
SNUH	cg27034576	GFRA1	cg11089595	RALYL	between_gene	142	0.6576884308379664	6.037669571926365e-19	5.8126494144486664e-18
SNUH	cg27034576	GFRA1	cg01134282	RALYL	between_gene	0			
SNUH	cg27034576	GFRA1	cg06955749	RALYL	between_gene	142	0.6193641539760809	2.0949057669698597e-16	1.2282267743874975e-15
SNUH	cg27034576	GFRA1	cg11666087	BEND5	between_gene	142	0.4734519301495628	2.672940784972348e-09	6.475118391822522e-09
SNUH	cg27034576	GFRA1	cg16573178	BEND5	between_gene	142	0.5026645515108207	1.8365425224910994e-10	4.919445011477699e-10
SNUH	cg27034576	GFRA1	cg06744574	BEND5	between_gene	142	0.5574476467494149	5.778610198180417e-13	2.0484230987843353e-12
SNUH	cg27034576	GFRA1	cg03603214	BEND5	between_gene	142	0.5227822821469811	2.493435831794136e-11	7.317631141902025e-11
SNUH	cg18044663	GFRA1	cg15701178	UNC5C	between_gene	142	0.5737639645341174	8.406682964447891e-14	3.2932486267634455e-13
SNUH	cg18044663	GFRA1	cg03008707	UNC5C	between_gene	142	0.6436311665559493	5.682324204876286e-18	4.478907507710644e-17
SNUH	cg18044663	GFRA1	cg24870497	UNC5C	between_gene	0			
SNUH	cg18044663	GFRA1	cg13265789	UNC5C	between_gene	142	0.6785647675668653	1.7187237222985744e-20	2.360079048145779e-19
SNUH	cg18044663	GFRA1	cg12584684	UNC5C	between_gene	142	0.617566131800474	2.7031860316195925e-16	1.5398716935579731e-15
SNUH	cg18044663	GFRA1	cg08327106	RALYL	between_gene	0			
SNUH	cg18044663	GFRA1	cg09757712	RALYL	between_gene	0			
SNUH	cg18044663	GFRA1	cg11089595	RALYL	between_gene	142	0.6332705352783268	2.7563292105520583e-17	1.9074967931910662e-16
SNUH	cg18044663	GFRA1	cg01134282	RALYL	between_gene	0			
SNUH	cg18044663	GFRA1	cg06955749	RALYL	between_gene	142	0.560544939028607	4.0401990674412816e-13	1.4579362886520475e-12
SNUH	cg18044663	GFRA1	cg11666087	BEND5	between_gene	142	0.4562428880678806	1.1552247669043633e-08	2.6862579472847453e-08
SNUH	cg18044663	GFRA1	cg16573178	BEND5	between_gene	142	0.46721962484623564	4.584271564881371e-09	1.0873058647977724e-08
SNUH	cg18044663	GFRA1	cg06744574	BEND5	between_gene	142	0.5334237234147333	8.21458395034044e-12	2.5303246194141922e-11
SNUH	cg18044663	GFRA1	cg03603214	BEND5	between_gene	142	0.4723831757095168	2.9342646984835013e-09	7.08842277624394e-09
SNUH	cg15701178	UNC5C	cg03008707	UNC5C	within_gene	142	0.6700021584648497	7.661530824259396e-20	1.6521804566600195e-19
SNUH	cg15701178	UNC5C	cg24870497	UNC5C	within_gene	0			
SNUH	cg15701178	UNC5C	cg13265789	UNC5C	within_gene	142	0.752036396327676	4.024548757104897e-27	1.0811711491544511e-26
SNUH	cg15701178	UNC5C	cg12584684	UNC5C	within_gene	142	0.784840870846265	6.86407366985163e-31	2.112535294507735e-30
SNUH	cg15701178	UNC5C	cg08327106	RALYL	between_gene	0			
SNUH	cg15701178	UNC5C	cg09757712	RALYL	between_gene	0			
SNUH	cg15701178	UNC5C	cg11089595	RALYL	between_gene	142	0.5001498351813006	2.33603625533912e-10	6.212761050132277e-10
SNUH	cg15701178	UNC5C	cg01134282	RALYL	between_gene	0			
SNUH	cg15701178	UNC5C	cg06955749	RALYL	between_gene	142	0.5886301292354634	1.3198850897035085e-14	5.77781912590009e-14
SNUH	cg15701178	UNC5C	cg11666087	BEND5	between_gene	142	0.49263083335603564	4.74085657440438e-10	1.218610325381382e-09
SNUH	cg15701178	UNC5C	cg16573178	BEND5	between_gene	142	0.50383808579793	1.6404116434582608e-10	4.416753331044997e-10
SNUH	cg15701178	UNC5C	cg06744574	BEND5	between_gene	142	0.567246658046778	1.8388522467416572e-13	6.873303025428343e-13
SNUH	cg15701178	UNC5C	cg03603214	BEND5	between_gene	142	0.5068641277811191	1.22353402183151e-10	3.339121613973232e-10
SNUH	cg03008707	UNC5C	cg24870497	UNC5C	within_gene	0			
SNUH	cg03008707	UNC5C	cg13265789	UNC5C	within_gene	142	0.7548151578717957	2.035773150453332e-27	5.5632766266698814e-27
SNUH	cg03008707	UNC5C	cg12584684	UNC5C	within_gene	142	0.7006062561951085	2.875833098392968e-22	6.703228619048315e-22
SNUH	cg03008707	UNC5C	cg08327106	RALYL	between_gene	0			
SNUH	cg03008707	UNC5C	cg09757712	RALYL	between_gene	0			
SNUH	cg03008707	UNC5C	cg11089595	RALYL	between_gene	142	0.6681622243504174	1.0495230238218571e-19	1.2278948740588454e-18
SNUH	cg03008707	UNC5C	cg01134282	RALYL	between_gene	0			
SNUH	cg03008707	UNC5C	cg06955749	RALYL	between_gene	142	0.6803334513852943	1.2542514685525331e-20	1.8079238019080437e-19
SNUH	cg03008707	UNC5C	cg11666087	BEND5	between_gene	142	0.6321011921851001	3.2818144609063656e-17	2.2067664764187393e-16
SNUH	cg03008707	UNC5C	cg16573178	BEND5	between_gene	142	0.6488450117458209	2.508167256708242e-18	2.1177373374601305e-17
SNUH	cg03008707	UNC5C	cg06744574	BEND5	between_gene	142	0.6780324859437836	1.8888413060776148e-20	2.5800978887730353e-19
SNUH	cg03008707	UNC5C	cg03603214	BEND5	between_gene	142	0.5676615862411488	1.7503598566219697e-13	6.551920898029726e-13
SNUH	cg24870497	UNC5C	cg13265789	UNC5C	within_gene	0			
SNUH	cg24870497	UNC5C	cg12584684	UNC5C	within_gene	0			
SNUH	cg24870497	UNC5C	cg08327106	RALYL	between_gene	0			
SNUH	cg24870497	UNC5C	cg09757712	RALYL	between_gene	0			
SNUH	cg24870497	UNC5C	cg11089595	RALYL	between_gene	0			
SNUH	cg24870497	UNC5C	cg01134282	RALYL	between_gene	0			
SNUH	cg24870497	UNC5C	cg06955749	RALYL	between_gene	0			
SNUH	cg24870497	UNC5C	cg11666087	BEND5	between_gene	0			
SNUH	cg24870497	UNC5C	cg16573178	BEND5	between_gene	0			
SNUH	cg24870497	UNC5C	cg06744574	BEND5	between_gene	0			
SNUH	cg24870497	UNC5C	cg03603214	BEND5	between_gene	0			
SNUH	cg13265789	UNC5C	cg12584684	UNC5C	within_gene	142	0.7381174414437826	1.072640723299404e-25	2.7644480429748866e-25
SNUH	cg13265789	UNC5C	cg08327106	RALYL	between_gene	0			
SNUH	cg13265789	UNC5C	cg09757712	RALYL	between_gene	0			
SNUH	cg13265789	UNC5C	cg11089595	RALYL	between_gene	142	0.6543312845380571	1.0425273754007561e-18	9.411605267891255e-18
SNUH	cg13265789	UNC5C	cg01134282	RALYL	between_gene	0			
SNUH	cg13265789	UNC5C	cg06955749	RALYL	between_gene	142	0.6128929506214493	5.203969536612543e-16	2.858348741267816e-15
SNUH	cg13265789	UNC5C	cg11666087	BEND5	between_gene	142	0.6069163081449567	1.1840072658035611e-15	6.080856213546242e-15
SNUH	cg13265789	UNC5C	cg16573178	BEND5	between_gene	142	0.5867608567638535	1.674558904835293e-14	7.185730563676447e-14
SNUH	cg13265789	UNC5C	cg06744574	BEND5	between_gene	142	0.7076223147544695	7.224762840908438e-23	2.1179108148236083e-21
SNUH	cg13265789	UNC5C	cg03603214	BEND5	between_gene	142	0.5192868264489481	3.5610042923376204e-11	1.0334438485771804e-10
SNUH	cg12584684	UNC5C	cg08327106	RALYL	between_gene	0			
SNUH	cg12584684	UNC5C	cg09757712	RALYL	between_gene	0			
SNUH	cg12584684	UNC5C	cg11089595	RALYL	between_gene	142	0.572322193838526	1.0010789949621634e-13	3.886629609905185e-13
SNUH	cg12584684	UNC5C	cg01134282	RALYL	between_gene	0			
SNUH	cg12584684	UNC5C	cg06955749	RALYL	between_gene	142	0.5994853213912249	3.213200724338425e-15	1.513220341118944e-14
SNUH	cg12584684	UNC5C	cg11666087	BEND5	between_gene	142	0.5415001540263753	3.4451556070957727e-12	1.1096803677670212e-11
SNUH	cg12584684	UNC5C	cg16573178	BEND5	between_gene	142	0.5590780211697204	4.788642694973168e-13	1.7114477796143829e-12
SNUH	cg12584684	UNC5C	cg06744574	BEND5	between_gene	142	0.5784581016825548	4.732709289538496e-14	1.914362563783866e-13
SNUH	cg12584684	UNC5C	cg03603214	BEND5	between_gene	142	0.5162607844657591	4.832219341725694e-11	1.3899956188051087e-10
SNUH	cg08327106	RALYL	cg09757712	RALYL	within_gene	0			
SNUH	cg08327106	RALYL	cg11089595	RALYL	within_gene	0			
SNUH	cg08327106	RALYL	cg01134282	RALYL	within_gene	0			
SNUH	cg08327106	RALYL	cg06955749	RALYL	within_gene	0			
SNUH	cg08327106	RALYL	cg11666087	BEND5	between_gene	0			
SNUH	cg08327106	RALYL	cg16573178	BEND5	between_gene	0			
SNUH	cg08327106	RALYL	cg06744574	BEND5	between_gene	0			
SNUH	cg08327106	RALYL	cg03603214	BEND5	between_gene	0			
SNUH	cg09757712	RALYL	cg11089595	RALYL	within_gene	0			
SNUH	cg09757712	RALYL	cg01134282	RALYL	within_gene	0			
SNUH	cg09757712	RALYL	cg06955749	RALYL	within_gene	0			
SNUH	cg09757712	RALYL	cg11666087	BEND5	between_gene	0			
SNUH	cg09757712	RALYL	cg16573178	BEND5	between_gene	0			
SNUH	cg09757712	RALYL	cg06744574	BEND5	between_gene	0			
SNUH	cg09757712	RALYL	cg03603214	BEND5	between_gene	0			
SNUH	cg11089595	RALYL	cg01134282	RALYL	within_gene	0			
SNUH	cg11089595	RALYL	cg06955749	RALYL	within_gene	142	0.7841786622128248	8.3000594572388e-31	2.529921969177596e-30
SNUH	cg11089595	RALYL	cg11666087	BEND5	between_gene	142	0.5663245953926206	2.0513455615954101e-13	7.623875456128811e-13
SNUH	cg11089595	RALYL	cg16573178	BEND5	between_gene	142	0.5382980819001196	4.875601992338037e-12	1.5325838069891493e-11
SNUH	cg11089595	RALYL	cg06744574	BEND5	between_gene	142	0.5872093145092846	1.5818404634104233e-14	6.825158715332666e-14
SNUH	cg11089595	RALYL	cg03603214	BEND5	between_gene	142	0.49755129497412987	2.9891841478030663e-10	7.877557011735555e-10
SNUH	cg01134282	RALYL	cg06955749	RALYL	within_gene	0			
SNUH	cg01134282	RALYL	cg11666087	BEND5	between_gene	0			
SNUH	cg01134282	RALYL	cg16573178	BEND5	between_gene	0			
SNUH	cg01134282	RALYL	cg06744574	BEND5	between_gene	0			
SNUH	cg01134282	RALYL	cg03603214	BEND5	between_gene	0			
SNUH	cg06955749	RALYL	cg11666087	BEND5	between_gene	142	0.5866225473657299	1.7042062605300884e-14	7.30094274831363e-14
SNUH	cg06955749	RALYL	cg16573178	BEND5	between_gene	142	0.620495776324365	1.7828755107623685e-16	1.0571641380861409e-15
SNUH	cg06955749	RALYL	cg06744574	BEND5	between_gene	142	0.6285512509665941	5.5490447820631365e-17	3.5658763143849074e-16
SNUH	cg06955749	RALYL	cg03603214	BEND5	between_gene	142	0.5926075722299876	7.913603159785402e-15	3.559757007565537e-14
SNUH	cg11666087	BEND5	cg16573178	BEND5	within_gene	142	0.932676852664866	7.253856644687394e-64	9.997706766808277e-63
SNUH	cg11666087	BEND5	cg06744574	BEND5	within_gene	142	0.8466274510625724	3.5325835352597835e-40	1.5997556866819305e-39
SNUH	cg11666087	BEND5	cg03603214	BEND5	within_gene	142	0.6952666751887611	8.013038747227982e-22	1.8143809163366215e-21
SNUH	cg16573178	BEND5	cg06744574	BEND5	within_gene	142	0.8157718816993615	4.2093184491815704e-35	1.4992740993152334e-34
SNUH	cg16573178	BEND5	cg03603214	BEND5	within_gene	142	0.7372121435651552	1.3183957063893492e-25	3.3704148300437396e-25
SNUH	cg06744574	BEND5	cg03603214	BEND5	within_gene	142	0.699470442652942	3.583032441904088e-22	8.290666307179532e-22
