cohort	probe_a	gene_a	probe_b	gene_b	family	n_pairs	rho	p	q
CMCBSN	cg14017655	EYA4	cg20330472	EYA4	within_gene	0			
CMCBSN	cg14017655	EYA4	cg17838029	EYA4	within_gene	0			
CMCBSN	cg14017655	EYA4	cg14343214	EYA4	within_gene	0			
CMCBSN	cg14017655	EYA4	cg24675448	EYA4	within_gene	0			
CMCBSN	cg14017655	EYA4	cg21607030	EYA4	within_gene	0			
CMCBSN	cg14017655	EYA4	cg11664500	EYA4	within_gene	0			
CMCBSN	cg14017655	EYA4	cg26656135	EYA4	within_gene	0			
CMCBSN	cg14017655	EYA4	cg20286200	EYA4	within_gene	0			
CMCBSN	cg14017655	EYA4	cg14270292	EYA4	within_gene	0			
CMCBSN	cg14017655	EYA4	cg06181518	EYA4	within_gene	0			
CMCBSN	cg14017655	EYA4	cg14287112	EYA4	within_gene	0			
CMCBSN	cg14017655	EYA4	cg01328892	EYA4	within_gene	0			
CMCBSN	cg14017655	EYA4	cg05493394	EYA4	within_gene	0			
CMCBSN	cg14017655	EYA4	cg26449787	EYA4	within_gene	0			
CMCBSN	cg14017655	EYA4	cg22871668	EYA4	within_gene	0			
CMCBSN	cg14017655	EYA4	cg20980055	EYA4	within_gene	0			
CMCBSN	cg14017655	EYA4	cg06611358	ZNF568	between_gene	0			
CMCBSN	cg14017655	EYA4	cg27390819	ZNF568	between_gene	0			
CMCBSN	cg14017655	EYA4	cg20154403	ZNF568	between_gene	0			
CMCBSN	cg14017655	EYA4	cg21761844	ZNF568	between_gene	0			
CMCBSN	cg14017655	EYA4	cg20680720	ZNF568	between_gene	0			
CMCBSN	cg14017655	EYA4	cg02459604	ZNF568	between_gene	0			
CMCBSN	cg14017655	EYA4	cg03060201	ZNF568	between_gene	0			
CMCBSN	cg14017655	EYA4	cg03443751	ZNF568	between_gene	0			
CMCBSN	cg14017655	EYA4	cg17332326	ZNF793	between_gene	0			
CMCBSN	cg14017655	EYA4	cg11623861	ZNF793	between_gene	0			
CMCBSN	cg14017655	EYA4	cg14732998	ZNF793	between_gene	0			
CMCBSN	cg14017655	EYA4	cg07482795	ZNF793	between_gene	0			
CMCBSN	cg14017655	EYA4	cg13181745	ZNF793	between_gene	0			
CMCBSN	cg14017655	EYA4	cg24078985	ZNF793	between_gene	0			
CMCBSN	cg14017655	EYA4	cg15139588	ZNF793	between_gene	0			
CMCBSN	cg14017655	EYA4	cg25361907	ZNF793	between_gene	0			
CMCBSN	cg14017655	EYA4	cg20299663	SFMBT2	between_gene	0			
CMCBSN	cg14017655	EYA4	cg20506550	SFMBT2	between_gene	0			
CMCBSN	cg14017655	EYA4	cg01056653	SFMBT2	between_gene	0			
CMCBSN	cg14017655	EYA4	cg22862480	SFMBT2	between_gene	0			
CMCBSN	cg14017655	EYA4	cg12767281	SFMBT2	between_gene	0			
CMCBSN	cg14017655	EYA4	cg26878816	SFMBT2	between_gene	0			
CMCBSN	cg14017655	EYA4	cg12328063	SFMBT2	between_gene	0			
CMCBSN	cg14017655	EYA4	cg16818993	SFMBT2	between_gene	0			
CMCBSN	cg14017655	EYA4	cg20295442	ADHFE1	between_gene	0			
CMCBSN	cg14017655	EYA4	cg19283840	ADHFE1	between_gene	0			
CMCBSN	cg14017655	EYA4	cg25046651	ADHFE1	between_gene	0			
CMCBSN	cg14017655	EYA4	cg01588438	ADHFE1	between_gene	0			
CMCBSN	cg14017655	EYA4	cg08090772	ADHFE1	between_gene	0			
CMCBSN	cg14017655	EYA4	cg09383816	ADHFE1	between_gene	0			
CMCBSN	cg14017655	EYA4	cg20912169	ADHFE1	between_gene	0			
CMCBSN	cg14017655	EYA4	cg18065361	ADHFE1	between_gene	0			
CMCBSN	cg14017655	EYA4	cg04481096	HOXA2	between_gene	0			
CMCBSN	cg14017655	EYA4	cg19598584	HOXA2	between_gene	0			
CMCBSN	cg14017655	EYA4	cg09871315	HOXA2	between_gene	0			
CMCBSN	cg14017655	EYA4	cg13661519	HOXA2	between_gene	0			
CMCBSN	cg14017655	EYA4	cg02803819	HOXA2	between_gene	0			
CMCBSN	cg14017655	EYA4	cg03763508	HOXA2	between_gene	0			
CMCBSN	cg14017655	EYA4	cg00188704	HOXA2	between_gene	0			
CMCBSN	cg14017655	EYA4	cg06786372	HOXA2	between_gene	0			
CMCBSN	cg14017655	EYA4	cg19236679	GFRA1	between_gene	0			
CMCBSN	cg14017655	EYA4	cg06298519	GFRA1	between_gene	0			
CMCBSN	cg14017655	EYA4	cg19485539	GFRA1	between_gene	0			
CMCBSN	cg14017655	EYA4	cg18672939	GFRA1	between_gene	0			
CMCBSN	cg14017655	EYA4	cg27034576	GFRA1	between_gene	0			
CMCBSN	cg14017655	EYA4	cg18044663	GFRA1	between_gene	0			
CMCBSN	cg14017655	EYA4	cg15701178	UNC5C	between_gene	0			
CMCBSN	cg14017655	EYA4	cg03008707	UNC5C	between_gene	0			
CMCBSN	cg14017655	EYA4	cg24870497	UNC5C	between_gene	0			
CMCBSN	cg14017655	EYA4	cg13265789	UNC5C	between_gene	0			
CMCBSN	cg14017655	EYA4	cg12584684	UNC5C	between_gene	0			
CMCBSN	cg14017655	EYA4	cg08327106	RALYL	between_gene	0			
CMCBSN	cg14017655	EYA4	cg09757712	RALYL	between_gene	0			
CMCBSN	cg14017655	EYA4	cg11089595	RALYL	between_gene	0			
CMCBSN	cg14017655	EYA4	cg01134282	RALYL	between_gene	0			
CMCBSN	cg14017655	EYA4	cg06955749	RALYL	between_gene	0			
CMCBSN	cg14017655	EYA4	cg11666087	BEND5	between_gene	0			
CMCBSN	cg14017655	EYA4	cg16573178	BEND5	between_gene	0			
CMCBSN	cg14017655	EYA4	cg06744574	BEND5	between_gene	0			
CMCBSN	cg14017655	EYA4	cg03603214	BEND5	between_gene	0			
CMCBSN	cg20330472	EYA4	cg17838029	EYA4	within_gene	0			
CMCBSN	cg20330472	EYA4	cg14343214	EYA4	within_gene	103	0.7997078592452664	4.122460379181111e-24	1.116940119829412e-23
CMCBSN	cg20330472	EYA4	cg24675448	EYA4	within_gene	0			
CMCBSN	cg20330472	EYA4	cg21607030	EYA4	within_gene	0			
CMCBSN	cg20330472	EYA4	cg11664500	EYA4	within_gene	103	0.7354588586741642	9.015039797091636e-19	1.9440596025020743e-18
CMCBSN	cg20330472	EYA4	cg26656135	EYA4	within_gene	0			
CMCBSN	cg20330472	EYA4	cg20286200	EYA4	within_gene	103	0.7879453499099416	5.360098392328048e-23	1.4042571821223068e-22
CMCBSN	cg20330472	EYA4	cg14270292	EYA4	within_gene	103	0.7617625093353249	9.40238306984666e-21	2.144284484274382e-20
CMCBSN	cg20330472	EYA4	cg06181518	EYA4	within_gene	103	0.6827966436761411	1.9582373670520514e-15	3.979238752278848e-15
CMCBSN	cg20330472	EYA4	cg14287112	EYA4	within_gene	103	0.7547774897860564	3.3401531549147675e-20	7.456539085267474e-20
CMCBSN	cg20330472	EYA4	cg01328892	EYA4	within_gene	103	0.8092408733470984	4.534278886796614e-25	1.283362863495113e-24
CMCBSN	cg20330472	EYA4	cg05493394	EYA4	within_gene	103	0.774359706541317	8.533652392448214e-22	2.0339607582000633e-21
CMCBSN	cg20330472	EYA4	cg26449787	EYA4	within_gene	103	0.7758313930501252	6.382712393042245e-22	1.5328180519654484e-21
CMCBSN	cg20330472	EYA4	cg22871668	EYA4	within_gene	103	0.7336686728462856	1.2057861625296161e-18	2.582663604877624e-18
CMCBSN	cg20330472	EYA4	cg20980055	EYA4	within_gene	103	0.7563150727057067	2.536128988721099e-20	5.701793542018358e-20
CMCBSN	cg20330472	EYA4	cg06611358	ZNF568	between_gene	0			
CMCBSN	cg20330472	EYA4	cg27390819	ZNF568	between_gene	103	0.6819619558054738	2.1833834253580996e-15	9.013366070821648e-15
CMCBSN	cg20330472	EYA4	cg20154403	ZNF568	between_gene	103	0.6701335500593069	9.82935560034468e-15	3.8621669821233844e-14
CMCBSN	cg20330472	EYA4	cg21761844	ZNF568	between_gene	0			
CMCBSN	cg20330472	EYA4	cg20680720	ZNF568	between_gene	103	0.5985700478847253	2.4270435568782915e-11	6.973740792836413e-11
CMCBSN	cg20330472	EYA4	cg02459604	ZNF568	between_gene	103	0.5929908184334227	4.120775095452231e-11	1.1660631479430443e-10
CMCBSN	cg20330472	EYA4	cg03060201	ZNF568	between_gene	103	0.5929468874928612	4.1378212135132986e-11	1.169618152335449e-10
CMCBSN	cg20330472	EYA4	cg03443751	ZNF568	between_gene	103	0.6559768044633835	5.449025305761696e-14	2.0051490864220409e-13
CMCBSN	cg20330472	EYA4	cg17332326	ZNF793	between_gene	103	0.5953630892237403	3.294310983599489e-11	9.424185697599856e-11
CMCBSN	cg20330472	EYA4	cg11623861	ZNF793	between_gene	0			
CMCBSN	cg20330472	EYA4	cg14732998	ZNF793	between_gene	0			
CMCBSN	cg20330472	EYA4	cg07482795	ZNF793	between_gene	103	0.5788230901023592	1.5116531851630875e-10	4.0869462798865245e-10
CMCBSN	cg20330472	EYA4	cg13181745	ZNF793	between_gene	0			
CMCBSN	cg20330472	EYA4	cg24078985	ZNF793	between_gene	103	0.588784430874665	6.101307842190556e-11	1.6988593554189068e-10
CMCBSN	cg20330472	EYA4	cg15139588	ZNF793	between_gene	103	0.5515968896894082	1.5542306746249095e-09	3.967698463890792e-09
CMCBSN	cg20330472	EYA4	cg25361907	ZNF793	between_gene	103	0.6061920660721346	1.1581087746019618e-11	3.406432686512422e-11
CMCBSN	cg20330472	EYA4	cg20299663	SFMBT2	between_gene	103	0.7342507578087247	1.0972718460584893e-18	6.3335890406340665e-18
CMCBSN	cg20330472	EYA4	cg20506550	SFMBT2	between_gene	0			
CMCBSN	cg20330472	EYA4	cg01056653	SFMBT2	between_gene	0			
CMCBSN	cg20330472	EYA4	cg22862480	SFMBT2	between_gene	103	0.7492861222158766	8.786233899153876e-20	5.877765190485247e-19
CMCBSN	cg20330472	EYA4	cg12767281	SFMBT2	between_gene	103	0.612287484075034	6.317839659993681e-12	1.9077828325142953e-11
CMCBSN	cg20330472	EYA4	cg26878816	SFMBT2	between_gene	103	0.626103764881606	1.5228617094965276e-12	4.8393985384609505e-12
CMCBSN	cg20330472	EYA4	cg12328063	SFMBT2	between_gene	103	0.698194438342925	2.460313336401039e-16	1.1300981504701253e-15
CMCBSN	cg20330472	EYA4	cg16818993	SFMBT2	between_gene	103	0.619041866186355	3.1788774537646064e-12	9.861701874996265e-12
CMCBSN	cg20330472	EYA4	cg20295442	ADHFE1	between_gene	0			
CMCBSN	cg20330472	EYA4	cg19283840	ADHFE1	between_gene	0			
CMCBSN	cg20330472	EYA4	cg25046651	ADHFE1	between_gene	103	0.6184048675482142	3.393991540332119e-12	1.0454455641943915e-11
CMCBSN	cg20330472	EYA4	cg01588438	ADHFE1	between_gene	103	0.6419079207485833	2.736868531553479e-13	9.395381577398718e-13
CMCBSN	cg20330472	EYA4	cg08090772	ADHFE1	between_gene	0			
CMCBSN	cg20330472	EYA4	cg09383816	ADHFE1	between_gene	103	0.6395246672231253	3.567979854708825e-13	1.2136713743070826e-12
CMCBSN	cg20330472	EYA4	cg20912169	ADHFE1	between_gene	103	0.6232921846856742	2.0458528292504363e-12	6.4231408321472784e-12
CMCBSN	cg20330472	EYA4	cg18065361	ADHFE1	between_gene	103	0.6504305232175022	1.0399958332026305e-13	3.7477197911956666e-13
CMCBSN	cg20330472	EYA4	cg04481096	HOXA2	between_gene	103	0.6190089179809339	3.189673566950387e-12	9.883442204481662e-12
CMCBSN	cg20330472	EYA4	cg19598584	HOXA2	between_gene	0			
CMCBSN	cg20330472	EYA4	cg09871315	HOXA2	between_gene	0			
CMCBSN	cg20330472	EYA4	cg13661519	HOXA2	between_gene	103	0.5163642753591354	2.3636481291922006e-08	5.525768789482482e-08
CMCBSN	cg20330472	EYA4	cg02803819	HOXA2	between_gene	103	0.5450841277511751	2.632543247543238e-09	6.604139743115681e-09
CMCBSN	cg20330472	EYA4	cg03763508	HOXA2	between_gene	103	0.5009005842815095	7.101849706414593e-08	1.608396344100319e-07
CMCBSN	cg20330472	EYA4	cg00188704	HOXA2	between_gene	103	0.524996705179458	1.2483738187516971e-08	2.9717219827766218e-08
CMCBSN	cg20330472	EYA4	cg06786372	HOXA2	between_gene	103	0.5314984843825507	7.627206116439946e-09	1.8528287483977485e-08
CMCBSN	cg20330472	EYA4	cg19236679	GFRA1	between_gene	103	0.7376883539076572	6.2551138294736715e-19	3.7344604075736394e-18
CMCBSN	cg20330472	EYA4	cg06298519	GFRA1	between_gene	103	0.7090893116021614	5.2289168831653387e-17	2.5740083298449756e-16
CMCBSN	cg20330472	EYA4	cg19485539	GFRA1	between_gene	103	0.7208957518780477	8.991413492358104e-18	4.7011218039202984e-17
CMCBSN	cg20330472	EYA4	cg18672939	GFRA1	between_gene	103	0.8102952159205729	3.5251746903106087e-25	6.299438881520807e-24
CMCBSN	cg20330472	EYA4	cg27034576	GFRA1	between_gene	103	0.7940737161182622	1.4380894477035566e-23	1.761490783595577e-22
CMCBSN	cg20330472	EYA4	cg18044663	GFRA1	between_gene	103	0.7419606378772571	3.072713344936406e-19	1.8907332822969533e-18
CMCBSN	cg20330472	EYA4	cg15701178	UNC5C	between_gene	103	0.7973136229846682	7.044278417482374e-24	9.282082015763392e-23
CMCBSN	cg20330472	EYA4	cg03008707	UNC5C	between_gene	103	0.7507907569301059	6.757692896235134e-20	4.6153981063553575e-19
CMCBSN	cg20330472	EYA4	cg24870497	UNC5C	between_gene	0			
CMCBSN	cg20330472	EYA4	cg13265789	UNC5C	between_gene	103	0.7645740895312569	5.5756081787556255e-21	4.4897412772757495e-20
CMCBSN	cg20330472	EYA4	cg12584684	UNC5C	between_gene	103	0.8083842200061504	5.556972215785676e-25	9.53825033617423e-24
CMCBSN	cg20330472	EYA4	cg08327106	RALYL	between_gene	0			
CMCBSN	cg20330472	EYA4	cg09757712	RALYL	between_gene	0			
CMCBSN	cg20330472	EYA4	cg11089595	RALYL	between_gene	103	0.5620963844835919	6.487146426769724e-10	1.7095924270143643e-09
CMCBSN	cg20330472	EYA4	cg01134282	RALYL	between_gene	0			
CMCBSN	cg20330472	EYA4	cg06955749	RALYL	between_gene	103	0.593122611255107	4.0700417310945975e-11	1.1542107474375878e-10
CMCBSN	cg20330472	EYA4	cg11666087	BEND5	between_gene	103	0.7471554715986469	1.2701804297803724e-19	8.326383772102993e-19
CMCBSN	cg20330472	EYA4	cg16573178	BEND5	between_gene	103	0.7587642226420069	1.6286752921541344e-20	1.2388378534198651e-19
CMCBSN	cg20330472	EYA4	cg06744574	BEND5	between_gene	103	0.7262443438914027	3.9302673558970816e-18	2.1229953481439926e-17
CMCBSN	cg20330472	EYA4	cg03603214	BEND5	between_gene	103	0.7398519527303079	4.371683186948742e-19	2.6463390799882287e-18
CMCBSN	cg17838029	EYA4	cg14343214	EYA4	within_gene	0			
CMCBSN	cg17838029	EYA4	cg24675448	EYA4	within_gene	0			
CMCBSN	cg17838029	EYA4	cg21607030	EYA4	within_gene	0			
CMCBSN	cg17838029	EYA4	cg11664500	EYA4	within_gene	0			
CMCBSN	cg17838029	EYA4	cg26656135	EYA4	within_gene	0			
CMCBSN	cg17838029	EYA4	cg20286200	EYA4	within_gene	0			
CMCBSN	cg17838029	EYA4	cg14270292	EYA4	within_gene	0			
CMCBSN	cg17838029	EYA4	cg06181518	EYA4	within_gene	0			
CMCBSN	cg17838029	EYA4	cg14287112	EYA4	within_gene	0			
CMCBSN	cg17838029	EYA4	cg01328892	EYA4	within_gene	0			
CMCBSN	cg17838029	EYA4	cg05493394	EYA4	within_gene	0			
CMCBSN	cg17838029	EYA4	cg26449787	EYA4	within_gene	0			
CMCBSN	cg17838029	EYA4	cg22871668	EYA4	within_gene	0			
CMCBSN	cg17838029	EYA4	cg20980055	EYA4	within_gene	0			
CMCBSN	cg17838029	EYA4	cg06611358	ZNF568	between_gene	0			
CMCBSN	cg17838029	EYA4	cg27390819	ZNF568	between_gene	0			
CMCBSN	cg17838029	EYA4	cg20154403	ZNF568	between_gene	0			
CMCBSN	cg17838029	EYA4	cg21761844	ZNF568	between_gene	0			
CMCBSN	cg17838029	EYA4	cg20680720	ZNF568	between_gene	0			
CMCBSN	cg17838029	EYA4	cg02459604	ZNF568	between_gene	0			
CMCBSN	cg17838029	EYA4	cg03060201	ZNF568	between_gene	0			
CMCBSN	cg17838029	EYA4	cg03443751	ZNF568	between_gene	0			
CMCBSN	cg17838029	EYA4	cg17332326	ZNF793	between_gene	0			
CMCBSN	cg17838029	EYA4	cg11623861	ZNF793	between_gene	0			
CMCBSN	cg17838029	EYA4	cg14732998	ZNF793	between_gene	0			
CMCBSN	cg17838029	EYA4	cg07482795	ZNF793	between_gene	0			
CMCBSN	cg17838029	EYA4	cg13181745	ZNF793	between_gene	0			
CMCBSN	cg17838029	EYA4	cg24078985	ZNF793	between_gene	0			
CMCBSN	cg17838029	EYA4	cg15139588	ZNF793	between_gene	0			
CMCBSN	cg17838029	EYA4	cg25361907	ZNF793	between_gene	0			
CMCBSN	cg17838029	EYA4	cg20299663	SFMBT2	between_gene	0			
CMCBSN	cg17838029	EYA4	cg20506550	SFMBT2	between_gene	0			
CMCBSN	cg17838029	EYA4	cg01056653	SFMBT2	between_gene	0			
CMCBSN	cg17838029	EYA4	cg22862480	SFMBT2	between_gene	0			
CMCBSN	cg17838029	EYA4	cg12767281	SFMBT2	between_gene	0			
CMCBSN	cg17838029	EYA4	cg26878816	SFMBT2	between_gene	0			
CMCBSN	cg17838029	EYA4	cg12328063	SFMBT2	between_gene	0			
CMCBSN	cg17838029	EYA4	cg16818993	SFMBT2	between_gene	0			
CMCBSN	cg17838029	EYA4	cg20295442	ADHFE1	between_gene	0			
CMCBSN	cg17838029	EYA4	cg19283840	ADHFE1	between_gene	0			
CMCBSN	cg17838029	EYA4	cg25046651	ADHFE1	between_gene	0			
CMCBSN	cg17838029	EYA4	cg01588438	ADHFE1	between_gene	0			
CMCBSN	cg17838029	EYA4	cg08090772	ADHFE1	between_gene	0			
CMCBSN	cg17838029	EYA4	cg09383816	ADHFE1	between_gene	0			
CMCBSN	cg17838029	EYA4	cg20912169	ADHFE1	between_gene	0			
CMCBSN	cg17838029	EYA4	cg18065361	ADHFE1	between_gene	0			
CMCBSN	cg17838029	EYA4	cg04481096	HOXA2	between_gene	0			
CMCBSN	cg17838029	EYA4	cg19598584	HOXA2	between_gene	0			
CMCBSN	cg17838029	EYA4	cg09871315	HOXA2	between_gene	0			
CMCBSN	cg17838029	EYA4	cg13661519	HOXA2	between_gene	0			
CMCBSN	cg17838029	EYA4	cg02803819	HOXA2	between_gene	0			
CMCBSN	cg17838029	EYA4	cg03763508	HOXA2	between_gene	0			
CMCBSN	cg17838029	EYA4	cg00188704	HOXA2	between_gene	0			
CMCBSN	cg17838029	EYA4	cg06786372	HOXA2	between_gene	0			
CMCBSN	cg17838029	EYA4	cg19236679	GFRA1	between_gene	0			
CMCBSN	cg17838029	EYA4	cg06298519	GFRA1	between_gene	0			
CMCBSN	cg17838029	EYA4	cg19485539	GFRA1	between_gene	0			
CMCBSN	cg17838029	EYA4	cg18672939	GFRA1	between_gene	0			
CMCBSN	cg17838029	EYA4	cg27034576	GFRA1	between_gene	0			
CMCBSN	cg17838029	EYA4	cg18044663	GFRA1	between_gene	0			
CMCBSN	cg17838029	EYA4	cg15701178	UNC5C	between_gene	0			
CMCBSN	cg17838029	EYA4	cg03008707	UNC5C	between_gene	0			
CMCBSN	cg17838029	EYA4	cg24870497	UNC5C	between_gene	0			
CMCBSN	cg17838029	EYA4	cg13265789	UNC5C	between_gene	0			
CMCBSN	cg17838029	EYA4	cg12584684	UNC5C	between_gene	0			
CMCBSN	cg17838029	EYA4	cg08327106	RALYL	between_gene	0			
CMCBSN	cg17838029	EYA4	cg09757712	RALYL	between_gene	0			
CMCBSN	cg17838029	EYA4	cg11089595	RALYL	between_gene	0			
CMCBSN	cg17838029	EYA4	cg01134282	RALYL	between_gene	0			
CMCBSN	cg17838029	EYA4	cg06955749	RALYL	between_gene	0			
CMCBSN	cg17838029	EYA4	cg11666087	BEND5	between_gene	0			
CMCBSN	cg17838029	EYA4	cg16573178	BEND5	between_gene	0			
CMCBSN	cg17838029	EYA4	cg06744574	BEND5	between_gene	0			
CMCBSN	cg17838029	EYA4	cg03603214	BEND5	between_gene	0			
CMCBSN	cg14343214	EYA4	cg24675448	EYA4	within_gene	0			
CMCBSN	cg14343214	EYA4	cg21607030	EYA4	within_gene	0			
CMCBSN	cg14343214	EYA4	cg11664500	EYA4	within_gene	103	0.8647146685410535	5.682071023448e-32	2.0703638096931216e-31
CMCBSN	cg14343214	EYA4	cg26656135	EYA4	within_gene	0			
CMCBSN	cg14343214	EYA4	cg20286200	EYA4	within_gene	103	0.8476694636032158	1.4591824544879366e-29	4.6723316977037954e-29
CMCBSN	cg14343214	EYA4	cg14270292	EYA4	within_gene	103	0.8779818125906076	4.3634472991557125e-34	1.729015992290451e-33
CMCBSN	cg14343214	EYA4	cg06181518	EYA4	within_gene	103	0.8044304353556211	1.4022869452646834e-24	3.8993417688500414e-24
CMCBSN	cg14343214	EYA4	cg14287112	EYA4	within_gene	103	0.8851645213724026	2.4518999990264105e-35	1.0363363995884962e-34
CMCBSN	cg14343214	EYA4	cg01328892	EYA4	within_gene	103	0.8803650661160656	1.7135058269692155e-34	7.054303209730409e-34
CMCBSN	cg14343214	EYA4	cg05493394	EYA4	within_gene	103	0.8709089311602162	6.256273249103997e-33	2.3332219058423142e-32
CMCBSN	cg14343214	EYA4	cg26449787	EYA4	within_gene	103	0.90159469314238	1.5332738499338696e-38	7.147761918074069e-38
CMCBSN	cg14343214	EYA4	cg22871668	EYA4	within_gene	103	0.8747419057242016	1.5075709451148506e-33	5.828048653675703e-33
CMCBSN	cg14343214	EYA4	cg20980055	EYA4	within_gene	103	0.8912928875807232	1.7986438119366097e-36	7.810549155943907e-36
CMCBSN	cg14343214	EYA4	cg06611358	ZNF568	between_gene	0			
CMCBSN	cg14343214	EYA4	cg27390819	ZNF568	between_gene	103	0.7977309669200019	6.419518194621652e-24	8.545164780493822e-23
CMCBSN	cg14343214	EYA4	cg20154403	ZNF568	between_gene	103	0.7454421649167509	1.7038184140174937e-19	1.0948921778747885e-18
CMCBSN	cg14343214	EYA4	cg21761844	ZNF568	between_gene	0			
CMCBSN	cg14343214	EYA4	cg20680720	ZNF568	between_gene	103	0.6875960989324781	1.0399875423360041e-15	4.426309132063025e-15
CMCBSN	cg14343214	EYA4	cg02459604	ZNF568	between_gene	103	0.662621359223301	2.4672266173697623e-14	9.369715057813261e-14
CMCBSN	cg14343214	EYA4	cg03060201	ZNF568	between_gene	103	0.7080898827043888	6.044925269977407e-17	2.93691061999461e-16
CMCBSN	cg14343214	EYA4	cg03443751	ZNF568	between_gene	103	0.726310240302245	3.8899262416641256e-18	2.1055638100625945e-17
CMCBSN	cg14343214	EYA4	cg17332326	ZNF793	between_gene	103	0.5246123094495454	1.2848574605993296e-08	3.052999193719172e-08
CMCBSN	cg14343214	EYA4	cg11623861	ZNF793	between_gene	0			
CMCBSN	cg14343214	EYA4	cg14732998	ZNF793	between_gene	0			
CMCBSN	cg14343214	EYA4	cg07482795	ZNF793	between_gene	103	0.512926679260203	3.03287947859664e-08	7.03984213492761e-08
CMCBSN	cg14343214	EYA4	cg13181745	ZNF793	between_gene	0			
CMCBSN	cg14343214	EYA4	cg24078985	ZNF793	between_gene	103	0.5250406361200194	1.2442679451868529e-08	2.9646530310433777e-08
CMCBSN	cg14343214	EYA4	cg15139588	ZNF793	between_gene	103	0.4765628432104731	3.60683653919062e-07	7.770632973367736e-07
CMCBSN	cg14343214	EYA4	cg25361907	ZNF793	between_gene	103	0.5775051618855159	1.7005725700542816e-10	4.5882045866304246e-10
CMCBSN	cg14343214	EYA4	cg20299663	SFMBT2	between_gene	103	0.7645411413258358	5.610092563440011e-21	4.50360969169692e-20
CMCBSN	cg14343214	EYA4	cg20506550	SFMBT2	between_gene	0			
CMCBSN	cg14343214	EYA4	cg01056653	SFMBT2	between_gene	0			
CMCBSN	cg14343214	EYA4	cg22862480	SFMBT2	between_gene	103	0.816105082809823	8.555766769892828e-26	1.8147963823292994e-24
CMCBSN	cg14343214	EYA4	cg12767281	SFMBT2	between_gene	103	0.7162720203839564	1.810795173986548e-17	9.191370834495922e-17
CMCBSN	cg14343214	EYA4	cg26878816	SFMBT2	between_gene	103	0.7460681808197513	1.5308538165704522e-19	9.861722487487184e-19
CMCBSN	cg14343214	EYA4	cg12328063	SFMBT2	between_gene	103	0.8179501823134033	5.400241074861899e-26	1.2251503447230167e-24
CMCBSN	cg14343214	EYA4	cg16818993	SFMBT2	between_gene	103	0.7301541976013707	2.1198016437429394e-18	1.1893682771022213e-17
CMCBSN	cg14343214	EYA4	cg20295442	ADHFE1	between_gene	0			
CMCBSN	cg14343214	EYA4	cg19283840	ADHFE1	between_gene	0			
CMCBSN	cg14343214	EYA4	cg25046651	ADHFE1	between_gene	103	0.7446953389272065	1.935119499354541e-19	1.2224520033452777e-18
CMCBSN	cg14343214	EYA4	cg01588438	ADHFE1	between_gene	103	0.809196942406537	4.581933759196149e-25	7.969510118495168e-24
CMCBSN	cg14343214	EYA4	cg08090772	ADHFE1	between_gene	0			
CMCBSN	cg14343214	EYA4	cg09383816	ADHFE1	between_gene	103	0.7969621754601767	7.616037650254874e-24	9.935121114757482e-23
CMCBSN	cg14343214	EYA4	cg20912169	ADHFE1	between_gene	103	0.7842112199622194	1.169940057788989e-22	1.225852855731515e-21
CMCBSN	cg14343214	EYA4	cg18065361	ADHFE1	between_gene	103	0.8018165443922155	2.556259157384661e-24	3.735195904653341e-23
CMCBSN	cg14343214	EYA4	cg04481096	HOXA2	between_gene	103	0.6904186618635505	7.127132080396563e-16	3.078590661879906e-15
CMCBSN	cg14343214	EYA4	cg19598584	HOXA2	between_gene	0			
CMCBSN	cg14343214	EYA4	cg09871315	HOXA2	between_gene	0			
CMCBSN	cg14343214	EYA4	cg13661519	HOXA2	between_gene	103	0.5818323595308176	1.1529711199956819e-10	3.1697593804728495e-10
CMCBSN	cg14343214	EYA4	cg02803819	HOXA2	between_gene	103	0.6090695426789089	8.713816514365204e-12	2.5893334038700242e-11
CMCBSN	cg14343214	EYA4	cg03763508	HOXA2	between_gene	103	0.5744299960462154	2.233824986597641e-10	6.00829834024046e-10
CMCBSN	cg14343214	EYA4	cg00188704	HOXA2	between_gene	103	0.5569454817027634	9.996761098109086e-10	2.590024796918233e-09
CMCBSN	cg14343214	EYA4	cg06786372	HOXA2	between_gene	103	0.5997122523393226	2.1750214576928295e-11	6.27031047858629e-11
CMCBSN	cg14343214	EYA4	cg19236679	GFRA1	between_gene	103	0.8012015112243555	2.9403412825561933e-24	4.238315141540944e-23
CMCBSN	cg14343214	EYA4	cg06298519	GFRA1	between_gene	103	0.8234744980890042	1.3191246521455575e-26	3.4763598156037973e-25
CMCBSN	cg14343214	EYA4	cg19485539	GFRA1	between_gene	103	0.8180270614593859	5.297088359707752e-26	1.2122897833752215e-24
CMCBSN	cg14343214	EYA4	cg18672939	GFRA1	between_gene	103	0.7890216579536969	4.267713868019931e-23	4.799338569682758e-22
CMCBSN	cg14343214	EYA4	cg27034576	GFRA1	between_gene	103	0.8268791459825154	5.399116996567084e-27	1.697144125788376e-25
CMCBSN	cg14343214	EYA4	cg18044663	GFRA1	between_gene	103	0.8336225453586962	8.676125675913593e-28	3.4296987709785707e-26
CMCBSN	cg14343214	EYA4	cg15701178	UNC5C	between_gene	103	0.8042986425339367	1.4457019912797112e-24	2.2721906597884139e-23
CMCBSN	cg14343214	EYA4	cg03008707	UNC5C	between_gene	103	0.8048807274963758	1.2633327064572234e-24	1.9975969885738766e-23
CMCBSN	cg14343214	EYA4	cg24870497	UNC5C	between_gene	0			
CMCBSN	cg14343214	EYA4	cg13265789	UNC5C	between_gene	103	0.8523041778324474	3.460205441886775e-30	2.912153547704063e-28
CMCBSN	cg14343214	EYA4	cg12584684	UNC5C	between_gene	103	0.8241664104028469	1.1018392843106788e-26	3.025998623964801e-25
CMCBSN	cg14343214	EYA4	cg08327106	RALYL	between_gene	0			
CMCBSN	cg14343214	EYA4	cg09757712	RALYL	between_gene	0			
CMCBSN	cg14343214	EYA4	cg11089595	RALYL	between_gene	103	0.7093309317752492	5.0483121490986365e-17	2.4945163630678683e-16
CMCBSN	cg14343214	EYA4	cg01134282	RALYL	between_gene	0			
CMCBSN	cg14343214	EYA4	cg06955749	RALYL	between_gene	103	0.6781838949171902	3.5573504687919266e-15	1.445658469326813e-14
CMCBSN	cg14343214	EYA4	cg11666087	BEND5	between_gene	103	0.8073298774326758	7.12762051816201e-25	1.1997394794764313e-23
CMCBSN	cg14343214	EYA4	cg16573178	BEND5	between_gene	103	0.8070223608487458	7.662143366317671e-25	1.2637708620379595e-23
CMCBSN	cg14343214	EYA4	cg06744574	BEND5	between_gene	103	0.8072529982866934	7.257737901915875e-25	1.2138101401345205e-23
CMCBSN	cg14343214	EYA4	cg03603214	BEND5	between_gene	103	0.7378640776699029	6.076533457562668e-19	3.636164172197477e-18
CMCBSN	cg24675448	EYA4	cg21607030	EYA4	within_gene	0			
CMCBSN	cg24675448	EYA4	cg11664500	EYA4	within_gene	0			
CMCBSN	cg24675448	EYA4	cg26656135	EYA4	within_gene	0			
CMCBSN	cg24675448	EYA4	cg20286200	EYA4	within_gene	0			
CMCBSN	cg24675448	EYA4	cg14270292	EYA4	within_gene	0			
CMCBSN	cg24675448	EYA4	cg06181518	EYA4	within_gene	0			
CMCBSN	cg24675448	EYA4	cg14287112	EYA4	within_gene	0			
CMCBSN	cg24675448	EYA4	cg01328892	EYA4	within_gene	0			
CMCBSN	cg24675448	EYA4	cg05493394	EYA4	within_gene	0			
CMCBSN	cg24675448	EYA4	cg26449787	EYA4	within_gene	0			
CMCBSN	cg24675448	EYA4	cg22871668	EYA4	within_gene	0			
CMCBSN	cg24675448	EYA4	cg20980055	EYA4	within_gene	0			
CMCBSN	cg24675448	EYA4	cg06611358	ZNF568	between_gene	0			
CMCBSN	cg24675448	EYA4	cg27390819	ZNF568	between_gene	0			
CMCBSN	cg24675448	EYA4	cg20154403	ZNF568	between_gene	0			
CMCBSN	cg24675448	EYA4	cg21761844	ZNF568	between_gene	0			
CMCBSN	cg24675448	EYA4	cg20680720	ZNF568	between_gene	0			
CMCBSN	cg24675448	EYA4	cg02459604	ZNF568	between_gene	0			
CMCBSN	cg24675448	EYA4	cg03060201	ZNF568	between_gene	0			
CMCBSN	cg24675448	EYA4	cg03443751	ZNF568	between_gene	0			
CMCBSN	cg24675448	EYA4	cg17332326	ZNF793	between_gene	0			
CMCBSN	cg24675448	EYA4	cg11623861	ZNF793	between_gene	0			
CMCBSN	cg24675448	EYA4	cg14732998	ZNF793	between_gene	0			
CMCBSN	cg24675448	EYA4	cg07482795	ZNF793	between_gene	0			
CMCBSN	cg24675448	EYA4	cg13181745	ZNF793	between_gene	0			
CMCBSN	cg24675448	EYA4	cg24078985	ZNF793	between_gene	0			
CMCBSN	cg24675448	EYA4	cg15139588	ZNF793	between_gene	0			
CMCBSN	cg24675448	EYA4	cg25361907	ZNF793	between_gene	0			
CMCBSN	cg24675448	EYA4	cg20299663	SFMBT2	between_gene	0			
CMCBSN	cg24675448	EYA4	cg20506550	SFMBT2	between_gene	0			
CMCBSN	cg24675448	EYA4	cg01056653	SFMBT2	between_gene	0			
CMCBSN	cg24675448	EYA4	cg22862480	SFMBT2	between_gene	0			
CMCBSN	cg24675448	EYA4	cg12767281	SFMBT2	between_gene	0			
CMCBSN	cg24675448	EYA4	cg26878816	SFMBT2	between_gene	0			
CMCBSN	cg24675448	EYA4	cg12328063	SFMBT2	between_gene	0			
CMCBSN	cg24675448	EYA4	cg16818993	SFMBT2	between_gene	0			
CMCBSN	cg24675448	EYA4	cg20295442	ADHFE1	between_gene	0			
CMCBSN	cg24675448	EYA4	cg19283840	ADHFE1	between_gene	0			
CMCBSN	cg24675448	EYA4	cg25046651	ADHFE1	between_gene	0			
CMCBSN	cg24675448	EYA4	cg01588438	ADHFE1	between_gene	0			
CMCBSN	cg24675448	EYA4	cg08090772	ADHFE1	between_gene	0			
CMCBSN	cg24675448	EYA4	cg09383816	ADHFE1	between_gene	0			
CMCBSN	cg24675448	EYA4	cg20912169	ADHFE1	between_gene	0			
CMCBSN	cg24675448	EYA4	cg18065361	ADHFE1	between_gene	0			
CMCBSN	cg24675448	EYA4	cg04481096	HOXA2	between_gene	0			
CMCBSN	cg24675448	EYA4	cg19598584	HOXA2	between_gene	0			
CMCBSN	cg24675448	EYA4	cg09871315	HOXA2	between_gene	0			
CMCBSN	cg24675448	EYA4	cg13661519	HOXA2	between_gene	0			
CMCBSN	cg24675448	EYA4	cg02803819	HOXA2	between_gene	0			
CMCBSN	cg24675448	EYA4	cg03763508	HOXA2	between_gene	0			
CMCBSN	cg24675448	EYA4	cg00188704	HOXA2	between_gene	0			
CMCBSN	cg24675448	EYA4	cg06786372	HOXA2	between_gene	0			
CMCBSN	cg24675448	EYA4	cg19236679	GFRA1	between_gene	0			
CMCBSN	cg24675448	EYA4	cg06298519	GFRA1	between_gene	0			
CMCBSN	cg24675448	EYA4	cg19485539	GFRA1	between_gene	0			
CMCBSN	cg24675448	EYA4	cg18672939	GFRA1	between_gene	0			
CMCBSN	cg24675448	EYA4	cg27034576	GFRA1	between_gene	0			
CMCBSN	cg24675448	EYA4	cg18044663	GFRA1	between_gene	0			
CMCBSN	cg24675448	EYA4	cg15701178	UNC5C	between_gene	0			
CMCBSN	cg24675448	EYA4	cg03008707	UNC5C	between_gene	0			
CMCBSN	cg24675448	EYA4	cg24870497	UNC5C	between_gene	0			
CMCBSN	cg24675448	EYA4	cg13265789	UNC5C	between_gene	0			
CMCBSN	cg24675448	EYA4	cg12584684	UNC5C	between_gene	0			
CMCBSN	cg24675448	EYA4	cg08327106	RALYL	between_gene	0			
CMCBSN	cg24675448	EYA4	cg09757712	RALYL	between_gene	0			
CMCBSN	cg24675448	EYA4	cg11089595	RALYL	between_gene	0			
CMCBSN	cg24675448	EYA4	cg01134282	RALYL	between_gene	0			
CMCBSN	cg24675448	EYA4	cg06955749	RALYL	between_gene	0			
CMCBSN	cg24675448	EYA4	cg11666087	BEND5	between_gene	0			
CMCBSN	cg24675448	EYA4	cg16573178	BEND5	between_gene	0			
CMCBSN	cg24675448	EYA4	cg06744574	BEND5	between_gene	0			
CMCBSN	cg24675448	EYA4	cg03603214	BEND5	between_gene	0			
CMCBSN	cg21607030	EYA4	cg11664500	EYA4	within_gene	0			
CMCBSN	cg21607030	EYA4	cg26656135	EYA4	within_gene	0			
CMCBSN	cg21607030	EYA4	cg20286200	EYA4	within_gene	0			
CMCBSN	cg21607030	EYA4	cg14270292	EYA4	within_gene	0			
CMCBSN	cg21607030	EYA4	cg06181518	EYA4	within_gene	0			
CMCBSN	cg21607030	EYA4	cg14287112	EYA4	within_gene	0			
CMCBSN	cg21607030	EYA4	cg01328892	EYA4	within_gene	0			
CMCBSN	cg21607030	EYA4	cg05493394	EYA4	within_gene	0			
CMCBSN	cg21607030	EYA4	cg26449787	EYA4	within_gene	0			
CMCBSN	cg21607030	EYA4	cg22871668	EYA4	within_gene	0			
CMCBSN	cg21607030	EYA4	cg20980055	EYA4	within_gene	0			
CMCBSN	cg21607030	EYA4	cg06611358	ZNF568	between_gene	0			
CMCBSN	cg21607030	EYA4	cg27390819	ZNF568	between_gene	0			
CMCBSN	cg21607030	EYA4	cg20154403	ZNF568	between_gene	0			
CMCBSN	cg21607030	EYA4	cg21761844	ZNF568	between_gene	0			
CMCBSN	cg21607030	EYA4	cg20680720	ZNF568	between_gene	0			
CMCBSN	cg21607030	EYA4	cg02459604	ZNF568	between_gene	0			
CMCBSN	cg21607030	EYA4	cg03060201	ZNF568	between_gene	0			
CMCBSN	cg21607030	EYA4	cg03443751	ZNF568	between_gene	0			
CMCBSN	cg21607030	EYA4	cg17332326	ZNF793	between_gene	0			
CMCBSN	cg21607030	EYA4	cg11623861	ZNF793	between_gene	0			
CMCBSN	cg21607030	EYA4	cg14732998	ZNF793	between_gene	0			
CMCBSN	cg21607030	EYA4	cg07482795	ZNF793	between_gene	0			
CMCBSN	cg21607030	EYA4	cg13181745	ZNF793	between_gene	0			
CMCBSN	cg21607030	EYA4	cg24078985	ZNF793	between_gene	0			
CMCBSN	cg21607030	EYA4	cg15139588	ZNF793	between_gene	0			
CMCBSN	cg21607030	EYA4	cg25361907	ZNF793	between_gene	0			
CMCBSN	cg21607030	EYA4	cg20299663	SFMBT2	between_gene	0			
CMCBSN	cg21607030	EYA4	cg20506550	SFMBT2	between_gene	0			
CMCBSN	cg21607030	EYA4	cg01056653	SFMBT2	between_gene	0			
CMCBSN	cg21607030	EYA4	cg22862480	SFMBT2	between_gene	0			
CMCBSN	cg21607030	EYA4	cg12767281	SFMBT2	between_gene	0			
CMCBSN	cg21607030	EYA4	cg26878816	SFMBT2	between_gene	0			
CMCBSN	cg21607030	EYA4	cg12328063	SFMBT2	between_gene	0			
CMCBSN	cg21607030	EYA4	cg16818993	SFMBT2	between_gene	0			
CMCBSN	cg21607030	EYA4	cg20295442	ADHFE1	between_gene	0			
CMCBSN	cg21607030	EYA4	cg19283840	ADHFE1	between_gene	0			
CMCBSN	cg21607030	EYA4	cg25046651	ADHFE1	between_gene	0			
CMCBSN	cg21607030	EYA4	cg01588438	ADHFE1	between_gene	0			
CMCBSN	cg21607030	EYA4	cg08090772	ADHFE1	between_gene	0			
CMCBSN	cg21607030	EYA4	cg09383816	ADHFE1	between_gene	0			
CMCBSN	cg21607030	EYA4	cg20912169	ADHFE1	between_gene	0			
CMCBSN	cg21607030	EYA4	cg18065361	ADHFE1	between_gene	0			
CMCBSN	cg21607030	EYA4	cg04481096	HOXA2	between_gene	0			
CMCBSN	cg21607030	EYA4	cg19598584	HOXA2	between_gene	0			
CMCBSN	cg21607030	EYA4	cg09871315	HOXA2	between_gene	0			
CMCBSN	cg21607030	EYA4	cg13661519	HOXA2	between_gene	0			
CMCBSN	cg21607030	EYA4	cg02803819	HOXA2	between_gene	0			
CMCBSN	cg21607030	EYA4	cg03763508	HOXA2	between_gene	0			
CMCBSN	cg21607030	EYA4	cg00188704	HOXA2	between_gene	0			
CMCBSN	cg21607030	EYA4	cg06786372	HOXA2	between_gene	0			
CMCBSN	cg21607030	EYA4	cg19236679	GFRA1	between_gene	0			
CMCBSN	cg21607030	EYA4	cg06298519	GFRA1	between_gene	0			
CMCBSN	cg21607030	EYA4	cg19485539	GFRA1	between_gene	0			
CMCBSN	cg21607030	EYA4	cg18672939	GFRA1	between_gene	0			
CMCBSN	cg21607030	EYA4	cg27034576	GFRA1	between_gene	0			
CMCBSN	cg21607030	EYA4	cg18044663	GFRA1	between_gene	0			
CMCBSN	cg21607030	EYA4	cg15701178	UNC5C	between_gene	0			
CMCBSN	cg21607030	EYA4	cg03008707	UNC5C	between_gene	0			
CMCBSN	cg21607030	EYA4	cg24870497	UNC5C	between_gene	0			
CMCBSN	cg21607030	EYA4	cg13265789	UNC5C	between_gene	0			
CMCBSN	cg21607030	EYA4	cg12584684	UNC5C	between_gene	0			
CMCBSN	cg21607030	EYA4	cg08327106	RALYL	between_gene	0			
CMCBSN	cg21607030	EYA4	cg09757712	RALYL	between_gene	0			
CMCBSN	cg21607030	EYA4	cg11089595	RALYL	between_gene	0			
CMCBSN	cg21607030	EYA4	cg01134282	RALYL	between_gene	0			
CMCBSN	cg21607030	EYA4	cg06955749	RALYL	between_gene	0			
CMCBSN	cg21607030	EYA4	cg11666087	BEND5	between_gene	0			
CMCBSN	cg21607030	EYA4	cg16573178	BEND5	between_gene	0			
CMCBSN	cg21607030	EYA4	cg06744574	BEND5	between_gene	0			
CMCBSN	cg21607030	EYA4	cg03603214	BEND5	between_gene	0			
CMCBSN	cg11664500	EYA4	cg26656135	EYA4	within_gene	0			
CMCBSN	cg11664500	EYA4	cg20286200	EYA4	within_gene	103	0.9152462329218468	1.1500753540508474e-41	6.179218427696924e-41
CMCBSN	cg11664500	EYA4	cg14270292	EYA4	within_gene	103	0.9764530158590696	4.303756379748943e-69	1.7053634654755185e-67
CMCBSN	cg11664500	EYA4	cg06181518	EYA4	within_gene	103	0.7658590695426789	4.380434221999085e-21	1.0210276826277278e-20
CMCBSN	cg11664500	EYA4	cg14287112	EYA4	within_gene	103	0.9849426701225674	8.273861666016703e-79	1.3114070740636473e-76
CMCBSN	cg11664500	EYA4	cg01328892	EYA4	within_gene	103	0.8268901287176559	5.3834115696683544e-27	1.5948985678363255e-26
CMCBSN	cg11664500	EYA4	cg05493394	EYA4	within_gene	103	0.781509467117691	2.0383123911008136e-22	5.087756125818567e-22
CMCBSN	cg11664500	EYA4	cg26449787	EYA4	within_gene	103	0.9242191275315204	5.067876596145739e-44	3.0311639263739613e-43
CMCBSN	cg11664500	EYA4	cg22871668	EYA4	within_gene	103	0.979978473839125	1.3009937046281596e-72	8.248300087342533e-71
CMCBSN	cg11664500	EYA4	cg20980055	EYA4	within_gene	103	0.9413851425559022	1.813124940758395e-49	1.9158686874013707e-48
CMCBSN	cg11664500	EYA4	cg06611358	ZNF568	between_gene	0			
CMCBSN	cg11664500	EYA4	cg27390819	ZNF568	between_gene	103	0.759071739225937	1.5400083392259175e-20	1.1782644448798882e-19
CMCBSN	cg11664500	EYA4	cg20154403	ZNF568	between_gene	103	0.6554606159117867	5.790173815429358e-14	2.121708354558314e-13
CMCBSN	cg11664500	EYA4	cg21761844	ZNF568	between_gene	0			
CMCBSN	cg11664500	EYA4	cg20680720	ZNF568	between_gene	103	0.54217370293898	3.319544443887373e-09	8.248277575335386e-09
CMCBSN	cg11664500	EYA4	cg02459604	ZNF568	between_gene	103	0.6194152791811272	3.058961070852665e-12	9.50098742125548e-12
CMCBSN	cg11664500	EYA4	cg03060201	ZNF568	between_gene	103	0.6173615077098801	3.777027404858367e-12	1.1620594928390896e-11
CMCBSN	cg11664500	EYA4	cg03443751	ZNF568	between_gene	103	0.6165158371040724	4.117796489957263e-12	1.2639212990939412e-11
CMCBSN	cg11664500	EYA4	cg17332326	ZNF793	between_gene	103	0.4656460044809559	7.184280850264617e-07	1.5164877620016497e-06
CMCBSN	cg11664500	EYA4	cg11623861	ZNF793	between_gene	0			
CMCBSN	cg11664500	EYA4	cg14732998	ZNF793	between_gene	0			
CMCBSN	cg11664500	EYA4	cg07482795	ZNF793	between_gene	103	0.3906888371480033	4.50247061014157e-05	8.799210353452701e-05
CMCBSN	cg11664500	EYA4	cg13181745	ZNF793	between_gene	0			
CMCBSN	cg11664500	EYA4	cg24078985	ZNF793	between_gene	103	0.4134670298291086	1.418923265151292e-05	2.825931907465435e-05
CMCBSN	cg11664500	EYA4	cg15139588	ZNF793	between_gene	103	0.4145762860782849	1.3384186318866129e-05	2.669674472929796e-05
CMCBSN	cg11664500	EYA4	cg25361907	ZNF793	between_gene	103	0.4885120590431841	1.6498802966340657e-07	3.647913299930744e-07
CMCBSN	cg11664500	EYA4	cg20299663	SFMBT2	between_gene	103	0.7747880332117911	7.843750523443438e-22	7.130433838210428e-21
CMCBSN	cg11664500	EYA4	cg20506550	SFMBT2	between_gene	0			
CMCBSN	cg11664500	EYA4	cg01056653	SFMBT2	between_gene	0			
CMCBSN	cg11664500	EYA4	cg22862480	SFMBT2	between_gene	103	0.8098449237798181	3.926050721098954e-25	6.968072334249776e-24
CMCBSN	cg11664500	EYA4	cg12767281	SFMBT2	between_gene	103	0.6494640425251504	1.162399914987394e-13	4.154385449591933e-13
CMCBSN	cg11664500	EYA4	cg26878816	SFMBT2	between_gene	103	0.7059482493520186	8.231144265361814e-17	3.947620475795767e-16
CMCBSN	cg11664500	EYA4	cg12328063	SFMBT2	between_gene	103	0.7490774502482098	9.110659879737328e-20	6.063701945468033e-19
CMCBSN	cg11664500	EYA4	cg16818993	SFMBT2	between_gene	103	0.717666827746782	1.4682117777253577e-17	7.466987384182178e-17
CMCBSN	cg11664500	EYA4	cg20295442	ADHFE1	between_gene	0			
CMCBSN	cg11664500	EYA4	cg19283840	ADHFE1	between_gene	0			
CMCBSN	cg11664500	EYA4	cg25046651	ADHFE1	between_gene	103	0.8253415630628652	8.10160757999464e-27	2.3429433015199977e-25
CMCBSN	cg11664500	EYA4	cg01588438	ADHFE1	between_gene	103	0.8746760093133594	1.5455168485275573e-33	2.6881689718722645e-31
CMCBSN	cg11664500	EYA4	cg08090772	ADHFE1	between_gene	0			
CMCBSN	cg11664500	EYA4	cg09383816	ADHFE1	between_gene	103	0.8743355445240083	1.7569368383621092e-33	2.8649051320542143e-31
CMCBSN	cg11664500	EYA4	cg20912169	ADHFE1	between_gene	103	0.876499143346659	7.728872726136959e-34	1.5511253032685638e-31
CMCBSN	cg11664500	EYA4	cg18065361	ADHFE1	between_gene	103	0.8572244431753285	7.108417927759872e-31	6.623522276259108e-29
CMCBSN	cg11664500	EYA4	cg04481096	HOXA2	between_gene	103	0.7500329482054211	7.714678590704599e-20	5.200929313475012e-19
CMCBSN	cg11664500	EYA4	cg19598584	HOXA2	between_gene	0			
CMCBSN	cg11664500	EYA4	cg09871315	HOXA2	between_gene	0			
CMCBSN	cg11664500	EYA4	cg13661519	HOXA2	between_gene	103	0.63233097570619	7.834983956854798e-13	2.577739362349832e-12
CMCBSN	cg11664500	EYA4	cg02803819	HOXA2	between_gene	103	0.6525282256293108	8.157283998384638e-14	2.955882493303545e-13
CMCBSN	cg11664500	EYA4	cg03763508	HOXA2	between_gene	103	0.6037978298115364	1.4642071989295786e-11	4.2826419080799e-11
CMCBSN	cg11664500	EYA4	cg00188704	HOXA2	between_gene	103	0.611947019285683	6.537586626864328e-12	1.9673083632628638e-11
CMCBSN	cg11664500	EYA4	cg06786372	HOXA2	between_gene	103	0.6275095549795721	1.3124049768175345e-12	4.2064675485466176e-12
CMCBSN	cg11664500	EYA4	cg19236679	GFRA1	between_gene	103	0.7649584852611695	5.1882296564696504e-21	4.2168508329374815e-20
CMCBSN	cg11664500	EYA4	cg06298519	GFRA1	between_gene	103	0.8070003953784651	7.701784862554064e-25	1.2637708620379595e-23
CMCBSN	cg11664500	EYA4	cg19485539	GFRA1	between_gene	103	0.8288999692483416	3.1479242540246323e-27	1.0666148543831514e-25
CMCBSN	cg11664500	EYA4	cg18672939	GFRA1	between_gene	103	0.7802135043711287	2.652847400340646e-22	2.621696540715434e-21
CMCBSN	cg11664500	EYA4	cg27034576	GFRA1	between_gene	103	0.8259456134955849	6.910934881724455e-27	2.0259133827437192e-25
CMCBSN	cg11664500	EYA4	cg18044663	GFRA1	between_gene	103	0.8104709396828187	3.3798160171526484e-25	6.1989493798238375e-24
CMCBSN	cg11664500	EYA4	cg15701178	UNC5C	between_gene	103	0.7550850063699864	3.161680025407771e-20	2.310594730052906e-19
CMCBSN	cg11664500	EYA4	cg03008707	UNC5C	between_gene	103	0.8290537275403066	3.0204515613719942e-27	1.0368892267920438e-25
CMCBSN	cg11664500	EYA4	cg24870497	UNC5C	between_gene	0			
CMCBSN	cg11664500	EYA4	cg13265789	UNC5C	between_gene	103	0.8074506875192198	6.927733616245211e-25	1.1736660392716724e-23
CMCBSN	cg11664500	EYA4	cg12584684	UNC5C	between_gene	103	0.809317752493081	4.4520434038682565e-25	7.79555787965925e-24
CMCBSN	cg11664500	EYA4	cg08327106	RALYL	between_gene	0			
CMCBSN	cg11664500	EYA4	cg09757712	RALYL	between_gene	0			
CMCBSN	cg11664500	EYA4	cg11089595	RALYL	between_gene	103	0.7072112638931599	6.863399698825814e-17	3.316038854488249e-16
CMCBSN	cg11664500	EYA4	cg01134282	RALYL	between_gene	0			
CMCBSN	cg11664500	EYA4	cg06955749	RALYL	between_gene	103	0.6188222114835478	3.2515234644283158e-12	1.0051214121674736e-11
CMCBSN	cg11664500	EYA4	cg11666087	BEND5	between_gene	103	0.7361617537231472	8.037053025603022e-19	4.765607123590519e-18
CMCBSN	cg11664500	EYA4	cg16573178	BEND5	between_gene	103	0.7346790844791988	1.0235478785297848e-18	5.960795569384394e-18
CMCBSN	cg11664500	EYA4	cg06744574	BEND5	between_gene	103	0.729583095374072	2.321400783662044e-18	1.2969024934848549e-17
CMCBSN	cg11664500	EYA4	cg03603214	BEND5	between_gene	103	0.5931335939902473	4.065841223730736e-11	1.1542107474375878e-10
CMCBSN	cg26656135	EYA4	cg20286200	EYA4	within_gene	0			
CMCBSN	cg26656135	EYA4	cg14270292	EYA4	within_gene	0			
CMCBSN	cg26656135	EYA4	cg06181518	EYA4	within_gene	0			
CMCBSN	cg26656135	EYA4	cg14287112	EYA4	within_gene	0			
CMCBSN	cg26656135	EYA4	cg01328892	EYA4	within_gene	0			
CMCBSN	cg26656135	EYA4	cg05493394	EYA4	within_gene	0			
CMCBSN	cg26656135	EYA4	cg26449787	EYA4	within_gene	0			
CMCBSN	cg26656135	EYA4	cg22871668	EYA4	within_gene	0			
CMCBSN	cg26656135	EYA4	cg20980055	EYA4	within_gene	0			
CMCBSN	cg26656135	EYA4	cg06611358	ZNF568	between_gene	0			
CMCBSN	cg26656135	EYA4	cg27390819	ZNF568	between_gene	0			
CMCBSN	cg26656135	EYA4	cg20154403	ZNF568	between_gene	0			
CMCBSN	cg26656135	EYA4	cg21761844	ZNF568	between_gene	0			
CMCBSN	cg26656135	EYA4	cg20680720	ZNF568	between_gene	0			
CMCBSN	cg26656135	EYA4	cg02459604	ZNF568	between_gene	0			
CMCBSN	cg26656135	EYA4	cg03060201	ZNF568	between_gene	0			
CMCBSN	cg26656135	EYA4	cg03443751	ZNF568	between_gene	0			
CMCBSN	cg26656135	EYA4	cg17332326	ZNF793	between_gene	0			
CMCBSN	cg26656135	EYA4	cg11623861	ZNF793	between_gene	0			
CMCBSN	cg26656135	EYA4	cg14732998	ZNF793	between_gene	0			
CMCBSN	cg26656135	EYA4	cg07482795	ZNF793	between_gene	0			
CMCBSN	cg26656135	EYA4	cg13181745	ZNF793	between_gene	0			
CMCBSN	cg26656135	EYA4	cg24078985	ZNF793	between_gene	0			
CMCBSN	cg26656135	EYA4	cg15139588	ZNF793	between_gene	0			
CMCBSN	cg26656135	EYA4	cg25361907	ZNF793	between_gene	0			
CMCBSN	cg26656135	EYA4	cg20299663	SFMBT2	between_gene	0			
CMCBSN	cg26656135	EYA4	cg20506550	SFMBT2	between_gene	0			
CMCBSN	cg26656135	EYA4	cg01056653	SFMBT2	between_gene	0			
CMCBSN	cg26656135	EYA4	cg22862480	SFMBT2	between_gene	0			
CMCBSN	cg26656135	EYA4	cg12767281	SFMBT2	between_gene	0			
CMCBSN	cg26656135	EYA4	cg26878816	SFMBT2	between_gene	0			
CMCBSN	cg26656135	EYA4	cg12328063	SFMBT2	between_gene	0			
CMCBSN	cg26656135	EYA4	cg16818993	SFMBT2	between_gene	0			
CMCBSN	cg26656135	EYA4	cg20295442	ADHFE1	between_gene	0			
CMCBSN	cg26656135	EYA4	cg19283840	ADHFE1	between_gene	0			
CMCBSN	cg26656135	EYA4	cg25046651	ADHFE1	between_gene	0			
CMCBSN	cg26656135	EYA4	cg01588438	ADHFE1	between_gene	0			
CMCBSN	cg26656135	EYA4	cg08090772	ADHFE1	between_gene	0			
CMCBSN	cg26656135	EYA4	cg09383816	ADHFE1	between_gene	0			
CMCBSN	cg26656135	EYA4	cg20912169	ADHFE1	between_gene	0			
CMCBSN	cg26656135	EYA4	cg18065361	ADHFE1	between_gene	0			
CMCBSN	cg26656135	EYA4	cg04481096	HOXA2	between_gene	0			
CMCBSN	cg26656135	EYA4	cg19598584	HOXA2	between_gene	0			
CMCBSN	cg26656135	EYA4	cg09871315	HOXA2	between_gene	0			
CMCBSN	cg26656135	EYA4	cg13661519	HOXA2	between_gene	0			
CMCBSN	cg26656135	EYA4	cg02803819	HOXA2	between_gene	0			
CMCBSN	cg26656135	EYA4	cg03763508	HOXA2	between_gene	0			
CMCBSN	cg26656135	EYA4	cg00188704	HOXA2	between_gene	0			
CMCBSN	cg26656135	EYA4	cg06786372	HOXA2	between_gene	0			
CMCBSN	cg26656135	EYA4	cg19236679	GFRA1	between_gene	0			
CMCBSN	cg26656135	EYA4	cg06298519	GFRA1	between_gene	0			
CMCBSN	cg26656135	EYA4	cg19485539	GFRA1	between_gene	0			
CMCBSN	cg26656135	EYA4	cg18672939	GFRA1	between_gene	0			
CMCBSN	cg26656135	EYA4	cg27034576	GFRA1	between_gene	0			
CMCBSN	cg26656135	EYA4	cg18044663	GFRA1	between_gene	0			
CMCBSN	cg26656135	EYA4	cg15701178	UNC5C	between_gene	0			
CMCBSN	cg26656135	EYA4	cg03008707	UNC5C	between_gene	0			
CMCBSN	cg26656135	EYA4	cg24870497	UNC5C	between_gene	0			
CMCBSN	cg26656135	EYA4	cg13265789	UNC5C	between_gene	0			
CMCBSN	cg26656135	EYA4	cg12584684	UNC5C	between_gene	0			
CMCBSN	cg26656135	EYA4	cg08327106	RALYL	between_gene	0			
CMCBSN	cg26656135	EYA4	cg09757712	RALYL	between_gene	0			
CMCBSN	cg26656135	EYA4	cg11089595	RALYL	between_gene	0			
CMCBSN	cg26656135	EYA4	cg01134282	RALYL	between_gene	0			
CMCBSN	cg26656135	EYA4	cg06955749	RALYL	between_gene	0			
CMCBSN	cg26656135	EYA4	cg11666087	BEND5	between_gene	0			
CMCBSN	cg26656135	EYA4	cg16573178	BEND5	between_gene	0			
CMCBSN	cg26656135	EYA4	cg06744574	BEND5	between_gene	0			
CMCBSN	cg26656135	EYA4	cg03603214	BEND5	between_gene	0			
CMCBSN	cg20286200	EYA4	cg14270292	EYA4	within_gene	103	0.9279642402143832	4.3070017377037994e-45	2.786366430310417e-44
CMCBSN	cg20286200	EYA4	cg06181518	EYA4	within_gene	103	0.7673966524623292	3.275387749610038e-21	7.691095678713942e-21
CMCBSN	cg20286200	EYA4	cg14287112	EYA4	within_gene	103	0.924691385142556	3.740129824377753e-44	2.2800406813995145e-43
CMCBSN	cg20286200	EYA4	cg01328892	EYA4	within_gene	103	0.8532816412599393	2.5383890280727083e-30	8.560311935096263e-30
CMCBSN	cg20286200	EYA4	cg05493394	EYA4	within_gene	103	0.7828054298642534	1.5633171206371246e-22	3.9331073590632417e-22
CMCBSN	cg20286200	EYA4	cg26449787	EYA4	within_gene	103	0.90861266089707	4.3695103025631495e-40	2.198626612559553e-39
CMCBSN	cg20286200	EYA4	cg22871668	EYA4	within_gene	103	0.9141699248780916	2.1167103204794862e-41	1.1183286193199952e-40
CMCBSN	cg20286200	EYA4	cg20980055	EYA4	within_gene	103	0.9442406536923956	1.5632521115484098e-50	1.769824712003021e-49
CMCBSN	cg20286200	EYA4	cg06611358	ZNF568	between_gene	0			
CMCBSN	cg20286200	EYA4	cg27390819	ZNF568	between_gene	103	0.7341848613978826	1.1090628446535488e-18	6.387516471746377e-18
CMCBSN	cg20286200	EYA4	cg20154403	ZNF568	between_gene	103	0.6410293019373545	3.0187663307937e-13	1.0335907292704413e-12
CMCBSN	cg20286200	EYA4	cg21761844	ZNF568	between_gene	0			
CMCBSN	cg20286200	EYA4	cg20680720	ZNF568	between_gene	103	0.5496090146290032	1.8276372744210878e-09	4.638429619615387e-09
CMCBSN	cg20286200	EYA4	cg02459604	ZNF568	between_gene	103	0.5833479769801873	1.0048861843071435e-10	2.7772754818404e-10
CMCBSN	cg20286200	EYA4	cg03060201	ZNF568	between_gene	103	0.598987391820059	2.3318570194114683e-11	6.707623995197929e-11
CMCBSN	cg20286200	EYA4	cg03443751	ZNF568	between_gene	103	0.6014804726969205	1.8339243997220616e-11	5.3281834731345866e-11
CMCBSN	cg20286200	EYA4	cg17332326	ZNF793	between_gene	103	0.5148596406449062	2.637065730211132e-08	6.13747055318541e-08
CMCBSN	cg20286200	EYA4	cg11623861	ZNF793	between_gene	0			
CMCBSN	cg20286200	EYA4	cg14732998	ZNF793	between_gene	0			
CMCBSN	cg20286200	EYA4	cg07482795	ZNF793	between_gene	103	0.447799059877872	2.1078567217655033e-06	4.36114051315321e-06
CMCBSN	cg20286200	EYA4	cg13181745	ZNF793	between_gene	0			
CMCBSN	cg20286200	EYA4	cg24078985	ZNF793	between_gene	103	0.4811316610288627	2.6839387906477417e-07	5.845072040734523e-07
CMCBSN	cg20286200	EYA4	cg15139588	ZNF793	between_gene	103	0.4798247155471599	2.921996448004101e-07	6.34233671617529e-07
CMCBSN	cg20286200	EYA4	cg25361907	ZNF793	between_gene	103	0.5564732240917278	1.0397246314535515e-09	2.688445553480987e-09
CMCBSN	cg20286200	EYA4	cg20299663	SFMBT2	between_gene	103	0.7777204234942671	4.3822824447844175e-22	4.203446653839171e-21
CMCBSN	cg20286200	EYA4	cg20506550	SFMBT2	between_gene	0			
CMCBSN	cg20286200	EYA4	cg01056653	SFMBT2	between_gene	0			
CMCBSN	cg20286200	EYA4	cg22862480	SFMBT2	between_gene	103	0.7941835434696657	1.4040095932090106e-23	1.7278589757935421e-22
CMCBSN	cg20286200	EYA4	cg12767281	SFMBT2	between_gene	103	0.634933883934455	5.908276363437902e-13	1.9762426964371138e-12
CMCBSN	cg20286200	EYA4	cg26878816	SFMBT2	between_gene	103	0.7140974388261653	2.5048842974374156e-17	1.2519622858264782e-16
CMCBSN	cg20286200	EYA4	cg12328063	SFMBT2	between_gene	103	0.7473311953608927	1.232323615740828e-19	8.098570059112897e-19
CMCBSN	cg20286200	EYA4	cg16818993	SFMBT2	between_gene	103	0.6978979044941352	2.563752458137438e-16	1.171423846458945e-15
CMCBSN	cg20286200	EYA4	cg20295442	ADHFE1	between_gene	0			
CMCBSN	cg20286200	EYA4	cg19283840	ADHFE1	between_gene	0			
CMCBSN	cg20286200	EYA4	cg25046651	ADHFE1	between_gene	103	0.7944910600535958	1.3127200703261693e-23	1.6231690348251069e-22
CMCBSN	cg20286200	EYA4	cg01588438	ADHFE1	between_gene	103	0.8393665158371041	1.7118736764275242e-28	9.502720046381726e-27
CMCBSN	cg20286200	EYA4	cg08090772	ADHFE1	between_gene	0			
CMCBSN	cg20286200	EYA4	cg09383816	ADHFE1	between_gene	103	0.8485700478847253	1.1073912852921725e-29	8.025510731464661e-28
CMCBSN	cg20286200	EYA4	cg20912169	ADHFE1	between_gene	103	0.8304924658436937	2.0474710200732038e-27	7.419238738015264e-26
CMCBSN	cg20286200	EYA4	cg18065361	ADHFE1	between_gene	103	0.8388503272855071	1.9858208118905185e-28	1.0573482649433393e-26
CMCBSN	cg20286200	EYA4	cg04481096	HOXA2	between_gene	103	0.7434542898563459	2.388663922918643e-19	1.483815279736843e-18
CMCBSN	cg20286200	EYA4	cg19598584	HOXA2	between_gene	0			
CMCBSN	cg20286200	EYA4	cg09871315	HOXA2	between_gene	0			
CMCBSN	cg20286200	EYA4	cg13661519	HOXA2	between_gene	103	0.5875982954795061	6.808388250127324e-11	1.8917023370162075e-10
CMCBSN	cg20286200	EYA4	cg02803819	HOXA2	between_gene	103	0.6104094363660326	7.625287361847364e-12	2.281464991635295e-11
CMCBSN	cg20286200	EYA4	cg03763508	HOXA2	between_gene	103	0.5739028247594781	2.3400910926667726e-10	6.287639197494963e-10
CMCBSN	cg20286200	EYA4	cg00188704	HOXA2	between_gene	103	0.5882352941176471	6.419390929733112e-11	1.7855214217136127e-10
CMCBSN	cg20286200	EYA4	cg06786372	HOXA2	between_gene	103	0.593001801168563	4.116524149527547e-11	1.1660631479430443e-10
CMCBSN	cg20286200	EYA4	cg19236679	GFRA1	between_gene	103	0.7623336115626236	8.460446002912704e-21	6.589045857193803e-20
CMCBSN	cg20286200	EYA4	cg06298519	GFRA1	between_gene	103	0.8021899573869878	2.347420158147658e-24	3.460123837631209e-23
CMCBSN	cg20286200	EYA4	cg19485539	GFRA1	between_gene	103	0.8238479110837763	1.1971333661671711e-26	3.187062196255255e-25
CMCBSN	cg20286200	EYA4	cg18672939	GFRA1	between_gene	103	0.7590387910205157	1.5492788980875875e-20	1.181891416698981e-19
CMCBSN	cg20286200	EYA4	cg27034576	GFRA1	between_gene	103	0.8060119492158327	9.708345084433376e-25	1.5539308175022506e-23
CMCBSN	cg20286200	EYA4	cg18044663	GFRA1	between_gene	103	0.8250010982735141	8.858594547877534e-27	2.5121818668926616e-25
CMCBSN	cg20286200	EYA4	cg15701178	UNC5C	between_gene	103	0.7756886174933005	6.5657378777987185e-22	6.0530071106631994e-21
CMCBSN	cg20286200	EYA4	cg03008707	UNC5C	between_gene	103	0.8187738874489303	4.390004467289038e-26	1.0226358620675984e-24
CMCBSN	cg20286200	EYA4	cg24870497	UNC5C	between_gene	0			
CMCBSN	cg20286200	EYA4	cg13265789	UNC5C	between_gene	103	0.8437815753635287	4.7053478517297285e-29	3.0690631362907156e-27
CMCBSN	cg20286200	EYA4	cg12584684	UNC5C	between_gene	103	0.8558296358125029	1.1199589087982392e-30	1.0075768251912435e-28
CMCBSN	cg20286200	EYA4	cg08327106	RALYL	between_gene	0			
CMCBSN	cg20286200	EYA4	cg09757712	RALYL	between_gene	0			
CMCBSN	cg20286200	EYA4	cg11089595	RALYL	between_gene	103	0.735788340728375	8.543000588403615e-19	5.054124384386628e-18
CMCBSN	cg20286200	EYA4	cg01134282	RALYL	between_gene	0			
CMCBSN	cg20286200	EYA4	cg06955749	RALYL	between_gene	103	0.6392391161094759	3.6825958839740857e-13	1.247778267699791e-12
CMCBSN	cg20286200	EYA4	cg11666087	BEND5	between_gene	103	0.7763695470720028	5.736466306369096e-22	5.3451573547560606e-21
CMCBSN	cg20286200	EYA4	cg16573178	BEND5	between_gene	103	0.782607740631727	1.6280753260675678e-22	1.6789124607550533e-21
CMCBSN	cg20286200	EYA4	cg06744574	BEND5	between_gene	103	0.7770394939155648	5.020533370356963e-22	4.745859262051202e-21
CMCBSN	cg20286200	EYA4	cg03603214	BEND5	between_gene	103	0.6466304968589378	1.6070765272425905e-13	5.666030621048538e-13
CMCBSN	cg14270292	EYA4	cg06181518	EYA4	within_gene	103	0.7778302508456707	4.287032125613285e-22	1.0373963235262685e-21
CMCBSN	cg14270292	EYA4	cg14287112	EYA4	within_gene	103	0.9800333875148268	1.1340278704814051e-72	8.248300087342533e-71
CMCBSN	cg14270292	EYA4	cg01328892	EYA4	within_gene	103	0.8705465009005843	7.140548052913796e-33	2.632039224155434e-32
CMCBSN	cg14270292	EYA4	cg05493394	EYA4	within_gene	103	0.8086697711197997	5.193310511270813e-25	1.4568844531618122e-24
CMCBSN	cg14270292	EYA4	cg26449787	EYA4	within_gene	103	0.9393203883495146	9.892226278687663e-49	9.799486657324965e-48
CMCBSN	cg14270292	EYA4	cg22871668	EYA4	within_gene	103	0.9788802003250888	1.878497751207456e-71	8.506911244753765e-70
CMCBSN	cg14270292	EYA4	cg20980055	EYA4	within_gene	103	0.956233800465668	1.0280302895154699e-55	1.481298189892745e-54
CMCBSN	cg14270292	EYA4	cg06611358	ZNF568	between_gene	0			
CMCBSN	cg14270292	EYA4	cg27390819	ZNF568	between_gene	103	0.7702301981285419	1.905612844474871e-21	1.6354420760641244e-20
CMCBSN	cg14270292	EYA4	cg20154403	ZNF568	between_gene	103	0.6693537758643413	1.0828081260745842e-14	4.229111378635614e-14
CMCBSN	cg14270292	EYA4	cg21761844	ZNF568	between_gene	0			
CMCBSN	cg14270292	EYA4	cg20680720	ZNF568	between_gene	103	0.559043184114572	8.390009212333269e-10	2.1911445480457955e-09
CMCBSN	cg14270292	EYA4	cg02459604	ZNF568	between_gene	103	0.6115736062909106	6.7870788883333675e-12	2.04003327415458e-11
CMCBSN	cg14270292	EYA4	cg03060201	ZNF568	between_gene	103	0.6341431270043493	6.439051055023642e-13	2.142791352366923e-12
CMCBSN	cg14270292	EYA4	cg03443751	ZNF568	between_gene	103	0.6409524227913719	3.044726825243202e-13	1.0411130127207751e-12
CMCBSN	cg14270292	EYA4	cg17332326	ZNF793	between_gene	103	0.4553551816544393	1.346323359135979e-06	2.801082650706355e-06
CMCBSN	cg14270292	EYA4	cg11623861	ZNF793	between_gene	0			
CMCBSN	cg14270292	EYA4	cg14732998	ZNF793	between_gene	0			
CMCBSN	cg14270292	EYA4	cg07482795	ZNF793	between_gene	103	0.3790141896938013	7.881324379430087e-05	0.0001532218726224
CMCBSN	cg14270292	EYA4	cg13181745	ZNF793	between_gene	0			
CMCBSN	cg14270292	EYA4	cg24078985	ZNF793	between_gene	103	0.4102161402275622	1.6818476731232172e-05	3.341919709960757e-05
CMCBSN	cg14270292	EYA4	cg15139588	ZNF793	between_gene	103	0.4026160875104336	2.485545370603731e-05	4.901578134471001e-05
CMCBSN	cg14270292	EYA4	cg25361907	ZNF793	between_gene	103	0.4772547555243158	3.449909960068338e-07	7.45717902718997e-07
CMCBSN	cg14270292	EYA4	cg20299663	SFMBT2	between_gene	103	0.7948534903132276	1.2125410466406113e-23	1.5209228801371897e-22
CMCBSN	cg14270292	EYA4	cg20506550	SFMBT2	between_gene	0			
CMCBSN	cg14270292	EYA4	cg01056653	SFMBT2	between_gene	0			
CMCBSN	cg14270292	EYA4	cg22862480	SFMBT2	between_gene	103	0.8299543118218162	2.368982881048817e-27	8.466679913227896e-26
CMCBSN	cg14270292	EYA4	cg12767281	SFMBT2	between_gene	103	0.660205157492422	3.298701221326874e-14	1.2365390066726746e-13
CMCBSN	cg14270292	EYA4	cg26878816	SFMBT2	between_gene	103	0.7128783552255854	3.000662958043682e-17	1.4940323773923598e-16
CMCBSN	cg14270292	EYA4	cg12328063	SFMBT2	between_gene	103	0.7770614593858455	4.998598803662915e-22	4.745859262051202e-21
CMCBSN	cg14270292	EYA4	cg16818993	SFMBT2	between_gene	103	0.7285507182708783	2.734129150896804e-18	1.504924673985182e-17
CMCBSN	cg14270292	EYA4	cg20295442	ADHFE1	between_gene	0			
CMCBSN	cg14270292	EYA4	cg19283840	ADHFE1	between_gene	0			
CMCBSN	cg14270292	EYA4	cg25046651	ADHFE1	between_gene	103	0.8354127311865748	5.266966387829688e-28	2.3692267768702856e-26
CMCBSN	cg14270292	EYA4	cg01588438	ADHFE1	between_gene	103	0.8875258094275799	9.1233815316669e-36	2.1518164472610594e-32
CMCBSN	cg14270292	EYA4	cg08090772	ADHFE1	between_gene	0			
CMCBSN	cg14270292	EYA4	cg09383816	ADHFE1	between_gene	103	0.8834402319553663	4.978805497495557e-35	3.2474258857414776e-32
CMCBSN	cg14270292	EYA4	cg20912169	ADHFE1	between_gene	103	0.8851425559021219	2.4743002459881866e-35	2.1518164472610594e-32
CMCBSN	cg14270292	EYA4	cg18065361	ADHFE1	between_gene	103	0.8714031542415324	5.2208519703262145e-33	8.012472229753584e-31
CMCBSN	cg14270292	EYA4	cg04481096	HOXA2	between_gene	103	0.7725585379782982	1.2139912063811865e-21	1.073662053372378e-20
CMCBSN	cg14270292	EYA4	cg19598584	HOXA2	between_gene	0			
CMCBSN	cg14270292	EYA4	cg09871315	HOXA2	between_gene	0			
CMCBSN	cg14270292	EYA4	cg13661519	HOXA2	between_gene	103	0.6402275622721083	3.3003513112361953e-13	1.1255707935967624e-12
CMCBSN	cg14270292	EYA4	cg02803819	HOXA2	between_gene	103	0.6751416772833106	5.2427691553831e-15	2.1076093569174897e-14
CMCBSN	cg14270292	EYA4	cg03763508	HOXA2	between_gene	103	0.6300465667969951	1.0015430805982957e-12	3.254079573201685e-12
CMCBSN	cg14270292	EYA4	cg00188704	HOXA2	between_gene	103	0.6274326758335897	1.3231488497872886e-12	4.235699814840534e-12
CMCBSN	cg14270292	EYA4	cg06786372	HOXA2	between_gene	103	0.6530224487106269	7.701446353802236e-14	2.7945860274089063e-13
CMCBSN	cg14270292	EYA4	cg19236679	GFRA1	between_gene	103	0.7896476738566973	3.735607894371726e-23	4.237478694093841e-22
CMCBSN	cg14270292	EYA4	cg06298519	GFRA1	between_gene	103	0.835204059218908	5.584202628754659e-28	2.4693533319357463e-26
CMCBSN	cg14270292	EYA4	cg19485539	GFRA1	between_gene	103	0.8661643895795809	3.424137594413049e-32	4.4667874919118224e-30
CMCBSN	cg14270292	EYA4	cg18672939	GFRA1	between_gene	103	0.7928546325176823	1.8749042637950638e-23	2.26464130751913e-22
CMCBSN	cg14270292	EYA4	cg27034576	GFRA1	between_gene	103	0.8425185608223873	6.835978831399696e-29	4.246444945505193e-27
CMCBSN	cg14270292	EYA4	cg18044663	GFRA1	between_gene	103	0.8333699424504679	9.304758932251955e-28	3.623300903618709e-26
CMCBSN	cg14270292	EYA4	cg15701178	UNC5C	between_gene	103	0.7721851249835259	1.305498377694644e-21	1.1506909687180156e-20
CMCBSN	cg14270292	EYA4	cg03008707	UNC5C	between_gene	103	0.8480868075385495	1.2843548784327018e-29	9.056437507651129e-28
CMCBSN	cg14270292	EYA4	cg24870497	UNC5C	between_gene	0			
CMCBSN	cg14270292	EYA4	cg13265789	UNC5C	between_gene	103	0.8270548697447612	5.1531118842933636e-27	1.6598109760643688e-25
CMCBSN	cg14270292	EYA4	cg12584684	UNC5C	between_gene	103	0.8295918815621842	2.6127474400209542e-27	9.088877428019559e-26
CMCBSN	cg14270292	EYA4	cg08327106	RALYL	between_gene	0			
CMCBSN	cg14270292	EYA4	cg09757712	RALYL	between_gene	0			
CMCBSN	cg14270292	EYA4	cg11089595	RALYL	between_gene	103	0.7234657119008918	6.0559781953758846e-18	3.2157824771444456e-17
CMCBSN	cg14270292	EYA4	cg01134282	RALYL	between_gene	0			
CMCBSN	cg14270292	EYA4	cg06955749	RALYL	between_gene	103	0.6222158766419188	2.2888458835466857e-12	7.160190539776143e-12
CMCBSN	cg14270292	EYA4	cg11666087	BEND5	between_gene	103	0.7561832798840223	2.5969105773542608e-20	1.9085463933288077e-19
CMCBSN	cg14270292	EYA4	cg16573178	BEND5	between_gene	103	0.7651342090234152	5.0199928556560215e-21	4.1056932164283893e-20
CMCBSN	cg14270292	EYA4	cg06744574	BEND5	between_gene	103	0.7516583930061944	5.803490514696922e-20	4.037681800758472e-19
CMCBSN	cg14270292	EYA4	cg03603214	BEND5	between_gene	103	0.624478320080833	1.8069297258113144e-12	5.700459074536542e-12
CMCBSN	cg06181518	EYA4	cg14287112	EYA4	within_gene	103	0.7778302508456707	4.287032125613285e-22	1.0373963235262685e-21
CMCBSN	cg06181518	EYA4	cg01328892	EYA4	within_gene	103	0.7881979528181698	5.081535420703337e-23	1.3423722736357985e-22
CMCBSN	cg06181518	EYA4	cg05493394	EYA4	within_gene	103	0.7457386987655406	1.6196412000010644e-19	3.540870761381637e-19
CMCBSN	cg06181518	EYA4	cg26449787	EYA4	within_gene	103	0.765617449369591	4.584262430153726e-21	1.0607380951523583e-20
CMCBSN	cg06181518	EYA4	cg22871668	EYA4	within_gene	103	0.7674515661380311	3.2414229731745077e-21	7.668142406688948e-21
CMCBSN	cg06181518	EYA4	cg20980055	EYA4	within_gene	103	0.7870337828932917	6.494606495112231e-23	1.6875329991398175e-22
CMCBSN	cg06181518	EYA4	cg06611358	ZNF568	between_gene	0			
CMCBSN	cg06181518	EYA4	cg27390819	ZNF568	between_gene	103	0.6707156350217458	9.142617448992107e-15	3.614104382487941e-14
CMCBSN	cg06181518	EYA4	cg20154403	ZNF568	between_gene	103	0.7004678645169794	1.7911856268024612e-16	8.359934347634384e-16
CMCBSN	cg06181518	EYA4	cg21761844	ZNF568	between_gene	0			
CMCBSN	cg06181518	EYA4	cg20680720	ZNF568	between_gene	103	0.6349558494047358	5.894153778870354e-13	1.9740497059143457e-12
CMCBSN	cg06181518	EYA4	cg02459604	ZNF568	between_gene	103	0.6705399112595	9.344879523796776e-15	3.682898893895134e-14
CMCBSN	cg06181518	EYA4	cg03060201	ZNF568	between_gene	103	0.6935377586434127	4.670619407301139e-16	2.0684588783643106e-15
CMCBSN	cg06181518	EYA4	cg03443751	ZNF568	between_gene	103	0.684444053947195	1.5780444742989648e-15	6.597945566419871e-15
CMCBSN	cg06181518	EYA4	cg17332326	ZNF793	between_gene	103	0.4604072398190046	9.916363761091484e-07	2.07638788544845e-06
CMCBSN	cg06181518	EYA4	cg11623861	ZNF793	between_gene	0			
CMCBSN	cg06181518	EYA4	cg14732998	ZNF793	between_gene	0			
CMCBSN	cg06181518	EYA4	cg07482795	ZNF793	between_gene	103	0.4444163774546413	2.5674385629135e-06	5.295215186277725e-06
CMCBSN	cg06181518	EYA4	cg13181745	ZNF793	between_gene	0			
CMCBSN	cg06181518	EYA4	cg24078985	ZNF793	between_gene	103	0.4791767341738787	3.047343326392217e-07	6.603420879200411e-07
CMCBSN	cg06181518	EYA4	cg15139588	ZNF793	between_gene	103	0.4199358608267803	1.0063651764962618e-05	2.0274955563542446e-05
CMCBSN	cg06181518	EYA4	cg25361907	ZNF793	between_gene	103	0.4736963493388394	4.332219328570735e-07	9.249394622128516e-07
CMCBSN	cg06181518	EYA4	cg20299663	SFMBT2	between_gene	103	0.668519087993674	1.200598228372536e-14	4.6821536290343e-14
CMCBSN	cg06181518	EYA4	cg20506550	SFMBT2	between_gene	0			
CMCBSN	cg06181518	EYA4	cg01056653	SFMBT2	between_gene	0			
CMCBSN	cg06181518	EYA4	cg22862480	SFMBT2	between_gene	103	0.7351293766199535	9.512400496096865e-19	5.564541007694331e-18
CMCBSN	cg06181518	EYA4	cg12767281	SFMBT2	between_gene	103	0.6585138162808066	4.0360021287265573e-14	1.4978562665501545e-13
CMCBSN	cg06181518	EYA4	cg26878816	SFMBT2	between_gene	103	0.6983042656943286	2.4230399585972343e-16	1.1149402560811612e-15
CMCBSN	cg06181518	EYA4	cg12328063	SFMBT2	between_gene	103	0.6779203092738216	3.67959306089635e-15	1.490692281968723e-14
CMCBSN	cg06181518	EYA4	cg16818993	SFMBT2	between_gene	103	0.6889140271493214	8.722298691140116e-16	3.7483468320556745e-15
CMCBSN	cg06181518	EYA4	cg20295442	ADHFE1	between_gene	0			
CMCBSN	cg06181518	EYA4	cg19283840	ADHFE1	between_gene	0			
CMCBSN	cg06181518	EYA4	cg25046651	ADHFE1	between_gene	103	0.59046478935114	5.2194936320068215e-11	1.4611221980585618e-10
CMCBSN	cg06181518	EYA4	cg01588438	ADHFE1	between_gene	103	0.6804463383561041	2.6579985158608288e-15	1.088652767328242e-14
CMCBSN	cg06181518	EYA4	cg08090772	ADHFE1	between_gene	0			
CMCBSN	cg06181518	EYA4	cg09383816	ADHFE1	between_gene	103	0.6708693933137109	8.969123077921961e-15	3.5509016859329887e-14
CMCBSN	cg06181518	EYA4	cg20912169	ADHFE1	between_gene	103	0.6784694460308396	3.429364170373937e-15	1.395820767629579e-14
CMCBSN	cg06181518	EYA4	cg18065361	ADHFE1	between_gene	103	0.6936036550542548	4.628836111135066e-16	2.057348111405688e-15
CMCBSN	cg06181518	EYA4	cg04481096	HOXA2	between_gene	103	0.5712559855906515	2.9514342416476976e-10	7.857440751488615e-10
CMCBSN	cg06181518	EYA4	cg19598584	HOXA2	between_gene	0			
CMCBSN	cg06181518	EYA4	cg09871315	HOXA2	between_gene	0			
CMCBSN	cg06181518	EYA4	cg13661519	HOXA2	between_gene	103	0.5558252427184467	1.0971893494362783e-09	2.8202630666790652e-09
CMCBSN	cg06181518	EYA4	cg02803819	HOXA2	between_gene	103	0.5828867021042922	1.0478989400308306e-10	2.8930881846988753e-10
CMCBSN	cg06181518	EYA4	cg03763508	HOXA2	between_gene	103	0.5407459473707332	3.716468709042682e-09	9.208230638074417e-09
CMCBSN	cg06181518	EYA4	cg00188704	HOXA2	between_gene	103	0.5554298642533937	1.1337376364635075e-09	2.908477378105498e-09
CMCBSN	cg06181518	EYA4	cg06786372	HOXA2	between_gene	103	0.5594056143742038	8.138814597518525e-10	2.127672072637859e-09
CMCBSN	cg06181518	EYA4	cg19236679	GFRA1	between_gene	103	0.6663994201115847	1.5582533619058614e-14	6.049825924423203e-14
CMCBSN	cg06181518	EYA4	cg06298519	GFRA1	between_gene	103	0.6978429908184335	2.5833655561668654e-16	1.1783218069998869e-15
CMCBSN	cg06181518	EYA4	cg19485539	GFRA1	between_gene	103	0.6901770416904627	7.362688827781788e-16	3.1750834961458986e-15
CMCBSN	cg06181518	EYA4	cg18672939	GFRA1	between_gene	103	0.7422791371963274	2.912488996867642e-19	1.800635969864379e-18
CMCBSN	cg06181518	EYA4	cg27034576	GFRA1	between_gene	103	0.7244651407986645	5.186955308006825e-18	2.7788021352340456e-17
CMCBSN	cg06181518	EYA4	cg18044663	GFRA1	between_gene	103	0.7024777050476652	1.3495609699778718e-16	6.355603918180988e-16
CMCBSN	cg06181518	EYA4	cg15701178	UNC5C	between_gene	103	0.7143610244695339	2.4086644761938546e-17	1.206181500650627e-16
CMCBSN	cg06181518	EYA4	cg03008707	UNC5C	between_gene	103	0.7336357246408646	1.2122309263455825e-18	6.966322658228248e-18
CMCBSN	cg06181518	EYA4	cg24870497	UNC5C	between_gene	0			
CMCBSN	cg06181518	EYA4	cg13265789	UNC5C	between_gene	103	0.7536243025963187	4.100966627709835e-20	2.9394016295865275e-19
CMCBSN	cg06181518	EYA4	cg12584684	UNC5C	between_gene	103	0.7147344374643061	2.2784741327292478e-17	1.1431805792866552e-16
CMCBSN	cg06181518	EYA4	cg08327106	RALYL	between_gene	0			
CMCBSN	cg06181518	EYA4	cg09757712	RALYL	between_gene	0			
CMCBSN	cg06181518	EYA4	cg11089595	RALYL	between_gene	103	0.630255238764662	9.794126211472416e-13	3.186144050589967e-12
CMCBSN	cg06181518	EYA4	cg01134282	RALYL	between_gene	0			
CMCBSN	cg06181518	EYA4	cg06955749	RALYL	between_gene	103	0.6533738962351184	7.3923988142513e-14	2.6861794577133204e-13
CMCBSN	cg06181518	EYA4	cg11666087	BEND5	between_gene	103	0.6879585291921101	9.90966911606093e-16	4.224563190163883e-15
CMCBSN	cg06181518	EYA4	cg16573178	BEND5	between_gene	103	0.6865417563590037	1.196344014947576e-15	5.066983011360757e-15
CMCBSN	cg06181518	EYA4	cg06744574	BEND5	between_gene	103	0.6910556605016913	6.540621526165778e-16	2.8393480136050776e-15
CMCBSN	cg06181518	EYA4	cg03603214	BEND5	between_gene	103	0.6833457804331592	1.8225722516202595e-15	7.60814560716361e-15
CMCBSN	cg14287112	EYA4	cg01328892	EYA4	within_gene	103	0.8485151342090234	1.1262342965017815e-29	3.6430231835822923e-29
CMCBSN	cg14287112	EYA4	cg05493394	EYA4	within_gene	103	0.7842331854325001	1.1646333701546528e-22	2.9535102267121995e-22
CMCBSN	cg14287112	EYA4	cg26449787	EYA4	within_gene	103	0.9294908403988932	1.517242146457265e-45	1.0020120008894856e-44
CMCBSN	cg14287112	EYA4	cg22871668	EYA4	within_gene	103	0.9832073979703906	1.956427090562343e-76	2.0672912923608763e-74
CMCBSN	cg14287112	EYA4	cg20980055	EYA4	within_gene	103	0.9508632429820322	3.109015531005772e-53	3.790607397418576e-52
CMCBSN	cg14287112	EYA4	cg06611358	ZNF568	between_gene	0			
CMCBSN	cg14287112	EYA4	cg27390819	ZNF568	between_gene	103	0.7621139568598163	8.811321112300194e-21	6.821583614834185e-20
CMCBSN	cg14287112	EYA4	cg20154403	ZNF568	between_gene	103	0.6698919298862189	1.0128866871390344e-14	3.9738667169108885e-14
CMCBSN	cg14287112	EYA4	cg21761844	ZNF568	between_gene	0			
CMCBSN	cg14287112	EYA4	cg20680720	ZNF568	between_gene	103	0.5625466766243467	6.244283799512275e-10	1.647253431034128e-09
CMCBSN	cg14287112	EYA4	cg02459604	ZNF568	between_gene	103	0.6333194218688223	7.040862623631182e-13	2.330985388642102e-12
CMCBSN	cg14287112	EYA4	cg03060201	ZNF568	between_gene	103	0.6359003646268067	5.316812202272954e-13	1.787572556150791e-12
CMCBSN	cg14287112	EYA4	cg03443751	ZNF568	between_gene	103	0.6351315731669817	5.782341858926704e-13	1.941586860996109e-12
CMCBSN	cg14287112	EYA4	cg17332326	ZNF793	between_gene	103	0.4928063084830646	1.236494682293771e-07	2.745544362642084e-07
CMCBSN	cg14287112	EYA4	cg11623861	ZNF793	between_gene	0			
CMCBSN	cg14287112	EYA4	cg14732998	ZNF793	between_gene	0			
CMCBSN	cg14287112	EYA4	cg07482795	ZNF793	between_gene	103	0.4139392874401441	1.3841083639297896e-05	2.758700321996044e-05
CMCBSN	cg14287112	EYA4	cg13181745	ZNF793	between_gene	0			
CMCBSN	cg14287112	EYA4	cg24078985	ZNF793	between_gene	103	0.4430105873566753	2.785026204431854e-06	5.725873417937516e-06
CMCBSN	cg14287112	EYA4	cg15139588	ZNF793	between_gene	103	0.4394961121117603	3.4077399365940107e-06	6.978644815207044e-06
CMCBSN	cg14287112	EYA4	cg25361907	ZNF793	between_gene	103	0.5111804243728859	3.4387413307448626e-08	7.939536399923314e-08
CMCBSN	cg14287112	EYA4	cg20299663	SFMBT2	between_gene	103	0.7815753635285331	2.0110870312524655e-22	2.0258401793581788e-21
CMCBSN	cg14287112	EYA4	cg20506550	SFMBT2	between_gene	0			
CMCBSN	cg14287112	EYA4	cg01056653	SFMBT2	between_gene	0			
CMCBSN	cg14287112	EYA4	cg22862480	SFMBT2	between_gene	103	0.8103611123314151	3.4699644758452515e-25	6.2435429775725944e-24
CMCBSN	cg14287112	EYA4	cg12767281	SFMBT2	between_gene	103	0.6542195668409262	6.69714270788916e-14	2.440341525821622e-13
CMCBSN	cg14287112	EYA4	cg26878816	SFMBT2	between_gene	103	0.7196766682774678	1.0828815621997716e-17	5.594530684711295e-17
CMCBSN	cg14287112	EYA4	cg12328063	SFMBT2	between_gene	103	0.7545468523481087	3.4804042631461624e-20	2.515339258323639e-19
CMCBSN	cg14287112	EYA4	cg16818993	SFMBT2	between_gene	103	0.7265408777401924	3.7518768713515865e-18	2.0393014077825604e-17
CMCBSN	cg14287112	EYA4	cg20295442	ADHFE1	between_gene	0			
CMCBSN	cg14287112	EYA4	cg19283840	ADHFE1	between_gene	0			
CMCBSN	cg14287112	EYA4	cg25046651	ADHFE1	between_gene	103	0.8315797566225892	1.5224935595714709e-27	5.594627742143616e-26
CMCBSN	cg14287112	EYA4	cg01588438	ADHFE1	between_gene	103	0.8807714273162589	1.458166004725093e-34	5.35001042260491e-32
CMCBSN	cg14287112	EYA4	cg08090772	ADHFE1	between_gene	0			
CMCBSN	cg14287112	EYA4	cg09383816	ADHFE1	between_gene	103	0.8814962878355227	1.0918572604295726e-34	5.35001042260491e-32
CMCBSN	cg14287112	EYA4	cg20912169	ADHFE1	between_gene	103	0.8789153450775382	3.032762294066793e-34	7.912476825220264e-32
CMCBSN	cg14287112	EYA4	cg18065361	ADHFE1	between_gene	103	0.8711834995387251	5.658526072296747e-33	8.201719179234564e-31
CMCBSN	cg14287112	EYA4	cg04481096	HOXA2	between_gene	103	0.74969248341607	8.186400257326174e-20	5.504721203959792e-19
CMCBSN	cg14287112	EYA4	cg19598584	HOXA2	between_gene	0			
CMCBSN	cg14287112	EYA4	cg09871315	HOXA2	between_gene	0			
CMCBSN	cg14287112	EYA4	cg13661519	HOXA2	between_gene	103	0.6315841497166454	8.491711774318758e-13	2.783275881808749e-12
CMCBSN	cg14287112	EYA4	cg02803819	HOXA2	between_gene	103	0.6654439221543733	1.7513934311917547e-14	6.739506581090397e-14
CMCBSN	cg14287112	EYA4	cg03763508	HOXA2	between_gene	103	0.6243794754645697	1.8257630891870044e-12	5.7529177532474566e-12
CMCBSN	cg14287112	EYA4	cg00188704	HOXA2	between_gene	103	0.626466195141238	1.4656788756487132e-12	4.669055172854082e-12
CMCBSN	cg14287112	EYA4	cg06786372	HOXA2	between_gene	103	0.6428963669112157	2.450145751669692e-13	8.455595590087603e-13
CMCBSN	cg14287112	EYA4	cg19236679	GFRA1	between_gene	103	0.7743047928656153	8.626266745762599e-22	7.81455900683841e-21
CMCBSN	cg14287112	EYA4	cg06298519	GFRA1	between_gene	103	0.8210692790932653	2.451230559214823e-26	6.149288970184109e-25
CMCBSN	cg14287112	EYA4	cg19485539	GFRA1	between_gene	103	0.8421780960330361	7.555838331539378e-29	4.4802686834059635e-27
CMCBSN	cg14287112	EYA4	cg18672939	GFRA1	between_gene	103	0.7902736897596979	3.268365322398403e-23	3.7730819142201043e-22
CMCBSN	cg14287112	EYA4	cg27034576	GFRA1	between_gene	103	0.8337433554452401	8.390321686141162e-28	3.420367074865983e-26
CMCBSN	cg14287112	EYA4	cg18044663	GFRA1	between_gene	103	0.8323485480824144	1.2331812317277134e-27	4.66285483127189e-26
CMCBSN	cg14287112	EYA4	cg15701178	UNC5C	between_gene	103	0.763234195844133	7.158762337283763e-21	5.64266191479557e-20
CMCBSN	cg14287112	EYA4	cg03008707	UNC5C	between_gene	103	0.8360716952949964	4.376374597649382e-28	2.0031511096960062e-26
CMCBSN	cg14287112	EYA4	cg24870497	UNC5C	between_gene	0			
CMCBSN	cg14287112	EYA4	cg13265789	UNC5C	between_gene	103	0.8220687079910383	1.8969621880055502e-26	4.80502363932668e-25
CMCBSN	cg14287112	EYA4	cg12584684	UNC5C	between_gene	103	0.8188397838597725	4.3176696570927557e-26	1.014846859040991e-24
CMCBSN	cg14287112	EYA4	cg08327106	RALYL	between_gene	0			
CMCBSN	cg14287112	EYA4	cg09757712	RALYL	between_gene	0			
CMCBSN	cg14287112	EYA4	cg11089595	RALYL	between_gene	103	0.7259587927777534	4.109827289751055e-18	2.215400702264567e-17
CMCBSN	cg14287112	EYA4	cg01134282	RALYL	between_gene	0			
CMCBSN	cg14287112	EYA4	cg06955749	RALYL	between_gene	103	0.6155713218820015	4.5334845779181215e-12	1.3882466272052088e-11
CMCBSN	cg14287112	EYA4	cg11666087	BEND5	between_gene	103	0.7578636383604973	1.91789185808989e-20	1.4378677752173915e-19
CMCBSN	cg14287112	EYA4	cg16573178	BEND5	between_gene	103	0.7573254843386197	2.1139625647613614e-20	1.5758080947035406e-19
CMCBSN	cg14287112	EYA4	cg06744574	BEND5	between_gene	103	0.7486601063128762	9.794847011128145e-20	6.50248240509754e-19
CMCBSN	cg14287112	EYA4	cg03603214	BEND5	between_gene	103	0.6187892632781268	3.262557686101296e-12	1.0073388169276072e-11
CMCBSN	cg01328892	EYA4	cg05493394	EYA4	within_gene	103	0.8523151605675878	3.448224622669745e-30	1.1386325056107389e-29
CMCBSN	cg01328892	EYA4	cg26449787	EYA4	within_gene	103	0.880013618591574	1.9691973497159372e-34	8.003019998204513e-34
CMCBSN	cg01328892	EYA4	cg22871668	EYA4	within_gene	103	0.8453411237534596	2.953285146462639e-29	9.361913914286563e-29
CMCBSN	cg01328892	EYA4	cg20980055	EYA4	within_gene	103	0.8633198611782279	9.199008615390696e-32	3.313733785316876e-31
CMCBSN	cg01328892	EYA4	cg06611358	ZNF568	between_gene	0			
CMCBSN	cg01328892	EYA4	cg27390819	ZNF568	between_gene	103	0.7406097614549928	3.8529133027371864e-19	2.3486567305704017e-18
CMCBSN	cg01328892	EYA4	cg20154403	ZNF568	between_gene	103	0.7184685674120284	1.300730915896039e-17	6.667204242775571e-17
CMCBSN	cg01328892	EYA4	cg21761844	ZNF568	between_gene	0			
CMCBSN	cg01328892	EYA4	cg20680720	ZNF568	between_gene	103	0.6979418354346967	2.548166097026111e-16	1.1663447977440569e-15
CMCBSN	cg01328892	EYA4	cg02459604	ZNF568	between_gene	103	0.63356104204191	6.858914162723328e-13	2.2767057316215213e-12
CMCBSN	cg01328892	EYA4	cg03060201	ZNF568	between_gene	103	0.6985458858674163	2.342957417311092e-16	1.0799957423612437e-15
CMCBSN	cg01328892	EYA4	cg03443751	ZNF568	between_gene	103	0.7202807187101877	9.876919713753029e-18	5.143489727181966e-17
CMCBSN	cg01328892	EYA4	cg17332326	ZNF793	between_gene	103	0.4828010367701972	2.4066184152881113e-07	5.254282381160404e-07
CMCBSN	cg01328892	EYA4	cg11623861	ZNF793	between_gene	0			
CMCBSN	cg01328892	EYA4	cg14732998	ZNF793	between_gene	0			
CMCBSN	cg01328892	EYA4	cg07482795	ZNF793	between_gene	103	0.4789131485305101	3.099780915784982e-07	6.711475858326155e-07
CMCBSN	cg01328892	EYA4	cg13181745	ZNF793	between_gene	0			
CMCBSN	cg01328892	EYA4	cg24078985	ZNF793	between_gene	103	0.4799674911039845	2.895044695136193e-07	6.28906878402192e-07
CMCBSN	cg01328892	EYA4	cg15139588	ZNF793	between_gene	103	0.4304792865615253	5.660981286958432e-06	1.146700324353614e-05
CMCBSN	cg01328892	EYA4	cg25361907	ZNF793	between_gene	103	0.5107960286429732	3.5348020523004384e-08	8.154110127720463e-08
CMCBSN	cg01328892	EYA4	cg20299663	SFMBT2	between_gene	103	0.7700874225717173	1.9586984520599508e-21	1.6754899217784956e-20
CMCBSN	cg01328892	EYA4	cg20506550	SFMBT2	between_gene	0			
CMCBSN	cg01328892	EYA4	cg01056653	SFMBT2	between_gene	0			
CMCBSN	cg01328892	EYA4	cg22862480	SFMBT2	between_gene	103	0.8009598910512675	3.106150617137846e-24	4.4527181099520004e-23
CMCBSN	cg01328892	EYA4	cg12767281	SFMBT2	between_gene	103	0.7158766419189035	1.921270209334697e-17	9.676822347788076e-17
CMCBSN	cg01328892	EYA4	cg26878816	SFMBT2	between_gene	103	0.7529873039581778	4.5909691648566925e-20	3.2726334839101394e-19
CMCBSN	cg01328892	EYA4	cg12328063	SFMBT2	between_gene	103	0.7933927865395599	1.668104911142647e-23	2.0242259131028685e-22
CMCBSN	cg01328892	EYA4	cg16818993	SFMBT2	between_gene	103	0.7493630013618591	8.669565011646491e-20	5.814625993672417e-19
CMCBSN	cg01328892	EYA4	cg20295442	ADHFE1	between_gene	0			
CMCBSN	cg01328892	EYA4	cg19283840	ADHFE1	between_gene	0			
CMCBSN	cg01328892	EYA4	cg25046651	ADHFE1	between_gene	103	0.6996002284408909	2.0225633828122227e-16	9.40618157888964e-16
CMCBSN	cg01328892	EYA4	cg01588438	ADHFE1	between_gene	103	0.7580942757984449	1.8393879431349864e-20	1.3829864967259882e-19
CMCBSN	cg01328892	EYA4	cg08090772	ADHFE1	between_gene	0			
CMCBSN	cg01328892	EYA4	cg09383816	ADHFE1	between_gene	103	0.7509335324869306	6.590803808669153e-20	4.525107141267848e-19
CMCBSN	cg01328892	EYA4	cg20912169	ADHFE1	between_gene	103	0.7501537582919651	7.553737110142937e-20	5.1056217928401355e-19
CMCBSN	cg01328892	EYA4	cg18065361	ADHFE1	between_gene	103	0.7515705311250714	5.893811618286789e-20	4.078767775095552e-19
CMCBSN	cg01328892	EYA4	cg04481096	HOXA2	between_gene	103	0.6568224750691913	4.9317549661780245e-14	1.8199361678583405e-13
CMCBSN	cg01328892	EYA4	cg19598584	HOXA2	between_gene	0			
CMCBSN	cg01328892	EYA4	cg09871315	HOXA2	between_gene	0			
CMCBSN	cg01328892	EYA4	cg13661519	HOXA2	between_gene	103	0.5594824935201863	8.086467469478055e-10	2.1161076858443582e-09
CMCBSN	cg01328892	EYA4	cg02803819	HOXA2	between_gene	103	0.5910798225190002	4.928527262011266e-11	1.384125686392615e-10
CMCBSN	cg01328892	EYA4	cg03763508	HOXA2	between_gene	103	0.5556385362210605	1.1143050164674931e-09	2.8614387676807966e-09
CMCBSN	cg01328892	EYA4	cg00188704	HOXA2	between_gene	103	0.5454904889513685	2.548229691316373e-09	6.3987788880119516e-09
CMCBSN	cg01328892	EYA4	cg06786372	HOXA2	between_gene	103	0.5810855335412731	1.233457013126352e-10	3.376798895327022e-10
CMCBSN	cg01328892	EYA4	cg19236679	GFRA1	between_gene	103	0.8495475113122173	8.19184050190035e-30	6.106431962702289e-28
CMCBSN	cg01328892	EYA4	cg06298519	GFRA1	between_gene	103	0.843550937925581	5.0387118076172906e-29	3.2063412453837833e-27
CMCBSN	cg01328892	EYA4	cg19485539	GFRA1	between_gene	103	0.845593726661688	2.7373520616529684e-29	1.8794082970664718e-27
CMCBSN	cg01328892	EYA4	cg18672939	GFRA1	between_gene	103	0.812008522602469	2.333783739273497e-25	4.5102531672330036e-24
CMCBSN	cg01328892	EYA4	cg27034576	GFRA1	between_gene	103	0.838169397706805	2.413442819582783e-28	1.2108985223637463e-26
CMCBSN	cg01328892	EYA4	cg18044663	GFRA1	between_gene	103	0.8580920792514168	5.3444569841798685e-31	5.16432898952788e-29
CMCBSN	cg01328892	EYA4	cg15701178	UNC5C	between_gene	103	0.7772042349426701	4.8582824920955035e-22	4.642952022665629e-21
CMCBSN	cg01328892	EYA4	cg03008707	UNC5C	between_gene	103	0.7768198392127575	5.245099875229426e-22	4.933244889866567e-21
CMCBSN	cg01328892	EYA4	cg24870497	UNC5C	between_gene	0			
CMCBSN	cg01328892	EYA4	cg13265789	UNC5C	between_gene	103	0.8266265430742873	5.772936302704049e-27	1.7719518604417487e-25
CMCBSN	cg01328892	EYA4	cg12584684	UNC5C	between_gene	103	0.832150858849888	1.3019881664123322e-27	4.852695894528249e-26
CMCBSN	cg01328892	EYA4	cg08327106	RALYL	between_gene	0			
CMCBSN	cg01328892	EYA4	cg09757712	RALYL	between_gene	0			
CMCBSN	cg01328892	EYA4	cg11089595	RALYL	between_gene	103	0.7026094978693493	1.3246299288028291e-16	6.260796167113372e-16
CMCBSN	cg01328892	EYA4	cg01134282	RALYL	between_gene	0			
CMCBSN	cg01328892	EYA4	cg06955749	RALYL	between_gene	103	0.7094078109212318	4.9921281411961017e-17	2.4714349754042944e-16
CMCBSN	cg01328892	EYA4	cg11666087	BEND5	between_gene	103	0.8342705267319773	7.247080206153872e-28	3.0012114695008656e-26
CMCBSN	cg01328892	EYA4	cg16573178	BEND5	between_gene	103	0.8336664762992575	8.571114250043246e-28	3.4296987709785707e-26
CMCBSN	cg01328892	EYA4	cg06744574	BEND5	between_gene	103	0.8267803013662522	5.5424927098135434e-27	1.721471842845659e-25
CMCBSN	cg01328892	EYA4	cg03603214	BEND5	between_gene	103	0.8030575934630761	1.9243409237154947e-24	2.909411756236432e-23
CMCBSN	cg05493394	EYA4	cg26449787	EYA4	within_gene	103	0.8249461845978123	8.986984910134034e-27	2.6136460701949443e-26
CMCBSN	cg05493394	EYA4	cg22871668	EYA4	within_gene	103	0.784749373984097	1.0464653875210676e-22	2.6752381277756323e-22
CMCBSN	cg05493394	EYA4	cg20980055	EYA4	within_gene	103	0.8161709792206651	8.417056178296809e-26	2.4037899175856654e-25
CMCBSN	cg05493394	EYA4	cg06611358	ZNF568	between_gene	0			
CMCBSN	cg05493394	EYA4	cg27390819	ZNF568	between_gene	103	0.6698479989456575	1.0184265309499709e-14	3.9896018307034146e-14
CMCBSN	cg05493394	EYA4	cg20154403	ZNF568	between_gene	103	0.6336379211878926	6.801980654166371e-13	2.260683761365613e-12
CMCBSN	cg05493394	EYA4	cg21761844	ZNF568	between_gene	0			
CMCBSN	cg05493394	EYA4	cg20680720	ZNF568	between_gene	103	0.6049290515309933	1.310946588240732e-11	3.8429883693483934e-11
CMCBSN	cg05493394	EYA4	cg02459604	ZNF568	between_gene	103	0.5442055089399463	2.8240839280597118e-09	7.057504758915506e-09
CMCBSN	cg05493394	EYA4	cg03060201	ZNF568	between_gene	103	0.5992729429337084	2.2688138931413828e-11	6.533482833560561e-11
CMCBSN	cg05493394	EYA4	cg03443751	ZNF568	between_gene	103	0.634626367350525	6.109460316057711e-13	2.038309714142528e-12
CMCBSN	cg05493394	EYA4	cg17332326	ZNF793	between_gene	103	0.5004502921407548	7.327110566847019e-08	1.656536522435344e-07
CMCBSN	cg05493394	EYA4	cg11623861	ZNF793	between_gene	0			
CMCBSN	cg05493394	EYA4	cg14732998	ZNF793	between_gene	0			
CMCBSN	cg05493394	EYA4	cg07482795	ZNF793	between_gene	103	0.4595286210077758	1.0461659500928043e-06	2.187056862012922e-06
CMCBSN	cg05493394	EYA4	cg13181745	ZNF793	between_gene	0			
CMCBSN	cg05493394	EYA4	cg24078985	ZNF793	between_gene	103	0.4930259631858718	1.2182568892338873e-07	2.7073528313553765e-07
CMCBSN	cg05493394	EYA4	cg15139588	ZNF793	between_gene	103	0.4409787813557088	3.1304991461750097e-06	6.43108052942567e-06
CMCBSN	cg05493394	EYA4	cg25361907	ZNF793	between_gene	103	0.5227122962702632	1.4806886841905372e-08	3.502372417999194e-08
CMCBSN	cg05493394	EYA4	cg20299663	SFMBT2	between_gene	103	0.6966129244827133	3.0628807197005414e-16	1.3897488343823846e-15
CMCBSN	cg05493394	EYA4	cg20506550	SFMBT2	between_gene	0			
CMCBSN	cg05493394	EYA4	cg01056653	SFMBT2	between_gene	0			
CMCBSN	cg05493394	EYA4	cg22862480	SFMBT2	between_gene	103	0.7546017660238107	3.446500226871403e-20	2.497755303307636e-19
CMCBSN	cg05493394	EYA4	cg12767281	SFMBT2	between_gene	103	0.6421056099811097	2.677043908006462e-13	9.202117992080182e-13
CMCBSN	cg05493394	EYA4	cg26878816	SFMBT2	between_gene	103	0.656965250626016	4.8492497315090946e-14	1.7920244404401175e-13
CMCBSN	cg05493394	EYA4	cg12328063	SFMBT2	between_gene	103	0.7092979835698282	5.072578536507922e-17	2.501768885018746e-16
CMCBSN	cg05493394	EYA4	cg16818993	SFMBT2	between_gene	103	0.6633352370074244	2.2631834028301463e-14	8.632522657871127e-14
CMCBSN	cg05493394	EYA4	cg20295442	ADHFE1	between_gene	0			
CMCBSN	cg05493394	EYA4	cg19283840	ADHFE1	between_gene	0			
CMCBSN	cg05493394	EYA4	cg25046651	ADHFE1	between_gene	103	0.6254777489786056	1.6267461470074228e-12	5.1507047300271435e-12
CMCBSN	cg05493394	EYA4	cg01588438	ADHFE1	between_gene	103	0.692911742740412	5.086252297713586e-16	2.234012162413257e-15
CMCBSN	cg05493394	EYA4	cg08090772	ADHFE1	between_gene	0			
CMCBSN	cg05493394	EYA4	cg09383816	ADHFE1	between_gene	103	0.6848723806176691	1.4915730273888686e-15	6.256453421957489e-15
CMCBSN	cg05493394	EYA4	cg20912169	ADHFE1	between_gene	103	0.6728023546984142	7.042464963787276e-15	2.8180661181780674e-14
CMCBSN	cg05493394	EYA4	cg18065361	ADHFE1	between_gene	103	0.6898585423713922	7.684760632691398e-16	3.3085050314673033e-15
CMCBSN	cg05493394	EYA4	cg04481096	HOXA2	between_gene	103	0.6473004437024997	1.4890459811826605e-13	5.264120548652521e-13
CMCBSN	cg05493394	EYA4	cg19598584	HOXA2	between_gene	0			
CMCBSN	cg05493394	EYA4	cg09871315	HOXA2	between_gene	0			
CMCBSN	cg05493394	EYA4	cg13661519	HOXA2	between_gene	103	0.5144972103852743	2.7073062878245496e-08	6.295331644326427e-08
CMCBSN	cg05493394	EYA4	cg02803819	HOXA2	between_gene	103	0.5364846461362738	5.190145074073633e-09	1.2726586934453111e-08
CMCBSN	cg05493394	EYA4	cg03763508	HOXA2	between_gene	103	0.5044150595264244	5.5571685734454366e-08	1.2662578871719776e-07
CMCBSN	cg05493394	EYA4	cg00188704	HOXA2	between_gene	103	0.4852501867064974	2.0486161343508384e-07	4.487690591537647e-07
CMCBSN	cg05493394	EYA4	cg06786372	HOXA2	between_gene	103	0.5288626279488644	9.325188017556183e-09	2.246483429160119e-08
CMCBSN	cg05493394	EYA4	cg19236679	GFRA1	between_gene	103	0.7196876510126082	1.0810738341621593e-17	5.594530684711295e-17
CMCBSN	cg05493394	EYA4	cg06298519	GFRA1	between_gene	103	0.7177217414224839	1.4561015662578953e-17	7.41986130149775e-17
CMCBSN	cg05493394	EYA4	cg19485539	GFRA1	between_gene	103	0.7293854061415456	2.395434384848678e-18	1.3354034850577352e-17
CMCBSN	cg05493394	EYA4	cg18672939	GFRA1	between_gene	103	0.694042964459869	4.359405470283745e-16	1.9409025378788895e-15
CMCBSN	cg05493394	EYA4	cg27034576	GFRA1	between_gene	103	0.7408623643632211	3.693689442889805e-19	2.2621680179576293e-18
CMCBSN	cg05493394	EYA4	cg18044663	GFRA1	between_gene	103	0.7350634802091113	9.615025979816526e-19	5.611991673678147e-18
CMCBSN	cg05493394	EYA4	cg15701178	UNC5C	between_gene	103	0.6953389272064315	3.6502637919910433e-16	1.6391632071092309e-15
CMCBSN	cg05493394	EYA4	cg03008707	UNC5C	between_gene	103	0.7184246364714668	1.3094063127101364e-17	6.698511901687736e-17
CMCBSN	cg05493394	EYA4	cg24870497	UNC5C	between_gene	0			
CMCBSN	cg05493394	EYA4	cg13265789	UNC5C	between_gene	103	0.7735250186706498	1.0051935409654232e-21	8.950682417675049e-21
CMCBSN	cg05493394	EYA4	cg12584684	UNC5C	between_gene	103	0.7468918859552784	1.3290953938942642e-19	8.625895230522725e-19
CMCBSN	cg05493394	EYA4	cg08327106	RALYL	between_gene	0			
CMCBSN	cg05493394	EYA4	cg09757712	RALYL	between_gene	0			
CMCBSN	cg05493394	EYA4	cg11089595	RALYL	between_gene	103	0.6034244168167641	1.5184887631189013e-11	4.431473359034915e-11
CMCBSN	cg05493394	EYA4	cg01134282	RALYL	between_gene	0			
CMCBSN	cg05493394	EYA4	cg06955749	RALYL	between_gene	103	0.6432368317005667	2.3582874267587593e-13	8.171011814626297e-13
CMCBSN	cg05493394	EYA4	cg11666087	BEND5	between_gene	103	0.7696371304309625	2.1357279957680437e-21	1.812945648493855e-20
CMCBSN	cg05493394	EYA4	cg16573178	BEND5	between_gene	103	0.7578306901550762	1.9293695985391015e-20	1.4423281612001482e-19
CMCBSN	cg05493394	EYA4	cg06744574	BEND5	between_gene	103	0.7438826165268199	2.221534136733775e-19	1.393265039119812e-18
CMCBSN	cg05493394	EYA4	cg03603214	BEND5	between_gene	103	0.7299235601634232	2.1990798340520367e-18	1.2312015637428677e-17
CMCBSN	cg26449787	EYA4	cg22871668	EYA4	within_gene	103	0.9329613847032464	1.2938978420581261e-46	9.321945816646044e-46
CMCBSN	cg26449787	EYA4	cg20980055	EYA4	within_gene	103	0.9312590607564908	4.398641611767665e-46	3.0312378063703257e-45
CMCBSN	cg26449787	EYA4	cg06611358	ZNF568	between_gene	0			
CMCBSN	cg26449787	EYA4	cg27390819	ZNF568	between_gene	103	0.7910095330141019	2.791682629971035e-23	3.2661434895042293e-22
CMCBSN	cg26449787	EYA4	cg20154403	ZNF568	between_gene	103	0.7085731230505645	5.636019752368685e-17	2.7536283771404304e-16
CMCBSN	cg26449787	EYA4	cg21761844	ZNF568	between_gene	0			
CMCBSN	cg26449787	EYA4	cg20680720	ZNF568	between_gene	103	0.6228199270746387	2.149236901490648e-12	6.739614274025361e-12
CMCBSN	cg26449787	EYA4	cg02459604	ZNF568	between_gene	103	0.6439067785441286	2.1871617443730162e-13	7.598275620598135e-13
CMCBSN	cg26449787	EYA4	cg03060201	ZNF568	between_gene	103	0.6615889821201073	2.7941157065110155e-14	1.0564996925053971e-13
CMCBSN	cg26449787	EYA4	cg03443751	ZNF568	between_gene	103	0.6822365241839827	2.106685289332173e-15	8.71052602197724e-15
CMCBSN	cg26449787	EYA4	cg17332326	ZNF793	between_gene	103	0.4981439177612793	8.591870334629282e-08	1.934097472221553e-07
CMCBSN	cg26449787	EYA4	cg11623861	ZNF793	between_gene	0			
CMCBSN	cg26449787	EYA4	cg14732998	ZNF793	between_gene	0			
CMCBSN	cg26449787	EYA4	cg07482795	ZNF793	between_gene	103	0.4402429381013047	3.265315761360941e-06	6.692230024658834e-06
CMCBSN	cg26449787	EYA4	cg13181745	ZNF793	between_gene	0			
CMCBSN	cg26449787	EYA4	cg24078985	ZNF793	between_gene	103	0.4628344242850239	8.546572306070223e-07	1.798226382785259e-06
CMCBSN	cg26449787	EYA4	cg15139588	ZNF793	between_gene	103	0.4571014365417564	1.21195947479898e-06	2.5275797519988315e-06
CMCBSN	cg26449787	EYA4	cg25361907	ZNF793	between_gene	103	0.5374621095637657	4.809344489582584e-09	1.1826182632724754e-08
CMCBSN	cg26449787	EYA4	cg20299663	SFMBT2	between_gene	103	0.791470807889997	2.5281785142809615e-23	2.9846234134656235e-22
CMCBSN	cg26449787	EYA4	cg20506550	SFMBT2	between_gene	0			
CMCBSN	cg26449787	EYA4	cg01056653	SFMBT2	between_gene	0			
CMCBSN	cg26449787	EYA4	cg22862480	SFMBT2	between_gene	103	0.8521504195404824	3.632267219180372e-30	2.961432867137997e-28
CMCBSN	cg26449787	EYA4	cg12767281	SFMBT2	between_gene	103	0.6750428326670475	5.308841803504269e-15	2.130887425437329e-14
CMCBSN	cg26449787	EYA4	cg26878816	SFMBT2	between_gene	103	0.7422132407854851	2.9449575695994514e-19	1.8164052716512925e-18
CMCBSN	cg26449787	EYA4	cg12328063	SFMBT2	between_gene	103	0.8176426657294733	5.832804675308627e-26	1.3006655895624111e-24
CMCBSN	cg26449787	EYA4	cg16818993	SFMBT2	between_gene	103	0.7355577032904276	8.870827528126225e-19	5.2243767541492835e-18
CMCBSN	cg26449787	EYA4	cg20295442	ADHFE1	between_gene	0			
CMCBSN	cg26449787	EYA4	cg19283840	ADHFE1	between_gene	0			
CMCBSN	cg26449787	EYA4	cg25046651	ADHFE1	between_gene	103	0.8177085621403154	5.737356293693894e-26	1.2904105664006351e-24
CMCBSN	cg26449787	EYA4	cg01588438	ADHFE1	between_gene	103	0.8618042437288582	1.5434671841252943e-31	1.8304117651740426e-29
CMCBSN	cg26449787	EYA4	cg08090772	ADHFE1	between_gene	0			
CMCBSN	cg26449787	EYA4	cg09383816	ADHFE1	between_gene	103	0.8611452796204367	1.929244106333545e-31	2.18843385801053e-29
CMCBSN	cg26449787	EYA4	cg20912169	ADHFE1	between_gene	103	0.8510521460264465	5.1289571615071044e-30	4.054984616476373e-28
CMCBSN	cg26449787	EYA4	cg18065361	ADHFE1	between_gene	103	0.8500527171286738	7.004076065497641e-30	5.374598369083337e-28
CMCBSN	cg26449787	EYA4	cg04481096	HOXA2	between_gene	103	0.7875499714448887	5.826232587593314e-23	6.413772498325298e-22
CMCBSN	cg26449787	EYA4	cg19598584	HOXA2	between_gene	0			
CMCBSN	cg26449787	EYA4	cg09871315	HOXA2	between_gene	0			
CMCBSN	cg26449787	EYA4	cg13661519	HOXA2	between_gene	103	0.6349887976101569	5.873031069347976e-13	1.969503606674662e-12
CMCBSN	cg26449787	EYA4	cg02803819	HOXA2	between_gene	103	0.6590409875675438	3.790574248807211e-14	1.4107857653549238e-13
CMCBSN	cg26449787	EYA4	cg03763508	HOXA2	between_gene	103	0.6009093704696218	1.9380196021147663e-11	5.618103491019362e-11
CMCBSN	cg26449787	EYA4	cg00188704	HOXA2	between_gene	103	0.5956596230725301	3.2030003523760553e-11	9.173027353840975e-11
CMCBSN	cg26449787	EYA4	cg06786372	HOXA2	between_gene	103	0.6456969643720072	1.7867442280926962e-13	6.257202269924622e-13
CMCBSN	cg26449787	EYA4	cg19236679	GFRA1	between_gene	103	0.7846175811624126	1.0754747882152398e-22	1.1385879882808037e-21
CMCBSN	cg26449787	EYA4	cg06298519	GFRA1	between_gene	103	0.7970500373412995	7.46899520593807e-24	9.792265574016292e-23
CMCBSN	cg26449787	EYA4	cg19485539	GFRA1	between_gene	103	0.8279554540262708	4.0542714045907146e-27	1.3389359613388828e-25
CMCBSN	cg26449787	EYA4	cg18672939	GFRA1	between_gene	103	0.7643544348284497	5.809461492276688e-21	4.649351237223889e-20
CMCBSN	cg26449787	EYA4	cg27034576	GFRA1	between_gene	103	0.8346659051970303	6.490897826002903e-28	2.731411681942189e-26
CMCBSN	cg26449787	EYA4	cg18044663	GFRA1	between_gene	103	0.7994442736018978	4.374481029014448e-24	6.136032798225105e-23
CMCBSN	cg26449787	EYA4	cg15701178	UNC5C	between_gene	103	0.8164345648640338	7.883823908361899e-26	1.6859751292554256e-24
CMCBSN	cg26449787	EYA4	cg03008707	UNC5C	between_gene	103	0.8348635944295567	6.142261200478348e-28	2.6708599120080016e-26
CMCBSN	cg26449787	EYA4	cg24870497	UNC5C	between_gene	0			
CMCBSN	cg26449787	EYA4	cg13265789	UNC5C	between_gene	103	0.8766858498440453	7.194931994150606e-34	1.5511253032685638e-31
CMCBSN	cg26449787	EYA4	cg12584684	UNC5C	between_gene	103	0.8604753327768748	2.417591255177959e-31	2.6281231603163727e-29
CMCBSN	cg26449787	EYA4	cg08327106	RALYL	between_gene	0			
CMCBSN	cg26449787	EYA4	cg09757712	RALYL	between_gene	0			
CMCBSN	cg26449787	EYA4	cg11089595	RALYL	between_gene	103	0.7400716074331152	4.214703040948787e-19	2.5632075137145427e-18
CMCBSN	cg26449787	EYA4	cg01134282	RALYL	between_gene	0			
CMCBSN	cg26449787	EYA4	cg06955749	RALYL	between_gene	103	0.6630936168343364	2.3303430309294192e-14	8.875715281306356e-14
CMCBSN	cg26449787	EYA4	cg11666087	BEND5	between_gene	103	0.7841453235513773	1.186001870040248e-22	1.2377115515740026e-21
CMCBSN	cg26449787	EYA4	cg16573178	BEND5	between_gene	103	0.796544831524843	8.353917646835293e-24	1.0843468229150884e-22
CMCBSN	cg26449787	EYA4	cg06744574	BEND5	between_gene	103	0.8032333172253219	1.8482021565250737e-24	2.819859313668958e-23
CMCBSN	cg26449787	EYA4	cg03603214	BEND5	between_gene	103	0.6854874137855292	1.3753975099964445e-15	5.815902923145419e-15
CMCBSN	cg22871668	EYA4	cg20980055	EYA4	within_gene	103	0.9438013442867812	2.298197749060193e-50	2.5121678843175217e-49
CMCBSN	cg22871668	EYA4	cg06611358	ZNF568	between_gene	0			
CMCBSN	cg22871668	EYA4	cg27390819	ZNF568	between_gene	103	0.7529323902824759	4.635783184169072e-20	3.2955744761572506e-19
CMCBSN	cg22871668	EYA4	cg20154403	ZNF568	between_gene	103	0.6379761015683346	4.233686760972395e-13	1.430788699401163e-12
CMCBSN	cg22871668	EYA4	cg21761844	ZNF568	between_gene	0			
CMCBSN	cg22871668	EYA4	cg20680720	ZNF568	between_gene	103	0.5491038088125467	1.904153785956346e-09	4.827927334849473e-09
CMCBSN	cg22871668	EYA4	cg02459604	ZNF568	between_gene	103	0.6092342837060142	8.57230844822751e-12	2.550188453982391e-11
CMCBSN	cg22871668	EYA4	cg03060201	ZNF568	between_gene	103	0.6035671923735887	1.4975087519739438e-11	4.375140351511781e-11
CMCBSN	cg22871668	EYA4	cg03443751	ZNF568	between_gene	103	0.6080042173702939	9.68482231550034e-12	2.8680705358842667e-11
CMCBSN	cg22871668	EYA4	cg17332326	ZNF793	between_gene	103	0.453114703685806	1.539447142268131e-06	3.195240727269335e-06
CMCBSN	cg22871668	EYA4	cg11623861	ZNF793	between_gene	0			
CMCBSN	cg22871668	EYA4	cg14732998	ZNF793	between_gene	0			
CMCBSN	cg22871668	EYA4	cg07482795	ZNF793	between_gene	103	0.3714690506523744	0.0001119239445578	0.0002167851309216
CMCBSN	cg22871668	EYA4	cg13181745	ZNF793	between_gene	0			
CMCBSN	cg22871668	EYA4	cg24078985	ZNF793	between_gene	103	0.404065808548961	2.3087718062045917e-05	4.566782139793616e-05
CMCBSN	cg22871668	EYA4	cg15139588	ZNF793	between_gene	103	0.4028027940078197	2.462088051980344e-05	4.858992229664688e-05
CMCBSN	cg22871668	EYA4	cg25361907	ZNF793	between_gene	103	0.4730044370249967	4.5270167349007e-07	9.64949890633654e-07
CMCBSN	cg22871668	EYA4	cg20299663	SFMBT2	between_gene	103	0.7605214602644643	1.1814655749778259e-20	9.119655873127656e-20
CMCBSN	cg22871668	EYA4	cg20506550	SFMBT2	between_gene	0			
CMCBSN	cg22871668	EYA4	cg01056653	SFMBT2	between_gene	0			
CMCBSN	cg22871668	EYA4	cg22862480	SFMBT2	between_gene	103	0.7982032245310372	5.777597977076443e-24	7.850913084475231e-23
CMCBSN	cg22871668	EYA4	cg12767281	SFMBT2	between_gene	103	0.6299037912401705	1.0169625679846449e-12	3.3000688306864897e-12
CMCBSN	cg22871668	EYA4	cg26878816	SFMBT2	between_gene	103	0.6933290866757458	4.805361530591563e-16	2.1213516469227378e-15
CMCBSN	cg22871668	EYA4	cg12328063	SFMBT2	between_gene	103	0.7561503316786012	2.612326106401921e-20	1.9144828122479249e-19
CMCBSN	cg22871668	EYA4	cg16818993	SFMBT2	between_gene	103	0.7041690462592805	1.0615288966281532e-16	5.072397236818409e-16
CMCBSN	cg22871668	EYA4	cg20295442	ADHFE1	between_gene	0			
CMCBSN	cg22871668	EYA4	cg19283840	ADHFE1	between_gene	0			
CMCBSN	cg22871668	EYA4	cg25046651	ADHFE1	between_gene	103	0.8347976980187145	6.25639210510756e-28	2.675889672496004e-26
CMCBSN	cg22871668	EYA4	cg01588438	ADHFE1	between_gene	103	0.8797829811536265	2.1568822368167702e-34	6.252561950949947e-32
CMCBSN	cg22871668	EYA4	cg08090772	ADHFE1	between_gene	0			
CMCBSN	cg22871668	EYA4	cg09383816	ADHFE1	between_gene	103	0.8749286122215877	1.4049342990870262e-33	2.6181954187986084e-31
CMCBSN	cg22871668	EYA4	cg20912169	ADHFE1	between_gene	103	0.880837323727101	1.4204266759565951e-34	5.35001042260491e-32
CMCBSN	cg22871668	EYA4	cg18065361	ADHFE1	between_gene	103	0.8598273514035936	3.0038760503713975e-31	3.1348450461675903e-29
CMCBSN	cg22871668	EYA4	cg04481096	HOXA2	between_gene	103	0.754338180380442	3.6122246657431415e-20	2.5962242845520265e-19
CMCBSN	cg22871668	EYA4	cg19598584	HOXA2	between_gene	0			
CMCBSN	cg22871668	EYA4	cg09871315	HOXA2	between_gene	0			
CMCBSN	cg22871668	EYA4	cg13661519	HOXA2	between_gene	103	0.6265101260817995	1.458890233266961e-12	4.653110780676652e-12
CMCBSN	cg22871668	EYA4	cg02803819	HOXA2	between_gene	103	0.6496068180819752	1.1434778057054413e-13	4.097985707535023e-13
CMCBSN	cg22871668	EYA4	cg03763508	HOXA2	between_gene	103	0.6097065413170496	8.178831696467907e-12	2.4386939309811167e-11
CMCBSN	cg22871668	EYA4	cg00188704	HOXA2	between_gene	103	0.6092782146465756	8.534949018757332e-12	2.5419728299015845e-11
CMCBSN	cg22871668	EYA4	cg06786372	HOXA2	between_gene	103	0.6312546676624347	8.798072674052846e-13	2.8800717197746395e-12
CMCBSN	cg22871668	EYA4	cg19236679	GFRA1	between_gene	103	0.7642116592716249	5.9665577906642435e-21	4.760473784661471e-20
CMCBSN	cg22871668	EYA4	cg06298519	GFRA1	between_gene	103	0.8040789878311295	1.5209896538934683e-24	2.362060718457178e-23
CMCBSN	cg22871668	EYA4	cg19485539	GFRA1	between_gene	103	0.8422000615033168	7.507243030668075e-29	4.4802686834059635e-27
CMCBSN	cg22871668	EYA4	cg18672939	GFRA1	between_gene	103	0.7706365593287353	1.762076199709078e-21	1.522270465245359e-20
CMCBSN	cg22871668	EYA4	cg27034576	GFRA1	between_gene	103	0.8224860519263718	1.7035895631965293e-26	4.400658584534401e-25
CMCBSN	cg22871668	EYA4	cg18044663	GFRA1	between_gene	103	0.8224860519263718	1.7035895631965293e-26	4.400658584534401e-25
CMCBSN	cg22871668	EYA4	cg15701178	UNC5C	between_gene	103	0.7585884988797611	1.6815526803383254e-20	1.275340390407759e-19
CMCBSN	cg22871668	EYA4	cg03008707	UNC5C	between_gene	103	0.8146663445064359	1.2205130271245614e-25	2.4684639440061863e-24
CMCBSN	cg22871668	EYA4	cg24870497	UNC5C	between_gene	0			
CMCBSN	cg22871668	EYA4	cg13265789	UNC5C	between_gene	103	0.8114703685805913	2.657781479465892e-25	4.988598474767275e-24
CMCBSN	cg22871668	EYA4	cg12584684	UNC5C	between_gene	103	0.8132495716733297	1.7264994785160077e-25	3.4124523783698965e-24
CMCBSN	cg22871668	EYA4	cg08327106	RALYL	between_gene	0			
CMCBSN	cg22871668	EYA4	cg09757712	RALYL	between_gene	0			
CMCBSN	cg22871668	EYA4	cg11089595	RALYL	between_gene	103	0.7198633747748541	1.0525458293210103e-17	5.470302925694255e-17
CMCBSN	cg22871668	EYA4	cg01134282	RALYL	between_gene	0			
CMCBSN	cg22871668	EYA4	cg06955749	RALYL	between_gene	103	0.6194262619162676	3.055501093145036e-12	9.50098742125548e-12
CMCBSN	cg22871668	EYA4	cg11666087	BEND5	between_gene	103	0.7503514475244915	7.297399146309168e-20	4.958050617895995e-19
CMCBSN	cg22871668	EYA4	cg16573178	BEND5	between_gene	103	0.7481219522909986	1.0751223781276088e-19	7.119274833845005e-19
CMCBSN	cg22871668	EYA4	cg06744574	BEND5	between_gene	103	0.7504173439353337	7.213849355326556e-20	4.914081714894774e-19
CMCBSN	cg22871668	EYA4	cg03603214	BEND5	between_gene	103	0.5945064358827924	3.5724090224254754e-11	1.0186246054107176e-10
CMCBSN	cg20980055	EYA4	cg06611358	ZNF568	between_gene	0			
CMCBSN	cg20980055	EYA4	cg27390819	ZNF568	between_gene	103	0.7698018714580679	2.069224667943395e-21	1.7642507054458554e-20
CMCBSN	cg20980055	EYA4	cg20154403	ZNF568	between_gene	103	0.6822694723894038	2.097658982893185e-15	8.686971883124316e-15
CMCBSN	cg20980055	EYA4	cg21761844	ZNF568	between_gene	0			
CMCBSN	cg20980055	EYA4	cg20680720	ZNF568	between_gene	103	0.5857422132407855	8.075654573901336e-11	2.236664838992419e-10
CMCBSN	cg20980055	EYA4	cg02459604	ZNF568	between_gene	103	0.6071914949699073	1.049495789229976e-11	3.104460900341279e-11
CMCBSN	cg20980055	EYA4	cg03060201	ZNF568	between_gene	103	0.6209748275710584	2.6036808921114477e-12	8.106209364580867e-12
CMCBSN	cg20980055	EYA4	cg03443751	ZNF568	between_gene	103	0.6446755700039538	2.005573058323145e-13	6.99537447749343e-13
CMCBSN	cg20980055	EYA4	cg17332326	ZNF793	between_gene	103	0.4763541712428064	3.655479966092497e-07	7.86244619252706e-07
CMCBSN	cg20980055	EYA4	cg11623861	ZNF793	between_gene	0			
CMCBSN	cg20980055	EYA4	cg14732998	ZNF793	between_gene	0			
CMCBSN	cg20980055	EYA4	cg07482795	ZNF793	between_gene	103	0.4267231911435225	6.964141201444753e-06	1.4073930592230332e-05
CMCBSN	cg20980055	EYA4	cg13181745	ZNF793	between_gene	0			
CMCBSN	cg20980055	EYA4	cg24078985	ZNF793	between_gene	103	0.4732021262575231	4.470527405807499e-07	9.53688144051657e-07
CMCBSN	cg20980055	EYA4	cg15139588	ZNF793	between_gene	103	0.4443614637789395	2.5756275694265822e-06	5.307908632412286e-06
CMCBSN	cg20980055	EYA4	cg25361907	ZNF793	between_gene	103	0.5325638096911655	7.0286585472107205e-09	1.7122100980086618e-08
CMCBSN	cg20980055	EYA4	cg20299663	SFMBT2	between_gene	103	0.7947326802266836	1.2450764691724658e-23	1.5542605301774943e-22
CMCBSN	cg20980055	EYA4	cg20506550	SFMBT2	between_gene	0			
CMCBSN	cg20980055	EYA4	cg01056653	SFMBT2	between_gene	0			
CMCBSN	cg20980055	EYA4	cg22862480	SFMBT2	between_gene	103	0.806572068707991	8.516001404722875e-25	1.380015382914409e-23
CMCBSN	cg20980055	EYA4	cg12767281	SFMBT2	between_gene	103	0.6466085313886571	1.6110957266208738e-13	5.672535426118569e-13
CMCBSN	cg20980055	EYA4	cg26878816	SFMBT2	between_gene	103	0.7159645038000264	1.8961681763607978e-17	9.56886416271822e-17
CMCBSN	cg20980055	EYA4	cg12328063	SFMBT2	between_gene	103	0.7662105170671705	4.0996253048866346e-21	3.40634471988829e-20
CMCBSN	cg20980055	EYA4	cg16818993	SFMBT2	between_gene	103	0.7084083820234591	5.772306287080723e-17	2.814943383737123e-16
CMCBSN	cg20980055	EYA4	cg20295442	ADHFE1	between_gene	0			
CMCBSN	cg20980055	EYA4	cg19283840	ADHFE1	between_gene	0			
CMCBSN	cg20980055	EYA4	cg25046651	ADHFE1	between_gene	103	0.8271317488907438	5.0489565842096e-27	1.6465909660253558e-25
CMCBSN	cg20980055	EYA4	cg01588438	ADHFE1	between_gene	103	0.8778939507094846	4.5147410876537015e-34	1.0708144997898642e-31
CMCBSN	cg20980055	EYA4	cg08090772	ADHFE1	between_gene	0			
CMCBSN	cg20980055	EYA4	cg09383816	ADHFE1	between_gene	103	0.8856807099239995	1.9790358022659925e-35	2.1518164472610594e-32
CMCBSN	cg20980055	EYA4	cg20912169	ADHFE1	between_gene	103	0.8707881210736721	6.538431307314748e-33	8.978298568833777e-31
CMCBSN	cg20980055	EYA4	cg18065361	ADHFE1	between_gene	103	0.8804748934674692	1.6404784737768983e-34	5.35001042260491e-32
CMCBSN	cg20980055	EYA4	cg04481096	HOXA2	between_gene	103	0.7624763871194483	8.239711355954269e-21	6.475122568579725e-20
CMCBSN	cg20980055	EYA4	cg19598584	HOXA2	between_gene	0			
CMCBSN	cg20980055	EYA4	cg09871315	HOXA2	between_gene	0			
CMCBSN	cg20980055	EYA4	cg13661519	HOXA2	between_gene	103	0.6142533936651584	5.1817909817703296e-12	1.5793566204951857e-11
CMCBSN	cg20980055	EYA4	cg02803819	HOXA2	between_gene	103	0.6494969907305715	1.1580065654860354e-13	4.1443609456146314e-13
CMCBSN	cg20980055	EYA4	cg03763508	HOXA2	between_gene	103	0.600151561744937	2.0849725868717048e-11	6.024023786432201e-11
CMCBSN	cg20980055	EYA4	cg00188704	HOXA2	between_gene	103	0.5845121469050653	9.03754051637588e-11	2.5004181555911636e-10
CMCBSN	cg20980055	EYA4	cg06786372	HOXA2	between_gene	103	0.6263453850546941	1.4845053730389186e-12	4.723261607632364e-12
CMCBSN	cg20980055	EYA4	cg19236679	GFRA1	between_gene	103	0.771976453015859	1.3595249775062133e-21	1.1942763186241448e-20
CMCBSN	cg20980055	EYA4	cg06298519	GFRA1	between_gene	103	0.8202895048983	2.9906304116773515e-26	7.292107237445057e-25
CMCBSN	cg20980055	EYA4	cg19485539	GFRA1	between_gene	103	0.844989676228968	3.281597775985462e-29	2.1953047686015566e-27
CMCBSN	cg20980055	EYA4	cg18672939	GFRA1	between_gene	103	0.7522075297632123	5.268746515318006e-20	3.6952042092646983e-19
CMCBSN	cg20980055	EYA4	cg27034576	GFRA1	between_gene	103	0.8175877520537715	5.913526800446786e-26	1.3034864852495752e-24
CMCBSN	cg20980055	EYA4	cg18044663	GFRA1	between_gene	103	0.8375653472740852	2.8671076457637318e-28	1.4113743109052033e-26
CMCBSN	cg20980055	EYA4	cg15701178	UNC5C	between_gene	103	0.747616746474542	1.173135463195172e-19	7.72906672595001e-19
CMCBSN	cg20980055	EYA4	cg03008707	UNC5C	between_gene	103	0.8118218161050827	2.4415679534754686e-25	4.649672109939779e-24
CMCBSN	cg20980055	EYA4	cg24870497	UNC5C	between_gene	0			
CMCBSN	cg20980055	EYA4	cg13265789	UNC5C	between_gene	103	0.8263849229011992	6.154074936450616e-27	1.8455151159999603e-25
CMCBSN	cg20980055	EYA4	cg12584684	UNC5C	between_gene	103	0.8108663181478717	3.073805082988011e-25	5.728255329654086e-24
CMCBSN	cg20980055	EYA4	cg08327106	RALYL	between_gene	0			
CMCBSN	cg20980055	EYA4	cg09757712	RALYL	between_gene	0			
CMCBSN	cg20980055	EYA4	cg11089595	RALYL	between_gene	103	0.7265189122699117	3.764816520500554e-18	2.0420803122631905e-17
CMCBSN	cg20980055	EYA4	cg01134282	RALYL	between_gene	0			
CMCBSN	cg20980055	EYA4	cg06955749	RALYL	between_gene	103	0.6124961560427009	6.186697821963977e-12	1.8745858811302335e-11
CMCBSN	cg20980055	EYA4	cg11666087	BEND5	between_gene	103	0.7781926811053025	3.9867974888626448e-22	3.852427647571348e-21
CMCBSN	cg20980055	EYA4	cg16573178	BEND5	between_gene	103	0.7871216447744147	6.375789743766783e-23	6.9600148290742845e-22
CMCBSN	cg20980055	EYA4	cg06744574	BEND5	between_gene	103	0.7823441549883583	1.7184983577942637e-22	1.7651819746004858e-21
CMCBSN	cg20980055	EYA4	cg03603214	BEND5	between_gene	103	0.6590409875675438	3.790574248807211e-14	1.4107857653549238e-13
CMCBSN	cg06611358	ZNF568	cg27390819	ZNF568	within_gene	0			
CMCBSN	cg06611358	ZNF568	cg20154403	ZNF568	within_gene	0			
CMCBSN	cg06611358	ZNF568	cg21761844	ZNF568	within_gene	0			
CMCBSN	cg06611358	ZNF568	cg20680720	ZNF568	within_gene	0			
CMCBSN	cg06611358	ZNF568	cg02459604	ZNF568	within_gene	0			
CMCBSN	cg06611358	ZNF568	cg03060201	ZNF568	within_gene	0			
CMCBSN	cg06611358	ZNF568	cg03443751	ZNF568	within_gene	0			
CMCBSN	cg06611358	ZNF568	cg17332326	ZNF793	between_gene	0			
CMCBSN	cg06611358	ZNF568	cg11623861	ZNF793	between_gene	0			
CMCBSN	cg06611358	ZNF568	cg14732998	ZNF793	between_gene	0			
CMCBSN	cg06611358	ZNF568	cg07482795	ZNF793	between_gene	0			
CMCBSN	cg06611358	ZNF568	cg13181745	ZNF793	between_gene	0			
CMCBSN	cg06611358	ZNF568	cg24078985	ZNF793	between_gene	0			
CMCBSN	cg06611358	ZNF568	cg15139588	ZNF793	between_gene	0			
CMCBSN	cg06611358	ZNF568	cg25361907	ZNF793	between_gene	0			
CMCBSN	cg06611358	ZNF568	cg20299663	SFMBT2	between_gene	0			
CMCBSN	cg06611358	ZNF568	cg20506550	SFMBT2	between_gene	0			
CMCBSN	cg06611358	ZNF568	cg01056653	SFMBT2	between_gene	0			
CMCBSN	cg06611358	ZNF568	cg22862480	SFMBT2	between_gene	0			
CMCBSN	cg06611358	ZNF568	cg12767281	SFMBT2	between_gene	0			
CMCBSN	cg06611358	ZNF568	cg26878816	SFMBT2	between_gene	0			
CMCBSN	cg06611358	ZNF568	cg12328063	SFMBT2	between_gene	0			
CMCBSN	cg06611358	ZNF568	cg16818993	SFMBT2	between_gene	0			
CMCBSN	cg06611358	ZNF568	cg20295442	ADHFE1	between_gene	0			
CMCBSN	cg06611358	ZNF568	cg19283840	ADHFE1	between_gene	0			
CMCBSN	cg06611358	ZNF568	cg25046651	ADHFE1	between_gene	0			
CMCBSN	cg06611358	ZNF568	cg01588438	ADHFE1	between_gene	0			
CMCBSN	cg06611358	ZNF568	cg08090772	ADHFE1	between_gene	0			
CMCBSN	cg06611358	ZNF568	cg09383816	ADHFE1	between_gene	0			
CMCBSN	cg06611358	ZNF568	cg20912169	ADHFE1	between_gene	0			
CMCBSN	cg06611358	ZNF568	cg18065361	ADHFE1	between_gene	0			
CMCBSN	cg06611358	ZNF568	cg04481096	HOXA2	between_gene	0			
CMCBSN	cg06611358	ZNF568	cg19598584	HOXA2	between_gene	0			
CMCBSN	cg06611358	ZNF568	cg09871315	HOXA2	between_gene	0			
CMCBSN	cg06611358	ZNF568	cg13661519	HOXA2	between_gene	0			
CMCBSN	cg06611358	ZNF568	cg02803819	HOXA2	between_gene	0			
CMCBSN	cg06611358	ZNF568	cg03763508	HOXA2	between_gene	0			
CMCBSN	cg06611358	ZNF568	cg00188704	HOXA2	between_gene	0			
CMCBSN	cg06611358	ZNF568	cg06786372	HOXA2	between_gene	0			
CMCBSN	cg06611358	ZNF568	cg19236679	GFRA1	between_gene	0			
CMCBSN	cg06611358	ZNF568	cg06298519	GFRA1	between_gene	0			
CMCBSN	cg06611358	ZNF568	cg19485539	GFRA1	between_gene	0			
CMCBSN	cg06611358	ZNF568	cg18672939	GFRA1	between_gene	0			
CMCBSN	cg06611358	ZNF568	cg27034576	GFRA1	between_gene	0			
CMCBSN	cg06611358	ZNF568	cg18044663	GFRA1	between_gene	0			
CMCBSN	cg06611358	ZNF568	cg15701178	UNC5C	between_gene	0			
CMCBSN	cg06611358	ZNF568	cg03008707	UNC5C	between_gene	0			
CMCBSN	cg06611358	ZNF568	cg24870497	UNC5C	between_gene	0			
CMCBSN	cg06611358	ZNF568	cg13265789	UNC5C	between_gene	0			
CMCBSN	cg06611358	ZNF568	cg12584684	UNC5C	between_gene	0			
CMCBSN	cg06611358	ZNF568	cg08327106	RALYL	between_gene	0			
CMCBSN	cg06611358	ZNF568	cg09757712	RALYL	between_gene	0			
CMCBSN	cg06611358	ZNF568	cg11089595	RALYL	between_gene	0			
CMCBSN	cg06611358	ZNF568	cg01134282	RALYL	between_gene	0			
CMCBSN	cg06611358	ZNF568	cg06955749	RALYL	between_gene	0			
CMCBSN	cg06611358	ZNF568	cg11666087	BEND5	between_gene	0			
CMCBSN	cg06611358	ZNF568	cg16573178	BEND5	between_gene	0			
CMCBSN	cg06611358	ZNF568	cg06744574	BEND5	between_gene	0			
CMCBSN	cg06611358	ZNF568	cg03603214	BEND5	between_gene	0			
CMCBSN	cg27390819	ZNF568	cg20154403	ZNF568	within_gene	103	0.6841585028335458	1.6383721518110657e-15	3.3507353040265016e-15
CMCBSN	cg27390819	ZNF568	cg21761844	ZNF568	within_gene	0			
CMCBSN	cg27390819	ZNF568	cg20680720	ZNF568	within_gene	103	0.6265101260817995	1.458890233266961e-12	2.9086050562618025e-12
CMCBSN	cg27390819	ZNF568	cg02459604	ZNF568	within_gene	103	0.630529807143171	9.51012505285486e-13	1.9080440770601207e-12
CMCBSN	cg27390819	ZNF568	cg03060201	ZNF568	within_gene	103	0.6584259543996837	4.078375153128631e-14	8.234681041667363e-14
CMCBSN	cg27390819	ZNF568	cg03443751	ZNF568	within_gene	103	0.6862122743047929	1.2497187292130656e-15	2.572472968574947e-15
CMCBSN	cg27390819	ZNF568	cg17332326	ZNF793	between_gene	103	0.5044260422615648	5.552886813403758e-08	1.2662578871719776e-07
CMCBSN	cg27390819	ZNF568	cg11623861	ZNF793	between_gene	0			
CMCBSN	cg27390819	ZNF568	cg14732998	ZNF793	between_gene	0			
CMCBSN	cg27390819	ZNF568	cg07482795	ZNF793	between_gene	103	0.509840530685762	3.7848113900724733e-08	8.707736258112067e-08
CMCBSN	cg27390819	ZNF568	cg13181745	ZNF793	between_gene	0			
CMCBSN	cg27390819	ZNF568	cg24078985	ZNF793	between_gene	103	0.4978254184422088	8.782086345828753e-08	1.9735110487740925e-07
CMCBSN	cg27390819	ZNF568	cg15139588	ZNF793	between_gene	103	0.4745969336203488	4.090581295228748e-07	8.747808687911313e-07
CMCBSN	cg27390819	ZNF568	cg25361907	ZNF793	between_gene	103	0.5416465316522427	3.4611200011282112e-09	8.591876387196484e-09
CMCBSN	cg27390819	ZNF568	cg20299663	SFMBT2	between_gene	103	0.812590607564908	2.0266965679125897e-25	3.975677703521764e-24
CMCBSN	cg27390819	ZNF568	cg20506550	SFMBT2	between_gene	0			
CMCBSN	cg27390819	ZNF568	cg01056653	SFMBT2	between_gene	0			
CMCBSN	cg27390819	ZNF568	cg22862480	SFMBT2	between_gene	103	0.8264398365769012	6.065353079718602e-27	1.8400588587192829e-25
CMCBSN	cg27390819	ZNF568	cg12767281	SFMBT2	between_gene	103	0.6489039230329922	1.239601455820957e-13	4.411711398264495e-13
CMCBSN	cg27390819	ZNF568	cg26878816	SFMBT2	between_gene	103	0.6957123402012036	3.467627988496498e-16	1.562528743002999e-15
CMCBSN	cg27390819	ZNF568	cg12328063	SFMBT2	between_gene	103	0.8622765013398938	1.314473098469146e-31	1.6330763399552388e-29
CMCBSN	cg27390819	ZNF568	cg16818993	SFMBT2	between_gene	103	0.6960967359311164	3.288892012885641e-16	1.487126388495431e-15
CMCBSN	cg27390819	ZNF568	cg20295442	ADHFE1	between_gene	0			
CMCBSN	cg27390819	ZNF568	cg19283840	ADHFE1	between_gene	0			
CMCBSN	cg27390819	ZNF568	cg25046651	ADHFE1	between_gene	103	0.7845736502218513	1.0853175846844425e-22	1.1417716042103673e-21
CMCBSN	cg27390819	ZNF568	cg01588438	ADHFE1	between_gene	103	0.8253086148574441	8.172013815190484e-27	2.3429433015199977e-25
CMCBSN	cg27390819	ZNF568	cg08090772	ADHFE1	between_gene	0			
CMCBSN	cg27390819	ZNF568	cg09383816	ADHFE1	between_gene	103	0.8146883099767167	1.213939458506535e-25	2.4684639440061863e-24
CMCBSN	cg27390819	ZNF568	cg20912169	ADHFE1	between_gene	103	0.8042547115933751	1.4604628267781954e-24	2.2816452186013846e-23
CMCBSN	cg27390819	ZNF568	cg18065361	ADHFE1	between_gene	103	0.8153802222905593	1.0236644069888364e-25	2.119635268122122e-24
CMCBSN	cg27390819	ZNF568	cg04481096	HOXA2	between_gene	103	0.6919562447832008	5.790639921756482e-16	2.526384541114157e-15
CMCBSN	cg27390819	ZNF568	cg19598584	HOXA2	between_gene	0			
CMCBSN	cg27390819	ZNF568	cg09871315	HOXA2	between_gene	0			
CMCBSN	cg27390819	ZNF568	cg13661519	HOXA2	between_gene	103	0.5370996793041338	4.947306866069356e-09	1.2153977037264548e-08
CMCBSN	cg27390819	ZNF568	cg02803819	HOXA2	between_gene	103	0.5544633835610421	1.228064719554183e-09	3.147368225262145e-09
CMCBSN	cg27390819	ZNF568	cg03763508	HOXA2	between_gene	103	0.503481527039494	5.9328631841850184e-08	1.3471575324228645e-07
CMCBSN	cg27390819	ZNF568	cg00188704	HOXA2	between_gene	103	0.5074682598954444	4.480620743238193e-08	1.029043971752504e-07
CMCBSN	cg27390819	ZNF568	cg06786372	HOXA2	between_gene	103	0.5103237710319378	3.6563307761889086e-08	8.41956486767596e-08
CMCBSN	cg27390819	ZNF568	cg19236679	GFRA1	between_gene	103	0.8063414312700435	8.98858819475612e-25	1.447606580254242e-23
CMCBSN	cg27390819	ZNF568	cg06298519	GFRA1	between_gene	103	0.8049905548477795	1.2315339870600762e-24	1.95919034892667e-23
CMCBSN	cg27390819	ZNF568	cg19485539	GFRA1	between_gene	103	0.7944910600535958	1.3127200703261693e-23	1.6231690348251069e-22
CMCBSN	cg27390819	ZNF568	cg18672939	GFRA1	between_gene	103	0.7919979791767343	2.256655116789001e-23	2.6884078537454355e-22
CMCBSN	cg27390819	ZNF568	cg27034576	GFRA1	between_gene	103	0.8268901287176559	5.3834115696683544e-27	1.697144125788376e-25
CMCBSN	cg27390819	ZNF568	cg18044663	GFRA1	between_gene	103	0.7986315512015112	5.2498082894323346e-24	7.226565449150777e-23
CMCBSN	cg27390819	ZNF568	cg15701178	UNC5C	between_gene	103	0.7696261476958223	2.1402348015948925e-21	1.812945648493855e-20
CMCBSN	cg27390819	ZNF568	cg03008707	UNC5C	between_gene	103	0.8026292667926022	2.1229692759491633e-24	3.183233816638717e-23
CMCBSN	cg27390819	ZNF568	cg24870497	UNC5C	between_gene	0			
CMCBSN	cg27390819	ZNF568	cg13265789	UNC5C	between_gene	103	0.7924812195229101	2.0328684301982494e-23	2.432914557058363e-22
CMCBSN	cg27390819	ZNF568	cg12584684	UNC5C	between_gene	103	0.787341299477222	6.087938899659593e-23	6.673711171937764e-22
CMCBSN	cg27390819	ZNF568	cg08327106	RALYL	between_gene	0			
CMCBSN	cg27390819	ZNF568	cg09757712	RALYL	between_gene	0			
CMCBSN	cg27390819	ZNF568	cg11089595	RALYL	between_gene	103	0.6955256337038177	3.5578089032571463e-16	1.6004005911375678e-15
CMCBSN	cg27390819	ZNF568	cg01134282	RALYL	between_gene	0			
CMCBSN	cg27390819	ZNF568	cg06955749	RALYL	between_gene	103	0.6551091683872952	6.034180148735343e-14	2.20492661177178e-13
CMCBSN	cg27390819	ZNF568	cg11666087	BEND5	between_gene	103	0.7492421912753153	8.85358617847942e-20	5.907674255665681e-19
CMCBSN	cg27390819	ZNF568	cg16573178	BEND5	between_gene	103	0.7512739972762817	6.208857180200991e-20	4.274118306898254e-19
CMCBSN	cg27390819	ZNF568	cg06744574	BEND5	between_gene	103	0.7288692175899487	2.5997298137835856e-18	1.4370116703731728e-17
CMCBSN	cg27390819	ZNF568	cg03603214	BEND5	between_gene	103	0.6793919957826299	3.04564985451706e-15	1.2435212003810652e-14
CMCBSN	cg20154403	ZNF568	cg21761844	ZNF568	within_gene	0			
CMCBSN	cg20154403	ZNF568	cg20680720	ZNF568	within_gene	103	0.8452862100777578	3.002382370003554e-29	9.423318923674522e-29
CMCBSN	cg20154403	ZNF568	cg02459604	ZNF568	within_gene	103	0.8806615999648553	1.52325382994041e-34	6.353571895935658e-34
CMCBSN	cg20154403	ZNF568	cg03060201	ZNF568	within_gene	103	0.9361353951588104	1.2096743115980999e-47	1.0083625893254346e-46
CMCBSN	cg20154403	ZNF568	cg03443751	ZNF568	within_gene	103	0.937288582348548	4.9609770983981567e-48	4.493227829120617e-47
CMCBSN	cg20154403	ZNF568	cg17332326	ZNF793	between_gene	103	0.5807340860167816	1.2731784197925926e-10	3.474605122634806e-10
CMCBSN	cg20154403	ZNF568	cg11623861	ZNF793	between_gene	0			
CMCBSN	cg20154403	ZNF568	cg14732998	ZNF793	between_gene	0			
CMCBSN	cg20154403	ZNF568	cg07482795	ZNF793	between_gene	103	0.6066203927426087	1.1102944862542349e-11	3.273018041104635e-11
CMCBSN	cg20154403	ZNF568	cg13181745	ZNF793	between_gene	0			
CMCBSN	cg20154403	ZNF568	cg24078985	ZNF793	between_gene	103	0.5971972059921804	2.7673117015626937e-11	7.942702122527028e-11
CMCBSN	cg20154403	ZNF568	cg15139588	ZNF793	between_gene	103	0.5562425866537803	1.059838772512703e-09	2.7323313809146663e-09
CMCBSN	cg20154403	ZNF568	cg25361907	ZNF793	between_gene	103	0.6282783464393973	1.2094994992100994e-12	3.88618743034378e-12
CMCBSN	cg20154403	ZNF568	cg20299663	SFMBT2	between_gene	103	0.6252031806000967	1.6744393194958924e-12	5.295287496442161e-12
CMCBSN	cg20154403	ZNF568	cg20506550	SFMBT2	between_gene	0			
CMCBSN	cg20154403	ZNF568	cg01056653	SFMBT2	between_gene	0			
CMCBSN	cg20154403	ZNF568	cg22862480	SFMBT2	between_gene	103	0.6873984096999517	1.0677090831091808e-15	4.536894133276633e-15
CMCBSN	cg20154403	ZNF568	cg12767281	SFMBT2	between_gene	103	0.6947897904494136	3.935905636533656e-16	1.7613684057832432e-15
CMCBSN	cg20154403	ZNF568	cg26878816	SFMBT2	between_gene	103	0.7010719149496991	1.6454938502137204e-16	7.707528644896941e-16
CMCBSN	cg20154403	ZNF568	cg12328063	SFMBT2	between_gene	103	0.6577120766155604	4.4389951709018517e-14	1.6427430355862313e-13
CMCBSN	cg20154403	ZNF568	cg16818993	SFMBT2	between_gene	103	0.6591398321838071	3.7461939713911676e-14	1.39825752093842e-13
CMCBSN	cg20154403	ZNF568	cg20295442	ADHFE1	between_gene	0			
CMCBSN	cg20154403	ZNF568	cg19283840	ADHFE1	between_gene	0			
CMCBSN	cg20154403	ZNF568	cg25046651	ADHFE1	between_gene	103	0.5820080832930633	1.1347814226867207e-10	3.1230429660228416e-10
CMCBSN	cg20154403	ZNF568	cg01588438	ADHFE1	between_gene	103	0.6513860211747133	9.312909946247825e-14	3.365288372543015e-13
CMCBSN	cg20154403	ZNF568	cg08090772	ADHFE1	between_gene	0			
CMCBSN	cg20154403	ZNF568	cg09383816	ADHFE1	between_gene	103	0.6475640293458683	1.4449453031455537e-13	5.11514558467673e-13
CMCBSN	cg20154403	ZNF568	cg20912169	ADHFE1	between_gene	103	0.6393379607257392	3.6425239491664723e-13	1.2373090823742257e-12
CMCBSN	cg20154403	ZNF568	cg18065361	ADHFE1	between_gene	103	0.668123709528621	1.2606378575248531e-14	4.9016455592881404e-14
CMCBSN	cg20154403	ZNF568	cg04481096	HOXA2	between_gene	103	0.5787242454860959	1.52509109435918e-10	4.1190089701688404e-10
CMCBSN	cg20154403	ZNF568	cg19598584	HOXA2	between_gene	0			
CMCBSN	cg20154403	ZNF568	cg09871315	HOXA2	between_gene	0			
CMCBSN	cg20154403	ZNF568	cg13661519	HOXA2	between_gene	103	0.4794293370821069	2.997883010576411e-07	6.501643204151169e-07
CMCBSN	cg20154403	ZNF568	cg02803819	HOXA2	between_gene	103	0.5467754689627905	2.298323212735297e-09	5.787958747129719e-09
CMCBSN	cg20154403	ZNF568	cg03763508	HOXA2	between_gene	103	0.5039757501208101	5.73104631913405e-08	1.3036006840994538e-07
CMCBSN	cg20154403	ZNF568	cg00188704	HOXA2	between_gene	103	0.4748824847339982	4.016677455180977e-07	8.618019309676949e-07
CMCBSN	cg20154403	ZNF568	cg06786372	HOXA2	between_gene	103	0.5343759609893248	6.112441187403881e-09	1.4931984136644873e-08
CMCBSN	cg20154403	ZNF568	cg19236679	GFRA1	between_gene	103	0.7373588718534465	6.603807222290916e-19	3.933637681040411e-18
CMCBSN	cg20154403	ZNF568	cg06298519	GFRA1	between_gene	103	0.7209287000834688	8.946219075353292e-18	4.686884652127859e-17
CMCBSN	cg20154403	ZNF568	cg19485539	GFRA1	between_gene	103	0.7030488072749639	1.244713582002882e-16	5.926017765411533e-16
CMCBSN	cg20154403	ZNF568	cg18672939	GFRA1	between_gene	103	0.7286825110925625	2.6777159539613452e-18	1.4769896245000318e-17
CMCBSN	cg20154403	ZNF568	cg27034576	GFRA1	between_gene	103	0.7877586434125556	5.575501296176954e-23	6.2164456759511425e-22
CMCBSN	cg20154403	ZNF568	cg18044663	GFRA1	between_gene	103	0.6917256073452532	5.974348220019941e-16	2.6021827222090195e-15
CMCBSN	cg20154403	ZNF568	cg15701178	UNC5C	between_gene	103	0.719555858190924	1.1029614161710502e-17	5.687008566779189e-17
CMCBSN	cg20154403	ZNF568	cg03008707	UNC5C	between_gene	103	0.673197733163467	6.7010835295219635e-15	2.6855801733521972e-14
CMCBSN	cg20154403	ZNF568	cg24870497	UNC5C	between_gene	0			
CMCBSN	cg20154403	ZNF568	cg13265789	UNC5C	between_gene	103	0.723926986776787	5.6386135085451745e-18	3.0084136285878036e-17
CMCBSN	cg20154403	ZNF568	cg12584684	UNC5C	between_gene	103	0.7284628563897553	2.772377944661918e-18	1.5227650647627252e-17
CMCBSN	cg20154403	ZNF568	cg08327106	RALYL	between_gene	0			
CMCBSN	cg20154403	ZNF568	cg09757712	RALYL	between_gene	0			
CMCBSN	cg20154403	ZNF568	cg11089595	RALYL	between_gene	103	0.5487523612880553	1.959185466579159e-09	4.962635808063133e-09
CMCBSN	cg20154403	ZNF568	cg01134282	RALYL	between_gene	0			
CMCBSN	cg20154403	ZNF568	cg06955749	RALYL	between_gene	103	0.529521592057286	8.869609348925141e-09	2.1387070971668843e-08
CMCBSN	cg20154403	ZNF568	cg11666087	BEND5	between_gene	103	0.6925493124807803	5.343054479297189e-16	2.3428620397456077e-15
CMCBSN	cg20154403	ZNF568	cg16573178	BEND5	between_gene	103	0.7088696568993542	5.39853634573827e-17	2.6425480911878323e-16
CMCBSN	cg20154403	ZNF568	cg06744574	BEND5	between_gene	103	0.7470346615121031	1.2968607586257957e-19	8.458774298136753e-19
CMCBSN	cg20154403	ZNF568	cg03603214	BEND5	between_gene	103	0.7423560163423099	2.8750489187315953e-19	1.7817108382353284e-18
CMCBSN	cg21761844	ZNF568	cg20680720	ZNF568	within_gene	0			
CMCBSN	cg21761844	ZNF568	cg02459604	ZNF568	within_gene	0			
CMCBSN	cg21761844	ZNF568	cg03060201	ZNF568	within_gene	0			
CMCBSN	cg21761844	ZNF568	cg03443751	ZNF568	within_gene	0			
CMCBSN	cg21761844	ZNF568	cg17332326	ZNF793	between_gene	0			
CMCBSN	cg21761844	ZNF568	cg11623861	ZNF793	between_gene	0			
CMCBSN	cg21761844	ZNF568	cg14732998	ZNF793	between_gene	0			
CMCBSN	cg21761844	ZNF568	cg07482795	ZNF793	between_gene	0			
CMCBSN	cg21761844	ZNF568	cg13181745	ZNF793	between_gene	0			
CMCBSN	cg21761844	ZNF568	cg24078985	ZNF793	between_gene	0			
CMCBSN	cg21761844	ZNF568	cg15139588	ZNF793	between_gene	0			
CMCBSN	cg21761844	ZNF568	cg25361907	ZNF793	between_gene	0			
CMCBSN	cg21761844	ZNF568	cg20299663	SFMBT2	between_gene	0			
CMCBSN	cg21761844	ZNF568	cg20506550	SFMBT2	between_gene	0			
CMCBSN	cg21761844	ZNF568	cg01056653	SFMBT2	between_gene	0			
CMCBSN	cg21761844	ZNF568	cg22862480	SFMBT2	between_gene	0			
CMCBSN	cg21761844	ZNF568	cg12767281	SFMBT2	between_gene	0			
CMCBSN	cg21761844	ZNF568	cg26878816	SFMBT2	between_gene	0			
CMCBSN	cg21761844	ZNF568	cg12328063	SFMBT2	between_gene	0			
CMCBSN	cg21761844	ZNF568	cg16818993	SFMBT2	between_gene	0			
CMCBSN	cg21761844	ZNF568	cg20295442	ADHFE1	between_gene	0			
CMCBSN	cg21761844	ZNF568	cg19283840	ADHFE1	between_gene	0			
CMCBSN	cg21761844	ZNF568	cg25046651	ADHFE1	between_gene	0			
CMCBSN	cg21761844	ZNF568	cg01588438	ADHFE1	between_gene	0			
CMCBSN	cg21761844	ZNF568	cg08090772	ADHFE1	between_gene	0			
CMCBSN	cg21761844	ZNF568	cg09383816	ADHFE1	between_gene	0			
CMCBSN	cg21761844	ZNF568	cg20912169	ADHFE1	between_gene	0			
CMCBSN	cg21761844	ZNF568	cg18065361	ADHFE1	between_gene	0			
CMCBSN	cg21761844	ZNF568	cg04481096	HOXA2	between_gene	0			
CMCBSN	cg21761844	ZNF568	cg19598584	HOXA2	between_gene	0			
CMCBSN	cg21761844	ZNF568	cg09871315	HOXA2	between_gene	0			
CMCBSN	cg21761844	ZNF568	cg13661519	HOXA2	between_gene	0			
CMCBSN	cg21761844	ZNF568	cg02803819	HOXA2	between_gene	0			
CMCBSN	cg21761844	ZNF568	cg03763508	HOXA2	between_gene	0			
CMCBSN	cg21761844	ZNF568	cg00188704	HOXA2	between_gene	0			
CMCBSN	cg21761844	ZNF568	cg06786372	HOXA2	between_gene	0			
CMCBSN	cg21761844	ZNF568	cg19236679	GFRA1	between_gene	0			
CMCBSN	cg21761844	ZNF568	cg06298519	GFRA1	between_gene	0			
CMCBSN	cg21761844	ZNF568	cg19485539	GFRA1	between_gene	0			
CMCBSN	cg21761844	ZNF568	cg18672939	GFRA1	between_gene	0			
CMCBSN	cg21761844	ZNF568	cg27034576	GFRA1	between_gene	0			
CMCBSN	cg21761844	ZNF568	cg18044663	GFRA1	between_gene	0			
CMCBSN	cg21761844	ZNF568	cg15701178	UNC5C	between_gene	0			
CMCBSN	cg21761844	ZNF568	cg03008707	UNC5C	between_gene	0			
CMCBSN	cg21761844	ZNF568	cg24870497	UNC5C	between_gene	0			
CMCBSN	cg21761844	ZNF568	cg13265789	UNC5C	between_gene	0			
CMCBSN	cg21761844	ZNF568	cg12584684	UNC5C	between_gene	0			
CMCBSN	cg21761844	ZNF568	cg08327106	RALYL	between_gene	0			
CMCBSN	cg21761844	ZNF568	cg09757712	RALYL	between_gene	0			
CMCBSN	cg21761844	ZNF568	cg11089595	RALYL	between_gene	0			
CMCBSN	cg21761844	ZNF568	cg01134282	RALYL	between_gene	0			
CMCBSN	cg21761844	ZNF568	cg06955749	RALYL	between_gene	0			
CMCBSN	cg21761844	ZNF568	cg11666087	BEND5	between_gene	0			
CMCBSN	cg21761844	ZNF568	cg16573178	BEND5	between_gene	0			
CMCBSN	cg21761844	ZNF568	cg06744574	BEND5	between_gene	0			
CMCBSN	cg21761844	ZNF568	cg03603214	BEND5	between_gene	0			
CMCBSN	cg20680720	ZNF568	cg02459604	ZNF568	within_gene	103	0.8410249088432984	1.058764558806634e-28	3.2585278169097374e-28
CMCBSN	cg20680720	ZNF568	cg03060201	ZNF568	within_gene	103	0.8629574309185961	1.0416730541568264e-31	3.7102287434574604e-31
CMCBSN	cg20680720	ZNF568	cg03443751	ZNF568	within_gene	103	0.8622215876641919	1.3392909972051823e-31	4.717280512378253e-31
CMCBSN	cg20680720	ZNF568	cg17332326	ZNF793	between_gene	103	0.573199929710495	2.4893657286684003e-10	6.668126474431063e-10
CMCBSN	cg20680720	ZNF568	cg11623861	ZNF793	between_gene	0			
CMCBSN	cg20680720	ZNF568	cg14732998	ZNF793	between_gene	0			
CMCBSN	cg20680720	ZNF568	cg07482795	ZNF793	between_gene	103	0.6276962614769583	1.2866624526773248e-12	4.129031167324896e-12
CMCBSN	cg20680720	ZNF568	cg13181745	ZNF793	between_gene	0			
CMCBSN	cg20680720	ZNF568	cg24078985	ZNF793	between_gene	103	0.6066094100074683	1.1114963527860123e-11	3.273018041104635e-11
CMCBSN	cg20680720	ZNF568	cg15139588	ZNF793	between_gene	103	0.5589333567631684	8.467587565884686e-10	2.2091935959393143e-09
CMCBSN	cg20680720	ZNF568	cg25361907	ZNF793	between_gene	103	0.5796797434433072	1.399867620699294e-10	3.808398980609445e-10
CMCBSN	cg20680720	ZNF568	cg20299663	SFMBT2	between_gene	103	0.5911786671352635	4.8832469150858516e-11	1.3742958680846218e-10
CMCBSN	cg20680720	ZNF568	cg20506550	SFMBT2	between_gene	0			
CMCBSN	cg20680720	ZNF568	cg01056653	SFMBT2	between_gene	0			
CMCBSN	cg20680720	ZNF568	cg22862480	SFMBT2	between_gene	103	0.5919474585950886	4.544491355301499e-11	1.2831794313832911e-10
CMCBSN	cg20680720	ZNF568	cg12767281	SFMBT2	between_gene	103	0.634659315555946	6.08759214802926e-13	2.033614329604141e-12
CMCBSN	cg20680720	ZNF568	cg26878816	SFMBT2	between_gene	103	0.6428963669112157	2.450145751669692e-13	8.455595590087603e-13
CMCBSN	cg20680720	ZNF568	cg12328063	SFMBT2	between_gene	103	0.6492114396169223	1.196622258330218e-13	4.265010207627785e-13
CMCBSN	cg20680720	ZNF568	cg16818993	SFMBT2	between_gene	103	0.6259500065896412	1.5477668913225272e-12	4.906590303111147e-12
CMCBSN	cg20680720	ZNF568	cg20295442	ADHFE1	between_gene	0			
CMCBSN	cg20680720	ZNF568	cg19283840	ADHFE1	between_gene	0			
CMCBSN	cg20680720	ZNF568	cg25046651	ADHFE1	between_gene	103	0.486765804155867	1.8531109347670821e-07	4.076531558859458e-07
CMCBSN	cg20680720	ZNF568	cg01588438	ADHFE1	between_gene	103	0.5360343539955191	5.3751358894909884e-09	1.31554686075816e-08
CMCBSN	cg20680720	ZNF568	cg08090772	ADHFE1	between_gene	0			
CMCBSN	cg20680720	ZNF568	cg09383816	ADHFE1	between_gene	103	0.5311799850634803	7.815431872752721e-09	1.8967871400941252e-08
CMCBSN	cg20680720	ZNF568	cg20912169	ADHFE1	between_gene	103	0.536737249044502	5.08905697414075e-09	1.2490451218751852e-08
CMCBSN	cg20680720	ZNF568	cg18065361	ADHFE1	between_gene	103	0.5445569564644379	2.745916333438768e-09	6.868739898314235e-09
CMCBSN	cg20680720	ZNF568	cg04481096	HOXA2	between_gene	103	0.4438562579624829	2.6521337455527698e-06	5.461260412113004e-06
CMCBSN	cg20680720	ZNF568	cg19598584	HOXA2	between_gene	0			
CMCBSN	cg20680720	ZNF568	cg09871315	HOXA2	between_gene	0			
CMCBSN	cg20680720	ZNF568	cg13661519	HOXA2	between_gene	103	0.4053398058252427	2.163221888226429e-05	4.285380338939068e-05
CMCBSN	cg20680720	ZNF568	cg02803819	HOXA2	between_gene	103	0.4308856477617186	5.534685911781459e-06	1.122861239800764e-05
CMCBSN	cg20680720	ZNF568	cg03763508	HOXA2	between_gene	103	0.419254931248078	1.0437737974308407e-05	2.099618995757181e-05
CMCBSN	cg20680720	ZNF568	cg00188704	HOXA2	between_gene	103	0.4040218776083996	2.3139508296938055e-05	4.5735588747508626e-05
CMCBSN	cg20680720	ZNF568	cg06786372	HOXA2	between_gene	103	0.4157294732680227	1.2592881591378564e-05	2.519542030054193e-05
CMCBSN	cg20680720	ZNF568	cg19236679	GFRA1	between_gene	103	0.6716272020383957	8.159603480861225e-15	3.250138241460601e-14
CMCBSN	cg20680720	ZNF568	cg06298519	GFRA1	between_gene	103	0.6270702455739577	1.3749536444404918e-12	4.396144679344661e-12
CMCBSN	cg20680720	ZNF568	cg19485539	GFRA1	between_gene	103	0.6013267144049554	1.8614071191031978e-11	5.4020146537711276e-11
CMCBSN	cg20680720	ZNF568	cg18672939	GFRA1	between_gene	103	0.6498484382550631	1.112132746878235e-13	3.996631317638175e-13
CMCBSN	cg20680720	ZNF568	cg27034576	GFRA1	between_gene	103	0.6606774151034573	3.1173133811264623e-14	1.1702259872458905e-13
CMCBSN	cg20680720	ZNF568	cg18044663	GFRA1	between_gene	103	0.6226332205772526	2.1914861327263013e-12	6.863850324469292e-12
CMCBSN	cg20680720	ZNF568	cg15701178	UNC5C	between_gene	103	0.5998110969555858	2.1544392797249476e-11	6.217845222126536e-11
CMCBSN	cg20680720	ZNF568	cg03008707	UNC5C	between_gene	103	0.5797676053244301	1.3888630800063224e-10	3.7824047763428966e-10
CMCBSN	cg20680720	ZNF568	cg24870497	UNC5C	between_gene	0			
CMCBSN	cg20680720	ZNF568	cg13265789	UNC5C	between_gene	103	0.6259609893247815	1.545974978533577e-12	4.906590303111147e-12
CMCBSN	cg20680720	ZNF568	cg12584684	UNC5C	between_gene	103	0.6214800333875149	2.470773020767154e-12	7.710821544475485e-12
CMCBSN	cg20680720	ZNF568	cg08327106	RALYL	between_gene	0			
CMCBSN	cg20680720	ZNF568	cg09757712	RALYL	between_gene	0			
CMCBSN	cg20680720	ZNF568	cg11089595	RALYL	between_gene	103	0.5311140886526381	7.854926618885918e-09	1.9028322700718068e-08
CMCBSN	cg20680720	ZNF568	cg01134282	RALYL	between_gene	0			
CMCBSN	cg20680720	ZNF568	cg06955749	RALYL	between_gene	103	0.5587356675306417	8.608968077380586e-10	2.243835935453142e-09
CMCBSN	cg20680720	ZNF568	cg11666087	BEND5	between_gene	103	0.69773316346703	2.623029533647653e-16	1.1943253147097257e-15
CMCBSN	cg20680720	ZNF568	cg16573178	BEND5	between_gene	103	0.7153055396916048	2.092480865010616e-17	1.0518848895592863e-16
CMCBSN	cg20680720	ZNF568	cg06744574	BEND5	between_gene	103	0.7322848482186004	1.5073317787510321e-18	8.624185549915444e-18
CMCBSN	cg20680720	ZNF568	cg03603214	BEND5	between_gene	103	0.7379409568158855	5.999972742755951e-19	3.5986043415747765e-18
CMCBSN	cg02459604	ZNF568	cg03060201	ZNF568	within_gene	103	0.8992224223520626	4.806200109097067e-38	2.176522049405386e-37
CMCBSN	cg02459604	ZNF568	cg03443751	ZNF568	within_gene	103	0.8773118657470457	5.654788024946254e-34	2.2130466714913118e-33
CMCBSN	cg02459604	ZNF568	cg17332326	ZNF793	between_gene	103	0.5730681368888108	2.5183561099091457e-10	6.738862657182523e-10
CMCBSN	cg02459604	ZNF568	cg11623861	ZNF793	between_gene	0			
CMCBSN	cg02459604	ZNF568	cg14732998	ZNF793	between_gene	0			
CMCBSN	cg02459604	ZNF568	cg07482795	ZNF793	between_gene	103	0.5896959978913149	5.6065254504897365e-11	1.564430470623286e-10
CMCBSN	cg02459604	ZNF568	cg13181745	ZNF793	between_gene	0			
CMCBSN	cg02459604	ZNF568	cg24078985	ZNF793	between_gene	103	0.5563963449457453	1.0463882672627802e-09	2.702997019097618e-09
CMCBSN	cg02459604	ZNF568	cg15139588	ZNF793	between_gene	103	0.5579998242762378	9.1554087221291e-10	2.381501630711348e-09
CMCBSN	cg02459604	ZNF568	cg25361907	ZNF793	between_gene	103	0.557549532135483	9.506064443105856e-10	2.4677932469714606e-09
CMCBSN	cg02459604	ZNF568	cg20299663	SFMBT2	between_gene	103	0.5863352809383648	7.647879645935041e-11	2.120437619154572e-10
CMCBSN	cg02459604	ZNF568	cg20506550	SFMBT2	between_gene	0			
CMCBSN	cg02459604	ZNF568	cg01056653	SFMBT2	between_gene	0			
CMCBSN	cg02459604	ZNF568	cg22862480	SFMBT2	between_gene	103	0.6598427272327901	3.44479575206711e-14	1.2894508059028828e-13
CMCBSN	cg02459604	ZNF568	cg12767281	SFMBT2	between_gene	103	0.6316939770680491	8.391902044490038e-13	2.754021689820693e-12
CMCBSN	cg02459604	ZNF568	cg26878816	SFMBT2	between_gene	103	0.6613912928875808	2.861326375920297e-14	1.0803473972179529e-13
CMCBSN	cg02459604	ZNF568	cg12328063	SFMBT2	between_gene	103	0.6089157843869437	8.847922178982623e-12	2.6232078369279162e-11
CMCBSN	cg02459604	ZNF568	cg16818993	SFMBT2	between_gene	103	0.6469380134428678	1.5518161318983362e-13	5.478603908149877e-13
CMCBSN	cg02459604	ZNF568	cg20295442	ADHFE1	between_gene	0			
CMCBSN	cg02459604	ZNF568	cg19283840	ADHFE1	between_gene	0			
CMCBSN	cg02459604	ZNF568	cg25046651	ADHFE1	between_gene	103	0.5559899837455521	1.082297156438914e-09	2.784727101724977e-09
CMCBSN	cg02459604	ZNF568	cg01588438	ADHFE1	between_gene	103	0.6110793832095947	7.1314514686463675e-12	2.1386157335285488e-11
CMCBSN	cg02459604	ZNF568	cg08090772	ADHFE1	between_gene	0			
CMCBSN	cg02459604	ZNF568	cg09383816	ADHFE1	between_gene	103	0.6046984140930457	1.3408812546963124e-11	3.9263290611702345e-11
CMCBSN	cg02459604	ZNF568	cg20912169	ADHFE1	between_gene	103	0.616043579493037	4.3208175313928706e-12	1.3246783712578143e-11
CMCBSN	cg02459604	ZNF568	cg18065361	ADHFE1	between_gene	103	0.6328581469929272	7.401258655472418e-13	2.441198967399183e-12
CMCBSN	cg02459604	ZNF568	cg04481096	HOXA2	between_gene	103	0.5300817115494443	8.499194507499002e-09	2.0512857049088713e-08
CMCBSN	cg02459604	ZNF568	cg19598584	HOXA2	between_gene	0			
CMCBSN	cg02459604	ZNF568	cg09871315	HOXA2	between_gene	0			
CMCBSN	cg02459604	ZNF568	cg13661519	HOXA2	between_gene	103	0.457365022185125	1.19281708684159e-06	2.4896478236557668e-06
CMCBSN	cg02459604	ZNF568	cg02803819	HOXA2	between_gene	103	0.4968040240741555	9.419548400507076e-08	2.109493714757336e-07
CMCBSN	cg02459604	ZNF568	cg03763508	HOXA2	between_gene	103	0.4811975574397048	2.672438274899244e-07	5.824888437102863e-07
CMCBSN	cg02459604	ZNF568	cg00188704	HOXA2	between_gene	103	0.4648881957562712	7.529645265038096e-07	1.586821041719256e-06
CMCBSN	cg02459604	ZNF568	cg06786372	HOXA2	between_gene	103	0.4828779159161798	2.394527748158973e-07	5.23226373111119e-07
CMCBSN	cg02459604	ZNF568	cg19236679	GFRA1	between_gene	103	0.633308439133682	7.049242896276804e-13	2.330985388642102e-12
CMCBSN	cg02459604	ZNF568	cg06298519	GFRA1	between_gene	103	0.6311777885164521	8.871079008042863e-13	2.9003314701734117e-12
CMCBSN	cg02459604	ZNF568	cg19485539	GFRA1	between_gene	103	0.628849448666696	1.1381483074321097e-12	3.674791894796171e-12
CMCBSN	cg02459604	ZNF568	cg18672939	GFRA1	between_gene	103	0.6906712647717788	6.8886887516191e-16	2.9805288479227586e-15
CMCBSN	cg02459604	ZNF568	cg27034576	GFRA1	between_gene	103	0.7236634011334183	5.8735559932247626e-18	3.1273688951680415e-17
CMCBSN	cg02459604	ZNF568	cg18044663	GFRA1	between_gene	103	0.6345165399991214	6.18290399917626e-13	2.0601783568136475e-12
CMCBSN	cg02459604	ZNF568	cg15701178	UNC5C	between_gene	103	0.6587005227781928	3.947370024011823e-14	1.467049628582172e-13
CMCBSN	cg02459604	ZNF568	cg03008707	UNC5C	between_gene	103	0.6642468040240742	2.0262833201073515e-14	7.762956214625669e-14
CMCBSN	cg02459604	ZNF568	cg24870497	UNC5C	between_gene	0			
CMCBSN	cg02459604	ZNF568	cg13265789	UNC5C	between_gene	103	0.6334182664850855	6.965872232842347e-13	2.309270731319655e-12
CMCBSN	cg02459604	ZNF568	cg12584684	UNC5C	between_gene	103	0.6454223959934983	1.843186125786433e-13	6.446209922489012e-13
CMCBSN	cg02459604	ZNF568	cg08327106	RALYL	between_gene	0			
CMCBSN	cg02459604	ZNF568	cg09757712	RALYL	between_gene	0			
CMCBSN	cg02459604	ZNF568	cg11089595	RALYL	between_gene	103	0.4870184070640953	1.82230516790479e-07	4.015535627587497e-07
CMCBSN	cg02459604	ZNF568	cg01134282	RALYL	between_gene	0			
CMCBSN	cg02459604	ZNF568	cg06955749	RALYL	between_gene	103	0.4860738918420243	1.9400512059418163e-07	4.260600670288045e-07
CMCBSN	cg02459604	ZNF568	cg11666087	BEND5	between_gene	103	0.6462351183938849	1.6809285489038382e-13	5.902479924751161e-13
CMCBSN	cg02459604	ZNF568	cg16573178	BEND5	between_gene	103	0.6562513728418925	5.2755758674543014e-14	1.9440646099135977e-13
CMCBSN	cg02459604	ZNF568	cg06744574	BEND5	between_gene	103	0.694438342924922	4.129974730973071e-16	1.845052067313141e-15
CMCBSN	cg02459604	ZNF568	cg03603214	BEND5	between_gene	103	0.6776567236304529	3.805903361137698e-15	1.5394731580167836e-14
CMCBSN	cg03060201	ZNF568	cg03443751	ZNF568	within_gene	103	0.9240324210341344	5.711527044396836e-44	3.352877913099624e-43
CMCBSN	cg03060201	ZNF568	cg17332326	ZNF793	between_gene	103	0.5616900232833985	6.714084591361762e-10	1.765831320449883e-09
CMCBSN	cg03060201	ZNF568	cg11623861	ZNF793	between_gene	0			
CMCBSN	cg03060201	ZNF568	cg14732998	ZNF793	between_gene	0			
CMCBSN	cg03060201	ZNF568	cg07482795	ZNF793	between_gene	103	0.5815907393577296	1.178440773284209e-10	3.2329673790730824e-10
CMCBSN	cg03060201	ZNF568	cg13181745	ZNF793	between_gene	0			
CMCBSN	cg03060201	ZNF568	cg24078985	ZNF793	between_gene	103	0.5602732504502922	7.566474360304015e-10	1.98600921589871e-09
CMCBSN	cg03060201	ZNF568	cg15139588	ZNF793	between_gene	103	0.5404494135219435	3.8044294135486684e-09	9.417226128983372e-09
CMCBSN	cg03060201	ZNF568	cg25361907	ZNF793	between_gene	103	0.5702785221631596	3.2139012231354257e-10	8.547470225443759e-10
CMCBSN	cg03060201	ZNF568	cg20299663	SFMBT2	between_gene	103	0.6097285067873303	8.160961135924929e-12	2.4361496113991002e-11
CMCBSN	cg03060201	ZNF568	cg20506550	SFMBT2	between_gene	0			
CMCBSN	cg03060201	ZNF568	cg01056653	SFMBT2	between_gene	0			
CMCBSN	cg03060201	ZNF568	cg22862480	SFMBT2	between_gene	103	0.6440056231603919	2.1629532684920325e-13	7.52419343666095e-13
CMCBSN	cg03060201	ZNF568	cg12767281	SFMBT2	between_gene	103	0.7255085006369986	4.409290861867491e-18	2.37192574404377e-17
CMCBSN	cg03060201	ZNF568	cg26878816	SFMBT2	between_gene	103	0.7516254448007733	5.837201975024497e-20	4.050335093840137e-19
CMCBSN	cg03060201	ZNF568	cg12328063	SFMBT2	between_gene	103	0.6724069762333612	7.400673452475628e-15	2.9568693778727276e-14
CMCBSN	cg03060201	ZNF568	cg16818993	SFMBT2	between_gene	103	0.7214558713702061	8.252430227531524e-18	4.332110757269567e-17
CMCBSN	cg03060201	ZNF568	cg20295442	ADHFE1	between_gene	0			
CMCBSN	cg03060201	ZNF568	cg19283840	ADHFE1	between_gene	0			
CMCBSN	cg03060201	ZNF568	cg25046651	ADHFE1	between_gene	103	0.5286869041866187	9.450408473917696e-09	2.272453060686753e-08
CMCBSN	cg03060201	ZNF568	cg01588438	ADHFE1	between_gene	103	0.602018626718798	1.7407824765149332e-11	5.068863260298505e-11
CMCBSN	cg03060201	ZNF568	cg08090772	ADHFE1	between_gene	0			
CMCBSN	cg03060201	ZNF568	cg09383816	ADHFE1	between_gene	103	0.5916509247462988	4.6723818970370154e-11	1.317864256148062e-10
CMCBSN	cg03060201	ZNF568	cg20912169	ADHFE1	between_gene	103	0.5952971928128981	3.314940254735203e-11	9.47281393713488e-11
CMCBSN	cg03060201	ZNF568	cg18065361	ADHFE1	between_gene	103	0.6221609629662171	2.301963249846433e-12	7.192601339939334e-12
CMCBSN	cg03060201	ZNF568	cg04481096	HOXA2	between_gene	103	0.5212076615560339	1.6557114179342098e-08	3.90927700397317e-08
CMCBSN	cg03060201	ZNF568	cg19598584	HOXA2	between_gene	0			
CMCBSN	cg03060201	ZNF568	cg09871315	HOXA2	between_gene	0			
CMCBSN	cg03060201	ZNF568	cg13661519	HOXA2	between_gene	103	0.4203422220269736	9.846454397080796e-06	1.986805840834014e-05
CMCBSN	cg03060201	ZNF568	cg02803819	HOXA2	between_gene	103	0.4832073979703905	2.343362135719462e-07	5.124754243161841e-07
CMCBSN	cg03060201	ZNF568	cg03763508	HOXA2	between_gene	103	0.4679853270658525	6.210499059292744e-07	1.3151941595531468e-06
CMCBSN	cg03060201	ZNF568	cg00188704	HOXA2	between_gene	103	0.4383648903923033	3.63469092743651e-06	7.431746574985779e-06
CMCBSN	cg03060201	ZNF568	cg06786372	HOXA2	between_gene	103	0.480472696920441	2.8015629094344417e-07	6.091064692262048e-07
CMCBSN	cg03060201	ZNF568	cg19236679	GFRA1	between_gene	103	0.7061788867899662	7.963054178951123e-17	3.8260788863505493e-16
CMCBSN	cg03060201	ZNF568	cg06298519	GFRA1	between_gene	103	0.7034112375345957	1.182324198972552e-16	5.639275749761222e-16
CMCBSN	cg03060201	ZNF568	cg19485539	GFRA1	between_gene	103	0.688903044414181	8.735127918320624e-16	3.7483468320556745e-15
CMCBSN	cg03060201	ZNF568	cg18672939	GFRA1	between_gene	103	0.7083864165531786	5.790717866141589e-17	2.818653528500635e-16
CMCBSN	cg03060201	ZNF568	cg27034576	GFRA1	between_gene	103	0.7623445942977639	8.443264022002251e-21	6.589045857193803e-20
CMCBSN	cg03060201	ZNF568	cg18044663	GFRA1	between_gene	103	0.6774260861925054	3.919864450167715e-15	1.5831155341312025e-14
CMCBSN	cg03060201	ZNF568	cg15701178	UNC5C	between_gene	103	0.6907042129771997	6.858163830980773e-16	2.9722507367157535e-15
CMCBSN	cg03060201	ZNF568	cg03008707	UNC5C	between_gene	103	0.6497605763739402	1.123433524316242e-13	4.0316892227525113e-13
CMCBSN	cg03060201	ZNF568	cg24870497	UNC5C	between_gene	0			
CMCBSN	cg03060201	ZNF568	cg13265789	UNC5C	between_gene	103	0.6805561657075078	2.620485181739877e-15	1.07497576087411e-14
CMCBSN	cg03060201	ZNF568	cg12584684	UNC5C	between_gene	103	0.7024996705179459	1.3453743985461247e-16	6.347345037625388e-16
CMCBSN	cg03060201	ZNF568	cg08327106	RALYL	between_gene	0			
CMCBSN	cg03060201	ZNF568	cg09757712	RALYL	between_gene	0			
CMCBSN	cg03060201	ZNF568	cg11089595	RALYL	between_gene	103	0.5410095330141019	3.6399209148781112e-09	9.027142268932502e-09
CMCBSN	cg03060201	ZNF568	cg01134282	RALYL	between_gene	0			
CMCBSN	cg03060201	ZNF568	cg06955749	RALYL	between_gene	103	0.5247990159469315	1.267011224184701e-08	3.0133384538722754e-08
CMCBSN	cg03060201	ZNF568	cg11666087	BEND5	between_gene	103	0.6555265123226288	5.74549846985985e-14	2.1082989462537765e-13
CMCBSN	cg03060201	ZNF568	cg16573178	BEND5	between_gene	103	0.678754997144489	3.3058465727501538e-15	1.34764901692268e-14
CMCBSN	cg03060201	ZNF568	cg06744574	BEND5	between_gene	103	0.7027742388964549	1.2940942487452824e-16	6.138712536320803e-16
CMCBSN	cg03060201	ZNF568	cg03603214	BEND5	between_gene	103	0.7315160567587753	1.7053148401446645e-18	9.693173023828822e-18
CMCBSN	cg03443751	ZNF568	cg17332326	ZNF793	between_gene	103	0.5387141413697667	4.360557178292589e-09	1.076319174850082e-08
CMCBSN	cg03443751	ZNF568	cg11623861	ZNF793	between_gene	0			
CMCBSN	cg03443751	ZNF568	cg14732998	ZNF793	between_gene	0			
CMCBSN	cg03443751	ZNF568	cg07482795	ZNF793	between_gene	103	0.5935289724553003	3.9173741553294766e-11	1.1133365110299135e-10
CMCBSN	cg03443751	ZNF568	cg13181745	ZNF793	between_gene	0			
CMCBSN	cg03443751	ZNF568	cg24078985	ZNF793	between_gene	103	0.5791306066862892	1.470571082169935e-10	3.9922028919591566e-10
CMCBSN	cg03443751	ZNF568	cg15139588	ZNF793	between_gene	103	0.5216030400210869	1.6078941396170924e-08	3.7998150455262635e-08
CMCBSN	cg03443751	ZNF568	cg25361907	ZNF793	between_gene	103	0.557274963756974	9.726170521654211e-10	2.52242334900555e-09
CMCBSN	cg03443751	ZNF568	cg20299663	SFMBT2	between_gene	103	0.640095769450424	3.349006395904018e-13	1.1406733272733138e-12
CMCBSN	cg03443751	ZNF568	cg20506550	SFMBT2	between_gene	0			
CMCBSN	cg03443751	ZNF568	cg01056653	SFMBT2	between_gene	0			
CMCBSN	cg03443751	ZNF568	cg22862480	SFMBT2	between_gene	103	0.6888371480033388	8.812488522923579e-16	3.775333753088279e-15
CMCBSN	cg03443751	ZNF568	cg12767281	SFMBT2	between_gene	103	0.69896322980275	2.2106433155002988e-16	1.0244348863481849e-15
CMCBSN	cg03443751	ZNF568	cg26878816	SFMBT2	between_gene	103	0.6990401089487326	2.18707373197278e-16	1.0153159015510649e-15
CMCBSN	cg03443751	ZNF568	cg12328063	SFMBT2	between_gene	103	0.6922417958968502	5.570773870825154e-16	2.438615608889736e-15
CMCBSN	cg03443751	ZNF568	cg16818993	SFMBT2	between_gene	103	0.6806550103237712	2.5871624359633123e-15	1.0629774480989422e-14
CMCBSN	cg03443751	ZNF568	cg20295442	ADHFE1	between_gene	0			
CMCBSN	cg03443751	ZNF568	cg19283840	ADHFE1	between_gene	0			
CMCBSN	cg03443751	ZNF568	cg25046651	ADHFE1	between_gene	103	0.5761433027281113	1.919573305519793e-10	5.173725985641673e-10
CMCBSN	cg03443751	ZNF568	cg01588438	ADHFE1	between_gene	103	0.6422923164784958	2.6217054478890956e-13	9.035706094508124e-13
CMCBSN	cg03443751	ZNF568	cg08090772	ADHFE1	between_gene	0			
CMCBSN	cg03443751	ZNF568	cg09383816	ADHFE1	between_gene	103	0.6324517857927338	7.733470015428158e-13	2.547553443213644e-12
CMCBSN	cg03443751	ZNF568	cg20912169	ADHFE1	between_gene	103	0.6288384659315556	1.1394812736259496e-12	3.674791894796171e-12
CMCBSN	cg03443751	ZNF568	cg18065361	ADHFE1	between_gene	103	0.6609519834819664	3.0163357611333983e-14	1.1339510087603801e-13
CMCBSN	cg03443751	ZNF568	cg04481096	HOXA2	between_gene	103	0.5560448974212538	1.077376364697753e-09	2.774802502957984e-09
CMCBSN	cg03443751	ZNF568	cg19598584	HOXA2	between_gene	0			
CMCBSN	cg03443751	ZNF568	cg09871315	HOXA2	between_gene	0			
CMCBSN	cg03443751	ZNF568	cg13661519	HOXA2	between_gene	103	0.4748056055880156	4.036448843970374e-07	8.653323774789404e-07
CMCBSN	cg03443751	ZNF568	cg02803819	HOXA2	between_gene	103	0.5202960945393841	1.7711937969579282e-08	4.1781596892072654e-08
CMCBSN	cg03443751	ZNF568	cg03763508	HOXA2	between_gene	103	0.5005052058164565	7.299279220138695e-08	1.65167558415801e-07
CMCBSN	cg03443751	ZNF568	cg00188704	HOXA2	between_gene	103	0.4740258313930501	4.242283123432666e-07	9.064796616736956e-07
CMCBSN	cg03443751	ZNF568	cg06786372	HOXA2	between_gene	103	0.5256337038175988	1.1900878576244161e-08	2.8407495155920415e-08
CMCBSN	cg03443751	ZNF568	cg19236679	GFRA1	between_gene	103	0.7160413829460088	1.8744654665587537e-17	9.47767519816238e-17
CMCBSN	cg03443751	ZNF568	cg06298519	GFRA1	between_gene	103	0.6985788340728376	2.3322380969627467e-16	1.0788668785418096e-15
CMCBSN	cg03443751	ZNF568	cg19485539	GFRA1	between_gene	103	0.6921429512805869	5.645948739534619e-16	2.4673836283828845e-15
CMCBSN	cg03443751	ZNF568	cg18672939	GFRA1	between_gene	103	0.7410051399200458	3.6065436155806176e-19	2.213993480717607e-18
CMCBSN	cg03443751	ZNF568	cg27034576	GFRA1	between_gene	103	0.7647278478232219	5.417390782755564e-21	4.3894324696302064e-20
CMCBSN	cg03443751	ZNF568	cg18044663	GFRA1	between_gene	103	0.6705838422000615	9.293911283684006e-15	3.6683531829245954e-14
CMCBSN	cg03443751	ZNF568	cg15701178	UNC5C	between_gene	103	0.7191494969907306	1.1731929017039426e-17	6.037199764389717e-17
CMCBSN	cg03443751	ZNF568	cg03008707	UNC5C	between_gene	103	0.7071673329525985	6.907030569183274e-17	3.330950601663431e-16
CMCBSN	cg03443751	ZNF568	cg24870497	UNC5C	between_gene	0			
CMCBSN	cg03443751	ZNF568	cg13265789	UNC5C	between_gene	103	0.6815665773404208	2.2986035933778378e-15	9.47402334142619e-15
CMCBSN	cg03443751	ZNF568	cg12584684	UNC5C	between_gene	103	0.719709616482889	1.0774671697680313e-17	5.588691542594024e-17
CMCBSN	cg03443751	ZNF568	cg08327106	RALYL	between_gene	0			
CMCBSN	cg03443751	ZNF568	cg09757712	RALYL	between_gene	0			
CMCBSN	cg03443751	ZNF568	cg11089595	RALYL	between_gene	103	0.5385274348723806	4.424837010683541e-09	1.0911530964908654e-08
CMCBSN	cg03443751	ZNF568	cg01134282	RALYL	between_gene	0			
CMCBSN	cg03443751	ZNF568	cg06955749	RALYL	between_gene	103	0.5510477529323903	1.6255562735027574e-09	4.145391020441468e-09
CMCBSN	cg03443751	ZNF568	cg11666087	BEND5	between_gene	103	0.6829613847032465	1.916541777346397e-15	7.974892339867223e-15
CMCBSN	cg03443751	ZNF568	cg16573178	BEND5	between_gene	103	0.7107037736677941	4.1315623399807115e-17	2.0492863393554515e-16
CMCBSN	cg03443751	ZNF568	cg06744574	BEND5	between_gene	103	0.7316258841101789	1.6755574096292238e-18	9.54482375921975e-18
CMCBSN	cg03443751	ZNF568	cg03603214	BEND5	between_gene	103	0.7592474629881826	1.4914699769586168e-20	1.1444838734955974e-19
CMCBSN	cg17332326	ZNF793	cg11623861	ZNF793	within_gene	0			
CMCBSN	cg17332326	ZNF793	cg14732998	ZNF793	within_gene	0			
CMCBSN	cg17332326	ZNF793	cg07482795	ZNF793	within_gene	103	0.8570597021482229	7.502399163107328e-31	2.5850657985924165e-30
CMCBSN	cg17332326	ZNF793	cg13181745	ZNF793	within_gene	0			
CMCBSN	cg17332326	ZNF793	cg24078985	ZNF793	within_gene	103	0.9069213196854544	1.0567459161502915e-39	5.153668544917575e-39
CMCBSN	cg17332326	ZNF793	cg15139588	ZNF793	within_gene	103	0.9603742916135836	7.53128987978639e-58	1.4043640540542858e-56
CMCBSN	cg17332326	ZNF793	cg25361907	ZNF793	within_gene	103	0.933038263849229	1.2234088200290848e-46	9.019083626726044e-46
CMCBSN	cg17332326	ZNF793	cg20299663	SFMBT2	between_gene	103	0.5165619645916619	2.329806272817331e-08	5.456431387594629e-08
CMCBSN	cg17332326	ZNF793	cg20506550	SFMBT2	between_gene	0			
CMCBSN	cg17332326	ZNF793	cg01056653	SFMBT2	between_gene	0			
CMCBSN	cg17332326	ZNF793	cg22862480	SFMBT2	between_gene	103	0.5189452181171199	1.9565953914082652e-08	4.607181747458632e-08
CMCBSN	cg17332326	ZNF793	cg12767281	SFMBT2	between_gene	103	0.4059438562579625	2.0972593823995637e-05	4.157864535471476e-05
CMCBSN	cg17332326	ZNF793	cg26878816	SFMBT2	between_gene	103	0.4321596450380002	5.155734198182624e-06	1.048426385273458e-05
CMCBSN	cg17332326	ZNF793	cg12328063	SFMBT2	between_gene	103	0.4366735491806879	4.000793596868271e-06	8.16111844740369e-06
CMCBSN	cg17332326	ZNF793	cg16818993	SFMBT2	between_gene	103	0.3931929007600053	3.981949634742996e-05	7.793628354872075e-05
CMCBSN	cg17332326	ZNF793	cg20295442	ADHFE1	between_gene	0			
CMCBSN	cg17332326	ZNF793	cg19283840	ADHFE1	between_gene	0			
CMCBSN	cg17332326	ZNF793	cg25046651	ADHFE1	between_gene	103	0.3652857707683521	0.000148249910145	0.0002865066781987
CMCBSN	cg17332326	ZNF793	cg01588438	ADHFE1	between_gene	103	0.4190023283398498	1.0579808063607348e-05	2.1265577224924167e-05
CMCBSN	cg17332326	ZNF793	cg08090772	ADHFE1	between_gene	0			
CMCBSN	cg17332326	ZNF793	cg09383816	ADHFE1	between_gene	103	0.4311931643456486	5.440882012557829e-06	1.1046895852734144e-05
CMCBSN	cg17332326	ZNF793	cg20912169	ADHFE1	between_gene	103	0.4148728199270746	1.3176361499775746e-05	2.6302316107815545e-05
CMCBSN	cg17332326	ZNF793	cg18065361	ADHFE1	between_gene	103	0.4338729517198963	4.684568490685813e-06	9.54101420156072e-06
CMCBSN	cg17332326	ZNF793	cg04481096	HOXA2	between_gene	103	0.3331502877476606	0.0005846816429661	0.0011241226282231
CMCBSN	cg17332326	ZNF793	cg19598584	HOXA2	between_gene	0			
CMCBSN	cg17332326	ZNF793	cg09871315	HOXA2	between_gene	0			
CMCBSN	cg17332326	ZNF793	cg13661519	HOXA2	between_gene	103	0.2741949655142117	0.0050670313670861	0.0096284667419721
CMCBSN	cg17332326	ZNF793	cg02803819	HOXA2	between_gene	103	0.3126455212406098	0.0013031528500261	0.0024999454306751
CMCBSN	cg17332326	ZNF793	cg03763508	HOXA2	between_gene	103	0.2916465316522426	0.0027986249428623	0.0053335372358858
CMCBSN	cg17332326	ZNF793	cg00188704	HOXA2	between_gene	103	0.3192022141194043	0.001014658624298	0.001947935504631
CMCBSN	cg17332326	ZNF793	cg06786372	HOXA2	between_gene	103	0.3028599042305496	0.0018737061338503	0.0035786964152382
CMCBSN	cg17332326	ZNF793	cg19236679	GFRA1	between_gene	103	0.4767385669727189	3.566351500663712e-07	7.696121642044355e-07
CMCBSN	cg17332326	ZNF793	cg06298519	GFRA1	between_gene	103	0.4651627641347802	7.402732474539117e-07	1.561336218760918e-06
CMCBSN	cg17332326	ZNF793	cg19485539	GFRA1	between_gene	103	0.4642841453235514	7.816157929083984e-07	1.645872157948355e-06
CMCBSN	cg17332326	ZNF793	cg18672939	GFRA1	between_gene	103	0.5483460000878619	2.024718451267494e-09	5.123657070181273e-09
CMCBSN	cg17332326	ZNF793	cg27034576	GFRA1	between_gene	103	0.5600206475420639	7.728988268474298e-10	2.026626170095421e-09
CMCBSN	cg17332326	ZNF793	cg18044663	GFRA1	between_gene	103	0.4511268286254009	1.7324939877537596e-06	3.590211925376934e-06
CMCBSN	cg17332326	ZNF793	cg15701178	UNC5C	between_gene	103	0.5505315643807934	1.6954588498981446e-09	4.315563062813912e-09
CMCBSN	cg17332326	ZNF793	cg03008707	UNC5C	between_gene	103	0.4968150068092958	9.412465117640543e-08	2.109493714757336e-07
CMCBSN	cg17332326	ZNF793	cg24870497	UNC5C	between_gene	0			
CMCBSN	cg17332326	ZNF793	cg13265789	UNC5C	between_gene	103	0.5234371567895268	1.4028280476343984e-08	3.324231041124564e-08
CMCBSN	cg17332326	ZNF793	cg12584684	UNC5C	between_gene	103	0.5470280718710188	2.2520426905983566e-09	5.676888289633925e-09
CMCBSN	cg17332326	ZNF793	cg08327106	RALYL	between_gene	0			
CMCBSN	cg17332326	ZNF793	cg09757712	RALYL	between_gene	0			
CMCBSN	cg17332326	ZNF793	cg11089595	RALYL	between_gene	103	0.3719193427931292	0.0001096318596174	0.0002125033593923
CMCBSN	cg17332326	ZNF793	cg01134282	RALYL	between_gene	0			
CMCBSN	cg17332326	ZNF793	cg06955749	RALYL	between_gene	103	0.374236699907745	9.851034242696984e-05	0.0001913726607535
CMCBSN	cg17332326	ZNF793	cg11666087	BEND5	between_gene	103	0.4853380485876203	2.0367660719031285e-07	4.465481245038035e-07
CMCBSN	cg17332326	ZNF793	cg16573178	BEND5	between_gene	103	0.5067324166410403	4.720193626562724e-08	1.0821603841566034e-07
CMCBSN	cg17332326	ZNF793	cg06744574	BEND5	between_gene	103	0.5339476343188507	6.318067354002632e-09	1.541986690981559e-08
CMCBSN	cg17332326	ZNF793	cg03603214	BEND5	between_gene	103	0.5307077274524448	8.102733430605237e-09	1.9610418850138282e-08
CMCBSN	cg11623861	ZNF793	cg14732998	ZNF793	within_gene	0			
CMCBSN	cg11623861	ZNF793	cg07482795	ZNF793	within_gene	0			
CMCBSN	cg11623861	ZNF793	cg13181745	ZNF793	within_gene	0			
CMCBSN	cg11623861	ZNF793	cg24078985	ZNF793	within_gene	0			
CMCBSN	cg11623861	ZNF793	cg15139588	ZNF793	within_gene	0			
CMCBSN	cg11623861	ZNF793	cg25361907	ZNF793	within_gene	0			
CMCBSN	cg11623861	ZNF793	cg20299663	SFMBT2	between_gene	0			
CMCBSN	cg11623861	ZNF793	cg20506550	SFMBT2	between_gene	0			
CMCBSN	cg11623861	ZNF793	cg01056653	SFMBT2	between_gene	0			
CMCBSN	cg11623861	ZNF793	cg22862480	SFMBT2	between_gene	0			
CMCBSN	cg11623861	ZNF793	cg12767281	SFMBT2	between_gene	0			
CMCBSN	cg11623861	ZNF793	cg26878816	SFMBT2	between_gene	0			
CMCBSN	cg11623861	ZNF793	cg12328063	SFMBT2	between_gene	0			
CMCBSN	cg11623861	ZNF793	cg16818993	SFMBT2	between_gene	0			
CMCBSN	cg11623861	ZNF793	cg20295442	ADHFE1	between_gene	0			
CMCBSN	cg11623861	ZNF793	cg19283840	ADHFE1	between_gene	0			
CMCBSN	cg11623861	ZNF793	cg25046651	ADHFE1	between_gene	0			
CMCBSN	cg11623861	ZNF793	cg01588438	ADHFE1	between_gene	0			
CMCBSN	cg11623861	ZNF793	cg08090772	ADHFE1	between_gene	0			
CMCBSN	cg11623861	ZNF793	cg09383816	ADHFE1	between_gene	0			
CMCBSN	cg11623861	ZNF793	cg20912169	ADHFE1	between_gene	0			
CMCBSN	cg11623861	ZNF793	cg18065361	ADHFE1	between_gene	0			
CMCBSN	cg11623861	ZNF793	cg04481096	HOXA2	between_gene	0			
CMCBSN	cg11623861	ZNF793	cg19598584	HOXA2	between_gene	0			
CMCBSN	cg11623861	ZNF793	cg09871315	HOXA2	between_gene	0			
CMCBSN	cg11623861	ZNF793	cg13661519	HOXA2	between_gene	0			
CMCBSN	cg11623861	ZNF793	cg02803819	HOXA2	between_gene	0			
CMCBSN	cg11623861	ZNF793	cg03763508	HOXA2	between_gene	0			
CMCBSN	cg11623861	ZNF793	cg00188704	HOXA2	between_gene	0			
CMCBSN	cg11623861	ZNF793	cg06786372	HOXA2	between_gene	0			
CMCBSN	cg11623861	ZNF793	cg19236679	GFRA1	between_gene	0			
CMCBSN	cg11623861	ZNF793	cg06298519	GFRA1	between_gene	0			
CMCBSN	cg11623861	ZNF793	cg19485539	GFRA1	between_gene	0			
CMCBSN	cg11623861	ZNF793	cg18672939	GFRA1	between_gene	0			
CMCBSN	cg11623861	ZNF793	cg27034576	GFRA1	between_gene	0			
CMCBSN	cg11623861	ZNF793	cg18044663	GFRA1	between_gene	0			
CMCBSN	cg11623861	ZNF793	cg15701178	UNC5C	between_gene	0			
CMCBSN	cg11623861	ZNF793	cg03008707	UNC5C	between_gene	0			
CMCBSN	cg11623861	ZNF793	cg24870497	UNC5C	between_gene	0			
CMCBSN	cg11623861	ZNF793	cg13265789	UNC5C	between_gene	0			
CMCBSN	cg11623861	ZNF793	cg12584684	UNC5C	between_gene	0			
CMCBSN	cg11623861	ZNF793	cg08327106	RALYL	between_gene	0			
CMCBSN	cg11623861	ZNF793	cg09757712	RALYL	between_gene	0			
CMCBSN	cg11623861	ZNF793	cg11089595	RALYL	between_gene	0			
CMCBSN	cg11623861	ZNF793	cg01134282	RALYL	between_gene	0			
CMCBSN	cg11623861	ZNF793	cg06955749	RALYL	between_gene	0			
CMCBSN	cg11623861	ZNF793	cg11666087	BEND5	between_gene	0			
CMCBSN	cg11623861	ZNF793	cg16573178	BEND5	between_gene	0			
CMCBSN	cg11623861	ZNF793	cg06744574	BEND5	between_gene	0			
CMCBSN	cg11623861	ZNF793	cg03603214	BEND5	between_gene	0			
CMCBSN	cg14732998	ZNF793	cg07482795	ZNF793	within_gene	0			
CMCBSN	cg14732998	ZNF793	cg13181745	ZNF793	within_gene	0			
CMCBSN	cg14732998	ZNF793	cg24078985	ZNF793	within_gene	0			
CMCBSN	cg14732998	ZNF793	cg15139588	ZNF793	within_gene	0			
CMCBSN	cg14732998	ZNF793	cg25361907	ZNF793	within_gene	0			
CMCBSN	cg14732998	ZNF793	cg20299663	SFMBT2	between_gene	0			
CMCBSN	cg14732998	ZNF793	cg20506550	SFMBT2	between_gene	0			
CMCBSN	cg14732998	ZNF793	cg01056653	SFMBT2	between_gene	0			
CMCBSN	cg14732998	ZNF793	cg22862480	SFMBT2	between_gene	0			
CMCBSN	cg14732998	ZNF793	cg12767281	SFMBT2	between_gene	0			
CMCBSN	cg14732998	ZNF793	cg26878816	SFMBT2	between_gene	0			
CMCBSN	cg14732998	ZNF793	cg12328063	SFMBT2	between_gene	0			
CMCBSN	cg14732998	ZNF793	cg16818993	SFMBT2	between_gene	0			
CMCBSN	cg14732998	ZNF793	cg20295442	ADHFE1	between_gene	0			
CMCBSN	cg14732998	ZNF793	cg19283840	ADHFE1	between_gene	0			
CMCBSN	cg14732998	ZNF793	cg25046651	ADHFE1	between_gene	0			
CMCBSN	cg14732998	ZNF793	cg01588438	ADHFE1	between_gene	0			
CMCBSN	cg14732998	ZNF793	cg08090772	ADHFE1	between_gene	0			
CMCBSN	cg14732998	ZNF793	cg09383816	ADHFE1	between_gene	0			
CMCBSN	cg14732998	ZNF793	cg20912169	ADHFE1	between_gene	0			
CMCBSN	cg14732998	ZNF793	cg18065361	ADHFE1	between_gene	0			
CMCBSN	cg14732998	ZNF793	cg04481096	HOXA2	between_gene	0			
CMCBSN	cg14732998	ZNF793	cg19598584	HOXA2	between_gene	0			
CMCBSN	cg14732998	ZNF793	cg09871315	HOXA2	between_gene	0			
CMCBSN	cg14732998	ZNF793	cg13661519	HOXA2	between_gene	0			
CMCBSN	cg14732998	ZNF793	cg02803819	HOXA2	between_gene	0			
CMCBSN	cg14732998	ZNF793	cg03763508	HOXA2	between_gene	0			
CMCBSN	cg14732998	ZNF793	cg00188704	HOXA2	between_gene	0			
CMCBSN	cg14732998	ZNF793	cg06786372	HOXA2	between_gene	0			
CMCBSN	cg14732998	ZNF793	cg19236679	GFRA1	between_gene	0			
CMCBSN	cg14732998	ZNF793	cg06298519	GFRA1	between_gene	0			
CMCBSN	cg14732998	ZNF793	cg19485539	GFRA1	between_gene	0			
CMCBSN	cg14732998	ZNF793	cg18672939	GFRA1	between_gene	0			
CMCBSN	cg14732998	ZNF793	cg27034576	GFRA1	between_gene	0			
CMCBSN	cg14732998	ZNF793	cg18044663	GFRA1	between_gene	0			
CMCBSN	cg14732998	ZNF793	cg15701178	UNC5C	between_gene	0			
CMCBSN	cg14732998	ZNF793	cg03008707	UNC5C	between_gene	0			
CMCBSN	cg14732998	ZNF793	cg24870497	UNC5C	between_gene	0			
CMCBSN	cg14732998	ZNF793	cg13265789	UNC5C	between_gene	0			
CMCBSN	cg14732998	ZNF793	cg12584684	UNC5C	between_gene	0			
CMCBSN	cg14732998	ZNF793	cg08327106	RALYL	between_gene	0			
CMCBSN	cg14732998	ZNF793	cg09757712	RALYL	between_gene	0			
CMCBSN	cg14732998	ZNF793	cg11089595	RALYL	between_gene	0			
CMCBSN	cg14732998	ZNF793	cg01134282	RALYL	between_gene	0			
CMCBSN	cg14732998	ZNF793	cg06955749	RALYL	between_gene	0			
CMCBSN	cg14732998	ZNF793	cg11666087	BEND5	between_gene	0			
CMCBSN	cg14732998	ZNF793	cg16573178	BEND5	between_gene	0			
CMCBSN	cg14732998	ZNF793	cg06744574	BEND5	between_gene	0			
CMCBSN	cg14732998	ZNF793	cg03603214	BEND5	between_gene	0			
CMCBSN	cg07482795	ZNF793	cg13181745	ZNF793	within_gene	0			
CMCBSN	cg07482795	ZNF793	cg24078985	ZNF793	within_gene	103	0.9064380793392788	1.3558389766357602e-39	6.51213569081115e-39
CMCBSN	cg07482795	ZNF793	cg15139588	ZNF793	within_gene	103	0.887130430962527	1.0782305220440826e-35	4.618906425513164e-35
CMCBSN	cg07482795	ZNF793	cg25361907	ZNF793	within_gene	103	0.8786847076395906	3.318887052144351e-34	1.3317559437085561e-33
CMCBSN	cg07482795	ZNF793	cg20299663	SFMBT2	between_gene	103	0.5422286166146817	3.305120487060939e-09	8.228110067501898e-09
CMCBSN	cg07482795	ZNF793	cg20506550	SFMBT2	between_gene	0			
CMCBSN	cg07482795	ZNF793	cg01056653	SFMBT2	between_gene	0			
CMCBSN	cg07482795	ZNF793	cg22862480	SFMBT2	between_gene	103	0.5271163730615473	1.0643369582971417e-08	2.5475735084378372e-08
CMCBSN	cg07482795	ZNF793	cg12767281	SFMBT2	between_gene	103	0.4873808373237271	1.7789560184270008e-07	3.926646575360444e-07
CMCBSN	cg07482795	ZNF793	cg26878816	SFMBT2	between_gene	103	0.4768374115889821	3.543768880861214e-07	7.65371937927724e-07
CMCBSN	cg07482795	ZNF793	cg12328063	SFMBT2	between_gene	103	0.4892149540921671	1.5742242998967818e-07	3.4865460088545865e-07
CMCBSN	cg07482795	ZNF793	cg16818993	SFMBT2	between_gene	103	0.452444756842244	1.6021095126309996e-06	3.3226579637951336e-06
CMCBSN	cg07482795	ZNF793	cg20295442	ADHFE1	between_gene	0			
CMCBSN	cg07482795	ZNF793	cg19283840	ADHFE1	between_gene	0			
CMCBSN	cg07482795	ZNF793	cg25046651	ADHFE1	between_gene	103	0.3429029565522997	0.0003914974093935	0.0007538130930684
CMCBSN	cg07482795	ZNF793	cg01588438	ADHFE1	between_gene	103	0.3964108421561306	3.395439800593772e-05	6.670709668485806e-05
CMCBSN	cg07482795	ZNF793	cg08090772	ADHFE1	between_gene	0			
CMCBSN	cg07482795	ZNF793	cg09383816	ADHFE1	between_gene	103	0.3934455036682335	3.932688485781088e-05	7.702991185737883e-05
CMCBSN	cg07482795	ZNF793	cg20912169	ADHFE1	between_gene	103	0.3910622501427755	4.421011756273583e-05	8.646491508334167e-05
CMCBSN	cg07482795	ZNF793	cg18065361	ADHFE1	between_gene	103	0.4158722488248473	1.2498028130039242e-05	2.5044051759809817e-05
CMCBSN	cg07482795	ZNF793	cg04481096	HOXA2	between_gene	103	0.2471994025392083	0.0118231043182919	0.0223849631106122
CMCBSN	cg07482795	ZNF793	cg19598584	HOXA2	between_gene	0			
CMCBSN	cg07482795	ZNF793	cg09871315	HOXA2	between_gene	0			
CMCBSN	cg07482795	ZNF793	cg13661519	HOXA2	between_gene	103	0.2240038659227694	0.0229279656982686	0.0433157585132389
CMCBSN	cg07482795	ZNF793	cg02803819	HOXA2	between_gene	103	0.2716909019022097	0.005500978435321	0.0104378565365474
CMCBSN	cg07482795	ZNF793	cg03763508	HOXA2	between_gene	103	0.2527896147256513	0.0099890105636358	0.0189261645319723
CMCBSN	cg07482795	ZNF793	cg00188704	HOXA2	between_gene	103	0.2695822167552607	0.0058917104675353	0.0111711283501451
CMCBSN	cg07482795	ZNF793	cg06786372	HOXA2	between_gene	103	0.2363814084259544	0.0162210475076116	0.0306671832951875
CMCBSN	cg07482795	ZNF793	cg19236679	GFRA1	between_gene	103	0.5128937310547819	3.0400948001832826e-08	7.050317629936166e-08
CMCBSN	cg07482795	ZNF793	cg06298519	GFRA1	between_gene	103	0.4868426833018495	1.843683170112861e-07	4.059214675801227e-07
CMCBSN	cg07482795	ZNF793	cg19485539	GFRA1	between_gene	103	0.4598361375917059	1.0267651002022256e-06	2.1482198447695324e-06
CMCBSN	cg07482795	ZNF793	cg18672939	GFRA1	between_gene	103	0.5795808988270439	1.4123480310641903e-10	3.8383500135900755e-10
CMCBSN	cg07482795	ZNF793	cg27034576	GFRA1	between_gene	103	0.5455783508324913	2.530343365729971e-09	6.359986359527451e-09
CMCBSN	cg07482795	ZNF793	cg18044663	GFRA1	between_gene	103	0.4718292843649783	4.877066079539154e-07	1.0378683035495638e-06
CMCBSN	cg07482795	ZNF793	cg15701178	UNC5C	between_gene	103	0.5714646575583183	2.8981352743253267e-10	7.723426895520712e-10
CMCBSN	cg07482795	ZNF793	cg03008707	UNC5C	between_gene	103	0.5050630408997057	5.3098612275132865e-08	1.214147935370917e-07
CMCBSN	cg07482795	ZNF793	cg24870497	UNC5C	between_gene	0			
CMCBSN	cg07482795	ZNF793	cg13265789	UNC5C	between_gene	103	0.5178579273382243	2.1191582092810473e-08	4.9764930405168794e-08
CMCBSN	cg07482795	ZNF793	cg12584684	UNC5C	between_gene	103	0.5635351227869788	5.741429012991706e-10	1.5192077378190023e-09
CMCBSN	cg07482795	ZNF793	cg08327106	RALYL	between_gene	0			
CMCBSN	cg07482795	ZNF793	cg09757712	RALYL	between_gene	0			
CMCBSN	cg07482795	ZNF793	cg11089595	RALYL	between_gene	103	0.3485810306198656	0.0003080886295287	0.0005940896041687
CMCBSN	cg07482795	ZNF793	cg01134282	RALYL	between_gene	0			
CMCBSN	cg07482795	ZNF793	cg06955749	RALYL	between_gene	103	0.403483723586522	2.37828391215397e-05	4.697155735662156e-05
CMCBSN	cg07482795	ZNF793	cg11666087	BEND5	between_gene	103	0.4688859113473619	5.870143565258666e-07	1.245138582256899e-06
CMCBSN	cg07482795	ZNF793	cg16573178	BEND5	between_gene	103	0.4884791108377631	1.6535102916263364e-07	3.652843650171982e-07
CMCBSN	cg07482795	ZNF793	cg06744574	BEND5	between_gene	103	0.4967271449281729	9.469273865353641e-08	2.118810936081273e-07
CMCBSN	cg07482795	ZNF793	cg03603214	BEND5	between_gene	103	0.5788560383077802	1.5071992564249367e-10	4.0791315975235056e-10
CMCBSN	cg13181745	ZNF793	cg24078985	ZNF793	within_gene	0			
CMCBSN	cg13181745	ZNF793	cg15139588	ZNF793	within_gene	0			
CMCBSN	cg13181745	ZNF793	cg25361907	ZNF793	within_gene	0			
CMCBSN	cg13181745	ZNF793	cg20299663	SFMBT2	between_gene	0			
CMCBSN	cg13181745	ZNF793	cg20506550	SFMBT2	between_gene	0			
CMCBSN	cg13181745	ZNF793	cg01056653	SFMBT2	between_gene	0			
CMCBSN	cg13181745	ZNF793	cg22862480	SFMBT2	between_gene	0			
CMCBSN	cg13181745	ZNF793	cg12767281	SFMBT2	between_gene	0			
CMCBSN	cg13181745	ZNF793	cg26878816	SFMBT2	between_gene	0			
CMCBSN	cg13181745	ZNF793	cg12328063	SFMBT2	between_gene	0			
CMCBSN	cg13181745	ZNF793	cg16818993	SFMBT2	between_gene	0			
CMCBSN	cg13181745	ZNF793	cg20295442	ADHFE1	between_gene	0			
CMCBSN	cg13181745	ZNF793	cg19283840	ADHFE1	between_gene	0			
CMCBSN	cg13181745	ZNF793	cg25046651	ADHFE1	between_gene	0			
CMCBSN	cg13181745	ZNF793	cg01588438	ADHFE1	between_gene	0			
CMCBSN	cg13181745	ZNF793	cg08090772	ADHFE1	between_gene	0			
CMCBSN	cg13181745	ZNF793	cg09383816	ADHFE1	between_gene	0			
CMCBSN	cg13181745	ZNF793	cg20912169	ADHFE1	between_gene	0			
CMCBSN	cg13181745	ZNF793	cg18065361	ADHFE1	between_gene	0			
CMCBSN	cg13181745	ZNF793	cg04481096	HOXA2	between_gene	0			
CMCBSN	cg13181745	ZNF793	cg19598584	HOXA2	between_gene	0			
CMCBSN	cg13181745	ZNF793	cg09871315	HOXA2	between_gene	0			
CMCBSN	cg13181745	ZNF793	cg13661519	HOXA2	between_gene	0			
CMCBSN	cg13181745	ZNF793	cg02803819	HOXA2	between_gene	0			
CMCBSN	cg13181745	ZNF793	cg03763508	HOXA2	between_gene	0			
CMCBSN	cg13181745	ZNF793	cg00188704	HOXA2	between_gene	0			
CMCBSN	cg13181745	ZNF793	cg06786372	HOXA2	between_gene	0			
CMCBSN	cg13181745	ZNF793	cg19236679	GFRA1	between_gene	0			
CMCBSN	cg13181745	ZNF793	cg06298519	GFRA1	between_gene	0			
CMCBSN	cg13181745	ZNF793	cg19485539	GFRA1	between_gene	0			
CMCBSN	cg13181745	ZNF793	cg18672939	GFRA1	between_gene	0			
CMCBSN	cg13181745	ZNF793	cg27034576	GFRA1	between_gene	0			
CMCBSN	cg13181745	ZNF793	cg18044663	GFRA1	between_gene	0			
CMCBSN	cg13181745	ZNF793	cg15701178	UNC5C	between_gene	0			
CMCBSN	cg13181745	ZNF793	cg03008707	UNC5C	between_gene	0			
CMCBSN	cg13181745	ZNF793	cg24870497	UNC5C	between_gene	0			
CMCBSN	cg13181745	ZNF793	cg13265789	UNC5C	between_gene	0			
CMCBSN	cg13181745	ZNF793	cg12584684	UNC5C	between_gene	0			
CMCBSN	cg13181745	ZNF793	cg08327106	RALYL	between_gene	0			
CMCBSN	cg13181745	ZNF793	cg09757712	RALYL	between_gene	0			
CMCBSN	cg13181745	ZNF793	cg11089595	RALYL	between_gene	0			
CMCBSN	cg13181745	ZNF793	cg01134282	RALYL	between_gene	0			
CMCBSN	cg13181745	ZNF793	cg06955749	RALYL	between_gene	0			
CMCBSN	cg13181745	ZNF793	cg11666087	BEND5	between_gene	0			
CMCBSN	cg13181745	ZNF793	cg16573178	BEND5	between_gene	0			
CMCBSN	cg13181745	ZNF793	cg06744574	BEND5	between_gene	0			
CMCBSN	cg13181745	ZNF793	cg03603214	BEND5	between_gene	0			
CMCBSN	cg24078985	ZNF793	cg15139588	ZNF793	within_gene	103	0.9207376004920266	4.4858509930698594e-43	2.5854813905511745e-42
CMCBSN	cg24078985	ZNF793	cg25361907	ZNF793	within_gene	103	0.9503141062250142	5.375739364958833e-53	6.311516217377591e-52
CMCBSN	cg24078985	ZNF793	cg20299663	SFMBT2	between_gene	103	0.5389777270131354	4.271330875920824e-09	1.055293774173999e-08
CMCBSN	cg24078985	ZNF793	cg20506550	SFMBT2	between_gene	0			
CMCBSN	cg24078985	ZNF793	cg01056653	SFMBT2	between_gene	0			
CMCBSN	cg24078985	ZNF793	cg22862480	SFMBT2	between_gene	103	0.5128717655845012	3.0449141228079806e-08	7.05522286536947e-08
CMCBSN	cg24078985	ZNF793	cg12767281	SFMBT2	between_gene	103	0.4751900013179282	3.9385083912970644e-07	8.457257936538305e-07
CMCBSN	cg24078985	ZNF793	cg26878816	SFMBT2	between_gene	103	0.4714119404296446	5.00745666148676e-07	1.0647477122916834e-06
CMCBSN	cg24078985	ZNF793	cg12328063	SFMBT2	between_gene	103	0.4723564556517155	4.71696834537465e-07	1.0046179929046906e-06
CMCBSN	cg24078985	ZNF793	cg16818993	SFMBT2	between_gene	103	0.4380134428678118	3.708057016574013e-06	7.569891045572458e-06
CMCBSN	cg24078985	ZNF793	cg20295442	ADHFE1	between_gene	0			
CMCBSN	cg24078985	ZNF793	cg19283840	ADHFE1	between_gene	0			
CMCBSN	cg24078985	ZNF793	cg25046651	ADHFE1	between_gene	103	0.3460550015375829	0.0003429324133016	0.0006607907432083
CMCBSN	cg24078985	ZNF793	cg01588438	ADHFE1	between_gene	103	0.3938518648684268	3.854635999001029e-05	7.55578160886077e-05
CMCBSN	cg24078985	ZNF793	cg08090772	ADHFE1	between_gene	0			
CMCBSN	cg24078985	ZNF793	cg09383816	ADHFE1	between_gene	103	0.4094912797082986	1.7464013554067076e-05	3.467550332006164e-05
CMCBSN	cg24078985	ZNF793	cg20912169	ADHFE1	between_gene	103	0.3958067917234108	3.4989709784949104e-05	6.868935502553214e-05
CMCBSN	cg24078985	ZNF793	cg18065361	ADHFE1	between_gene	103	0.4230220094012213	8.520861237626418e-06	1.7206599821182138e-05
CMCBSN	cg24078985	ZNF793	cg04481096	HOXA2	between_gene	103	0.3052980714317093	0.0017135830632343	0.0032776673108346
CMCBSN	cg24078985	ZNF793	cg19598584	HOXA2	between_gene	0			
CMCBSN	cg24078985	ZNF793	cg09871315	HOXA2	between_gene	0			
CMCBSN	cg24078985	ZNF793	cg13661519	HOXA2	between_gene	103	0.2777533716996881	0.004502806438953	0.0085687979571324
CMCBSN	cg24078985	ZNF793	cg02803819	HOXA2	between_gene	103	0.3098009928392567	0.001450067565954	0.0027756612469362
CMCBSN	cg24078985	ZNF793	cg03763508	HOXA2	between_gene	103	0.3026073013223213	0.0018910463951248	0.0036091734051798
CMCBSN	cg24078985	ZNF793	cg00188704	HOXA2	between_gene	103	0.3101853885691693	0.0014293725105606	0.002738056446441
CMCBSN	cg24078985	ZNF793	cg06786372	HOXA2	between_gene	103	0.2871545929798357	0.0032722113655725	0.0062315324472838
CMCBSN	cg24078985	ZNF793	cg19236679	GFRA1	between_gene	103	0.4937727891754163	1.158146636880026e-07	2.5803625752519105e-07
CMCBSN	cg24078985	ZNF793	cg06298519	GFRA1	between_gene	103	0.4701489258885033	5.422531890125067e-07	1.1511298373748004e-06
CMCBSN	cg24078985	ZNF793	cg19485539	GFRA1	between_gene	103	0.4565083688441769	1.256099522193059e-06	2.6175428541547052e-06
CMCBSN	cg24078985	ZNF793	cg18672939	GFRA1	between_gene	103	0.5534749373984098	1.332307324026308e-09	3.4111774370801153e-09
CMCBSN	cg24078985	ZNF793	cg27034576	GFRA1	between_gene	103	0.5257764793744234	1.1773857778803106e-08	2.8130032000821706e-08
CMCBSN	cg24078985	ZNF793	cg18044663	GFRA1	between_gene	103	0.467480121249396	6.409547252089761e-07	1.3551465786630622e-06
CMCBSN	cg24078985	ZNF793	cg15701178	UNC5C	between_gene	103	0.5268308219478979	1.0875217937233712e-08	2.6006822729828372e-08
CMCBSN	cg24078985	ZNF793	cg03008707	UNC5C	between_gene	103	0.4980560558801564	8.643947604404577e-08	1.944143043094098e-07
CMCBSN	cg24078985	ZNF793	cg24870497	UNC5C	between_gene	0			
CMCBSN	cg24078985	ZNF793	cg13265789	UNC5C	between_gene	103	0.4933334797698019	1.1931541354215836e-07	2.653827058239481e-07
CMCBSN	cg24078985	ZNF793	cg12584684	UNC5C	between_gene	103	0.5304111936036552	8.288271330275967e-09	2.0040871084976826e-08
CMCBSN	cg24078985	ZNF793	cg08327106	RALYL	between_gene	0			
CMCBSN	cg24078985	ZNF793	cg09757712	RALYL	between_gene	0			
CMCBSN	cg24078985	ZNF793	cg11089595	RALYL	between_gene	103	0.3488226507929535	0.0003049328794648	0.0005884392622217
CMCBSN	cg24078985	ZNF793	cg01134282	RALYL	between_gene	0			
CMCBSN	cg24078985	ZNF793	cg06955749	RALYL	between_gene	103	0.3832535254579801	6.447106367295639e-05	0.00012543251687
CMCBSN	cg24078985	ZNF793	cg11666087	BEND5	between_gene	103	0.4405724201555155	3.204285805327532e-06	6.577483608260842e-06
CMCBSN	cg24078985	ZNF793	cg16573178	BEND5	between_gene	103	0.474662830031191	4.0734127499450706e-07	8.71823942953789e-07
CMCBSN	cg24078985	ZNF793	cg06744574	BEND5	between_gene	103	0.4766067741510346	3.596674520096343e-07	7.755143655315171e-07
CMCBSN	cg24078985	ZNF793	cg03603214	BEND5	between_gene	103	0.5426020296094539	3.2086192329008903e-09	7.995499119998493e-09
CMCBSN	cg15139588	ZNF793	cg25361907	ZNF793	within_gene	103	0.9248890743750824	3.291549766290923e-44	2.0459240704200436e-43
CMCBSN	cg15139588	ZNF793	cg20299663	SFMBT2	between_gene	103	0.524173000043931	1.3278022703035709e-08	3.152171176726129e-08
CMCBSN	cg15139588	ZNF793	cg20506550	SFMBT2	between_gene	0			
CMCBSN	cg15139588	ZNF793	cg01056653	SFMBT2	between_gene	0			
CMCBSN	cg15139588	ZNF793	cg22862480	SFMBT2	between_gene	103	0.5044699732021263	5.535791237893946e-08	1.263593992971593e-07
CMCBSN	cg15139588	ZNF793	cg12767281	SFMBT2	between_gene	103	0.4150155954838992	1.3077382709668566e-05	2.6144744436417843e-05
CMCBSN	cg15139588	ZNF793	cg26878816	SFMBT2	between_gene	103	0.415740456003163	1.2585561219701804e-05	2.519542030054193e-05
CMCBSN	cg15139588	ZNF793	cg12328063	SFMBT2	between_gene	103	0.4195734305671484	1.0261163046537306e-05	2.0656924682419623e-05
CMCBSN	cg15139588	ZNF793	cg16818993	SFMBT2	between_gene	103	0.3876466195141239	5.2203134554475934e-05	0.0001017922108016
CMCBSN	cg15139588	ZNF793	cg20295442	ADHFE1	between_gene	0			
CMCBSN	cg15139588	ZNF793	cg19283840	ADHFE1	between_gene	0			
CMCBSN	cg15139588	ZNF793	cg25046651	ADHFE1	between_gene	103	0.3686684531915828	0.0001272090579512	0.0002460255242362
CMCBSN	cg15139588	ZNF793	cg01588438	ADHFE1	between_gene	103	0.4128849448666696	1.4629666087494736e-05	2.9092072273074517e-05
CMCBSN	cg15139588	ZNF793	cg08090772	ADHFE1	between_gene	0			
CMCBSN	cg15139588	ZNF793	cg09383816	ADHFE1	between_gene	103	0.4202433774107104	9.898876559022052e-06	1.9958399491876765e-05
CMCBSN	cg15139588	ZNF793	cg20912169	ADHFE1	between_gene	103	0.4172121425119712	1.1640002151899178e-05	2.3360588934080736e-05
CMCBSN	cg15139588	ZNF793	cg18065361	ADHFE1	between_gene	103	0.4339388481307385	4.667284376701293e-06	9.513238233448182e-06
CMCBSN	cg15139588	ZNF793	cg04481096	HOXA2	between_gene	103	0.3114593858454509	0.0013626860739503	0.0026122321579253
CMCBSN	cg15139588	ZNF793	cg19598584	HOXA2	between_gene	0			
CMCBSN	cg15139588	ZNF793	cg09871315	HOXA2	between_gene	0			
CMCBSN	cg15139588	ZNF793	cg13661519	HOXA2	between_gene	103	0.2453213548302069	0.0125020880825997	0.0236533341606256
CMCBSN	cg15139588	ZNF793	cg02803819	HOXA2	between_gene	103	0.3040570223608487	0.0017934688033774	0.0034279561230856
CMCBSN	cg15139588	ZNF793	cg03763508	HOXA2	between_gene	103	0.2732614330272811	0.0052251110671847	0.0099216264732787
CMCBSN	cg15139588	ZNF793	cg00188704	HOXA2	between_gene	103	0.2917453762685059	0.0027889356957117	0.0053189570395555
CMCBSN	cg15139588	ZNF793	cg06786372	HOXA2	between_gene	103	0.2746232921846857	0.0049959366713506	0.009500290652736
CMCBSN	cg15139588	ZNF793	cg19236679	GFRA1	between_gene	103	0.4459100294337302	2.3539099101096554e-06	4.858663730598173e-06
CMCBSN	cg15139588	ZNF793	cg06298519	GFRA1	between_gene	103	0.4188925009884462	1.0642143195460434e-05	2.137440461659451e-05
CMCBSN	cg15139588	ZNF793	cg19485539	GFRA1	between_gene	103	0.4296555814259983	5.925367255070379e-06	1.1993237524033062e-05
CMCBSN	cg15139588	ZNF793	cg18672939	GFRA1	between_gene	103	0.5116636647190617	3.3215139516938945e-08	7.682473315575685e-08
CMCBSN	cg15139588	ZNF793	cg27034576	GFRA1	between_gene	103	0.5251943944119843	1.22999890644918e-08	2.9333337723271577e-08
CMCBSN	cg15139588	ZNF793	cg18044663	GFRA1	between_gene	103	0.4164213855818653	1.2139428711008496e-05	2.434417333360582e-05
CMCBSN	cg15139588	ZNF793	cg15701178	UNC5C	between_gene	103	0.5471488819575627	2.230225827523272e-09	5.627329965191699e-09
CMCBSN	cg15139588	ZNF793	cg03008707	UNC5C	between_gene	103	0.4810547818828801	2.6974155589919864e-07	5.869522263060962e-07
CMCBSN	cg15139588	ZNF793	cg24870497	UNC5C	between_gene	0			
CMCBSN	cg15139588	ZNF793	cg13265789	UNC5C	between_gene	103	0.5043601458507226	5.5786246807398734e-08	1.2700376781893829e-07
CMCBSN	cg15139588	ZNF793	cg12584684	UNC5C	between_gene	103	0.536243025963186	5.288636375403411e-09	1.2955917655800468e-08
CMCBSN	cg15139588	ZNF793	cg08327106	RALYL	between_gene	0			
CMCBSN	cg15139588	ZNF793	cg09757712	RALYL	between_gene	0			
CMCBSN	cg15139588	ZNF793	cg11089595	RALYL	between_gene	103	0.3375653472740851	0.0004883893802009	0.0009396813369795
CMCBSN	cg15139588	ZNF793	cg01134282	RALYL	between_gene	0			
CMCBSN	cg15139588	ZNF793	cg06955749	RALYL	between_gene	103	0.3330184949259763	0.0005878068581637	0.0011292990375177
CMCBSN	cg15139588	ZNF793	cg11666087	BEND5	between_gene	103	0.4497759522031367	1.8765225163521608e-06	3.885593051716498e-06
CMCBSN	cg15139588	ZNF793	cg16573178	BEND5	between_gene	103	0.4746957782366121	4.064854176620889e-07	8.707064488344746e-07
CMCBSN	cg15139588	ZNF793	cg06744574	BEND5	between_gene	103	0.5001317928216843	7.490539184609995e-08	1.692018764731383e-07
CMCBSN	cg15139588	ZNF793	cg03603214	BEND5	between_gene	103	0.5074243289548829	4.4945915239352824e-08	1.0313447041290369e-07
CMCBSN	cg25361907	ZNF793	cg20299663	SFMBT2	between_gene	103	0.544897421253789	2.672172908216921e-09	6.697117307913493e-09
CMCBSN	cg25361907	ZNF793	cg20506550	SFMBT2	between_gene	0			
CMCBSN	cg25361907	ZNF793	cg01056653	SFMBT2	between_gene	0			
CMCBSN	cg25361907	ZNF793	cg22862480	SFMBT2	between_gene	103	0.5360123885252385	5.384319549618276e-09	1.3165594850003824e-08
CMCBSN	cg25361907	ZNF793	cg12767281	SFMBT2	between_gene	103	0.4604072398190046	9.916363761091484e-07	2.07638788544845e-06
CMCBSN	cg25361907	ZNF793	cg26878816	SFMBT2	between_gene	103	0.4891161094759039	1.5846601139882133e-07	3.506682135195291e-07
CMCBSN	cg25361907	ZNF793	cg12328063	SFMBT2	between_gene	103	0.497155471598647	9.195385156466258e-08	2.064609283409679e-07
CMCBSN	cg25361907	ZNF793	cg16818993	SFMBT2	between_gene	103	0.4330821947897904	4.896743798705497e-06	9.965370180048865e-06
CMCBSN	cg25361907	ZNF793	cg20295442	ADHFE1	between_gene	0			
CMCBSN	cg25361907	ZNF793	cg19283840	ADHFE1	between_gene	0			
CMCBSN	cg25361907	ZNF793	cg25046651	ADHFE1	between_gene	103	0.4065259412204015	2.0354839073403608e-05	4.038461988023575e-05
CMCBSN	cg25361907	ZNF793	cg01588438	ADHFE1	between_gene	103	0.4540811843781575	1.4531248976133248e-06	3.0184736129563413e-06
CMCBSN	cg25361907	ZNF793	cg08090772	ADHFE1	between_gene	0			
CMCBSN	cg25361907	ZNF793	cg09383816	ADHFE1	between_gene	103	0.467205552870887	6.52025028601062e-07	1.37743587013779e-06
CMCBSN	cg25361907	ZNF793	cg20912169	ADHFE1	between_gene	103	0.4550586478056495	1.37049708234758e-06	2.8491050899162043e-06
CMCBSN	cg25361907	ZNF793	cg18065361	ADHFE1	between_gene	103	0.4678754997144488	6.25326472581701e-07	1.3231766155439236e-06
CMCBSN	cg25361907	ZNF793	cg04481096	HOXA2	between_gene	103	0.3903923032992137	4.5681549962453154e-05	8.920895497907206e-05
CMCBSN	cg25361907	ZNF793	cg19598584	HOXA2	between_gene	0			
CMCBSN	cg25361907	ZNF793	cg09871315	HOXA2	between_gene	0			
CMCBSN	cg25361907	ZNF793	cg13661519	HOXA2	between_gene	103	0.3492290119931468	0.0002996926384163	0.0005787550656019
CMCBSN	cg25361907	ZNF793	cg02803819	HOXA2	between_gene	103	0.388602117471335	4.984092859302347e-05	9.72587753920705e-05
CMCBSN	cg25361907	ZNF793	cg03763508	HOXA2	between_gene	103	0.3708320520142336	0.0001152425219265	0.0002230472846487
CMCBSN	cg25361907	ZNF793	cg00188704	HOXA2	between_gene	103	0.3836928348635944	6.313299869265928e-05	0.0001229208907381
CMCBSN	cg25361907	ZNF793	cg06786372	HOXA2	between_gene	103	0.3730395817774459	0.0001041174672226	0.000201964663185
CMCBSN	cg25361907	ZNF793	cg19236679	GFRA1	between_gene	103	0.516869481175592	2.2780823344011004e-08	5.3400869815386087e-08
CMCBSN	cg25361907	ZNF793	cg06298519	GFRA1	between_gene	103	0.4990335193076484	8.081165830967907e-08	1.82227844883278e-07
CMCBSN	cg25361907	ZNF793	cg19485539	GFRA1	between_gene	103	0.4820212625752317	2.5325798074002813e-07	5.524666151761984e-07
CMCBSN	cg25361907	ZNF793	cg18672939	GFRA1	between_gene	103	0.5476980187145807	2.133587814955775e-09	5.388703397114829e-09
CMCBSN	cg25361907	ZNF793	cg27034576	GFRA1	between_gene	103	0.5595593726661688	8.034443811492869e-10	2.1046048096571176e-09
CMCBSN	cg25361907	ZNF793	cg18044663	GFRA1	between_gene	103	0.4872710099723235	1.7919873450187613e-07	3.95206676513436e-07
CMCBSN	cg25361907	ZNF793	cg15701178	UNC5C	between_gene	103	0.5725409656020736	2.6375982924191486e-10	7.043494314146937e-10
CMCBSN	cg25361907	ZNF793	cg03008707	UNC5C	between_gene	103	0.5273030795589334	1.049434240058801e-08	2.5142093042363745e-08
CMCBSN	cg25361907	ZNF793	cg24870497	UNC5C	between_gene	0			
CMCBSN	cg25361907	ZNF793	cg13265789	UNC5C	between_gene	103	0.5628212450028556	6.100510005400932e-10	1.6109545145841127e-09
CMCBSN	cg25361907	ZNF793	cg12584684	UNC5C	between_gene	103	0.5914532355137724	4.75956106074702e-11	1.3410037589080964e-10
CMCBSN	cg25361907	ZNF793	cg08327106	RALYL	between_gene	0			
CMCBSN	cg25361907	ZNF793	cg09757712	RALYL	between_gene	0			
CMCBSN	cg25361907	ZNF793	cg11089595	RALYL	between_gene	103	0.4024952774238897	2.5008350401284734e-05	4.924285750713349e-05
CMCBSN	cg25361907	ZNF793	cg01134282	RALYL	between_gene	0			
CMCBSN	cg25361907	ZNF793	cg06955749	RALYL	between_gene	103	0.4048126345385055	2.2223737312325405e-05	4.399220838228906e-05
CMCBSN	cg25361907	ZNF793	cg11666087	BEND5	between_gene	103	0.4855467205552871	2.008883102852805e-07	4.408053839649258e-07
CMCBSN	cg25361907	ZNF793	cg16573178	BEND5	between_gene	103	0.5112133725783069	3.4306246128204315e-08	7.927811882062449e-08
CMCBSN	cg25361907	ZNF793	cg06744574	BEND5	between_gene	103	0.5281048192241796	9.87680067278076e-09	2.3706138873307272e-08
CMCBSN	cg25361907	ZNF793	cg03603214	BEND5	between_gene	103	0.5233712603786848	1.4097411493418378e-08	3.3375813599209216e-08
CMCBSN	cg20299663	SFMBT2	cg20506550	SFMBT2	within_gene	0			
CMCBSN	cg20299663	SFMBT2	cg01056653	SFMBT2	within_gene	0			
CMCBSN	cg20299663	SFMBT2	cg22862480	SFMBT2	within_gene	103	0.8555221192285727	1.2372306270917654e-30	4.2172269762160176e-30
CMCBSN	cg20299663	SFMBT2	cg12767281	SFMBT2	within_gene	103	0.692692088037605	5.24042267730938e-16	1.0857607769327277e-15
CMCBSN	cg20299663	SFMBT2	cg26878816	SFMBT2	within_gene	103	0.7317796424021439	1.634743599861558e-18	3.4547581410407594e-18
CMCBSN	cg20299663	SFMBT2	cg12328063	SFMBT2	within_gene	103	0.8617932609937179	1.5492315177451652e-31	5.396773528848543e-31
CMCBSN	cg20299663	SFMBT2	cg16818993	SFMBT2	within_gene	103	0.764486227650134	5.66802849258749e-21	1.302003646485677e-20
CMCBSN	cg20299663	SFMBT2	cg20295442	ADHFE1	between_gene	0			
CMCBSN	cg20299663	SFMBT2	cg19283840	ADHFE1	between_gene	0			
CMCBSN	cg20299663	SFMBT2	cg25046651	ADHFE1	between_gene	103	0.7756117383473181	6.6663970978194285e-22	6.124165502891158e-21
CMCBSN	cg20299663	SFMBT2	cg01588438	ADHFE1	between_gene	103	0.8241005139920047	1.1209274321335658e-26	3.040943148659788e-25
CMCBSN	cg20299663	SFMBT2	cg08090772	ADHFE1	between_gene	0			
CMCBSN	cg20299663	SFMBT2	cg09383816	ADHFE1	between_gene	103	0.8105368360936608	3.3268276992475213e-25	6.1558109697423996e-24
CMCBSN	cg20299663	SFMBT2	cg20912169	ADHFE1	between_gene	103	0.797829811536265	6.2796553316917365e-24	8.401856800196791e-23
CMCBSN	cg20299663	SFMBT2	cg18065361	ADHFE1	between_gene	103	0.8153143258797171	1.0404526904917825e-25	2.1374339129866614e-24
CMCBSN	cg20299663	SFMBT2	cg04481096	HOXA2	between_gene	103	0.7132956991609191	2.8210661000352405e-17	1.4072966453139471e-16
CMCBSN	cg20299663	SFMBT2	cg19598584	HOXA2	between_gene	0			
CMCBSN	cg20299663	SFMBT2	cg09871315	HOXA2	between_gene	0			
CMCBSN	cg20299663	SFMBT2	cg13661519	HOXA2	between_gene	103	0.515068312612573	2.5974178119727113e-08	6.050592028068574e-08
CMCBSN	cg20299663	SFMBT2	cg02803819	HOXA2	between_gene	103	0.557670342222027	9.410740461045898e-10	2.4454802652259712e-09
CMCBSN	cg20299663	SFMBT2	cg03763508	HOXA2	between_gene	103	0.5498396520669508	1.7936949775727035e-09	4.556718789179342e-09
CMCBSN	cg20299663	SFMBT2	cg00188704	HOXA2	between_gene	103	0.5436344067126477	2.9556767397551692e-09	7.3722376807086404e-09
CMCBSN	cg20299663	SFMBT2	cg06786372	HOXA2	between_gene	103	0.5300926942845847	8.492081679093548e-09	2.0512857049088713e-08
CMCBSN	cg20299663	SFMBT2	cg19236679	GFRA1	between_gene	103	0.7793239028247594	3.1755691316364953e-22	3.1264376846941946e-21
CMCBSN	cg20299663	SFMBT2	cg06298519	GFRA1	between_gene	103	0.7520318060009664	5.434423057626522e-20	3.801182240575763e-19
CMCBSN	cg20299663	SFMBT2	cg19485539	GFRA1	between_gene	103	0.7802135043711287	2.652847400340646e-22	2.621696540715434e-21
CMCBSN	cg20299663	SFMBT2	cg18672939	GFRA1	between_gene	103	0.8103611123314151	3.4699644758452515e-25	6.2435429775725944e-24
CMCBSN	cg20299663	SFMBT2	cg27034576	GFRA1	between_gene	103	0.79003206958661	3.441531780488163e-23	3.920941666067082e-22
CMCBSN	cg20299663	SFMBT2	cg18044663	GFRA1	between_gene	103	0.7693405965821729	2.260716899009856e-21	1.902648512747327e-20
CMCBSN	cg20299663	SFMBT2	cg15701178	UNC5C	between_gene	103	0.7894390018890306	3.9053600937354693e-23	4.410859084223306e-22
CMCBSN	cg20299663	SFMBT2	cg03008707	UNC5C	between_gene	103	0.8022997847383913	2.289229430282344e-24	3.3935224906855885e-23
CMCBSN	cg20299663	SFMBT2	cg24870497	UNC5C	between_gene	0			
CMCBSN	cg20299663	SFMBT2	cg13265789	UNC5C	between_gene	103	0.765342880991082	4.827102671038263e-21	3.9728425453434793e-20
CMCBSN	cg20299663	SFMBT2	cg12584684	UNC5C	between_gene	103	0.8117229714888197	2.5005802808976527e-25	4.727546342653607e-24
CMCBSN	cg20299663	SFMBT2	cg08327106	RALYL	between_gene	0			
CMCBSN	cg20299663	SFMBT2	cg09757712	RALYL	between_gene	0			
CMCBSN	cg20299663	SFMBT2	cg11089595	RALYL	between_gene	103	0.7221477836840486	7.420729513676079e-18	3.903363568786471e-17
CMCBSN	cg20299663	SFMBT2	cg01134282	RALYL	between_gene	0			
CMCBSN	cg20299663	SFMBT2	cg06955749	RALYL	between_gene	103	0.650858849887976	9.898276936708025e-14	3.5718678461785943e-13
CMCBSN	cg20299663	SFMBT2	cg11666087	BEND5	between_gene	103	0.7242235206255766	5.385214332881043e-18	2.8791033185423436e-17
CMCBSN	cg20299663	SFMBT2	cg16573178	BEND5	between_gene	103	0.7706145938584545	1.7695581855557464e-21	1.5236888799059216e-20
CMCBSN	cg20299663	SFMBT2	cg06744574	BEND5	between_gene	103	0.7124390458199711	3.201699637143272e-17	1.591092257772723e-16
CMCBSN	cg20299663	SFMBT2	cg03603214	BEND5	between_gene	103	0.723443746430611	6.076583983258765e-18	3.2157824771444456e-17
CMCBSN	cg20506550	SFMBT2	cg01056653	SFMBT2	within_gene	0			
CMCBSN	cg20506550	SFMBT2	cg22862480	SFMBT2	within_gene	0			
CMCBSN	cg20506550	SFMBT2	cg12767281	SFMBT2	within_gene	0			
CMCBSN	cg20506550	SFMBT2	cg26878816	SFMBT2	within_gene	0			
CMCBSN	cg20506550	SFMBT2	cg12328063	SFMBT2	within_gene	0			
CMCBSN	cg20506550	SFMBT2	cg16818993	SFMBT2	within_gene	0			
CMCBSN	cg20506550	SFMBT2	cg20295442	ADHFE1	between_gene	0			
CMCBSN	cg20506550	SFMBT2	cg19283840	ADHFE1	between_gene	0			
CMCBSN	cg20506550	SFMBT2	cg25046651	ADHFE1	between_gene	0			
CMCBSN	cg20506550	SFMBT2	cg01588438	ADHFE1	between_gene	0			
CMCBSN	cg20506550	SFMBT2	cg08090772	ADHFE1	between_gene	0			
CMCBSN	cg20506550	SFMBT2	cg09383816	ADHFE1	between_gene	0			
CMCBSN	cg20506550	SFMBT2	cg20912169	ADHFE1	between_gene	0			
CMCBSN	cg20506550	SFMBT2	cg18065361	ADHFE1	between_gene	0			
CMCBSN	cg20506550	SFMBT2	cg04481096	HOXA2	between_gene	0			
CMCBSN	cg20506550	SFMBT2	cg19598584	HOXA2	between_gene	0			
CMCBSN	cg20506550	SFMBT2	cg09871315	HOXA2	between_gene	0			
CMCBSN	cg20506550	SFMBT2	cg13661519	HOXA2	between_gene	0			
CMCBSN	cg20506550	SFMBT2	cg02803819	HOXA2	between_gene	0			
CMCBSN	cg20506550	SFMBT2	cg03763508	HOXA2	between_gene	0			
CMCBSN	cg20506550	SFMBT2	cg00188704	HOXA2	between_gene	0			
CMCBSN	cg20506550	SFMBT2	cg06786372	HOXA2	between_gene	0			
CMCBSN	cg20506550	SFMBT2	cg19236679	GFRA1	between_gene	0			
CMCBSN	cg20506550	SFMBT2	cg06298519	GFRA1	between_gene	0			
CMCBSN	cg20506550	SFMBT2	cg19485539	GFRA1	between_gene	0			
CMCBSN	cg20506550	SFMBT2	cg18672939	GFRA1	between_gene	0			
CMCBSN	cg20506550	SFMBT2	cg27034576	GFRA1	between_gene	0			
CMCBSN	cg20506550	SFMBT2	cg18044663	GFRA1	between_gene	0			
CMCBSN	cg20506550	SFMBT2	cg15701178	UNC5C	between_gene	0			
CMCBSN	cg20506550	SFMBT2	cg03008707	UNC5C	between_gene	0			
CMCBSN	cg20506550	SFMBT2	cg24870497	UNC5C	between_gene	0			
CMCBSN	cg20506550	SFMBT2	cg13265789	UNC5C	between_gene	0			
CMCBSN	cg20506550	SFMBT2	cg12584684	UNC5C	between_gene	0			
CMCBSN	cg20506550	SFMBT2	cg08327106	RALYL	between_gene	0			
CMCBSN	cg20506550	SFMBT2	cg09757712	RALYL	between_gene	0			
CMCBSN	cg20506550	SFMBT2	cg11089595	RALYL	between_gene	0			
CMCBSN	cg20506550	SFMBT2	cg01134282	RALYL	between_gene	0			
CMCBSN	cg20506550	SFMBT2	cg06955749	RALYL	between_gene	0			
CMCBSN	cg20506550	SFMBT2	cg11666087	BEND5	between_gene	0			
CMCBSN	cg20506550	SFMBT2	cg16573178	BEND5	between_gene	0			
CMCBSN	cg20506550	SFMBT2	cg06744574	BEND5	between_gene	0			
CMCBSN	cg20506550	SFMBT2	cg03603214	BEND5	between_gene	0			
CMCBSN	cg01056653	SFMBT2	cg22862480	SFMBT2	within_gene	0			
CMCBSN	cg01056653	SFMBT2	cg12767281	SFMBT2	within_gene	0			
CMCBSN	cg01056653	SFMBT2	cg26878816	SFMBT2	within_gene	0			
CMCBSN	cg01056653	SFMBT2	cg12328063	SFMBT2	within_gene	0			
CMCBSN	cg01056653	SFMBT2	cg16818993	SFMBT2	within_gene	0			
CMCBSN	cg01056653	SFMBT2	cg20295442	ADHFE1	between_gene	0			
CMCBSN	cg01056653	SFMBT2	cg19283840	ADHFE1	between_gene	0			
CMCBSN	cg01056653	SFMBT2	cg25046651	ADHFE1	between_gene	0			
CMCBSN	cg01056653	SFMBT2	cg01588438	ADHFE1	between_gene	0			
CMCBSN	cg01056653	SFMBT2	cg08090772	ADHFE1	between_gene	0			
CMCBSN	cg01056653	SFMBT2	cg09383816	ADHFE1	between_gene	0			
CMCBSN	cg01056653	SFMBT2	cg20912169	ADHFE1	between_gene	0			
CMCBSN	cg01056653	SFMBT2	cg18065361	ADHFE1	between_gene	0			
CMCBSN	cg01056653	SFMBT2	cg04481096	HOXA2	between_gene	0			
CMCBSN	cg01056653	SFMBT2	cg19598584	HOXA2	between_gene	0			
CMCBSN	cg01056653	SFMBT2	cg09871315	HOXA2	between_gene	0			
CMCBSN	cg01056653	SFMBT2	cg13661519	HOXA2	between_gene	0			
CMCBSN	cg01056653	SFMBT2	cg02803819	HOXA2	between_gene	0			
CMCBSN	cg01056653	SFMBT2	cg03763508	HOXA2	between_gene	0			
CMCBSN	cg01056653	SFMBT2	cg00188704	HOXA2	between_gene	0			
CMCBSN	cg01056653	SFMBT2	cg06786372	HOXA2	between_gene	0			
CMCBSN	cg01056653	SFMBT2	cg19236679	GFRA1	between_gene	0			
CMCBSN	cg01056653	SFMBT2	cg06298519	GFRA1	between_gene	0			
CMCBSN	cg01056653	SFMBT2	cg19485539	GFRA1	between_gene	0			
CMCBSN	cg01056653	SFMBT2	cg18672939	GFRA1	between_gene	0			
CMCBSN	cg01056653	SFMBT2	cg27034576	GFRA1	between_gene	0			
CMCBSN	cg01056653	SFMBT2	cg18044663	GFRA1	between_gene	0			
CMCBSN	cg01056653	SFMBT2	cg15701178	UNC5C	between_gene	0			
CMCBSN	cg01056653	SFMBT2	cg03008707	UNC5C	between_gene	0			
CMCBSN	cg01056653	SFMBT2	cg24870497	UNC5C	between_gene	0			
CMCBSN	cg01056653	SFMBT2	cg13265789	UNC5C	between_gene	0			
CMCBSN	cg01056653	SFMBT2	cg12584684	UNC5C	between_gene	0			
CMCBSN	cg01056653	SFMBT2	cg08327106	RALYL	between_gene	0			
CMCBSN	cg01056653	SFMBT2	cg09757712	RALYL	between_gene	0			
CMCBSN	cg01056653	SFMBT2	cg11089595	RALYL	between_gene	0			
CMCBSN	cg01056653	SFMBT2	cg01134282	RALYL	between_gene	0			
CMCBSN	cg01056653	SFMBT2	cg06955749	RALYL	between_gene	0			
CMCBSN	cg01056653	SFMBT2	cg11666087	BEND5	between_gene	0			
CMCBSN	cg01056653	SFMBT2	cg16573178	BEND5	between_gene	0			
CMCBSN	cg01056653	SFMBT2	cg06744574	BEND5	between_gene	0			
CMCBSN	cg01056653	SFMBT2	cg03603214	BEND5	between_gene	0			
CMCBSN	cg22862480	SFMBT2	cg12767281	SFMBT2	within_gene	103	0.7600711681237096	1.2830969992514386e-20	2.9052982054479005e-20
CMCBSN	cg22862480	SFMBT2	cg26878816	SFMBT2	within_gene	103	0.7779290954619338	4.203033258114352e-22	1.0328384052885656e-21
CMCBSN	cg22862480	SFMBT2	cg12328063	SFMBT2	within_gene	103	0.8342595439968371	7.269267774779294e-28	2.194626556766701e-27
CMCBSN	cg22862480	SFMBT2	cg16818993	SFMBT2	within_gene	103	0.7801695734305671	2.6765665409701623e-22	6.628684324121416e-22
CMCBSN	cg22862480	SFMBT2	cg20295442	ADHFE1	between_gene	0			
CMCBSN	cg22862480	SFMBT2	cg19283840	ADHFE1	between_gene	0			
CMCBSN	cg22862480	SFMBT2	cg25046651	ADHFE1	between_gene	103	0.8000922549751791	3.780126139933464e-24	5.330999513019679e-23
CMCBSN	cg22862480	SFMBT2	cg01588438	ADHFE1	between_gene	103	0.8368185212845407	3.544137722016567e-28	1.6511884494180754e-26
CMCBSN	cg22862480	SFMBT2	cg08090772	ADHFE1	between_gene	0			
CMCBSN	cg22862480	SFMBT2	cg09383816	ADHFE1	between_gene	103	0.8249022536572509	9.091002886275085e-27	2.550368444117387e-25
CMCBSN	cg22862480	SFMBT2	cg20912169	ADHFE1	between_gene	103	0.8192571277951061	3.885821453282693e-26	9.216461974195044e-25
CMCBSN	cg22862480	SFMBT2	cg18065361	ADHFE1	between_gene	103	0.8404428238808593	1.2540450947665415e-28	7.112616635317188e-27
CMCBSN	cg22862480	SFMBT2	cg04481096	HOXA2	between_gene	103	0.720687079910381	9.282839374796453e-18	4.84378558576879e-17
CMCBSN	cg22862480	SFMBT2	cg19598584	HOXA2	between_gene	0			
CMCBSN	cg22862480	SFMBT2	cg09871315	HOXA2	between_gene	0			
CMCBSN	cg22862480	SFMBT2	cg13661519	HOXA2	between_gene	103	0.5729363440671266	2.5476710554044767e-10	6.810321499539223e-10
CMCBSN	cg22862480	SFMBT2	cg02803819	HOXA2	between_gene	103	0.6110354522690332	7.162865519546316e-12	2.1455701653841948e-11
CMCBSN	cg22862480	SFMBT2	cg03763508	HOXA2	between_gene	103	0.571882001493652	2.7943005561477063e-10	7.454325307760086e-10
CMCBSN	cg22862480	SFMBT2	cg00188704	HOXA2	between_gene	103	0.5736392391161095	2.3950311880445367e-10	6.42863824033765e-10
CMCBSN	cg22862480	SFMBT2	cg06786372	HOXA2	between_gene	103	0.5750560119492159	2.1136573796611007e-10	5.690951603236132e-10
CMCBSN	cg22862480	SFMBT2	cg19236679	GFRA1	between_gene	103	0.7927008742257173	1.9384436647089793e-23	2.330598857707708e-22
CMCBSN	cg22862480	SFMBT2	cg06298519	GFRA1	between_gene	103	0.7867592145147827	6.879983722455272e-23	7.479115638285752e-22
CMCBSN	cg22862480	SFMBT2	cg19485539	GFRA1	between_gene	103	0.8018055616570751	2.5626679453160134e-24	3.735195904653341e-23
CMCBSN	cg22862480	SFMBT2	cg18672939	GFRA1	between_gene	103	0.8183455607784563	4.889841873876199e-26	1.1289909246852214e-24
CMCBSN	cg22862480	SFMBT2	cg27034576	GFRA1	between_gene	103	0.836917365900804	3.4462911409294323e-28	1.634795197579071e-26
CMCBSN	cg22862480	SFMBT2	cg18044663	GFRA1	between_gene	103	0.7848921495409218	1.0158988956244068e-22	1.0862623847065888e-21
CMCBSN	cg22862480	SFMBT2	cg15701178	UNC5C	between_gene	103	0.7962592804111936	8.898463594224142e-24	1.1436498284399405e-22
CMCBSN	cg22862480	SFMBT2	cg03008707	UNC5C	between_gene	103	0.8551596889689409	1.3908937720480977e-30	1.2096139504244954e-28
CMCBSN	cg22862480	SFMBT2	cg24870497	UNC5C	between_gene	0			
CMCBSN	cg22862480	SFMBT2	cg13265789	UNC5C	between_gene	103	0.8197293854061416	3.4478791327941437e-26	8.252767575651304e-25
CMCBSN	cg22862480	SFMBT2	cg12584684	UNC5C	between_gene	103	0.8071541536704302	7.428439433433384e-25	1.2344457631737388e-23
CMCBSN	cg22862480	SFMBT2	cg08327106	RALYL	between_gene	0			
CMCBSN	cg22862480	SFMBT2	cg09757712	RALYL	between_gene	0			
CMCBSN	cg22862480	SFMBT2	cg11089595	RALYL	between_gene	103	0.6873654614945307	1.0723984842994159e-15	4.5494108057515065e-15
CMCBSN	cg22862480	SFMBT2	cg01134282	RALYL	between_gene	0			
CMCBSN	cg22862480	SFMBT2	cg06955749	RALYL	between_gene	103	0.665553749505777	1.7280660164447646e-14	6.659563126889794e-14
CMCBSN	cg22862480	SFMBT2	cg11666087	BEND5	between_gene	103	0.7623555770329042	8.426116011600651e-21	6.589045857193803e-20
CMCBSN	cg22862480	SFMBT2	cg16573178	BEND5	between_gene	103	0.7719325220752977	1.3711733464759966e-21	1.2004668660925756e-20
CMCBSN	cg22862480	SFMBT2	cg06744574	BEND5	between_gene	103	0.7759851513420902	6.191165803278103e-22	5.72792609246545e-21
CMCBSN	cg22862480	SFMBT2	cg03603214	BEND5	between_gene	103	0.7311426437640031	1.8103828377939845e-18	1.0268019182183708e-17
CMCBSN	cg12767281	SFMBT2	cg26878816	SFMBT2	within_gene	103	0.9185959671396564	1.6333903421072938e-42	9.083942779789683e-42
CMCBSN	cg12767281	SFMBT2	cg12328063	SFMBT2	within_gene	103	0.7332513289109519	1.2899388933834434e-18	2.7443666389432992e-18
CMCBSN	cg12767281	SFMBT2	cg16818993	SFMBT2	within_gene	103	0.9193537758643412	1.0381877814449617e-42	5.876884405679514e-42
CMCBSN	cg12767281	SFMBT2	cg20295442	ADHFE1	between_gene	0			
CMCBSN	cg12767281	SFMBT2	cg19283840	ADHFE1	between_gene	0			
CMCBSN	cg12767281	SFMBT2	cg25046651	ADHFE1	between_gene	103	0.5460396257083865	2.4383983092211734e-09	6.1347938175101675e-09
CMCBSN	cg12767281	SFMBT2	cg01588438	ADHFE1	between_gene	103	0.6004920265342881	2.0176678150789817e-11	5.842210076877613e-11
CMCBSN	cg12767281	SFMBT2	cg08090772	ADHFE1	between_gene	0			
CMCBSN	cg12767281	SFMBT2	cg09383816	ADHFE1	between_gene	103	0.5905087202917014	5.1981731000804487e-11	1.4567168225681944e-10
CMCBSN	cg12767281	SFMBT2	cg20912169	ADHFE1	between_gene	103	0.5901133418266484	5.3931169713093224e-11	1.5064927385595309e-10
CMCBSN	cg12767281	SFMBT2	cg18065361	ADHFE1	between_gene	103	0.6123533804858762	6.276139317068625e-12	1.8973867298067257e-11
CMCBSN	cg12767281	SFMBT2	cg04481096	HOXA2	between_gene	103	0.5286100250406361	9.505697140936206e-09	2.2836430792543796e-08
CMCBSN	cg12767281	SFMBT2	cg19598584	HOXA2	between_gene	0			
CMCBSN	cg12767281	SFMBT2	cg09871315	HOXA2	between_gene	0			
CMCBSN	cg12767281	SFMBT2	cg13661519	HOXA2	between_gene	103	0.4383429249220226	3.639235855551612e-06	7.435212487967233e-06
CMCBSN	cg12767281	SFMBT2	cg02803819	HOXA2	between_gene	103	0.4476562843210473	2.1255687609127333e-06	4.394301820302156e-06
CMCBSN	cg12767281	SFMBT2	cg03763508	HOXA2	between_gene	103	0.4404845582743927	3.2204542466005135e-06	6.605475730645236e-06
CMCBSN	cg12767281	SFMBT2	cg00188704	HOXA2	between_gene	103	0.394620656328252	3.710915748832184e-05	7.279533224588847e-05
CMCBSN	cg12767281	SFMBT2	cg06786372	HOXA2	between_gene	103	0.4287989280850503	6.212649081490421e-06	1.256496236713838e-05
CMCBSN	cg12767281	SFMBT2	cg19236679	GFRA1	between_gene	103	0.7400166937574134	4.2534262068534223e-19	2.580741621786181e-18
CMCBSN	cg12767281	SFMBT2	cg06298519	GFRA1	between_gene	103	0.6915718490532883	6.09994833350316e-16	2.6524608670182907e-15
CMCBSN	cg12767281	SFMBT2	cg19485539	GFRA1	between_gene	103	0.6846307604445812	1.5397701723551197e-15	6.4482510107134936e-15
CMCBSN	cg12767281	SFMBT2	cg18672939	GFRA1	between_gene	103	0.7465184729605061	1.4171306366712834e-19	9.151717403651929e-19
CMCBSN	cg12767281	SFMBT2	cg27034576	GFRA1	between_gene	103	0.7353490313227605	9.177949482227085e-19	5.393078873678031e-18
CMCBSN	cg12767281	SFMBT2	cg18044663	GFRA1	between_gene	103	0.6883868558625841	9.359191035284425e-16	4.0029720345995175e-15
CMCBSN	cg12767281	SFMBT2	cg15701178	UNC5C	between_gene	103	0.6393269779905989	3.646955478519662e-13	1.2373090823742257e-12
CMCBSN	cg12767281	SFMBT2	cg03008707	UNC5C	between_gene	103	0.649233405087203	1.1936081168672285e-13	4.260086972512448e-13
CMCBSN	cg12767281	SFMBT2	cg24870497	UNC5C	between_gene	0			
CMCBSN	cg12767281	SFMBT2	cg13265789	UNC5C	between_gene	103	0.6825220752976321	2.0296921793235857e-15	8.418866289118021e-15
CMCBSN	cg12767281	SFMBT2	cg12584684	UNC5C	between_gene	103	0.6797983569828231	2.8901555052539572e-15	1.1818833406281463e-14
CMCBSN	cg12767281	SFMBT2	cg08327106	RALYL	between_gene	0			
CMCBSN	cg12767281	SFMBT2	cg09757712	RALYL	between_gene	0			
CMCBSN	cg12767281	SFMBT2	cg11089595	RALYL	between_gene	103	0.5809647234547293	1.246974780334303e-10	3.4102276749394095e-10
CMCBSN	cg12767281	SFMBT2	cg01134282	RALYL	between_gene	0			
CMCBSN	cg12767281	SFMBT2	cg06955749	RALYL	between_gene	103	0.6294205508939947	1.070872359049237e-12	3.462089200445427e-12
CMCBSN	cg12767281	SFMBT2	cg11666087	BEND5	between_gene	103	0.6558120634362782	5.5557312800503744e-14	2.0415356210776657e-13
CMCBSN	cg12767281	SFMBT2	cg16573178	BEND5	between_gene	103	0.6503426613363792	1.0505866483947581e-13	3.780662849188861e-13
CMCBSN	cg12767281	SFMBT2	cg06744574	BEND5	between_gene	103	0.6235338048587621	1.9948329333487593e-12	6.278068906039702e-12
CMCBSN	cg12767281	SFMBT2	cg03603214	BEND5	between_gene	103	0.6464108421561306	1.647708827906281e-13	5.793628479794458e-13
CMCBSN	cg26878816	SFMBT2	cg12328063	SFMBT2	within_gene	103	0.7859794403198173	8.100000879200835e-23	2.0875612022005408e-22
CMCBSN	cg26878816	SFMBT2	cg16818993	SFMBT2	within_gene	103	0.9579361244124236	1.4462198216284732e-56	2.1831032545534567e-55
CMCBSN	cg26878816	SFMBT2	cg20295442	ADHFE1	between_gene	0			
CMCBSN	cg26878816	SFMBT2	cg19283840	ADHFE1	between_gene	0			
CMCBSN	cg26878816	SFMBT2	cg25046651	ADHFE1	between_gene	103	0.6285968457584676	1.1691910784407282e-12	3.761306441001061e-12
CMCBSN	cg26878816	SFMBT2	cg01588438	ADHFE1	between_gene	103	0.6682005886746035	1.248740159120382e-14	4.8626314554404134e-14
CMCBSN	cg26878816	SFMBT2	cg08090772	ADHFE1	between_gene	0			
CMCBSN	cg26878816	SFMBT2	cg09383816	ADHFE1	between_gene	103	0.6660479725870931	1.626764729268156e-14	6.297075932730888e-14
CMCBSN	cg26878816	SFMBT2	cg20912169	ADHFE1	between_gene	103	0.6611606554496331	2.9417185214758203e-14	1.1090958992095975e-13
CMCBSN	cg26878816	SFMBT2	cg18065361	ADHFE1	between_gene	103	0.6830492465843694	1.894657456084158e-15	7.896423806587168e-15
CMCBSN	cg26878816	SFMBT2	cg04481096	HOXA2	between_gene	103	0.5874006062469799	6.933659334115632e-11	1.9244592768837958e-10
CMCBSN	cg26878816	SFMBT2	cg19598584	HOXA2	between_gene	0			
CMCBSN	cg26878816	SFMBT2	cg09871315	HOXA2	between_gene	0			
CMCBSN	cg26878816	SFMBT2	cg13661519	HOXA2	between_gene	103	0.4627026314633397	8.616091180583889e-07	1.811392577771424e-06
CMCBSN	cg26878816	SFMBT2	cg02803819	HOXA2	between_gene	103	0.4970017133066818	9.292823485203994e-08	2.084692731977405e-07
CMCBSN	cg26878816	SFMBT2	cg03763508	HOXA2	between_gene	103	0.476496946799631	3.622130754486782e-07	7.79714450367658e-07
CMCBSN	cg26878816	SFMBT2	cg00188704	HOXA2	between_gene	103	0.4436915169353775	2.6775423877009273e-06	5.509233509078643e-06
CMCBSN	cg26878816	SFMBT2	cg06786372	HOXA2	between_gene	103	0.4682159645038	6.121593119958362e-07	1.2974196953672924e-06
CMCBSN	cg26878816	SFMBT2	cg19236679	GFRA1	between_gene	103	0.7345802398629355	1.04012124777027e-18	6.043822573346625e-18
CMCBSN	cg26878816	SFMBT2	cg06298519	GFRA1	between_gene	103	0.7090343979264596	5.2708300495689466e-17	2.5897543501554396e-16
CMCBSN	cg26878816	SFMBT2	cg19485539	GFRA1	between_gene	103	0.7017857927338225	1.4881074140705024e-16	6.995445483441334e-16
CMCBSN	cg26878816	SFMBT2	cg18672939	GFRA1	between_gene	103	0.757061898695251	2.2169835136396507e-20	1.6478945832153414e-19
CMCBSN	cg26878816	SFMBT2	cg27034576	GFRA1	between_gene	103	0.7450577691868383	1.8192924385740636e-19	1.1548744458004212e-18
CMCBSN	cg26878816	SFMBT2	cg18044663	GFRA1	between_gene	103	0.7306154724772658	1.969493435863272e-18	1.1098074242261937e-17
CMCBSN	cg26878816	SFMBT2	cg15701178	UNC5C	between_gene	103	0.6935597241136934	4.656651145420312e-16	2.066190958911835e-15
CMCBSN	cg26878816	SFMBT2	cg03008707	UNC5C	between_gene	103	0.7089135878399156	5.364190550686067e-17	2.6306716441240504e-16
CMCBSN	cg26878816	SFMBT2	cg24870497	UNC5C	between_gene	0			
CMCBSN	cg26878816	SFMBT2	cg13265789	UNC5C	between_gene	103	0.7451126828625402	1.802341867408004e-19	1.1497090298453503e-18
CMCBSN	cg26878816	SFMBT2	cg12584684	UNC5C	between_gene	103	0.7449589245705751	1.8501950684822621e-19	1.171640517881122e-18
CMCBSN	cg26878816	SFMBT2	cg08327106	RALYL	between_gene	0			
CMCBSN	cg26878816	SFMBT2	cg09757712	RALYL	between_gene	0			
CMCBSN	cg26878816	SFMBT2	cg11089595	RALYL	between_gene	103	0.6617427404120724	2.7429002414160428e-14	1.0401492339904733e-13
CMCBSN	cg26878816	SFMBT2	cg01134282	RALYL	between_gene	0			
CMCBSN	cg26878816	SFMBT2	cg06955749	RALYL	between_gene	103	0.6366252251460703	4.911208747742162e-13	1.655470752307403e-12
CMCBSN	cg26878816	SFMBT2	cg11666087	BEND5	between_gene	103	0.6943394983086588	4.1862089420293013e-16	1.8669776290178546e-15
CMCBSN	cg26878816	SFMBT2	cg16573178	BEND5	between_gene	103	0.696700786363836	3.025942611816865e-16	1.3753805355801744e-15
CMCBSN	cg26878816	SFMBT2	cg06744574	BEND5	between_gene	103	0.677997188419804	3.643524502054757e-15	1.4783756494340374e-14
CMCBSN	cg26878816	SFMBT2	cg03603214	BEND5	between_gene	103	0.6459276018099548	1.740628440641419e-13	6.103897314023472e-13
CMCBSN	cg12328063	SFMBT2	cg16818993	SFMBT2	within_gene	103	0.7999275139480736	3.92330538171802e-24	1.0721446603488037e-23
CMCBSN	cg12328063	SFMBT2	cg20295442	ADHFE1	between_gene	0			
CMCBSN	cg12328063	SFMBT2	cg19283840	ADHFE1	between_gene	0			
CMCBSN	cg12328063	SFMBT2	cg25046651	ADHFE1	between_gene	103	0.7651781399639765	4.9787707287691205e-21	4.084783909232275e-20
CMCBSN	cg12328063	SFMBT2	cg01588438	ADHFE1	between_gene	103	0.8119536089267672	2.3649937361480045e-25	4.5369622482427534e-24
CMCBSN	cg12328063	SFMBT2	cg08090772	ADHFE1	between_gene	0			
CMCBSN	cg12328063	SFMBT2	cg09383816	ADHFE1	between_gene	103	0.7974783640117735	6.790885741678298e-24	8.993614670070398e-23
CMCBSN	cg12328063	SFMBT2	cg20912169	ADHFE1	between_gene	103	0.7821574484909724	1.785489308214206e-22	1.812584282152087e-21
CMCBSN	cg12328063	SFMBT2	cg18065361	ADHFE1	between_gene	103	0.7994113253964769	4.407020772551675e-24	6.148618821169691e-23
CMCBSN	cg12328063	SFMBT2	cg04481096	HOXA2	between_gene	103	0.7075077977419497	6.575812823232278e-17	3.182986207015401e-16
CMCBSN	cg12328063	SFMBT2	cg19598584	HOXA2	between_gene	0			
CMCBSN	cg12328063	SFMBT2	cg09871315	HOXA2	between_gene	0			
CMCBSN	cg12328063	SFMBT2	cg13661519	HOXA2	between_gene	103	0.5374730922989062	4.805221912075243e-09	1.1826182632724754e-08
CMCBSN	cg12328063	SFMBT2	cg02803819	HOXA2	between_gene	103	0.5732218951807758	2.4845653106850015e-10	6.662107806348581e-10
CMCBSN	cg12328063	SFMBT2	cg03763508	HOXA2	between_gene	103	0.5421846856741203	3.316654832955952e-09	8.248277575335386e-09
CMCBSN	cg12328063	SFMBT2	cg00188704	HOXA2	between_gene	103	0.5318828801124632	7.405815300544835e-09	1.800724335426046e-08
CMCBSN	cg12328063	SFMBT2	cg06786372	HOXA2	between_gene	103	0.544743662961824	2.705238088067133e-09	6.77348001129285e-09
CMCBSN	cg12328063	SFMBT2	cg19236679	GFRA1	between_gene	103	0.81754382111321	5.978888219744532e-26	1.3034864852495752e-24
CMCBSN	cg12328063	SFMBT2	cg06298519	GFRA1	between_gene	103	0.7822782585775161	1.7418577353567517e-22	1.7751979810725646e-21
CMCBSN	cg12328063	SFMBT2	cg19485539	GFRA1	between_gene	103	0.7935794930369459	1.6016922773549173e-23	1.9527173605696165e-22
CMCBSN	cg12328063	SFMBT2	cg18672939	GFRA1	between_gene	103	0.8206189869525107	2.749892924284209e-26	6.78734769335415e-25
CMCBSN	cg12328063	SFMBT2	cg27034576	GFRA1	between_gene	103	0.8004876334402319	3.456963734182662e-24	4.901749120914438e-23
CMCBSN	cg12328063	SFMBT2	cg18044663	GFRA1	between_gene	103	0.7955893335676316	1.0315423155799272e-23	1.3192617163470735e-22
CMCBSN	cg12328063	SFMBT2	cg15701178	UNC5C	between_gene	103	0.7851008215085886	9.727841228904625e-23	1.0487577589343869e-21
CMCBSN	cg12328063	SFMBT2	cg03008707	UNC5C	between_gene	103	0.8005974607916355	3.372084262971252e-24	4.807523410979234e-23
CMCBSN	cg12328063	SFMBT2	cg24870497	UNC5C	between_gene	0			
CMCBSN	cg12328063	SFMBT2	cg13265789	UNC5C	between_gene	103	0.79553441989193	1.0440864494708097e-23	1.328790998375289e-22
CMCBSN	cg12328063	SFMBT2	cg12584684	UNC5C	between_gene	103	0.8296577779730264	2.5666766036769192e-27	9.049269268909568e-26
CMCBSN	cg12328063	SFMBT2	cg08327106	RALYL	between_gene	0			
CMCBSN	cg12328063	SFMBT2	cg09757712	RALYL	between_gene	0			
CMCBSN	cg12328063	SFMBT2	cg11089595	RALYL	between_gene	103	0.7502526029082284	7.424491820446996e-20	5.031298482999017e-19
CMCBSN	cg12328063	SFMBT2	cg01134282	RALYL	between_gene	0			
CMCBSN	cg12328063	SFMBT2	cg06955749	RALYL	between_gene	103	0.7694723894038572	2.2043108867939005e-21	1.86118029244184e-20
CMCBSN	cg12328063	SFMBT2	cg11666087	BEND5	between_gene	103	0.7470676097175241	1.289530716942557e-19	8.432044211787294e-19
CMCBSN	cg12328063	SFMBT2	cg16573178	BEND5	between_gene	103	0.7789504898299873	3.4237365941395115e-22	3.3455163947977473e-21
CMCBSN	cg12328063	SFMBT2	cg06744574	BEND5	between_gene	103	0.727781926811053	3.086966305489276e-18	1.6849152910086858e-17
CMCBSN	cg12328063	SFMBT2	cg03603214	BEND5	between_gene	103	0.7026204806044898	1.3225726415828741e-16	6.260796167113372e-16
CMCBSN	cg16818993	SFMBT2	cg20295442	ADHFE1	between_gene	0			
CMCBSN	cg16818993	SFMBT2	cg19283840	ADHFE1	between_gene	0			
CMCBSN	cg16818993	SFMBT2	cg25046651	ADHFE1	between_gene	103	0.6128585863023328	5.965143729954058e-12	1.8096581385407137e-11
CMCBSN	cg16818993	SFMBT2	cg01588438	ADHFE1	between_gene	103	0.6647080788999693	1.915743350222231e-14	7.350256471661472e-14
CMCBSN	cg16818993	SFMBT2	cg08090772	ADHFE1	between_gene	0			
CMCBSN	cg16818993	SFMBT2	cg09383816	ADHFE1	between_gene	103	0.6609519834819664	3.0163357611333983e-14	1.1339510087603801e-13
CMCBSN	cg16818993	SFMBT2	cg20912169	ADHFE1	between_gene	103	0.6628080657206871	2.4122037966407625e-14	9.17411035777806e-14
CMCBSN	cg16818993	SFMBT2	cg18065361	ADHFE1	between_gene	103	0.6765694328515575	4.3728240768843575e-15	1.7633227228116368e-14
CMCBSN	cg16818993	SFMBT2	cg04481096	HOXA2	between_gene	103	0.5949237798181258	3.4342117600986305e-11	9.802908623738871e-11
CMCBSN	cg16818993	SFMBT2	cg19598584	HOXA2	between_gene	0			
CMCBSN	cg16818993	SFMBT2	cg09871315	HOXA2	between_gene	0			
CMCBSN	cg16818993	SFMBT2	cg13661519	HOXA2	between_gene	103	0.4784189254491939	3.2004224760999056e-07	6.923633698295733e-07
CMCBSN	cg16818993	SFMBT2	cg02803819	HOXA2	between_gene	103	0.5049532135483021	5.351024931253806e-08	1.2224889707216445e-07
CMCBSN	cg16818993	SFMBT2	cg03763508	HOXA2	between_gene	103	0.4948381144840311	1.0772727125929809e-07	2.402226074491527e-07
CMCBSN	cg16818993	SFMBT2	cg00188704	HOXA2	between_gene	103	0.4616373061547247	9.198057052729884e-07	1.932184448516286e-06
CMCBSN	cg16818993	SFMBT2	cg06786372	HOXA2	between_gene	103	0.4847779290954619	2.113442815373453e-07	4.625815692373607e-07
CMCBSN	cg16818993	SFMBT2	cg19236679	GFRA1	between_gene	103	0.7509005842815094	6.628957038906972e-20	4.539356670474617e-19
CMCBSN	cg16818993	SFMBT2	cg06298519	GFRA1	between_gene	103	0.7352941176470589	9.260474154195806e-19	5.429343161415025e-18
CMCBSN	cg16818993	SFMBT2	cg19485539	GFRA1	between_gene	103	0.7357334270526732	8.619969329374938e-19	5.0881221674975595e-18
CMCBSN	cg16818993	SFMBT2	cg18672939	GFRA1	between_gene	103	0.7636515397794666	6.6237746216656204e-21	5.236796359977455e-20
CMCBSN	cg16818993	SFMBT2	cg27034576	GFRA1	between_gene	103	0.7585116197337786	1.7052085323509663e-20	1.2895330611314988e-19
CMCBSN	cg16818993	SFMBT2	cg18044663	GFRA1	between_gene	103	0.7382924043403769	5.661762260627053e-19	3.4035801239575985e-18
CMCBSN	cg16818993	SFMBT2	cg15701178	UNC5C	between_gene	103	0.6849272942933707	1.4808249303654593e-15	6.221372372501584e-15
CMCBSN	cg16818993	SFMBT2	cg03008707	UNC5C	between_gene	103	0.7283749945086324	2.8111466222312267e-18	1.54081544903388e-17
CMCBSN	cg16818993	SFMBT2	cg24870497	UNC5C	between_gene	0			
CMCBSN	cg16818993	SFMBT2	cg13265789	UNC5C	between_gene	103	0.7077604006501779	6.340089659618064e-17	3.074589948316642e-16
CMCBSN	cg16818993	SFMBT2	cg12584684	UNC5C	between_gene	103	0.7307362825638096	1.9318716548746408e-18	1.0909638847549649e-17
CMCBSN	cg16818993	SFMBT2	cg08327106	RALYL	between_gene	0			
CMCBSN	cg16818993	SFMBT2	cg09757712	RALYL	between_gene	0			
CMCBSN	cg16818993	SFMBT2	cg11089595	RALYL	between_gene	103	0.6304639107323288	9.577550581065864e-13	3.1195792092385568e-12
CMCBSN	cg16818993	SFMBT2	cg01134282	RALYL	between_gene	0			
CMCBSN	cg16818993	SFMBT2	cg06955749	RALYL	between_gene	103	0.6421934718622326	2.650862993603849e-13	9.124144525478153e-13
CMCBSN	cg16818993	SFMBT2	cg11666087	BEND5	between_gene	103	0.69804068005096	2.513432268365841e-16	1.1524683283245132e-15
CMCBSN	cg16818993	SFMBT2	cg16573178	BEND5	between_gene	103	0.6962834424285024	3.205335396912277e-16	1.451861119886134e-15
CMCBSN	cg16818993	SFMBT2	cg06744574	BEND5	between_gene	103	0.6453015859069543	1.8685634424222114e-13	6.526214218580389e-13
CMCBSN	cg16818993	SFMBT2	cg03603214	BEND5	between_gene	103	0.6371194482273866	4.651989688144622e-13	1.5701217459727454e-12
CMCBSN	cg20295442	ADHFE1	cg19283840	ADHFE1	within_gene	0			
CMCBSN	cg20295442	ADHFE1	cg25046651	ADHFE1	within_gene	0			
CMCBSN	cg20295442	ADHFE1	cg01588438	ADHFE1	within_gene	0			
CMCBSN	cg20295442	ADHFE1	cg08090772	ADHFE1	within_gene	0			
CMCBSN	cg20295442	ADHFE1	cg09383816	ADHFE1	within_gene	0			
CMCBSN	cg20295442	ADHFE1	cg20912169	ADHFE1	within_gene	0			
CMCBSN	cg20295442	ADHFE1	cg18065361	ADHFE1	within_gene	0			
CMCBSN	cg20295442	ADHFE1	cg04481096	HOXA2	between_gene	0			
CMCBSN	cg20295442	ADHFE1	cg19598584	HOXA2	between_gene	0			
CMCBSN	cg20295442	ADHFE1	cg09871315	HOXA2	between_gene	0			
CMCBSN	cg20295442	ADHFE1	cg13661519	HOXA2	between_gene	0			
CMCBSN	cg20295442	ADHFE1	cg02803819	HOXA2	between_gene	0			
CMCBSN	cg20295442	ADHFE1	cg03763508	HOXA2	between_gene	0			
CMCBSN	cg20295442	ADHFE1	cg00188704	HOXA2	between_gene	0			
CMCBSN	cg20295442	ADHFE1	cg06786372	HOXA2	between_gene	0			
CMCBSN	cg20295442	ADHFE1	cg19236679	GFRA1	between_gene	0			
CMCBSN	cg20295442	ADHFE1	cg06298519	GFRA1	between_gene	0			
CMCBSN	cg20295442	ADHFE1	cg19485539	GFRA1	between_gene	0			
CMCBSN	cg20295442	ADHFE1	cg18672939	GFRA1	between_gene	0			
CMCBSN	cg20295442	ADHFE1	cg27034576	GFRA1	between_gene	0			
CMCBSN	cg20295442	ADHFE1	cg18044663	GFRA1	between_gene	0			
CMCBSN	cg20295442	ADHFE1	cg15701178	UNC5C	between_gene	0			
CMCBSN	cg20295442	ADHFE1	cg03008707	UNC5C	between_gene	0			
CMCBSN	cg20295442	ADHFE1	cg24870497	UNC5C	between_gene	0			
CMCBSN	cg20295442	ADHFE1	cg13265789	UNC5C	between_gene	0			
CMCBSN	cg20295442	ADHFE1	cg12584684	UNC5C	between_gene	0			
CMCBSN	cg20295442	ADHFE1	cg08327106	RALYL	between_gene	0			
CMCBSN	cg20295442	ADHFE1	cg09757712	RALYL	between_gene	0			
CMCBSN	cg20295442	ADHFE1	cg11089595	RALYL	between_gene	0			
CMCBSN	cg20295442	ADHFE1	cg01134282	RALYL	between_gene	0			
CMCBSN	cg20295442	ADHFE1	cg06955749	RALYL	between_gene	0			
CMCBSN	cg20295442	ADHFE1	cg11666087	BEND5	between_gene	0			
CMCBSN	cg20295442	ADHFE1	cg16573178	BEND5	between_gene	0			
CMCBSN	cg20295442	ADHFE1	cg06744574	BEND5	between_gene	0			
CMCBSN	cg20295442	ADHFE1	cg03603214	BEND5	between_gene	0			
CMCBSN	cg19283840	ADHFE1	cg25046651	ADHFE1	within_gene	0			
CMCBSN	cg19283840	ADHFE1	cg01588438	ADHFE1	within_gene	0			
CMCBSN	cg19283840	ADHFE1	cg08090772	ADHFE1	within_gene	0			
CMCBSN	cg19283840	ADHFE1	cg09383816	ADHFE1	within_gene	0			
CMCBSN	cg19283840	ADHFE1	cg20912169	ADHFE1	within_gene	0			
CMCBSN	cg19283840	ADHFE1	cg18065361	ADHFE1	within_gene	0			
CMCBSN	cg19283840	ADHFE1	cg04481096	HOXA2	between_gene	0			
CMCBSN	cg19283840	ADHFE1	cg19598584	HOXA2	between_gene	0			
CMCBSN	cg19283840	ADHFE1	cg09871315	HOXA2	between_gene	0			
CMCBSN	cg19283840	ADHFE1	cg13661519	HOXA2	between_gene	0			
CMCBSN	cg19283840	ADHFE1	cg02803819	HOXA2	between_gene	0			
CMCBSN	cg19283840	ADHFE1	cg03763508	HOXA2	between_gene	0			
CMCBSN	cg19283840	ADHFE1	cg00188704	HOXA2	between_gene	0			
CMCBSN	cg19283840	ADHFE1	cg06786372	HOXA2	between_gene	0			
CMCBSN	cg19283840	ADHFE1	cg19236679	GFRA1	between_gene	0			
CMCBSN	cg19283840	ADHFE1	cg06298519	GFRA1	between_gene	0			
CMCBSN	cg19283840	ADHFE1	cg19485539	GFRA1	between_gene	0			
CMCBSN	cg19283840	ADHFE1	cg18672939	GFRA1	between_gene	0			
CMCBSN	cg19283840	ADHFE1	cg27034576	GFRA1	between_gene	0			
CMCBSN	cg19283840	ADHFE1	cg18044663	GFRA1	between_gene	0			
CMCBSN	cg19283840	ADHFE1	cg15701178	UNC5C	between_gene	0			
CMCBSN	cg19283840	ADHFE1	cg03008707	UNC5C	between_gene	0			
CMCBSN	cg19283840	ADHFE1	cg24870497	UNC5C	between_gene	0			
CMCBSN	cg19283840	ADHFE1	cg13265789	UNC5C	between_gene	0			
CMCBSN	cg19283840	ADHFE1	cg12584684	UNC5C	between_gene	0			
CMCBSN	cg19283840	ADHFE1	cg08327106	RALYL	between_gene	0			
CMCBSN	cg19283840	ADHFE1	cg09757712	RALYL	between_gene	0			
CMCBSN	cg19283840	ADHFE1	cg11089595	RALYL	between_gene	0			
CMCBSN	cg19283840	ADHFE1	cg01134282	RALYL	between_gene	0			
CMCBSN	cg19283840	ADHFE1	cg06955749	RALYL	between_gene	0			
CMCBSN	cg19283840	ADHFE1	cg11666087	BEND5	between_gene	0			
CMCBSN	cg19283840	ADHFE1	cg16573178	BEND5	between_gene	0			
CMCBSN	cg19283840	ADHFE1	cg06744574	BEND5	between_gene	0			
CMCBSN	cg19283840	ADHFE1	cg03603214	BEND5	between_gene	0			
CMCBSN	cg25046651	ADHFE1	cg01588438	ADHFE1	within_gene	103	0.965887624654044	4.4693367859796556e-61	1.0119855436825366e-59
CMCBSN	cg25046651	ADHFE1	cg08090772	ADHFE1	within_gene	0			
CMCBSN	cg25046651	ADHFE1	cg09383816	ADHFE1	within_gene	103	0.9586500021965472	6.201633394499716e-57	9.829588930282051e-56
CMCBSN	cg25046651	ADHFE1	cg20912169	ADHFE1	within_gene	103	0.9632407854852172	1.8230626912678673e-59	3.852739154212759e-58
CMCBSN	cg25046651	ADHFE1	cg18065361	ADHFE1	within_gene	103	0.9408579712691648	2.8124118650063677e-49	2.8759179393774786e-48
CMCBSN	cg25046651	ADHFE1	cg04481096	HOXA2	between_gene	103	0.782300224047797	1.7340371110431648e-22	1.77415796969083e-21
CMCBSN	cg25046651	ADHFE1	cg19598584	HOXA2	between_gene	0			
CMCBSN	cg25046651	ADHFE1	cg09871315	HOXA2	between_gene	0			
CMCBSN	cg25046651	ADHFE1	cg13661519	HOXA2	between_gene	103	0.5908272196107719	5.04608888019202e-11	1.415617837464621e-10
CMCBSN	cg25046651	ADHFE1	cg02803819	HOXA2	between_gene	103	0.651649606818082	9.032932459258497e-14	3.2686436596678794e-13
CMCBSN	cg25046651	ADHFE1	cg03763508	HOXA2	between_gene	103	0.6146817203356325	4.961853656670039e-12	1.5158637225119592e-11
CMCBSN	cg25046651	ADHFE1	cg00188704	HOXA2	between_gene	103	0.6004810437991477	2.019805860231356e-11	5.842210076877613e-11
CMCBSN	cg25046651	ADHFE1	cg06786372	HOXA2	between_gene	103	0.6103764881606116	7.650406876836506e-12	2.286358710385618e-11
CMCBSN	cg25046651	ADHFE1	cg19236679	GFRA1	between_gene	103	0.7177766550981857	1.4440884162879957e-17	7.373046336781567e-17
CMCBSN	cg25046651	ADHFE1	cg06298519	GFRA1	between_gene	103	0.7278478232218952	3.0550664789991613e-18	1.6709996737335038e-17
CMCBSN	cg25046651	ADHFE1	cg19485539	GFRA1	between_gene	103	0.7803013662522515	2.6060218441842187e-22	2.5950805310979488e-21
CMCBSN	cg25046651	ADHFE1	cg18672939	GFRA1	between_gene	103	0.7016979308526996	1.5066591719668896e-16	7.069916869894991e-16
CMCBSN	cg25046651	ADHFE1	cg27034576	GFRA1	between_gene	103	0.7603896674427799	1.210371007412798e-20	9.315215216342156e-20
CMCBSN	cg25046651	ADHFE1	cg18044663	GFRA1	between_gene	103	0.756754382111321	2.343357984526751e-20	1.731960618025579e-19
CMCBSN	cg25046651	ADHFE1	cg15701178	UNC5C	between_gene	103	0.6985568686025568	2.339379008747144e-16	1.0799957423612437e-15
CMCBSN	cg25046651	ADHFE1	cg03008707	UNC5C	between_gene	103	0.7811909677986206	2.1750454791816986e-22	2.1825744827634816e-21
CMCBSN	cg25046651	ADHFE1	cg24870497	UNC5C	between_gene	0			
CMCBSN	cg25046651	ADHFE1	cg13265789	UNC5C	between_gene	103	0.776742960066775	5.325986188741552e-22	4.980465220941473e-21
CMCBSN	cg25046651	ADHFE1	cg12584684	UNC5C	between_gene	103	0.7524711154065808	5.029409950661583e-20	3.5368545987267043e-19
CMCBSN	cg25046651	ADHFE1	cg08327106	RALYL	between_gene	0			
CMCBSN	cg25046651	ADHFE1	cg09757712	RALYL	between_gene	0			
CMCBSN	cg25046651	ADHFE1	cg11089595	RALYL	between_gene	103	0.7818499319070421	1.901412053296784e-22	1.922784514360973e-21
CMCBSN	cg25046651	ADHFE1	cg01134282	RALYL	between_gene	0			
CMCBSN	cg25046651	ADHFE1	cg06955749	RALYL	between_gene	103	0.5822387207310109	1.1113262493891923e-10	3.061721419911725e-10
CMCBSN	cg25046651	ADHFE1	cg11666087	BEND5	between_gene	103	0.6932851557351843	4.834205066728191e-16	2.130479901873961e-15
CMCBSN	cg25046651	ADHFE1	cg16573178	BEND5	between_gene	103	0.7223894038571367	7.14995193069021e-18	3.768530219630456e-17
CMCBSN	cg25046651	ADHFE1	cg06744574	BEND5	between_gene	103	0.7335478627597417	1.2295811253374445e-18	7.050499243967895e-18
CMCBSN	cg25046651	ADHFE1	cg03603214	BEND5	between_gene	103	0.5396806220621184	4.041867145903039e-09	9.995479984512822e-09
CMCBSN	cg01588438	ADHFE1	cg08090772	ADHFE1	within_gene	0			
CMCBSN	cg01588438	ADHFE1	cg09383816	ADHFE1	within_gene	103	0.9867108904801652	1.573052242946699e-81	4.986575610141036e-79
CMCBSN	cg01588438	ADHFE1	cg20912169	ADHFE1	within_gene	103	0.9750032948205422	8.48661580041406e-68	2.989174676368063e-66
CMCBSN	cg01588438	ADHFE1	cg18065361	ADHFE1	within_gene	103	0.974695778236612	1.5617789108008156e-67	4.950839147238585e-66
CMCBSN	cg01588438	ADHFE1	cg04481096	HOXA2	between_gene	103	0.8012893731054782	2.882212993489092e-24	4.177607611118356e-23
CMCBSN	cg01588438	ADHFE1	cg19598584	HOXA2	between_gene	0			
CMCBSN	cg01588438	ADHFE1	cg09871315	HOXA2	between_gene	0			
CMCBSN	cg01588438	ADHFE1	cg13661519	HOXA2	between_gene	103	0.6168672846285639	3.972720010656271e-12	1.2208276216492591e-11
CMCBSN	cg01588438	ADHFE1	cg02803819	HOXA2	between_gene	103	0.6760532442999605	4.66983510531324e-15	1.8801851527410863e-14
CMCBSN	cg01588438	ADHFE1	cg03763508	HOXA2	between_gene	103	0.6248517330756052	1.7374605650128724e-12	5.4879353681823046e-12
CMCBSN	cg01588438	ADHFE1	cg00188704	HOXA2	between_gene	103	0.6110903659447349	7.12361875249218e-12	2.1386157335285488e-11
CMCBSN	cg01588438	ADHFE1	cg06786372	HOXA2	between_gene	103	0.6306615999648553	9.376647427154345e-13	3.061786375149647e-12
CMCBSN	cg01588438	ADHFE1	cg19236679	GFRA1	between_gene	103	0.7450687519219787	1.8158899657798217e-19	1.1548744458004212e-18
CMCBSN	cg01588438	ADHFE1	cg06298519	GFRA1	between_gene	103	0.7737556561085974	9.607931154460176e-22	8.584620678762533e-21
CMCBSN	cg01588438	ADHFE1	cg19485539	GFRA1	between_gene	103	0.8223652418398278	1.7574950827655574e-26	4.495396736211117e-25
CMCBSN	cg01588438	ADHFE1	cg18672939	GFRA1	between_gene	103	0.744069323024206	2.1522948492422618e-19	1.3530933160657977e-18
CMCBSN	cg01588438	ADHFE1	cg27034576	GFRA1	between_gene	103	0.8024315775600757	2.2212552998446463e-24	3.311574329882675e-23
CMCBSN	cg01588438	ADHFE1	cg18044663	GFRA1	between_gene	103	0.7876048851205905	5.759205245223907e-23	6.366850205419139e-22
CMCBSN	cg01588438	ADHFE1	cg15701178	UNC5C	between_gene	103	0.7451785792733823	1.782203900101145e-19	1.1396495037656585e-18
CMCBSN	cg01588438	ADHFE1	cg03008707	UNC5C	between_gene	103	0.8244299960462153	1.0286086788781396e-26	2.854936216162836e-25
CMCBSN	cg01588438	ADHFE1	cg24870497	UNC5C	between_gene	0			
CMCBSN	cg01588438	ADHFE1	cg13265789	UNC5C	between_gene	103	0.8037934367174802	1.6245995895204055e-24	2.5080356976678925e-23
CMCBSN	cg01588438	ADHFE1	cg12584684	UNC5C	between_gene	103	0.7962592804111936	8.898463594224142e-24	1.1436498284399405e-22
CMCBSN	cg01588438	ADHFE1	cg08327106	RALYL	between_gene	0			
CMCBSN	cg01588438	ADHFE1	cg09757712	RALYL	between_gene	0			
CMCBSN	cg01588438	ADHFE1	cg11089595	RALYL	between_gene	103	0.8079888415410974	6.1017768704640325e-25	1.0404925395451413e-23
CMCBSN	cg01588438	ADHFE1	cg01134282	RALYL	between_gene	0			
CMCBSN	cg01588438	ADHFE1	cg06955749	RALYL	between_gene	103	0.6331107499011553	7.201746741148314e-13	2.3783996516020193e-12
CMCBSN	cg01588438	ADHFE1	cg11666087	BEND5	between_gene	103	0.7390502130650618	4.9943816370834e-19	3.009316787794593e-18
CMCBSN	cg01588438	ADHFE1	cg16573178	BEND5	between_gene	103	0.7646729341475201	5.4733886306953145e-21	4.4210745936483214e-20
CMCBSN	cg01588438	ADHFE1	cg06744574	BEND5	between_gene	103	0.7637064534551686	6.55634660994359e-21	5.199242646000859e-20
CMCBSN	cg01588438	ADHFE1	cg03603214	BEND5	between_gene	103	0.6054342573474499	1.2476108728898903e-11	3.661436183767969e-11
CMCBSN	cg08090772	ADHFE1	cg09383816	ADHFE1	within_gene	0			
CMCBSN	cg08090772	ADHFE1	cg20912169	ADHFE1	within_gene	0			
CMCBSN	cg08090772	ADHFE1	cg18065361	ADHFE1	within_gene	0			
CMCBSN	cg08090772	ADHFE1	cg04481096	HOXA2	between_gene	0			
CMCBSN	cg08090772	ADHFE1	cg19598584	HOXA2	between_gene	0			
CMCBSN	cg08090772	ADHFE1	cg09871315	HOXA2	between_gene	0			
CMCBSN	cg08090772	ADHFE1	cg13661519	HOXA2	between_gene	0			
CMCBSN	cg08090772	ADHFE1	cg02803819	HOXA2	between_gene	0			
CMCBSN	cg08090772	ADHFE1	cg03763508	HOXA2	between_gene	0			
CMCBSN	cg08090772	ADHFE1	cg00188704	HOXA2	between_gene	0			
CMCBSN	cg08090772	ADHFE1	cg06786372	HOXA2	between_gene	0			
CMCBSN	cg08090772	ADHFE1	cg19236679	GFRA1	between_gene	0			
CMCBSN	cg08090772	ADHFE1	cg06298519	GFRA1	between_gene	0			
CMCBSN	cg08090772	ADHFE1	cg19485539	GFRA1	between_gene	0			
CMCBSN	cg08090772	ADHFE1	cg18672939	GFRA1	between_gene	0			
CMCBSN	cg08090772	ADHFE1	cg27034576	GFRA1	between_gene	0			
CMCBSN	cg08090772	ADHFE1	cg18044663	GFRA1	between_gene	0			
CMCBSN	cg08090772	ADHFE1	cg15701178	UNC5C	between_gene	0			
CMCBSN	cg08090772	ADHFE1	cg03008707	UNC5C	between_gene	0			
CMCBSN	cg08090772	ADHFE1	cg24870497	UNC5C	between_gene	0			
CMCBSN	cg08090772	ADHFE1	cg13265789	UNC5C	between_gene	0			
CMCBSN	cg08090772	ADHFE1	cg12584684	UNC5C	between_gene	0			
CMCBSN	cg08090772	ADHFE1	cg08327106	RALYL	between_gene	0			
CMCBSN	cg08090772	ADHFE1	cg09757712	RALYL	between_gene	0			
CMCBSN	cg08090772	ADHFE1	cg11089595	RALYL	between_gene	0			
CMCBSN	cg08090772	ADHFE1	cg01134282	RALYL	between_gene	0			
CMCBSN	cg08090772	ADHFE1	cg06955749	RALYL	between_gene	0			
CMCBSN	cg08090772	ADHFE1	cg11666087	BEND5	between_gene	0			
CMCBSN	cg08090772	ADHFE1	cg16573178	BEND5	between_gene	0			
CMCBSN	cg08090772	ADHFE1	cg06744574	BEND5	between_gene	0			
CMCBSN	cg08090772	ADHFE1	cg03603214	BEND5	between_gene	0			
CMCBSN	cg09383816	ADHFE1	cg20912169	ADHFE1	within_gene	103	0.968029258006414	1.7829481502524795e-62	4.709954696916967e-61
CMCBSN	cg09383816	ADHFE1	cg18065361	ADHFE1	within_gene	103	0.9798466810174408	1.8062057840215136e-72	9.54278722558033e-71
CMCBSN	cg09383816	ADHFE1	cg04481096	HOXA2	between_gene	103	0.8030466107279357	1.9291998230314403e-24	2.909411756236432e-23
CMCBSN	cg09383816	ADHFE1	cg19598584	HOXA2	between_gene	0			
CMCBSN	cg09383816	ADHFE1	cg09871315	HOXA2	between_gene	0			
CMCBSN	cg09383816	ADHFE1	cg13661519	HOXA2	between_gene	103	0.612254535869613	6.338789972758685e-12	1.9118963050783132e-11
CMCBSN	cg09383816	ADHFE1	cg02803819	HOXA2	between_gene	103	0.6711878926327813	8.619831385192985e-15	3.417802444372112e-14
CMCBSN	cg09383816	ADHFE1	cg03763508	HOXA2	between_gene	103	0.6214141369766727	2.4877297606538337e-12	7.75446469001894e-12
CMCBSN	cg09383816	ADHFE1	cg00188704	HOXA2	between_gene	103	0.6057527566665203	1.2092098094204567e-11	3.5527346765517696e-11
CMCBSN	cg09383816	ADHFE1	cg06786372	HOXA2	between_gene	103	0.630529807143171	9.51012505285486e-13	3.1014895328622912e-12
CMCBSN	cg09383816	ADHFE1	cg19236679	GFRA1	between_gene	103	0.734470412511532	1.0588421498342408e-18	6.13893148648341e-18
CMCBSN	cg09383816	ADHFE1	cg06298519	GFRA1	between_gene	103	0.7713614198479989	1.531738212269708e-21	1.3365568547865111e-20
CMCBSN	cg09383816	ADHFE1	cg19485539	GFRA1	between_gene	103	0.8166102886262796	7.546797443912318e-26	1.6272392174518379e-24
CMCBSN	cg09383816	ADHFE1	cg18672939	GFRA1	between_gene	103	0.7321091244563547	1.5505135132898916e-18	8.851837540860672e-18
CMCBSN	cg09383816	ADHFE1	cg27034576	GFRA1	between_gene	103	0.7989061195800202	4.9365271992071335e-24	6.850744395069899e-23
CMCBSN	cg09383816	ADHFE1	cg18044663	GFRA1	between_gene	103	0.7846724948381146	1.0632935431814175e-22	1.1322991241470689e-21
CMCBSN	cg09383816	ADHFE1	cg15701178	UNC5C	between_gene	103	0.7226749549707859	6.842306780651468e-18	3.613679836178073e-17
CMCBSN	cg09383816	ADHFE1	cg03008707	UNC5C	between_gene	103	0.8159952554584193	8.791921611501748e-26	1.849848668097424e-24
CMCBSN	cg09383816	ADHFE1	cg24870497	UNC5C	between_gene	0			
CMCBSN	cg09383816	ADHFE1	cg13265789	UNC5C	between_gene	103	0.7900430523217502	3.433470163448198e-23	3.920941666067082e-22
CMCBSN	cg09383816	ADHFE1	cg12584684	UNC5C	between_gene	103	0.7846065984272724	1.077927302051968e-22	1.1385879882808037e-21
CMCBSN	cg09383816	ADHFE1	cg08327106	RALYL	between_gene	0			
CMCBSN	cg09383816	ADHFE1	cg09757712	RALYL	between_gene	0			
CMCBSN	cg09383816	ADHFE1	cg11089595	RALYL	between_gene	103	0.7902956552299786	3.253050786340964e-23	3.7720931118060336e-22
CMCBSN	cg09383816	ADHFE1	cg01134282	RALYL	between_gene	0			
CMCBSN	cg09383816	ADHFE1	cg06955749	RALYL	between_gene	103	0.6124851733075605	6.1935340342440055e-12	1.8745858811302335e-11
CMCBSN	cg09383816	ADHFE1	cg11666087	BEND5	between_gene	103	0.7396652462329218	4.5095746951817455e-19	2.723490828641012e-18
CMCBSN	cg09383816	ADHFE1	cg16573178	BEND5	between_gene	103	0.7667267056187672	3.718711640333002e-21	3.0997184248015344e-20
CMCBSN	cg09383816	ADHFE1	cg06744574	BEND5	between_gene	103	0.7514277555682467	6.04350830261493e-20	4.171299778180517e-19
CMCBSN	cg09383816	ADHFE1	cg03603214	BEND5	between_gene	103	0.596944603083952	2.8347394119321038e-11	8.127291346956989e-11
CMCBSN	cg20912169	ADHFE1	cg18065361	ADHFE1	within_gene	103	0.9606818081975136	5.120430503293502e-58	1.0144852934650253e-56
CMCBSN	cg20912169	ADHFE1	cg04481096	HOXA2	between_gene	103	0.776347581601722	5.761548784209825e-22	5.349423764414034e-21
CMCBSN	cg20912169	ADHFE1	cg19598584	HOXA2	between_gene	0			
CMCBSN	cg20912169	ADHFE1	cg09871315	HOXA2	between_gene	0			
CMCBSN	cg20912169	ADHFE1	cg13661519	HOXA2	between_gene	103	0.6016232482537451	1.8087553506241603e-11	5.260917179240172e-11
CMCBSN	cg20912169	ADHFE1	cg02803819	HOXA2	between_gene	103	0.671912753152045	7.873321244646065e-15	3.140901395608804e-14
CMCBSN	cg20912169	ADHFE1	cg03763508	HOXA2	between_gene	103	0.6297390502130651	1.035039396625409e-12	3.3545562556468212e-12
CMCBSN	cg20912169	ADHFE1	cg00188704	HOXA2	between_gene	103	0.6140337389623512	5.298199729329871e-12	1.6110726216575332e-11
CMCBSN	cg20912169	ADHFE1	cg06786372	HOXA2	between_gene	103	0.6287725695207134	1.1475108042774425e-12	3.69611813377759e-12
CMCBSN	cg20912169	ADHFE1	cg19236679	GFRA1	between_gene	103	0.7288911830602294	2.5907014261296297e-18	1.4350615755354998e-17
CMCBSN	cg20912169	ADHFE1	cg06298519	GFRA1	between_gene	103	0.7570069850195493	2.2390531346123215e-20	1.6595709171032808e-19
CMCBSN	cg20912169	ADHFE1	cg19485539	GFRA1	between_gene	103	0.8069125334973423	7.862360459631115e-25	1.2820561524485986e-23
CMCBSN	cg20912169	ADHFE1	cg18672939	GFRA1	between_gene	103	0.7248605192637174	4.8777340621705896e-18	2.6185201992187378e-17
CMCBSN	cg20912169	ADHFE1	cg27034576	GFRA1	between_gene	103	0.7917343935333656	2.388659489836681e-23	2.8327330040835915e-22
CMCBSN	cg20912169	ADHFE1	cg18044663	GFRA1	between_gene	103	0.7849470632166234	1.0043757019036644e-22	1.07836057871056e-21
CMCBSN	cg20912169	ADHFE1	cg15701178	UNC5C	between_gene	103	0.7292645960550016	2.4418015866704717e-18	1.358349752584917e-17
CMCBSN	cg20912169	ADHFE1	cg03008707	UNC5C	between_gene	103	0.810448974212538	3.3976610245872316e-25	6.1989493798238375e-24
CMCBSN	cg20912169	ADHFE1	cg24870497	UNC5C	between_gene	0			
CMCBSN	cg20912169	ADHFE1	cg13265789	UNC5C	between_gene	103	0.7911742740412072	2.694638547586521e-23	3.1668071939879426e-22
CMCBSN	cg20912169	ADHFE1	cg12584684	UNC5C	between_gene	103	0.7768088564776171	5.256581369807994e-22	4.933244889866567e-21
CMCBSN	cg20912169	ADHFE1	cg08327106	RALYL	between_gene	0			
CMCBSN	cg20912169	ADHFE1	cg09757712	RALYL	between_gene	0			
CMCBSN	cg20912169	ADHFE1	cg11089595	RALYL	between_gene	103	0.7889008478671529	4.378584142266193e-23	4.902886706940987e-22
CMCBSN	cg20912169	ADHFE1	cg01134282	RALYL	between_gene	0			
CMCBSN	cg20912169	ADHFE1	cg06955749	RALYL	between_gene	103	0.6136054122918772	5.5324987147326786e-12	1.68035962127329e-11
CMCBSN	cg20912169	ADHFE1	cg11666087	BEND5	between_gene	103	0.7304068005095989	2.036160564155517e-18	1.1449014896296865e-17
CMCBSN	cg20912169	ADHFE1	cg16573178	BEND5	between_gene	103	0.7527896147256513	4.75430106004481e-20	3.3706444200154645e-19
CMCBSN	cg20912169	ADHFE1	cg06744574	BEND5	between_gene	103	0.7525479945525634	4.9616193416831163e-20	3.4986121249868237e-19
CMCBSN	cg20912169	ADHFE1	cg03603214	BEND5	between_gene	103	0.5901243245617889	5.3876080090966775e-11	1.5064927385595309e-10
CMCBSN	cg18065361	ADHFE1	cg04481096	HOXA2	between_gene	103	0.7790273689759698	3.3711459622219214e-22	3.306511208810899e-21
CMCBSN	cg18065361	ADHFE1	cg19598584	HOXA2	between_gene	0			
CMCBSN	cg18065361	ADHFE1	cg09871315	HOXA2	between_gene	0			
CMCBSN	cg18065361	ADHFE1	cg13661519	HOXA2	between_gene	103	0.589487325923648	5.7162572892168256e-11	1.593345648244305e-10
CMCBSN	cg18065361	ADHFE1	cg02803819	HOXA2	between_gene	103	0.6663005754953213	1.5772344188853613e-14	6.114419909170739e-14
CMCBSN	cg18065361	ADHFE1	cg03763508	HOXA2	between_gene	103	0.6154614945305978	4.5843711174878195e-12	1.402183381656005e-11
CMCBSN	cg18065361	ADHFE1	cg00188704	HOXA2	between_gene	103	0.5941769538285815	3.6852822824364775e-11	1.0496617330651495e-10
CMCBSN	cg18065361	ADHFE1	cg06786372	HOXA2	between_gene	103	0.6188551596889689	3.240525278845568e-12	1.0029098994671516e-11
CMCBSN	cg18065361	ADHFE1	cg19236679	GFRA1	between_gene	103	0.7365571321882002	7.533117205893826e-19	4.47697102281936e-18
CMCBSN	cg18065361	ADHFE1	cg06298519	GFRA1	between_gene	103	0.7711197996749112	1.605053032892196e-21	1.3958611209385794e-20
CMCBSN	cg18065361	ADHFE1	cg19485539	GFRA1	between_gene	103	0.8200259192549313	3.1979137878800884e-26	7.725330622758473e-25
CMCBSN	cg18065361	ADHFE1	cg18672939	GFRA1	between_gene	103	0.7544809559372666	3.5215176870893653e-20	2.538022001551424e-19
CMCBSN	cg18065361	ADHFE1	cg27034576	GFRA1	between_gene	103	0.8084501164169925	5.4709076259554115e-25	9.452713904713689e-24
CMCBSN	cg18065361	ADHFE1	cg18044663	GFRA1	between_gene	103	0.7953806615999649	1.0800063236283397e-23	1.36122536151997e-22
CMCBSN	cg18065361	ADHFE1	cg15701178	UNC5C	between_gene	103	0.7435311690023284	2.357791675811514e-19	1.4681332893060237e-18
CMCBSN	cg18065361	ADHFE1	cg03008707	UNC5C	between_gene	103	0.8206080042173702	2.757603892278804e-26	6.78734769335415e-25
CMCBSN	cg18065361	ADHFE1	cg24870497	UNC5C	between_gene	0			
CMCBSN	cg18065361	ADHFE1	cg13265789	UNC5C	between_gene	103	0.8034090409875676	1.7750036420065377e-24	2.7241085305853277e-23
CMCBSN	cg18065361	ADHFE1	cg12584684	UNC5C	between_gene	103	0.7978517770065457	6.248980515221147e-24	8.401856800196791e-23
CMCBSN	cg18065361	ADHFE1	cg08327106	RALYL	between_gene	0			
CMCBSN	cg18065361	ADHFE1	cg09757712	RALYL	between_gene	0			
CMCBSN	cg18065361	ADHFE1	cg11089595	RALYL	between_gene	103	0.7752163598822651	7.208287634909532e-22	6.5756721816360026e-21
CMCBSN	cg18065361	ADHFE1	cg01134282	RALYL	between_gene	0			
CMCBSN	cg18065361	ADHFE1	cg06955749	RALYL	between_gene	103	0.6027434872380618	1.6225090011752638e-11	4.729749702867334e-11
CMCBSN	cg18065361	ADHFE1	cg11666087	BEND5	between_gene	103	0.7518780477090014	5.583539817171781e-20	3.8950415462569983e-19
CMCBSN	cg18065361	ADHFE1	cg16573178	BEND5	between_gene	103	0.7788845934191451	3.469449683204974e-22	3.377535158015588e-21
CMCBSN	cg18065361	ADHFE1	cg06744574	BEND5	between_gene	103	0.7583798269120943	1.746517103848953e-20	1.3169546600988205e-19
CMCBSN	cg18065361	ADHFE1	cg03603214	BEND5	between_gene	103	0.6485195273030795	1.2954293106927318e-13	4.592085695105078e-13
CMCBSN	cg04481096	HOXA2	cg19598584	HOXA2	within_gene	0			
CMCBSN	cg04481096	HOXA2	cg09871315	HOXA2	within_gene	0			
CMCBSN	cg04481096	HOXA2	cg13661519	HOXA2	within_gene	103	0.7271009972323508	3.4361415761651963e-18	7.21362171949912e-18
CMCBSN	cg04481096	HOXA2	cg02803819	HOXA2	within_gene	103	0.7516693757413346	5.792295517162873e-20	1.2840263489095318e-19
CMCBSN	cg04481096	HOXA2	cg03763508	HOXA2	within_gene	103	0.7405768132495717	3.874167490434572e-19	8.41171982512164e-19
CMCBSN	cg04481096	HOXA2	cg00188704	HOXA2	within_gene	103	0.703938408821333	1.0969639610740418e-16	2.287747208292574e-16
CMCBSN	cg04481096	HOXA2	cg06786372	HOXA2	within_gene	103	0.7513398936871238	6.137461303449393e-20	1.3510939119399012e-19
CMCBSN	cg04481096	HOXA2	cg19236679	GFRA1	between_gene	103	0.6438848130738479	2.1925768880257187e-13	7.606958910716887e-13
CMCBSN	cg04481096	HOXA2	cg06298519	GFRA1	between_gene	103	0.6712208408382023	8.584459340845537e-15	3.4141546372356717e-14
CMCBSN	cg04481096	HOXA2	cg19485539	GFRA1	between_gene	103	0.7043447700215262	1.0352791326942519e-16	4.956042673760189e-16
CMCBSN	cg04481096	HOXA2	cg18672939	GFRA1	between_gene	103	0.6120897948425076	6.444551204480296e-12	1.9415512808878857e-11
CMCBSN	cg04481096	HOXA2	cg27034576	GFRA1	between_gene	103	0.7030158590695427	1.2505412511739182e-16	5.942918259221771e-16
CMCBSN	cg04481096	HOXA2	cg18044663	GFRA1	between_gene	103	0.6593704696217546	3.6445877156198375e-14	1.362282141841283e-13
CMCBSN	cg04481096	HOXA2	cg15701178	UNC5C	between_gene	103	0.6297061020076441	1.0386918363333285e-12	3.3622171228209108e-12
CMCBSN	cg04481096	HOXA2	cg03008707	UNC5C	between_gene	103	0.7308131617097923	1.908295253095717e-18	1.079987487055689e-17
CMCBSN	cg04481096	HOXA2	cg24870497	UNC5C	between_gene	0			
CMCBSN	cg04481096	HOXA2	cg13265789	UNC5C	between_gene	103	0.694954531476519	3.84801035573207e-16	1.72499295843728e-15
CMCBSN	cg04481096	HOXA2	cg12584684	UNC5C	between_gene	103	0.6850920353204762	1.449029351121387e-15	6.097608995283385e-15
CMCBSN	cg04481096	HOXA2	cg08327106	RALYL	between_gene	0			
CMCBSN	cg04481096	HOXA2	cg09757712	RALYL	between_gene	0			
CMCBSN	cg04481096	HOXA2	cg11089595	RALYL	between_gene	103	0.6363836049729825	5.042967151977763e-13	1.6976904902593522e-12
CMCBSN	cg04481096	HOXA2	cg01134282	RALYL	between_gene	0			
CMCBSN	cg04481096	HOXA2	cg06955749	RALYL	between_gene	103	0.5012959627465625	6.909520549632818e-08	1.566198011641357e-07
CMCBSN	cg04481096	HOXA2	cg11666087	BEND5	between_gene	103	0.6089377498572246	8.828643041371313e-12	2.6204698173990623e-11
CMCBSN	cg04481096	HOXA2	cg16573178	BEND5	between_gene	103	0.6410512674076353	3.0113884500788146e-13	1.0324195093634199e-12
CMCBSN	cg04481096	HOXA2	cg06744574	BEND5	between_gene	103	0.6141655317840354	5.22805515693205e-12	1.5915981218711457e-11
CMCBSN	cg04481096	HOXA2	cg03603214	BEND5	between_gene	103	0.4934652725914862	1.1825473880152139e-07	2.632479637655028e-07
CMCBSN	cg19598584	HOXA2	cg09871315	HOXA2	within_gene	0			
CMCBSN	cg19598584	HOXA2	cg13661519	HOXA2	within_gene	0			
CMCBSN	cg19598584	HOXA2	cg02803819	HOXA2	within_gene	0			
CMCBSN	cg19598584	HOXA2	cg03763508	HOXA2	within_gene	0			
CMCBSN	cg19598584	HOXA2	cg00188704	HOXA2	within_gene	0			
CMCBSN	cg19598584	HOXA2	cg06786372	HOXA2	within_gene	0			
CMCBSN	cg19598584	HOXA2	cg19236679	GFRA1	between_gene	0			
CMCBSN	cg19598584	HOXA2	cg06298519	GFRA1	between_gene	0			
CMCBSN	cg19598584	HOXA2	cg19485539	GFRA1	between_gene	0			
CMCBSN	cg19598584	HOXA2	cg18672939	GFRA1	between_gene	0			
CMCBSN	cg19598584	HOXA2	cg27034576	GFRA1	between_gene	0			
CMCBSN	cg19598584	HOXA2	cg18044663	GFRA1	between_gene	0			
CMCBSN	cg19598584	HOXA2	cg15701178	UNC5C	between_gene	0			
CMCBSN	cg19598584	HOXA2	cg03008707	UNC5C	between_gene	0			
CMCBSN	cg19598584	HOXA2	cg24870497	UNC5C	between_gene	0			
CMCBSN	cg19598584	HOXA2	cg13265789	UNC5C	between_gene	0			
CMCBSN	cg19598584	HOXA2	cg12584684	UNC5C	between_gene	0			
CMCBSN	cg19598584	HOXA2	cg08327106	RALYL	between_gene	0			
CMCBSN	cg19598584	HOXA2	cg09757712	RALYL	between_gene	0			
CMCBSN	cg19598584	HOXA2	cg11089595	RALYL	between_gene	0			
CMCBSN	cg19598584	HOXA2	cg01134282	RALYL	between_gene	0			
CMCBSN	cg19598584	HOXA2	cg06955749	RALYL	between_gene	0			
CMCBSN	cg19598584	HOXA2	cg11666087	BEND5	between_gene	0			
CMCBSN	cg19598584	HOXA2	cg16573178	BEND5	between_gene	0			
CMCBSN	cg19598584	HOXA2	cg06744574	BEND5	between_gene	0			
CMCBSN	cg19598584	HOXA2	cg03603214	BEND5	between_gene	0			
CMCBSN	cg09871315	HOXA2	cg13661519	HOXA2	within_gene	0			
CMCBSN	cg09871315	HOXA2	cg02803819	HOXA2	within_gene	0			
CMCBSN	cg09871315	HOXA2	cg03763508	HOXA2	within_gene	0			
CMCBSN	cg09871315	HOXA2	cg00188704	HOXA2	within_gene	0			
CMCBSN	cg09871315	HOXA2	cg06786372	HOXA2	within_gene	0			
CMCBSN	cg09871315	HOXA2	cg19236679	GFRA1	between_gene	0			
CMCBSN	cg09871315	HOXA2	cg06298519	GFRA1	between_gene	0			
CMCBSN	cg09871315	HOXA2	cg19485539	GFRA1	between_gene	0			
CMCBSN	cg09871315	HOXA2	cg18672939	GFRA1	between_gene	0			
CMCBSN	cg09871315	HOXA2	cg27034576	GFRA1	between_gene	0			
CMCBSN	cg09871315	HOXA2	cg18044663	GFRA1	between_gene	0			
CMCBSN	cg09871315	HOXA2	cg15701178	UNC5C	between_gene	0			
CMCBSN	cg09871315	HOXA2	cg03008707	UNC5C	between_gene	0			
CMCBSN	cg09871315	HOXA2	cg24870497	UNC5C	between_gene	0			
CMCBSN	cg09871315	HOXA2	cg13265789	UNC5C	between_gene	0			
CMCBSN	cg09871315	HOXA2	cg12584684	UNC5C	between_gene	0			
CMCBSN	cg09871315	HOXA2	cg08327106	RALYL	between_gene	0			
CMCBSN	cg09871315	HOXA2	cg09757712	RALYL	between_gene	0			
CMCBSN	cg09871315	HOXA2	cg11089595	RALYL	between_gene	0			
CMCBSN	cg09871315	HOXA2	cg01134282	RALYL	between_gene	0			
CMCBSN	cg09871315	HOXA2	cg06955749	RALYL	between_gene	0			
CMCBSN	cg09871315	HOXA2	cg11666087	BEND5	between_gene	0			
CMCBSN	cg09871315	HOXA2	cg16573178	BEND5	between_gene	0			
CMCBSN	cg09871315	HOXA2	cg06744574	BEND5	between_gene	0			
CMCBSN	cg09871315	HOXA2	cg03603214	BEND5	between_gene	0			
CMCBSN	cg13661519	HOXA2	cg02803819	HOXA2	within_gene	103	0.9522470676097176	7.603805088560117e-54	1.0043359221139822e-52
CMCBSN	cg13661519	HOXA2	cg03763508	HOXA2	within_gene	103	0.9126982383692837	4.812203223711112e-41	2.460432938574875e-40
CMCBSN	cg13661519	HOXA2	cg00188704	HOXA2	within_gene	103	0.9305122347669464	7.450184888694173e-46	5.02491193556607e-45
CMCBSN	cg13661519	HOXA2	cg06786372	HOXA2	within_gene	103	0.9358388613100206	1.5171947276651167e-47	1.173050557731322e-46
CMCBSN	cg13661519	HOXA2	cg19236679	GFRA1	between_gene	103	0.4952774238896455	1.04551539298235e-07	2.3354021064134855e-07
CMCBSN	cg13661519	HOXA2	cg06298519	GFRA1	between_gene	103	0.5533101963713043	1.3504869681818743e-09	3.454333823516186e-09
CMCBSN	cg13661519	HOXA2	cg19485539	GFRA1	between_gene	103	0.5691802486491235	3.535580250147682e-10	9.393410257266092e-10
CMCBSN	cg13661519	HOXA2	cg18672939	GFRA1	between_gene	103	0.5171001186135395	2.2400116752519124e-08	5.2555669610901445e-08
CMCBSN	cg13661519	HOXA2	cg27034576	GFRA1	between_gene	103	0.5789988138646049	1.4880444004466483e-10	4.031472316474876e-10
CMCBSN	cg13661519	HOXA2	cg18044663	GFRA1	between_gene	103	0.5103567192373589	3.6477241425470185e-08	8.407166332071707e-08
CMCBSN	cg13661519	HOXA2	cg15701178	UNC5C	between_gene	103	0.5156723630452928	2.4858333747507655e-08	5.8010190292707954e-08
CMCBSN	cg13661519	HOXA2	cg03008707	UNC5C	between_gene	103	0.6430501252031805	2.408240716812342e-13	8.333023912683554e-13
CMCBSN	cg13661519	HOXA2	cg24870497	UNC5C	between_gene	0			
CMCBSN	cg13661519	HOXA2	cg13265789	UNC5C	between_gene	103	0.5288077142731626	9.364147777359537e-09	2.2537879659714973e-08
CMCBSN	cg13661519	HOXA2	cg12584684	UNC5C	between_gene	103	0.556264552124061	1.0579071583349502e-09	2.730049234516207e-09
CMCBSN	cg13661519	HOXA2	cg08327106	RALYL	between_gene	0			
CMCBSN	cg13661519	HOXA2	cg09757712	RALYL	between_gene	0			
CMCBSN	cg13661519	HOXA2	cg11089595	RALYL	between_gene	103	0.458650002196547	1.1035297824457207e-06	2.3051314670943837e-06
CMCBSN	cg13661519	HOXA2	cg01134282	RALYL	between_gene	0			
CMCBSN	cg13661519	HOXA2	cg06955749	RALYL	between_gene	103	0.4386065105653912	3.5850491728230984e-06	7.335994738741541e-06
CMCBSN	cg13661519	HOXA2	cg11666087	BEND5	between_gene	103	0.4982757105829636	8.514315040178625e-08	1.9182942953217647e-07
CMCBSN	cg13661519	HOXA2	cg16573178	BEND5	between_gene	103	0.5063699863814085	4.8426403348521876e-08	1.1092580011966073e-07
CMCBSN	cg13661519	HOXA2	cg06744574	BEND5	between_gene	103	0.461461582392479	9.297562180213548e-07	1.9515156659836804e-06
CMCBSN	cg13661519	HOXA2	cg03603214	BEND5	between_gene	103	0.3734129947722181	0.0001023373970889	0.000198659426343
CMCBSN	cg02803819	HOXA2	cg03763508	HOXA2	within_gene	103	0.9363879980670388	9.965433582434513e-48	8.537952555761462e-47
CMCBSN	cg02803819	HOXA2	cg00188704	HOXA2	within_gene	103	0.9381891666300576	2.4440515793587294e-48	2.2787186784021097e-47
CMCBSN	cg02803819	HOXA2	cg06786372	HOXA2	within_gene	103	0.9521482229934544	8.420053888807634e-54	1.067662833100808e-52
CMCBSN	cg02803819	HOXA2	cg19236679	GFRA1	between_gene	103	0.532300224047797	7.172419233935175e-09	1.7456009124381412e-08
CMCBSN	cg02803819	HOXA2	cg06298519	GFRA1	between_gene	103	0.5812832227737996	1.2116407381632755e-10	3.320557443138641e-10
CMCBSN	cg02803819	HOXA2	cg19485539	GFRA1	between_gene	103	0.6067741510345737	1.0935994143189296e-11	3.227602796332677e-11
CMCBSN	cg02803819	HOXA2	cg18672939	GFRA1	between_gene	103	0.5481812590607565	2.05188058544686e-09	5.187360898673312e-09
CMCBSN	cg02803819	HOXA2	cg27034576	GFRA1	between_gene	103	0.614637789395071	4.983989873927935e-12	1.5208455650383605e-11
CMCBSN	cg02803819	HOXA2	cg18044663	GFRA1	between_gene	103	0.55103677019725	1.6270143368846542e-09	4.145391020441468e-09
CMCBSN	cg02803819	HOXA2	cg15701178	UNC5C	between_gene	103	0.5661380310152441	4.5964844632033056e-10	1.2187223541155919e-09
CMCBSN	cg02803819	HOXA2	cg03008707	UNC5C	between_gene	103	0.6701664982647279	9.789184022671135e-15	3.8521841802637994e-14
CMCBSN	cg02803819	HOXA2	cg24870497	UNC5C	between_gene	0			
CMCBSN	cg02803819	HOXA2	cg13265789	UNC5C	between_gene	103	0.5828098229583095	1.0552379161685434e-10	2.9102703205959084e-10
CMCBSN	cg02803819	HOXA2	cg12584684	UNC5C	between_gene	103	0.6070487194130827	1.0643871936564238e-11	3.1449447205544846e-11
CMCBSN	cg02803819	HOXA2	cg08327106	RALYL	between_gene	0			
CMCBSN	cg02803819	HOXA2	cg09757712	RALYL	between_gene	0			
CMCBSN	cg02803819	HOXA2	cg11089595	RALYL	between_gene	103	0.4949479418354347	1.0692482788824857e-07	2.38637190727494e-07
CMCBSN	cg02803819	HOXA2	cg01134282	RALYL	between_gene	0			
CMCBSN	cg02803819	HOXA2	cg06955749	RALYL	between_gene	103	0.4149387163379168	1.3130591834122837e-05	2.6231021512424563e-05
CMCBSN	cg02803819	HOXA2	cg11666087	BEND5	between_gene	103	0.5438979923560163	2.89422710384393e-09	7.2258741760084346e-09
CMCBSN	cg02803819	HOXA2	cg16573178	BEND5	between_gene	103	0.5569015507622018	1.0033381444775274e-09	2.596933748950267e-09
CMCBSN	cg02803819	HOXA2	cg06744574	BEND5	between_gene	103	0.5156723630452928	2.4858333747507655e-08	5.8010190292707954e-08
CMCBSN	cg02803819	HOXA2	cg03603214	BEND5	between_gene	103	0.4317093528972455	5.28678727761315e-06	1.0742389413779368e-05
CMCBSN	cg03763508	HOXA2	cg00188704	HOXA2	within_gene	103	0.9597922066511444	1.5503888968600384e-57	2.5867014752875377e-56
CMCBSN	cg03763508	HOXA2	cg06786372	HOXA2	within_gene	103	0.966843122611255	1.0899175271372377e-61	2.6577219700192644e-60
CMCBSN	cg03763508	HOXA2	cg19236679	GFRA1	between_gene	103	0.5192088037604885	1.9190209749528105e-08	4.52278746490685e-08
CMCBSN	cg03763508	HOXA2	cg06298519	GFRA1	between_gene	103	0.5620304880727496	6.523439752058843e-10	1.7174222313947043e-09
CMCBSN	cg03763508	HOXA2	cg19485539	GFRA1	between_gene	103	0.5802618284057462	1.3284969692604195e-10	3.6217853634278315e-10
CMCBSN	cg03763508	HOXA2	cg18672939	GFRA1	between_gene	103	0.5035803716557572	5.8919649181783704e-08	1.3390362780076105e-07
CMCBSN	cg03763508	HOXA2	cg27034576	GFRA1	between_gene	103	0.5817225321794139	1.1644818509114528e-10	3.1980348937136627e-10
CMCBSN	cg03763508	HOXA2	cg18044663	GFRA1	between_gene	103	0.5311360541229188	7.841740516683603e-09	1.901403439407762e-08
CMCBSN	cg03763508	HOXA2	cg15701178	UNC5C	between_gene	103	0.5078416728902166	4.363531594848458e-08	1.0030355886308043e-07
CMCBSN	cg03763508	HOXA2	cg03008707	UNC5C	between_gene	103	0.631880683565435	8.224821878602786e-13	2.7025894560799324e-12
CMCBSN	cg03763508	HOXA2	cg24870497	UNC5C	between_gene	0			
CMCBSN	cg03763508	HOXA2	cg13265789	UNC5C	between_gene	103	0.5383736765804156	4.478454257652314e-09	1.103332120700178e-08
CMCBSN	cg03763508	HOXA2	cg12584684	UNC5C	between_gene	103	0.5665553749505777	4.4346568279019654e-10	1.1770111560525155e-09
CMCBSN	cg03763508	HOXA2	cg08327106	RALYL	between_gene	0			
CMCBSN	cg03763508	HOXA2	cg09757712	RALYL	between_gene	0			
CMCBSN	cg03763508	HOXA2	cg11089595	RALYL	between_gene	103	0.4758599481614901	3.773187510231835e-07	8.108934278578961e-07
CMCBSN	cg03763508	HOXA2	cg01134282	RALYL	between_gene	0			
CMCBSN	cg03763508	HOXA2	cg06955749	RALYL	between_gene	103	0.3873391029301937	5.298534243423169e-05	0.0001032402975436
CMCBSN	cg03763508	HOXA2	cg11666087	BEND5	between_gene	103	0.4911479154768704	1.3828327570019474e-07	3.065259696701853e-07
CMCBSN	cg03763508	HOXA2	cg16573178	BEND5	between_gene	103	0.5163862408294162	2.3598648468237545e-08	5.5218720944961215e-08
CMCBSN	cg03763508	HOXA2	cg06744574	BEND5	between_gene	103	0.4553551816544393	1.346323359135979e-06	2.801082650706355e-06
CMCBSN	cg03763508	HOXA2	cg03603214	BEND5	between_gene	103	0.4132803233317225	1.4329128441237434e-05	2.8516167889541163e-05
CMCBSN	cg00188704	HOXA2	cg06786372	HOXA2	within_gene	103	0.955926283881738	1.4529706381453031e-55	2.0025725751828743e-54
CMCBSN	cg00188704	HOXA2	cg19236679	GFRA1	between_gene	103	0.4956837850898388	1.0169359836147153e-07	2.2735098382611759e-07
CMCBSN	cg00188704	HOXA2	cg06298519	GFRA1	between_gene	103	0.5500812722400388	1.7587854493696984e-09	4.472389120278307e-09
CMCBSN	cg00188704	HOXA2	cg19485539	GFRA1	between_gene	103	0.5613495584940473	6.910075956236716e-10	1.8155476505359101e-09
CMCBSN	cg00188704	HOXA2	cg18672939	GFRA1	between_gene	103	0.5119162676272899	3.261765287889764e-08	7.550972170456428e-08
CMCBSN	cg00188704	HOXA2	cg27034576	GFRA1	between_gene	103	0.5652923604094364	4.941976032146779e-10	1.308996494200096e-09
CMCBSN	cg00188704	HOXA2	cg18044663	GFRA1	between_gene	103	0.4991653121293327	8.008013781186727e-08	1.8073449788162777e-07
CMCBSN	cg00188704	HOXA2	cg15701178	UNC5C	between_gene	103	0.5156394148398717	2.4917997706186817e-08	5.8097458458839496e-08
CMCBSN	cg00188704	HOXA2	cg03008707	UNC5C	between_gene	103	0.6634230988885473	2.2392296053415756e-14	8.553660381165697e-14
CMCBSN	cg00188704	HOXA2	cg24870497	UNC5C	between_gene	0			
CMCBSN	cg00188704	HOXA2	cg13265789	UNC5C	between_gene	103	0.518396081360102	2.0371473649459792e-08	4.7882139415712256e-08
CMCBSN	cg00188704	HOXA2	cg12584684	UNC5C	between_gene	103	0.5633593990247331	5.827885491856084e-10	1.5405221122849564e-09
CMCBSN	cg00188704	HOXA2	cg08327106	RALYL	between_gene	0			
CMCBSN	cg00188704	HOXA2	cg09757712	RALYL	between_gene	0			
CMCBSN	cg00188704	HOXA2	cg11089595	RALYL	between_gene	103	0.4609344111057417	9.602237886362742e-07	2.01384555028299e-06
CMCBSN	cg00188704	HOXA2	cg01134282	RALYL	between_gene	0			
CMCBSN	cg00188704	HOXA2	cg06955749	RALYL	between_gene	103	0.3996397662873963	2.8889352447691912e-05	5.6799035822176486e-05
CMCBSN	cg00188704	HOXA2	cg11666087	BEND5	between_gene	103	0.486216667398849	1.9217991806746544e-07	4.2240725041113514e-07
CMCBSN	cg00188704	HOXA2	cg16573178	BEND5	between_gene	103	0.5055133330404604	5.1442283193660914e-08	1.1773062881777309e-07
CMCBSN	cg00188704	HOXA2	cg06744574	BEND5	between_gene	103	0.4472828713262751	2.1725605146267064e-06	4.487894206382484e-06
CMCBSN	cg00188704	HOXA2	cg03603214	BEND5	between_gene	103	0.40250626015903	2.4994414373432544e-05	4.924285750713349e-05
CMCBSN	cg06786372	HOXA2	cg19236679	GFRA1	between_gene	103	0.5188463735008566	1.9708663343234853e-08	4.6366007811090837e-08
CMCBSN	cg06786372	HOXA2	cg06298519	GFRA1	between_gene	103	0.5584940473575539	8.78484682029854e-10	2.287391751912065e-09
CMCBSN	cg06786372	HOXA2	cg19485539	GFRA1	between_gene	103	0.5791196239511488	1.4720196175027632e-10	3.9922028919591566e-10
CMCBSN	cg06786372	HOXA2	cg18672939	GFRA1	between_gene	103	0.5024052189957388	6.396097678645375e-08	1.451079899442242e-07
CMCBSN	cg06786372	HOXA2	cg27034576	GFRA1	between_gene	103	0.5937156789526865	3.849093941215e-11	1.0951238923260564e-10
CMCBSN	cg06786372	HOXA2	cg18044663	GFRA1	between_gene	103	0.524052189957387	1.3398507644662998e-08	3.17788240408416e-08
CMCBSN	cg06786372	HOXA2	cg15701178	UNC5C	between_gene	103	0.527874181786232	1.0050791301071156e-08	2.4101575831336993e-08
CMCBSN	cg06786372	HOXA2	cg03008707	UNC5C	between_gene	103	0.6536155164082064	7.186928171057592e-14	2.6151597766093813e-13
CMCBSN	cg06786372	HOXA2	cg24870497	UNC5C	between_gene	0			
CMCBSN	cg06786372	HOXA2	cg13265789	UNC5C	between_gene	103	0.5520032508896016	1.5033937302323635e-09	3.841678983522269e-09
CMCBSN	cg06786372	HOXA2	cg12584684	UNC5C	between_gene	103	0.5807670342222027	1.2694028583666184e-10	3.4679288559984365e-10
CMCBSN	cg06786372	HOXA2	cg08327106	RALYL	between_gene	0			
CMCBSN	cg06786372	HOXA2	cg09757712	RALYL	between_gene	0			
CMCBSN	cg06786372	HOXA2	cg11089595	RALYL	between_gene	103	0.4701818740939243	5.411300590334531e-07	1.1496810456174912e-06
CMCBSN	cg06786372	HOXA2	cg01134282	RALYL	between_gene	0			
CMCBSN	cg06786372	HOXA2	cg06955749	RALYL	between_gene	103	0.4018253305803277	2.587234836658092e-05	5.090569901086698e-05
CMCBSN	cg06786372	HOXA2	cg11666087	BEND5	between_gene	103	0.5133440231955366	2.9428899234213434e-08	6.837043464119577e-08
CMCBSN	cg06786372	HOXA2	cg16573178	BEND5	between_gene	103	0.5332776874752889	6.653032071754146e-09	1.6222206238510814e-08
CMCBSN	cg06786372	HOXA2	cg06744574	BEND5	between_gene	103	0.4922132407854852	1.2870452365086854e-07	2.855358011948266e-07
CMCBSN	cg06786372	HOXA2	cg03603214	BEND5	between_gene	103	0.4304902692966656	5.657532464271249e-06	1.146700324353614e-05
CMCBSN	cg19236679	GFRA1	cg06298519	GFRA1	within_gene	103	0.9079317313183676	6.247898853376917e-40	3.0946624008132535e-39
CMCBSN	cg19236679	GFRA1	cg19485539	GFRA1	within_gene	103	0.900913763563678	2.1346334444007062e-38	9.806939157609045e-38
CMCBSN	cg19236679	GFRA1	cg18672939	GFRA1	within_gene	103	0.8716447744146203	4.777591463509628e-33	1.8029720165863716e-32
CMCBSN	cg19236679	GFRA1	cg27034576	GFRA1	within_gene	103	0.8976738566972718	9.979036768286055e-38	4.455429092319266e-37
CMCBSN	cg19236679	GFRA1	cg18044663	GFRA1	within_gene	103	0.9276237754250318	5.4183938597520675e-45	3.43526170708281e-44
CMCBSN	cg19236679	GFRA1	cg15701178	UNC5C	between_gene	103	0.7526797873742477	4.847469910435742e-20	3.427384551850095e-19
CMCBSN	cg19236679	GFRA1	cg03008707	UNC5C	between_gene	103	0.7707134384747177	1.736131069684907e-21	1.5048391896371835e-20
CMCBSN	cg19236679	GFRA1	cg24870497	UNC5C	between_gene	0			
CMCBSN	cg19236679	GFRA1	cg13265789	UNC5C	between_gene	103	0.8240675657865836	1.1305921250287444e-26	3.040943148659788e-25
CMCBSN	cg19236679	GFRA1	cg12584684	UNC5C	between_gene	103	0.815555946052805	9.801770212727452e-26	2.045825478800474e-24
CMCBSN	cg19236679	GFRA1	cg08327106	RALYL	between_gene	0			
CMCBSN	cg19236679	GFRA1	cg09757712	RALYL	between_gene	0			
CMCBSN	cg19236679	GFRA1	cg11089595	RALYL	between_gene	103	0.6650924746298819	1.828109092366336e-14	7.024354377001137e-14
CMCBSN	cg19236679	GFRA1	cg01134282	RALYL	between_gene	0			
CMCBSN	cg19236679	GFRA1	cg06955749	RALYL	between_gene	103	0.6852897245530027	1.4117479637008385e-15	5.9503238082318055e-15
CMCBSN	cg19236679	GFRA1	cg11666087	BEND5	between_gene	103	0.7691319246145061	2.3529124230120602e-21	1.9738741194978988e-20
CMCBSN	cg19236679	GFRA1	cg16573178	BEND5	between_gene	103	0.7742169309844924	8.776489542579331e-22	7.923135369062102e-21
CMCBSN	cg19236679	GFRA1	cg06744574	BEND5	between_gene	103	0.7640249527742389	6.1782435993576486e-21	4.9143407166841784e-20
CMCBSN	cg19236679	GFRA1	cg03603214	BEND5	between_gene	103	0.7547225761103545	3.3730388202029864e-20	2.4581727044440197e-19
CMCBSN	cg06298519	GFRA1	cg19485539	GFRA1	within_gene	103	0.9598581030619868	1.4294709526634164e-57	2.5174571777461275e-56
CMCBSN	cg06298519	GFRA1	cg18672939	GFRA1	within_gene	103	0.8362693845275228	4.139150237820798e-28	1.2616448321049931e-27
CMCBSN	cg06298519	GFRA1	cg27034576	GFRA1	within_gene	103	0.916509247462988	5.562977909700118e-42	3.040455167887823e-41
CMCBSN	cg06298519	GFRA1	cg18044663	GFRA1	within_gene	103	0.9361024469533892	1.240572270778926e-47	1.0083625893254346e-46
CMCBSN	cg06298519	GFRA1	cg15701178	UNC5C	between_gene	103	0.7344154988358301	1.0683250471249364e-18	6.180177489909001e-18
CMCBSN	cg06298519	GFRA1	cg03008707	UNC5C	between_gene	103	0.7734151913192462	1.0270328601402048e-21	9.114043306482293e-21
CMCBSN	cg06298519	GFRA1	cg24870497	UNC5C	between_gene	0			
CMCBSN	cg06298519	GFRA1	cg13265789	UNC5C	between_gene	103	0.765035364407152	5.1139612735572144e-21	4.169476550847116e-20
CMCBSN	cg06298519	GFRA1	cg12584684	UNC5C	between_gene	103	0.7954685234810878	1.059335777362868e-23	1.3416539044367586e-22
CMCBSN	cg06298519	GFRA1	cg08327106	RALYL	between_gene	0			
CMCBSN	cg06298519	GFRA1	cg09757712	RALYL	between_gene	0			
CMCBSN	cg06298519	GFRA1	cg11089595	RALYL	between_gene	103	0.6546808417168212	6.34504091442032e-14	2.315274370031134e-13
CMCBSN	cg06298519	GFRA1	cg01134282	RALYL	between_gene	0			
CMCBSN	cg06298519	GFRA1	cg06955749	RALYL	between_gene	103	0.6270482801036771	1.3781555211436754e-12	4.4009886837990815e-12
CMCBSN	cg06298519	GFRA1	cg11666087	BEND5	between_gene	103	0.7738435179897202	9.443861068780353e-22	8.467021831081767e-21
CMCBSN	cg06298519	GFRA1	cg16573178	BEND5	between_gene	103	0.7683521504195405	2.730957993779165e-21	2.2836760915928982e-20
CMCBSN	cg06298519	GFRA1	cg06744574	BEND5	between_gene	103	0.7406866406009752	3.803760254664462e-19	2.3241242399109092e-18
CMCBSN	cg06298519	GFRA1	cg03603214	BEND5	between_gene	103	0.6880024601326715	9.85179549502123e-16	4.206765048528704e-15
CMCBSN	cg19485539	GFRA1	cg18672939	GFRA1	within_gene	103	0.8436827307472653	4.8454944198060776e-29	1.5059036579201243e-28
CMCBSN	cg19485539	GFRA1	cg27034576	GFRA1	within_gene	103	0.9358388613100206	1.5171947276651167e-47	1.173050557731322e-46
CMCBSN	cg19485539	GFRA1	cg18044663	GFRA1	within_gene	103	0.9370140139700393	6.14323939900873e-48	5.409463581904909e-47
CMCBSN	cg19485539	GFRA1	cg15701178	UNC5C	between_gene	103	0.7659249659535211	4.326393866958938e-21	3.57941201462456e-20
CMCBSN	cg19485539	GFRA1	cg03008707	UNC5C	between_gene	103	0.7982032245310372	5.777597977076443e-24	7.850913084475231e-23
CMCBSN	cg19485539	GFRA1	cg24870497	UNC5C	between_gene	0			
CMCBSN	cg19485539	GFRA1	cg13265789	UNC5C	between_gene	103	0.7839256688485701	1.241108162375691e-22	1.290060237306047e-21
CMCBSN	cg19485539	GFRA1	cg12584684	UNC5C	between_gene	103	0.8175328383780697	5.995338376004179e-26	1.3034864852495752e-24
CMCBSN	cg19485539	GFRA1	cg08327106	RALYL	between_gene	0			
CMCBSN	cg19485539	GFRA1	cg09757712	RALYL	between_gene	0			
CMCBSN	cg19485539	GFRA1	cg11089595	RALYL	between_gene	103	0.68276369547072	1.9666813957282077e-15	8.170496435437729e-15
CMCBSN	cg19485539	GFRA1	cg01134282	RALYL	between_gene	0			
CMCBSN	cg19485539	GFRA1	cg06955749	RALYL	between_gene	103	0.6186904186618636	3.2958777069196617e-12	1.0164237514602125e-11
CMCBSN	cg19485539	GFRA1	cg11666087	BEND5	between_gene	103	0.7659139832183809	4.3353552955973966e-21	3.57941201462456e-20
CMCBSN	cg19485539	GFRA1	cg16573178	BEND5	between_gene	103	0.7753481527039494	7.023055910544308e-22	6.4291764458281044e-21
CMCBSN	cg19485539	GFRA1	cg06744574	BEND5	between_gene	103	0.7468918859552784	1.3290953938942642e-19	8.625895230522725e-19
CMCBSN	cg19485539	GFRA1	cg03603214	BEND5	between_gene	103	0.7007204674252075	1.728797551346552e-16	8.0832129237690945e-16
CMCBSN	cg18672939	GFRA1	cg27034576	GFRA1	within_gene	103	0.8930281597328998	8.342867242710275e-37	3.673179049915496e-36
CMCBSN	cg18672939	GFRA1	cg18044663	GFRA1	within_gene	103	0.8530949347625534	2.6935980347669057e-30	8.988111337064308e-30
CMCBSN	cg18672939	GFRA1	cg15701178	UNC5C	between_gene	103	0.8132825198787507	1.7126874530968166e-25	3.41099356116763e-24
CMCBSN	cg18672939	GFRA1	cg03008707	UNC5C	between_gene	103	0.8374555199226815	2.958096823075491e-28	1.4291990021118438e-26
CMCBSN	cg18672939	GFRA1	cg24870497	UNC5C	between_gene	0			
CMCBSN	cg18672939	GFRA1	cg13265789	UNC5C	between_gene	103	0.7902187760839959	3.30695971617682e-23	3.8008184579318612e-22
CMCBSN	cg18672939	GFRA1	cg12584684	UNC5C	between_gene	103	0.841804683038264	8.430520794834353e-29	4.8878286119384056e-27
CMCBSN	cg18672939	GFRA1	cg08327106	RALYL	between_gene	0			
CMCBSN	cg18672939	GFRA1	cg09757712	RALYL	between_gene	0			
CMCBSN	cg18672939	GFRA1	cg11089595	RALYL	between_gene	103	0.6711988753679217	8.608025040682484e-15	3.417802444372112e-14
CMCBSN	cg18672939	GFRA1	cg01134282	RALYL	between_gene	0			
CMCBSN	cg18672939	GFRA1	cg06955749	RALYL	between_gene	103	0.7071453674823178	6.928946874276538e-17	3.335354685422046e-16
CMCBSN	cg18672939	GFRA1	cg11666087	BEND5	between_gene	103	0.7452884066247859	1.7491260114048857e-19	1.1212456422003308e-18
CMCBSN	cg18672939	GFRA1	cg16573178	BEND5	between_gene	103	0.7622677151517815	8.564254942469813e-21	6.650042007411828e-20
CMCBSN	cg18672939	GFRA1	cg06744574	BEND5	between_gene	103	0.7188200149365197	1.233309336650011e-17	6.334063108897397e-17
CMCBSN	cg18672939	GFRA1	cg03603214	BEND5	between_gene	103	0.7442560295215921	2.085156435815884e-19	1.3140514833438749e-18
CMCBSN	cg27034576	GFRA1	cg18044663	GFRA1	within_gene	103	0.9140710802618284	2.2377813616916984e-41	1.1629126092725711e-40
CMCBSN	cg27034576	GFRA1	cg15701178	UNC5C	between_gene	103	0.8385977243772791	2.1350385870014934e-28	1.1140631346973792e-26
CMCBSN	cg27034576	GFRA1	cg03008707	UNC5C	between_gene	103	0.8383561042041912	2.287982528969952e-28	1.1704600819769815e-26
CMCBSN	cg27034576	GFRA1	cg24870497	UNC5C	between_gene	0			
CMCBSN	cg27034576	GFRA1	cg13265789	UNC5C	between_gene	103	0.8327109783420464	1.1161352094679688e-27	4.28234817867931e-26
CMCBSN	cg27034576	GFRA1	cg12584684	UNC5C	between_gene	103	0.8592233009708738	3.674206846081406e-31	3.686925254394765e-29
CMCBSN	cg27034576	GFRA1	cg08327106	RALYL	between_gene	0			
CMCBSN	cg27034576	GFRA1	cg09757712	RALYL	between_gene	0			
CMCBSN	cg27034576	GFRA1	cg11089595	RALYL	between_gene	103	0.6638074946184598	2.1372877415590944e-14	8.176222460011258e-14
CMCBSN	cg27034576	GFRA1	cg01134282	RALYL	between_gene	0			
CMCBSN	cg27034576	GFRA1	cg06955749	RALYL	between_gene	103	0.6442692088037606	2.0996576323718286e-13	7.313760698074899e-13
CMCBSN	cg27034576	GFRA1	cg11666087	BEND5	between_gene	103	0.7876048851205905	5.759205245223907e-23	6.366850205419139e-22
CMCBSN	cg27034576	GFRA1	cg16573178	BEND5	between_gene	103	0.7908667574572772	2.87853605370638e-23	3.352723466124976e-22
CMCBSN	cg27034576	GFRA1	cg06744574	BEND5	between_gene	103	0.7836620832052015	1.310534415336127e-22	1.3568191625444269e-21
CMCBSN	cg27034576	GFRA1	cg03603214	BEND5	between_gene	103	0.7466173175767694	1.3932901454308694e-19	9.020084341015232e-19
CMCBSN	cg18044663	GFRA1	cg15701178	UNC5C	between_gene	103	0.7477265738259457	1.151115172926247e-19	7.603188572568553e-19
CMCBSN	cg18044663	GFRA1	cg03008707	UNC5C	between_gene	103	0.7781048192241796	4.057643418908098e-22	3.9064175940705626e-21
CMCBSN	cg18044663	GFRA1	cg24870497	UNC5C	between_gene	0			
CMCBSN	cg18044663	GFRA1	cg13265789	UNC5C	between_gene	103	0.8135570882572597	1.601702368830517e-25	3.2144934463683224e-24
CMCBSN	cg18044663	GFRA1	cg12584684	UNC5C	between_gene	103	0.8120195053376094	2.32759012381569e-25	4.5102531672330036e-24
CMCBSN	cg18044663	GFRA1	cg08327106	RALYL	between_gene	0			
CMCBSN	cg18044663	GFRA1	cg09757712	RALYL	between_gene	0			
CMCBSN	cg18044663	GFRA1	cg11089595	RALYL	between_gene	103	0.6932302420594826	4.870495767939032e-16	2.142853871594087e-15
CMCBSN	cg18044663	GFRA1	cg01134282	RALYL	between_gene	0			
CMCBSN	cg18044663	GFRA1	cg06955749	RALYL	between_gene	103	0.6580745068751921	4.2522154732014385e-14	1.57585655817934e-13
CMCBSN	cg18044663	GFRA1	cg11666087	BEND5	between_gene	103	0.7805979001010411	2.4538544485414897e-22	2.452914274423275e-21
CMCBSN	cg18044663	GFRA1	cg16573178	BEND5	between_gene	103	0.778390370337829	3.831771301777565e-22	3.7163908276348196e-21
CMCBSN	cg18044663	GFRA1	cg06744574	BEND5	between_gene	103	0.7740082590168255	9.143552956898529e-22	8.226044711913192e-21
CMCBSN	cg18044663	GFRA1	cg03603214	BEND5	between_gene	103	0.7277599613407723	3.0976713462559898e-18	1.6872285057164678e-17
CMCBSN	cg15701178	UNC5C	cg03008707	UNC5C	within_gene	103	0.8037824539823398	1.6287190382603155e-24	4.4895994359001744e-24
CMCBSN	cg15701178	UNC5C	cg24870497	UNC5C	within_gene	0			
CMCBSN	cg15701178	UNC5C	cg13265789	UNC5C	within_gene	103	0.8717106708254624	4.663227980441086e-33	1.7810159877106315e-32
CMCBSN	cg15701178	UNC5C	cg12584684	UNC5C	within_gene	103	0.9392215437332514	1.0713168533116876e-48	1.0291134621206211e-47
CMCBSN	cg15701178	UNC5C	cg08327106	RALYL	between_gene	0			
CMCBSN	cg15701178	UNC5C	cg09757712	RALYL	between_gene	0			
CMCBSN	cg15701178	UNC5C	cg11089595	RALYL	between_gene	103	0.6658063524140053	1.6755494111133503e-14	6.476308760881082e-14
CMCBSN	cg15701178	UNC5C	cg01134282	RALYL	between_gene	0			
CMCBSN	cg15701178	UNC5C	cg06955749	RALYL	between_gene	103	0.6391842024337742	3.705041915764826e-13	1.253755429083065e-12
CMCBSN	cg15701178	UNC5C	cg11666087	BEND5	between_gene	103	0.7546566796995123	3.412917680693383e-20	2.4803070275568344e-19
CMCBSN	cg15701178	UNC5C	cg16573178	BEND5	between_gene	103	0.7860892676712209	7.91621123088864e-23	8.569873486053301e-22
CMCBSN	cg15701178	UNC5C	cg06744574	BEND5	between_gene	103	0.7770394939155648	5.020533370356963e-22	4.745859262051202e-21
CMCBSN	cg15701178	UNC5C	cg03603214	BEND5	between_gene	103	0.7437508237051355	2.271708396722373e-19	1.4179155997724093e-18
CMCBSN	cg03008707	UNC5C	cg24870497	UNC5C	within_gene	0			
CMCBSN	cg03008707	UNC5C	cg13265789	UNC5C	within_gene	103	0.7881979528181698	5.081535420703337e-23	1.3423722736357985e-22
CMCBSN	cg03008707	UNC5C	cg12584684	UNC5C	within_gene	103	0.8259675789658656	6.871023777079003e-27	2.0167727197537443e-26
CMCBSN	cg03008707	UNC5C	cg08327106	RALYL	between_gene	0			
CMCBSN	cg03008707	UNC5C	cg09757712	RALYL	between_gene	0			
CMCBSN	cg03008707	UNC5C	cg11089595	RALYL	between_gene	103	0.6553068576198217	5.895727914555675e-14	2.1573568203472309e-13
CMCBSN	cg03008707	UNC5C	cg01134282	RALYL	between_gene	0			
CMCBSN	cg03008707	UNC5C	cg06955749	RALYL	between_gene	103	0.6488929402978518	1.2411637279900876e-13	4.411711398264495e-13
CMCBSN	cg03008707	UNC5C	cg11666087	BEND5	between_gene	103	0.6813359399024734	2.3685151684003393e-15	9.746776142518116e-15
CMCBSN	cg03008707	UNC5C	cg16573178	BEND5	between_gene	103	0.6960198567851338	3.323908622872459e-16	1.500359445860596e-15
CMCBSN	cg03008707	UNC5C	cg06744574	BEND5	between_gene	103	0.6657184905328823	1.6936382561745134e-14	6.536541731300749e-14
CMCBSN	cg03008707	UNC5C	cg03603214	BEND5	between_gene	103	0.640710802618284	3.127730189389959e-13	1.0680952963505765e-12
CMCBSN	cg24870497	UNC5C	cg13265789	UNC5C	within_gene	0			
CMCBSN	cg24870497	UNC5C	cg12584684	UNC5C	within_gene	0			
CMCBSN	cg24870497	UNC5C	cg08327106	RALYL	between_gene	0			
CMCBSN	cg24870497	UNC5C	cg09757712	RALYL	between_gene	0			
CMCBSN	cg24870497	UNC5C	cg11089595	RALYL	between_gene	0			
CMCBSN	cg24870497	UNC5C	cg01134282	RALYL	between_gene	0			
CMCBSN	cg24870497	UNC5C	cg06955749	RALYL	between_gene	0			
CMCBSN	cg24870497	UNC5C	cg11666087	BEND5	between_gene	0			
CMCBSN	cg24870497	UNC5C	cg16573178	BEND5	between_gene	0			
CMCBSN	cg24870497	UNC5C	cg06744574	BEND5	between_gene	0			
CMCBSN	cg24870497	UNC5C	cg03603214	BEND5	between_gene	0			
CMCBSN	cg13265789	UNC5C	cg12584684	UNC5C	within_gene	103	0.9044502042788736	3.7269676034742465e-39	1.7633563138825911e-38
CMCBSN	cg13265789	UNC5C	cg08327106	RALYL	between_gene	0			
CMCBSN	cg13265789	UNC5C	cg09757712	RALYL	between_gene	0			
CMCBSN	cg13265789	UNC5C	cg11089595	RALYL	between_gene	103	0.7532618723366867	4.373147404409895e-20	3.125901802220662e-19
CMCBSN	cg13265789	UNC5C	cg01134282	RALYL	between_gene	0			
CMCBSN	cg13265789	UNC5C	cg06955749	RALYL	between_gene	103	0.7004019681061373	1.8078168294540612e-16	8.422489478652939e-16
CMCBSN	cg13265789	UNC5C	cg11666087	BEND5	between_gene	103	0.809350700698502	4.417246571315528e-25	7.786889394974468e-24
CMCBSN	cg13265789	UNC5C	cg16573178	BEND5	between_gene	103	0.8261542854632519	6.540737944467019e-27	1.9391801473993695e-25
CMCBSN	cg13265789	UNC5C	cg06744574	BEND5	between_gene	103	0.8391468611342969	1.8236136801474175e-28	9.91210019063461e-27
CMCBSN	cg13265789	UNC5C	cg03603214	BEND5	between_gene	103	0.7437727891754162	2.2632701492907627e-19	1.4160364075538611e-18
CMCBSN	cg12584684	UNC5C	cg08327106	RALYL	between_gene	0			
CMCBSN	cg12584684	UNC5C	cg09757712	RALYL	between_gene	0			
CMCBSN	cg12584684	UNC5C	cg11089595	RALYL	between_gene	103	0.723443746430611	6.076583983258765e-18	3.2157824771444456e-17
CMCBSN	cg12584684	UNC5C	cg01134282	RALYL	between_gene	0			
CMCBSN	cg12584684	UNC5C	cg06955749	RALYL	between_gene	103	0.6935267759082723	4.677618774376938e-16	2.0684588783643106e-15
CMCBSN	cg12584684	UNC5C	cg11666087	BEND5	between_gene	103	0.7981592935904759	5.834568261922575e-24	7.887247976868392e-23
CMCBSN	cg12584684	UNC5C	cg16573178	BEND5	between_gene	103	0.8288230901023592	3.2136144843416925e-27	1.0749128448265994e-25
CMCBSN	cg12584684	UNC5C	cg06744574	BEND5	between_gene	103	0.7986205684663709	5.262734516437898e-24	7.226565449150777e-23
CMCBSN	cg12584684	UNC5C	cg03603214	BEND5	between_gene	103	0.7561942626191627	2.5917917690334982e-20	1.9085463933288077e-19
CMCBSN	cg08327106	RALYL	cg09757712	RALYL	within_gene	0			
CMCBSN	cg08327106	RALYL	cg11089595	RALYL	within_gene	0			
CMCBSN	cg08327106	RALYL	cg01134282	RALYL	within_gene	0			
CMCBSN	cg08327106	RALYL	cg06955749	RALYL	within_gene	0			
CMCBSN	cg08327106	RALYL	cg11666087	BEND5	between_gene	0			
CMCBSN	cg08327106	RALYL	cg16573178	BEND5	between_gene	0			
CMCBSN	cg08327106	RALYL	cg06744574	BEND5	between_gene	0			
CMCBSN	cg08327106	RALYL	cg03603214	BEND5	between_gene	0			
CMCBSN	cg09757712	RALYL	cg11089595	RALYL	within_gene	0			
CMCBSN	cg09757712	RALYL	cg01134282	RALYL	within_gene	0			
CMCBSN	cg09757712	RALYL	cg06955749	RALYL	within_gene	0			
CMCBSN	cg09757712	RALYL	cg11666087	BEND5	between_gene	0			
CMCBSN	cg09757712	RALYL	cg16573178	BEND5	between_gene	0			
CMCBSN	cg09757712	RALYL	cg06744574	BEND5	between_gene	0			
CMCBSN	cg09757712	RALYL	cg03603214	BEND5	between_gene	0			
CMCBSN	cg11089595	RALYL	cg01134282	RALYL	within_gene	0			
CMCBSN	cg11089595	RALYL	cg06955749	RALYL	within_gene	103	0.798411896498704	5.514311237831974e-24	1.4813870020277425e-23
CMCBSN	cg11089595	RALYL	cg11666087	BEND5	between_gene	103	0.6852897245530027	1.4117479637008385e-15	5.9503238082318055e-15
CMCBSN	cg11089595	RALYL	cg16573178	BEND5	between_gene	103	0.7162061239731143	1.828769101634162e-17	9.264579778958305e-17
CMCBSN	cg11089595	RALYL	cg06744574	BEND5	between_gene	103	0.7290229758819137	2.5371676770914346e-18	1.4083979722407558e-17
CMCBSN	cg11089595	RALYL	cg03603214	BEND5	between_gene	103	0.591167684400123	4.888258204609158e-11	1.3742958680846218e-10
CMCBSN	cg01134282	RALYL	cg06955749	RALYL	within_gene	0			
CMCBSN	cg01134282	RALYL	cg11666087	BEND5	between_gene	0			
CMCBSN	cg01134282	RALYL	cg16573178	BEND5	between_gene	0			
CMCBSN	cg01134282	RALYL	cg06744574	BEND5	between_gene	0			
CMCBSN	cg01134282	RALYL	cg03603214	BEND5	between_gene	0			
CMCBSN	cg06955749	RALYL	cg11666087	BEND5	between_gene	103	0.6698260334753767	1.021207450442862e-14	3.9944981082540136e-14
CMCBSN	cg06955749	RALYL	cg16573178	BEND5	between_gene	103	0.6616219303255283	2.7830635952320583e-14	1.0538480290218347e-13
CMCBSN	cg06955749	RALYL	cg06744574	BEND5	between_gene	103	0.6485305100382199	1.2938009924420628e-13	4.592085695105078e-13
CMCBSN	cg06955749	RALYL	cg03603214	BEND5	between_gene	103	0.6235118393884814	1.9994198458804106e-12	6.284923346869868e-12
CMCBSN	cg11666087	BEND5	cg16573178	BEND5	within_gene	103	0.9729605060844352	4.263614253850318e-66	1.2286961077005007e-64
CMCBSN	cg11666087	BEND5	cg06744574	BEND5	within_gene	103	0.9317642665729474	3.06932637800847e-46	2.1621699151748557e-45
CMCBSN	cg11666087	BEND5	cg03603214	BEND5	within_gene	103	0.8341716821157141	7.449171434086979e-28	2.2277239100052573e-27
CMCBSN	cg16573178	BEND5	cg06744574	BEND5	within_gene	103	0.9353666036989852	2.1714150915028089e-47	1.6389013904914058e-46
CMCBSN	cg16573178	BEND5	cg03603214	BEND5	within_gene	103	0.8489873918200589	9.739036709832229e-30	3.1827573577492954e-29
CMCBSN	cg06744574	BEND5	cg03603214	BEND5	within_gene	103	0.8172143390589992	6.492075495402881e-26	1.8708981200388304e-25
SNUH	cg14017655	EYA4	cg20330472	EYA4	within_gene	0			
SNUH	cg14017655	EYA4	cg17838029	EYA4	within_gene	0			
SNUH	cg14017655	EYA4	cg14343214	EYA4	within_gene	0			
SNUH	cg14017655	EYA4	cg24675448	EYA4	within_gene	0			
SNUH	cg14017655	EYA4	cg21607030	EYA4	within_gene	0			
SNUH	cg14017655	EYA4	cg11664500	EYA4	within_gene	0			
SNUH	cg14017655	EYA4	cg26656135	EYA4	within_gene	0			
SNUH	cg14017655	EYA4	cg20286200	EYA4	within_gene	0			
SNUH	cg14017655	EYA4	cg14270292	EYA4	within_gene	0			
SNUH	cg14017655	EYA4	cg06181518	EYA4	within_gene	0			
SNUH	cg14017655	EYA4	cg14287112	EYA4	within_gene	0			
SNUH	cg14017655	EYA4	cg01328892	EYA4	within_gene	0			
SNUH	cg14017655	EYA4	cg05493394	EYA4	within_gene	0			
SNUH	cg14017655	EYA4	cg26449787	EYA4	within_gene	0			
SNUH	cg14017655	EYA4	cg22871668	EYA4	within_gene	0			
SNUH	cg14017655	EYA4	cg20980055	EYA4	within_gene	0			
SNUH	cg14017655	EYA4	cg06611358	ZNF568	between_gene	0			
SNUH	cg14017655	EYA4	cg27390819	ZNF568	between_gene	0			
SNUH	cg14017655	EYA4	cg20154403	ZNF568	between_gene	0			
SNUH	cg14017655	EYA4	cg21761844	ZNF568	between_gene	0			
SNUH	cg14017655	EYA4	cg20680720	ZNF568	between_gene	0			
SNUH	cg14017655	EYA4	cg02459604	ZNF568	between_gene	0			
SNUH	cg14017655	EYA4	cg03060201	ZNF568	between_gene	0			
SNUH	cg14017655	EYA4	cg03443751	ZNF568	between_gene	0			
SNUH	cg14017655	EYA4	cg17332326	ZNF793	between_gene	0			
SNUH	cg14017655	EYA4	cg11623861	ZNF793	between_gene	0			
SNUH	cg14017655	EYA4	cg14732998	ZNF793	between_gene	0			
SNUH	cg14017655	EYA4	cg07482795	ZNF793	between_gene	0			
SNUH	cg14017655	EYA4	cg13181745	ZNF793	between_gene	0			
SNUH	cg14017655	EYA4	cg24078985	ZNF793	between_gene	0			
SNUH	cg14017655	EYA4	cg15139588	ZNF793	between_gene	0			
SNUH	cg14017655	EYA4	cg25361907	ZNF793	between_gene	0			
SNUH	cg14017655	EYA4	cg20299663	SFMBT2	between_gene	0			
SNUH	cg14017655	EYA4	cg20506550	SFMBT2	between_gene	0			
SNUH	cg14017655	EYA4	cg01056653	SFMBT2	between_gene	0			
SNUH	cg14017655	EYA4	cg22862480	SFMBT2	between_gene	0			
SNUH	cg14017655	EYA4	cg12767281	SFMBT2	between_gene	0			
SNUH	cg14017655	EYA4	cg26878816	SFMBT2	between_gene	0			
SNUH	cg14017655	EYA4	cg12328063	SFMBT2	between_gene	0			
SNUH	cg14017655	EYA4	cg16818993	SFMBT2	between_gene	0			
SNUH	cg14017655	EYA4	cg20295442	ADHFE1	between_gene	0			
SNUH	cg14017655	EYA4	cg19283840	ADHFE1	between_gene	0			
SNUH	cg14017655	EYA4	cg25046651	ADHFE1	between_gene	0			
SNUH	cg14017655	EYA4	cg01588438	ADHFE1	between_gene	0			
SNUH	cg14017655	EYA4	cg08090772	ADHFE1	between_gene	0			
SNUH	cg14017655	EYA4	cg09383816	ADHFE1	between_gene	0			
SNUH	cg14017655	EYA4	cg20912169	ADHFE1	between_gene	0			
SNUH	cg14017655	EYA4	cg18065361	ADHFE1	between_gene	0			
SNUH	cg14017655	EYA4	cg04481096	HOXA2	between_gene	0			
SNUH	cg14017655	EYA4	cg19598584	HOXA2	between_gene	0			
SNUH	cg14017655	EYA4	cg09871315	HOXA2	between_gene	0			
SNUH	cg14017655	EYA4	cg13661519	HOXA2	between_gene	0			
SNUH	cg14017655	EYA4	cg02803819	HOXA2	between_gene	0			
SNUH	cg14017655	EYA4	cg03763508	HOXA2	between_gene	0			
SNUH	cg14017655	EYA4	cg00188704	HOXA2	between_gene	0			
SNUH	cg14017655	EYA4	cg06786372	HOXA2	between_gene	0			
SNUH	cg14017655	EYA4	cg19236679	GFRA1	between_gene	0			
SNUH	cg14017655	EYA4	cg06298519	GFRA1	between_gene	0			
SNUH	cg14017655	EYA4	cg19485539	GFRA1	between_gene	0			
SNUH	cg14017655	EYA4	cg18672939	GFRA1	between_gene	0			
SNUH	cg14017655	EYA4	cg27034576	GFRA1	between_gene	0			
SNUH	cg14017655	EYA4	cg18044663	GFRA1	between_gene	0			
SNUH	cg14017655	EYA4	cg15701178	UNC5C	between_gene	0			
SNUH	cg14017655	EYA4	cg03008707	UNC5C	between_gene	0			
SNUH	cg14017655	EYA4	cg24870497	UNC5C	between_gene	0			
SNUH	cg14017655	EYA4	cg13265789	UNC5C	between_gene	0			
SNUH	cg14017655	EYA4	cg12584684	UNC5C	between_gene	0			
SNUH	cg14017655	EYA4	cg08327106	RALYL	between_gene	0			
SNUH	cg14017655	EYA4	cg09757712	RALYL	between_gene	0			
SNUH	cg14017655	EYA4	cg11089595	RALYL	between_gene	0			
SNUH	cg14017655	EYA4	cg01134282	RALYL	between_gene	0			
SNUH	cg14017655	EYA4	cg06955749	RALYL	between_gene	0			
SNUH	cg14017655	EYA4	cg11666087	BEND5	between_gene	0			
SNUH	cg14017655	EYA4	cg16573178	BEND5	between_gene	0			
SNUH	cg14017655	EYA4	cg06744574	BEND5	between_gene	0			
SNUH	cg14017655	EYA4	cg03603214	BEND5	between_gene	0			
SNUH	cg20330472	EYA4	cg17838029	EYA4	within_gene	0			
SNUH	cg20330472	EYA4	cg14343214	EYA4	within_gene	142	0.6666533945527053	1.3562806466017572e-19	2.8855098320319265e-19
SNUH	cg20330472	EYA4	cg24675448	EYA4	within_gene	0			
SNUH	cg20330472	EYA4	cg21607030	EYA4	within_gene	0			
SNUH	cg20330472	EYA4	cg11664500	EYA4	within_gene	142	0.6652074326632315	1.7316545615202717e-19	3.6595633066795074e-19
SNUH	cg20330472	EYA4	cg26656135	EYA4	within_gene	0			
SNUH	cg20330472	EYA4	cg20286200	EYA4	within_gene	142	0.6712259870785494	6.206746318265865e-20	1.3476291663632052e-19
SNUH	cg20330472	EYA4	cg14270292	EYA4	within_gene	142	0.6583422570836416	5.4239768137428165e-19	1.1311846381292582e-18
SNUH	cg20330472	EYA4	cg06181518	EYA4	within_gene	142	0.6859747983511842	4.523833547542922e-21	1.0098980525148636e-20
SNUH	cg20330472	EYA4	cg14287112	EYA4	within_gene	142	0.6533966483022522	1.2122616619297529e-18	2.5116793910570693e-18
SNUH	cg20330472	EYA4	cg01328892	EYA4	within_gene	142	0.760758270797228	4.594328492728495e-28	1.2775457299955551e-27
SNUH	cg20330472	EYA4	cg05493394	EYA4	within_gene	142	0.7079659926528372	6.744979155913207e-23	1.5956405913615567e-22
SNUH	cg20330472	EYA4	cg26449787	EYA4	within_gene	142	0.7097304852773838	4.732376852246006e-23	1.127942452753371e-22
SNUH	cg20330472	EYA4	cg22871668	EYA4	within_gene	142	0.6384173213660777	1.2673819277318362e-17	2.575385071096103e-17
SNUH	cg20330472	EYA4	cg20980055	EYA4	within_gene	142	0.6614605053322465	3.2411880838884594e-19	6.804348493991003e-19
SNUH	cg20330472	EYA4	cg06611358	ZNF568	between_gene	0			
SNUH	cg20330472	EYA4	cg27390819	ZNF568	between_gene	142	0.5375227110318511	5.300418901957259e-12	1.6581286469072527e-11
SNUH	cg20330472	EYA4	cg20154403	ZNF568	between_gene	142	0.6455172038030894	4.23488719316241e-18	3.4420002140064573e-17
SNUH	cg20330472	EYA4	cg21761844	ZNF568	between_gene	0			
SNUH	cg20330472	EYA4	cg20680720	ZNF568	between_gene	142	0.4731208258328426	2.751403952579559e-09	6.652838658276246e-09
SNUH	cg20330472	EYA4	cg02459604	ZNF568	between_gene	142	0.5431221460589157	2.885377388442146e-12	9.42171415074538e-12
SNUH	cg20330472	EYA4	cg03060201	ZNF568	between_gene	142	0.6474074322441119	3.1475582523704447e-18	2.623635616752233e-17
SNUH	cg20330472	EYA4	cg03443751	ZNF568	between_gene	142	0.6376922448243995	1.4152363052084618e-17	1.0342721345346993e-16
SNUH	cg20330472	EYA4	cg17332326	ZNF793	between_gene	142	0.5159632097000991	4.9786705098676696e-11	1.4258343973923982e-10
SNUH	cg20330472	EYA4	cg11623861	ZNF793	between_gene	0			
SNUH	cg20330472	EYA4	cg14732998	ZNF793	between_gene	0			
SNUH	cg20330472	EYA4	cg07482795	ZNF793	between_gene	142	0.4647216732922457	5.673655243753381e-09	1.3371785484148663e-08
SNUH	cg20330472	EYA4	cg13181745	ZNF793	between_gene	0			
SNUH	cg20330472	EYA4	cg24078985	ZNF793	between_gene	142	0.4815954198633252	1.2992912521065643e-09	3.240775216774403e-09
SNUH	cg20330472	EYA4	cg15139588	ZNF793	between_gene	142	0.5327824707507057	8.792688249689334e-12	2.702016919133036e-11
SNUH	cg20330472	EYA4	cg25361907	ZNF793	between_gene	142	0.4970483517082259	3.1345335299204584e-10	8.227362152477341e-10
SNUH	cg20330472	EYA4	cg20299663	SFMBT2	between_gene	142	0.5990745843907367	3.392949393446318e-15	1.5921231955937848e-14
SNUH	cg20330472	EYA4	cg20506550	SFMBT2	between_gene	0			
SNUH	cg20330472	EYA4	cg01056653	SFMBT2	between_gene	0			
SNUH	cg20330472	EYA4	cg22862480	SFMBT2	between_gene	142	0.5323298218113921	9.224298065609206e-12	2.8180554629009854e-11
SNUH	cg20330472	EYA4	cg12767281	SFMBT2	between_gene	142	0.5140939372284893	6.001783243846694e-11	1.702027443825655e-10
SNUH	cg20330472	EYA4	cg26878816	SFMBT2	between_gene	142	0.5360725579484944	6.193262238599837e-12	1.9281886850246987e-11
SNUH	cg20330472	EYA4	cg12328063	SFMBT2	between_gene	142	0.5137251121668264	6.226402150739945e-11	1.7599873468342926e-10
SNUH	cg20330472	EYA4	cg16818993	SFMBT2	between_gene	142	0.580989582787605	3.4585139839558924e-14	1.4254759848563857e-13
SNUH	cg20330472	EYA4	cg20295442	ADHFE1	between_gene	0			
SNUH	cg20330472	EYA4	cg19283840	ADHFE1	between_gene	0			
SNUH	cg20330472	EYA4	cg25046651	ADHFE1	between_gene	142	0.287124023713775	0.0005312578734535	0.0010206566950224
SNUH	cg20330472	EYA4	cg01588438	ADHFE1	between_gene	142	0.2925725757610684	0.0004105233393424	0.0007910305704168
SNUH	cg20330472	EYA4	cg08090772	ADHFE1	between_gene	0			
SNUH	cg20330472	EYA4	cg09383816	ADHFE1	between_gene	142	0.2828029028208831	0.0006494247820459	0.001246761778041
SNUH	cg20330472	EYA4	cg20912169	ADHFE1	between_gene	142	0.2611260480604203	0.0016963159610507	0.0032446395472003
SNUH	cg20330472	EYA4	cg18065361	ADHFE1	between_gene	142	0.310271987527007	0.0001714052601568	0.0003310113425235
SNUH	cg20330472	EYA4	cg04481096	HOXA2	between_gene	142	0.3141739890316456	0.000140323327771	0.0002715901796399
SNUH	cg20330472	EYA4	cg19598584	HOXA2	between_gene	0			
SNUH	cg20330472	EYA4	cg09871315	HOXA2	between_gene	0			
SNUH	cg20330472	EYA4	cg13661519	HOXA2	between_gene	142	0.338441001611514	3.795545091904176e-05	7.423221247959516e-05
SNUH	cg20330472	EYA4	cg02803819	HOXA2	between_gene	142	0.3488016328891367	2.0989020906622203e-05	4.126628149613966e-05
SNUH	cg20330472	EYA4	cg03763508	HOXA2	between_gene	142	0.2324582819038917	0.005372337077046	0.0102160549810592
SNUH	cg20330472	EYA4	cg00188704	HOXA2	between_gene	142	0.3536256970479326	1.5815123437747288e-05	3.1211540884328804e-05
SNUH	cg20330472	EYA4	cg06786372	HOXA2	between_gene	142	0.3217097556324407	9.460136097934856e-05	0.0001836420764844
SNUH	cg20330472	EYA4	cg19236679	GFRA1	between_gene	142	0.5601090548648237	4.249840035823979e-13	1.5272496767857797e-12
SNUH	cg20330472	EYA4	cg06298519	GFRA1	between_gene	142	0.5589606677410095	4.854020349066324e-13	1.7300736462724093e-12
SNUH	cg20330472	EYA4	cg19485539	GFRA1	between_gene	142	0.5803818596746377	3.729912040483986e-14	1.5300849864186669e-13
SNUH	cg20330472	EYA4	cg18672939	GFRA1	between_gene	142	0.6305672152240928	4.121365872381402e-17	2.7290973505185477e-16
SNUH	cg20330472	EYA4	cg27034576	GFRA1	between_gene	142	0.6259610931471885	8.106108671918844e-17	5.059530508381882e-16
SNUH	cg20330472	EYA4	cg18044663	GFRA1	between_gene	142	0.5741914663101358	7.981140288426833e-14	3.140693063726336e-13
SNUH	cg20330472	EYA4	cg15701178	UNC5C	between_gene	142	0.4964573933707887	3.3140493756023155e-10	8.672371936756712e-10
SNUH	cg20330472	EYA4	cg03008707	UNC5C	between_gene	142	0.5440525911008381	2.6052062766143834e-12	8.528209756194386e-12
SNUH	cg20330472	EYA4	cg24870497	UNC5C	between_gene	0			
SNUH	cg20330472	EYA4	cg13265789	UNC5C	between_gene	142	0.4910214149051428	5.504106297724639e-10	1.4037354184519631e-09
SNUH	cg20330472	EYA4	cg12584684	UNC5C	between_gene	142	0.549999895220153	1.346007579745769e-12	4.6025344371647595e-12
SNUH	cg20330472	EYA4	cg08327106	RALYL	between_gene	0			
SNUH	cg20330472	EYA4	cg09757712	RALYL	between_gene	0			
SNUH	cg20330472	EYA4	cg11089595	RALYL	between_gene	142	0.5161518134248131	4.885358973397698e-11	1.4033693253798092e-10
SNUH	cg20330472	EYA4	cg01134282	RALYL	between_gene	0			
SNUH	cg20330472	EYA4	cg06955749	RALYL	between_gene	142	0.6049799765712263	1.5396534313485229e-15	7.651344385501518e-15
SNUH	cg20330472	EYA4	cg11666087	BEND5	between_gene	142	0.4707150805442684	3.391948341382258e-09	8.133817300244773e-09
SNUH	cg20330472	EYA4	cg16573178	BEND5	between_gene	142	0.5439645760293049	2.630535812326468e-12	8.600335757343052e-12
SNUH	cg20330472	EYA4	cg06744574	BEND5	between_gene	142	0.4638289489952661	6.120320181209031e-09	1.4359636108610041e-08
SNUH	cg20330472	EYA4	cg03603214	BEND5	between_gene	142	0.5518021085896424	1.0990523790199912e-12	3.782886090848492e-12
SNUH	cg17838029	EYA4	cg14343214	EYA4	within_gene	0			
SNUH	cg17838029	EYA4	cg24675448	EYA4	within_gene	0			
SNUH	cg17838029	EYA4	cg21607030	EYA4	within_gene	0			
SNUH	cg17838029	EYA4	cg11664500	EYA4	within_gene	0			
SNUH	cg17838029	EYA4	cg26656135	EYA4	within_gene	0			
SNUH	cg17838029	EYA4	cg20286200	EYA4	within_gene	0			
SNUH	cg17838029	EYA4	cg14270292	EYA4	within_gene	0			
SNUH	cg17838029	EYA4	cg06181518	EYA4	within_gene	0			
SNUH	cg17838029	EYA4	cg14287112	EYA4	within_gene	0			
SNUH	cg17838029	EYA4	cg01328892	EYA4	within_gene	0			
SNUH	cg17838029	EYA4	cg05493394	EYA4	within_gene	0			
SNUH	cg17838029	EYA4	cg26449787	EYA4	within_gene	0			
SNUH	cg17838029	EYA4	cg22871668	EYA4	within_gene	0			
SNUH	cg17838029	EYA4	cg20980055	EYA4	within_gene	0			
SNUH	cg17838029	EYA4	cg06611358	ZNF568	between_gene	0			
SNUH	cg17838029	EYA4	cg27390819	ZNF568	between_gene	0			
SNUH	cg17838029	EYA4	cg20154403	ZNF568	between_gene	0			
SNUH	cg17838029	EYA4	cg21761844	ZNF568	between_gene	0			
SNUH	cg17838029	EYA4	cg20680720	ZNF568	between_gene	0			
SNUH	cg17838029	EYA4	cg02459604	ZNF568	between_gene	0			
SNUH	cg17838029	EYA4	cg03060201	ZNF568	between_gene	0			
SNUH	cg17838029	EYA4	cg03443751	ZNF568	between_gene	0			
SNUH	cg17838029	EYA4	cg17332326	ZNF793	between_gene	0			
SNUH	cg17838029	EYA4	cg11623861	ZNF793	between_gene	0			
SNUH	cg17838029	EYA4	cg14732998	ZNF793	between_gene	0			
SNUH	cg17838029	EYA4	cg07482795	ZNF793	between_gene	0			
SNUH	cg17838029	EYA4	cg13181745	ZNF793	between_gene	0			
SNUH	cg17838029	EYA4	cg24078985	ZNF793	between_gene	0			
SNUH	cg17838029	EYA4	cg15139588	ZNF793	between_gene	0			
SNUH	cg17838029	EYA4	cg25361907	ZNF793	between_gene	0			
SNUH	cg17838029	EYA4	cg20299663	SFMBT2	between_gene	0			
SNUH	cg17838029	EYA4	cg20506550	SFMBT2	between_gene	0			
SNUH	cg17838029	EYA4	cg01056653	SFMBT2	between_gene	0			
SNUH	cg17838029	EYA4	cg22862480	SFMBT2	between_gene	0			
SNUH	cg17838029	EYA4	cg12767281	SFMBT2	between_gene	0			
SNUH	cg17838029	EYA4	cg26878816	SFMBT2	between_gene	0			
SNUH	cg17838029	EYA4	cg12328063	SFMBT2	between_gene	0			
SNUH	cg17838029	EYA4	cg16818993	SFMBT2	between_gene	0			
SNUH	cg17838029	EYA4	cg20295442	ADHFE1	between_gene	0			
SNUH	cg17838029	EYA4	cg19283840	ADHFE1	between_gene	0			
SNUH	cg17838029	EYA4	cg25046651	ADHFE1	between_gene	0			
SNUH	cg17838029	EYA4	cg01588438	ADHFE1	between_gene	0			
SNUH	cg17838029	EYA4	cg08090772	ADHFE1	between_gene	0			
SNUH	cg17838029	EYA4	cg09383816	ADHFE1	between_gene	0			
SNUH	cg17838029	EYA4	cg20912169	ADHFE1	between_gene	0			
SNUH	cg17838029	EYA4	cg18065361	ADHFE1	between_gene	0			
SNUH	cg17838029	EYA4	cg04481096	HOXA2	between_gene	0			
SNUH	cg17838029	EYA4	cg19598584	HOXA2	between_gene	0			
SNUH	cg17838029	EYA4	cg09871315	HOXA2	between_gene	0			
SNUH	cg17838029	EYA4	cg13661519	HOXA2	between_gene	0			
SNUH	cg17838029	EYA4	cg02803819	HOXA2	between_gene	0			
SNUH	cg17838029	EYA4	cg03763508	HOXA2	between_gene	0			
SNUH	cg17838029	EYA4	cg00188704	HOXA2	between_gene	0			
SNUH	cg17838029	EYA4	cg06786372	HOXA2	between_gene	0			
SNUH	cg17838029	EYA4	cg19236679	GFRA1	between_gene	0			
SNUH	cg17838029	EYA4	cg06298519	GFRA1	between_gene	0			
SNUH	cg17838029	EYA4	cg19485539	GFRA1	between_gene	0			
SNUH	cg17838029	EYA4	cg18672939	GFRA1	between_gene	0			
SNUH	cg17838029	EYA4	cg27034576	GFRA1	between_gene	0			
SNUH	cg17838029	EYA4	cg18044663	GFRA1	between_gene	0			
SNUH	cg17838029	EYA4	cg15701178	UNC5C	between_gene	0			
SNUH	cg17838029	EYA4	cg03008707	UNC5C	between_gene	0			
SNUH	cg17838029	EYA4	cg24870497	UNC5C	between_gene	0			
SNUH	cg17838029	EYA4	cg13265789	UNC5C	between_gene	0			
SNUH	cg17838029	EYA4	cg12584684	UNC5C	between_gene	0			
SNUH	cg17838029	EYA4	cg08327106	RALYL	between_gene	0			
SNUH	cg17838029	EYA4	cg09757712	RALYL	between_gene	0			
SNUH	cg17838029	EYA4	cg11089595	RALYL	between_gene	0			
SNUH	cg17838029	EYA4	cg01134282	RALYL	between_gene	0			
SNUH	cg17838029	EYA4	cg06955749	RALYL	between_gene	0			
SNUH	cg17838029	EYA4	cg11666087	BEND5	between_gene	0			
SNUH	cg17838029	EYA4	cg16573178	BEND5	between_gene	0			
SNUH	cg17838029	EYA4	cg06744574	BEND5	between_gene	0			
SNUH	cg17838029	EYA4	cg03603214	BEND5	between_gene	0			
SNUH	cg14343214	EYA4	cg24675448	EYA4	within_gene	0			
SNUH	cg14343214	EYA4	cg21607030	EYA4	within_gene	0			
SNUH	cg14343214	EYA4	cg11664500	EYA4	within_gene	142	0.7570867849561288	1.1582728388136812e-27	3.1928042600342342e-27
SNUH	cg14343214	EYA4	cg26656135	EYA4	within_gene	0			
SNUH	cg14343214	EYA4	cg20286200	EYA4	within_gene	142	0.7641447554543149	1.9290998687829654e-28	5.4117226407451335e-28
SNUH	cg14343214	EYA4	cg14270292	EYA4	within_gene	142	0.7528913998797128	3.266346119901516e-27	8.849843760758809e-27
SNUH	cg14343214	EYA4	cg06181518	EYA4	within_gene	142	0.7218556091795529	3.851013971917634e-24	9.390549454599154e-24
SNUH	cg14343214	EYA4	cg14287112	EYA4	within_gene	142	0.7478452024451426	1.1061776371183119e-26	2.9221525913875406e-26
SNUH	cg14343214	EYA4	cg01328892	EYA4	within_gene	142	0.7708967687990763	3.2715430028597354e-29	9.427992108241235e-29
SNUH	cg14343214	EYA4	cg05493394	EYA4	within_gene	142	0.8822777462274017	1.1737838508721383e-47	7.441789614529357e-47
SNUH	cg14343214	EYA4	cg26449787	EYA4	within_gene	142	0.8063207394942487	9.804401488389677e-34	3.2715739703363436e-33
SNUH	cg14343214	EYA4	cg22871668	EYA4	within_gene	142	0.7388215620160482	9.130944135716746e-26	2.3725485991985316e-25
SNUH	cg14343214	EYA4	cg20980055	EYA4	within_gene	142	0.7355608131754371	1.9165496630938524e-25	4.860369945606011e-25
SNUH	cg14343214	EYA4	cg06611358	ZNF568	between_gene	0			
SNUH	cg14343214	EYA4	cg27390819	ZNF568	between_gene	142	0.6014426089343681	2.476412191575998e-15	1.1876763617319444e-14
SNUH	cg14343214	EYA4	cg20154403	ZNF568	between_gene	142	0.7237081168756326	2.5943483800228133e-24	1.0743896703935746e-22
SNUH	cg14343214	EYA4	cg21761844	ZNF568	between_gene	0			
SNUH	cg14343214	EYA4	cg20680720	ZNF568	between_gene	142	0.5663665073314459	2.0411893390196614e-13	7.607804265003282e-13
SNUH	cg14343214	EYA4	cg02459604	ZNF568	between_gene	142	0.6335639188501041	2.6379513803378638e-17	1.8402179548934455e-16
SNUH	cg14343214	EYA4	cg03060201	ZNF568	between_gene	142	0.7240308388045877	2.421033800275043e-24	1.033537432506694e-22
SNUH	cg14343214	EYA4	cg03443751	ZNF568	between_gene	142	0.6838540542466225	6.6552781791722454e-21	1.0684947905461465e-19
SNUH	cg14343214	EYA4	cg17332326	ZNF793	between_gene	142	0.4901789849347536	5.949595184662191e-10	1.515868538748404e-09
SNUH	cg14343214	EYA4	cg11623861	ZNF793	between_gene	0			
SNUH	cg14343214	EYA4	cg14732998	ZNF793	between_gene	0			
SNUH	cg14343214	EYA4	cg07482795	ZNF793	between_gene	142	0.4186101581966131	2.16795987777571e-07	4.659149358415837e-07
SNUH	cg14343214	EYA4	cg13181745	ZNF793	between_gene	0			
SNUH	cg14343214	EYA4	cg24078985	ZNF793	between_gene	142	0.4675968322956636	4.4383705162593454e-09	1.0555796423810966e-08
SNUH	cg14343214	EYA4	cg15139588	ZNF793	between_gene	142	0.4992696844659686	2.5400774525430367e-10	6.733341898675882e-10
SNUH	cg14343214	EYA4	cg25361907	ZNF793	between_gene	142	0.480769754668466	1.399088336838454e-09	3.4697922726345312e-09
SNUH	cg14343214	EYA4	cg20299663	SFMBT2	between_gene	142	0.7256863603881886	1.695480205993453e-24	8.042741558976215e-23
SNUH	cg14343214	EYA4	cg20506550	SFMBT2	between_gene	0			
SNUH	cg14343214	EYA4	cg01056653	SFMBT2	between_gene	0			
SNUH	cg14343214	EYA4	cg22862480	SFMBT2	between_gene	142	0.6189073138428848	2.2354308648075135e-16	1.2931794071580497e-15
SNUH	cg14343214	EYA4	cg12767281	SFMBT2	between_gene	142	0.6836822152974387	6.865768808005872e-21	1.0790837843426097e-19
SNUH	cg14343214	EYA4	cg26878816	SFMBT2	between_gene	142	0.6863981089333202	4.186684696046553e-21	7.202788604869274e-20
SNUH	cg14343214	EYA4	cg12328063	SFMBT2	between_gene	142	0.6658780236844367	1.546405786452265e-19	1.7278426426473885e-18
SNUH	cg14343214	EYA4	cg16818993	SFMBT2	between_gene	142	0.6928274003491265	1.2702319222166586e-21	2.510632640199441e-20
SNUH	cg14343214	EYA4	cg20295442	ADHFE1	between_gene	0			
SNUH	cg14343214	EYA4	cg19283840	ADHFE1	between_gene	0			
SNUH	cg14343214	EYA4	cg25046651	ADHFE1	between_gene	142	0.5464457628077647	2.00039284029121e-12	6.6654213541759475e-12
SNUH	cg14343214	EYA4	cg01588438	ADHFE1	between_gene	142	0.5723347674201735	9.995591939040497e-14	3.886512573615001e-13
SNUH	cg14343214	EYA4	cg08090772	ADHFE1	between_gene	0			
SNUH	cg14343214	EYA4	cg09383816	ADHFE1	between_gene	142	0.5903149891762418	1.0636500086850566e-14	4.7194946813933894e-14
SNUH	cg14343214	EYA4	cg20912169	ADHFE1	between_gene	142	0.5466259841447135	1.9608248669019467e-12	6.541933603257262e-12
SNUH	cg14343214	EYA4	cg18065361	ADHFE1	between_gene	142	0.6007217235865724	2.726301114750539e-15	1.2932581106153012e-14
SNUH	cg14343214	EYA4	cg04481096	HOXA2	between_gene	142	0.50446676488031	1.5438331448027577e-10	4.1653161062982374e-10
SNUH	cg14343214	EYA4	cg19598584	HOXA2	between_gene	0			
SNUH	cg14343214	EYA4	cg09871315	HOXA2	between_gene	0			
SNUH	cg14343214	EYA4	cg13661519	HOXA2	between_gene	142	0.4387488448021862	4.7188156189089023e-08	1.0531556843227824e-07
SNUH	cg14343214	EYA4	cg02803819	HOXA2	between_gene	142	0.4521564740324106	1.6162916849051788e-08	3.7153348069758696e-08
SNUH	cg14343214	EYA4	cg03763508	HOXA2	between_gene	142	0.4010239086655029	7.586833540275705e-07	1.5911614715899769e-06
SNUH	cg14343214	EYA4	cg00188704	HOXA2	between_gene	142	0.4831587351815102	1.128810107966514e-09	2.823648678508759e-09
SNUH	cg14343214	EYA4	cg06786372	HOXA2	between_gene	142	0.4699439008698823	3.6260840838226046e-09	8.671359646831511e-09
SNUH	cg14343214	EYA4	cg19236679	GFRA1	between_gene	142	0.6953169695153514	7.936897338265383e-22	1.6434416790106655e-20
SNUH	cg14343214	EYA4	cg06298519	GFRA1	between_gene	142	0.702488102248366	1.9932696090366457e-22	4.9060758584684986e-21
SNUH	cg14343214	EYA4	cg19485539	GFRA1	between_gene	142	0.6795958012619685	1.4307505019818798e-20	2.0222714892209505e-19
SNUH	cg14343214	EYA4	cg18672939	GFRA1	between_gene	142	0.6914736447250682	1.6370913924876633e-21	3.1405672375002313e-20
SNUH	cg14343214	EYA4	cg27034576	GFRA1	between_gene	142	0.7232596591302015	2.8555137756746295e-24	1.146159298574632e-22
SNUH	cg14343214	EYA4	cg18044663	GFRA1	between_gene	142	0.6658780236844367	1.546405786452265e-19	1.7278426426473885e-18
SNUH	cg14343214	EYA4	cg15701178	UNC5C	between_gene	142	0.5724605032366495	9.844840128653449e-14	3.833610133680127e-13
SNUH	cg14343214	EYA4	cg03008707	UNC5C	between_gene	142	0.6126037582435545	5.417310416808732e-16	2.9506811852722306e-15
SNUH	cg14343214	EYA4	cg24870497	UNC5C	between_gene	0			
SNUH	cg14343214	EYA4	cg13265789	UNC5C	between_gene	142	0.6601277056776008	4.0420894227496163e-19	4.0251188183029575e-18
SNUH	cg14343214	EYA4	cg12584684	UNC5C	between_gene	142	0.698204702100417	4.5722975177734905e-22	1.0283727779199171e-20
SNUH	cg14343214	EYA4	cg08327106	RALYL	between_gene	0			
SNUH	cg14343214	EYA4	cg09757712	RALYL	between_gene	0			
SNUH	cg14343214	EYA4	cg11089595	RALYL	between_gene	142	0.5531055698871102	9.484658873720697e-13	3.2818932362781562e-12
SNUH	cg14343214	EYA4	cg01134282	RALYL	between_gene	0			
SNUH	cg14343214	EYA4	cg06955749	RALYL	between_gene	142	0.6017192277306153	2.386571073641986e-15	1.1466968565620521e-14
SNUH	cg14343214	EYA4	cg11666087	BEND5	between_gene	142	0.5454734058270169	2.227608326991172e-12	7.394185909821842e-12
SNUH	cg14343214	EYA4	cg16573178	BEND5	between_gene	142	0.6265017571580352	7.491732424215064e-17	4.709862625247495e-16
SNUH	cg14343214	EYA4	cg06744574	BEND5	between_gene	142	0.531881364065961	9.672123854847862e-12	2.947963917908653e-11
SNUH	cg14343214	EYA4	cg03603214	BEND5	between_gene	142	0.5787472940604497	4.5667531240371016e-14	1.8529796112928146e-13
SNUH	cg24675448	EYA4	cg21607030	EYA4	within_gene	0			
SNUH	cg24675448	EYA4	cg11664500	EYA4	within_gene	0			
SNUH	cg24675448	EYA4	cg26656135	EYA4	within_gene	0			
SNUH	cg24675448	EYA4	cg20286200	EYA4	within_gene	0			
SNUH	cg24675448	EYA4	cg14270292	EYA4	within_gene	0			
SNUH	cg24675448	EYA4	cg06181518	EYA4	within_gene	0			
SNUH	cg24675448	EYA4	cg14287112	EYA4	within_gene	0			
SNUH	cg24675448	EYA4	cg01328892	EYA4	within_gene	0			
SNUH	cg24675448	EYA4	cg05493394	EYA4	within_gene	0			
SNUH	cg24675448	EYA4	cg26449787	EYA4	within_gene	0			
SNUH	cg24675448	EYA4	cg22871668	EYA4	within_gene	0			
SNUH	cg24675448	EYA4	cg20980055	EYA4	within_gene	0			
SNUH	cg24675448	EYA4	cg06611358	ZNF568	between_gene	0			
SNUH	cg24675448	EYA4	cg27390819	ZNF568	between_gene	0			
SNUH	cg24675448	EYA4	cg20154403	ZNF568	between_gene	0			
SNUH	cg24675448	EYA4	cg21761844	ZNF568	between_gene	0			
SNUH	cg24675448	EYA4	cg20680720	ZNF568	between_gene	0			
SNUH	cg24675448	EYA4	cg02459604	ZNF568	between_gene	0			
SNUH	cg24675448	EYA4	cg03060201	ZNF568	between_gene	0			
SNUH	cg24675448	EYA4	cg03443751	ZNF568	between_gene	0			
SNUH	cg24675448	EYA4	cg17332326	ZNF793	between_gene	0			
SNUH	cg24675448	EYA4	cg11623861	ZNF793	between_gene	0			
SNUH	cg24675448	EYA4	cg14732998	ZNF793	between_gene	0			
SNUH	cg24675448	EYA4	cg07482795	ZNF793	between_gene	0			
SNUH	cg24675448	EYA4	cg13181745	ZNF793	between_gene	0			
SNUH	cg24675448	EYA4	cg24078985	ZNF793	between_gene	0			
SNUH	cg24675448	EYA4	cg15139588	ZNF793	between_gene	0			
SNUH	cg24675448	EYA4	cg25361907	ZNF793	between_gene	0			
SNUH	cg24675448	EYA4	cg20299663	SFMBT2	between_gene	0			
SNUH	cg24675448	EYA4	cg20506550	SFMBT2	between_gene	0			
SNUH	cg24675448	EYA4	cg01056653	SFMBT2	between_gene	0			
SNUH	cg24675448	EYA4	cg22862480	SFMBT2	between_gene	0			
SNUH	cg24675448	EYA4	cg12767281	SFMBT2	between_gene	0			
SNUH	cg24675448	EYA4	cg26878816	SFMBT2	between_gene	0			
SNUH	cg24675448	EYA4	cg12328063	SFMBT2	between_gene	0			
SNUH	cg24675448	EYA4	cg16818993	SFMBT2	between_gene	0			
SNUH	cg24675448	EYA4	cg20295442	ADHFE1	between_gene	0			
SNUH	cg24675448	EYA4	cg19283840	ADHFE1	between_gene	0			
SNUH	cg24675448	EYA4	cg25046651	ADHFE1	between_gene	0			
SNUH	cg24675448	EYA4	cg01588438	ADHFE1	between_gene	0			
SNUH	cg24675448	EYA4	cg08090772	ADHFE1	between_gene	0			
SNUH	cg24675448	EYA4	cg09383816	ADHFE1	between_gene	0			
SNUH	cg24675448	EYA4	cg20912169	ADHFE1	between_gene	0			
SNUH	cg24675448	EYA4	cg18065361	ADHFE1	between_gene	0			
SNUH	cg24675448	EYA4	cg04481096	HOXA2	between_gene	0			
SNUH	cg24675448	EYA4	cg19598584	HOXA2	between_gene	0			
SNUH	cg24675448	EYA4	cg09871315	HOXA2	between_gene	0			
SNUH	cg24675448	EYA4	cg13661519	HOXA2	between_gene	0			
SNUH	cg24675448	EYA4	cg02803819	HOXA2	between_gene	0			
SNUH	cg24675448	EYA4	cg03763508	HOXA2	between_gene	0			
SNUH	cg24675448	EYA4	cg00188704	HOXA2	between_gene	0			
SNUH	cg24675448	EYA4	cg06786372	HOXA2	between_gene	0			
SNUH	cg24675448	EYA4	cg19236679	GFRA1	between_gene	0			
SNUH	cg24675448	EYA4	cg06298519	GFRA1	between_gene	0			
SNUH	cg24675448	EYA4	cg19485539	GFRA1	between_gene	0			
SNUH	cg24675448	EYA4	cg18672939	GFRA1	between_gene	0			
SNUH	cg24675448	EYA4	cg27034576	GFRA1	between_gene	0			
SNUH	cg24675448	EYA4	cg18044663	GFRA1	between_gene	0			
SNUH	cg24675448	EYA4	cg15701178	UNC5C	between_gene	0			
SNUH	cg24675448	EYA4	cg03008707	UNC5C	between_gene	0			
SNUH	cg24675448	EYA4	cg24870497	UNC5C	between_gene	0			
SNUH	cg24675448	EYA4	cg13265789	UNC5C	between_gene	0			
SNUH	cg24675448	EYA4	cg12584684	UNC5C	between_gene	0			
SNUH	cg24675448	EYA4	cg08327106	RALYL	between_gene	0			
SNUH	cg24675448	EYA4	cg09757712	RALYL	between_gene	0			
SNUH	cg24675448	EYA4	cg11089595	RALYL	between_gene	0			
SNUH	cg24675448	EYA4	cg01134282	RALYL	between_gene	0			
SNUH	cg24675448	EYA4	cg06955749	RALYL	between_gene	0			
SNUH	cg24675448	EYA4	cg11666087	BEND5	between_gene	0			
SNUH	cg24675448	EYA4	cg16573178	BEND5	between_gene	0			
SNUH	cg24675448	EYA4	cg06744574	BEND5	between_gene	0			
SNUH	cg24675448	EYA4	cg03603214	BEND5	between_gene	0			
SNUH	cg21607030	EYA4	cg11664500	EYA4	within_gene	0			
SNUH	cg21607030	EYA4	cg26656135	EYA4	within_gene	0			
SNUH	cg21607030	EYA4	cg20286200	EYA4	within_gene	0			
SNUH	cg21607030	EYA4	cg14270292	EYA4	within_gene	0			
SNUH	cg21607030	EYA4	cg06181518	EYA4	within_gene	0			
SNUH	cg21607030	EYA4	cg14287112	EYA4	within_gene	0			
SNUH	cg21607030	EYA4	cg01328892	EYA4	within_gene	0			
SNUH	cg21607030	EYA4	cg05493394	EYA4	within_gene	0			
SNUH	cg21607030	EYA4	cg26449787	EYA4	within_gene	0			
SNUH	cg21607030	EYA4	cg22871668	EYA4	within_gene	0			
SNUH	cg21607030	EYA4	cg20980055	EYA4	within_gene	0			
SNUH	cg21607030	EYA4	cg06611358	ZNF568	between_gene	0			
SNUH	cg21607030	EYA4	cg27390819	ZNF568	between_gene	0			
SNUH	cg21607030	EYA4	cg20154403	ZNF568	between_gene	0			
SNUH	cg21607030	EYA4	cg21761844	ZNF568	between_gene	0			
SNUH	cg21607030	EYA4	cg20680720	ZNF568	between_gene	0			
SNUH	cg21607030	EYA4	cg02459604	ZNF568	between_gene	0			
SNUH	cg21607030	EYA4	cg03060201	ZNF568	between_gene	0			
SNUH	cg21607030	EYA4	cg03443751	ZNF568	between_gene	0			
SNUH	cg21607030	EYA4	cg17332326	ZNF793	between_gene	0			
SNUH	cg21607030	EYA4	cg11623861	ZNF793	between_gene	0			
SNUH	cg21607030	EYA4	cg14732998	ZNF793	between_gene	0			
SNUH	cg21607030	EYA4	cg07482795	ZNF793	between_gene	0			
SNUH	cg21607030	EYA4	cg13181745	ZNF793	between_gene	0			
SNUH	cg21607030	EYA4	cg24078985	ZNF793	between_gene	0			
SNUH	cg21607030	EYA4	cg15139588	ZNF793	between_gene	0			
SNUH	cg21607030	EYA4	cg25361907	ZNF793	between_gene	0			
SNUH	cg21607030	EYA4	cg20299663	SFMBT2	between_gene	0			
SNUH	cg21607030	EYA4	cg20506550	SFMBT2	between_gene	0			
SNUH	cg21607030	EYA4	cg01056653	SFMBT2	between_gene	0			
SNUH	cg21607030	EYA4	cg22862480	SFMBT2	between_gene	0			
SNUH	cg21607030	EYA4	cg12767281	SFMBT2	between_gene	0			
SNUH	cg21607030	EYA4	cg26878816	SFMBT2	between_gene	0			
SNUH	cg21607030	EYA4	cg12328063	SFMBT2	between_gene	0			
SNUH	cg21607030	EYA4	cg16818993	SFMBT2	between_gene	0			
SNUH	cg21607030	EYA4	cg20295442	ADHFE1	between_gene	0			
SNUH	cg21607030	EYA4	cg19283840	ADHFE1	between_gene	0			
SNUH	cg21607030	EYA4	cg25046651	ADHFE1	between_gene	0			
SNUH	cg21607030	EYA4	cg01588438	ADHFE1	between_gene	0			
SNUH	cg21607030	EYA4	cg08090772	ADHFE1	between_gene	0			
SNUH	cg21607030	EYA4	cg09383816	ADHFE1	between_gene	0			
SNUH	cg21607030	EYA4	cg20912169	ADHFE1	between_gene	0			
SNUH	cg21607030	EYA4	cg18065361	ADHFE1	between_gene	0			
SNUH	cg21607030	EYA4	cg04481096	HOXA2	between_gene	0			
SNUH	cg21607030	EYA4	cg19598584	HOXA2	between_gene	0			
SNUH	cg21607030	EYA4	cg09871315	HOXA2	between_gene	0			
SNUH	cg21607030	EYA4	cg13661519	HOXA2	between_gene	0			
SNUH	cg21607030	EYA4	cg02803819	HOXA2	between_gene	0			
SNUH	cg21607030	EYA4	cg03763508	HOXA2	between_gene	0			
SNUH	cg21607030	EYA4	cg00188704	HOXA2	between_gene	0			
SNUH	cg21607030	EYA4	cg06786372	HOXA2	between_gene	0			
SNUH	cg21607030	EYA4	cg19236679	GFRA1	between_gene	0			
SNUH	cg21607030	EYA4	cg06298519	GFRA1	between_gene	0			
SNUH	cg21607030	EYA4	cg19485539	GFRA1	between_gene	0			
SNUH	cg21607030	EYA4	cg18672939	GFRA1	between_gene	0			
SNUH	cg21607030	EYA4	cg27034576	GFRA1	between_gene	0			
SNUH	cg21607030	EYA4	cg18044663	GFRA1	between_gene	0			
SNUH	cg21607030	EYA4	cg15701178	UNC5C	between_gene	0			
SNUH	cg21607030	EYA4	cg03008707	UNC5C	between_gene	0			
SNUH	cg21607030	EYA4	cg24870497	UNC5C	between_gene	0			
SNUH	cg21607030	EYA4	cg13265789	UNC5C	between_gene	0			
SNUH	cg21607030	EYA4	cg12584684	UNC5C	between_gene	0			
SNUH	cg21607030	EYA4	cg08327106	RALYL	between_gene	0			
SNUH	cg21607030	EYA4	cg09757712	RALYL	between_gene	0			
SNUH	cg21607030	EYA4	cg11089595	RALYL	between_gene	0			
SNUH	cg21607030	EYA4	cg01134282	RALYL	between_gene	0			
SNUH	cg21607030	EYA4	cg06955749	RALYL	between_gene	0			
SNUH	cg21607030	EYA4	cg11666087	BEND5	between_gene	0			
SNUH	cg21607030	EYA4	cg16573178	BEND5	between_gene	0			
SNUH	cg21607030	EYA4	cg06744574	BEND5	between_gene	0			
SNUH	cg21607030	EYA4	cg03603214	BEND5	between_gene	0			
SNUH	cg11664500	EYA4	cg26656135	EYA4	within_gene	0			
SNUH	cg11664500	EYA4	cg20286200	EYA4	within_gene	142	0.8738157257785668	1.1142600374314973e-45	6.422189670286993e-45
SNUH	cg11664500	EYA4	cg14270292	EYA4	within_gene	142	0.9696599474843408	1.5481663669797355e-87	7.01098197617966e-86
SNUH	cg11664500	EYA4	cg06181518	EYA4	within_gene	142	0.740996791641083	5.533823322557471e-26	1.449770242355965e-25
SNUH	cg11664500	EYA4	cg14287112	EYA4	within_gene	142	0.9829292673164414	8.028382978824988e-105	2.544997404287521e-102
SNUH	cg11664500	EYA4	cg01328892	EYA4	within_gene	142	0.8221215404313997	4.578877005350666e-36	1.7488000128869412e-35
SNUH	cg11664500	EYA4	cg05493394	EYA4	within_gene	142	0.6876135551592549	3.3494417269396064e-21	7.53030515914791e-21
SNUH	cg11664500	EYA4	cg26449787	EYA4	within_gene	142	0.8917121236569843	4.75919273536802e-50	3.3525868824703607e-49
SNUH	cg11664500	EYA4	cg22871668	EYA4	within_gene	142	0.971885471435966	8.075707820223846e-90	5.119998758021919e-88
SNUH	cg11664500	EYA4	cg20980055	EYA4	within_gene	142	0.9099102874949444	2.326164617160999e-55	2.168806422470696e-54
SNUH	cg11664500	EYA4	cg06611358	ZNF568	between_gene	0			
SNUH	cg11664500	EYA4	cg27390819	ZNF568	between_gene	142	0.7016498634718593	2.3476409948235756e-22	5.633046916298034e-21
SNUH	cg11664500	EYA4	cg20154403	ZNF568	between_gene	142	0.7143743280992307	1.838611202078021e-23	6.149918751566099e-22
SNUH	cg11664500	EYA4	cg21761844	ZNF568	between_gene	0			
SNUH	cg11664500	EYA4	cg20680720	ZNF568	between_gene	142	0.4768342236127673	1.9854842774390915e-09	4.868541804359577e-09
SNUH	cg11664500	EYA4	cg02459604	ZNF568	between_gene	142	0.632667003359242	3.016373468390499e-17	2.0494058278726072e-16
SNUH	cg11664500	EYA4	cg03060201	ZNF568	between_gene	142	0.6623616120169913	2.7898966656920743e-19	2.9350162906413796e-18
SNUH	cg11664500	EYA4	cg03443751	ZNF568	between_gene	142	0.6141461175923267	4.3703462464509284e-16	2.431179820253832e-15
SNUH	cg11664500	EYA4	cg17332326	ZNF793	between_gene	142	0.5024214622656337	1.8799128165306457e-10	5.030453885465082e-10
SNUH	cg11664500	EYA4	cg11623861	ZNF793	between_gene	0			
SNUH	cg11664500	EYA4	cg14732998	ZNF793	between_gene	0			
SNUH	cg11664500	EYA4	cg07482795	ZNF793	between_gene	142	0.385788918902494	2.1220624274011812e-06	4.376648911533346e-06
SNUH	cg11664500	EYA4	cg13181745	ZNF793	between_gene	0			
SNUH	cg11664500	EYA4	cg24078985	ZNF793	between_gene	142	0.4704594177174339	3.4679078893029032e-09	8.300707966230527e-09
SNUH	cg11664500	EYA4	cg15139588	ZNF793	between_gene	142	0.5379208744506917	5.077974103797067e-12	1.5904483117414822e-11
SNUH	cg11664500	EYA4	cg25361907	ZNF793	between_gene	142	0.5062605958620343	1.2975154475948834e-10	3.5262685445573444e-10
SNUH	cg11664500	EYA4	cg20299663	SFMBT2	between_gene	142	0.7080623901121355	6.616103005501693e-23	1.9615241751538547e-21
SNUH	cg11664500	EYA4	cg20506550	SFMBT2	between_gene	0			
SNUH	cg11664500	EYA4	cg01056653	SFMBT2	between_gene	0			
SNUH	cg11664500	EYA4	cg22862480	SFMBT2	between_gene	142	0.654440255579003	1.0243176005341884e-18	9.311653727504172e-18
SNUH	cg11664500	EYA4	cg12767281	SFMBT2	between_gene	142	0.6140622937146762	4.421787317700057e-16	2.4545623642296704e-15
SNUH	cg11664500	EYA4	cg26878816	SFMBT2	between_gene	142	0.7046633318734009	1.3001394288475351e-22	3.3255527155521754e-21
SNUH	cg11664500	EYA4	cg12328063	SFMBT2	between_gene	142	0.6857778122387053	4.6896424897878006e-21	7.944985231075565e-20
SNUH	cg11664500	EYA4	cg16818993	SFMBT2	between_gene	142	0.6727138609068487	4.798368470484565e-20	5.989925042820206e-19
SNUH	cg11664500	EYA4	cg20295442	ADHFE1	between_gene	0			
SNUH	cg11664500	EYA4	cg19283840	ADHFE1	between_gene	0			
SNUH	cg11664500	EYA4	cg25046651	ADHFE1	between_gene	142	0.6379101869062912	1.3691096105016277e-17	1.0061991475489427e-16
SNUH	cg11664500	EYA4	cg01588438	ADHFE1	between_gene	142	0.6050512268672293	1.5248929141558209e-15	7.592453459985757e-15
SNUH	cg11664500	EYA4	cg08090772	ADHFE1	between_gene	0			
SNUH	cg11664500	EYA4	cg09383816	ADHFE1	between_gene	142	0.5958641298767161	5.1783867234800535e-15	2.3869984031023782e-14
SNUH	cg11664500	EYA4	cg20912169	ADHFE1	between_gene	142	0.6068282930734235	1.1982739695739008e-15	6.1420369088768306e-15
SNUH	cg11664500	EYA4	cg18065361	ADHFE1	between_gene	142	0.6062331435421038	1.2992352367392922e-15	6.620517055962526e-15
SNUH	cg11664500	EYA4	cg04481096	HOXA2	between_gene	142	0.5548197681850664	7.806126287977046e-13	2.733715904071424e-12
SNUH	cg11664500	EYA4	cg19598584	HOXA2	between_gene	0			
SNUH	cg11664500	EYA4	cg09871315	HOXA2	between_gene	0			
SNUH	cg11664500	EYA4	cg13661519	HOXA2	between_gene	142	0.5772426554566201	5.4966499871247863e-14	2.2096702336530922e-13
SNUH	cg11664500	EYA4	cg02803819	HOXA2	between_gene	142	0.5829133407796879	2.7200856586572042e-14	1.1336587034243843e-13
SNUH	cg11664500	EYA4	cg03763508	HOXA2	between_gene	142	0.4604885674708869	8.111234575674067e-09	1.8979561442092953e-08
SNUH	cg11664500	EYA4	cg00188704	HOXA2	between_gene	142	0.5824313534831965	2.8892188691446934e-14	1.2022283938753593e-13
SNUH	cg11664500	EYA4	cg06786372	HOXA2	between_gene	142	0.5707253489692807	1.2134992480905756e-13	4.649074211847741e-13
SNUH	cg11664500	EYA4	cg19236679	GFRA1	between_gene	142	0.728574092973254	9.051374798847506e-25	4.9197993437902385e-23
SNUH	cg11664500	EYA4	cg06298519	GFRA1	between_gene	142	0.7162477917647232	1.2488983895125398e-23	4.6548227117688815e-22
SNUH	cg11664500	EYA4	cg19485539	GFRA1	between_gene	142	0.749530062385921	7.384965527563728e-27	8.377119591919028e-25
SNUH	cg11664500	EYA4	cg18672939	GFRA1	between_gene	142	0.7007613303687622	2.7905631514710303e-22	6.6187084201708336e-21
SNUH	cg11664500	EYA4	cg27034576	GFRA1	between_gene	142	0.7365666997072452	1.526497408732684e-25	1.135031428749678e-23
SNUH	cg11664500	EYA4	cg18044663	GFRA1	between_gene	142	0.7574765659872044	1.0507889738756438e-27	1.8276722885610363e-25
SNUH	cg11664500	EYA4	cg15701178	UNC5C	between_gene	142	0.5764044166801134	6.092023229062436e-14	2.434010506067978e-13
SNUH	cg11664500	EYA4	cg03008707	UNC5C	between_gene	142	0.6524955416175074	1.4013203517193425e-18	1.2393372195375477e-17
SNUH	cg11664500	EYA4	cg24870497	UNC5C	between_gene	0			
SNUH	cg11664500	EYA4	cg13265789	UNC5C	between_gene	142	0.7467261536785061	1.4441320337976366e-26	1.5070961904712136e-24
SNUH	cg11664500	EYA4	cg12584684	UNC5C	between_gene	142	0.6467075028657289	3.513967597584501e-18	2.8920950984536157e-17
SNUH	cg11664500	EYA4	cg08327106	RALYL	between_gene	0			
SNUH	cg11664500	EYA4	cg09757712	RALYL	between_gene	0			
SNUH	cg11664500	EYA4	cg11089595	RALYL	between_gene	142	0.6837199360423813	6.81901293082763e-21	1.078230590092684e-19
SNUH	cg11664500	EYA4	cg01134282	RALYL	between_gene	0			
SNUH	cg11664500	EYA4	cg06955749	RALYL	between_gene	142	0.6303576555299659	4.2512153953201547e-17	2.802601417959714e-16
SNUH	cg11664500	EYA4	cg11666087	BEND5	between_gene	142	0.5494215104643634	1.4361087485320914e-12	4.904198592827522e-12
SNUH	cg11664500	EYA4	cg16573178	BEND5	between_gene	142	0.5585122099955783	5.111935249182942e-13	1.8195141971512e-12
SNUH	cg11664500	EYA4	cg06744574	BEND5	between_gene	142	0.5912789637692245	9.395567276543168e-15	4.175985523765097e-14
SNUH	cg11664500	EYA4	cg03603214	BEND5	between_gene	142	0.4433256285219126	3.2903761621704754e-08	7.41329137055507e-08
SNUH	cg26656135	EYA4	cg20286200	EYA4	within_gene	0			
SNUH	cg26656135	EYA4	cg14270292	EYA4	within_gene	0			
SNUH	cg26656135	EYA4	cg06181518	EYA4	within_gene	0			
SNUH	cg26656135	EYA4	cg14287112	EYA4	within_gene	0			
SNUH	cg26656135	EYA4	cg01328892	EYA4	within_gene	0			
SNUH	cg26656135	EYA4	cg05493394	EYA4	within_gene	0			
SNUH	cg26656135	EYA4	cg26449787	EYA4	within_gene	0			
SNUH	cg26656135	EYA4	cg22871668	EYA4	within_gene	0			
SNUH	cg26656135	EYA4	cg20980055	EYA4	within_gene	0			
SNUH	cg26656135	EYA4	cg06611358	ZNF568	between_gene	0			
SNUH	cg26656135	EYA4	cg27390819	ZNF568	between_gene	0			
SNUH	cg26656135	EYA4	cg20154403	ZNF568	between_gene	0			
SNUH	cg26656135	EYA4	cg21761844	ZNF568	between_gene	0			
SNUH	cg26656135	EYA4	cg20680720	ZNF568	between_gene	0			
SNUH	cg26656135	EYA4	cg02459604	ZNF568	between_gene	0			
SNUH	cg26656135	EYA4	cg03060201	ZNF568	between_gene	0			
SNUH	cg26656135	EYA4	cg03443751	ZNF568	between_gene	0			
SNUH	cg26656135	EYA4	cg17332326	ZNF793	between_gene	0			
SNUH	cg26656135	EYA4	cg11623861	ZNF793	between_gene	0			
SNUH	cg26656135	EYA4	cg14732998	ZNF793	between_gene	0			
SNUH	cg26656135	EYA4	cg07482795	ZNF793	between_gene	0			
SNUH	cg26656135	EYA4	cg13181745	ZNF793	between_gene	0			
SNUH	cg26656135	EYA4	cg24078985	ZNF793	between_gene	0			
SNUH	cg26656135	EYA4	cg15139588	ZNF793	between_gene	0			
SNUH	cg26656135	EYA4	cg25361907	ZNF793	between_gene	0			
SNUH	cg26656135	EYA4	cg20299663	SFMBT2	between_gene	0			
SNUH	cg26656135	EYA4	cg20506550	SFMBT2	between_gene	0			
SNUH	cg26656135	EYA4	cg01056653	SFMBT2	between_gene	0			
SNUH	cg26656135	EYA4	cg22862480	SFMBT2	between_gene	0			
SNUH	cg26656135	EYA4	cg12767281	SFMBT2	between_gene	0			
SNUH	cg26656135	EYA4	cg26878816	SFMBT2	between_gene	0			
SNUH	cg26656135	EYA4	cg12328063	SFMBT2	between_gene	0			
SNUH	cg26656135	EYA4	cg16818993	SFMBT2	between_gene	0			
SNUH	cg26656135	EYA4	cg20295442	ADHFE1	between_gene	0			
SNUH	cg26656135	EYA4	cg19283840	ADHFE1	between_gene	0			
SNUH	cg26656135	EYA4	cg25046651	ADHFE1	between_gene	0			
SNUH	cg26656135	EYA4	cg01588438	ADHFE1	between_gene	0			
SNUH	cg26656135	EYA4	cg08090772	ADHFE1	between_gene	0			
SNUH	cg26656135	EYA4	cg09383816	ADHFE1	between_gene	0			
SNUH	cg26656135	EYA4	cg20912169	ADHFE1	between_gene	0			
SNUH	cg26656135	EYA4	cg18065361	ADHFE1	between_gene	0			
SNUH	cg26656135	EYA4	cg04481096	HOXA2	between_gene	0			
SNUH	cg26656135	EYA4	cg19598584	HOXA2	between_gene	0			
SNUH	cg26656135	EYA4	cg09871315	HOXA2	between_gene	0			
SNUH	cg26656135	EYA4	cg13661519	HOXA2	between_gene	0			
SNUH	cg26656135	EYA4	cg02803819	HOXA2	between_gene	0			
SNUH	cg26656135	EYA4	cg03763508	HOXA2	between_gene	0			
SNUH	cg26656135	EYA4	cg00188704	HOXA2	between_gene	0			
SNUH	cg26656135	EYA4	cg06786372	HOXA2	between_gene	0			
SNUH	cg26656135	EYA4	cg19236679	GFRA1	between_gene	0			
SNUH	cg26656135	EYA4	cg06298519	GFRA1	between_gene	0			
SNUH	cg26656135	EYA4	cg19485539	GFRA1	between_gene	0			
SNUH	cg26656135	EYA4	cg18672939	GFRA1	between_gene	0			
SNUH	cg26656135	EYA4	cg27034576	GFRA1	between_gene	0			
SNUH	cg26656135	EYA4	cg18044663	GFRA1	between_gene	0			
SNUH	cg26656135	EYA4	cg15701178	UNC5C	between_gene	0			
SNUH	cg26656135	EYA4	cg03008707	UNC5C	between_gene	0			
SNUH	cg26656135	EYA4	cg24870497	UNC5C	between_gene	0			
SNUH	cg26656135	EYA4	cg13265789	UNC5C	between_gene	0			
SNUH	cg26656135	EYA4	cg12584684	UNC5C	between_gene	0			
SNUH	cg26656135	EYA4	cg08327106	RALYL	between_gene	0			
SNUH	cg26656135	EYA4	cg09757712	RALYL	between_gene	0			
SNUH	cg26656135	EYA4	cg11089595	RALYL	between_gene	0			
SNUH	cg26656135	EYA4	cg01134282	RALYL	between_gene	0			
SNUH	cg26656135	EYA4	cg06955749	RALYL	between_gene	0			
SNUH	cg26656135	EYA4	cg11666087	BEND5	between_gene	0			
SNUH	cg26656135	EYA4	cg16573178	BEND5	between_gene	0			
SNUH	cg26656135	EYA4	cg06744574	BEND5	between_gene	0			
SNUH	cg26656135	EYA4	cg03603214	BEND5	between_gene	0			
SNUH	cg20286200	EYA4	cg14270292	EYA4	within_gene	142	0.8524993136920018	2.8504324587324656e-41	1.3690713476033206e-40
SNUH	cg20286200	EYA4	cg06181518	EYA4	within_gene	142	0.7498779314781712	6.791165061235014e-27	1.8090750625306723e-26
SNUH	cg20286200	EYA4	cg14287112	EYA4	within_gene	142	0.8532663021725055	2.035257124043813e-41	9.925792435721364e-41
SNUH	cg20286200	EYA4	cg01328892	EYA4	within_gene	142	0.8162329130264403	3.5934896756232494e-35	1.3093519852558274e-34
SNUH	cg20286200	EYA4	cg05493394	EYA4	within_gene	142	0.7224172291598124	3.4175462480109826e-24	8.463766879839699e-24
SNUH	cg20286200	EYA4	cg26449787	EYA4	within_gene	142	0.8645406137165202	1.1401295587212834e-43	6.231397760597359e-43
SNUH	cg20286200	EYA4	cg22871668	EYA4	within_gene	142	0.8473567187981333	2.599161070083833e-40	1.1941073321979348e-39
SNUH	cg20286200	EYA4	cg20980055	EYA4	within_gene	142	0.93164162777588	2.0354778564989316e-63	2.688527002125672e-62
SNUH	cg20286200	EYA4	cg06611358	ZNF568	between_gene	0			
SNUH	cg20286200	EYA4	cg27390819	ZNF568	between_gene	142	0.6295194167534593	4.81170151581931e-17	3.1542033303448693e-16
SNUH	cg20286200	EYA4	cg20154403	ZNF568	between_gene	142	0.6947804966983872	8.786905543748436e-22	1.7910184815343492e-20
SNUH	cg20286200	EYA4	cg21761844	ZNF568	between_gene	0			
SNUH	cg20286200	EYA4	cg20680720	ZNF568	between_gene	142	0.5249365558026031	1.9976870067501248e-11	5.902565572605974e-11
SNUH	cg20286200	EYA4	cg02459604	ZNF568	between_gene	142	0.6562759984995526	7.603958102793553e-19	7.136232622369921e-18
SNUH	cg20286200	EYA4	cg03060201	ZNF568	between_gene	142	0.672198344059297	5.246782061918879e-20	6.487608720164149e-19
SNUH	cg20286200	EYA4	cg03443751	ZNF568	between_gene	142	0.6323442814302869	3.165092381423756e-17	2.1393072598794248e-16
SNUH	cg20286200	EYA4	cg17332326	ZNF793	between_gene	142	0.5411480937402424	3.579884645916623e-12	1.1502363351227179e-11
SNUH	cg20286200	EYA4	cg11623861	ZNF793	between_gene	0			
SNUH	cg20286200	EYA4	cg14732998	ZNF793	between_gene	0			
SNUH	cg20286200	EYA4	cg07482795	ZNF793	between_gene	142	0.408748278991012	4.415100104929865e-07	9.357429873080436e-07
SNUH	cg20286200	EYA4	cg13181745	ZNF793	between_gene	0			
SNUH	cg20286200	EYA4	cg24078985	ZNF793	between_gene	142	0.5046302214417288	1.5196372494117638e-10	4.108532211103929e-10
SNUH	cg20286200	EYA4	cg15139588	ZNF793	between_gene	142	0.5242366264242201	2.147238687004434e-11	6.322963582838114e-11
SNUH	cg20286200	EYA4	cg25361907	ZNF793	between_gene	142	0.5255191317522753	1.8809473971260163e-11	5.576581544433837e-11
SNUH	cg20286200	EYA4	cg20299663	SFMBT2	between_gene	142	0.7319438128548108	4.3071055277474635e-25	2.675532933784079e-23
SNUH	cg20286200	EYA4	cg20506550	SFMBT2	between_gene	0			
SNUH	cg20286200	EYA4	cg01056653	SFMBT2	between_gene	0			
SNUH	cg20286200	EYA4	cg22862480	SFMBT2	between_gene	142	0.6330358284209049	2.8547486259187764e-17	1.9612381034079291e-16
SNUH	cg20286200	EYA4	cg12767281	SFMBT2	between_gene	142	0.682035076101603	9.243643140162052e-21	1.3940268758776185e-19
SNUH	cg20286200	EYA4	cg26878816	SFMBT2	between_gene	142	0.6988124252133843	4.0678527064142533e-22	9.2287197487259e-21
SNUH	cg20286200	EYA4	cg12328063	SFMBT2	between_gene	142	0.6646039007441465	1.916801362089209e-19	2.1100990521901887e-18
SNUH	cg20286200	EYA4	cg16818993	SFMBT2	between_gene	142	0.6769427755343249	2.2900403079954375e-20	3.048324063040866e-19
SNUH	cg20286200	EYA4	cg20295442	ADHFE1	between_gene	0			
SNUH	cg20286200	EYA4	cg19283840	ADHFE1	between_gene	0			
SNUH	cg20286200	EYA4	cg25046651	ADHFE1	between_gene	142	0.5890241014604216	1.2550645008663095e-14	5.5125644490912505e-14
SNUH	cg20286200	EYA4	cg01588438	ADHFE1	between_gene	142	0.5709390998572899	1.18271177598428e-13	4.537786799327922e-13
SNUH	cg20286200	EYA4	cg08090772	ADHFE1	between_gene	0			
SNUH	cg20286200	EYA4	cg09383816	ADHFE1	between_gene	142	0.5650546636462129	2.3834596800761084e-13	8.820491213217825e-13
SNUH	cg20286200	EYA4	cg20912169	ADHFE1	between_gene	142	0.5628123749190576	3.10169547711774e-13	1.1333786414285972e-12
SNUH	cg20286200	EYA4	cg18065361	ADHFE1	between_gene	142	0.5600168485994078	4.295521963660974e-13	1.541542889022212e-12
SNUH	cg20286200	EYA4	cg04481096	HOXA2	between_gene	142	0.5415881690979085	3.412249451561558e-12	1.1004399034764036e-11
SNUH	cg20286200	EYA4	cg19598584	HOXA2	between_gene	0			
SNUH	cg20286200	EYA4	cg09871315	HOXA2	between_gene	0			
SNUH	cg20286200	EYA4	cg13661519	HOXA2	between_gene	142	0.5087208266710814	1.0206238057590753e-10	2.797066711371248e-10
SNUH	cg20286200	EYA4	cg02803819	HOXA2	between_gene	142	0.5324346016584555	9.12259852480301e-12	2.796810758074154e-11
SNUH	cg20286200	EYA4	cg03763508	HOXA2	between_gene	142	0.4284049783000937	1.0455459841058189e-07	2.292293674396707e-07
SNUH	cg20286200	EYA4	cg00188704	HOXA2	between_gene	142	0.5407918422602271	3.7214131682563044e-12	1.1898488916643012e-11
SNUH	cg20286200	EYA4	cg06786372	HOXA2	between_gene	142	0.5287337774601785	1.3464133058118027e-11	4.0657318459062416e-11
SNUH	cg20286200	EYA4	cg19236679	GFRA1	between_gene	142	0.706046425854637	9.888118079644779e-23	2.6595979453395077e-21
SNUH	cg20286200	EYA4	cg06298519	GFRA1	between_gene	142	0.7270233512367166	1.2691844214913132e-24	6.367888760905454e-23
SNUH	cg20286200	EYA4	cg19485539	GFRA1	between_gene	142	0.7242906928253049	2.2897706616850464e-24	1.0300020097131528e-22
SNUH	cg20286200	EYA4	cg18672939	GFRA1	between_gene	142	0.6916580572558997	1.5816054064525398e-21	3.056598892914575e-20
SNUH	cg20286200	EYA4	cg27034576	GFRA1	between_gene	142	0.731072044527244	5.225067993583263e-25	3.170279626804356e-23
SNUH	cg20286200	EYA4	cg18044663	GFRA1	between_gene	142	0.7298063039747188	6.907753675763898e-25	4.049505117366041e-23
SNUH	cg20286200	EYA4	cg15701178	UNC5C	between_gene	142	0.612607949437437	5.414158497852974e-16	2.9506811852722306e-15
SNUH	cg20286200	EYA4	cg03008707	UNC5C	between_gene	142	0.661095871464466	3.443419517835953e-19	3.457742037480545e-18
SNUH	cg20286200	EYA4	cg24870497	UNC5C	between_gene	0			
SNUH	cg20286200	EYA4	cg13265789	UNC5C	between_gene	142	0.7297560096481285	6.984581459619466e-25	4.049505117366041e-23
SNUH	cg20286200	EYA4	cg12584684	UNC5C	between_gene	142	0.691197025928821	1.7239081239188166e-21	3.259185721234922e-20
SNUH	cg20286200	EYA4	cg08327106	RALYL	between_gene	0			
SNUH	cg20286200	EYA4	cg09757712	RALYL	between_gene	0			
SNUH	cg20286200	EYA4	cg11089595	RALYL	between_gene	142	0.649741927236683	2.175504267995846e-18	1.8609477492462826e-17
SNUH	cg20286200	EYA4	cg01134282	RALYL	between_gene	0			
SNUH	cg20286200	EYA4	cg06955749	RALYL	between_gene	142	0.6216022515093538	1.521807230718824e-16	9.186048522711316e-16
SNUH	cg20286200	EYA4	cg11666087	BEND5	between_gene	142	0.4969016599223372	3.1781973098316266e-10	8.33358470487509e-10
SNUH	cg20286200	EYA4	cg16573178	BEND5	between_gene	142	0.5161434310370481	4.8894699761220627e-11	1.4033693253798092e-10
SNUH	cg20286200	EYA4	cg06744574	BEND5	between_gene	142	0.5006737344166172	2.2222001760741631e-10	5.916041080997442e-10
SNUH	cg20286200	EYA4	cg03603214	BEND5	between_gene	142	0.439415244629509	4.4789518984139866e-08	1.0013355186771285e-07
SNUH	cg14270292	EYA4	cg06181518	EYA4	within_gene	142	0.6965617540984638	6.262574000534464e-22	1.4282273080355577e-21
SNUH	cg14270292	EYA4	cg14287112	EYA4	within_gene	142	0.9665123608785582	1.3911135122657934e-84	4.899810926536184e-83
SNUH	cg14270292	EYA4	cg01328892	EYA4	within_gene	142	0.7940992181327813	4.4850121696612846e-32	1.4507641405945174e-31
SNUH	cg14270292	EYA4	cg05493394	EYA4	within_gene	142	0.6687909034327975	9.427598022534502e-20	2.0192895764482688e-19
SNUH	cg14270292	EYA4	cg26449787	EYA4	within_gene	142	0.8985018577466886	6.526688926726453e-52	4.9260961661244894e-51
SNUH	cg14270292	EYA4	cg22871668	EYA4	within_gene	142	0.967015304144462	4.9076188557704843e-85	1.9446439715990543e-83
SNUH	cg14270292	EYA4	cg20980055	EYA4	within_gene	142	0.8956308899371531	4.1497634230730173e-51	3.059244197939875e-50
SNUH	cg14270292	EYA4	cg06611358	ZNF568	between_gene	0			
SNUH	cg14270292	EYA4	cg27390819	ZNF568	between_gene	142	0.7172578694904137	1.0125286711861532e-23	3.828532323369093e-22
SNUH	cg14270292	EYA4	cg20154403	ZNF568	between_gene	142	0.7085820981535695	5.961743688999004e-23	1.8086266609998146e-21
SNUH	cg14270292	EYA4	cg21761844	ZNF568	between_gene	0			
SNUH	cg14270292	EYA4	cg20680720	ZNF568	between_gene	142	0.4767252525718213	2.0046957388307016e-09	4.911033974281033e-09
SNUH	cg14270292	EYA4	cg02459604	ZNF568	between_gene	142	0.6010821662604702	2.59843278564148e-15	1.2393621824019416e-14
SNUH	cg14270292	EYA4	cg03060201	ZNF568	between_gene	142	0.661347343097418	3.3026745519302507e-19	3.3691637322554407e-18
SNUH	cg14270292	EYA4	cg03443751	ZNF568	between_gene	142	0.6205083499060126	1.779676916613884e-16	1.0571641380861409e-15
SNUH	cg14270292	EYA4	cg17332326	ZNF793	between_gene	142	0.4672657279789435	4.5661946465892615e-09	1.0840038064559948e-08
SNUH	cg14270292	EYA4	cg11623861	ZNF793	between_gene	0			
SNUH	cg14270292	EYA4	cg14732998	ZNF793	between_gene	0			
SNUH	cg14270292	EYA4	cg07482795	ZNF793	between_gene	142	0.3658765567665777	7.547247732156057e-06	1.507715875436076e-05
SNUH	cg14270292	EYA4	cg13181745	ZNF793	between_gene	0			
SNUH	cg14270292	EYA4	cg24078985	ZNF793	between_gene	142	0.4534808912992911	1.4503001868373689e-08	3.351490865773866e-08
SNUH	cg14270292	EYA4	cg15139588	ZNF793	between_gene	142	0.5060426537801426	1.325279145656299e-10	3.597974288259402e-10
SNUH	cg14270292	EYA4	cg25361907	ZNF793	between_gene	142	0.4884396394735023	6.982085174035328e-10	1.766853561499338e-09
SNUH	cg14270292	EYA4	cg20299663	SFMBT2	between_gene	142	0.733037714458152	3.3762442628038047e-25	2.1484442150378356e-23
SNUH	cg14270292	EYA4	cg20506550	SFMBT2	between_gene	0			
SNUH	cg14270292	EYA4	cg01056653	SFMBT2	between_gene	0			
SNUH	cg14270292	EYA4	cg22862480	SFMBT2	between_gene	142	0.6729443765703881	4.6101919445207104e-20	5.782687876564681e-19
SNUH	cg14270292	EYA4	cg12767281	SFMBT2	between_gene	142	0.6263131534333214	7.700706772346951e-17	4.818020136463596e-16
SNUH	cg14270292	EYA4	cg26878816	SFMBT2	between_gene	142	0.7066499577737217	8.770493444748241e-23	2.408654462878754e-21
SNUH	cg14270292	EYA4	cg12328063	SFMBT2	between_gene	142	0.7040765647298463	1.4595363727067964e-22	3.661471534992338e-21
SNUH	cg14270292	EYA4	cg16818993	SFMBT2	between_gene	142	0.6737155562447742	4.031617897337722e-20	5.196672534538858e-19
SNUH	cg14270292	EYA4	cg20295442	ADHFE1	between_gene	0			
SNUH	cg14270292	EYA4	cg19283840	ADHFE1	between_gene	0			
SNUH	cg14270292	EYA4	cg25046651	ADHFE1	between_gene	142	0.6666533945527053	1.3562806466017572e-19	1.5452123174602552e-18
SNUH	cg14270292	EYA4	cg01588438	ADHFE1	between_gene	142	0.6269041117707586	7.064238016486647e-17	4.473445870148948e-16
SNUH	cg14270292	EYA4	cg08090772	ADHFE1	between_gene	0			
SNUH	cg14270292	EYA4	cg09383816	ADHFE1	between_gene	142	0.6088987428513949	9.03158370694745e-16	4.7126803782851795e-15
SNUH	cg14270292	EYA4	cg20912169	ADHFE1	between_gene	142	0.6105710292105259	7.176795285876903e-16	3.821277326704661e-15
SNUH	cg14270292	EYA4	cg18065361	ADHFE1	between_gene	142	0.6254371939118718	8.748178999242774e-17	5.421377436822899e-16
SNUH	cg14270292	EYA4	cg04481096	HOXA2	between_gene	142	0.6029975418647879	2.010986128203409e-15	9.734068290320395e-15
SNUH	cg14270292	EYA4	cg19598584	HOXA2	between_gene	0			
SNUH	cg14270292	EYA4	cg09871315	HOXA2	between_gene	0			
SNUH	cg14270292	EYA4	cg13661519	HOXA2	between_gene	142	0.5834665783721822	2.5378081859021112e-14	1.0610803777273408e-13
SNUH	cg14270292	EYA4	cg02803819	HOXA2	between_gene	142	0.5996697339220565	3.1355461892962577e-15	1.4809665082512862e-14
SNUH	cg14270292	EYA4	cg03763508	HOXA2	between_gene	142	0.4881127263506646	7.194555211529988e-10	1.817095309475483e-09
SNUH	cg14270292	EYA4	cg00188704	HOXA2	between_gene	142	0.5935925027923831	6.9644761387738504e-15	3.143653675789096e-14
SNUH	cg14270292	EYA4	cg06786372	HOXA2	between_gene	142	0.5873518151012908	1.5534386927327303e-14	6.73242782282341e-14
SNUH	cg14270292	EYA4	cg19236679	GFRA1	between_gene	142	0.7407914231408388	5.802993112230153e-26	5.046669676602823e-24
SNUH	cg14270292	EYA4	cg06298519	GFRA1	between_gene	142	0.7345423530619815	2.4105802902085412e-25	1.612616404398483e-23
SNUH	cg14270292	EYA4	cg19485539	GFRA1	between_gene	142	0.7745514898646454	1.2205398654228057e-29	6.3687770177762e-27
SNUH	cg14270292	EYA4	cg18672939	GFRA1	between_gene	142	0.7138168993128537	2.0616060734234314e-23	6.80851929817941e-22
SNUH	cg14270292	EYA4	cg27034576	GFRA1	between_gene	142	0.7538218449216353	2.600081689528483e-27	3.990360663517536e-25
SNUH	cg14270292	EYA4	cg18044663	GFRA1	between_gene	142	0.7582142161105303	8.734815482948662e-28	1.750250697633314e-25
SNUH	cg14270292	EYA4	cg15701178	UNC5C	between_gene	142	0.5774438327629817	5.362408903127213e-14	2.159031609299213e-13
SNUH	cg14270292	EYA4	cg03008707	UNC5C	between_gene	142	0.6734263638668794	4.2397454668909904e-20	5.395851669813949e-19
SNUH	cg14270292	EYA4	cg24870497	UNC5C	between_gene	0			
SNUH	cg14270292	EYA4	cg13265789	UNC5C	between_gene	142	0.7620617320946959	3.295401781399736e-28	9.296932604719848e-26
SNUH	cg14270292	EYA4	cg12584684	UNC5C	between_gene	142	0.6736987914692439	4.0434056133054366e-20	5.196672534538858e-19
SNUH	cg14270292	EYA4	cg08327106	RALYL	between_gene	0			
SNUH	cg14270292	EYA4	cg09757712	RALYL	between_gene	0			
SNUH	cg14270292	EYA4	cg11089595	RALYL	between_gene	142	0.6900863595499497	2.120148039557832e-21	3.8148043001423336e-20
SNUH	cg14270292	EYA4	cg01134282	RALYL	between_gene	0			
SNUH	cg14270292	EYA4	cg06955749	RALYL	between_gene	142	0.6365815784455282	1.6748971755464614e-17	1.207128931215668e-16
SNUH	cg14270292	EYA4	cg11666087	BEND5	between_gene	142	0.6060990253378628	1.3231060808435505e-15	6.7028810969336365e-15
SNUH	cg14270292	EYA4	cg16573178	BEND5	between_gene	142	0.5954575840701104	5.461359932308641e-15	2.5085718421466983e-14
SNUH	cg14270292	EYA4	cg06744574	BEND5	between_gene	142	0.6429857226980392	6.2808429693889585e-18	4.8947361203929235e-17
SNUH	cg14270292	EYA4	cg03603214	BEND5	between_gene	142	0.4925176711212073	4.791000073973854e-10	1.230287322145451e-09
SNUH	cg06181518	EYA4	cg14287112	EYA4	within_gene	142	0.7251373139895766	1.9086483639672807e-24	4.80191691569546e-24
SNUH	cg06181518	EYA4	cg01328892	EYA4	within_gene	142	0.8437606744469196	1.1622391541373323e-39	5.189152279739921e-39
SNUH	cg06181518	EYA4	cg05493394	EYA4	within_gene	142	0.6848054552579576	5.599214625269533e-21	1.2326048862572512e-20
SNUH	cg06181518	EYA4	cg26449787	EYA4	within_gene	142	0.7236997344878677	2.599008272922187e-24	6.4872883662703414e-24
SNUH	cg06181518	EYA4	cg22871668	EYA4	within_gene	142	0.7104513706251795	4.091397921368566e-23	9.825554099044209e-23
SNUH	cg06181518	EYA4	cg20980055	EYA4	within_gene	142	0.7222747285678063	3.5227768133401375e-24	8.656746122704059e-24
SNUH	cg06181518	EYA4	cg06611358	ZNF568	between_gene	0			
SNUH	cg06181518	EYA4	cg27390819	ZNF568	between_gene	142	0.5353097606618733	6.719758085329104e-12	2.0871248624551944e-11
SNUH	cg06181518	EYA4	cg20154403	ZNF568	between_gene	142	0.6293098570593326	4.962717785141472e-17	3.236932675358525e-16
SNUH	cg06181518	EYA4	cg21761844	ZNF568	between_gene	0			
SNUH	cg06181518	EYA4	cg20680720	ZNF568	between_gene	142	0.5053091948506993	1.4229966690017058e-10	3.8552422735466777e-10
SNUH	cg06181518	EYA4	cg02459604	ZNF568	between_gene	142	0.625525208983405	8.636948759209969e-17	5.365190312566382e-16
SNUH	cg06181518	EYA4	cg03060201	ZNF568	between_gene	142	0.6008474594030483	2.681014964010133e-15	1.2740925393629212e-14
SNUH	cg06181518	EYA4	cg03443751	ZNF568	between_gene	142	0.5645433379925439	2.5314484938647023e-13	9.31530200351623e-13
SNUH	cg06181518	EYA4	cg17332326	ZNF793	between_gene	142	0.4839257236620138	1.0532676040323006e-09	2.6372122638390333e-09
SNUH	cg06181518	EYA4	cg11623861	ZNF793	between_gene	0			
SNUH	cg06181518	EYA4	cg14732998	ZNF793	between_gene	0			
SNUH	cg06181518	EYA4	cg07482795	ZNF793	between_gene	142	0.4424454778065806	3.528075594429199e-08	7.935128642987744e-08
SNUH	cg06181518	EYA4	cg13181745	ZNF793	between_gene	0			
SNUH	cg06181518	EYA4	cg24078985	ZNF793	between_gene	142	0.4638499049646788	6.109457673593233e-09	1.4347052268591131e-08
SNUH	cg06181518	EYA4	cg15139588	ZNF793	between_gene	142	0.5135029788910521	6.36558515141362e-11	1.7954390983825008e-10
SNUH	cg06181518	EYA4	cg25361907	ZNF793	between_gene	142	0.4552705310871329	1.2518315379496756e-08	2.908306752013093e-08
SNUH	cg06181518	EYA4	cg20299663	SFMBT2	between_gene	142	0.5775653773855752	5.2828555517539336e-14	2.13028904706739e-13
SNUH	cg06181518	EYA4	cg20506550	SFMBT2	between_gene	0			
SNUH	cg06181518	EYA4	cg01056653	SFMBT2	between_gene	0			
SNUH	cg06181518	EYA4	cg22862480	SFMBT2	between_gene	142	0.5320280558518498	9.523369091657854e-12	2.9060198783784025e-11
SNUH	cg06181518	EYA4	cg12767281	SFMBT2	between_gene	142	0.481318801067078	1.3319357560491602e-09	3.315859148408643e-09
SNUH	cg06181518	EYA4	cg26878816	SFMBT2	between_gene	142	0.5590654475880728	4.795606333600508e-13	1.7115919185176094e-12
SNUH	cg06181518	EYA4	cg12328063	SFMBT2	between_gene	142	0.5602264082935345	4.192381361243926e-13	1.510762841365387e-12
SNUH	cg06181518	EYA4	cg16818993	SFMBT2	between_gene	142	0.560725160365556	3.9564868560224546e-13	1.4297055688867845e-12
SNUH	cg06181518	EYA4	cg20295442	ADHFE1	between_gene	0			
SNUH	cg06181518	EYA4	cg19283840	ADHFE1	between_gene	0			
SNUH	cg06181518	EYA4	cg25046651	ADHFE1	between_gene	142	0.3336043638710705	4.9692896631984905e-05	9.68974344640124e-05
SNUH	cg06181518	EYA4	cg01588438	ADHFE1	between_gene	142	0.3200626164366051	0.0001032077039403	0.0002001999253385
SNUH	cg06181518	EYA4	cg08090772	ADHFE1	between_gene	0			
SNUH	cg06181518	EYA4	cg09383816	ADHFE1	between_gene	142	0.3266595556077126	7.260127344838853e-05	0.0001412503522944
SNUH	cg06181518	EYA4	cg20912169	ADHFE1	between_gene	142	0.3446272037821334	2.6714568631874333e-05	5.244417574158024e-05
SNUH	cg06181518	EYA4	cg18065361	ADHFE1	between_gene	142	0.3412029983801036	3.2476782484563376e-05	6.361255668335274e-05
SNUH	cg06181518	EYA4	cg04481096	HOXA2	between_gene	142	0.3535921674968723	1.584651889831898e-05	3.1249862287009996e-05
SNUH	cg06181518	EYA4	cg19598584	HOXA2	between_gene	0			
SNUH	cg06181518	EYA4	cg09871315	HOXA2	between_gene	0			
SNUH	cg06181518	EYA4	cg13661519	HOXA2	between_gene	142	0.3557799707035547	1.3916505301813469e-05	2.7547922862239253e-05
SNUH	cg06181518	EYA4	cg02803819	HOXA2	between_gene	142	0.3588395422378042	1.1586470701306024e-05	2.300540491606348e-05
SNUH	cg06181518	EYA4	cg03763508	HOXA2	between_gene	142	0.256268454350564	0.0020813224533167	0.0039723264672299
SNUH	cg06181518	EYA4	cg00188704	HOXA2	between_gene	142	0.4038361997606828	6.239387257173722e-07	1.3159710067878934e-06
SNUH	cg06181518	EYA4	cg06786372	HOXA2	between_gene	142	0.3514420850351327	1.7987081361224418e-05	3.5444331776007934e-05
SNUH	cg06181518	EYA4	cg19236679	GFRA1	between_gene	142	0.6182576787910921	2.451198776612663e-16	1.413416494586188e-15
SNUH	cg06181518	EYA4	cg06298519	GFRA1	between_gene	142	0.6272980839957166	6.668744661825703e-17	4.2539742842795255e-16
SNUH	cg06181518	EYA4	cg19485539	GFRA1	between_gene	142	0.6267741847603999	7.199614019080593e-17	4.537148061782915e-16
SNUH	cg06181518	EYA4	cg18672939	GFRA1	between_gene	142	0.6446370530877573	4.8589103305022034e-18	3.884334432451974e-17
SNUH	cg06181518	EYA4	cg27034576	GFRA1	between_gene	142	0.6599223371773567	4.181575690627088e-19	4.1168796139041785e-18
SNUH	cg06181518	EYA4	cg18044663	GFRA1	between_gene	142	0.6087646246471539	9.199096252210734e-16	4.790507409584392e-15
SNUH	cg06181518	EYA4	cg15701178	UNC5C	between_gene	142	0.4952796678897968	3.7018788738555805e-10	9.667869851740947e-10
SNUH	cg06181518	EYA4	cg03008707	UNC5C	between_gene	142	0.5852897477110843	2.017358481064384e-14	8.544299151131458e-14
SNUH	cg06181518	EYA4	cg24870497	UNC5C	between_gene	0			
SNUH	cg06181518	EYA4	cg13265789	UNC5C	between_gene	142	0.582309808860603	2.9334592381220314e-14	1.2186934955828628e-13
SNUH	cg06181518	EYA4	cg12584684	UNC5C	between_gene	142	0.5248736878943652	2.0106964017731852e-11	5.93428383736e-11
SNUH	cg06181518	EYA4	cg08327106	RALYL	between_gene	0			
SNUH	cg06181518	EYA4	cg09757712	RALYL	between_gene	0			
SNUH	cg06181518	EYA4	cg11089595	RALYL	between_gene	142	0.5273381098972949	1.5574172391926674e-11	4.6758361070813225e-11
SNUH	cg06181518	EYA4	cg01134282	RALYL	between_gene	0			
SNUH	cg06181518	EYA4	cg06955749	RALYL	between_gene	142	0.6102147777305105	7.537852725932162e-16	3.981023838452835e-15
SNUH	cg06181518	EYA4	cg11666087	BEND5	between_gene	142	0.4374370011169532	5.22747518720289e-08	1.161710627207184e-07
SNUH	cg06181518	EYA4	cg16573178	BEND5	between_gene	142	0.5108248060001133	8.299511496670901e-11	2.3060091048790603e-10
SNUH	cg06181518	EYA4	cg06744574	BEND5	between_gene	142	0.4387027416694783	4.735857757665344e-08	1.0560558025426396e-07
SNUH	cg06181518	EYA4	cg03603214	BEND5	between_gene	142	0.5145214390045076	5.7512324434845405e-11	1.6380966643068958e-10
SNUH	cg14287112	EYA4	cg01328892	EYA4	within_gene	142	0.8114926727452949	1.7897039114737132e-34	6.100388601474916e-34
SNUH	cg14287112	EYA4	cg05493394	EYA4	within_gene	142	0.6738664392245454	3.927029095223274e-20	8.5852980909364e-20
SNUH	cg14287112	EYA4	cg26449787	EYA4	within_gene	142	0.8888579206229792	2.6540303471982e-49	1.8289730870909337e-48
SNUH	cg14287112	EYA4	cg22871668	EYA4	within_gene	142	0.97303385855978	4.534559508429597e-91	3.593638410430455e-89
SNUH	cg14287112	EYA4	cg20980055	EYA4	within_gene	142	0.9030115823642944	3.1842636142809093e-53	2.8039210159084677e-52
SNUH	cg14287112	EYA4	cg06611358	ZNF568	between_gene	0			
SNUH	cg14287112	EYA4	cg27390819	ZNF568	between_gene	142	0.6805094815283608	1.2153877855686971e-20	1.7814307486228832e-19
SNUH	cg14287112	EYA4	cg20154403	ZNF568	between_gene	142	0.689679813743344	2.2864128173432356e-21	4.085788383868837e-20
SNUH	cg14287112	EYA4	cg21761844	ZNF568	between_gene	0			
SNUH	cg14287112	EYA4	cg20680720	ZNF568	between_gene	142	0.4517289722563922	1.6736624715130666e-08	3.840444492680379e-08
SNUH	cg14287112	EYA4	cg02459604	ZNF568	between_gene	142	0.6140203817758508	4.447728672123377e-16	2.4637206168938204e-15
SNUH	cg14287112	EYA4	cg03060201	ZNF568	between_gene	142	0.640131519664034	9.752248641021072e-18	7.353646446365312e-17
SNUH	cg14287112	EYA4	cg03443751	ZNF568	between_gene	142	0.5822720881156602	2.9473224882566366e-14	1.2225062594374506e-13
SNUH	cg14287112	EYA4	cg17332326	ZNF793	between_gene	142	0.4678105831836728	4.35768820310279e-09	1.0373365439685385e-08
SNUH	cg14287112	EYA4	cg11623861	ZNF793	between_gene	0			
SNUH	cg14287112	EYA4	cg14732998	ZNF793	between_gene	0			
SNUH	cg14287112	EYA4	cg07482795	ZNF793	between_gene	142	0.353675991374523	1.5768140199003972e-05	3.1142375305981355e-05
SNUH	cg14287112	EYA4	cg13181745	ZNF793	between_gene	0			
SNUH	cg14287112	EYA4	cg24078985	ZNF793	between_gene	142	0.4433843052362681	3.2750882754770375e-08	7.385224987657381e-08
SNUH	cg14287112	EYA4	cg15139588	ZNF793	between_gene	142	0.5039847775838187	1.6173675442702543e-10	4.359206532025922e-10
SNUH	cg14287112	EYA4	cg25361907	ZNF793	between_gene	142	0.4756900276828356	2.196365590020141e-09	5.365466127680287e-09
SNUH	cg14287112	EYA4	cg20299663	SFMBT2	between_gene	142	0.6901492274581877	2.095516065036972e-21	3.796667648389902e-20
SNUH	cg14287112	EYA4	cg20506550	SFMBT2	between_gene	0			
SNUH	cg14287112	EYA4	cg01056653	SFMBT2	between_gene	0			
SNUH	cg14287112	EYA4	cg22862480	SFMBT2	between_gene	142	0.6374072436403873	1.4778497567929428e-17	1.0740139318865703e-16
SNUH	cg14287112	EYA4	cg12767281	SFMBT2	between_gene	142	0.5884205695413368	1.3556796833716916e-14	5.92457000656071e-14
SNUH	cg14287112	EYA4	cg26878816	SFMBT2	between_gene	142	0.6726593753863758	4.843931951310143e-20	6.01800879093722e-19
SNUH	cg14287112	EYA4	cg12328063	SFMBT2	between_gene	142	0.6632124243751455	2.420472417160265e-19	2.5847919981133424e-18
SNUH	cg14287112	EYA4	cg16818993	SFMBT2	between_gene	142	0.6487695702559354	2.5383114141394608e-18	2.136275638545114e-17
SNUH	cg14287112	EYA4	cg20295442	ADHFE1	between_gene	0			
SNUH	cg14287112	EYA4	cg19283840	ADHFE1	between_gene	0			
SNUH	cg14287112	EYA4	cg25046651	ADHFE1	between_gene	142	0.6446244795061097	4.8684452258022064e-18	3.884334432451974e-17
SNUH	cg14287112	EYA4	cg01588438	ADHFE1	between_gene	142	0.6125576551108467	5.452099762830792e-16	2.963443391921987e-15
SNUH	cg14287112	EYA4	cg08090772	ADHFE1	between_gene	0			
SNUH	cg14287112	EYA4	cg09383816	ADHFE1	between_gene	142	0.5996613515342913	3.1390359488806483e-15	1.4809665082512862e-14
SNUH	cg14287112	EYA4	cg20912169	ADHFE1	between_gene	142	0.6057176266945522	1.393347787529439e-15	6.977436425459321e-15
SNUH	cg14287112	EYA4	cg18065361	ADHFE1	between_gene	142	0.6119960351305872	5.893778090318954e-16	3.1639644110374797e-15
SNUH	cg14287112	EYA4	cg04481096	HOXA2	between_gene	142	0.5792041341936458	4.3160584777214615e-14	1.7539870044198273e-13
SNUH	cg14287112	EYA4	cg19598584	HOXA2	between_gene	0			
SNUH	cg14287112	EYA4	cg09871315	HOXA2	between_gene	0			
SNUH	cg14287112	EYA4	cg13661519	HOXA2	between_gene	142	0.6043219591316685	1.6827156431817753e-15	8.299064485938093e-15
SNUH	cg14287112	EYA4	cg02803819	HOXA2	between_gene	142	0.6132743492647598	4.935089336141807e-16	2.7163814510535812e-15
SNUH	cg14287112	EYA4	cg03763508	HOXA2	between_gene	142	0.4972956321472953	3.0622371034119033e-10	8.061934008881591e-10
SNUH	cg14287112	EYA4	cg00188704	HOXA2	between_gene	142	0.604372253458259	1.67133875831697e-15	8.258565947820027e-15
SNUH	cg14287112	EYA4	cg06786372	HOXA2	between_gene	142	0.5973352389294854	4.268845706513795e-15	1.9782270778498205e-14
SNUH	cg14287112	EYA4	cg19236679	GFRA1	between_gene	142	0.7149527128550204	1.6322232449639633e-23	5.6032505869881325e-22
SNUH	cg14287112	EYA4	cg06298519	GFRA1	between_gene	142	0.7072409161111589	7.796353612615105e-23	2.1871705994960007e-21
SNUH	cg14287112	EYA4	cg19485539	GFRA1	between_gene	142	0.7435659934910759	3.0431404615663444e-26	3.0536744093179204e-24
SNUH	cg14287112	EYA4	cg18672939	GFRA1	between_gene	142	0.6935189473397446	1.1152175978561357e-21	2.238155932928198e-20
SNUH	cg14287112	EYA4	cg27034576	GFRA1	between_gene	142	0.7150113895693757	1.612599120142465e-23	5.6032505869881325e-22
SNUH	cg14287112	EYA4	cg18044663	GFRA1	between_gene	142	0.761755774941271	3.563408434158623e-28	9.296932604719848e-26
SNUH	cg14287112	EYA4	cg15701178	UNC5C	between_gene	142	0.5697529919885329	1.363665363430831e-13	5.171225193591625e-13
SNUH	cg14287112	EYA4	cg03008707	UNC5C	between_gene	142	0.645295070527315	4.38456626396684e-18	3.541589282566404e-17
SNUH	cg14287112	EYA4	cg24870497	UNC5C	between_gene	0			
SNUH	cg14287112	EYA4	cg13265789	UNC5C	between_gene	142	0.7531177243493696	3.0903192872492044e-27	4.479246122462875e-25
SNUH	cg14287112	EYA4	cg12584684	UNC5C	between_gene	142	0.6332873000538569	2.7494273441003225e-17	1.9074967931910662e-16
SNUH	cg14287112	EYA4	cg08327106	RALYL	between_gene	0			
SNUH	cg14287112	EYA4	cg09757712	RALYL	between_gene	0			
SNUH	cg14287112	EYA4	cg11089595	RALYL	between_gene	142	0.6521225253619621	1.4877494267925273e-18	1.3069152372059609e-17
SNUH	cg14287112	EYA4	cg01134282	RALYL	between_gene	0			
SNUH	cg14287112	EYA4	cg06955749	RALYL	between_gene	142	0.6108518392006556	6.904127345398986e-16	3.683613137862158e-15
SNUH	cg14287112	EYA4	cg11666087	BEND5	between_gene	142	0.5382352139918817	4.9087789331714234e-12	1.5411557444818583e-11
SNUH	cg14287112	EYA4	cg16573178	BEND5	between_gene	142	0.5549622687770726	7.68037131754514e-13	2.693291501004741e-12
SNUH	cg14287112	EYA4	cg06744574	BEND5	between_gene	142	0.5914717586878211	9.164871406766723e-15	4.0804009386099625e-14
SNUH	cg14287112	EYA4	cg03603214	BEND5	between_gene	142	0.4347336810627191	6.446418721680105e-08	1.4277339936216804e-07
SNUH	cg01328892	EYA4	cg05493394	EYA4	within_gene	142	0.7073959902848126	7.558797769332429e-23	1.7749176984284296e-22
SNUH	cg01328892	EYA4	cg26449787	EYA4	within_gene	142	0.8059309584631731	1.1122075241562217e-33	3.6726019287241895e-33
SNUH	cg01328892	EYA4	cg22871668	EYA4	within_gene	142	0.8130727528390099	1.0533332245154083e-34	3.6294199149063534e-34
SNUH	cg01328892	EYA4	cg20980055	EYA4	within_gene	142	0.7927161241515454	6.801200495645278e-32	2.177758138504599e-31
SNUH	cg01328892	EYA4	cg06611358	ZNF568	between_gene	0			
SNUH	cg01328892	EYA4	cg27390819	ZNF568	between_gene	142	0.5686548991913092	1.554993977244672e-13	5.879680125552682e-13
SNUH	cg01328892	EYA4	cg20154403	ZNF568	between_gene	142	0.663359116161034	2.3618045724445575e-19	2.546259557647872e-18
SNUH	cg01328892	EYA4	cg21761844	ZNF568	between_gene	0			
SNUH	cg01328892	EYA4	cg20680720	ZNF568	between_gene	142	0.5019143278058471	1.9736010784805707e-10	5.264954206294284e-10
SNUH	cg01328892	EYA4	cg02459604	ZNF568	between_gene	142	0.6060990253378628	1.3231060808435505e-15	6.7028810969336365e-15
SNUH	cg01328892	EYA4	cg03060201	ZNF568	between_gene	142	0.6567202650511013	7.072775001353e-19	6.710134537647265e-18
SNUH	cg01328892	EYA4	cg03443751	ZNF568	between_gene	142	0.6117403723037527	6.106210563232772e-16	3.271273790446469e-15
SNUH	cg01328892	EYA4	cg17332326	ZNF793	between_gene	142	0.4927565691725116	4.68573575463827e-10	1.205629643377835e-09
SNUH	cg01328892	EYA4	cg11623861	ZNF793	between_gene	0			
SNUH	cg01328892	EYA4	cg14732998	ZNF793	between_gene	0			
SNUH	cg01328892	EYA4	cg07482795	ZNF793	between_gene	142	0.4461840227498004	2.61983552661531e-08	5.9384456029012543e-08
SNUH	cg01328892	EYA4	cg13181745	ZNF793	between_gene	0			
SNUH	cg01328892	EYA4	cg24078985	ZNF793	between_gene	142	0.470727654125916	3.3882542615237963e-09	8.132433641504678e-09
SNUH	cg01328892	EYA4	cg15139588	ZNF793	between_gene	142	0.5089932542734461	9.937359330415072e-11	2.7319884608064196e-10
SNUH	cg01328892	EYA4	cg25361907	ZNF793	between_gene	142	0.4770815040518367	1.9425448716398332e-09	4.767732427195038e-09
SNUH	cg01328892	EYA4	cg20299663	SFMBT2	between_gene	142	0.6532457653224809	1.2420818322011182e-18	1.1097916096618896e-17
SNUH	cg01328892	EYA4	cg20506550	SFMBT2	between_gene	0			
SNUH	cg01328892	EYA4	cg01056653	SFMBT2	between_gene	0			
SNUH	cg01328892	EYA4	cg22862480	SFMBT2	between_gene	142	0.5405864737599829	3.8054499710048345e-12	1.2152287606305524e-11
SNUH	cg01328892	EYA4	cg12767281	SFMBT2	between_gene	142	0.5535456452447762	9.023030817270865e-13	3.1346321441091464e-12
SNUH	cg01328892	EYA4	cg26878816	SFMBT2	between_gene	142	0.5855328369562712	1.9563472613722734e-14	8.299365861658963e-14
SNUH	cg01328892	EYA4	cg12328063	SFMBT2	between_gene	142	0.5861279864875909	1.8144544331041353e-14	7.747809518770358e-14
SNUH	cg01328892	EYA4	cg16818993	SFMBT2	between_gene	142	0.6393519576018827	1.0988729319979217e-17	8.214783609119133e-17
SNUH	cg01328892	EYA4	cg20295442	ADHFE1	between_gene	0			
SNUH	cg01328892	EYA4	cg19283840	ADHFE1	between_gene	0			
SNUH	cg01328892	EYA4	cg25046651	ADHFE1	between_gene	142	0.4247209188773468	1.3792472417455733e-07	2.998713378095167e-07
SNUH	cg01328892	EYA4	cg01588438	ADHFE1	between_gene	142	0.4090500449505544	4.321501685343998e-07	9.166502355335356e-07
SNUH	cg01328892	EYA4	cg08090772	ADHFE1	between_gene	0			
SNUH	cg01328892	EYA4	cg09383816	ADHFE1	between_gene	142	0.4121808667808068	3.455779802230103e-07	7.366118875831976e-07
SNUH	cg01328892	EYA4	cg20912169	ADHFE1	between_gene	142	0.4129352816796628	3.273431724218218e-07	7.000314236463386e-07
SNUH	cg01328892	EYA4	cg18065361	ADHFE1	between_gene	142	0.4192094989218154	2.0747166489301566e-07	4.4698065541360676e-07
SNUH	cg01328892	EYA4	cg04481096	HOXA2	between_gene	142	0.4187568499825018	2.1447747428875e-07	4.613122262319446e-07
SNUH	cg01328892	EYA4	cg19598584	HOXA2	between_gene	0			
SNUH	cg01328892	EYA4	cg09871315	HOXA2	between_gene	0			
SNUH	cg01328892	EYA4	cg13661519	HOXA2	between_gene	142	0.4528186826658508	1.5311363057536934e-08	3.525802843522847e-08
SNUH	cg01328892	EYA4	cg02803819	HOXA2	between_gene	142	0.4516702955420367	1.6816879443943046e-08	3.855469109775694e-08
SNUH	cg01328892	EYA4	cg03763508	HOXA2	between_gene	142	0.3572049766236161	1.278108996371172e-05	2.5338802215291703e-05
SNUH	cg01328892	EYA4	cg00188704	HOXA2	between_gene	142	0.4868008826654317	8.111635855893008e-10	2.044759222031387e-09
SNUH	cg01328892	EYA4	cg06786372	HOXA2	between_gene	142	0.4463307145356891	2.5892277946469096e-08	5.874169840203293e-08
SNUH	cg01328892	EYA4	cg19236679	GFRA1	between_gene	142	0.677651087300473	2.0207518502367454e-20	2.7316795737138186e-19
SNUH	cg01328892	EYA4	cg06298519	GFRA1	between_gene	142	0.6615652851793098	3.1852542365565524e-19	3.2717827965260017e-18
SNUH	cg01328892	EYA4	cg19485539	GFRA1	between_gene	142	0.6917418811335504	1.5569967882786107e-21	3.0314959855364884e-20
SNUH	cg01328892	EYA4	cg18672939	GFRA1	between_gene	142	0.707463049386933	7.458279186869277e-23	2.1383132306090047e-21
SNUH	cg01328892	EYA4	cg27034576	GFRA1	between_gene	142	0.7239637797024672	2.456087421058453e-24	1.033537432506694e-22
SNUH	cg01328892	EYA4	cg18044663	GFRA1	between_gene	142	0.675253724399664	3.0817039493494863e-20	4.040284223041612e-19
SNUH	cg01328892	EYA4	cg15701178	UNC5C	between_gene	142	0.5776450100693433	5.2313579040874215e-14	2.1127883547622417e-13
SNUH	cg01328892	EYA4	cg03008707	UNC5C	between_gene	142	0.6144269275824567	4.202233022851635e-16	2.3426551189358793e-15
SNUH	cg01328892	EYA4	cg24870497	UNC5C	between_gene	0			
SNUH	cg01328892	EYA4	cg13265789	UNC5C	between_gene	142	0.6392387953670543	1.1180486132200556e-17	8.334253805403215e-17
SNUH	cg01328892	EYA4	cg12584684	UNC5C	between_gene	142	0.633601639595047	2.6230959945211804e-17	1.8347607103768792e-16
SNUH	cg01328892	EYA4	cg08327106	RALYL	between_gene	0			
SNUH	cg01328892	EYA4	cg09757712	RALYL	between_gene	0			
SNUH	cg01328892	EYA4	cg11089595	RALYL	between_gene	142	0.6246282934925429	9.838066199619207e-17	6.053659130850593e-16
SNUH	cg01328892	EYA4	cg01134282	RALYL	between_gene	0			
SNUH	cg01328892	EYA4	cg06955749	RALYL	between_gene	142	0.6209232781003833	1.677205867744688e-16	1.0036307589325438e-15
SNUH	cg01328892	EYA4	cg11666087	BEND5	between_gene	142	0.4716706727494861	3.121970087617867e-09	7.527929721437168e-09
SNUH	cg01328892	EYA4	cg16573178	BEND5	between_gene	142	0.542489275782653	3.0924166854499693e-12	1.005999393059722e-11
SNUH	cg01328892	EYA4	cg06744574	BEND5	between_gene	142	0.4486274887833174	2.1525100154379793e-08	4.909002299193784e-08
SNUH	cg01328892	EYA4	cg03603214	BEND5	between_gene	142	0.5087501650282591	1.0176947303141831e-10	2.7919721886327057e-10
SNUH	cg05493394	EYA4	cg26449787	EYA4	within_gene	142	0.7106567391254237	3.9249085575486634e-23	9.497679486587225e-23
SNUH	cg05493394	EYA4	cg22871668	EYA4	within_gene	142	0.647101475090687	3.3028906544508397e-18	6.798807386109845e-18
SNUH	cg05493394	EYA4	cg20980055	EYA4	within_gene	142	0.6854047959831598	5.020062319554385e-21	1.1128389897193986e-20
SNUH	cg05493394	EYA4	cg06611358	ZNF568	between_gene	0			
SNUH	cg05493394	EYA4	cg27390819	ZNF568	between_gene	142	0.557850001362138	5.517269004072978e-13	1.958442834234885e-12
SNUH	cg05493394	EYA4	cg20154403	ZNF568	between_gene	142	0.6960378548631471	6.920285494359705e-22	1.467888199575973e-20
SNUH	cg05493394	EYA4	cg21761844	ZNF568	between_gene	0			
SNUH	cg05493394	EYA4	cg20680720	ZNF568	between_gene	142	0.5647780448499657	2.462443137756751e-13	9.087007279218336e-13
SNUH	cg05493394	EYA4	cg02459604	ZNF568	between_gene	142	0.6375874649773361	1.4379490403029448e-17	1.0479354877515038e-16
SNUH	cg05493394	EYA4	cg03060201	ZNF568	between_gene	142	0.6965701364862289	6.252564419758163e-22	1.3489409982410956e-20
SNUH	cg05493394	EYA4	cg03443751	ZNF568	between_gene	142	0.6475247856728229	3.0898911418173296e-18	2.583822432372248e-17
SNUH	cg05493394	EYA4	cg17332326	ZNF793	between_gene	142	0.5493125394234174	1.453727462580045e-12	4.9514033288137546e-12
SNUH	cg05493394	EYA4	cg11623861	ZNF793	between_gene	0			
SNUH	cg05493394	EYA4	cg14732998	ZNF793	between_gene	0			
SNUH	cg05493394	EYA4	cg07482795	ZNF793	between_gene	142	0.4476844701597474	2.3225014930146393e-08	5.2920579871399064e-08
SNUH	cg05493394	EYA4	cg13181745	ZNF793	between_gene	0			
SNUH	cg05493394	EYA4	cg24078985	ZNF793	between_gene	142	0.5036997763998065	1.6624293592634967e-10	4.4714208230087254e-10
SNUH	cg05493394	EYA4	cg15139588	ZNF793	between_gene	142	0.5652516497586921	2.328720110937786e-13	8.630157342949837e-13
SNUH	cg05493394	EYA4	cg25361907	ZNF793	between_gene	142	0.5349954211206834	6.9491201866971056e-12	2.150682629548369e-11
SNUH	cg05493394	EYA4	cg20299663	SFMBT2	between_gene	142	0.6472355932949281	3.23389961581472e-18	2.678490189733525e-17
SNUH	cg05493394	EYA4	cg20506550	SFMBT2	between_gene	0			
SNUH	cg05493394	EYA4	cg01056653	SFMBT2	between_gene	0			
SNUH	cg05493394	EYA4	cg22862480	SFMBT2	between_gene	142	0.5370239589598296	5.59241593392473e-12	1.74737882294726e-11
SNUH	cg05493394	EYA4	cg12767281	SFMBT2	between_gene	142	0.6215896779277061	1.5245530894342662e-16	9.186048522711316e-16
SNUH	cg05493394	EYA4	cg26878816	SFMBT2	between_gene	142	0.6356259862403105	1.935062969925e-17	1.375634683524339e-16
SNUH	cg05493394	EYA4	cg12328063	SFMBT2	between_gene	142	0.612339713028955	5.619527768901004e-16	3.022958340012931e-15
SNUH	cg05493394	EYA4	cg16818993	SFMBT2	between_gene	142	0.6425749856975509	6.693305113957681e-18	5.16651865157266e-17
SNUH	cg05493394	EYA4	cg20295442	ADHFE1	between_gene	0			
SNUH	cg05493394	EYA4	cg19283840	ADHFE1	between_gene	0			
SNUH	cg05493394	EYA4	cg25046651	ADHFE1	between_gene	142	0.476306133183568	2.0802689849864804e-09	5.086618352230297e-09
SNUH	cg05493394	EYA4	cg01588438	ADHFE1	between_gene	142	0.5107954676429355	8.323560157402119e-11	2.3102306862406518e-10
SNUH	cg05493394	EYA4	cg08090772	ADHFE1	between_gene	0			
SNUH	cg05493394	EYA4	cg09383816	ADHFE1	between_gene	142	0.5243791270162262	2.1159378541034735e-11	6.237832611701654e-11
SNUH	cg05493394	EYA4	cg20912169	ADHFE1	between_gene	142	0.4874463265233418	7.64715469209927e-10	1.9295383550954543e-09
SNUH	cg05493394	EYA4	cg18065361	ADHFE1	between_gene	142	0.5545221934194066	8.075210577094235e-13	2.820378098479098e-12
SNUH	cg05493394	EYA4	cg04481096	HOXA2	between_gene	142	0.4446961489215011	2.9505636549138063e-08	6.66495287936807e-08
SNUH	cg05493394	EYA4	cg19598584	HOXA2	between_gene	0			
SNUH	cg05493394	EYA4	cg09871315	HOXA2	between_gene	0			
SNUH	cg05493394	EYA4	cg13661519	HOXA2	between_gene	142	0.3798290412015315	3.129757385799086e-06	6.399323683032772e-06
SNUH	cg05493394	EYA4	cg02803819	HOXA2	between_gene	142	0.3996701530414446	8.330307246105463e-07	1.7387017284071324e-06
SNUH	cg05493394	EYA4	cg03763508	HOXA2	between_gene	142	0.3169653241574128	0.000121403463509	0.000235320680754
SNUH	cg05493394	EYA4	cg00188704	HOXA2	between_gene	142	0.3986139721830462	8.958030785477323e-07	1.8652436009026605e-06
SNUH	cg05493394	EYA4	cg06786372	HOXA2	between_gene	142	0.4034422275357247	6.413352057989121e-07	1.3504790572472652e-06
SNUH	cg05493394	EYA4	cg19236679	GFRA1	between_gene	142	0.6357391484751389	1.9023074538039353e-17	1.3560437560039528e-16
SNUH	cg05493394	EYA4	cg06298519	GFRA1	between_gene	142	0.6342554658407221	2.378202326769199e-17	1.6769540190650918e-16
SNUH	cg05493394	EYA4	cg19485539	GFRA1	between_gene	142	0.6137060422346609	4.647073491485038e-16	2.5686895634077257e-15
SNUH	cg05493394	EYA4	cg18672939	GFRA1	between_gene	142	0.6429815315041566	6.284923726836448e-18	4.8947361203929235e-17
SNUH	cg05493394	EYA4	cg27034576	GFRA1	between_gene	142	0.6996632375715385	3.4520269293295894e-22	8.04137344519723e-21
SNUH	cg05493394	EYA4	cg18044663	GFRA1	between_gene	142	0.6030981305179688	1.9840073762190103e-15	9.639246265466287e-15
SNUH	cg05493394	EYA4	cg15701178	UNC5C	between_gene	142	0.4936409110817262	4.3151619303317655e-10	1.1146789580431263e-09
SNUH	cg05493394	EYA4	cg03008707	UNC5C	between_gene	142	0.5571039688510471	6.011324208361822e-13	2.1280250827158747e-12
SNUH	cg05493394	EYA4	cg24870497	UNC5C	between_gene	0			
SNUH	cg05493394	EYA4	cg13265789	UNC5C	between_gene	142	0.5442034740806093	2.5623335818802667e-12	8.398402405936703e-12
SNUH	cg05493394	EYA4	cg12584684	UNC5C	between_gene	142	0.599359585574749	3.267217389582456e-15	1.5358865170127257e-14
SNUH	cg05493394	EYA4	cg08327106	RALYL	between_gene	0			
SNUH	cg05493394	EYA4	cg09757712	RALYL	between_gene	0			
SNUH	cg05493394	EYA4	cg11089595	RALYL	between_gene	142	0.477680844777039	1.8421519860376366e-09	4.534126916577542e-09
SNUH	cg05493394	EYA4	cg01134282	RALYL	between_gene	0			
SNUH	cg05493394	EYA4	cg06955749	RALYL	between_gene	142	0.5758469878937366	6.522176020082124e-14	2.582148290803378e-13
SNUH	cg05493394	EYA4	cg11666087	BEND5	between_gene	142	0.5119061340218068	7.458553601820272e-11	2.0834439343842707e-10
SNUH	cg05493394	EYA4	cg16573178	BEND5	between_gene	142	0.6073312363393275	1.1189485999817028e-15	5.7694405086013094e-15
SNUH	cg05493394	EYA4	cg06744574	BEND5	between_gene	142	0.4917213442835259	5.158623613128192e-10	1.320789892703773e-09
SNUH	cg05493394	EYA4	cg03603214	BEND5	between_gene	142	0.5132808456152779	6.507775670845403e-11	1.8335622813429432e-10
SNUH	cg26449787	EYA4	cg22871668	EYA4	within_gene	142	0.8770387538742349	2.0467906114258487e-46	1.2015418959666558e-45
SNUH	cg26449787	EYA4	cg20980055	EYA4	within_gene	142	0.8997759806869787	2.8212677234435816e-52	2.2931842777733725e-51
SNUH	cg26449787	EYA4	cg06611358	ZNF568	between_gene	0			
SNUH	cg26449787	EYA4	cg27390819	ZNF568	between_gene	142	0.6830158154701159	7.745408939359293e-21	1.1886924660463762e-19
SNUH	cg26449787	EYA4	cg20154403	ZNF568	between_gene	142	0.7217885500774324	3.9062400014252115e-24	1.5211015169728918e-22
SNUH	cg26449787	EYA4	cg21761844	ZNF568	between_gene	0			
SNUH	cg26449787	EYA4	cg20680720	ZNF568	between_gene	142	0.4911178123644411	5.45523203140018e-10	1.392632130129459e-09
SNUH	cg26449787	EYA4	cg02459604	ZNF568	between_gene	142	0.5716599852050857	1.0843758953685537e-13	4.1851134778351424e-13
SNUH	cg26449787	EYA4	cg03060201	ZNF568	between_gene	142	0.6795832276803209	1.4339602357450203e-20	2.0222714892209505e-19
SNUH	cg26449787	EYA4	cg03443751	ZNF568	between_gene	142	0.625713812708119	8.403222737100651e-17	5.23246017209919e-16
SNUH	cg26449787	EYA4	cg17332326	ZNF793	between_gene	142	0.5122288559507618	7.223964531465778e-11	2.0222450067161176e-10
SNUH	cg26449787	EYA4	cg11623861	ZNF793	between_gene	0			
SNUH	cg26449787	EYA4	cg14732998	ZNF793	between_gene	0			
SNUH	cg26449787	EYA4	cg07482795	ZNF793	between_gene	142	0.3986936048668144	8.909174331644961e-07	1.8565523826886344e-06
SNUH	cg26449787	EYA4	cg13181745	ZNF793	between_gene	0			
SNUH	cg26449787	EYA4	cg24078985	ZNF793	between_gene	142	0.4776598888076263	1.845576273340595e-09	4.538273795613207e-09
SNUH	cg26449787	EYA4	cg15139588	ZNF793	between_gene	142	0.4912519305686822	5.387929312289613e-10	1.376797999585074e-09
SNUH	cg26449787	EYA4	cg25361907	ZNF793	between_gene	142	0.5020316812345581	1.9515280368938182e-10	5.211398821142243e-10
SNUH	cg26449787	EYA4	cg20299663	SFMBT2	between_gene	142	0.7431091533578797	3.3863098170564964e-26	3.2721786343334813e-24
SNUH	cg26449787	EYA4	cg20506550	SFMBT2	between_gene	0			
SNUH	cg26449787	EYA4	cg01056653	SFMBT2	between_gene	0			
SNUH	cg26449787	EYA4	cg22862480	SFMBT2	between_gene	142	0.6979993336001727	4.756223862740516e-22	1.0605972699051291e-20
SNUH	cg26449787	EYA4	cg12767281	SFMBT2	between_gene	142	0.6701739974140334	7.438767092374282e-20	9.069038945796496e-19
SNUH	cg26449787	EYA4	cg26878816	SFMBT2	between_gene	142	0.700053018602614	3.2013266889118275e-22	7.524559757991854e-21
SNUH	cg26449787	EYA4	cg12328063	SFMBT2	between_gene	142	0.7053339228946062	1.138777558366357e-22	3.001081464422046e-21
SNUH	cg26449787	EYA4	cg16818993	SFMBT2	between_gene	142	0.6906521707240917	1.9082838141383554e-21	3.53100175254395e-20
SNUH	cg26449787	EYA4	cg20295442	ADHFE1	between_gene	0			
SNUH	cg26449787	EYA4	cg19283840	ADHFE1	between_gene	0			
SNUH	cg26449787	EYA4	cg25046651	ADHFE1	between_gene	142	0.6615652851793098	3.1852542365565524e-19	3.2717827965260017e-18
SNUH	cg26449787	EYA4	cg01588438	ADHFE1	between_gene	142	0.6360492968224465	1.815281802884822e-17	1.3047025409714875e-16
SNUH	cg26449787	EYA4	cg08090772	ADHFE1	between_gene	0			
SNUH	cg26449787	EYA4	cg09383816	ADHFE1	between_gene	142	0.6159399485740511	3.399367922702667e-16	1.923850522848429e-15
SNUH	cg26449787	EYA4	cg20912169	ADHFE1	between_gene	142	0.621572913152176	1.528221750029253e-16	9.186936741535302e-16
SNUH	cg26449787	EYA4	cg18065361	ADHFE1	between_gene	142	0.6268328614747555	7.138166026147447e-17	4.509316019907672e-16
SNUH	cg26449787	EYA4	cg04481096	HOXA2	between_gene	142	0.6244941752883019	1.0031134671971876e-16	6.143481304970569e-16
SNUH	cg26449787	EYA4	cg19598584	HOXA2	between_gene	0			
SNUH	cg26449787	EYA4	cg09871315	HOXA2	between_gene	0			
SNUH	cg26449787	EYA4	cg13661519	HOXA2	between_gene	142	0.5986261266453056	3.600388523811732e-15	1.6834074657033707e-14
SNUH	cg26449787	EYA4	cg02803819	HOXA2	between_gene	142	0.6284171327623531	5.659508870263697e-17	3.6279259563926256e-16
SNUH	cg26449787	EYA4	cg03763508	HOXA2	between_gene	142	0.5023669767451607	1.889768647313741e-10	5.051645902501589e-10
SNUH	cg26449787	EYA4	cg00188704	HOXA2	between_gene	142	0.6330316372270223	2.8565369079916166e-17	1.9612381034079291e-16
SNUH	cg26449787	EYA4	cg06786372	HOXA2	between_gene	142	0.6180187807397877	2.535544785863153e-16	1.453898098091641e-15
SNUH	cg26449787	EYA4	cg19236679	GFRA1	between_gene	142	0.7290728450452756	8.114878923777061e-25	4.5587427698540665e-23
SNUH	cg26449787	EYA4	cg06298519	GFRA1	between_gene	142	0.7049692890268258	1.223917924753688e-22	3.1615860056261108e-21
SNUH	cg26449787	EYA4	cg19485539	GFRA1	between_gene	142	0.7365457437378324	1.533767427520774e-25	1.135031428749678e-23
SNUH	cg26449787	EYA4	cg18672939	GFRA1	between_gene	142	0.7052375254353079	1.1607048539326997e-22	3.028278963910414e-21
SNUH	cg26449787	EYA4	cg27034576	GFRA1	between_gene	142	0.7056608360174439	1.067392524418555e-22	2.841660302253072e-21
SNUH	cg26449787	EYA4	cg18044663	GFRA1	between_gene	142	0.7016372898902117	2.3534002065024364e-22	5.633046916298034e-21
SNUH	cg26449787	EYA4	cg15701178	UNC5C	between_gene	142	0.6412924803694956	8.158717401527853e-18	6.205858221745237e-17
SNUH	cg26449787	EYA4	cg03008707	UNC5C	between_gene	142	0.7038460490663069	1.527258433590657e-22	3.794873574512405e-21
SNUH	cg26449787	EYA4	cg24870497	UNC5C	between_gene	0			
SNUH	cg26449787	EYA4	cg13265789	UNC5C	between_gene	142	0.7579250237326354	9.391916353724184e-28	1.750250697633314e-25
SNUH	cg26449787	EYA4	cg12584684	UNC5C	between_gene	142	0.7243326047641301	2.26926253547836e-24	1.0300020097131528e-22
SNUH	cg26449787	EYA4	cg08327106	RALYL	between_gene	0			
SNUH	cg26449787	EYA4	cg09757712	RALYL	between_gene	0			
SNUH	cg26449787	EYA4	cg11089595	RALYL	between_gene	142	0.687865026792207	3.1979041611604093e-21	5.599551648635911e-20
SNUH	cg26449787	EYA4	cg01134282	RALYL	between_gene	0			
SNUH	cg26449787	EYA4	cg06955749	RALYL	between_gene	142	0.6529523817507037	1.302130240868592e-18	1.1594736513399849e-17
SNUH	cg26449787	EYA4	cg11666087	BEND5	between_gene	142	0.5702056409278465	1.2916400835466892e-13	4.919545953245711e-13
SNUH	cg26449787	EYA4	cg16573178	BEND5	between_gene	142	0.5985339203798898	3.6445449075628e-15	1.7010049488070384e-14
SNUH	cg26449787	EYA4	cg06744574	BEND5	between_gene	142	0.5922638943316199	8.27353157273654e-15	3.715257121044687e-14
SNUH	cg26449787	EYA4	cg03603214	BEND5	between_gene	142	0.4866709556550732	8.208371168194704e-10	2.0671467546158287e-09
SNUH	cg22871668	EYA4	cg20980055	EYA4	within_gene	142	0.8870640896412548	7.631862642109149e-49	5.1474477820182984e-48
SNUH	cg22871668	EYA4	cg06611358	ZNF568	between_gene	0			
SNUH	cg22871668	EYA4	cg27390819	ZNF568	between_gene	142	0.6912808498064716	1.6971350878518656e-21	3.231989375332495e-20
SNUH	cg22871668	EYA4	cg20154403	ZNF568	between_gene	142	0.6832714782969505	7.395624272466503e-21	1.1417268477434973e-19
SNUH	cg22871668	EYA4	cg21761844	ZNF568	between_gene	0			
SNUH	cg22871668	EYA4	cg20680720	ZNF568	between_gene	142	0.4388787718125447	4.6711035532735564e-08	1.043399757747492e-07
SNUH	cg22871668	EYA4	cg02459604	ZNF568	between_gene	142	0.603131660069029	1.975093047626465e-15	9.613839106823594e-15
SNUH	cg22871668	EYA4	cg03060201	ZNF568	between_gene	142	0.6445364644345766	4.935702831128204e-18	3.9259904531748425e-17
SNUH	cg22871668	EYA4	cg03443751	ZNF568	between_gene	142	0.576588829210945	5.955887497833241e-14	2.383268478810878e-13
SNUH	cg22871668	EYA4	cg17332326	ZNF793	between_gene	142	0.4640259351077451	6.0189420062229605e-09	1.4147224949761897e-08
SNUH	cg22871668	EYA4	cg11623861	ZNF793	between_gene	0			
SNUH	cg22871668	EYA4	cg14732998	ZNF793	between_gene	0			
SNUH	cg22871668	EYA4	cg07482795	ZNF793	between_gene	142	0.3592586616260575	1.129759592901117e-05	2.246602727041932e-05
SNUH	cg22871668	EYA4	cg13181745	ZNF793	between_gene	0			
SNUH	cg22871668	EYA4	cg24078985	ZNF793	between_gene	142	0.4411671636724079	3.902845953069011e-08	8.755395607529709e-08
SNUH	cg22871668	EYA4	cg15139588	ZNF793	between_gene	142	0.4949779019302543	3.8080967277733173e-10	9.915493376008564e-10
SNUH	cg22871668	EYA4	cg25361907	ZNF793	between_gene	142	0.4791226154726304	1.620708253413208e-09	4.0041930238210796e-09
SNUH	cg22871668	EYA4	cg20299663	SFMBT2	between_gene	142	0.6909916574285769	1.7912604426910624e-21	3.3621571906338e-20
SNUH	cg22871668	EYA4	cg20506550	SFMBT2	between_gene	0			
SNUH	cg22871668	EYA4	cg01056653	SFMBT2	between_gene	0			
SNUH	cg22871668	EYA4	cg22862480	SFMBT2	between_gene	142	0.632046706664627	3.3085467652443476e-17	2.2190227533476876e-16
SNUH	cg22871668	EYA4	cg12767281	SFMBT2	between_gene	142	0.5942547114258232	6.389646650147519e-15	2.9042836428980625e-14
SNUH	cg22871668	EYA4	cg26878816	SFMBT2	between_gene	142	0.6834558908277818	7.152959615087021e-21	1.1174893195067088e-19
SNUH	cg22871668	EYA4	cg12328063	SFMBT2	between_gene	142	0.6641680165803631	2.0624101256383957e-19	2.2608521083153674e-18
SNUH	cg22871668	EYA4	cg16818993	SFMBT2	between_gene	142	0.6456722779767431	4.1333632927133696e-18	3.3699827595903686e-17
SNUH	cg22871668	EYA4	cg20295442	ADHFE1	between_gene	0			
SNUH	cg22871668	EYA4	cg19283840	ADHFE1	between_gene	0			
SNUH	cg22871668	EYA4	cg25046651	ADHFE1	between_gene	142	0.6510328149525034	1.771146423838327e-18	1.5454585350482254e-17
SNUH	cg22871668	EYA4	cg01588438	ADHFE1	between_gene	142	0.6124277281004881	5.55131799385032e-16	2.998631189638817e-15
SNUH	cg22871668	EYA4	cg08090772	ADHFE1	between_gene	0			
SNUH	cg22871668	EYA4	cg09383816	ADHFE1	between_gene	142	0.6030562185791434	1.995205407062407e-15	9.675633656181822e-15
SNUH	cg22871668	EYA4	cg20912169	ADHFE1	between_gene	142	0.6092885238824706	8.561443713405881e-16	4.4853025398144466e-15
SNUH	cg22871668	EYA4	cg18065361	ADHFE1	between_gene	142	0.61046205816958	7.285408740055285e-16	3.871208025011045e-15
SNUH	cg22871668	EYA4	cg04481096	HOXA2	between_gene	142	0.5718905008686249	1.054643171592461e-13	4.0824392206004897e-13
SNUH	cg22871668	EYA4	cg19598584	HOXA2	between_gene	0			
SNUH	cg22871668	EYA4	cg09871315	HOXA2	between_gene	0			
SNUH	cg22871668	EYA4	cg13661519	HOXA2	between_gene	142	0.6104285286185196	7.319149315708227e-16	3.8733591409092825e-15
SNUH	cg22871668	EYA4	cg02803819	HOXA2	between_gene	142	0.6157806832065148	3.476276469091332e-16	1.9631180320041743e-15
SNUH	cg22871668	EYA4	cg03763508	HOXA2	between_gene	142	0.5011724864886388	2.1188199144393508e-10	5.646579322545728e-10
SNUH	cg22871668	EYA4	cg00188704	HOXA2	between_gene	142	0.6124361104882532	5.544864065016965e-16	2.998631189638817e-15
SNUH	cg22871668	EYA4	cg06786372	HOXA2	between_gene	142	0.6057176266945522	1.393347787529439e-15	6.977436425459321e-15
SNUH	cg22871668	EYA4	cg19236679	GFRA1	between_gene	142	0.7151371253858518	1.5713221734036e-23	5.6032505869881325e-22
SNUH	cg22871668	EYA4	cg06298519	GFRA1	between_gene	142	0.7131546906794136	2.3610915028824118e-23	7.700109663775266e-22
SNUH	cg22871668	EYA4	cg19485539	GFRA1	between_gene	142	0.7488846185280108	8.624529596202492e-27	9.375582381871791e-25
SNUH	cg22871668	EYA4	cg18672939	GFRA1	between_gene	142	0.6991351471423394	3.822550641057018e-22	8.748275984664703e-21
SNUH	cg22871668	EYA4	cg27034576	GFRA1	between_gene	142	0.7282807094014765	9.650880842152738e-25	5.1386016565666323e-23
SNUH	cg22871668	EYA4	cg18044663	GFRA1	between_gene	142	0.7554438369541756	1.742671288072597e-27	2.8416433691133786e-25
SNUH	cg22871668	EYA4	cg15701178	UNC5C	between_gene	142	0.5540108677657375	8.55875140741185e-13	2.9812793620744346e-12
SNUH	cg22871668	EYA4	cg03008707	UNC5C	between_gene	142	0.6401063725007389	9.78992652636792e-18	7.360783373859916e-17
SNUH	cg22871668	EYA4	cg24870497	UNC5C	between_gene	0			
SNUH	cg22871668	EYA4	cg13265789	UNC5C	between_gene	142	0.7290183595248025	8.21237677972944e-25	4.5587427698540665e-23
SNUH	cg22871668	EYA4	cg12584684	UNC5C	between_gene	142	0.6386059250907917	1.2314633327024741e-17	9.101665255016303e-17
SNUH	cg22871668	EYA4	cg08327106	RALYL	between_gene	0			
SNUH	cg22871668	EYA4	cg09757712	RALYL	between_gene	0			
SNUH	cg22871668	EYA4	cg11089595	RALYL	between_gene	142	0.676754171809611	2.367468600041391e-20	3.135393694166493e-19
SNUH	cg22871668	EYA4	cg01134282	RALYL	between_gene	0			
SNUH	cg22871668	EYA4	cg06955749	RALYL	between_gene	142	0.6060277750418596	1.335960693404664e-15	6.7418209847055476e-15
SNUH	cg22871668	EYA4	cg11666087	BEND5	between_gene	142	0.5349996123145659	6.946012696093349e-12	2.150682629548369e-11
SNUH	cg22871668	EYA4	cg16573178	BEND5	between_gene	142	0.5414624332814324	3.459352260784918e-12	1.1128791674954194e-11
SNUH	cg22871668	EYA4	cg06744574	BEND5	between_gene	142	0.5893803529404369	1.199124844947304e-14	5.3025707126568074e-14
SNUH	cg22871668	EYA4	cg03603214	BEND5	between_gene	142	0.4428143028682436	3.426528841871311e-08	7.713385460260786e-08
SNUH	cg20980055	EYA4	cg06611358	ZNF568	between_gene	0			
SNUH	cg20980055	EYA4	cg27390819	ZNF568	between_gene	142	0.6546079033343043	9.9690759898049e-19	9.09416757251783e-18
SNUH	cg20980055	EYA4	cg20154403	ZNF568	between_gene	142	0.6735604820711205	4.1419484486519047e-20	5.297227207123931e-19
SNUH	cg20980055	EYA4	cg21761844	ZNF568	between_gene	0			
SNUH	cg20980055	EYA4	cg20680720	ZNF568	between_gene	142	0.4528480210230285	1.5274651032557452e-08	3.52045623179703e-08
SNUH	cg20980055	EYA4	cg02459604	ZNF568	between_gene	142	0.6189366522000626	2.2261366649052444e-16	1.2906645686083962e-15
SNUH	cg20980055	EYA4	cg03060201	ZNF568	between_gene	142	0.6354709120666568	1.9808454311685746e-17	1.4043548179127202e-16
SNUH	cg20980055	EYA4	cg03443751	ZNF568	between_gene	142	0.5856711463543948	1.9224392402500175e-14	8.195496695771726e-14
SNUH	cg20980055	EYA4	cg17332326	ZNF793	between_gene	142	0.5103260539280917	8.717628135188626e-11	2.4170341981622873e-10
SNUH	cg20980055	EYA4	cg11623861	ZNF793	between_gene	0			
SNUH	cg20980055	EYA4	cg14732998	ZNF793	between_gene	0			
SNUH	cg20980055	EYA4	cg07482795	ZNF793	between_gene	142	0.3538310655481768	1.5624102369073465e-05	3.0881275061297474e-05
SNUH	cg20980055	EYA4	cg13181745	ZNF793	between_gene	0			
SNUH	cg20980055	EYA4	cg24078985	ZNF793	between_gene	142	0.4753840705294107	2.256314492758486e-09	5.50675819607754e-09
SNUH	cg20980055	EYA4	cg15139588	ZNF793	between_gene	142	0.4967926888813913	3.211012916959918e-10	8.411177409988378e-10
SNUH	cg20980055	EYA4	cg25361907	ZNF793	between_gene	142	0.5087082530894339	1.0218816176236749e-10	2.7975751735363776e-10
SNUH	cg20980055	EYA4	cg20299663	SFMBT2	between_gene	142	0.7074001814786951	7.552476692296303e-23	2.14178387936968e-21
SNUH	cg20980055	EYA4	cg20506550	SFMBT2	between_gene	0			
SNUH	cg20980055	EYA4	cg01056653	SFMBT2	between_gene	0			
SNUH	cg20980055	EYA4	cg22862480	SFMBT2	between_gene	142	0.6561125419381338	7.80903919859689e-19	7.302431279261393e-18
SNUH	cg20980055	EYA4	cg12767281	SFMBT2	between_gene	142	0.6358355459344373	1.874831865955021e-17	1.3401195447333284e-16
SNUH	cg20980055	EYA4	cg26878816	SFMBT2	between_gene	142	0.6658654501027891	1.5496940528152121e-19	1.7278426426473885e-18
SNUH	cg20980055	EYA4	cg12328063	SFMBT2	between_gene	142	0.6439329325154919	5.4219618706192975e-18	4.299665203782902e-17
SNUH	cg20980055	EYA4	cg16818993	SFMBT2	between_gene	142	0.6353451762501807	2.018740720311418e-17	1.4273426935752003e-16
SNUH	cg20980055	EYA4	cg20295442	ADHFE1	between_gene	0			
SNUH	cg20980055	EYA4	cg19283840	ADHFE1	between_gene	0			
SNUH	cg20980055	EYA4	cg25046651	ADHFE1	between_gene	142	0.6312210414697679	3.7406136180387746e-17	2.4832725011356647e-16
SNUH	cg20980055	EYA4	cg01588438	ADHFE1	between_gene	142	0.6162584793091236	3.250494257190226e-16	1.8476120952089977e-15
SNUH	cg20980055	EYA4	cg08090772	ADHFE1	between_gene	0			
SNUH	cg20980055	EYA4	cg09383816	ADHFE1	between_gene	142	0.5953737601924597	5.521549202601311e-15	2.5317613127569102e-14
SNUH	cg20980055	EYA4	cg20912169	ADHFE1	between_gene	142	0.6098543350566126	7.921151199964267e-16	4.175006763779145e-15
SNUH	cg20980055	EYA4	cg18065361	ADHFE1	between_gene	142	0.5987686272373117	3.533169662169992e-15	1.65494428161607e-14
SNUH	cg20980055	EYA4	cg04481096	HOXA2	between_gene	142	0.5997870873507674	3.0870844483746228e-15	1.4617428903465318e-14
SNUH	cg20980055	EYA4	cg19598584	HOXA2	between_gene	0			
SNUH	cg20980055	EYA4	cg09871315	HOXA2	between_gene	0			
SNUH	cg20980055	EYA4	cg13661519	HOXA2	between_gene	142	0.5549874159403677	7.658384374527054e-13	2.6891958052679788e-12
SNUH	cg20980055	EYA4	cg02803819	HOXA2	between_gene	142	0.5874272565911763	1.538603979185296e-14	6.679230917960796e-14
SNUH	cg20980055	EYA4	cg03763508	HOXA2	between_gene	142	0.4842777839481466	1.020247732677605e-09	2.5594483986114162e-09
SNUH	cg20980055	EYA4	cg00188704	HOXA2	between_gene	142	0.5879888765714358	1.4324185325333646e-14	6.24946480163804e-14
SNUH	cg20980055	EYA4	cg06786372	HOXA2	between_gene	142	0.587142255407164	1.5953802183442962e-14	6.86855938887833e-14
SNUH	cg20980055	EYA4	cg19236679	GFRA1	between_gene	142	0.6838372894710923	6.6755328041020264e-21	1.0684947905461465e-19
SNUH	cg20980055	EYA4	cg06298519	GFRA1	between_gene	142	0.6695495095255359	8.27999766282226e-20	9.86416159922524e-19
SNUH	cg20980055	EYA4	cg19485539	GFRA1	between_gene	142	0.7144832991401767	1.7978653556398272e-23	6.091728198525078e-22
SNUH	cg20980055	EYA4	cg18672939	GFRA1	between_gene	142	0.649473690828201	2.270193434221172e-18	1.9292946807436607e-17
SNUH	cg20980055	EYA4	cg27034576	GFRA1	between_gene	142	0.6965366069351686	6.292696913804604e-22	1.3489409982410956e-20
SNUH	cg20980055	EYA4	cg18044663	GFRA1	between_gene	142	0.7041226678625541	1.4463490882065318e-22	3.661471534992338e-21
SNUH	cg20980055	EYA4	cg15701178	UNC5C	between_gene	142	0.6027083494868931	2.0905557508892267e-15	1.0087479947737547e-14
SNUH	cg20980055	EYA4	cg03008707	UNC5C	between_gene	142	0.669909952199434	7.783737027288626e-20	9.401745326016677e-19
SNUH	cg20980055	EYA4	cg24870497	UNC5C	between_gene	0			
SNUH	cg20980055	EYA4	cg13265789	UNC5C	between_gene	142	0.7386581054546293	9.479195759138836e-26	7.977813463094587e-24
SNUH	cg20980055	EYA4	cg12584684	UNC5C	between_gene	142	0.6733467311831113	4.2988766722106525e-20	5.441991618071991e-19
SNUH	cg20980055	EYA4	cg08327106	RALYL	between_gene	0			
SNUH	cg20980055	EYA4	cg09757712	RALYL	between_gene	0			
SNUH	cg20980055	EYA4	cg11089595	RALYL	between_gene	142	0.6272268336997137	6.738633561808104e-17	4.2880719421359376e-16
SNUH	cg20980055	EYA4	cg01134282	RALYL	between_gene	0			
SNUH	cg20980055	EYA4	cg06955749	RALYL	between_gene	142	0.5616975173463037	3.533091821061729e-13	1.2820356830528585e-12
SNUH	cg20980055	EYA4	cg11666087	BEND5	between_gene	142	0.5176732168041728	4.1920732361800714e-11	1.2125409172055218e-10
SNUH	cg20980055	EYA4	cg16573178	BEND5	between_gene	142	0.5239432428524428	2.2130996056617775e-11	6.509556788243039e-11
SNUH	cg20980055	EYA4	cg06744574	BEND5	between_gene	142	0.5351295393249245	6.8503457399129236e-12	2.1251548199087775e-11
SNUH	cg20980055	EYA4	cg03603214	BEND5	between_gene	142	0.3914805601949744	1.4537195313173896e-06	3.014907994600214e-06
SNUH	cg06611358	ZNF568	cg27390819	ZNF568	within_gene	0			
SNUH	cg06611358	ZNF568	cg20154403	ZNF568	within_gene	0			
SNUH	cg06611358	ZNF568	cg21761844	ZNF568	within_gene	0			
SNUH	cg06611358	ZNF568	cg20680720	ZNF568	within_gene	0			
SNUH	cg06611358	ZNF568	cg02459604	ZNF568	within_gene	0			
SNUH	cg06611358	ZNF568	cg03060201	ZNF568	within_gene	0			
SNUH	cg06611358	ZNF568	cg03443751	ZNF568	within_gene	0			
SNUH	cg06611358	ZNF568	cg17332326	ZNF793	between_gene	0			
SNUH	cg06611358	ZNF568	cg11623861	ZNF793	between_gene	0			
SNUH	cg06611358	ZNF568	cg14732998	ZNF793	between_gene	0			
SNUH	cg06611358	ZNF568	cg07482795	ZNF793	between_gene	0			
SNUH	cg06611358	ZNF568	cg13181745	ZNF793	between_gene	0			
SNUH	cg06611358	ZNF568	cg24078985	ZNF793	between_gene	0			
SNUH	cg06611358	ZNF568	cg15139588	ZNF793	between_gene	0			
SNUH	cg06611358	ZNF568	cg25361907	ZNF793	between_gene	0			
SNUH	cg06611358	ZNF568	cg20299663	SFMBT2	between_gene	0			
SNUH	cg06611358	ZNF568	cg20506550	SFMBT2	between_gene	0			
SNUH	cg06611358	ZNF568	cg01056653	SFMBT2	between_gene	0			
SNUH	cg06611358	ZNF568	cg22862480	SFMBT2	between_gene	0			
SNUH	cg06611358	ZNF568	cg12767281	SFMBT2	between_gene	0			
SNUH	cg06611358	ZNF568	cg26878816	SFMBT2	between_gene	0			
SNUH	cg06611358	ZNF568	cg12328063	SFMBT2	between_gene	0			
SNUH	cg06611358	ZNF568	cg16818993	SFMBT2	between_gene	0			
SNUH	cg06611358	ZNF568	cg20295442	ADHFE1	between_gene	0			
SNUH	cg06611358	ZNF568	cg19283840	ADHFE1	between_gene	0			
SNUH	cg06611358	ZNF568	cg25046651	ADHFE1	between_gene	0			
SNUH	cg06611358	ZNF568	cg01588438	ADHFE1	between_gene	0			
SNUH	cg06611358	ZNF568	cg08090772	ADHFE1	between_gene	0			
SNUH	cg06611358	ZNF568	cg09383816	ADHFE1	between_gene	0			
SNUH	cg06611358	ZNF568	cg20912169	ADHFE1	between_gene	0			
SNUH	cg06611358	ZNF568	cg18065361	ADHFE1	between_gene	0			
SNUH	cg06611358	ZNF568	cg04481096	HOXA2	between_gene	0			
SNUH	cg06611358	ZNF568	cg19598584	HOXA2	between_gene	0			
SNUH	cg06611358	ZNF568	cg09871315	HOXA2	between_gene	0			
SNUH	cg06611358	ZNF568	cg13661519	HOXA2	between_gene	0			
SNUH	cg06611358	ZNF568	cg02803819	HOXA2	between_gene	0			
SNUH	cg06611358	ZNF568	cg03763508	HOXA2	between_gene	0			
SNUH	cg06611358	ZNF568	cg00188704	HOXA2	between_gene	0			
SNUH	cg06611358	ZNF568	cg06786372	HOXA2	between_gene	0			
SNUH	cg06611358	ZNF568	cg19236679	GFRA1	between_gene	0			
SNUH	cg06611358	ZNF568	cg06298519	GFRA1	between_gene	0			
SNUH	cg06611358	ZNF568	cg19485539	GFRA1	between_gene	0			
SNUH	cg06611358	ZNF568	cg18672939	GFRA1	between_gene	0			
SNUH	cg06611358	ZNF568	cg27034576	GFRA1	between_gene	0			
SNUH	cg06611358	ZNF568	cg18044663	GFRA1	between_gene	0			
SNUH	cg06611358	ZNF568	cg15701178	UNC5C	between_gene	0			
SNUH	cg06611358	ZNF568	cg03008707	UNC5C	between_gene	0			
SNUH	cg06611358	ZNF568	cg24870497	UNC5C	between_gene	0			
SNUH	cg06611358	ZNF568	cg13265789	UNC5C	between_gene	0			
SNUH	cg06611358	ZNF568	cg12584684	UNC5C	between_gene	0			
SNUH	cg06611358	ZNF568	cg08327106	RALYL	between_gene	0			
SNUH	cg06611358	ZNF568	cg09757712	RALYL	between_gene	0			
SNUH	cg06611358	ZNF568	cg11089595	RALYL	between_gene	0			
SNUH	cg06611358	ZNF568	cg01134282	RALYL	between_gene	0			
SNUH	cg06611358	ZNF568	cg06955749	RALYL	between_gene	0			
SNUH	cg06611358	ZNF568	cg11666087	BEND5	between_gene	0			
SNUH	cg06611358	ZNF568	cg16573178	BEND5	between_gene	0			
SNUH	cg06611358	ZNF568	cg06744574	BEND5	between_gene	0			
SNUH	cg06611358	ZNF568	cg03603214	BEND5	between_gene	0			
SNUH	cg27390819	ZNF568	cg20154403	ZNF568	within_gene	142	0.6977059500283954	5.031592804649929e-22	1.1558079123724836e-21
SNUH	cg27390819	ZNF568	cg21761844	ZNF568	within_gene	0			
SNUH	cg27390819	ZNF568	cg20680720	ZNF568	within_gene	142	0.4808116666072915	1.3938491983933111e-09	2.7789320496269158e-09
SNUH	cg27390819	ZNF568	cg02459604	ZNF568	within_gene	142	0.5061600072088535	1.3102588734831823e-10	2.628810524646638e-10
SNUH	cg27390819	ZNF568	cg03060201	ZNF568	within_gene	142	0.6317910438377925	3.4368466412783947e-17	6.939365511371026e-17
SNUH	cg27390819	ZNF568	cg03443751	ZNF568	within_gene	142	0.6422857933196561	6.999453239693069e-18	1.4315010819243248e-17
SNUH	cg27390819	ZNF568	cg17332326	ZNF793	between_gene	142	0.548436579901968	1.6031811580238798e-12	5.404004704501683e-12
SNUH	cg27390819	ZNF568	cg11623861	ZNF793	between_gene	0			
SNUH	cg27390819	ZNF568	cg14732998	ZNF793	between_gene	0			
SNUH	cg27390819	ZNF568	cg07482795	ZNF793	between_gene	142	0.4714778778308895	3.1747164186270652e-09	7.64804721717268e-09
SNUH	cg27390819	ZNF568	cg13181745	ZNF793	between_gene	0			
SNUH	cg27390819	ZNF568	cg24078985	ZNF793	between_gene	142	0.5398697796060697	4.113382911113053e-12	1.3087580506212142e-11
SNUH	cg27390819	ZNF568	cg15139588	ZNF793	between_gene	142	0.5564878633503147	6.451485031820982e-13	2.271514770313217e-12
SNUH	cg27390819	ZNF568	cg25361907	ZNF793	between_gene	142	0.5500627631283911	1.3365511247424096e-12	4.576196698757148e-12
SNUH	cg27390819	ZNF568	cg20299663	SFMBT2	between_gene	142	0.7358458143594494	1.7970729519392155e-25	1.267179278813355e-23
SNUH	cg27390819	ZNF568	cg20506550	SFMBT2	between_gene	0			
SNUH	cg27390819	ZNF568	cg01056653	SFMBT2	between_gene	0			
SNUH	cg27390819	ZNF568	cg22862480	SFMBT2	between_gene	142	0.668614873289731	9.715338459234436e-20	1.1417710828893083e-18
SNUH	cg27390819	ZNF568	cg12767281	SFMBT2	between_gene	142	0.5648241479826736	2.4491049154354797e-13	9.05058742828777e-13
SNUH	cg27390819	ZNF568	cg26878816	SFMBT2	between_gene	142	0.6696626717603643	8.120954835386729e-20	9.763857679964965e-19
SNUH	cg27390819	ZNF568	cg12328063	SFMBT2	between_gene	142	0.6677808257071068	1.1199586460481508e-19	1.3044518337230473e-18
SNUH	cg27390819	ZNF568	cg16818993	SFMBT2	between_gene	142	0.6622861705271056	2.825194185066058e-19	2.9602135055571667e-18
SNUH	cg27390819	ZNF568	cg20295442	ADHFE1	between_gene	0			
SNUH	cg27390819	ZNF568	cg19283840	ADHFE1	between_gene	0			
SNUH	cg27390819	ZNF568	cg25046651	ADHFE1	between_gene	142	0.6540253273846321	1.0953615123379048e-18	9.820612321957369e-18
SNUH	cg27390819	ZNF568	cg01588438	ADHFE1	between_gene	142	0.6241127766449912	1.0600589143147153e-16	6.461901185624049e-16
SNUH	cg27390819	ZNF568	cg08090772	ADHFE1	between_gene	0			
SNUH	cg27390819	ZNF568	cg09383816	ADHFE1	between_gene	142	0.6051727714898228	1.5000307428174857e-15	7.497280091974751e-15
SNUH	cg27390819	ZNF568	cg20912169	ADHFE1	between_gene	142	0.6115140478340958	6.300478049151987e-16	3.3684318094749045e-15
SNUH	cg27390819	ZNF568	cg18065361	ADHFE1	between_gene	142	0.6336896546665801	2.5887501324070156e-17	1.815604595551049e-16
SNUH	cg27390819	ZNF568	cg04481096	HOXA2	between_gene	142	0.618249296403327	2.4541114298487663e-16	1.413416494586188e-15
SNUH	cg27390819	ZNF568	cg19598584	HOXA2	between_gene	0			
SNUH	cg27390819	ZNF568	cg09871315	HOXA2	between_gene	0			
SNUH	cg27390819	ZNF568	cg13661519	HOXA2	between_gene	142	0.5518188733651725	1.0969757835439722e-12	3.780726313429622e-12
SNUH	cg27390819	ZNF568	cg02803819	HOXA2	between_gene	142	0.5795561944797786	4.132044534990715e-14	1.6818259269564393e-13
SNUH	cg27390819	ZNF568	cg03763508	HOXA2	between_gene	142	0.5095716390292357	9.389026960873903e-11	2.5921662794624355e-10
SNUH	cg27390819	ZNF568	cg00188704	HOXA2	between_gene	142	0.5646355442579597	2.5041180799576274e-13	9.227745862442725e-13
SNUH	cg27390819	ZNF568	cg06786372	HOXA2	between_gene	142	0.5771839787422647	5.536415345419055e-14	2.2222319440305098e-13
SNUH	cg27390819	ZNF568	cg19236679	GFRA1	between_gene	142	0.604648872254506	1.6100925926169177e-15	7.971027654909939e-15
SNUH	cg27390819	ZNF568	cg06298519	GFRA1	between_gene	142	0.585130482343548	2.058330851053653e-14	8.703703712153939e-14
SNUH	cg27390819	ZNF568	cg19485539	GFRA1	between_gene	142	0.6316653080213165	3.501712851853161e-17	2.3425561103807433e-16
SNUH	cg27390819	ZNF568	cg18672939	GFRA1	between_gene	142	0.6195988608335027	2.026096881776798e-16	1.190560082107132e-15
SNUH	cg27390819	ZNF568	cg27034576	GFRA1	between_gene	142	0.6555132012129316	8.608262197826866e-19	7.908083124693765e-18
SNUH	cg27390819	ZNF568	cg18044663	GFRA1	between_gene	142	0.5849460698127165	2.10678441671416e-14	8.894175636257676e-14
SNUH	cg27390819	ZNF568	cg15701178	UNC5C	between_gene	142	0.5253766311602692	1.9088765554240262e-11	5.6529613315565094e-11
SNUH	cg27390819	ZNF568	cg03008707	UNC5C	between_gene	142	0.5943888296300643	6.278983965977416e-15	2.858964950651846e-14
SNUH	cg27390819	ZNF568	cg24870497	UNC5C	between_gene	0			
SNUH	cg27390819	ZNF568	cg13265789	UNC5C	between_gene	142	0.6863855353516727	4.196335254657454e-21	7.202788604869274e-20
SNUH	cg27390819	ZNF568	cg12584684	UNC5C	between_gene	142	0.6051224771632324	1.5102702744712316e-15	7.534025135937751e-15
SNUH	cg27390819	ZNF568	cg08327106	RALYL	between_gene	0			
SNUH	cg27390819	ZNF568	cg09757712	RALYL	between_gene	0			
SNUH	cg27390819	ZNF568	cg11089595	RALYL	between_gene	142	0.6631998507934979	2.425566836805361e-19	2.5847919981133424e-18
SNUH	cg27390819	ZNF568	cg01134282	RALYL	between_gene	0			
SNUH	cg27390819	ZNF568	cg06955749	RALYL	between_gene	142	0.5487467282492755	1.548634742492139e-12	5.233663268344547e-12
SNUH	cg27390819	ZNF568	cg11666087	BEND5	between_gene	142	0.5770163309869634	5.651578241609905e-14	2.2649719865376718e-13
SNUH	cg27390819	ZNF568	cg16573178	BEND5	between_gene	142	0.5291612792361968	1.2875196887982104e-11	3.8969128399936536e-11
SNUH	cg27390819	ZNF568	cg06744574	BEND5	between_gene	142	0.6431240320961628	6.14761944248209e-18	4.816558295926659e-17
SNUH	cg27390819	ZNF568	cg03603214	BEND5	between_gene	142	0.4684015415211101	4.141905054472584e-09	9.886761470374174e-09
SNUH	cg20154403	ZNF568	cg21761844	ZNF568	within_gene	0			
SNUH	cg20154403	ZNF568	cg20680720	ZNF568	within_gene	142	0.780754456810795	2.1932363167528006e-30	6.497718807576054e-30
SNUH	cg20154403	ZNF568	cg02459604	ZNF568	within_gene	142	0.8114507608064696	1.8149228337729895e-34	6.120537641553594e-34
SNUH	cg20154403	ZNF568	cg03060201	ZNF568	within_gene	142	0.9379870953140358	2.7783933335247793e-66	4.635529930143972e-65
SNUH	cg20154403	ZNF568	cg03443751	ZNF568	within_gene	142	0.9295795603856738	1.5157719613847282e-62	1.9219988470358353e-61
SNUH	cg20154403	ZNF568	cg17332326	ZNF793	between_gene	142	0.6458650728953397	4.010453475992764e-18	3.2800229212743323e-17
SNUH	cg20154403	ZNF568	cg11623861	ZNF793	between_gene	0			
SNUH	cg20154403	ZNF568	cg14732998	ZNF793	between_gene	0			
SNUH	cg20154403	ZNF568	cg07482795	ZNF793	between_gene	142	0.5966436919388672	4.675159137183688e-15	2.1626755654099717e-14
SNUH	cg20154403	ZNF568	cg13181745	ZNF793	between_gene	0			
SNUH	cg20154403	ZNF568	cg24078985	ZNF793	between_gene	142	0.6446873474143477	4.820952720058045e-18	3.870112506655828e-17
SNUH	cg20154403	ZNF568	cg15139588	ZNF793	between_gene	142	0.6543480493135873	1.0397054332447457e-18	9.411605267891257e-18
SNUH	cg20154403	ZNF568	cg25361907	ZNF793	between_gene	142	0.6522440699845555	1.4590304942879277e-18	1.2860170809450013e-17
SNUH	cg20154403	ZNF568	cg20299663	SFMBT2	between_gene	142	0.7097179116957362	4.7443865805600074e-23	1.4913379022507297e-21
SNUH	cg20154403	ZNF568	cg20506550	SFMBT2	between_gene	0			
SNUH	cg20154403	ZNF568	cg01056653	SFMBT2	between_gene	0			
SNUH	cg20154403	ZNF568	cg22862480	SFMBT2	between_gene	142	0.6702703948733317	7.316587077788252e-20	8.961960415938756e-19
SNUH	cg20154403	ZNF568	cg12767281	SFMBT2	between_gene	142	0.7023036897175347	2.0664349009325037e-22	5.038624912647572e-21
SNUH	cg20154403	ZNF568	cg26878816	SFMBT2	between_gene	142	0.7520531611032061	4.00814284835252e-27	4.979640329215107e-25
SNUH	cg20154403	ZNF568	cg12328063	SFMBT2	between_gene	142	0.723993118059645	2.4406907114123133e-24	1.033537432506694e-22
SNUH	cg20154403	ZNF568	cg16818993	SFMBT2	between_gene	142	0.7528662527164176	3.286501271366411e-27	4.512885166839456e-25
SNUH	cg20154403	ZNF568	cg20295442	ADHFE1	between_gene	0			
SNUH	cg20154403	ZNF568	cg19283840	ADHFE1	between_gene	0			
SNUH	cg20154403	ZNF568	cg25046651	ADHFE1	between_gene	142	0.5081424419152918	1.0800608507013708e-10	2.953751320209513e-10
SNUH	cg20154403	ZNF568	cg01588438	ADHFE1	between_gene	142	0.5416175074550862	3.4013486212132106e-12	1.0982819991021368e-11
SNUH	cg20154403	ZNF568	cg08090772	ADHFE1	between_gene	0			
SNUH	cg20154403	ZNF568	cg09383816	ADHFE1	between_gene	142	0.541915082220746	3.292674314115664e-12	1.0671537000655609e-11
SNUH	cg20154403	ZNF568	cg20912169	ADHFE1	between_gene	142	0.5148315873518151	5.575825595870192e-11	1.5898720196311838e-10
SNUH	cg20154403	ZNF568	cg18065361	ADHFE1	between_gene	142	0.5633278917666092	2.9199534382009054e-13	1.0684654306123649e-12
SNUH	cg20154403	ZNF568	cg04481096	HOXA2	between_gene	142	0.5476192970948739	1.7559990567828084e-12	5.881131629199418e-12
SNUH	cg20154403	ZNF568	cg19598584	HOXA2	between_gene	0			
SNUH	cg20154403	ZNF568	cg09871315	HOXA2	between_gene	0			
SNUH	cg20154403	ZNF568	cg13661519	HOXA2	between_gene	142	0.428069682789491	1.0723859937351806e-07	2.3471938403146697e-07
SNUH	cg20154403	ZNF568	cg02803819	HOXA2	between_gene	142	0.4395787011909278	4.4219282375315784e-08	9.89434886082323e-08
SNUH	cg20154403	ZNF568	cg03763508	HOXA2	between_gene	142	0.3988444878465856	8.817299348593537e-07	1.8388756195428088e-06
SNUH	cg20154403	ZNF568	cg00188704	HOXA2	between_gene	142	0.4723119254135137	2.9525346892277913e-09	7.125960225897602e-09
SNUH	cg20154403	ZNF568	cg06786372	HOXA2	between_gene	142	0.4895670706279037	6.294795633007326e-10	1.5975799422681048e-09
SNUH	cg20154403	ZNF568	cg19236679	GFRA1	between_gene	142	0.808860602987064	4.28052409122413e-34	1.1167887354003756e-30
SNUH	cg20154403	ZNF568	cg06298519	GFRA1	between_gene	142	0.7673929307132783	8.277410005122957e-29	3.013198883556443e-26
SNUH	cg20154403	ZNF568	cg19485539	GFRA1	between_gene	142	0.7753603902839744	9.787936721905013e-30	6.3687770177762e-27
SNUH	cg20154403	ZNF568	cg18672939	GFRA1	between_gene	142	0.7942668658880826	4.263358188487387e-32	5.561550756881795e-29
SNUH	cg20154403	ZNF568	cg27034576	GFRA1	between_gene	142	0.774752667171007	1.1554420219305567e-29	6.3687770177762e-27
SNUH	cg20154403	ZNF568	cg18044663	GFRA1	between_gene	142	0.7364535374724168	1.5661606529317136e-25	1.135031428749678e-23
SNUH	cg20154403	ZNF568	cg15701178	UNC5C	between_gene	142	0.6291925036306217	5.049296081320265e-17	3.277018277652878e-16
SNUH	cg20154403	ZNF568	cg03008707	UNC5C	between_gene	142	0.6321514865116903	3.2573255904834013e-17	2.1959592934292492e-16
SNUH	cg20154403	ZNF568	cg24870497	UNC5C	between_gene	0			
SNUH	cg20154403	ZNF568	cg13265789	UNC5C	between_gene	142	0.6846587634720688	5.750632588675309e-21	9.479348608366098e-20
SNUH	cg20154403	ZNF568	cg12584684	UNC5C	between_gene	142	0.612410963324958	5.564247821015133e-16	2.9994054886422485e-15
SNUH	cg20154403	ZNF568	cg08327106	RALYL	between_gene	0			
SNUH	cg20154403	ZNF568	cg09757712	RALYL	between_gene	0			
SNUH	cg20154403	ZNF568	cg11089595	RALYL	between_gene	142	0.6970772709460153	5.67524482011301e-22	1.2442616584600708e-20
SNUH	cg20154403	ZNF568	cg01134282	RALYL	between_gene	0			
SNUH	cg20154403	ZNF568	cg06955749	RALYL	between_gene	142	0.6837283184301466	6.80866510251751e-21	1.078230590092684e-19
SNUH	cg20154403	ZNF568	cg11666087	BEND5	between_gene	142	0.5348696853042074	7.042974008142656e-12	2.1771468231331977e-11
SNUH	cg20154403	ZNF568	cg16573178	BEND5	between_gene	142	0.5417348608837971	3.358082033084862e-12	1.0870019881288345e-11
SNUH	cg20154403	ZNF568	cg06744574	BEND5	between_gene	142	0.6036262209471679	1.848051326406247e-15	9.061406011703857e-15
SNUH	cg20154403	ZNF568	cg03603214	BEND5	between_gene	142	0.5677370277310344	1.7347211684130838e-13	6.502711966077206e-13
SNUH	cg21761844	ZNF568	cg20680720	ZNF568	within_gene	0			
SNUH	cg21761844	ZNF568	cg02459604	ZNF568	within_gene	0			
SNUH	cg21761844	ZNF568	cg03060201	ZNF568	within_gene	0			
SNUH	cg21761844	ZNF568	cg03443751	ZNF568	within_gene	0			
SNUH	cg21761844	ZNF568	cg17332326	ZNF793	between_gene	0			
SNUH	cg21761844	ZNF568	cg11623861	ZNF793	between_gene	0			
SNUH	cg21761844	ZNF568	cg14732998	ZNF793	between_gene	0			
SNUH	cg21761844	ZNF568	cg07482795	ZNF793	between_gene	0			
SNUH	cg21761844	ZNF568	cg13181745	ZNF793	between_gene	0			
SNUH	cg21761844	ZNF568	cg24078985	ZNF793	between_gene	0			
SNUH	cg21761844	ZNF568	cg15139588	ZNF793	between_gene	0			
SNUH	cg21761844	ZNF568	cg25361907	ZNF793	between_gene	0			
SNUH	cg21761844	ZNF568	cg20299663	SFMBT2	between_gene	0			
SNUH	cg21761844	ZNF568	cg20506550	SFMBT2	between_gene	0			
SNUH	cg21761844	ZNF568	cg01056653	SFMBT2	between_gene	0			
SNUH	cg21761844	ZNF568	cg22862480	SFMBT2	between_gene	0			
SNUH	cg21761844	ZNF568	cg12767281	SFMBT2	between_gene	0			
SNUH	cg21761844	ZNF568	cg26878816	SFMBT2	between_gene	0			
SNUH	cg21761844	ZNF568	cg12328063	SFMBT2	between_gene	0			
SNUH	cg21761844	ZNF568	cg16818993	SFMBT2	between_gene	0			
SNUH	cg21761844	ZNF568	cg20295442	ADHFE1	between_gene	0			
SNUH	cg21761844	ZNF568	cg19283840	ADHFE1	between_gene	0			
SNUH	cg21761844	ZNF568	cg25046651	ADHFE1	between_gene	0			
SNUH	cg21761844	ZNF568	cg01588438	ADHFE1	between_gene	0			
SNUH	cg21761844	ZNF568	cg08090772	ADHFE1	between_gene	0			
SNUH	cg21761844	ZNF568	cg09383816	ADHFE1	between_gene	0			
SNUH	cg21761844	ZNF568	cg20912169	ADHFE1	between_gene	0			
SNUH	cg21761844	ZNF568	cg18065361	ADHFE1	between_gene	0			
SNUH	cg21761844	ZNF568	cg04481096	HOXA2	between_gene	0			
SNUH	cg21761844	ZNF568	cg19598584	HOXA2	between_gene	0			
SNUH	cg21761844	ZNF568	cg09871315	HOXA2	between_gene	0			
SNUH	cg21761844	ZNF568	cg13661519	HOXA2	between_gene	0			
SNUH	cg21761844	ZNF568	cg02803819	HOXA2	between_gene	0			
SNUH	cg21761844	ZNF568	cg03763508	HOXA2	between_gene	0			
SNUH	cg21761844	ZNF568	cg00188704	HOXA2	between_gene	0			
SNUH	cg21761844	ZNF568	cg06786372	HOXA2	between_gene	0			
SNUH	cg21761844	ZNF568	cg19236679	GFRA1	between_gene	0			
SNUH	cg21761844	ZNF568	cg06298519	GFRA1	between_gene	0			
SNUH	cg21761844	ZNF568	cg19485539	GFRA1	between_gene	0			
SNUH	cg21761844	ZNF568	cg18672939	GFRA1	between_gene	0			
SNUH	cg21761844	ZNF568	cg27034576	GFRA1	between_gene	0			
SNUH	cg21761844	ZNF568	cg18044663	GFRA1	between_gene	0			
SNUH	cg21761844	ZNF568	cg15701178	UNC5C	between_gene	0			
SNUH	cg21761844	ZNF568	cg03008707	UNC5C	between_gene	0			
SNUH	cg21761844	ZNF568	cg24870497	UNC5C	between_gene	0			
SNUH	cg21761844	ZNF568	cg13265789	UNC5C	between_gene	0			
SNUH	cg21761844	ZNF568	cg12584684	UNC5C	between_gene	0			
SNUH	cg21761844	ZNF568	cg08327106	RALYL	between_gene	0			
SNUH	cg21761844	ZNF568	cg09757712	RALYL	between_gene	0			
SNUH	cg21761844	ZNF568	cg11089595	RALYL	between_gene	0			
SNUH	cg21761844	ZNF568	cg01134282	RALYL	between_gene	0			
SNUH	cg21761844	ZNF568	cg06955749	RALYL	between_gene	0			
SNUH	cg21761844	ZNF568	cg11666087	BEND5	between_gene	0			
SNUH	cg21761844	ZNF568	cg16573178	BEND5	between_gene	0			
SNUH	cg21761844	ZNF568	cg06744574	BEND5	between_gene	0			
SNUH	cg21761844	ZNF568	cg03603214	BEND5	between_gene	0			
SNUH	cg20680720	ZNF568	cg02459604	ZNF568	within_gene	142	0.7703351488188168	3.80059375077398e-29	1.085394791887704e-28
SNUH	cg20680720	ZNF568	cg03060201	ZNF568	within_gene	142	0.833831736139198	6.014802289099138e-38	2.5088056916374036e-37
SNUH	cg20680720	ZNF568	cg03443751	ZNF568	within_gene	142	0.7755573763964534	9.274411118519337e-30	2.6972369950189263e-29
SNUH	cg20680720	ZNF568	cg17332326	ZNF793	between_gene	142	0.5487634930248056	1.5457381678417226e-12	5.2306496496745185e-12
SNUH	cg20680720	ZNF568	cg11623861	ZNF793	between_gene	0			
SNUH	cg20680720	ZNF568	cg14732998	ZNF793	between_gene	0			
SNUH	cg20680720	ZNF568	cg07482795	ZNF793	between_gene	142	0.5847490837002374	2.1597672006920245e-14	9.103122175453136e-14
SNUH	cg20680720	ZNF568	cg13181745	ZNF793	between_gene	0			
SNUH	cg20680720	ZNF568	cg24078985	ZNF793	between_gene	142	0.5758511790876191	6.518834195809709e-14	2.582148290803378e-13
SNUH	cg20680720	ZNF568	cg15139588	ZNF793	between_gene	142	0.571198953878007	1.14630529000562e-13	4.4045810038654834e-13
SNUH	cg20680720	ZNF568	cg25361907	ZNF793	between_gene	142	0.5626279623882261	3.1693399813450514e-13	1.1548614540962624e-12
SNUH	cg20680720	ZNF568	cg20299663	SFMBT2	between_gene	142	0.5398111028917142	4.139637347495685e-12	1.3155071668229282e-11
SNUH	cg20680720	ZNF568	cg20506550	SFMBT2	between_gene	0			
SNUH	cg20680720	ZNF568	cg01056653	SFMBT2	between_gene	0			
SNUH	cg20680720	ZNF568	cg22862480	SFMBT2	between_gene	142	0.5033225689503784	1.7239391090350876e-10	4.62732215583595e-10
SNUH	cg20680720	ZNF568	cg12767281	SFMBT2	between_gene	142	0.5695015203555809	1.405350539829497e-13	5.321566848207776e-13
SNUH	cg20680720	ZNF568	cg26878816	SFMBT2	between_gene	142	0.5798621516332035	3.978342504396798e-14	1.6243342087591933e-13
SNUH	cg20680720	ZNF568	cg12328063	SFMBT2	between_gene	142	0.5842251844649208	2.3070659493752806e-14	9.692649053011445e-14
SNUH	cg20680720	ZNF568	cg16818993	SFMBT2	between_gene	142	0.6082449166057198	9.87727109671543e-16	5.1130556133592375e-15
SNUH	cg20680720	ZNF568	cg20295442	ADHFE1	between_gene	0			
SNUH	cg20680720	ZNF568	cg19283840	ADHFE1	between_gene	0			
SNUH	cg20680720	ZNF568	cg25046651	ADHFE1	between_gene	142	0.3119275091106078	0.0001575083070343	0.0003043993874464
SNUH	cg20680720	ZNF568	cg01588438	ADHFE1	between_gene	142	0.335117384862665	4.5697913453183515e-05	8.924091032885912e-05
SNUH	cg20680720	ZNF568	cg08090772	ADHFE1	between_gene	0			
SNUH	cg20680720	ZNF568	cg09383816	ADHFE1	between_gene	142	0.3611279340976674	1.009004879732004e-05	2.0110723691526348e-05
SNUH	cg20680720	ZNF568	cg20912169	ADHFE1	between_gene	142	0.3302639823466914	5.970118431754371e-05	0.0001162390969287
SNUH	cg20680720	ZNF568	cg18065361	ADHFE1	between_gene	142	0.3787183748226602	3.361968026618064e-06	6.857994199723635e-06
SNUH	cg20680720	ZNF568	cg04481096	HOXA2	between_gene	142	0.2985785565947388	0.0003071277926881	0.0005922368153165
SNUH	cg20680720	ZNF568	cg19598584	HOXA2	between_gene	0			
SNUH	cg20680720	ZNF568	cg09871315	HOXA2	between_gene	0			
SNUH	cg20680720	ZNF568	cg13661519	HOXA2	between_gene	142	0.2244614839760179	0.0072425101055594	0.0137523354187807
SNUH	cg20680720	ZNF568	cg02803819	HOXA2	between_gene	142	0.2233633911787942	0.0075400198079225	0.01430684485736
SNUH	cg20680720	ZNF568	cg03763508	HOXA2	between_gene	142	0.1969211489738909	0.01882928782008	0.0355982695091224
SNUH	cg20680720	ZNF568	cg00188704	HOXA2	between_gene	142	0.2287993696444401	0.006166595033565	0.0117178779625426
SNUH	cg20680720	ZNF568	cg06786372	HOXA2	between_gene	142	0.2579365495158123	0.0019409813041317	0.0037071890354902
SNUH	cg20680720	ZNF568	cg19236679	GFRA1	between_gene	142	0.5760439740062157	6.366896966775577e-14	2.5360662879874016e-13
SNUH	cg20680720	ZNF568	cg06298519	GFRA1	between_gene	142	0.572779033971722	9.472759024677097e-14	3.699764714877627e-13
SNUH	cg20680720	ZNF568	cg19485539	GFRA1	between_gene	142	0.5453518612044234	2.2577129280362466e-12	7.475092676708842e-12
SNUH	cg20680720	ZNF568	cg18672939	GFRA1	between_gene	142	0.6330567843903175	2.8458235865712747e-17	1.9612381034079291e-16
SNUH	cg20680720	ZNF568	cg27034576	GFRA1	between_gene	142	0.5715971172968477	1.0926252122449277e-13	4.2107225683116923e-13
SNUH	cg20680720	ZNF568	cg18044663	GFRA1	between_gene	142	0.5305359908296677	1.114567053038328e-11	3.385221701253781e-11
SNUH	cg20680720	ZNF568	cg15701178	UNC5C	between_gene	142	0.4731417818022553	2.746372860066249e-09	6.646833758731766e-09
SNUH	cg20680720	ZNF568	cg03008707	UNC5C	between_gene	142	0.5064617731683959	1.2723870600052279e-10	3.465196074690646e-10
SNUH	cg20680720	ZNF568	cg24870497	UNC5C	between_gene	0			
SNUH	cg20680720	ZNF568	cg13265789	UNC5C	between_gene	142	0.450580585132578	1.837625701408235e-08	4.2018978571201446e-08
SNUH	cg20680720	ZNF568	cg12584684	UNC5C	between_gene	142	0.4302407212206433	9.0962587337516e-08	2.0027121549669133e-07
SNUH	cg20680720	ZNF568	cg08327106	RALYL	between_gene	0			
SNUH	cg20680720	ZNF568	cg09757712	RALYL	between_gene	0			
SNUH	cg20680720	ZNF568	cg11089595	RALYL	between_gene	142	0.5280254656940303	1.449781062124826e-11	4.3576944597738146e-11
SNUH	cg20680720	ZNF568	cg01134282	RALYL	between_gene	0			
SNUH	cg20680720	ZNF568	cg06955749	RALYL	between_gene	142	0.5520368154470642	1.0703241466112313e-12	3.69375092395331e-12
SNUH	cg20680720	ZNF568	cg11666087	BEND5	between_gene	142	0.4189873656460411	2.108819140555985e-07	4.5395289915103666e-07
SNUH	cg20680720	ZNF568	cg16573178	BEND5	between_gene	142	0.4314100643138702	8.320520849902615e-08	1.8350159676581505e-07
SNUH	cg20680720	ZNF568	cg06744574	BEND5	between_gene	142	0.4002653025727644	7.995285815775913e-07	1.6724179212097255e-06
SNUH	cg20680720	ZNF568	cg03603214	BEND5	between_gene	142	0.5535079244998334	9.061728577975616e-13	3.1438896090343592e-12
SNUH	cg02459604	ZNF568	cg03060201	ZNF568	within_gene	142	0.8414597090054089	2.9712970213853275e-39	1.3081960496932623e-38
SNUH	cg02459604	ZNF568	cg03443751	ZNF568	within_gene	142	0.7921670777529334	8.016511790378457e-32	2.5412342375499713e-31
SNUH	cg02459604	ZNF568	cg17332326	ZNF793	between_gene	142	0.5871171082438689	1.6004866432921986e-14	6.879192178499747e-14
SNUH	cg02459604	ZNF568	cg11623861	ZNF793	between_gene	0			
SNUH	cg02459604	ZNF568	cg14732998	ZNF793	between_gene	0			
SNUH	cg02459604	ZNF568	cg07482795	ZNF793	between_gene	142	0.5492412891274144	1.4653606064360876e-12	4.980362614723054e-12
SNUH	cg02459604	ZNF568	cg13181745	ZNF793	between_gene	0			
SNUH	cg02459604	ZNF568	cg24078985	ZNF793	between_gene	142	0.5642499544207665	2.620350665514777e-13	9.628866037081764e-13
SNUH	cg02459604	ZNF568	cg15139588	ZNF793	between_gene	142	0.619112682343129	2.1711574743869226e-16	1.2615923943597956e-15
SNUH	cg02459604	ZNF568	cg25361907	ZNF793	between_gene	142	0.5796358271635467	4.0914928749426735e-14	1.6679226423008489e-13
SNUH	cg02459604	ZNF568	cg20299663	SFMBT2	between_gene	142	0.5705032156935065	1.2463190878201042e-13	4.760829429169328e-13
SNUH	cg02459604	ZNF568	cg20506550	SFMBT2	between_gene	0			
SNUH	cg02459604	ZNF568	cg01056653	SFMBT2	between_gene	0			
SNUH	cg02459604	ZNF568	cg22862480	SFMBT2	between_gene	142	0.474285977732187	2.484728230244216e-09	6.030377630425265e-09
SNUH	cg02459604	ZNF568	cg12767281	SFMBT2	between_gene	142	0.5760733123633933	6.344080021634578e-14	2.530841708936486e-13
SNUH	cg02459604	ZNF568	cg26878816	SFMBT2	between_gene	142	0.6037351919881139	1.821148463976975e-15	8.947978046169355e-15
SNUH	cg02459604	ZNF568	cg12328063	SFMBT2	between_gene	142	0.5617058997340688	3.529640551505411e-13	1.2820356830528585e-12
SNUH	cg02459604	ZNF568	cg16818993	SFMBT2	between_gene	142	0.5916142592798272	8.997910015587543e-15	4.0266804855348036e-14
SNUH	cg02459604	ZNF568	cg20295442	ADHFE1	between_gene	0			
SNUH	cg02459604	ZNF568	cg19283840	ADHFE1	between_gene	0			
SNUH	cg02459604	ZNF568	cg25046651	ADHFE1	between_gene	142	0.3750846097265036	4.2412398100788235e-06	8.584479956939993e-06
SNUH	cg02459604	ZNF568	cg01588438	ADHFE1	between_gene	142	0.4125706478118825	3.3603885140569e-07	7.17451197477451e-07
SNUH	cg02459604	ZNF568	cg08090772	ADHFE1	between_gene	0			
SNUH	cg02459604	ZNF568	cg09383816	ADHFE1	between_gene	142	0.4448051199624469	2.9250409067053314e-08	6.618761253767745e-08
SNUH	cg02459604	ZNF568	cg20912169	ADHFE1	between_gene	142	0.4219086277821669	1.700261222722232e-07	3.684370041596597e-07
SNUH	cg02459604	ZNF568	cg18065361	ADHFE1	between_gene	142	0.4278014463810089	1.0943316398418489e-07	2.393219822587916e-07
SNUH	cg02459604	ZNF568	cg04481096	HOXA2	between_gene	142	0.4057138546200579	5.470290534568254e-07	1.155626559084095e-06
SNUH	cg02459604	ZNF568	cg19598584	HOXA2	between_gene	0			
SNUH	cg02459604	ZNF568	cg09871315	HOXA2	between_gene	0			
SNUH	cg02459604	ZNF568	cg13661519	HOXA2	between_gene	142	0.3003430492192854	0.0002816915855744	0.0005435897535234
SNUH	cg02459604	ZNF568	cg02803819	HOXA2	between_gene	142	0.2889681490220897	0.000487144499608	0.0009372861353078
SNUH	cg02459604	ZNF568	cg03763508	HOXA2	between_gene	142	0.2697138043257312	0.0011704893927809	0.0022405039073847
SNUH	cg02459604	ZNF568	cg00188704	HOXA2	between_gene	142	0.3338139235651972	4.912067792287496e-05	9.585328997814568e-05
SNUH	cg02459604	ZNF568	cg06786372	HOXA2	between_gene	142	0.3481268506740488	2.1828627547026295e-05	4.288470577574669e-05
SNUH	cg02459604	ZNF568	cg19236679	GFRA1	between_gene	142	0.64277197181003	6.492294922066559e-18	5.036026013778791e-17
SNUH	cg02459604	ZNF568	cg06298519	GFRA1	between_gene	142	0.6919472496337945	1.4982779356857595e-21	2.9391031084241696e-20
SNUH	cg02459604	ZNF568	cg19485539	GFRA1	between_gene	142	0.6661672160623314	1.4726299610159726e-19	1.663243103156135e-18
SNUH	cg02459604	ZNF568	cg18672939	GFRA1	between_gene	142	0.6744280592048048	3.560531305989126e-20	4.644713088662815e-19
SNUH	cg02459604	ZNF568	cg27034576	GFRA1	between_gene	142	0.6586691702064792	5.140421324710394e-19	4.985635403780453e-18
SNUH	cg02459604	ZNF568	cg18044663	GFRA1	between_gene	142	0.6971024181093106	5.648017425778046e-22	1.2442616584600708e-20
SNUH	cg02459604	ZNF568	cg15701178	UNC5C	between_gene	142	0.4931798797546475	4.5046730141467475e-10	1.1601867614914972e-09
SNUH	cg02459604	ZNF568	cg03008707	UNC5C	between_gene	142	0.4992613020782034	2.542101100113355e-10	6.733341898675882e-10
SNUH	cg02459604	ZNF568	cg24870497	UNC5C	between_gene	0			
SNUH	cg02459604	ZNF568	cg13265789	UNC5C	between_gene	142	0.5256071468238085	1.863895171224182e-11	5.534712345518201e-11
SNUH	cg02459604	ZNF568	cg12584684	UNC5C	between_gene	142	0.4924506120190867	4.820955917716855e-10	1.236762437494914e-09
SNUH	cg02459604	ZNF568	cg08327106	RALYL	between_gene	0			
SNUH	cg02459604	ZNF568	cg09757712	RALYL	between_gene	0			
SNUH	cg02459604	ZNF568	cg11089595	RALYL	between_gene	142	0.5677831308637423	1.7252311212680665e-13	6.479673974245556e-13
SNUH	cg02459604	ZNF568	cg01134282	RALYL	between_gene	0			
SNUH	cg02459604	ZNF568	cg06955749	RALYL	between_gene	142	0.5855370281501537	1.955311249124437e-14	8.299365861658963e-14
SNUH	cg02459604	ZNF568	cg11666087	BEND5	between_gene	142	0.4099218132781214	4.0616242899211857e-07	8.629297860264148e-07
SNUH	cg02459604	ZNF568	cg16573178	BEND5	between_gene	142	0.4097248271656423	4.119008440291415e-07	8.744095216208543e-07
SNUH	cg02459604	ZNF568	cg06744574	BEND5	between_gene	142	0.4527767707270255	1.5363955891586864e-08	3.5347937320238206e-08
SNUH	cg02459604	ZNF568	cg03603214	BEND5	between_gene	142	0.4883055212692612	7.068509564073161e-10	1.7869904508398141e-09
SNUH	cg03060201	ZNF568	cg03443751	ZNF568	within_gene	142	0.9176891433409264	5.5119684356369986e-58	5.460293731552902e-57
SNUH	cg03060201	ZNF568	cg17332326	ZNF793	between_gene	142	0.6677221489927514	1.131197147190283e-19	1.3116859364530877e-18
SNUH	cg03060201	ZNF568	cg11623861	ZNF793	between_gene	0			
SNUH	cg03060201	ZNF568	cg14732998	ZNF793	between_gene	0			
SNUH	cg03060201	ZNF568	cg07482795	ZNF793	between_gene	142	0.620575409008133	1.7627120113525326e-16	1.0499807391823648e-15
SNUH	cg03060201	ZNF568	cg13181745	ZNF793	between_gene	0			
SNUH	cg03060201	ZNF568	cg24078985	ZNF793	between_gene	142	0.669243552372111	8.725400023414059e-20	1.0347531209585129e-18
SNUH	cg03060201	ZNF568	cg15139588	ZNF793	between_gene	142	0.6778732205762474	1.9428680532985934e-20	2.6400743495083497e-19
SNUH	cg03060201	ZNF568	cg25361907	ZNF793	between_gene	142	0.6806938940591923	1.1759367105924011e-20	1.7431925442815766e-19
SNUH	cg03060201	ZNF568	cg20299663	SFMBT2	between_gene	142	0.6820518408771331	9.21579668909955e-21	1.3940268758776185e-19
SNUH	cg03060201	ZNF568	cg20506550	SFMBT2	between_gene	0			
SNUH	cg03060201	ZNF568	cg01056653	SFMBT2	between_gene	0			
SNUH	cg03060201	ZNF568	cg22862480	SFMBT2	between_gene	142	0.6415481431963302	7.843579278661491e-18	6.001143207632794e-17
SNUH	cg03060201	ZNF568	cg12767281	SFMBT2	between_gene	142	0.7218849475367307	3.8270937428252326e-24	1.5128617537925805e-22
SNUH	cg03060201	ZNF568	cg26878816	SFMBT2	between_gene	142	0.7271574694409576	1.2327285313806687e-24	6.306252428180715e-23
SNUH	cg03060201	ZNF568	cg12328063	SFMBT2	between_gene	142	0.6707775293331183	6.705417544820846e-20	8.252091686055465e-19
SNUH	cg03060201	ZNF568	cg16818993	SFMBT2	between_gene	142	0.7512442606838772	4.879527468610695e-27	5.786675984366047e-25
SNUH	cg03060201	ZNF568	cg20295442	ADHFE1	between_gene	0			
SNUH	cg03060201	ZNF568	cg19283840	ADHFE1	between_gene	0			
SNUH	cg03060201	ZNF568	cg25046651	ADHFE1	between_gene	142	0.4751787020291665	2.297435113537423e-09	5.5966463223334615e-09
SNUH	cg03060201	ZNF568	cg01588438	ADHFE1	between_gene	142	0.5099153169276034	9.07718812951319e-11	2.5087271006249904e-10
SNUH	cg03060201	ZNF568	cg08090772	ADHFE1	between_gene	0			
SNUH	cg03060201	ZNF568	cg09383816	ADHFE1	between_gene	142	0.5201292564193374	3.2691271855296e-11	9.519143780186076e-11
SNUH	cg03060201	ZNF568	cg20912169	ADHFE1	between_gene	142	0.4951581232672033	3.7443124066689055e-10	9.768911068999172e-10
SNUH	cg03060201	ZNF568	cg18065361	ADHFE1	between_gene	142	0.5423383928028819	3.143864311829037e-12	1.020191789746512e-11
SNUH	cg03060201	ZNF568	cg04481096	HOXA2	between_gene	142	0.5164451969965905	4.7435623296726824e-11	1.3659993507854335e-10
SNUH	cg03060201	ZNF568	cg19598584	HOXA2	between_gene	0			
SNUH	cg03060201	ZNF568	cg09871315	HOXA2	between_gene	0			
SNUH	cg03060201	ZNF568	cg13661519	HOXA2	between_gene	142	0.3892550362433492	1.6868705619107831e-06	3.492893092083519e-06
SNUH	cg03060201	ZNF568	cg02803819	HOXA2	between_gene	142	0.4034254627601945	6.420856436384387e-07	1.3509689066553923e-06
SNUH	cg03060201	ZNF568	cg03763508	HOXA2	between_gene	142	0.3808516925088696	2.929475571428629e-06	5.99921645671687e-06
SNUH	cg03060201	ZNF568	cg00188704	HOXA2	between_gene	142	0.426372249267065	1.218699523715694e-07	2.658517606500206e-07
SNUH	cg03060201	ZNF568	cg06786372	HOXA2	between_gene	142	0.4517625018074523	1.6690930185878708e-08	3.833330709063165e-08
SNUH	cg03060201	ZNF568	cg19236679	GFRA1	between_gene	142	0.7669738113250252	9.239398646397679e-29	3.013198883556443e-26
SNUH	cg03060201	ZNF568	cg06298519	GFRA1	between_gene	142	0.7421451787648972	4.2395858695391244e-26	3.950385547724134e-24
SNUH	cg03060201	ZNF568	cg19485539	GFRA1	between_gene	142	0.752107646623679	3.955275205866483e-27	4.979640329215107e-25
SNUH	cg03060201	ZNF568	cg18672939	GFRA1	between_gene	142	0.7694927188484276	4.7550354033672903e-29	2.0676478945642103e-26
SNUH	cg03060201	ZNF568	cg27034576	GFRA1	between_gene	142	0.7609175361647642	4.4120282496319546e-28	1.046452882117252e-25
SNUH	cg03060201	ZNF568	cg18044663	GFRA1	between_gene	142	0.7233434830078523	2.804815616761394e-24	1.1434006162703871e-22
SNUH	cg03060201	ZNF568	cg15701178	UNC5C	between_gene	142	0.5983159782979981	3.751021120391805e-15	1.747573946982539e-14
SNUH	cg03060201	ZNF568	cg03008707	UNC5C	between_gene	142	0.6180774574541432	2.514569811682638e-16	1.445046836713657e-15
SNUH	cg03060201	ZNF568	cg24870497	UNC5C	between_gene	0			
SNUH	cg03060201	ZNF568	cg13265789	UNC5C	between_gene	142	0.6035843090083426	1.8585013208098267e-15	9.080205891372356e-15
SNUH	cg03060201	ZNF568	cg12584684	UNC5C	between_gene	142	0.6036136473655204	1.851180300589557e-15	9.061406011703857e-15
SNUH	cg03060201	ZNF568	cg08327106	RALYL	between_gene	0			
SNUH	cg03060201	ZNF568	cg09757712	RALYL	between_gene	0			
SNUH	cg03060201	ZNF568	cg11089595	RALYL	between_gene	142	0.6637027940594019	2.2297418800139845e-19	2.4340571401491573e-18
SNUH	cg03060201	ZNF568	cg01134282	RALYL	between_gene	0			
SNUH	cg03060201	ZNF568	cg06955749	RALYL	between_gene	142	0.6495491323180864	2.243162783800113e-18	1.91255284409624e-17
SNUH	cg03060201	ZNF568	cg11666087	BEND5	between_gene	142	0.4913692839973931	5.329697450634822e-10	1.3632530047751223e-09
SNUH	cg03060201	ZNF568	cg16573178	BEND5	between_gene	142	0.5129329765230276	6.736644398668675e-11	1.8919166023817624e-10
SNUH	cg03060201	ZNF568	cg06744574	BEND5	between_gene	142	0.525602955629926	1.8647037760484853e-11	5.534712345518201e-11
SNUH	cg03060201	ZNF568	cg03603214	BEND5	between_gene	142	0.5607628811104988	3.9391801227944036e-13	1.425425927929348e-12
SNUH	cg03443751	ZNF568	cg17332326	ZNF793	between_gene	142	0.6204748203549522	1.7882189606036804e-16	1.0579281787335609e-15
SNUH	cg03443751	ZNF568	cg11623861	ZNF793	between_gene	0			
SNUH	cg03443751	ZNF568	cg14732998	ZNF793	between_gene	0			
SNUH	cg03443751	ZNF568	cg07482795	ZNF793	between_gene	142	0.6086640359939732	9.326713383988382e-16	4.837653125015047e-15
SNUH	cg03443751	ZNF568	cg13181745	ZNF793	between_gene	0			
SNUH	cg03443751	ZNF568	cg24078985	ZNF793	between_gene	142	0.647918757897781	2.903739315721823e-18	2.4359665192020052e-17
SNUH	cg03443751	ZNF568	cg15139588	ZNF793	between_gene	142	0.6247707940845489	9.636901953764048e-17	5.943895318527284e-16
SNUH	cg03443751	ZNF568	cg25361907	ZNF793	between_gene	142	0.6404751975624017	9.2512860147725e-18	6.996117452910566e-17
SNUH	cg03443751	ZNF568	cg20299663	SFMBT2	between_gene	142	0.6596541007688745	4.370861969717209e-19	4.287059728944436e-18
SNUH	cg03443751	ZNF568	cg20506550	SFMBT2	between_gene	0			
SNUH	cg03443751	ZNF568	cg01056653	SFMBT2	between_gene	0			
SNUH	cg03443751	ZNF568	cg22862480	SFMBT2	between_gene	142	0.6093974949234164	8.434329402625998e-16	4.4275986743362625e-15
SNUH	cg03443751	ZNF568	cg12767281	SFMBT2	between_gene	142	0.6765236561460716	2.4655847101862947e-20	3.2488436913515372e-19
SNUH	cg03443751	ZNF568	cg26878816	SFMBT2	between_gene	142	0.6776049841677652	2.0372948029966424e-20	2.739846464442392e-19
SNUH	cg03443751	ZNF568	cg12328063	SFMBT2	between_gene	142	0.6326041354510039	3.044799600237059e-17	2.0633460148099963e-16
SNUH	cg03443751	ZNF568	cg16818993	SFMBT2	between_gene	142	0.6880410569352734	3.095839576933787e-21	5.457463146094763e-20
SNUH	cg03443751	ZNF568	cg20295442	ADHFE1	between_gene	0			
SNUH	cg03443751	ZNF568	cg19283840	ADHFE1	between_gene	0			
SNUH	cg03443751	ZNF568	cg25046651	ADHFE1	between_gene	142	0.4541263351572012	1.3754665182103561e-08	3.1870267726561446e-08
SNUH	cg03443751	ZNF568	cg01588438	ADHFE1	between_gene	142	0.4706438302482654	3.4129548273854067e-09	8.176675063956406e-09
SNUH	cg03443751	ZNF568	cg08090772	ADHFE1	between_gene	0			
SNUH	cg03443751	ZNF568	cg09383816	ADHFE1	between_gene	142	0.4764444425816916	2.055031336860392e-09	5.029621724079515e-09
SNUH	cg03443751	ZNF568	cg20912169	ADHFE1	between_gene	142	0.4291132900662419	9.909450065457998e-08	2.1762420219511714e-07
SNUH	cg03443751	ZNF568	cg18065361	ADHFE1	between_gene	142	0.484076606641785	1.03899194170413e-09	2.6039673159520412e-09
SNUH	cg03443751	ZNF568	cg04481096	HOXA2	between_gene	142	0.4943282668784616	4.046839153093191e-10	1.0495231958668127e-09
SNUH	cg03443751	ZNF568	cg19598584	HOXA2	between_gene	0			
SNUH	cg03443751	ZNF568	cg09871315	HOXA2	between_gene	0			
SNUH	cg03443751	ZNF568	cg13661519	HOXA2	between_gene	142	0.3565343856024108	1.330405419306404e-05	2.6355563697573338e-05
SNUH	cg03443751	ZNF568	cg02803819	HOXA2	between_gene	142	0.3673644305948771	6.884349677126587e-06	1.3805740436297667e-05
SNUH	cg03443751	ZNF568	cg03763508	HOXA2	between_gene	142	0.3405114513894856	3.3774120989792694e-05	6.610403725609087e-05
SNUH	cg03443751	ZNF568	cg00188704	HOXA2	between_gene	142	0.4030105345658238	6.609279520290132e-07	1.3894931723156288e-06
SNUH	cg03443751	ZNF568	cg06786372	HOXA2	between_gene	142	0.4124826327403493	3.381706154791266e-07	7.214122124162233e-07
SNUH	cg03443751	ZNF568	cg19236679	GFRA1	between_gene	142	0.7245421644582568	2.1693904895763416e-24	1.0107035334472634e-22
SNUH	cg03443751	ZNF568	cg06298519	GFRA1	between_gene	142	0.6944200540244893	9.40737679585496e-22	1.902623725611286e-20
SNUH	cg03443751	ZNF568	cg19485539	GFRA1	between_gene	142	0.6956690298014842	7.423376762282684e-22	1.5593154024590087e-20
SNUH	cg03443751	ZNF568	cg18672939	GFRA1	between_gene	142	0.7278406340438105	1.0623744356787729e-24	5.543469805371837e-23
SNUH	cg03443751	ZNF568	cg27034576	GFRA1	between_gene	142	0.7266000406545807	1.3913137449586196e-24	6.848938793579318e-23
SNUH	cg03443751	ZNF568	cg18044663	GFRA1	between_gene	142	0.6611922689237644	3.3887879852307185e-19	3.426879012971684e-18
SNUH	cg03443751	ZNF568	cg15701178	UNC5C	between_gene	142	0.5873099031624653	1.5617402402465482e-14	6.757181238479677e-14
SNUH	cg03443751	ZNF568	cg03008707	UNC5C	between_gene	142	0.6011534165564733	2.573857123051674e-15	1.2321455475306086e-14
SNUH	cg03443751	ZNF568	cg24870497	UNC5C	between_gene	0			
SNUH	cg03443751	ZNF568	cg13265789	UNC5C	between_gene	142	0.6128342739070938	5.246583157664742e-16	2.875700726543552e-15
SNUH	cg03443751	ZNF568	cg12584684	UNC5C	between_gene	142	0.583998859995264	2.3736805193686714e-14	9.956483078830973e-14
SNUH	cg03443751	ZNF568	cg08327106	RALYL	between_gene	0			
SNUH	cg03443751	ZNF568	cg09757712	RALYL	between_gene	0			
SNUH	cg03443751	ZNF568	cg11089595	RALYL	between_gene	142	0.6504125182578884	1.955335769278407e-18	1.6892288152474715e-17
SNUH	cg03443751	ZNF568	cg01134282	RALYL	between_gene	0			
SNUH	cg03443751	ZNF568	cg06955749	RALYL	between_gene	142	0.6699392905566115	7.74464801920183e-20	9.398040317254686e-19
SNUH	cg03443751	ZNF568	cg11666087	BEND5	between_gene	142	0.5130796683089162	6.639199666251191e-11	1.8685730236514952e-10
SNUH	cg03443751	ZNF568	cg16573178	BEND5	between_gene	142	0.5207747002772475	3.061306057576008e-11	8.923963691861234e-11
SNUH	cg03443751	ZNF568	cg06744574	BEND5	between_gene	142	0.5681058527926973	1.6601990803330667e-13	6.259334393914696e-13
SNUH	cg03443751	ZNF568	cg03603214	BEND5	between_gene	142	0.5977711230932687	4.030636545680328e-15	1.8711620547473263e-14
SNUH	cg17332326	ZNF793	cg11623861	ZNF793	within_gene	0			
SNUH	cg17332326	ZNF793	cg14732998	ZNF793	within_gene	0			
SNUH	cg17332326	ZNF793	cg07482795	ZNF793	within_gene	142	0.840487352024661	4.3980953824501004e-39	1.8840489678874081e-38
SNUH	cg17332326	ZNF793	cg13181745	ZNF793	within_gene	0			
SNUH	cg17332326	ZNF793	cg24078985	ZNF793	within_gene	142	0.9201870948949162	6.963685406837229e-59	7.358294246558004e-58
SNUH	cg17332326	ZNF793	cg15139588	ZNF793	within_gene	142	0.9223707069077162	1.079081314729507e-59	1.1795475061008748e-58
SNUH	cg17332326	ZNF793	cg25361907	ZNF793	within_gene	142	0.9418765232370268	3.418550450265323e-68	6.374591133730043e-67
SNUH	cg17332326	ZNF793	cg20299663	SFMBT2	between_gene	142	0.5263783264981946	1.720750947395689e-11	5.136658148461501e-11
SNUH	cg17332326	ZNF793	cg20506550	SFMBT2	between_gene	0			
SNUH	cg17332326	ZNF793	cg01056653	SFMBT2	between_gene	0			
SNUH	cg17332326	ZNF793	cg22862480	SFMBT2	between_gene	142	0.4584223088867979	9.640324300999171e-09	2.24567911618811e-08
SNUH	cg17332326	ZNF793	cg12767281	SFMBT2	between_gene	142	0.5210345542979645	2.981300057586816e-11	8.700460682599557e-11
SNUH	cg17332326	ZNF793	cg26878816	SFMBT2	between_gene	142	0.5177444671001759	4.1620566145171346e-11	1.2051948620727199e-10
SNUH	cg17332326	ZNF793	cg12328063	SFMBT2	between_gene	142	0.516746962956133	4.6018718909054125e-11	1.3266611893228974e-10
SNUH	cg17332326	ZNF793	cg16818993	SFMBT2	between_gene	142	0.5215081592066909	2.8406583950293144e-11	8.317932382302448e-11
SNUH	cg17332326	ZNF793	cg20295442	ADHFE1	between_gene	0			
SNUH	cg17332326	ZNF793	cg19283840	ADHFE1	between_gene	0			
SNUH	cg17332326	ZNF793	cg25046651	ADHFE1	between_gene	142	0.3870420858733714	1.9536709714891254e-06	4.038928339631638e-06
SNUH	cg17332326	ZNF793	cg01588438	ADHFE1	between_gene	142	0.4208817852809463	1.834385529740656e-07	3.965129947881832e-07
SNUH	cg17332326	ZNF793	cg08090772	ADHFE1	between_gene	0			
SNUH	cg17332326	ZNF793	cg09383816	ADHFE1	between_gene	142	0.4261710719607033	1.2372562552542004e-07	2.694492128512695e-07
SNUH	cg17332326	ZNF793	cg20912169	ADHFE1	between_gene	142	0.4222355409050045	1.659565876202338e-07	3.5991748719965916e-07
SNUH	cg17332326	ZNF793	cg18065361	ADHFE1	between_gene	142	0.4354042720839245	6.120855943751892e-08	1.35678106688604e-07
SNUH	cg17332326	ZNF793	cg04481096	HOXA2	between_gene	142	0.4218750982311066	1.704488651723629e-07	3.690465470827342e-07
SNUH	cg17332326	ZNF793	cg19598584	HOXA2	between_gene	0			
SNUH	cg17332326	ZNF793	cg09871315	HOXA2	between_gene	0			
SNUH	cg17332326	ZNF793	cg13661519	HOXA2	between_gene	142	0.370105471394054	5.8048240370815385e-06	1.1685791599340843e-05
SNUH	cg17332326	ZNF793	cg02803819	HOXA2	between_gene	142	0.3869624531896034	1.963982118619633e-06	4.057030362215853e-06
SNUH	cg17332326	ZNF793	cg03763508	HOXA2	between_gene	142	0.3151002428796854	0.0001337600885788	0.0002590794885688
SNUH	cg17332326	ZNF793	cg00188704	HOXA2	between_gene	142	0.3873438518329138	1.915062053470136e-06	3.962249720462795e-06
SNUH	cg17332326	ZNF793	cg06786372	HOXA2	between_gene	142	0.3723519513150919	5.041667538596441e-06	1.0173016711676807e-05
SNUH	cg17332326	ZNF793	cg19236679	GFRA1	between_gene	142	0.5490694501782306	1.493789886292043e-12	5.068007559604604e-12
SNUH	cg17332326	ZNF793	cg06298519	GFRA1	between_gene	142	0.5478498127584134	1.711521390459038e-12	5.746923175942895e-12
SNUH	cg17332326	ZNF793	cg19485539	GFRA1	between_gene	142	0.5258795744261733	1.812057988448934e-11	5.390717550585255e-11
SNUH	cg17332326	ZNF793	cg18672939	GFRA1	between_gene	142	0.5130293739823257	6.672454680206068e-11	1.8759088642950035e-10
SNUH	cg17332326	ZNF793	cg27034576	GFRA1	between_gene	142	0.5287212038785308	1.3481843857908515e-11	4.0663734826917125e-11
SNUH	cg17332326	ZNF793	cg18044663	GFRA1	between_gene	142	0.540226031086085	3.957412861829245e-12	1.2622115105761e-11
SNUH	cg17332326	ZNF793	cg15701178	UNC5C	between_gene	142	0.4604047435932363	8.168446048751961e-09	1.909630442759307e-08
SNUH	cg17332326	ZNF793	cg03008707	UNC5C	between_gene	142	0.4997139510175171	2.4350227090920536e-10	6.462842571740761e-10
SNUH	cg17332326	ZNF793	cg24870497	UNC5C	between_gene	0			
SNUH	cg17332326	ZNF793	cg13265789	UNC5C	between_gene	142	0.4120970429031562	3.4766291692947077e-07	7.404510614440729e-07
SNUH	cg17332326	ZNF793	cg12584684	UNC5C	between_gene	142	0.4815325519550871	1.3066420214717248e-09	3.2559971671630653e-09
SNUH	cg17332326	ZNF793	cg08327106	RALYL	between_gene	0			
SNUH	cg17332326	ZNF793	cg09757712	RALYL	between_gene	0			
SNUH	cg17332326	ZNF793	cg11089595	RALYL	between_gene	142	0.5064282436173356	1.2765422016056478e-10	3.4728869697488376e-10
SNUH	cg17332326	ZNF793	cg01134282	RALYL	between_gene	0			
SNUH	cg17332326	ZNF793	cg06955749	RALYL	between_gene	142	0.44078995622298	4.0205403361498966e-08	9.00393968842496e-08
SNUH	cg17332326	ZNF793	cg11666087	BEND5	between_gene	142	0.3744643130318887	4.411594913793109e-06	8.922365217121101e-06
SNUH	cg17332326	ZNF793	cg16573178	BEND5	between_gene	142	0.3853236963815328	2.188015702296829e-06	4.5091097687933866e-06
SNUH	cg17332326	ZNF793	cg06744574	BEND5	between_gene	142	0.3610985957404896	1.01080216037637e-05	2.0131166690243888e-05
SNUH	cg17332326	ZNF793	cg03603214	BEND5	between_gene	142	0.4070885662135288	4.965465339414218e-07	1.051534015465235e-06
SNUH	cg11623861	ZNF793	cg14732998	ZNF793	within_gene	0			
SNUH	cg11623861	ZNF793	cg07482795	ZNF793	within_gene	0			
SNUH	cg11623861	ZNF793	cg13181745	ZNF793	within_gene	0			
SNUH	cg11623861	ZNF793	cg24078985	ZNF793	within_gene	0			
SNUH	cg11623861	ZNF793	cg15139588	ZNF793	within_gene	0			
SNUH	cg11623861	ZNF793	cg25361907	ZNF793	within_gene	0			
SNUH	cg11623861	ZNF793	cg20299663	SFMBT2	between_gene	0			
SNUH	cg11623861	ZNF793	cg20506550	SFMBT2	between_gene	0			
SNUH	cg11623861	ZNF793	cg01056653	SFMBT2	between_gene	0			
SNUH	cg11623861	ZNF793	cg22862480	SFMBT2	between_gene	0			
SNUH	cg11623861	ZNF793	cg12767281	SFMBT2	between_gene	0			
SNUH	cg11623861	ZNF793	cg26878816	SFMBT2	between_gene	0			
SNUH	cg11623861	ZNF793	cg12328063	SFMBT2	between_gene	0			
SNUH	cg11623861	ZNF793	cg16818993	SFMBT2	between_gene	0			
SNUH	cg11623861	ZNF793	cg20295442	ADHFE1	between_gene	0			
SNUH	cg11623861	ZNF793	cg19283840	ADHFE1	between_gene	0			
SNUH	cg11623861	ZNF793	cg25046651	ADHFE1	between_gene	0			
SNUH	cg11623861	ZNF793	cg01588438	ADHFE1	between_gene	0			
SNUH	cg11623861	ZNF793	cg08090772	ADHFE1	between_gene	0			
SNUH	cg11623861	ZNF793	cg09383816	ADHFE1	between_gene	0			
SNUH	cg11623861	ZNF793	cg20912169	ADHFE1	between_gene	0			
SNUH	cg11623861	ZNF793	cg18065361	ADHFE1	between_gene	0			
SNUH	cg11623861	ZNF793	cg04481096	HOXA2	between_gene	0			
SNUH	cg11623861	ZNF793	cg19598584	HOXA2	between_gene	0			
SNUH	cg11623861	ZNF793	cg09871315	HOXA2	between_gene	0			
SNUH	cg11623861	ZNF793	cg13661519	HOXA2	between_gene	0			
SNUH	cg11623861	ZNF793	cg02803819	HOXA2	between_gene	0			
SNUH	cg11623861	ZNF793	cg03763508	HOXA2	between_gene	0			
SNUH	cg11623861	ZNF793	cg00188704	HOXA2	between_gene	0			
SNUH	cg11623861	ZNF793	cg06786372	HOXA2	between_gene	0			
SNUH	cg11623861	ZNF793	cg19236679	GFRA1	between_gene	0			
SNUH	cg11623861	ZNF793	cg06298519	GFRA1	between_gene	0			
SNUH	cg11623861	ZNF793	cg19485539	GFRA1	between_gene	0			
SNUH	cg11623861	ZNF793	cg18672939	GFRA1	between_gene	0			
SNUH	cg11623861	ZNF793	cg27034576	GFRA1	between_gene	0			
SNUH	cg11623861	ZNF793	cg18044663	GFRA1	between_gene	0			
SNUH	cg11623861	ZNF793	cg15701178	UNC5C	between_gene	0			
SNUH	cg11623861	ZNF793	cg03008707	UNC5C	between_gene	0			
SNUH	cg11623861	ZNF793	cg24870497	UNC5C	between_gene	0			
SNUH	cg11623861	ZNF793	cg13265789	UNC5C	between_gene	0			
SNUH	cg11623861	ZNF793	cg12584684	UNC5C	between_gene	0			
SNUH	cg11623861	ZNF793	cg08327106	RALYL	between_gene	0			
SNUH	cg11623861	ZNF793	cg09757712	RALYL	between_gene	0			
SNUH	cg11623861	ZNF793	cg11089595	RALYL	between_gene	0			
SNUH	cg11623861	ZNF793	cg01134282	RALYL	between_gene	0			
SNUH	cg11623861	ZNF793	cg06955749	RALYL	between_gene	0			
SNUH	cg11623861	ZNF793	cg11666087	BEND5	between_gene	0			
SNUH	cg11623861	ZNF793	cg16573178	BEND5	between_gene	0			
SNUH	cg11623861	ZNF793	cg06744574	BEND5	between_gene	0			
SNUH	cg11623861	ZNF793	cg03603214	BEND5	between_gene	0			
SNUH	cg14732998	ZNF793	cg07482795	ZNF793	within_gene	0			
SNUH	cg14732998	ZNF793	cg13181745	ZNF793	within_gene	0			
SNUH	cg14732998	ZNF793	cg24078985	ZNF793	within_gene	0			
SNUH	cg14732998	ZNF793	cg15139588	ZNF793	within_gene	0			
SNUH	cg14732998	ZNF793	cg25361907	ZNF793	within_gene	0			
SNUH	cg14732998	ZNF793	cg20299663	SFMBT2	between_gene	0			
SNUH	cg14732998	ZNF793	cg20506550	SFMBT2	between_gene	0			
SNUH	cg14732998	ZNF793	cg01056653	SFMBT2	between_gene	0			
SNUH	cg14732998	ZNF793	cg22862480	SFMBT2	between_gene	0			
SNUH	cg14732998	ZNF793	cg12767281	SFMBT2	between_gene	0			
SNUH	cg14732998	ZNF793	cg26878816	SFMBT2	between_gene	0			
SNUH	cg14732998	ZNF793	cg12328063	SFMBT2	between_gene	0			
SNUH	cg14732998	ZNF793	cg16818993	SFMBT2	between_gene	0			
SNUH	cg14732998	ZNF793	cg20295442	ADHFE1	between_gene	0			
SNUH	cg14732998	ZNF793	cg19283840	ADHFE1	between_gene	0			
SNUH	cg14732998	ZNF793	cg25046651	ADHFE1	between_gene	0			
SNUH	cg14732998	ZNF793	cg01588438	ADHFE1	between_gene	0			
SNUH	cg14732998	ZNF793	cg08090772	ADHFE1	between_gene	0			
SNUH	cg14732998	ZNF793	cg09383816	ADHFE1	between_gene	0			
SNUH	cg14732998	ZNF793	cg20912169	ADHFE1	between_gene	0			
SNUH	cg14732998	ZNF793	cg18065361	ADHFE1	between_gene	0			
SNUH	cg14732998	ZNF793	cg04481096	HOXA2	between_gene	0			
SNUH	cg14732998	ZNF793	cg19598584	HOXA2	between_gene	0			
SNUH	cg14732998	ZNF793	cg09871315	HOXA2	between_gene	0			
SNUH	cg14732998	ZNF793	cg13661519	HOXA2	between_gene	0			
SNUH	cg14732998	ZNF793	cg02803819	HOXA2	between_gene	0			
SNUH	cg14732998	ZNF793	cg03763508	HOXA2	between_gene	0			
SNUH	cg14732998	ZNF793	cg00188704	HOXA2	between_gene	0			
SNUH	cg14732998	ZNF793	cg06786372	HOXA2	between_gene	0			
SNUH	cg14732998	ZNF793	cg19236679	GFRA1	between_gene	0			
SNUH	cg14732998	ZNF793	cg06298519	GFRA1	between_gene	0			
SNUH	cg14732998	ZNF793	cg19485539	GFRA1	between_gene	0			
SNUH	cg14732998	ZNF793	cg18672939	GFRA1	between_gene	0			
SNUH	cg14732998	ZNF793	cg27034576	GFRA1	between_gene	0			
SNUH	cg14732998	ZNF793	cg18044663	GFRA1	between_gene	0			
SNUH	cg14732998	ZNF793	cg15701178	UNC5C	between_gene	0			
SNUH	cg14732998	ZNF793	cg03008707	UNC5C	between_gene	0			
SNUH	cg14732998	ZNF793	cg24870497	UNC5C	between_gene	0			
SNUH	cg14732998	ZNF793	cg13265789	UNC5C	between_gene	0			
SNUH	cg14732998	ZNF793	cg12584684	UNC5C	between_gene	0			
SNUH	cg14732998	ZNF793	cg08327106	RALYL	between_gene	0			
SNUH	cg14732998	ZNF793	cg09757712	RALYL	between_gene	0			
SNUH	cg14732998	ZNF793	cg11089595	RALYL	between_gene	0			
SNUH	cg14732998	ZNF793	cg01134282	RALYL	between_gene	0			
SNUH	cg14732998	ZNF793	cg06955749	RALYL	between_gene	0			
SNUH	cg14732998	ZNF793	cg11666087	BEND5	between_gene	0			
SNUH	cg14732998	ZNF793	cg16573178	BEND5	between_gene	0			
SNUH	cg14732998	ZNF793	cg06744574	BEND5	between_gene	0			
SNUH	cg14732998	ZNF793	cg03603214	BEND5	between_gene	0			
SNUH	cg07482795	ZNF793	cg13181745	ZNF793	within_gene	0			
SNUH	cg07482795	ZNF793	cg24078985	ZNF793	within_gene	142	0.8648675268393579	9.742407795821157e-44	5.4181460899566784e-43
SNUH	cg07482795	ZNF793	cg15139588	ZNF793	within_gene	142	0.8164005607817414	3.3922544418154015e-35	1.2504007651807932e-34
SNUH	cg07482795	ZNF793	cg25361907	ZNF793	within_gene	142	0.8316900360652234	1.361798840116194e-37	5.534490157908122e-37
SNUH	cg07482795	ZNF793	cg20299663	SFMBT2	between_gene	142	0.4456726970961313	2.7292636524564008e-08	6.181118810120441e-08
SNUH	cg07482795	ZNF793	cg20506550	SFMBT2	between_gene	0			
SNUH	cg07482795	ZNF793	cg01056653	SFMBT2	between_gene	0			
SNUH	cg07482795	ZNF793	cg22862480	SFMBT2	between_gene	142	0.3791374942109135	3.2724844131841684e-06	6.680682186226522e-06
SNUH	cg07482795	ZNF793	cg12767281	SFMBT2	between_gene	142	0.4529192713190316	1.5185844999862782e-08	3.5030830773335095e-08
SNUH	cg07482795	ZNF793	cg26878816	SFMBT2	between_gene	142	0.4447338696664438	2.9417047670094643e-08	6.65069994551793e-08
SNUH	cg07482795	ZNF793	cg12328063	SFMBT2	between_gene	142	0.4800530605145529	1.4916708368658643e-09	3.6958871921966197e-09
SNUH	cg07482795	ZNF793	cg16818993	SFMBT2	between_gene	142	0.4655850592320475	5.271611990791464e-09	1.2458003336933814e-08
SNUH	cg07482795	ZNF793	cg20295442	ADHFE1	between_gene	0			
SNUH	cg07482795	ZNF793	cg19283840	ADHFE1	between_gene	0			
SNUH	cg07482795	ZNF793	cg25046651	ADHFE1	between_gene	142	0.2093396564478374	0.0124092090184909	0.0234776115513
SNUH	cg07482795	ZNF793	cg01588438	ADHFE1	between_gene	142	0.2426722213956256	0.0036161427998308	0.0068814854593425
SNUH	cg07482795	ZNF793	cg08090772	ADHFE1	between_gene	0			
SNUH	cg07482795	ZNF793	cg09383816	ADHFE1	between_gene	142	0.2529616023772452	0.0023870795082226	0.0045525514890006
SNUH	cg07482795	ZNF793	cg20912169	ADHFE1	between_gene	142	0.2479195961365575	0.0029320208075486	0.0055877591577023
SNUH	cg07482795	ZNF793	cg18065361	ADHFE1	between_gene	142	0.279722375317221	0.0007479408207947	0.001434836471657
SNUH	cg07482795	ZNF793	cg04481096	HOXA2	between_gene	142	0.2789428132550698	0.0007749593910821	0.0014855760847415
SNUH	cg07482795	ZNF793	cg19598584	HOXA2	between_gene	0			
SNUH	cg07482795	ZNF793	cg09871315	HOXA2	between_gene	0			
SNUH	cg07482795	ZNF793	cg13661519	HOXA2	between_gene	142	0.2202451429301894	0.0084447866975742	0.0160119538473627
SNUH	cg07482795	ZNF793	cg02803819	HOXA2	between_gene	142	0.213673350922377	0.0106718199718351	0.0202052092209854
SNUH	cg07482795	ZNF793	cg03763508	HOXA2	between_gene	142	0.1966906333103516	0.0189715802108664	0.0358413126503625
SNUH	cg07482795	ZNF793	cg00188704	HOXA2	between_gene	142	0.2441349480606298	0.0034122950539648	0.0064983049604337
SNUH	cg07482795	ZNF793	cg06786372	HOXA2	between_gene	142	0.2188955785000136	0.0088652739349363	0.0167970222921197
SNUH	cg07482795	ZNF793	cg19236679	GFRA1	between_gene	142	0.498385342556754	2.76238071908185e-10	7.309382653229765e-10
SNUH	cg07482795	ZNF793	cg06298519	GFRA1	between_gene	142	0.467018447539874	4.663961936541247e-09	1.1052022427280757e-08
SNUH	cg07482795	ZNF793	cg19485539	GFRA1	between_gene	142	0.4374789130557785	5.2104408220231894e-08	1.1589121998856353e-07
SNUH	cg07482795	ZNF793	cg18672939	GFRA1	between_gene	142	0.4942821637457538	4.0643205685789105e-10	1.0530101651859362e-09
SNUH	cg07482795	ZNF793	cg27034576	GFRA1	between_gene	142	0.4474916752411509	2.3588078736512784e-08	5.365413899177145e-08
SNUH	cg07482795	ZNF793	cg18044663	GFRA1	between_gene	142	0.4443985741558411	3.021353694760672e-08	6.818954835320582e-08
SNUH	cg07482795	ZNF793	cg15701178	UNC5C	between_gene	142	0.5071365553834838	1.1914913275581058e-10	3.2550794487948676e-10
SNUH	cg07482795	ZNF793	cg03008707	UNC5C	between_gene	142	0.4301233677919324	9.177826722508498e-08	2.018967109529905e-07
SNUH	cg07482795	ZNF793	cg24870497	UNC5C	between_gene	0			
SNUH	cg07482795	ZNF793	cg13265789	UNC5C	between_gene	142	0.3438308769444521	2.7961685846444265e-05	5.4851156671709095e-05
SNUH	cg07482795	ZNF793	cg12584684	UNC5C	between_gene	142	0.4793615135239348	1.5865863324477184e-09	3.923605442043695e-09
SNUH	cg07482795	ZNF793	cg08327106	RALYL	between_gene	0			
SNUH	cg07482795	ZNF793	cg09757712	RALYL	between_gene	0			
SNUH	cg07482795	ZNF793	cg11089595	RALYL	between_gene	142	0.4539335402386046	1.3974217700124722e-08	3.2350251978372135e-08
SNUH	cg07482795	ZNF793	cg01134282	RALYL	between_gene	0			
SNUH	cg07482795	ZNF793	cg06955749	RALYL	between_gene	142	0.4751325988964587	2.3067650138989235e-09	5.614132389237212e-09
SNUH	cg07482795	ZNF793	cg11666087	BEND5	between_gene	142	0.3913925451234412	1.4623268101243165e-06	3.0303499981051167e-06
SNUH	cg07482795	ZNF793	cg16573178	BEND5	between_gene	142	0.4133292539046211	3.1818946857594545e-07	6.810142112507315e-07
SNUH	cg07482795	ZNF793	cg06744574	BEND5	between_gene	142	0.3762874823707908	3.928500965236981e-06	7.976232699068703e-06
SNUH	cg07482795	ZNF793	cg03603214	BEND5	between_gene	142	0.5151123973419449	5.4214843232700696e-11	1.5475549889947058e-10
SNUH	cg13181745	ZNF793	cg24078985	ZNF793	within_gene	0			
SNUH	cg13181745	ZNF793	cg15139588	ZNF793	within_gene	0			
SNUH	cg13181745	ZNF793	cg25361907	ZNF793	within_gene	0			
SNUH	cg13181745	ZNF793	cg20299663	SFMBT2	between_gene	0			
SNUH	cg13181745	ZNF793	cg20506550	SFMBT2	between_gene	0			
SNUH	cg13181745	ZNF793	cg01056653	SFMBT2	between_gene	0			
SNUH	cg13181745	ZNF793	cg22862480	SFMBT2	between_gene	0			
SNUH	cg13181745	ZNF793	cg12767281	SFMBT2	between_gene	0			
SNUH	cg13181745	ZNF793	cg26878816	SFMBT2	between_gene	0			
SNUH	cg13181745	ZNF793	cg12328063	SFMBT2	between_gene	0			
SNUH	cg13181745	ZNF793	cg16818993	SFMBT2	between_gene	0			
SNUH	cg13181745	ZNF793	cg20295442	ADHFE1	between_gene	0			
SNUH	cg13181745	ZNF793	cg19283840	ADHFE1	between_gene	0			
SNUH	cg13181745	ZNF793	cg25046651	ADHFE1	between_gene	0			
SNUH	cg13181745	ZNF793	cg01588438	ADHFE1	between_gene	0			
SNUH	cg13181745	ZNF793	cg08090772	ADHFE1	between_gene	0			
SNUH	cg13181745	ZNF793	cg09383816	ADHFE1	between_gene	0			
SNUH	cg13181745	ZNF793	cg20912169	ADHFE1	between_gene	0			
SNUH	cg13181745	ZNF793	cg18065361	ADHFE1	between_gene	0			
SNUH	cg13181745	ZNF793	cg04481096	HOXA2	between_gene	0			
SNUH	cg13181745	ZNF793	cg19598584	HOXA2	between_gene	0			
SNUH	cg13181745	ZNF793	cg09871315	HOXA2	between_gene	0			
SNUH	cg13181745	ZNF793	cg13661519	HOXA2	between_gene	0			
SNUH	cg13181745	ZNF793	cg02803819	HOXA2	between_gene	0			
SNUH	cg13181745	ZNF793	cg03763508	HOXA2	between_gene	0			
SNUH	cg13181745	ZNF793	cg00188704	HOXA2	between_gene	0			
SNUH	cg13181745	ZNF793	cg06786372	HOXA2	between_gene	0			
SNUH	cg13181745	ZNF793	cg19236679	GFRA1	between_gene	0			
SNUH	cg13181745	ZNF793	cg06298519	GFRA1	between_gene	0			
SNUH	cg13181745	ZNF793	cg19485539	GFRA1	between_gene	0			
SNUH	cg13181745	ZNF793	cg18672939	GFRA1	between_gene	0			
SNUH	cg13181745	ZNF793	cg27034576	GFRA1	between_gene	0			
SNUH	cg13181745	ZNF793	cg18044663	GFRA1	between_gene	0			
SNUH	cg13181745	ZNF793	cg15701178	UNC5C	between_gene	0			
SNUH	cg13181745	ZNF793	cg03008707	UNC5C	between_gene	0			
SNUH	cg13181745	ZNF793	cg24870497	UNC5C	between_gene	0			
SNUH	cg13181745	ZNF793	cg13265789	UNC5C	between_gene	0			
SNUH	cg13181745	ZNF793	cg12584684	UNC5C	between_gene	0			
SNUH	cg13181745	ZNF793	cg08327106	RALYL	between_gene	0			
SNUH	cg13181745	ZNF793	cg09757712	RALYL	between_gene	0			
SNUH	cg13181745	ZNF793	cg11089595	RALYL	between_gene	0			
SNUH	cg13181745	ZNF793	cg01134282	RALYL	between_gene	0			
SNUH	cg13181745	ZNF793	cg06955749	RALYL	between_gene	0			
SNUH	cg13181745	ZNF793	cg11666087	BEND5	between_gene	0			
SNUH	cg13181745	ZNF793	cg16573178	BEND5	between_gene	0			
SNUH	cg13181745	ZNF793	cg06744574	BEND5	between_gene	0			
SNUH	cg13181745	ZNF793	cg03603214	BEND5	between_gene	0			
SNUH	cg24078985	ZNF793	cg15139588	ZNF793	within_gene	142	0.909239696473739	3.8170781441071264e-55	3.4571822048055976e-54
SNUH	cg24078985	ZNF793	cg25361907	ZNF793	within_gene	142	0.9626355065372147	2.6020131515775684e-81	8.248381690500892e-80
SNUH	cg24078985	ZNF793	cg20299663	SFMBT2	between_gene	142	0.4812936539037828	1.3349423413881402e-09	3.320175947265641e-09
SNUH	cg24078985	ZNF793	cg20506550	SFMBT2	between_gene	0			
SNUH	cg24078985	ZNF793	cg01056653	SFMBT2	between_gene	0			
SNUH	cg24078985	ZNF793	cg22862480	SFMBT2	between_gene	142	0.4414940767952455	3.8035236627673396e-08	8.547280995831171e-08
SNUH	cg24078985	ZNF793	cg12767281	SFMBT2	between_gene	142	0.480895490484942	1.3834276054515056e-09	3.434217528661254e-09
SNUH	cg24078985	ZNF793	cg26878816	SFMBT2	between_gene	142	0.4679069806429711	4.32176572269735e-09	1.029724819225332e-08
SNUH	cg24078985	ZNF793	cg12328063	SFMBT2	between_gene	142	0.5093914176922868	9.556667312413276e-11	2.635660149903408e-10
SNUH	cg24078985	ZNF793	cg16818993	SFMBT2	between_gene	142	0.4596629022760278	8.691968308639841e-09	2.030201013181857e-08
SNUH	cg24078985	ZNF793	cg20295442	ADHFE1	between_gene	0			
SNUH	cg24078985	ZNF793	cg19283840	ADHFE1	between_gene	0			
SNUH	cg24078985	ZNF793	cg25046651	ADHFE1	between_gene	142	0.3586802768702679	1.169806070337906e-05	2.3209308270050163e-05
SNUH	cg24078985	ZNF793	cg01588438	ADHFE1	between_gene	142	0.3663375880936564	7.335647635331082e-06	1.4676920767315026e-05
SNUH	cg24078985	ZNF793	cg08090772	ADHFE1	between_gene	0			
SNUH	cg24078985	ZNF793	cg09383816	ADHFE1	between_gene	142	0.3687475245761131	6.317871133253505e-06	1.2689242329991068e-05
SNUH	cg24078985	ZNF793	cg20912169	ADHFE1	between_gene	142	0.3670836206047473	7.005084469032761e-06	1.4037070184106354e-05
SNUH	cg24078985	ZNF793	cg18065361	ADHFE1	between_gene	142	0.4000850812358155	8.095356423575293e-07	1.6910156052128055e-06
SNUH	cg24078985	ZNF793	cg04481096	HOXA2	between_gene	142	0.4061748859471365	5.295769462756641e-07	1.1196647105617566e-06
SNUH	cg24078985	ZNF793	cg19598584	HOXA2	between_gene	0			
SNUH	cg24078985	ZNF793	cg09871315	HOXA2	between_gene	0			
SNUH	cg24078985	ZNF793	cg13661519	HOXA2	between_gene	142	0.3735673975410266	4.669422723054837e-06	9.43650184697914e-06
SNUH	cg24078985	ZNF793	cg02803819	HOXA2	between_gene	142	0.3804996322227368	2.997010882401737e-06	6.132706974263633e-06
SNUH	cg24078985	ZNF793	cg03763508	HOXA2	between_gene	142	0.3374979829879441	4.001684516279569e-05	7.820520526571832e-05
SNUH	cg24078985	ZNF793	cg00188704	HOXA2	between_gene	142	0.39281335984962	1.3291271732401587e-06	2.760901906834056e-06
SNUH	cg24078985	ZNF793	cg06786372	HOXA2	between_gene	142	0.3761198346154895	3.970737640003213e-06	8.055718897953641e-06
SNUH	cg24078985	ZNF793	cg19236679	GFRA1	between_gene	142	0.5316089364635964	9.954377999718044e-12	3.0304518321195303e-11
SNUH	cg24078985	ZNF793	cg06298519	GFRA1	between_gene	142	0.5266842836516197	1.666961431342421e-11	4.9932289028385496e-11
SNUH	cg24078985	ZNF793	cg19485539	GFRA1	between_gene	142	0.4983057098729859	2.7832963385554453e-10	7.3498179628453e-10
SNUH	cg24078985	ZNF793	cg18672939	GFRA1	between_gene	142	0.4894203788420151	6.38037734007077e-10	1.61772638291979e-09
SNUH	cg24078985	ZNF793	cg27034576	GFRA1	between_gene	142	0.4962394512888969	3.3827275244439927e-10	8.84322255638715e-10
SNUH	cg24078985	ZNF793	cg18044663	GFRA1	between_gene	142	0.4923919353047312	4.847315527390949e-10	1.242303164141747e-09
SNUH	cg24078985	ZNF793	cg15701178	UNC5C	between_gene	142	0.4344989742052973	6.564237015487177e-08	1.452594942612896e-07
SNUH	cg24078985	ZNF793	cg03008707	UNC5C	between_gene	142	0.4787705551864977	1.672285504864876e-09	4.1238117979134805e-09
SNUH	cg24078985	ZNF793	cg24870497	UNC5C	between_gene	0			
SNUH	cg24078985	ZNF793	cg13265789	UNC5C	between_gene	142	0.3947287354539378	1.167735179425608e-06	2.4295223948336616e-06
SNUH	cg24078985	ZNF793	cg12584684	UNC5C	between_gene	142	0.449323226967818	2.034821440118385e-08	4.64466241230872e-08
SNUH	cg24078985	ZNF793	cg08327106	RALYL	between_gene	0			
SNUH	cg24078985	ZNF793	cg09757712	RALYL	between_gene	0			
SNUH	cg24078985	ZNF793	cg11089595	RALYL	between_gene	142	0.5355486587131778	6.550367571138269e-12	2.0369379014421623e-11
SNUH	cg24078985	ZNF793	cg01134282	RALYL	between_gene	0			
SNUH	cg24078985	ZNF793	cg06955749	RALYL	between_gene	142	0.4774503291134996	1.8801582586912662e-09	4.6189575300616885e-09
SNUH	cg24078985	ZNF793	cg11666087	BEND5	between_gene	142	0.3680266392283174	6.607380896698441e-06	1.3260505199604794e-05
SNUH	cg24078985	ZNF793	cg16573178	BEND5	between_gene	142	0.3715765804468232	5.293637075170093e-06	1.067318325279658e-05
SNUH	cg24078985	ZNF793	cg06744574	BEND5	between_gene	142	0.359694545789841	1.1004388572542756e-05	2.1899656587157933e-05
SNUH	cg24078985	ZNF793	cg03603214	BEND5	between_gene	142	0.4294569679646096	9.65446347781907e-08	2.122029925326871e-07
SNUH	cg15139588	ZNF793	cg25361907	ZNF793	within_gene	142	0.9430626311057836	8.415383654387737e-69	1.7784510789606083e-67
SNUH	cg15139588	ZNF793	cg20299663	SFMBT2	between_gene	142	0.5185827058766825	3.8241718443256905e-11	1.1085849268717475e-10
SNUH	cg15139588	ZNF793	cg20506550	SFMBT2	between_gene	0			
SNUH	cg15139588	ZNF793	cg01056653	SFMBT2	between_gene	0			
SNUH	cg15139588	ZNF793	cg22862480	SFMBT2	between_gene	142	0.4610879081960892	7.713255929243452e-09	1.8064528473425642e-08
SNUH	cg15139588	ZNF793	cg12767281	SFMBT2	between_gene	142	0.4711635382896995	3.26256105142488e-09	7.845181366974667e-09
SNUH	cg15139588	ZNF793	cg26878816	SFMBT2	between_gene	142	0.5122288559507618	7.223964531465778e-11	2.0222450067161176e-10
SNUH	cg15139588	ZNF793	cg12328063	SFMBT2	between_gene	142	0.5416678017816766	3.3827400047298848e-12	1.0936268491127964e-11
SNUH	cg15139588	ZNF793	cg16818993	SFMBT2	between_gene	142	0.4934900281019551	4.3763201227652717e-10	1.1293589713446682e-09
SNUH	cg15139588	ZNF793	cg20295442	ADHFE1	between_gene	0			
SNUH	cg15139588	ZNF793	cg19283840	ADHFE1	between_gene	0			
SNUH	cg15139588	ZNF793	cg25046651	ADHFE1	between_gene	142	0.3766479250446886	3.83913000611872e-06	7.806929217430819e-06
SNUH	cg15139588	ZNF793	cg01588438	ADHFE1	between_gene	142	0.3859817138210905	2.0952877588690663e-06	4.324846331399837e-06
SNUH	cg15139588	ZNF793	cg08090772	ADHFE1	between_gene	0			
SNUH	cg15139588	ZNF793	cg09383816	ADHFE1	between_gene	142	0.4013298658189279	7.427791844977377e-07	1.559059446785678e-06
SNUH	cg15139588	ZNF793	cg20912169	ADHFE1	between_gene	142	0.3929390956660959	1.3179126082106028e-06	2.7397880436824404e-06
SNUH	cg15139588	ZNF793	cg18065361	ADHFE1	between_gene	142	0.4247586396222896	1.3753639357474464e-07	2.992764393965877e-07
SNUH	cg15139588	ZNF793	cg04481096	HOXA2	between_gene	142	0.3810319138458186	2.895465319185267e-06	5.934225465635791e-06
SNUH	cg15139588	ZNF793	cg19598584	HOXA2	between_gene	0			
SNUH	cg15139588	ZNF793	cg09871315	HOXA2	between_gene	0			
SNUH	cg15139588	ZNF793	cg13661519	HOXA2	between_gene	142	0.3653945694700864	7.774631314430002e-06	1.5519520351452087e-05
SNUH	cg15139588	ZNF793	cg02803819	HOXA2	between_gene	142	0.3728590857748784	4.883057269981278e-06	9.860600942245476e-06
SNUH	cg15139588	ZNF793	cg03763508	HOXA2	between_gene	142	0.3126944975911113	0.0001514321350587	0.0002928735658771
SNUH	cg15139588	ZNF793	cg00188704	HOXA2	between_gene	142	0.3690534817295381	6.198663195659558e-06	1.245940853426486e-05
SNUH	cg15139588	ZNF793	cg06786372	HOXA2	between_gene	142	0.3544555534366742	1.5056521466824069e-05	2.9782004933240327e-05
SNUH	cg15139588	ZNF793	cg19236679	GFRA1	between_gene	142	0.5590864035574854	4.784005725596963e-13	1.7114477796143829e-12
SNUH	cg15139588	ZNF793	cg06298519	GFRA1	between_gene	142	0.5835001079232425	2.5271515078406795e-14	1.0583207518388976e-13
SNUH	cg15139588	ZNF793	cg19485539	GFRA1	between_gene	142	0.542409643098885	3.1194669942416396e-12	1.013535415688224e-11
SNUH	cg15139588	ZNF793	cg18672939	GFRA1	between_gene	142	0.5395386752893496	4.263676519306437e-12	1.3499917522901084e-11
SNUH	cg15139588	ZNF793	cg27034576	GFRA1	between_gene	142	0.5492370979335319	1.4660477148743984e-12	4.980362614723054e-12
SNUH	cg15139588	ZNF793	cg18044663	GFRA1	between_gene	142	0.5627285510414071	3.132267299204116e-13	1.142949004702593e-12
SNUH	cg15139588	ZNF793	cg15701178	UNC5C	between_gene	142	0.4209907563218921	1.81968587508294e-07	3.9366172869746187e-07
SNUH	cg15139588	ZNF793	cg03008707	UNC5C	between_gene	142	0.5091399460593348	9.795428803698141e-11	2.6958094671781067e-10
SNUH	cg15139588	ZNF793	cg24870497	UNC5C	between_gene	0			
SNUH	cg15139588	ZNF793	cg13265789	UNC5C	between_gene	142	0.4334469845407814	7.118141843815152e-08	1.5725005986887158e-07
SNUH	cg15139588	ZNF793	cg12584684	UNC5C	between_gene	142	0.4570266413239144	1.0826126230190593e-08	2.5196577461701392e-08
SNUH	cg15139588	ZNF793	cg08327106	RALYL	between_gene	0			
SNUH	cg15139588	ZNF793	cg09757712	RALYL	between_gene	0			
SNUH	cg15139588	ZNF793	cg11089595	RALYL	between_gene	142	0.556726761401619	6.277217103333934e-13	2.213143165215978e-12
SNUH	cg15139588	ZNF793	cg01134282	RALYL	between_gene	0			
SNUH	cg15139588	ZNF793	cg06955749	RALYL	between_gene	142	0.4997516717624599	2.4262988830324044e-10	6.446246217751061e-10
SNUH	cg15139588	ZNF793	cg11666087	BEND5	between_gene	142	0.3828760391541333	2.568325551002399e-06	5.28034780343992e-06
SNUH	cg15139588	ZNF793	cg16573178	BEND5	between_gene	142	0.3753612285227509	4.167297983409544e-06	8.441366800244953e-06
SNUH	cg15139588	ZNF793	cg06744574	BEND5	between_gene	142	0.3770251324941167	3.747668344312477e-06	7.638802117430665e-06
SNUH	cg15139588	ZNF793	cg03603214	BEND5	between_gene	142	0.3920254153997037	1.4014993355109011e-06	2.9089194640795077e-06
SNUH	cg25361907	ZNF793	cg20299663	SFMBT2	between_gene	142	0.5138215096261246	6.166922192640958e-11	1.745065075987013e-10
SNUH	cg25361907	ZNF793	cg20506550	SFMBT2	between_gene	0			
SNUH	cg25361907	ZNF793	cg01056653	SFMBT2	between_gene	0			
SNUH	cg25361907	ZNF793	cg22862480	SFMBT2	between_gene	142	0.4668801381417504	4.719520716054358e-09	1.1167405167374293e-08
SNUH	cg25361907	ZNF793	cg12767281	SFMBT2	between_gene	142	0.5210890398184376	2.964783194647212e-11	8.661947765772201e-11
SNUH	cg25361907	ZNF793	cg26878816	SFMBT2	between_gene	142	0.5142070994633177	5.934451960335206e-11	1.686599691123589e-10
SNUH	cg25361907	ZNF793	cg12328063	SFMBT2	between_gene	142	0.5281679662860365	1.4283859800418062e-11	4.298337972236531e-11
SNUH	cg25361907	ZNF793	cg16818993	SFMBT2	between_gene	142	0.4890431713925871	6.60563199924107e-10	1.6732129986427136e-09
SNUH	cg25361907	ZNF793	cg20295442	ADHFE1	between_gene	0			
SNUH	cg25361907	ZNF793	cg19283840	ADHFE1	between_gene	0			
SNUH	cg25361907	ZNF793	cg25046651	ADHFE1	between_gene	142	0.4002569201849993	7.999914011765955e-07	1.6724179212097255e-06
SNUH	cg25361907	ZNF793	cg01588438	ADHFE1	between_gene	142	0.4120802781276261	3.480813429542579e-07	7.40737539777862e-07
SNUH	cg25361907	ZNF793	cg08090772	ADHFE1	between_gene	0			
SNUH	cg25361907	ZNF793	cg09383816	ADHFE1	between_gene	142	0.4139034474665281	3.052850281460508e-07	6.550071039745448e-07
SNUH	cg25361907	ZNF793	cg20912169	ADHFE1	between_gene	142	0.411074391595818	3.740859115916628e-07	7.954279896843099e-07
SNUH	cg25361907	ZNF793	cg18065361	ADHFE1	between_gene	142	0.4376214136477846	5.1529211216617515e-08	1.1470965193187298e-07
SNUH	cg25361907	ZNF793	cg04481096	HOXA2	between_gene	142	0.430944841792909	8.62123865119462e-08	1.89973071291949e-07
SNUH	cg25361907	ZNF793	cg19598584	HOXA2	between_gene	0			
SNUH	cg25361907	ZNF793	cg09871315	HOXA2	between_gene	0			
SNUH	cg25361907	ZNF793	cg13661519	HOXA2	between_gene	142	0.4027339157695765	6.737810522855304e-07	1.4153742072568024e-06
SNUH	cg25361907	ZNF793	cg02803819	HOXA2	between_gene	142	0.4180108174714109	2.265200656670089e-07	4.864122233129434e-07
SNUH	cg25361907	ZNF793	cg03763508	HOXA2	between_gene	142	0.3491788403385646	2.0533024604075777e-05	4.040019697740098e-05
SNUH	cg25361907	ZNF793	cg00188704	HOXA2	between_gene	142	0.4127843986998917	3.309150002025766e-07	7.070902829881428e-07
SNUH	cg25361907	ZNF793	cg06786372	HOXA2	between_gene	142	0.4068161386111641	5.061836011836912e-07	1.0710730052621656e-06
SNUH	cg25361907	ZNF793	cg19236679	GFRA1	between_gene	142	0.5454021555310139	2.2452082885414835e-12	7.443136499116557e-12
SNUH	cg25361907	ZNF793	cg06298519	GFRA1	between_gene	142	0.5462864974402284	2.0360037748658347e-12	6.775425827327759e-12
SNUH	cg25361907	ZNF793	cg19485539	GFRA1	between_gene	142	0.5200663885110993	3.290084324872481e-11	9.569487183491976e-11
SNUH	cg25361907	ZNF793	cg18672939	GFRA1	between_gene	142	0.5120318698382829	7.366292110891856e-11	2.0598773973544328e-10
SNUH	cg25361907	ZNF793	cg27034576	GFRA1	between_gene	142	0.5198610200108552	3.359454493835152e-11	9.760375027189212e-11
SNUH	cg25361907	ZNF793	cg18044663	GFRA1	between_gene	142	0.5301168714414145	1.1647587613239636e-11	3.5335530329002573e-11
SNUH	cg25361907	ZNF793	cg15701178	UNC5C	between_gene	142	0.4343439000316435	6.643210280233819e-08	1.4688250526381385e-07
SNUH	cg25361907	ZNF793	cg03008707	UNC5C	between_gene	142	0.4937037789899642	4.2899236150872295e-10	1.1103582055320023e-09
SNUH	cg25361907	ZNF793	cg24870497	UNC5C	between_gene	0			
SNUH	cg25361907	ZNF793	cg13265789	UNC5C	between_gene	142	0.4197627365143098	1.9920585046615778e-07	4.298826003856126e-07
SNUH	cg25361907	ZNF793	cg12584684	UNC5C	between_gene	142	0.4593443715409553	8.926526359770551e-09	2.0812607035425707e-08
SNUH	cg25361907	ZNF793	cg08327106	RALYL	between_gene	0			
SNUH	cg25361907	ZNF793	cg09757712	RALYL	between_gene	0			
SNUH	cg25361907	ZNF793	cg11089595	RALYL	between_gene	142	0.5408882397195254	3.682590633688253e-12	1.1803291109696132e-11
SNUH	cg25361907	ZNF793	cg01134282	RALYL	between_gene	0			
SNUH	cg25361907	ZNF793	cg06955749	RALYL	between_gene	142	0.4621063683095448	7.079665651409581e-09	1.6595550480258394e-08
SNUH	cg25361907	ZNF793	cg11666087	BEND5	between_gene	142	0.383785528226643	2.4202157512158513e-06	4.983696049662318e-06
SNUH	cg25361907	ZNF793	cg16573178	BEND5	between_gene	142	0.376689836983514	3.828864049319432e-06	7.79212660271014e-06
SNUH	cg25361907	ZNF793	cg06744574	BEND5	between_gene	142	0.3701348097512317	5.794187650978515e-06	1.1673386549345904e-05
SNUH	cg25361907	ZNF793	cg03603214	BEND5	between_gene	142	0.400466479879126	7.884971367874823e-07	1.6510345344129549e-06
SNUH	cg20299663	SFMBT2	cg20506550	SFMBT2	within_gene	0			
SNUH	cg20299663	SFMBT2	cg01056653	SFMBT2	within_gene	0			
SNUH	cg20299663	SFMBT2	cg22862480	SFMBT2	within_gene	142	0.8139948154931675	7.712786364786417e-35	2.686761843557466e-34
SNUH	cg20299663	SFMBT2	cg12767281	SFMBT2	within_gene	142	0.8050927196866664	1.4572705349757668e-33	4.7624202019311144e-33
SNUH	cg20299663	SFMBT2	cg26878816	SFMBT2	within_gene	142	0.8497163609539996	9.524356253686932e-41	4.506299899132473e-40
SNUH	cg20299663	SFMBT2	cg12328063	SFMBT2	within_gene	142	0.8248625812305765	1.7097458336942854e-36	6.691227521988746e-36
SNUH	cg20299663	SFMBT2	cg16818993	SFMBT2	within_gene	142	0.817465124027905	2.3494253240572116e-35	8.761974443836894e-35
SNUH	cg20299663	SFMBT2	cg20295442	ADHFE1	between_gene	0			
SNUH	cg20299663	SFMBT2	cg19283840	ADHFE1	between_gene	0			
SNUH	cg20299663	SFMBT2	cg25046651	ADHFE1	between_gene	142	0.6155124467980327	3.609656824377905e-16	2.029654020431456e-15
SNUH	cg20299663	SFMBT2	cg01588438	ADHFE1	between_gene	142	0.6193473892005508	2.099906935136347e-16	1.2283984739396253e-15
SNUH	cg20299663	SFMBT2	cg08090772	ADHFE1	between_gene	0			
SNUH	cg20299663	SFMBT2	cg09383816	ADHFE1	between_gene	142	0.6061199813072753	1.3193482985183914e-15	6.7028810969336365e-15
SNUH	cg20299663	SFMBT2	cg20912169	ADHFE1	between_gene	142	0.5950845678145649	5.7342002570338545e-15	2.624654117649355e-14
SNUH	cg20299663	SFMBT2	cg18065361	ADHFE1	between_gene	142	0.6176038525454168	2.688812952105715e-16	1.5350356656551008e-15
SNUH	cg20299663	SFMBT2	cg04481096	HOXA2	between_gene	142	0.6086849919633858	9.299985032848288e-16	4.833398595757208e-15
SNUH	cg20299663	SFMBT2	cg19598584	HOXA2	between_gene	0			
SNUH	cg20299663	SFMBT2	cg09871315	HOXA2	between_gene	0			
SNUH	cg20299663	SFMBT2	cg13661519	HOXA2	between_gene	142	0.5408421365868175	3.701108679890265e-12	1.1848089013292886e-11
SNUH	cg20299663	SFMBT2	cg02803819	HOXA2	between_gene	142	0.5554023441347385	7.304300923337312e-13	2.5683182087583627e-12
SNUH	cg20299663	SFMBT2	cg03763508	HOXA2	between_gene	142	0.4978446785459072	2.907426340897797e-10	7.669843603035745e-10
SNUH	cg20299663	SFMBT2	cg00188704	HOXA2	between_gene	142	0.5751554409031184	7.097002997686789e-14	2.805466791055278e-13
SNUH	cg20299663	SFMBT2	cg06786372	HOXA2	between_gene	142	0.5876703458363632	1.4917349017469664e-14	6.486560597763061e-14
SNUH	cg20299663	SFMBT2	cg19236679	GFRA1	between_gene	142	0.7069475325393816	8.265941556033542e-23	2.2942384595416506e-21
SNUH	cg20299663	SFMBT2	cg06298519	GFRA1	between_gene	142	0.685429943146455	4.997088666624037e-21	8.357310468732123e-20
SNUH	cg20299663	SFMBT2	cg19485539	GFRA1	between_gene	142	0.7075510644584664	7.328332287023756e-23	2.1244021040938865e-21
SNUH	cg20299663	SFMBT2	cg18672939	GFRA1	between_gene	142	0.680580731824364	1.1999942435632705e-20	1.7688050742692501e-19
SNUH	cg20299663	SFMBT2	cg27034576	GFRA1	between_gene	142	0.6956355002504239	7.470848037845002e-22	1.5593154024590087e-20
SNUH	cg20299663	SFMBT2	cg18044663	GFRA1	between_gene	142	0.6613221959341229	3.3164921864643507e-19	3.3691637322554407e-18
SNUH	cg20299663	SFMBT2	cg15701178	UNC5C	between_gene	142	0.6454543358948513	4.2767354740533396e-18	3.4652182769581253e-17
SNUH	cg20299663	SFMBT2	cg03008707	UNC5C	between_gene	142	0.6616574914447255	3.136813396646688e-19	3.2543924024953773e-18
SNUH	cg20299663	SFMBT2	cg24870497	UNC5C	between_gene	0			
SNUH	cg20299663	SFMBT2	cg13265789	UNC5C	between_gene	142	0.685052735697027	5.3527482140553825e-21	8.895108337879297e-20
SNUH	cg20299663	SFMBT2	cg12584684	UNC5C	between_gene	142	0.6992734565404628	3.7219083577827176e-22	8.593326465004523e-21
SNUH	cg20299663	SFMBT2	cg08327106	RALYL	between_gene	0			
SNUH	cg20299663	SFMBT2	cg09757712	RALYL	between_gene	0			
SNUH	cg20299663	SFMBT2	cg11089595	RALYL	between_gene	142	0.6803502161608245	1.2504984211310432e-20	1.8079238019080437e-19
SNUH	cg20299663	SFMBT2	cg01134282	RALYL	between_gene	0			
SNUH	cg20299663	SFMBT2	cg06955749	RALYL	between_gene	142	0.5938397832314525	6.7441669064249035e-15	3.0494855214666516e-14
SNUH	cg20299663	SFMBT2	cg11666087	BEND5	between_gene	142	0.6467955179372621	3.465698706240489e-18	2.861394912842226e-17
SNUH	cg20299663	SFMBT2	cg16573178	BEND5	between_gene	142	0.640768581134179	8.843580139202984e-18	6.707238541622261e-17
SNUH	cg20299663	SFMBT2	cg06744574	BEND5	between_gene	142	0.6414182161859717	8.002217149954517e-18	6.104615363810333e-17
SNUH	cg20299663	SFMBT2	cg03603214	BEND5	between_gene	142	0.5336751950476853	7.998081374697581e-12	2.4665477903765944e-11
SNUH	cg20506550	SFMBT2	cg01056653	SFMBT2	within_gene	0			
SNUH	cg20506550	SFMBT2	cg22862480	SFMBT2	within_gene	0			
SNUH	cg20506550	SFMBT2	cg12767281	SFMBT2	within_gene	0			
SNUH	cg20506550	SFMBT2	cg26878816	SFMBT2	within_gene	0			
SNUH	cg20506550	SFMBT2	cg12328063	SFMBT2	within_gene	0			
SNUH	cg20506550	SFMBT2	cg16818993	SFMBT2	within_gene	0			
SNUH	cg20506550	SFMBT2	cg20295442	ADHFE1	between_gene	0			
SNUH	cg20506550	SFMBT2	cg19283840	ADHFE1	between_gene	0			
SNUH	cg20506550	SFMBT2	cg25046651	ADHFE1	between_gene	0			
SNUH	cg20506550	SFMBT2	cg01588438	ADHFE1	between_gene	0			
SNUH	cg20506550	SFMBT2	cg08090772	ADHFE1	between_gene	0			
SNUH	cg20506550	SFMBT2	cg09383816	ADHFE1	between_gene	0			
SNUH	cg20506550	SFMBT2	cg20912169	ADHFE1	between_gene	0			
SNUH	cg20506550	SFMBT2	cg18065361	ADHFE1	between_gene	0			
SNUH	cg20506550	SFMBT2	cg04481096	HOXA2	between_gene	0			
SNUH	cg20506550	SFMBT2	cg19598584	HOXA2	between_gene	0			
SNUH	cg20506550	SFMBT2	cg09871315	HOXA2	between_gene	0			
SNUH	cg20506550	SFMBT2	cg13661519	HOXA2	between_gene	0			
SNUH	cg20506550	SFMBT2	cg02803819	HOXA2	between_gene	0			
SNUH	cg20506550	SFMBT2	cg03763508	HOXA2	between_gene	0			
SNUH	cg20506550	SFMBT2	cg00188704	HOXA2	between_gene	0			
SNUH	cg20506550	SFMBT2	cg06786372	HOXA2	between_gene	0			
SNUH	cg20506550	SFMBT2	cg19236679	GFRA1	between_gene	0			
SNUH	cg20506550	SFMBT2	cg06298519	GFRA1	between_gene	0			
SNUH	cg20506550	SFMBT2	cg19485539	GFRA1	between_gene	0			
SNUH	cg20506550	SFMBT2	cg18672939	GFRA1	between_gene	0			
SNUH	cg20506550	SFMBT2	cg27034576	GFRA1	between_gene	0			
SNUH	cg20506550	SFMBT2	cg18044663	GFRA1	between_gene	0			
SNUH	cg20506550	SFMBT2	cg15701178	UNC5C	between_gene	0			
SNUH	cg20506550	SFMBT2	cg03008707	UNC5C	between_gene	0			
SNUH	cg20506550	SFMBT2	cg24870497	UNC5C	between_gene	0			
SNUH	cg20506550	SFMBT2	cg13265789	UNC5C	between_gene	0			
SNUH	cg20506550	SFMBT2	cg12584684	UNC5C	between_gene	0			
SNUH	cg20506550	SFMBT2	cg08327106	RALYL	between_gene	0			
SNUH	cg20506550	SFMBT2	cg09757712	RALYL	between_gene	0			
SNUH	cg20506550	SFMBT2	cg11089595	RALYL	between_gene	0			
SNUH	cg20506550	SFMBT2	cg01134282	RALYL	between_gene	0			
SNUH	cg20506550	SFMBT2	cg06955749	RALYL	between_gene	0			
SNUH	cg20506550	SFMBT2	cg11666087	BEND5	between_gene	0			
SNUH	cg20506550	SFMBT2	cg16573178	BEND5	between_gene	0			
SNUH	cg20506550	SFMBT2	cg06744574	BEND5	between_gene	0			
SNUH	cg20506550	SFMBT2	cg03603214	BEND5	between_gene	0			
SNUH	cg01056653	SFMBT2	cg22862480	SFMBT2	within_gene	0			
SNUH	cg01056653	SFMBT2	cg12767281	SFMBT2	within_gene	0			
SNUH	cg01056653	SFMBT2	cg26878816	SFMBT2	within_gene	0			
SNUH	cg01056653	SFMBT2	cg12328063	SFMBT2	within_gene	0			
SNUH	cg01056653	SFMBT2	cg16818993	SFMBT2	within_gene	0			
SNUH	cg01056653	SFMBT2	cg20295442	ADHFE1	between_gene	0			
SNUH	cg01056653	SFMBT2	cg19283840	ADHFE1	between_gene	0			
SNUH	cg01056653	SFMBT2	cg25046651	ADHFE1	between_gene	0			
SNUH	cg01056653	SFMBT2	cg01588438	ADHFE1	between_gene	0			
SNUH	cg01056653	SFMBT2	cg08090772	ADHFE1	between_gene	0			
SNUH	cg01056653	SFMBT2	cg09383816	ADHFE1	between_gene	0			
SNUH	cg01056653	SFMBT2	cg20912169	ADHFE1	between_gene	0			
SNUH	cg01056653	SFMBT2	cg18065361	ADHFE1	between_gene	0			
SNUH	cg01056653	SFMBT2	cg04481096	HOXA2	between_gene	0			
SNUH	cg01056653	SFMBT2	cg19598584	HOXA2	between_gene	0			
SNUH	cg01056653	SFMBT2	cg09871315	HOXA2	between_gene	0			
SNUH	cg01056653	SFMBT2	cg13661519	HOXA2	between_gene	0			
SNUH	cg01056653	SFMBT2	cg02803819	HOXA2	between_gene	0			
SNUH	cg01056653	SFMBT2	cg03763508	HOXA2	between_gene	0			
SNUH	cg01056653	SFMBT2	cg00188704	HOXA2	between_gene	0			
SNUH	cg01056653	SFMBT2	cg06786372	HOXA2	between_gene	0			
SNUH	cg01056653	SFMBT2	cg19236679	GFRA1	between_gene	0			
SNUH	cg01056653	SFMBT2	cg06298519	GFRA1	between_gene	0			
SNUH	cg01056653	SFMBT2	cg19485539	GFRA1	between_gene	0			
SNUH	cg01056653	SFMBT2	cg18672939	GFRA1	between_gene	0			
SNUH	cg01056653	SFMBT2	cg27034576	GFRA1	between_gene	0			
SNUH	cg01056653	SFMBT2	cg18044663	GFRA1	between_gene	0			
SNUH	cg01056653	SFMBT2	cg15701178	UNC5C	between_gene	0			
SNUH	cg01056653	SFMBT2	cg03008707	UNC5C	between_gene	0			
SNUH	cg01056653	SFMBT2	cg24870497	UNC5C	between_gene	0			
SNUH	cg01056653	SFMBT2	cg13265789	UNC5C	between_gene	0			
SNUH	cg01056653	SFMBT2	cg12584684	UNC5C	between_gene	0			
SNUH	cg01056653	SFMBT2	cg08327106	RALYL	between_gene	0			
SNUH	cg01056653	SFMBT2	cg09757712	RALYL	between_gene	0			
SNUH	cg01056653	SFMBT2	cg11089595	RALYL	between_gene	0			
SNUH	cg01056653	SFMBT2	cg01134282	RALYL	between_gene	0			
SNUH	cg01056653	SFMBT2	cg06955749	RALYL	between_gene	0			
SNUH	cg01056653	SFMBT2	cg11666087	BEND5	between_gene	0			
SNUH	cg01056653	SFMBT2	cg16573178	BEND5	between_gene	0			
SNUH	cg01056653	SFMBT2	cg06744574	BEND5	between_gene	0			
SNUH	cg01056653	SFMBT2	cg03603214	BEND5	between_gene	0			
SNUH	cg22862480	SFMBT2	cg12767281	SFMBT2	within_gene	142	0.7818274024447236	1.6205932746644856e-30	4.8926482673204e-30
SNUH	cg22862480	SFMBT2	cg26878816	SFMBT2	within_gene	142	0.8239908129030095	2.343163154610775e-36	9.058325853800192e-36
SNUH	cg22862480	SFMBT2	cg12328063	SFMBT2	within_gene	142	0.8345987246197017	4.476063540143734e-38	1.8918828563007517e-37
SNUH	cg22862480	SFMBT2	cg16818993	SFMBT2	within_gene	142	0.7808131335251504	2.15733712773272e-30	6.451659146144079e-30
SNUH	cg22862480	SFMBT2	cg20295442	ADHFE1	between_gene	0			
SNUH	cg22862480	SFMBT2	cg19283840	ADHFE1	between_gene	0			
SNUH	cg22862480	SFMBT2	cg25046651	ADHFE1	between_gene	142	0.6302486844890203	4.3203056667748185e-17	2.83921347219534e-16
SNUH	cg22862480	SFMBT2	cg01588438	ADHFE1	between_gene	142	0.6220465180609023	1.4278225039867767e-16	8.643129728309747e-16
SNUH	cg22862480	SFMBT2	cg08090772	ADHFE1	between_gene	0			
SNUH	cg22862480	SFMBT2	cg09383816	ADHFE1	between_gene	142	0.6058517448987932	1.368242960376026e-15	6.8781230898286145e-15
SNUH	cg22862480	SFMBT2	cg20912169	ADHFE1	between_gene	142	0.6147999438380021	3.9886356241138754e-16	2.2331223912689055e-15
SNUH	cg22862480	SFMBT2	cg18065361	ADHFE1	between_gene	142	0.6372395958850858	1.5159354799619653e-17	1.0986321297835463e-16
SNUH	cg22862480	SFMBT2	cg04481096	HOXA2	between_gene	142	0.6245905727476001	9.891997363874605e-17	6.072522617023258e-16
SNUH	cg22862480	SFMBT2	cg19598584	HOXA2	between_gene	0			
SNUH	cg22862480	SFMBT2	cg09871315	HOXA2	between_gene	0			
SNUH	cg22862480	SFMBT2	cg13661519	HOXA2	between_gene	142	0.5469109853287258	1.8997973941918097e-12	6.346442255373151e-12
SNUH	cg22862480	SFMBT2	cg02803819	HOXA2	between_gene	142	0.571198953878007	1.14630529000562e-13	4.4045810038654834e-13
SNUH	cg22862480	SFMBT2	cg03763508	HOXA2	between_gene	142	0.4947599598483627	3.8866334970123303e-10	1.0109897102397976e-09
SNUH	cg22862480	SFMBT2	cg00188704	HOXA2	between_gene	142	0.6038190158657645	1.800713905890341e-15	8.864269019750752e-15
SNUH	cg22862480	SFMBT2	cg06786372	HOXA2	between_gene	142	0.6063882177157575	1.2721573446375242e-15	6.4952221372980436e-15
SNUH	cg22862480	SFMBT2	cg19236679	GFRA1	between_gene	142	0.6928357827368917	1.2682323953845538e-21	2.510632640199441e-20
SNUH	cg22862480	SFMBT2	cg06298519	GFRA1	between_gene	142	0.62018981917094	1.8624586013375608e-16	1.096874602909638e-15
SNUH	cg22862480	SFMBT2	cg19485539	GFRA1	between_gene	142	0.6901827570092479	2.0824937086391237e-21	3.796667648389902e-20
SNUH	cg22862480	SFMBT2	cg18672939	GFRA1	between_gene	142	0.6856143556772865	4.831728664384602e-21	8.132890377664146e-20
SNUH	cg22862480	SFMBT2	cg27034576	GFRA1	between_gene	142	0.6665695706750547	1.375679015872965e-19	1.5604985010489416e-18
SNUH	cg22862480	SFMBT2	cg18044663	GFRA1	between_gene	142	0.5980100211445732	3.905623095294038e-15	1.8163584056367457e-14
SNUH	cg22862480	SFMBT2	cg15701178	UNC5C	between_gene	142	0.6289242672221396	5.252758778065773e-17	3.392190012864753e-16
SNUH	cg22862480	SFMBT2	cg03008707	UNC5C	between_gene	142	0.6840384667774541	6.436406277450895e-21	1.0430176383769805e-19
SNUH	cg22862480	SFMBT2	cg24870497	UNC5C	between_gene	0			
SNUH	cg22862480	SFMBT2	cg13265789	UNC5C	between_gene	142	0.6770601289630358	2.2431181298629674e-20	3.001177026057683e-19
SNUH	cg22862480	SFMBT2	cg12584684	UNC5C	between_gene	142	0.6287817666301335	5.364078717921976e-17	3.455526265446527e-16
SNUH	cg22862480	SFMBT2	cg08327106	RALYL	between_gene	0			
SNUH	cg22862480	SFMBT2	cg09757712	RALYL	between_gene	0			
SNUH	cg22862480	SFMBT2	cg11089595	RALYL	between_gene	142	0.6689082568615083	9.240416103750969e-20	1.0908708422934966e-18
SNUH	cg22862480	SFMBT2	cg01134282	RALYL	between_gene	0			
SNUH	cg22862480	SFMBT2	cg06955749	RALYL	between_gene	142	0.5865345322941967	1.723338003816065e-14	7.370801396649368e-14
SNUH	cg22862480	SFMBT2	cg11666087	BEND5	between_gene	142	0.6696249510154216	8.173634472899436e-20	9.782115752199372e-19
SNUH	cg22862480	SFMBT2	cg16573178	BEND5	between_gene	142	0.6573196057763034	6.413251960943076e-19	6.129001599304206e-18
SNUH	cg22862480	SFMBT2	cg06744574	BEND5	between_gene	142	0.6378473189980532	1.3822626553594953e-17	1.0130121538856524e-16
SNUH	cg22862480	SFMBT2	cg03603214	BEND5	between_gene	142	0.574208231085666	7.964886367745302e-14	3.13903150052077e-13
SNUH	cg12767281	SFMBT2	cg26878816	SFMBT2	within_gene	142	0.8937616174655434	1.3445750900800552e-50	9.687052353531306e-50
SNUH	cg12767281	SFMBT2	cg12328063	SFMBT2	within_gene	142	0.787913015962162	2.818393797109335e-31	8.759125820428033e-31
SNUH	cg12767281	SFMBT2	cg16818993	SFMBT2	within_gene	142	0.8618121464989911	4.1690381521220196e-43	2.166532941348657e-42
SNUH	cg12767281	SFMBT2	cg20295442	ADHFE1	between_gene	0			
SNUH	cg12767281	SFMBT2	cg19283840	ADHFE1	between_gene	0			
SNUH	cg12767281	SFMBT2	cg25046651	ADHFE1	between_gene	142	0.5470786330840272	1.8647639830021498e-12	6.237396450836678e-12
SNUH	cg12767281	SFMBT2	cg01588438	ADHFE1	between_gene	142	0.5698829189988914	1.3426013822410704e-13	5.098758378845636e-13
SNUH	cg12767281	SFMBT2	cg08090772	ADHFE1	between_gene	0			
SNUH	cg12767281	SFMBT2	cg09383816	ADHFE1	between_gene	142	0.5702182145094942	1.2896931141983153e-13	4.919311893192112e-13
SNUH	cg12767281	SFMBT2	cg20912169	ADHFE1	between_gene	142	0.5536923370306649	8.87405874603154e-13	3.086989235786172e-12
SNUH	cg12767281	SFMBT2	cg18065361	ADHFE1	between_gene	142	0.5725778566653605	9.706133871280896e-14	3.7852471255862267e-13
SNUH	cg12767281	SFMBT2	cg04481096	HOXA2	between_gene	142	0.5443962689992058	2.508546767948406e-12	8.232450965506153e-12
SNUH	cg12767281	SFMBT2	cg19598584	HOXA2	between_gene	0			
SNUH	cg12767281	SFMBT2	cg09871315	HOXA2	between_gene	0			
SNUH	cg12767281	SFMBT2	cg13661519	HOXA2	between_gene	142	0.4281199771160814	1.0683183624192293e-07	2.3402540785489246e-07
SNUH	cg12767281	SFMBT2	cg02803819	HOXA2	between_gene	142	0.4412342227745284	3.8822714720460554e-08	8.716735172605989e-08
SNUH	cg12767281	SFMBT2	cg03763508	HOXA2	between_gene	142	0.3825700820007083	2.620056224359203e-06	5.382461960120599e-06
SNUH	cg12767281	SFMBT2	cg00188704	HOXA2	between_gene	142	0.47091625785063	3.333305782253018e-09	8.007914167493668e-09
SNUH	cg12767281	SFMBT2	cg06786372	HOXA2	between_gene	142	0.490166411353106	5.956500861809986e-10	1.5161473900938783e-09
SNUH	cg12767281	SFMBT2	cg19236679	GFRA1	between_gene	142	0.662399332761934	2.7724098569186683e-19	2.928428063441622e-18
SNUH	cg12767281	SFMBT2	cg06298519	GFRA1	between_gene	142	0.6452531585884898	4.413381098598357e-18	3.5538615080997264e-17
SNUH	cg12767281	SFMBT2	cg19485539	GFRA1	between_gene	142	0.6559365117950674	8.035937936266011e-19	7.46112529384983e-18
SNUH	cg12767281	SFMBT2	cg18672939	GFRA1	between_gene	142	0.6313383948984788	3.6760055982741636e-17	2.4466067872186975e-16
SNUH	cg12767281	SFMBT2	cg27034576	GFRA1	between_gene	142	0.6263760213415593	7.630424729758457e-17	4.785523586523994e-16
SNUH	cg12767281	SFMBT2	cg18044663	GFRA1	between_gene	142	0.6049129174691058	1.5536727655948169e-15	7.706335067370488e-15
SNUH	cg12767281	SFMBT2	cg15701178	UNC5C	between_gene	142	0.6610916802705835	3.445814219030056e-19	3.457742037480545e-18
SNUH	cg12767281	SFMBT2	cg03008707	UNC5C	between_gene	142	0.6274280110060753	6.543115754613399e-17	4.1840659323005783e-16
SNUH	cg12767281	SFMBT2	cg24870497	UNC5C	between_gene	0			
SNUH	cg12767281	SFMBT2	cg13265789	UNC5C	between_gene	142	0.6460201470689934	3.9141871828035285e-18	3.211356716960505e-17
SNUH	cg12767281	SFMBT2	cg12584684	UNC5C	between_gene	142	0.679843081701038	1.3690346559054834e-20	1.9518095176269982e-19
SNUH	cg12767281	SFMBT2	cg08327106	RALYL	between_gene	0			
SNUH	cg12767281	SFMBT2	cg09757712	RALYL	between_gene	0			
SNUH	cg12767281	SFMBT2	cg11089595	RALYL	between_gene	142	0.5677789396698597	1.726091763932795e-13	6.479673974245556e-13
SNUH	cg12767281	SFMBT2	cg01134282	RALYL	between_gene	0			
SNUH	cg12767281	SFMBT2	cg06955749	RALYL	between_gene	142	0.571781529827679	1.0685985297409597e-13	4.130331206065429e-13
SNUH	cg12767281	SFMBT2	cg11666087	BEND5	between_gene	142	0.6290877237835585	5.1278418667489056e-17	3.3197368313518353e-16
SNUH	cg12767281	SFMBT2	cg16573178	BEND5	between_gene	142	0.6514016400141663	1.6697798443675482e-18	1.461897857031857e-17
SNUH	cg12767281	SFMBT2	cg06744574	BEND5	between_gene	142	0.5803357565419298	3.7513257866990216e-14	1.536453528649568e-13
SNUH	cg12767281	SFMBT2	cg03603214	BEND5	between_gene	142	0.5758469878937366	6.522176020082124e-14	2.582148290803378e-13
SNUH	cg26878816	SFMBT2	cg12328063	SFMBT2	within_gene	142	0.8619085439582892	3.9842616150749415e-43	2.105018219964594e-42
SNUH	cg26878816	SFMBT2	cg16818993	SFMBT2	within_gene	142	0.9016787827096489	7.8932642640131325e-53	6.584644136032007e-52
SNUH	cg26878816	SFMBT2	cg20295442	ADHFE1	between_gene	0			
SNUH	cg26878816	SFMBT2	cg19283840	ADHFE1	between_gene	0			
SNUH	cg26878816	SFMBT2	cg25046651	ADHFE1	between_gene	142	0.5461649528176349	2.063593549278267e-12	6.85849117205987e-12
SNUH	cg26878816	SFMBT2	cg01588438	ADHFE1	between_gene	142	0.5667604795564041	1.9480783288306134e-13	7.271153590728282e-13
SNUH	cg26878816	SFMBT2	cg08090772	ADHFE1	between_gene	0			
SNUH	cg26878816	SFMBT2	cg09383816	ADHFE1	between_gene	142	0.5653270912485777	2.3080811450331843e-13	8.565837421609638e-13
SNUH	cg26878816	SFMBT2	cg20912169	ADHFE1	between_gene	142	0.5698996837744217	1.3399065906069428e-13	5.095942120836026e-13
SNUH	cg26878816	SFMBT2	cg18065361	ADHFE1	between_gene	142	0.5739777154221266	8.191225598312524e-14	3.213670313683815e-13
SNUH	cg26878816	SFMBT2	cg04481096	HOXA2	between_gene	142	0.5288427485011242	1.3311580639295751e-11	4.024323741358357e-11
SNUH	cg26878816	SFMBT2	cg19598584	HOXA2	between_gene	0			
SNUH	cg26878816	SFMBT2	cg09871315	HOXA2	between_gene	0			
SNUH	cg26878816	SFMBT2	cg13661519	HOXA2	between_gene	142	0.4262255574811763	1.232203946578673e-07	2.685731074873649e-07
SNUH	cg26878816	SFMBT2	cg02803819	HOXA2	between_gene	142	0.432830879040049	7.463046403069634e-08	1.6473001747553872e-07
SNUH	cg26878816	SFMBT2	cg03763508	HOXA2	between_gene	142	0.365092803510544	7.920274864615095e-06	1.579816293714127e-05
SNUH	cg26878816	SFMBT2	cg00188704	HOXA2	between_gene	142	0.4544742042494515	1.336687453262904e-08	3.0999267249448147e-08
SNUH	cg26878816	SFMBT2	cg06786372	HOXA2	between_gene	142	0.4747721562225608	2.380976795939318e-09	5.789346188821696e-09
SNUH	cg26878816	SFMBT2	cg19236679	GFRA1	between_gene	142	0.6846336163087736	5.776988994749749e-21	9.479348608366098e-20
SNUH	cg26878816	SFMBT2	cg06298519	GFRA1	between_gene	142	0.6422019694420055	7.090718393061324e-18	5.4571340081112075e-17
SNUH	cg26878816	SFMBT2	cg19485539	GFRA1	between_gene	142	0.6564394550609713	7.404141010832132e-19	6.973792020671852e-18
SNUH	cg26878816	SFMBT2	cg18672939	GFRA1	between_gene	142	0.6503286943802377	1.9816184156548354e-18	1.700671857382719e-17
SNUH	cg26878816	SFMBT2	cg27034576	GFRA1	between_gene	142	0.6292679451205074	4.993471063084281e-17	3.248869327577778e-16
SNUH	cg26878816	SFMBT2	cg18044663	GFRA1	between_gene	142	0.6179852511887275	2.5476069601994636e-16	1.4576110875351757e-15
SNUH	cg26878816	SFMBT2	cg15701178	UNC5C	between_gene	142	0.6565903380407426	7.224252494377353e-19	6.829012593416851e-18
SNUH	cg26878816	SFMBT2	cg03008707	UNC5C	between_gene	142	0.6081066072075962	1.0065808759171265e-15	5.20033565399561e-15
SNUH	cg26878816	SFMBT2	cg24870497	UNC5C	between_gene	0			
SNUH	cg26878816	SFMBT2	cg13265789	UNC5C	between_gene	142	0.6556557018049377	8.411289356555229e-19	7.754436018110456e-18
SNUH	cg26878816	SFMBT2	cg12584684	UNC5C	between_gene	142	0.633492668554101	2.6662358362097512e-17	1.8549891457789974e-16
SNUH	cg26878816	SFMBT2	cg08327106	RALYL	between_gene	0			
SNUH	cg26878816	SFMBT2	cg09757712	RALYL	between_gene	0			
SNUH	cg26878816	SFMBT2	cg11089595	RALYL	between_gene	142	0.6127630236110907	5.298785611342239e-16	2.898224666664969e-15
SNUH	cg26878816	SFMBT2	cg01134282	RALYL	between_gene	0			
SNUH	cg26878816	SFMBT2	cg06955749	RALYL	between_gene	142	0.6134378058261786	4.824044750686715e-16	2.660873732461235e-15
SNUH	cg26878816	SFMBT2	cg11666087	BEND5	between_gene	142	0.673321584019816	4.3177166153350013e-20	5.441991618071991e-19
SNUH	cg26878816	SFMBT2	cg16573178	BEND5	between_gene	142	0.6668922926040098	1.302450166131546e-19	1.4903914401040368e-18
SNUH	cg26878816	SFMBT2	cg06744574	BEND5	between_gene	142	0.6432162383615785	6.0603404574484355e-18	4.762478389603303e-17
SNUH	cg26878816	SFMBT2	cg03603214	BEND5	between_gene	142	0.5602096435180044	4.2005433077127143e-13	1.511616205492755e-12
SNUH	cg12328063	SFMBT2	cg16818993	SFMBT2	within_gene	142	0.8267779568348943	8.502200503653886e-37	3.368996949572852e-36
SNUH	cg12328063	SFMBT2	cg20295442	ADHFE1	between_gene	0			
SNUH	cg12328063	SFMBT2	cg19283840	ADHFE1	between_gene	0			
SNUH	cg12328063	SFMBT2	cg25046651	ADHFE1	between_gene	142	0.6011324605870606	2.5810616642703698e-15	1.2333314802346876e-14
SNUH	cg12328063	SFMBT2	cg01588438	ADHFE1	between_gene	142	0.5915388177899417	9.085929112217816e-15	4.0521690690215874e-14
SNUH	cg12328063	SFMBT2	cg08090772	ADHFE1	between_gene	0			
SNUH	cg12328063	SFMBT2	cg09383816	ADHFE1	between_gene	142	0.5829803998818084	2.6973309979149158e-14	1.1259738517696025e-13
SNUH	cg12328063	SFMBT2	cg20912169	ADHFE1	between_gene	142	0.6059313775825613	1.353546037291511e-15	6.8173776279798305e-15
SNUH	cg12328063	SFMBT2	cg18065361	ADHFE1	between_gene	142	0.6209861460086212	1.6621905067367683e-16	9.969321912818917e-16
SNUH	cg12328063	SFMBT2	cg04481096	HOXA2	between_gene	142	0.5568524972180952	6.18734183001067e-13	2.1844079613664193e-12
SNUH	cg12328063	SFMBT2	cg19598584	HOXA2	between_gene	0			
SNUH	cg12328063	SFMBT2	cg09871315	HOXA2	between_gene	0			
SNUH	cg12328063	SFMBT2	cg13661519	HOXA2	between_gene	142	0.4789004821968562	1.6530694925180759e-09	4.0802822194698776e-09
SNUH	cg12328063	SFMBT2	cg02803819	HOXA2	between_gene	142	0.4972788673717652	3.067087231225208e-10	8.066563090994523e-10
SNUH	cg12328063	SFMBT2	cg03763508	HOXA2	between_gene	142	0.405047454792735	5.732274661570924e-07	1.209992280909267e-06
SNUH	cg12328063	SFMBT2	cg00188704	HOXA2	between_gene	142	0.5144879094534474	5.770512032964603e-11	1.6417956263909103e-10
SNUH	cg12328063	SFMBT2	cg06786372	HOXA2	between_gene	142	0.5265753126106737	1.685929918339932e-11	5.0442559139322037e-11
SNUH	cg12328063	SFMBT2	cg19236679	GFRA1	between_gene	142	0.7585369380394853	8.054688917766796e-28	1.750250697633314e-25
SNUH	cg12328063	SFMBT2	cg06298519	GFRA1	between_gene	142	0.7064613540490077	9.105760189912332e-23	2.4746800349459664e-21
SNUH	cg12328063	SFMBT2	cg19485539	GFRA1	between_gene	142	0.7375055271369326	1.2332524058340237e-25	9.75016826309384e-24
SNUH	cg12328063	SFMBT2	cg18672939	GFRA1	between_gene	142	0.7383521483012044	1.0166381585811852e-25	8.288777986682228e-24
SNUH	cg12328063	SFMBT2	cg27034576	GFRA1	between_gene	142	0.657260929061948	6.475070984622222e-19	6.165496422948678e-18
SNUH	cg12328063	SFMBT2	cg18044663	GFRA1	between_gene	142	0.66722339692073	1.2312814459378854e-19	1.4151600407277282e-18
SNUH	cg12328063	SFMBT2	cg15701178	UNC5C	between_gene	142	0.681289043590512	1.0569699454255188e-20	1.575791192922959e-19
SNUH	cg12328063	SFMBT2	cg03008707	UNC5C	between_gene	142	0.6617455065162587	3.0912462233496143e-19	3.226024558687658e-18
SNUH	cg12328063	SFMBT2	cg24870497	UNC5C	between_gene	0			
SNUH	cg12328063	SFMBT2	cg13265789	UNC5C	between_gene	142	0.6788874894958205	1.6229766972473503e-20	2.240394816464728e-19
SNUH	cg12328063	SFMBT2	cg12584684	UNC5C	between_gene	142	0.5949923615491491	5.803662998984295e-15	2.6517962809719837e-14
SNUH	cg12328063	SFMBT2	cg08327106	RALYL	between_gene	0			
SNUH	cg12328063	SFMBT2	cg09757712	RALYL	between_gene	0			
SNUH	cg12328063	SFMBT2	cg11089595	RALYL	between_gene	142	0.6652451534081741	1.720682026880922e-19	1.9103231523967346e-18
SNUH	cg12328063	SFMBT2	cg01134282	RALYL	between_gene	0			
SNUH	cg12328063	SFMBT2	cg06955749	RALYL	between_gene	142	0.60702108799202	1.16723876749266e-15	6.0065600481032545e-15
SNUH	cg12328063	SFMBT2	cg11666087	BEND5	between_gene	142	0.6791724906798327	1.542772081146136e-20	2.1524558073316948e-19
SNUH	cg12328063	SFMBT2	cg16573178	BEND5	between_gene	142	0.6800903621401075	1.309924410344131e-20	1.877798234388922e-19
SNUH	cg12328063	SFMBT2	cg06744574	BEND5	between_gene	142	0.6636524997328114	2.2486073595977234e-19	2.4444235838293583e-18
SNUH	cg12328063	SFMBT2	cg03603214	BEND5	between_gene	142	0.5892965290627862	1.2120646738516296e-14	5.3507220542790216e-14
SNUH	cg16818993	SFMBT2	cg20295442	ADHFE1	between_gene	0			
SNUH	cg16818993	SFMBT2	cg19283840	ADHFE1	between_gene	0			
SNUH	cg16818993	SFMBT2	cg25046651	ADHFE1	between_gene	142	0.5141358491673146	5.976760006926789e-11	1.6967755014224148e-10
SNUH	cg16818993	SFMBT2	cg01588438	ADHFE1	between_gene	142	0.5485832716878567	1.5771537685638068e-12	5.323149006705009e-12
SNUH	cg16818993	SFMBT2	cg08090772	ADHFE1	between_gene	0			
SNUH	cg16818993	SFMBT2	cg09383816	ADHFE1	between_gene	142	0.5395470576771146	4.259806753161061e-12	1.3499917522901084e-11
SNUH	cg16818993	SFMBT2	cg20912169	ADHFE1	between_gene	142	0.5516805639670489	1.1142222152703964e-12	3.830047114150809e-12
SNUH	cg16818993	SFMBT2	cg18065361	ADHFE1	between_gene	142	0.551194385476675	1.1769594223668528e-12	4.035068505854295e-12
SNUH	cg16818993	SFMBT2	cg04481096	HOXA2	between_gene	142	0.5262022963551284	1.7524561609726117e-11	5.2253235702600505e-11
SNUH	cg16818993	SFMBT2	cg19598584	HOXA2	between_gene	0			
SNUH	cg16818993	SFMBT2	cg09871315	HOXA2	between_gene	0			
SNUH	cg16818993	SFMBT2	cg13661519	HOXA2	between_gene	142	0.4135220488232176	3.137995785505937e-07	6.72722350401396e-07
SNUH	cg16818993	SFMBT2	cg02803819	HOXA2	between_gene	142	0.436846042779516	5.473417176598415e-08	1.215331524574065e-07
SNUH	cg16818993	SFMBT2	cg03763508	HOXA2	between_gene	142	0.3665429565939005	7.243207241115866e-06	1.4503091091382424e-05
SNUH	cg16818993	SFMBT2	cg00188704	HOXA2	between_gene	142	0.4515697068888558	1.6955319753734678e-08	3.8837953676465124e-08
SNUH	cg16818993	SFMBT2	cg06786372	HOXA2	between_gene	142	0.4699271360943522	3.631342906339843e-09	8.675983189231365e-09
SNUH	cg16818993	SFMBT2	cg19236679	GFRA1	between_gene	142	0.7108704900134329	3.758670493740499e-23	1.1958989412401173e-21
SNUH	cg16818993	SFMBT2	cg06298519	GFRA1	between_gene	142	0.6631956595996152	2.427267303709348e-19	2.5847919981133424e-18
SNUH	cg16818993	SFMBT2	cg19485539	GFRA1	between_gene	142	0.7117380671471173	3.151898021464223e-23	1.0152224614815008e-21
SNUH	cg16818993	SFMBT2	cg18672939	GFRA1	between_gene	142	0.7260090823171436	1.5812584764974895e-24	7.639821046633241e-23
SNUH	cg16818993	SFMBT2	cg27034576	GFRA1	between_gene	142	0.6903043016318414	2.035947946358392e-21	3.740695909893693e-20
SNUH	cg16818993	SFMBT2	cg18044663	GFRA1	between_gene	142	0.6528937050363481	1.3144756779452925e-18	1.1664853890337644e-17
SNUH	cg16818993	SFMBT2	cg15701178	UNC5C	between_gene	142	0.7150449191204361	1.6014892613915005e-23	5.6032505869881325e-22
SNUH	cg16818993	SFMBT2	cg03008707	UNC5C	between_gene	142	0.5872051233154021	1.5826834123327954e-14	6.825158715332666e-14
SNUH	cg16818993	SFMBT2	cg24870497	UNC5C	between_gene	0			
SNUH	cg16818993	SFMBT2	cg13265789	UNC5C	between_gene	142	0.661644917863078	3.143376333571617e-19	3.2543924024953773e-18
SNUH	cg16818993	SFMBT2	cg12584684	UNC5C	between_gene	142	0.6844701597473548	5.951208304579749e-21	9.704189041655353e-20
SNUH	cg16818993	SFMBT2	cg08327106	RALYL	between_gene	0			
SNUH	cg16818993	SFMBT2	cg09757712	RALYL	between_gene	0			
SNUH	cg16818993	SFMBT2	cg11089595	RALYL	between_gene	142	0.5843299643119841	2.2768451880363035e-14	9.581111444494703e-14
SNUH	cg16818993	SFMBT2	cg01134282	RALYL	between_gene	0			
SNUH	cg16818993	SFMBT2	cg06955749	RALYL	between_gene	142	0.5678166604148025	1.7183609752597705e-13	6.469269530234836e-13
SNUH	cg16818993	SFMBT2	cg11666087	BEND5	between_gene	142	0.6192300357718398	2.1352424877499214e-16	1.2462746421788693e-15
SNUH	cg16818993	SFMBT2	cg16573178	BEND5	between_gene	142	0.632667003359242	3.016373468390499e-17	2.0494058278726072e-16
SNUH	cg16818993	SFMBT2	cg06744574	BEND5	between_gene	142	0.5964886177652136	4.771312187493178e-15	2.2032484065787083e-14
SNUH	cg16818993	SFMBT2	cg03603214	BEND5	between_gene	142	0.589568956665151	1.1704998303618935e-14	5.184777686611512e-14
SNUH	cg20295442	ADHFE1	cg19283840	ADHFE1	within_gene	0			
SNUH	cg20295442	ADHFE1	cg25046651	ADHFE1	within_gene	0			
SNUH	cg20295442	ADHFE1	cg01588438	ADHFE1	within_gene	0			
SNUH	cg20295442	ADHFE1	cg08090772	ADHFE1	within_gene	0			
SNUH	cg20295442	ADHFE1	cg09383816	ADHFE1	within_gene	0			
SNUH	cg20295442	ADHFE1	cg20912169	ADHFE1	within_gene	0			
SNUH	cg20295442	ADHFE1	cg18065361	ADHFE1	within_gene	0			
SNUH	cg20295442	ADHFE1	cg04481096	HOXA2	between_gene	0			
SNUH	cg20295442	ADHFE1	cg19598584	HOXA2	between_gene	0			
SNUH	cg20295442	ADHFE1	cg09871315	HOXA2	between_gene	0			
SNUH	cg20295442	ADHFE1	cg13661519	HOXA2	between_gene	0			
SNUH	cg20295442	ADHFE1	cg02803819	HOXA2	between_gene	0			
SNUH	cg20295442	ADHFE1	cg03763508	HOXA2	between_gene	0			
SNUH	cg20295442	ADHFE1	cg00188704	HOXA2	between_gene	0			
SNUH	cg20295442	ADHFE1	cg06786372	HOXA2	between_gene	0			
SNUH	cg20295442	ADHFE1	cg19236679	GFRA1	between_gene	0			
SNUH	cg20295442	ADHFE1	cg06298519	GFRA1	between_gene	0			
SNUH	cg20295442	ADHFE1	cg19485539	GFRA1	between_gene	0			
SNUH	cg20295442	ADHFE1	cg18672939	GFRA1	between_gene	0			
SNUH	cg20295442	ADHFE1	cg27034576	GFRA1	between_gene	0			
SNUH	cg20295442	ADHFE1	cg18044663	GFRA1	between_gene	0			
SNUH	cg20295442	ADHFE1	cg15701178	UNC5C	between_gene	0			
SNUH	cg20295442	ADHFE1	cg03008707	UNC5C	between_gene	0			
SNUH	cg20295442	ADHFE1	cg24870497	UNC5C	between_gene	0			
SNUH	cg20295442	ADHFE1	cg13265789	UNC5C	between_gene	0			
SNUH	cg20295442	ADHFE1	cg12584684	UNC5C	between_gene	0			
SNUH	cg20295442	ADHFE1	cg08327106	RALYL	between_gene	0			
SNUH	cg20295442	ADHFE1	cg09757712	RALYL	between_gene	0			
SNUH	cg20295442	ADHFE1	cg11089595	RALYL	between_gene	0			
SNUH	cg20295442	ADHFE1	cg01134282	RALYL	between_gene	0			
SNUH	cg20295442	ADHFE1	cg06955749	RALYL	between_gene	0			
SNUH	cg20295442	ADHFE1	cg11666087	BEND5	between_gene	0			
SNUH	cg20295442	ADHFE1	cg16573178	BEND5	between_gene	0			
SNUH	cg20295442	ADHFE1	cg06744574	BEND5	between_gene	0			
SNUH	cg20295442	ADHFE1	cg03603214	BEND5	between_gene	0			
SNUH	cg19283840	ADHFE1	cg25046651	ADHFE1	within_gene	0			
SNUH	cg19283840	ADHFE1	cg01588438	ADHFE1	within_gene	0			
SNUH	cg19283840	ADHFE1	cg08090772	ADHFE1	within_gene	0			
SNUH	cg19283840	ADHFE1	cg09383816	ADHFE1	within_gene	0			
SNUH	cg19283840	ADHFE1	cg20912169	ADHFE1	within_gene	0			
SNUH	cg19283840	ADHFE1	cg18065361	ADHFE1	within_gene	0			
SNUH	cg19283840	ADHFE1	cg04481096	HOXA2	between_gene	0			
SNUH	cg19283840	ADHFE1	cg19598584	HOXA2	between_gene	0			
SNUH	cg19283840	ADHFE1	cg09871315	HOXA2	between_gene	0			
SNUH	cg19283840	ADHFE1	cg13661519	HOXA2	between_gene	0			
SNUH	cg19283840	ADHFE1	cg02803819	HOXA2	between_gene	0			
SNUH	cg19283840	ADHFE1	cg03763508	HOXA2	between_gene	0			
SNUH	cg19283840	ADHFE1	cg00188704	HOXA2	between_gene	0			
SNUH	cg19283840	ADHFE1	cg06786372	HOXA2	between_gene	0			
SNUH	cg19283840	ADHFE1	cg19236679	GFRA1	between_gene	0			
SNUH	cg19283840	ADHFE1	cg06298519	GFRA1	between_gene	0			
SNUH	cg19283840	ADHFE1	cg19485539	GFRA1	between_gene	0			
SNUH	cg19283840	ADHFE1	cg18672939	GFRA1	between_gene	0			
SNUH	cg19283840	ADHFE1	cg27034576	GFRA1	between_gene	0			
SNUH	cg19283840	ADHFE1	cg18044663	GFRA1	between_gene	0			
SNUH	cg19283840	ADHFE1	cg15701178	UNC5C	between_gene	0			
SNUH	cg19283840	ADHFE1	cg03008707	UNC5C	between_gene	0			
SNUH	cg19283840	ADHFE1	cg24870497	UNC5C	between_gene	0			
SNUH	cg19283840	ADHFE1	cg13265789	UNC5C	between_gene	0			
SNUH	cg19283840	ADHFE1	cg12584684	UNC5C	between_gene	0			
SNUH	cg19283840	ADHFE1	cg08327106	RALYL	between_gene	0			
SNUH	cg19283840	ADHFE1	cg09757712	RALYL	between_gene	0			
SNUH	cg19283840	ADHFE1	cg11089595	RALYL	between_gene	0			
SNUH	cg19283840	ADHFE1	cg01134282	RALYL	between_gene	0			
SNUH	cg19283840	ADHFE1	cg06955749	RALYL	between_gene	0			
SNUH	cg19283840	ADHFE1	cg11666087	BEND5	between_gene	0			
SNUH	cg19283840	ADHFE1	cg16573178	BEND5	between_gene	0			
SNUH	cg19283840	ADHFE1	cg06744574	BEND5	between_gene	0			
SNUH	cg19283840	ADHFE1	cg03603214	BEND5	between_gene	0			
SNUH	cg25046651	ADHFE1	cg01588438	ADHFE1	within_gene	142	0.93379171023762	2.3439429787576272e-64	3.377408746664399e-63
SNUH	cg25046651	ADHFE1	cg08090772	ADHFE1	within_gene	0			
SNUH	cg25046651	ADHFE1	cg09383816	ADHFE1	within_gene	142	0.9026050365576886	4.206004351050347e-53	3.6035226467107034e-52
SNUH	cg25046651	ADHFE1	cg20912169	ADHFE1	within_gene	142	0.9224503395914844	1.0071065456538632e-59	1.140188482043838e-58
SNUH	cg25046651	ADHFE1	cg18065361	ADHFE1	within_gene	142	0.9149103817968068	5.103647043237605e-57	4.902594280928244e-56
SNUH	cg25046651	ADHFE1	cg04481096	HOXA2	between_gene	142	0.7350578699095331	2.1466605303135545e-25	1.473851927260017e-23
SNUH	cg25046651	ADHFE1	cg19598584	HOXA2	between_gene	0			
SNUH	cg25046651	ADHFE1	cg09871315	HOXA2	between_gene	0			
SNUH	cg25046651	ADHFE1	cg13661519	HOXA2	between_gene	142	0.6951451305661676	8.200010010067387e-22	1.6845532375012452e-20
SNUH	cg25046651	ADHFE1	cg02803819	HOXA2	between_gene	142	0.7332514653461613	3.2189108495609054e-25	2.0995346016261005e-23
SNUH	cg25046651	ADHFE1	cg03763508	HOXA2	between_gene	142	0.6599893962794773	4.135519873049457e-19	4.086958844237133e-18
SNUH	cg25046651	ADHFE1	cg00188704	HOXA2	between_gene	142	0.709629896624203	4.829294180368124e-23	1.4999557757833852e-21
SNUH	cg25046651	ADHFE1	cg06786372	HOXA2	between_gene	142	0.7150155807632583	1.6112062714453272e-23	5.6032505869881325e-22
SNUH	cg25046651	ADHFE1	cg19236679	GFRA1	between_gene	142	0.5806920080219451	3.5889147855119864e-14	1.4745635709292552e-13
SNUH	cg25046651	ADHFE1	cg06298519	GFRA1	between_gene	142	0.5490317294332877	1.5001017180915426e-12	5.082812185066019e-12
SNUH	cg25046651	ADHFE1	cg19485539	GFRA1	between_gene	142	0.5918028630045412	8.781477411688627e-15	3.936576386098905e-14
SNUH	cg25046651	ADHFE1	cg18672939	GFRA1	between_gene	142	0.5046050742784336	1.523335690778555e-10	4.1142679267507756e-10
SNUH	cg25046651	ADHFE1	cg27034576	GFRA1	between_gene	142	0.5400751481063139	4.022757783117128e-12	1.2814865758428067e-11
SNUH	cg25046651	ADHFE1	cg18044663	GFRA1	between_gene	142	0.5623261964286836	3.283133485800174e-13	1.1946576379989752e-12
SNUH	cg25046651	ADHFE1	cg15701178	UNC5C	between_gene	142	0.4654760881911016	5.320800741935289e-09	1.2562867996116894e-08
SNUH	cg25046651	ADHFE1	cg03008707	UNC5C	between_gene	142	0.5494047456888332	1.4388057686493972e-12	4.9069859482435e-12
SNUH	cg25046651	ADHFE1	cg24870497	UNC5C	between_gene	0			
SNUH	cg25046651	ADHFE1	cg13265789	UNC5C	between_gene	142	0.6789126366591156	1.6157388830267212e-20	2.240394816464728e-19
SNUH	cg25046651	ADHFE1	cg12584684	UNC5C	between_gene	142	0.5113277492660172	7.897549385515255e-11	2.1990081480052614e-10
SNUH	cg25046651	ADHFE1	cg08327106	RALYL	between_gene	0			
SNUH	cg25046651	ADHFE1	cg09757712	RALYL	between_gene	0			
SNUH	cg25046651	ADHFE1	cg11089595	RALYL	between_gene	142	0.5927374992403461	7.781541889820406e-15	3.5063977185736506e-14
SNUH	cg25046651	ADHFE1	cg01134282	RALYL	between_gene	0			
SNUH	cg25046651	ADHFE1	cg06955749	RALYL	between_gene	142	0.4197082509938369	2.000057173399607e-07	4.3125199714046066e-07
SNUH	cg25046651	ADHFE1	cg11666087	BEND5	between_gene	142	0.5591366978840758	4.75627533991368e-13	1.7045497749773066e-12
SNUH	cg25046651	ADHFE1	cg16573178	BEND5	between_gene	142	0.5067803039034684	1.23355980357472e-10	3.3629650235386045e-10
SNUH	cg25046651	ADHFE1	cg06744574	BEND5	between_gene	142	0.6250474128807962	9.257793598064091e-17	5.723597985153842e-16
SNUH	cg25046651	ADHFE1	cg03603214	BEND5	between_gene	142	0.3314123694705055	5.6064822807192386e-05	0.0001092405696071
SNUH	cg01588438	ADHFE1	cg08090772	ADHFE1	within_gene	0			
SNUH	cg01588438	ADHFE1	cg09383816	ADHFE1	within_gene	142	0.974194819265242	2.1680764880570222e-92	3.43640123357038e-90
SNUH	cg01588438	ADHFE1	cg20912169	ADHFE1	within_gene	142	0.9565205546625986	8.529253290393401e-77	2.079825610042083e-75
SNUH	cg01588438	ADHFE1	cg18065361	ADHFE1	within_gene	142	0.973503272274624	1.3480347530826416e-91	1.4244233890906578e-89
SNUH	cg01588438	ADHFE1	cg04481096	HOXA2	between_gene	142	0.7178949309605589	8.866112782480758e-24	3.4017188602194553e-22
SNUH	cg01588438	ADHFE1	cg19598584	HOXA2	between_gene	0			
SNUH	cg01588438	ADHFE1	cg09871315	HOXA2	between_gene	0			
SNUH	cg01588438	ADHFE1	cg13661519	HOXA2	between_gene	142	0.6366821670987091	1.6495848481730906e-17	1.1921791880563971e-16
SNUH	cg01588438	ADHFE1	cg02803819	HOXA2	between_gene	142	0.6833930229195438	7.234798230787297e-21	1.123546939531194e-19
SNUH	cg01588438	ADHFE1	cg03763508	HOXA2	between_gene	142	0.66724016169626	1.2277808956376481e-19	1.4151600407277282e-18
SNUH	cg01588438	ADHFE1	cg00188704	HOXA2	between_gene	142	0.6542642254359365	1.053890140057374e-18	9.481377156585136e-18
SNUH	cg01588438	ADHFE1	cg06786372	HOXA2	between_gene	142	0.6795245509659655	1.4490323296900474e-20	2.032540509764158e-19
SNUH	cg01588438	ADHFE1	cg19236679	GFRA1	between_gene	142	0.6031777632017369	1.9628995172591904e-15	9.572345496316314e-15
SNUH	cg01588438	ADHFE1	cg06298519	GFRA1	between_gene	142	0.5740950688508375	8.075227980532415e-14	3.1729321989772693e-13
SNUH	cg01588438	ADHFE1	cg19485539	GFRA1	between_gene	142	0.6206885712429614	1.734440612618421e-16	1.0355047044213868e-15
SNUH	cg01588438	ADHFE1	cg18672939	GFRA1	between_gene	142	0.5323759249441	9.17941563787512e-12	2.8088766517281207e-11
SNUH	cg01588438	ADHFE1	cg27034576	GFRA1	between_gene	142	0.5759852972918601	6.41277046951998e-14	2.550444840697809e-13
SNUH	cg01588438	ADHFE1	cg18044663	GFRA1	between_gene	142	0.5891163077258373	1.2403471124844046e-14	5.4571089653824813e-14
SNUH	cg01588438	ADHFE1	cg15701178	UNC5C	between_gene	142	0.4825635856501904	1.191001291266653e-09	2.9763624223320863e-09
SNUH	cg01588438	ADHFE1	cg03008707	UNC5C	between_gene	142	0.5138382744016547	6.15663411867058e-11	1.7440454305767148e-10
SNUH	cg01588438	ADHFE1	cg24870497	UNC5C	between_gene	0			
SNUH	cg01588438	ADHFE1	cg13265789	UNC5C	between_gene	142	0.6635686758551609	2.2803969693916455e-19	2.46869530835801e-18
SNUH	cg01588438	ADHFE1	cg12584684	UNC5C	between_gene	142	0.5284278203067535	1.3901561492323087e-11	4.188126320262233e-11
SNUH	cg01588438	ADHFE1	cg08327106	RALYL	between_gene	0			
SNUH	cg01588438	ADHFE1	cg09757712	RALYL	between_gene	0			
SNUH	cg01588438	ADHFE1	cg11089595	RALYL	between_gene	142	0.5543252073069275	8.258267185411331e-13	2.8804570971575085e-12
SNUH	cg01588438	ADHFE1	cg01134282	RALYL	between_gene	0			
SNUH	cg01588438	ADHFE1	cg06955749	RALYL	between_gene	142	0.3760360107378387	3.992017070550415e-06	8.092597153897461e-06
SNUH	cg01588438	ADHFE1	cg11666087	BEND5	between_gene	142	0.5430760429262078	2.899994179691022e-12	9.457606018517346e-12
SNUH	cg01588438	ADHFE1	cg16573178	BEND5	between_gene	142	0.4936744406327865	4.3016837099083494e-10	1.1122985925818514e-09
SNUH	cg01588438	ADHFE1	cg06744574	BEND5	between_gene	142	0.6104327198124022	7.314923431523709e-16	3.8733591409092825e-15
SNUH	cg01588438	ADHFE1	cg03603214	BEND5	between_gene	142	0.3588898365643945	1.1551441077324492e-05	2.2953320465148208e-05
SNUH	cg08090772	ADHFE1	cg09383816	ADHFE1	within_gene	0			
SNUH	cg08090772	ADHFE1	cg20912169	ADHFE1	within_gene	0			
SNUH	cg08090772	ADHFE1	cg18065361	ADHFE1	within_gene	0			
SNUH	cg08090772	ADHFE1	cg04481096	HOXA2	between_gene	0			
SNUH	cg08090772	ADHFE1	cg19598584	HOXA2	between_gene	0			
SNUH	cg08090772	ADHFE1	cg09871315	HOXA2	between_gene	0			
SNUH	cg08090772	ADHFE1	cg13661519	HOXA2	between_gene	0			
SNUH	cg08090772	ADHFE1	cg02803819	HOXA2	between_gene	0			
SNUH	cg08090772	ADHFE1	cg03763508	HOXA2	between_gene	0			
SNUH	cg08090772	ADHFE1	cg00188704	HOXA2	between_gene	0			
SNUH	cg08090772	ADHFE1	cg06786372	HOXA2	between_gene	0			
SNUH	cg08090772	ADHFE1	cg19236679	GFRA1	between_gene	0			
SNUH	cg08090772	ADHFE1	cg06298519	GFRA1	between_gene	0			
SNUH	cg08090772	ADHFE1	cg19485539	GFRA1	between_gene	0			
SNUH	cg08090772	ADHFE1	cg18672939	GFRA1	between_gene	0			
SNUH	cg08090772	ADHFE1	cg27034576	GFRA1	between_gene	0			
SNUH	cg08090772	ADHFE1	cg18044663	GFRA1	between_gene	0			
SNUH	cg08090772	ADHFE1	cg15701178	UNC5C	between_gene	0			
SNUH	cg08090772	ADHFE1	cg03008707	UNC5C	between_gene	0			
SNUH	cg08090772	ADHFE1	cg24870497	UNC5C	between_gene	0			
SNUH	cg08090772	ADHFE1	cg13265789	UNC5C	between_gene	0			
SNUH	cg08090772	ADHFE1	cg12584684	UNC5C	between_gene	0			
SNUH	cg08090772	ADHFE1	cg08327106	RALYL	between_gene	0			
SNUH	cg08090772	ADHFE1	cg09757712	RALYL	between_gene	0			
SNUH	cg08090772	ADHFE1	cg11089595	RALYL	between_gene	0			
SNUH	cg08090772	ADHFE1	cg01134282	RALYL	between_gene	0			
SNUH	cg08090772	ADHFE1	cg06955749	RALYL	between_gene	0			
SNUH	cg08090772	ADHFE1	cg11666087	BEND5	between_gene	0			
SNUH	cg08090772	ADHFE1	cg16573178	BEND5	between_gene	0			
SNUH	cg08090772	ADHFE1	cg06744574	BEND5	between_gene	0			
SNUH	cg08090772	ADHFE1	cg03603214	BEND5	between_gene	0			
SNUH	cg09383816	ADHFE1	cg20912169	ADHFE1	within_gene	142	0.9360004694137152	2.3558642034324866e-65	3.734044762440491e-64
SNUH	cg09383816	ADHFE1	cg18065361	ADHFE1	within_gene	142	0.9717429708439598	1.1448403154390906e-89	6.048572999903195e-88
SNUH	cg09383816	ADHFE1	cg04481096	HOXA2	between_gene	142	0.6859496511878892	4.544676988008231e-21	7.749713896544755e-20
SNUH	cg09383816	ADHFE1	cg19598584	HOXA2	between_gene	0			
SNUH	cg09383816	ADHFE1	cg09871315	HOXA2	between_gene	0			
SNUH	cg09383816	ADHFE1	cg13661519	HOXA2	between_gene	142	0.6096489665563685	8.147966594068609e-16	4.285896137888104e-15
SNUH	cg09383816	ADHFE1	cg02803819	HOXA2	between_gene	142	0.6427593982283824	6.504947361607715e-18	5.036026013778791e-17
SNUH	cg09383816	ADHFE1	cg03763508	HOXA2	between_gene	142	0.6505089157171866	1.9255314125096737e-18	1.6701222948719488e-17
SNUH	cg09383816	ADHFE1	cg00188704	HOXA2	between_gene	142	0.6269124941585236	7.055589853727474e-17	4.473445870148948e-16
SNUH	cg09383816	ADHFE1	cg06786372	HOXA2	between_gene	142	0.6489623651745319	2.4619698543181882e-18	2.085480308414335e-17
SNUH	cg09383816	ADHFE1	cg19236679	GFRA1	between_gene	142	0.5892462347361959	1.21989368870977e-14	5.3761868814928884e-14
SNUH	cg09383816	ADHFE1	cg06298519	GFRA1	between_gene	142	0.5817481888803435	3.1465839023572516e-14	1.2989616141218465e-13
SNUH	cg09383816	ADHFE1	cg19485539	GFRA1	between_gene	142	0.6091502144843469	8.725471586610166e-16	4.562075224341867e-15
SNUH	cg09383816	ADHFE1	cg18672939	GFRA1	between_gene	142	0.5309341542485085	1.0688298403551486e-11	3.2500898059284176e-11
SNUH	cg09383816	ADHFE1	cg27034576	GFRA1	between_gene	142	0.5822553233401301	2.9535043690301383e-14	1.2231258569523222e-13
SNUH	cg09383816	ADHFE1	cg18044663	GFRA1	between_gene	142	0.5944265503750071	6.248197728844629e-15	2.849920957090146e-14
SNUH	cg09383816	ADHFE1	cg15701178	UNC5C	between_gene	142	0.4950659170017876	3.7768162675426224e-10	9.843869772246456e-10
SNUH	cg09383816	ADHFE1	cg03008707	UNC5C	between_gene	142	0.5211393341450279	2.9496155071736016e-11	8.627294684098574e-11
SNUH	cg09383816	ADHFE1	cg24870497	UNC5C	between_gene	0			
SNUH	cg09383816	ADHFE1	cg13265789	UNC5C	between_gene	142	0.6608863117703394	3.565169029177426e-19	3.563803064032147e-18
SNUH	cg09383816	ADHFE1	cg12584684	UNC5C	between_gene	142	0.5381807284714087	4.937709238652429e-12	1.5483754090918494e-11
SNUH	cg09383816	ADHFE1	cg08327106	RALYL	between_gene	0			
SNUH	cg09383816	ADHFE1	cg09757712	RALYL	between_gene	0			
SNUH	cg09383816	ADHFE1	cg11089595	RALYL	between_gene	142	0.5363198383875639	6.03133563902205e-12	1.8822673064842735e-11
SNUH	cg09383816	ADHFE1	cg01134282	RALYL	between_gene	0			
SNUH	cg09383816	ADHFE1	cg06955749	RALYL	between_gene	142	0.3764425565444445	3.889811564054006e-06	7.903830506710982e-06
SNUH	cg09383816	ADHFE1	cg11666087	BEND5	between_gene	142	0.5172792445792147	4.361867093659743e-11	1.2602559520884018e-10
SNUH	cg09383816	ADHFE1	cg16573178	BEND5	between_gene	142	0.4645204959858841	5.771487908393505e-09	1.3577828632099778e-08
SNUH	cg09383816	ADHFE1	cg06744574	BEND5	between_gene	142	0.5876954929996585	1.4869664263271278e-14	6.476620043885603e-14
SNUH	cg09383816	ADHFE1	cg03603214	BEND5	between_gene	142	0.3692923797808424	6.107066525209833e-06	1.2284762192962571e-05
SNUH	cg20912169	ADHFE1	cg18065361	ADHFE1	within_gene	142	0.9465958075487596	1.0743884919595108e-70	2.4327225139368916e-69
SNUH	cg20912169	ADHFE1	cg04481096	HOXA2	between_gene	142	0.696524033353521	6.30781149043364e-22	1.3489409982410956e-20
SNUH	cg20912169	ADHFE1	cg19598584	HOXA2	between_gene	0			
SNUH	cg20912169	ADHFE1	cg09871315	HOXA2	between_gene	0			
SNUH	cg20912169	ADHFE1	cg13661519	HOXA2	between_gene	142	0.6239996144101628	1.077552929938768e-16	6.553229823333907e-16
SNUH	cg20912169	ADHFE1	cg02803819	HOXA2	between_gene	142	0.6737197474386567	4.028676221352784e-20	5.196672534538858e-19
SNUH	cg20912169	ADHFE1	cg03763508	HOXA2	between_gene	142	0.6392178393976417	1.1216353283226929e-17	8.337169719640756e-17
SNUH	cg20912169	ADHFE1	cg00188704	HOXA2	between_gene	142	0.6391088683566959	1.1404680289300076e-17	8.453071271245424e-17
SNUH	cg20912169	ADHFE1	cg06786372	HOXA2	between_gene	142	0.6649852993874571	1.7976711191957596e-19	1.9873406567719224e-18
SNUH	cg20912169	ADHFE1	cg19236679	GFRA1	between_gene	142	0.6060654957868025	1.3291402296846102e-15	6.7204008900138516e-15
SNUH	cg20912169	ADHFE1	cg06298519	GFRA1	between_gene	142	0.5636128929506214	2.8239634331144433e-13	1.0347922186791548e-12
SNUH	cg20912169	ADHFE1	cg19485539	GFRA1	between_gene	142	0.6160614931966446	3.3417928650598287e-16	1.8953777358567594e-15
SNUH	cg20912169	ADHFE1	cg18672939	GFRA1	between_gene	142	0.51606379835328	4.9286918171924246e-11	1.4130721924236305e-10
SNUH	cg20912169	ADHFE1	cg27034576	GFRA1	between_gene	142	0.5483443736365522	1.6197540372812517e-12	5.452823591311982e-12
SNUH	cg20912169	ADHFE1	cg18044663	GFRA1	between_gene	142	0.6020377584656879	2.2870466496549978e-15	1.1009049278505334e-14
SNUH	cg20912169	ADHFE1	cg15701178	UNC5C	between_gene	142	0.479378278299465	1.584217992615866e-09	3.921465600317643e-09
SNUH	cg20912169	ADHFE1	cg03008707	UNC5C	between_gene	142	0.4983518130056937	2.7711687253640856e-10	7.325206894098174e-10
SNUH	cg20912169	ADHFE1	cg24870497	UNC5C	between_gene	0			
SNUH	cg20912169	ADHFE1	cg13265789	UNC5C	between_gene	142	0.6503789887068282	1.9658077239359013e-18	1.6926707431514082e-17
SNUH	cg20912169	ADHFE1	cg12584684	UNC5C	between_gene	142	0.5117845893992135	7.548801547434362e-11	2.1063982071931816e-10
SNUH	cg20912169	ADHFE1	cg08327106	RALYL	between_gene	0			
SNUH	cg20912169	ADHFE1	cg09757712	RALYL	between_gene	0			
SNUH	cg20912169	ADHFE1	cg11089595	RALYL	between_gene	142	0.5451925958368872	2.297758269184129e-12	7.588419397849864e-12
SNUH	cg20912169	ADHFE1	cg01134282	RALYL	between_gene	0			
SNUH	cg20912169	ADHFE1	cg06955749	RALYL	between_gene	142	0.3514001730963074	1.803139709811259e-05	3.550484153130245e-05
SNUH	cg20912169	ADHFE1	cg11666087	BEND5	between_gene	142	0.534127843986999	7.622231400662401e-12	2.3534203224057044e-11
SNUH	cg20912169	ADHFE1	cg16573178	BEND5	between_gene	142	0.4738417111806384	2.5833334234719102e-09	6.263863291671201e-09
SNUH	cg20912169	ADHFE1	cg06744574	BEND5	between_gene	142	0.5855873224767442	1.9429206606366773e-14	8.269298537685305e-14
SNUH	cg20912169	ADHFE1	cg03603214	BEND5	between_gene	142	0.3425944747491047	3.0007005109742262e-05	5.881914074479157e-05
SNUH	cg18065361	ADHFE1	cg04481096	HOXA2	between_gene	142	0.7082132730919066	6.419208445213458e-23	1.9250246935128635e-21
SNUH	cg18065361	ADHFE1	cg19598584	HOXA2	between_gene	0			
SNUH	cg18065361	ADHFE1	cg09871315	HOXA2	between_gene	0			
SNUH	cg18065361	ADHFE1	cg13661519	HOXA2	between_gene	142	0.6202443046914129	1.8480371951304958e-16	1.0908436746822316e-15
SNUH	cg18065361	ADHFE1	cg02803819	HOXA2	between_gene	142	0.6599935874733598	4.1326578973237903e-19	4.086958844237133e-18
SNUH	cg18065361	ADHFE1	cg03763508	HOXA2	between_gene	142	0.6579063729198581	5.82592641625268e-19	5.629571118519718e-18
SNUH	cg18065361	ADHFE1	cg00188704	HOXA2	between_gene	142	0.6381993792841861	1.3101621414975082e-17	9.655969003296607e-17
SNUH	cg18065361	ADHFE1	cg06786372	HOXA2	between_gene	142	0.6595828504728715	4.422532166043319e-19	4.3214930416505685e-18
SNUH	cg18065361	ADHFE1	cg19236679	GFRA1	between_gene	142	0.6244690281250066	1.0067744100574371e-16	6.151462379016051e-16
SNUH	cg18065361	ADHFE1	cg06298519	GFRA1	between_gene	142	0.5939655190479284	6.6347621037308776e-15	3.0104511875884974e-14
SNUH	cg18065361	ADHFE1	cg19485539	GFRA1	between_gene	142	0.6329687693187843	2.883492654545693e-17	1.974549169477615e-16
SNUH	cg18065361	ADHFE1	cg18672939	GFRA1	between_gene	142	0.553260644060764	9.319433066073213e-13	3.2290040995199226e-12
SNUH	cg18065361	ADHFE1	cg27034576	GFRA1	between_gene	142	0.5939277983029857	6.667400845313362e-15	3.020008473163639e-14
SNUH	cg18065361	ADHFE1	cg18044663	GFRA1	between_gene	142	0.6027041582930106	2.0917311811904995e-15	1.0087479947737547e-14
SNUH	cg18065361	ADHFE1	cg15701178	UNC5C	between_gene	142	0.4858243344908013	8.866512856223575e-10	2.228586901915926e-09
SNUH	cg18065361	ADHFE1	cg03008707	UNC5C	between_gene	142	0.5384615384615385	4.790356122087408e-12	1.5112501961942018e-11
SNUH	cg18065361	ADHFE1	cg24870497	UNC5C	between_gene	0			
SNUH	cg18065361	ADHFE1	cg13265789	UNC5C	between_gene	142	0.6560203356727181	7.927099082756776e-19	7.386357681040152e-18
SNUH	cg18065361	ADHFE1	cg12584684	UNC5C	between_gene	142	0.5409594900155283	3.6541484335310994e-12	1.1726535378945434e-11
SNUH	cg18065361	ADHFE1	cg08327106	RALYL	between_gene	0			
SNUH	cg18065361	ADHFE1	cg09757712	RALYL	between_gene	0			
SNUH	cg18065361	ADHFE1	cg11089595	RALYL	between_gene	142	0.5482018730445462	1.6456941158265668e-12	5.5330102425148356e-12
SNUH	cg18065361	ADHFE1	cg01134282	RALYL	between_gene	0			
SNUH	cg18065361	ADHFE1	cg06955749	RALYL	between_gene	142	0.3830269221339045	2.5431729955064406e-06	5.2327589473787884e-06
SNUH	cg18065361	ADHFE1	cg11666087	BEND5	between_gene	142	0.5584828716384006	5.129264216109637e-13	1.823194869186654e-12
SNUH	cg18065361	ADHFE1	cg16573178	BEND5	between_gene	142	0.5114451026947281	7.806503848880349e-11	2.1759795450564987e-10
SNUH	cg18065361	ADHFE1	cg06744574	BEND5	between_gene	142	0.6009354744745815	2.6497514199137e-15	1.2615331121450444e-14
SNUH	cg18065361	ADHFE1	cg03603214	BEND5	between_gene	142	0.3798080852321188	3.1339942820775977e-06	6.402968740752117e-06
SNUH	cg04481096	HOXA2	cg19598584	HOXA2	within_gene	0			
SNUH	cg04481096	HOXA2	cg09871315	HOXA2	within_gene	0			
SNUH	cg04481096	HOXA2	cg13661519	HOXA2	within_gene	142	0.7658757185278013	1.2310443654177578e-28	3.484295212834189e-28
SNUH	cg04481096	HOXA2	cg02803819	HOXA2	within_gene	142	0.7756621562435169	9.012126863577636e-30	2.6452261256982506e-29
SNUH	cg04481096	HOXA2	cg03763508	HOXA2	within_gene	142	0.7907253070573419	1.2315678381596662e-31	3.865415888085289e-31
SNUH	cg04481096	HOXA2	cg00188704	HOXA2	within_gene	142	0.8155120276786444	4.6009364577671345e-35	1.6205520634579795e-34
SNUH	cg04481096	HOXA2	cg06786372	HOXA2	within_gene	142	0.8158557055770121	4.090119890624851e-35	1.473372733327361e-34
SNUH	cg04481096	HOXA2	cg19236679	GFRA1	between_gene	142	0.5685040162115379	1.583241534058461e-13	5.977825126423336e-13
SNUH	cg04481096	HOXA2	cg06298519	GFRA1	between_gene	142	0.5512069590583226	1.1752945530205313e-12	4.034662485303377e-12
SNUH	cg04481096	HOXA2	cg19485539	GFRA1	between_gene	142	0.6146700168276434	4.0618052730962156e-16	2.269218406318635e-15
SNUH	cg04481096	HOXA2	cg18672939	GFRA1	between_gene	142	0.5327615147812931	8.81223072935636e-12	2.7048364673989108e-11
SNUH	cg04481096	HOXA2	cg27034576	GFRA1	between_gene	142	0.5547359443074158	7.88103113579086e-13	2.756248020546696e-12
SNUH	cg04481096	HOXA2	cg18044663	GFRA1	between_gene	142	0.5397943381161842	4.14716841078228e-12	1.3162971269745703e-11
SNUH	cg04481096	HOXA2	cg15701178	UNC5C	between_gene	142	0.4746757587632625	2.401210714688503e-09	5.833108710076635e-09
SNUH	cg04481096	HOXA2	cg03008707	UNC5C	between_gene	142	0.5638559821958085	2.7445179581664763e-13	1.0070952676309897e-12
SNUH	cg04481096	HOXA2	cg24870497	UNC5C	between_gene	0			
SNUH	cg04481096	HOXA2	cg13265789	UNC5C	between_gene	142	0.6400686517557959	9.846709883827684e-18	7.382202898536331e-17
SNUH	cg04481096	HOXA2	cg12584684	UNC5C	between_gene	142	0.5452177430001823	2.2913898292182127e-12	7.576978535399639e-12
SNUH	cg04481096	HOXA2	cg08327106	RALYL	between_gene	0			
SNUH	cg04481096	HOXA2	cg09757712	RALYL	between_gene	0			
SNUH	cg04481096	HOXA2	cg11089595	RALYL	between_gene	142	0.5299995180127035	1.1792004146226086e-11	3.5732100833337815e-11
SNUH	cg04481096	HOXA2	cg01134282	RALYL	between_gene	0			
SNUH	cg04481096	HOXA2	cg06955749	RALYL	between_gene	142	0.4409073096516909	3.983564292658127e-08	8.928796597547299e-08
SNUH	cg04481096	HOXA2	cg11666087	BEND5	between_gene	142	0.5785670727235007	4.6694977855838693e-14	1.8917266649981859e-13
SNUH	cg04481096	HOXA2	cg16573178	BEND5	between_gene	142	0.5383064642878848	4.871194859166408e-12	1.532583806989149e-11
SNUH	cg04481096	HOXA2	cg06744574	BEND5	between_gene	142	0.6338447288402338	2.5293005346036697e-17	1.778691400210505e-16
SNUH	cg04481096	HOXA2	cg03603214	BEND5	between_gene	142	0.3661657491444726	7.413852134670019e-06	1.4822023156593166e-05
SNUH	cg19598584	HOXA2	cg09871315	HOXA2	within_gene	0			
SNUH	cg19598584	HOXA2	cg13661519	HOXA2	within_gene	0			
SNUH	cg19598584	HOXA2	cg02803819	HOXA2	within_gene	0			
SNUH	cg19598584	HOXA2	cg03763508	HOXA2	within_gene	0			
SNUH	cg19598584	HOXA2	cg00188704	HOXA2	within_gene	0			
SNUH	cg19598584	HOXA2	cg06786372	HOXA2	within_gene	0			
SNUH	cg19598584	HOXA2	cg19236679	GFRA1	between_gene	0			
SNUH	cg19598584	HOXA2	cg06298519	GFRA1	between_gene	0			
SNUH	cg19598584	HOXA2	cg19485539	GFRA1	between_gene	0			
SNUH	cg19598584	HOXA2	cg18672939	GFRA1	between_gene	0			
SNUH	cg19598584	HOXA2	cg27034576	GFRA1	between_gene	0			
SNUH	cg19598584	HOXA2	cg18044663	GFRA1	between_gene	0			
SNUH	cg19598584	HOXA2	cg15701178	UNC5C	between_gene	0			
SNUH	cg19598584	HOXA2	cg03008707	UNC5C	between_gene	0			
SNUH	cg19598584	HOXA2	cg24870497	UNC5C	between_gene	0			
SNUH	cg19598584	HOXA2	cg13265789	UNC5C	between_gene	0			
SNUH	cg19598584	HOXA2	cg12584684	UNC5C	between_gene	0			
SNUH	cg19598584	HOXA2	cg08327106	RALYL	between_gene	0			
SNUH	cg19598584	HOXA2	cg09757712	RALYL	between_gene	0			
SNUH	cg19598584	HOXA2	cg11089595	RALYL	between_gene	0			
SNUH	cg19598584	HOXA2	cg01134282	RALYL	between_gene	0			
SNUH	cg19598584	HOXA2	cg06955749	RALYL	between_gene	0			
SNUH	cg19598584	HOXA2	cg11666087	BEND5	between_gene	0			
SNUH	cg19598584	HOXA2	cg16573178	BEND5	between_gene	0			
SNUH	cg19598584	HOXA2	cg06744574	BEND5	between_gene	0			
SNUH	cg19598584	HOXA2	cg03603214	BEND5	between_gene	0			
SNUH	cg09871315	HOXA2	cg13661519	HOXA2	within_gene	0			
SNUH	cg09871315	HOXA2	cg02803819	HOXA2	within_gene	0			
SNUH	cg09871315	HOXA2	cg03763508	HOXA2	within_gene	0			
SNUH	cg09871315	HOXA2	cg00188704	HOXA2	within_gene	0			
SNUH	cg09871315	HOXA2	cg06786372	HOXA2	within_gene	0			
SNUH	cg09871315	HOXA2	cg19236679	GFRA1	between_gene	0			
SNUH	cg09871315	HOXA2	cg06298519	GFRA1	between_gene	0			
SNUH	cg09871315	HOXA2	cg19485539	GFRA1	between_gene	0			
SNUH	cg09871315	HOXA2	cg18672939	GFRA1	between_gene	0			
SNUH	cg09871315	HOXA2	cg27034576	GFRA1	between_gene	0			
SNUH	cg09871315	HOXA2	cg18044663	GFRA1	between_gene	0			
SNUH	cg09871315	HOXA2	cg15701178	UNC5C	between_gene	0			
SNUH	cg09871315	HOXA2	cg03008707	UNC5C	between_gene	0			
SNUH	cg09871315	HOXA2	cg24870497	UNC5C	between_gene	0			
SNUH	cg09871315	HOXA2	cg13265789	UNC5C	between_gene	0			
SNUH	cg09871315	HOXA2	cg12584684	UNC5C	between_gene	0			
SNUH	cg09871315	HOXA2	cg08327106	RALYL	between_gene	0			
SNUH	cg09871315	HOXA2	cg09757712	RALYL	between_gene	0			
SNUH	cg09871315	HOXA2	cg11089595	RALYL	between_gene	0			
SNUH	cg09871315	HOXA2	cg01134282	RALYL	between_gene	0			
SNUH	cg09871315	HOXA2	cg06955749	RALYL	between_gene	0			
SNUH	cg09871315	HOXA2	cg11666087	BEND5	between_gene	0			
SNUH	cg09871315	HOXA2	cg16573178	BEND5	between_gene	0			
SNUH	cg09871315	HOXA2	cg06744574	BEND5	between_gene	0			
SNUH	cg09871315	HOXA2	cg03603214	BEND5	between_gene	0			
SNUH	cg13661519	HOXA2	cg02803819	HOXA2	within_gene	142	0.9572414400103942	2.71345896382044e-77	7.168054096092328e-76
SNUH	cg13661519	HOXA2	cg03763508	HOXA2	within_gene	142	0.8312499607075574	1.608486002635724e-37	6.454304592854741e-37
SNUH	cg13661519	HOXA2	cg00188704	HOXA2	within_gene	142	0.9420735093495056	2.7141303647779382e-68	5.377370785216291e-67
SNUH	cg13661519	HOXA2	cg06786372	HOXA2	within_gene	142	0.9345964194630662	1.0243957645183136e-64	1.54634979691574e-63
SNUH	cg13661519	HOXA2	cg19236679	GFRA1	between_gene	142	0.4896341297300243	6.256042530740561e-10	1.589290648753858e-09
SNUH	cg13661519	HOXA2	cg06298519	GFRA1	between_gene	142	0.4712264061979375	3.244806946476948e-09	7.809687567673762e-09
SNUH	cg13661519	HOXA2	cg19485539	GFRA1	between_gene	142	0.5112690725516618	7.943456426727559e-11	2.2094326031271003e-10
SNUH	cg13661519	HOXA2	cg18672939	GFRA1	between_gene	142	0.5055271369325909	1.3932558081232955e-10	3.7785908559185836e-10
SNUH	cg13661519	HOXA2	cg27034576	GFRA1	between_gene	142	0.490103543444868	5.991145441475114e-10	1.5234793817552211e-09
SNUH	cg13661519	HOXA2	cg18044663	GFRA1	between_gene	142	0.5049906641156267	1.4675704987534058e-10	3.971879078057714e-10
SNUH	cg13661519	HOXA2	cg15701178	UNC5C	between_gene	142	0.4227552489464387	1.5967820797386794e-07	3.465893881895353e-07
SNUH	cg13661519	HOXA2	cg03008707	UNC5C	between_gene	142	0.570696010612103	1.217785305112279e-13	4.658653755187588e-13
SNUH	cg13661519	HOXA2	cg24870497	UNC5C	between_gene	0			
SNUH	cg13661519	HOXA2	cg13265789	UNC5C	between_gene	142	0.6063882177157575	1.2721573446375242e-15	6.4952221372980436e-15
SNUH	cg13661519	HOXA2	cg12584684	UNC5C	between_gene	142	0.4496920520294808	1.9749640517797712e-08	4.5119800447402993e-08
SNUH	cg13661519	HOXA2	cg08327106	RALYL	between_gene	0			
SNUH	cg13661519	HOXA2	cg09757712	RALYL	between_gene	0			
SNUH	cg13661519	HOXA2	cg11089595	RALYL	between_gene	142	0.5265417830596134	1.6918083154622985e-11	5.0560456987870976e-11
SNUH	cg13661519	HOXA2	cg01134282	RALYL	between_gene	0			
SNUH	cg13661519	HOXA2	cg06955749	RALYL	between_gene	142	0.4266069561244869	1.1973866118844688e-07	2.6142106028506936e-07
SNUH	cg13661519	HOXA2	cg11666087	BEND5	between_gene	142	0.4006299364405448	7.796410202088643e-07	1.633801945160584e-06
SNUH	cg13661519	HOXA2	cg16573178	BEND5	between_gene	142	0.4036350224543212	6.327650471458312e-07	1.3335088917637103e-06
SNUH	cg13661519	HOXA2	cg06744574	BEND5	between_gene	142	0.5270279615499873	1.6084819494515228e-11	4.8235970185276127e-11
SNUH	cg13661519	HOXA2	cg03603214	BEND5	between_gene	142	0.2779453091110269	0.0008108384562233	0.0015532140472002
SNUH	cg02803819	HOXA2	cg03763508	HOXA2	within_gene	142	0.8217443329819716	5.236717635763652e-36	1.9762374887346163e-35
SNUH	cg02803819	HOXA2	cg00188704	HOXA2	within_gene	142	0.9258703537996318	4.8347132645478176e-61	5.676311499487623e-60
SNUH	cg02803819	HOXA2	cg06786372	HOXA2	within_gene	142	0.9385654800698254	1.4713957579875998e-66	2.591291418233717e-65
SNUH	cg02803819	HOXA2	cg19236679	GFRA1	between_gene	142	0.4945797385114138	3.9527565476182263e-10	1.0261434659438761e-09
SNUH	cg02803819	HOXA2	cg06298519	GFRA1	between_gene	142	0.4811427709240116	1.3531197314813095e-09	3.362180361366415e-09
SNUH	cg02803819	HOXA2	cg19485539	GFRA1	between_gene	142	0.523536697045837	2.3076060367560923e-11	6.77989206069442e-11
SNUH	cg02803819	HOXA2	cg18672939	GFRA1	between_gene	142	0.5135281260543472	6.349678775811125e-11	1.7928909010921239e-10
SNUH	cg02803819	HOXA2	cg27034576	GFRA1	between_gene	142	0.5091776668042776	9.759250407897084e-11	2.6886889455336317e-10
SNUH	cg02803819	HOXA2	cg18044663	GFRA1	between_gene	142	0.5127779023493738	6.841161373032023e-11	1.9192032281979083e-10
SNUH	cg02803819	HOXA2	cg15701178	UNC5C	between_gene	142	0.4287779945556392	1.0164423203631848e-07	2.230359977987846e-07
SNUH	cg02803819	HOXA2	cg03008707	UNC5C	between_gene	142	0.5798789164087337	3.9700831401227505e-14	1.6235026508746481e-13
SNUH	cg02803819	HOXA2	cg24870497	UNC5C	between_gene	0			
SNUH	cg02803819	HOXA2	cg13265789	UNC5C	between_gene	142	0.6293894897431007	4.9047947257628585e-17	3.207170285592806e-16
SNUH	cg02803819	HOXA2	cg12584684	UNC5C	between_gene	142	0.4679111718368536	4.320210359650925e-09	1.029724819225332e-08
SNUH	cg02803819	HOXA2	cg08327106	RALYL	between_gene	0			
SNUH	cg02803819	HOXA2	cg09757712	RALYL	between_gene	0			
SNUH	cg02803819	HOXA2	cg11089595	RALYL	between_gene	142	0.5663497425559157	2.0452459516349538e-13	7.612049483331802e-13
SNUH	cg02803819	HOXA2	cg01134282	RALYL	between_gene	0			
SNUH	cg02803819	HOXA2	cg06955749	RALYL	between_gene	142	0.4133627834556813	3.174218200460636e-07	6.799290053367651e-07
SNUH	cg02803819	HOXA2	cg11666087	BEND5	between_gene	142	0.4269003396962642	1.1712468184687245e-07	2.5592822021649097e-07
SNUH	cg02803819	HOXA2	cg16573178	BEND5	between_gene	142	0.4205548721581086	1.8791688469681666e-07	4.058569140513201e-07
SNUH	cg02803819	HOXA2	cg06744574	BEND5	between_gene	142	0.5383441850328275	4.851410508539988e-12	1.528663045504931e-11
SNUH	cg02803819	HOXA2	cg03603214	BEND5	between_gene	142	0.2873252010201366	0.0005262725440501	0.0010118239258855
SNUH	cg03763508	HOXA2	cg00188704	HOXA2	within_gene	142	0.8818334796758532	1.5036206931617738e-47	9.346034504554555e-47
SNUH	cg03763508	HOXA2	cg06786372	HOXA2	within_gene	142	0.8785056717331216	9.316486265148854e-47	5.679473357792666e-46
SNUH	cg03763508	HOXA2	cg19236679	GFRA1	between_gene	142	0.4751870844169316	2.295742678602135e-09	5.5966463223334615e-09
SNUH	cg03763508	HOXA2	cg06298519	GFRA1	between_gene	142	0.4463600528928668	2.5831475753900193e-08	5.8654760871997914e-08
SNUH	cg03763508	HOXA2	cg19485539	GFRA1	between_gene	142	0.4843406518563846	1.0144573528134954e-09	2.547371735794427e-09
SNUH	cg03763508	HOXA2	cg18672939	GFRA1	between_gene	142	0.4475210135983286	2.3532480546592786e-08	5.357438197736525e-08
SNUH	cg03763508	HOXA2	cg27034576	GFRA1	between_gene	142	0.4668759469478679	4.721214219859657e-09	1.1167405167374293e-08
SNUH	cg03763508	HOXA2	cg18044663	GFRA1	between_gene	142	0.4464983622909904	2.5546678102108664e-08	5.8058609031708634e-08
SNUH	cg03763508	HOXA2	cg15701178	UNC5C	between_gene	142	0.3819288293366807	2.7317051285571385e-06	5.603002107237087e-06
SNUH	cg03763508	HOXA2	cg03008707	UNC5C	between_gene	142	0.4817085820981535	1.2861602224180143e-09	3.211092842381435e-09
SNUH	cg03763508	HOXA2	cg24870497	UNC5C	between_gene	0			
SNUH	cg03763508	HOXA2	cg13265789	UNC5C	between_gene	142	0.5722886642874657	1.0051427874394125e-13	3.896608517725746e-13
SNUH	cg03763508	HOXA2	cg12584684	UNC5C	between_gene	142	0.4674752876730702	4.484887963877688e-09	1.0656714660980773e-08
SNUH	cg03763508	HOXA2	cg08327106	RALYL	between_gene	0			
SNUH	cg03763508	HOXA2	cg09757712	RALYL	between_gene	0			
SNUH	cg03763508	HOXA2	cg11089595	RALYL	between_gene	142	0.4552495751177202	1.2539967218558265e-08	2.9107450598948857e-08
SNUH	cg03763508	HOXA2	cg01134282	RALYL	between_gene	0			
SNUH	cg03763508	HOXA2	cg06955749	RALYL	between_gene	142	0.3245430026970333	8.134694139115987e-05	0.0001581476677269
SNUH	cg03763508	HOXA2	cg11666087	BEND5	between_gene	142	0.382528170061883	2.627219178374901e-06	5.39293063444541e-06
SNUH	cg03763508	HOXA2	cg16573178	BEND5	between_gene	142	0.3768952054837581	3.778935988103227e-06	7.696521462108757e-06
SNUH	cg03763508	HOXA2	cg06744574	BEND5	between_gene	142	0.4783975389309521	1.728657952022708e-09	4.25879943043177e-09
SNUH	cg03763508	HOXA2	cg03603214	BEND5	between_gene	142	0.2584730223327766	0.0018977077247159	0.0036271937390358
SNUH	cg00188704	HOXA2	cg06786372	HOXA2	within_gene	142	0.958230561766672	5.45670636217842e-78	1.5725235607368718e-76
SNUH	cg00188704	HOXA2	cg19236679	GFRA1	between_gene	142	0.5323717337502175	9.183487098214208e-12	2.8088766517281207e-11
SNUH	cg00188704	HOXA2	cg06298519	GFRA1	between_gene	142	0.5032303626849626	1.7393060830293875e-10	4.66377139837993e-10
SNUH	cg00188704	HOXA2	cg19485539	GFRA1	between_gene	142	0.5568608796058602	6.181394774665668e-13	2.1844079613664193e-12
SNUH	cg00188704	HOXA2	cg18672939	GFRA1	between_gene	142	0.5331890165573114	8.421770062096128e-12	2.5910846806614148e-11
SNUH	cg00188704	HOXA2	cg27034576	GFRA1	between_gene	142	0.5169188019053167	4.523026318542995e-11	1.3053734142786143e-10
SNUH	cg00188704	HOXA2	cg18044663	GFRA1	between_gene	142	0.5101793621422032	8.844432073664879e-11	2.4495884586190733e-10
SNUH	cg00188704	HOXA2	cg15701178	UNC5C	between_gene	142	0.4535228032381164	1.4453243943696051e-08	3.3429533199559396e-08
SNUH	cg00188704	HOXA2	cg03008707	UNC5C	between_gene	142	0.5915472001777067	9.07610798084414e-15	4.0521690690215874e-14
SNUH	cg00188704	HOXA2	cg24870497	UNC5C	between_gene	0			
SNUH	cg00188704	HOXA2	cg13265789	UNC5C	between_gene	142	0.6420594688499993	7.248541814217475e-18	5.562189880380408e-17
SNUH	cg00188704	HOXA2	cg12584684	UNC5C	between_gene	142	0.4946090768685914	3.941918805861462e-10	1.0243492195709715e-09
SNUH	cg00188704	HOXA2	cg08327106	RALYL	between_gene	0			
SNUH	cg00188704	HOXA2	cg09757712	RALYL	between_gene	0			
SNUH	cg00188704	HOXA2	cg11089595	RALYL	between_gene	142	0.552577479457911	1.006892334506304e-12	3.4794464910290692e-12
SNUH	cg00188704	HOXA2	cg01134282	RALYL	between_gene	0			
SNUH	cg00188704	HOXA2	cg06955749	RALYL	between_gene	142	0.4515571333072082	1.697270157164523e-08	3.884366526352843e-08
SNUH	cg00188704	HOXA2	cg11666087	BEND5	between_gene	142	0.4529653744517394	1.51286468282587e-08	3.492976953533358e-08
SNUH	cg00188704	HOXA2	cg16573178	BEND5	between_gene	142	0.4595329752656693	8.786918607836966e-09	2.0505429917573026e-08
SNUH	cg00188704	HOXA2	cg06744574	BEND5	between_gene	142	0.5478246655951182	1.7163198674472612e-12	5.755627935951034e-12
SNUH	cg00188704	HOXA2	cg03603214	BEND5	between_gene	142	0.3217390939896185	9.445432830060636e-05	0.0001834931813375
SNUH	cg06786372	HOXA2	cg19236679	GFRA1	between_gene	142	0.5446393582443927	2.442287890032659e-12	8.045365031685868e-12
SNUH	cg06786372	HOXA2	cg06298519	GFRA1	between_gene	142	0.5036033789405081	1.67794364906656e-10	4.5085015246288927e-10
SNUH	cg06786372	HOXA2	cg19485539	GFRA1	between_gene	142	0.5732400652988007	8.958327331959756e-14	3.504089356684108e-13
SNUH	cg06786372	HOXA2	cg18672939	GFRA1	between_gene	142	0.538654333380135	4.691666209817417e-12	1.4837038959289263e-11
SNUH	cg06786372	HOXA2	cg27034576	GFRA1	between_gene	142	0.5429461159158492	2.941574392978975e-12	9.581232947917784e-12
SNUH	cg06786372	HOXA2	cg18044663	GFRA1	between_gene	142	0.5261897227734806	1.7547423414476862e-11	5.22616754433449e-11
SNUH	cg06786372	HOXA2	cg15701178	UNC5C	between_gene	142	0.4648683650781343	5.603326974942179e-09	1.3217974753728885e-08
SNUH	cg06786372	HOXA2	cg03008707	UNC5C	between_gene	142	0.6157303888799244	3.5009138273623893e-16	1.9727611610342277e-15
SNUH	cg06786372	HOXA2	cg24870497	UNC5C	between_gene	0			
SNUH	cg06786372	HOXA2	cg13265789	UNC5C	between_gene	142	0.6550228315286751	9.321118571864049e-19	8.532911703155546e-18
SNUH	cg06786372	HOXA2	cg12584684	UNC5C	between_gene	142	0.4971615139430542	3.1012464648766476e-10	8.14818935232948e-10
SNUH	cg06786372	HOXA2	cg08327106	RALYL	between_gene	0			
SNUH	cg06786372	HOXA2	cg09757712	RALYL	between_gene	0			
SNUH	cg06786372	HOXA2	cg11089595	RALYL	between_gene	142	0.5608215578248542	3.9124045881281977e-13	1.4177032736703429e-12
SNUH	cg06786372	HOXA2	cg01134282	RALYL	between_gene	0			
SNUH	cg06786372	HOXA2	cg06955749	RALYL	between_gene	142	0.4235096638452947	1.5096722864588444e-07	3.27954620763624e-07
SNUH	cg06786372	HOXA2	cg11666087	BEND5	between_gene	142	0.438597961822415	4.7748096401152345e-08	1.0638324808762293e-07
SNUH	cg06786372	HOXA2	cg16573178	BEND5	between_gene	142	0.4358233914721778	5.925445074868324e-08	1.3145821598921306e-07
SNUH	cg06786372	HOXA2	cg06744574	BEND5	between_gene	142	0.5385327887575416	4.753651534891965e-12	1.5014863020015904e-11
SNUH	cg06786372	HOXA2	cg03603214	BEND5	between_gene	142	0.289387268410343	0.0004776019201621	0.0009196039924007
SNUH	cg19236679	GFRA1	cg06298519	GFRA1	within_gene	142	0.8824579675643506	1.0612936803290365e-47	6.865920340087849e-47
SNUH	cg19236679	GFRA1	cg19485539	GFRA1	within_gene	142	0.9194536359654732	1.2872497361698968e-58	1.3163166656963136e-57
SNUH	cg19236679	GFRA1	cg18672939	GFRA1	within_gene	142	0.8576838205246957	2.815179837905962e-42	1.4393742074454676e-41
SNUH	cg19236679	GFRA1	cg27034576	GFRA1	within_gene	142	0.855776827308143	6.666298329072448e-42	3.301900891118697e-41
SNUH	cg19236679	GFRA1	cg18044663	GFRA1	within_gene	142	0.8780697875693381	1.178370110613298e-46	7.04798726536633e-46
SNUH	cg19236679	GFRA1	cg15701178	UNC5C	between_gene	142	0.6813728674681626	1.0411893587689382e-20	1.5611856534644597e-19
SNUH	cg19236679	GFRA1	cg03008707	UNC5C	between_gene	142	0.6907485681833899	1.8743152666605052e-21	3.492920379083756e-20
SNUH	cg19236679	GFRA1	cg24870497	UNC5C	between_gene	0			
SNUH	cg19236679	GFRA1	cg13265789	UNC5C	between_gene	142	0.7150784486714963	1.5904543622807057e-23	5.6032505869881325e-22
SNUH	cg19236679	GFRA1	cg12584684	UNC5C	between_gene	142	0.6803837457118849	1.2430252410046383e-20	1.8079238019080437e-19
SNUH	cg19236679	GFRA1	cg08327106	RALYL	between_gene	0			
SNUH	cg19236679	GFRA1	cg09757712	RALYL	between_gene	0			
SNUH	cg19236679	GFRA1	cg11089595	RALYL	between_gene	142	0.6631286004974947	2.4546337189654944e-19	2.603308688122348e-18
SNUH	cg19236679	GFRA1	cg01134282	RALYL	between_gene	0			
SNUH	cg19236679	GFRA1	cg06955749	RALYL	between_gene	142	0.6191336383125415	2.1647011771751555e-16	1.2606485203682994e-15
SNUH	cg19236679	GFRA1	cg11666087	BEND5	between_gene	142	0.522153603064601	2.6592887198810328e-11	7.795600303561365e-11
SNUH	cg19236679	GFRA1	cg16573178	BEND5	between_gene	142	0.5444549457135612	2.4923953875845775e-12	8.189747564493908e-12
SNUH	cg19236679	GFRA1	cg06744574	BEND5	between_gene	142	0.595541407947761	5.401809590072398e-15	2.4855945715165585e-14
SNUH	cg19236679	GFRA1	cg03603214	BEND5	between_gene	142	0.544664505407688	2.435531220467787e-12	8.033250258154813e-12
SNUH	cg06298519	GFRA1	cg19485539	GFRA1	within_gene	142	0.9261134430448188	3.8747235907182984e-61	4.724182224068079e-60
SNUH	cg06298519	GFRA1	cg18672939	GFRA1	within_gene	142	0.8476207640127329	2.324942969089692e-40	1.0838337076491656e-39
SNUH	cg06298519	GFRA1	cg27034576	GFRA1	within_gene	142	0.84066757336161	4.0905647585197354e-39	1.7763137376037754e-38
SNUH	cg06298519	GFRA1	cg18044663	GFRA1	within_gene	142	0.8994071556253157	3.6006906484063325e-52	2.783948623280018e-51
SNUH	cg06298519	GFRA1	cg15701178	UNC5C	between_gene	142	0.5821086315542415	3.0081365470163154e-14	1.2437762680135601e-13
SNUH	cg06298519	GFRA1	cg03008707	UNC5C	between_gene	142	0.6575459302459602	6.180162210257627e-19	5.927957061236084e-18
SNUH	cg06298519	GFRA1	cg24870497	UNC5C	between_gene	0			
SNUH	cg06298519	GFRA1	cg13265789	UNC5C	between_gene	142	0.6558862174684771	8.101940432934645e-19	7.495731414725706e-18
SNUH	cg06298519	GFRA1	cg12584684	UNC5C	between_gene	142	0.6231026989193007	1.2265320150780267e-16	7.441911691485052e-16
SNUH	cg06298519	GFRA1	cg08327106	RALYL	between_gene	0			
SNUH	cg06298519	GFRA1	cg09757712	RALYL	between_gene	0			
SNUH	cg06298519	GFRA1	cg11089595	RALYL	between_gene	142	0.6437904319234855	5.5434259270063435e-18	4.3826661344119844e-17
SNUH	cg06298519	GFRA1	cg01134282	RALYL	between_gene	0			
SNUH	cg06298519	GFRA1	cg06955749	RALYL	between_gene	142	0.6124947872026086	5.499890859283469e-16	2.983204834068725e-15
SNUH	cg06298519	GFRA1	cg11666087	BEND5	between_gene	142	0.4860129382155154	8.715630312285726e-10	2.192775263717788e-09
SNUH	cg06298519	GFRA1	cg16573178	BEND5	between_gene	142	0.4933601010915964	4.42965393303958e-10	1.1419927975593144e-09
SNUH	cg06298519	GFRA1	cg06744574	BEND5	between_gene	142	0.5445094312340343	2.477488028374486e-12	8.151029339254772e-12
SNUH	cg06298519	GFRA1	cg03603214	BEND5	between_gene	142	0.5251167771395522	1.960843550270259e-11	5.8002730415590764e-11
SNUH	cg19485539	GFRA1	cg18672939	GFRA1	within_gene	142	0.8639454641852005	1.5164111242594309e-43	8.14749705746169e-43
SNUH	cg19485539	GFRA1	cg27034576	GFRA1	within_gene	142	0.8857983490887297	1.5909791843385663e-48	1.050709169656928e-47
SNUH	cg19485539	GFRA1	cg18044663	GFRA1	within_gene	142	0.8994197292069633	3.5709266698027454e-52	2.783948623280018e-51
SNUH	cg19485539	GFRA1	cg15701178	UNC5C	between_gene	142	0.6148879589095353	3.939800677016658e-16	2.210524723943325e-15
SNUH	cg19485539	GFRA1	cg03008707	UNC5C	between_gene	142	0.6873034068119475	3.546035288221794e-21	6.16773737798044e-20
SNUH	cg19485539	GFRA1	cg24870497	UNC5C	between_gene	0			
SNUH	cg19485539	GFRA1	cg13265789	UNC5C	between_gene	142	0.7093574690218382	5.101641639603241e-23	1.5659038867911593e-21
SNUH	cg19485539	GFRA1	cg12584684	UNC5C	between_gene	142	0.6823242684794978	8.774623722511108e-21	1.3387715375457006e-19
SNUH	cg19485539	GFRA1	cg08327106	RALYL	between_gene	0			
SNUH	cg19485539	GFRA1	cg09757712	RALYL	between_gene	0			
SNUH	cg19485539	GFRA1	cg11089595	RALYL	between_gene	142	0.6613180047402403	3.3188006101557996e-19	3.3691637322554407e-18
SNUH	cg19485539	GFRA1	cg01134282	RALYL	between_gene	0			
SNUH	cg19485539	GFRA1	cg06955749	RALYL	between_gene	142	0.5744555115247354	7.728846453083203e-14	3.0506142808009186e-13
SNUH	cg19485539	GFRA1	cg11666087	BEND5	between_gene	142	0.5089387687529732	9.990581178689419e-11	2.7437290837053365e-10
SNUH	cg19485539	GFRA1	cg16573178	BEND5	between_gene	142	0.5156069582200837	5.1596526771979425e-11	1.4760453766238412e-10
SNUH	cg19485539	GFRA1	cg06744574	BEND5	between_gene	142	0.5808848029405417	3.5038952731930455e-14	1.4419026447572013e-13
SNUH	cg19485539	GFRA1	cg03603214	BEND5	between_gene	142	0.5154854135974903	5.2228435062858545e-11	1.4924861673493752e-10
SNUH	cg18672939	GFRA1	cg27034576	GFRA1	within_gene	142	0.8713261566123419	3.997038413787867e-45	2.262609244947775e-44
SNUH	cg18672939	GFRA1	cg18044663	GFRA1	within_gene	142	0.8567533754827733	4.293848265619683e-42	2.1605553971451415e-41
SNUH	cg18672939	GFRA1	cg15701178	UNC5C	between_gene	142	0.6472397844888105	3.2317664759011573e-18	2.678490189733525e-17
SNUH	cg18672939	GFRA1	cg03008707	UNC5C	between_gene	142	0.6303534643360835	4.2538526696513863e-17	2.802601417959714e-16
SNUH	cg18672939	GFRA1	cg24870497	UNC5C	between_gene	0			
SNUH	cg18672939	GFRA1	cg13265789	UNC5C	between_gene	142	0.6505047245233041	1.9268179791355178e-18	1.6701222948719488e-17
SNUH	cg18672939	GFRA1	cg12584684	UNC5C	between_gene	142	0.632683768134772	3.0088369998508206e-17	2.0494058278726072e-16
SNUH	cg18672939	GFRA1	cg08327106	RALYL	between_gene	0			
SNUH	cg18672939	GFRA1	cg09757712	RALYL	between_gene	0			
SNUH	cg18672939	GFRA1	cg11089595	RALYL	between_gene	142	0.6594068203298051	4.552759692922253e-19	4.4321455368784175e-18
SNUH	cg18672939	GFRA1	cg01134282	RALYL	between_gene	0			
SNUH	cg18672939	GFRA1	cg06955749	RALYL	between_gene	142	0.6359026050365578	1.8559471979433088e-17	1.3302654503939815e-16
SNUH	cg18672939	GFRA1	cg11666087	BEND5	between_gene	142	0.464700717322833	5.683771213165771e-09	1.3383537089485106e-08
SNUH	cg18672939	GFRA1	cg16573178	BEND5	between_gene	142	0.5100955382645523	8.917690378041813e-11	2.467259193670317e-10
SNUH	cg18672939	GFRA1	cg06744574	BEND5	between_gene	142	0.5363072648059164	6.039469221496057e-12	1.8825537872022953e-11
SNUH	cg18672939	GFRA1	cg03603214	BEND5	between_gene	142	0.5886720411742887	1.3128373560044144e-14	5.756626322379022e-14
SNUH	cg27034576	GFRA1	cg18044663	GFRA1	within_gene	142	0.8325115100662001	9.967438847962252e-38	4.10347807117407e-37
SNUH	cg27034576	GFRA1	cg15701178	UNC5C	between_gene	142	0.6314138363883645	3.635048110347125e-17	2.4255346598198587e-16
SNUH	cg27034576	GFRA1	cg03008707	UNC5C	between_gene	142	0.6881206896190415	3.0507209176952737e-21	5.414510798821067e-20
SNUH	cg27034576	GFRA1	cg24870497	UNC5C	between_gene	0			
SNUH	cg27034576	GFRA1	cg13265789	UNC5C	between_gene	142	0.7241733393965939	2.3481640938620046e-24	1.033537432506694e-22
SNUH	cg27034576	GFRA1	cg12584684	UNC5C	between_gene	142	0.7417386329582913	4.659653831773014e-26	4.1920816714123426e-24
SNUH	cg27034576	GFRA1	cg08327106	RALYL	between_gene	0			
SNUH	cg27034576	GFRA1	cg09757712	RALYL	between_gene	0			
SNUH	cg27034576	GFRA1	cg11089595	RALYL	between_gene	142	0.6576884308379664	6.0376695719263655e-19	5.8126494144486664e-18
SNUH	cg27034576	GFRA1	cg01134282	RALYL	between_gene	0			
SNUH	cg27034576	GFRA1	cg06955749	RALYL	between_gene	142	0.6193641539760809	2.0949057669698594e-16	1.2282267743874977e-15
SNUH	cg27034576	GFRA1	cg11666087	BEND5	between_gene	142	0.4734519301495628	2.672940784972348e-09	6.475118391822522e-09
SNUH	cg27034576	GFRA1	cg16573178	BEND5	between_gene	142	0.5026645515108207	1.8365425224910992e-10	4.919445011477698e-10
SNUH	cg27034576	GFRA1	cg06744574	BEND5	between_gene	142	0.5574476467494149	5.778610198180417e-13	2.0484230987843353e-12
SNUH	cg27034576	GFRA1	cg03603214	BEND5	between_gene	142	0.5227822821469811	2.493435831794136e-11	7.317631141902025e-11
SNUH	cg18044663	GFRA1	cg15701178	UNC5C	between_gene	142	0.5737639645341174	8.406682964447892e-14	3.293248626763446e-13
SNUH	cg18044663	GFRA1	cg03008707	UNC5C	between_gene	142	0.6436311665559493	5.682324204876286e-18	4.4789075077106436e-17
SNUH	cg18044663	GFRA1	cg24870497	UNC5C	between_gene	0			
SNUH	cg18044663	GFRA1	cg13265789	UNC5C	between_gene	142	0.6785647675668653	1.7187237222985744e-20	2.360079048145779e-19
SNUH	cg18044663	GFRA1	cg12584684	UNC5C	between_gene	142	0.617566131800474	2.7031860316195925e-16	1.5398716935579733e-15
SNUH	cg18044663	GFRA1	cg08327106	RALYL	between_gene	0			
SNUH	cg18044663	GFRA1	cg09757712	RALYL	between_gene	0			
SNUH	cg18044663	GFRA1	cg11089595	RALYL	between_gene	142	0.6332705352783268	2.7563292105520586e-17	1.9074967931910662e-16
SNUH	cg18044663	GFRA1	cg01134282	RALYL	between_gene	0			
SNUH	cg18044663	GFRA1	cg06955749	RALYL	between_gene	142	0.560544939028607	4.040199067441282e-13	1.4579362886520477e-12
SNUH	cg18044663	GFRA1	cg11666087	BEND5	between_gene	142	0.4562428880678806	1.1552247669043632e-08	2.6862579472847453e-08
SNUH	cg18044663	GFRA1	cg16573178	BEND5	between_gene	142	0.4672196248462356	4.584271564881371e-09	1.0873058647977724e-08
SNUH	cg18044663	GFRA1	cg06744574	BEND5	between_gene	142	0.5334237234147333	8.21458395034044e-12	2.530324619414192e-11
SNUH	cg18044663	GFRA1	cg03603214	BEND5	between_gene	142	0.4723831757095168	2.934264698483501e-09	7.0884227762439405e-09
SNUH	cg15701178	UNC5C	cg03008707	UNC5C	within_gene	142	0.6700021584648497	7.661530824259396e-20	1.6521804566600198e-19
SNUH	cg15701178	UNC5C	cg24870497	UNC5C	within_gene	0			
SNUH	cg15701178	UNC5C	cg13265789	UNC5C	within_gene	142	0.752036396327676	4.0245487571048965e-27	1.0811711491544511e-26
SNUH	cg15701178	UNC5C	cg12584684	UNC5C	within_gene	142	0.784840870846265	6.86407366985163e-31	2.1125352945077352e-30
SNUH	cg15701178	UNC5C	cg08327106	RALYL	between_gene	0			
SNUH	cg15701178	UNC5C	cg09757712	RALYL	between_gene	0			
SNUH	cg15701178	UNC5C	cg11089595	RALYL	between_gene	142	0.5001498351813006	2.33603625533912e-10	6.212761050132276e-10
SNUH	cg15701178	UNC5C	cg01134282	RALYL	between_gene	0			
SNUH	cg15701178	UNC5C	cg06955749	RALYL	between_gene	142	0.5886301292354634	1.3198850897035084e-14	5.77781912590009e-14
SNUH	cg15701178	UNC5C	cg11666087	BEND5	between_gene	142	0.4926308333560356	4.74085657440438e-10	1.218610325381382e-09
SNUH	cg15701178	UNC5C	cg16573178	BEND5	between_gene	142	0.50383808579793	1.6404116434582608e-10	4.4167533310449967e-10
SNUH	cg15701178	UNC5C	cg06744574	BEND5	between_gene	142	0.567246658046778	1.8388522467416574e-13	6.873303025428343e-13
SNUH	cg15701178	UNC5C	cg03603214	BEND5	between_gene	142	0.5068641277811191	1.22353402183151e-10	3.3391216139732317e-10
SNUH	cg03008707	UNC5C	cg24870497	UNC5C	within_gene	0			
SNUH	cg03008707	UNC5C	cg13265789	UNC5C	within_gene	142	0.7548151578717957	2.035773150453332e-27	5.5632766266698814e-27
SNUH	cg03008707	UNC5C	cg12584684	UNC5C	within_gene	142	0.7006062561951085	2.8758330983929683e-22	6.703228619048315e-22
SNUH	cg03008707	UNC5C	cg08327106	RALYL	between_gene	0			
SNUH	cg03008707	UNC5C	cg09757712	RALYL	between_gene	0			
SNUH	cg03008707	UNC5C	cg11089595	RALYL	between_gene	142	0.6681622243504174	1.0495230238218573e-19	1.2278948740588454e-18
SNUH	cg03008707	UNC5C	cg01134282	RALYL	between_gene	0			
SNUH	cg03008707	UNC5C	cg06955749	RALYL	between_gene	142	0.6803334513852943	1.2542514685525331e-20	1.8079238019080437e-19
SNUH	cg03008707	UNC5C	cg11666087	BEND5	between_gene	142	0.6321011921851001	3.2818144609063656e-17	2.206766476418739e-16
SNUH	cg03008707	UNC5C	cg16573178	BEND5	between_gene	142	0.6488450117458209	2.508167256708242e-18	2.1177373374601305e-17
SNUH	cg03008707	UNC5C	cg06744574	BEND5	between_gene	142	0.6780324859437836	1.8888413060776148e-20	2.5800978887730353e-19
SNUH	cg03008707	UNC5C	cg03603214	BEND5	between_gene	142	0.5676615862411488	1.7503598566219697e-13	6.551920898029727e-13
SNUH	cg24870497	UNC5C	cg13265789	UNC5C	within_gene	0			
SNUH	cg24870497	UNC5C	cg12584684	UNC5C	within_gene	0			
SNUH	cg24870497	UNC5C	cg08327106	RALYL	between_gene	0			
SNUH	cg24870497	UNC5C	cg09757712	RALYL	between_gene	0			
SNUH	cg24870497	UNC5C	cg11089595	RALYL	between_gene	0			
SNUH	cg24870497	UNC5C	cg01134282	RALYL	between_gene	0			
SNUH	cg24870497	UNC5C	cg06955749	RALYL	between_gene	0			
SNUH	cg24870497	UNC5C	cg11666087	BEND5	between_gene	0			
SNUH	cg24870497	UNC5C	cg16573178	BEND5	between_gene	0			
SNUH	cg24870497	UNC5C	cg06744574	BEND5	between_gene	0			
SNUH	cg24870497	UNC5C	cg03603214	BEND5	between_gene	0			
SNUH	cg13265789	UNC5C	cg12584684	UNC5C	within_gene	142	0.7381174414437826	1.072640723299404e-25	2.7644480429748866e-25
SNUH	cg13265789	UNC5C	cg08327106	RALYL	between_gene	0			
SNUH	cg13265789	UNC5C	cg09757712	RALYL	between_gene	0			
SNUH	cg13265789	UNC5C	cg11089595	RALYL	between_gene	142	0.6543312845380571	1.0425273754007561e-18	9.411605267891257e-18
SNUH	cg13265789	UNC5C	cg01134282	RALYL	between_gene	0			
SNUH	cg13265789	UNC5C	cg06955749	RALYL	between_gene	142	0.6128929506214493	5.203969536612543e-16	2.858348741267816e-15
SNUH	cg13265789	UNC5C	cg11666087	BEND5	between_gene	142	0.6069163081449567	1.1840072658035613e-15	6.080856213546242e-15
SNUH	cg13265789	UNC5C	cg16573178	BEND5	between_gene	142	0.5867608567638535	1.6745589048352933e-14	7.185730563676448e-14
SNUH	cg13265789	UNC5C	cg06744574	BEND5	between_gene	142	0.7076223147544695	7.224762840908438e-23	2.1179108148236083e-21
SNUH	cg13265789	UNC5C	cg03603214	BEND5	between_gene	142	0.5192868264489481	3.5610042923376204e-11	1.0334438485771804e-10
SNUH	cg12584684	UNC5C	cg08327106	RALYL	between_gene	0			
SNUH	cg12584684	UNC5C	cg09757712	RALYL	between_gene	0			
SNUH	cg12584684	UNC5C	cg11089595	RALYL	between_gene	142	0.572322193838526	1.0010789949621635e-13	3.886629609905185e-13
SNUH	cg12584684	UNC5C	cg01134282	RALYL	between_gene	0			
SNUH	cg12584684	UNC5C	cg06955749	RALYL	between_gene	142	0.5994853213912249	3.213200724338425e-15	1.513220341118944e-14
SNUH	cg12584684	UNC5C	cg11666087	BEND5	between_gene	142	0.5415001540263753	3.445155607095773e-12	1.1096803677670212e-11
SNUH	cg12584684	UNC5C	cg16573178	BEND5	between_gene	142	0.5590780211697204	4.788642694973168e-13	1.7114477796143829e-12
SNUH	cg12584684	UNC5C	cg06744574	BEND5	between_gene	142	0.5784581016825548	4.7327092895384963e-14	1.9143625637838662e-13
SNUH	cg12584684	UNC5C	cg03603214	BEND5	between_gene	142	0.5162607844657591	4.832219341725694e-11	1.3899956188051087e-10
SNUH	cg08327106	RALYL	cg09757712	RALYL	within_gene	0			
SNUH	cg08327106	RALYL	cg11089595	RALYL	within_gene	0			
SNUH	cg08327106	RALYL	cg01134282	RALYL	within_gene	0			
SNUH	cg08327106	RALYL	cg06955749	RALYL	within_gene	0			
SNUH	cg08327106	RALYL	cg11666087	BEND5	between_gene	0			
SNUH	cg08327106	RALYL	cg16573178	BEND5	between_gene	0			
SNUH	cg08327106	RALYL	cg06744574	BEND5	between_gene	0			
SNUH	cg08327106	RALYL	cg03603214	BEND5	between_gene	0			
SNUH	cg09757712	RALYL	cg11089595	RALYL	within_gene	0			
SNUH	cg09757712	RALYL	cg01134282	RALYL	within_gene	0			
SNUH	cg09757712	RALYL	cg06955749	RALYL	within_gene	0			
SNUH	cg09757712	RALYL	cg11666087	BEND5	between_gene	0			
SNUH	cg09757712	RALYL	cg16573178	BEND5	between_gene	0			
SNUH	cg09757712	RALYL	cg06744574	BEND5	between_gene	0			
SNUH	cg09757712	RALYL	cg03603214	BEND5	between_gene	0			
SNUH	cg11089595	RALYL	cg01134282	RALYL	within_gene	0			
SNUH	cg11089595	RALYL	cg06955749	RALYL	within_gene	142	0.7841786622128248	8.300059457238799e-31	2.529921969177596e-30
SNUH	cg11089595	RALYL	cg11666087	BEND5	between_gene	142	0.5663245953926206	2.0513455615954101e-13	7.623875456128812e-13
SNUH	cg11089595	RALYL	cg16573178	BEND5	between_gene	142	0.5382980819001196	4.875601992338037e-12	1.532583806989149e-11
SNUH	cg11089595	RALYL	cg06744574	BEND5	between_gene	142	0.5872093145092846	1.5818404634104233e-14	6.825158715332666e-14
SNUH	cg11089595	RALYL	cg03603214	BEND5	between_gene	142	0.4975512949741298	2.9891841478030663e-10	7.877557011735554e-10
SNUH	cg01134282	RALYL	cg06955749	RALYL	within_gene	0			
SNUH	cg01134282	RALYL	cg11666087	BEND5	between_gene	0			
SNUH	cg01134282	RALYL	cg16573178	BEND5	between_gene	0			
SNUH	cg01134282	RALYL	cg06744574	BEND5	between_gene	0			
SNUH	cg01134282	RALYL	cg03603214	BEND5	between_gene	0			
SNUH	cg06955749	RALYL	cg11666087	BEND5	between_gene	142	0.5866225473657299	1.7042062605300884e-14	7.30094274831363e-14
SNUH	cg06955749	RALYL	cg16573178	BEND5	between_gene	142	0.620495776324365	1.7828755107623683e-16	1.0571641380861409e-15
SNUH	cg06955749	RALYL	cg06744574	BEND5	between_gene	142	0.6285512509665941	5.549044782063137e-17	3.565876314384907e-16
SNUH	cg06955749	RALYL	cg03603214	BEND5	between_gene	142	0.5926075722299876	7.913603159785402e-15	3.5597570075655374e-14
SNUH	cg11666087	BEND5	cg16573178	BEND5	within_gene	142	0.932676852664866	7.253856644687394e-64	9.997706766808275e-63
SNUH	cg11666087	BEND5	cg06744574	BEND5	within_gene	142	0.8466274510625724	3.5325835352597835e-40	1.5997556866819305e-39
SNUH	cg11666087	BEND5	cg03603214	BEND5	within_gene	142	0.6952666751887611	8.013038747227982e-22	1.814380916336622e-21
SNUH	cg16573178	BEND5	cg06744574	BEND5	within_gene	142	0.8157718816993615	4.2093184491815704e-35	1.4992740993152332e-34
SNUH	cg16573178	BEND5	cg03603214	BEND5	within_gene	142	0.7372121435651552	1.3183957063893492e-25	3.3704148300437396e-25
SNUH	cg06744574	BEND5	cg03603214	BEND5	within_gene	142	0.699470442652942	3.5830324419040883e-22	8.290666307179533e-22
ASAN	cg14017655	EYA4	cg20330472	EYA4	within_gene	0			
ASAN	cg14017655	EYA4	cg17838029	EYA4	within_gene	0			
ASAN	cg14017655	EYA4	cg14343214	EYA4	within_gene	0			
ASAN	cg14017655	EYA4	cg24675448	EYA4	within_gene	0			
ASAN	cg14017655	EYA4	cg21607030	EYA4	within_gene	0			
ASAN	cg14017655	EYA4	cg11664500	EYA4	within_gene	0			
ASAN	cg14017655	EYA4	cg26656135	EYA4	within_gene	0			
ASAN	cg14017655	EYA4	cg20286200	EYA4	within_gene	0			
ASAN	cg14017655	EYA4	cg14270292	EYA4	within_gene	0			
ASAN	cg14017655	EYA4	cg06181518	EYA4	within_gene	0			
ASAN	cg14017655	EYA4	cg14287112	EYA4	within_gene	0			
ASAN	cg14017655	EYA4	cg01328892	EYA4	within_gene	0			
ASAN	cg14017655	EYA4	cg05493394	EYA4	within_gene	0			
ASAN	cg14017655	EYA4	cg26449787	EYA4	within_gene	0			
ASAN	cg14017655	EYA4	cg22871668	EYA4	within_gene	0			
ASAN	cg14017655	EYA4	cg20980055	EYA4	within_gene	0			
ASAN	cg14017655	EYA4	cg06611358	ZNF568	between_gene	0			
ASAN	cg14017655	EYA4	cg27390819	ZNF568	between_gene	0			
ASAN	cg14017655	EYA4	cg20154403	ZNF568	between_gene	0			
ASAN	cg14017655	EYA4	cg21761844	ZNF568	between_gene	0			
ASAN	cg14017655	EYA4	cg20680720	ZNF568	between_gene	0			
ASAN	cg14017655	EYA4	cg02459604	ZNF568	between_gene	0			
ASAN	cg14017655	EYA4	cg03060201	ZNF568	between_gene	0			
ASAN	cg14017655	EYA4	cg03443751	ZNF568	between_gene	0			
ASAN	cg14017655	EYA4	cg17332326	ZNF793	between_gene	0			
ASAN	cg14017655	EYA4	cg11623861	ZNF793	between_gene	0			
ASAN	cg14017655	EYA4	cg14732998	ZNF793	between_gene	0			
ASAN	cg14017655	EYA4	cg07482795	ZNF793	between_gene	0			
ASAN	cg14017655	EYA4	cg13181745	ZNF793	between_gene	0			
ASAN	cg14017655	EYA4	cg24078985	ZNF793	between_gene	0			
ASAN	cg14017655	EYA4	cg15139588	ZNF793	between_gene	0			
ASAN	cg14017655	EYA4	cg25361907	ZNF793	between_gene	0			
ASAN	cg14017655	EYA4	cg20299663	SFMBT2	between_gene	0			
ASAN	cg14017655	EYA4	cg20506550	SFMBT2	between_gene	0			
ASAN	cg14017655	EYA4	cg01056653	SFMBT2	between_gene	0			
ASAN	cg14017655	EYA4	cg22862480	SFMBT2	between_gene	0			
ASAN	cg14017655	EYA4	cg12767281	SFMBT2	between_gene	0			
ASAN	cg14017655	EYA4	cg26878816	SFMBT2	between_gene	0			
ASAN	cg14017655	EYA4	cg12328063	SFMBT2	between_gene	0			
ASAN	cg14017655	EYA4	cg16818993	SFMBT2	between_gene	0			
ASAN	cg14017655	EYA4	cg20295442	ADHFE1	between_gene	0			
ASAN	cg14017655	EYA4	cg19283840	ADHFE1	between_gene	0			
ASAN	cg14017655	EYA4	cg25046651	ADHFE1	between_gene	0			
ASAN	cg14017655	EYA4	cg01588438	ADHFE1	between_gene	0			
ASAN	cg14017655	EYA4	cg08090772	ADHFE1	between_gene	0			
ASAN	cg14017655	EYA4	cg09383816	ADHFE1	between_gene	0			
ASAN	cg14017655	EYA4	cg20912169	ADHFE1	between_gene	0			
ASAN	cg14017655	EYA4	cg18065361	ADHFE1	between_gene	0			
ASAN	cg14017655	EYA4	cg04481096	HOXA2	between_gene	0			
ASAN	cg14017655	EYA4	cg19598584	HOXA2	between_gene	0			
ASAN	cg14017655	EYA4	cg09871315	HOXA2	between_gene	0			
ASAN	cg14017655	EYA4	cg13661519	HOXA2	between_gene	0			
ASAN	cg14017655	EYA4	cg02803819	HOXA2	between_gene	0			
ASAN	cg14017655	EYA4	cg03763508	HOXA2	between_gene	0			
ASAN	cg14017655	EYA4	cg00188704	HOXA2	between_gene	0			
ASAN	cg14017655	EYA4	cg06786372	HOXA2	between_gene	0			
ASAN	cg14017655	EYA4	cg19236679	GFRA1	between_gene	0			
ASAN	cg14017655	EYA4	cg06298519	GFRA1	between_gene	0			
ASAN	cg14017655	EYA4	cg19485539	GFRA1	between_gene	0			
ASAN	cg14017655	EYA4	cg18672939	GFRA1	between_gene	0			
ASAN	cg14017655	EYA4	cg27034576	GFRA1	between_gene	0			
ASAN	cg14017655	EYA4	cg18044663	GFRA1	between_gene	0			
ASAN	cg14017655	EYA4	cg15701178	UNC5C	between_gene	0			
ASAN	cg14017655	EYA4	cg03008707	UNC5C	between_gene	0			
ASAN	cg14017655	EYA4	cg24870497	UNC5C	between_gene	0			
ASAN	cg14017655	EYA4	cg13265789	UNC5C	between_gene	0			
ASAN	cg14017655	EYA4	cg12584684	UNC5C	between_gene	0			
ASAN	cg14017655	EYA4	cg08327106	RALYL	between_gene	0			
ASAN	cg14017655	EYA4	cg09757712	RALYL	between_gene	0			
ASAN	cg14017655	EYA4	cg11089595	RALYL	between_gene	0			
ASAN	cg14017655	EYA4	cg01134282	RALYL	between_gene	0			
ASAN	cg14017655	EYA4	cg06955749	RALYL	between_gene	0			
ASAN	cg14017655	EYA4	cg11666087	BEND5	between_gene	0			
ASAN	cg14017655	EYA4	cg16573178	BEND5	between_gene	0			
ASAN	cg14017655	EYA4	cg06744574	BEND5	between_gene	0			
ASAN	cg14017655	EYA4	cg03603214	BEND5	between_gene	0			
ASAN	cg20330472	EYA4	cg17838029	EYA4	within_gene	0			
ASAN	cg20330472	EYA4	cg14343214	EYA4	within_gene	128	0.8215757187328327	1.528977950082442e-32	3.877488081409073e-32
ASAN	cg20330472	EYA4	cg24675448	EYA4	within_gene	0			
ASAN	cg20330472	EYA4	cg21607030	EYA4	within_gene	0			
ASAN	cg20330472	EYA4	cg11664500	EYA4	within_gene	128	0.7837735762680826	7.731294474964451e-28	1.6902209300439522e-27
ASAN	cg20330472	EYA4	cg26656135	EYA4	within_gene	0			
ASAN	cg20330472	EYA4	cg20286200	EYA4	within_gene	128	0.8286371543673319	1.5197722492281922e-33	4.048468932817958e-33
ASAN	cg20330472	EYA4	cg14270292	EYA4	within_gene	128	0.7840139168650431	7.267412501849269e-28	1.5998401132543182e-27
ASAN	cg20330472	EYA4	cg06181518	EYA4	within_gene	128	0.8100908716352316	5.297993016603897e-31	1.2627547265138612e-30
ASAN	cg20330472	EYA4	cg14287112	EYA4	within_gene	128	0.7875618018677898	2.888394570819172e-28	6.5401505639262685e-28
ASAN	cg20330472	EYA4	cg01328892	EYA4	within_gene	128	0.8304339864493683	8.304727596270745e-34	2.2500843145451506e-33
ASAN	cg20330472	EYA4	cg05493394	EYA4	within_gene	128	0.8197044955136422	2.771389556840212e-32	6.972464202526564e-32
ASAN	cg20330472	EYA4	cg26449787	EYA4	within_gene	128	0.8227888665079655	1.0359163451149624e-32	2.669800661800351e-32
ASAN	cg20330472	EYA4	cg22871668	EYA4	within_gene	128	0.7795218366599524	2.280560192420034e-27	4.884713385115884e-27
ASAN	cg20330472	EYA4	cg20980055	EYA4	within_gene	128	0.8123912744918513	2.6558986651024023e-31	6.47630674490355e-31
ASAN	cg20330472	EYA4	cg06611358	ZNF568	between_gene	0			
ASAN	cg20330472	EYA4	cg27390819	ZNF568	between_gene	128	0.6551627449185131	4.861827524144071e-17	1.567924352347575e-16
ASAN	cg20330472	EYA4	cg20154403	ZNF568	between_gene	128	0.658275727888665	3.0768504547062067e-17	1.013573590445517e-16
ASAN	cg20330472	EYA4	cg21761844	ZNF568	between_gene	0			
ASAN	cg20330472	EYA4	cg20680720	ZNF568	between_gene	128	0.5479078923274125	2.17691238410425e-11	4.6630249672643577e-11
ASAN	cg20330472	EYA4	cg02459604	ZNF568	between_gene	128	0.5663168375755355	3.2374683812313097e-12	7.3512228082093e-12
ASAN	cg20330472	EYA4	cg03060201	ZNF568	between_gene	128	0.6504875480681193	9.568914124699591e-17	2.9862795396341183e-16
ASAN	cg20330472	EYA4	cg03443751	ZNF568	between_gene	128	0.6072434078007691	2.9841797333658824e-14	7.678229708433516e-14
ASAN	cg20330472	EYA4	cg17332326	ZNF793	between_gene	128	0.6345335103460904	8.846022718402957e-16	2.5672161593229497e-15
ASAN	cg20330472	EYA4	cg11623861	ZNF793	between_gene	0			
ASAN	cg20330472	EYA4	cg14732998	ZNF793	between_gene	0			
ASAN	cg20330472	EYA4	cg07482795	ZNF793	between_gene	128	0.6216123420618934	4.884643335114324e-15	1.335852668900762e-14
ASAN	cg20330472	EYA4	cg13181745	ZNF793	between_gene	0			
ASAN	cg20330472	EYA4	cg24078985	ZNF793	between_gene	128	0.6518323109320637	7.885092153481521e-17	2.4875701848166e-16
ASAN	cg20330472	EYA4	cg15139588	ZNF793	between_gene	128	0.6245536531770738	3.333732766326308e-15	9.252881688665252e-15
ASAN	cg20330472	EYA4	cg25361907	ZNF793	between_gene	128	0.6127597967405237	1.5058688807284042e-14	3.968496878606471e-14
ASAN	cg20330472	EYA4	cg20299663	SFMBT2	between_gene	128	0.6781724958798755	1.44750226663092e-18	5.6619691358921594e-18
ASAN	cg20330472	EYA4	cg20506550	SFMBT2	between_gene	0			
ASAN	cg20330472	EYA4	cg01056653	SFMBT2	between_gene	0			
ASAN	cg20330472	EYA4	cg22862480	SFMBT2	between_gene	128	0.7732558139534883	1.0757041441928385e-26	1.2255511406983039e-25
ASAN	cg20330472	EYA4	cg12767281	SFMBT2	between_gene	128	0.729416544588903	1.6130041236654878e-22	9.49961119332564e-22
ASAN	cg20330472	EYA4	cg26878816	SFMBT2	between_gene	128	0.6932567295367148	1.2099574820721412e-19	5.314442880010465e-19
ASAN	cg20330472	EYA4	cg12328063	SFMBT2	between_gene	128	0.7250789690532868	3.7719491167560934e-22	2.139351140351445e-21
ASAN	cg20330472	EYA4	cg16818993	SFMBT2	between_gene	128	0.6739665354330708	2.8172924448326025e-18	1.057599422815577e-17
ASAN	cg20330472	EYA4	cg20295442	ADHFE1	between_gene	0			
ASAN	cg20330472	EYA4	cg19283840	ADHFE1	between_gene	0			
ASAN	cg20330472	EYA4	cg25046651	ADHFE1	between_gene	128	0.5835526918146859	4.870827693487512e-13	1.1655563060864862e-12
ASAN	cg20330472	EYA4	cg01588438	ADHFE1	between_gene	128	0.6100016022706464	2.1233742489629944e-14	5.5454288443888407e-14
ASAN	cg20330472	EYA4	cg08090772	ADHFE1	between_gene	0			
ASAN	cg20330472	EYA4	cg09383816	ADHFE1	between_gene	128	0.6222189159494598	4.5160880819981026e-15	1.23895623616541e-14
ASAN	cg20330472	EYA4	cg20912169	ADHFE1	between_gene	128	0.5927543032411646	1.691592702227552e-13	4.1635522265204564e-13
ASAN	cg20330472	EYA4	cg18065361	ADHFE1	between_gene	128	0.605217679912104	3.8235543534787997e-14	9.770473367508513e-14
ASAN	cg20330472	EYA4	cg04481096	HOXA2	between_gene	128	0.4723779985350668	1.8073916335621585e-08	3.5615443897006585e-08
ASAN	cg20330472	EYA4	cg19598584	HOXA2	between_gene	0			
ASAN	cg20330472	EYA4	cg09871315	HOXA2	between_gene	0			
ASAN	cg20330472	EYA4	cg13661519	HOXA2	between_gene	128	0.5118281908075444	6.628459781241998e-10	1.337482719973733e-09
ASAN	cg20330472	EYA4	cg02803819	HOXA2	between_gene	128	0.5070213788683391	1.0144861301681896e-09	2.032868136412294e-09
ASAN	cg20330472	EYA4	cg03763508	HOXA2	between_gene	128	0.4199665812122322	8.018895896019385e-07	1.5589641872365554e-06
ASAN	cg20330472	EYA4	cg00188704	HOXA2	between_gene	128	0.4961030488921442	2.603649447235286e-09	5.185436189188445e-09
ASAN	cg20330472	EYA4	cg06786372	HOXA2	between_gene	128	0.5269524812305438	1.6622890613065383e-10	3.420277729454857e-10
ASAN	cg20330472	EYA4	cg19236679	GFRA1	between_gene	128	0.6842039003845449	5.462902657046022e-19	2.2269864112864177e-18
ASAN	cg20330472	EYA4	cg06298519	GFRA1	between_gene	128	0.7182292620399193	1.3965356711125549e-21	7.466314684288231e-21
ASAN	cg20330472	EYA4	cg19485539	GFRA1	between_gene	128	0.7180976469511078	1.431563265110699e-21	7.637931612829882e-21
ASAN	cg20330472	EYA4	cg18672939	GFRA1	between_gene	128	0.7538168375755355	9.803212522465995e-25	7.869717375727319e-24
ASAN	cg20330472	EYA4	cg27034576	GFRA1	between_gene	128	0.7349958798754808	5.278175415075899e-23	3.286577483993561e-22
ASAN	cg20330472	EYA4	cg18044663	GFRA1	between_gene	128	0.7057487181834828	1.3765528942349763e-20	6.589773396438629e-20
ASAN	cg20330472	EYA4	cg15701178	UNC5C	between_gene	128	0.64965780076909	1.0777460552554299e-16	3.351417709369985e-16
ASAN	cg20330472	EYA4	cg03008707	UNC5C	between_gene	128	0.7060977842885918	1.2933213811428204e-20	6.225600522881215e-20
ASAN	cg20330472	EYA4	cg24870497	UNC5C	between_gene	0			
ASAN	cg20330472	EYA4	cg13265789	UNC5C	between_gene	128	0.7089074803149606	7.802451943656791e-21	3.848128000189143e-20
ASAN	cg20330472	EYA4	cg12584684	UNC5C	between_gene	128	0.6300128181651712	1.6230267644648416e-15	4.6077005750693916e-15
ASAN	cg20330472	EYA4	cg08327106	RALYL	between_gene	0			
ASAN	cg20330472	EYA4	cg09757712	RALYL	between_gene	0			
ASAN	cg20330472	EYA4	cg11089595	RALYL	between_gene	128	0.7486495147408899	3.0331241860294206e-24	2.241762323328827e-23
ASAN	cg20330472	EYA4	cg01134282	RALYL	between_gene	0			
ASAN	cg20330472	EYA4	cg06955749	RALYL	between_gene	128	0.7095884453396814	6.896780264478432e-21	3.420855458179511e-20
ASAN	cg20330472	EYA4	cg11666087	BEND5	between_gene	128	0.7055484343526827	1.4266467261938262e-20	6.81707199384559e-20
ASAN	cg20330472	EYA4	cg16573178	BEND5	between_gene	128	0.6875515015564915	3.1485912317162306e-19	1.3270879682629476e-18
ASAN	cg20330472	EYA4	cg06744574	BEND5	between_gene	128	0.7088845907342978	7.83483031763778e-21	3.856806094097541e-20
ASAN	cg20330472	EYA4	cg03603214	BEND5	between_gene	128	0.6532285753524996	6.442914082726473e-17	2.0516488546332222e-16
ASAN	cg17838029	EYA4	cg14343214	EYA4	within_gene	0			
ASAN	cg17838029	EYA4	cg24675448	EYA4	within_gene	0			
ASAN	cg17838029	EYA4	cg21607030	EYA4	within_gene	0			
ASAN	cg17838029	EYA4	cg11664500	EYA4	within_gene	0			
ASAN	cg17838029	EYA4	cg26656135	EYA4	within_gene	0			
ASAN	cg17838029	EYA4	cg20286200	EYA4	within_gene	0			
ASAN	cg17838029	EYA4	cg14270292	EYA4	within_gene	0			
ASAN	cg17838029	EYA4	cg06181518	EYA4	within_gene	0			
ASAN	cg17838029	EYA4	cg14287112	EYA4	within_gene	0			
ASAN	cg17838029	EYA4	cg01328892	EYA4	within_gene	0			
ASAN	cg17838029	EYA4	cg05493394	EYA4	within_gene	0			
ASAN	cg17838029	EYA4	cg26449787	EYA4	within_gene	0			
ASAN	cg17838029	EYA4	cg22871668	EYA4	within_gene	0			
ASAN	cg17838029	EYA4	cg20980055	EYA4	within_gene	0			
ASAN	cg17838029	EYA4	cg06611358	ZNF568	between_gene	0			
ASAN	cg17838029	EYA4	cg27390819	ZNF568	between_gene	0			
ASAN	cg17838029	EYA4	cg20154403	ZNF568	between_gene	0			
ASAN	cg17838029	EYA4	cg21761844	ZNF568	between_gene	0			
ASAN	cg17838029	EYA4	cg20680720	ZNF568	between_gene	0			
ASAN	cg17838029	EYA4	cg02459604	ZNF568	between_gene	0			
ASAN	cg17838029	EYA4	cg03060201	ZNF568	between_gene	0			
ASAN	cg17838029	EYA4	cg03443751	ZNF568	between_gene	0			
ASAN	cg17838029	EYA4	cg17332326	ZNF793	between_gene	0			
ASAN	cg17838029	EYA4	cg11623861	ZNF793	between_gene	0			
ASAN	cg17838029	EYA4	cg14732998	ZNF793	between_gene	0			
ASAN	cg17838029	EYA4	cg07482795	ZNF793	between_gene	0			
ASAN	cg17838029	EYA4	cg13181745	ZNF793	between_gene	0			
ASAN	cg17838029	EYA4	cg24078985	ZNF793	between_gene	0			
ASAN	cg17838029	EYA4	cg15139588	ZNF793	between_gene	0			
ASAN	cg17838029	EYA4	cg25361907	ZNF793	between_gene	0			
ASAN	cg17838029	EYA4	cg20299663	SFMBT2	between_gene	0			
ASAN	cg17838029	EYA4	cg20506550	SFMBT2	between_gene	0			
ASAN	cg17838029	EYA4	cg01056653	SFMBT2	between_gene	0			
ASAN	cg17838029	EYA4	cg22862480	SFMBT2	between_gene	0			
ASAN	cg17838029	EYA4	cg12767281	SFMBT2	between_gene	0			
ASAN	cg17838029	EYA4	cg26878816	SFMBT2	between_gene	0			
ASAN	cg17838029	EYA4	cg12328063	SFMBT2	between_gene	0			
ASAN	cg17838029	EYA4	cg16818993	SFMBT2	between_gene	0			
ASAN	cg17838029	EYA4	cg20295442	ADHFE1	between_gene	0			
ASAN	cg17838029	EYA4	cg19283840	ADHFE1	between_gene	0			
ASAN	cg17838029	EYA4	cg25046651	ADHFE1	between_gene	0			
ASAN	cg17838029	EYA4	cg01588438	ADHFE1	between_gene	0			
ASAN	cg17838029	EYA4	cg08090772	ADHFE1	between_gene	0			
ASAN	cg17838029	EYA4	cg09383816	ADHFE1	between_gene	0			
ASAN	cg17838029	EYA4	cg20912169	ADHFE1	between_gene	0			
ASAN	cg17838029	EYA4	cg18065361	ADHFE1	between_gene	0			
ASAN	cg17838029	EYA4	cg04481096	HOXA2	between_gene	0			
ASAN	cg17838029	EYA4	cg19598584	HOXA2	between_gene	0			
ASAN	cg17838029	EYA4	cg09871315	HOXA2	between_gene	0			
ASAN	cg17838029	EYA4	cg13661519	HOXA2	between_gene	0			
ASAN	cg17838029	EYA4	cg02803819	HOXA2	between_gene	0			
ASAN	cg17838029	EYA4	cg03763508	HOXA2	between_gene	0			
ASAN	cg17838029	EYA4	cg00188704	HOXA2	between_gene	0			
ASAN	cg17838029	EYA4	cg06786372	HOXA2	between_gene	0			
ASAN	cg17838029	EYA4	cg19236679	GFRA1	between_gene	0			
ASAN	cg17838029	EYA4	cg06298519	GFRA1	between_gene	0			
ASAN	cg17838029	EYA4	cg19485539	GFRA1	between_gene	0			
ASAN	cg17838029	EYA4	cg18672939	GFRA1	between_gene	0			
ASAN	cg17838029	EYA4	cg27034576	GFRA1	between_gene	0			
ASAN	cg17838029	EYA4	cg18044663	GFRA1	between_gene	0			
ASAN	cg17838029	EYA4	cg15701178	UNC5C	between_gene	0			
ASAN	cg17838029	EYA4	cg03008707	UNC5C	between_gene	0			
ASAN	cg17838029	EYA4	cg24870497	UNC5C	between_gene	0			
ASAN	cg17838029	EYA4	cg13265789	UNC5C	between_gene	0			
ASAN	cg17838029	EYA4	cg12584684	UNC5C	between_gene	0			
ASAN	cg17838029	EYA4	cg08327106	RALYL	between_gene	0			
ASAN	cg17838029	EYA4	cg09757712	RALYL	between_gene	0			
ASAN	cg17838029	EYA4	cg11089595	RALYL	between_gene	0			
ASAN	cg17838029	EYA4	cg01134282	RALYL	between_gene	0			
ASAN	cg17838029	EYA4	cg06955749	RALYL	between_gene	0			
ASAN	cg17838029	EYA4	cg11666087	BEND5	between_gene	0			
ASAN	cg17838029	EYA4	cg16573178	BEND5	between_gene	0			
ASAN	cg17838029	EYA4	cg06744574	BEND5	between_gene	0			
ASAN	cg17838029	EYA4	cg03603214	BEND5	between_gene	0			
ASAN	cg14343214	EYA4	cg24675448	EYA4	within_gene	0			
ASAN	cg14343214	EYA4	cg21607030	EYA4	within_gene	0			
ASAN	cg14343214	EYA4	cg11664500	EYA4	within_gene	128	0.8482993041567478	1.3486638120964272e-36	3.995574097519322e-36
ASAN	cg14343214	EYA4	cg26656135	EYA4	within_gene	0			
ASAN	cg14343214	EYA4	cg20286200	EYA4	within_gene	128	0.8490889946896172	9.96313438930574e-37	2.979541133405585e-36
ASAN	cg14343214	EYA4	cg14270292	EYA4	within_gene	128	0.8507999908441678	5.138850050377035e-37	1.5514433009233526e-36
ASAN	cg14343214	EYA4	cg06181518	EYA4	within_gene	128	0.8174842061893426	5.56319674640639e-32	1.3777604442272076e-31
ASAN	cg14343214	EYA4	cg14287112	EYA4	within_gene	128	0.8512177256912652	4.366361043773115e-37	1.33090043353469e-36
ASAN	cg14343214	EYA4	cg01328892	EYA4	within_gene	128	0.8168261307452848	6.827015418282461e-32	1.677646424492667e-31
ASAN	cg14343214	EYA4	cg05493394	EYA4	within_gene	128	0.916590368064457	5.2971396509280706e-52	2.998559409543211e-51
ASAN	cg14343214	EYA4	cg26449787	EYA4	within_gene	128	0.8769742263321735	6.3756054454659e-42	2.1968118763181416e-41
ASAN	cg14343214	EYA4	cg22871668	EYA4	within_gene	128	0.8427314136605017	1.087385363052019e-35	3.1054158566440536e-35
ASAN	cg14343214	EYA4	cg20980055	EYA4	within_gene	128	0.8376670939388391	6.773530530002569e-35	1.8835168228165035e-34
ASAN	cg14343214	EYA4	cg06611358	ZNF568	between_gene	0			
ASAN	cg14343214	EYA4	cg27390819	ZNF568	between_gene	128	0.7121520783739242	4.3204101458977235e-21	2.1760521371905714e-20
ASAN	cg14343214	EYA4	cg20154403	ZNF568	between_gene	128	0.687746062992126	3.0486591676577803e-19	1.2870472117183086e-18
ASAN	cg14343214	EYA4	cg21761844	ZNF568	between_gene	0			
ASAN	cg14343214	EYA4	cg20680720	ZNF568	between_gene	128	0.5513127174510163	1.5436765370493696e-11	3.3229802682853176e-11
ASAN	cg14343214	EYA4	cg02459604	ZNF568	between_gene	128	0.6164850759934077	9.41671313122358e-15	2.509520384000237e-14
ASAN	cg14343214	EYA4	cg03060201	ZNF568	between_gene	128	0.6776059787584691	1.5843577105083738e-18	6.151174504042182e-18
ASAN	cg14343214	EYA4	cg03443751	ZNF568	between_gene	128	0.6417551730452298	3.2852521987660915e-16	9.851980444345669e-16
ASAN	cg14343214	EYA4	cg17332326	ZNF793	between_gene	128	0.5652181377037172	3.639484289697548e-12	8.249708524605476e-12
ASAN	cg14343214	EYA4	cg11623861	ZNF793	between_gene	0			
ASAN	cg14343214	EYA4	cg14732998	ZNF793	between_gene	0			
ASAN	cg14343214	EYA4	cg07482795	ZNF793	between_gene	128	0.5663797839223585	3.215788503837898e-12	7.308355580586301e-12
ASAN	cg14343214	EYA4	cg13181745	ZNF793	between_gene	0			
ASAN	cg14343214	EYA4	cg24078985	ZNF793	between_gene	128	0.5605200512726607	5.974661665911757e-12	1.3311607417902451e-11
ASAN	cg14343214	EYA4	cg15139588	ZNF793	between_gene	128	0.5400853781358725	4.726409817723201e-11	9.928505003574744e-11
ASAN	cg14343214	EYA4	cg25361907	ZNF793	between_gene	128	0.54681491485076	2.428887714780802e-11	5.1857349000516475e-11
ASAN	cg14343214	EYA4	cg20299663	SFMBT2	between_gene	128	0.7362834187877678	4.0624194523054024e-23	2.572536978413785e-22
ASAN	cg14343214	EYA4	cg20506550	SFMBT2	between_gene	0			
ASAN	cg14343214	EYA4	cg01056653	SFMBT2	between_gene	0			
ASAN	cg14343214	EYA4	cg22862480	SFMBT2	between_gene	128	0.8125686687419886	2.5171762838228596e-31	8.874747195261948e-30
ASAN	cg14343214	EYA4	cg12767281	SFMBT2	between_gene	128	0.7176913568943416	1.5451942365199659e-21	8.22737094506243e-21
ASAN	cg14343214	EYA4	cg26878816	SFMBT2	between_gene	128	0.7438655923823475	8.423637337004796e-24	5.860605283265469e-23
ASAN	cg14343214	EYA4	cg12328063	SFMBT2	between_gene	128	0.7593046145394616	2.8640064326231863e-25	2.5158898258295936e-24
ASAN	cg14343214	EYA4	cg16818993	SFMBT2	between_gene	128	0.7097028932429957	6.755001004217569e-21	3.3569138323816445e-20
ASAN	cg14343214	EYA4	cg20295442	ADHFE1	between_gene	0			
ASAN	cg14343214	EYA4	cg19283840	ADHFE1	between_gene	0			
ASAN	cg14343214	EYA4	cg25046651	ADHFE1	between_gene	128	0.6363532320087896	6.909079218209789e-16	2.0185652497546852e-15
ASAN	cg14343214	EYA4	cg01588438	ADHFE1	between_gene	128	0.6486048800585974	1.2526605967101267e-16	3.876858240589229e-16
ASAN	cg14343214	EYA4	cg08090772	ADHFE1	between_gene	0			
ASAN	cg14343214	EYA4	cg09383816	ADHFE1	between_gene	128	0.6439182384178721	2.429304933816681e-16	7.361273603168085e-16
ASAN	cg14343214	EYA4	cg20912169	ADHFE1	between_gene	128	0.6398210034792162	4.294397240382039e-16	1.2731911818359934e-15
ASAN	cg14343214	EYA4	cg18065361	ADHFE1	between_gene	128	0.6460069126533602	1.8109431371687163e-16	5.526024146050505e-16
ASAN	cg14343214	EYA4	cg04481096	HOXA2	between_gene	128	0.5519593481047427	1.4454869913082489e-11	3.1193346239232605e-11
ASAN	cg14343214	EYA4	cg19598584	HOXA2	between_gene	0			
ASAN	cg14343214	EYA4	cg09871315	HOXA2	between_gene	0			
ASAN	cg14343214	EYA4	cg13661519	HOXA2	between_gene	128	0.5606860007324665	5.871738334126696e-12	1.3115894960390882e-11
ASAN	cg14343214	EYA4	cg02803819	HOXA2	between_gene	128	0.585578419703351	3.870126546925819e-13	9.297569208958989e-13
ASAN	cg14343214	EYA4	cg03763508	HOXA2	between_gene	128	0.5305575901849477	1.183325136078806e-10	2.4482912609275217e-10
ASAN	cg14343214	EYA4	cg00188704	HOXA2	between_gene	128	0.5837071964841604	4.786403229964252e-13	1.1467149703376249e-12
ASAN	cg14343214	EYA4	cg06786372	HOXA2	between_gene	128	0.592582631386193	1.725831695623249e-13	4.2398257004529723e-13
ASAN	cg14343214	EYA4	cg19236679	GFRA1	between_gene	128	0.6750766800952206	2.365690632299092e-18	8.932108335265314e-18
ASAN	cg14343214	EYA4	cg06298519	GFRA1	between_gene	128	0.6980005951290972	5.3703531000535894e-20	2.436739345746055e-19
ASAN	cg14343214	EYA4	cg19485539	GFRA1	between_gene	128	0.726898690715986	2.6463753127196464e-22	1.5241486072595048e-21
ASAN	cg14343214	EYA4	cg18672939	GFRA1	between_gene	128	0.7355566746017212	4.710239896006477e-23	2.9470062083167624e-22
ASAN	cg14343214	EYA4	cg27034576	GFRA1	between_gene	128	0.7759224501007141	5.5932932542625634e-27	6.663425616607776e-26
ASAN	cg14343214	EYA4	cg18044663	GFRA1	between_gene	128	0.6818405511811023	8.02519238879544e-19	3.2211887603641997e-18
ASAN	cg14343214	EYA4	cg15701178	UNC5C	between_gene	128	0.6910593297930782	1.75338952826672e-19	7.611636071959855e-19
ASAN	cg14343214	EYA4	cg03008707	UNC5C	between_gene	128	0.7383606482329244	2.6542602961066017e-23	1.7531557246942086e-22
ASAN	cg14343214	EYA4	cg24870497	UNC5C	between_gene	0			
ASAN	cg14343214	EYA4	cg13265789	UNC5C	between_gene	128	0.7456338124885551	5.790114825931855e-24	4.076771886972316e-23
ASAN	cg14343214	EYA4	cg12584684	UNC5C	between_gene	128	0.6633457700054934	1.4435528086076076e-17	4.955564839022695e-17
ASAN	cg14343214	EYA4	cg08327106	RALYL	between_gene	0			
ASAN	cg14343214	EYA4	cg09757712	RALYL	between_gene	0			
ASAN	cg14343214	EYA4	cg11089595	RALYL	between_gene	128	0.7463662790697675	4.952791170255092e-24	3.520935194331209e-23
ASAN	cg14343214	EYA4	cg01134282	RALYL	between_gene	0			
ASAN	cg14343214	EYA4	cg06955749	RALYL	between_gene	128	0.6788134041384362	1.3065549184395214e-18	5.1337376238083e-18
ASAN	cg14343214	EYA4	cg11666087	BEND5	between_gene	128	0.731098928767625	1.1550967411763218e-22	6.992221340438569e-22
ASAN	cg14343214	EYA4	cg16573178	BEND5	between_gene	128	0.680249725325032	1.0375507295008186e-18	4.139097634965804e-18
ASAN	cg14343214	EYA4	cg06744574	BEND5	between_gene	128	0.7185726057498626	1.3090539427178545e-21	7.012980978543906e-21
ASAN	cg14343214	EYA4	cg03603214	BEND5	between_gene	128	0.636936916315693	6.380327280488631e-16	1.874580391305725e-15
ASAN	cg24675448	EYA4	cg21607030	EYA4	within_gene	0			
ASAN	cg24675448	EYA4	cg11664500	EYA4	within_gene	0			
ASAN	cg24675448	EYA4	cg26656135	EYA4	within_gene	0			
ASAN	cg24675448	EYA4	cg20286200	EYA4	within_gene	0			
ASAN	cg24675448	EYA4	cg14270292	EYA4	within_gene	0			
ASAN	cg24675448	EYA4	cg06181518	EYA4	within_gene	0			
ASAN	cg24675448	EYA4	cg14287112	EYA4	within_gene	0			
ASAN	cg24675448	EYA4	cg01328892	EYA4	within_gene	0			
ASAN	cg24675448	EYA4	cg05493394	EYA4	within_gene	0			
ASAN	cg24675448	EYA4	cg26449787	EYA4	within_gene	0			
ASAN	cg24675448	EYA4	cg22871668	EYA4	within_gene	0			
ASAN	cg24675448	EYA4	cg20980055	EYA4	within_gene	0			
ASAN	cg24675448	EYA4	cg06611358	ZNF568	between_gene	0			
ASAN	cg24675448	EYA4	cg27390819	ZNF568	between_gene	0			
ASAN	cg24675448	EYA4	cg20154403	ZNF568	between_gene	0			
ASAN	cg24675448	EYA4	cg21761844	ZNF568	between_gene	0			
ASAN	cg24675448	EYA4	cg20680720	ZNF568	between_gene	0			
ASAN	cg24675448	EYA4	cg02459604	ZNF568	between_gene	0			
ASAN	cg24675448	EYA4	cg03060201	ZNF568	between_gene	0			
ASAN	cg24675448	EYA4	cg03443751	ZNF568	between_gene	0			
ASAN	cg24675448	EYA4	cg17332326	ZNF793	between_gene	0			
ASAN	cg24675448	EYA4	cg11623861	ZNF793	between_gene	0			
ASAN	cg24675448	EYA4	cg14732998	ZNF793	between_gene	0			
ASAN	cg24675448	EYA4	cg07482795	ZNF793	between_gene	0			
ASAN	cg24675448	EYA4	cg13181745	ZNF793	between_gene	0			
ASAN	cg24675448	EYA4	cg24078985	ZNF793	between_gene	0			
ASAN	cg24675448	EYA4	cg15139588	ZNF793	between_gene	0			
ASAN	cg24675448	EYA4	cg25361907	ZNF793	between_gene	0			
ASAN	cg24675448	EYA4	cg20299663	SFMBT2	between_gene	0			
ASAN	cg24675448	EYA4	cg20506550	SFMBT2	between_gene	0			
ASAN	cg24675448	EYA4	cg01056653	SFMBT2	between_gene	0			
ASAN	cg24675448	EYA4	cg22862480	SFMBT2	between_gene	0			
ASAN	cg24675448	EYA4	cg12767281	SFMBT2	between_gene	0			
ASAN	cg24675448	EYA4	cg26878816	SFMBT2	between_gene	0			
ASAN	cg24675448	EYA4	cg12328063	SFMBT2	between_gene	0			
ASAN	cg24675448	EYA4	cg16818993	SFMBT2	between_gene	0			
ASAN	cg24675448	EYA4	cg20295442	ADHFE1	between_gene	0			
ASAN	cg24675448	EYA4	cg19283840	ADHFE1	between_gene	0			
ASAN	cg24675448	EYA4	cg25046651	ADHFE1	between_gene	0			
ASAN	cg24675448	EYA4	cg01588438	ADHFE1	between_gene	0			
ASAN	cg24675448	EYA4	cg08090772	ADHFE1	between_gene	0			
ASAN	cg24675448	EYA4	cg09383816	ADHFE1	between_gene	0			
ASAN	cg24675448	EYA4	cg20912169	ADHFE1	between_gene	0			
ASAN	cg24675448	EYA4	cg18065361	ADHFE1	between_gene	0			
ASAN	cg24675448	EYA4	cg04481096	HOXA2	between_gene	0			
ASAN	cg24675448	EYA4	cg19598584	HOXA2	between_gene	0			
ASAN	cg24675448	EYA4	cg09871315	HOXA2	between_gene	0			
ASAN	cg24675448	EYA4	cg13661519	HOXA2	between_gene	0			
ASAN	cg24675448	EYA4	cg02803819	HOXA2	between_gene	0			
ASAN	cg24675448	EYA4	cg03763508	HOXA2	between_gene	0			
ASAN	cg24675448	EYA4	cg00188704	HOXA2	between_gene	0			
ASAN	cg24675448	EYA4	cg06786372	HOXA2	between_gene	0			
ASAN	cg24675448	EYA4	cg19236679	GFRA1	between_gene	0			
ASAN	cg24675448	EYA4	cg06298519	GFRA1	between_gene	0			
ASAN	cg24675448	EYA4	cg19485539	GFRA1	between_gene	0			
ASAN	cg24675448	EYA4	cg18672939	GFRA1	between_gene	0			
ASAN	cg24675448	EYA4	cg27034576	GFRA1	between_gene	0			
ASAN	cg24675448	EYA4	cg18044663	GFRA1	between_gene	0			
ASAN	cg24675448	EYA4	cg15701178	UNC5C	between_gene	0			
ASAN	cg24675448	EYA4	cg03008707	UNC5C	between_gene	0			
ASAN	cg24675448	EYA4	cg24870497	UNC5C	between_gene	0			
ASAN	cg24675448	EYA4	cg13265789	UNC5C	between_gene	0			
ASAN	cg24675448	EYA4	cg12584684	UNC5C	between_gene	0			
ASAN	cg24675448	EYA4	cg08327106	RALYL	between_gene	0			
ASAN	cg24675448	EYA4	cg09757712	RALYL	between_gene	0			
ASAN	cg24675448	EYA4	cg11089595	RALYL	between_gene	0			
ASAN	cg24675448	EYA4	cg01134282	RALYL	between_gene	0			
ASAN	cg24675448	EYA4	cg06955749	RALYL	between_gene	0			
ASAN	cg24675448	EYA4	cg11666087	BEND5	between_gene	0			
ASAN	cg24675448	EYA4	cg16573178	BEND5	between_gene	0			
ASAN	cg24675448	EYA4	cg06744574	BEND5	between_gene	0			
ASAN	cg24675448	EYA4	cg03603214	BEND5	between_gene	0			
ASAN	cg21607030	EYA4	cg11664500	EYA4	within_gene	0			
ASAN	cg21607030	EYA4	cg26656135	EYA4	within_gene	0			
ASAN	cg21607030	EYA4	cg20286200	EYA4	within_gene	0			
ASAN	cg21607030	EYA4	cg14270292	EYA4	within_gene	0			
ASAN	cg21607030	EYA4	cg06181518	EYA4	within_gene	0			
ASAN	cg21607030	EYA4	cg14287112	EYA4	within_gene	0			
ASAN	cg21607030	EYA4	cg01328892	EYA4	within_gene	0			
ASAN	cg21607030	EYA4	cg05493394	EYA4	within_gene	0			
ASAN	cg21607030	EYA4	cg26449787	EYA4	within_gene	0			
ASAN	cg21607030	EYA4	cg22871668	EYA4	within_gene	0			
ASAN	cg21607030	EYA4	cg20980055	EYA4	within_gene	0			
ASAN	cg21607030	EYA4	cg06611358	ZNF568	between_gene	0			
ASAN	cg21607030	EYA4	cg27390819	ZNF568	between_gene	0			
ASAN	cg21607030	EYA4	cg20154403	ZNF568	between_gene	0			
ASAN	cg21607030	EYA4	cg21761844	ZNF568	between_gene	0			
ASAN	cg21607030	EYA4	cg20680720	ZNF568	between_gene	0			
ASAN	cg21607030	EYA4	cg02459604	ZNF568	between_gene	0			
ASAN	cg21607030	EYA4	cg03060201	ZNF568	between_gene	0			
ASAN	cg21607030	EYA4	cg03443751	ZNF568	between_gene	0			
ASAN	cg21607030	EYA4	cg17332326	ZNF793	between_gene	0			
ASAN	cg21607030	EYA4	cg11623861	ZNF793	between_gene	0			
ASAN	cg21607030	EYA4	cg14732998	ZNF793	between_gene	0			
ASAN	cg21607030	EYA4	cg07482795	ZNF793	between_gene	0			
ASAN	cg21607030	EYA4	cg13181745	ZNF793	between_gene	0			
ASAN	cg21607030	EYA4	cg24078985	ZNF793	between_gene	0			
ASAN	cg21607030	EYA4	cg15139588	ZNF793	between_gene	0			
ASAN	cg21607030	EYA4	cg25361907	ZNF793	between_gene	0			
ASAN	cg21607030	EYA4	cg20299663	SFMBT2	between_gene	0			
ASAN	cg21607030	EYA4	cg20506550	SFMBT2	between_gene	0			
ASAN	cg21607030	EYA4	cg01056653	SFMBT2	between_gene	0			
ASAN	cg21607030	EYA4	cg22862480	SFMBT2	between_gene	0			
ASAN	cg21607030	EYA4	cg12767281	SFMBT2	between_gene	0			
ASAN	cg21607030	EYA4	cg26878816	SFMBT2	between_gene	0			
ASAN	cg21607030	EYA4	cg12328063	SFMBT2	between_gene	0			
ASAN	cg21607030	EYA4	cg16818993	SFMBT2	between_gene	0			
ASAN	cg21607030	EYA4	cg20295442	ADHFE1	between_gene	0			
ASAN	cg21607030	EYA4	cg19283840	ADHFE1	between_gene	0			
ASAN	cg21607030	EYA4	cg25046651	ADHFE1	between_gene	0			
ASAN	cg21607030	EYA4	cg01588438	ADHFE1	between_gene	0			
ASAN	cg21607030	EYA4	cg08090772	ADHFE1	between_gene	0			
ASAN	cg21607030	EYA4	cg09383816	ADHFE1	between_gene	0			
ASAN	cg21607030	EYA4	cg20912169	ADHFE1	between_gene	0			
ASAN	cg21607030	EYA4	cg18065361	ADHFE1	between_gene	0			
ASAN	cg21607030	EYA4	cg04481096	HOXA2	between_gene	0			
ASAN	cg21607030	EYA4	cg19598584	HOXA2	between_gene	0			
ASAN	cg21607030	EYA4	cg09871315	HOXA2	between_gene	0			
ASAN	cg21607030	EYA4	cg13661519	HOXA2	between_gene	0			
ASAN	cg21607030	EYA4	cg02803819	HOXA2	between_gene	0			
ASAN	cg21607030	EYA4	cg03763508	HOXA2	between_gene	0			
ASAN	cg21607030	EYA4	cg00188704	HOXA2	between_gene	0			
ASAN	cg21607030	EYA4	cg06786372	HOXA2	between_gene	0			
ASAN	cg21607030	EYA4	cg19236679	GFRA1	between_gene	0			
ASAN	cg21607030	EYA4	cg06298519	GFRA1	between_gene	0			
ASAN	cg21607030	EYA4	cg19485539	GFRA1	between_gene	0			
ASAN	cg21607030	EYA4	cg18672939	GFRA1	between_gene	0			
ASAN	cg21607030	EYA4	cg27034576	GFRA1	between_gene	0			
ASAN	cg21607030	EYA4	cg18044663	GFRA1	between_gene	0			
ASAN	cg21607030	EYA4	cg15701178	UNC5C	between_gene	0			
ASAN	cg21607030	EYA4	cg03008707	UNC5C	between_gene	0			
ASAN	cg21607030	EYA4	cg24870497	UNC5C	between_gene	0			
ASAN	cg21607030	EYA4	cg13265789	UNC5C	between_gene	0			
ASAN	cg21607030	EYA4	cg12584684	UNC5C	between_gene	0			
ASAN	cg21607030	EYA4	cg08327106	RALYL	between_gene	0			
ASAN	cg21607030	EYA4	cg09757712	RALYL	between_gene	0			
ASAN	cg21607030	EYA4	cg11089595	RALYL	between_gene	0			
ASAN	cg21607030	EYA4	cg01134282	RALYL	between_gene	0			
ASAN	cg21607030	EYA4	cg06955749	RALYL	between_gene	0			
ASAN	cg21607030	EYA4	cg11666087	BEND5	between_gene	0			
ASAN	cg21607030	EYA4	cg16573178	BEND5	between_gene	0			
ASAN	cg21607030	EYA4	cg06744574	BEND5	between_gene	0			
ASAN	cg21607030	EYA4	cg03603214	BEND5	between_gene	0			
ASAN	cg11664500	EYA4	cg26656135	EYA4	within_gene	0			
ASAN	cg11664500	EYA4	cg20286200	EYA4	within_gene	128	0.9421694744552278	1.1332464766957996e-61	9.709165759799147e-61
ASAN	cg11664500	EYA4	cg14270292	EYA4	within_gene	128	0.9832162149789416	5.761102532269439e-95	3.6525390054588237e-93
ASAN	cg11664500	EYA4	cg06181518	EYA4	within_gene	128	0.840225004577916	2.7103117321337244e-35	7.671150170414202e-35
ASAN	cg11664500	EYA4	cg14287112	EYA4	within_gene	128	0.9807384178721844	3.1254142995801635e-91	1.6512605549448533e-89
ASAN	cg11664500	EYA4	cg01328892	EYA4	within_gene	128	0.903772202893243	2.8691580836768987e-48	1.3780653220084494e-47
ASAN	cg11664500	EYA4	cg05493394	EYA4	within_gene	128	0.7846262131477751	6.205314789188627e-28	1.3852709775864751e-27
ASAN	cg11664500	EYA4	cg26449787	EYA4	within_gene	128	0.9200009155832264	4.254394395326848e-53	2.5935442756127133e-52
ASAN	cg11664500	EYA4	cg22871668	EYA4	within_gene	128	0.977877220289324	1.7616195927534144e-87	6.980417636285404e-86
ASAN	cg11664500	EYA4	cg20980055	EYA4	within_gene	128	0.953248031496063	2.4347623438869202e-67	3.3557376652702333e-66
ASAN	cg11664500	EYA4	cg06611358	ZNF568	between_gene	0			
ASAN	cg11664500	EYA4	cg27390819	ZNF568	between_gene	128	0.777747894158579	3.556122878389944e-27	4.525816873033836e-26
ASAN	cg11664500	EYA4	cg20154403	ZNF568	between_gene	128	0.6913740615271928	1.6629951423147461e-19	7.23125721049862e-19
ASAN	cg11664500	EYA4	cg21761844	ZNF568	between_gene	0			
ASAN	cg11664500	EYA4	cg20680720	ZNF568	between_gene	128	0.5377906976744186	5.911051480723714e-11	1.2357318359942442e-10
ASAN	cg11664500	EYA4	cg02459604	ZNF568	between_gene	128	0.6389225874381981	4.860245120579376e-16	1.4360565707351745e-15
ASAN	cg11664500	EYA4	cg03060201	ZNF568	between_gene	128	0.6934627357626808	1.168402209237552e-19	5.149259060643198e-19
ASAN	cg11664500	EYA4	cg03443751	ZNF568	between_gene	128	0.6239699688701702	3.5974284402554e-15	9.963578344613948e-15
ASAN	cg11664500	EYA4	cg17332326	ZNF793	between_gene	128	0.5818703076359641	5.88883053389431e-13	1.4043838083117233e-12
ASAN	cg11664500	EYA4	cg11623861	ZNF793	between_gene	0			
ASAN	cg11664500	EYA4	cg14732998	ZNF793	between_gene	0			
ASAN	cg11664500	EYA4	cg07482795	ZNF793	between_gene	128	0.5351698406885186	7.615778808636212e-11	1.5870261111606928e-10
ASAN	cg11664500	EYA4	cg13181745	ZNF793	between_gene	0			
ASAN	cg11664500	EYA4	cg24078985	ZNF793	between_gene	128	0.5744826954770188	1.3379829482106882e-12	3.127954759750614e-12
ASAN	cg11664500	EYA4	cg15139588	ZNF793	between_gene	128	0.5564399835195019	9.131651589249628e-12	2.0054275249454777e-11
ASAN	cg11664500	EYA4	cg25361907	ZNF793	between_gene	128	0.5483828511261674	2.075473105014174e-11	4.4493913976844536e-11
ASAN	cg11664500	EYA4	cg20299663	SFMBT2	between_gene	128	0.8000423457242263	9.72299140699075e-30	2.3061167800762606e-28
ASAN	cg11664500	EYA4	cg20506550	SFMBT2	between_gene	0			
ASAN	cg11664500	EYA4	cg01056653	SFMBT2	between_gene	0			
ASAN	cg11664500	EYA4	cg22862480	SFMBT2	between_gene	128	0.8658270005493498	1.0474558456845968e-39	3.904017573415875e-37
ASAN	cg11664500	EYA4	cg12767281	SFMBT2	between_gene	128	0.7618682475737043	1.5937135575308346e-25	1.4692574811300168e-24
ASAN	cg11664500	EYA4	cg26878816	SFMBT2	between_gene	128	0.780408807910639	1.8234844767649068e-27	2.530569680787044e-26
ASAN	cg11664500	EYA4	cg12328063	SFMBT2	between_gene	128	0.8151952481230544	1.1298824131458555e-31	4.2112331655679106e-30
ASAN	cg11664500	EYA4	cg16818993	SFMBT2	between_gene	128	0.752786806445706	1.2305814919974394e-24	9.69965895051758e-24
ASAN	cg11664500	EYA4	cg20295442	ADHFE1	between_gene	0			
ASAN	cg11664500	EYA4	cg19283840	ADHFE1	between_gene	0			
ASAN	cg11664500	EYA4	cg25046651	ADHFE1	between_gene	128	0.7972212049075261	2.13651630670718e-29	4.5678842584633e-28
ASAN	cg11664500	EYA4	cg01588438	ADHFE1	between_gene	128	0.7700455502655192	2.336318212455593e-26	2.5084173729615814e-25
ASAN	cg11664500	EYA4	cg08090772	ADHFE1	between_gene	0			
ASAN	cg11664500	EYA4	cg09383816	ADHFE1	between_gene	128	0.7764431880607946	4.9175345692574686e-27	6.023402671921473e-26
ASAN	cg11664500	EYA4	cg20912169	ADHFE1	between_gene	128	0.774715024720747	7.529270891018845e-27	8.808909307026085e-26
ASAN	cg11664500	EYA4	cg18065361	ADHFE1	between_gene	128	0.7545893609229078	8.260229935956754e-25	6.777025126701625e-24
ASAN	cg11664500	EYA4	cg04481096	HOXA2	between_gene	128	0.5682624519318806	2.628606272782701e-12	6.005283507609515e-12
ASAN	cg11664500	EYA4	cg19598584	HOXA2	between_gene	0			
ASAN	cg11664500	EYA4	cg09871315	HOXA2	between_gene	0			
ASAN	cg11664500	EYA4	cg13661519	HOXA2	between_gene	128	0.6512142922541658	8.619642534689207e-17	2.7051899255620663e-16
ASAN	cg11664500	EYA4	cg02803819	HOXA2	between_gene	128	0.6833684306903498	6.261100081605127e-19	2.528670296115755e-18
ASAN	cg11664500	EYA4	cg03763508	HOXA2	between_gene	128	0.5883766709393884	2.809416672528428e-13	6.793112232276803e-13
ASAN	cg11664500	EYA4	cg00188704	HOXA2	between_gene	128	0.6468366599523896	1.6104550787007126e-16	4.931546127148074e-16
ASAN	cg11664500	EYA4	cg06786372	HOXA2	between_gene	128	0.6914999542208387	1.6281252186633122e-19	7.091450242892457e-19
ASAN	cg11664500	EYA4	cg19236679	GFRA1	between_gene	128	0.7473390862479399	4.021554339266096e-24	2.9064363631981287e-23
ASAN	cg11664500	EYA4	cg06298519	GFRA1	between_gene	128	0.7807864859915765	1.657304301417324e-27	2.3372469850798908e-26
ASAN	cg11664500	EYA4	cg19485539	GFRA1	between_gene	128	0.8121909906610512	2.821537694702355e-31	9.686041901945323e-30
ASAN	cg11664500	EYA4	cg18672939	GFRA1	between_gene	128	0.7982512360373557	1.6050964637097866e-29	3.548895486287147e-28
ASAN	cg11664500	EYA4	cg27034576	GFRA1	between_gene	128	0.8452321003479216	4.302096389520179e-36	4.008631957235053e-34
ASAN	cg11664500	EYA4	cg18044663	GFRA1	between_gene	128	0.770600622596594	2.044947063136955e-26	2.2229552151797614e-25
ASAN	cg11664500	EYA4	cg15701178	UNC5C	between_gene	128	0.7890839589818714	1.9336505847389446e-28	3.4319009357713655e-27
ASAN	cg11664500	EYA4	cg03008707	UNC5C	between_gene	128	0.8437614447903314	7.436464078092057e-36	6.467244926580725e-34
ASAN	cg11664500	EYA4	cg24870497	UNC5C	between_gene	0			
ASAN	cg11664500	EYA4	cg13265789	UNC5C	between_gene	128	0.8756809650247207	1.1814280145929858e-41	1.0274485633577002e-38
ASAN	cg11664500	EYA4	cg12584684	UNC5C	between_gene	128	0.7506580754440578	1.9617730334752356e-24	1.5053723071579088e-23
ASAN	cg11664500	EYA4	cg08327106	RALYL	between_gene	0			
ASAN	cg11664500	EYA4	cg09757712	RALYL	between_gene	0			
ASAN	cg11664500	EYA4	cg11089595	RALYL	between_gene	128	0.7972555392785203	2.1163017466308265e-29	4.563166328065972e-28
ASAN	cg11664500	EYA4	cg01134282	RALYL	between_gene	0			
ASAN	cg11664500	EYA4	cg06955749	RALYL	between_gene	128	0.6685073704449734	6.579750578682497e-18	2.367802656521743e-17
ASAN	cg11664500	EYA4	cg11666087	BEND5	between_gene	128	0.7872413477385094	3.141700137078282e-28	5.46446377175816e-27
ASAN	cg11664500	EYA4	cg16573178	BEND5	between_gene	128	0.7523519044131111	1.3541163280360984e-24	1.0545938805510988e-23
ASAN	cg11664500	EYA4	cg06744574	BEND5	between_gene	128	0.8031896630653726	3.9797387522835364e-30	1.0815769171570567e-28
ASAN	cg11664500	EYA4	cg03603214	BEND5	between_gene	128	0.667820683025087	7.311338095198303e-18	2.605912717263985e-17
ASAN	cg26656135	EYA4	cg20286200	EYA4	within_gene	0			
ASAN	cg26656135	EYA4	cg14270292	EYA4	within_gene	0			
ASAN	cg26656135	EYA4	cg06181518	EYA4	within_gene	0			
ASAN	cg26656135	EYA4	cg14287112	EYA4	within_gene	0			
ASAN	cg26656135	EYA4	cg01328892	EYA4	within_gene	0			
ASAN	cg26656135	EYA4	cg05493394	EYA4	within_gene	0			
ASAN	cg26656135	EYA4	cg26449787	EYA4	within_gene	0			
ASAN	cg26656135	EYA4	cg22871668	EYA4	within_gene	0			
ASAN	cg26656135	EYA4	cg20980055	EYA4	within_gene	0			
ASAN	cg26656135	EYA4	cg06611358	ZNF568	between_gene	0			
ASAN	cg26656135	EYA4	cg27390819	ZNF568	between_gene	0			
ASAN	cg26656135	EYA4	cg20154403	ZNF568	between_gene	0			
ASAN	cg26656135	EYA4	cg21761844	ZNF568	between_gene	0			
ASAN	cg26656135	EYA4	cg20680720	ZNF568	between_gene	0			
ASAN	cg26656135	EYA4	cg02459604	ZNF568	between_gene	0			
ASAN	cg26656135	EYA4	cg03060201	ZNF568	between_gene	0			
ASAN	cg26656135	EYA4	cg03443751	ZNF568	between_gene	0			
ASAN	cg26656135	EYA4	cg17332326	ZNF793	between_gene	0			
ASAN	cg26656135	EYA4	cg11623861	ZNF793	between_gene	0			
ASAN	cg26656135	EYA4	cg14732998	ZNF793	between_gene	0			
ASAN	cg26656135	EYA4	cg07482795	ZNF793	between_gene	0			
ASAN	cg26656135	EYA4	cg13181745	ZNF793	between_gene	0			
ASAN	cg26656135	EYA4	cg24078985	ZNF793	between_gene	0			
ASAN	cg26656135	EYA4	cg15139588	ZNF793	between_gene	0			
ASAN	cg26656135	EYA4	cg25361907	ZNF793	between_gene	0			
ASAN	cg26656135	EYA4	cg20299663	SFMBT2	between_gene	0			
ASAN	cg26656135	EYA4	cg20506550	SFMBT2	between_gene	0			
ASAN	cg26656135	EYA4	cg01056653	SFMBT2	between_gene	0			
ASAN	cg26656135	EYA4	cg22862480	SFMBT2	between_gene	0			
ASAN	cg26656135	EYA4	cg12767281	SFMBT2	between_gene	0			
ASAN	cg26656135	EYA4	cg26878816	SFMBT2	between_gene	0			
ASAN	cg26656135	EYA4	cg12328063	SFMBT2	between_gene	0			
ASAN	cg26656135	EYA4	cg16818993	SFMBT2	between_gene	0			
ASAN	cg26656135	EYA4	cg20295442	ADHFE1	between_gene	0			
ASAN	cg26656135	EYA4	cg19283840	ADHFE1	between_gene	0			
ASAN	cg26656135	EYA4	cg25046651	ADHFE1	between_gene	0			
ASAN	cg26656135	EYA4	cg01588438	ADHFE1	between_gene	0			
ASAN	cg26656135	EYA4	cg08090772	ADHFE1	between_gene	0			
ASAN	cg26656135	EYA4	cg09383816	ADHFE1	between_gene	0			
ASAN	cg26656135	EYA4	cg20912169	ADHFE1	between_gene	0			
ASAN	cg26656135	EYA4	cg18065361	ADHFE1	between_gene	0			
ASAN	cg26656135	EYA4	cg04481096	HOXA2	between_gene	0			
ASAN	cg26656135	EYA4	cg19598584	HOXA2	between_gene	0			
ASAN	cg26656135	EYA4	cg09871315	HOXA2	between_gene	0			
ASAN	cg26656135	EYA4	cg13661519	HOXA2	between_gene	0			
ASAN	cg26656135	EYA4	cg02803819	HOXA2	between_gene	0			
ASAN	cg26656135	EYA4	cg03763508	HOXA2	between_gene	0			
ASAN	cg26656135	EYA4	cg00188704	HOXA2	between_gene	0			
ASAN	cg26656135	EYA4	cg06786372	HOXA2	between_gene	0			
ASAN	cg26656135	EYA4	cg19236679	GFRA1	between_gene	0			
ASAN	cg26656135	EYA4	cg06298519	GFRA1	between_gene	0			
ASAN	cg26656135	EYA4	cg19485539	GFRA1	between_gene	0			
ASAN	cg26656135	EYA4	cg18672939	GFRA1	between_gene	0			
ASAN	cg26656135	EYA4	cg27034576	GFRA1	between_gene	0			
ASAN	cg26656135	EYA4	cg18044663	GFRA1	between_gene	0			
ASAN	cg26656135	EYA4	cg15701178	UNC5C	between_gene	0			
ASAN	cg26656135	EYA4	cg03008707	UNC5C	between_gene	0			
ASAN	cg26656135	EYA4	cg24870497	UNC5C	between_gene	0			
ASAN	cg26656135	EYA4	cg13265789	UNC5C	between_gene	0			
ASAN	cg26656135	EYA4	cg12584684	UNC5C	between_gene	0			
ASAN	cg26656135	EYA4	cg08327106	RALYL	between_gene	0			
ASAN	cg26656135	EYA4	cg09757712	RALYL	between_gene	0			
ASAN	cg26656135	EYA4	cg11089595	RALYL	between_gene	0			
ASAN	cg26656135	EYA4	cg01134282	RALYL	between_gene	0			
ASAN	cg26656135	EYA4	cg06955749	RALYL	between_gene	0			
ASAN	cg26656135	EYA4	cg11666087	BEND5	between_gene	0			
ASAN	cg26656135	EYA4	cg16573178	BEND5	between_gene	0			
ASAN	cg26656135	EYA4	cg06744574	BEND5	between_gene	0			
ASAN	cg26656135	EYA4	cg03603214	BEND5	between_gene	0			
ASAN	cg20286200	EYA4	cg14270292	EYA4	within_gene	128	0.945053561618751	4.942101397894048e-63	4.895769197288791e-62
ASAN	cg20286200	EYA4	cg06181518	EYA4	within_gene	128	0.8541762039919428	1.3576863364987562e-37	4.303865686701057e-37
ASAN	cg20286200	EYA4	cg14287112	EYA4	within_gene	128	0.9467016114264788	7.640758822111886e-64	8.073735155364892e-63
ASAN	cg20286200	EYA4	cg01328892	EYA4	within_gene	128	0.9291281358725508	2.7534831873554977e-56	1.9837594781629387e-55
ASAN	cg20286200	EYA4	cg05493394	EYA4	within_gene	128	0.8060050814869071	1.7653521362088885e-30	4.17624348640461e-30
ASAN	cg20286200	EYA4	cg26449787	EYA4	within_gene	128	0.9331452572788864	7.914699473274684e-58	5.834790076809477e-57
ASAN	cg20286200	EYA4	cg22871668	EYA4	within_gene	128	0.9437717451016298	2.0295631672344385e-62	1.838204354323763e-61
ASAN	cg20286200	EYA4	cg20980055	EYA4	within_gene	128	0.9605726973081852	6.65917110245962e-72	1.2417395526351173e-70
ASAN	cg20286200	EYA4	cg06611358	ZNF568	between_gene	0			
ASAN	cg20286200	EYA4	cg27390819	ZNF568	between_gene	128	0.7722429500091559	1.3758218183584387e-26	1.5405661476811876e-25
ASAN	cg20286200	EYA4	cg20154403	ZNF568	between_gene	128	0.7199059238234755	1.01732738959226e-21	5.5066538577722116e-21
ASAN	cg20286200	EYA4	cg21761844	ZNF568	between_gene	0			
ASAN	cg20286200	EYA4	cg20680720	ZNF568	between_gene	128	0.5587918879326131	7.15574019304625e-12	1.5848324417366438e-11
ASAN	cg20286200	EYA4	cg02459604	ZNF568	between_gene	128	0.6530855154733565	6.577966398730704e-17	2.0878241282589303e-16
ASAN	cg20286200	EYA4	cg03060201	ZNF568	between_gene	128	0.7078660043947994	9.41644809300824e-21	4.583491245272107e-20
ASAN	cg20286200	EYA4	cg03443751	ZNF568	between_gene	128	0.6460469694195202	1.8007294335819754e-16	5.501291677067182e-16
ASAN	cg20286200	EYA4	cg17332326	ZNF793	between_gene	128	0.6497321919062442	1.0663307742788836e-16	3.319877076484018e-16
ASAN	cg20286200	EYA4	cg11623861	ZNF793	between_gene	0			
ASAN	cg20286200	EYA4	cg14732998	ZNF793	between_gene	0			
ASAN	cg20286200	EYA4	cg07482795	ZNF793	between_gene	128	0.5782423091008972	8.834477021757453e-13	2.082127420936332e-12
ASAN	cg20286200	EYA4	cg13181745	ZNF793	between_gene	0			
ASAN	cg20286200	EYA4	cg24078985	ZNF793	between_gene	128	0.6344362296282732	8.963253493653257e-16	2.598347596104594e-15
ASAN	cg20286200	EYA4	cg15139588	ZNF793	between_gene	128	0.6244163156930964	3.3940337833159703e-15	9.410238194124724e-15
ASAN	cg20286200	EYA4	cg25361907	ZNF793	between_gene	128	0.611094579747299	1.8537943388309312e-14	4.855973323303111e-14
ASAN	cg20286200	EYA4	cg20299663	SFMBT2	between_gene	128	0.7950009155832265	3.9356565450628467e-29	8.085140099266903e-28
ASAN	cg20286200	EYA4	cg20506550	SFMBT2	between_gene	0			
ASAN	cg20286200	EYA4	cg01056653	SFMBT2	between_gene	0			
ASAN	cg20286200	EYA4	cg22862480	SFMBT2	between_gene	128	0.8560645943966306	6.354534451829277e-38	1.275306183447891e-35
ASAN	cg20286200	EYA4	cg12767281	SFMBT2	between_gene	128	0.7670241256180186	4.7929955042901725e-26	4.791159107545233e-25
ASAN	cg20286200	EYA4	cg26878816	SFMBT2	between_gene	128	0.7757336110602453	5.8601570020103965e-27	6.918167248074717e-26
ASAN	cg20286200	EYA4	cg12328063	SFMBT2	between_gene	128	0.7937477110419336	5.537692349363742e-29	1.1113722568838464e-27
ASAN	cg20286200	EYA4	cg16818993	SFMBT2	between_gene	128	0.7416109686870536	1.3526088702881458e-23	9.238106132413016e-23
ASAN	cg20286200	EYA4	cg20295442	ADHFE1	between_gene	0			
ASAN	cg20286200	EYA4	cg19283840	ADHFE1	between_gene	0			
ASAN	cg20286200	EYA4	cg25046651	ADHFE1	between_gene	128	0.7539885094305071	9.437655503080933e-25	7.62317127168364e-24
ASAN	cg20286200	EYA4	cg01588438	ADHFE1	between_gene	128	0.7458054843435268	5.582241785556204e-24	3.957627396335907e-23
ASAN	cg20286200	EYA4	cg08090772	ADHFE1	between_gene	0			
ASAN	cg20286200	EYA4	cg09383816	ADHFE1	between_gene	128	0.7500686687419886	2.2303209862803543e-24	1.6866398415088242e-23
ASAN	cg20286200	EYA4	cg20912169	ADHFE1	between_gene	128	0.748403451748764	3.1985315338441844e-24	2.344092351629067e-23
ASAN	cg20286200	EYA4	cg18065361	ADHFE1	between_gene	128	0.7287184123786852	1.851374967934138e-22	1.080589998062677e-21
ASAN	cg20286200	EYA4	cg04481096	HOXA2	between_gene	128	0.5920561710309467	1.8350777707558025e-13	4.4997348720882414e-13
ASAN	cg20286200	EYA4	cg19598584	HOXA2	between_gene	0			
ASAN	cg20286200	EYA4	cg09871315	HOXA2	between_gene	0			
ASAN	cg20286200	EYA4	cg13661519	HOXA2	between_gene	128	0.6704472624061526	4.877544030446512e-18	1.7797919406202724e-17
ASAN	cg20286200	EYA4	cg02803819	HOXA2	between_gene	128	0.6868362021607763	3.544215729829785e-19	1.484247004675106e-18
ASAN	cg20286200	EYA4	cg03763508	HOXA2	between_gene	128	0.619981459439663	6.0265975559894306e-15	1.6412727582021318e-14
ASAN	cg20286200	EYA4	cg00188704	HOXA2	between_gene	128	0.6668593206372458	8.470242833869294e-18	2.986332912643917e-17
ASAN	cg20286200	EYA4	cg06786372	HOXA2	between_gene	128	0.7024297289873649	2.4795508513984188e-20	1.1614269607358124e-19
ASAN	cg20286200	EYA4	cg19236679	GFRA1	between_gene	128	0.7624748214612708	1.3858284403409569e-25	1.3052802891153636e-24
ASAN	cg20286200	EYA4	cg06298519	GFRA1	between_gene	128	0.8022626350485259	5.1861749643160835e-30	1.3806867838674142e-28
ASAN	cg20286200	EYA4	cg19485539	GFRA1	between_gene	128	0.820116507965574	2.4326658459814655e-32	1.057804198694274e-30
ASAN	cg20286200	EYA4	cg18672939	GFRA1	between_gene	128	0.8169978026002562	6.472504521723594e-32	2.5204125816681884e-30
ASAN	cg20286200	EYA4	cg27034576	GFRA1	between_gene	128	0.8618899926753342	5.6958943513229556e-39	1.4860588362601592e-36
ASAN	cg20286200	EYA4	cg18044663	GFRA1	between_gene	128	0.7784460263687969	2.9871702278172268e-27	3.8747873012833136e-26
ASAN	cg20286200	EYA4	cg15701178	UNC5C	between_gene	128	0.7726149056949276	1.2571308037951168e-26	1.419850332078554e-25
ASAN	cg20286200	EYA4	cg03008707	UNC5C	between_gene	128	0.8282537538912287	1.727368135703302e-33	9.797181447934596e-32
ASAN	cg20286200	EYA4	cg24870497	UNC5C	between_gene	0			
ASAN	cg20286200	EYA4	cg13265789	UNC5C	between_gene	128	0.8556010803882073	7.663864369452848e-38	1.2996974343456683e-35
ASAN	cg20286200	EYA4	cg12584684	UNC5C	between_gene	128	0.7645863852774216	8.491434304930487e-26	8.266474664762552e-25
ASAN	cg20286200	EYA4	cg08327106	RALYL	between_gene	0			
ASAN	cg20286200	EYA4	cg09757712	RALYL	between_gene	0			
ASAN	cg20286200	EYA4	cg11089595	RALYL	between_gene	128	0.8334611334920344	2.952088777055305e-34	1.936940602827056e-32
ASAN	cg20286200	EYA4	cg01134282	RALYL	between_gene	0			
ASAN	cg20286200	EYA4	cg06955749	RALYL	between_gene	128	0.7367297656106939	3.708633785545438e-23	2.3859966064333396e-22
ASAN	cg20286200	EYA4	cg11666087	BEND5	between_gene	128	0.7808208203625708	1.6429542416113527e-27	2.3329811845926364e-26
ASAN	cg20286200	EYA4	cg16573178	BEND5	between_gene	128	0.7516881065738875	1.5663979295408283e-24	1.2055257221746374e-23
ASAN	cg20286200	EYA4	cg06744574	BEND5	between_gene	128	0.8008949826039187	7.64518652839741e-30	1.8817256276027206e-28
ASAN	cg20286200	EYA4	cg03603214	BEND5	between_gene	128	0.6537378685222487	5.983700663758358e-17	1.9155184088031361e-16
ASAN	cg14270292	EYA4	cg06181518	EYA4	within_gene	128	0.8222566837575535	1.22928696489111e-32	3.1426126441167887e-32
ASAN	cg14270292	EYA4	cg14287112	EYA4	within_gene	128	0.9790045321369713	6.761128853079385e-89	3.0618254948945216e-87
ASAN	cg14270292	EYA4	cg01328892	EYA4	within_gene	128	0.8894776597692731	1.1162269415954413e-44	4.655841322180985e-44
ASAN	cg14270292	EYA4	cg05493394	EYA4	within_gene	128	0.7815876213147774	1.3523820306631774e-27	2.916361249797464e-27
ASAN	cg14270292	EYA4	cg26449787	EYA4	within_gene	128	0.9240180369895622	1.8817913323680606e-54	1.1930557047213503e-53
ASAN	cg14270292	EYA4	cg22871668	EYA4	within_gene	128	0.986769822376854	1.9884705640139768e-101	1.5758629219810766e-99
ASAN	cg14270292	EYA4	cg20980055	EYA4	within_gene	128	0.9574082127815418	7.815304900657719e-70	1.2387258267542483e-68
ASAN	cg14270292	EYA4	cg06611358	ZNF568	between_gene	0			
ASAN	cg14270292	EYA4	cg27390819	ZNF568	between_gene	128	0.7764889672221205	4.8621031708515035e-27	5.983597722996025e-26
ASAN	cg14270292	EYA4	cg20154403	ZNF568	between_gene	128	0.6881580754440578	2.8471473988577517e-19	1.2058778512369926e-18
ASAN	cg14270292	EYA4	cg21761844	ZNF568	between_gene	0			
ASAN	cg14270292	EYA4	cg20680720	ZNF568	between_gene	128	0.5177279802234023	3.8957081659379805e-10	7.897360221392533e-10
ASAN	cg14270292	EYA4	cg02459604	ZNF568	between_gene	128	0.6185222486724042	7.265389046556094e-15	1.960227510079095e-14
ASAN	cg14270292	EYA4	cg03060201	ZNF568	between_gene	128	0.6837003296099614	5.931241902927729e-19	2.4028897709221186e-18
ASAN	cg14270292	EYA4	cg03443751	ZNF568	between_gene	128	0.6138527742171763	1.3129428764195776e-14	3.481166630669388e-14
ASAN	cg14270292	EYA4	cg17332326	ZNF793	between_gene	128	0.5959931789049625	1.1564764145239896e-13	2.8681054805067384e-13
ASAN	cg14270292	EYA4	cg11623861	ZNF793	between_gene	0			
ASAN	cg14270292	EYA4	cg14732998	ZNF793	between_gene	0			
ASAN	cg14270292	EYA4	cg07482795	ZNF793	between_gene	128	0.5359824208020509	7.041986694245596e-11	1.4698034628229412e-10
ASAN	cg14270292	EYA4	cg13181745	ZNF793	between_gene	0			
ASAN	cg14270292	EYA4	cg24078985	ZNF793	between_gene	128	0.5842966031862297	4.477182183986672e-13	1.0736184115828333e-12
ASAN	cg14270292	EYA4	cg15139588	ZNF793	between_gene	128	0.568663019593481	2.517815002663531e-12	5.767321634722698e-12
ASAN	cg14270292	EYA4	cg25361907	ZNF793	between_gene	128	0.5610751236037356	5.637087349563635e-12	1.2613345536030464e-11
ASAN	cg14270292	EYA4	cg20299663	SFMBT2	between_gene	128	0.7973127632301775	2.083026476834935e-29	4.52884673171862e-28
ASAN	cg14270292	EYA4	cg20506550	SFMBT2	between_gene	0			
ASAN	cg14270292	EYA4	cg01056653	SFMBT2	between_gene	0			
ASAN	cg14270292	EYA4	cg22862480	SFMBT2	between_gene	128	0.8620673869254715	5.2834240907768247e-39	1.4860588362601592e-36
ASAN	cg14270292	EYA4	cg12767281	SFMBT2	between_gene	128	0.7818909082585608	1.251910276739296e-27	1.814574395562679e-26
ASAN	cg14270292	EYA4	cg26878816	SFMBT2	between_gene	128	0.7935073704449734	5.910917863747583e-29	1.1683018717058671e-27
ASAN	cg14270292	EYA4	cg12328063	SFMBT2	between_gene	128	0.8182223951657205	4.4174047633293695e-32	1.8007826605509884e-30
ASAN	cg14270292	EYA4	cg16818993	SFMBT2	between_gene	128	0.7712815876213147	1.7357583607805003e-26	1.9027704047379517e-25
ASAN	cg14270292	EYA4	cg20295442	ADHFE1	between_gene	0			
ASAN	cg14270292	EYA4	cg19283840	ADHFE1	between_gene	0			
ASAN	cg14270292	EYA4	cg25046651	ADHFE1	between_gene	128	0.8058219648416042	1.8619478460553317e-30	5.520252193589046e-29
ASAN	cg14270292	EYA4	cg01588438	ADHFE1	between_gene	128	0.7821255264603553	1.179236913364364e-27	1.728443318521138e-26
ASAN	cg14270292	EYA4	cg08090772	ADHFE1	between_gene	0			
ASAN	cg14270292	EYA4	cg09383816	ADHFE1	between_gene	128	0.7871955685771835	3.1796187698975372e-28	5.493791636200447e-27
ASAN	cg14270292	EYA4	cg20912169	ADHFE1	between_gene	128	0.7737651071232375	9.500515931989744e-27	1.0967631002903203e-25
ASAN	cg14270292	EYA4	cg18065361	ADHFE1	between_gene	128	0.7674990844167735	4.2841293014258003e-26	4.349141380319033e-25
ASAN	cg14270292	EYA4	cg04481096	HOXA2	between_gene	128	0.5597704175059512	6.461765933578365e-12	1.436009141457066e-11
ASAN	cg14270292	EYA4	cg19598584	HOXA2	between_gene	0			
ASAN	cg14270292	EYA4	cg09871315	HOXA2	between_gene	0			
ASAN	cg14270292	EYA4	cg13661519	HOXA2	between_gene	128	0.6485419337117744	1.263950652336047e-16	3.9071649904558614e-16
ASAN	cg14270292	EYA4	cg02803819	HOXA2	between_gene	128	0.6892682201062076	2.366695440215213e-19	1.017250148850328e-18
ASAN	cg14270292	EYA4	cg03763508	HOXA2	between_gene	128	0.5970689891961178	1.0182823125036267e-13	2.5398647737303653e-13
ASAN	cg14270292	EYA4	cg00188704	HOXA2	between_gene	128	0.6479811389855338	1.3690076879009112e-16	4.2119587944970254e-16
ASAN	cg14270292	EYA4	cg06786372	HOXA2	between_gene	128	0.702795962277971	2.3245784195683007e-20	1.0907958806931108e-19
ASAN	cg14270292	EYA4	cg19236679	GFRA1	between_gene	128	0.7493705365317708	2.5951572339174773e-24	1.951229170977146e-23
ASAN	cg14270292	EYA4	cg06298519	GFRA1	between_gene	128	0.7769810932063723	4.3035372885798194e-27	5.372214730097966e-26
ASAN	cg14270292	EYA4	cg19485539	GFRA1	between_gene	128	0.8079564182384178	9.971193297956274e-31	3.1343184716105925e-29
ASAN	cg14270292	EYA4	cg18672939	GFRA1	between_gene	128	0.8084599890130012	8.595365356134343e-31	2.7685565696487035e-29
ASAN	cg14270292	EYA4	cg27034576	GFRA1	between_gene	128	0.850405145577733	5.99152466011084e-37	6.513286599262159e-35
ASAN	cg14270292	EYA4	cg18044663	GFRA1	between_gene	128	0.7685634499175974	3.328174295599002e-26	3.4872316213726085e-25
ASAN	cg14270292	EYA4	cg15701178	UNC5C	between_gene	128	0.7927119575169382	7.33050233075519e-29	1.4379910211233303e-27
ASAN	cg14270292	EYA4	cg03008707	UNC5C	between_gene	128	0.8600531038271377	1.233003925929131e-38	2.9244611297719116e-36
ASAN	cg14270292	EYA4	cg24870497	UNC5C	between_gene	0			
ASAN	cg14270292	EYA4	cg13265789	UNC5C	between_gene	128	0.8853060336934627	1.0068888605599251e-43	2.626973037200845e-40
ASAN	cg14270292	EYA4	cg12584684	UNC5C	between_gene	128	0.7616450741622414	1.6776374256155652e-25	1.53577405032667e-24
ASAN	cg14270292	EYA4	cg08327106	RALYL	between_gene	0			
ASAN	cg14270292	EYA4	cg09757712	RALYL	between_gene	0			
ASAN	cg14270292	EYA4	cg11089595	RALYL	between_gene	128	0.8100508148690716	5.361635798859485e-31	1.7706971897752402e-29
ASAN	cg14270292	EYA4	cg01134282	RALYL	between_gene	0			
ASAN	cg14270292	EYA4	cg06955749	RALYL	between_gene	128	0.6852339315143747	4.61457268548839e-19	1.911019069276065e-18
ASAN	cg14270292	EYA4	cg11666087	BEND5	between_gene	128	0.8003399102728438	8.941662106823288e-30	2.1802613492244813e-28
ASAN	cg14270292	EYA4	cg16573178	BEND5	between_gene	128	0.7630813953488371	1.2045567155055214e-25	1.1427958075468746e-24
ASAN	cg14270292	EYA4	cg06744574	BEND5	between_gene	128	0.8188003570774584	3.6849521705344905e-32	1.5260381290356326e-30
ASAN	cg14270292	EYA4	cg03603214	BEND5	between_gene	128	0.6627220289324299	1.5856642337855632e-17	5.386716127534551e-17
ASAN	cg06181518	EYA4	cg14287112	EYA4	within_gene	128	0.8472692730269181	1.9967121354673988e-36	5.8607198791033834e-36
ASAN	cg06181518	EYA4	cg01328892	EYA4	within_gene	128	0.83731802783373	7.665932646807807e-35	2.1131309991635435e-34
ASAN	cg06181518	EYA4	cg05493394	EYA4	within_gene	128	0.7697022065555759	2.5364970338256863e-26	5.289931313965411e-26
ASAN	cg06181518	EYA4	cg26449787	EYA4	within_gene	128	0.8279504669474455	1.9110613985313098e-33	5.048387194453542e-33
ASAN	cg06181518	EYA4	cg22871668	EYA4	within_gene	128	0.8353209119208935	1.5476098396617271e-34	4.229244130799719e-34
ASAN	cg06181518	EYA4	cg20980055	EYA4	within_gene	128	0.8291006683757554	1.3012730734197037e-33	3.4957929175766615e-33
ASAN	cg06181518	EYA4	cg06611358	ZNF568	between_gene	0			
ASAN	cg06181518	EYA4	cg27390819	ZNF568	between_gene	128	0.6894227247756821	2.306442487751744e-19	9.946294959577357e-19
ASAN	cg06181518	EYA4	cg20154403	ZNF568	between_gene	128	0.625818302508698	2.825268392167565e-15	7.875133798253393e-15
ASAN	cg06181518	EYA4	cg21761844	ZNF568	between_gene	0			
ASAN	cg06181518	EYA4	cg20680720	ZNF568	between_gene	128	0.5817615821278154	5.961282389149094e-13	1.4203639957342452e-12
ASAN	cg06181518	EYA4	cg02459604	ZNF568	between_gene	128	0.6043936550082403	4.22703839007143e-14	1.0738406192498893e-13
ASAN	cg06181518	EYA4	cg03060201	ZNF568	between_gene	128	0.6508308917780626	9.10839332558666e-17	2.8493762813495916e-16
ASAN	cg06181518	EYA4	cg03443751	ZNF568	between_gene	128	0.6041876487822743	4.3341989244977646e-14	1.0978567955354045e-13
ASAN	cg06181518	EYA4	cg17332326	ZNF793	between_gene	128	0.6024022614905694	5.3803655594402874e-14	1.360210634164701e-13
ASAN	cg06181518	EYA4	cg11623861	ZNF793	between_gene	0			
ASAN	cg06181518	EYA4	cg14732998	ZNF793	between_gene	0			
ASAN	cg06181518	EYA4	cg07482795	ZNF793	between_gene	128	0.5736872825489837	1.459811996699037e-12	3.3975463866081956e-12
ASAN	cg06181518	EYA4	cg13181745	ZNF793	between_gene	0			
ASAN	cg06181518	EYA4	cg24078985	ZNF793	between_gene	128	0.5910089727156198	2.0726857220144265e-13	5.068075959452332e-13
ASAN	cg06181518	EYA4	cg15139588	ZNF793	between_gene	128	0.5813324024903864	6.255810204103043e-13	1.4878221351417356e-12
ASAN	cg06181518	EYA4	cg25361907	ZNF793	between_gene	128	0.5543341420985167	1.1341352063593687e-11	2.4657989611596608e-11
ASAN	cg06181518	EYA4	cg20299663	SFMBT2	between_gene	128	0.742074482695477	1.2276202474469873e-23	8.406459909682915e-23
ASAN	cg06181518	EYA4	cg20506550	SFMBT2	between_gene	0			
ASAN	cg06181518	EYA4	cg01056653	SFMBT2	between_gene	0			
ASAN	cg06181518	EYA4	cg22862480	SFMBT2	between_gene	128	0.7854559604468047	5.005202521917467e-28	8.060847765236215e-27
ASAN	cg06181518	EYA4	cg12767281	SFMBT2	between_gene	128	0.7081177897820912	8.998682371379105e-21	4.39286002751905e-20
ASAN	cg06181518	EYA4	cg26878816	SFMBT2	between_gene	128	0.7380459164988097	2.831797897129957e-23	1.8656971499020349e-22
ASAN	cg06181518	EYA4	cg12328063	SFMBT2	between_gene	128	0.7676421442959164	4.141501236841216e-26	4.254006585401076e-25
ASAN	cg06181518	EYA4	cg16818993	SFMBT2	between_gene	128	0.7304522981138986	1.313666200731521e-22	7.897131607623359e-22
ASAN	cg06181518	EYA4	cg20295442	ADHFE1	between_gene	0			
ASAN	cg06181518	EYA4	cg19283840	ADHFE1	between_gene	0			
ASAN	cg06181518	EYA4	cg25046651	ADHFE1	between_gene	128	0.618281908075444	7.491872757869382e-15	2.0171616125161214e-14
ASAN	cg06181518	EYA4	cg01588438	ADHFE1	between_gene	128	0.6134121497894158	1.3876408242148742e-14	3.6754872186564545e-14
ASAN	cg06181518	EYA4	cg08090772	ADHFE1	between_gene	0			
ASAN	cg06181518	EYA4	cg09383816	ADHFE1	between_gene	128	0.6193405511811023	6.543085972710798e-15	1.7690063526220177e-14
ASAN	cg06181518	EYA4	cg20912169	ADHFE1	between_gene	128	0.6267224409448818	2.5088582351466794e-15	7.008148967342278e-15
ASAN	cg06181518	EYA4	cg18065361	ADHFE1	between_gene	128	0.6046282732100348	4.1081275803956697e-14	1.0466899274660453e-13
ASAN	cg06181518	EYA4	cg04481096	HOXA2	between_gene	128	0.4991988646767991	1.9997549948003602e-09	3.9918598174706495e-09
ASAN	cg06181518	EYA4	cg19598584	HOXA2	between_gene	0			
ASAN	cg06181518	EYA4	cg09871315	HOXA2	between_gene	0			
ASAN	cg06181518	EYA4	cg13661519	HOXA2	between_gene	128	0.5580880333272294	7.698970905554329e-12	1.6979387229578403e-11
ASAN	cg06181518	EYA4	cg02803819	HOXA2	between_gene	128	0.5712552646035525	1.9027687838726124e-12	4.397098101969571e-12
ASAN	cg06181518	EYA4	cg03763508	HOXA2	between_gene	128	0.5063232466581211	1.078581744097907e-09	2.1596467922881347e-09
ASAN	cg06181518	EYA4	cg00188704	HOXA2	between_gene	128	0.5392613532320087	5.1226705646306306e-11	1.0734977914153667e-10
ASAN	cg06181518	EYA4	cg06786372	HOXA2	between_gene	128	0.5620650979674052	5.0803034761766015e-12	1.1396828692471844e-11
ASAN	cg06181518	EYA4	cg19236679	GFRA1	between_gene	128	0.7531473173411461	1.1365954538729272e-24	9.052203394735194e-24
ASAN	cg06181518	EYA4	cg06298519	GFRA1	between_gene	128	0.7801684673136786	1.9376185921418782e-27	2.632941097342792e-26
ASAN	cg06181518	EYA4	cg19485539	GFRA1	between_gene	128	0.78653177073796	3.7825164866157007e-28	6.2459401984685846e-27
ASAN	cg06181518	EYA4	cg18672939	GFRA1	between_gene	128	0.7468584050540193	4.4580132995970796e-24	3.1865634790818573e-23
ASAN	cg06181518	EYA4	cg27034576	GFRA1	between_gene	128	0.7882599340780078	2.403821122287989e-28	4.2375468297630826e-27
ASAN	cg06181518	EYA4	cg18044663	GFRA1	between_gene	128	0.7584348104742722	3.48837475167283e-25	3.023644427612762e-24
ASAN	cg06181518	EYA4	cg15701178	UNC5C	between_gene	128	0.7053595953122139	1.4755061160739954e-20	7.037651657837394e-20
ASAN	cg06181518	EYA4	cg03008707	UNC5C	between_gene	128	0.7429900659219923	1.0130297061588762e-23	6.992048950710339e-23
ASAN	cg06181518	EYA4	cg24870497	UNC5C	between_gene	0			
ASAN	cg06181518	EYA4	cg13265789	UNC5C	between_gene	128	0.7583890313129462	3.5246903111241264e-25	3.0450056363320673e-24
ASAN	cg06181518	EYA4	cg12584684	UNC5C	between_gene	128	0.6592943142281632	2.645956861339752e-17	8.794014587561034e-17
ASAN	cg06181518	EYA4	cg08327106	RALYL	between_gene	0			
ASAN	cg06181518	EYA4	cg09757712	RALYL	between_gene	0			
ASAN	cg06181518	EYA4	cg11089595	RALYL	between_gene	128	0.7229731276323017	5.664354942487807e-22	3.144319584032062e-21
ASAN	cg06181518	EYA4	cg01134282	RALYL	between_gene	0			
ASAN	cg06181518	EYA4	cg06955749	RALYL	between_gene	128	0.672753387657938	3.4069877021810764e-18	1.2644140704111562e-17
ASAN	cg06181518	EYA4	cg11666087	BEND5	between_gene	128	0.7348985991576633	5.383286962535375e-23	3.3440465917273317e-22
ASAN	cg06181518	EYA4	cg16573178	BEND5	between_gene	128	0.7043410089727156	1.7685865488992082e-20	8.359134612460208e-20
ASAN	cg06181518	EYA4	cg06744574	BEND5	between_gene	128	0.7336625618018677	6.910830997951091e-23	4.2725966999181025e-22
ASAN	cg06181518	EYA4	cg03603214	BEND5	between_gene	128	0.6582871726789964	3.071648902480241e-17	1.0131393156221172e-16
ASAN	cg14287112	EYA4	cg01328892	EYA4	within_gene	128	0.908704907526094	1.2203633285252336e-49	6.140558335595222e-49
ASAN	cg14287112	EYA4	cg05493394	EYA4	within_gene	128	0.7841226423731917	7.066623808200974e-28	1.5665173057340622e-27
ASAN	cg14287112	EYA4	cg26449787	EYA4	within_gene	128	0.9263813861930048	2.7703115665959628e-55	1.868486737470043e-54
ASAN	cg14287112	EYA4	cg22871668	EYA4	within_gene	128	0.97649240065922	7.737044364806218e-86	2.452643063643571e-84
ASAN	cg14287112	EYA4	cg20980055	EYA4	within_gene	128	0.9518689342611244	1.4559988749717307e-66	1.775198628330918e-65
ASAN	cg14287112	EYA4	cg06611358	ZNF568	between_gene	0			
ASAN	cg14287112	EYA4	cg27390819	ZNF568	between_gene	128	0.760300311298297	2.28287390721596e-25	2.0467415889781582e-24
ASAN	cg14287112	EYA4	cg20154403	ZNF568	between_gene	128	0.6675631752426295	7.605642317787633e-18	2.6997443274976777e-17
ASAN	cg14287112	EYA4	cg21761844	ZNF568	between_gene	0			
ASAN	cg14287112	EYA4	cg20680720	ZNF568	between_gene	128	0.5104376487822744	7.502013825470862e-10	1.5090789568738231e-09
ASAN	cg14287112	EYA4	cg02459604	ZNF568	between_gene	128	0.612834187877678	1.491907487564315e-14	3.9356791052126375e-14
ASAN	cg14287112	EYA4	cg03060201	ZNF568	between_gene	128	0.6737433620216078	2.9177310620619613e-18	1.092160737578143e-17
ASAN	cg14287112	EYA4	cg03443751	ZNF568	between_gene	128	0.597395165720564	9.796491029971353e-14	2.44584163609524e-13
ASAN	cg14287112	EYA4	cg17332326	ZNF793	between_gene	128	0.5739390679362754	1.4201289657607096e-12	3.3140576669675233e-12
ASAN	cg14287112	EYA4	cg11623861	ZNF793	between_gene	0			
ASAN	cg14287112	EYA4	cg14732998	ZNF793	between_gene	0			
ASAN	cg14287112	EYA4	cg07482795	ZNF793	between_gene	128	0.5221113349203443	2.6073989101184816e-10	5.322929386932018e-10
ASAN	cg14287112	EYA4	cg13181745	ZNF793	between_gene	0			
ASAN	cg14287112	EYA4	cg24078985	ZNF793	between_gene	128	0.5588033327229445	7.1472213242666085e-12	1.5842906062031933e-11
ASAN	cg14287112	EYA4	cg15139588	ZNF793	between_gene	128	0.5408922358542391	4.36719832455198e-11	9.196142396090488e-11
ASAN	cg14287112	EYA4	cg25361907	ZNF793	between_gene	128	0.5350553927852041	7.700137439429929e-11	1.6033247070608687e-10
ASAN	cg14287112	EYA4	cg20299663	SFMBT2	between_gene	128	0.7959622779710676	3.0237307581778506e-29	6.311130838468809e-28
ASAN	cg14287112	EYA4	cg20506550	SFMBT2	between_gene	0			
ASAN	cg14287112	EYA4	cg01056653	SFMBT2	between_gene	0			
ASAN	cg14287112	EYA4	cg22862480	SFMBT2	between_gene	128	0.8658441677348471	1.0396282556170868e-39	3.904017573415875e-37
ASAN	cg14287112	EYA4	cg12767281	SFMBT2	between_gene	128	0.7705834554110969	2.053400562891232e-26	2.2229552151797614e-25
ASAN	cg14287112	EYA4	cg26878816	SFMBT2	between_gene	128	0.7803630287493134	1.8447043350981694e-27	2.546472809667261e-26
ASAN	cg14287112	EYA4	cg12328063	SFMBT2	between_gene	128	0.8251064365500823	4.88330496257929e-33	2.3593597495128454e-31
ASAN	cg14287112	EYA4	cg16818993	SFMBT2	between_gene	128	0.7555392785204176	6.685876169369399e-25	5.5552391483709425e-24
ASAN	cg14287112	EYA4	cg20295442	ADHFE1	between_gene	0			
ASAN	cg14287112	EYA4	cg19283840	ADHFE1	between_gene	0			
ASAN	cg14287112	EYA4	cg25046651	ADHFE1	between_gene	128	0.7808150979674051	1.6453374394980647e-27	2.3329811845926364e-26
ASAN	cg14287112	EYA4	cg01588438	ADHFE1	between_gene	128	0.7519227247756821	1.487889484266616e-24	1.1484922084176337e-23
ASAN	cg14287112	EYA4	cg08090772	ADHFE1	between_gene	0			
ASAN	cg14287112	EYA4	cg09383816	ADHFE1	between_gene	128	0.753645165720564	1.0182611372437421e-24	8.149212598370928e-24
ASAN	cg14287112	EYA4	cg20912169	ADHFE1	between_gene	128	0.7560314045046694	5.9898593373350965e-25	5.0738776010088544e-24
ASAN	cg14287112	EYA4	cg18065361	ADHFE1	between_gene	128	0.7322090734297747	9.25397006273088e-23	5.641029881697398e-22
ASAN	cg14287112	EYA4	cg04481096	HOXA2	between_gene	128	0.5523313037905145	1.3917730730303898e-11	3.0059072413379865e-11
ASAN	cg14287112	EYA4	cg19598584	HOXA2	between_gene	0			
ASAN	cg14287112	EYA4	cg09871315	HOXA2	between_gene	0			
ASAN	cg14287112	EYA4	cg13661519	HOXA2	between_gene	128	0.6422072422633217	3.085025092136954e-16	9.283541482566685e-16
ASAN	cg14287112	EYA4	cg02803819	HOXA2	between_gene	128	0.6753685222486724	2.25921180907951e-18	8.542440014331073e-18
ASAN	cg14287112	EYA4	cg03763508	HOXA2	between_gene	128	0.5875011444790331	3.106593170681047e-13	7.490851739655131e-13
ASAN	cg14287112	EYA4	cg00188704	HOXA2	between_gene	128	0.6326050631752427	1.1474001063522625e-15	3.3005147491433874e-15
ASAN	cg14287112	EYA4	cg06786372	HOXA2	between_gene	128	0.685880562168101	4.1492162917099273e-19	1.72652397210067e-18
ASAN	cg14287112	EYA4	cg19236679	GFRA1	between_gene	128	0.7230646859549533	5.565532149923053e-22	3.0960497610126327e-21
ASAN	cg14287112	EYA4	cg06298519	GFRA1	between_gene	128	0.7543261307452848	8.757216381120202e-25	7.139867980732065e-24
ASAN	cg14287112	EYA4	cg19485539	GFRA1	between_gene	128	0.7868865592382348	3.44755492394595e-28	5.729089679347123e-27
ASAN	cg14287112	EYA4	cg18672939	GFRA1	between_gene	128	0.7651986815601538	7.360017688471887e-26	7.246145716687982e-25
ASAN	cg14287112	EYA4	cg27034576	GFRA1	between_gene	128	0.831807361289141	5.207623715227872e-34	3.2349262554832184e-32
ASAN	cg14287112	EYA4	cg18044663	GFRA1	between_gene	128	0.7317913385826772	1.0060445365642148e-22	6.104116734641947e-22
ASAN	cg14287112	EYA4	cg15701178	UNC5C	between_gene	128	0.7863944332539827	3.9205636031096708e-28	6.4331763776812154e-27
ASAN	cg14287112	EYA4	cg03008707	UNC5C	between_gene	128	0.8264798113898553	3.1109158476796546e-33	1.5608422012685035e-31
ASAN	cg14287112	EYA4	cg24870497	UNC5C	between_gene	0			
ASAN	cg14287112	EYA4	cg13265789	UNC5C	between_gene	128	0.8633892602087528	3.0075058262852316e-39	9.808228375972712e-37
ASAN	cg14287112	EYA4	cg12584684	UNC5C	between_gene	128	0.7471273576268082	4.208395324661475e-24	3.0247116810032474e-23
ASAN	cg14287112	EYA4	cg08327106	RALYL	between_gene	0			
ASAN	cg14287112	EYA4	cg09757712	RALYL	between_gene	0			
ASAN	cg14287112	EYA4	cg11089595	RALYL	between_gene	128	0.7911039644753707	1.129448493337113e-28	2.075162759941217e-27
ASAN	cg14287112	EYA4	cg01134282	RALYL	between_gene	0			
ASAN	cg14287112	EYA4	cg06955749	RALYL	between_gene	128	0.6629566471342244	1.5306782694817766e-17	5.2134981789529434e-17
ASAN	cg14287112	EYA4	cg11666087	BEND5	between_gene	128	0.7777650613440762	3.540936693164401e-27	4.525816873033836e-26
ASAN	cg14287112	EYA4	cg16573178	BEND5	between_gene	128	0.7369071598608313	3.576554139649795e-23	2.3097103342441376e-22
ASAN	cg14287112	EYA4	cg06744574	BEND5	between_gene	128	0.7871268998351949	3.2373386227317166e-28	5.5204029194163725e-27
ASAN	cg14287112	EYA4	cg03603214	BEND5	between_gene	128	0.6469911646218641	1.575588726966093e-16	4.830447695246225e-16
ASAN	cg01328892	EYA4	cg05493394	EYA4	within_gene	128	0.7826348196301043	1.0354085176160584e-27	2.2481130142759623e-27
ASAN	cg01328892	EYA4	cg26449787	EYA4	within_gene	128	0.8737639626442043	2.911003815919607e-41	9.638074597011606e-41
ASAN	cg01328892	EYA4	cg22871668	EYA4	within_gene	128	0.8868682475737043	4.4633568892444923e-44	1.8139540178083383e-43
ASAN	cg01328892	EYA4	cg20980055	EYA4	within_gene	128	0.9041384361838491	2.2830457104772247e-48	1.113423831109662e-47
ASAN	cg01328892	EYA4	cg06611358	ZNF568	between_gene	0			
ASAN	cg01328892	EYA4	cg27390819	ZNF568	between_gene	128	0.7682773301593114	3.562387577663378e-26	3.702896091682771e-25
ASAN	cg01328892	EYA4	cg20154403	ZNF568	between_gene	128	0.6928161051089544	1.303739915004573e-19	5.7071433527633075e-19
ASAN	cg01328892	EYA4	cg21761844	ZNF568	between_gene	0			
ASAN	cg01328892	EYA4	cg20680720	ZNF568	between_gene	128	0.5582768723676981	7.549429848157996e-12	1.6691917350715433e-11
ASAN	cg01328892	EYA4	cg02459604	ZNF568	between_gene	128	0.6396092748580846	4.4216746916477143e-16	1.307953432030486e-15
ASAN	cg01328892	EYA4	cg03060201	ZNF568	between_gene	128	0.6938633034242812	1.091550037592021e-19	4.835066295547679e-19
ASAN	cg01328892	EYA4	cg03443751	ZNF568	between_gene	128	0.6364676799121038	6.802148944290632e-16	1.9895523089298488e-15
ASAN	cg01328892	EYA4	cg17332326	ZNF793	between_gene	128	0.6797804889214429	1.1188704557665164e-18	4.449897894961648e-18
ASAN	cg01328892	EYA4	cg11623861	ZNF793	between_gene	0			
ASAN	cg01328892	EYA4	cg14732998	ZNF793	between_gene	0			
ASAN	cg01328892	EYA4	cg07482795	ZNF793	between_gene	128	0.6192375480681194	6.630010280354113e-15	1.790651844869967e-14
ASAN	cg01328892	EYA4	cg13181745	ZNF793	between_gene	0			
ASAN	cg01328892	EYA4	cg24078985	ZNF793	between_gene	128	0.665978071781725	9.688632236294532e-18	3.3929720140258297e-17
ASAN	cg01328892	EYA4	cg15139588	ZNF793	between_gene	128	0.6586762955502655	2.899805506994728e-17	9.588837221481934e-17
ASAN	cg01328892	EYA4	cg25361907	ZNF793	between_gene	128	0.6404504669474455	3.936706173821304e-16	1.1738133037142609e-15
ASAN	cg01328892	EYA4	cg20299663	SFMBT2	between_gene	128	0.7651071232375023	7.519295767108179e-26	7.3751288181899395e-25
ASAN	cg01328892	EYA4	cg20506550	SFMBT2	between_gene	0			
ASAN	cg01328892	EYA4	cg01056653	SFMBT2	between_gene	0			
ASAN	cg01328892	EYA4	cg22862480	SFMBT2	between_gene	128	0.8437728895806629	7.405020523653164e-36	6.467244926580725e-34
ASAN	cg01328892	EYA4	cg12767281	SFMBT2	between_gene	128	0.7759396172862113	5.569631491769651e-27	6.663425616607776e-26
ASAN	cg01328892	EYA4	cg26878816	SFMBT2	between_gene	128	0.7550872093023255	7.394598771043614e-25	6.105224111915439e-24
ASAN	cg01328892	EYA4	cg12328063	SFMBT2	between_gene	128	0.7921969419520234	8.42251634779677e-29	1.5923438515508532e-27
ASAN	cg01328892	EYA4	cg16818993	SFMBT2	between_gene	128	0.7246211774400292	4.1218547977033857e-22	2.3226607272587757e-21
ASAN	cg01328892	EYA4	cg20295442	ADHFE1	between_gene	0			
ASAN	cg01328892	EYA4	cg19283840	ADHFE1	between_gene	0			
ASAN	cg01328892	EYA4	cg25046651	ADHFE1	between_gene	128	0.6642727980223402	1.2550063382975077e-17	4.336836472341984e-17
ASAN	cg01328892	EYA4	cg01588438	ADHFE1	between_gene	128	0.6697891869620949	5.400248621637144e-18	1.962290898865085e-17
ASAN	cg01328892	EYA4	cg08090772	ADHFE1	between_gene	0			
ASAN	cg01328892	EYA4	cg09383816	ADHFE1	between_gene	128	0.6833913202710126	6.237787960575884e-19	2.5231610525802298e-18
ASAN	cg01328892	EYA4	cg20912169	ADHFE1	between_gene	128	0.6705445431239699	4.804584718849709e-18	1.7580871713154126e-17
ASAN	cg01328892	EYA4	cg18065361	ADHFE1	between_gene	128	0.6565246749679545	3.982528079426738e-17	1.2923402685602434e-16
ASAN	cg01328892	EYA4	cg04481096	HOXA2	between_gene	128	0.5092473905878044	8.336955890795985e-10	1.6744509560497867e-09
ASAN	cg01328892	EYA4	cg19598584	HOXA2	between_gene	0			
ASAN	cg01328892	EYA4	cg09871315	HOXA2	between_gene	0			
ASAN	cg01328892	EYA4	cg13661519	HOXA2	between_gene	128	0.5997184581578465	7.42802199134415e-14	1.863433593790085e-13
ASAN	cg01328892	EYA4	cg02803819	HOXA2	between_gene	128	0.6086110602453763	2.5218424070405172e-14	6.527268690445147e-14
ASAN	cg01328892	EYA4	cg03763508	HOXA2	between_gene	128	0.5253502105841421	1.9308688611192232e-10	3.9604063354245704e-10
ASAN	cg01328892	EYA4	cg00188704	HOXA2	between_gene	128	0.576445477018861	1.0780115685026902e-12	2.529255559553524e-12
ASAN	cg01328892	EYA4	cg06786372	HOXA2	between_gene	128	0.6237067386925471	3.7228845762233026e-15	1.028920112221038e-14
ASAN	cg01328892	EYA4	cg19236679	GFRA1	between_gene	128	0.7607981596777147	2.0373050848656163e-25	1.8456003355605534e-24
ASAN	cg01328892	EYA4	cg06298519	GFRA1	between_gene	128	0.7843744277604834	6.622268723217561e-28	1.0208366123536046e-26
ASAN	cg01328892	EYA4	cg19485539	GFRA1	between_gene	128	0.7904287218458158	1.352726331328942e-28	2.4508770822480622e-27
ASAN	cg01328892	EYA4	cg18672939	GFRA1	between_gene	128	0.7995216077641457	1.1254350341258966e-29	2.6216607178879147e-28
ASAN	cg01328892	EYA4	cg27034576	GFRA1	between_gene	128	0.841186366965757	1.9129261423804968e-35	1.559632595459599e-33
ASAN	cg01328892	EYA4	cg18044663	GFRA1	between_gene	128	0.7726721296465848	1.2397836931329175e-26	1.4063459371233835e-25
ASAN	cg01328892	EYA4	cg15701178	UNC5C	between_gene	128	0.7400544772019777	1.870325070884536e-23	1.2608987364180244e-22
ASAN	cg01328892	EYA4	cg03008707	UNC5C	between_gene	128	0.7671900750778246	4.608811896560992e-26	4.6247654762029335e-25
ASAN	cg01328892	EYA4	cg24870497	UNC5C	between_gene	0			
ASAN	cg01328892	EYA4	cg13265789	UNC5C	between_gene	128	0.8196415491668193	2.827055895545495e-32	1.2091457100783929e-30
ASAN	cg01328892	EYA4	cg12584684	UNC5C	between_gene	128	0.7328499816883355	8.138030070155481e-23	4.995793047773094e-22
ASAN	cg01328892	EYA4	cg08327106	RALYL	between_gene	0			
ASAN	cg01328892	EYA4	cg09757712	RALYL	between_gene	0			
ASAN	cg01328892	EYA4	cg11089595	RALYL	between_gene	128	0.8016102819996338	6.2431395989395385e-30	1.5813933217119667e-28
ASAN	cg01328892	EYA4	cg01134282	RALYL	between_gene	0			
ASAN	cg01328892	EYA4	cg06955749	RALYL	between_gene	128	0.7539942318256728	9.42570283855581e-25	7.62317127168364e-24
ASAN	cg01328892	EYA4	cg11666087	BEND5	between_gene	128	0.748626625160227	3.0481509913454416e-24	2.246504501813632e-23
ASAN	cg01328892	EYA4	cg16573178	BEND5	between_gene	128	0.7169989470792895	1.7594738781680953e-21	9.330218187277562e-21
ASAN	cg01328892	EYA4	cg06744574	BEND5	between_gene	128	0.7559741805530122	6.066997247722392e-25	5.106063167518619e-24
ASAN	cg01328892	EYA4	cg03603214	BEND5	between_gene	128	0.6713742904229995	4.224034002684112e-18	1.5543730201696538e-17
ASAN	cg05493394	EYA4	cg26449787	EYA4	within_gene	128	0.8518242995788317	3.4435431200539657e-37	1.070199185350105e-36
ASAN	cg05493394	EYA4	cg22871668	EYA4	within_gene	128	0.7712815876213147	1.7357583607805003e-26	3.643943048790851e-26
ASAN	cg05493394	EYA4	cg20980055	EYA4	within_gene	128	0.787619025819447	2.845316387525297e-28	6.488958955723159e-28
ASAN	cg05493394	EYA4	cg06611358	ZNF568	between_gene	0			
ASAN	cg05493394	EYA4	cg27390819	ZNF568	between_gene	128	0.6999919886467679	3.8006610166529537e-20	1.7581426582353825e-19
ASAN	cg05493394	EYA4	cg20154403	ZNF568	between_gene	128	0.6787905145577733	1.311349908433572e-18	5.1448299415085544e-18
ASAN	cg05493394	EYA4	cg21761844	ZNF568	between_gene	0			
ASAN	cg05493394	EYA4	cg20680720	ZNF568	between_gene	128	0.524268677897821	2.1353422621727947e-10	4.372926186820112e-10
ASAN	cg05493394	EYA4	cg02459604	ZNF568	between_gene	128	0.5765370353415126	1.06716461174311e-12	2.506059830817078e-12
ASAN	cg05493394	EYA4	cg03060201	ZNF568	between_gene	128	0.6524560520051272	7.205683498767121e-17	2.284280467592153e-16
ASAN	cg05493394	EYA4	cg03443751	ZNF568	between_gene	128	0.6193748855520966	6.514358188879368e-15	1.763066443442559e-14
ASAN	cg05493394	EYA4	cg17332326	ZNF793	between_gene	128	0.5647489013001281	3.82554549083831e-12	8.641427000517014e-12
ASAN	cg05493394	EYA4	cg11623861	ZNF793	between_gene	0			
ASAN	cg05493394	EYA4	cg14732998	ZNF793	between_gene	0			
ASAN	cg05493394	EYA4	cg07482795	ZNF793	between_gene	128	0.5780935268265885	8.981699455329689e-13	2.1149146100140037e-12
ASAN	cg05493394	EYA4	cg13181745	ZNF793	between_gene	0			
ASAN	cg05493394	EYA4	cg24078985	ZNF793	between_gene	128	0.5638676524446072	4.2001800736186896e-12	9.471279007840245e-12
ASAN	cg05493394	EYA4	cg15139588	ZNF793	between_gene	128	0.5437133766709393	3.3071692320721294e-11	7.009264440679273e-11
ASAN	cg05493394	EYA4	cg25361907	ZNF793	between_gene	128	0.5502712415308552	1.7155306664811097e-11	3.689875934747911e-11
ASAN	cg05493394	EYA4	cg20299663	SFMBT2	between_gene	128	0.7137657938106573	3.210168935521115e-21	1.6422217162303116e-20
ASAN	cg05493394	EYA4	cg20506550	SFMBT2	between_gene	0			
ASAN	cg05493394	EYA4	cg01056653	SFMBT2	between_gene	0			
ASAN	cg05493394	EYA4	cg22862480	SFMBT2	between_gene	128	0.7504177348470976	2.0672249344379046e-24	1.577014577177922e-23
ASAN	cg05493394	EYA4	cg12767281	SFMBT2	between_gene	128	0.6781038271378869	1.463455592205113e-18	5.715801856381946e-18
ASAN	cg05493394	EYA4	cg26878816	SFMBT2	between_gene	128	0.7083638527742172	8.607924430656558e-21	4.221442639019353e-20
ASAN	cg05493394	EYA4	cg12328063	SFMBT2	between_gene	128	0.6881065738875664	2.8716070279192914e-19	1.2142662456793245e-18
ASAN	cg05493394	EYA4	cg16818993	SFMBT2	between_gene	128	0.695505630836843	8.248751255954951e-20	3.691422303050852e-19
ASAN	cg05493394	EYA4	cg20295442	ADHFE1	between_gene	0			
ASAN	cg05493394	EYA4	cg19283840	ADHFE1	between_gene	0			
ASAN	cg05493394	EYA4	cg25046651	ADHFE1	between_gene	128	0.5711179271195752	1.931332564178546e-12	4.459156336231705e-12
ASAN	cg05493394	EYA4	cg01588438	ADHFE1	between_gene	128	0.6132633675151071	1.4137840081473055e-14	3.73714536702768e-14
ASAN	cg05493394	EYA4	cg08090772	ADHFE1	between_gene	0			
ASAN	cg05493394	EYA4	cg09383816	ADHFE1	between_gene	128	0.6133377586522615	1.4006531399001234e-14	3.706190711966959e-14
ASAN	cg05493394	EYA4	cg20912169	ADHFE1	between_gene	128	0.5994609503753892	7.660256909546925e-14	1.91984728885763e-13
ASAN	cg05493394	EYA4	cg18065361	ADHFE1	between_gene	128	0.6102133308917781	2.068338972399629e-14	5.4071106001910135e-14
ASAN	cg05493394	EYA4	cg04481096	HOXA2	between_gene	128	0.5730234847097601	1.5696514160617229e-12	3.6434346481361515e-12
ASAN	cg05493394	EYA4	cg19598584	HOXA2	between_gene	0			
ASAN	cg05493394	EYA4	cg09871315	HOXA2	between_gene	0			
ASAN	cg05493394	EYA4	cg13661519	HOXA2	between_gene	128	0.5272157114081669	1.6217647760488937e-10	3.3395298348157565e-10
ASAN	cg05493394	EYA4	cg02803819	HOXA2	between_gene	128	0.5290754898370261	1.3614300789623894e-10	2.8101036993772735e-10
ASAN	cg05493394	EYA4	cg03763508	HOXA2	between_gene	128	0.5245147408899468	2.0870619469833677e-10	4.2774113273209803e-10
ASAN	cg05493394	EYA4	cg00188704	HOXA2	between_gene	128	0.5527261490569492	1.3368676846425995e-11	2.8945126881597857e-11
ASAN	cg05493394	EYA4	cg06786372	HOXA2	between_gene	128	0.5427291247024353	3.6451077318236785e-11	7.706714807397065e-11
ASAN	cg05493394	EYA4	cg19236679	GFRA1	between_gene	128	0.7084611334920344	8.458053298749151e-21	4.1557553778599874e-20
ASAN	cg05493394	EYA4	cg06298519	GFRA1	between_gene	128	0.6918261307452848	1.5410664259534345e-19	6.723482115907208e-19
ASAN	cg05493394	EYA4	cg19485539	GFRA1	between_gene	128	0.7153795092473906	2.3803396178736058e-21	1.2322035839349678e-20
ASAN	cg05493394	EYA4	cg18672939	GFRA1	between_gene	128	0.7412561801867789	1.4566072978979402e-23	9.922424125889624e-23
ASAN	cg05493394	EYA4	cg27034576	GFRA1	between_gene	128	0.7815189525727888	1.3762039333623555e-27	1.972811023155157e-26
ASAN	cg05493394	EYA4	cg18044663	GFRA1	between_gene	128	0.6797118201794542	1.131280728450851e-18	4.4924070327675345e-18
ASAN	cg05493394	EYA4	cg15701178	UNC5C	between_gene	128	0.6683013642190074	6.791385932465431e-18	2.437238775488626e-17
ASAN	cg05493394	EYA4	cg03008707	UNC5C	between_gene	128	0.7124153085515472	4.116644533297939e-21	2.077432415352867e-20
ASAN	cg05493394	EYA4	cg24870497	UNC5C	between_gene	0			
ASAN	cg05493394	EYA4	cg13265789	UNC5C	between_gene	128	0.7077286669108221	9.652242901414138e-21	4.689516150798787e-20
ASAN	cg05493394	EYA4	cg12584684	UNC5C	between_gene	128	0.6704758743819813	4.8559740140195e-18	1.7744028294925596e-17
ASAN	cg05493394	EYA4	cg08327106	RALYL	between_gene	0			
ASAN	cg05493394	EYA4	cg09757712	RALYL	between_gene	0			
ASAN	cg05493394	EYA4	cg11089595	RALYL	between_gene	128	0.6830250869804065	6.62115136528847e-19	2.6617232530104192e-18
ASAN	cg05493394	EYA4	cg01134282	RALYL	between_gene	0			
ASAN	cg05493394	EYA4	cg06955749	RALYL	between_gene	128	0.6261444790331441	2.7068848623636618e-15	7.553222038402988e-15
ASAN	cg05493394	EYA4	cg11666087	BEND5	between_gene	128	0.7058116645303057	1.3611669276505767e-20	6.528096533530064e-20
ASAN	cg05493394	EYA4	cg16573178	BEND5	between_gene	128	0.6849420893609228	4.840922840183481e-19	1.99712875632425e-18
ASAN	cg05493394	EYA4	cg06744574	BEND5	between_gene	128	0.699745925654642	3.9671460522343543e-20	1.8222331074435617e-19
ASAN	cg05493394	EYA4	cg03603214	BEND5	between_gene	128	0.5960904596227796	1.1432666708155532e-13	2.8380425729379434e-13
ASAN	cg26449787	EYA4	cg22871668	EYA4	within_gene	128	0.916264191540011	6.703817530924641e-52	3.7282634338651073e-51
ASAN	cg26449787	EYA4	cg20980055	EYA4	within_gene	128	0.9284757828236588	4.804203245138438e-56	3.3107226711062705e-55
ASAN	cg26449787	EYA4	cg06611358	ZNF568	between_gene	0			
ASAN	cg26449787	EYA4	cg27390819	ZNF568	between_gene	128	0.7941311115180371	4.9895809157158686e-29	1.0091330704730775e-27
ASAN	cg26449787	EYA4	cg20154403	ZNF568	between_gene	128	0.7398255813953488	1.9612373388639586e-23	1.3153902871712256e-22
ASAN	cg26449787	EYA4	cg21761844	ZNF568	between_gene	0			
ASAN	cg26449787	EYA4	cg20680720	ZNF568	between_gene	128	0.5632439113715436	4.48656559160442e-12	1.0099611413715212e-11
ASAN	cg26449787	EYA4	cg02459604	ZNF568	between_gene	128	0.6660982420802051	9.512946074529488e-18	3.3359242350063755e-17
ASAN	cg26449787	EYA4	cg03060201	ZNF568	between_gene	128	0.7151506134407617	2.483805258705706e-21	1.2832174098937004e-20
ASAN	cg26449787	EYA4	cg03443751	ZNF568	between_gene	128	0.6645703625709577	1.1997432359166176e-17	4.1568792861971524e-17
ASAN	cg26449787	EYA4	cg17332326	ZNF793	between_gene	128	0.6428481505218824	2.821386603185281e-16	8.519673203368517e-16
ASAN	cg26449787	EYA4	cg11623861	ZNF793	between_gene	0			
ASAN	cg26449787	EYA4	cg14732998	ZNF793	between_gene	0			
ASAN	cg26449787	EYA4	cg07482795	ZNF793	between_gene	128	0.6155752151620582	1.0566844257549542e-14	2.8102850833788742e-14
ASAN	cg26449787	EYA4	cg13181745	ZNF793	between_gene	0			
ASAN	cg26449787	EYA4	cg24078985	ZNF793	between_gene	128	0.6332230818531405	1.0558399396980032e-15	3.043852378643194e-15
ASAN	cg26449787	EYA4	cg15139588	ZNF793	between_gene	128	0.6090173503021424	2.3984587736636862e-14	6.226446706953789e-14
ASAN	cg26449787	EYA4	cg25361907	ZNF793	between_gene	128	0.6176409998168834	8.129904637434478e-15	2.1799507912709716e-14
ASAN	cg26449787	EYA4	cg20299663	SFMBT2	between_gene	128	0.8164026735030213	7.78487440282663e-32	2.986873134849218e-30
ASAN	cg26449787	EYA4	cg20506550	SFMBT2	between_gene	0			
ASAN	cg26449787	EYA4	cg01056653	SFMBT2	between_gene	0			
ASAN	cg26449787	EYA4	cg22862480	SFMBT2	between_gene	128	0.8334439663065373	2.969629134269154e-34	1.936940602827056e-32
ASAN	cg26449787	EYA4	cg12767281	SFMBT2	between_gene	128	0.7598425196850392	2.534107475233374e-25	2.2336102712445515e-24
ASAN	cg26449787	EYA4	cg26878816	SFMBT2	between_gene	128	0.8002712415308552	9.116318041522265e-30	2.202266089845517e-28
ASAN	cg26449787	EYA4	cg12328063	SFMBT2	between_gene	128	0.8035787859366416	3.5596190161936214e-30	9.775837908683324e-29
ASAN	cg26449787	EYA4	cg16818993	SFMBT2	between_gene	128	0.7602659769273027	2.300838698827736e-25	2.055783618233412e-24
ASAN	cg26449787	EYA4	cg20295442	ADHFE1	between_gene	0			
ASAN	cg26449787	EYA4	cg19283840	ADHFE1	between_gene	0			
ASAN	cg26449787	EYA4	cg25046651	ADHFE1	between_gene	128	0.7713044772019776	1.726203371216925e-26	1.900280420044286e-25
ASAN	cg26449787	EYA4	cg01588438	ADHFE1	between_gene	128	0.7691356894341694	2.904078249763172e-26	3.0799756722081767e-25
ASAN	cg26449787	EYA4	cg08090772	ADHFE1	between_gene	0			
ASAN	cg26449787	EYA4	cg09383816	ADHFE1	between_gene	128	0.7736563816150888	9.7560826833341e-27	1.1213048335162407e-25
ASAN	cg26449787	EYA4	cg20912169	ADHFE1	between_gene	128	0.754543581761582	8.344634068089079e-25	6.824812001142447e-24
ASAN	cg26449787	EYA4	cg18065361	ADHFE1	between_gene	128	0.7529355887200146	1.1909064067073315e-24	9.443996398478505e-24
ASAN	cg26449787	EYA4	cg04481096	HOXA2	between_gene	128	0.6549338491118841	5.0270982725754584e-17	1.6192221473023915e-16
ASAN	cg26449787	EYA4	cg19598584	HOXA2	between_gene	0			
ASAN	cg26449787	EYA4	cg09871315	HOXA2	between_gene	0			
ASAN	cg26449787	EYA4	cg13661519	HOXA2	between_gene	128	0.6863784105475187	3.822445601078778e-19	1.593092743325005e-18
ASAN	cg26449787	EYA4	cg02803819	HOXA2	between_gene	128	0.6971365134590733	6.234041351284684e-20	2.813947039014142e-19
ASAN	cg26449787	EYA4	cg03763508	HOXA2	between_gene	128	0.6410227064640176	3.6368167702538013e-16	1.0881255680724965e-15
ASAN	cg26449787	EYA4	cg00188704	HOXA2	between_gene	128	0.6844728529573338	5.2277543372827755e-19	2.137807377111405e-18
ASAN	cg26449787	EYA4	cg06786372	HOXA2	between_gene	128	0.7167471616919978	1.8443789632718672e-21	9.740859747320447e-21
ASAN	cg26449787	EYA4	cg19236679	GFRA1	between_gene	128	0.7571072147958249	4.706042329828123e-25	4.038836986355781e-24
ASAN	cg26449787	EYA4	cg06298519	GFRA1	between_gene	128	0.778995376304706	2.6030703417232208e-27	3.3957052607779417e-26
ASAN	cg26449787	EYA4	cg19485539	GFRA1	between_gene	128	0.8107546694744553	4.345039362712016e-31	1.453359961194314e-29
ASAN	cg26449787	EYA4	cg18672939	GFRA1	between_gene	128	0.8083283739241895	8.935856854006416e-31	2.843128113671066e-29
ASAN	cg26449787	EYA4	cg27034576	GFRA1	between_gene	128	0.8535295733382163	1.7564484559224528e-37	2.2912870107508397e-35
ASAN	cg26449787	EYA4	cg18044663	GFRA1	between_gene	128	0.7504749587987549	2.0416253024121142e-24	1.5620529073293857e-23
ASAN	cg26449787	EYA4	cg15701178	UNC5C	between_gene	128	0.7856047427211132	4.815492194391865e-28	7.803490146067314e-27
ASAN	cg26449787	EYA4	cg03008707	UNC5C	between_gene	128	0.827652902398828	2.109856691686633e-33	1.123391042573556e-31
ASAN	cg26449787	EYA4	cg24870497	UNC5C	between_gene	0			
ASAN	cg26449787	EYA4	cg13265789	UNC5C	between_gene	128	0.8553492950009156	8.482553983422382e-38	1.3018225495734702e-35
ASAN	cg26449787	EYA4	cg12584684	UNC5C	between_gene	128	0.7678595953122139	3.933565203900049e-26	4.0563919434684695e-25
ASAN	cg26449787	EYA4	cg08327106	RALYL	between_gene	0			
ASAN	cg26449787	EYA4	cg09757712	RALYL	between_gene	0			
ASAN	cg26449787	EYA4	cg11089595	RALYL	between_gene	128	0.7989608130379051	1.3167955949951854e-29	2.961654920122792e-28
ASAN	cg26449787	EYA4	cg01134282	RALYL	between_gene	0			
ASAN	cg26449787	EYA4	cg06955749	RALYL	between_gene	128	0.6843355154733565	5.346568771069485e-19	2.18297307100474e-18
ASAN	cg26449787	EYA4	cg11666087	BEND5	between_gene	128	0.7621772569126534	1.4842594830936307e-25	1.3879688141187391e-24
ASAN	cg26449787	EYA4	cg16573178	BEND5	between_gene	128	0.722332219373741	6.405768628088753e-22	3.540815752263465e-21
ASAN	cg26449787	EYA4	cg06744574	BEND5	between_gene	128	0.7843572605749862	6.651675894983242e-28	1.0208366123536046e-26
ASAN	cg26449787	EYA4	cg03603214	BEND5	between_gene	128	0.6338353781358724	9.721551852662233e-16	2.815042040354691e-15
ASAN	cg22871668	EYA4	cg20980055	EYA4	within_gene	128	0.9545012360373556	4.5711510844151696e-68	6.90026139885528e-67
ASAN	cg22871668	EYA4	cg06611358	ZNF568	between_gene	0			
ASAN	cg22871668	EYA4	cg27390819	ZNF568	between_gene	128	0.7559455685771836	6.1059298537126185e-25	5.12230578403094e-24
ASAN	cg22871668	EYA4	cg20154403	ZNF568	between_gene	128	0.6659494598058963	9.730926152258674e-18	3.401621361617484e-17
ASAN	cg22871668	EYA4	cg21761844	ZNF568	between_gene	0			
ASAN	cg22871668	EYA4	cg20680720	ZNF568	between_gene	128	0.5117423548800586	6.679415724527551e-10	1.3456830598681375e-09
ASAN	cg22871668	EYA4	cg02459604	ZNF568	between_gene	128	0.60681422816334	3.1455336471844825e-14	8.085416044831836e-14
ASAN	cg22871668	EYA4	cg03060201	ZNF568	between_gene	128	0.6679065189525728	7.215726650789067e-18	2.5788809358779008e-17
ASAN	cg22871668	EYA4	cg03443751	ZNF568	between_gene	128	0.593893059879143	1.4806001488805517e-13	3.6580357844974994e-13
ASAN	cg22871668	EYA4	cg17332326	ZNF793	between_gene	128	0.570894753708112	1.978637016735322e-12	4.564335965218793e-12
ASAN	cg22871668	EYA4	cg11623861	ZNF793	between_gene	0			
ASAN	cg22871668	EYA4	cg14732998	ZNF793	between_gene	0			
ASAN	cg22871668	EYA4	cg07482795	ZNF793	between_gene	128	0.5121257553561618	6.454697024284539e-10	1.3034291436809874e-09
ASAN	cg22871668	EYA4	cg13181745	ZNF793	between_gene	0			
ASAN	cg22871668	EYA4	cg24078985	ZNF793	between_gene	128	0.5583970426661783	7.455735363942599e-12	1.6498739240480274e-11
ASAN	cg22871668	EYA4	cg15139588	ZNF793	between_gene	128	0.5455216535433071	2.7635612317935616e-11	5.87622759066781e-11
ASAN	cg22871668	EYA4	cg25361907	ZNF793	between_gene	128	0.5367950009155832	6.510065765520701e-11	1.3598688216367902e-10
ASAN	cg22871668	EYA4	cg20299663	SFMBT2	between_gene	128	0.7797335652810841	2.1621924529416176e-27	2.8781429131248365e-26
ASAN	cg22871668	EYA4	cg20506550	SFMBT2	between_gene	0			
ASAN	cg22871668	EYA4	cg01056653	SFMBT2	between_gene	0			
ASAN	cg22871668	EYA4	cg22862480	SFMBT2	between_gene	128	0.8500904138436184	6.769300993076547e-37	7.064442516374682e-35
ASAN	cg22871668	EYA4	cg12767281	SFMBT2	between_gene	128	0.7599970243545139	2.446431477780392e-25	2.1784094626378985e-24
ASAN	cg22871668	EYA4	cg26878816	SFMBT2	between_gene	128	0.7800826313861929	1.9800527488409072e-27	2.676661980168874e-26
ASAN	cg22871668	EYA4	cg12328063	SFMBT2	between_gene	128	0.80471754257462	2.56441126723804e-30	7.27233586546092e-29
ASAN	cg22871668	EYA4	cg16818993	SFMBT2	between_gene	128	0.7556823383995604	6.475772474492639e-25	5.397856353339072e-24
ASAN	cg22871668	EYA4	cg20295442	ADHFE1	between_gene	0			
ASAN	cg22871668	EYA4	cg19283840	ADHFE1	between_gene	0			
ASAN	cg22871668	EYA4	cg25046651	ADHFE1	between_gene	128	0.7962998992858451	2.7554679923706937e-29	5.797593542012211e-28
ASAN	cg22871668	EYA4	cg01588438	ADHFE1	between_gene	128	0.7672530214246475	4.540776973716876e-26	4.574087692829085e-25
ASAN	cg22871668	EYA4	cg08090772	ADHFE1	between_gene	0			
ASAN	cg22871668	EYA4	cg09383816	ADHFE1	between_gene	128	0.7751327595678447	6.794910438222074e-27	7.98555015014477e-26
ASAN	cg22871668	EYA4	cg20912169	ADHFE1	between_gene	128	0.7636364676799121	1.059142843956542e-25	1.012199150140153e-24
ASAN	cg22871668	EYA4	cg18065361	ADHFE1	between_gene	128	0.751968503937008	1.4730260197211688e-24	1.1403931410838368e-23
ASAN	cg22871668	EYA4	cg04481096	HOXA2	between_gene	128	0.5545229811389855	1.1123769290670004e-11	2.4205099315561336e-11
ASAN	cg22871668	EYA4	cg19598584	HOXA2	between_gene	0			
ASAN	cg22871668	EYA4	cg09871315	HOXA2	between_gene	0			
ASAN	cg22871668	EYA4	cg13661519	HOXA2	between_gene	128	0.6519238692547152	7.78159125543675e-17	2.4578900224496953e-16
ASAN	cg22871668	EYA4	cg02803819	HOXA2	between_gene	128	0.6845415216993225	5.169317079013458e-19	2.120557902381464e-18
ASAN	cg22871668	EYA4	cg03763508	HOXA2	between_gene	128	0.5895612067386925	2.4509057230144866e-13	5.970507032067969e-13
ASAN	cg22871668	EYA4	cg00188704	HOXA2	between_gene	128	0.6523015473356527	7.368462162094953e-17	2.3330482743817636e-16
ASAN	cg22871668	EYA4	cg06786372	HOXA2	between_gene	128	0.6998775407434535	3.877229549528336e-20	1.7903879459680404e-19
ASAN	cg22871668	EYA4	cg19236679	GFRA1	between_gene	128	0.7297198315326863	1.5190540511871228e-22	8.986875327771436e-22
ASAN	cg22871668	EYA4	cg06298519	GFRA1	between_gene	128	0.770068439846182	2.32353723429865e-26	2.505003572018668e-25
ASAN	cg22871668	EYA4	cg19485539	GFRA1	between_gene	128	0.8012955502655191	6.825911044786706e-30	1.7123847996008182e-28
ASAN	cg22871668	EYA4	cg18672939	GFRA1	between_gene	128	0.7869552279802234	3.386165687711698e-28	5.699681470477303e-27
ASAN	cg22871668	EYA4	cg27034576	GFRA1	between_gene	128	0.8390175791979491	4.184653838275382e-35	3.211106430606021e-33
ASAN	cg22871668	EYA4	cg18044663	GFRA1	between_gene	128	0.7604090368064457	2.2268862540153384e-25	2.003429736802075e-24
ASAN	cg22871668	EYA4	cg15701178	UNC5C	between_gene	128	0.7853472349386559	5.148446915061765e-28	8.240673620488434e-27
ASAN	cg22871668	EYA4	cg03008707	UNC5C	between_gene	128	0.839303698956235	3.7765831782948314e-35	2.9857895491427924e-33
ASAN	cg22871668	EYA4	cg24870497	UNC5C	between_gene	0			
ASAN	cg22871668	EYA4	cg13265789	UNC5C	between_gene	128	0.8726709851675518	4.835982787532743e-41	3.1542697731682326e-38
ASAN	cg22871668	EYA4	cg12584684	UNC5C	between_gene	128	0.7435737502288957	8.95866477267176e-24	6.199776231273375e-23
ASAN	cg22871668	EYA4	cg08327106	RALYL	between_gene	0			
ASAN	cg22871668	EYA4	cg09757712	RALYL	between_gene	0			
ASAN	cg22871668	EYA4	cg11089595	RALYL	between_gene	128	0.7849180553012268	5.754137133574201e-28	8.936037965175649e-27
ASAN	cg22871668	EYA4	cg01134282	RALYL	between_gene	0			
ASAN	cg22871668	EYA4	cg06955749	RALYL	between_gene	128	0.6532228529573338	6.448263935604607e-17	2.0516488546332222e-16
ASAN	cg22871668	EYA4	cg11666087	BEND5	between_gene	128	0.7981654001098699	1.6439137113291416e-29	3.604177204082126e-28
ASAN	cg22871668	EYA4	cg16573178	BEND5	between_gene	128	0.7557738967222121	6.3447111184430715e-25	5.305561316672429e-24
ASAN	cg22871668	EYA4	cg06744574	BEND5	between_gene	128	0.8120479307819081	2.9460085964977964e-31	9.981995361380197e-30
ASAN	cg22871668	EYA4	cg03603214	BEND5	between_gene	128	0.6584645669291338	2.992112078250015e-17	9.881544825511758e-17
ASAN	cg20980055	EYA4	cg06611358	ZNF568	between_gene	0			
ASAN	cg20980055	EYA4	cg27390819	ZNF568	between_gene	128	0.7850668375755355	5.536653649868494e-28	8.649778067369402e-27
ASAN	cg20980055	EYA4	cg20154403	ZNF568	between_gene	128	0.7236140358908624	5.007024924169383e-22	2.8093178553027777e-21
ASAN	cg20980055	EYA4	cg21761844	ZNF568	between_gene	0			
ASAN	cg20980055	EYA4	cg20680720	ZNF568	between_gene	128	0.5455044863578099	2.7682905201168727e-11	5.881490201127786e-11
ASAN	cg20980055	EYA4	cg02459604	ZNF568	between_gene	128	0.6577435451382531	3.328435436810485e-17	1.0936886718688358e-16
ASAN	cg20980055	EYA4	cg03060201	ZNF568	between_gene	128	0.7135025636330341	3.370005298723406e-21	1.7105727284765304e-20
ASAN	cg20980055	EYA4	cg03443751	ZNF568	between_gene	128	0.6627506409082585	1.57885694392468e-17	5.3705837896994656e-17
ASAN	cg20980055	EYA4	cg17332326	ZNF793	between_gene	128	0.6305678904962461	1.5072823039205646e-15	4.297813695004102e-15
ASAN	cg20980055	EYA4	cg11623861	ZNF793	between_gene	0			
ASAN	cg20980055	EYA4	cg14732998	ZNF793	between_gene	0			
ASAN	cg20980055	EYA4	cg07482795	ZNF793	between_gene	128	0.5716214978941586	1.8285854208677136e-12	4.229414328939596e-12
ASAN	cg20980055	EYA4	cg13181745	ZNF793	between_gene	0			
ASAN	cg20980055	EYA4	cg24078985	ZNF793	between_gene	128	0.6168627540743453	8.975901075275234e-15	2.3969422625786166e-14
ASAN	cg20980055	EYA4	cg15139588	ZNF793	between_gene	128	0.6008629371909906	6.475977838963157e-14	1.629298571056401e-13
ASAN	cg20980055	EYA4	cg25361907	ZNF793	between_gene	128	0.5893838124885552	2.501618403201256e-13	6.08836046077619e-13
ASAN	cg20980055	EYA4	cg20299663	SFMBT2	between_gene	128	0.795195477018861	3.731634967976609e-29	7.726853675754739e-28
ASAN	cg20980055	EYA4	cg20506550	SFMBT2	between_gene	0			
ASAN	cg20980055	EYA4	cg01056653	SFMBT2	between_gene	0			
ASAN	cg20980055	EYA4	cg22862480	SFMBT2	between_gene	128	0.8538328602819996	1.5568560163814766e-37	2.1378091298627752e-35
ASAN	cg20980055	EYA4	cg12767281	SFMBT2	between_gene	128	0.7483691173777697	3.2223020809504332e-24	2.350463411574161e-23
ASAN	cg20980055	EYA4	cg26878816	SFMBT2	between_gene	128	0.780471754257462	1.794697021347062e-27	2.5039382506387615e-26
ASAN	cg20980055	EYA4	cg12328063	SFMBT2	between_gene	128	0.8001854056033694	9.339344283524889e-30	2.235444884010682e-28
ASAN	cg20980055	EYA4	cg16818993	SFMBT2	between_gene	128	0.74888985533785	2.8796535568109152e-24	2.1492328852888776e-23
ASAN	cg20980055	EYA4	cg20295442	ADHFE1	between_gene	0			
ASAN	cg20980055	EYA4	cg19283840	ADHFE1	between_gene	0			
ASAN	cg20980055	EYA4	cg25046651	ADHFE1	between_gene	128	0.8024629188793261	4.8984059276932885e-30	1.3175196974589472e-28
ASAN	cg20980055	EYA4	cg01588438	ADHFE1	between_gene	128	0.7922999450650063	8.19207417207741e-29	1.5600818624051067e-27
ASAN	cg20980055	EYA4	cg08090772	ADHFE1	between_gene	0			
ASAN	cg20980055	EYA4	cg09383816	ADHFE1	between_gene	128	0.7942741713971799	4.7989878276545994e-29	9.7816869080866e-28
ASAN	cg20980055	EYA4	cg20912169	ADHFE1	between_gene	128	0.7842027559055118	6.922160984780777e-28	1.0561355560990086e-26
ASAN	cg20980055	EYA4	cg18065361	ADHFE1	between_gene	128	0.7742400659219922	8.458853651487225e-27	9.808510745213412e-26
ASAN	cg20980055	EYA4	cg04481096	HOXA2	between_gene	128	0.5814354056033694	6.183862505409975e-13	1.4720526712239622e-12
ASAN	cg20980055	EYA4	cg19598584	HOXA2	between_gene	0			
ASAN	cg20980055	EYA4	cg09871315	HOXA2	between_gene	0			
ASAN	cg20980055	EYA4	cg13661519	HOXA2	between_gene	128	0.6730337850210584	3.260828189582429e-18	1.2136235016577115e-17
ASAN	cg20980055	EYA4	cg02803819	HOXA2	between_gene	128	0.6985671122505035	4.868720149726183e-20	2.220715187174058e-19
ASAN	cg20980055	EYA4	cg03763508	HOXA2	between_gene	128	0.6089715711408167	2.4120623927934133e-14	6.255537557453294e-14
ASAN	cg20980055	EYA4	cg00188704	HOXA2	between_gene	128	0.6690796099615455	6.0250456929365195e-18	2.183242251787691e-17
ASAN	cg20980055	EYA4	cg06786372	HOXA2	between_gene	128	0.7194939113715436	1.099927823849241e-21	5.9291563893030345e-21
ASAN	cg20980055	EYA4	cg19236679	GFRA1	between_gene	128	0.7522202893242996	1.3938371411380531e-24	1.082297946794399e-23
ASAN	cg20980055	EYA4	cg06298519	GFRA1	between_gene	128	0.7649182841970334	7.858535012641558e-26	7.678995448682331e-25
ASAN	cg20980055	EYA4	cg19485539	GFRA1	between_gene	128	0.7926604559604468	7.433138572619458e-29	1.4472431743256842e-27
ASAN	cg20980055	EYA4	cg18672939	GFRA1	between_gene	128	0.8049292711957517	2.412153749162512e-30	6.992565701738881e-29
ASAN	cg20980055	EYA4	cg27034576	GFRA1	between_gene	128	0.8456269456143564	3.710598924604644e-36	3.7028319073963246e-34
ASAN	cg20980055	EYA4	cg18044663	GFRA1	between_gene	128	0.7683746108771287	3.480999744463878e-26	3.632771333322503e-25
ASAN	cg20980055	EYA4	cg15701178	UNC5C	between_gene	128	0.7763230177623146	5.066002730884246e-27	6.176262207886447e-26
ASAN	cg20980055	EYA4	cg03008707	UNC5C	between_gene	128	0.8455411096868705	3.8319839593599374e-36	3.7028319073963246e-34
ASAN	cg20980055	EYA4	cg24870497	UNC5C	between_gene	0			
ASAN	cg20980055	EYA4	cg13265789	UNC5C	between_gene	128	0.866319126533602	8.444439354486333e-40	3.904017573415875e-37
ASAN	cg20980055	EYA4	cg12584684	UNC5C	between_gene	128	0.7559913477385094	6.043754384637325e-25	5.102962844504459e-24
ASAN	cg20980055	EYA4	cg08327106	RALYL	between_gene	0			
ASAN	cg20980055	EYA4	cg09757712	RALYL	between_gene	0			
ASAN	cg20980055	EYA4	cg11089595	RALYL	between_gene	128	0.8124942776048343	2.5744633660575327e-31	8.955699896058803e-30
ASAN	cg20980055	EYA4	cg01134282	RALYL	between_gene	0			
ASAN	cg20980055	EYA4	cg06955749	RALYL	between_gene	128	0.6933425654642006	1.1924703702726872e-19	5.246467446950153e-19
ASAN	cg20980055	EYA4	cg11666087	BEND5	between_gene	128	0.7935932063724592	5.77487744292916e-29	1.1501263548551284e-27
ASAN	cg20980055	EYA4	cg16573178	BEND5	between_gene	128	0.7612502288958065	1.8368374026503608e-25	1.669794001224666e-24
ASAN	cg20980055	EYA4	cg06744574	BEND5	between_gene	128	0.8268288774949643	2.7723083263366407e-33	1.4182259653749595e-31
ASAN	cg20980055	EYA4	cg03603214	BEND5	between_gene	128	0.6643815235304888	1.2345322965099781e-17	4.271743715642617e-17
ASAN	cg06611358	ZNF568	cg27390819	ZNF568	within_gene	0			
ASAN	cg06611358	ZNF568	cg20154403	ZNF568	within_gene	0			
ASAN	cg06611358	ZNF568	cg21761844	ZNF568	within_gene	0			
ASAN	cg06611358	ZNF568	cg20680720	ZNF568	within_gene	0			
ASAN	cg06611358	ZNF568	cg02459604	ZNF568	within_gene	0			
ASAN	cg06611358	ZNF568	cg03060201	ZNF568	within_gene	0			
ASAN	cg06611358	ZNF568	cg03443751	ZNF568	within_gene	0			
ASAN	cg06611358	ZNF568	cg17332326	ZNF793	between_gene	0			
ASAN	cg06611358	ZNF568	cg11623861	ZNF793	between_gene	0			
ASAN	cg06611358	ZNF568	cg14732998	ZNF793	between_gene	0			
ASAN	cg06611358	ZNF568	cg07482795	ZNF793	between_gene	0			
ASAN	cg06611358	ZNF568	cg13181745	ZNF793	between_gene	0			
ASAN	cg06611358	ZNF568	cg24078985	ZNF793	between_gene	0			
ASAN	cg06611358	ZNF568	cg15139588	ZNF793	between_gene	0			
ASAN	cg06611358	ZNF568	cg25361907	ZNF793	between_gene	0			
ASAN	cg06611358	ZNF568	cg20299663	SFMBT2	between_gene	0			
ASAN	cg06611358	ZNF568	cg20506550	SFMBT2	between_gene	0			
ASAN	cg06611358	ZNF568	cg01056653	SFMBT2	between_gene	0			
ASAN	cg06611358	ZNF568	cg22862480	SFMBT2	between_gene	0			
ASAN	cg06611358	ZNF568	cg12767281	SFMBT2	between_gene	0			
ASAN	cg06611358	ZNF568	cg26878816	SFMBT2	between_gene	0			
ASAN	cg06611358	ZNF568	cg12328063	SFMBT2	between_gene	0			
ASAN	cg06611358	ZNF568	cg16818993	SFMBT2	between_gene	0			
ASAN	cg06611358	ZNF568	cg20295442	ADHFE1	between_gene	0			
ASAN	cg06611358	ZNF568	cg19283840	ADHFE1	between_gene	0			
ASAN	cg06611358	ZNF568	cg25046651	ADHFE1	between_gene	0			
ASAN	cg06611358	ZNF568	cg01588438	ADHFE1	between_gene	0			
ASAN	cg06611358	ZNF568	cg08090772	ADHFE1	between_gene	0			
ASAN	cg06611358	ZNF568	cg09383816	ADHFE1	between_gene	0			
ASAN	cg06611358	ZNF568	cg20912169	ADHFE1	between_gene	0			
ASAN	cg06611358	ZNF568	cg18065361	ADHFE1	between_gene	0			
ASAN	cg06611358	ZNF568	cg04481096	HOXA2	between_gene	0			
ASAN	cg06611358	ZNF568	cg19598584	HOXA2	between_gene	0			
ASAN	cg06611358	ZNF568	cg09871315	HOXA2	between_gene	0			
ASAN	cg06611358	ZNF568	cg13661519	HOXA2	between_gene	0			
ASAN	cg06611358	ZNF568	cg02803819	HOXA2	between_gene	0			
ASAN	cg06611358	ZNF568	cg03763508	HOXA2	between_gene	0			
ASAN	cg06611358	ZNF568	cg00188704	HOXA2	between_gene	0			
ASAN	cg06611358	ZNF568	cg06786372	HOXA2	between_gene	0			
ASAN	cg06611358	ZNF568	cg19236679	GFRA1	between_gene	0			
ASAN	cg06611358	ZNF568	cg06298519	GFRA1	between_gene	0			
ASAN	cg06611358	ZNF568	cg19485539	GFRA1	between_gene	0			
ASAN	cg06611358	ZNF568	cg18672939	GFRA1	between_gene	0			
ASAN	cg06611358	ZNF568	cg27034576	GFRA1	between_gene	0			
ASAN	cg06611358	ZNF568	cg18044663	GFRA1	between_gene	0			
ASAN	cg06611358	ZNF568	cg15701178	UNC5C	between_gene	0			
ASAN	cg06611358	ZNF568	cg03008707	UNC5C	between_gene	0			
ASAN	cg06611358	ZNF568	cg24870497	UNC5C	between_gene	0			
ASAN	cg06611358	ZNF568	cg13265789	UNC5C	between_gene	0			
ASAN	cg06611358	ZNF568	cg12584684	UNC5C	between_gene	0			
ASAN	cg06611358	ZNF568	cg08327106	RALYL	between_gene	0			
ASAN	cg06611358	ZNF568	cg09757712	RALYL	between_gene	0			
ASAN	cg06611358	ZNF568	cg11089595	RALYL	between_gene	0			
ASAN	cg06611358	ZNF568	cg01134282	RALYL	between_gene	0			
ASAN	cg06611358	ZNF568	cg06955749	RALYL	between_gene	0			
ASAN	cg06611358	ZNF568	cg11666087	BEND5	between_gene	0			
ASAN	cg06611358	ZNF568	cg16573178	BEND5	between_gene	0			
ASAN	cg06611358	ZNF568	cg06744574	BEND5	between_gene	0			
ASAN	cg06611358	ZNF568	cg03603214	BEND5	between_gene	0			
ASAN	cg27390819	ZNF568	cg20154403	ZNF568	within_gene	128	0.7856848562534333	4.716276368121436e-28	1.0603259636131172e-27
ASAN	cg27390819	ZNF568	cg21761844	ZNF568	within_gene	0			
ASAN	cg27390819	ZNF568	cg20680720	ZNF568	within_gene	128	0.5881763871085882	2.8748631658839113e-13	5.731645431353457e-13
ASAN	cg27390819	ZNF568	cg02459604	ZNF568	within_gene	128	0.7056171030946713	1.409274368857629e-20	2.8274681957460026e-20
ASAN	cg27390819	ZNF568	cg03060201	ZNF568	within_gene	128	0.7456223676982238	5.804239085598409e-24	1.18706050976432e-23
ASAN	cg27390819	ZNF568	cg03443751	ZNF568	within_gene	128	0.7215596960263688	7.426156102241086e-22	1.4994213276499515e-21
ASAN	cg27390819	ZNF568	cg17332326	ZNF793	between_gene	128	0.6607878593664163	2.11858765492092e-17	7.141337456962119e-17
ASAN	cg27390819	ZNF568	cg11623861	ZNF793	between_gene	0			
ASAN	cg27390819	ZNF568	cg14732998	ZNF793	between_gene	0			
ASAN	cg27390819	ZNF568	cg07482795	ZNF793	between_gene	128	0.6505047152536164	9.545358983766223e-17	2.982495998640249e-16
ASAN	cg27390819	ZNF568	cg13181745	ZNF793	between_gene	0			
ASAN	cg27390819	ZNF568	cg24078985	ZNF793	between_gene	128	0.6625389122871269	1.6299131639336442e-17	5.522653824289452e-17
ASAN	cg27390819	ZNF568	cg15139588	ZNF793	between_gene	128	0.6474146218641275	1.483754557077966e-16	4.554253693431075e-16
ASAN	cg27390819	ZNF568	cg25361907	ZNF793	between_gene	128	0.6278096960263688	2.1738143539404128e-15	6.0983673649790725e-15
ASAN	cg27390819	ZNF568	cg20299663	SFMBT2	between_gene	128	0.8371177440029299	8.229013734680328e-35	6.13414195250885e-33
ASAN	cg27390819	ZNF568	cg20506550	SFMBT2	between_gene	0			
ASAN	cg27390819	ZNF568	cg01056653	SFMBT2	between_gene	0			
ASAN	cg27390819	ZNF568	cg22862480	SFMBT2	between_gene	128	0.8063827595678448	1.5813759987994708e-30	4.7974534661253715e-29
ASAN	cg27390819	ZNF568	cg12767281	SFMBT2	between_gene	128	0.7488555209668557	2.90110352055621e-24	2.156404297758163e-23
ASAN	cg27390819	ZNF568	cg26878816	SFMBT2	between_gene	128	0.7853186229628274	5.186805315223238e-28	8.251448211839895e-27
ASAN	cg27390819	ZNF568	cg12328063	SFMBT2	between_gene	128	0.8237845632668008	7.509112327699712e-33	3.562049829630645e-31
ASAN	cg27390819	ZNF568	cg16818993	SFMBT2	between_gene	128	0.7762829609961545	5.1164606436618346e-27	6.208765497355222e-26
ASAN	cg27390819	ZNF568	cg20295442	ADHFE1	between_gene	0			
ASAN	cg27390819	ZNF568	cg19283840	ADHFE1	between_gene	0			
ASAN	cg27390819	ZNF568	cg25046651	ADHFE1	between_gene	128	0.7325295275590551	8.678481800399028e-23	5.315060802169265e-22
ASAN	cg27390819	ZNF568	cg01588438	ADHFE1	between_gene	128	0.7266068485625343	2.8016834575367795e-22	1.6065037671897709e-21
ASAN	cg27390819	ZNF568	cg08090772	ADHFE1	between_gene	0			
ASAN	cg27390819	ZNF568	cg09383816	ADHFE1	between_gene	128	0.7299830617103095	1.441865037704873e-22	8.569079460984087e-22
ASAN	cg27390819	ZNF568	cg20912169	ADHFE1	between_gene	128	0.7170676158212781	1.7369886150099773e-21	9.229741948189471e-21
ASAN	cg27390819	ZNF568	cg18065361	ADHFE1	between_gene	128	0.7272534792162607	2.468872813182719e-22	1.42822376265936e-21
ASAN	cg27390819	ZNF568	cg04481096	HOXA2	between_gene	128	0.5946713056216809	1.351343418319993e-13	3.3482003593512453e-13
ASAN	cg27390819	ZNF568	cg19598584	HOXA2	between_gene	0			
ASAN	cg27390819	ZNF568	cg09871315	HOXA2	between_gene	0			
ASAN	cg27390819	ZNF568	cg13661519	HOXA2	between_gene	128	0.6199585698590002	6.0443411568448196e-15	1.6443885378736322e-14
ASAN	cg27390819	ZNF568	cg02803819	HOXA2	between_gene	128	0.6357523805163888	7.497862014329478e-16	2.183250222699287e-15
ASAN	cg27390819	ZNF568	cg03763508	HOXA2	between_gene	128	0.5885368980040285	2.758102437445688e-13	6.681419925065737e-13
ASAN	cg27390819	ZNF568	cg00188704	HOXA2	between_gene	128	0.6294176890679363	1.7567255107352561e-15	4.964050796291561e-15
ASAN	cg27390819	ZNF568	cg06786372	HOXA2	between_gene	128	0.6631340413843618	1.4903416629894988e-17	5.0960699852419425e-17
ASAN	cg27390819	ZNF568	cg19236679	GFRA1	between_gene	128	0.7599169108221938	2.491515919949659e-25	2.2035135712368334e-24
ASAN	cg27390819	ZNF568	cg06298519	GFRA1	between_gene	128	0.7120204632851126	4.4259548261515436e-21	2.2249164048996878e-20
ASAN	cg27390819	ZNF568	cg19485539	GFRA1	between_gene	128	0.7372791155466032	3.3143711709369233e-23	2.1617985962436085e-22
ASAN	cg27390819	ZNF568	cg18672939	GFRA1	between_gene	128	0.761364676799121	1.789230147150669e-25	1.6322033055650684e-24
ASAN	cg27390819	ZNF568	cg27034576	GFRA1	between_gene	128	0.8173354239150339	5.827151759977899e-32	2.3034907487548997e-30
ASAN	cg27390819	ZNF568	cg18044663	GFRA1	between_gene	128	0.6793513092840138	1.1986700181201133e-18	4.7455691612676415e-18
ASAN	cg27390819	ZNF568	cg15701178	UNC5C	between_gene	128	0.7402604834279436	1.792036429948356e-23	1.2112494937137981e-22
ASAN	cg27390819	ZNF568	cg03008707	UNC5C	between_gene	128	0.7827321003479215	1.009960381434405e-27	1.4971514972513424e-26
ASAN	cg27390819	ZNF568	cg24870497	UNC5C	between_gene	0			
ASAN	cg27390819	ZNF568	cg13265789	UNC5C	between_gene	128	0.8047919337117743	2.5098716931365812e-30	7.195884887245428e-29
ASAN	cg27390819	ZNF568	cg12584684	UNC5C	between_gene	128	0.7618339132027101	1.6063521348525784e-25	1.4756946196585834e-24
ASAN	cg27390819	ZNF568	cg08327106	RALYL	between_gene	0			
ASAN	cg27390819	ZNF568	cg09757712	RALYL	between_gene	0			
ASAN	cg27390819	ZNF568	cg11089595	RALYL	between_gene	128	0.7550643197216627	7.432374686830957e-25	6.11705538105425e-24
ASAN	cg27390819	ZNF568	cg01134282	RALYL	between_gene	0			
ASAN	cg27390819	ZNF568	cg06955749	RALYL	between_gene	128	0.6678435726057499	7.285721629577464e-18	2.6003348469996726e-17
ASAN	cg27390819	ZNF568	cg11666087	BEND5	between_gene	128	0.7477396539095403	3.690008268300738e-24	2.674230992221285e-23
ASAN	cg27390819	ZNF568	cg16573178	BEND5	between_gene	128	0.7320202343893059	9.61039357632402e-23	5.844642620193325e-22
ASAN	cg27390819	ZNF568	cg06744574	BEND5	between_gene	128	0.7621314777513276	1.4999978455197248e-25	1.397676563914629e-24
ASAN	cg27390819	ZNF568	cg03603214	BEND5	between_gene	128	0.6481871452114997	1.329463027969073e-16	4.099963404221408e-16
ASAN	cg20154403	ZNF568	cg21761844	ZNF568	within_gene	0			
ASAN	cg20154403	ZNF568	cg20680720	ZNF568	within_gene	128	0.7770268723676982	4.254892631266594e-27	9.05235546383564e-27
ASAN	cg20154403	ZNF568	cg02459604	ZNF568	within_gene	128	0.8971571140816699	1.5300013457068435e-46	7.029136617232893e-46
ASAN	cg20154403	ZNF568	cg03060201	ZNF568	within_gene	128	0.9424212598425198	8.677075868766186e-62	7.640647362219113e-61
ASAN	cg20154403	ZNF568	cg03443751	ZNF568	within_gene	128	0.9288706280900932	3.4322634857382644e-56	2.4178389443978443e-55
ASAN	cg20154403	ZNF568	cg17332326	ZNF793	between_gene	128	0.7488955777330158	2.8760936780432374e-24	2.1492328852888776e-23
ASAN	cg20154403	ZNF568	cg11623861	ZNF793	between_gene	0			
ASAN	cg20154403	ZNF568	cg14732998	ZNF793	between_gene	0			
ASAN	cg20154403	ZNF568	cg07482795	ZNF793	between_gene	128	0.7098058963559788	6.6298364004976815e-21	3.3010006047516135e-20
ASAN	cg20154403	ZNF568	cg13181745	ZNF793	between_gene	0			
ASAN	cg20154403	ZNF568	cg24078985	ZNF793	between_gene	128	0.7483576725874382	3.23026393078064e-24	2.350463411574161e-23
ASAN	cg20154403	ZNF568	cg15139588	ZNF793	between_gene	128	0.7271676432887748	2.5107187625074843e-22	1.4492179759694749e-21
ASAN	cg20154403	ZNF568	cg25361907	ZNF793	between_gene	128	0.7242892785204175	4.395175911593125e-22	2.4713392140832887e-21
ASAN	cg20154403	ZNF568	cg20299663	SFMBT2	between_gene	128	0.7723058963559788	1.354991757757358e-26	1.5237816793055805e-25
ASAN	cg20154403	ZNF568	cg20506550	SFMBT2	between_gene	0			
ASAN	cg20154403	ZNF568	cg01056653	SFMBT2	between_gene	0			
ASAN	cg20154403	ZNF568	cg22862480	SFMBT2	between_gene	128	0.7835504028566197	8.187936787960019e-28	1.2348165942073807e-26
ASAN	cg20154403	ZNF568	cg12767281	SFMBT2	between_gene	128	0.7167299945065005	1.8503115208885644e-21	9.752450016158112e-21
ASAN	cg20154403	ZNF568	cg26878816	SFMBT2	between_gene	128	0.739659631935543	2.0298367113811922e-23	1.3579087128188536e-22
ASAN	cg20154403	ZNF568	cg12328063	SFMBT2	between_gene	128	0.7721056125251784	1.422363341109939e-26	1.5858743405794149e-25
ASAN	cg20154403	ZNF568	cg16818993	SFMBT2	between_gene	128	0.7227728438015015	5.886545817573905e-22	3.2607214518153547e-21
ASAN	cg20154403	ZNF568	cg20295442	ADHFE1	between_gene	0			
ASAN	cg20154403	ZNF568	cg19283840	ADHFE1	between_gene	0			
ASAN	cg20154403	ZNF568	cg25046651	ADHFE1	between_gene	128	0.6075466947445523	2.875035463341759e-14	7.412023244919614e-14
ASAN	cg20154403	ZNF568	cg01588438	ADHFE1	between_gene	128	0.6304419978026002	1.5328078749014761e-15	4.3610640628330985e-15
ASAN	cg20154403	ZNF568	cg08090772	ADHFE1	between_gene	0			
ASAN	cg20154403	ZNF568	cg09383816	ADHFE1	between_gene	128	0.6442673045229811	2.313286968087759e-16	7.01786709272205e-16
ASAN	cg20154403	ZNF568	cg20912169	ADHFE1	between_gene	128	0.6054007965574071	3.739109917394816e-14	9.582846536820309e-14
ASAN	cg20154403	ZNF568	cg18065361	ADHFE1	between_gene	128	0.6357352133308917	7.515382317420749e-16	2.185912203584251e-15
ASAN	cg20154403	ZNF568	cg04481096	HOXA2	between_gene	128	0.5631122962827321	4.549367087681145e-12	1.023215407910354e-11
ASAN	cg20154403	ZNF568	cg19598584	HOXA2	between_gene	0			
ASAN	cg20154403	ZNF568	cg09871315	HOXA2	between_gene	0			
ASAN	cg20154403	ZNF568	cg13661519	HOXA2	between_gene	128	0.5515931148141366	1.500331201884368e-11	3.23501165761679e-11
ASAN	cg20154403	ZNF568	cg02803819	HOXA2	between_gene	128	0.579043444424098	8.081081808894465e-13	1.909741162989643e-12
ASAN	cg20154403	ZNF568	cg03763508	HOXA2	between_gene	128	0.5263058505768174	1.766030581227067e-10	3.6308698080547025e-10
ASAN	cg20154403	ZNF568	cg00188704	HOXA2	between_gene	128	0.5691894799487273	2.3790638101112013e-12	5.454286011054591e-12
ASAN	cg20154403	ZNF568	cg06786372	HOXA2	between_gene	128	0.6053492950009156	3.7626750511289175e-14	9.633777437090622e-14
ASAN	cg20154403	ZNF568	cg19236679	GFRA1	between_gene	128	0.7196713056216809	1.0635901138542792e-21	5.745148254753239e-21
ASAN	cg20154403	ZNF568	cg06298519	GFRA1	between_gene	128	0.7290388665079656	1.7379658128624425e-22	1.0166710326811912e-21
ASAN	cg20154403	ZNF568	cg19485539	GFRA1	between_gene	128	0.7441002105841421	8.016293697306493e-24	5.6071073073117e-23
ASAN	cg20154403	ZNF568	cg18672939	GFRA1	between_gene	128	0.7634533510346089	1.1051053785928545e-25	1.0522700484484516e-24
ASAN	cg20154403	ZNF568	cg27034576	GFRA1	between_gene	128	0.7735591008972714	9.990444666733812e-27	1.1432048305047595e-25
ASAN	cg20154403	ZNF568	cg18044663	GFRA1	between_gene	128	0.6889191540010987	2.508533097944882e-19	1.0746737032082426e-18
ASAN	cg20154403	ZNF568	cg15701178	UNC5C	between_gene	128	0.659546099615455	2.548864930550024e-17	8.503821743996179e-17
ASAN	cg20154403	ZNF568	cg03008707	UNC5C	between_gene	128	0.6941780351583958	1.0346488047479128e-19	4.5908141693661645e-19
ASAN	cg20154403	ZNF568	cg24870497	UNC5C	between_gene	0			
ASAN	cg20154403	ZNF568	cg13265789	UNC5C	between_gene	128	0.7256054294085332	3.4053671539898133e-22	1.935643334370245e-21
ASAN	cg20154403	ZNF568	cg12584684	UNC5C	between_gene	128	0.7332448269547701	7.51721598302168e-23	4.625569929175368e-22
ASAN	cg20154403	ZNF568	cg08327106	RALYL	between_gene	0			
ASAN	cg20154403	ZNF568	cg09757712	RALYL	between_gene	0			
ASAN	cg20154403	ZNF568	cg11089595	RALYL	between_gene	128	0.6848963101995972	4.877397865264745e-19	2.007118459065571e-18
ASAN	cg20154403	ZNF568	cg01134282	RALYL	between_gene	0			
ASAN	cg20154403	ZNF568	cg06955749	RALYL	between_gene	128	0.618218961728621	7.552315035169568e-15	2.0313391677069488e-14
ASAN	cg20154403	ZNF568	cg11666087	BEND5	between_gene	128	0.6763756637978392	1.926451148973316e-18	7.358874154716518e-18
ASAN	cg20154403	ZNF568	cg16573178	BEND5	between_gene	128	0.6601927302691815	2.3151478949494713e-17	7.773772017919138e-17
ASAN	cg20154403	ZNF568	cg06744574	BEND5	between_gene	128	0.6887818165171213	2.566583074379353e-19	1.0977402034517592e-18
ASAN	cg20154403	ZNF568	cg03603214	BEND5	between_gene	128	0.6042505951290972	4.3011785554733494e-14	1.0916123396138103e-13
ASAN	cg21761844	ZNF568	cg20680720	ZNF568	within_gene	0			
ASAN	cg21761844	ZNF568	cg02459604	ZNF568	within_gene	0			
ASAN	cg21761844	ZNF568	cg03060201	ZNF568	within_gene	0			
ASAN	cg21761844	ZNF568	cg03443751	ZNF568	within_gene	0			
ASAN	cg21761844	ZNF568	cg17332326	ZNF793	between_gene	0			
ASAN	cg21761844	ZNF568	cg11623861	ZNF793	between_gene	0			
ASAN	cg21761844	ZNF568	cg14732998	ZNF793	between_gene	0			
ASAN	cg21761844	ZNF568	cg07482795	ZNF793	between_gene	0			
ASAN	cg21761844	ZNF568	cg13181745	ZNF793	between_gene	0			
ASAN	cg21761844	ZNF568	cg24078985	ZNF793	between_gene	0			
ASAN	cg21761844	ZNF568	cg15139588	ZNF793	between_gene	0			
ASAN	cg21761844	ZNF568	cg25361907	ZNF793	between_gene	0			
ASAN	cg21761844	ZNF568	cg20299663	SFMBT2	between_gene	0			
ASAN	cg21761844	ZNF568	cg20506550	SFMBT2	between_gene	0			
ASAN	cg21761844	ZNF568	cg01056653	SFMBT2	between_gene	0			
ASAN	cg21761844	ZNF568	cg22862480	SFMBT2	between_gene	0			
ASAN	cg21761844	ZNF568	cg12767281	SFMBT2	between_gene	0			
ASAN	cg21761844	ZNF568	cg26878816	SFMBT2	between_gene	0			
ASAN	cg21761844	ZNF568	cg12328063	SFMBT2	between_gene	0			
ASAN	cg21761844	ZNF568	cg16818993	SFMBT2	between_gene	0			
ASAN	cg21761844	ZNF568	cg20295442	ADHFE1	between_gene	0			
ASAN	cg21761844	ZNF568	cg19283840	ADHFE1	between_gene	0			
ASAN	cg21761844	ZNF568	cg25046651	ADHFE1	between_gene	0			
ASAN	cg21761844	ZNF568	cg01588438	ADHFE1	between_gene	0			
ASAN	cg21761844	ZNF568	cg08090772	ADHFE1	between_gene	0			
ASAN	cg21761844	ZNF568	cg09383816	ADHFE1	between_gene	0			
ASAN	cg21761844	ZNF568	cg20912169	ADHFE1	between_gene	0			
ASAN	cg21761844	ZNF568	cg18065361	ADHFE1	between_gene	0			
ASAN	cg21761844	ZNF568	cg04481096	HOXA2	between_gene	0			
ASAN	cg21761844	ZNF568	cg19598584	HOXA2	between_gene	0			
ASAN	cg21761844	ZNF568	cg09871315	HOXA2	between_gene	0			
ASAN	cg21761844	ZNF568	cg13661519	HOXA2	between_gene	0			
ASAN	cg21761844	ZNF568	cg02803819	HOXA2	between_gene	0			
ASAN	cg21761844	ZNF568	cg03763508	HOXA2	between_gene	0			
ASAN	cg21761844	ZNF568	cg00188704	HOXA2	between_gene	0			
ASAN	cg21761844	ZNF568	cg06786372	HOXA2	between_gene	0			
ASAN	cg21761844	ZNF568	cg19236679	GFRA1	between_gene	0			
ASAN	cg21761844	ZNF568	cg06298519	GFRA1	between_gene	0			
ASAN	cg21761844	ZNF568	cg19485539	GFRA1	between_gene	0			
ASAN	cg21761844	ZNF568	cg18672939	GFRA1	between_gene	0			
ASAN	cg21761844	ZNF568	cg27034576	GFRA1	between_gene	0			
ASAN	cg21761844	ZNF568	cg18044663	GFRA1	between_gene	0			
ASAN	cg21761844	ZNF568	cg15701178	UNC5C	between_gene	0			
ASAN	cg21761844	ZNF568	cg03008707	UNC5C	between_gene	0			
ASAN	cg21761844	ZNF568	cg24870497	UNC5C	between_gene	0			
ASAN	cg21761844	ZNF568	cg13265789	UNC5C	between_gene	0			
ASAN	cg21761844	ZNF568	cg12584684	UNC5C	between_gene	0			
ASAN	cg21761844	ZNF568	cg08327106	RALYL	between_gene	0			
ASAN	cg21761844	ZNF568	cg09757712	RALYL	between_gene	0			
ASAN	cg21761844	ZNF568	cg11089595	RALYL	between_gene	0			
ASAN	cg21761844	ZNF568	cg01134282	RALYL	between_gene	0			
ASAN	cg21761844	ZNF568	cg06955749	RALYL	between_gene	0			
ASAN	cg21761844	ZNF568	cg11666087	BEND5	between_gene	0			
ASAN	cg21761844	ZNF568	cg16573178	BEND5	between_gene	0			
ASAN	cg21761844	ZNF568	cg06744574	BEND5	between_gene	0			
ASAN	cg21761844	ZNF568	cg03603214	BEND5	between_gene	0			
ASAN	cg20680720	ZNF568	cg02459604	ZNF568	within_gene	128	0.8030809375572239	4.1055657333470085e-30	9.640476573859273e-30
ASAN	cg20680720	ZNF568	cg03060201	ZNF568	within_gene	128	0.82302348470976	9.604553859819023e-33	2.495609486526747e-32
ASAN	cg20680720	ZNF568	cg03443751	ZNF568	within_gene	128	0.7882198773118476	2.4293290671072987e-28	5.58041532081894e-28
ASAN	cg20680720	ZNF568	cg17332326	ZNF793	between_gene	128	0.6541327137886833	5.649777186931048e-17	1.8153040247171311e-16
ASAN	cg20680720	ZNF568	cg11623861	ZNF793	between_gene	0			
ASAN	cg20680720	ZNF568	cg14732998	ZNF793	between_gene	0			
ASAN	cg20680720	ZNF568	cg07482795	ZNF793	between_gene	128	0.6540812122321918	5.692280258913692e-17	1.8244667316346214e-16
ASAN	cg20680720	ZNF568	cg13181745	ZNF793	between_gene	0			
ASAN	cg20680720	ZNF568	cg24078985	ZNF793	between_gene	128	0.6380756729536714	5.459723403235153e-16	1.6095387976316961e-15
ASAN	cg20680720	ZNF568	cg15139588	ZNF793	between_gene	128	0.6309970701336751	1.4233335334445368e-15	4.0628853268673924e-15
ASAN	cg20680720	ZNF568	cg25361907	ZNF793	between_gene	128	0.6323761673686137	1.1832347511993414e-15	3.396105022969287e-15
ASAN	cg20680720	ZNF568	cg20299663	SFMBT2	between_gene	128	0.5525029756454861	1.3676382519612236e-11	2.958680098977473e-11
ASAN	cg20680720	ZNF568	cg20506550	SFMBT2	between_gene	0			
ASAN	cg20680720	ZNF568	cg01056653	SFMBT2	between_gene	0			
ASAN	cg20680720	ZNF568	cg22862480	SFMBT2	between_gene	128	0.5809833363852774	6.50572008495965e-13	1.5458491531566234e-12
ASAN	cg20680720	ZNF568	cg12767281	SFMBT2	between_gene	128	0.5719762863944332	1.7593970574676849e-12	4.072996382371952e-12
ASAN	cg20680720	ZNF568	cg26878816	SFMBT2	between_gene	128	0.5881019959714338	2.8995466219184973e-13	7.004552904245704e-13
ASAN	cg20680720	ZNF568	cg12328063	SFMBT2	between_gene	128	0.5919188335469694	1.864662691007803e-13	4.567985878722402e-13
ASAN	cg20680720	ZNF568	cg16818993	SFMBT2	between_gene	128	0.5933150979674052	1.584277634748387e-13	3.9067867193369953e-13
ASAN	cg20680720	ZNF568	cg20295442	ADHFE1	between_gene	0			
ASAN	cg20680720	ZNF568	cg19283840	ADHFE1	between_gene	0			
ASAN	cg20680720	ZNF568	cg25046651	ADHFE1	between_gene	128	0.4021699322468412	2.530567431589892e-06	4.886935920812752e-06
ASAN	cg20680720	ZNF568	cg01588438	ADHFE1	between_gene	128	0.4030225691265335	2.398586847858646e-06	4.6389274173930356e-06
ASAN	cg20680720	ZNF568	cg08090772	ADHFE1	between_gene	0			
ASAN	cg20680720	ZNF568	cg09383816	ADHFE1	between_gene	128	0.4134487731184764	1.2309570901710938e-06	2.389558815666952e-06
ASAN	cg20680720	ZNF568	cg20912169	ADHFE1	between_gene	128	0.4033315784654825	2.3523875170183366e-06	4.552951804080742e-06
ASAN	cg20680720	ZNF568	cg18065361	ADHFE1	between_gene	128	0.4105189067936275	1.4881410670274684e-06	2.8866617426577433e-06
ASAN	cg20680720	ZNF568	cg04481096	HOXA2	between_gene	128	0.3377014283098333	9.68557858972018e-05	0.0001833793508024
ASAN	cg20680720	ZNF568	cg19598584	HOXA2	between_gene	0			
ASAN	cg20680720	ZNF568	cg09871315	HOXA2	between_gene	0			
ASAN	cg20680720	ZNF568	cg13661519	HOXA2	between_gene	128	0.349277833730086	5.324960988789024e-05	0.0001011122505076
ASAN	cg20680720	ZNF568	cg02803819	HOXA2	between_gene	128	0.3656152719282182	2.197967974896863e-05	4.185765289420377e-05
ASAN	cg20680720	ZNF568	cg03763508	HOXA2	between_gene	128	0.3346857260574986	0.0001127580207161	0.0002133326149734
ASAN	cg20680720	ZNF568	cg00188704	HOXA2	between_gene	128	0.3449459805896355	6.679275285851837e-05	0.0001266441077092
ASAN	cg20680720	ZNF568	cg06786372	HOXA2	between_gene	128	0.3966077641457607	3.5760265266757887e-06	6.895678646043705e-06
ASAN	cg20680720	ZNF568	cg19236679	GFRA1	between_gene	128	0.6202504120124519	5.821866510724816e-15	1.5888336533975992e-14
ASAN	cg20680720	ZNF568	cg06298519	GFRA1	between_gene	128	0.6555404229994506	4.6006344858298154e-17	1.4873674564473343e-16
ASAN	cg20680720	ZNF568	cg19485539	GFRA1	between_gene	128	0.6531198498443508	6.545304530645983e-17	2.0799877613222132e-16
ASAN	cg20680720	ZNF568	cg18672939	GFRA1	between_gene	128	0.6317467039003845	1.2874869499013045e-15	3.683172645057569e-15
ASAN	cg20680720	ZNF568	cg27034576	GFRA1	between_gene	128	0.6600611151803699	2.3609594726479373e-17	7.907244241512797e-17
ASAN	cg20680720	ZNF568	cg18044663	GFRA1	between_gene	128	0.6232260574986266	3.9630455232475364e-15	1.0929794683036811e-14
ASAN	cg20680720	ZNF568	cg15701178	UNC5C	between_gene	128	0.562826176524446	4.688842504922466e-12	1.0536770107960991e-11
ASAN	cg20680720	ZNF568	cg03008707	UNC5C	between_gene	128	0.5748031496062992	1.2917377868535265e-12	3.022550570314664e-12
ASAN	cg20680720	ZNF568	cg24870497	UNC5C	between_gene	0			
ASAN	cg20680720	ZNF568	cg13265789	UNC5C	between_gene	128	0.5651551913568943	3.663924928562213e-12	8.297899425884387e-12
ASAN	cg20680720	ZNF568	cg12584684	UNC5C	between_gene	128	0.600794268449002	6.529592965975009e-14	1.641205014280231e-13
ASAN	cg20680720	ZNF568	cg08327106	RALYL	between_gene	0			
ASAN	cg20680720	ZNF568	cg09757712	RALYL	between_gene	0			
ASAN	cg20680720	ZNF568	cg11089595	RALYL	between_gene	128	0.4688530031129829	2.3807033689188338e-08	4.6842044415605104e-08
ASAN	cg20680720	ZNF568	cg01134282	RALYL	between_gene	0			
ASAN	cg20680720	ZNF568	cg06955749	RALYL	between_gene	128	0.5193817524262955	3.35032786527754e-10	6.807636604757867e-10
ASAN	cg20680720	ZNF568	cg11666087	BEND5	between_gene	128	0.6177726149056949	7.994713127333719e-15	2.1459060235816535e-14
ASAN	cg20680720	ZNF568	cg16573178	BEND5	between_gene	128	0.5835469694195202	4.873982100193011e-13	1.1655563060864862e-12
ASAN	cg20680720	ZNF568	cg06744574	BEND5	between_gene	128	0.6015152902398827	5.987499430306126e-14	1.5107723417474552e-13
ASAN	cg20680720	ZNF568	cg03603214	BEND5	between_gene	128	0.5846056125251785	4.322900011563376e-13	1.0375755409538956e-12
ASAN	cg02459604	ZNF568	cg03060201	ZNF568	within_gene	128	0.923571690166636	2.683400288857989e-54	1.6679174344470244e-53
ASAN	cg02459604	ZNF568	cg03443751	ZNF568	within_gene	128	0.8793261307452848	2.0394971504295658e-42	7.183562185401917e-42
ASAN	cg02459604	ZNF568	cg17332326	ZNF793	between_gene	128	0.675969373741073	2.054501033445449e-18	7.813692705917165e-18
ASAN	cg02459604	ZNF568	cg11623861	ZNF793	between_gene	0			
ASAN	cg02459604	ZNF568	cg14732998	ZNF793	between_gene	0			
ASAN	cg02459604	ZNF568	cg07482795	ZNF793	between_gene	128	0.6329770188610144	1.0914092771213833e-15	3.1429214172292376e-15
ASAN	cg02459604	ZNF568	cg13181745	ZNF793	between_gene	0			
ASAN	cg02459604	ZNF568	cg24078985	ZNF793	between_gene	128	0.6513745193188061	8.423043797290955e-17	2.6508710816805915e-16
ASAN	cg02459604	ZNF568	cg15139588	ZNF793	between_gene	128	0.6658865134590733	9.824607219363578e-18	3.426791475310104e-17
ASAN	cg02459604	ZNF568	cg25361907	ZNF793	between_gene	128	0.6365649606299212	6.712525989293495e-16	1.965542121893011e-15
ASAN	cg02459604	ZNF568	cg20299663	SFMBT2	between_gene	128	0.7003410547518769	3.576132313985936e-20	1.6572165554510317e-19
ASAN	cg02459604	ZNF568	cg20506550	SFMBT2	between_gene	0			
ASAN	cg02459604	ZNF568	cg01056653	SFMBT2	between_gene	0			
ASAN	cg02459604	ZNF568	cg22862480	SFMBT2	between_gene	128	0.6884670847830068	2.7046025078819037e-19	1.1529914939646874e-18
ASAN	cg02459604	ZNF568	cg12767281	SFMBT2	between_gene	128	0.6603300677531587	2.2682682460936517e-17	7.636015295559145e-17
ASAN	cg02459604	ZNF568	cg26878816	SFMBT2	between_gene	128	0.7107100347921627	5.6240902408290816e-21	2.8055930092395936e-20
ASAN	cg02459604	ZNF568	cg12328063	SFMBT2	between_gene	128	0.7135655099798571	3.3310905890239147e-21	1.697424872414725e-20
ASAN	cg02459604	ZNF568	cg16818993	SFMBT2	between_gene	128	0.6837689983519502	5.865143621456815e-19	2.3835139732680425e-18
ASAN	cg02459604	ZNF568	cg20295442	ADHFE1	between_gene	0			
ASAN	cg02459604	ZNF568	cg19283840	ADHFE1	between_gene	0			
ASAN	cg02459604	ZNF568	cg25046651	ADHFE1	between_gene	128	0.5306834828785937	1.1692793210619058e-10	2.421150594167074e-10
ASAN	cg02459604	ZNF568	cg01588438	ADHFE1	between_gene	128	0.5398908167002381	4.8172096752810524e-11	1.0111102206603592e-10
ASAN	cg02459604	ZNF568	cg08090772	ADHFE1	between_gene	0			
ASAN	cg02459604	ZNF568	cg09383816	ADHFE1	between_gene	128	0.55602797106757	9.528292832410726e-12	2.0872641477547928e-11
ASAN	cg02459604	ZNF568	cg20912169	ADHFE1	between_gene	128	0.5348722761399011	7.836991869435429e-11	1.63051928128844e-10
ASAN	cg02459604	ZNF568	cg18065361	ADHFE1	between_gene	128	0.5431525819446987	3.495812455490245e-11	7.397059769970843e-11
ASAN	cg02459604	ZNF568	cg04481096	HOXA2	between_gene	128	0.4607157571873283	4.444438382855902e-08	8.725011091701313e-08
ASAN	cg02459604	ZNF568	cg19598584	HOXA2	between_gene	0			
ASAN	cg02459604	ZNF568	cg09871315	HOXA2	between_gene	0			
ASAN	cg02459604	ZNF568	cg13661519	HOXA2	between_gene	128	0.4837140633583592	7.294117029607177e-09	1.444977321962424e-08
ASAN	cg02459604	ZNF568	cg02803819	HOXA2	between_gene	128	0.5126579381065739	6.154816158999105e-10	1.2438354267101983e-09
ASAN	cg02459604	ZNF568	cg03763508	HOXA2	between_gene	128	0.4324471250686688	3.440540360055567e-07	6.728912893092184e-07
ASAN	cg02459604	ZNF568	cg00188704	HOXA2	between_gene	128	0.4913820728804248	3.874080998640451e-09	7.692144083297518e-09
ASAN	cg02459604	ZNF568	cg06786372	HOXA2	between_gene	128	0.5301570225233474	1.2291085811690314e-10	2.541001813209194e-10
ASAN	cg02459604	ZNF568	cg19236679	GFRA1	between_gene	128	0.6594373741073064	2.5903574623584545e-17	8.620207422567866e-17
ASAN	cg02459604	ZNF568	cg06298519	GFRA1	between_gene	128	0.6857489470792895	4.240062472727253e-19	1.761516399895765e-18
ASAN	cg02459604	ZNF568	cg19485539	GFRA1	between_gene	128	0.7017201519868156	2.809038618798969e-20	1.3110521925664596e-19
ASAN	cg02459604	ZNF568	cg18672939	GFRA1	between_gene	128	0.7304179637429042	1.3226559526527791e-22	7.932895127519771e-22
ASAN	cg02459604	ZNF568	cg27034576	GFRA1	between_gene	128	0.7298171122505035	1.490068315989189e-22	8.835427810035896e-22
ASAN	cg02459604	ZNF568	cg18044663	GFRA1	between_gene	128	0.679368476469511	1.1953740467212189e-18	4.73971259558611e-18
ASAN	cg02459604	ZNF568	cg15701178	UNC5C	between_gene	128	0.6095037538912287	2.2584468356399358e-14	5.880526740703186e-14
ASAN	cg02459604	ZNF568	cg03008707	UNC5C	between_gene	128	0.658195614356345	3.1135023935870527e-17	1.02435406618772e-16
ASAN	cg02459604	ZNF568	cg24870497	UNC5C	between_gene	0			
ASAN	cg02459604	ZNF568	cg13265789	UNC5C	between_gene	128	0.6723814319721662	3.610764392132629e-18	1.3343462179991541e-17
ASAN	cg02459604	ZNF568	cg12584684	UNC5C	between_gene	128	0.670275590551181	5.008939456540164e-18	1.825184782418057e-17
ASAN	cg02459604	ZNF568	cg08327106	RALYL	between_gene	0			
ASAN	cg02459604	ZNF568	cg09757712	RALYL	between_gene	0			
ASAN	cg02459604	ZNF568	cg11089595	RALYL	between_gene	128	0.6052749038637613	3.796968432917596e-14	9.712049648511773e-14
ASAN	cg02459604	ZNF568	cg01134282	RALYL	between_gene	0			
ASAN	cg02459604	ZNF568	cg06955749	RALYL	between_gene	128	0.5720735671122504	1.740873591772835e-12	4.033693784134393e-12
ASAN	cg02459604	ZNF568	cg11666087	BEND5	between_gene	128	0.6171889305987914	8.611396025410125e-15	2.3043212543892323e-14
ASAN	cg02459604	ZNF568	cg16573178	BEND5	between_gene	128	0.5942306811939205	1.4231156642063218e-13	3.5226838405258954e-13
ASAN	cg02459604	ZNF568	cg06744574	BEND5	between_gene	128	0.619529390221571	6.3865935130468455e-15	1.7320813384136406e-14
ASAN	cg02459604	ZNF568	cg03603214	BEND5	between_gene	128	0.5916327137886834	1.927792001343003e-13	4.718207628052433e-13
ASAN	cg03060201	ZNF568	cg03443751	ZNF568	within_gene	128	0.919680461453946	5.417503275496821e-53	3.240280261004703e-52
ASAN	cg03060201	ZNF568	cg17332326	ZNF793	between_gene	128	0.741130287493133	1.4953577567200318e-23	1.0159865591881676e-22
ASAN	cg03060201	ZNF568	cg11623861	ZNF793	between_gene	0			
ASAN	cg03060201	ZNF568	cg14732998	ZNF793	between_gene	0			
ASAN	cg03060201	ZNF568	cg07482795	ZNF793	between_gene	128	0.7043867881340413	1.7542725900636367e-20	8.306528470918382e-20
ASAN	cg03060201	ZNF568	cg13181745	ZNF793	between_gene	0			
ASAN	cg03060201	ZNF568	cg24078985	ZNF793	between_gene	128	0.7294566013550631	1.6002775393885053e-22	9.445982127295501e-22
ASAN	cg03060201	ZNF568	cg15139588	ZNF793	between_gene	128	0.7302634590734298	1.363859612924013e-22	8.142585194779747e-22
ASAN	cg03060201	ZNF568	cg25361907	ZNF793	between_gene	128	0.7029447445522797	2.2643591010416742e-20	1.0644527738049963e-19
ASAN	cg03060201	ZNF568	cg20299663	SFMBT2	between_gene	128	0.7378971342245011	2.9197166788693394e-23	1.918776023972319e-22
ASAN	cg03060201	ZNF568	cg20506550	SFMBT2	between_gene	0			
ASAN	cg03060201	ZNF568	cg01056653	SFMBT2	between_gene	0			
ASAN	cg03060201	ZNF568	cg22862480	SFMBT2	between_gene	128	0.7590814411279985	3.0128972314779424e-25	2.6289795575003183e-24
ASAN	cg03060201	ZNF568	cg12767281	SFMBT2	between_gene	128	0.7058975004577916	1.3404564316525304e-20	6.440609263685914e-20
ASAN	cg03060201	ZNF568	cg26878816	SFMBT2	between_gene	128	0.7366897088445339	3.739111821142018e-23	2.3968901084421434e-22
ASAN	cg03060201	ZNF568	cg12328063	SFMBT2	between_gene	128	0.7797965116279069	2.1281773049369054e-27	2.8473920967078913e-26
ASAN	cg03060201	ZNF568	cg16818993	SFMBT2	between_gene	128	0.7232478026002563	5.372915148534648e-22	3.001699276772355e-21
ASAN	cg03060201	ZNF568	cg20295442	ADHFE1	between_gene	0			
ASAN	cg03060201	ZNF568	cg19283840	ADHFE1	between_gene	0			
ASAN	cg03060201	ZNF568	cg25046651	ADHFE1	between_gene	128	0.5561824757370445	9.377636596089069e-12	2.055987720940873e-11
ASAN	cg03060201	ZNF568	cg01588438	ADHFE1	between_gene	128	0.570339681377037	2.1012118581603047e-12	4.830010341797564e-12
ASAN	cg03060201	ZNF568	cg08090772	ADHFE1	between_gene	0			
ASAN	cg03060201	ZNF568	cg09383816	ADHFE1	between_gene	128	0.5827687236769822	5.321953631526006e-13	1.27151804255049e-12
ASAN	cg03060201	ZNF568	cg20912169	ADHFE1	between_gene	128	0.556623100164805	8.96054042282633e-12	1.971167787787006e-11
ASAN	cg03060201	ZNF568	cg18065361	ADHFE1	between_gene	128	0.5707345266434719	2.013289512466309e-12	4.634858393376886e-12
ASAN	cg03060201	ZNF568	cg04481096	HOXA2	between_gene	128	0.4668329976194836	2.7839836313276506e-08	5.47355937764419e-08
ASAN	cg03060201	ZNF568	cg19598584	HOXA2	between_gene	0			
ASAN	cg03060201	ZNF568	cg09871315	HOXA2	between_gene	0			
ASAN	cg03060201	ZNF568	cg13661519	HOXA2	between_gene	128	0.4978655466031862	2.241174403377026e-09	4.466939662651383e-09
ASAN	cg03060201	ZNF568	cg02803819	HOXA2	between_gene	128	0.5211556949276689	2.847322947152739e-10	5.799114417737312e-10
ASAN	cg03060201	ZNF568	cg03763508	HOXA2	between_gene	128	0.466312259659403	2.8981133023183523e-08	5.693657835654051e-08
ASAN	cg03060201	ZNF568	cg00188704	HOXA2	between_gene	128	0.5045721937374107	1.2569712982107232e-09	2.51297940002435e-09
ASAN	cg03060201	ZNF568	cg06786372	HOXA2	between_gene	128	0.5472440944881889	2.32675130356487e-11	4.9798967604600046e-11
ASAN	cg03060201	ZNF568	cg19236679	GFRA1	between_gene	128	0.7075283830800219	1.0006478490241742e-20	4.843581146760799e-20
ASAN	cg03060201	ZNF568	cg06298519	GFRA1	between_gene	128	0.724626899835195	4.1172911708316043e-22	2.3226607272587757e-21
ASAN	cg03060201	ZNF568	cg19485539	GFRA1	between_gene	128	0.7424521607764145	1.1341931840239199e-23	7.787131623995809e-23
ASAN	cg03060201	ZNF568	cg18672939	GFRA1	between_gene	128	0.7758137245925654	5.7454531267458235e-27	6.813585094399934e-26
ASAN	cg03060201	ZNF568	cg27034576	GFRA1	between_gene	128	0.7851126167368614	5.471370380194789e-28	8.649778067369402e-27
ASAN	cg03060201	ZNF568	cg18044663	GFRA1	between_gene	128	0.7149732191906244	2.5670008366311137e-21	1.320967491670725e-20
ASAN	cg03060201	ZNF568	cg15701178	UNC5C	between_gene	128	0.6557922083867423	4.434154940633913e-17	1.4371068621259478e-16
ASAN	cg03060201	ZNF568	cg03008707	UNC5C	between_gene	128	0.7081692913385826	8.915488150294177e-21	4.364072905087712e-20
ASAN	cg03060201	ZNF568	cg24870497	UNC5C	between_gene	0			
ASAN	cg03060201	ZNF568	cg13265789	UNC5C	between_gene	128	0.7160433070866141	2.1035277185241624e-21	1.097620763525908e-20
ASAN	cg03060201	ZNF568	cg12584684	UNC5C	between_gene	128	0.7351274949642922	5.139153937309574e-23	3.207668091492985e-22
ASAN	cg03060201	ZNF568	cg08327106	RALYL	between_gene	0			
ASAN	cg03060201	ZNF568	cg09757712	RALYL	between_gene	0			
ASAN	cg03060201	ZNF568	cg11089595	RALYL	between_gene	128	0.6487021607764145	1.2354052509532231e-16	3.8279956053883125e-16
ASAN	cg03060201	ZNF568	cg01134282	RALYL	between_gene	0			
ASAN	cg03060201	ZNF568	cg06955749	RALYL	between_gene	128	0.6119472166269914	1.666881817553839e-14	4.3839663931431115e-14
ASAN	cg03060201	ZNF568	cg11666087	BEND5	between_gene	128	0.6998660959531221	3.8849687218077383e-20	1.790792119292648e-19
ASAN	cg03060201	ZNF568	cg16573178	BEND5	between_gene	128	0.6893712232191905	2.3263585602150565e-19	1.0015626210562845e-18
ASAN	cg03060201	ZNF568	cg06744574	BEND5	between_gene	128	0.703654321552829	1.9974878501205122e-20	9.406941878997141e-20
ASAN	cg03060201	ZNF568	cg03603214	BEND5	between_gene	128	0.6491370628090093	1.1610528983542218e-16	3.601887053277246e-16
ASAN	cg03443751	ZNF568	cg17332326	ZNF793	between_gene	128	0.6993796923640359	4.228197631460851e-20	1.9387289315432972e-19
ASAN	cg03443751	ZNF568	cg11623861	ZNF793	between_gene	0			
ASAN	cg03443751	ZNF568	cg14732998	ZNF793	between_gene	0			
ASAN	cg03443751	ZNF568	cg07482795	ZNF793	between_gene	128	0.6720323658670573	3.8127822760270266e-18	1.407008339201487e-17
ASAN	cg03443751	ZNF568	cg13181745	ZNF793	between_gene	0			
ASAN	cg03443751	ZNF568	cg24078985	ZNF793	between_gene	128	0.7044783464566929	1.7259832430872968e-20	8.202350239006844e-20
ASAN	cg03443751	ZNF568	cg15139588	ZNF793	between_gene	128	0.6803470060428493	1.0214282165508881e-18	4.08727947389765e-18
ASAN	cg03443751	ZNF568	cg25361907	ZNF793	between_gene	128	0.6710080571323933	4.471315091198965e-18	1.6407399539997325e-17
ASAN	cg03443751	ZNF568	cg20299663	SFMBT2	between_gene	128	0.7306583043398645	1.2609686916715199e-22	7.615433603173601e-22
ASAN	cg03443751	ZNF568	cg20506550	SFMBT2	between_gene	0			
ASAN	cg03443751	ZNF568	cg01056653	SFMBT2	between_gene	0			
ASAN	cg03443751	ZNF568	cg22862480	SFMBT2	between_gene	128	0.7372161691997802	3.3573797252777873e-23	2.184069105101836e-22
ASAN	cg03443751	ZNF568	cg12767281	SFMBT2	between_gene	128	0.6661440212415308	9.446838133277079e-18	3.3172006311870664e-17
ASAN	cg03443751	ZNF568	cg26878816	SFMBT2	between_gene	128	0.6881981322102179	2.828263907678063e-19	1.1998277292897668e-18
ASAN	cg03443751	ZNF568	cg12328063	SFMBT2	between_gene	128	0.7453133583592748	6.1985930176569685e-24	4.347346554587911e-23
ASAN	cg03443751	ZNF568	cg16818993	SFMBT2	between_gene	128	0.6849363669657571	4.845467622664814e-19	1.99712875632425e-18
ASAN	cg03443751	ZNF568	cg20295442	ADHFE1	between_gene	0			
ASAN	cg03443751	ZNF568	cg19283840	ADHFE1	between_gene	0			
ASAN	cg03443751	ZNF568	cg25046651	ADHFE1	between_gene	128	0.5347406610510896	7.936804107828337e-11	1.649969873890369e-10
ASAN	cg03443751	ZNF568	cg01588438	ADHFE1	between_gene	128	0.5541910822193737	1.1508923416908462e-11	2.500148309301763e-11
ASAN	cg03443751	ZNF568	cg08090772	ADHFE1	between_gene	0			
ASAN	cg03443751	ZNF568	cg09383816	ADHFE1	between_gene	128	0.5648919611792711	3.767864644832203e-12	8.518508542779219e-12
ASAN	cg03443751	ZNF568	cg20912169	ADHFE1	between_gene	128	0.5352442318256729	7.561425185380598e-11	1.5769590974147068e-10
ASAN	cg03443751	ZNF568	cg18065361	ADHFE1	between_gene	128	0.5632782457425379	4.470321159758294e-12	1.0071733942840575e-11
ASAN	cg03443751	ZNF568	cg04481096	HOXA2	between_gene	128	0.508846822926204	8.63756509176112e-10	1.7334928711080584e-09
ASAN	cg03443751	ZNF568	cg19598584	HOXA2	between_gene	0			
ASAN	cg03443751	ZNF568	cg09871315	HOXA2	between_gene	0			
ASAN	cg03443751	ZNF568	cg13661519	HOXA2	between_gene	128	0.5231814228163341	2.3618846592696716e-10	4.825494969486744e-10
ASAN	cg03443751	ZNF568	cg02803819	HOXA2	between_gene	128	0.5469179179637429	2.4039866716385497e-11	5.1367741411179166e-11
ASAN	cg03443751	ZNF568	cg03763508	HOXA2	between_gene	128	0.4738372093023255	1.6111057783485898e-08	3.177154176652661e-08
ASAN	cg03443751	ZNF568	cg00188704	HOXA2	between_gene	128	0.5308723219190624	1.1485120040812552e-10	2.3800379814519417e-10
ASAN	cg03443751	ZNF568	cg06786372	HOXA2	between_gene	128	0.5665514557773301	3.157373856601868e-12	7.18185561628097e-12
ASAN	cg03443751	ZNF568	cg19236679	GFRA1	between_gene	128	0.7367240432155283	3.7129728716440624e-23	2.3859966064333396e-22
ASAN	cg03443751	ZNF568	cg06298519	GFRA1	between_gene	128	0.7486724043215528	3.0181698531438323e-24	2.2370469167193917e-23
ASAN	cg03443751	ZNF568	cg19485539	GFRA1	between_gene	128	0.755464887383263	6.797751233397317e-25	5.630264434264635e-24
ASAN	cg03443751	ZNF568	cg18672939	GFRA1	between_gene	128	0.7361918604651162	4.13896687905271e-23	2.614664549019012e-22
ASAN	cg03443751	ZNF568	cg27034576	GFRA1	between_gene	128	0.7525693554294084	1.2909039711748011e-24	1.0083737906572024e-23
ASAN	cg03443751	ZNF568	cg18044663	GFRA1	between_gene	128	0.7013996978575352	2.971501759009805e-20	1.3819337057498362e-19
ASAN	cg03443751	ZNF568	cg15701178	UNC5C	between_gene	128	0.6106253433437099	1.965188256836297e-14	5.1426039740079225e-14
ASAN	cg03443751	ZNF568	cg03008707	UNC5C	between_gene	128	0.6647649240065922	1.164899805743485e-17	4.0415207356180216e-17
ASAN	cg03443751	ZNF568	cg24870497	UNC5C	between_gene	0			
ASAN	cg03443751	ZNF568	cg13265789	UNC5C	between_gene	128	0.6591798663248489	2.6912720462865393e-17	8.921891701094765e-17
ASAN	cg03443751	ZNF568	cg12584684	UNC5C	between_gene	128	0.6866244735396447	3.670349519748729e-19	1.5346060732410955e-18
ASAN	cg03443751	ZNF568	cg08327106	RALYL	between_gene	0			
ASAN	cg03443751	ZNF568	cg09757712	RALYL	between_gene	0			
ASAN	cg03443751	ZNF568	cg11089595	RALYL	between_gene	128	0.6147454678630287	1.1733950250357475e-14	3.114331251595387e-14
ASAN	cg03443751	ZNF568	cg01134282	RALYL	between_gene	0			
ASAN	cg03443751	ZNF568	cg06955749	RALYL	between_gene	128	0.5599592565464201	6.335557044028011e-12	1.4103641917977031e-11
ASAN	cg03443751	ZNF568	cg11666087	BEND5	between_gene	128	0.6296980864310566	1.692449389977813e-15	4.78915451025175e-15
ASAN	cg03443751	ZNF568	cg16573178	BEND5	between_gene	128	0.6286795000915584	1.9375080783752153e-15	5.441290179204453e-15
ASAN	cg03443751	ZNF568	cg06744574	BEND5	between_gene	128	0.63012154367332	1.5996944805422089e-15	4.5464083875104835e-15
ASAN	cg03443751	ZNF568	cg03603214	BEND5	between_gene	128	0.6083478300677532	2.6050498016781462e-14	6.729282111463648e-14
ASAN	cg17332326	ZNF793	cg11623861	ZNF793	within_gene	0			
ASAN	cg17332326	ZNF793	cg14732998	ZNF793	within_gene	0			
ASAN	cg17332326	ZNF793	cg07482795	ZNF793	within_gene	128	0.883005630836843	3.2660330156759173e-43	1.21803819525796e-42
ASAN	cg17332326	ZNF793	cg13181745	ZNF793	within_gene	0			
ASAN	cg17332326	ZNF793	cg24078985	ZNF793	within_gene	128	0.945448406885186	3.1766120272216186e-63	3.2483419762233968e-62
ASAN	cg17332326	ZNF793	cg15139588	ZNF793	within_gene	128	0.9641949734480864	1.720178257293883e-74	3.4081031722635056e-73
ASAN	cg17332326	ZNF793	cg25361907	ZNF793	within_gene	128	0.9446014924006592	8.164744804128271e-63	7.612423832084299e-62
ASAN	cg17332326	ZNF793	cg20299663	SFMBT2	between_gene	128	0.6321701611426479	1.216415254768327e-15	3.487502637022599e-15
ASAN	cg17332326	ZNF793	cg20506550	SFMBT2	between_gene	0			
ASAN	cg17332326	ZNF793	cg01056653	SFMBT2	between_gene	0			
ASAN	cg17332326	ZNF793	cg22862480	SFMBT2	between_gene	128	0.6512085698590001	8.626745948898579e-17	2.7051899255620663e-16
ASAN	cg17332326	ZNF793	cg12767281	SFMBT2	between_gene	128	0.6802783373008606	1.0327832213278157e-18	4.1263880925639675e-18
ASAN	cg17332326	ZNF793	cg26878816	SFMBT2	between_gene	128	0.6461957516938289	1.7632816109845936e-16	5.393202488931777e-16
ASAN	cg17332326	ZNF793	cg12328063	SFMBT2	between_gene	128	0.6576290972349387	3.385101876486956e-17	1.1109095340571655e-16
ASAN	cg17332326	ZNF793	cg16818993	SFMBT2	between_gene	128	0.6170229811389856	8.795010245962515e-15	2.351043210216824e-14
ASAN	cg17332326	ZNF793	cg20295442	ADHFE1	between_gene	0			
ASAN	cg17332326	ZNF793	cg19283840	ADHFE1	between_gene	0			
ASAN	cg17332326	ZNF793	cg25046651	ADHFE1	between_gene	128	0.5406633400476103	4.466329258662834e-11	9.39730083536398e-11
ASAN	cg17332326	ZNF793	cg01588438	ADHFE1	between_gene	128	0.5640393242995788	4.124517616330699e-12	9.308708011251557e-12
ASAN	cg17332326	ZNF793	cg08090772	ADHFE1	between_gene	0			
ASAN	cg17332326	ZNF793	cg09383816	ADHFE1	between_gene	128	0.5703282365867057	2.103815017708803e-12	4.831737131340023e-12
ASAN	cg17332326	ZNF793	cg20912169	ADHFE1	between_gene	128	0.5426261215894524	3.6823442331577176e-11	7.779138545998772e-11
ASAN	cg17332326	ZNF793	cg18065361	ADHFE1	between_gene	128	0.5606058872001465	5.9212093037719646e-12	1.3215085606108687e-11
ASAN	cg17332326	ZNF793	cg04481096	HOXA2	between_gene	128	0.3897981138985533	5.41507800874604e-06	1.0395834087430772e-05
ASAN	cg17332326	ZNF793	cg19598584	HOXA2	between_gene	0			
ASAN	cg17332326	ZNF793	cg09871315	HOXA2	between_gene	0			
ASAN	cg17332326	ZNF793	cg13661519	HOXA2	between_gene	128	0.4076748763962644	1.786028777002759e-06	3.461923535809954e-06
ASAN	cg17332326	ZNF793	cg02803819	HOXA2	between_gene	128	0.4255688060794726	5.507825098124861e-07	1.0747880090506929e-06
ASAN	cg17332326	ZNF793	cg03763508	HOXA2	between_gene	128	0.367074482695477	2.0261359680635988e-05	3.8613504314667126e-05
ASAN	cg17332326	ZNF793	cg00188704	HOXA2	between_gene	128	0.3868453579930415	6.464097863903621e-06	1.240061126979746e-05
ASAN	cg17332326	ZNF793	cg06786372	HOXA2	between_gene	128	0.4288134041384361	4.417191120673901e-07	8.626086552274107e-07
ASAN	cg17332326	ZNF793	cg19236679	GFRA1	between_gene	128	0.6630768174327046	1.5032389367830985e-17	5.1334429137003985e-17
ASAN	cg17332326	ZNF793	cg06298519	GFRA1	between_gene	128	0.666327137886834	9.186855735825078e-18	3.230256956168144e-17
ASAN	cg17332326	ZNF793	cg19485539	GFRA1	between_gene	128	0.6595804339864493	2.5358971005813596e-17	8.471389930111096e-17
ASAN	cg17332326	ZNF793	cg18672939	GFRA1	between_gene	128	0.6935314045046694	1.1548625424016606e-19	5.09820029293728e-19
ASAN	cg17332326	ZNF793	cg27034576	GFRA1	between_gene	128	0.6724844350851492	3.5531736381562305e-18	1.316794037208751e-17
ASAN	cg17332326	ZNF793	cg18044663	GFRA1	between_gene	128	0.6626247482146127	1.6090236543196765e-17	5.4589632173212436e-17
ASAN	cg17332326	ZNF793	cg15701178	UNC5C	between_gene	128	0.5669119666727706	3.038029538676636e-12	6.9285131699364875e-12
ASAN	cg17332326	ZNF793	cg03008707	UNC5C	between_gene	128	0.6085481138985533	2.5415017347538236e-14	6.571633326038381e-14
ASAN	cg17332326	ZNF793	cg24870497	UNC5C	between_gene	0			
ASAN	cg17332326	ZNF793	cg13265789	UNC5C	between_gene	128	0.6185050814869071	7.281343242512496e-15	1.9625025330284197e-14
ASAN	cg17332326	ZNF793	cg12584684	UNC5C	between_gene	128	0.6397866691082219	4.314791781935007e-16	1.2777856707228642e-15
ASAN	cg17332326	ZNF793	cg08327106	RALYL	between_gene	0			
ASAN	cg17332326	ZNF793	cg09757712	RALYL	between_gene	0			
ASAN	cg17332326	ZNF793	cg11089595	RALYL	between_gene	128	0.6594717084783007	2.5771839594289205e-17	8.587321775415138e-17
ASAN	cg17332326	ZNF793	cg01134282	RALYL	between_gene	0			
ASAN	cg17332326	ZNF793	cg06955749	RALYL	between_gene	128	0.6601355063175243	2.334958535959326e-17	7.830214422002415e-17
ASAN	cg17332326	ZNF793	cg11666087	BEND5	between_gene	128	0.5998443508514925	7.316987421508876e-14	1.837345542128648e-13
ASAN	cg17332326	ZNF793	cg16573178	BEND5	between_gene	128	0.5738532320087896	1.4335383594891113e-12	3.339376410631332e-12
ASAN	cg17332326	ZNF793	cg06744574	BEND5	between_gene	128	0.6429339864493682	2.7877878655046872e-16	8.427970499538505e-16
ASAN	cg17332326	ZNF793	cg03603214	BEND5	between_gene	128	0.5609950100714155	5.684643301364799e-12	1.2708855504079486e-11
ASAN	cg11623861	ZNF793	cg14732998	ZNF793	within_gene	0			
ASAN	cg11623861	ZNF793	cg07482795	ZNF793	within_gene	0			
ASAN	cg11623861	ZNF793	cg13181745	ZNF793	within_gene	0			
ASAN	cg11623861	ZNF793	cg24078985	ZNF793	within_gene	0			
ASAN	cg11623861	ZNF793	cg15139588	ZNF793	within_gene	0			
ASAN	cg11623861	ZNF793	cg25361907	ZNF793	within_gene	0			
ASAN	cg11623861	ZNF793	cg20299663	SFMBT2	between_gene	0			
ASAN	cg11623861	ZNF793	cg20506550	SFMBT2	between_gene	0			
ASAN	cg11623861	ZNF793	cg01056653	SFMBT2	between_gene	0			
ASAN	cg11623861	ZNF793	cg22862480	SFMBT2	between_gene	0			
ASAN	cg11623861	ZNF793	cg12767281	SFMBT2	between_gene	0			
ASAN	cg11623861	ZNF793	cg26878816	SFMBT2	between_gene	0			
ASAN	cg11623861	ZNF793	cg12328063	SFMBT2	between_gene	0			
ASAN	cg11623861	ZNF793	cg16818993	SFMBT2	between_gene	0			
ASAN	cg11623861	ZNF793	cg20295442	ADHFE1	between_gene	0			
ASAN	cg11623861	ZNF793	cg19283840	ADHFE1	between_gene	0			
ASAN	cg11623861	ZNF793	cg25046651	ADHFE1	between_gene	0			
ASAN	cg11623861	ZNF793	cg01588438	ADHFE1	between_gene	0			
ASAN	cg11623861	ZNF793	cg08090772	ADHFE1	between_gene	0			
ASAN	cg11623861	ZNF793	cg09383816	ADHFE1	between_gene	0			
ASAN	cg11623861	ZNF793	cg20912169	ADHFE1	between_gene	0			
ASAN	cg11623861	ZNF793	cg18065361	ADHFE1	between_gene	0			
ASAN	cg11623861	ZNF793	cg04481096	HOXA2	between_gene	0			
ASAN	cg11623861	ZNF793	cg19598584	HOXA2	between_gene	0			
ASAN	cg11623861	ZNF793	cg09871315	HOXA2	between_gene	0			
ASAN	cg11623861	ZNF793	cg13661519	HOXA2	between_gene	0			
ASAN	cg11623861	ZNF793	cg02803819	HOXA2	between_gene	0			
ASAN	cg11623861	ZNF793	cg03763508	HOXA2	between_gene	0			
ASAN	cg11623861	ZNF793	cg00188704	HOXA2	between_gene	0			
ASAN	cg11623861	ZNF793	cg06786372	HOXA2	between_gene	0			
ASAN	cg11623861	ZNF793	cg19236679	GFRA1	between_gene	0			
ASAN	cg11623861	ZNF793	cg06298519	GFRA1	between_gene	0			
ASAN	cg11623861	ZNF793	cg19485539	GFRA1	between_gene	0			
ASAN	cg11623861	ZNF793	cg18672939	GFRA1	between_gene	0			
ASAN	cg11623861	ZNF793	cg27034576	GFRA1	between_gene	0			
ASAN	cg11623861	ZNF793	cg18044663	GFRA1	between_gene	0			
ASAN	cg11623861	ZNF793	cg15701178	UNC5C	between_gene	0			
ASAN	cg11623861	ZNF793	cg03008707	UNC5C	between_gene	0			
ASAN	cg11623861	ZNF793	cg24870497	UNC5C	between_gene	0			
ASAN	cg11623861	ZNF793	cg13265789	UNC5C	between_gene	0			
ASAN	cg11623861	ZNF793	cg12584684	UNC5C	between_gene	0			
ASAN	cg11623861	ZNF793	cg08327106	RALYL	between_gene	0			
ASAN	cg11623861	ZNF793	cg09757712	RALYL	between_gene	0			
ASAN	cg11623861	ZNF793	cg11089595	RALYL	between_gene	0			
ASAN	cg11623861	ZNF793	cg01134282	RALYL	between_gene	0			
ASAN	cg11623861	ZNF793	cg06955749	RALYL	between_gene	0			
ASAN	cg11623861	ZNF793	cg11666087	BEND5	between_gene	0			
ASAN	cg11623861	ZNF793	cg16573178	BEND5	between_gene	0			
ASAN	cg11623861	ZNF793	cg06744574	BEND5	between_gene	0			
ASAN	cg11623861	ZNF793	cg03603214	BEND5	between_gene	0			
ASAN	cg14732998	ZNF793	cg07482795	ZNF793	within_gene	0			
ASAN	cg14732998	ZNF793	cg13181745	ZNF793	within_gene	0			
ASAN	cg14732998	ZNF793	cg24078985	ZNF793	within_gene	0			
ASAN	cg14732998	ZNF793	cg15139588	ZNF793	within_gene	0			
ASAN	cg14732998	ZNF793	cg25361907	ZNF793	within_gene	0			
ASAN	cg14732998	ZNF793	cg20299663	SFMBT2	between_gene	0			
ASAN	cg14732998	ZNF793	cg20506550	SFMBT2	between_gene	0			
ASAN	cg14732998	ZNF793	cg01056653	SFMBT2	between_gene	0			
ASAN	cg14732998	ZNF793	cg22862480	SFMBT2	between_gene	0			
ASAN	cg14732998	ZNF793	cg12767281	SFMBT2	between_gene	0			
ASAN	cg14732998	ZNF793	cg26878816	SFMBT2	between_gene	0			
ASAN	cg14732998	ZNF793	cg12328063	SFMBT2	between_gene	0			
ASAN	cg14732998	ZNF793	cg16818993	SFMBT2	between_gene	0			
ASAN	cg14732998	ZNF793	cg20295442	ADHFE1	between_gene	0			
ASAN	cg14732998	ZNF793	cg19283840	ADHFE1	between_gene	0			
ASAN	cg14732998	ZNF793	cg25046651	ADHFE1	between_gene	0			
ASAN	cg14732998	ZNF793	cg01588438	ADHFE1	between_gene	0			
ASAN	cg14732998	ZNF793	cg08090772	ADHFE1	between_gene	0			
ASAN	cg14732998	ZNF793	cg09383816	ADHFE1	between_gene	0			
ASAN	cg14732998	ZNF793	cg20912169	ADHFE1	between_gene	0			
ASAN	cg14732998	ZNF793	cg18065361	ADHFE1	between_gene	0			
ASAN	cg14732998	ZNF793	cg04481096	HOXA2	between_gene	0			
ASAN	cg14732998	ZNF793	cg19598584	HOXA2	between_gene	0			
ASAN	cg14732998	ZNF793	cg09871315	HOXA2	between_gene	0			
ASAN	cg14732998	ZNF793	cg13661519	HOXA2	between_gene	0			
ASAN	cg14732998	ZNF793	cg02803819	HOXA2	between_gene	0			
ASAN	cg14732998	ZNF793	cg03763508	HOXA2	between_gene	0			
ASAN	cg14732998	ZNF793	cg00188704	HOXA2	between_gene	0			
ASAN	cg14732998	ZNF793	cg06786372	HOXA2	between_gene	0			
ASAN	cg14732998	ZNF793	cg19236679	GFRA1	between_gene	0			
ASAN	cg14732998	ZNF793	cg06298519	GFRA1	between_gene	0			
ASAN	cg14732998	ZNF793	cg19485539	GFRA1	between_gene	0			
ASAN	cg14732998	ZNF793	cg18672939	GFRA1	between_gene	0			
ASAN	cg14732998	ZNF793	cg27034576	GFRA1	between_gene	0			
ASAN	cg14732998	ZNF793	cg18044663	GFRA1	between_gene	0			
ASAN	cg14732998	ZNF793	cg15701178	UNC5C	between_gene	0			
ASAN	cg14732998	ZNF793	cg03008707	UNC5C	between_gene	0			
ASAN	cg14732998	ZNF793	cg24870497	UNC5C	between_gene	0			
ASAN	cg14732998	ZNF793	cg13265789	UNC5C	between_gene	0			
ASAN	cg14732998	ZNF793	cg12584684	UNC5C	between_gene	0			
ASAN	cg14732998	ZNF793	cg08327106	RALYL	between_gene	0			
ASAN	cg14732998	ZNF793	cg09757712	RALYL	between_gene	0			
ASAN	cg14732998	ZNF793	cg11089595	RALYL	between_gene	0			
ASAN	cg14732998	ZNF793	cg01134282	RALYL	between_gene	0			
ASAN	cg14732998	ZNF793	cg06955749	RALYL	between_gene	0			
ASAN	cg14732998	ZNF793	cg11666087	BEND5	between_gene	0			
ASAN	cg14732998	ZNF793	cg16573178	BEND5	between_gene	0			
ASAN	cg14732998	ZNF793	cg06744574	BEND5	between_gene	0			
ASAN	cg14732998	ZNF793	cg03603214	BEND5	between_gene	0			
ASAN	cg07482795	ZNF793	cg13181745	ZNF793	within_gene	0			
ASAN	cg07482795	ZNF793	cg24078985	ZNF793	within_gene	128	0.9262554934993588	3.0728887698608774e-55	2.029386958428954e-54
ASAN	cg07482795	ZNF793	cg15139588	ZNF793	within_gene	128	0.8795092473905877	1.864448828061453e-42	6.640789646016636e-42
ASAN	cg07482795	ZNF793	cg25361907	ZNF793	within_gene	128	0.9094087621314776	7.664587305076536e-50	3.9188293156601e-49
ASAN	cg07482795	ZNF793	cg20299663	SFMBT2	between_gene	128	0.6367251876945614	6.567411027606113e-16	1.9252107158454323e-15
ASAN	cg07482795	ZNF793	cg20506550	SFMBT2	between_gene	0			
ASAN	cg07482795	ZNF793	cg01056653	SFMBT2	between_gene	0			
ASAN	cg07482795	ZNF793	cg22862480	SFMBT2	between_gene	128	0.593400933894891	1.5684461843718876e-13	3.87140595555937e-13
ASAN	cg07482795	ZNF793	cg12767281	SFMBT2	between_gene	128	0.6655546145394615	1.0333286731975797e-17	3.594606011163314e-17
ASAN	cg07482795	ZNF793	cg26878816	SFMBT2	between_gene	128	0.6534460263687969	6.242792667469639e-17	1.9935674503584191e-16
ASAN	cg07482795	ZNF793	cg12328063	SFMBT2	between_gene	128	0.636015610694012	7.23414294044587e-16	2.1111721400026032e-15
ASAN	cg07482795	ZNF793	cg16818993	SFMBT2	between_gene	128	0.6375206006225965	5.891038665720962e-16	1.734731363303159e-15
ASAN	cg07482795	ZNF793	cg20295442	ADHFE1	between_gene	0			
ASAN	cg07482795	ZNF793	cg19283840	ADHFE1	between_gene	0			
ASAN	cg07482795	ZNF793	cg25046651	ADHFE1	between_gene	128	0.4948040651895257	2.906239304392768e-09	5.783660064958606e-09
ASAN	cg07482795	ZNF793	cg01588438	ADHFE1	between_gene	128	0.5233759842519684	2.3197102551246806e-10	4.743043930736906e-10
ASAN	cg07482795	ZNF793	cg08090772	ADHFE1	between_gene	0			
ASAN	cg07482795	ZNF793	cg09383816	ADHFE1	between_gene	128	0.5260368980040286	1.8109955898139328e-10	3.720383853405158e-10
ASAN	cg07482795	ZNF793	cg20912169	ADHFE1	between_gene	128	0.5023690715986082	1.5220439647341024e-09	3.040591656961159e-09
ASAN	cg07482795	ZNF793	cg18065361	ADHFE1	between_gene	128	0.5181571598608313	3.7464689343569136e-10	7.606643929756566e-10
ASAN	cg07482795	ZNF793	cg04481096	HOXA2	between_gene	128	0.4293112525178538	4.2692629800597634e-07	8.343451022453874e-07
ASAN	cg07482795	ZNF793	cg19598584	HOXA2	between_gene	0			
ASAN	cg07482795	ZNF793	cg09871315	HOXA2	between_gene	0			
ASAN	cg07482795	ZNF793	cg13661519	HOXA2	between_gene	128	0.343543993774034	7.182459963945741e-05	0.0001360859698324
ASAN	cg07482795	ZNF793	cg02803819	HOXA2	between_gene	128	0.3552920710492583	3.8661860176739015e-05	7.346598193817342e-05
ASAN	cg07482795	ZNF793	cg03763508	HOXA2	between_gene	128	0.3732031679179637	1.4332021826228204e-05	2.7393586040021527e-05
ASAN	cg07482795	ZNF793	cg00188704	HOXA2	between_gene	128	0.3487570957700054	5.47296800698294e-05	0.0001038470802197
ASAN	cg07482795	ZNF793	cg06786372	HOXA2	between_gene	128	0.380630836843069	9.331571958560918e-06	1.788836975744705e-05
ASAN	cg07482795	ZNF793	cg19236679	GFRA1	between_gene	128	0.6271516205823109	2.3709993217304273e-15	6.644400891938438e-15
ASAN	cg07482795	ZNF793	cg06298519	GFRA1	between_gene	128	0.6125537905145577	1.5451971131697427e-14	4.0680315522299274e-14
ASAN	cg07482795	ZNF793	cg19485539	GFRA1	between_gene	128	0.6088571232375023	2.4464002284487375e-14	6.338290164868676e-14
ASAN	cg07482795	ZNF793	cg18672939	GFRA1	between_gene	128	0.6453202252334737	1.9950646728713363e-16	6.080752022805276e-16
ASAN	cg07482795	ZNF793	cg27034576	GFRA1	between_gene	128	0.6320271012635048	1.2399880722927735e-15	3.5511842816815e-15
ASAN	cg07482795	ZNF793	cg18044663	GFRA1	between_gene	128	0.5808688884819629	6.589745171680736e-13	1.5629677411740942e-12
ASAN	cg07482795	ZNF793	cg15701178	UNC5C	between_gene	128	0.5992492217542574	7.856473007277299e-14	1.9671341723595464e-13
ASAN	cg07482795	ZNF793	cg03008707	UNC5C	between_gene	128	0.5738990111701153	1.4263714852717024e-12	3.325650764141083e-12
ASAN	cg07482795	ZNF793	cg24870497	UNC5C	between_gene	0			
ASAN	cg07482795	ZNF793	cg13265789	UNC5C	between_gene	128	0.5736701153634866	1.4625564442760505e-12	3.400899967126752e-12
ASAN	cg07482795	ZNF793	cg12584684	UNC5C	between_gene	128	0.6775716443874747	1.5930457547160949e-18	6.175715266053925e-18
ASAN	cg07482795	ZNF793	cg08327106	RALYL	between_gene	0			
ASAN	cg07482795	ZNF793	cg09757712	RALYL	between_gene	0			
ASAN	cg07482795	ZNF793	cg11089595	RALYL	between_gene	128	0.5783052554477202	8.772897337378726e-13	2.069483648573336e-12
ASAN	cg07482795	ZNF793	cg01134282	RALYL	between_gene	0			
ASAN	cg07482795	ZNF793	cg06955749	RALYL	between_gene	128	0.6402330159311481	4.0568637944776823e-16	1.206882285039028e-15
ASAN	cg07482795	ZNF793	cg11666087	BEND5	between_gene	128	0.5890175791979491	2.609556449779037e-13	6.339229774183898e-13
ASAN	cg07482795	ZNF793	cg16573178	BEND5	between_gene	128	0.5779504669474455	9.125500919955948e-13	2.1468378629544697e-12
ASAN	cg07482795	ZNF793	cg06744574	BEND5	between_gene	128	0.6072548525911005	2.9799889662580794e-14	7.675016004903583e-14
ASAN	cg07482795	ZNF793	cg03603214	BEND5	between_gene	128	0.5650750778245742	3.695261175840567e-12	8.36161006744843e-12
ASAN	cg13181745	ZNF793	cg24078985	ZNF793	within_gene	0			
ASAN	cg13181745	ZNF793	cg15139588	ZNF793	within_gene	0			
ASAN	cg13181745	ZNF793	cg25361907	ZNF793	within_gene	0			
ASAN	cg13181745	ZNF793	cg20299663	SFMBT2	between_gene	0			
ASAN	cg13181745	ZNF793	cg20506550	SFMBT2	between_gene	0			
ASAN	cg13181745	ZNF793	cg01056653	SFMBT2	between_gene	0			
ASAN	cg13181745	ZNF793	cg22862480	SFMBT2	between_gene	0			
ASAN	cg13181745	ZNF793	cg12767281	SFMBT2	between_gene	0			
ASAN	cg13181745	ZNF793	cg26878816	SFMBT2	between_gene	0			
ASAN	cg13181745	ZNF793	cg12328063	SFMBT2	between_gene	0			
ASAN	cg13181745	ZNF793	cg16818993	SFMBT2	between_gene	0			
ASAN	cg13181745	ZNF793	cg20295442	ADHFE1	between_gene	0			
ASAN	cg13181745	ZNF793	cg19283840	ADHFE1	between_gene	0			
ASAN	cg13181745	ZNF793	cg25046651	ADHFE1	between_gene	0			
ASAN	cg13181745	ZNF793	cg01588438	ADHFE1	between_gene	0			
ASAN	cg13181745	ZNF793	cg08090772	ADHFE1	between_gene	0			
ASAN	cg13181745	ZNF793	cg09383816	ADHFE1	between_gene	0			
ASAN	cg13181745	ZNF793	cg20912169	ADHFE1	between_gene	0			
ASAN	cg13181745	ZNF793	cg18065361	ADHFE1	between_gene	0			
ASAN	cg13181745	ZNF793	cg04481096	HOXA2	between_gene	0			
ASAN	cg13181745	ZNF793	cg19598584	HOXA2	between_gene	0			
ASAN	cg13181745	ZNF793	cg09871315	HOXA2	between_gene	0			
ASAN	cg13181745	ZNF793	cg13661519	HOXA2	between_gene	0			
ASAN	cg13181745	ZNF793	cg02803819	HOXA2	between_gene	0			
ASAN	cg13181745	ZNF793	cg03763508	HOXA2	between_gene	0			
ASAN	cg13181745	ZNF793	cg00188704	HOXA2	between_gene	0			
ASAN	cg13181745	ZNF793	cg06786372	HOXA2	between_gene	0			
ASAN	cg13181745	ZNF793	cg19236679	GFRA1	between_gene	0			
ASAN	cg13181745	ZNF793	cg06298519	GFRA1	between_gene	0			
ASAN	cg13181745	ZNF793	cg19485539	GFRA1	between_gene	0			
ASAN	cg13181745	ZNF793	cg18672939	GFRA1	between_gene	0			
ASAN	cg13181745	ZNF793	cg27034576	GFRA1	between_gene	0			
ASAN	cg13181745	ZNF793	cg18044663	GFRA1	between_gene	0			
ASAN	cg13181745	ZNF793	cg15701178	UNC5C	between_gene	0			
ASAN	cg13181745	ZNF793	cg03008707	UNC5C	between_gene	0			
ASAN	cg13181745	ZNF793	cg24870497	UNC5C	between_gene	0			
ASAN	cg13181745	ZNF793	cg13265789	UNC5C	between_gene	0			
ASAN	cg13181745	ZNF793	cg12584684	UNC5C	between_gene	0			
ASAN	cg13181745	ZNF793	cg08327106	RALYL	between_gene	0			
ASAN	cg13181745	ZNF793	cg09757712	RALYL	between_gene	0			
ASAN	cg13181745	ZNF793	cg11089595	RALYL	between_gene	0			
ASAN	cg13181745	ZNF793	cg01134282	RALYL	between_gene	0			
ASAN	cg13181745	ZNF793	cg06955749	RALYL	between_gene	0			
ASAN	cg13181745	ZNF793	cg11666087	BEND5	between_gene	0			
ASAN	cg13181745	ZNF793	cg16573178	BEND5	between_gene	0			
ASAN	cg13181745	ZNF793	cg06744574	BEND5	between_gene	0			
ASAN	cg13181745	ZNF793	cg03603214	BEND5	between_gene	0			
ASAN	cg24078985	ZNF793	cg15139588	ZNF793	within_gene	128	0.950112158945248	1.3187856582158604e-65	1.4415691505325091e-64
ASAN	cg24078985	ZNF793	cg25361907	ZNF793	within_gene	128	0.964366645303058	1.2775839086539493e-74	2.6999606602886792e-73
ASAN	cg24078985	ZNF793	cg20299663	SFMBT2	between_gene	128	0.642836705731551	2.8258961137360646e-16	8.523425388135713e-16
ASAN	cg24078985	ZNF793	cg20506550	SFMBT2	between_gene	0			
ASAN	cg24078985	ZNF793	cg01056653	SFMBT2	between_gene	0			
ASAN	cg24078985	ZNF793	cg22862480	SFMBT2	between_gene	128	0.6345735671122504	8.798186096267571e-16	2.5561767845392084e-15
ASAN	cg24078985	ZNF793	cg12767281	SFMBT2	between_gene	128	0.6778234297747665	1.5303968876326729e-18	5.968319102890348e-18
ASAN	cg24078985	ZNF793	cg26878816	SFMBT2	between_gene	128	0.6510655099798571	8.806195936016033e-17	2.758147082480892e-16
ASAN	cg24078985	ZNF793	cg12328063	SFMBT2	between_gene	128	0.6590539736312031	2.7419922670214658e-17	9.078499777486046e-17
ASAN	cg24078985	ZNF793	cg16818993	SFMBT2	between_gene	128	0.6249198864676799	3.177978887216955e-15	8.839389037045881e-15
ASAN	cg24078985	ZNF793	cg20295442	ADHFE1	between_gene	0			
ASAN	cg24078985	ZNF793	cg19283840	ADHFE1	between_gene	0			
ASAN	cg24078985	ZNF793	cg25046651	ADHFE1	between_gene	128	0.5456532686321187	2.7275619807397738e-11	5.804412078099569e-11
ASAN	cg24078985	ZNF793	cg01588438	ADHFE1	between_gene	128	0.5760849661234206	1.1217697374960477e-12	2.6295572732499447e-12
ASAN	cg24078985	ZNF793	cg08090772	ADHFE1	between_gene	0			
ASAN	cg24078985	ZNF793	cg09383816	ADHFE1	between_gene	128	0.5827000549349935	5.363344345807552e-13	1.2802347116387832e-12
ASAN	cg24078985	ZNF793	cg20912169	ADHFE1	between_gene	128	0.5530923823475553	1.2878183790795255e-11	2.7906296935369453e-11
ASAN	cg24078985	ZNF793	cg18065361	ADHFE1	between_gene	128	0.5698361106024538	2.218755301711228e-12	5.091233581499203e-12
ASAN	cg24078985	ZNF793	cg04481096	HOXA2	between_gene	128	0.4218034700604285	7.094941916804881e-07	1.3824274429383072e-06
ASAN	cg24078985	ZNF793	cg19598584	HOXA2	between_gene	0			
ASAN	cg24078985	ZNF793	cg09871315	HOXA2	between_gene	0			
ASAN	cg24078985	ZNF793	cg13661519	HOXA2	between_gene	128	0.3955090642739424	3.826015587628655e-06	7.372285574684758e-06
ASAN	cg24078985	ZNF793	cg02803819	HOXA2	between_gene	128	0.4187248214612707	8.707180271254217e-07	1.6915140229115602e-06
ASAN	cg24078985	ZNF793	cg03763508	HOXA2	between_gene	128	0.379955594213514	9.706992844102911e-06	1.8594379097110496e-05
ASAN	cg24078985	ZNF793	cg00188704	HOXA2	between_gene	128	0.3947479857169016	4.008792089662857e-06	7.718773846443095e-06
ASAN	cg24078985	ZNF793	cg06786372	HOXA2	between_gene	128	0.4328820271012634	3.338516082851916e-07	6.534274913848949e-07
ASAN	cg24078985	ZNF793	cg19236679	GFRA1	between_gene	128	0.6602613990111701	2.2915912562269676e-17	7.704589674608451e-17
ASAN	cg24078985	ZNF793	cg06298519	GFRA1	between_gene	128	0.6729479490935726	3.3049090246395387e-18	1.2282774423482273e-17
ASAN	cg24078985	ZNF793	cg19485539	GFRA1	between_gene	128	0.6736003021424647	2.9839423240213696e-18	1.1137490019129832e-17
ASAN	cg24078985	ZNF793	cg18672939	GFRA1	between_gene	128	0.6958089177806263	7.83128159986096e-20	3.5166632864091645e-19
ASAN	cg24078985	ZNF793	cg27034576	GFRA1	between_gene	128	0.6762669382896904	1.9599342631119573e-18	7.475831129326165e-18
ASAN	cg24078985	ZNF793	cg18044663	GFRA1	between_gene	128	0.6478609686870537	1.392601931279707e-16	4.2795034613766273e-16
ASAN	cg24078985	ZNF793	cg15701178	UNC5C	between_gene	128	0.5861392144295916	3.630388299739046e-13	8.729661819372508e-13
ASAN	cg24078985	ZNF793	cg03008707	UNC5C	between_gene	128	0.5901506134407617	2.289470910142163e-13	5.582457574355984e-13
ASAN	cg24078985	ZNF793	cg24870497	UNC5C	between_gene	0			
ASAN	cg24078985	ZNF793	cg13265789	UNC5C	between_gene	128	0.6112319172312763	1.8223688190588402e-14	4.7784525114819234e-14
ASAN	cg24078985	ZNF793	cg12584684	UNC5C	between_gene	128	0.6733141823841786	3.1207892805899658e-18	1.1631627475798886e-17
ASAN	cg24078985	ZNF793	cg08327106	RALYL	between_gene	0			
ASAN	cg24078985	ZNF793	cg09757712	RALYL	between_gene	0			
ASAN	cg24078985	ZNF793	cg11089595	RALYL	between_gene	128	0.6333260849661234	1.0412876780834692e-15	3.0052207434953218e-15
ASAN	cg24078985	ZNF793	cg01134282	RALYL	between_gene	0			
ASAN	cg24078985	ZNF793	cg06955749	RALYL	between_gene	128	0.6634087163523165	1.4299208638462516e-17	4.915235222364783e-17
ASAN	cg24078985	ZNF793	cg11666087	BEND5	between_gene	128	0.5809089452481231	6.560217385346711e-13	1.5573800872037825e-12
ASAN	cg24078985	ZNF793	cg16573178	BEND5	between_gene	128	0.5668490203259476	3.058547736318526e-12	6.969214885637585e-12
ASAN	cg24078985	ZNF793	cg06744574	BEND5	between_gene	128	0.632410501739608	1.1777909671442472e-15	3.3842033406160146e-15
ASAN	cg24078985	ZNF793	cg03603214	BEND5	between_gene	128	0.559593023255814	6.582540658159486e-12	1.461604134224519e-11
ASAN	cg15139588	ZNF793	cg25361907	ZNF793	within_gene	128	0.9501407709210766	1.2731110921358013e-65	1.4413436293108892e-64
ASAN	cg15139588	ZNF793	cg20299663	SFMBT2	between_gene	128	0.6093492492217543	2.3020375877946262e-14	5.988051910823707e-14
ASAN	cg15139588	ZNF793	cg20506550	SFMBT2	between_gene	0			
ASAN	cg15139588	ZNF793	cg01056653	SFMBT2	between_gene	0			
ASAN	cg15139588	ZNF793	cg22862480	SFMBT2	between_gene	128	0.6195007782457426	6.410068377018947e-15	1.7366426163699306e-14
ASAN	cg15139588	ZNF793	cg12767281	SFMBT2	between_gene	128	0.6675803424281267	7.58566788987002e-18	2.6963225510450793e-17
ASAN	cg15139588	ZNF793	cg26878816	SFMBT2	between_gene	128	0.6160158395898186	9.993770498751296e-15	2.660586452167564e-14
ASAN	cg15139588	ZNF793	cg12328063	SFMBT2	between_gene	128	0.6294119666727706	1.7580616848499045e-15	4.964050796291561e-15
ASAN	cg15139588	ZNF793	cg16818993	SFMBT2	between_gene	128	0.5866256180186779	3.434170710563769e-13	8.265453306144716e-13
ASAN	cg15139588	ZNF793	cg20295442	ADHFE1	between_gene	0			
ASAN	cg15139588	ZNF793	cg19283840	ADHFE1	between_gene	0			
ASAN	cg15139588	ZNF793	cg25046651	ADHFE1	between_gene	128	0.5240683940670207	2.175434134019674e-10	4.451535416201826e-10
ASAN	cg15139588	ZNF793	cg01588438	ADHFE1	between_gene	128	0.5470724226332172	2.3670973942643995e-11	5.0620959849473925e-11
ASAN	cg15139588	ZNF793	cg08090772	ADHFE1	between_gene	0			
ASAN	cg15139588	ZNF793	cg09383816	ADHFE1	between_gene	128	0.5547919337117744	1.08208384112124e-11	2.3624742606571675e-11
ASAN	cg15139588	ZNF793	cg20912169	ADHFE1	between_gene	128	0.529098379417689	1.3584922774937104e-10	2.8062599778155904e-10
ASAN	cg15139588	ZNF793	cg18065361	ADHFE1	between_gene	128	0.5438736037355796	3.255104216495543e-11	6.904525935639733e-11
ASAN	cg15139588	ZNF793	cg04481096	HOXA2	between_gene	128	0.3720529664896538	1.5302387574928223e-05	2.9205507814914216e-05
ASAN	cg15139588	ZNF793	cg19598584	HOXA2	between_gene	0			
ASAN	cg15139588	ZNF793	cg09871315	HOXA2	between_gene	0			
ASAN	cg15139588	ZNF793	cg13661519	HOXA2	between_gene	128	0.3760243087346639	1.2191694016919162e-05	2.3319743174590977e-05
ASAN	cg15139588	ZNF793	cg02803819	HOXA2	between_gene	128	0.3898953946163706	5.38342221507432e-06	1.034267198757651e-05
ASAN	cg15139588	ZNF793	cg03763508	HOXA2	between_gene	128	0.3269490477934443	0.000165364400475	0.0003126345803184
ASAN	cg15139588	ZNF793	cg00188704	HOXA2	between_gene	128	0.3606596777147042	2.8894218351981347e-05	5.4945346705772114e-05
ASAN	cg15139588	ZNF793	cg06786372	HOXA2	between_gene	128	0.3942730269181468	4.127012759063341e-06	7.934691443180734e-06
ASAN	cg15139588	ZNF793	cg19236679	GFRA1	between_gene	128	0.6480898644936823	1.34799627377518e-16	4.1522104820300407e-16
ASAN	cg15139588	ZNF793	cg06298519	GFRA1	between_gene	128	0.6689823292437282	6.1160166696644126e-18	2.2100675195504778e-17
ASAN	cg15139588	ZNF793	cg19485539	GFRA1	between_gene	128	0.6544817798937923	5.369740928981325e-17	1.7274542643295036e-16
ASAN	cg15139588	ZNF793	cg18672939	GFRA1	between_gene	128	0.6875343343709943	3.1575606699925576e-19	1.3287219012920297e-18
ASAN	cg15139588	ZNF793	cg27034576	GFRA1	between_gene	128	0.6540812122321918	5.692280258913692e-17	1.8244667316346214e-16
ASAN	cg15139588	ZNF793	cg18044663	GFRA1	between_gene	128	0.6591970335103461	2.684426878172355e-17	8.910521278818924e-17
ASAN	cg15139588	ZNF793	cg15701178	UNC5C	between_gene	128	0.549761948361106	1.8061688609698592e-11	3.8816264895143016e-11
ASAN	cg15139588	ZNF793	cg03008707	UNC5C	between_gene	128	0.5891778062625892	2.561788771979404e-13	6.228990592818515e-13
ASAN	cg15139588	ZNF793	cg24870497	UNC5C	between_gene	0			
ASAN	cg15139588	ZNF793	cg13265789	UNC5C	between_gene	128	0.5965253616553745	1.0859808855130693e-13	2.7035535594499973e-13
ASAN	cg15139588	ZNF793	cg12584684	UNC5C	between_gene	128	0.6291716260758102	1.815082566976534e-15	5.113985331794575e-15
ASAN	cg15139588	ZNF793	cg08327106	RALYL	between_gene	0			
ASAN	cg15139588	ZNF793	cg09757712	RALYL	between_gene	0			
ASAN	cg15139588	ZNF793	cg11089595	RALYL	between_gene	128	0.6422129646584874	3.082568332738211e-16	9.283541482566685e-16
ASAN	cg15139588	ZNF793	cg01134282	RALYL	between_gene	0			
ASAN	cg15139588	ZNF793	cg06955749	RALYL	between_gene	128	0.6573315326863212	3.5368697115568436e-17	1.1534616346814756e-16
ASAN	cg15139588	ZNF793	cg11666087	BEND5	between_gene	128	0.5683311206738693	2.609283797898976e-12	5.966364091777764e-12
ASAN	cg15139588	ZNF793	cg16573178	BEND5	between_gene	128	0.5557075169382897	9.848268492208892e-12	2.1555480282024328e-11
ASAN	cg15139588	ZNF793	cg06744574	BEND5	between_gene	128	0.6220930232558138	4.590285601985449e-15	1.2566689544155339e-14
ASAN	cg15139588	ZNF793	cg03603214	BEND5	between_gene	128	0.553939296832082	1.1809685270905308e-11	2.5633501557231235e-11
ASAN	cg25361907	ZNF793	cg20299663	SFMBT2	between_gene	128	0.6310657388756638	1.4103309045291122e-15	4.030178893665338e-15
ASAN	cg25361907	ZNF793	cg20506550	SFMBT2	between_gene	0			
ASAN	cg25361907	ZNF793	cg01056653	SFMBT2	between_gene	0			
ASAN	cg25361907	ZNF793	cg22862480	SFMBT2	between_gene	128	0.6195465574070682	6.372548736001989e-15	1.7300707234369605e-14
ASAN	cg25361907	ZNF793	cg12767281	SFMBT2	between_gene	128	0.668535982420802	6.550870058736305e-18	2.3606657435418538e-17
ASAN	cg25361907	ZNF793	cg26878816	SFMBT2	between_gene	128	0.6484274858084599	1.2847324378113723e-16	3.9667064263312085e-16
ASAN	cg25361907	ZNF793	cg12328063	SFMBT2	between_gene	128	0.6336408167002381	9.980213045095105e-16	2.886737897411655e-15
ASAN	cg25361907	ZNF793	cg16818993	SFMBT2	between_gene	128	0.612977247756821	1.46541134974159e-14	3.8696945460281465e-14
ASAN	cg25361907	ZNF793	cg20295442	ADHFE1	between_gene	0			
ASAN	cg25361907	ZNF793	cg19283840	ADHFE1	between_gene	0			
ASAN	cg25361907	ZNF793	cg25046651	ADHFE1	between_gene	128	0.5457791613257645	2.6935524495598744e-11	5.736717012980989e-11
ASAN	cg25361907	ZNF793	cg01588438	ADHFE1	between_gene	128	0.5659162699139352	3.378785077658214e-12	7.665435015313287e-12
ASAN	cg25361907	ZNF793	cg08090772	ADHFE1	between_gene	0			
ASAN	cg25361907	ZNF793	cg09383816	ADHFE1	between_gene	128	0.5667917963742904	3.077317074518825e-12	7.005864090243992e-12
ASAN	cg25361907	ZNF793	cg20912169	ADHFE1	between_gene	128	0.541018128547885	4.313586244963392e-11	9.090586844191834e-11
ASAN	cg25361907	ZNF793	cg18065361	ADHFE1	between_gene	128	0.5580994781175609	7.689826773554897e-12	1.6973568572085216e-11
ASAN	cg25361907	ZNF793	cg04481096	HOXA2	between_gene	128	0.4025762223036074	2.4668408787555747e-06	4.767398409387626e-06
ASAN	cg25361907	ZNF793	cg19598584	HOXA2	between_gene	0			
ASAN	cg25361907	ZNF793	cg09871315	HOXA2	between_gene	0			
ASAN	cg25361907	ZNF793	cg13661519	HOXA2	between_gene	128	0.3720758560703168	1.5282487415739182e-05	2.918887969814314e-05
ASAN	cg25361907	ZNF793	cg02803819	HOXA2	between_gene	128	0.3977579655740706	3.330938210662424e-06	6.427823810368539e-06
ASAN	cg25361907	ZNF793	cg03763508	HOXA2	between_gene	128	0.3655466031862296	2.206382516599017e-05	4.1987250078824466e-05
ASAN	cg25361907	ZNF793	cg00188704	HOXA2	between_gene	128	0.3712003296099615	1.6061298154097658e-05	3.0631525500029815e-05
ASAN	cg25361907	ZNF793	cg06786372	HOXA2	between_gene	128	0.4043844991759751	2.2012243799813256e-06	4.263544474663162e-06
ASAN	cg25361907	ZNF793	cg19236679	GFRA1	between_gene	128	0.6565590093389488	3.962496257996851e-17	1.2874411876854027e-16
ASAN	cg25361907	ZNF793	cg06298519	GFRA1	between_gene	128	0.6574116462186412	3.49536914073912e-17	1.141353953465377e-16
ASAN	cg25361907	ZNF793	cg19485539	GFRA1	between_gene	128	0.6445705914667643	2.216878600710596e-16	6.733220336733347e-16
ASAN	cg25361907	ZNF793	cg18672939	GFRA1	between_gene	128	0.6767647866691082	1.8111263660133143e-18	6.969363847977487e-18
ASAN	cg25361907	ZNF793	cg27034576	GFRA1	between_gene	128	0.6632084325215162	1.4737363378985956e-17	5.045903025692173e-17
ASAN	cg25361907	ZNF793	cg18044663	GFRA1	between_gene	128	0.6401986815601538	4.076159520775165e-16	1.2112414794649668e-15
ASAN	cg25361907	ZNF793	cg15701178	UNC5C	between_gene	128	0.5611666819263871	5.58320928310148e-12	1.250351332155516e-11
ASAN	cg25361907	ZNF793	cg03008707	UNC5C	between_gene	128	0.5708661417322834	1.9847822838466466e-12	4.574467295544081e-12
ASAN	cg25361907	ZNF793	cg24870497	UNC5C	between_gene	0			
ASAN	cg25361907	ZNF793	cg13265789	UNC5C	between_gene	128	0.592662744918513	1.7097706199716374e-13	4.2043275659811514e-13
ASAN	cg25361907	ZNF793	cg12584684	UNC5C	between_gene	128	0.661594717084783	1.877871531652961e-17	6.354561382727076e-17
ASAN	cg25361907	ZNF793	cg08327106	RALYL	between_gene	0			
ASAN	cg25361907	ZNF793	cg09757712	RALYL	between_gene	0			
ASAN	cg25361907	ZNF793	cg11089595	RALYL	between_gene	128	0.6512944057864859	8.520790913688679e-17	2.678402830579971e-16
ASAN	cg25361907	ZNF793	cg01134282	RALYL	between_gene	0			
ASAN	cg25361907	ZNF793	cg06955749	RALYL	between_gene	128	0.6635918329976195	1.3909737864462886e-17	4.787665710868558e-17
ASAN	cg25361907	ZNF793	cg11666087	BEND5	between_gene	128	0.5869174601721296	3.3214205993713765e-13	8.001464768014701e-13
ASAN	cg25361907	ZNF793	cg16573178	BEND5	between_gene	128	0.568376899835195	2.5964786663387823e-12	5.942291965331476e-12
ASAN	cg25361907	ZNF793	cg06744574	BEND5	between_gene	128	0.6336179271195751	1.0011080508579988e-15	2.892459473630697e-15
ASAN	cg25361907	ZNF793	cg03603214	BEND5	between_gene	128	0.5707288042483062	2.0145379141776116e-12	4.634858393376886e-12
ASAN	cg20299663	SFMBT2	cg20506550	SFMBT2	within_gene	0			
ASAN	cg20299663	SFMBT2	cg01056653	SFMBT2	within_gene	0			
ASAN	cg20299663	SFMBT2	cg22862480	SFMBT2	within_gene	128	0.8848482420802051	1.2751088508101163e-43	4.8699940446603255e-43
ASAN	cg20299663	SFMBT2	cg12767281	SFMBT2	within_gene	128	0.810800448635781	4.2859002482346325e-31	1.029265438401802e-30
ASAN	cg20299663	SFMBT2	cg26878816	SFMBT2	within_gene	128	0.8749771104193371	1.647973476474417e-41	5.557527574919044e-41
ASAN	cg20299663	SFMBT2	cg12328063	SFMBT2	within_gene	128	0.8865821278154185	5.185129262842614e-44	2.0806151599001372e-43
ASAN	cg20299663	SFMBT2	cg16818993	SFMBT2	within_gene	128	0.8652375938472806	1.3542832225989416e-39	4.3806916486108625e-39
ASAN	cg20299663	SFMBT2	cg20295442	ADHFE1	between_gene	0			
ASAN	cg20299663	SFMBT2	cg19283840	ADHFE1	between_gene	0			
ASAN	cg20299663	SFMBT2	cg25046651	ADHFE1	between_gene	128	0.7365523713605566	3.8454787229954864e-23	2.4530205350355073e-22
ASAN	cg20299663	SFMBT2	cg01588438	ADHFE1	between_gene	128	0.746475004577916	4.839055946918553e-24	3.449480045221449e-23
ASAN	cg20299663	SFMBT2	cg08090772	ADHFE1	between_gene	0			
ASAN	cg20299663	SFMBT2	cg09383816	ADHFE1	between_gene	128	0.7591386650796558	2.9740134125954957e-25	2.603758722638137e-24
ASAN	cg20299663	SFMBT2	cg20912169	ADHFE1	between_gene	128	0.7356882896905328	4.5858662741906754e-23	2.876087766673912e-22
ASAN	cg20299663	SFMBT2	cg18065361	ADHFE1	between_gene	128	0.7468812946346823	4.436217324750843e-24	3.179695329745866e-23
ASAN	cg20299663	SFMBT2	cg04481096	HOXA2	between_gene	128	0.6044794909357261	4.1831516866801955e-14	1.0644678413876958e-13
ASAN	cg20299663	SFMBT2	cg19598584	HOXA2	between_gene	0			
ASAN	cg20299663	SFMBT2	cg09871315	HOXA2	between_gene	0			
ASAN	cg20299663	SFMBT2	cg13661519	HOXA2	between_gene	128	0.6433116645303057	2.64452373018817e-16	8.004132728608977e-16
ASAN	cg20299663	SFMBT2	cg02803819	HOXA2	between_gene	128	0.6615203259476287	1.898899739824185e-17	6.417395623317744e-17
ASAN	cg20299663	SFMBT2	cg03763508	HOXA2	between_gene	128	0.6019044131111517	5.713368375870441e-14	1.44299884730358e-13
ASAN	cg20299663	SFMBT2	cg00188704	HOXA2	between_gene	128	0.6296980864310566	1.692449389977813e-15	4.78915451025175e-15
ASAN	cg20299663	SFMBT2	cg06786372	HOXA2	between_gene	128	0.677771928218275	1.5430127479096e-18	6.00853770044201e-18
ASAN	cg20299663	SFMBT2	cg19236679	GFRA1	between_gene	128	0.7983427943600072	1.5646812444256958e-29	3.489105441629608e-28
ASAN	cg20299663	SFMBT2	cg06298519	GFRA1	between_gene	128	0.7659025361655375	6.241035782326429e-26	6.167750892458202e-25
ASAN	cg20299663	SFMBT2	cg19485539	GFRA1	between_gene	128	0.7819195202343893	1.2428181593623935e-27	1.8114595406572544e-26
ASAN	cg20299663	SFMBT2	cg18672939	GFRA1	between_gene	128	0.7801856344991758	1.9292392639055604e-27	2.632941097342792e-26
ASAN	cg20299663	SFMBT2	cg27034576	GFRA1	between_gene	128	0.8514580662882256	3.974825224828041e-37	4.7137813688983454e-35
ASAN	cg20299663	SFMBT2	cg18044663	GFRA1	between_gene	128	0.7136399011170115	3.2856661962249038e-21	1.6775544238651222e-20
ASAN	cg20299663	SFMBT2	cg15701178	UNC5C	between_gene	128	0.8057304065189526	1.9121694231755227e-30	5.605449466365099e-29
ASAN	cg20299663	SFMBT2	cg03008707	UNC5C	between_gene	128	0.8279332997619483	1.9220133452421642e-33	1.044694337028501e-31
ASAN	cg20299663	SFMBT2	cg24870497	UNC5C	between_gene	0			
ASAN	cg20299663	SFMBT2	cg13265789	UNC5C	between_gene	128	0.8292036714887383	1.2570741996483222e-33	7.288236859738827e-32
ASAN	cg20299663	SFMBT2	cg12584684	UNC5C	between_gene	128	0.8189548617469328	3.5102357135327004e-32	1.4771298349365832e-30
ASAN	cg20299663	SFMBT2	cg08327106	RALYL	between_gene	0			
ASAN	cg20299663	SFMBT2	cg09757712	RALYL	between_gene	0			
ASAN	cg20299663	SFMBT2	cg11089595	RALYL	between_gene	128	0.7456338124885551	5.790114825931855e-24	4.076771886972316e-23
ASAN	cg20299663	SFMBT2	cg01134282	RALYL	between_gene	0			
ASAN	cg20299663	SFMBT2	cg06955749	RALYL	between_gene	128	0.6910364402124154	1.7601475655180985e-19	7.628280728300197e-19
ASAN	cg20299663	SFMBT2	cg11666087	BEND5	between_gene	128	0.7562831898919612	5.6616999238982695e-25	4.84307380375429e-24
ASAN	cg20299663	SFMBT2	cg16573178	BEND5	between_gene	128	0.7488841329426844	2.8832177456922467e-24	2.1492328852888776e-23
ASAN	cg20299663	SFMBT2	cg06744574	BEND5	between_gene	128	0.7425379967039003	1.1139500364235685e-23	7.668326240182296e-23
ASAN	cg20299663	SFMBT2	cg03603214	BEND5	between_gene	128	0.6670882164438747	8.179057888977117e-18	2.895408688241695e-17
ASAN	cg20506550	SFMBT2	cg01056653	SFMBT2	within_gene	0			
ASAN	cg20506550	SFMBT2	cg22862480	SFMBT2	within_gene	0			
ASAN	cg20506550	SFMBT2	cg12767281	SFMBT2	within_gene	0			
ASAN	cg20506550	SFMBT2	cg26878816	SFMBT2	within_gene	0			
ASAN	cg20506550	SFMBT2	cg12328063	SFMBT2	within_gene	0			
ASAN	cg20506550	SFMBT2	cg16818993	SFMBT2	within_gene	0			
ASAN	cg20506550	SFMBT2	cg20295442	ADHFE1	between_gene	0			
ASAN	cg20506550	SFMBT2	cg19283840	ADHFE1	between_gene	0			
ASAN	cg20506550	SFMBT2	cg25046651	ADHFE1	between_gene	0			
ASAN	cg20506550	SFMBT2	cg01588438	ADHFE1	between_gene	0			
ASAN	cg20506550	SFMBT2	cg08090772	ADHFE1	between_gene	0			
ASAN	cg20506550	SFMBT2	cg09383816	ADHFE1	between_gene	0			
ASAN	cg20506550	SFMBT2	cg20912169	ADHFE1	between_gene	0			
ASAN	cg20506550	SFMBT2	cg18065361	ADHFE1	between_gene	0			
ASAN	cg20506550	SFMBT2	cg04481096	HOXA2	between_gene	0			
ASAN	cg20506550	SFMBT2	cg19598584	HOXA2	between_gene	0			
ASAN	cg20506550	SFMBT2	cg09871315	HOXA2	between_gene	0			
ASAN	cg20506550	SFMBT2	cg13661519	HOXA2	between_gene	0			
ASAN	cg20506550	SFMBT2	cg02803819	HOXA2	between_gene	0			
ASAN	cg20506550	SFMBT2	cg03763508	HOXA2	between_gene	0			
ASAN	cg20506550	SFMBT2	cg00188704	HOXA2	between_gene	0			
ASAN	cg20506550	SFMBT2	cg06786372	HOXA2	between_gene	0			
ASAN	cg20506550	SFMBT2	cg19236679	GFRA1	between_gene	0			
ASAN	cg20506550	SFMBT2	cg06298519	GFRA1	between_gene	0			
ASAN	cg20506550	SFMBT2	cg19485539	GFRA1	between_gene	0			
ASAN	cg20506550	SFMBT2	cg18672939	GFRA1	between_gene	0			
ASAN	cg20506550	SFMBT2	cg27034576	GFRA1	between_gene	0			
ASAN	cg20506550	SFMBT2	cg18044663	GFRA1	between_gene	0			
ASAN	cg20506550	SFMBT2	cg15701178	UNC5C	between_gene	0			
ASAN	cg20506550	SFMBT2	cg03008707	UNC5C	between_gene	0			
ASAN	cg20506550	SFMBT2	cg24870497	UNC5C	between_gene	0			
ASAN	cg20506550	SFMBT2	cg13265789	UNC5C	between_gene	0			
ASAN	cg20506550	SFMBT2	cg12584684	UNC5C	between_gene	0			
ASAN	cg20506550	SFMBT2	cg08327106	RALYL	between_gene	0			
ASAN	cg20506550	SFMBT2	cg09757712	RALYL	between_gene	0			
ASAN	cg20506550	SFMBT2	cg11089595	RALYL	between_gene	0			
ASAN	cg20506550	SFMBT2	cg01134282	RALYL	between_gene	0			
ASAN	cg20506550	SFMBT2	cg06955749	RALYL	between_gene	0			
ASAN	cg20506550	SFMBT2	cg11666087	BEND5	between_gene	0			
ASAN	cg20506550	SFMBT2	cg16573178	BEND5	between_gene	0			
ASAN	cg20506550	SFMBT2	cg06744574	BEND5	between_gene	0			
ASAN	cg20506550	SFMBT2	cg03603214	BEND5	between_gene	0			
ASAN	cg01056653	SFMBT2	cg22862480	SFMBT2	within_gene	0			
ASAN	cg01056653	SFMBT2	cg12767281	SFMBT2	within_gene	0			
ASAN	cg01056653	SFMBT2	cg26878816	SFMBT2	within_gene	0			
ASAN	cg01056653	SFMBT2	cg12328063	SFMBT2	within_gene	0			
ASAN	cg01056653	SFMBT2	cg16818993	SFMBT2	within_gene	0			
ASAN	cg01056653	SFMBT2	cg20295442	ADHFE1	between_gene	0			
ASAN	cg01056653	SFMBT2	cg19283840	ADHFE1	between_gene	0			
ASAN	cg01056653	SFMBT2	cg25046651	ADHFE1	between_gene	0			
ASAN	cg01056653	SFMBT2	cg01588438	ADHFE1	between_gene	0			
ASAN	cg01056653	SFMBT2	cg08090772	ADHFE1	between_gene	0			
ASAN	cg01056653	SFMBT2	cg09383816	ADHFE1	between_gene	0			
ASAN	cg01056653	SFMBT2	cg20912169	ADHFE1	between_gene	0			
ASAN	cg01056653	SFMBT2	cg18065361	ADHFE1	between_gene	0			
ASAN	cg01056653	SFMBT2	cg04481096	HOXA2	between_gene	0			
ASAN	cg01056653	SFMBT2	cg19598584	HOXA2	between_gene	0			
ASAN	cg01056653	SFMBT2	cg09871315	HOXA2	between_gene	0			
ASAN	cg01056653	SFMBT2	cg13661519	HOXA2	between_gene	0			
ASAN	cg01056653	SFMBT2	cg02803819	HOXA2	between_gene	0			
ASAN	cg01056653	SFMBT2	cg03763508	HOXA2	between_gene	0			
ASAN	cg01056653	SFMBT2	cg00188704	HOXA2	between_gene	0			
ASAN	cg01056653	SFMBT2	cg06786372	HOXA2	between_gene	0			
ASAN	cg01056653	SFMBT2	cg19236679	GFRA1	between_gene	0			
ASAN	cg01056653	SFMBT2	cg06298519	GFRA1	between_gene	0			
ASAN	cg01056653	SFMBT2	cg19485539	GFRA1	between_gene	0			
ASAN	cg01056653	SFMBT2	cg18672939	GFRA1	between_gene	0			
ASAN	cg01056653	SFMBT2	cg27034576	GFRA1	between_gene	0			
ASAN	cg01056653	SFMBT2	cg18044663	GFRA1	between_gene	0			
ASAN	cg01056653	SFMBT2	cg15701178	UNC5C	between_gene	0			
ASAN	cg01056653	SFMBT2	cg03008707	UNC5C	between_gene	0			
ASAN	cg01056653	SFMBT2	cg24870497	UNC5C	between_gene	0			
ASAN	cg01056653	SFMBT2	cg13265789	UNC5C	between_gene	0			
ASAN	cg01056653	SFMBT2	cg12584684	UNC5C	between_gene	0			
ASAN	cg01056653	SFMBT2	cg08327106	RALYL	between_gene	0			
ASAN	cg01056653	SFMBT2	cg09757712	RALYL	between_gene	0			
ASAN	cg01056653	SFMBT2	cg11089595	RALYL	between_gene	0			
ASAN	cg01056653	SFMBT2	cg01134282	RALYL	between_gene	0			
ASAN	cg01056653	SFMBT2	cg06955749	RALYL	between_gene	0			
ASAN	cg01056653	SFMBT2	cg11666087	BEND5	between_gene	0			
ASAN	cg01056653	SFMBT2	cg16573178	BEND5	between_gene	0			
ASAN	cg01056653	SFMBT2	cg06744574	BEND5	between_gene	0			
ASAN	cg01056653	SFMBT2	cg03603214	BEND5	between_gene	0			
ASAN	cg22862480	SFMBT2	cg12767281	SFMBT2	within_gene	128	0.8427829152169932	1.0669911671150169e-35	3.074874545231457e-35
ASAN	cg22862480	SFMBT2	cg26878816	SFMBT2	within_gene	128	0.8539701977659769	1.473964789621852e-37	4.626206319902248e-37
ASAN	cg22862480	SFMBT2	cg12328063	SFMBT2	within_gene	128	0.9169165445889031	4.181590599484128e-52	2.41011676370267e-51
ASAN	cg22862480	SFMBT2	cg16818993	SFMBT2	within_gene	128	0.825072102179088	4.938414904977258e-33	1.2937830784113968e-32
ASAN	cg22862480	SFMBT2	cg20295442	ADHFE1	between_gene	0			
ASAN	cg22862480	SFMBT2	cg19283840	ADHFE1	between_gene	0			
ASAN	cg22862480	SFMBT2	cg25046651	ADHFE1	between_gene	128	0.7292277055484344	1.6743457999127506e-22	9.83866709903686e-22
ASAN	cg22862480	SFMBT2	cg01588438	ADHFE1	between_gene	128	0.7264866782640541	2.8681920461230895e-22	1.6410335632313905e-21
ASAN	cg22862480	SFMBT2	cg08090772	ADHFE1	between_gene	0			
ASAN	cg22862480	SFMBT2	cg09383816	ADHFE1	between_gene	128	0.7364951474088994	3.8906663410581185e-23	2.469768487547599e-22
ASAN	cg22862480	SFMBT2	cg20912169	ADHFE1	between_gene	128	0.7200947628639444	9.815250758643117e-22	5.323906284677732e-21
ASAN	cg22862480	SFMBT2	cg18065361	ADHFE1	between_gene	128	0.7335023347372276	7.137541613199306e-23	4.402327675847989e-22
ASAN	cg22862480	SFMBT2	cg04481096	HOXA2	between_gene	128	0.5888287401574803	2.666964044906483e-13	6.466644231562282e-13
ASAN	cg22862480	SFMBT2	cg19598584	HOXA2	between_gene	0			
ASAN	cg22862480	SFMBT2	cg09871315	HOXA2	between_gene	0			
ASAN	cg22862480	SFMBT2	cg13661519	HOXA2	between_gene	128	0.6713628456326679	4.231555667632969e-18	1.554947709416115e-17
ASAN	cg22862480	SFMBT2	cg02803819	HOXA2	between_gene	128	0.698435497161692	4.9810150502564856e-20	2.2679700289911293e-19
ASAN	cg22862480	SFMBT2	cg03763508	HOXA2	between_gene	128	0.5930461453946163	1.63489363318285e-13	4.0277974400132723e-13
ASAN	cg22862480	SFMBT2	cg00188704	HOXA2	between_gene	128	0.6576062076542758	3.3965474308890056e-17	1.1118685379158615e-16
ASAN	cg22862480	SFMBT2	cg06786372	HOXA2	between_gene	128	0.6903840871635232	1.9638044014251136e-19	8.482724641255169e-19
ASAN	cg22862480	SFMBT2	cg19236679	GFRA1	between_gene	128	0.7767579197949094	4.5485872873023205e-27	5.624295844820737e-26
ASAN	cg22862480	SFMBT2	cg06298519	GFRA1	between_gene	128	0.8021767991210401	5.3145167908576456e-30	1.3865574307347595e-28
ASAN	cg22862480	SFMBT2	cg19485539	GFRA1	between_gene	128	0.8161222761399012	8.490390794263621e-32	3.210352113367215e-30
ASAN	cg22862480	SFMBT2	cg18672939	GFRA1	between_gene	128	0.7898908167002381	1.5610372277048794e-28	2.7895521418370076e-27
ASAN	cg22862480	SFMBT2	cg27034576	GFRA1	between_gene	128	0.8583306628822559	2.5186166485381784e-38	5.4758923633634226e-36
ASAN	cg22862480	SFMBT2	cg18044663	GFRA1	between_gene	128	0.7361575260941219	4.168034247555709e-23	2.6266669932060013e-22
ASAN	cg22862480	SFMBT2	cg15701178	UNC5C	between_gene	128	0.7805461453946163	1.7612489209762538e-27	2.4704830294769067e-26
ASAN	cg22862480	SFMBT2	cg03008707	UNC5C	between_gene	128	0.8139821003479215	1.6383024286936882e-31	5.9365708839747685e-30
ASAN	cg22862480	SFMBT2	cg24870497	UNC5C	between_gene	0			
ASAN	cg22862480	SFMBT2	cg13265789	UNC5C	between_gene	128	0.836682841970335	9.595046124405119e-35	6.953743149603599e-33
ASAN	cg22862480	SFMBT2	cg12584684	UNC5C	between_gene	128	0.763699414026735	1.0437795518052276e-25	1.0011841362719996e-24
ASAN	cg22862480	SFMBT2	cg08327106	RALYL	between_gene	0			
ASAN	cg22862480	SFMBT2	cg09757712	RALYL	between_gene	0			
ASAN	cg22862480	SFMBT2	cg11089595	RALYL	between_gene	128	0.8216729994506501	1.4821443054633908e-32	6.667093953368944e-31
ASAN	cg22862480	SFMBT2	cg01134282	RALYL	between_gene	0			
ASAN	cg22862480	SFMBT2	cg06955749	RALYL	between_gene	128	0.7169360007324665	1.780335029912668e-21	9.421691872296452e-21
ASAN	cg22862480	SFMBT2	cg11666087	BEND5	between_gene	128	0.8010037081120673	7.413741492884387e-30	1.842138243327177e-28
ASAN	cg22862480	SFMBT2	cg16573178	BEND5	between_gene	128	0.7686550082402491	3.256460854489522e-26	3.4258493424851465e-25
ASAN	cg22862480	SFMBT2	cg06744574	BEND5	between_gene	128	0.7781541842153451	3.2132572282111827e-27	4.1297478366517126e-26
ASAN	cg22862480	SFMBT2	cg03603214	BEND5	between_gene	128	0.6664358633949825	9.035805145531853e-18	3.1814326079207303e-17
ASAN	cg12767281	SFMBT2	cg26878816	SFMBT2	within_gene	128	0.8928882072880424	1.7292560333488893e-45	7.720762853121097e-45
ASAN	cg12767281	SFMBT2	cg12328063	SFMBT2	within_gene	128	0.8517327412561801	3.569434230508534e-37	1.0985540301662188e-36
ASAN	cg12767281	SFMBT2	cg16818993	SFMBT2	within_gene	128	0.882187328328145	4.9343087977028905e-43	1.818809173106763e-42
ASAN	cg12767281	SFMBT2	cg20295442	ADHFE1	between_gene	0			
ASAN	cg12767281	SFMBT2	cg19283840	ADHFE1	between_gene	0			
ASAN	cg12767281	SFMBT2	cg25046651	ADHFE1	between_gene	128	0.6369025819446987	6.410308828706945e-16	1.8812706112594403e-15
ASAN	cg12767281	SFMBT2	cg01588438	ADHFE1	between_gene	128	0.6201931880607947	5.864851970810531e-15	1.5988922457517948e-14
ASAN	cg12767281	SFMBT2	cg08090772	ADHFE1	between_gene	0			
ASAN	cg12767281	SFMBT2	cg09383816	ADHFE1	between_gene	128	0.6358382164438747	7.410855006382068e-16	2.160326336497298e-15
ASAN	cg12767281	SFMBT2	cg20912169	ADHFE1	between_gene	128	0.6050975096136239	3.8799746391794475e-14	9.904945042680213e-14
ASAN	cg12767281	SFMBT2	cg18065361	ADHFE1	between_gene	128	0.6246280443142281	3.301506084778374e-15	9.173194222776124e-15
ASAN	cg12767281	SFMBT2	cg04481096	HOXA2	between_gene	128	0.4505470609778428	9.480652721546969e-08	1.8597761616929355e-07
ASAN	cg12767281	SFMBT2	cg19598584	HOXA2	between_gene	0			
ASAN	cg12767281	SFMBT2	cg09871315	HOXA2	between_gene	0			
ASAN	cg12767281	SFMBT2	cg13661519	HOXA2	between_gene	128	0.5176249771104192	3.932369596161824e-10	7.96549089781537e-10
ASAN	cg12767281	SFMBT2	cg02803819	HOXA2	between_gene	128	0.5545630379051456	1.1078137438305268e-11	2.4125927025491182e-11
ASAN	cg12767281	SFMBT2	cg03763508	HOXA2	between_gene	128	0.4741519410364402	1.571536990432079e-08	3.1014674796046096e-08
ASAN	cg12767281	SFMBT2	cg00188704	HOXA2	between_gene	128	0.5072331074894708	9.957835166928327e-10	1.9969248232525752e-09
ASAN	cg12767281	SFMBT2	cg06786372	HOXA2	between_gene	128	0.5619735396447536	5.129476514363859e-12	1.1497254489669508e-11
ASAN	cg12767281	SFMBT2	cg19236679	GFRA1	between_gene	128	0.7589441036440212	3.108259446264498e-25	2.7031496317680253e-24
ASAN	cg12767281	SFMBT2	cg06298519	GFRA1	between_gene	128	0.7540285661966671	9.354297258803746e-25	7.602916370161673e-24
ASAN	cg12767281	SFMBT2	cg19485539	GFRA1	between_gene	128	0.7828408258560703	9.822429116498608e-28	1.4643838608539924e-26
ASAN	cg12767281	SFMBT2	cg18672939	GFRA1	between_gene	128	0.7839395257278886	7.4080026012850695e-28	1.1236906271367878e-26
ASAN	cg12767281	SFMBT2	cg27034576	GFRA1	between_gene	128	0.8330319538546053	3.422643940636054e-34	2.1779702539315774e-32
ASAN	cg12767281	SFMBT2	cg18044663	GFRA1	between_gene	128	0.7215482512360373	7.442407658878794e-22	4.096464468779488e-21
ASAN	cg12767281	SFMBT2	cg15701178	UNC5C	between_gene	128	0.7606779893792346	2.0941002335137467e-25	1.890487027417773e-24
ASAN	cg12767281	SFMBT2	cg03008707	UNC5C	between_gene	128	0.7531415949459805	1.1380309365554404e-24	9.052203394735194e-24
ASAN	cg12767281	SFMBT2	cg24870497	UNC5C	between_gene	0			
ASAN	cg12767281	SFMBT2	cg13265789	UNC5C	between_gene	128	0.7870067295367149	3.3408276626240694e-28	5.659882708952076e-27
ASAN	cg12767281	SFMBT2	cg12584684	UNC5C	between_gene	128	0.8022225782823659	5.2456853279934984e-30	1.3824235374479832e-28
ASAN	cg12767281	SFMBT2	cg08327106	RALYL	between_gene	0			
ASAN	cg12767281	SFMBT2	cg09757712	RALYL	between_gene	0			
ASAN	cg12767281	SFMBT2	cg11089595	RALYL	between_gene	128	0.7792185497161691	2.461238836946958e-27	3.243117235148795e-26
ASAN	cg12767281	SFMBT2	cg01134282	RALYL	between_gene	0			
ASAN	cg12767281	SFMBT2	cg06955749	RALYL	between_gene	128	0.7527295824940486	1.246183006698436e-24	9.79304657974765e-24
ASAN	cg12767281	SFMBT2	cg11666087	BEND5	between_gene	128	0.7456280900933895	5.7971727484351456e-24	4.076771886972316e-23
ASAN	cg12767281	SFMBT2	cg16573178	BEND5	between_gene	128	0.7203923274125617	9.27593639605978e-22	5.0629535684769785e-21
ASAN	cg12767281	SFMBT2	cg06744574	BEND5	between_gene	128	0.7278772202893242	2.184607435471687e-22	1.2665868442545849e-21
ASAN	cg12767281	SFMBT2	cg03603214	BEND5	between_gene	128	0.6986300585973265	4.8158913273788526e-20	2.200465932247185e-19
ASAN	cg26878816	SFMBT2	cg12328063	SFMBT2	within_gene	128	0.8873660959531222	3.4353583129077504e-44	1.4142968638853985e-43
ASAN	cg26878816	SFMBT2	cg16818993	SFMBT2	within_gene	128	0.9583180736128916	2.0627009690549175e-70	3.6326455955022706e-69
ASAN	cg26878816	SFMBT2	cg20295442	ADHFE1	between_gene	0			
ASAN	cg26878816	SFMBT2	cg19283840	ADHFE1	between_gene	0			
ASAN	cg26878816	SFMBT2	cg25046651	ADHFE1	between_gene	128	0.6636490569492767	1.3790162733895645e-17	4.752778675394153e-17
ASAN	cg26878816	SFMBT2	cg01588438	ADHFE1	between_gene	128	0.6672598882988463	7.967096036314933e-18	2.8242056465687036e-17
ASAN	cg26878816	SFMBT2	cg08090772	ADHFE1	between_gene	0			
ASAN	cg26878816	SFMBT2	cg09383816	ADHFE1	between_gene	128	0.6771939663065373	1.691734413299228e-18	6.54856837432891e-18
ASAN	cg26878816	SFMBT2	cg20912169	ADHFE1	between_gene	128	0.6556892052737593	4.5015384664029627e-17	1.457135714496939e-16
ASAN	cg26878816	SFMBT2	cg18065361	ADHFE1	between_gene	128	0.6705559879143014	4.7960715443211796e-18	1.7574368903278032e-17
ASAN	cg26878816	SFMBT2	cg04481096	HOXA2	between_gene	128	0.5217794360007324	2.6884264780756414e-10	5.484053699217628e-10
ASAN	cg26878816	SFMBT2	cg19598584	HOXA2	between_gene	0			
ASAN	cg26878816	SFMBT2	cg09871315	HOXA2	between_gene	0			
ASAN	cg26878816	SFMBT2	cg13661519	HOXA2	between_gene	128	0.5573097875846914	8.346086150448484e-12	1.8375475752337628e-11
ASAN	cg26878816	SFMBT2	cg02803819	HOXA2	between_gene	128	0.5879017121406336	2.967028445543717e-13	7.160940993916335e-13
ASAN	cg26878816	SFMBT2	cg03763508	HOXA2	between_gene	128	0.5553183940670207	1.025080616459519e-11	2.2417731168004067e-11
ASAN	cg26878816	SFMBT2	cg00188704	HOXA2	between_gene	128	0.5565372642373191	9.040358818472719e-12	1.9870510663349048e-11
ASAN	cg26878816	SFMBT2	cg06786372	HOXA2	between_gene	128	0.5941047885002746	1.444292651472931e-13	3.571715192125949e-13
ASAN	cg26878816	SFMBT2	cg19236679	GFRA1	between_gene	128	0.7561401300128181	5.8459321647492985e-25	4.9680902338211484e-24
ASAN	cg26878816	SFMBT2	cg06298519	GFRA1	between_gene	128	0.747276139901117	4.0762372890428005e-24	2.937818532351565e-23
ASAN	cg26878816	SFMBT2	cg19485539	GFRA1	between_gene	128	0.7715219282182751	1.6379614308437714e-26	1.8107802428268648e-25
ASAN	cg26878816	SFMBT2	cg18672939	GFRA1	between_gene	128	0.8018906793627539	5.7652072117366255e-30	1.4892500609327575e-28
ASAN	cg26878816	SFMBT2	cg27034576	GFRA1	between_gene	128	0.8514580662882256	3.974825224828041e-37	4.7137813688983454e-35
ASAN	cg26878816	SFMBT2	cg18044663	GFRA1	between_gene	128	0.6997516480498077	3.9631946506193054e-20	1.8222331074435617e-19
ASAN	cg26878816	SFMBT2	cg15701178	UNC5C	between_gene	128	0.7971925929316974	2.1535061854771405e-29	4.5678842584633e-28
ASAN	cg26878816	SFMBT2	cg03008707	UNC5C	between_gene	128	0.792511673686138	7.737615909875697e-29	1.4866633276055208e-27
ASAN	cg26878816	SFMBT2	cg24870497	UNC5C	between_gene	0			
ASAN	cg26878816	SFMBT2	cg13265789	UNC5C	between_gene	128	0.7991439296832082	1.251046317697538e-29	2.838243341628588e-28
ASAN	cg26878816	SFMBT2	cg12584684	UNC5C	between_gene	128	0.8306914942318256	7.611328941433109e-34	4.6181295833020893e-32
ASAN	cg26878816	SFMBT2	cg08327106	RALYL	between_gene	0			
ASAN	cg26878816	SFMBT2	cg09757712	RALYL	between_gene	0			
ASAN	cg26878816	SFMBT2	cg11089595	RALYL	between_gene	128	0.7762257370444973	5.1893979661725965e-27	6.268120043400141e-26
ASAN	cg26878816	SFMBT2	cg01134282	RALYL	between_gene	0			
ASAN	cg26878816	SFMBT2	cg06955749	RALYL	between_gene	128	0.7135426203991944	3.3451903329026933e-21	1.7012868574158143e-20
ASAN	cg26878816	SFMBT2	cg11666087	BEND5	between_gene	128	0.7911497436366965	1.11569258958987e-28	2.0644269264113268e-27
ASAN	cg26878816	SFMBT2	cg16573178	BEND5	between_gene	128	0.7692959164988097	2.795132396676673e-26	2.9765307848691594e-25
ASAN	cg26878816	SFMBT2	cg06744574	BEND5	between_gene	128	0.7832642830983337	8.812172374134886e-28	1.3213194094320643e-26
ASAN	cg26878816	SFMBT2	cg03603214	BEND5	between_gene	128	0.6944870444973448	9.816032326134806e-20	4.370312003222818e-19
ASAN	cg12328063	SFMBT2	cg16818993	SFMBT2	within_gene	128	0.8737582402490386	2.9187859978331677e-41	9.638074597011606e-41
ASAN	cg12328063	SFMBT2	cg20295442	ADHFE1	between_gene	0			
ASAN	cg12328063	SFMBT2	cg19283840	ADHFE1	between_gene	0			
ASAN	cg12328063	SFMBT2	cg25046651	ADHFE1	between_gene	128	0.6944698773118476	9.844792520598188e-20	4.375649691012039e-19
ASAN	cg12328063	SFMBT2	cg01588438	ADHFE1	between_gene	128	0.6955971891594945	8.120485351637287e-20	3.6402656842648937e-19
ASAN	cg12328063	SFMBT2	cg08090772	ADHFE1	between_gene	0			
ASAN	cg12328063	SFMBT2	cg09383816	ADHFE1	between_gene	128	0.7016743728254897	2.831705094377938e-20	1.3192711770057215e-19
ASAN	cg12328063	SFMBT2	cg20912169	ADHFE1	between_gene	128	0.6855372184581578	4.390293450858188e-19	1.8210295092669332e-18
ASAN	cg12328063	SFMBT2	cg18065361	ADHFE1	between_gene	128	0.6967302234023072	6.685650396101237e-20	3.0125840904020947e-19
ASAN	cg12328063	SFMBT2	cg04481096	HOXA2	between_gene	128	0.5405088353781359	4.5344683095993254e-11	9.532979709705592e-11
ASAN	cg12328063	SFMBT2	cg19598584	HOXA2	between_gene	0			
ASAN	cg12328063	SFMBT2	cg09871315	HOXA2	between_gene	0			
ASAN	cg12328063	SFMBT2	cg13661519	HOXA2	between_gene	128	0.6117297656106939	1.7127323813508455e-14	4.495491733344422e-14
ASAN	cg12328063	SFMBT2	cg02803819	HOXA2	between_gene	128	0.6406507507782457	3.8291042118639954e-16	1.1430357996285085e-15
ASAN	cg12328063	SFMBT2	cg03763508	HOXA2	between_gene	128	0.5450009155832265	2.9105505209435494e-11	6.178703262116943e-11
ASAN	cg12328063	SFMBT2	cg00188704	HOXA2	between_gene	128	0.6037470243545138	4.5723344687798745e-14	1.1570534072790197e-13
ASAN	cg12328063	SFMBT2	cg06786372	HOXA2	between_gene	128	0.6515118568027833	8.258012445183235e-17	2.6020717958312873e-16
ASAN	cg12328063	SFMBT2	cg19236679	GFRA1	between_gene	128	0.7526380241713972	1.2715488066666691e-24	9.962374884664684e-24
ASAN	cg12328063	SFMBT2	cg06298519	GFRA1	between_gene	128	0.7772157114081668	4.0598618177287254e-27	5.116994919060022e-26
ASAN	cg12328063	SFMBT2	cg19485539	GFRA1	between_gene	128	0.7908693462735762	1.2025972443984322e-28	2.19410923820665e-27
ASAN	cg12328063	SFMBT2	cg18672939	GFRA1	between_gene	128	0.7769295916498808	4.3589135694505035e-27	5.415431191760175e-26
ASAN	cg12328063	SFMBT2	cg27034576	GFRA1	between_gene	128	0.8257988463651346	3.892238657856004e-33	1.91600955817855e-31
ASAN	cg12328063	SFMBT2	cg18044663	GFRA1	between_gene	128	0.7094167734847098	7.114914238854761e-21	3.522355075744226e-20
ASAN	cg12328063	SFMBT2	cg15701178	UNC5C	between_gene	128	0.8017933986449367	5.926812030058667e-30	1.5159855476885355e-28
ASAN	cg12328063	SFMBT2	cg03008707	UNC5C	between_gene	128	0.8062339772935359	1.6514920537166347e-30	4.952577894421494e-29
ASAN	cg12328063	SFMBT2	cg24870497	UNC5C	between_gene	0			
ASAN	cg12328063	SFMBT2	cg13265789	UNC5C	between_gene	128	0.8045458707196484	2.69474291440974e-30	7.559768025478505e-29
ASAN	cg12328063	SFMBT2	cg12584684	UNC5C	between_gene	128	0.7901254349020326	1.466575454184006e-28	2.6388243861834976e-27
ASAN	cg12328063	SFMBT2	cg08327106	RALYL	between_gene	0			
ASAN	cg12328063	SFMBT2	cg09757712	RALYL	between_gene	0			
ASAN	cg12328063	SFMBT2	cg11089595	RALYL	between_gene	128	0.7682086614173228	3.620956302527204e-26	3.7488392830529662e-25
ASAN	cg12328063	SFMBT2	cg01134282	RALYL	between_gene	0			
ASAN	cg12328063	SFMBT2	cg06955749	RALYL	between_gene	128	0.6936344076176525	1.134839729039869e-19	5.018299750957656e-19
ASAN	cg12328063	SFMBT2	cg11666087	BEND5	between_gene	128	0.7798537355795642	2.0977095216875844e-27	2.821094918599437e-26
ASAN	cg12328063	SFMBT2	cg16573178	BEND5	between_gene	128	0.7528554751876946	1.2121117839634331e-24	9.583029225335145e-24
ASAN	cg12328063	SFMBT2	cg06744574	BEND5	between_gene	128	0.7599226332173594	2.488268817670545e-25	2.2035135712368334e-24
ASAN	cg12328063	SFMBT2	cg03603214	BEND5	between_gene	128	0.6845873008606482	5.130713482504069e-19	2.1080364528902546e-18
ASAN	cg16818993	SFMBT2	cg20295442	ADHFE1	between_gene	0			
ASAN	cg16818993	SFMBT2	cg19283840	ADHFE1	between_gene	0			
ASAN	cg16818993	SFMBT2	cg25046651	ADHFE1	between_gene	128	0.6451371085881705	2.047164876268571e-16	6.225003685529956e-16
ASAN	cg16818993	SFMBT2	cg01588438	ADHFE1	between_gene	128	0.6565704541292804	3.955840824960192e-17	1.2868813855762019e-16
ASAN	cg16818993	SFMBT2	cg08090772	ADHFE1	between_gene	0			
ASAN	cg16818993	SFMBT2	cg09383816	ADHFE1	between_gene	128	0.666876487822743	8.448057914106459e-18	2.9825416911913065e-17
ASAN	cg16818993	SFMBT2	cg20912169	ADHFE1	between_gene	128	0.6496291887932613	1.0821681639213948e-16	3.361162785322523e-16
ASAN	cg16818993	SFMBT2	cg18065361	ADHFE1	between_gene	128	0.6613143197216627	1.9583364771100616e-17	6.609702288202007e-17
ASAN	cg16818993	SFMBT2	cg04481096	HOXA2	between_gene	128	0.5052417139718001	1.1856426763433408e-09	2.372194587867926e-09
ASAN	cg16818993	SFMBT2	cg19598584	HOXA2	between_gene	0			
ASAN	cg16818993	SFMBT2	cg09871315	HOXA2	between_gene	0			
ASAN	cg16818993	SFMBT2	cg13661519	HOXA2	between_gene	128	0.5217451016297381	2.6969459593914646e-10	5.497134381290885e-10
ASAN	cg16818993	SFMBT2	cg02803819	HOXA2	between_gene	128	0.5552554477201977	1.0317401074938043e-11	2.2544471863076516e-11
ASAN	cg16818993	SFMBT2	cg03763508	HOXA2	between_gene	128	0.5274331624244643	1.5890090077063498e-10	3.2746639029272247e-10
ASAN	cg16818993	SFMBT2	cg00188704	HOXA2	between_gene	128	0.5195419794909357	3.301586455175667e-10	6.713826236596503e-10
ASAN	cg16818993	SFMBT2	cg06786372	HOXA2	between_gene	128	0.5751464933162425	1.243909026106338e-12	2.9132483385201397e-12
ASAN	cg16818993	SFMBT2	cg19236679	GFRA1	between_gene	128	0.7624347646951107	1.398696852958673e-25	1.3126619026507832e-24
ASAN	cg16818993	SFMBT2	cg06298519	GFRA1	between_gene	128	0.7392361746932796	2.215691985012571e-23	1.4746786706371931e-22
ASAN	cg16818993	SFMBT2	cg19485539	GFRA1	between_gene	128	0.7502117286211316	2.1620100604296974e-24	1.6397337929247326e-23
ASAN	cg16818993	SFMBT2	cg18672939	GFRA1	between_gene	128	0.7706864585240798	2.003187964211407e-26	2.1867436814341257e-25
ASAN	cg16818993	SFMBT2	cg27034576	GFRA1	between_gene	128	0.8434638802417139	8.301571960691936e-36	6.98671007917589e-34
ASAN	cg16818993	SFMBT2	cg18044663	GFRA1	between_gene	128	0.6833455411096868	6.284497189782645e-19	2.5341967802384733e-18
ASAN	cg16818993	SFMBT2	cg15701178	UNC5C	between_gene	128	0.7876075810291155	2.8538813743930215e-28	4.997165440128452e-27
ASAN	cg16818993	SFMBT2	cg03008707	UNC5C	between_gene	128	0.7784288591832997	3.000026963814601e-27	3.8747873012833136e-26
ASAN	cg16818993	SFMBT2	cg24870497	UNC5C	between_gene	0			
ASAN	cg16818993	SFMBT2	cg13265789	UNC5C	between_gene	128	0.7850782823658671	5.52026166602597e-28	8.649778067369402e-27
ASAN	cg16818993	SFMBT2	cg12584684	UNC5C	between_gene	128	0.8275270097051822	2.199942452617699e-33	1.1479299717759151e-31
ASAN	cg16818993	SFMBT2	cg08327106	RALYL	between_gene	0			
ASAN	cg16818993	SFMBT2	cg09757712	RALYL	between_gene	0			
ASAN	cg16818993	SFMBT2	cg11089595	RALYL	between_gene	128	0.7141263047060977	3.0032248883128602e-21	1.542404278269341e-20
ASAN	cg16818993	SFMBT2	cg01134282	RALYL	between_gene	0			
ASAN	cg16818993	SFMBT2	cg06955749	RALYL	between_gene	128	0.6883011353232008	2.780265770361999e-19	1.181386546396491e-18
ASAN	cg16818993	SFMBT2	cg11666087	BEND5	between_gene	128	0.786903726423732	3.4321061887281035e-28	5.729089679347123e-27
ASAN	cg16818993	SFMBT2	cg16573178	BEND5	between_gene	128	0.7771184306903497	4.159213030868651e-27	5.217012883430918e-26
ASAN	cg16818993	SFMBT2	cg06744574	BEND5	between_gene	128	0.7675391411829334	4.243715827645656e-26	4.324943200909186e-25
ASAN	cg16818993	SFMBT2	cg03603214	BEND5	between_gene	128	0.6891537722028932	2.412314818212585e-19	1.0351528553810254e-18
ASAN	cg20295442	ADHFE1	cg19283840	ADHFE1	within_gene	0			
ASAN	cg20295442	ADHFE1	cg25046651	ADHFE1	within_gene	0			
ASAN	cg20295442	ADHFE1	cg01588438	ADHFE1	within_gene	0			
ASAN	cg20295442	ADHFE1	cg08090772	ADHFE1	within_gene	0			
ASAN	cg20295442	ADHFE1	cg09383816	ADHFE1	within_gene	0			
ASAN	cg20295442	ADHFE1	cg20912169	ADHFE1	within_gene	0			
ASAN	cg20295442	ADHFE1	cg18065361	ADHFE1	within_gene	0			
ASAN	cg20295442	ADHFE1	cg04481096	HOXA2	between_gene	0			
ASAN	cg20295442	ADHFE1	cg19598584	HOXA2	between_gene	0			
ASAN	cg20295442	ADHFE1	cg09871315	HOXA2	between_gene	0			
ASAN	cg20295442	ADHFE1	cg13661519	HOXA2	between_gene	0			
ASAN	cg20295442	ADHFE1	cg02803819	HOXA2	between_gene	0			
ASAN	cg20295442	ADHFE1	cg03763508	HOXA2	between_gene	0			
ASAN	cg20295442	ADHFE1	cg00188704	HOXA2	between_gene	0			
ASAN	cg20295442	ADHFE1	cg06786372	HOXA2	between_gene	0			
ASAN	cg20295442	ADHFE1	cg19236679	GFRA1	between_gene	0			
ASAN	cg20295442	ADHFE1	cg06298519	GFRA1	between_gene	0			
ASAN	cg20295442	ADHFE1	cg19485539	GFRA1	between_gene	0			
ASAN	cg20295442	ADHFE1	cg18672939	GFRA1	between_gene	0			
ASAN	cg20295442	ADHFE1	cg27034576	GFRA1	between_gene	0			
ASAN	cg20295442	ADHFE1	cg18044663	GFRA1	between_gene	0			
ASAN	cg20295442	ADHFE1	cg15701178	UNC5C	between_gene	0			
ASAN	cg20295442	ADHFE1	cg03008707	UNC5C	between_gene	0			
ASAN	cg20295442	ADHFE1	cg24870497	UNC5C	between_gene	0			
ASAN	cg20295442	ADHFE1	cg13265789	UNC5C	between_gene	0			
ASAN	cg20295442	ADHFE1	cg12584684	UNC5C	between_gene	0			
ASAN	cg20295442	ADHFE1	cg08327106	RALYL	between_gene	0			
ASAN	cg20295442	ADHFE1	cg09757712	RALYL	between_gene	0			
ASAN	cg20295442	ADHFE1	cg11089595	RALYL	between_gene	0			
ASAN	cg20295442	ADHFE1	cg01134282	RALYL	between_gene	0			
ASAN	cg20295442	ADHFE1	cg06955749	RALYL	between_gene	0			
ASAN	cg20295442	ADHFE1	cg11666087	BEND5	between_gene	0			
ASAN	cg20295442	ADHFE1	cg16573178	BEND5	between_gene	0			
ASAN	cg20295442	ADHFE1	cg06744574	BEND5	between_gene	0			
ASAN	cg20295442	ADHFE1	cg03603214	BEND5	between_gene	0			
ASAN	cg19283840	ADHFE1	cg25046651	ADHFE1	within_gene	0			
ASAN	cg19283840	ADHFE1	cg01588438	ADHFE1	within_gene	0			
ASAN	cg19283840	ADHFE1	cg08090772	ADHFE1	within_gene	0			
ASAN	cg19283840	ADHFE1	cg09383816	ADHFE1	within_gene	0			
ASAN	cg19283840	ADHFE1	cg20912169	ADHFE1	within_gene	0			
ASAN	cg19283840	ADHFE1	cg18065361	ADHFE1	within_gene	0			
ASAN	cg19283840	ADHFE1	cg04481096	HOXA2	between_gene	0			
ASAN	cg19283840	ADHFE1	cg19598584	HOXA2	between_gene	0			
ASAN	cg19283840	ADHFE1	cg09871315	HOXA2	between_gene	0			
ASAN	cg19283840	ADHFE1	cg13661519	HOXA2	between_gene	0			
ASAN	cg19283840	ADHFE1	cg02803819	HOXA2	between_gene	0			
ASAN	cg19283840	ADHFE1	cg03763508	HOXA2	between_gene	0			
ASAN	cg19283840	ADHFE1	cg00188704	HOXA2	between_gene	0			
ASAN	cg19283840	ADHFE1	cg06786372	HOXA2	between_gene	0			
ASAN	cg19283840	ADHFE1	cg19236679	GFRA1	between_gene	0			
ASAN	cg19283840	ADHFE1	cg06298519	GFRA1	between_gene	0			
ASAN	cg19283840	ADHFE1	cg19485539	GFRA1	between_gene	0			
ASAN	cg19283840	ADHFE1	cg18672939	GFRA1	between_gene	0			
ASAN	cg19283840	ADHFE1	cg27034576	GFRA1	between_gene	0			
ASAN	cg19283840	ADHFE1	cg18044663	GFRA1	between_gene	0			
ASAN	cg19283840	ADHFE1	cg15701178	UNC5C	between_gene	0			
ASAN	cg19283840	ADHFE1	cg03008707	UNC5C	between_gene	0			
ASAN	cg19283840	ADHFE1	cg24870497	UNC5C	between_gene	0			
ASAN	cg19283840	ADHFE1	cg13265789	UNC5C	between_gene	0			
ASAN	cg19283840	ADHFE1	cg12584684	UNC5C	between_gene	0			
ASAN	cg19283840	ADHFE1	cg08327106	RALYL	between_gene	0			
ASAN	cg19283840	ADHFE1	cg09757712	RALYL	between_gene	0			
ASAN	cg19283840	ADHFE1	cg11089595	RALYL	between_gene	0			
ASAN	cg19283840	ADHFE1	cg01134282	RALYL	between_gene	0			
ASAN	cg19283840	ADHFE1	cg06955749	RALYL	between_gene	0			
ASAN	cg19283840	ADHFE1	cg11666087	BEND5	between_gene	0			
ASAN	cg19283840	ADHFE1	cg16573178	BEND5	between_gene	0			
ASAN	cg19283840	ADHFE1	cg06744574	BEND5	between_gene	0			
ASAN	cg19283840	ADHFE1	cg03603214	BEND5	between_gene	0			
ASAN	cg25046651	ADHFE1	cg01588438	ADHFE1	within_gene	128	0.9530477476652628	3.1673927974738173e-67	4.1835979866633336e-66
ASAN	cg25046651	ADHFE1	cg08090772	ADHFE1	within_gene	0			
ASAN	cg25046651	ADHFE1	cg09383816	ADHFE1	within_gene	128	0.9420893609229078	1.2334137906129248e-61	1.0289267674323607e-60
ASAN	cg25046651	ADHFE1	cg20912169	ADHFE1	within_gene	128	0.9517315967771472	1.7348303646601343e-66	2.0368193540639348e-65
ASAN	cg25046651	ADHFE1	cg18065361	ADHFE1	within_gene	128	0.9389935451382532	2.9768847850045814e-60	2.3016401874303713e-59
ASAN	cg25046651	ADHFE1	cg04481096	HOXA2	between_gene	128	0.6536348654092657	6.073925744072849e-17	1.9420186600840764e-16
ASAN	cg25046651	ADHFE1	cg19598584	HOXA2	between_gene	0			
ASAN	cg25046651	ADHFE1	cg09871315	HOXA2	between_gene	0			
ASAN	cg25046651	ADHFE1	cg13661519	HOXA2	between_gene	128	0.7047186870536531	1.6538263687266194e-20	7.873782839430202e-20
ASAN	cg25046651	ADHFE1	cg02803819	HOXA2	between_gene	128	0.7378456326680095	2.950767570372506e-23	1.9343096962567508e-22
ASAN	cg25046651	ADHFE1	cg03763508	HOXA2	between_gene	128	0.6386536348654092	5.043317263182984e-16	1.4884632058421277e-15
ASAN	cg25046651	ADHFE1	cg00188704	HOXA2	between_gene	128	0.6971536806445705	6.215630027199859e-20	2.810498915245136e-19
ASAN	cg25046651	ADHFE1	cg06786372	HOXA2	between_gene	128	0.7503147317341144	2.1140978977663632e-24	1.6080703834613532e-23
ASAN	cg25046651	ADHFE1	cg19236679	GFRA1	between_gene	128	0.6196667277055484	6.275072643684585e-15	1.7053817216013628e-14
ASAN	cg25046651	ADHFE1	cg06298519	GFRA1	between_gene	128	0.6502357626808276	9.920963137584372e-17	3.0924483663031816e-16
ASAN	cg25046651	ADHFE1	cg19485539	GFRA1	between_gene	128	0.6783727797106757	1.401934425032142e-18	5.4919623346979856e-18
ASAN	cg25046651	ADHFE1	cg18672939	GFRA1	between_gene	128	0.6648793719099065	1.1448665126574889e-17	3.9773059008300776e-17
ASAN	cg25046651	ADHFE1	cg27034576	GFRA1	between_gene	128	0.7186126625160226	1.2992033643371818e-21	6.974529994970591e-21
ASAN	cg25046651	ADHFE1	cg18044663	GFRA1	between_gene	128	0.6228369346273576	4.1684347602142086e-15	1.1447838199367232e-14
ASAN	cg25046651	ADHFE1	cg15701178	UNC5C	between_gene	128	0.6980349295000915	5.338565461836384e-20	2.4265361132284193e-19
ASAN	cg25046651	ADHFE1	cg03008707	UNC5C	between_gene	128	0.7621085881706647	1.5079281555319424e-25	1.4000656789262767e-24
ASAN	cg25046651	ADHFE1	cg24870497	UNC5C	between_gene	0			
ASAN	cg25046651	ADHFE1	cg13265789	UNC5C	between_gene	128	0.800008011353232	9.817340121849218e-30	2.3075171511625774e-28
ASAN	cg25046651	ADHFE1	cg12584684	UNC5C	between_gene	128	0.6696003479216261	5.560067158489586e-18	2.0175542721139538e-17
ASAN	cg25046651	ADHFE1	cg08327106	RALYL	between_gene	0			
ASAN	cg25046651	ADHFE1	cg09757712	RALYL	between_gene	0			
ASAN	cg25046651	ADHFE1	cg11089595	RALYL	between_gene	128	0.6812225325032045	8.869036989513789e-19	3.55442665217227e-18
ASAN	cg25046651	ADHFE1	cg01134282	RALYL	between_gene	0			
ASAN	cg25046651	ADHFE1	cg06955749	RALYL	between_gene	128	0.5562969236403589	9.267528348484402e-12	2.033556052245232e-11
ASAN	cg25046651	ADHFE1	cg11666087	BEND5	between_gene	128	0.6765130012818166	1.8849532713566892e-18	7.22150232741498e-18
ASAN	cg25046651	ADHFE1	cg16573178	BEND5	between_gene	128	0.6256122962827321	2.902615367347592e-15	8.082095510576165e-15
ASAN	cg25046651	ADHFE1	cg06744574	BEND5	between_gene	128	0.7305266892510528	1.294392820944476e-22	7.799239884166602e-22
ASAN	cg25046651	ADHFE1	cg03603214	BEND5	between_gene	128	0.5582654275773667	7.558412339154784e-12	1.6697627258979537e-11
ASAN	cg01588438	ADHFE1	cg08090772	ADHFE1	within_gene	0			
ASAN	cg01588438	ADHFE1	cg09383816	ADHFE1	within_gene	128	0.9886868247573704	1.099673320410549e-105	1.7429822128507198e-103
ASAN	cg01588438	ADHFE1	cg20912169	ADHFE1	within_gene	128	0.977556766160044	4.316189017400287e-87	1.520257687239879e-85
ASAN	cg01588438	ADHFE1	cg18065361	ADHFE1	within_gene	128	0.987731184764695	1.7671240726903492e-103	1.8672611034761356e-101
ASAN	cg01588438	ADHFE1	cg04481096	HOXA2	between_gene	128	0.6792998077275224	1.208611206972481e-18	4.763242657086409e-18
ASAN	cg01588438	ADHFE1	cg19598584	HOXA2	between_gene	0			
ASAN	cg01588438	ADHFE1	cg09871315	HOXA2	between_gene	0			
ASAN	cg01588438	ADHFE1	cg13661519	HOXA2	between_gene	128	0.6924269822376854	1.3924324683954361e-19	6.08518644898441e-19
ASAN	cg01588438	ADHFE1	cg02803819	HOXA2	between_gene	128	0.7154882347555392	2.332680334469071e-21	1.2099330005228242e-20
ASAN	cg01588438	ADHFE1	cg03763508	HOXA2	between_gene	128	0.6098528199963376	2.1628961701971394e-14	5.6429961080443384e-14
ASAN	cg01588438	ADHFE1	cg00188704	HOXA2	between_gene	128	0.676993682475737	1.746463298686627e-18	6.740418263718062e-18
ASAN	cg01588438	ADHFE1	cg06786372	HOXA2	between_gene	128	0.7372047244094488	3.365257877542883e-23	2.184069105101836e-22
ASAN	cg01588438	ADHFE1	cg19236679	GFRA1	between_gene	128	0.6221674143929683	4.546299572668248e-15	1.2459344101986826e-14
ASAN	cg01588438	ADHFE1	cg06298519	GFRA1	between_gene	128	0.6687591558322651	6.329803898611713e-18	2.284157451103452e-17
ASAN	cg01588438	ADHFE1	cg19485539	GFRA1	between_gene	128	0.688318302508698	2.7723437397668984e-19	1.1799420582466293e-18
ASAN	cg01588438	ADHFE1	cg18672939	GFRA1	between_gene	128	0.6850508148690716	4.7553579754161955e-19	1.9662011026720848e-18
ASAN	cg01588438	ADHFE1	cg27034576	GFRA1	between_gene	128	0.7218915949459807	6.969657335057616e-22	3.844362787984211e-21
ASAN	cg01588438	ADHFE1	cg18044663	GFRA1	between_gene	128	0.6209828785936642	5.29798830288256e-15	1.4473771185571308e-14
ASAN	cg01588438	ADHFE1	cg15701178	UNC5C	between_gene	128	0.7077057773301593	9.692098671964407e-21	4.70012740430393e-20
ASAN	cg01588438	ADHFE1	cg03008707	UNC5C	between_gene	128	0.7675563083684306	4.226510222977808e-26	4.324300067352589e-25
ASAN	cg01588438	ADHFE1	cg24870497	UNC5C	between_gene	0			
ASAN	cg01588438	ADHFE1	cg13265789	UNC5C	between_gene	128	0.7802543032411646	1.896075365891397e-27	2.6036108576898184e-26
ASAN	cg01588438	ADHFE1	cg12584684	UNC5C	between_gene	128	0.6659437374107307	9.739406504899424e-18	3.401621361617484e-17
ASAN	cg01588438	ADHFE1	cg08327106	RALYL	between_gene	0			
ASAN	cg01588438	ADHFE1	cg09757712	RALYL	between_gene	0			
ASAN	cg01588438	ADHFE1	cg11089595	RALYL	between_gene	128	0.6776746475004577	1.567120037821141e-18	6.0933177029439e-18
ASAN	cg01588438	ADHFE1	cg01134282	RALYL	between_gene	0			
ASAN	cg01588438	ADHFE1	cg06955749	RALYL	between_gene	128	0.5546259842519684	1.1006795988214579e-11	2.3990585407896267e-11
ASAN	cg01588438	ADHFE1	cg11666087	BEND5	between_gene	128	0.6791739150338766	1.2332516568682869e-18	4.853021980044283e-18
ASAN	cg01588438	ADHFE1	cg16573178	BEND5	between_gene	128	0.640032732100348	4.17068868904224e-16	1.2379211364859163e-15
ASAN	cg01588438	ADHFE1	cg06744574	BEND5	between_gene	128	0.7283693462735762	1.9831442165993616e-22	1.1549159064972625e-21
ASAN	cg01588438	ADHFE1	cg03603214	BEND5	between_gene	128	0.5411726332173594	4.2486585815690873e-11	8.960994534610952e-11
ASAN	cg08090772	ADHFE1	cg09383816	ADHFE1	within_gene	0			
ASAN	cg08090772	ADHFE1	cg20912169	ADHFE1	within_gene	0			
ASAN	cg08090772	ADHFE1	cg18065361	ADHFE1	within_gene	0			
ASAN	cg08090772	ADHFE1	cg04481096	HOXA2	between_gene	0			
ASAN	cg08090772	ADHFE1	cg19598584	HOXA2	between_gene	0			
ASAN	cg08090772	ADHFE1	cg09871315	HOXA2	between_gene	0			
ASAN	cg08090772	ADHFE1	cg13661519	HOXA2	between_gene	0			
ASAN	cg08090772	ADHFE1	cg02803819	HOXA2	between_gene	0			
ASAN	cg08090772	ADHFE1	cg03763508	HOXA2	between_gene	0			
ASAN	cg08090772	ADHFE1	cg00188704	HOXA2	between_gene	0			
ASAN	cg08090772	ADHFE1	cg06786372	HOXA2	between_gene	0			
ASAN	cg08090772	ADHFE1	cg19236679	GFRA1	between_gene	0			
ASAN	cg08090772	ADHFE1	cg06298519	GFRA1	between_gene	0			
ASAN	cg08090772	ADHFE1	cg19485539	GFRA1	between_gene	0			
ASAN	cg08090772	ADHFE1	cg18672939	GFRA1	between_gene	0			
ASAN	cg08090772	ADHFE1	cg27034576	GFRA1	between_gene	0			
ASAN	cg08090772	ADHFE1	cg18044663	GFRA1	between_gene	0			
ASAN	cg08090772	ADHFE1	cg15701178	UNC5C	between_gene	0			
ASAN	cg08090772	ADHFE1	cg03008707	UNC5C	between_gene	0			
ASAN	cg08090772	ADHFE1	cg24870497	UNC5C	between_gene	0			
ASAN	cg08090772	ADHFE1	cg13265789	UNC5C	between_gene	0			
ASAN	cg08090772	ADHFE1	cg12584684	UNC5C	between_gene	0			
ASAN	cg08090772	ADHFE1	cg08327106	RALYL	between_gene	0			
ASAN	cg08090772	ADHFE1	cg09757712	RALYL	between_gene	0			
ASAN	cg08090772	ADHFE1	cg11089595	RALYL	between_gene	0			
ASAN	cg08090772	ADHFE1	cg01134282	RALYL	between_gene	0			
ASAN	cg08090772	ADHFE1	cg06955749	RALYL	between_gene	0			
ASAN	cg08090772	ADHFE1	cg11666087	BEND5	between_gene	0			
ASAN	cg08090772	ADHFE1	cg16573178	BEND5	between_gene	0			
ASAN	cg08090772	ADHFE1	cg06744574	BEND5	between_gene	0			
ASAN	cg08090772	ADHFE1	cg03603214	BEND5	between_gene	0			
ASAN	cg09383816	ADHFE1	cg20912169	ADHFE1	within_gene	128	0.9694939113715436	8.410564040419265e-79	1.904392000580648e-77
ASAN	cg09383816	ADHFE1	cg18065361	ADHFE1	within_gene	128	0.9886982695477018	1.0321036896951804e-105	1.7429822128507198e-103
ASAN	cg09383816	ADHFE1	cg04481096	HOXA2	between_gene	128	0.683751831166453	5.881600502858823e-19	2.3864845586249876e-18
ASAN	cg09383816	ADHFE1	cg19598584	HOXA2	between_gene	0			
ASAN	cg09383816	ADHFE1	cg09871315	HOXA2	between_gene	0			
ASAN	cg09383816	ADHFE1	cg13661519	HOXA2	between_gene	128	0.6910135506317524	1.7669310204695718e-19	7.644980153242312e-19
ASAN	cg09383816	ADHFE1	cg02803819	HOXA2	between_gene	128	0.7110247665262772	5.3102625484883604e-21	2.654113982568225e-20
ASAN	cg09383816	ADHFE1	cg03763508	HOXA2	between_gene	128	0.6014408991027285	6.041341855534347e-14	1.5228851112163392e-13
ASAN	cg09383816	ADHFE1	cg00188704	HOXA2	between_gene	128	0.67717679912104	1.6963591500451189e-18	6.5567422555077264e-18
ASAN	cg09383816	ADHFE1	cg06786372	HOXA2	between_gene	128	0.7371303332722944	3.416908253198263e-23	2.212087750023391e-22
ASAN	cg09383816	ADHFE1	cg19236679	GFRA1	between_gene	128	0.6293375755356161	1.7755221732961712e-15	5.007932270410498e-15
ASAN	cg09383816	ADHFE1	cg06298519	GFRA1	between_gene	128	0.6765187236769822	1.88324324741277e-18	7.22150232741498e-18
ASAN	cg09383816	ADHFE1	cg19485539	GFRA1	between_gene	128	0.6964097692730268	7.064231930477524e-20	3.1776863976923896e-19
ASAN	cg09383816	ADHFE1	cg18672939	GFRA1	between_gene	128	0.7020921076725875	2.6313240997795638e-20	1.2303090638575061e-19
ASAN	cg09383816	ADHFE1	cg27034576	GFRA1	between_gene	128	0.7301032320087895	1.4079142037631643e-22	8.386411318762777e-22
ASAN	cg09383816	ADHFE1	cg18044663	GFRA1	between_gene	128	0.6290571781724958	1.8428638034215937e-15	5.186657673276093e-15
ASAN	cg09383816	ADHFE1	cg15701178	UNC5C	between_gene	128	0.7207413935176707	8.680120001856151e-22	4.747679892000566e-21
ASAN	cg09383816	ADHFE1	cg03008707	UNC5C	between_gene	128	0.7818622962827321	1.2610675234559668e-27	1.8177487119870812e-26
ASAN	cg09383816	ADHFE1	cg24870497	UNC5C	between_gene	0			
ASAN	cg09383816	ADHFE1	cg13265789	UNC5C	between_gene	128	0.7925059512909722	7.749567365057523e-29	1.4866633276055208e-27
ASAN	cg09383816	ADHFE1	cg12584684	UNC5C	between_gene	128	0.6761410455960447	1.9994135422430064e-18	7.615284571842341e-18
ASAN	cg09383816	ADHFE1	cg08327106	RALYL	between_gene	0			
ASAN	cg09383816	ADHFE1	cg09757712	RALYL	between_gene	0			
ASAN	cg09383816	ADHFE1	cg11089595	RALYL	between_gene	128	0.6865672495879874	3.705184850914408e-19	1.5466923641657105e-18
ASAN	cg09383816	ADHFE1	cg01134282	RALYL	between_gene	0			
ASAN	cg09383816	ADHFE1	cg06955749	RALYL	between_gene	128	0.5729777055484344	1.5775148746406928e-12	3.658432273722283e-12
ASAN	cg09383816	ADHFE1	cg11666087	BEND5	between_gene	128	0.6885929774766526	2.6485468318209497e-19	1.130942501509142e-18
ASAN	cg09383816	ADHFE1	cg16573178	BEND5	between_gene	128	0.6522729353598242	7.398996934645893e-17	2.3398767275746833e-16
ASAN	cg09383816	ADHFE1	cg06744574	BEND5	between_gene	128	0.7386582127815418	2.4964412427919966e-23	1.6531003051889132e-22
ASAN	cg09383816	ADHFE1	cg03603214	BEND5	between_gene	128	0.56262017029848	4.7918193673731255e-12	1.0758912848086475e-11
ASAN	cg20912169	ADHFE1	cg18065361	ADHFE1	within_gene	128	0.9752163065372644	2.0787450089859684e-84	5.990565162259563e-83
ASAN	cg20912169	ADHFE1	cg04481096	HOXA2	between_gene	128	0.6670596044680461	8.214915244942962e-18	2.9041617715523287e-17
ASAN	cg20912169	ADHFE1	cg19598584	HOXA2	between_gene	0			
ASAN	cg20912169	ADHFE1	cg09871315	HOXA2	between_gene	0			
ASAN	cg20912169	ADHFE1	cg13661519	HOXA2	between_gene	128	0.679305530122688	1.2075026715245456e-18	4.763242657086409e-18
ASAN	cg20912169	ADHFE1	cg02803819	HOXA2	between_gene	128	0.7093652719282183	7.181658365715459e-21	3.548664143210536e-20
ASAN	cg20912169	ADHFE1	cg03763508	HOXA2	between_gene	128	0.6060016480498077	3.4745582979098976e-14	8.922364763038312e-14
ASAN	cg20912169	ADHFE1	cg00188704	HOXA2	between_gene	128	0.6679580205090643	7.158946007680204e-18	2.5620974120764953e-17
ASAN	cg20912169	ADHFE1	cg06786372	HOXA2	between_gene	128	0.7149903863761216	2.5588321275679825e-21	1.3193662096491831e-20
ASAN	cg20912169	ADHFE1	cg19236679	GFRA1	between_gene	128	0.6165422999450649	9.348596041891657e-15	2.4939148336702783e-14
ASAN	cg20912169	ADHFE1	cg06298519	GFRA1	between_gene	128	0.6574517029848013	3.474797159065125e-17	1.1360583694236731e-16
ASAN	cg20912169	ADHFE1	cg19485539	GFRA1	between_gene	128	0.6736632484892877	2.9546308078644562e-18	1.1043885068364419e-17
ASAN	cg20912169	ADHFE1	cg18672939	GFRA1	between_gene	128	0.665669062442776	1.0155045780849913e-17	3.5373183500984545e-17
ASAN	cg20912169	ADHFE1	cg27034576	GFRA1	between_gene	128	0.7113909998168834	4.966578403213723e-21	2.487102313624684e-20
ASAN	cg20912169	ADHFE1	cg18044663	GFRA1	between_gene	128	0.6118671030946713	1.6836336296786497e-14	4.4235650955000985e-14
ASAN	cg20912169	ADHFE1	cg15701178	UNC5C	between_gene	128	0.6947502746749679	9.385177432980692e-20	4.1927958771655187e-19
ASAN	cg20912169	ADHFE1	cg03008707	UNC5C	between_gene	128	0.756266022706464	5.683504194219292e-25	4.845837399581089e-24
ASAN	cg20912169	ADHFE1	cg24870497	UNC5C	between_gene	0			
ASAN	cg20912169	ADHFE1	cg13265789	UNC5C	between_gene	128	0.7695190899102728	2.650027334860435e-26	2.8335743101028176e-25
ASAN	cg20912169	ADHFE1	cg12584684	UNC5C	between_gene	128	0.6551913568943417	4.8415446214789656e-17	1.5633155838414136e-16
ASAN	cg20912169	ADHFE1	cg08327106	RALYL	between_gene	0			
ASAN	cg20912169	ADHFE1	cg09757712	RALYL	between_gene	0			
ASAN	cg20912169	ADHFE1	cg11089595	RALYL	between_gene	128	0.6713914576084966	4.212775941556073e-18	1.552419834960423e-17
ASAN	cg20912169	ADHFE1	cg01134282	RALYL	between_gene	0			
ASAN	cg20912169	ADHFE1	cg06955749	RALYL	between_gene	128	0.5391926844900201	5.157104275061327e-11	1.0798463124907707e-10
ASAN	cg20912169	ADHFE1	cg11666087	BEND5	between_gene	128	0.667614676799121	7.545872329312255e-18	2.6858364129844028e-17
ASAN	cg20912169	ADHFE1	cg16573178	BEND5	between_gene	128	0.6305106665445889	1.5188331523913745e-15	4.326021500643118e-15
ASAN	cg20912169	ADHFE1	cg06744574	BEND5	between_gene	128	0.7117343435268266	4.664162927424767e-21	2.3401540533944652e-20
ASAN	cg20912169	ADHFE1	cg03603214	BEND5	between_gene	128	0.5283487456509797	1.457960517726248e-10	3.0069715341879685e-10
ASAN	cg18065361	ADHFE1	cg04481096	HOXA2	between_gene	128	0.6841581212232192	5.503942601625344e-19	2.2402162632824528e-18
ASAN	cg18065361	ADHFE1	cg19598584	HOXA2	between_gene	0			
ASAN	cg18065361	ADHFE1	cg09871315	HOXA2	between_gene	0			
ASAN	cg18065361	ADHFE1	cg13661519	HOXA2	between_gene	128	0.6798091008972715	1.1137387919269977e-18	4.436251157461888e-18
ASAN	cg18065361	ADHFE1	cg02803819	HOXA2	between_gene	128	0.7039404413111151	1.8987965666130398e-20	8.958336785340725e-20
ASAN	cg18065361	ADHFE1	cg03763508	HOXA2	between_gene	128	0.6041990935726057	4.3281769636520445e-14	1.0973968608521072e-13
ASAN	cg18065361	ADHFE1	cg00188704	HOXA2	between_gene	128	0.6701382530672038	5.116534647643621e-18	1.861790640962651e-17
ASAN	cg18065361	ADHFE1	cg06786372	HOXA2	between_gene	128	0.7267098516755173	2.745877731339717e-22	1.5779724671950049e-21
ASAN	cg18065361	ADHFE1	cg19236679	GFRA1	between_gene	128	0.623197445522798	3.9778062734138355e-15	1.0958919289690284e-14
ASAN	cg18065361	ADHFE1	cg06298519	GFRA1	between_gene	128	0.6684444240981505	6.6437253246497395e-18	2.3875315939409325e-17
ASAN	cg18065361	ADHFE1	cg19485539	GFRA1	between_gene	128	0.6845243545138253	5.183866363401625e-19	2.1231879657951087e-18
ASAN	cg18065361	ADHFE1	cg18672939	GFRA1	between_gene	128	0.6871566562900567	3.3613169107967733e-19	1.412186122426535e-18
ASAN	cg18065361	ADHFE1	cg27034576	GFRA1	between_gene	128	0.7157800769089909	2.2093151622452192e-21	1.1482277406967683e-20
ASAN	cg18065361	ADHFE1	cg18044663	GFRA1	between_gene	128	0.6179099523896722	7.855974253570198e-15	2.110837984301199e-14
ASAN	cg18065361	ADHFE1	cg15701178	UNC5C	between_gene	128	0.6946987731184764	9.467996291466156e-20	4.222564499903453e-19
ASAN	cg18065361	ADHFE1	cg03008707	UNC5C	between_gene	128	0.7660455960446804	6.034879884268007e-26	5.98669263043925e-25
ASAN	cg18065361	ADHFE1	cg24870497	UNC5C	between_gene	0			
ASAN	cg18065361	ADHFE1	cg13265789	UNC5C	between_gene	128	0.7673331349569676	4.455607484554553e-26	4.505689894264663e-25
ASAN	cg18065361	ADHFE1	cg12584684	UNC5C	between_gene	128	0.6534002472074711	6.284413810801062e-17	2.004405334031781e-16
ASAN	cg18065361	ADHFE1	cg08327106	RALYL	between_gene	0			
ASAN	cg18065361	ADHFE1	cg09757712	RALYL	between_gene	0			
ASAN	cg18065361	ADHFE1	cg11089595	RALYL	between_gene	128	0.6756260300311299	2.169152157678119e-18	8.22124643394686e-18
ASAN	cg18065361	ADHFE1	cg01134282	RALYL	between_gene	0			
ASAN	cg18065361	ADHFE1	cg06955749	RALYL	between_gene	128	0.5598161966672771	6.430948187737892e-12	1.4303788424388883e-11
ASAN	cg18065361	ADHFE1	cg11666087	BEND5	between_gene	128	0.6764271653543307	1.910786077801809e-18	7.309737356282872e-18
ASAN	cg18065361	ADHFE1	cg16573178	BEND5	between_gene	128	0.6373603735579564	6.02159169097535e-16	1.7711761805811377e-15
ASAN	cg18065361	ADHFE1	cg06744574	BEND5	between_gene	128	0.7235339223585423	5.0849222084494185e-22	2.8469017257177108e-21
ASAN	cg18065361	ADHFE1	cg03603214	BEND5	between_gene	128	0.5465688518586339	2.4893873203269642e-11	5.310557251621464e-11
ASAN	cg04481096	HOXA2	cg19598584	HOXA2	within_gene	0			
ASAN	cg04481096	HOXA2	cg09871315	HOXA2	within_gene	0			
ASAN	cg04481096	HOXA2	cg13661519	HOXA2	within_gene	128	0.7527181377037173	1.2493264505091443e-24	2.5716654857883033e-24
ASAN	cg04481096	HOXA2	cg02803819	HOXA2	within_gene	128	0.7441574345357992	7.919902045231565e-24	1.6093647104733374e-23
ASAN	cg04481096	HOXA2	cg03763508	HOXA2	within_gene	128	0.771504761032778	1.644764262017577e-26	3.475935140397147e-26
ASAN	cg04481096	HOXA2	cg00188704	HOXA2	within_gene	128	0.8024514740889946	4.9144197278617984e-30	1.1454934218619045e-29
ASAN	cg04481096	HOXA2	cg06786372	HOXA2	within_gene	128	0.7624805438564365	1.383999580139875e-25	2.867502398067584e-25
ASAN	cg04481096	HOXA2	cg19236679	GFRA1	between_gene	128	0.5118110236220472	6.638620905406066e-10	1.3384978317004967e-09
ASAN	cg04481096	HOXA2	cg06298519	GFRA1	between_gene	128	0.525865226149057	1.840272248685744e-10	3.777553341322664e-10
ASAN	cg04481096	HOXA2	cg19485539	GFRA1	between_gene	128	0.5523770829518403	1.385297131820216e-11	2.994399516917103e-11
ASAN	cg04481096	HOXA2	cg18672939	GFRA1	between_gene	128	0.486237639626442	5.933063635168161e-09	1.1762433908931406e-08
ASAN	cg04481096	HOXA2	cg27034576	GFRA1	between_gene	128	0.5787973814319721	8.305592403474024e-13	1.961021772005767e-12
ASAN	cg04481096	HOXA2	cg18044663	GFRA1	between_gene	128	0.4245330525544771	5.906943185123202e-07	1.151809773541587e-06
ASAN	cg04481096	HOXA2	cg15701178	UNC5C	between_gene	128	0.5331498351950192	9.244679128754134e-11	1.9172788431573555e-10
ASAN	cg04481096	HOXA2	cg03008707	UNC5C	between_gene	128	0.5605715528291522	5.942534457776128e-12	1.3251343931912749e-11
ASAN	cg04481096	HOXA2	cg24870497	UNC5C	between_gene	0			
ASAN	cg04481096	HOXA2	cg13265789	UNC5C	between_gene	128	0.5576016297381432	8.097476257044894e-12	1.7843171921140312e-11
ASAN	cg04481096	HOXA2	cg12584684	UNC5C	between_gene	128	0.5202801684673137	3.085724030780313e-10	6.279761307570855e-10
ASAN	cg04481096	HOXA2	cg08327106	RALYL	between_gene	0			
ASAN	cg04481096	HOXA2	cg09757712	RALYL	between_gene	0			
ASAN	cg04481096	HOXA2	cg11089595	RALYL	between_gene	128	0.4981459439663065	2.188183079178366e-09	4.364655698452872e-09
ASAN	cg04481096	HOXA2	cg01134282	RALYL	between_gene	0			
ASAN	cg04481096	HOXA2	cg06955749	RALYL	between_gene	128	0.4208020509064273	7.585291110455417e-07	1.4757661824890517e-06
ASAN	cg04481096	HOXA2	cg11666087	BEND5	between_gene	128	0.4803893517670756	9.550761069813516e-09	1.8891535732481775e-08
ASAN	cg04481096	HOXA2	cg16573178	BEND5	between_gene	128	0.4455914667643288	1.3593888883481018e-07	2.664647340120359e-07
ASAN	cg04481096	HOXA2	cg06744574	BEND5	between_gene	128	0.5132530672038088	5.835369681174868e-10	1.180192209161646e-09
ASAN	cg04481096	HOXA2	cg03603214	BEND5	between_gene	128	0.3028978209119208	0.0005102992418241	0.0009640627964657
ASAN	cg19598584	HOXA2	cg09871315	HOXA2	within_gene	0			
ASAN	cg19598584	HOXA2	cg13661519	HOXA2	within_gene	0			
ASAN	cg19598584	HOXA2	cg02803819	HOXA2	within_gene	0			
ASAN	cg19598584	HOXA2	cg03763508	HOXA2	within_gene	0			
ASAN	cg19598584	HOXA2	cg00188704	HOXA2	within_gene	0			
ASAN	cg19598584	HOXA2	cg06786372	HOXA2	within_gene	0			
ASAN	cg19598584	HOXA2	cg19236679	GFRA1	between_gene	0			
ASAN	cg19598584	HOXA2	cg06298519	GFRA1	between_gene	0			
ASAN	cg19598584	HOXA2	cg19485539	GFRA1	between_gene	0			
ASAN	cg19598584	HOXA2	cg18672939	GFRA1	between_gene	0			
ASAN	cg19598584	HOXA2	cg27034576	GFRA1	between_gene	0			
ASAN	cg19598584	HOXA2	cg18044663	GFRA1	between_gene	0			
ASAN	cg19598584	HOXA2	cg15701178	UNC5C	between_gene	0			
ASAN	cg19598584	HOXA2	cg03008707	UNC5C	between_gene	0			
ASAN	cg19598584	HOXA2	cg24870497	UNC5C	between_gene	0			
ASAN	cg19598584	HOXA2	cg13265789	UNC5C	between_gene	0			
ASAN	cg19598584	HOXA2	cg12584684	UNC5C	between_gene	0			
ASAN	cg19598584	HOXA2	cg08327106	RALYL	between_gene	0			
ASAN	cg19598584	HOXA2	cg09757712	RALYL	between_gene	0			
ASAN	cg19598584	HOXA2	cg11089595	RALYL	between_gene	0			
ASAN	cg19598584	HOXA2	cg01134282	RALYL	between_gene	0			
ASAN	cg19598584	HOXA2	cg06955749	RALYL	between_gene	0			
ASAN	cg19598584	HOXA2	cg11666087	BEND5	between_gene	0			
ASAN	cg19598584	HOXA2	cg16573178	BEND5	between_gene	0			
ASAN	cg19598584	HOXA2	cg06744574	BEND5	between_gene	0			
ASAN	cg19598584	HOXA2	cg03603214	BEND5	between_gene	0			
ASAN	cg09871315	HOXA2	cg13661519	HOXA2	within_gene	0			
ASAN	cg09871315	HOXA2	cg02803819	HOXA2	within_gene	0			
ASAN	cg09871315	HOXA2	cg03763508	HOXA2	within_gene	0			
ASAN	cg09871315	HOXA2	cg00188704	HOXA2	within_gene	0			
ASAN	cg09871315	HOXA2	cg06786372	HOXA2	within_gene	0			
ASAN	cg09871315	HOXA2	cg19236679	GFRA1	between_gene	0			
ASAN	cg09871315	HOXA2	cg06298519	GFRA1	between_gene	0			
ASAN	cg09871315	HOXA2	cg19485539	GFRA1	between_gene	0			
ASAN	cg09871315	HOXA2	cg18672939	GFRA1	between_gene	0			
ASAN	cg09871315	HOXA2	cg27034576	GFRA1	between_gene	0			
ASAN	cg09871315	HOXA2	cg18044663	GFRA1	between_gene	0			
ASAN	cg09871315	HOXA2	cg15701178	UNC5C	between_gene	0			
ASAN	cg09871315	HOXA2	cg03008707	UNC5C	between_gene	0			
ASAN	cg09871315	HOXA2	cg24870497	UNC5C	between_gene	0			
ASAN	cg09871315	HOXA2	cg13265789	UNC5C	between_gene	0			
ASAN	cg09871315	HOXA2	cg12584684	UNC5C	between_gene	0			
ASAN	cg09871315	HOXA2	cg08327106	RALYL	between_gene	0			
ASAN	cg09871315	HOXA2	cg09757712	RALYL	between_gene	0			
ASAN	cg09871315	HOXA2	cg11089595	RALYL	between_gene	0			
ASAN	cg09871315	HOXA2	cg01134282	RALYL	between_gene	0			
ASAN	cg09871315	HOXA2	cg06955749	RALYL	between_gene	0			
ASAN	cg09871315	HOXA2	cg11666087	BEND5	between_gene	0			
ASAN	cg09871315	HOXA2	cg16573178	BEND5	between_gene	0			
ASAN	cg09871315	HOXA2	cg06744574	BEND5	between_gene	0			
ASAN	cg09871315	HOXA2	cg03603214	BEND5	between_gene	0			
ASAN	cg13661519	HOXA2	cg02803819	HOXA2	within_gene	128	0.9705983336385277	8.526262122869082e-80	2.0790962253457684e-78
ASAN	cg13661519	HOXA2	cg03763508	HOXA2	within_gene	128	0.8907365867057316	5.648453954154747e-45	2.38741320462274e-44
ASAN	cg13661519	HOXA2	cg00188704	HOXA2	within_gene	128	0.9522752243178904	8.644379567573384e-67	1.0961073291683052e-65
ASAN	cg13661519	HOXA2	cg06786372	HOXA2	within_gene	128	0.9419463010437648	1.4343826251953309e-61	1.1658956209921022e-60
ASAN	cg13661519	HOXA2	cg19236679	GFRA1	between_gene	128	0.5770634956967587	1.0068179190421217e-12	2.3664756313341397e-12
ASAN	cg13661519	HOXA2	cg06298519	GFRA1	between_gene	128	0.6269398919611792	2.4380627846984748e-15	6.817691109623066e-15
ASAN	cg13661519	HOXA2	cg19485539	GFRA1	between_gene	128	0.6576062076542758	3.3965474308890056e-17	1.1118685379158615e-16
ASAN	cg13661519	HOXA2	cg18672939	GFRA1	between_gene	128	0.5964338033327229	1.0978046060130245e-13	2.727783063893315e-13
ASAN	cg13661519	HOXA2	cg27034576	GFRA1	between_gene	128	0.6451943325398278	2.0307428680745231e-16	6.18227321214286e-16
ASAN	cg13661519	HOXA2	cg18044663	GFRA1	between_gene	128	0.5741622413477384	1.3858309644570905e-12	3.236914043212666e-12
ASAN	cg13661519	HOXA2	cg15701178	UNC5C	between_gene	128	0.6151517579197948	1.114762008447604e-14	2.96172513242342e-14
ASAN	cg13661519	HOXA2	cg03008707	UNC5C	between_gene	128	0.6690567203808826	6.046331209420885e-18	2.187916522243979e-17
ASAN	cg13661519	HOXA2	cg24870497	UNC5C	between_gene	0			
ASAN	cg13661519	HOXA2	cg13265789	UNC5C	between_gene	128	0.6931251144479033	1.2372582074570841e-19	5.425221282782406e-19
ASAN	cg13661519	HOXA2	cg12584684	UNC5C	between_gene	128	0.5990889946896173	8.008195975437326e-14	2.003200699896067e-13
ASAN	cg13661519	HOXA2	cg08327106	RALYL	between_gene	0			
ASAN	cg13661519	HOXA2	cg09757712	RALYL	between_gene	0			
ASAN	cg13661519	HOXA2	cg11089595	RALYL	between_gene	128	0.5884567844717085	2.78364483841085e-13	6.737040244354274e-13
ASAN	cg13661519	HOXA2	cg01134282	RALYL	between_gene	0			
ASAN	cg13661519	HOXA2	cg06955749	RALYL	between_gene	128	0.4783350119025819	1.1265527249302752e-08	2.22664852980537e-08
ASAN	cg13661519	HOXA2	cg11666087	BEND5	between_gene	128	0.549206876030031	1.910228085831262e-11	4.098507463761318e-11
ASAN	cg13661519	HOXA2	cg16573178	BEND5	between_gene	128	0.5096079014832448	8.075046279834186e-10	1.6230967445367786e-09
ASAN	cg13661519	HOXA2	cg06744574	BEND5	between_gene	128	0.5337907434535799	8.694491952637279e-11	1.8046085524606728e-10
ASAN	cg13661519	HOXA2	cg03603214	BEND5	between_gene	128	0.3946392602087529	4.0355682171838665e-06	7.764599910496097e-06
ASAN	cg02803819	HOXA2	cg03763508	HOXA2	within_gene	128	0.8922530214246476	2.4589617667908498e-45	1.0677957261269852e-44
ASAN	cg02803819	HOXA2	cg00188704	HOXA2	within_gene	128	0.940487090276506	6.546071463195079e-61	5.1877616345821e-60
ASAN	cg02803819	HOXA2	cg06786372	HOXA2	within_gene	128	0.9537115455044862	1.3186396854987747e-67	1.9000399104686891e-66
ASAN	cg02803819	HOXA2	cg19236679	GFRA1	between_gene	128	0.6048800585973265	3.984130881510487e-14	1.0160896842483737e-13
ASAN	cg02803819	HOXA2	cg06298519	GFRA1	between_gene	128	0.6418867881340413	3.2256882531970787e-16	9.695645913123477e-16
ASAN	cg02803819	HOXA2	cg19485539	GFRA1	between_gene	128	0.6757805347006043	2.1168071811722193e-18	8.038937315397845e-18
ASAN	cg02803819	HOXA2	cg18672939	GFRA1	between_gene	128	0.6174349935909174	8.345981463929371e-15	2.2355919547630113e-14
ASAN	cg02803819	HOXA2	cg27034576	GFRA1	between_gene	128	0.6724615455044863	3.565893668375844e-18	1.3196335575592308e-17
ASAN	cg02803819	HOXA2	cg18044663	GFRA1	between_gene	128	0.6014237319172313	6.053833639157391e-14	1.5245610004403122e-13
ASAN	cg02803819	HOXA2	cg15701178	UNC5C	between_gene	128	0.6297953671488737	1.6706886985129964e-15	4.73785523306566e-15
ASAN	cg02803819	HOXA2	cg03008707	UNC5C	between_gene	128	0.6871452114997253	3.3676874636198074e-19	1.4125878766212342e-18
ASAN	cg02803819	HOXA2	cg24870497	UNC5C	between_gene	0			
ASAN	cg02803819	HOXA2	cg13265789	UNC5C	between_gene	128	0.7213765793810657	7.6903921991826055e-22	4.2240491047720875e-21
ASAN	cg02803819	HOXA2	cg12584684	UNC5C	between_gene	128	0.6075753067203808	2.8649413489574734e-14	7.393305617636052e-14
ASAN	cg02803819	HOXA2	cg08327106	RALYL	between_gene	0			
ASAN	cg02803819	HOXA2	cg09757712	RALYL	between_gene	0			
ASAN	cg02803819	HOXA2	cg11089595	RALYL	between_gene	128	0.6098127632301776	2.1736582241109003e-14	5.665408897807531e-14
ASAN	cg02803819	HOXA2	cg01134282	RALYL	between_gene	0			
ASAN	cg02803819	HOXA2	cg06955749	RALYL	between_gene	128	0.4923548800585973	3.571242853683766e-09	7.101655949131818e-09
ASAN	cg02803819	HOXA2	cg11666087	BEND5	between_gene	128	0.5980932979307818	9.016828924140591e-14	2.253343550103717e-13
ASAN	cg02803819	HOXA2	cg16573178	BEND5	between_gene	128	0.5515530580479765	1.5064505067096633e-11	3.2455238414578956e-11
ASAN	cg02803819	HOXA2	cg06744574	BEND5	between_gene	128	0.580027696392602	7.240449209716179e-13	1.7126320932139176e-12
ASAN	cg02803819	HOXA2	cg03603214	BEND5	between_gene	128	0.4331910364402123	3.2677854757883996e-07	6.40063986961857e-07
ASAN	cg03763508	HOXA2	cg00188704	HOXA2	within_gene	128	0.9174372825489836	2.8609157213452266e-52	1.679463488271179e-51
ASAN	cg03763508	HOXA2	cg06786372	HOXA2	within_gene	128	0.8979296374290422	9.753590316046934e-47	4.5468943090983506e-46
ASAN	cg03763508	HOXA2	cg19236679	GFRA1	between_gene	128	0.534729216260758	7.945541229872382e-11	1.6504711041988092e-10
ASAN	cg03763508	HOXA2	cg06298519	GFRA1	between_gene	128	0.5380882622230361	5.742620816730595e-11	1.2014833769727447e-10
ASAN	cg03763508	HOXA2	cg19485539	GFRA1	between_gene	128	0.5679934993590917	2.705629321790728e-12	6.175841557788285e-12
ASAN	cg03763508	HOXA2	cg18672939	GFRA1	between_gene	128	0.5497333363852774	1.8113960040420023e-11	3.889656110737107e-11
ASAN	cg03763508	HOXA2	cg27034576	GFRA1	between_gene	128	0.6055324116462186	3.679537325370432e-14	9.439442361741849e-14
ASAN	cg03763508	HOXA2	cg18044663	GFRA1	between_gene	128	0.4905122688152353	4.165639939049239e-09	8.264756350554726e-09
ASAN	cg03763508	HOXA2	cg15701178	UNC5C	between_gene	128	0.5921591741439297	1.8131885346471362e-13	4.4502435436447587e-13
ASAN	cg03763508	HOXA2	cg03008707	UNC5C	between_gene	128	0.62376968503937	3.692502662780454e-15	1.0216054556939772e-14
ASAN	cg03763508	HOXA2	cg24870497	UNC5C	between_gene	0			
ASAN	cg03763508	HOXA2	cg13265789	UNC5C	between_gene	128	0.641852453763047	3.241124530225519e-16	9.73083302572886e-16
ASAN	cg03763508	HOXA2	cg12584684	UNC5C	between_gene	128	0.6092748580845999	2.3233162046254273e-14	6.037382448075437e-14
ASAN	cg03763508	HOXA2	cg08327106	RALYL	between_gene	0			
ASAN	cg03763508	HOXA2	cg09757712	RALYL	between_gene	0			
ASAN	cg03763508	HOXA2	cg11089595	RALYL	between_gene	128	0.5144547701886101	5.23833971955814e-10	1.0602659680626216e-09
ASAN	cg03763508	HOXA2	cg01134282	RALYL	between_gene	0			
ASAN	cg03763508	HOXA2	cg06955749	RALYL	between_gene	128	0.4804580205090642	9.498011838249896e-09	1.8801451355078897e-08
ASAN	cg03763508	HOXA2	cg11666087	BEND5	between_gene	128	0.5532640542025269	1.2654303080498938e-11	2.74439540623622e-11
ASAN	cg03763508	HOXA2	cg16573178	BEND5	between_gene	128	0.5113303424281267	6.929305384825845e-10	1.3949504435964991e-09
ASAN	cg03763508	HOXA2	cg06744574	BEND5	between_gene	128	0.5436103735579564	3.341063750095644e-11	7.075353347402219e-11
ASAN	cg03763508	HOXA2	cg03603214	BEND5	between_gene	128	0.3765221571140816	1.1846777530670777e-05	2.2676626982773335e-05
ASAN	cg00188704	HOXA2	cg06786372	HOXA2	within_gene	128	0.9448475553927852	6.215779136526552e-63	5.970915109936112e-62
ASAN	cg00188704	HOXA2	cg19236679	GFRA1	between_gene	128	0.5394444698773118	5.031930014031403e-11	1.0553300166083543e-10
ASAN	cg00188704	HOXA2	cg06298519	GFRA1	between_gene	128	0.5888687969236402	2.6546851969108065e-13	6.442859236037484e-13
ASAN	cg00188704	HOXA2	cg19485539	GFRA1	between_gene	128	0.6229284929500092	4.119196190445179e-15	1.1324534099969938e-14
ASAN	cg00188704	HOXA2	cg18672939	GFRA1	between_gene	128	0.5968057590184948	1.050534644895837e-13	2.617807916459636e-13
ASAN	cg00188704	HOXA2	cg27034576	GFRA1	between_gene	128	0.6287882255997069	1.9097878122550968e-15	5.369220260962875e-15
ASAN	cg00188704	HOXA2	cg18044663	GFRA1	between_gene	128	0.5460595586888849	2.6192711836664655e-11	5.583070684792327e-11
ASAN	cg00188704	HOXA2	cg15701178	UNC5C	between_gene	128	0.6232890038454495	3.9307591187648175e-15	1.0852222794558107e-14
ASAN	cg00188704	HOXA2	cg03008707	UNC5C	between_gene	128	0.6403074070683025	4.015360915716708e-16	1.195899158573618e-15
ASAN	cg00188704	HOXA2	cg24870497	UNC5C	between_gene	0			
ASAN	cg00188704	HOXA2	cg13265789	UNC5C	between_gene	128	0.6793226973081852	1.2041830121753238e-18	4.7601719375233635e-18
ASAN	cg00188704	HOXA2	cg12584684	UNC5C	between_gene	128	0.590493957150705	2.200238443050567e-13	5.369899062599559e-13
ASAN	cg00188704	HOXA2	cg08327106	RALYL	between_gene	0			
ASAN	cg00188704	HOXA2	cg09757712	RALYL	between_gene	0			
ASAN	cg00188704	HOXA2	cg11089595	RALYL	between_gene	128	0.5806342702801685	6.765299051162242e-13	1.603148521751343e-12
ASAN	cg00188704	HOXA2	cg01134282	RALYL	between_gene	0			
ASAN	cg00188704	HOXA2	cg06955749	RALYL	between_gene	128	0.475588262223036	1.4024953890974826e-08	2.7699549357723936e-08
ASAN	cg00188704	HOXA2	cg11666087	BEND5	between_gene	128	0.5547347097601172	1.0884615653965768e-11	2.374411558628486e-11
ASAN	cg00188704	HOXA2	cg16573178	BEND5	between_gene	128	0.5178824848928767	3.8413333408344636e-10	7.793187158815796e-10
ASAN	cg00188704	HOXA2	cg06744574	BEND5	between_gene	128	0.5420195477018862	3.9091983753729015e-11	8.251697865168205e-11
ASAN	cg00188704	HOXA2	cg03603214	BEND5	between_gene	128	0.4210710034792163	7.45051994510386e-07	1.450627353490744e-06
ASAN	cg06786372	HOXA2	cg19236679	GFRA1	between_gene	128	0.5803252609412196	7.003448638551473e-13	1.658075998001887e-12
ASAN	cg06786372	HOXA2	cg06298519	GFRA1	between_gene	128	0.6270371726789965	2.4070238339185473e-15	6.738117148812758e-15
ASAN	cg06786372	HOXA2	cg19485539	GFRA1	between_gene	128	0.6598093297930782	2.4510731592891104e-17	8.198525477673447e-17
ASAN	cg06786372	HOXA2	cg18672939	GFRA1	between_gene	128	0.6230257736678263	4.067499971354066e-15	1.1194206144791941e-14
ASAN	cg06786372	HOXA2	cg27034576	GFRA1	between_gene	128	0.6769421809192455	1.760813224941674e-18	6.785763225809196e-18
ASAN	cg06786372	HOXA2	cg18044663	GFRA1	between_gene	128	0.5732352133308918	1.5337743218166353e-12	3.563327876776137e-12
ASAN	cg06786372	HOXA2	cg15701178	UNC5C	between_gene	128	0.6637406152719282	1.3600923427036685e-17	4.6937578334839555e-17
ASAN	cg06786372	HOXA2	cg03008707	UNC5C	between_gene	128	0.6993224684123787	4.270473666293055e-20	1.9546782097120316e-19
ASAN	cg06786372	HOXA2	cg24870497	UNC5C	between_gene	0			
ASAN	cg06786372	HOXA2	cg13265789	UNC5C	between_gene	128	0.7393677897820912	2.1562120418083786e-23	1.438761436592854e-22
ASAN	cg06786372	HOXA2	cg12584684	UNC5C	between_gene	128	0.6408109778428858	3.745089050909275e-16	1.1192368079979724e-15
ASAN	cg06786372	HOXA2	cg08327106	RALYL	between_gene	0			
ASAN	cg06786372	HOXA2	cg09757712	RALYL	between_gene	0			
ASAN	cg06786372	HOXA2	cg11089595	RALYL	between_gene	128	0.5909174143929683	2.0948248071454866e-13	5.117413784496792e-13
ASAN	cg06786372	HOXA2	cg01134282	RALYL	between_gene	0			
ASAN	cg06786372	HOXA2	cg06955749	RALYL	between_gene	128	0.4921202618568028	3.6421256110180643e-09	7.237094987925462e-09
ASAN	cg06786372	HOXA2	cg11666087	BEND5	between_gene	128	0.6044737685405602	4.186063646085764e-14	1.0644678413876958e-13
ASAN	cg06786372	HOXA2	cg16573178	BEND5	between_gene	128	0.5592554019410364	6.818467615550619e-12	1.5127025517832963e-11
ASAN	cg06786372	HOXA2	cg06744574	BEND5	between_gene	128	0.5964566929133858	1.0948370137162024e-13	2.7230026394524045e-13
ASAN	cg06786372	HOXA2	cg03603214	BEND5	between_gene	128	0.4715310840505402	1.931627654498453e-08	3.8034841891218595e-08
ASAN	cg19236679	GFRA1	cg06298519	GFRA1	within_gene	128	0.8809570133675151	9.123762192352322e-43	3.28662797156328e-42
ASAN	cg19236679	GFRA1	cg19485539	GFRA1	within_gene	128	0.8814033601904413	7.305838997706801e-43	2.6620126003138573e-42
ASAN	cg19236679	GFRA1	cg18672939	GFRA1	within_gene	128	0.8676581670023805	4.678355560342212e-40	1.5289058893077124e-39
ASAN	cg19236679	GFRA1	cg27034576	GFRA1	within_gene	128	0.9106047427211132	3.4470124572492308e-50	1.7913163097508294e-49
ASAN	cg19236679	GFRA1	cg18044663	GFRA1	within_gene	128	0.8923674693279618	2.308204853809261e-45	1.0162513036910217e-44
ASAN	cg19236679	GFRA1	cg15701178	UNC5C	between_gene	128	0.7069847555392785	1.1033204826926236e-20	5.330672480268621e-20
ASAN	cg19236679	GFRA1	cg03008707	UNC5C	between_gene	128	0.7992583775865226	1.2115981461940223e-29	2.772859266158073e-28
ASAN	cg19236679	GFRA1	cg24870497	UNC5C	between_gene	0			
ASAN	cg19236679	GFRA1	cg13265789	UNC5C	between_gene	128	0.7744346273576268	8.06520953438086e-27	9.393808783571278e-26
ASAN	cg19236679	GFRA1	cg12584684	UNC5C	between_gene	128	0.7762028474638345	5.218857091566631e-27	6.274653526219971e-26
ASAN	cg19236679	GFRA1	cg08327106	RALYL	between_gene	0			
ASAN	cg19236679	GFRA1	cg09757712	RALYL	between_gene	0			
ASAN	cg19236679	GFRA1	cg11089595	RALYL	between_gene	128	0.7192535707745833	1.1511005601680945e-21	6.1922089927392944e-21
ASAN	cg19236679	GFRA1	cg01134282	RALYL	between_gene	0			
ASAN	cg19236679	GFRA1	cg06955749	RALYL	between_gene	128	0.6766331715802966	1.8493587651505787e-18	7.106004445180942e-18
ASAN	cg19236679	GFRA1	cg11666087	BEND5	between_gene	128	0.7259373283281451	3.192408892667025e-22	1.8225371555729257e-21
ASAN	cg19236679	GFRA1	cg16573178	BEND5	between_gene	128	0.7231276323017761	5.498570940613248e-22	3.0653358085598218e-21
ASAN	cg19236679	GFRA1	cg06744574	BEND5	between_gene	128	0.7389614997253249	2.345038424974e-23	1.556795229200297e-22
ASAN	cg19236679	GFRA1	cg03603214	BEND5	between_gene	128	0.6411485991576633	3.573889708247873e-16	1.0705256313224688e-15
ASAN	cg06298519	GFRA1	cg19485539	GFRA1	within_gene	128	0.9730017396081304	4.2635713084053e-82	1.1262934206370667e-80
ASAN	cg06298519	GFRA1	cg18672939	GFRA1	within_gene	128	0.885649377403406	8.428890078653155e-44	3.2987137715222837e-43
ASAN	cg06298519	GFRA1	cg27034576	GFRA1	within_gene	128	0.8845106207654276	1.5167404247602032e-43	5.723889460106958e-43
ASAN	cg06298519	GFRA1	cg18044663	GFRA1	within_gene	128	0.906353003112983	5.6206120674325215e-49	2.7839594146501707e-48
ASAN	cg06298519	GFRA1	cg15701178	UNC5C	between_gene	128	0.7374507874015747	3.1997947023092186e-23	2.09229683667287e-22
ASAN	cg06298519	GFRA1	cg03008707	UNC5C	between_gene	128	0.8126087255081487	2.4868488982245334e-31	8.874747195261948e-30
ASAN	cg06298519	GFRA1	cg24870497	UNC5C	between_gene	0			
ASAN	cg06298519	GFRA1	cg13265789	UNC5C	between_gene	128	0.7914587529756454	1.0270391523394208e-28	1.913960820323963e-27
ASAN	cg06298519	GFRA1	cg12584684	UNC5C	between_gene	128	0.7538626167368613	9.704397942744803e-25	7.814436491549754e-24
ASAN	cg06298519	GFRA1	cg08327106	RALYL	between_gene	0			
ASAN	cg06298519	GFRA1	cg09757712	RALYL	between_gene	0			
ASAN	cg06298519	GFRA1	cg11089595	RALYL	between_gene	128	0.7483519501922725	3.2342520688199462e-24	2.350463411574161e-23
ASAN	cg06298519	GFRA1	cg01134282	RALYL	between_gene	0			
ASAN	cg06298519	GFRA1	cg06955749	RALYL	between_gene	128	0.6629795367148874	1.525414368898981e-17	5.2023608999443676e-17
ASAN	cg06298519	GFRA1	cg11666087	BEND5	between_gene	128	0.7160833638527742	2.0878696792630932e-21	1.0916336659714247e-20
ASAN	cg06298519	GFRA1	cg16573178	BEND5	between_gene	128	0.713279390221571	3.511587080049954e-21	1.778976833368996e-20
ASAN	cg06298519	GFRA1	cg06744574	BEND5	between_gene	128	0.7408727797106757	1.5777860219397968e-23	1.069206163958683e-22
ASAN	cg06298519	GFRA1	cg03603214	BEND5	between_gene	128	0.6738234755539277	2.8812808251539033e-18	1.0800663323026629e-17
ASAN	cg19485539	GFRA1	cg18672939	GFRA1	within_gene	128	0.8849455227980223	1.2127979911560406e-43	4.688499551176401e-43
ASAN	cg19485539	GFRA1	cg27034576	GFRA1	within_gene	128	0.9161955227980224	7.043716589759631e-52	3.8497554464720743e-51
ASAN	cg19485539	GFRA1	cg18044663	GFRA1	within_gene	128	0.9016949734480864	1.0308642514841445e-47	4.877372652544385e-47
ASAN	cg19485539	GFRA1	cg15701178	UNC5C	between_gene	128	0.7637051364219007	1.0423937533844038e-25	1.0011841362719996e-24
ASAN	cg19485539	GFRA1	cg03008707	UNC5C	between_gene	128	0.823658670573155	7.821766339765897e-33	3.6441050679373615e-31
ASAN	cg19485539	GFRA1	cg24870497	UNC5C	between_gene	0			
ASAN	cg19485539	GFRA1	cg13265789	UNC5C	between_gene	128	0.8281049716169199	1.8152082136385885e-33	1.0076336658261867e-31
ASAN	cg19485539	GFRA1	cg12584684	UNC5C	between_gene	128	0.7794360007324664	2.3303343855945648e-27	3.086214422343259e-26
ASAN	cg19485539	GFRA1	cg08327106	RALYL	between_gene	0			
ASAN	cg19485539	GFRA1	cg09757712	RALYL	between_gene	0			
ASAN	cg19485539	GFRA1	cg11089595	RALYL	between_gene	128	0.7435966398095586	8.91552770664126e-24	6.186332921975279e-23
ASAN	cg19485539	GFRA1	cg01134282	RALYL	between_gene	0			
ASAN	cg19485539	GFRA1	cg06955749	RALYL	between_gene	128	0.656639122871269	3.916136340093628e-17	1.2755555195136423e-16
ASAN	cg19485539	GFRA1	cg11666087	BEND5	between_gene	128	0.7303664621864128	1.3362534430599961e-22	7.9960670480356175e-22
ASAN	cg19485539	GFRA1	cg16573178	BEND5	between_gene	128	0.7158945248123054	2.162696913994045e-21	1.1262427641937052e-20
ASAN	cg19485539	GFRA1	cg06744574	BEND5	between_gene	128	0.7439743178904962	8.232411906033195e-24	5.742877717337061e-23
ASAN	cg19485539	GFRA1	cg03603214	BEND5	between_gene	128	0.6739722578282366	2.8147619458216554e-18	1.057599422815577e-17
ASAN	cg18672939	GFRA1	cg27034576	GFRA1	within_gene	128	0.9142613532320089	2.788457046110277e-51	1.4732348060282632e-50
ASAN	cg18672939	GFRA1	cg18044663	GFRA1	within_gene	128	0.9247047244094488	1.0854822633920359e-54	7.022405663168885e-54
ASAN	cg18672939	GFRA1	cg15701178	UNC5C	between_gene	128	0.7629211682841971	1.2500489828663364e-25	1.1816586218472e-24
ASAN	cg18672939	GFRA1	cg03008707	UNC5C	between_gene	128	0.8510517762314594	4.6585445072026295e-37	5.284409834474635e-35
ASAN	cg18672939	GFRA1	cg24870497	UNC5C	between_gene	0			
ASAN	cg18672939	GFRA1	cg13265789	UNC5C	between_gene	128	0.8348745650979673	1.8083873846007063e-34	1.2416007069534852e-32
ASAN	cg18672939	GFRA1	cg12584684	UNC5C	between_gene	128	0.7863429316974913	3.97359340634577e-28	6.479440748222572e-27
ASAN	cg18672939	GFRA1	cg08327106	RALYL	between_gene	0			
ASAN	cg18672939	GFRA1	cg09757712	RALYL	between_gene	0			
ASAN	cg18672939	GFRA1	cg11089595	RALYL	between_gene	128	0.7871497894158579	3.217985555243354e-28	5.5204029194163725e-27
ASAN	cg18672939	GFRA1	cg01134282	RALYL	between_gene	0			
ASAN	cg18672939	GFRA1	cg06955749	RALYL	between_gene	128	0.7341604101812854	6.250410698342136e-23	3.8734730432243784e-22
ASAN	cg18672939	GFRA1	cg11666087	BEND5	between_gene	128	0.7686778978209119	3.238770179063542e-26	3.4210329543225828e-25
ASAN	cg18672939	GFRA1	cg16573178	BEND5	between_gene	128	0.782331532686321	1.118844527051399e-27	1.6491894751848024e-26
ASAN	cg18672939	GFRA1	cg06744574	BEND5	between_gene	128	0.8072640084233658	1.2220832586638485e-30	3.7510767315929176e-29
ASAN	cg18672939	GFRA1	cg03603214	BEND5	between_gene	128	0.7356940120856986	4.5805322006644315e-23	2.876087766673912e-22
ASAN	cg27034576	GFRA1	cg18044663	GFRA1	within_gene	128	0.8783819355429409	3.232035678755654e-42	1.1258849562258705e-41
ASAN	cg27034576	GFRA1	cg15701178	UNC5C	between_gene	128	0.8074242354880058	1.1659693814100628e-30	3.6214453763081594e-29
ASAN	cg27034576	GFRA1	cg03008707	UNC5C	between_gene	128	0.8549658945248122	9.89661394204982e-38	1.4344592097115546e-35
ASAN	cg27034576	GFRA1	cg24870497	UNC5C	between_gene	0			
ASAN	cg27034576	GFRA1	cg13265789	UNC5C	between_gene	128	0.8773061252517853	5.4360695478220036e-42	7.091352725133803e-39
ASAN	cg27034576	GFRA1	cg12584684	UNC5C	between_gene	128	0.8557670298480131	7.167210153878223e-38	1.2996974343456683e-35
ASAN	cg27034576	GFRA1	cg08327106	RALYL	between_gene	0			
ASAN	cg27034576	GFRA1	cg09757712	RALYL	between_gene	0			
ASAN	cg27034576	GFRA1	cg11089595	RALYL	between_gene	128	0.771911051089544	1.4909455803031203e-26	1.6552668166003578e-25
ASAN	cg27034576	GFRA1	cg01134282	RALYL	between_gene	0			
ASAN	cg27034576	GFRA1	cg06955749	RALYL	between_gene	128	0.712913156930965	3.7566127748412416e-21	1.8994191336358135e-20
ASAN	cg27034576	GFRA1	cg11666087	BEND5	between_gene	128	0.8097303607397912	5.898485731043023e-31	1.9236436590364058e-29
ASAN	cg27034576	GFRA1	cg16573178	BEND5	between_gene	128	0.7918307086614171	9.294458131127573e-29	1.7445497312310676e-27
ASAN	cg27034576	GFRA1	cg06744574	BEND5	between_gene	128	0.8175643197216628	5.425959666729199e-32	2.177896733922535e-30
ASAN	cg27034576	GFRA1	cg03603214	BEND5	between_gene	128	0.6973024629188793	6.058272941523241e-20	2.7441031431309263e-19
ASAN	cg18044663	GFRA1	cg15701178	UNC5C	between_gene	128	0.7008160135506318	3.2913111646592975e-20	1.52794142857582e-19
ASAN	cg18044663	GFRA1	cg03008707	UNC5C	between_gene	128	0.8145657846548251	1.3705845022571572e-31	5.0364154456182016e-30
ASAN	cg18044663	GFRA1	cg24870497	UNC5C	between_gene	0			
ASAN	cg18044663	GFRA1	cg13265789	UNC5C	between_gene	128	0.7993499359091741	1.1809194964733412e-29	2.726565456901723e-28
ASAN	cg18044663	GFRA1	cg12584684	UNC5C	between_gene	128	0.7291876487822743	1.6876478246961641e-22	9.894546459847846e-22
ASAN	cg18044663	GFRA1	cg08327106	RALYL	between_gene	0			
ASAN	cg18044663	GFRA1	cg09757712	RALYL	between_gene	0			
ASAN	cg18044663	GFRA1	cg11089595	RALYL	between_gene	128	0.7324551364219007	8.808875650103233e-23	5.382284911269165e-22
ASAN	cg18044663	GFRA1	cg01134282	RALYL	between_gene	0			
ASAN	cg18044663	GFRA1	cg06955749	RALYL	between_gene	128	0.6750595129097234	2.3721042315961364e-18	8.943381416523585e-18
ASAN	cg18044663	GFRA1	cg11666087	BEND5	between_gene	128	0.7281862296282732	2.0558907255293476e-22	1.1946144549902157e-21
ASAN	cg18044663	GFRA1	cg16573178	BEND5	between_gene	128	0.736523759384728	3.868008012323816e-23	2.461373879061667e-22
ASAN	cg18044663	GFRA1	cg06744574	BEND5	between_gene	128	0.7644433253982788	8.779378339064579e-26	8.483480772822033e-25
ASAN	cg18044663	GFRA1	cg03603214	BEND5	between_gene	128	0.7044611792711958	1.731253341980454e-20	8.212436307685463e-20
ASAN	cg15701178	UNC5C	cg03008707	UNC5C	within_gene	128	0.8385826771653543	4.889054369825557e-35	1.37153118162363e-34
ASAN	cg15701178	UNC5C	cg24870497	UNC5C	within_gene	0			
ASAN	cg15701178	UNC5C	cg13265789	UNC5C	within_gene	128	0.8916464475370811	3.4345257087641614e-45	1.4712765536192421e-44
ASAN	cg15701178	UNC5C	cg12584684	UNC5C	within_gene	128	0.886530626258927	5.326704967956793e-44	2.110706843552879e-43
ASAN	cg15701178	UNC5C	cg08327106	RALYL	between_gene	0			
ASAN	cg15701178	UNC5C	cg09757712	RALYL	between_gene	0			
ASAN	cg15701178	UNC5C	cg11089595	RALYL	between_gene	128	0.6741382072880424	2.7423339872519465e-18	1.0324313669177965e-17
ASAN	cg15701178	UNC5C	cg01134282	RALYL	between_gene	0			
ASAN	cg15701178	UNC5C	cg06955749	RALYL	between_gene	128	0.663231322102179	1.4686633834094264e-17	5.0351416127663505e-17
ASAN	cg15701178	UNC5C	cg11666087	BEND5	between_gene	128	0.7774274400292988	3.851591319061531e-27	4.878059102636667e-26
ASAN	cg15701178	UNC5C	cg16573178	BEND5	between_gene	128	0.7645291613257645	8.605485359241273e-26	8.346361078907241e-25
ASAN	cg15701178	UNC5C	cg06744574	BEND5	between_gene	128	0.7485694012085697	3.086037328308948e-24	2.268020109734661e-23
ASAN	cg15701178	UNC5C	cg03603214	BEND5	between_gene	128	0.6831280900933895	6.511066607748428e-19	2.6215081450024152e-18
ASAN	cg03008707	UNC5C	cg24870497	UNC5C	within_gene	0			
ASAN	cg03008707	UNC5C	cg13265789	UNC5C	within_gene	128	0.8933917780626258	1.3060565495465717e-45	5.914570374375189e-45
ASAN	cg03008707	UNC5C	cg12584684	UNC5C	within_gene	128	0.811246795458707	3.7491127023639894e-31	9.072280356102173e-31
ASAN	cg03008707	UNC5C	cg08327106	RALYL	between_gene	0			
ASAN	cg03008707	UNC5C	cg09757712	RALYL	between_gene	0			
ASAN	cg03008707	UNC5C	cg11089595	RALYL	between_gene	128	0.7664232741256181	5.52212477691216e-26	5.498940283573979e-25
ASAN	cg03008707	UNC5C	cg01134282	RALYL	between_gene	0			
ASAN	cg03008707	UNC5C	cg06955749	RALYL	between_gene	128	0.7066013550631752	1.1818464536051851e-20	5.699514597885264e-20
ASAN	cg03008707	UNC5C	cg11666087	BEND5	between_gene	128	0.8303824848928768	8.450662033718621e-34	5.010858464993609e-32
ASAN	cg03008707	UNC5C	cg16573178	BEND5	between_gene	128	0.8235556674601721	8.087037893930093e-33	3.701593309695371e-31
ASAN	cg03008707	UNC5C	cg06744574	BEND5	between_gene	128	0.85550379967039	7.970547700088422e-38	1.2996974343456683e-35
ASAN	cg03008707	UNC5C	cg03603214	BEND5	between_gene	128	0.716352316425563	1.985647070250236e-21	1.042364830238001e-20
ASAN	cg24870497	UNC5C	cg13265789	UNC5C	within_gene	0			
ASAN	cg24870497	UNC5C	cg12584684	UNC5C	within_gene	0			
ASAN	cg24870497	UNC5C	cg08327106	RALYL	between_gene	0			
ASAN	cg24870497	UNC5C	cg09757712	RALYL	between_gene	0			
ASAN	cg24870497	UNC5C	cg11089595	RALYL	between_gene	0			
ASAN	cg24870497	UNC5C	cg01134282	RALYL	between_gene	0			
ASAN	cg24870497	UNC5C	cg06955749	RALYL	between_gene	0			
ASAN	cg24870497	UNC5C	cg11666087	BEND5	between_gene	0			
ASAN	cg24870497	UNC5C	cg16573178	BEND5	between_gene	0			
ASAN	cg24870497	UNC5C	cg06744574	BEND5	between_gene	0			
ASAN	cg24870497	UNC5C	cg03603214	BEND5	between_gene	0			
ASAN	cg13265789	UNC5C	cg12584684	UNC5C	within_gene	128	0.8750972807178171	1.557162966992905e-41	5.307749038029581e-41
ASAN	cg13265789	UNC5C	cg08327106	RALYL	between_gene	0			
ASAN	cg13265789	UNC5C	cg09757712	RALYL	between_gene	0			
ASAN	cg13265789	UNC5C	cg11089595	RALYL	between_gene	128	0.779098379417689	2.536642141285768e-27	3.325678063625411e-26
ASAN	cg13265789	UNC5C	cg01134282	RALYL	between_gene	0			
ASAN	cg13265789	UNC5C	cg06955749	RALYL	between_gene	128	0.7138001281816516	3.189874623242232e-21	1.6350457548210184e-20
ASAN	cg13265789	UNC5C	cg11666087	BEND5	between_gene	128	0.8358416498809741	1.2897448890506958e-34	9.094444366306124e-33
ASAN	cg13265789	UNC5C	cg16573178	BEND5	between_gene	128	0.8044543123969968	2.766884934006951e-30	7.679577439174612e-29
ASAN	cg13265789	UNC5C	cg06744574	BEND5	between_gene	128	0.8201508423365683	2.406345608814212e-32	1.057804198694274e-30
ASAN	cg13265789	UNC5C	cg03603214	BEND5	between_gene	128	0.7256054294085332	3.4053671539898133e-22	1.935643334370245e-21
ASAN	cg12584684	UNC5C	cg08327106	RALYL	between_gene	0			
ASAN	cg12584684	UNC5C	cg09757712	RALYL	between_gene	0			
ASAN	cg12584684	UNC5C	cg11089595	RALYL	between_gene	128	0.7201748763962643	9.667109000833473e-22	5.25447653816136e-21
ASAN	cg12584684	UNC5C	cg01134282	RALYL	between_gene	0			
ASAN	cg12584684	UNC5C	cg06955749	RALYL	between_gene	128	0.7081120673869254	9.007972842938644e-21	4.39286002751905e-20
ASAN	cg12584684	UNC5C	cg11666087	BEND5	between_gene	128	0.7581143563449917	3.7504810278552486e-25	3.2293745880113344e-24
ASAN	cg12584684	UNC5C	cg16573178	BEND5	between_gene	128	0.7620914209851676	1.5139028010681032e-25	1.4006285134704544e-24
ASAN	cg12584684	UNC5C	cg06744574	BEND5	between_gene	128	0.7495135964109136	2.515929607020391e-24	1.8971272672590179e-23
ASAN	cg12584684	UNC5C	cg03603214	BEND5	between_gene	128	0.6680896355978758	7.015811526024104e-18	2.514320366950122e-17
ASAN	cg08327106	RALYL	cg09757712	RALYL	within_gene	0			
ASAN	cg08327106	RALYL	cg11089595	RALYL	within_gene	0			
ASAN	cg08327106	RALYL	cg01134282	RALYL	within_gene	0			
ASAN	cg08327106	RALYL	cg06955749	RALYL	within_gene	0			
ASAN	cg08327106	RALYL	cg11666087	BEND5	between_gene	0			
ASAN	cg08327106	RALYL	cg16573178	BEND5	between_gene	0			
ASAN	cg08327106	RALYL	cg06744574	BEND5	between_gene	0			
ASAN	cg08327106	RALYL	cg03603214	BEND5	between_gene	0			
ASAN	cg09757712	RALYL	cg11089595	RALYL	within_gene	0			
ASAN	cg09757712	RALYL	cg01134282	RALYL	within_gene	0			
ASAN	cg09757712	RALYL	cg06955749	RALYL	within_gene	0			
ASAN	cg09757712	RALYL	cg11666087	BEND5	between_gene	0			
ASAN	cg09757712	RALYL	cg16573178	BEND5	between_gene	0			
ASAN	cg09757712	RALYL	cg06744574	BEND5	between_gene	0			
ASAN	cg09757712	RALYL	cg03603214	BEND5	between_gene	0			
ASAN	cg11089595	RALYL	cg01134282	RALYL	within_gene	0			
ASAN	cg11089595	RALYL	cg06955749	RALYL	within_gene	128	0.7960824482695477	2.9254370500680245e-29	6.76907696986543e-29
ASAN	cg11089595	RALYL	cg11666087	BEND5	between_gene	128	0.7161062534334371	2.0789734144816012e-21	1.0891649876270073e-20
ASAN	cg11089595	RALYL	cg16573178	BEND5	between_gene	128	0.7202549899285845	9.521152789675216e-22	5.1859473127896946e-21
ASAN	cg11089595	RALYL	cg06744574	BEND5	between_gene	128	0.7399514740889946	1.9107138350540672e-23	1.284807318468057e-22
ASAN	cg11089595	RALYL	cg03603214	BEND5	between_gene	128	0.675620307635964	2.1711149072400867e-18	8.22124643394686e-18
ASAN	cg01134282	RALYL	cg06955749	RALYL	within_gene	0			
ASAN	cg01134282	RALYL	cg11666087	BEND5	between_gene	0			
ASAN	cg01134282	RALYL	cg16573178	BEND5	between_gene	0			
ASAN	cg01134282	RALYL	cg06744574	BEND5	between_gene	0			
ASAN	cg01134282	RALYL	cg03603214	BEND5	between_gene	0			
ASAN	cg06955749	RALYL	cg11666087	BEND5	between_gene	128	0.720918787767808	8.391828755217634e-22	4.5996389122610944e-21
ASAN	cg06955749	RALYL	cg16573178	BEND5	between_gene	128	0.7250045779161325	3.8267643272541043e-22	2.165732783038169e-21
ASAN	cg06955749	RALYL	cg06744574	BEND5	between_gene	128	0.7365981505218824	3.809698471060004e-23	2.436152772302831e-22
ASAN	cg06955749	RALYL	cg03603214	BEND5	between_gene	128	0.716352316425563	1.985647070250236e-21	1.042364830238001e-20
ASAN	cg11666087	BEND5	cg16573178	BEND5	within_gene	128	0.9580433986449368	3.093353029168862e-70	5.161015317086996e-69
ASAN	cg11666087	BEND5	cg06744574	BEND5	within_gene	128	0.9353598242080206	1.0164319813600989e-58	7.671641383122651e-58
ASAN	cg11666087	BEND5	cg03603214	BEND5	within_gene	128	0.8442192364035891	6.275412260947071e-36	1.8250510887341485e-35
ASAN	cg16573178	BEND5	cg06744574	BEND5	within_gene	128	0.9150682109503754	1.5769493912512634e-51	8.47276198350255e-51
ASAN	cg16573178	BEND5	cg03603214	BEND5	within_gene	128	0.865186092290789	1.3849484598631756e-39	4.4346329472386535e-39
ASAN	cg06744574	BEND5	cg03603214	BEND5	within_gene	128	0.8189033601904413	3.5675524880885985e-32	8.904835737984926e-32
