set_id	independent_balanced_rho	source_mean_delta	target_mean_delta
BG00001	0.5161915171214062	0.19136530095664528	0.16635087936185966
BG00002	0.5628748168833546	0.17390145050872235	0.1486920875932252
BG00003	0.5640278795092475	0.1734353050370562	0.14806928186049748
BG00004	0.5720707059146677	0.19160875044415387	0.1662623532126979
BG00005	0.580522683574437	0.18034227414948853	0.15796950785925915
BG00006	0.6397151391686506	0.20117748349764994	0.17480452635062987
BG00007	0.5365432155282917	0.18286065265509135	0.1579137105075189
BG00008	0.5951090688518588	0.20259009148266313	0.171163598889024
BG00009	0.5249496429225415	0.15667554778958814	0.14013809895584078
BG00010	0.6265021287310018	0.19003360505392955	0.16743543362812813
BG00011	0.5506918375755357	0.16123269685592295	0.13669909221521975
BG00012	0.6308110922907892	0.1790322390185261	0.14890139272008024
BG00013	0.5284832219373741	0.1788888438094096	0.15327812963253454
BG00014	0.4889901117011538	0.16789840835713635	0.1479484547768376
BG00015	0.6254749587987548	0.2004748864167778	0.17755040466799848
BG00016	0.6279241439296834	0.16892702690411027	0.14575022484452574
BG00017	0.552482947262406	0.15991381690005757	0.14067781852931974
BG00018	0.6010775270097053	0.1757334989869072	0.15222690835309258
BG00019	0.5813695980589635	0.18801106046810756	0.15754047362372436
BG00020	0.5448092153451749	0.1673820580042979	0.14622770678049563
BG00021	0.5311927760483428	0.16450593353583226	0.1416270323331907
BG00022	0.6076382530672038	0.1800338712309798	0.1559623986913207
BG00023	0.5302571644387475	0.16438149204145855	0.14403417185972783
BG00024	0.5502426295550267	0.18558912634851626	0.1614344971933459
BG00025	0.5416847875846913	0.16951665358510057	0.14776051166262333
BG00026	0.43881042849295004	0.17983781196205437	0.1575319753848235
BG00027	0.5819561435634498	0.18086637373851178	0.1543511696495547
BG00028	0.6431199642922543	0.17706181738091414	0.15180995154007998
BG00029	0.548697582860282	0.18112394337914112	0.15656802730674468
BG00030	0.5820763138619302	0.18105106669032217	0.159141047084697
BG00031	0.5208924647500459	0.15529627187015357	0.13144428928725244
BG00032	0.6547106757004211	0.1988490111739821	0.17228652578552134
BG00033	0.47043524537630466	0.18080331166243063	0.16148377944752718
BG00034	0.5800935039370081	0.17609142360912616	0.15234280711167097
BG00035	0.5229096090459624	0.17142626046627035	0.15110591148953073
BG00036	0.6099644067020692	0.17184453742915146	0.15815365817477478
BG00037	0.5068239562351218	0.16720102219011615	0.14039629440242768
BG00038	0.48231779893792337	0.15391455669574677	0.1330672218293328
BG00039	0.630974180553012	0.20059109236977296	0.1726060460808462
BG00040	0.5579878914118294	0.1731017608457621	0.1504507154349667
BG00041	0.5658046832082038	0.17739366351309066	0.15523309010609287
BG00042	0.6010775270097053	0.1860996661811996	0.15657506564908968
BG00043	0.6067598654092655	0.18838369611160982	0.16245049845657583
BG00044	0.4890616416407253	0.1625275345591199	0.13997752451608975
BG00045	0.5170870719648417	0.16987125130210343	0.14920570317843548
BG00046	0.5711951794543124	0.17530118976034595	0.14888350023550184
BG00047	0.5474329335286579	0.17192216171134445	0.15131464344455614
BG00048	0.5893637841054751	0.19723327104977728	0.1671389972389798
BG00049	0.5875812580113533	0.17738115959479128	0.15359249970995004
BG00050	0.615417849295001	0.1883887280507756	0.1594078060978144
BG00051	0.5970976011719464	0.17090202359123477	0.14631393343606705
BG00052	0.5201142190075078	0.1781326222622857	0.1552186987357771
BG00053	0.5250583684306904	0.15669486545178332	0.1323094384871852
BG00054	0.5145119941402673	0.16160814954564356	0.14021571681046135
BG00055	0.5769490477934442	0.1812228885429154	0.16206243830501035
BG00056	0.5151986815601541	0.1704051503612803	0.14556954780968576
BG00057	0.542042437282549	0.1750284215293118	0.15331964316283572
BG00058	0.6150373100164805	0.1809321886581477	0.15954343701265436
BG00059	0.5709577000549352	0.1926106791827324	0.16371979010677992
BG00060	0.5990060199597145	0.17746439156142996	0.15193101097724188
BG00061	0.4985350668375756	0.16408649023860614	0.14231404400382625
BG00062	0.6085395303058048	0.185419685354899	0.15826873186597643
BG00063	0.5935783281450286	0.1887242568843065	0.1591027410576204
BG00064	0.5308322651529024	0.1644910846321339	0.1400548365278987
BG00065	0.5829861746932797	0.18557104238906819	0.15962018880966633
BG00066	0.596797175425746	0.17847492624914296	0.1563650319353905
BG00067	0.4524669245559422	0.1700605893150926	0.14605157248927192
BG00068	0.552039461637063	0.17565156881837404	0.15208394684129173
BG00069	0.48650086980406515	0.16827706226431938	0.14117864199150384
BG00070	0.5896699322468413	0.1647305851547527	0.14278670184066303
BG00071	0.5496990020142831	0.1946154938067996	0.1664239952525041
BG00072	0.5250812580113532	0.18959419087015367	0.15889295501264525
BG00073	0.5551123878410549	0.1805342564576595	0.15168230991375498
BG00074	0.48913031038271376	0.18049205706125077	0.15691237193288396
BG00075	0.6306422816334007	0.18886749214621432	0.16123849344691293
BG00076	0.498260391869621	0.18580497743184293	0.15555952799576783
BG00077	0.4971903039736314	0.1891566787735587	0.16268534346036584
BG00078	0.574376831166453	0.17742365539591104	0.15462878270883834
BG00079	0.517733702618568	0.17312497719762562	0.1526711177713611
BG00080	0.5865483656839408	0.1774171181334309	0.1617772648617853
BG00081	0.4258778154184215	0.17000606022233494	0.14484363741058798
BG00082	0.6113120307635963	0.18725450036427838	0.16493744545831635
BG00083	0.5205605658304341	0.1744581270554677	0.14755003932609329
BG00084	0.5626831166453029	0.17618406488983854	0.1537398851581952
BG00085	0.5567890496246108	0.1657770576472583	0.13898198255925825
BG00086	0.5689405557590185	0.17639950353090778	0.15345905930684295
BG00087	0.539607558139535	0.1825455376062513	0.15524323032528575
BG00088	0.5824539919428677	0.18020529761406007	0.15540583339964695
BG00089	0.5722938793261306	0.18005271925379773	0.1546228149288466
BG00090	0.5119311939205273	0.1652622012309432	0.13798846010139557
BG00091	0.5548777696392602	0.17893984100055887	0.15611691465299687
BG00092	0.5577847463834463	0.16558850604237907	0.1394499123878079
BG00093	0.5433242537996702	0.16739073412984437	0.14435543905577367
BG00094	0.6200415445889036	0.1856957138180525	0.160028773582285
BG00095	0.521012635048526	0.18852279320765805	0.16518880179009093
BG00096	0.5133675151071233	0.1612671811031994	0.14117381493709064
BG00097	0.5574528474638345	0.19306755584805033	0.15993794558715632
BG00098	0.5375703854605385	0.1896451208924069	0.16494005723576882
BG00099	0.5116164621864127	0.18060230104315603	0.1549642022114388
BG00100	0.5311012177256912	0.16425111300958734	0.1416346209106859
BG00101	0.5758875434902031	0.16965798478702446	0.14821200779446655
BG00102	0.5646888161508881	0.16802303918569578	0.14372405011896267
BG00103	0.5562654504669474	0.19443401781694863	0.16618963292124564
BG00104	0.5874868384911189	0.16878810658834592	0.14527888240815018
BG00105	0.5756700924739059	0.1818626098359471	0.15785709296457448
BG00106	0.5718446713056217	0.16415195522073786	0.14321326535621495
BG00107	0.6158470289324298	0.17063609836678853	0.14547844376029723
BG00108	0.5900561939205273	0.18075673808249026	0.15870741106491765
BG00109	0.5449579976194834	0.19321363807781855	0.1660246733309648
BG00110	0.5955153589086248	0.18822956799356944	0.1634728189629767
BG00111	0.5616044451565647	0.16410925629568174	0.1436351111921718
BG00112	0.47593732832814506	0.1637376379429984	0.14029441023551226
BG00113	0.6148255813953485	0.19205582448135355	0.16696277977792748
BG00114	0.5250583684306904	0.156808419135597	0.13549745666121393
BG00115	0.5263630745284746	0.19124069662716284	0.16272582042111247
BG00116	0.5756987044497341	0.1757805460385457	0.15649489152008228
BG00117	0.5590293673319907	0.17639786793527606	0.1488122821035218
BG00118	0.6313432750412011	0.19105476218020326	0.16585130579330704
BG00119	0.6249141640725142	0.19407189022507323	0.172388928140606
BG00120	0.5331555575901851	0.1628999778717929	0.1404470065816932
BG00121	0.6097955960446801	0.18543140728567334	0.16331505146546782
BG00122	0.5171099615455046	0.16680532940809517	0.1416519939638911
BG00123	0.5540051043764878	0.19496723229010993	0.1693939203981966
BG00124	0.540365775498993	0.19488655618026093	0.1637215609357498
BG00125	0.46505905511811013	0.15531948884720698	0.13658669043288835
BG00126	0.4944034975279253	0.17419379193184342	0.1428250088912027
BG00127	0.5703310977842887	0.17146096024893	0.14989706436822678
BG00128	0.5935411325764515	0.17896488153467305	0.15778693943901637
BG00129	0.6004566471342246	0.1673669303638176	0.1473552912842716
BG00130	0.5443027833730087	0.1644919028958273	0.1384774453358731
BG00131	0.6094579747299029	0.18713971922587982	0.15713992472365018
BG00132	0.5954638573521336	0.1938061948225473	0.17089843092502166
BG00133	0.5229725553927852	0.20697213100725026	0.1756366328459294
BG00134	0.632150132759568	0.1770336247027015	0.15686585048374818
BG00135	0.5932321232375024	0.18778033141260156	0.1635861184568141
BG00136	0.512328900384545	0.165379565542464	0.1401575120015926
BG00137	0.5407520371726791	0.1688998806993945	0.1442173900887812
BG00138	0.5444343984618204	0.1712383978674834	0.14814146558830385
BG00139	0.5924653222852956	0.17534064850536443	0.15598211831339914
BG00140	0.555450009155832	0.17922485945093428	0.1551764337567184
BG00141	0.4741033006775317	0.16527865799368452	0.14312126835305838
BG00142	0.5837730040285664	0.19752586763423777	0.1731404737391578
BG00143	0.4027078373924189	0.15713196406597676	0.13045761578968554
BG00144	0.6346622642373193	0.18382196981046695	0.15439410519005453
BG00145	0.5663111151803696	0.1602374574499905	0.14219757608927036
BG00146	0.6186366965757188	0.20535353335882567	0.1779568274567172
BG00147	0.5277164209851677	0.16611384120078193	0.14557503061358334
BG00148	0.5547289873649512	0.1710148538889546	0.14441240115641904
BG00149	0.6148799441494233	0.18645511781567892	0.16451697555850062
BG00150	0.5251127311847648	0.1772319130216225	0.1503378677650101
BG00151	0.5825369666727707	0.1796444128809879	0.14982493826385024
BG00152	0.5826313861930048	0.18445530492336176	0.15442814187402432
BG00153	0.512961225050357	0.1518059751449278	0.1370110293394432
BG00154	0.45051558780443157	0.1625244266551243	0.14176854602600794
BG00155	0.5713153497527927	0.16719610958180925	0.14562726642875887
BG00156	0.615641022706464	0.17955619325153632	0.1556898229380235
BG00157	0.5600593984618201	0.1986453017545532	0.1744436007221905
BG00158	0.5680049441494233	0.18546935241870638	0.15864194187043917
BG00159	0.48065830433986456	0.16069405017231125	0.13704192551901734
BG00160	0.47586007599340785	0.15864398484100956	0.13739828905956122
BG00161	0.6137125755356163	0.15622353293244215	0.1382724881116443
BG00162	0.5595873008606481	0.17370319896583492	0.1558562746024367
BG00163	0.555435703167918	0.18381538356765	0.1553657613088383
BG00164	0.505733839956052	0.16202722071195474	0.1369218619704606
BG00165	0.5414616141732285	0.1678044153493899	0.14855219772007255
BG00166	0.5877586522614904	0.18359542188051042	0.160935331206084
BG00167	0.5704054889214429	0.17640593265654864	0.1530727042294918
BG00168	0.5591066196667278	0.19263309566685377	0.16663721920900287
BG00169	0.5012017029848013	0.16323852674781567	0.14306475221235898
BG00170	0.48718469602636894	0.16645026254971473	0.14475283603892522
BG00171	0.5065492812671671	0.17005065747294706	0.1489146678397504
BG00172	0.5432069446987731	0.17966196110247853	0.15383059600504484
BG00173	0.5748975691265334	0.18677370281323571	0.16194307281245074
BG00174	0.5783825077824576	0.16951325433480616	0.14661599616345716
BG00175	0.44135117194652995	0.17408240096379732	0.1532376925043019
BG00176	0.5586659952389672	0.179905087022964	0.15245415567276277
BG00177	0.5716586934627358	0.17276325244348834	0.14754907548811633
BG00178	0.5712037630470611	0.16974132031097147	0.14828891542522257
BG00179	0.5042660455960448	0.19445290415667316	0.16343361945264484
BG00180	0.5829718687053651	0.17416336075951366	0.1541586925770185
BG00181	0.5769175746200332	0.17941846933494143	0.15803778014137881
BG00182	0.6113950054934995	0.1844984907638909	0.15537429083159635
BG00183	0.5800563083684307	0.16468946651729552	0.14322241242576225
BG00184	0.6312145211499727	0.1945968300266139	0.16617892223740272
BG00185	0.5581767304522982	0.18385273131403104	0.15732067527400764
BG00186	0.5813810428492951	0.18041470961293343	0.15438133813476823
BG00187	0.557012223036074	0.19635634279329534	0.16381411157643602
BG00188	0.6088256500640908	0.17849256703783353	0.16360503448971125
BG00189	0.544525956784472	0.1712473254220486	0.15016500039111103
BG00190	0.5307206784471707	0.16831319179277365	0.14432106610624232
BG00191	0.572170847830068	0.18713087148583113	0.15980952103817075
BG00192	0.5593097646951108	0.1598718027942946	0.14486865910110364
BG00193	0.5664913706280901	0.1799196270865868	0.1613491984744988
BG00194	0.5528177073796006	0.16611433014977844	0.14014426063220553
BG00195	0.44008080021973994	0.16112782988847807	0.13779782634380422
BG00196	0.5800763367515109	0.17742890389376642	0.15188119287082522
BG00197	0.5188152353048894	0.1848476172692994	0.1609350710697794
BG00198	0.5158453122138802	0.16765206290948556	0.14587208504862312
BG00199	0.5628805392785206	0.18523925202903319	0.15778677757017218
BG00200	0.6143763733748399	0.18016240660229355	0.15685852779148993
BG00201	0.4769301638893976	0.1625618901220312	0.13819977883650664
BG00202	0.5476875801135324	0.1669251517904516	0.14926335747462555
BG00203	0.5307292620399195	0.1756166449314113	0.15216059048159794
BG00204	0.5232500915583228	0.17043573153509145	0.1475484572817486
BG00205	0.610719762863944	0.20078843816651148	0.17633289919972964
BG00206	0.42867892785204165	0.16192965180611127	0.13831482215702953
BG00207	0.5064033601904412	0.18340762711033473	0.1554511680173939
BG00208	0.5726486678264056	0.18060090648263322	0.15718104120653406
BG00209	0.6089744323383992	0.16622579534040965	0.14540669789177602
BG00210	0.5783653405969602	0.17950299140268436	0.15385768843560607
BG00211	0.5070871864127451	0.1751507210506676	0.14927460337236442
BG00212	0.4275172816334004	0.15300168179426876	0.12642875757519262
BG00213	0.671262703717268	0.19064444481874554	0.16594157346217875
BG00214	0.6210200741622414	0.19092276049321705	0.16910799894310027
BG00215	0.5724970243545141	0.17980133095174264	0.1530818200699962
BG00216	0.538028177073796	0.16297019197034435	0.1399615971693918
BG00217	0.6211631340413843	0.17929592484755352	0.15761893956221112
BG00218	0.5683282594762865	0.18770610466877263	0.16418292929176143
BG00219	0.48213182109503766	0.1542020340565458	0.12915907835890802
BG00220	0.5639048480131845	0.17400141327666613	0.1558500943871827
BG00221	0.5880276048342793	0.1847400516304205	0.16194878699426196
BG00222	0.5821278154184215	0.1852385594636179	0.16136394235883195
BG00223	0.5798674693279617	0.18338461410606083	0.15522322219472812
BG00224	0.6431199642922543	0.19100153422831115	0.169556319666997
BG00225	0.541241301959348	0.18888445938349335	0.1686317234144393
BG00226	0.580299510162974	0.16927806350479607	0.1445395071464553
BG00227	0.5440424143929685	0.17092301090186077	0.1463711713461987
BG00228	0.5832064869071598	0.18044711015704326	0.15200350364182616
BG00229	0.5803281221388026	0.18772510971384954	0.16172197491129675
BG00230	0.5837730040285664	0.17485172240588728	0.1517292657678549
BG00231	0.5163202710126349	0.17315372776665744	0.1475404336669854
BG00232	0.4632650842336567	0.16950120131726185	0.14384451669660225
BG00233	0.5704827412561804	0.1680995093750081	0.14567617638580382
BG00234	0.5834954678630289	0.19238253645482745	0.16516292837248833
BG00235	0.5490008698040654	0.16105788590561682	0.1403488645802319
BG00236	0.5659935222486725	0.17068934641517225	0.14672769849446424
BG00237	0.5447777421717634	0.16860786103362208	0.14033693132606823
BG00238	0.5670550265519134	0.1716187079838573	0.14572641994067115
BG00239	0.5735184718915949	0.15556487962756996	0.1406532895141642
BG00240	0.5549922175425748	0.17178897182869995	0.14532871407651374
BG00241	0.702695820362571	0.199867516281828	0.1700300235718721
BG00242	0.5988257645119942	0.1856934699454678	0.1608226525101736
BG00243	0.6002763916865044	0.17237172833709974	0.1497965486305276
BG00244	0.5824568531404505	0.17510271695614063	0.14746452563432047
BG00245	0.523650659219923	0.16777192800635107	0.14024844109558937
BG00246	0.5424658945248122	0.1646034669635518	0.14503158257419319
BG00247	0.6116353460904598	0.1754489533127761	0.15290583272417424
BG00248	0.5978672633217363	0.17057737180899452	0.15135367904763636
BG00249	0.5756414804980772	0.179066845909061	0.1587702846724028
BG00250	0.6735859961545505	0.19761417036130927	0.1720033973310649
BG00251	0.6136868247573705	0.1633580324860117	0.14184116931749383
BG00252	0.5727259201611428	0.18399153378197372	0.15861323646515718
BG00253	0.5095249267533419	0.18064544053463	0.14916770777193314
BG00254	0.5763253067203811	0.17787687270732525	0.1507903327754633
BG00255	0.5128496383446256	0.17185744441689194	0.14729316340297235
BG00256	0.5229925837758653	0.16489161733310564	0.14396954591746797
BG00257	0.5752294680461456	0.17583022092391232	0.15181846706488833
BG00258	0.5996984297747665	0.1799380677887742	0.15914501618144
BG00259	0.6187997848379421	0.2002316198533595	0.17637596591950938
BG00260	0.49478403680644567	0.17853583689623573	0.15365333893185942
BG00261	0.5168867881340413	0.16516435695377	0.14421535592144324
BG00262	0.5413214154916686	0.17209499173592807	0.1543795758976266
BG00263	0.5899531908075446	0.18301492850532053	0.16069944310722883
BG00264	0.5046923640358908	0.1642119075937835	0.14161769878324568
BG00265	0.5350353644021242	0.1708299412237538	0.14668213544563458
BG00266	0.5470667002380517	0.17190021508724682	0.1481181594218671
BG00267	0.45317936275407444	0.18222875485572165	0.15952058891445198
BG00268	0.6122733931514377	0.18274804474135523	0.16100733787327068
BG00269	0.5263487685405601	0.17062800304036402	0.15244857340514786
BG00270	0.5420538820728804	0.16571047775426256	0.1475207697141277
BG00271	0.5820276735030214	0.16869922944122512	0.15210055018627053
BG00272	0.5389809558688885	0.16492568345529107	0.14368400570484038
BG00273	0.6400270097051822	0.18394574659902022	0.16041842253997235
BG00274	0.5991977201977661	0.17595711718808646	0.14555259233972467
BG00275	0.6316465619849846	0.16856244975447826	0.14944261823821825
BG00276	0.5759161554660318	0.17490618855350426	0.15052156727391738
BG00277	0.6099644067020692	0.1729591130522247	0.15134280847182208
BG00278	0.6430970747115914	0.1907565351950806	0.17033407363768216
BG00279	0.6071175151071231	0.17740378122496253	0.15724789273184236
BG00280	0.5783653405969602	0.1833350886696905	0.1586902803098013
BG00281	0.61195580021974	0.19891913801508146	0.17222976969111964
BG00282	0.49889557773301596	0.17291998924602328	0.14725568335119466
BG00283	0.4815796099615453	0.1630190903663081	0.13629271504641585
BG00284	0.5507977018861014	0.16070571258902847	0.13601001940104887
BG00285	0.591724272111335	0.18384673021797424	0.16134786122408878
BG00286	0.48485568119392053	0.18320808005232975	0.16083955553595297
BG00287	0.5490008698040654	0.1813729847720749	0.16036601817967755
BG00288	0.5662252792528841	0.15646568239879804	0.13203374587021222
BG00289	0.6082047701886101	0.17405054689579125	0.15250652057364655
BG00290	0.5678218275041201	0.1878297828751629	0.1622034970283514
BG00291	0.631560726057499	0.17955492535163342	0.153819184776444
BG00292	0.5439107993041568	0.1676252551191726	0.14202612536449982
BG00293	0.5760334645669295	0.17544739451649843	0.15220516413836524
BG00294	0.6289799258377586	0.16219640176564512	0.14072317017870836
BG00295	0.5303201107855704	0.16583981429621197	0.13979502555124984
BG00296	0.5481367881340413	0.17880760493457015	0.15468844488455577
BG00297	0.516263047060978	0.17849689435890864	0.15342393428178028
BG00298	0.5217393792345726	0.16705996477602586	0.14582484596435702
BG00299	0.5841363761215894	0.1656976386378937	0.1455156160793066
BG00300	0.6079501236037357	0.17806740732235787	0.15139464644059047
BG00301	0.5637074253799669	0.18098004101350487	0.1596256336351043
BG00302	0.5240254761032779	0.1850467120802888	0.1618404278080582
BG00303	0.615417849295001	0.1818280144550648	0.16204370058959178
BG00304	0.4781261444790331	0.18767165063375496	0.16720162096932972
BG00305	0.6355664026735031	0.19044858005463944	0.16757429319712114
BG00306	0.5550179683208201	0.16580853388917818	0.14436259897937348
BG00307	0.44597200604284937	0.15871491918856293	0.133904947806151
BG00308	0.45765141457608516	0.16995301122432283	0.14248621727847607
BG00309	0.59770131386193	0.18709890331693424	0.1594565002666546
BG00310	0.5382027101263505	0.15428605520666877	0.13411671358255506
BG00311	0.5787229902948179	0.17672514906916753	0.15030726512864503
BG00312	0.5704054889214429	0.19322024719232456	0.16411338463197733
BG00313	0.5883165857901482	0.1778370707964823	0.150776990927668
BG00314	0.45175734755539276	0.1703142133926738	0.14358304149184917
BG00315	0.5708718641274493	0.1757982638683189	0.15232961607919476
BG00316	0.5644828099249222	0.18493985637999594	0.16024756641575735
BG00317	0.5966111975828603	0.17724793658009674	0.15629816544117478
BG00318	0.50385117194653	0.16550294983485236	0.1377959477655048
BG00319	0.6749851217725693	0.19853836133855834	0.1740554542268377
BG00320	0.6334634224501008	0.18833328039878153	0.16529352737627095
BG00321	0.5686658807910641	0.19679687852368116	0.16856483067707856
BG00322	0.5992692501373375	0.1658318541811213	0.1456560335522637
BG00323	0.5899560520051272	0.17705224852477294	0.15583372295896764
BG00324	0.5813695980589635	0.18826675200477924	0.15894810197474746
BG00325	0.5680879188793262	0.16304575993259326	0.14386233463636006
BG00326	0.6124822605749862	0.17578007587359454	0.15185393364724104
BG00327	0.5528177073796006	0.17677208792305327	0.14671873439992783
BG00328	0.5924653222852956	0.1900937718974629	0.16293370142368319
BG00329	0.6129200238051641	0.17327154917568038	0.14883990116254692
BG00330	0.5620650979674052	0.18732990317188866	0.16194617428883742
BG00331	0.5448778840871635	0.16777125207633864	0.14982012649738555
BG00332	0.606181903497528	0.171806080690941	0.1510715221618034
BG00333	0.6121646676432888	0.1785987032463486	0.1523877345816953
BG00334	0.528626281816517	0.18855815942004464	0.15732739760967976
BG00335	0.565921992309101	0.1651646472086608	0.14389687268685722
BG00336	0.5199654367331991	0.17169237376266316	0.1430166638488501
BG00337	0.5806943554294085	0.1894576314872411	0.15781154090225197
BG00338	0.5094305072331077	0.17432658331868098	0.15436344877750163
BG00339	0.5133074299578831	0.17772196715293181	0.15266565195225845
BG00340	0.5420538820728804	0.1799100731521674	0.15655301845113972
BG00341	0.5191471342245011	0.1648412315622319	0.1446178286408657
BG00342	0.5276792254165903	0.17466243896860037	0.15826270355944536
BG00343	0.6067226698406885	0.1902965943416872	0.16011958950070226
BG00344	0.5581567020692182	0.16492615775178895	0.13771314477832428
BG00345	0.5741622413477383	0.1922717110166057	0.16317390303746032
BG00346	0.47274709302325596	0.1819345868658923	0.16096038258047077
BG00347	0.5534357260574987	0.1856301943976703	0.1611430367194207
BG00348	0.6171545962277973	0.18110605240608493	0.1564913236308115
BG00349	0.6283962415308553	0.17466024144738684	0.15607954431154336
BG00350	0.4158063999267534	0.15693551321698085	0.1359133123018483
BG00351	0.570940532869438	0.15663676737532203	0.13745232819813905
BG00352	0.522114196117927	0.1740543573337666	0.15459566833425736
BG00353	0.46102190532869436	0.16365876491530312	0.1397903110013934
BG00354	0.5544972303607398	0.17550564141665012	0.1525536511304091
BG00355	0.5585515473356528	0.18134926716750024	0.1574025958991486
BG00356	0.5606945843252154	0.17510502832458713	0.15101892300326894
BG00357	0.5905540422999449	0.20704638230545652	0.17530831495283863
BG00358	0.577263779527559	0.1813896637711625	0.156064526121849
BG00359	0.5352985945797472	0.1718342943415467	0.14661426805225314
BG00360	0.5313386971250686	0.17228323438408433	0.14584530402770451
BG00361	0.6082619941402676	0.1821564124469295	0.15703295302538026
BG00362	0.5920533098333638	0.19275278093851442	0.16339919244814022
BG00363	0.5239310565830434	0.16637694209101428	0.1415914123712724
BG00364	0.5945396905328693	0.20359487162917939	0.17058707116251712
BG00365	0.5568319675883536	0.16057940849742974	0.1442423912312492
BG00366	0.4680633125801136	0.16915483332766018	0.1475285670439575
BG00367	0.5645085607031679	0.1893387117436321	0.1642383725420001
BG00368	0.6099558231093207	0.18142317998998533	0.16047609512026567
BG00369	0.5441368339132029	0.1974349142430332	0.16548850867892512
BG00370	0.5640221571140818	0.18078410904751116	0.15431651104912597
BG00371	0.550420023805164	0.16836164487980793	0.14534354602829028
BG00372	0.5761765244460724	0.18958583484384256	0.16179374332187085
BG00373	0.6027599111884271	0.1962639690407045	0.17074974783442715
BG00374	0.609741233290606	0.1866873745355442	0.16128757211230726
BG00375	0.5645257278886653	0.1721884813184788	0.14765442490735275
BG00376	0.5446690166636148	0.17463925617284332	0.15071304567545207
BG00377	0.5550093847280717	0.17302341254518547	0.1511693350192075
BG00378	0.4400235762680826	0.15179037667992132	0.13229953466758432
BG00379	0.545561710309467	0.16467118056927227	0.1419011023305608
BG00380	0.5357420802050905	0.1770913064813812	0.15532124106122996
BG00381	0.6341758606482327	0.19582434966364054	0.1734934663809076
BG00382	0.5121600897271561	0.14692232422139365	0.13070893381003584
BG00383	0.5832951840322287	0.17764023854737288	0.15232597491012298
BG00384	0.5372556537264239	0.16738330894328474	0.14393901213170524
BG00385	0.5671580296648963	0.17109100444219166	0.14740819142815115
BG00386	0.6215608405054018	0.19265460841744714	0.16792447437240604
BG00387	0.5999330479765611	0.1732400368928968	0.14560033946971213
BG00388	0.6432744689617287	0.18421869474326322	0.16159613698123315
BG00389	0.5768145715070498	0.17781793789884795	0.15233120439270262
BG00390	0.5989487960080571	0.18983420637404363	0.16009246406177685
BG00391	0.6127340459622779	0.17808000176633587	0.15760294905864458
BG00392	0.5769004074345356	0.18030139119476513	0.15271183790537857
BG00393	0.5121372001464934	0.17149223150309206	0.1489045608715017
BG00394	0.6207711499725326	0.19912653351418472	0.17315356823560954
BG00395	0.5301484389305987	0.1767815555472726	0.1482067077492208
BG00396	0.5554700375389124	0.1633180941281898	0.14342633749024306
BG00397	0.5740964338033328	0.18539416053460706	0.15855302528014986
BG00398	0.5722824345357993	0.19058026344195533	0.16408984573780544
BG00399	0.5858616782640544	0.1916625272065699	0.16387520609283962
BG00400	0.5426776231459439	0.17063881272377013	0.14710497648565757
BG00401	0.5700220884453397	0.17172150769236738	0.15162366488768655
BG00402	0.520600622596594	0.16263915234204585	0.1430210841875
BG00403	0.5295676158212783	0.1710473612287337	0.14734998183555859
BG00404	0.5496331944698771	0.19606362399176508	0.1667684149652425
BG00405	0.5477819996337667	0.17066413235571948	0.14184107565861287
BG00406	0.5787058231093207	0.17851760243780146	0.15982466673409385
BG00407	0.5111558093755721	0.16771194493092306	0.14678718784853656
BG00408	0.5848802874931331	0.17554213164614635	0.15319794548121385
BG00409	0.57532388756638	0.17972204884131987	0.1541174105609185
BG00410	0.5756700924739059	0.18468881484593452	0.1589291327838258
BG00411	0.5509007049990844	0.17838956067766956	0.14797715133936556
BG00412	0.5517705090642738	0.18687748009945698	0.1561878836409846
BG00413	0.5978672633217363	0.18090046124367065	0.15946727526670126
BG00414	0.5941591512543491	0.17744092913823514	0.15649515374401218
BG00415	0.5411154092657022	0.16267710673328797	0.13724782453630238
BG00416	0.4828557040835012	0.1630265781750101	0.13755856200736563
BG00417	0.57038259934078	0.1885981778040326	0.16433252915384577
BG00418	0.5927028016846732	0.17827757689971654	0.15053890494290936
BG00419	0.5398049807727522	0.1736632788793041	0.1511714384343807
BG00420	0.6189571507049989	0.20494852723718943	0.17653222294043838
BG00421	0.5704054889214429	0.17786981500281412	0.1592827421109046
BG00422	0.5692352591100531	0.16221638763976115	0.1408264715560083
BG00423	0.5811578694378317	0.15880633464322513	0.14026712718713
BG00424	0.5728947308185313	0.18494450266508458	0.16143137086487352
BG00425	0.5476618293352865	0.1785097221613273	0.15562701520077565
BG00426	0.560966398095587	0.17618619322481854	0.14971355785751198
BG00427	0.5474787126899837	0.1651426939757547	0.1410550264675509
BG00428	0.5306691768906793	0.15885606813134848	0.1391309312730986
BG00429	0.5933809055118111	0.17029523041668113	0.14989480270681357
BG00430	0.5963164942318255	0.1906063354523025	0.1622833129409909
BG00431	0.6260986998718185	0.17763182418060916	0.1520278259684274
BG00432	0.47952813129463473	0.17619475692131265	0.14641780681757408
BG00433	0.5529893792345724	0.18170157578368817	0.1515372221733103
BG00434	0.619901345907343	0.18503139385193484	0.15761562296033507
BG00435	0.4907125526460355	0.18279169062834638	0.15754697470298257
BG00436	0.5478821415491667	0.17297089966631718	0.1457002568019492
BG00437	0.521604902948178	0.18037274998050562	0.15328266687521694
BG00438	0.3855778474638344	0.17940218945666495	0.15492828570019307
BG00439	0.6973396584874563	0.19716012515780237	0.16948129508777515
BG00440	0.5169640404687788	0.16511307479343534	0.1405590029210532
BG00441	0.5932063724592564	0.20781412331018542	0.17830753078705822
BG00442	0.5686172404321553	0.18340727848641897	0.16107461667687437
BG00443	0.5814296832082035	0.18082195486818556	0.15232571547715018
BG00444	0.5850748489287676	0.18659977653281457	0.16498101639064305
BG00445	0.559266846731368	0.17681352743347933	0.1556342800225551
BG00446	0.6076010574986268	0.18785320560981164	0.1637459211706959
BG00447	0.5296362845632668	0.1713988269564802	0.14494771955858465
BG00448	0.5256048571690168	0.17301656783785266	0.14800555727639794
BG00449	0.6001619437831898	0.1887918580099855	0.16271049152689362
BG00450	0.5925397134224499	0.18857358196547794	0.16368285028484714
BG00451	0.5245032960996153	0.1773653424528855	0.15253651777078522
BG00452	0.5404802234023072	0.15731738210747975	0.1366309429749247
BG00453	0.551298411463102	0.17985834538466566	0.15668528421715502
BG00454	0.5926799121040103	0.19694554970162997	0.1705632162600558
BG00455	0.4978483794176888	0.16620758803589683	0.1411920116483802
BG00456	0.5104977339315144	0.15306425336776758	0.1351841286498345
BG00457	0.5745942821827505	0.1607353603976615	0.14004318649419464
BG00458	0.5481911508881157	0.18078481638463278	0.15864098476468733
BG00459	0.5494357718366598	0.1608346141592431	0.1433323603166105
BG00460	0.5378364768357442	0.1628910035838175	0.14015234394845164
BG00461	0.5586659952389672	0.18011117719520903	0.15259323413952988
BG00462	0.596883011353232	0.17949419494683	0.15345398093491927
BG00463	0.5724998855520969	0.16492601451559358	0.14236863601353952
BG00464	0.33947823200878957	0.16842095372363003	0.1448767334285386
BG00465	0.5631437694561439	0.17475822795654533	0.1493500353588612
BG00466	0.44597200604284937	0.1522590266348964	0.1269771917218268
BG00467	0.5989945751693829	0.18431097211496755	0.1560912355235936
BG00468	0.5046923640358908	0.17740093847151223	0.15024845064627695
BG00469	0.4685010758102911	0.16578561835174224	0.14532528243911022
BG00470	0.5814468503937008	0.18148951955886444	0.1585353120372938
BG00471	0.6029144158579015	0.17692411551030754	0.15510320141820974
BG00472	0.5630607947262407	0.17231780433836014	0.14136482930406893
BG00473	0.5625772523347372	0.179834851078086	0.15311833702267524
BG00474	0.5772809467130562	0.19044155489713627	0.1660289161359373
BG00475	0.5424658945248122	0.1829050634568014	0.15454625202639471
BG00476	0.49627472074711565	0.175764878015652	0.14403202221179004
BG00477	0.46408338674235494	0.15506508652243686	0.1356668816341872
BG00478	0.36936057956418233	0.16155045938086904	0.13939617577225982
BG00479	0.5870576588536897	0.1816679029008522	0.15814748423429953
BG00480	0.5566459897454676	0.16781214299816122	0.14637922967174227
BG00481	0.5702481230543857	0.18861218430715201	0.16181057297500923
BG00482	0.5280397363120307	0.16929751829776235	0.1474883419926651
BG00483	0.5317507095770005	0.1686116161980245	0.14869673019772672
BG00484	0.5980589635597877	0.1813099429033976	0.16255007003583505
BG00485	0.5169983748397731	0.17046126929677247	0.15277930056485647
BG00486	0.6021018357443693	0.1906194420560954	0.16733610080835842
BG00487	0.51161360098883	0.1544466509363308	0.12749900896484043
BG00488	0.512491988646768	0.18678720326418527	0.16639426502740026
BG00489	0.5695585744369163	0.18216874640206468	0.16250242720524985
BG00490	0.556520097051822	0.1649138562199926	0.14278678410521098
BG00491	0.5235276277238602	0.17003586009538374	0.14501742246371307
BG00492	0.6014523438930598	0.19299009144525	0.17033302615279772
BG00493	0.6258926936458524	0.18693367123472365	0.16713526434059017
BG00494	0.5460881706647134	0.18607433034473853	0.16020087904987537
BG00495	0.5572096456692913	0.17231298760317937	0.15333572989244718
BG00496	0.5371183162424464	0.18912418340269063	0.1624980465323523
BG00497	0.5674956509796742	0.17100697523456593	0.15123573359050263
BG00498	0.5598390862479401	0.17567239599526854	0.15336082729864142
BG00499	0.5498563678813404	0.19272334163410126	0.15904260344497734
BG00500	0.5723882988463653	0.16726278062780162	0.1479109212996494
BG00501	0.6039558917780625	0.18970976590010158	0.15987146969354943
BG00502	0.5127037172678998	0.1736090805746024	0.1534776402341143
BG00503	0.5068296786302874	0.17807709001466526	0.15194924525836306
BG00504	0.6344448132210219	0.18606025774530938	0.16377539403025088
BG00505	0.5697788866507967	0.17733065478875445	0.15829228995424596
BG00506	0.5172902169932245	0.1767198157724534	0.15209837477689994
BG00507	0.5512554934993593	0.1586480115303699	0.13607364038887687
BG00508	0.5930060886284565	0.17218487854197673	0.14819497603238496
BG00509	0.5780477476652626	0.18303017435655117	0.1593315707354857
BG00510	0.6649165674784838	0.1914470190523731	0.1703243731674226
BG00511	0.4734194744552281	0.17429290414904067	0.1522649657801403
BG00512	0.5986426478666913	0.1679904737846692	0.14674972126508437
BG00513	0.5933894891045595	0.1675456066544723	0.14422007540341505
BG00514	0.5362599569675883	0.19296493920793373	0.1639247967080903
BG00515	0.6064594396630654	0.18695610076715782	0.16500502885638366
BG00516	0.6344476744186048	0.18714023362113233	0.1618856109728327
BG00517	0.62110877128731	0.18048493855606773	0.15761155062409057
BG00518	0.5918844991759751	0.18240017007593473	0.15856033070811754
BG00519	0.625346204907526	0.17333539669919515	0.15359908229523384
BG00520	0.557936389855338	0.16472355430238095	0.1478230911917548
BG00521	0.5221256409082586	0.17727475819954158	0.1512256396267353
BG00522	0.6430884911188428	0.1902691066918845	0.1669953303167982
BG00523	0.5391955456876028	0.1857221515296249	0.15804730500838363
BG00524	0.5802193966306536	0.19816716836340553	0.17366902271619783
BG00525	0.625612296282732	0.1876435809311962	0.16319812089012173
BG00526	0.5662424464383812	0.17078517105574947	0.14883501003914273
BG00527	0.552508698040652	0.17499477341343933	0.1604779323849498
BG00528	0.5162945202343892	0.17038506022326438	0.15539571364658333
BG00529	0.5255504944149422	0.16536904428511262	0.14392253387063067
BG00530	0.577263779527559	0.19390523868725096	0.17237721232559153
BG00531	0.5889861060245378	0.19476783054688176	0.17349351947649644
BG00532	0.5485344945980588	0.17363145243363248	0.1451541312047758
BG00533	0.5700278108405054	0.16651870617519748	0.14457307890219084
BG00534	0.6057326954770191	0.1770507578303496	0.15342943712482104
BG00535	0.5554700375389124	0.1881961133373731	0.1583371096377212
BG00536	0.5902850897271558	0.17667591987686268	0.15328420312391064
BG00537	0.5705943279619117	0.1807691956957747	0.15790006663138115
BG00538	0.5462998992858453	0.1578451205273297	0.1384167917470352
BG00539	0.5157566150888115	0.18037213511834915	0.15987537450064931
BG00540	0.5975811435634499	0.18400636455342012	0.15815847254263754
BG00541	0.5982649697857536	0.18729735530283526	0.16484377223079177
BG00542	0.5552010849661236	0.17647331622818135	0.15121358225758916
BG00543	0.48515896813770365	0.17077364927752117	0.14795023080008898
BG00544	0.5364459348104742	0.16105273373185344	0.1371448513517672
BG00545	0.5640822422633218	0.19054516153737622	0.1629813159416491
BG00546	0.5987027330159312	0.18856191690749796	0.16489729566694314
BG00547	0.5341512543490206	0.17755112354451666	0.14892795020347163
BG00548	0.5461997573704449	0.1759445654262963	0.1506358594202387
BG00549	0.5567661600439481	0.17160905020300982	0.14601145313679048
BG00550	0.6366078785936642	0.18560840808261922	0.1624607507188481
BG00551	0.5873895577733015	0.1808181553913098	0.15890658430999394
BG00552	0.5572668696209486	0.19234403635137837	0.16789655789454852
BG00553	0.6148541933711777	0.1676023465805581	0.1497786646761909
BG00554	0.6305192501373376	0.1786359173477428	0.15345711072302864
BG00555	0.5730320683025087	0.1920513175742598	0.16288429944306212
BG00556	0.5832150704999084	0.17794278302673208	0.1541522323201046
BG00557	0.4939170939388391	0.18197513750838215	0.1481185790907626
BG00558	0.6068199505585058	0.1840379237675151	0.16453809411347295
BG00559	0.5904281496062993	0.18557682493707622	0.16431561402674671
BG00560	0.6142132851126167	0.1948524736457579	0.17151200637317135
BG00561	0.5071558551547334	0.15653547920304509	0.1344830784689365
BG00562	0.5948000595129099	0.17963554072271676	0.15528150894784712
BG00563	0.5500537905145579	0.16568767907182336	0.1362260568309232
BG00564	0.5832465436733199	0.17030286617323323	0.1427058106811151
BG00565	0.5703082082036255	0.17378209551568796	0.15253700192082031
BG00566	0.581403932429958	0.17945029710555083	0.15845269922047592
BG00567	0.5649749359091741	0.18172422909226546	0.15513612415968864
BG00568	0.5550866370628088	0.174853145641798	0.15640861577980336
BG00569	0.503773919611793	0.1798784281282509	0.15448944789842006
BG00570	0.512162950924739	0.17744185862573197	0.15889014246293845
BG00571	0.4939170939388391	0.18186534138392735	0.1557609316308514
BG00572	0.5654584783006775	0.16517966116619456	0.14525452411238682
BG00573	0.5759361838491122	0.18099492671003745	0.15393783755584667
BG00574	0.5629864035890861	0.17398575005420858	0.14841733457998557
BG00575	0.6017642144295918	0.19591159228886687	0.16877020711164953
BG00576	0.49046935085149246	0.18356464105587866	0.15717730519689738
BG00577	0.5469350851492403	0.1728303255331271	0.14496013871028862
BG00578	0.626742469327962	0.19211461926145842	0.16790395638175465
BG00579	0.6515290239882807	0.20277552114214967	0.17466331771343752
BG00580	0.5555415674784837	0.17739346469189038	0.15157074343578092
BG00581	0.6307252563633035	0.18247228661322315	0.1568476257263644
BG00582	0.5058654550448636	0.16595099552494813	0.14754010564993375
BG00583	0.5921734801318441	0.17958611750712974	0.15811364634667277
BG00584	0.5797759110053105	0.16789871090320727	0.14713207351639904
BG00585	0.5006924098150521	0.16205222273044317	0.13942643671678864
BG00586	0.5442369758286028	0.17491892985329302	0.15114891526730453
BG00587	0.5402971067570042	0.15847226442204565	0.14373073434052291
BG00588	0.5651466077641458	0.18149111058061615	0.15335162762921212
BG00589	0.5777330159311482	0.18007428638736267	0.15513184434947552
BG00590	0.5858931514374655	0.17976744526257535	0.15683044102387325
BG00591	0.4843006088628458	0.16616768581395966	0.13977681635985834
BG00592	0.5040972349386557	0.18531822616540844	0.15859456864314891
BG00593	0.5440595815784656	0.18266169339676336	0.15684638141941248
BG00594	0.5509579289507418	0.18076233483775933	0.15796130523159319
BG00595	0.6120244689617288	0.18714524899555957	0.16425023425975924
BG00596	0.5353901529023989	0.17832642204774335	0.15290835016695406
BG00597	0.5631580754440575	0.17458451660023983	0.14633495346104244
BG00598	0.5151242904229992	0.17022450237594727	0.14350119620723611
BG00599	0.50530179912104	0.16916195279871937	0.15278615453258587
BG00600	0.6394976881523531	0.1813726448191069	0.161266058415582
BG00601	0.529264328877495	0.18866959696605795	0.16037546238984213
BG00602	0.6593315097967407	0.18285319952587759	0.16156081740448028
BG00603	0.5918015244460721	0.18992544999774275	0.16320406287175687
BG00604	0.5756786760666547	0.19726397605749735	0.17038429398338076
BG00605	0.6730252014283101	0.20484965516359885	0.17684424646856262
BG00606	0.5538677668925104	0.1699230941703191	0.1462979991521
BG00607	0.5907714933162426	0.16682701761354007	0.14350868416311022
BG00608	0.5690435588720013	0.17450496150343126	0.15459004936554352
BG00609	0.5328951886101445	0.17312753850185678	0.14945547812968782
BG00610	0.5319137978392234	0.17928174453970963	0.14876688544528247
BG00611	0.46534803607397923	0.16801227641907457	0.1477509492735126
BG00612	0.6131746703900385	0.19049659658363738	0.16338554322035886
BG00613	0.5392441860465115	0.18553804181471378	0.15829449867333673
BG00614	0.5921162561801869	0.19200392755970305	0.16999264041491552
BG00615	0.5095163431605935	0.15770303132982827	0.13651062465035368
BG00616	0.5377420573155098	0.15807949215106062	0.1331596433082281
BG00617	0.580299510162974	0.16405235618108005	0.14262338745709963
BG00618	0.63927451474089	0.17594417821970196	0.15760405127712823
BG00619	0.4084302325581396	0.18501475770731118	0.16080797726703477
BG00620	0.5619363440761764	0.17264036263780166	0.14944813581847
BG00621	0.5547089589818714	0.18794456737712104	0.15898161014504789
BG00622	0.5863394982603918	0.1708929393738937	0.14998042657797628
BG00623	0.5230011673686139	0.1665114438667396	0.1394041989889662
BG00624	0.493917093938839	0.1788976356193934	0.15484429240426767
BG00625	0.48279848013184407	0.15937690343807684	0.14191520505810665
BG00626	0.5999216031862294	0.17295411630392882	0.15087094875833174
BG00627	0.5927285524629189	0.18208190762692536	0.15714182304685143
BG00628	0.6491198956235122	0.1748979297987392	0.15554520894986595
BG00629	0.5917271333089177	0.18199146492835916	0.15576025417352843
BG00630	0.5811378410547519	0.2002210560121238	0.16964286382205385
BG00631	0.5599191997802602	0.17379969245175533	0.1543193313883015
BG00632	0.5847830067753159	0.1739652864060415	0.14789009782112744
BG00633	0.5392298800585973	0.17614504647983062	0.15401082806678618
BG00634	0.47895016938289686	0.16218677736178216	0.14173233817631853
BG00635	0.586562671671855	0.16047682016610768	0.1411029638035598
BG00636	0.5697788866507967	0.17902290274457758	0.15151068061830597
BG00637	0.5444258148690718	0.17587775032348724	0.1555123587568319
BG00638	0.5069326817432704	0.17277186758883353	0.14272072811325387
BG00639	0.5232930095220656	0.18007907094241357	0.15472545486868722
BG00640	0.6411114035890864	0.19070494000798002	0.16344110772587386
BG00641	0.47056113806995065	0.1628910438475642	0.143492583059012
BG00642	0.5456332402490386	0.1780817346068125	0.15369888530631354
BG00643	0.5899875251785387	0.1837997867903867	0.16472383105883337
BG00644	0.5524543352865774	0.1863810102744532	0.163475020288413
BG00645	0.5695871864127449	0.1534173026799021	0.13679182922493627
BG00646	0.5961247939937742	0.16904494940661294	0.14586921613096757
BG00647	0.5990060199597145	0.16521717162963076	0.14118726765294598
BG00648	0.5547347097601172	0.17619864314329	0.15027863172089093
BG00649	0.6132519227247758	0.19203847072221006	0.16635279752494153
BG00650	0.6051547335652813	0.17455154250140512	0.14788744381404317
BG00651	0.5377935588720014	0.17447946699374048	0.15375933667284464
BG00652	0.6142533418787772	0.20407088758568487	0.17147800018333198
BG00653	0.6253118705365317	0.19250757896822251	0.16876139908149096
BG00654	0.6010775270097053	0.18091371654447747	0.16079118130393516
BG00655	0.6139128593664163	0.17894972940619527	0.15601950050251276
BG00656	0.5916956601355066	0.1695223115701012	0.14256803351362385
BG00657	0.5177937877678083	0.15999218587248326	0.13489164292478956
BG00658	0.5666115409265704	0.18012341950916516	0.15190297890380122
BG00659	0.620722509613624	0.1845612450476003	0.15651754244328972
BG00660	0.5405288637612158	0.1695937225401248	0.14285159028842612
BG00661	0.5030385918329976	0.19502670006738249	0.1695210372175099
BG00662	0.549518746566563	0.18126323152355084	0.15111085890972695
BG00663	0.3952744460721479	0.16880180253395521	0.14142059543570704
BG00664	0.47631500640908264	0.16727533894179933	0.14340668022147574
BG00665	0.5438306857718367	0.17881413214195221	0.15592149132592562
BG00666	0.5666344305072332	0.170461831435002	0.14883164089915052
BG00667	0.6130630836843067	0.17114515929990742	0.14609665861705784
BG00668	0.6378582219373743	0.18680913542537717	0.15925214486930578
BG00669	0.5203116416407253	0.16234328787594354	0.14069737463391246
BG00670	0.5862021607764143	0.1792918718530267	0.15361218198713875
BG00671	0.562087987548068	0.16680616762389824	0.14154897994366583
BG00672	0.5688747482146127	0.15760588889958965	0.1345449835469539
BG00673	0.5240254761032778	0.17719999349375004	0.15582528574646476
BG00674	0.5826771653543306	0.1808247867537139	0.1527072646757047
BG00675	0.5199368247573706	0.18911264475928483	0.16380039056822712
BG00676	0.5918844991759751	0.1716142479659243	0.14995760938069141
BG00677	0.4957053424281267	0.17554848003433338	0.15087636112023284
BG00678	0.5826628593664165	0.1742266969428561	0.14526869653560318
BG00679	0.5145377449185133	0.18975022849116524	0.16243556024365902
BG00680	0.5631065738875665	0.17791446584355244	0.15036425898345107
BG00681	0.6336694286760668	0.20409511949904302	0.18008429111763383
BG00682	0.5824139351767077	0.1836191006997055	0.1612029998909069
BG00683	0.573046374290423	0.18279068899305	0.16004159768658677
BG00684	0.5811578694378317	0.18479593688264942	0.16180596084925916
BG00685	0.5821049258377586	0.19386488606936775	0.16531774534220708
BG00686	0.5739276231459438	0.16779361803436185	0.1439062461105202
BG00687	0.5766829564182383	0.1940865001724979	0.16395931736401828
BG00688	0.5803595953122138	0.17488350794471266	0.14925523390277012
BG00689	0.5225290697674414	0.16104307073901666	0.13993641318509845
BG00690	0.5137051364219007	0.1580757488862924	0.13837171648304372
BG00691	0.572170847830068	0.17729659742263731	0.15494512430930296
BG00692	0.517733702618568	0.18492374289775643	0.16125814738077052
BG00693	0.5478821415491667	0.1656936932039788	0.14223770448270662
BG00694	0.6055667460172128	0.1824769017294282	0.15667939360418673
BG00695	0.5445116507965573	0.18041855955731848	0.1555152231241798
BG00696	0.5878616553744735	0.1871157990544557	0.16180838404514736
BG00697	0.5485316334004762	0.17682161298092736	0.15429675060308634
BG00698	0.5012188701702984	0.15735416788555184	0.13823044755409195
BG00699	0.5426690395531952	0.15953504676638408	0.13638383385829228
BG00700	0.5102573933345541	0.17526220307757706	0.14662428164691782
BG00701	0.56909219923091	0.18712931558824636	0.15434192284146797
BG00702	0.562356940120857	0.16927557559870657	0.1520089457053137
BG00703	0.596599752792529	0.1787943783301865	0.15340995878021854
BG00704	0.5030815097967404	0.16215274120673115	0.1399864806269424
BG00705	0.5964080525544775	0.1842491646816814	0.1630218260978959
BG00706	0.5826657205639993	0.17694075359058606	0.15516921388242083
BG00707	0.39324013459073437	0.16060963490406882	0.1382537446312615
BG00708	0.5729433711774401	0.1823923942142408	0.1571302675119177
BG00709	0.5280197079289508	0.17754054095680333	0.1536688005648875
BG00710	0.5276048342794359	0.18844139929808917	0.16507061964478775
BG00711	0.4844322239516571	0.17034736539642273	0.15250208911547006
BG00712	0.5883137245925657	0.18887982502154294	0.1618525732324239
BG00713	0.6012177256912654	0.1796492590077537	0.1595406932749593
BG00714	0.5507776735030215	0.1734079146535211	0.14987939271880163
BG00715	0.5791950878959896	0.18044209569127015	0.15248154552751592
BG00716	0.5856127540743454	0.16640307520630573	0.14750060619750607
BG00717	0.6091947445522796	0.18040130134125346	0.15814865583475451
BG00718	0.6126195980589636	0.16768678390143194	0.15048173036294674
BG00719	0.5806571598608313	0.1892287921923929	0.16257221173655304
BG00720	0.5505230269181469	0.19184890859575082	0.1600258943239044
BG00721	0.574848928767625	0.18216228377197913	0.1574444498464314
BG00722	0.5582196484160411	0.18462942816602318	0.15278791398737038
BG00723	0.6223390862479401	0.1946336591168434	0.17459862974130996
BG00724	0.45030958157846557	0.16011723543715475	0.1398288086197602
BG00725	0.6264191540010986	0.19850221080044012	0.17082057546945753
BG00726	0.5718904504669476	0.17242216624040124	0.15171567838524766
BG00727	0.5472297885002747	0.16858786371013476	0.14799187255163432
BG00728	0.6123506454861747	0.16186505661235712	0.1446342512949186
BG00729	0.5826971937374109	0.17757846087894255	0.1504628011812626
BG00730	0.5793066746017215	0.17150532606653035	0.1429650094722416
BG00731	0.5764340322285295	0.18553803786207818	0.161450502801112
BG00732	0.5850347921626076	0.18422764642608042	0.15789859392305625
BG00733	0.5712037630470611	0.19181532995516395	0.16393491342012215
BG00734	0.5821507049990844	0.17738925522368282	0.15425715258026035
BG00735	0.5033476011719468	0.18203446281814567	0.16139648526232134
BG00736	0.5763281679179637	0.18348156549482195	0.15862132205482274
BG00737	0.573681560153818	0.16886154066558764	0.14898725829664178
BG00738	0.6047770554843435	0.16895012324253214	0.1491106105820304
BG00739	0.6006340413843618	0.1720914151632078	0.1505491679687579
BG00740	0.6010775270097052	0.18619017287320275	0.15768125916428635
BG00741	0.6196753112982971	0.1746929858202037	0.15411509996543737
BG00742	0.5099769959714338	0.17019453759730513	0.14523168712979745
BG00743	0.5327406839406702	0.171214820349661	0.151275079512561
BG00744	0.5104118980040286	0.17520013140933613	0.1526656584047164
BG00745	0.5117909952389671	0.16473403278585036	0.1421344901427605
BG00746	0.6337438198132208	0.1935847990515981	0.17293372115920552
BG00747	0.5607632530672038	0.17642583209759627	0.1496304267784902
BG00748	0.5771722212049077	0.17034398492148534	0.1494838294830688
BG00749	0.42682773301593113	0.16701048554054207	0.14070220778505912
BG00750	0.5962306583043397	0.18717452782791005	0.15457443501420048
BG00751	0.557524377403406	0.1804298610992933	0.15806766113827614
BG00752	0.5358479445156563	0.17586443026394588	0.15476752851296172
BG00753	0.5232500915583228	0.1639813056717459	0.1408909291107267
BG00754	0.6080588491118843	0.1872274480906009	0.15691411928906923
BG00755	0.5842279344442409	0.1826194600849914	0.15348241468971502
BG00756	0.5766829564182383	0.18325599378346788	0.15609990219810135
BG00757	0.5602024583409633	0.17190007295928408	0.1444072022094096
BG00758	0.5191328282365868	0.17340314745263855	0.14926310176758742
BG00759	0.5031559009338948	0.18056772260713233	0.15119827997931318
BG00760	0.5996326222303607	0.19829871181015785	0.1620500663925164
BG00761	0.5724970243545141	0.1711183569808728	0.14841247323910872
BG00762	0.5825312442776049	0.17672166782742632	0.15169542397018748
BG00763	0.5474071827504121	0.17425248883331074	0.15103900533131037
BG00764	0.5732008789598975	0.18458823173174882	0.15693779229514088
BG00765	0.5666315693096502	0.19815840654361422	0.17008537406064791
BG00766	0.6143935405603369	0.18910605449112533	0.16607533246471856
BG00767	0.5620479307819081	0.1847137994329081	0.16053722077480542
BG00768	0.5534357260574987	0.18129119434960644	0.16238275167662103
BG00769	0.516403245742538	0.18278551168037876	0.1633783141643265
BG00770	0.5745771149972534	0.16159965766836043	0.14010116823293722
BG00771	0.5782737822743088	0.18766431313312096	0.15476559565126907
BG00772	0.523650659219923	0.16550803027114963	0.1411208877798368
BG00773	0.5385746658121224	0.16792693927094246	0.1478342395618348
BG00774	0.6004251739608131	0.192332507746717	0.16854652686588326
BG00775	0.5549578831715807	0.17677374362347234	0.15285734349901878
BG00776	0.5387205868888483	0.1669653799542683	0.13974200269343012
BG00777	0.5590350897271562	0.17215601048845416	0.1518095360712012
BG00778	0.5747716764328878	0.19438165270857302	0.16303092669925653
BG00779	0.5444572880424831	0.17748663310519047	0.15204365976998932
BG00780	0.54828557040835	0.17408272996008486	0.15151748172161975
BG00781	0.5633440532869437	0.17503897020079318	0.15496016577418747
BG00782	0.5841335149240066	0.191304233565727	0.16721332993318683
BG00783	0.5265032732100348	0.1643985054812105	0.1428563755376504
BG00784	0.6132519227247758	0.18322748147072293	0.15862291701815134
BG00785	0.6431686046511625	0.20003101537436704	0.17212797415617898
BG00786	0.5580823109320637	0.18547899281396452	0.16223951826720956
BG00787	0.5003776780809376	0.16107717920279785	0.13910313490824588
BG00788	0.5232758423365684	0.1769661840845136	0.1544429433986973
BG00789	0.5587661371543673	0.17449821013636346	0.14774324169152964
BG00790	0.5771722212049077	0.18203541989927294	0.15620486978130305
BG00791	0.6174779115546604	0.19051787702707082	0.16780721820491573
BG00792	0.6153119849844351	0.19551287168621573	0.17297601662159776
BG00793	0.4591821552829153	0.1808306163036076	0.15296951715468682
BG00794	0.6040159769273028	0.17792993535790147	0.15856555480857965
BG00795	0.5898158533235671	0.1812029547839466	0.15861924488511892
BG00796	0.4904722120490752	0.16923538678181188	0.1411703942917963
BG00797	0.5400167093938837	0.1823752705282745	0.15266988880442173
BG00798	0.5433213926020877	0.16724606024797076	0.1437012744552742
BG00799	0.6197325352499543	0.21244413388387512	0.1780592501469827
BG00800	0.61324620032961	0.19081631805865626	0.16257268336830413
BG00801	0.5736786989562352	0.17478205030933797	0.15605920443356994
BG00802	0.5977613990111702	0.18302390502107324	0.1581830205465809
BG00803	0.573804591649881	0.16508473055298978	0.14439218582874122
BG00804	0.6283676295550267	0.17216667945257283	0.1435974626496296
BG00805	0.5076823155099799	0.1620302071849253	0.14163011562179123
BG00806	0.5148896722212049	0.1734082273507703	0.15077104535836908
BG00807	0.539690532869438	0.16596979346076793	0.14419583852480727
BG00808	0.5701880379051455	0.17614732116403625	0.15319493584112148
BG00809	0.504054316974913	0.1682259390787129	0.14164456005926346
BG00810	0.5351269227247758	0.18168459463392886	0.1595999936358577
BG00811	0.5803023713605567	0.18027814879072424	0.15638916954952314
BG00812	0.5859045962277971	0.16732692967287216	0.14621125019612474
BG00813	0.5246120216077642	0.17189457136950131	0.14424437456726635
BG00814	0.5321198040651894	0.16836878502110786	0.14655402038369253
BG00815	0.5605372184581581	0.1683800677393885	0.14967393830912326
BG00816	0.4250795412928034	0.16626770574559468	0.14092281228861206
BG00817	0.47852385094305055	0.1735787110795257	0.14708991766039564
BG00818	0.6137211591283649	0.17652442175867986	0.15329210630746673
BG00819	0.5728947308185317	0.18788571061647963	0.1637508743530524
BG00820	0.5492412104010258	0.18389657495747117	0.15282069837564805
BG00821	0.565158052554477	0.175783610511603	0.15934391861459846
BG00822	0.5509007049990846	0.19735477337393698	0.16562241825059232
BG00823	0.6246223219190624	0.20366129260234206	0.1740156970731199
BG00824	0.49326760208752995	0.16696046104048018	0.14618795417486882
BG00825	0.570428378502106	0.19839351320147638	0.1753380766954388
BG00826	0.5924739058780443	0.17990496798210007	0.1550628256799416
BG00827	0.5733067432704633	0.17756173899468547	0.1517804584352561
BG00828	0.6201874656656291	0.17674141710366806	0.15352128240050328
BG00829	0.5029527559055119	0.17889256727596922	0.15057103613202344
BG00830	0.5525430324116463	0.18156924307017594	0.15731717201030113
BG00831	0.6300299853506683	0.19635621343611845	0.1647283171751423
BG00832	0.5502054339864494	0.16163599185971944	0.14521181351664048
BG00833	0.5719305072331076	0.17632398718202083	0.15244438205793798
BG00834	0.5702080662882254	0.1878512540125053	0.16070337590210854
BG00835	0.5882479170481596	0.18983600960819785	0.16248615099566002
BG00836	0.5150498992858452	0.1633341100912815	0.14147455703381392
BG00837	0.5344888756637977	0.17142263454401618	0.14950918200715563
BG00838	0.5722824345357993	0.17529841232817084	0.15331752281804434
BG00839	0.5297020921076727	0.17656540692291728	0.1509124428713979
BG00840	0.6184593023255812	0.17307442305995005	0.1474077771844183
BG00841	0.5229925837758653	0.165076508032251	0.13907341088471958
BG00842	0.5757187328328144	0.17081379578476713	0.14558646220397578
BG00843	0.5534013916865042	0.16770746956061724	0.14429679661422012
BG00844	0.6746217496795457	0.18079847334305038	0.157819563147167
BG00845	0.4947954815967772	0.16678080246821067	0.14150680753082434
BG00846	0.5540022431789049	0.19026476642178602	0.16375509267882268
BG00847	0.552013710858817	0.18224511979177088	0.15596200136050536
BG00848	0.6467536852224867	0.20102053933665767	0.16995574295131738
BG00849	0.5225147637795277	0.16593765111611983	0.14412067022936342
BG00850	0.5406862296282735	0.18127454303768997	0.15083888317115385
BG00851	0.522114196117927	0.17836796502032964	0.15969981389525867
BG00852	0.565123718183483	0.1874205056182053	0.16124315023549746
BG00853	0.5903137017029848	0.17249493874850302	0.15520754533738504
BG00854	0.5486632484892875	0.1760797574896233	0.15332439854974447
BG00855	0.645157136971251	0.18411664634945663	0.1595316896426776
BG00856	0.5706258011353234	0.18197324828735745	0.15701395261159443
BG00857	0.5717216398095587	0.17369288249456255	0.146517880118432
BG00858	0.5889460492583775	0.17356361754124996	0.15287965758516903
BG00859	0.5806628822559973	0.16951658553078025	0.15085072532839633
BG00860	0.44262726606848557	0.18020168730325153	0.15037012290626542
BG00861	0.5923909311481412	0.19154856351241722	0.1666674139924558
BG00862	0.5735184718915949	0.17963131065022586	0.1546265549568272
BG00863	0.5971176295550265	0.19473157271099562	0.16811257629335702
BG00864	0.5346862982970151	0.18074959249783176	0.1521902340367391
BG00865	0.6546277009705183	0.19433362736555745	0.17391497004786144
BG00866	0.5540422999450649	0.17644105109069697	0.1578254788688574
BG00867	0.5693468458157847	0.156120010696926	0.13397260575361383
BG00868	0.5873952801684674	0.17611024595884522	0.14515775221045302
BG00869	0.5094305072331077	0.15637098754577494	0.14004262226686356
BG00870	0.5284460263687971	0.1787090658050929	0.1570069413457347
BG00871	0.6241845586888847	0.18034655179814732	0.15451136033538443
BG00872	0.5403199963376669	0.17238466484108123	0.1487463277441093
BG00873	0.6116382072880426	0.18483255211541133	0.15748141646488198
BG00874	0.5773982558139538	0.1639206484986824	0.14468090264223693
BG00875	0.5407520371726791	0.17520309764878425	0.15551043068759016
BG00876	0.6516291659036804	0.18968667222554167	0.17012304255516617
BG00877	0.5696272431789049	0.18166267824766752	0.16069199111281224
BG00878	0.589466787218458	0.16778381445535126	0.1505750283579121
BG00879	0.5121372001464932	0.17435160651849482	0.149141421855556
BG00880	0.5124061527192821	0.17793997315225657	0.15175316339858522
BG00881	0.44143986907159866	0.169065192239252	0.14607608170652403
BG00882	0.5671580296648963	0.1704790157417309	0.1472368378326836
BG00883	0.42576908991027274	0.16670538046781255	0.13971928993928412
BG00884	0.6148799441494233	0.1861797623998378	0.16234288573505873
BG00885	0.5159855108954405	0.1731422088852872	0.14808639438971874
BG00886	0.45895612067386904	0.17229209795232064	0.15008735059214906
BG00887	0.594202069218092	0.18865130089272442	0.1606637794883787
BG00888	0.6038156930965022	0.17875438137627808	0.15625905452577876
BG00889	0.51421442959165	0.17520943274142503	0.1514140751681974
BG00890	0.5187351217725691	0.17339711331286917	0.1435165015258693
BG00891	0.593893059879143	0.19242919400544328	0.1622860338412905
BG00892	0.5454901803698956	0.18616688554440602	0.15983278516090266
BG00893	0.5962192135140084	0.18402269450386177	0.1519206865997022
BG00894	0.5414358633949827	0.17117088829143706	0.15060419597876165
BG00895	0.5357907205639992	0.17026773316243687	0.1444330222809357
BG00896	0.5425631752426296	0.1900234001378642	0.1675267380690122
BG00897	0.4705468320820361	0.16247382564985863	0.1433319821941474
BG00898	0.628728140450467	0.1631990428290297	0.14542349263971915
BG00899	0.5244603781358725	0.16233637942402385	0.14691486061387576
BG00900	0.5639048480131845	0.18280822996368565	0.15642918599934125
BG00901	0.4923720472440947	0.1787491381035118	0.15145871413080858
BG00902	0.6418610373557956	0.1892076410380524	0.16239064628638541
BG00903	0.6029544726240615	0.1876847272935401	0.16590431630968092
BG00904	0.6535290010987	0.1796531091907047	0.154851560732015
BG00905	0.6218440990661049	0.18827964428656346	0.16972296313361035
BG00906	0.6213720014649331	0.18849392519894884	0.15773202044673862
BG00907	0.5592868751144477	0.1637853726500455	0.14161274574249774
BG00908	0.5334817341146311	0.18057008016716736	0.15177943763355076
BG00909	0.5561767533418788	0.17162589342221285	0.14433700086213513
BG00910	0.5385975553927853	0.16366272796521703	0.14232907690328428
BG00911	0.5773982558139538	0.16795359605981378	0.14425989079279744
BG00912	0.5623884132942685	0.18224495147139286	0.16117694647419537
BG00913	0.5679133858267715	0.18779507236134346	0.16405100559415636
BG00914	0.49307590184947814	0.1792956251866825	0.16027957575814664
BG00915	0.5363600988829885	0.16932596768769337	0.1479300129316942
BG00916	0.5126150201428311	0.1828949057222296	0.15961491899119448
BG00917	0.4466300814869071	0.1784241206290369	0.15403178492618222
BG00918	0.41345449551364216	0.17625687974633372	0.1526826593047843
BG00919	0.5334817341146311	0.1591373216864586	0.13677319494774762
BG00920	0.46869277604834286	0.1531223358912676	0.13079741485398333
BG00921	0.6149400292986634	0.19151887734300893	0.16454177586649715
BG00922	0.6209056262589269	0.18409882530761196	0.1639085448306344
BG00923	0.5756414804980772	0.19316951328379592	0.16997861667019806
BG00924	0.5256191631569308	0.1853798097489716	0.16170950828698308
BG00925	0.6092719968870173	0.20864654050361206	0.18248452669289486
BG00926	0.5661279985350669	0.18443521253842796	0.15573655796491054
BG00927	0.550603140450467	0.169944261114237	0.14397189885382553
BG00928	0.5065492812671671	0.16495729513692	0.13717390685625994
BG00929	0.49352224867240435	0.1599424142649527	0.1392514103584162
BG00930	0.6255436275407436	0.18519332127836913	0.15404883642511194
BG00931	0.5752523576268083	0.1818688249194547	0.1636559778753083
BG00932	0.4413940899102728	0.17225862686148982	0.14569601692514667
BG00933	0.47893300219739954	0.1660989877362284	0.14534534342131109
BG00934	0.5361855658304342	0.19442579152959952	0.16524736120809885
BG00935	0.537825032045413	0.18074923249016453	0.1543117040008719
BG00936	0.6313518586339499	0.19354905650846901	0.16860450004512095
BG00937	0.5378364768357442	0.18273815532022658	0.154176412475123
BG00938	0.5432613074528474	0.1677319817207722	0.14154584930319047
BG00939	0.61056525819447	0.19842366337612688	0.17583107347356752
BG00940	0.5320396905328695	0.19710946874613183	0.17063011528923475
BG00941	0.5071558551547334	0.17248091654293796	0.1447051909652858
BG00942	0.5444343984618203	0.17301373037958528	0.14953385261121854
BG00943	0.5264260208752976	0.16963091966910376	0.14103992175768432
BG00944	0.6063535753524996	0.17292839281891678	0.15042283596000397
BG00945	0.608499473539645	0.1780358887612701	0.15533683199140894
BG00946	0.5931691768906795	0.1816012899468066	0.15352125110304912
BG00947	0.576851767075627	0.17666271444545076	0.14585462743895033
BG00948	0.5271870994323387	0.18046763215944367	0.1523884204264895
BG00949	0.5859017350302143	0.17716189175496286	0.15358665733875726
BG00950	0.6317953442592933	0.19272084939360387	0.16784247032138605
BG00951	0.5390553470060427	0.17175763297935234	0.14573456032683066
BG00952	0.5795126808276874	0.17519333696794578	0.15363880892158216
BG00953	0.571249542208387	0.18484090141173665	0.1607313003815681
BG00954	0.6229914392968321	0.1887103583114186	0.16326972306567994
BG00955	0.5609520921076725	0.17045788142763968	0.1471864349868839
BG00956	0.526417437282549	0.1749113784333227	0.14829895768556786
BG00957	0.6175179683208203	0.16466284770752704	0.14596995148703595
BG00958	0.5267436138069951	0.18761261241890317	0.15613745279365115
BG00959	0.48899297289873656	0.173546505492505	0.1542042433942048
BG00960	0.6234406473173413	0.19447966766291086	0.16761180968430497
BG00961	0.6028543307086618	0.17718830432063198	0.15876649535248816
BG00962	0.5487004440578649	0.1738238306724664	0.14896712026341996
BG00963	0.518943989196118	0.17106692389808392	0.14275219621303745
BG00964	0.5128639443325397	0.16622009472120683	0.14656606778165743
BG00965	0.5370324803149609	0.18933405033906012	0.1615211118522483
BG00966	0.5249038637612158	0.17018681177101164	0.14869692140593513
BG00967	0.4185731779893793	0.170417246397085	0.1449169674411571
BG00968	0.5422226927302694	0.16676673303335882	0.1427421647587081
BG00969	0.586968961728621	0.19393217563118256	0.1661602856782387
BG00970	0.6087598425196847	0.20567726315413476	0.18075710777201331
BG00971	0.6015238738326313	0.1815928599572158	0.15771534832356587
BG00972	0.5213588399560521	0.1701244619953685	0.1471918464795669
BG00973	0.576937603003113	0.20949447278847547	0.18003128997050316
BG00974	0.6171545962277973	0.1681532616594889	0.15109347918689486
BG00975	0.5203116416407253	0.18578680039784426	0.1626928876854143
BG00976	0.4314399835195021	0.1757756726068664	0.14901937088937373
BG00977	0.5803796236952938	0.17718707308017229	0.15439075713256248
BG00978	0.5791235579564182	0.1768321666886089	0.15144143373308916
BG00979	0.6050231184764695	0.1811425097997333	0.15573063407782525
BG00980	0.5132072880424831	0.19224056832204783	0.1683444722358209
BG00981	0.6231001648049809	0.17271605608771298	0.1546522568725366
BG00982	0.5002145898187146	0.1657151460232139	0.13991900617606784
BG00983	0.6217325123603739	0.17719826639634859	0.1537317556948838
BG00984	0.6101046053836294	0.1848360028036344	0.16351472387180258
BG00985	0.6516291659036804	0.1845594200782365	0.1637517444208152
BG00986	0.5849546786302876	0.18438602114466235	0.1649589904697434
BG00987	0.5216964612708294	0.18893213288756608	0.164035004612716
BG00988	0.595226377952756	0.18026565271926165	0.15131922125476943
BG00989	0.626742469327962	0.17818353880974355	0.15351575146281307
BG00990	0.6578408258560704	0.18526803034528613	0.15942914729269195
BG00991	0.5387434764695112	0.17926003487054915	0.15685410067955852
BG00992	0.6490941448452665	0.18765176337807485	0.16282436628013192
BG00993	0.5971376579381066	0.2026883134765022	0.17924284110658614
BG00994	0.5132072880424831	0.1867831447141209	0.16276464950144207
BG00995	0.5105377906976745	0.16365991883723066	0.13905100661987518
BG00996	0.6368596639809561	0.20530570722910904	0.17595753980014894
BG00997	0.5469350851492403	0.1741282425865407	0.14716022934584078
BG00998	0.5838216443874747	0.18471956564363914	0.1569496530008419
BG00999	0.5448778840871635	0.1717077448751314	0.14724357046936848
BG01000	0.5681136696575717	0.17954666982560052	0.15733530196675719
BG01001	0.5755470609778428	0.17720086513979685	0.15115383380917147
BG01002	0.5301598837209301	0.17772260241834664	0.15849468413332965
BG01003	0.5925397134224499	0.16065095109173394	0.14005312801999065
BG01004	0.5359452252334735	0.1782172774322506	0.15269008898432418
BG01005	0.5102888665079655	0.18746243357974465	0.1635450224080579
BG01006	0.4993333409631936	0.15933296824407314	0.1394862789761341
BG01007	0.5010471983153267	0.16584087327699706	0.14300383454105625
BG01008	0.5217479628273209	0.18556981192287095	0.1598394627017772
BG01009	0.3941099386559238	0.1596404088435569	0.1352479478893329
BG01010	0.5814411279985352	0.1815474752125398	0.15324347825932003
BG01011	0.5680879188793262	0.172120317047011	0.14633489764552624
BG01012	0.5638047060977845	0.18948584882374592	0.1599701047232668
BG01013	0.5407520371726791	0.17641617058079084	0.15495767406343458
BG01014	0.5686372688152355	0.15637424924102036	0.13487538371782065
BG01015	0.536388710858817	0.17841160566506886	0.15655889421022162
BG01016	0.47268128547885013	0.17659621079470406	0.14696763987191627
BG01017	0.6105337850210585	0.1737482839445405	0.15052890764322516
BG01018	0.598522477568211	0.17364007525642708	0.14892324829169673
BG01019	0.558442821827504	0.16999720588315742	0.1491585700353207
BG01020	0.5709662836476836	0.20256951867535386	0.17545165800468646
BG01021	0.5040371497894158	0.1891259048363142	0.1688691605277978
BG01022	0.5425631752426296	0.18260735856921334	0.16089487379066802
BG01023	0.5116708249404871	0.18027192465200184	0.15528805659237785
BG01024	0.5365832722944517	0.17442613954943165	0.1551363272979876
BG01025	0.5193016388939755	0.16773550421647274	0.14494783216987678
BG01026	0.562087987548068	0.18164689950573878	0.15319645679524546
BG01027	0.591724272111335	0.1638984518786371	0.1401655725654946
BG01028	0.6013808139534885	0.1879014270085814	0.16499160523627002
BG01029	0.547959393883904	0.17630490721444317	0.1538860623646511
BG01030	0.5581338124885551	0.17639850404984445	0.14623815475413252
BG01031	0.5955153589086248	0.1805292437369143	0.1575033621011318
BG01032	0.5426490111701153	0.17711208005925644	0.14981583981026111
BG01033	0.5508062854788502	0.1753707865621557	0.15498247481655553
BG01034	0.5996183162424464	0.18790938899346152	0.1698743860343468
BG01035	0.5068239562351218	0.17989887742127839	0.15314742528344474
BG01036	0.5430953579930413	0.17158023855571933	0.14019822141190857
BG01037	0.6056840551181102	0.18246998942743564	0.15549615321502525
BG01038	0.5500537905145579	0.1740609916267092	0.14865058674238316
BG01039	0.5681794772019775	0.17289618205771765	0.14916862579847456
BG01040	0.5270612067386925	0.1865851496748937	0.16155992149666493
BG01041	0.5840076222303607	0.18122323270987073	0.15669792555283962
BG01042	0.5544571735945798	0.18183115128020133	0.15711093210331875
BG01043	0.5512125755356163	0.17439985044655096	0.15258562006745724
BG01044	0.4476458066288224	0.17024577313995032	0.1460937615561217
BG01045	0.633351835744369	0.17422714657265223	0.1541947962975314
BG01046	0.4836368110236222	0.17218695450736837	0.14961126186856416
BG01047	0.6081847418055303	0.18139393237356358	0.15806403898747073
BG01048	0.6279584783006777	0.19413773492551473	0.17241777200532332
BG01049	0.56909219923091	0.18316772259262898	0.15716930871887697
BG01050	0.5529006821095039	0.17466600900068263	0.15325632573088446
BG01051	0.5304402810840507	0.1644520076405921	0.14736567470856346
BG01052	0.5862450787401574	0.17196551152721956	0.14716089694826906
BG01053	0.5592010391869622	0.16609846158894975	0.14282957661910028
BG01054	0.5727888665079657	0.19076814018555327	0.16098831984100373
BG01055	0.6339641320271013	0.20320647512901155	0.17232255420569165
BG01056	0.5270755127266069	0.1887133492323917	0.16476725455205427
BG01057	0.5135964109137521	0.17699926294394874	0.1473371874889073
BG01058	0.5652124153085516	0.17539862186586003	0.1541217560791593
BG01059	0.5703082082036255	0.1920290140628366	0.16685463009602924
BG01060	0.5515530580479764	0.1923106285118876	0.16010072010297222
BG01061	0.6642184352682656	0.2074109925652065	0.18252400595702878
BG01062	0.5530952435451382	0.177423122885266	0.148111874765748
BG01063	0.5587661371543673	0.16347851556163887	0.13893677914964503
BG01064	0.5322256683757552	0.16799859632065522	0.1462003636146356
BG01065	0.5963679957883172	0.17559853272588594	0.14912223674085054
BG01066	0.5236821323933345	0.1857219772927	0.1580809518645747
BG01067	0.5546460126350488	0.175225032485085	0.15245766739420857
BG01068	0.5993808368430692	0.16153696131831144	0.13814345758967683
BG01069	0.6312631615088813	0.17880102344072796	0.1524830109121497
BG01070	0.5317907663431605	0.18564666547628164	0.16415560227756792
BG01071	0.5816585790148323	0.19644715415184524	0.16704283820430121
BG01072	0.5776500412012453	0.18286112895341128	0.15649352263553518
BG01073	0.5266577778795094	0.17069353320203065	0.14661541164203978
BG01074	0.5029584783006775	0.16998861924719663	0.1431533062989634
BG01075	0.5854067478483795	0.17605557769614147	0.15203466920203232
BG01076	0.5696644387474823	0.1761382449288512	0.15719211816851697
BG01077	0.5931520097051821	0.20102090322860108	0.17124798514723447
BG01078	0.37169245559421343	0.16422540586970186	0.1409259665565184
BG01079	0.5122716764328878	0.17224759370150872	0.14636599416863824
BG01080	0.5337134911188427	0.1714523130141876	0.14832478204335814
BG01081	0.49903863761215894	0.18250307977923272	0.15283731478356355
BG01082	0.5404229994506502	0.1580065128088527	0.1415488740959619
BG01083	0.5947313907709212	0.1676849874415856	0.14183555811059173
BG01084	0.5745771149972534	0.18689249309213835	0.15972502055832732
BG01085	0.6107598196301043	0.18142237002280487	0.15602041885253595
BG01086	0.6138155786485991	0.1724186111308966	0.15125756887264755
BG01087	0.6395348837209303	0.18880607899357374	0.1636146133031235
BG01088	0.6168627540743454	0.17800687471215926	0.14998299570962392
BG01089	0.5669062442776049	0.1667040680936702	0.14215223663983811
BG01090	0.5952464063358358	0.18850818309326245	0.16437386963517323
BG01091	0.5854639718000367	0.19495869361153556	0.16521346732569508
BG01092	0.6230114676799122	0.19625331745860128	0.1720950209749425
BG01093	0.5528405969602639	0.17374486557096566	0.15431320246817912
BG01094	0.5742766892510531	0.1793702129464011	0.15839814396623786
BG01095	0.5447777421717634	0.1913234249025971	0.1665085534747906
BG01096	0.5159254257462005	0.16325146682446431	0.1423784908014666
BG01097	0.5713153497527927	0.178483091726234	0.1501455586214751
BG01098	0.5436704587071965	0.17337866432300272	0.14923141772011211
BG01099	0.5320683025086981	0.1630911975506705	0.13901436399936298
BG01100	0.5675070957700057	0.18546236338435265	0.15414412068500463
BG01101	0.5413071095037538	0.16573482867359596	0.14196016792925015
BG01102	0.539587529756455	0.1664009720924533	0.14659003471957258
BG01103	0.6080588491118843	0.1753130648666979	0.15520831717805864
BG01104	0.5323258102911557	0.163138007365715	0.14301016373162
BG01105	0.45593183482878596	0.16738441207363736	0.14020839050203043
BG01106	0.5347006042849295	0.17901062906382123	0.15036641022531885
BG01107	0.5552010849661236	0.18761198319347974	0.15988057130663055
BG01108	0.6089744323383992	0.17756876612933045	0.1566385032286602
BG01109	0.6043650430324115	0.19115576094449094	0.16144794227647505
BG01110	0.5954094945980593	0.18537050401731228	0.16137974501038416
BG01111	0.6330971891594948	0.18475358289187024	0.1671821938599793
BG01112	0.5276792254165903	0.1921429430036344	0.1721894330055519
BG01113	0.620556560153818	0.1914904271266565	0.16636873451691514
BG01114	0.5820906198498443	0.16744320888325687	0.14291270399426012
BG01115	0.5812694561435636	0.16334285706128873	0.14596611890404554
BG01116	0.5900561939205273	0.16882221484319948	0.14401573619382296
BG01117	0.5727602545321369	0.16280229957939055	0.1457558645500397
BG01118	0.5874153085515476	0.18596829490949005	0.16056545757785728
BG01119	0.5286434490020143	0.17510336174622265	0.1514706987984338
BG01120	0.5223688427028017	0.1791956093381256	0.15647390195549632
BG01121	0.6206366736861382	0.17418205586805582	0.15387028759558588
BG01122	0.5936956372459259	0.17981558473477402	0.1575590299520387
BG01123	0.6176266938289692	0.18265350269217231	0.1561923106541237
BG01124	0.5503856894341697	0.18568270130879444	0.1587145825161938
BG01125	0.5431983611060246	0.18172759251123888	0.15652939803315252
BG01126	0.531928103827138	0.18881780363362594	0.16430628893231058
BG01127	0.6587363806995055	0.1717595766508253	0.1487947951920129
BG01128	0.5560823338216445	0.19796584912416124	0.17048123970986748
BG01129	0.5657674876396267	0.16876865877320651	0.1438051301050959
BG01130	0.5032245696758837	0.16037086429265235	0.14371354826831298
BG01131	0.5722824345357993	0.184802050719083	0.1623627492570842
BG01132	0.49061813312580105	0.16389630692490192	0.1410567131891272
BG01133	0.5180140999816882	0.16698685875693886	0.14700471964157164
BG01134	0.5748975691265334	0.1979468141609086	0.17172607042576238
BG01135	0.5074763092840138	0.17621306512572815	0.15229124111324946
BG01136	0.5067667322834646	0.18427098793265712	0.16329407727799236
BG01137	0.5517705090642739	0.1885853084457219	0.16277069341959502
BG01138	0.5482769868156014	0.17797427190830054	0.1518174407982154
BG01139	0.507104353598242	0.17350002847168483	0.14954364930557068
BG01140	0.5569549990844169	0.16979175585805478	0.14814277258560166
BG01141	0.6148112754074346	0.18850383367569148	0.16169968793893916
BG01142	0.5728088948910457	0.170684165450369	0.1501715351503744
BG01143	0.5560136650796558	0.18779270710800494	0.16029349134204424
BG01144	0.5562826176524447	0.16399255229287396	0.14134690008340972
BG01145	0.6174779115546604	0.184553215145518	0.15783732896170394
BG01146	0.6394833821644387	0.21795195082695157	0.19209562583963086
BG01147	0.6266537722028933	0.18343514481973586	0.15440371383124565
BG01148	0.521378868339132	0.15396772793410612	0.13388162699315562
BG01149	0.5529893792345724	0.1829442422195381	0.16415965621564232
BG01150	0.5602968778611975	0.1641174471294082	0.14283481557363087
BG01151	0.6005739562351218	0.18585870869007054	0.1563303051537531
BG01152	0.5713210721479582	0.1827506696998829	0.15571902024781725
BG01153	0.551441471342245	0.18260340793841717	0.1587001630145095
BG01154	0.5058969282182751	0.16604004818698903	0.139191326860525
BG01155	0.4958312351217727	0.15994792151696433	0.13846477235282575
BG01156	0.6180100943050724	0.18211030948647353	0.15925410742083318
BG01157	0.5329981917231277	0.16821907882442105	0.1423597218269586
BG01158	0.5612095998901303	0.17356833822759724	0.14873669691367689
BG01159	0.5736786989562352	0.18692162625393266	0.16565316145840325
BG01160	0.5571323933345542	0.1709286452291398	0.14287555178281713
BG01161	0.6083077733015934	0.1847799732019582	0.15598456012200462
BG01162	0.41874771104193365	0.1672778144547181	0.14192614656035135
BG01163	0.5236992995788318	0.18351896313818544	0.15875914159839635
BG01164	0.5397935359824206	0.16354637284703571	0.1429491430073456
BG01165	0.6447336797289873	0.1765309246577086	0.15211809752703978
BG01166	0.5912722028932429	0.16681370704573256	0.14319053066798787
BG01167	0.525046923640359	0.1631977043181398	0.141223914073304
BG01168	0.6174636055667461	0.16583751232481841	0.1488569998610516
BG01169	0.6056840551181102	0.17473434111290317	0.15258432359638424
BG01170	0.5153159906610512	0.15831871332687023	0.13910052492462208
BG01171	0.4658058276872367	0.16709211458553283	0.1413583339051765
BG01172	0.6134407617652446	0.1931957117151189	0.1628424426363731
BG01173	0.4803006546420069	0.18350170017476383	0.15741406851702996
BG01174	0.4468503937007876	0.16619108195488436	0.14592946932337642
BG01175	0.5990317707379601	0.1824631804162778	0.16128274559291983
BG01176	0.5771293032411646	0.1879378144600644	0.1627944761726942
BG01177	0.4923977980223403	0.1713892675588397	0.1503757848738694
BG01178	0.6087054797656106	0.1835182908882103	0.1535103617328075
BG01179	0.4712478254898369	0.16605571399292804	0.14701726707123347
BG01180	0.46658121223219196	0.16466094335512863	0.1458096008770609
BG01181	0.5743053012268813	0.17848163360528066	0.15015884687651707
BG01182	0.5210755813953487	0.18970345344876907	0.16656340886465257
BG01183	0.5046036669108221	0.1811919727736038	0.15707220993686621
BG01184	0.44597200604284937	0.1615807059244909	0.13978695856050785
BG01185	0.5230440853323568	0.15572133305388228	0.1354178864095361
BG01186	0.42909666269913943	0.16149863375564388	0.13528876476356314
BG01187	0.5741565189525728	0.1746906612179751	0.1472836544396972
BG01188	0.4502266068485629	0.16146420912114526	0.14044700412320085
BG01189	0.5402999679545871	0.17873141639926063	0.1596936782136684
BG01190	0.5408664850759934	0.1915447313667778	0.15976333397536435
BG01191	0.46442386925471524	0.18442836182677186	0.15761034247093061
BG01192	0.6019416086797289	0.16669768797343934	0.14304993167946964
BG01193	0.5819590047610329	0.17627875636045356	0.1490492151511947
BG01194	0.5652839452481232	0.18100737054892926	0.1599446939296601
BG01195	0.5826971937374109	0.17789490852627926	0.15429028493352098
BG01196	0.6272860968687053	0.18365977504820713	0.15727340922522304
BG01197	0.39466214978941583	0.19535099687548416	0.16891671199211622
BG01198	0.5885769547701885	0.1841563665530064	0.1578321925151664
BG01199	0.5706544131111517	0.16918172845832252	0.14457184110537422
BG01200	0.5844167734847099	0.19089510555968545	0.1653387203451962
BG01201	0.5756700924739059	0.19064865068937917	0.15911536168758275
BG01202	0.5873895577733017	0.17705361491254015	0.15498564987944802
BG01203	0.5337735762680829	0.15995894943381922	0.1381583753029131
BG01204	0.594202069218092	0.1826144369007789	0.15868823619098432
BG01205	0.5423371406335835	0.17687431670933235	0.1478334924191464
BG01206	0.5774268677897822	0.18993552470249897	0.16034250858447857
BG01207	0.6156324391137153	0.17409587983982056	0.15018423431318065
BG01208	0.5946569996337665	0.1878117592558129	0.16533378557827627
BG01209	0.6305192501373376	0.1979531885256552	0.17040984452868088
BG01210	0.5754926982237686	0.17001368771829822	0.15004605914636499
BG01211	0.6019158579014833	0.18308599082476013	0.1542230756896532
BG01212	0.539215574070683	0.1693065194448395	0.13814543600316
BG01213	0.5788288546053837	0.17504940655060905	0.15164973300555334
BG01214	0.5795126808276874	0.17279111906867226	0.1468402114470807
BG01215	0.5942135140084236	0.17435790587984284	0.1522261230239924
BG01216	0.5999216031862294	0.18893632291111126	0.1679174107492583
BG01217	0.5767287355795643	0.1863629072057565	0.16139889808975838
BG01218	0.5491839864493683	0.16951432874353028	0.14872348126741372
BG01219	0.5090413843618383	0.16720076622448085	0.14243300606481138
BG01220	0.5149526185680278	0.16413422251939985	0.1412389696233089
BG01221	0.5814039324299581	0.17003537069136565	0.14898658232043654
BG01222	0.5581881752426294	0.17801438424945012	0.155796662601133
BG01223	0.539607558139535	0.1742320235677361	0.14538503579797282
BG01224	0.6433059421351403	0.18146207076105755	0.15888559692586
BG01225	0.5702910410181286	0.1634560498943577	0.14266910992688436
BG01226	0.5290897958249404	0.17239212033417983	0.14993898919379361
BG01227	0.3444824665812122	0.1629096457744401	0.14171646867469184
BG01228	0.6191688793261307	0.174785377320064	0.1489217152668379
BG01229	0.5708718641274493	0.19545340535531913	0.16808566691657018
BG01230	0.6066053607397913	0.1911147450115261	0.16324942799373116
BG01231	0.5916269913935175	0.16601589150844345	0.14704189736018639
BG01232	0.5103117560886283	0.1683332956708577	0.1404698052391756
BG01233	0.4884121497894157	0.16145619430700053	0.14055207093891378
BG01234	0.5370610922907892	0.16633484001784898	0.145080334295773
BG01235	0.6367995788317158	0.19615433049674047	0.17210278944418478
BG01236	0.6205823109320635	0.18897217652222742	0.16781997467615026
BG01237	0.5073933345541108	0.17041651447098377	0.14937592309763642
BG01238	0.5327435451382531	0.17790936322211806	0.15446430262597283
BG01239	0.544208363852774	0.18572196296274984	0.15640015410361224
BG01240	0.5462998992858453	0.1815045671421271	0.15427533066471186
BG01241	0.5773324482695477	0.1884046190907665	0.1675051521157219
BG01242	0.5176850622596595	0.17414233662382778	0.14923560701300123
BG01243	0.6215350897271563	0.18036023795563974	0.1582289830759329
BG01244	0.6106940120856984	0.17112108892128639	0.145306127025388
BG01245	0.48771401757919786	0.1781060546767665	0.15241218516125782
BG01246	0.3960784425929319	0.17048559913317293	0.1482540447086435
BG01247	0.5547089589818714	0.19486241203595783	0.1608874544844152
BG01248	0.542042437282549	0.1834377360980151	0.16164356824240095
BG01249	0.616198956235122	0.17530995896206605	0.15525303262800053
BG01250	0.5536560382713789	0.18532092439623676	0.159366023675186
BG01251	0.5766972624061526	0.1791372567597465	0.15356591689683802
BG01252	0.5867887062809009	0.18078211832370933	0.15785465771872545
BG01253	0.5727259201611428	0.1777795520878953	0.15127688781332424
BG01254	0.5878988509430507	0.19505252882293575	0.16999762913569336
BG01255	0.5327836019044132	0.17105471982782708	0.14814978996858982
BG01256	0.5180026551913568	0.16929919478971148	0.13904966331488094
BG01257	0.5098482420802051	0.19078101866184874	0.16098047326814183
BG01258	0.5272586293719099	0.1764387957853802	0.146526185749075
BG01259	0.5490008698040654	0.1610908356320873	0.1358313403075478
BG01260	0.622805461453946	0.17399960985093657	0.1487382990487792
BG01261	0.6001619437831898	0.17714873685128502	0.15275101761810936
BG01262	0.5694841832997621	0.19077604108289864	0.1618718913736664
BG01263	0.4863778383080023	0.171069765619849	0.1428442670367828
BG01264	0.5395560565830435	0.16482370101776855	0.1390213006449687
BG01265	0.6009716626991394	0.19092645847483458	0.16940450901808385
BG01266	0.4923977980223403	0.1694455773209747	0.14416249546161447
BG01267	0.5518820957700055	0.1900969016263786	0.16109958595764975
BG01268	0.5666315693096502	0.18318626332928262	0.16153295438556128
BG01269	0.6183191036440214	0.1740171981347058	0.1544477764813666
BG01270	0.5525144204358176	0.1877252303058255	0.16888382165353052
BG01271	0.6230858588170667	0.19162475718987962	0.16570566426201533
BG01272	0.5957671442959165	0.18712692621559893	0.15750759341279696
BG01273	0.6074036348654093	0.19298698665390282	0.16731831028811545
BG01274	0.6138155786485991	0.17918709855809242	0.1542609808688386
BG01275	0.5560251098699873	0.19651054480846733	0.17082368300833753
BG01276	0.5970976011719464	0.20265637155473923	0.1748960871343313
BG01277	0.5154504669474457	0.15570400865508957	0.13630238060058536
BG01278	0.4372510758102913	0.1750383499398555	0.14681647691407038
BG01279	0.6040417277055485	0.18757792530190726	0.16738744841253866
BG01280	0.5289696255264602	0.16932092571627747	0.14476546439227123
BG01281	0.43825535616187516	0.1727131378296614	0.1475911036785556
BG01282	0.5189210996154551	0.18115939092346817	0.1569269290870225
BG01283	0.5889861060245378	0.17885603149067147	0.15743512138817653
BG01284	0.4504698086431056	0.17562784051408697	0.15352663252423124
BG01285	0.576282388756638	0.17534963164163536	0.14492755153712034
BG01286	0.5920733382164438	0.18345983401386046	0.16153164627957323
BG01287	0.5378565052188242	0.1767723917138241	0.15368251421827522
BG01288	0.5489779802234025	0.16805090022097618	0.14438282971086286
BG01289	0.48566253891228695	0.15628933841798417	0.13680934964282104
BG01290	0.5196735945797473	0.16463482733677723	0.14239975211993994
BG01291	0.462647065555759	0.15212897315843027	0.12795442798915618
BG01292	0.6684043673319903	0.18902900129723182	0.16338616306891174
BG01293	0.5715642739425015	0.17834826186495017	0.15432988304709866
BG01294	0.5247379143014101	0.17223265495931198	0.1487067688381632
BG01295	0.5128467771470426	0.1654483616443425	0.1473064489568506
BG01296	0.5341512543490206	0.17798424807096064	0.15039441761168942
BG01297	0.4873163111151802	0.1767014130554362	0.1453495259599333
BG01298	0.5233674006592199	0.1707110599783694	0.14403441600531827
BG01299	0.5564342611243362	0.17133613110462867	0.14292261962107572
BG01300	0.47450672953671497	0.16550456960795615	0.14526016260496738
BG01301	0.5586030488921445	0.17969498625916222	0.1519952573845075
BG01302	0.6197153680644574	0.1744883381031775	0.1518242010528069
BG01303	0.5013304568760301	0.16616497043809664	0.14187207876362312
BG01304	0.6001390542025272	0.1785236103838268	0.1573917875329099
BG01305	0.5819590047610329	0.19263315486981453	0.16628030555112383
BG01306	0.601063221021791	0.17477009898416276	0.14678389910864298
BG01307	0.5192558597326499	0.17137931414076335	0.1474014601017532
BG01308	0.5581395348837208	0.1742765627228364	0.1548397041742144
BG01309	0.6094379463468229	0.19573731963306223	0.1686683377759447
BG01310	0.5658504623695294	0.18649761941008497	0.15852258453060705
BG01311	0.5920733382164438	0.17905627791800954	0.15165591312272703
BG01312	0.5507776735030215	0.18671817247402694	0.15987752381948878
BG01313	0.5539593252151621	0.16184076157700333	0.14656834858086043
BG01314	0.5308208203625712	0.17503202859802222	0.15162052416719002
BG01315	0.5875412012451935	0.1847130188752772	0.16150284406416543
BG01316	0.570428378502106	0.19110636587750945	0.16477016705969239
BG01317	0.6005024262955503	0.17835627688049904	0.15273865246206172
BG01318	0.558385597875847	0.17503541699570427	0.14735591418553562
BG01319	0.45871005768174344	0.1765243147314345	0.1520847845885405
BG01320	0.6200014878227429	0.1967809777106235	0.1671353269043036
BG01321	0.4699230910089728	0.18563496616509592	0.15392841275435423
BG01322	0.5482598196301045	0.18169615188527793	0.1549990350772414
BG01323	0.5226635460538361	0.17126064539055533	0.14063596189826935
BG01324	0.6273175700421167	0.19637532963005627	0.1673172075164605
BG01325	0.5440595815784656	0.17031184213189782	0.1507138127242278
BG01326	0.5529035433070864	0.17374515729703685	0.15090572954030765
BG01327	0.5758789598974545	0.16234586935419912	0.13900041060774823
BG01328	0.6113950054934995	0.18801166589900126	0.16286891486081534
BG01329	0.6221845815784657	0.1825442687595255	0.15960126073751116
BG01330	0.5764511994140267	0.18858806344564127	0.15689627445644788
BG01331	0.5740964338033326	0.17493047166769035	0.14906009568215076
BG01332	0.46869277604834286	0.17569756914837004	0.15035337549078998
BG01333	0.5299109595312215	0.16623030028068392	0.14364364019097994
BG01334	0.4012228758469144	0.16123191273234166	0.1379513490298164
BG01335	0.6078013413294269	0.18051497425469862	0.15474832121786686
BG01336	0.6312746062992127	0.1849344388951588	0.1597594346938469
BG01337	0.5278966764328878	0.1932221848412054	0.17018705499443199
BG01338	0.5910576130745286	0.17663246235406246	0.15279208429851013
BG01339	0.5994609503753892	0.18529678683570386	0.16280638856831206
BG01340	0.6613744048709028	0.18633463137174153	0.16014751424353513
BG01341	0.5586030488921445	0.1760846393371956	0.15086761982188376
BG01342	0.46536234206189353	0.15936094559084973	0.1369152268695286
BG01343	0.7023725050357077	0.19337139440146417	0.16900038894242195
BG01344	0.5953923274125619	0.1847127678114376	0.1601978106656392
BG01345	0.4849844350851492	0.16692234718890553	0.14652047801269671
BG01346	0.5215705685771835	0.17189540595783437	0.15251377498301869
BG01347	0.4686269685039368	0.15625296954675497	0.1350914019308567
BG01348	0.5407520371726791	0.18177198462597915	0.15596725607768508
BG01349	0.6292689067936275	0.1798394134293445	0.15680437248371196
BG01350	0.5502884087163524	0.17303088302412378	0.1511201232250609
BG01351	0.5616130287493133	0.16928215391179186	0.15268964093296775
BG01352	0.5983336385277424	0.19294773088580208	0.16719968916923716
BG01353	0.6714772935359824	0.19399863890751806	0.17268203218768535
BG01354	0.47750812580113533	0.16053823257222516	0.13830873328540821
BG01355	0.5223688427028017	0.17651850083501314	0.15598677204259292
BG01356	0.5957671442959165	0.17398696229602081	0.14805882961234731
BG01357	0.35692867606665446	0.16733357976020657	0.14247737110971898
BG01358	0.5525916727705549	0.17810494320661674	0.1540796670075641
BG01359	0.5926026597692732	0.2003100767304855	0.17465675885115856
BG01360	0.5260941219556858	0.1835151466302429	0.16051044591117672
BG01361	0.4645240111701153	0.16854209426192807	0.14371149510921366
BG01362	0.5445116507965573	0.17650897210608696	0.1520045185352629
BG01363	0.6474718458157847	0.16815286143526098	0.15162665254771174
BG01364	0.55723825764512	0.16296598731322173	0.1381102235619563
BG01365	0.5352499542208387	0.18236135300060954	0.15767476128858648
BG01366	0.5850748489287676	0.19252859233952585	0.1678707645202254
BG01367	0.5388865363486541	0.1790160479306249	0.16069577045596112
BG01368	0.5287035341512543	0.16176188109235873	0.13556969498000185
BG01369	0.5363057361289141	0.1665750630707062	0.1479386329485825
BG01370	0.5763682246841237	0.1942637765289937	0.16666358378757895
BG01371	0.5544972303607398	0.17375396876472546	0.1465489090350956
BG01372	0.5232529527559056	0.16560521700458092	0.14314620619552842
BG01373	0.44981459439663063	0.17940453496344863	0.15646583934736835
BG01374	0.5244603781358725	0.16202977179542086	0.14662811202360032
BG01375	0.5621080159311482	0.173483000297103	0.15221933095925946
BG01376	0.5797015198681559	0.2001082659330217	0.1752206044690074
BG01377	0.4981545275590552	0.15617148696874691	0.12942190667069337
BG01378	0.632659425929317	0.18367105507539244	0.15966446176896856
BG01379	0.5460223631203075	0.2041516576167576	0.17634886237110764
BG01380	0.593893059879143	0.1847109947694158	0.1584364961732603
BG01381	0.6323904733565283	0.16894357475119962	0.1513323576337128
BG01382	0.567944859000183	0.1603128726346675	0.14232035292257525
BG01383	0.591000389122871	0.1777434163195683	0.15714757635809873
BG01384	0.555046580296649	0.16820844839502844	0.15010687424344232
BG01385	0.62344923091009	0.19923462138564949	0.17007619573240426
BG01386	0.6087855932979307	0.18535508863494288	0.1527241645577517
BG01387	0.5379366187511445	0.1686662386359992	0.14511936401638328
BG01388	0.5456217954587073	0.1683763855427053	0.1429983777838435
BG01389	0.5767373191723126	0.18569234351787503	0.15982917090002988
BG01390	0.5265175791979491	0.18509144484692927	0.15989074640677073
BG01391	0.5312213880241714	0.1877611097264577	0.16239594008093966
BG01392	0.5501167368613809	0.17452033455091395	0.15431298838448743
BG01393	0.5338679957883172	0.17564133401288504	0.15482270357614464
BG01394	0.4563438472807178	0.1729856716148777	0.14899920412582562
BG01395	0.5881191631569311	0.1764184066313988	0.15547457952461996
BG01396	0.5978329289507416	0.1908664717877552	0.16878389490059303
BG01397	0.5539593252151621	0.1823372925770364	0.16235628078314082
BG01398	0.6040417277055485	0.16591653747634444	0.1466197462646719
BG01399	0.5165148324482697	0.1758407518304999	0.1535859060634063
BG01400	0.700567089360923	0.17763942267408117	0.15505362616489135
BG01401	0.49824322468412374	0.17033644508945459	0.1434281925085549
BG01402	0.5679133858267715	0.16880495922024635	0.14460456293285948
BG01403	0.5756472028932431	0.182391845223775	0.15741919236901114
BG01404	0.609867125984252	0.17630566048925217	0.15403747317168853
BG01405	0.5301598837209306	0.17053848161422844	0.1470808122432108
BG01406	0.5816585790148323	0.17325442197316415	0.14967599458137393
BG01407	0.6224935909174143	0.17646593415942968	0.15375681555488344
BG01408	0.5095306491485075	0.17041929510375695	0.14614340644273766
BG01409	0.6078070637245925	0.1732574778153699	0.1521948757373252
BG01410	0.5756472028932431	0.18233410584415458	0.16093963726396027
BG01411	0.5572611472257828	0.16608403893324714	0.14347116759072437
BG01412	0.553490088811573	0.18165495379144228	0.160872938924329
BG01413	0.45368865592382335	0.17699658043849473	0.15298861954726944
BG01414	0.6432744689617287	0.18816534806556318	0.16472376451335796
BG01415	0.5546574574253801	0.17302704242344938	0.14485640966782248
BG01416	0.4220495330525544	0.17184072450541324	0.14680479789173223
BG01417	0.5313015015564914	0.16372335529811746	0.14210745611396697
BG01418	0.5776500412012453	0.17689803408807186	0.1512615530687455
BG01419	0.603701245193188	0.19963473761606573	0.17395157020952154
BG01420	0.6162790697674421	0.1783076070712826	0.15484201537809744
BG01421	0.5314817570042116	0.16240756782821567	0.1421416287948488
BG01422	0.4639002700970517	0.17874774031752902	0.15640495019098175
BG01423	0.573664392968321	0.17580353153077077	0.15351852516030995
BG01424	0.5460223631203075	0.17862743206071904	0.1560121421040652
BG01425	0.5890347463834464	0.19195187455821455	0.1716821740589181
BG01426	0.6197525636330343	0.1964513043599107	0.1698237621638398
BG01427	0.578720129097235	0.17396881461695912	0.14887903096697241
BG01428	0.6192289644753709	0.1811817434421133	0.15617944812399764
BG01429	0.5997785433070868	0.17549668129376425	0.14585986131448742
BG01430	0.5630321827504121	0.18050480995154597	0.1570358867687583
BG01431	0.4499919886467681	0.16580169133776	0.1424265951444951
BG01432	0.5213073383995604	0.16717816850937742	0.14229179682977028
BG01433	0.5477848608313496	0.17464573894505767	0.15225941039500263
BG01434	0.5693926249771107	0.1816217718252404	0.15922617675419817
BG01435	0.5312213880241714	0.18752455798490988	0.16161130627753567
BG01436	0.4479920115363487	0.16350882377765058	0.13451156036578188
BG01437	0.5996326222303607	0.20064383735816663	0.17214915240980205
BG01438	0.4563438472807178	0.16478636456358037	0.14201498705494114
BG01439	0.49684982146127077	0.1717644291404836	0.1463235496853325
BG01440	0.480955868888482	0.1670726273447157	0.14562746012469652
BG01441	0.6177468641274491	0.2039579633739915	0.1698218523525509
BG01442	0.5739276231459438	0.1750489979736731	0.14937788736372767
BG01443	0.4264214429591649	0.17338151726553244	0.1535510122177629
BG01444	0.5686372688152355	0.1744769041804501	0.15497949574200923
BG01445	0.5316906244277603	0.17452687218390583	0.15521180438412743
BG01446	0.5893780900933896	0.19179653090925924	0.16588625050423467
BG01447	0.5540480223402309	0.16813653355610841	0.1443318661745986
BG01448	0.5400109869987182	0.1814018648382985	0.15567412261360639
BG01449	0.46034952389672235	0.16347465870688865	0.14219934964410433
BG01450	0.6196753112982971	0.16855855340441472	0.14820999563036708
BG01451	0.5669291338582678	0.17764861880350888	0.15015675397632683
BG01452	0.5592039003845451	0.16421514538086762	0.13846852995689204
BG01453	0.5424773393151439	0.16133911836572268	0.14335190061755987
BG01454	0.5598963101995971	0.17322693856088203	0.14728583461001205
BG01455	0.5816585790148323	0.17793729664044308	0.15076404107237612
BG01456	0.5592868751144477	0.17330290521379318	0.15040255219098214
BG01457	0.5848888710858817	0.17769916507104364	0.14914586962842408
BG01458	0.608902902398828	0.18151688588979772	0.15889710897580353
BG01459	0.46505905511811013	0.15570927407855803	0.1320239860102847
BG01460	0.5854067478483795	0.1697904852974751	0.1449027559486232
BG01461	0.5597246383446254	0.18088861055686117	0.15287095731509726
BG01462	0.4426215436733201	0.16483203271385655	0.14858408026055808
BG01463	0.5118739699688701	0.17064843723827205	0.14865022869417466
BG01464	0.5796957974729902	0.178312469951299	0.15466948817692053
BG01465	0.6265994094488191	0.1862953176204739	0.16234117911504148
BG01466	0.4767642144295916	0.17166190326244538	0.14742411061985292
BG01467	0.5990517991210401	0.175565159564454	0.1541040163525333
BG01468	0.4493739699688701	0.15852143767615134	0.13641751100970193
BG01469	0.48712174967954575	0.1638801369706948	0.13797580097095125
BG01470	0.5309896310199599	0.16527115125666075	0.14158404443137437
BG01471	0.5948372550814871	0.17903323327689874	0.1556433302781381
BG01472	0.5461997573704449	0.18272505869010697	0.15902789469905096
BG01473	0.6306165308551548	0.18842343885388027	0.1641178973363786
BG01474	0.44236689708844523	0.1644274072107798	0.14158032868066822
BG01475	0.5765770921076728	0.18326271162917	0.16118498140478735
BG01476	0.5805856299212598	0.1833020485483083	0.15295823631745886
BG01477	0.5208695751693828	0.1699143157983988	0.14257319158843335
BG01478	0.6284076863211865	0.18366406336349816	0.1572545143998358
BG01479	0.6302789095403776	0.17389653166197339	0.15007040022321214
BG01480	0.6125480681193922	0.16749833060551672	0.1466448515694005
BG01481	0.5720220655557591	0.17457126556064115	0.15620767412011
BG01482	0.5439107993041568	0.16501204796759453	0.1429790746180718
BG01483	0.527959622779711	0.1572822171486959	0.13767823338507224
BG01484	0.607180461453946	0.19337009498787822	0.17011438941396806
BG01485	0.49842348013184423	0.17454204852393518	0.1476407750215808
BG01486	0.5128868339132028	0.161421776663576	0.13604783108510507
BG01487	0.5997985716901668	0.17720116881083706	0.1492258047174057
BG01488	0.5408922358542392	0.17379936988188277	0.14539118310982307
BG01489	0.5842737136055667	0.17535802698312336	0.150081724583491
BG01490	0.5919817798937923	0.1862588671601	0.15928832639546123
BG01491	0.5374359091741439	0.16892305749846673	0.14372430481467618
BG01492	0.4867040148324483	0.172493149073281	0.14877401991301514
BG01493	0.5385574986266253	0.16801419549652163	0.14602013431712935
BG01494	0.5232357855704082	0.1540592903047599	0.13488229690719747
BG01495	0.5424773393151439	0.1674669906894067	0.1464545400156477
BG01496	0.5342885918329976	0.16529225316637713	0.13626859156079718
BG01497	0.5316334004761034	0.16485948786808247	0.14538256732182367
BG01498	0.5717473905878045	0.17316524776992137	0.15518776891008482
BG01499	0.5835469694195203	0.16416161635131865	0.14283955456832648
BG01500	0.5860676844900201	0.18538882555528458	0.15845042440062804
BG01501	0.5358078877494965	0.16560974616003718	0.1456685805428707
BG01502	0.536388710858817	0.17486289713880893	0.15122330458559693
BG01503	0.6016182933528658	0.18399681786451677	0.15683802929918697
BG01504	0.5732638253067205	0.1861638178860711	0.15763709824067645
BG01505	0.5516589223585424	0.17842849115291745	0.15472131873456135
BG01506	0.583793032411646	0.1796952782840996	0.15140522357735167
BG01507	0.5981076039186962	0.16601774182912524	0.1428193601614405
BG01508	0.6294062442776047	0.1908837958732012	0.16136562842095
BG01509	0.5492240432155283	0.17852226402043556	0.1502882644066153
BG01510	0.5375045779161325	0.17885247420685363	0.15871191070977447
BG01511	0.501084393883904	0.17331516264722927	0.15100066331599207
BG01512	0.557341260758103	0.18291169800499796	0.16254581692644982
BG01513	0.5529064045046697	0.17350192818373267	0.14657316814456792
BG01514	0.616808391320271	0.17263958028051665	0.15143275034235842
BG01515	0.5971433803332722	0.1698794353601172	0.15000639128293852
BG01516	0.5782251419154001	0.19523774232031832	0.17685373647355043
BG01517	0.5133503479216261	0.18504912909134075	0.1616425282634061
BG01518	0.5832808780443142	0.17457737721181538	0.15199435669156353
BG01519	0.6143935405603369	0.18687663239213825	0.16078545332664682
BG01520	0.643039850759934	0.1892841394128667	0.16878274866820836
BG01521	0.557524377403406	0.1710958093609702	0.14885834802016568
BG01522	0.6002449185130927	0.18871516463171892	0.1622167468816888
BG01523	0.6640009842519685	0.19112665317356936	0.16653541125083587
BG01524	0.6076754486357812	0.1860658595147095	0.16165308614715884
BG01525	0.5732180461453948	0.18256761639147334	0.15824803104587842
BG01526	0.5689520005493498	0.18625213785896247	0.16085255575260965
BG01527	0.5572611472257828	0.16296214582621127	0.14238704819392986
BG01528	0.6214978941585791	0.16748613697564915	0.14883016473718366
BG01529	0.552013710858817	0.17975434477432714	0.1550079892399519
BG01530	0.5035335790148325	0.18657098016012202	0.1552117401615425
BG01531	0.6043650430324116	0.16970602705137067	0.14766274037023627
BG01532	0.6528909540377221	0.19321784554092072	0.16481292868947178
BG01533	0.6035038225599707	0.20150793010600276	0.1745557595000809
BG01534	0.513719442409815	0.16029180955315245	0.1381201889926688
BG01535	0.5640221571140818	0.180602510715619	0.15287422145890167
BG01536	0.6287224180553013	0.19327571350606673	0.1710387956712886
BG01537	0.6334348104742724	0.18202429179824967	0.15827297987018055
BG01538	0.5295905054019412	0.17208355955747703	0.15205479143336245
BG01539	0.5630894067020692	0.15239879273089793	0.13595950112489893
BG01540	0.5342714246475005	0.17708129888725313	0.14702031433734347
BG01541	0.5101944469877312	0.17381027979374009	0.14771068912475122
BG01542	0.6260214475370811	0.1895505215667886	0.16487372203790257
BG01543	0.5927485808459991	0.18994172818669836	0.16169882146906192
BG01544	0.497542231276323	0.1634618549561285	0.13914459184444772
BG01545	0.5978958752975647	0.18330587310562513	0.15597000044743034
BG01546	0.5687231047427213	0.18150097531355963	0.15544042055663052
BG01547	0.5040829289507416	0.17191803897066255	0.14639965535807195
BG01548	0.6087112021607763	0.16960114997295245	0.14800951285310684
BG01549	0.516263047060978	0.17041144041781903	0.14343283651499622
BG01550	0.5696272431789049	0.17478581012568567	0.15436988952453157
BG01551	0.5933894891045595	0.18026183644148913	0.1521626620567489
BG01552	0.6251030031129827	0.16864473540842878	0.1446143689212444
BG01553	0.5395045550265518	0.19686718281640475	0.17250404556153712
BG01554	0.6090259338948911	0.17989538824465534	0.15900278230540266
BG01555	0.5203574208020509	0.15576019896723983	0.1365882085798081
BG01556	0.5766972624061526	0.16637587352406355	0.14661709200483994
BG01557	0.5841363761215894	0.17813828168281198	0.1572154334763746
BG01558	0.45765141457608516	0.1705905099405169	0.1537721845417688
BG01559	0.6426049487273393	0.19005736496008901	0.16783526266639787
BG01560	0.5967313678813403	0.17307241939011425	0.15410723219389263
BG01561	0.5348465253616551	0.16916688442202515	0.14925946727262923
BG01562	0.5803796236952938	0.17404057107175827	0.158388250880869
BG01563	0.61717748580846	0.18749039910293983	0.1612021230589161
BG01564	0.6155837987548067	0.17743282844082808	0.15517628131145828
BG01565	0.5638476240615271	0.1651993643812001	0.14061707398674564
BG01566	0.569727385094305	0.1776508767184758	0.15502362652596793
BG01567	0.5769204358176159	0.17160224301298965	0.14591102805868586
BG01568	0.6328196529939574	0.19048627925956824	0.171803025272843
BG01569	0.5386662241347737	0.153527462196134	0.13551165726511957
BG01570	0.6463388115729719	0.2036674155636274	0.17844781387387995
BG01571	0.5570465574070688	0.1812456597697954	0.15341194912402695
BG01572	0.4377861197582861	0.1650951117868269	0.14662137498438135
BG01573	0.5689405557590186	0.18957222291810927	0.16478036606800667
BG01574	0.5439508560703167	0.16300635554731985	0.14209825611170818
BG01575	0.5682567295367149	0.1665073544913154	0.1409640607131846
BG01576	0.6060846227797106	0.17360785847697233	0.1519483295650665
BG01577	0.5713210721479582	0.17866096875786516	0.15089428285517562
BG01578	0.5739276231459438	0.18014064826780957	0.15887352607063557
BG01579	0.5531496062992127	0.16769272045849942	0.14354234245445935
BG01580	0.5174161096868706	0.16763931579969055	0.14044438735949763
BG01581	0.5409494598058964	0.1760681276454499	0.14676039881326391
BG01582	0.5993951428309832	0.17336455296166722	0.15003100459757596
BG01583	0.578411119758286	0.19148344341096635	0.16794686286231458
BG01584	0.5540909403039735	0.17239992081052571	0.14730924995560715
BG01585	0.5247579426844899	0.1542739401861704	0.13605663520275774
BG01586	0.6439268220106208	0.17597285172551322	0.1535807939023674
BG01587	0.4986638207288042	0.18639508920292372	0.16555139189435328
BG01588	0.5909259979857169	0.18375290837168023	0.15677881252943496
BG01589	0.44427531587621316	0.15575187788163752	0.13668639742418515
BG01590	0.5600908716352315	0.18460026215277425	0.15964710729278483
BG01591	0.571444103644021	0.15924557962836447	0.13580224417870362
BG01592	0.618565166636147	0.1998526357167598	0.17143564601294808
BG01593	0.49994277604834303	0.16852320030735868	0.14198126391412674
BG01594	0.565921992309101	0.19268126356149437	0.16179936584215576
BG01595	0.5473814319721664	0.1826535472013966	0.15480233277760566
BG01596	0.48358244826954766	0.16424129117145797	0.1435531698655203
BG01597	0.576282388756638	0.17397183132135302	0.1507376733006484
BG01598	0.5156908075444058	0.16363240816439004	0.14172253263686066
BG01599	0.5621795458707195	0.18049014044076991	0.15604114268406705
BG01600	0.5521081303790514	0.17486378838726918	0.14674582645091927
BG01601	0.5819561435634498	0.17972772540936363	0.14979750802542846
BG01602	0.5663053927852042	0.1811553660105038	0.15883192668719243
BG01603	0.36192718824391146	0.17349504941652294	0.15128271485435327
BG01604	0.5608662561801868	0.19236697262217367	0.16551163981044562
BG01605	0.6187253937007875	0.19460580469136127	0.1710607739561949
BG01606	0.541058185314045	0.1615728667617104	0.14230966552369861
BG01607	0.6131117240432156	0.1872575744750991	0.1555818530576354
BG01608	0.6488023026918146	0.18156119752270317	0.1600803919977804
BG01609	0.5400596273576269	0.17043795710799464	0.15088059996638373
BG01610	0.5888659357260576	0.1796859131874172	0.15532933669319013
BG01611	0.5847687007874016	0.18456805289588946	0.15790583265175115
BG01612	0.561292574620033	0.17945946996067402	0.15500336871772807
BG01613	0.496806903497528	0.17395766444460262	0.14766115838526056
BG01614	0.458469717084783	0.16657170216292277	0.14271577267742075
BG01615	0.5828345312213881	0.19113042449124046	0.16689716111004924
BG01616	0.5271413202710126	0.1641514511805317	0.13848377848142507
BG01617	0.5502426295550267	0.18289162160593017	0.16158791808522915
BG01618	0.4975479536714888	0.16272824336657035	0.13730320904867743
BG01619	0.5388321735945798	0.17897304070629833	0.15140712763892067
BG01620	0.5213073383995604	0.17324150448379294	0.15327424489502114
BG01621	0.5468034700604285	0.1818561299270393	0.15865216889440542
BG01622	0.5989688243911371	0.17186947724125606	0.15059921885686264
BG01623	0.5068783189891961	0.18188542441356553	0.1567031217621117
BG01624	0.5413214154916686	0.1742700340232929	0.1535059309275549
BG01625	0.5908373008606479	0.19115439649086202	0.16408865588895014
BG01626	0.5253130150155647	0.169725722453781	0.15082219175319303
BG01627	0.5577733015931149	0.18069767600254266	0.1540608257565474
BG01628	0.5908373008606479	0.18565384005069238	0.15919816226342365
BG01629	0.5021916773484709	0.1729816276413606	0.1529121521003148
BG01630	0.6200415445889029	0.18082547297957094	0.15897146320025363
BG01631	0.5830119254715254	0.19850090667992026	0.1694035300541395
BG01632	0.559266846731368	0.1734751688514818	0.14698495302306808
BG01633	0.5587661371543673	0.18604946211042422	0.16582890371484554
BG01634	0.564465642739425	0.17570523054748097	0.1530069777815321
BG01635	0.5245662424464386	0.16331590657090417	0.14759949780730763
BG01636	0.5485030214246474	0.16608713767188016	0.1416011274240298
BG01637	0.5858616782640544	0.1826752907550731	0.15683940645832933
BG01638	0.6237668238417873	0.21175054572669674	0.1886196536137727
BG01639	0.5955296648965394	0.17162460285010925	0.15189509874078083
BG01640	0.40376361930049465	0.15613616054131968	0.13685415028500683
BG01641	0.5404773622047245	0.16274124538206877	0.14210634724931875
BG01642	0.5355017396081303	0.1643741071212844	0.14168369556572072
BG01643	0.6072147958249408	0.1949767700434552	0.17144546918583012
BG01644	0.5626831166453029	0.18334284248053329	0.1568496796898933
BG01645	0.5560966398095586	0.1852863011988904	0.1630880801760159
BG01646	0.6008972715619849	0.17363730389589405	0.15511511076319387
BG01647	0.6013436183849115	0.18152816154538567	0.16000533982826703
BG01648	0.4829787355795643	0.15176924007175724	0.13116334516292513
BG01649	0.5866799807727524	0.16383518838387817	0.14017486061096096
BG01650	0.6201645760849659	0.17359480257447632	0.14966313035192236
BG01651	0.6077126442043581	0.18421883249896923	0.16306571769619743
BG01652	0.5589120582310936	0.17631998020156098	0.15420651123262097
BG01653	0.6045452984801319	0.18109490568207107	0.15320995890679007
BG01654	0.5990060199597145	0.16606983438276549	0.14500034238301676
BG01655	0.5207122093023256	0.16359783343146395	0.13938351057678322
BG01656	0.5214589818714523	0.16311838170593182	0.14186091281299906
BG01657	0.5679133858267715	0.19806501563713383	0.16504080892802345
BG01658	0.5677016572056398	0.1710153881420559	0.14900196779610314
BG01659	0.5977814273942501	0.1744731771707025	0.15399801396986237
BG01660	0.5872865546603188	0.171729241343377	0.14414870256546825
BG01661	0.6344591192089363	0.19421908918926437	0.167950582111773
BG01662	0.558385597875847	0.18461114606818127	0.1587583211617527
BG01663	0.5783653405969602	0.18486940582822722	0.1582564789725443
BG01664	0.5820248123054388	0.19251866558823544	0.16712567971580133
BG01665	0.5926799121040103	0.17764234429450187	0.15295258143847743
BG01666	0.5538420161142648	0.17873193595071482	0.15552076397620346
BG01667	0.5237908579014833	0.1858329990807555	0.1586773211941626
BG01668	0.6341758606482327	0.1739534096198349	0.14839193255690553
BG01669	0.6184593023255812	0.1826453356644975	0.16164370873382855
BG01670	0.6714515427577368	0.1967381134801603	0.17170019661390684
BG01671	0.5782766434718918	0.18918591317513694	0.162566871605823
BG01672	0.660756386193005	0.17272499740706054	0.15710482788894503
BG01673	0.5780906656290058	0.1714336205382338	0.14694490142067837
BG01674	0.5557332677165352	0.16648528738005292	0.14823678286464997
BG01675	0.5878988509430507	0.17097371359527674	0.15140284237102933
BG01676	0.5791292803515842	0.1785067729234044	0.15761007347447334
BG01677	0.5145577733015931	0.17866796976041985	0.15214948923836827
BG01678	0.5568319675883536	0.18419044004249868	0.16661984937246216
BG01679	0.5221456692913384	0.17138350224351537	0.14699960230557213
BG01680	0.5965825856070317	0.17850190015383346	0.15780263984231468
BG01681	0.5503856894341697	0.18081121215599022	0.155275540483305
BG01682	0.5867801226881524	0.18057885941664303	0.1590608489606377
BG01683	0.5547747665262772	0.17651086576679603	0.15274692709055143
BG01684	0.6028657754989929	0.18790210844211253	0.16296638044178097
BG01685	0.5352585378135872	0.165328325811141	0.14244975225646317
BG01686	0.567418398644937	0.17863015966451953	0.15849116195010052
BG01687	0.534958112067387	0.1644487074860985	0.13754177384485317
BG01688	0.5870376304706101	0.1764576846567511	0.1576489181800799
BG01689	0.5057538683391318	0.17018784969108255	0.14146693204763378
BG01690	0.6291773484709764	0.20352308570286906	0.17829330935991966
BG01691	0.5350038912287127	0.17603236166052283	0.1519686326649065
BG01692	0.597930209668559	0.17581878840485543	0.15577208416532407
BG01693	0.4543381477751328	0.1698974902911881	0.1475137914182581
BG01694	0.4944292483061711	0.19163382628159173	0.16270348220422576
BG01695	0.5762680827687238	0.19054589500512104	0.16511646859249635
BG01696	0.4448418329976196	0.16599009172181828	0.14003270718050045
BG01697	0.5679219694195203	0.1823834210302171	0.15658163647651127
BG01698	0.5424143929683208	0.17939977049051614	0.15229091080073126
BG01699	0.4976509567844718	0.17709904674576982	0.154397272187444
BG01700	0.653717840139169	0.19068246642252246	0.16972495659027892
BG01701	0.6215350897271563	0.1854609477103693	0.16525508175162335
BG01702	0.5566459897454676	0.16107582514709498	0.14101372176684118
BG01703	0.4917912241347741	0.17310072146928085	0.15117870430148966
BG01704	0.5105377906976745	0.17007344046144005	0.14199916595677303
BG01705	0.504486357809925	0.19512226295847615	0.1631274992554083
BG01706	0.5247379143014101	0.1856852453331884	0.16176067411313336
BG01707	0.5377935588720014	0.19586572457498908	0.17048251179618804
BG01708	0.5680221113349203	0.18448914057611693	0.1595405164464419
BG01709	0.6654115546603188	0.1923990795528666	0.16411570249466506
BG01710	0.5012017029848013	0.16610518063271268	0.14640325398901152
BG01711	0.4512537767808095	0.16878819540684858	0.14530142547437502
BG01712	0.5064176661783557	0.1868567559907159	0.15862723066435178
BG01713	0.5525487548068121	0.1721835877232348	0.15015713605818543
BG01714	0.5480051730452298	0.17739625747465385	0.15416311920734777
BG01715	0.538603277787951	0.17365931859968964	0.15555159183123946
BG01716	0.540897958249405	0.17396014667995718	0.1546768098405474
BG01717	0.6316494231825673	0.18201635871650224	0.16121189314266776
BG01718	0.6426764786669108	0.18666868733484093	0.1631778436141961
BG01719	0.5269753708112068	0.16683410300955298	0.14306797584792236
BG01720	0.5334273713605567	0.16379913494645648	0.14174347527763925
BG01721	0.5329581349569674	0.1840084848596968	0.15687968685315593
BG01722	0.6388510574986266	0.19155846700160478	0.1675697974868055
BG01723	0.5422169703351034	0.1872023570412365	0.16227945361822788
BG01724	0.582505493499359	0.19665641640370513	0.17717852388662111
BG01725	0.5343687053653178	0.1706033665457018	0.14992458409155368
BG01726	0.5433213926020877	0.17760025840349813	0.1523056235672126
BG01727	0.5534357260574987	0.17732852554708448	0.15910402256615466
BG01728	0.616808391320271	0.18649376995633266	0.16448932186893458
BG01729	0.5902936733199048	0.18202103484461224	0.1621134866502826
BG01730	0.5773124198864678	0.17163006995585717	0.1446486696112498
BG01731	0.5236849935909176	0.1601296056947737	0.13852687821875614
BG01732	0.556746131660868	0.19845210187321888	0.16880103552523829
BG01733	0.5758217359457976	0.17806114876502732	0.15561760080653436
BG01734	0.5724541063907709	0.1719621559416144	0.14614376741406243
BG01735	0.5491153177073793	0.16438558358586336	0.14711273045655524
BG01736	0.5883165857901482	0.17665251943857457	0.15426844444922252
BG01737	0.5527404550448636	0.1713131428788166	0.1463106202732673
BG01738	0.5956469739974363	0.1862674734156312	0.16264078172695895
BG01739	0.569707356711225	0.1593572120445797	0.13391333206095915
BG01740	0.47816620124519316	0.16742747504278616	0.13740386745842653
BG01741	0.5213531175608861	0.167386862475693	0.15104928219347236
BG01742	0.6700409723493865	0.18883758602756695	0.16340809464201245
BG01743	0.5629635140084234	0.17971488353826265	0.1523099167714513
BG01744	0.5193102224867241	0.16108771112595383	0.13817761512766635
BG01745	0.5743997207471161	0.17953962658883	0.1590944595055651
BG01746	0.5849088994689617	0.18412493551086706	0.15524097781829155
BG01747	0.6327538454495514	0.20670256103577617	0.17805542576754718
BG01748	0.5703253753891226	0.16951455415931496	0.14851293791414436
BG01749	0.5341798663248489	0.18969623250710246	0.1632231502975932
BG01750	0.5422226927302691	0.1851730947009385	0.15942967657414103
BG01751	0.5682567295367149	0.17659541445717034	0.1501006121000735
BG01752	0.46859263413294283	0.18272037501338967	0.16336776690805738
BG01753	0.6086539782091189	0.18360384600768992	0.15828345170452002
BG01754	0.5814296832082035	0.17636193956722718	0.15624520907447895
BG01755	0.5855498077275224	0.17608962751777968	0.15206741701606147
BG01756	0.5297078145028384	0.17295425781575205	0.14804711128043874
BG01757	0.6312116599523896	0.1738751912130938	0.15200695914925125
BG01758	0.648178561618751	0.17953283104687115	0.1607229488032289
BG01759	0.4626298983702618	0.1731044286408953	0.15066433566764206
BG01760	0.6308969282182748	0.1794360908850478	0.1538152742825381
BG01761	0.5662023896722213	0.17171166919012093	0.1496769288601627
BG01762	0.5788288546053837	0.18332214727154056	0.16117159073163873
BG01763	0.633274583409632	0.17857529772817207	0.15367602407145106
BG01764	0.5534013916865042	0.17370199091722077	0.1562058268275981
BG01765	0.5350897271561986	0.17483700022831022	0.14687539904777808
BG01766	0.5838216443874747	0.18375629522222345	0.15757015530200796
BG01767	0.5796957974729902	0.1932491698786583	0.16198769330807058
BG01768	0.4734194744552281	0.1678662904468425	0.14313168124475079
BG01769	0.5445002060062261	0.16565057281058898	0.14470121963139787
BG01770	0.57939537172679	0.17451221785721016	0.15844532496741465
BG01771	0.5577990523713607	0.1808334381199975	0.15547738443833642
BG01772	0.650639191540011	0.1734981784796211	0.15168565738019554
BG01773	0.49154802234023076	0.16353206089868594	0.13985197842530608
BG01774	0.5782251419154001	0.19061383598314166	0.1703856447192406
BG01775	0.5578619987181833	0.16257756861952213	0.13480837807533969
BG01776	0.4594797198315327	0.16395450636186998	0.13897069796454736
BG01777	0.5385574986266253	0.17023852664902564	0.14192506633414853
BG01778	0.5985711179271196	0.17554040129664955	0.15090413331620675
BG01779	0.5934152398828054	0.19006884227350163	0.16529937937444786
BG01780	0.5294417231276323	0.18583897823728432	0.15546466691819688
BG01781	0.5663111151803696	0.17498454667631863	0.1499046463613934
BG01782	0.6066568622962829	0.20269471616738682	0.17313521565920686
BG01783	0.5800648919611795	0.1920245628044262	0.163045553551122
BG01784	0.548554522981139	0.16438628953493936	0.14027815784164802
BG01785	0.5974695568577184	0.1640403891561963	0.14336277781927367
BG01786	0.51699551364219	0.18737052812574267	0.16079450781255097
BG01787	0.5952864631019958	0.19890545977233726	0.16911453522836592
BG01788	0.5396762268815235	0.17407816739369553	0.1506476693181684
BG01789	0.4651563358359274	0.15500810208765237	0.1289647226038356
BG01790	0.5289124015748033	0.17363674386914918	0.14372479485521938
BG01791	0.48853232008789604	0.16884347663715266	0.14470424170784818
BG01792	0.5810434215345175	0.16509766900530148	0.1457451404124896
BG01793	0.565959187877678	0.18752346445278747	0.16058882560590468
BG01794	0.5547347097601172	0.17864342241264447	0.15280890991409302
BG01795	0.48278131294634696	0.1557914102517751	0.13276707424976197
BG01796	0.6470998901300127	0.1713617466368344	0.14743471661400764
BG01797	0.5142058459989014	0.1745038263620005	0.15350494488828015
BG01798	0.5482598196301045	0.16789847990332002	0.14078185866077325
BG01799	0.5530952435451382	0.1852094571162781	0.15979765146453043
BG01800	0.5508348974546784	0.16626464119272363	0.14970313211903447
BG01801	0.5796156839406701	0.15852960155547655	0.13962672624473801
BG01802	0.5963765793810658	0.17581651996956754	0.15064323301424157
BG01803	0.6728735579564182	0.22573089199509386	0.19581399783503634
BG01804	0.5935783281450286	0.18260025243283856	0.1561291975567302
BG01805	0.5939903405969603	0.17302045543279357	0.14794127412352742
BG01806	0.5928973631203076	0.18902239091698797	0.16172557604413274
BG01807	0.5674384270280168	0.20051316420682963	0.1753739572731191
BG01808	0.555472898736495	0.17020090713799452	0.1461072062430328
BG01809	0.5577046328511261	0.1764935878084145	0.1508514499199126
BG01810	0.5319109366416409	0.17765909886761938	0.15492222616914092
BG01811	0.5490065921992309	0.17441260715976076	0.149396519781143
BG01812	0.5722080433986452	0.1733138183224389	0.14764394583303075
BG01813	0.5944223814319721	0.17945076853608713	0.160474000284134
BG01814	0.5293186916315693	0.16451353200247668	0.14672800409660308
BG01815	0.5763710858817068	0.19413837777772916	0.17144824235939513
BG01816	0.5743053012268813	0.19002259749831568	0.1610971701971904
BG01817	0.6200787401574803	0.17957096973066144	0.14962183833280718
BG01818	0.4417030992492217	0.15883265616582312	0.13756099066377644
BG01819	0.5899388848196301	0.17832088538510124	0.1532478971076094
BG01820	0.5200598562534335	0.18293672045524279	0.15459884320277179
BG01821	0.5658046832082038	0.17250982582971106	0.14576847696980288
BG01822	0.6102705548434354	0.19375202379061446	0.16828866514664223
BG01823	0.5992063037905146	0.1995438419717676	0.1688190244504244
BG01824	0.50498134499176	0.1748845896361721	0.15005526468653774
BG01825	0.6201989104559604	0.18267239350035325	0.15837613021201752
BG01826	0.5589378090093391	0.17859884328298586	0.15325113342816482
BG01827	0.5543999496429224	0.16661319367729036	0.14426776362975297
BG01828	0.5939846182017946	0.18361407808056393	0.1581172909592646
BG01829	0.5198309604468048	0.18062262905791582	0.15459777862389124
BG01830	0.5783367286211318	0.19138326074487005	0.1639809416468489
BG01831	0.6036440212415308	0.17789228906237292	0.15416404242534004
BG01832	0.3941929133858266	0.16630411817788077	0.14718580182270996
BG01833	0.5326748763962643	0.1686050282223496	0.14130208394287797
BG01834	0.5835641366050169	0.17411549024195613	0.14818799280658074
BG01835	0.581363875663798	0.17472794930249744	0.14922170490991013
BG01836	0.6161331486907159	0.17700994299126416	0.1526206709488073
BG01837	0.508331807361289	0.1717801154641802	0.14502658836526014
BG01838	0.5951119300494416	0.18698196509674453	0.16135816288135835
BG01839	0.5700049212598424	0.20659079000495165	0.17456001536140225
BG01840	0.5350382255997069	0.18418423463544545	0.16045439661996777
BG01841	0.6165508835378136	0.17915087959925083	0.15378139786272443
BG01842	0.5030900933894892	0.177379466502938	0.1527864530434169
BG01843	0.5999330479765611	0.17729672185778525	0.15467687280444314
BG01844	0.6240615271928219	0.1807475187865672	0.15959564601688583
BG01845	0.6130144433253983	0.18189819163089366	0.15470166453671852
BG01846	0.580522683574437	0.18064895382390542	0.1563553571599415
BG01847	0.5371497894158581	0.18898602041891946	0.16779329014268485
BG01848	0.5670006637978393	0.1664866329357412	0.1483730517167478
BG01849	0.5209411051089543	0.1795407949388061	0.15120942192872217
BG01850	0.47357684032228525	0.16463455276299446	0.13242230539723204
BG01851	0.5385059970701338	0.1834205479222052	0.1556871877642925
BG01852	0.5385088582677164	0.18011410924975046	0.15459181486021073
BG01853	0.51832597051822	0.1895504713988633	0.16311107928566074
BG01854	0.5910661966672772	0.16161236106347726	0.14359818445149017
BG01855	0.5170870719648417	0.1690411713044013	0.14793610168760696
BG01856	0.49684982146127077	0.1683746313306564	0.14660133524689528
BG01857	0.5647775132759566	0.1783056409992205	0.15459053475789117
BG01858	0.5359623924189708	0.1882570037261724	0.16900396034102938
BG01859	0.5089355200512727	0.16396938794535612	0.14145633249818274
BG01860	0.5557246841237867	0.173269319095852	0.14883806871279792
BG01861	0.611569538546054	0.18178475401061664	0.1549359282362162
BG01862	0.5889117148873833	0.19374907639792574	0.17137036957911062
BG01863	0.5122917048159678	0.17876311544731655	0.15556184981600574
BG01864	0.5579878914118294	0.17274378824436457	0.15088736284683257
BG01865	0.553490088811573	0.18656222147857765	0.15842884979832003
BG01866	0.5924739058780443	0.2051851144725266	0.1729293425458615
BG01867	0.38383251693828974	0.19457832051445606	0.16363814057779308
BG01868	0.5892378914118295	0.18303759460458693	0.15467231346965668
BG01869	0.5240855612525178	0.17526363421453883	0.15308331936447678
BG01870	0.5908315784654826	0.17065942878195586	0.14974773435064137
BG01871	0.572179431422816	0.1778190453097645	0.1483981954635508
BG01872	0.6012205868888483	0.18612289281244507	0.1618715559074196
BG01873	0.56262017029848	0.17746013127578436	0.15223496333175743
BG01874	0.5760334645669295	0.1795005547585577	0.1486099933712332
BG01875	0.5433242537996702	0.16425767112039882	0.13894731321866768
BG01876	0.5316534288591832	0.17452084938335505	0.15026607573905723
BG01877	0.544400064090826	0.17992533663611784	0.15279451957210158
BG01878	0.5690521424647501	0.1574274392781264	0.1331590330512809
BG01879	0.5119311939205273	0.17869097491814748	0.150771901875446
BG01880	0.5691437007874016	0.18242688650041905	0.15914234500173835
BG01881	0.6387451931880608	0.18669293694456837	0.16322046904931206
BG01882	0.565959187877678	0.1971860174445969	0.17107961940145472
BG01883	0.5506174464383815	0.19283175330721447	0.16959774669842823
BG01884	0.5996698177989378	0.1591568146189816	0.1386096002999191
BG01885	0.5549693279619118	0.16938657826319595	0.1472066203809721
BG01886	0.5373643792345724	0.17639310063713712	0.15288774306280986
BG01887	0.6626733885735214	0.17602651736589014	0.154544373199659
BG01888	0.5993407800769089	0.1607168126667296	0.14217516679407002
BG01889	0.5646888161508881	0.15866555776316862	0.13372838930191905
BG01890	0.5837300860648232	0.18163728851872635	0.16340818218321096
BG01891	0.6046111060245376	0.19225769104215665	0.16262539361937584
BG01892	0.517733702618568	0.18063999848132756	0.15993854940930455
BG01893	0.4698773118476469	0.17948549963957264	0.15371481480510446
BG01894	0.5617303378502108	0.17415710546455598	0.14774217986480007
BG01895	0.5479937282548983	0.18015905717797606	0.15111587094797843
BG01896	0.5001115867057316	0.18295259705665207	0.1573283066617316
BG01897	0.5554299807727522	0.15869094211244356	0.13534404904524483
BG01898	0.534812190990661	0.19199076797936537	0.16689410555583536
BG01899	0.6211459668558872	0.1904328705252926	0.16759450119333102
BG01900	0.5502884087163524	0.17662920692785486	0.1499365538329071
BG01901	0.5973121909906614	0.17542508835693107	0.15002070250853303
BG01902	0.539195545687603	0.17067768164441321	0.14665754414169943
BG01903	0.5358078877494965	0.15338479988505388	0.1342831730098771
BG01904	0.5980360739791248	0.18274618511618063	0.16599927300449907
BG01905	0.6125022889580665	0.17012251066047565	0.15146637009057562
BG01906	0.5321054980772754	0.17075761078395263	0.14840811485096442
BG01907	0.5133503479216261	0.17592463343869297	0.15065573862883805
BG01908	0.5133102911554662	0.1755992951583385	0.14771111017026597
BG01909	0.5882479170481596	0.18414177569197338	0.1578033782938874
BG01910	0.559266846731368	0.2016073556182132	0.1796038767825013
BG01911	0.5519765152902398	0.17569815470263053	0.14635300162756043
BG01912	0.5651723585423916	0.18545817214175936	0.15533457256521815
BG01913	0.6186138069950557	0.1805917761172972	0.15696101836526027
BG01914	0.5960103460904596	0.17763451912468592	0.15675796852530338
BG01915	0.57671442959165	0.16485508343817062	0.14403293437180795
BG01916	0.5650836614173227	0.18068512073504117	0.16294351646592656
BG01917	0.5328551318439846	0.18367544277488568	0.15792146754153785
BG01918	0.4728529573338217	0.17028997062311885	0.1430668013676915
BG01919	0.5669062442776049	0.16505447822879016	0.1376258620911887
BG01920	0.5363314869071598	0.16046642911767744	0.14361702003365417
BG01921	0.5203516984068851	0.17580746685462148	0.15310626381639367
BG01922	0.5025292986632485	0.15599395724000814	0.1360988687400609
BG01923	0.5782737822743088	0.15904676825342334	0.1365828614215788
BG01924	0.5276048342794359	0.1847803615887988	0.15760689304436917
BG01925	0.6549653222852959	0.18370213622236992	0.1584759688790403
BG01926	0.5631151574803152	0.16872933302231394	0.142195152622922
BG01927	0.5143660730635415	0.16909309885875817	0.14672877003452553
BG01928	0.6655288637612158	0.1901393252943943	0.16509496868304271
BG01929	0.5879389077092108	0.1815355919204748	0.15813819728219192
BG01930	0.5904281496062993	0.1730809557162874	0.15401937076464933
BG01931	0.5918301364219004	0.17942600684377596	0.15623357814643576
BG01932	0.6532571873283279	0.19363056332462425	0.17109196045463515
BG01933	0.6302216855887199	0.18254103464503857	0.15953522887978253
BG01934	0.5878988509430507	0.17095556802883588	0.15127598522572935
BG01935	0.5908516068485625	0.1798559170495922	0.1525693002057959
BG01936	0.5463542620399191	0.17137949732166533	0.14894503010000376
BG01937	0.5391841008972718	0.18723231262232481	0.16403355713406942
BG01938	0.5888087117744001	0.19251333169884322	0.16497806969893433
BG01939	0.4878313266800952	0.17705556177816714	0.1478710159461826
BG01940	0.5729605383629375	0.1810313793112077	0.15479814054136679
BG01941	0.5577904687786119	0.1748858568597974	0.15172883185773386
BG01942	0.5881678035158395	0.18490544066509199	0.16199729037269844
BG01943	0.5924739058780443	0.1833266900408352	0.15360499305650727
BG01944	0.5658046832082038	0.17895841214099373	0.15738631021753868
BG01945	0.5954724409448819	0.19117670635277145	0.1643860570997977
BG01946	0.6595718503937006	0.21318387136367928	0.18492693703148322
BG01947	0.578734435085149	0.19400213461212448	0.15969814663645074
BG01948	0.5105950146493317	0.16289489088675013	0.1431745590888385
BG01949	0.5967857306354146	0.1910107390715588	0.16231859558153922
BG01950	0.5150785112616737	0.16506289023966336	0.1416431251292057
BG01951	0.34143242995788314	0.1667937648920661	0.14251809844024854
BG01952	0.5624942776048344	0.1737782595880154	0.14688482711361717
BG01953	0.5528663477385094	0.16865000726354698	0.14403248530992996
BG01954	0.5544972303607398	0.1787447115252162	0.15278154719708564
BG01955	0.5826428309833365	0.1665175550706658	0.14443841776448935
BG01956	0.5769490477934442	0.19114044239960742	0.16334358091407133
BG01957	0.5544686183849115	0.17057392499204954	0.14337989029001874
BG01958	0.6009716626991394	0.1895541454539224	0.16154093404039344
BG01959	0.5751951336751511	0.17890043415065995	0.15385176954029084
BG01960	0.5470466718549714	0.17813042471717003	0.14983033167363752
BG01961	0.547959393883904	0.19374188769809925	0.1703276190534205
BG01962	0.5031559009338948	0.16208827729052358	0.14214017808612994
BG01963	0.550749061527193	0.18310605892720597	0.16235211296429114
BG01964	0.6281702069218094	0.20179721979821216	0.17579837678390714
BG01965	0.51161360098883	0.17041026292279926	0.14952585911260977
BG01966	0.5745485030214248	0.1639864810105151	0.14103573488948917
BG01967	0.606227682658854	0.180840782758999	0.15224023878445134
BG01968	0.6037184123786854	0.16687286874757404	0.1485651845165195
BG01969	0.5609234801318439	0.17784610046502541	0.15485642632072621
BG01970	0.6551741897088447	0.1807578105926454	0.15804057413048436
BG01971	0.5236249084416774	0.1693284135514565	0.14280613139021636
BG01972	0.5060686000732466	0.1752037834363262	0.14711611055426133
BG01973	0.518943989196118	0.18244617060148727	0.15526852548858866
BG01974	0.5832265152902398	0.17714371118101285	0.15751563876276095
BG01975	0.5539936595861563	0.18573670518187851	0.16468473460044217
BG01976	0.5570494186046513	0.15888824812948127	0.13814050490866442
BG01977	0.5470667002380517	0.17928424924951686	0.1538289583906411
BG01978	0.30650865226149054	0.16490832938151692	0.14553575928456666
BG01979	0.6084136376121592	0.18600375402293462	0.16208737859433775
BG01980	0.61991851309284	0.18209028510491598	0.16139198455096057
BG01981	0.5363600988829885	0.16062267510747016	0.1415207430169036
BG01982	0.5058225370811207	0.1696602292165858	0.15198555778285164
BG01983	0.52072651529024	0.17372026476341312	0.15548986367580114
BG01984	0.517922541659037	0.185027472691656	0.161366502678503
BG01985	0.41345449551364216	0.17857029803757418	0.15324323894923342
BG01986	0.5922764832448268	0.17722775592583126	0.1531362315424681
BG01987	0.5385746658121224	0.17546203334782864	0.15397290648877032
BG01988	0.4960114905694928	0.16410558548453036	0.13825999017571566
BG01989	0.5163202710126349	0.1573198280688987	0.1375548942076464
BG01990	0.5509007049990848	0.17996974940759636	0.1561957507517647
BG01991	0.5159511765244462	0.17027807176624543	0.14901582427552257
BG01992	0.5046923640358908	0.1641470063786453	0.1433095695848972
BG01993	0.6120244689617288	0.19607908209965413	0.17536642746237474
BG01994	0.4914164072514191	0.152561514165428	0.13188626386557736
BG01995	0.5834239379234574	0.19619604721128764	0.16296099928653712
BG01996	0.6279584783006777	0.1890319971213281	0.16116715112920788
BG01997	0.6075924739058782	0.1790545177345278	0.15649834991904202
BG01998	0.5974466672770555	0.17745455542160277	0.15251310615607103
BG01999	0.6897460401025454	0.21624485053070824	0.18976008573159395
BG02000	0.6148112754074346	0.1846388165571547	0.16157842879098447
BG02001	0.47441231001648054	0.16955645564136967	0.1415990433092
BG02002	0.5848030351583959	0.1690141562213195	0.14822715460876718
BG02003	0.5615615271928217	0.17836733767682408	0.15516115591312005
BG02004	0.5326748763962643	0.1676188721012749	0.14846476805960046
BG02005	0.5303344167734848	0.16990174818752468	0.1451637039765385
BG02006	0.5012017029848013	0.17722864885083556	0.1549801918739656
BG02007	0.5853867194652993	0.17615862441203137	0.15158264384832504
BG02008	0.6287395852407989	0.16693131885629214	0.14973793213147513
BG02009	0.5263831029115544	0.1899795014569065	0.15919192259086118
BG02010	0.6099558231093207	0.17374631478427977	0.15271184019240813
BG02011	0.605509522065556	0.19300529618266965	0.17029897102140465
BG02012	0.3803590230726974	0.1621287865319766	0.13718673700334846
BG02013	0.5377649468961728	0.16973069758673923	0.14603411838401076
BG02014	0.5659620490752612	0.17890686847459616	0.15485980441617936
BG02015	0.5433242537996702	0.16739969823763576	0.14828235985276303
BG02016	0.6202275224317891	0.1887443885150289	0.16319489506113152
BG02017	0.5825026323017763	0.1988878190213002	0.17172512961338565
BG02018	0.593981757004212	0.17256810881179346	0.1487587424978166
BG02019	0.5832751556491486	0.18381031576815254	0.16263896256349641
BG02020	0.5523684993590916	0.18558871081560968	0.15861280491000837
BG02021	0.5556789049624611	0.1856903779730071	0.16294202858332082
BG02022	0.6126339040468778	0.1847172724653679	0.1621765228568107
BG02023	0.6171545962277973	0.18190854380121718	0.1561698550967797
BG02024	0.47455250869804066	0.17134057055646107	0.1558318733083067
BG02025	0.6292546008057132	0.19170582055444046	0.16533780088985062
BG02026	0.6145108496612344	0.17270442150771145	0.14556351896096736
BG02027	0.5507118659586159	0.15434898793269378	0.1359058667668807
BG02028	0.5663111151803696	0.18860095181242167	0.1573323104951409
BG02029	0.5884110053103828	0.19198448442081523	0.16787991762112825
BG02030	0.5365289095403774	0.15235512838478277	0.13063100329521782
BG02031	0.6274348791430139	0.1883933441921351	0.15941110903311373
BG02032	0.6313060794726238	0.17343519307869537	0.15710999372951123
BG02033	0.5874725325032042	0.17591130221888668	0.1534462385538419
BG02034	0.6107598196301043	0.20917156978361134	0.18737850723879168
BG02035	0.5653755035707746	0.16249471202010385	0.14024952977668584
BG02036	0.5718446713056217	0.1717221369239973	0.14760057247382566
BG02037	0.5032245696758837	0.15835956687962904	0.14126136048751003
BG02038	0.6765387520600623	0.1776899178814166	0.15318368832244858
BG02039	0.5704827412561804	0.17474151895413984	0.1526978492187344
BG02040	0.613063083684307	0.1743768178691172	0.15268621682080236
BG02041	0.5362599569675883	0.17169146390443626	0.14674549692713562
BG02042	0.581338124885552	0.17067659326624987	0.1488751696721758
BG02043	0.5165148324482697	0.16612141723231216	0.14552824790827917
BG02044	0.6486191860465116	0.19095764264651086	0.16558474449391894
BG02045	0.5401483244826955	0.16692407943196882	0.14448380862900229
BG02046	0.5626258926936458	0.1731022987054873	0.1503371655775429
BG02047	0.5555272614905697	0.183363142411764	0.1556079720163252
BG02048	0.6070545687603003	0.17992779099570483	0.1539228549251474
BG02049	0.5352356482329246	0.1636495659558142	0.14025264792778974
BG02050	0.5513642190075081	0.16958030926606718	0.1413696177779404
BG02051	0.5744340551181104	0.18231394040962512	0.1540320272626176
BG02052	0.5239053058047979	0.1668646728462794	0.14214870062657037
BG02053	0.5590293673319907	0.18485488201707434	0.16264109975602858
BG02054	0.5343687053653177	0.16078335858821624	0.14601614260045115
BG02055	0.5237708295184034	0.16835428146941595	0.14584981761270308
BG02056	0.5127037172678998	0.17590550283368006	0.147542811227635
BG02057	0.5784397317341148	0.19088720185664196	0.1651766673976683
BG02058	0.540875068668742	0.1796405393793179	0.15741024668945647
BG02059	0.5152530443142284	0.16921662724389114	0.14562813979919628
BG02060	0.6004165903680647	0.19375981917609703	0.16594512198879927
BG02061	0.5737502288958065	0.18029520516822736	0.15746487725614264
BG02062	0.5692552874931331	0.18114687048767975	0.158046656155583
BG02063	0.5875154504669475	0.18360732028163934	0.16331282449997847
BG02064	0.5797759110053105	0.17029789751288288	0.14810035747394887
BG02065	0.5500995696758837	0.18249491947520505	0.1582811551222783
BG02066	0.5741622413477383	0.1723781363699817	0.1506980781427323
BG02067	0.5308208203625712	0.1690314772204322	0.15143687658197047
BG02068	0.6001819721662698	0.17198537247414963	0.14952007324211997
BG02069	0.5301312717451018	0.1822339581292156	0.15976469070839477
BG02070	0.5431411371543675	0.1580219511051871	0.13547826704565405
BG02071	0.4938827595678448	0.16354754997274662	0.1443680833341925
BG02072	0.5600822880424827	0.1819252234749409	0.1562899280841393
BG02073	0.5702080662882254	0.17177358717165297	0.14742689771823825
BG02074	0.5166035295733384	0.1873734128200891	0.16364684741495492
BG02075	0.5974123329060611	0.18907263776820382	0.1618857886817271
BG02076	0.5458592748580845	0.17514928034064164	0.1524698881877492
BG02077	0.5874725325032042	0.18613633738799357	0.15676791323771924
BG02078	0.6506706647134224	0.17135552134928958	0.14927596447288355
BG02079	0.5842279344442409	0.18688221871012564	0.1587555986911891
BG02080	0.6092834416773486	0.19650304504454372	0.17004301880851672
BG02081	0.6111804156747849	0.17572855336994128	0.1556573055325358
BG02082	0.6028657754989929	0.1637680405795438	0.1430827090143733
BG02083	0.530858015931148	0.17683699975381795	0.15206901836493064
BG02084	0.6082505493499359	0.18358167580454715	0.15909274410030633
BG02085	0.5803080937557226	0.18684049712873055	0.1578625785721584
BG02086	0.4700003433437099	0.18041773776094944	0.1568870951387225
BG02087	0.5202258057132394	0.1718295605652583	0.14346004091424305
BG02088	0.5590350897271562	0.18517880862684688	0.1650487808734928
BG02089	0.540875068668742	0.18315436265740187	0.15794796326805755
BG02090	0.5689405557590185	0.18792920381694622	0.1576507615298528
BG02091	0.5757044268449001	0.18047561686616265	0.16383003366297721
BG02092	0.5519164301409998	0.16060784924026839	0.1409182249052588
BG02093	0.5519078465482513	0.17112759574172495	0.1420558692311587
BG02094	0.5556617377769641	0.1875294221244696	0.15821767563091838
BG02095	0.6056010803882071	0.19310594415640295	0.16530386293767885
BG02096	0.5937013596410915	0.18788751022058678	0.16195782861995198
BG02097	0.5525230040285661	0.18148696492662936	0.1525447145360408
BG02098	0.5756414804980772	0.1788745037126727	0.1587873022022138
BG02099	0.5621366279069767	0.18311630383688565	0.1574457816699893
BG02100	0.6415835011902582	0.18291206675475108	0.16260609309957197
BG02101	0.5328551318439846	0.17328040401200692	0.14825191073762783
BG02102	0.5722194881889765	0.16908124678713535	0.14851473628964415
BG02103	0.5378565052188242	0.16068423705200902	0.1382077938632496
BG02104	0.5206006225965942	0.16839648537340762	0.14905270639622384
BG02105	0.6303361334920347	0.19864282200871988	0.17481628320445158
BG02106	0.63929454312397	0.18669839663467078	0.1561775110577221
BG02107	0.5662424464383812	0.1772321568506139	0.150841634033329
BG02108	0.5177451474088994	0.18762991430238174	0.16491915425017747
BG02109	0.6143706509796739	0.17386129505084477	0.15139076579417982
BG02110	0.570279596227797	0.18031783622381736	0.1592746410914493
BG02111	0.6572514191540011	0.21514686177002212	0.18234886149754398
BG02112	0.5276048342794359	0.16897643061558643	0.1441880361816153
BG02113	0.5736786989562352	0.1886824266904449	0.16196421521616353
BG02114	0.6082305209668557	0.18175434069529744	0.15464292190970316
BG02115	0.5618190349752792	0.17288094315646924	0.15360128214489466
BG02116	0.5845541109686869	0.1861404758493121	0.15887336656884163
BG02117	0.537825032045413	0.16286273960932054	0.1404650813461236
BG02118	0.5388865363486541	0.1645566090769057	0.14298680852963294
BG02119	0.5114419291338583	0.1765460627383743	0.15111130387786723
BG02120	0.605672610327779	0.17674983781647707	0.15536203273391033
BG02121	0.5451640038454495	0.1785038813697272	0.15896677092732087
BG02122	0.6122276139901119	0.1794700312645649	0.1532884191575921
BG02123	0.5887400430324115	0.16454025839197803	0.14186913815347035
BG02124	0.5355017396081303	0.17298295692285498	0.15039843324622837
BG02125	0.5515587804431423	0.17812436666264136	0.15230803559854988
BG02126	0.49062099432338413	0.1821105026611159	0.15838609580193327
BG02127	0.3483107489470794	0.1772712451167773	0.15299985791100906
BG02128	0.5373414896539096	0.17809157131004066	0.15424816073282815
BG02129	0.46432944973448087	0.1525265788737257	0.12947050521269743
BG02130	0.5480051730452298	0.18209871886341034	0.159658552395097
BG02131	0.39796397180003673	0.16918507500690672	0.14714539541870855
BG02132	0.5599878685222487	0.17747182427958177	0.15466816517861254
BG02133	0.5892378914118295	0.19338233436966484	0.16561668056039952
BG02134	0.5948372550814871	0.1809221225580821	0.15193689154393014
BG02135	0.6363560932063728	0.19906656515209858	0.17128410788516965
BG02136	0.5442369758286028	0.17913777683948934	0.15225081135847224
BG02137	0.6085309467130566	0.1954573598758942	0.16752771784390835
BG02138	0.5678218275041201	0.18653829448216558	0.16537551561378083
BG02139	0.6186338353781357	0.18758081455849643	0.16629189699636304
BG02140	0.5637589269364585	0.16527608460555737	0.14118702094136953
BG02141	0.5461453946163706	0.18912433491092845	0.16103656181010514
BG02142	0.5186807590184948	0.18800228458364288	0.16427704283970052
BG02143	0.5345861563816152	0.16869281985750662	0.14952633115546685
BG02144	0.5440595815784656	0.1560181842585637	0.14014860612484598
BG02145	0.5195534242812672	0.17721538858542632	0.1583782421837074
BG02146	0.67211534059696	0.18866577469271556	0.1702573256382695
BG02147	0.6082991897088447	0.1798373516547674	0.1550625482172353
BG02148	0.5955153589086248	0.1744171950745131	0.14898774983108024
BG02149	0.48559387017029854	0.17252244148113044	0.14820211914884932
BG02150	0.5484972990294819	0.1736948402959118	0.14942360273678976
BG02151	0.5261198727339317	0.16525657665211835	0.14402019156556492
BG02152	0.5424143929683208	0.17628304100438724	0.15065665548581758
BG02153	0.5858330662882261	0.17427936235988645	0.14548014873214024
BG02154	0.5456618522248671	0.1760846033392776	0.14952447474553054
BG02155	0.516263047060978	0.1567289109627072	0.13521428442490774
BG02156	0.5952464063358358	0.1783458685647284	0.15414895869323655
BG02157	0.5131100073246659	0.16956546494631342	0.14699048157267894
BG02158	0.4831933253982787	0.19317896443075394	0.16081512716592278
BG02159	0.5735013047060977	0.17113460892733517	0.1427427523974826
BG02160	0.504054316974913	0.1784047655121465	0.15491681622448927
BG02161	0.6167053882072879	0.18514485422317198	0.16024666601924026
BG02162	0.5985367835561253	0.17204290327861319	0.14972436679691228
BG02163	0.5420538820728804	0.1694275898096177	0.15157817583193262
BG02164	0.49893563449917594	0.1857649920192656	0.15573640164679628
BG02165	0.5485316334004762	0.1666378202634914	0.14298940984700623
BG02166	0.49322468412378695	0.17989855444525865	0.14989221482418635
BG02167	0.6341243590917416	0.18773135993303025	0.15846603009342075
BG02168	0.5031015381798207	0.16279284238767255	0.14164333538908486
BG02169	0.5109698315326864	0.1589161777207691	0.13934811638301084
BG02170	0.5818874748214611	0.19678305966612025	0.17192741445146678
BG02171	0.45405488921442944	0.15804180027726894	0.1347950851054279
BG02172	0.6071776002563634	0.18627390297960836	0.155461997497618
BG02173	0.5968543993774034	0.1908491185881209	0.16377021501756528
BG02174	0.5556617377769641	0.16615716394806926	0.1428984533041151
BG02175	0.5265175791979491	0.17600243468015347	0.1518917033527563
BG02176	0.43679042299945064	0.17241325282918735	0.14767056764843717
BG02177	0.5751636605017396	0.16919578156488027	0.14755576222618166
BG02178	0.5718990340596959	0.18266166441928194	0.155304589534429
BG02179	0.5476475233473723	0.18018023918944814	0.16076689376590464
BG02180	0.5147952527009703	0.1793528051500696	0.15724746272392975
BG02181	0.5117623832631388	0.18099348670372378	0.1553063572776106
BG02182	0.506821095037539	0.1689165153674947	0.14715517964386865
BG02183	0.5768403222852956	0.17091153835588585	0.1504480179853807
BG02184	0.5307264008423365	0.17509905243198523	0.14605324054105956
BG02185	0.5558963559787586	0.17569103517705179	0.1525741696733277
BG02186	0.5329609961545505	0.17956031083512403	0.15335451040126324
BG02187	0.5992349157663434	0.17697821292707921	0.15270518462039612
BG02188	0.596845815784655	0.18618826008912978	0.1624680524527903
BG02189	0.5719305072331076	0.1876678972514463	0.15468062820045592
BG02190	0.6292546008057132	0.19158532488324206	0.1633386386044957
BG02191	0.5371497894158581	0.18475258465243102	0.1589939202595238
BG02192	0.45227522431789047	0.16011205477427762	0.13866041562142156
BG02193	0.591478209119209	0.17275802847906482	0.1538691690541029
BG02194	0.4524669245559422	0.16651140166007583	0.14494110145155195
BG02195	0.5889946896172862	0.1666895435409094	0.1429617186127066
BG02196	0.5460166407251419	0.18882670562507387	0.15715652324299867
BG02197	0.5308093755722396	0.17652453818382147	0.14905481269849882
BG02198	0.5673068119392053	0.1753441828994598	0.1552572469218681
BG02199	0.5403772202893242	0.1782235998008027	0.15168046004729674
BG02200	0.6134407617652446	0.17622300907281693	0.15481833947829945
BG02201	0.5966312259659403	0.19248619214216042	0.16525688000387084
BG02202	0.45042402948178	0.16303055029015306	0.1384423265257076
BG02203	0.603701245193188	0.20264037193861778	0.17825592466215798
BG02204	0.5899388848196301	0.1666651109736975	0.14537702516639314
BG02205	0.5841792940853325	0.17082581841160635	0.1496519505026424
BG02206	0.5581996200329611	0.1915795740829603	0.16067759350694905
BG02207	0.4803006546420069	0.15607255015773763	0.13408301174772902
BG02208	0.5094963147775132	0.18327233416738634	0.15660278976061043
BG02209	0.540897958249405	0.181779152924252	0.15590541465133442
BG02210	0.5366977201977658	0.16194664682781035	0.146344210607763
BG02211	0.6013264511994141	0.18496720429666336	0.15908291732373098
BG02212	0.5326577092107669	0.17552745818060486	0.1543575039229556
BG02213	0.6252346182017946	0.18227855181700997	0.1571944228375352
BG02214	0.5313472807178173	0.18062228203315273	0.15842737161241432
BG02215	0.5834954678630289	0.17341748071423863	0.1504585981526761
BG02216	0.6598064685954953	0.19605949248902804	0.17058439086740265
BG02217	0.5441654458890314	0.17542731083680335	0.15402877816158458
BG02218	0.5440223860098883	0.16863227734643732	0.14550735399594358
BG02219	0.5758875434902031	0.17634524306908342	0.1547948002830088
BG02220	0.5922793444424096	0.18808583354274008	0.15756881605838086
BG02221	0.5363000137337484	0.16203880207231908	0.13839499328531019
BG02222	0.5041172633217361	0.16516265395428062	0.1454890114705256
BG02223	0.5735156106940122	0.18042354945987954	0.1597920979185025
BG02224	0.6236781267167184	0.1811040486704278	0.1577718285618171
BG02225	0.5631294634682291	0.16173731694760154	0.14117490626926466
BG02226	0.6036440212415308	0.17579447926912722	0.15243191886805166
BG02227	0.6056783327229445	0.18827822386092757	0.16017026961242273
BG02228	0.4819487044497345	0.16218761913388632	0.13845349479742292
BG02229	0.562909151254349	0.1939170209814973	0.1678820976684332
BG02230	0.5881191631569311	0.20265143346980485	0.17499463059092277
BG02231	0.5916641869620949	0.1738447422137742	0.15115236284649886
BG02232	0.5552211133492031	0.17786428776304425	0.1524535382311482
BG02233	0.5126150201428311	0.16621184149500887	0.15100485488860121
BG02234	0.48231779893792337	0.1743891055817413	0.1488645886854974
BG02235	0.580319538546054	0.17186755218447022	0.14851396998850577
BG02236	0.5875841192089363	0.1911578493141752	0.16456522818917893
BG02237	0.5768145715070498	0.17110991360934963	0.14610397865653063
BG02238	0.6227510986998719	0.1816006090757396	0.1557125198076414
BG02239	0.5311555804797654	0.1736285228389543	0.14813949991525013
BG02240	0.5671580296648963	0.16621251437507625	0.145760355832753
BG02241	0.41345449551364216	0.1585126960214745	0.13753289759660842
BG02242	0.4899715024720746	0.1887192179461273	0.16189151076529035
BG02243	0.5306949276689251	0.17525947239470197	0.156849609875013
BG02244	0.5813667368613806	0.17216082203444696	0.14765899603902513
BG02245	0.5316448452664347	0.1779122142573038	0.15562353229115972
BG02246	0.5716958890313132	0.1839903490280497	0.15500587539134297
BG02247	0.5640593526826589	0.18309081399111038	0.15937126211215213
BG02248	0.5981905786485993	0.19236233665267005	0.16728307147039684
BG02249	0.5569549990844168	0.1776486866305644	0.1522038305703442
BG02250	0.6410484572422632	0.20191044198491187	0.17768822230333461
BG02251	0.5951119300494416	0.16188428708396135	0.13850847530807814
BG02252	0.5323258102911557	0.17852122170972273	0.15430800586541546
BG02253	0.5549950787401575	0.16805730763202775	0.1454431221533772
BG02254	0.6172862113166091	0.17184772997622297	0.14938987277802065
BG02255	0.5625	0.17813626146848288	0.1527217470096172
BG02256	0.49778829426844906	0.1718885268906079	0.15069113733477732
BG02257	0.5690464200695844	0.1861598369081996	0.1569017843690695
BG02258	0.49497859824208046	0.16582557141198542	0.1452384809405601
BG02259	0.5361254806811941	0.1745519907311358	0.14245509565365322
BG02260	0.5132273164255632	0.1619990442271957	0.13532120203768522
BG02261	0.4605984480864309	0.16208173723075506	0.14095044779538096
BG02262	0.575853209119209	0.17376600486263546	0.1493272604317578
BG02263	0.6473001739608131	0.1848767671983033	0.16044466992439108
BG02264	0.40016423274125623	0.17362757719334773	0.1459273029281047
BG02265	0.555472898736495	0.18086604271751092	0.15299539605814694
BG02266	0.5933809055118111	0.18937151203273667	0.16964210692920104
BG02267	0.6277124153085514	0.19163713333301174	0.1679453769089217
BG02268	0.49945637245925656	0.15857762693759142	0.1378316716007544
BG02269	0.5298165400109869	0.17810856741203213	0.15447620412035049
BG02270	0.5474787126899837	0.16549314818521169	0.13681198910497788
BG02271	0.4967353735579565	0.16771585321393484	0.1434776789762311
BG02272	0.4111340642739425	0.15795046745387611	0.1350263676155038
BG02273	0.4876310428492949	0.1659176268684655	0.14297323194040418
BG02274	0.5612353506683758	0.17937916886502422	0.15645423596682742
BG02275	0.6286938060794727	0.1751922977449508	0.1507640951825379
BG02276	0.5066122276139902	0.1782667217415301	0.15424490359149012
BG02277	0.5880075764511996	0.16182203413945642	0.14284925260924702
BG02278	0.5776328740157481	0.17995304459424316	0.15219629071128699
BG02279	0.5820763138619302	0.18686069211127126	0.16288233223426082
BG02280	0.5018368888481963	0.17238360725785054	0.1512553849065631
BG02281	0.474606871452115	0.16790543620799606	0.14290094358624164
BG02282	0.5733067432704635	0.1798567446151323	0.15299691622192385
BG02283	0.5414101126167368	0.17640544143854237	0.1483542544261027
BG02284	0.633863990111701	0.18909764431254295	0.16350936752508344
BG02285	0.5311040789232742	0.17619802067709753	0.1474084299240605
BG02286	0.45076451199414025	0.1692609317214715	0.13981203763691313
BG02287	0.5392613532320087	0.18624069357851844	0.15739719988296294
BG02288	0.6166853598242081	0.1992563082078276	0.1718765780194167
BG02289	0.39295115363486555	0.16054884280564716	0.13992707655665526
BG02290	0.6047656106940125	0.1707822907838276	0.1535649593756902
BG02291	0.5886313175242629	0.17600025845712025	0.15046347517381448
BG02292	0.5924739058780443	0.1766889520112836	0.1537975279475953
BG02293	0.5371497894158581	0.17373443864464835	0.1488817557555801
BG02294	0.5797186870536535	0.17511177281005771	0.15448982795554986
BG02295	0.5397248672404323	0.18454194050482536	0.16318054593840814
BG02296	0.5095134819630107	0.18086162151982088	0.15625253122973143
BG02297	0.4917769181468596	0.16817258844642763	0.13931405335402705
BG02298	0.5499507874015747	0.1783590631634392	0.15364151239549695
BG02299	0.5585515473356528	0.18606858755865205	0.1598179957947417
BG02300	0.5495759705182202	0.18231939026201635	0.157234786688991
BG02301	0.5968543993774034	0.2053517890375726	0.17620283644869064
BG02302	0.525046923640359	0.16888624311670655	0.1468984561045233
BG02303	0.5565401254349023	0.16912146028343764	0.14553257161108402
BG02304	0.5860390725141913	0.18436905257444997	0.16073500812003566
BG02305	0.5403829426844899	0.17011694714954065	0.14298312631014629
BG02306	0.5007267441860466	0.16055038943598587	0.13950380926705389
BG02307	0.5368865592382347	0.16777281367193672	0.1466373975179029
BG02308	0.5757044268449001	0.16435775515126133	0.1435378499956456
BG02309	0.6008972715619849	0.17106612298215487	0.14712841801896456
BG02310	0.5785198452664349	0.17406801819024492	0.14761664162720964
BG02311	0.5761250228895807	0.16608019681353375	0.14463955808250722
BG02312	0.5194818943416958	0.18000373609502415	0.1588439340747963
BG02313	0.5348207745834097	0.17219219082846027	0.14860296826173944
BG02314	0.5633097189159497	0.18394870335427238	0.15986221483191881
BG02315	0.5287092565464202	0.17977894420563295	0.15350145352894523
BG02316	0.5677016572056398	0.169449418025375	0.15032174995407685
BG02317	0.5201142190075078	0.1822593087587978	0.1607156819564045
BG02318	0.5785284288591833	0.1812589147030412	0.1560237876396787
BG02319	0.5729605383629375	0.18456631124196088	0.160499549558238
BG02320	0.5566946301043765	0.18105478587720286	0.15391397396861856
BG02321	0.5359280580479766	0.15977969797584146	0.14339950924174288
BG02322	0.5989087392418972	0.1768737834684339	0.1530405643259475
BG02323	0.637512017029848	0.19579827471367997	0.16687700895945343
BG02324	0.5550151071232376	0.16698460394725906	0.14332784407003468
BG02325	0.5866971479582493	0.17357467101333918	0.14880868877228143
BG02326	0.5296362845632668	0.1686991559790068	0.14580609781145218
BG02327	0.523650659219923	0.1689231771491156	0.14402441645305447
BG02328	0.4743178904962462	0.1694502570724246	0.14199123789427906
BG02329	0.45950833180736117	0.17922504079338314	0.1605936278578982
BG02330	0.6077927577366783	0.17921163702515938	0.15170210813844887
BG02331	0.5460166407251419	0.1850153307771604	0.1566316349126973
BG02332	0.5484972990294819	0.1669863049236605	0.1455314712343128
BG02333	0.5792265610694014	0.1724872692332663	0.14872868414468204
BG02334	0.5670378593664164	0.17523970586652315	0.15810065869784823
BG02335	0.5150842336568394	0.16859896230076107	0.1448906350944469
BG02336	0.610316334004761	0.19174933384221465	0.1702538286230074
BG02337	0.5102888665079655	0.1819006490070485	0.15585970778410022
BG02338	0.5848058963559789	0.17142450349713118	0.1480803576808746
BG02339	0.5311727476652626	0.1780459058445591	0.15204704090193474
BG02340	0.6098842931697493	0.19185914472446888	0.1645716707204343
BG02341	0.6084680003662333	0.18125333528741314	0.16226338215870895
BG02342	0.6015496246108771	0.1724535217899826	0.14886069256588205
BG02343	0.5381855429408531	0.17351228712760008	0.149593708724044
BG02344	0.6056840551181102	0.1894956813996436	0.1647780583136777
BG02345	0.5465173503021423	0.162873523672099	0.1439773280068984
BG02346	0.5585372413477385	0.17327711298811588	0.14916471917821955
BG02347	0.5681737548068121	0.18459494782864833	0.15716358140689243
BG02348	0.5285003891228712	0.17150500129935947	0.14788071395631538
BG02349	0.5993865592382346	0.16928025229933305	0.14675268815642287
BG02350	0.589675654642007	0.18441216004001654	0.15404417494323716
BG02351	0.5583283739241898	0.18544109130337663	0.15406361175624098
BG02352	0.5264117148873833	0.15832690932738439	0.1406263045560364
BG02353	0.5748203167917967	0.18205506781758635	0.15887152902026816
BG02354	0.5735442226698406	0.18287991413689206	0.15479968656457252
BG02355	0.6003135872550814	0.16805315212476798	0.14751547361879663
BG02356	0.5673668970884455	0.18458059582751024	0.15848973628881927
BG02357	0.6233662561801869	0.19406422626628458	0.1698720703257452
BG02358	0.5210755813953487	0.1832224422201774	0.1568405435456827
BG02359	0.6247424922175426	0.1813820225244608	0.1581497256774851
BG02360	0.5660936641640724	0.17447116700906523	0.15407269353472106
BG02361	0.5653755035707745	0.17166063454824002	0.1468018655003882
BG02362	0.5214761490569493	0.15536366458250822	0.1306755355897086
BG02363	0.5618018677897819	0.17659178903442446	0.1560050272771396
BG02364	0.5901706418238417	0.18146110234045773	0.15472125618624227
BG02365	0.4643208661417323	0.1821346632205846	0.15367583196303522
BG02366	0.5996698177989378	0.15820128055689758	0.13751614014171984
BG02367	0.5902936733199048	0.1901268314266174	0.1655625581208529
BG02368	0.6023736495147411	0.20384690181846388	0.1794671095433634
BG02369	0.5557990752609414	0.16625176609472403	0.14921212806611459
BG02370	0.582425379967039	0.19112837906907748	0.16306963568642013
BG02371	0.5455388207288043	0.17630285554712105	0.15424393997052582
BG02372	0.5539936595861563	0.1661435662305371	0.14360234342872708
BG02373	0.5229925837758653	0.15431742453636277	0.1327552821228679
BG02374	0.5733925791979491	0.17522902255704415	0.1523177327974838
BG02375	0.651360213330892	0.18967716796247241	0.16721396811798325
BG02376	0.5756987044497341	0.18393459277951726	0.15852788596058703
BG02377	0.5925397134224499	0.17358491543192683	0.15206776604884514
BG02378	0.5692552874931331	0.18259066495115595	0.1557334383151761
BG02379	0.6649165674784838	0.19388325633947706	0.17010060694289103
BG02380	0.6095409494598059	0.18812093864314913	0.1627331353877554
BG02381	0.523121337667094	0.17239086765650946	0.1515745472918715
BG02382	0.5099140496246111	0.18632805137824526	0.15983720696880294
BG02383	0.5629864035890861	0.1743071076286829	0.15239252839501322
BG02384	0.580299510162974	0.17474201861164723	0.15026404787067113
BG02385	0.5828173640358911	0.17341128519382393	0.15606134393036178
BG02386	0.6253433437099434	0.1900174382725988	0.16847902677303575
BG02387	0.5791235579564182	0.17260951562791974	0.15001089183198754
BG02388	0.5172015198681561	0.16764784277098876	0.14496078032650878
BG02389	0.5748832631386194	0.17721992274644077	0.14815147649291402
BG02390	0.5858359274858087	0.1895083200769311	0.16426687489855035
BG02391	0.5359623924189708	0.18427657366676548	0.16117603331907548
BG02392	0.5145921076725875	0.1847308098744816	0.15749036957915985
BG02393	0.6365821278154182	0.18156511814310355	0.15781641524678125
BG02394	0.6028972486724042	0.1754845060850928	0.14726087940169508
BG02395	0.546445820362571	0.17325783288884586	0.1490398672936099
BG02396	0.5445374015748031	0.17790946100661142	0.1542071163863084
BG02397	0.6380499221754257	0.18554151360619095	0.16012281938320522
BG02398	0.5360367835561253	0.17276945367204793	0.14848330783859667
BG02399	0.6194149423182568	0.18580653745024922	0.1580332397236634
BG02400	0.6125824024903865	0.19148465592183178	0.16753829519304136
BG02401	0.5882507782457427	0.18939379404869144	0.1632966775216472
BG02402	0.5966140587804432	0.17388965601590203	0.14724263559537962
BG02403	0.511204449734481	0.18713659664846996	0.16165757773716088
BG02404	0.5996984297747665	0.18829474518794403	0.16239312619179896
BG02405	0.5926799121040103	0.181680064265335	0.16234053150559027
BG02406	0.515625	0.16640453546099718	0.14544732409949393
BG02407	0.6143162882255997	0.17266761428650648	0.15058805578970164
BG02408	0.5404716398095587	0.16846236845762652	0.14571652727733256
BG02409	0.5223688427028017	0.17125516580350075	0.14670432452144905
BG02410	0.511035639077092	0.16339199194603332	0.14363150892963725
BG02411	0.5849317890496246	0.1830670780729664	0.1525818695862499
BG02412	0.5254961316608682	0.1648364662557445	0.14135171670542018
BG02413	0.6613744048709028	0.17538237999441594	0.1585621614848977
BG02414	0.5223001739608127	0.1901119877603213	0.1618049755760026
BG02415	0.6214978941585791	0.1667970634018477	0.14757531198508436
BG02416	0.5797186870536535	0.1754045771898992	0.15074656143184006
BG02417	0.5381855429408533	0.160753494132932	0.14086322493602926
BG02418	0.560640221571141	0.1751125311965787	0.1511810935495709
BG02419	0.6346994598058964	0.17937023135124466	0.15747870568265876
BG02420	0.5411926616004397	0.168221278666832	0.15291543680555958
BG02421	0.636370399194287	0.19169645818745676	0.16624323890329665
BG02422	0.5174332768723675	0.1640914293328194	0.13979756947766164
BG02423	0.650132759567845	0.21549954554931391	0.18366657144788728
BG02424	0.6015954037722029	0.16719990217383823	0.1460602535067795
BG02425	0.5857758423365683	0.17448173350044438	0.15137649964118954
BG02426	0.494615226149057	0.16936837348137407	0.13587641549728208
BG02427	0.5501625160227065	0.18606753991853722	0.16223521233470167
BG02428	0.6563386971250688	0.1811736765188398	0.16140603323761704
BG02429	0.47168844991759734	0.1649335183855657	0.13992282823610266
BG02430	0.5873981413660505	0.19803102519043614	0.16869560628248143
BG02431	0.4686441356894342	0.16242984234449104	0.14067354708186644
BG02432	0.5423371406335835	0.16856517428179202	0.14863791519987885
BG02433	0.5698132210217909	0.17923764396241462	0.15429859475749258
BG02434	0.5042402948177989	0.17686197496873024	0.15588085248170086
BG02435	0.5893923960813037	0.19097737598709744	0.16383893417118411
BG02436	0.5762823887566377	0.18255739076894265	0.15861836665544665
BG02437	0.5416132576451199	0.1815936421044519	0.15987080250520655
BG02438	0.5837300860648232	0.1786644449548485	0.1526956246966609
BG02439	0.5989201840322285	0.18709167027766105	0.16578741096072788
BG02440	0.5732180461453948	0.18407109574589647	0.15448089588874486
BG02441	0.5391783785021058	0.17836939682510267	0.15428107846507322
BG02442	0.5757044268449001	0.1781767755137949	0.1531490100228965
BG02443	0.5484257690899104	0.17852406016891717	0.15194946360974615
BG02444	0.4451651483244828	0.15608513664737847	0.13383979717431876
BG02445	0.5381855429408533	0.15608199165463899	0.13844492141073744
BG02446	0.5982191906244279	0.17315236919560173	0.15670106411122484
BG02447	0.45186893426112423	0.15986694658842177	0.14225354957993952
BG02448	0.5612496566562899	0.16969302345314244	0.14690371218144174
BG02449	0.4352768494781176	0.17822827210452874	0.150541613306149
BG02450	0.5875211728621133	0.15992845568204456	0.14442519085470615
BG02451	0.5349466672770554	0.18754212435368875	0.16412733959836798
BG02452	0.49030054019410374	0.19271506123080523	0.16659619125119832
BG02453	0.6012291704815969	0.18418273535279406	0.156733543497088
BG02454	0.5633526368796924	0.15990592048027089	0.13965193837717169
BG02455	0.5636645074162241	0.17554452240416757	0.15158641157298264
BG02456	0.5407348699871817	0.17437837112430699	0.15467584956579367
BG02457	0.4773765107123238	0.18612570336987316	0.1583634683686014
BG02458	0.5788889397546235	0.16658710712779573	0.14576239558768866
BG02459	0.5128496383446256	0.16763945795040247	0.14269430535882788
BG02460	0.5381855429408533	0.19050400412035134	0.17343250083406944
BG02461	0.5375703854605385	0.1830791672866697	0.16216884168293638
BG02462	0.6005310382713787	0.18484808013670964	0.16469228799760938
BG02463	0.5049298434352681	0.1726402744047535	0.15390240978374625
BG02464	0.536388710858817	0.1878151541197303	0.16393518989155284
BG02465	0.5737988692547156	0.16841626119765424	0.1424846675178148
BG02466	0.5276792254165903	0.1691002168638966	0.14778570220821832
BG02467	0.6571827504120126	0.1976147392087704	0.18024851777925796
BG02468	0.5566946301043765	0.17125172413602957	0.15016247077183384
BG02469	0.5477819996337667	0.16602951187970483	0.14188525474729824
BG02470	0.5722337941768907	0.1726226001064759	0.1484425484330302
BG02471	0.6101246337667097	0.16674410833106165	0.1428595979224076
BG02472	0.5662767808093756	0.17609872326806758	0.1536704690762702
BG02473	0.5123203167917965	0.1770474181228212	0.15144676162646348
BG02474	0.6154064045046694	0.18817154764342056	0.1576586089615934
BG02475	0.5803796236952938	0.19624048570486374	0.17506302737961016
BG02476	0.5579135002746749	0.17968303647055503	0.1571525311191237
BG02477	0.586968961728621	0.195504007298076	0.17051607122513507
BG02478	0.6598064685954953	0.20109663648036888	0.1743700679045101
BG02479	0.6115180369895625	0.18965451137416892	0.15938473483528268
BG02480	0.5225290697674414	0.1888888502363759	0.1651896782303693
BG02481	0.5494243270463286	0.1726112141352601	0.14975830577930863
BG02482	0.632476309284014	0.18417257864665815	0.15785240773006098
BG02483	0.5561166681926385	0.1622478087320638	0.1435479874160571
BG02484	0.5101000274674969	0.17851911995997888	0.15355589836528358
BG02485	0.579744437831899	0.17873784696167996	0.1560621720111781
BG02486	0.6120702481230544	0.16775770244263152	0.1511413109722515
BG02487	0.5610865683940671	0.16830487356402726	0.14981747133972667
BG02488	0.5939846182017946	0.1835104091226138	0.15733593192647355
BG02489	0.5512841054751878	0.16990807421643656	0.1473196421812198
BG02490	0.5872464978941587	0.17354857643456345	0.15035990171587507
BG02491	0.5441053607397912	0.17910999868226735	0.15098329963168927
BG02492	0.5646916773484711	0.17822909092311318	0.15280672812839266
BG02493	0.5524571964841604	0.17189260263967154	0.1476775650549253
BG02494	0.6315979216260759	0.17862606835661793	0.15139471788210646
BG02495	0.5037338628456327	0.17973943043028276	0.15244477939443465
BG02496	0.6316179500091561	0.1829996739880739	0.15610557174267536
BG02497	0.6279584783006777	0.17527088424594472	0.15229382829889862
BG02498	0.5848058963559789	0.2042708304581225	0.1725713937536791
BG02499	0.4502266068485629	0.1591062119280187	0.14009643415176237
BG02500	0.593197788866508	0.17512394890402402	0.1484065950358589
BG02501	0.5316448452664347	0.17750772032095785	0.1523845216337356
BG02502	0.5437992125984255	0.17284225326734617	0.15398024805459398
BG02503	0.5771178584508331	0.17205880715189995	0.1492727434357574
BG02504	0.5198309604468048	0.1789795428653796	0.15408126669379346
BG02505	0.5569549990844169	0.17875566838179366	0.15224767546052514
BG02506	0.502477797106757	0.16119417345486256	0.1425831812149248
BG02507	0.6332345266434718	0.18814788570609448	0.1678617200054415
BG02508	0.4605984480864309	0.14979076555985016	0.13339648044030966
BG02509	0.5104834279436002	0.17466805453463308	0.14970407857615034
BG02510	0.5295905054019412	0.15765308763062696	0.1377094448800506
BG02511	0.5728947308185313	0.17624574842898805	0.15384712179075147
BG02512	0.60683425654642	0.17468049978829353	0.15411185348281897
BG02513	0.5773667826405423	0.18707855427998263	0.1636131002241718
BG02514	0.5820591466764332	0.18293435637875097	0.15960263952708786
BG02515	0.48787710584142113	0.16387196924514164	0.13690593795637107
BG02516	0.555721822926204	0.17244500293408183	0.1503585877134222
BG02517	0.5787229902948179	0.17005772872047206	0.14777719869837597
BG02518	0.48954804522981155	0.17389037507925026	0.15091239437117576
BG02519	0.5104834279436002	0.1760467198263107	0.14728301195530089
BG02520	0.5338479674052374	0.18104109651184608	0.15517270026987579
BG02521	0.5326920435817615	0.16683327714071708	0.14411572361487457
BG02522	0.5877071507049989	0.2029943706821819	0.17613740411407566
BG02523	0.577329587071965	0.20378882209609556	0.1766717869363544
BG02524	0.5965081944698771	0.19345606245734276	0.16540368722384904
BG02525	0.5723854376487824	0.15819735642369587	0.14161682915824664
BG02526	0.4703837438198133	0.1881234264805462	0.16012094992567416
BG02527	0.5067667322834646	0.16165439369297388	0.14172298391820232
BG02528	0.5393157159860833	0.19298597297263986	0.16482733097525942
BG02529	0.5326691540010984	0.1671723038526	0.14151262984147847
BG02530	0.5939903405969603	0.16959376166311463	0.1450864304583729
BG02531	0.4583152124153085	0.16882146041951201	0.14590350205396693
BG02532	0.48132496337667086	0.17718228528699653	0.15371044323253227
BG02533	0.5077309558688885	0.17821890173190832	0.14791423466985887
BG02534	0.6168627540743454	0.1872276151178293	0.15961449960178906
BG02535	0.6365821278154182	0.19311960466607345	0.1648553217283662
BG02536	0.5523684993590916	0.18164501553786302	0.15625084633250835
BG02537	0.4943376899835195	0.17202122105397322	0.14964808501194668
BG02538	0.5982678309833366	0.19420316986740346	0.16198224370699832
BG02539	0.5514157205639993	0.1717187116860401	0.14576077627555017
BG02540	0.4935050814869072	0.16401046817435108	0.14098491065104612
BG02541	0.5395560565830435	0.16801098553091684	0.14340662360804196
BG02542	0.46406049716169195	0.15981635677174405	0.13588808425006438
BG02543	0.5618419245559421	0.1585757897666164	0.14045660077701483
BG02544	0.5995210355246291	0.1610985148063036	0.1430421572115485
BG02545	0.552588811572972	0.16962328711425756	0.1442848186189058
BG02546	0.5588204999084417	0.18651803349325474	0.15895116270708515
BG02547	0.5515015564914852	0.180631918243975	0.15339255763376525
BG02548	0.5722194881889765	0.17037997097178886	0.14886659043759304
BG02549	0.5724970243545141	0.1930671810411437	0.16400373455156408
BG02550	0.5709462552646036	0.1816178463456401	0.1585859547385438
BG02551	0.5620536531770739	0.18023028130885313	0.161043502973236
BG02552	0.5876098699871815	0.17424839447561458	0.15060064000572043
BG02553	0.5911377266068487	0.20021158255902213	0.17297574002468044
BG02554	0.5213073383995604	0.15254355028838518	0.13343972445330668
BG02555	0.5731751281816517	0.16581652994533141	0.1432471891414365
BG02556	0.5690006409082586	0.1787758491916151	0.15482546901641703
BG02557	0.5924739058780442	0.18763908595412884	0.15937094073270353
BG02558	0.6110659677714705	0.19551821917078388	0.1697186694963811
BG02559	0.509069996337667	0.17199765998190594	0.153373172298785
BG02560	0.49543638985533767	0.1614135342068891	0.13599109001421456
BG02561	0.5574871818348288	0.1834151857728489	0.1584015249506289
BG02562	0.532237113166087	0.17181011322945047	0.14900667583733979
BG02563	0.5142115683940669	0.17162231453806392	0.14908635801789952
BG02564	0.5867400659219923	0.16113027427090904	0.14343415560838263
BG02565	0.53375068668742	0.18147982273732052	0.15692386002062808
BG02566	0.565921992309101	0.17716635291794514	0.1554235747406126
BG02567	0.5440223860098883	0.16917457858925472	0.14868174317137367
BG02568	0.5504286073979123	0.1767312880409299	0.15263753625790058
BG02569	0.4297118201794542	0.17700956852682656	0.15083005085361254
BG02570	0.5897443233839956	0.18638053909883276	0.15495290187814095
BG02571	0.4643208661417323	0.1638620647494852	0.13818785598028982
BG02572	0.5874896996887016	0.1798480178390013	0.15552353413273962
BG02573	0.49154802234023076	0.16594722548666083	0.143322499761123
BG02574	0.5451640038454495	0.16312259843801896	0.1395641529004316
BG02575	0.5622482146127084	0.17509763872443135	0.15112003621555647
BG02576	0.6103850027467497	0.1806774298265394	0.1571856850706987
BG02577	0.5600822880424827	0.16751304269755604	0.14476838921808904
BG02578	0.5726343618384911	0.1802704476104895	0.1594947445920634
BG02579	0.5863166086797291	0.18891278500777922	0.16175934080656967
BG02580	0.5555615958615641	0.17395285893313067	0.15410607887552402
BG02581	0.4979370765427577	0.17231575621244763	0.15334698961429438
BG02582	0.5290154046877862	0.18085730284531282	0.15997415351358937
BG02583	0.5266091375206007	0.17746495694308492	0.15391044719984054
BG02584	0.4580090642739425	0.16895298149717153	0.1463804425139137
BG02585	0.6076382530672038	0.18459692695781035	0.1624991438158459
BG02586	0.4576342473905879	0.17557618679399048	0.1519898981027355
BG02587	0.605672610327779	0.17597846170963632	0.1496662038276639
BG02588	0.5704283785021059	0.18141649444411664	0.15766056499145426
BG02589	0.6066940578648601	0.18719251815644672	0.16417575655393896
BG02590	0.5151242904229992	0.18801090182881877	0.16388458217642682
BG02591	0.5698132210217909	0.18940489630142993	0.16224908197186536
BG02592	0.5343944561435635	0.16960849963411428	0.1412840944337266
BG02593	0.6269799487273393	0.1824299364834487	0.1602215038754024
BG02594	0.6101847189159494	0.19076950440350185	0.1666642490686959
BG02595	0.45526517579197967	0.1584137701718802	0.13316553319522634
BG02596	0.6626218870170296	0.17846365507117284	0.15528284720242155
BG02597	0.6103191952023439	0.1763748203780079	0.1511002038336654
BG02598	0.5730807086614172	0.17053638520899433	0.14559864372114914
BG02599	0.5041515976927302	0.1662090772422507	0.13791701147869181
BG02600	0.5038568943416957	0.16655348507913753	0.14375185245620214
BG02601	0.5499937053653176	0.1829075763439578	0.1599623756524505
BG02602	0.5906599066105112	0.16181005878552857	0.14027101513382675
BG02603	0.5611151803698958	0.17781670097614377	0.1540650785728947
BG02604	0.444976309284014	0.15009869439185214	0.13209023366960843
BG02605	0.5821535661966675	0.1859946665080503	0.16157829052141154
BG02606	0.5547919337117744	0.18637468698067322	0.16421240696572847
BG02607	0.4657915216993225	0.1690157064544218	0.13913830751622314
BG02608	0.5697788866507967	0.17985942822135753	0.16023009065458405
BG02609	0.5151242904229992	0.16392766400000094	0.14604614220362122
BG02610	0.6205823109320635	0.18902880715591017	0.16332290985688908
BG02611	0.5354187648782276	0.18293822750939834	0.15332077194022958
BG02612	0.6118327687236771	0.18210824200604853	0.15600974263333744
BG02613	0.5865569492766893	0.19601157659004853	0.1712255424210621
BG02614	0.5621795458707195	0.19423220354086737	0.17069264774556295
BG02615	0.5052932155282915	0.17104146705772635	0.14769486745285762
BG02616	0.6024022614905696	0.16171666032724882	0.1399508706082372
BG02617	0.5662023896722213	0.17334847723353733	0.14910685816940658
BG02618	0.5252128731001648	0.17183246751625897	0.14583781336189222
BG02619	0.6075295275590553	0.17481557130656109	0.1518485807318127
BG02620	0.6744758286028201	0.20203847893550558	0.1767755623057993
BG02621	0.5375045779161325	0.19745460217559346	0.16999084044553223
BG02622	0.496703900384545	0.1699313602394408	0.14449162933815768
BG02623	0.6235379280351585	0.18533881532862978	0.15936633423045526
BG02624	0.5535244231825671	0.19666252846970556	0.16863577688998901
BG02625	0.5551123878410549	0.17754837954418473	0.14966330319077153
BG02626	0.5192558597326496	0.16341341282735222	0.14442886580136063
BG02627	0.5430409952389673	0.17847361891873476	0.15623454975216028
BG02628	0.5258280305804799	0.17326791126261065	0.1523567178595394
BG02629	0.5596559696026369	0.17774695976314364	0.15212453831936218
BG02630	0.5480566746017215	0.17656191363710144	0.15508497268665805
BG02631	0.6138155786485993	0.17913684436219057	0.15689073863471922
BG02632	0.5678590230726974	0.16271375414306072	0.13788083781435287
BG02633	0.598053241164622	0.19938668457133946	0.17388904112771456
BG02634	0.39796397180003673	0.1703594478447566	0.1486083349104002
BG02635	0.5550151071232376	0.170788794685517	0.14988165249056612
BG02636	0.6302245467863029	0.18074552869319788	0.1551412781948179
BG02637	0.5213273667826406	0.16285515236983023	0.1408323963540932
BG02638	0.552508698040652	0.18124686059839196	0.16387187107464965
BG02639	0.540897958249405	0.16997095110395638	0.14833100095965562
BG02640	0.30650865226149054	0.16244860042474213	0.13798345689826347
BG02641	0.6409683437099433	0.20126012105540356	0.1723361634786397
BG02642	0.5670235533785022	0.1627373012909089	0.1407091321062666
BG02643	0.5632353277787951	0.17183067822119039	0.14694228749791874
BG02644	0.5411840780076909	0.1789651646090067	0.14977192918953444
BG02645	0.5615014420435817	0.182120265362338	0.152776999232053
BG02646	0.5702939022157114	0.18858476490018894	0.16097956041179512
BG02647	0.5245261856802785	0.14872492777028348	0.13129907725272372
BG02648	0.6004251739608131	0.20022673737201294	0.1718910975077313
BG02649	0.5052359915766342	0.16872033886518906	0.14544218439100695
BG02650	0.6171545962277973	0.20712508769668495	0.17879602940457645
BG02651	0.5476475233473723	0.16302590485287585	0.14529484068305948
BG02652	0.5637446209485444	0.18098565596006005	0.15306161135735563
BG02653	0.6370599478117558	0.1783184661855035	0.15323695748041488
BG02654	0.5993207516938288	0.18649320864684843	0.16319585121204516
BG02655	0.702260918329976	0.1882071184068754	0.1646325363181315
BG02656	0.563315441311115	0.1959756857685015	0.16734555876617144
BG02657	0.5213359503753894	0.17298064390448445	0.1518655919577006
BG02658	0.5425688976377954	0.1791048895868934	0.1569772042056742
BG02659	0.5973951657205641	0.18827752988533786	0.16215249427452935
BG02660	0.5504085790148323	0.16446351293030728	0.1437415138515012
BG02661	0.6267367469327962	0.19164339023878818	0.16364137105521442
BG02662	0.5094963147775132	0.16840217370118224	0.14812470665856065
BG02663	0.6242074482695477	0.20569519449969903	0.18246012196091793
BG02664	0.583429660318623	0.19101192534164707	0.17185238695811894
BG02665	0.5223001739608127	0.17066422723436475	0.1509484164467175
BG02666	0.5524142785204175	0.16820082053066446	0.14845674105099307
BG02667	0.5031559009338948	0.16780898576124387	0.15062694953100775
BG02668	0.42972898736495146	0.17298990321598967	0.1462386893689142
BG02669	0.5341369483611061	0.16799700269703535	0.1433064469960749
BG02670	0.5834010483427943	0.18450935541053382	0.15978846682084535
BG02671	0.5468034700604285	0.19061370006002715	0.16050625885610428
BG02672	0.570940532869438	0.16810541098534593	0.14851030560783934
BG02673	0.613901414576085	0.1624774697484296	0.1441174449065958
BG02674	0.5456990477934447	0.17450896979583452	0.15100276826154813
BG02675	0.5795298480131847	0.18718206612962932	0.1606975530827689
BG02676	0.5465745742537997	0.1646169274561001	0.14260119034636767
BG02677	0.5986998718183483	0.193476110111933	0.16310525607920948
BG02678	0.5351755630836843	0.1841403369381922	0.15916476174673452
BG02679	0.5770663568943416	0.17827080966664166	0.15317996453405974
BG02680	0.600573956235122	0.17902323524463243	0.15246072630103294
BG02681	0.6087026185680278	0.18466520556744692	0.15730896382567952
BG02682	0.6343761444790331	0.1954320751306808	0.16930825613004533
BG02683	0.4400979674052372	0.19159921782574438	0.16519885706158685
BG02684	0.5552010849661236	0.17274091952474915	0.1521213746586048
BG02685	0.5811092290789233	0.18106127389073756	0.15903753261307924
BG02686	0.503318989196118	0.15723625885704473	0.13420387178092733
BG02687	0.5327721571140817	0.16143123525905329	0.13268454334720794
BG02688	0.573664392968321	0.17650755454199707	0.15349593702599576
BG02689	0.5492240432155283	0.17830453409369112	0.15428026790738142
BG02690	0.5633097189159495	0.1878918892655997	0.16224906711286186
BG02691	0.579026277238601	0.17526647313932958	0.15127245764471145
BG02692	0.5341512543490206	0.1640174926341148	0.14260355013616946
BG02693	0.6160787859366414	0.1792291359763941	0.15903534956505846
BG02694	0.6165966626991395	0.1736337613448101	0.151111615582085
BG02695	0.5516589223585424	0.16677211447565166	0.14440558049810878
BG02696	0.5771350256363303	0.1851013813269633	0.1607107302489481
BG02697	0.6428767624977112	0.18635206022066014	0.16269176482696573
BG02698	0.6148541933711777	0.18714326569329587	0.16573569106367758
BG02699	0.5980217679912104	0.17830572895339009	0.15685977578442803
BG02700	0.5164948040651896	0.18546287703153447	0.1608141640690711
BG02701	0.6010775270097053	0.17427955190834388	0.15484608285939894
BG02702	0.4813535753524997	0.1632427142337515	0.13933414182036266
BG02703	0.5240855612525179	0.16573825733814668	0.14015065634935203
BG02704	0.5350038912287127	0.16923243519984285	0.14676382828041312
BG02705	0.5580823109320637	0.18859546531842922	0.1585646988923824
BG02706	0.6123792574620034	0.18390490450413124	0.16591633973070724
BG02707	0.44292483061710314	0.17778001057646498	0.15605810967806882
BG02708	0.5630035707745835	0.17240583578954047	0.1497878181007501
BG02709	0.6066482787035341	0.17968383853043107	0.1521855699891988
BG02710	0.5385002746749679	0.18826959063465792	0.15800213370052255
BG02711	0.5316047885002747	0.1660053480783156	0.14624504617554215
BG02712	0.5344087621314777	0.18558068179268689	0.15831947971867794
BG02713	0.5090413843618383	0.17610003067184007	0.15081979173440885
BG02714	0.5858330662882261	0.17731767246995692	0.1531779868095794
BG02715	0.477596822926204	0.17110182803978824	0.1465472092388148
BG02716	0.5481453717267899	0.189480152537371	0.15876698577123313
BG02717	0.5935754669474456	0.184043602569897	0.1642055909145943
BG02718	0.569727385094305	0.18513049676020366	0.1582955254922441
BG02719	0.6225937328328146	0.19377655160032387	0.16586432911763432
BG02720	0.5680936412744918	0.1751251043154593	0.1534493573672455
BG02721	0.5604656885185865	0.18317669576478707	0.15625468136511111
BG02722	0.6039558917780625	0.1938365604522903	0.1615276106826028
BG02723	0.5953408258560705	0.18975828407848155	0.1635724166381649
BG02724	0.5579650018311664	0.18338064692636918	0.1578510333123798
BG02725	0.6121360556674602	0.18086043567089682	0.15857727022860185
BG02726	0.5277736449368249	0.16271440293007805	0.14072069662388215
BG02727	0.5550837758652262	0.17470270560765128	0.1519049759004088
BG02728	0.5378164484526644	0.1769981041594117	0.14993550375948272
BG02729	0.522114196117927	0.18444881089887527	0.16369408392219453
BG02730	0.484106047427211	0.17574513562570693	0.1459263875632429
BG02731	0.6122533647683577	0.19309954040340346	0.16747449325527247
BG02732	0.5343372321919062	0.16629417733046223	0.14502426852311295
BG02733	0.5628633720930234	0.1766586214118352	0.15393602179091756
BG02734	0.5356018815235305	0.17325397956487176	0.1445995656289151
BG02735	0.5147695019227249	0.16005396037890293	0.13622877087063423
BG02736	0.4944120811206738	0.18336466029260587	0.15689601180101215
BG02737	0.5151986815601541	0.18548296208299636	0.1597898590065584
BG02738	0.45354845724226334	0.15802653896843502	0.13737376199386744
BG02739	0.44135117194652995	0.17733865355767423	0.1530634143660128
BG02740	0.535304316974913	0.18019615610356282	0.15456348636391196
BG02741	0.5375503570774582	0.17403659866055593	0.15163327019045886
BG02742	0.5677617423548803	0.17123885397475233	0.14922189226400848
BG02743	0.602290674784838	0.18985297101891227	0.16861758712708808
BG02744	0.44272168558872005	0.177468653936491	0.14877325271224234
BG02745	0.5556302646035525	0.16784352500892794	0.14862678911140836
BG02746	0.5633583592748581	0.17260545067071859	0.14419978487340557
BG02747	0.5699534197033509	0.18672604820908273	0.15707404029820757
BG02748	0.6750165949459805	0.18890413074484352	0.17028949456092807
BG02749	0.5857701199414029	0.16785845698125135	0.14888563878438857
BG02750	0.5226463788683391	0.17256233806645568	0.1439959398731076
BG02751	0.4378633720930234	0.17962509670889515	0.15977136442430037
BG02752	0.5930060886284565	0.19035746993824088	0.1622324002354149
BG02753	0.5881191631569311	0.171998278152437	0.15393726297772528
BG02754	0.5284889443325398	0.17527151998804116	0.14984631373239002
BG02755	0.5486003021424648	0.17858882466780437	0.15350676512988043
BG02756	0.464100553927852	0.17248922012691068	0.14758084568789745
BG02757	0.5230211957516939	0.18019463495263485	0.15715758418899137
BG02758	0.5679791933711775	0.1837309049263373	0.15781639057386956
BG02759	0.5688003570774582	0.17386837349679016	0.14691632013183956
BG02760	0.5313186687419883	0.1725445021639794	0.1504164366117886
BG02761	0.4958712918879329	0.16779754817514306	0.14198897150735948
BG02762	0.5639248763962643	0.19597918269221268	0.16819662038111144
BG02763	0.6522414621864125	0.2024255475044467	0.1764721363647138
BG02764	0.5703310977842887	0.18706206253748148	0.16215405957775664
BG02765	0.48669257004211697	0.17539779668362449	0.1536999981076376
BG02766	0.5218194927668924	0.16645653729223972	0.14055892135579268
BG02767	0.5918673319904781	0.1709416401339686	0.1470690067040453
BG02768	0.5690778932429958	0.17950658237183625	0.15499633903821583
BG02769	0.5133360419337117	0.16189318287537857	0.137010186152818
BG02770	0.5162945202343892	0.17556805701772596	0.1542751378519038
BG02771	0.5266577778795094	0.16667041148686149	0.14634112024641266
BG02772	0.6409740661051089	0.1729804634930657	0.1534860514692496
BG02773	0.54689502838308	0.18863588210588406	0.16037450916916723
BG02774	0.5299424327046328	0.18703306971069336	0.15742199816094654
BG02775	0.5180312671671856	0.15934710948176822	0.13623372780060028
BG02776	0.6276237181834827	0.1953222261960677	0.17598594555284133
BG02777	0.5088983244826953	0.1602943671672457	0.1377463752589157
BG02778	0.6184449963376673	0.2042261841418697	0.17877486442045498
BG02779	0.5376476377952757	0.1629722457963328	0.14360407568006753
BG02780	0.5999216031862294	0.19416944709435102	0.16402458875035622
BG02781	0.630327549899286	0.18843227328226558	0.16391868968827739
BG02782	0.5879331853140451	0.17991698283398294	0.1538550473438635
BG02783	0.5493642418970883	0.1732581692042245	0.15153432383267545
BG02784	0.5569235259110052	0.1762102761895831	0.1500793639671018
BG02785	0.5493699642922545	0.18776129025710298	0.16289572518204587
BG02786	0.5784712049075261	0.1786890927826582	0.15073640523444545
BG02787	0.552508698040652	0.17070438810875926	0.14644791976514282
BG02788	0.6001876945614357	0.19488106219530882	0.16823519877469362
BG02789	0.4185731779893793	0.1745377493467336	0.1521969679664283
BG02790	0.4403526139901117	0.1758110861351931	0.1517460571631471
BG02791	0.5583112067386926	0.179488903783461	0.15645123714345616
BG02792	0.551727591100531	0.18420567007128263	0.16064136315604205
BG02793	0.5812694561435636	0.18645501555999125	0.1636834075215977
BG02794	0.5738389260208755	0.172499053608977	0.1502990928167685
BG02795	0.48977407983885735	0.16902110254531783	0.1522270469370241
BG02796	0.5166550311298298	0.17155551738767216	0.1428963992571793
BG02797	0.5599649789415859	0.17615599737626414	0.15486655948377903
BG02798	0.3739127449185132	0.166392108550129	0.14725279716920467
BG02799	0.6214692821827503	0.17071467698002724	0.1511143935574325
BG02800	0.509069996337667	0.18445513362123617	0.16010338179885714
BG02801	0.5902250045779163	0.2121374938152539	0.1803007000467355
BG02802	0.5446861838491118	0.17542457176113585	0.15464310001292406
BG02803	0.5881191631569311	0.18998125222084175	0.16367500458491743
BG02804	0.5213359503753894	0.17591750227359287	0.14934008430506449
BG02805	0.6206624244643841	0.19905380667023806	0.1779558482542682
BG02806	0.6256952710126351	0.19656846523459215	0.16397892038040127
BG02807	0.684833363852774	0.1905228482648737	0.167512168930291
BG02808	0.581632828236587	0.19045500881659214	0.16928653023415668
BG02809	0.5150441768906793	0.16871614569926624	0.1458588008221407
BG02810	0.5216192089360923	0.18569760016772388	0.16234326197283405
BG02811	0.605835698590002	0.18741479723753302	0.1633550381876093
BG02812	0.5922621772569125	0.1892508525595695	0.16988019193941845
BG02813	0.5989688243911371	0.19433459271316206	0.1729306578913065
BG02814	0.5602024583409633	0.1753380153580361	0.14706216964975685
BG02815	0.5145921076725875	0.15835599077691004	0.13455671320987547
BG02816	0.571249542208387	0.1867763923474003	0.16190109337012293
BG02817	0.5030900933894892	0.18853062599250411	0.15536661149545716
BG02818	0.5505287493133129	0.17081823957176637	0.14822035581431514
BG02819	0.5266091375206007	0.16522239054930316	0.14204755621745013
BG02820	0.6021018357443693	0.17603754473288424	0.1461172458117066
BG02821	0.5518763733748397	0.1897656857325916	0.1689426732811563
BG02822	0.539727728438015	0.17874077803395977	0.15399281467621506
BG02823	0.6372115912836479	0.19771767923114633	0.17393725252242992
BG02824	0.49058952114997256	0.16955303891982412	0.14554900583878083
BG02825	0.5753696667277057	0.1644218471289659	0.14471776768914668
BG02826	0.5659019639260209	0.17502349032714237	0.15371990969612553
BG02827	0.46431514374656646	0.16233801674735193	0.13917155320645438
BG02828	0.5727345037538913	0.19275582917125203	0.16111403286076925
BG02829	0.5997270417505949	0.18039304739506462	0.1522702408905164
BG02830	0.5344087621314777	0.17943139576753547	0.15439555486704423
BG02831	0.5677474363669657	0.16558346586164646	0.14886837756702742
BG02832	0.4826840322285296	0.1744418554384491	0.15040843984655455
BG02833	0.6339126304706101	0.1859626290326838	0.16255859381035218
BG02834	0.5769490477934442	0.1707792692702842	0.14251506115322515
BG02835	0.5670378593664164	0.16834312248819686	0.14650517271074587
BG02836	0.5473814319721664	0.16098140448622122	0.1375789826482042
BG02837	0.5769776597692731	0.17552512113693233	0.1547162232890948
BG02838	0.5300883537813588	0.16488012677672104	0.14136705355108017
BG02839	0.5523684993590916	0.1686887437363359	0.14499396462795383
BG02840	0.49297575993407816	0.17744015617606818	0.14691687183672134
BG02841	0.5828173640358911	0.16935837178844715	0.1485013028512381
BG02842	0.597930209668559	0.16122635430126797	0.14210975623055563
BG02843	0.5203688655923822	0.1881025367095579	0.16595308475260914
BG02844	0.5229096090459624	0.17009973931076544	0.15089670225194277
BG02845	0.6152805118110236	0.17485562275321398	0.1549320110559692
BG02846	0.5651923869254716	0.18260209630821106	0.15516990266535738
BG02847	0.5629892647866688	0.18105081967312356	0.15616571595402512
BG02848	0.47957104925837774	0.1633266570668908	0.143097718885915
BG02849	0.5942135140084236	0.1720435908067142	0.14966997325556158
BG02850	0.5476618293352865	0.17545902707155187	0.14847057308887662
BG02851	0.5992864173228347	0.1787243915959935	0.1552462082213878
BG02852	0.6818090780076911	0.18525709795005857	0.16490282798455005
BG02853	0.5356018815235305	0.18121427747191884	0.1532468306587757
BG02854	0.5581567020692182	0.17413837950193914	0.15100628866695276
BG02855	0.5599506729536716	0.17660656633515165	0.1538459781172846
BG02856	0.6014351767075626	0.20139779311560999	0.1757666828397884
BG02857	0.6261730910089728	0.19958365044273532	0.17120104244483086
BG02858	0.5064891961179271	0.1661070503940674	0.1452011342413042
BG02859	0.5903737868522246	0.1762757017123041	0.1572396839619103
BG02860	0.5363314869071598	0.1833350787072654	0.16085604150489213
BG02861	0.5187522889580662	0.16122990299941617	0.13991691918037719
BG02862	0.5559421351400844	0.18180599526929767	0.15212172784326455
BG02863	0.514091398095587	0.16633611837077023	0.14745377012007466
BG02864	0.49307590184947814	0.1691483299951059	0.14744189139435876
BG02865	0.5597189159494598	0.19880260896856072	0.17554742236407744
BG02866	0.5253130150155647	0.17088322311643997	0.14808868074574738
BG02867	0.5498306171030944	0.16176606328544044	0.13902247556126118
BG02868	0.5960647088445339	0.16572666239362194	0.1461982851489963
BG02869	0.537435909174144	0.16353850674019985	0.14549569418884517
BG02870	0.5821621497894157	0.18314507908407657	0.1578527231003531
BG02871	0.5115048754806814	0.1636403888542679	0.13711681331626585
BG02872	0.6479782777879508	0.17826367414625413	0.1503839073488475
BG02873	0.5362570957700057	0.18134918602460887	0.14780791773395663
BG02874	0.6372173136788135	0.20722970598971643	0.1741326232856232
BG02875	0.5815040743453579	0.18180377120139565	0.1548260453784172
BG02876	0.5592210675700422	0.16706359738673013	0.14480747698128602
BG02877	0.587380974180553	0.1715930503209735	0.14668065422349869
BG02878	0.5674498718183483	0.17348302492949594	0.14288375532866018
BG02879	0.45938816150888107	0.17595501689417087	0.14726339742370764
BG02880	0.46237811298297016	0.18370996634358427	0.1523835166235118
BG02881	0.4731219099066106	0.16888173539327825	0.146695746633246
BG02882	0.5952177943600074	0.1987374524026486	0.17280226256282005
BG02883	0.4893134270280167	0.16903126508096455	0.15297789279815413
BG02884	0.5978672633217363	0.17705474466599885	0.15616135050254876
BG02885	0.5554299807727522	0.18072967712663926	0.1612383288990577
BG02886	0.6169457288042481	0.20061777802197756	0.17150082515936932
BG02887	0.5283659128364767	0.18377112083719105	0.158862936370944
BG02888	0.4781261444790331	0.18999778234839854	0.1652158634195771
BG02889	0.587998992858451	0.17542028920105132	0.15631983648960207
BG02890	0.6095323658670573	0.1831290711731735	0.15655710278414342
BG02891	0.5352442318256727	0.16319495257761296	0.14500125765422964
BG02892	0.6373374839772936	0.18439753630745276	0.15936286820765563
BG02893	0.5625772523347372	0.16246331027293054	0.14300105006170244
BG02894	0.48064685954953296	0.16680282105485486	0.1426163361107362
BG02895	0.593981757004212	0.20340086069696017	0.17419666048727864
BG02896	0.6021304477201977	0.17113471730487523	0.14664560428557755
BG02897	0.5903137017029848	0.17567726931694855	0.15591576854583672
BG02898	0.5540594671305621	0.165215982583289	0.14451199610684817
BG02899	0.576185108038821	0.18252894961284988	0.15377343413729924
BG02900	0.6008972715619849	0.18504537107136299	0.15929523572867826
BG02901	0.6235407892327416	0.19470103474021033	0.16670692388428154
BG02902	0.6356379326130743	0.177036129055561	0.15350476440842237
BG02903	0.5841363761215894	0.17786159223706594	0.15701437061913634
BG02904	0.5618190349752794	0.17862813472154823	0.1534937871437775
BG02905	0.3835378135872552	0.1751188352798158	0.1509984072831557
BG02906	0.5769204358176159	0.16374298267855866	0.1377446382929416
BG02907	0.4662178401391688	0.1792947444418338	0.14889913282314
BG02908	0.5907857993041568	0.16428208275242256	0.14865401654978677
BG02909	0.5705285204175059	0.18153219174151577	0.15517569569721804
BG02910	0.5561223905878045	0.1863510780428742	0.15657783435151879
BG02911	0.6308969282182748	0.18860324731672157	0.1625767301546977
BG02912	0.5971004623695293	0.17195570484674633	0.15384914039595227
BG02913	0.5667116828419703	0.17370074041639622	0.14610697645873788
BG02914	0.5633440532869437	0.1733372014754848	0.15864893745935338
BG02915	0.49966810108038806	0.17317769182475012	0.14666657301245098
BG02916	0.3532463147775132	0.16841739489610652	0.1448712781568599
BG02917	0.5908373008606479	0.17261429960913213	0.15522090639325822
BG02918	0.558914919428676	0.16451621131157979	0.14481695267972333
BG02919	0.555312671671855	0.16898009931456953	0.14979407322486066
BG02920	0.5197765976927302	0.15797273388919314	0.14024544583001608
BG02921	0.5418736266251603	0.17705548118610406	0.15517363391208702
BG02922	0.5740992950009154	0.18643908446623386	0.16308286342988842
BG02923	0.46535375846914495	0.16051966508294005	0.13893581905470503
BG02924	0.5631437694561439	0.16862917431936472	0.15102773853561885
BG02925	0.6535290010987	0.1779746393927201	0.15538468339846023
BG02926	0.5001316150888115	0.15926664418099729	0.13825605653920006
BG02927	0.5746944240981504	0.17502067614898828	0.15584444360361988
BG02928	0.5424372825489836	0.16619596230191355	0.1438928753615513
BG02929	0.5616044451565647	0.1787181705922494	0.15247286224841305
BG02930	0.5774983977293537	0.1777706788198205	0.15897118397574908
BG02931	0.5084605612525177	0.18019712214524636	0.15560990769495936
BG02932	0.5780706372459257	0.16314972166237998	0.14102222910974138
BG02933	0.5396676432887749	0.16376192964432396	0.14534053788583878
BG02934	0.6119643838124886	0.20312305213538256	0.17789721768444716
BG02935	0.5036222761399012	0.1672300261963987	0.14590098546336516
BG02936	0.5245662424464386	0.16769718566076014	0.14515341323098419
BG02937	0.6334033373008605	0.2002674441431198	0.17341480391940226
BG02938	0.6782239974363671	0.16818438930016308	0.1495848292106699
BG02939	0.5559964978941587	0.1803868544026543	0.1589871945011491
BG02940	0.5435331212232193	0.1767737719299713	0.15594015879073556
BG02941	0.648101309284014	0.18776434903949718	0.1645252891897919
BG02942	0.6016039873649517	0.19086549005557352	0.16323238401625365
BG02943	0.5516589223585424	0.18183448970472293	0.156728436882608
BG02944	0.5337134911188427	0.1835983648101534	0.15972502749976586
BG02945	0.5473814319721664	0.17215769423972394	0.14474661229824054
BG02946	0.5343687053653177	0.1686820998330802	0.14676670014002377
BG02947	0.562087987548068	0.18206585668819242	0.15658097326886217
BG02948	0.5418879326130743	0.17257750863954813	0.14754042091069988
BG02949	0.6335721479582493	0.18159080851796944	0.1544321851434936
BG02950	0.5300826313861932	0.1832778217968326	0.15593802136116358
BG02951	0.6316179500091557	0.19127597406965277	0.16405878641567667
BG02952	0.5058654550448636	0.18840952932763827	0.15982803050081915
BG02953	0.6055409952389674	0.17959916169993612	0.15683455425728068
BG02954	0.46770280168467326	0.18136714525788594	0.15969451096026652
BG02955	0.5099769959714338	0.17022117405085763	0.14663242680627983
BG02956	0.5711951794543124	0.16690528293659843	0.14699030981691302
BG02957	0.5153159906610512	0.15460858166573643	0.1363800985820119
BG02958	0.5680049441494233	0.16183729354848744	0.13866375687668214
BG02959	0.558551547335653	0.1949172485543694	0.16662522363136004
BG02960	0.6324333913202711	0.1762345486082755	0.15567115397225081
BG02961	0.5756786760666547	0.20108141368399784	0.1758625390678415
BG02962	0.5811378410547519	0.20222485900773743	0.17659917194064378
BG02963	0.5259625068668743	0.1786022210256744	0.1524543884297441
BG02964	0.5668261307452847	0.1895759440572278	0.17074998903109623
BG02965	0.5245662424464386	0.17525949664632268	0.15008194654489268
BG02966	0.6280214246475004	0.19626187439695258	0.16988834030370067
BG02967	0.5884882576451198	0.18185507221361294	0.16199815446211957
BG02968	0.5383429088079108	0.16573699813614634	0.14331392489155315
BG02969	0.5377420573155098	0.16820787685406727	0.14953890580184526
BG02970	0.5015192959164987	0.15413861096466525	0.13366709239025484
BG02971	0.5631437694561439	0.17175932586140402	0.14610419762012355
BG02972	0.505733839956052	0.1666746212371693	0.14635528828552222
BG02973	0.5549693279619118	0.15966356129314485	0.1405351622090074
BG02974	0.59096891594946	0.1971791720039323	0.16935771426575896
BG02975	0.5186263962644204	0.16206618366281755	0.1400075397349247
BG02976	0.5549950787401575	0.1683349055842939	0.14835681660882355
BG02977	0.5581938976377953	0.17911278716098536	0.16095935547266915
BG02978	0.5087724317890497	0.18253585981522663	0.16043489369703942
BG02979	0.5157537538912285	0.16291835546740355	0.1353691898310231
BG02980	0.5821535661966675	0.18198737532864045	0.1548662842940775
BG02981	0.5601080388207288	0.1738565518928997	0.1522122276879964
BG02982	0.5311555804797654	0.16864727371464347	0.14701772959634252
BG02983	0.5407520371726791	0.1703680692430385	0.14956048586218879
BG02984	0.5879017121406336	0.1838492999435572	0.15781498140659314
BG02985	0.6431199642922543	0.17891537514197475	0.15906813634629632
BG02986	0.5006924098150521	0.1684613430546863	0.14579383391634765
BG02987	0.5866227568210951	0.18715762138385786	0.1566367258176433
BG02988	0.5701451199414029	0.16997829694107053	0.14874828390241318
BG02989	0.58999896996887	0.16867412865018055	0.14706713412950756
BG02990	0.5632582173594581	0.16208948338153145	0.1428849526743102
BG02991	0.5547575993407802	0.18022712798507606	0.15075527426327123
BG02992	0.5676902124153085	0.16912433470554328	0.14311223280158675
BG02993	0.5147008331807363	0.17612341776327137	0.1465048655786469
BG02994	0.5483399331624245	0.18088778702808364	0.1541915824364398
BG02995	0.45628948452664353	0.16937547538212888	0.14391572072305964
BG02996	0.6823441219556861	0.198249937635379	0.17326345646404634
BG02997	0.5377649468961728	0.16741212304118033	0.1447946659923643
BG02998	0.5965825856070317	0.17338003296154095	0.1534611520640115
BG02999	0.618565166636147	0.1949584474103358	0.16168959464467594
BG03000	0.5894152856619668	0.19505181634544638	0.16842487237320403
BG03001	0.5797873557956419	0.17378045081057836	0.14981821883881
BG03002	0.5507977018861014	0.16876133409063174	0.14867883736858367
BG03003	0.5474787126899837	0.1646275545401655	0.13965952308419455
BG03004	0.592731413660502	0.18355133099167747	0.16049551184421865
BG03005	0.5059341237868522	0.17675484236808742	0.14909839682486337
BG03006	0.5200798846365136	0.17664751902866163	0.153297247558818
BG03007	0.5540422999450649	0.17410818134505646	0.14733817276236166
BG03008	0.5821507049990844	0.1706902911608163	0.15219577663324385
BG03009	0.5388064228163343	0.18495476635741487	0.15599534706080317
BG03010	0.6150230040285661	0.18291370267276982	0.15625827910530746
BG03011	0.6468652719282184	0.18723197144135234	0.1626900471891178
BG03012	0.5565687374107307	0.16829527362369026	0.14674261531209837
BG03013	0.5375503570774582	0.17795240385542146	0.1559619746702464
BG03014	0.5870977156198498	0.1679216487714136	0.14771320550169154
BG03015	0.5996183162424464	0.20077507034865003	0.17314560904495283
BG03016	0.6022077000549351	0.18929205209354366	0.16220382855625587
BG03017	0.641506248855521	0.19801319873250717	0.16933569853463318
BG03018	0.5275991118842708	0.16468908429963244	0.14274237858695624
BG03019	0.5745771149972534	0.18335736742700384	0.16171150719853553
BG03020	0.5631294634682291	0.18487481607904116	0.16109526945107566
BG03021	0.5879017121406336	0.18237173071302387	0.16579314784801324
BG03022	0.6346622642373194	0.18060968126270993	0.15363109276047046
BG03023	0.5386662241347737	0.16646410049179888	0.13942901514475398
BG03024	0.6275521882439115	0.1977861726510552	0.16980809960551985
BG03025	0.5376018586339498	0.17514878838418005	0.15638883696133182
BG03026	0.5755070042116828	0.16677913245913473	0.1456025830581734
BG03027	0.5618247573704451	0.15973514079224102	0.14449576343277193
BG03028	0.5639248763962643	0.17807066627874488	0.15309710555865197
BG03029	0.5217508240249038	0.1785260199068746	0.14808341259742389
BG03030	0.6385134361838489	0.183568447133589	0.16074379708480854
BG03031	0.5091043307086613	0.17497346103898445	0.15112862092964902
BG03032	0.5847687007874016	0.1753606878161303	0.15715113504318162
BG03033	0.5736100302142466	0.16328874068697488	0.14683838631307797
BG03034	0.5677302691814685	0.1739392383961056	0.1519176902007106
BG03035	0.5983565281084051	0.16811372449018366	0.14627037334478438
BG03036	0.5351269227247758	0.175802399681529	0.14693818422093596
BG03037	0.6067627266068489	0.18619641306001064	0.16017714989842405
BG03038	0.5232357855704082	0.1594777447978764	0.14143876855601753
BG03039	0.5461997573704449	0.1648752752183993	0.14234570952758324
BG03040	0.5381483473722762	0.18862827249251002	0.1683853401907202
BG03041	0.5336934627357628	0.1670177002143029	0.14784601647087564
BG03042	0.6885843938839038	0.1892600604323703	0.16949220882987276
BG03043	0.5748632347555391	0.1755516159978811	0.15687495592820327
BG03044	0.5035993865592383	0.18136328585277575	0.15269207637954013
BG03045	0.5400510437648781	0.15581071074867464	0.1341577620504236
BG03046	0.5418335698590004	0.17845117322659526	0.154976482750049
BG03047	0.6275493270463286	0.19368307006852487	0.17225429261689332
BG03048	0.5625	0.18168508586404944	0.15783471253723302
BG03049	0.6008972715619851	0.17805409418376708	0.15005391161192833
BG03050	0.6258812488555212	0.18518585638000973	0.15545366630071608
BG03051	0.5908315784654826	0.16641857315494696	0.14588804597346092
BG03052	0.5400596273576269	0.16426218547546614	0.1445319168372472
BG03053	0.5800935039370079	0.18370600387433775	0.15506911735126477
BG03054	0.5159082585607031	0.17480508244528586	0.15158880700765928
BG03055	0.5614070225233474	0.17189279806653388	0.14686025571776182
BG03056	0.551218297930782	0.18486344085597467	0.158137138242675
BG03057	0.5229811389855337	0.16201427174027727	0.13972228253540622
BG03058	0.5915354330708664	0.17755995500833452	0.15183978938810866
BG03059	0.5154991073063541	0.1613883532334077	0.14150588607886155
BG03060	0.5543713376670938	0.17145793015569682	0.14178291748146937
BG03061	0.549498718183483	0.17681913547526595	0.15281518869847915
BG03062	0.5797186870536535	0.18582417161466094	0.16138035974248466
BG03063	0.5559020783739241	0.1814773040283459	0.1554131969847773
BG03064	0.5585515473356528	0.16796773010044366	0.1454904247353595
BG03065	0.5348608313495697	0.1789043929288375	0.1511988517905015
BG03066	0.5016251602270646	0.17867604573820933	0.15500252292844946
BG03067	0.5560823338216445	0.18987087966016702	0.16244952839516394
BG03068	0.576851767075627	0.16051078159896773	0.1393994198480699
BG03069	0.6147855246291889	0.18779825831006783	0.15791716846133966
BG03070	0.516263047060978	0.16159495253861797	0.13758134610979805
BG03071	0.5848030351583959	0.1779566173147928	0.15273046515765104
BG03072	0.5040915125434903	0.1603225013763757	0.1385803068161091
BG03073	0.561455662882256	0.18720777504088854	0.15998885765063758
BG03074	0.47628067203808827	0.17402742241044597	0.14957071946235173
BG03075	0.6230829976194835	0.1808838801985651	0.15965838239987842
BG03076	0.550420023805164	0.18013538224321254	0.15555451608799764
BG03077	0.609867125984252	0.1898701656365308	0.1643687928236655
BG03078	0.5117423548800586	0.1683226036026013	0.14622671145688035
BG03079	0.5199940487090277	0.17555783193637936	0.14953513551812808
BG03080	0.6085366691082219	0.18434894270356555	0.16376918649390895
BG03081	0.5755957013367515	0.18273386654275756	0.15450225072138452
BG03082	0.5036222761399012	0.17009114308509363	0.14603891739626476
BG03083	0.5298136788134042	0.1654106671753149	0.14249929342650364
BG03084	0.5892865317707379	0.17791806837315507	0.1531504087825739
BG03085	0.6039415857901482	0.167097974445008	0.14700833604344402
BG03086	0.5837730040285664	0.16865163051242382	0.14163856066505642
BG03087	0.6373346227797108	0.189863678110341	0.16176005040601804
BG03088	0.6058328373924189	0.16734401372423857	0.15056739039624106
BG03089	0.569727385094305	0.1771487836309009	0.1501371152523862
BG03090	0.5763281679179637	0.17028263501904828	0.14543932676898885
BG03091	0.508331807361289	0.16937348984613018	0.14942155479293429
BG03092	0.5788288546053837	0.17684154081451522	0.15505161092701067
BG03093	0.6095295046694743	0.17803713574950344	0.15394443909478472
BG03094	0.530858015931148	0.16713180928317634	0.14725685510655342
BG03095	0.5840934581578465	0.1891989060256532	0.16278423161860728
BG03096	0.5797673274125619	0.15962560658722438	0.1381321689124639
BG03097	0.5247579426844899	0.17126063541951134	0.15438043382839858
BG03098	0.575441196667277	0.17865286908955483	0.14932222207483545
BG03099	0.6120616645303059	0.17813526115710268	0.15792699005524108
BG03100	0.5408979582494049	0.166950807543697	0.14710943720383152
BG03101	0.5514357489470791	0.17757042436386555	0.15222802870111204
BG03102	0.5180312671671856	0.17038049957576878	0.15400785770531014
BG03103	0.5564342611243362	0.1740955386267808	0.1512955726256066
BG03104	0.4706097784288593	0.16560522114552917	0.14531064870305183
BG03105	0.3792116828419703	0.16926977035464114	0.1426066511379174
BG03106	0.5462483977293537	0.18008217880726854	0.1514788120585582
BG03107	0.61721754257462	0.19129152398803786	0.16711557077403488
BG03108	0.6038757782457427	0.18270847482019187	0.15955279626832294
BG03109	0.5263630745284746	0.16738229187580483	0.14174542498177267
BG03110	0.5521081303790514	0.15147036564304067	0.13341728561914568
BG03111	0.5635786714887385	0.15919171808687174	0.1399731713449856
BG03112	0.5033275727888665	0.1613022715049509	0.13641742795450099
BG03113	0.6441528566196668	0.17435189584675082	0.15304434665318487
BG03114	0.5663111151803696	0.1733691039985695	0.14927859584889291
BG03115	0.6111403589086251	0.17411075593964292	0.151604242329328
BG03116	0.6620439251052921	0.21759237415405014	0.18848713617920687
BG03117	0.591724272111335	0.18938455522106454	0.160517395442097
BG03118	0.644124244643838	0.20335949197463415	0.17983007099757878
BG03119	0.6019988326313861	0.18184859072980325	0.16009604591608065
BG03120	0.5556302646035525	0.1625999356035154	0.14423954551930485
BG03121	0.47895016938289686	0.15514276971004531	0.12911875211340432
BG03122	0.5659763550631755	0.19085509954437074	0.1612811781133115
BG03123	0.5383028520417507	0.15609635819936998	0.1307470757636642
BG03124	0.5869661005310383	0.1712183142895576	0.14495675750730513
BG03125	0.5182887749496431	0.15952465218663855	0.13826431331769462
BG03126	0.3714063358359275	0.16187165310075774	0.14103662850366352
BG03127	0.5652839452481232	0.1921451118037736	0.16489825880078862
BG03128	0.6235694012085697	0.1932652455291557	0.16644813542900752
BG03129	0.5226091832997619	0.1778867475961962	0.1541758401855517
BG03130	0.5291927989379235	0.17393245560142626	0.1463823040754829
BG03131	0.5390152902398827	0.18440268559201017	0.16335442121686242
BG03132	0.5416990935726058	0.1727134318642717	0.148530631893331
BG03133	0.5848545367148874	0.19240556604299175	0.1702756534837167
BG03134	0.5533928080937556	0.178581712548424	0.15362626701566154
BG03135	0.5622081578465481	0.1694652044802841	0.15087167157944825
BG03136	0.5572096456692913	0.1836432016899585	0.16161211831580266
BG03137	0.6055667460172128	0.20215642411318938	0.176324853895557
BG03138	0.650132759567845	0.18798457051933531	0.1603721295326074
BG03139	0.5639821003479217	0.18489367099093218	0.15671586525632364
BG03140	0.5743997207471161	0.1855639771225378	0.1642110480215432
BG03141	0.5593841558322651	0.18787359177367988	0.1603520747288971
BG03142	0.5754240294817798	0.1738945955173611	0.15611551299485954
BG03143	0.5886627906976746	0.16736043291852967	0.14725344318493672
BG03144	0.6596290743453581	0.1960058622867225	0.17123023770651521
BG03145	0.5982849981688336	0.16122863518774083	0.1375621464574221
BG03146	0.5463542620399191	0.17214954391585896	0.1487839464929362
BG03147	0.6186624473539643	0.19187263762078463	0.1654136709080922
BG03148	0.5500595129097234	0.17693747984040367	0.1524049957574083
BG03149	0.5248065830433988	0.16302182901254317	0.1402097508635084
BG03150	0.5200140770921075	0.1647801624093299	0.13986702759286002
BG03151	0.5053389946896172	0.15993646336841255	0.1427372579569512
BG03152	0.6341014695110788	0.1850262317105681	0.16239887045100282
BG03153	0.5877071507049989	0.1805935279167113	0.1579304712222589
BG03154	0.5345575444057864	0.1672013947567766	0.14711080702863483
BG03155	0.5064262497711043	0.17525944432489632	0.15847265767013255
BG03156	0.5947313907709212	0.1798153493400363	0.1524832158405739
BG03157	0.5445116507965573	0.19810329164518017	0.16691400268255427
BG03158	0.5583112067386926	0.17504203415565867	0.1465900624951885
BG03159	0.5231385048525912	0.18176145669489105	0.14789239638949198
BG03160	0.587380974180553	0.17918956423903398	0.1527309487257034
BG03161	0.5826657205639993	0.1876571308945594	0.16167952237564526
BG03162	0.5700049212598424	0.16953256921109247	0.1437908597032816
BG03163	0.6224907297198317	0.20469089736217289	0.17820321043392243
BG03164	0.5462197857535248	0.17316561408300987	0.14747948836179436
BG03165	0.4641491942867606	0.16084553825890144	0.1413469313999667
BG03166	0.47852385094305055	0.17770868999404438	0.15180693146563332
BG03167	0.5165148324482697	0.17890800210989818	0.1557515967418767
BG03168	0.449050654642007	0.1689375889422023	0.14919272342330736
BG03169	0.4600977385094305	0.15286207929055334	0.13251664428259224
BG03170	0.5796957974729902	0.1718173151925539	0.1481734738926117
BG03171	0.5110041659036808	0.16616173626909916	0.1438185918497723
BG03172	0.6064079381065738	0.1804177414115563	0.15316209923280746
BG03173	0.6668850714154915	0.1753070122417364	0.15265592965435854
BG03174	0.5460223631203075	0.1970810204842493	0.17090091107658295
BG03175	0.5970976011719464	0.1846002589327894	0.16257465267015445
BG03176	0.4989156061160962	0.17926301451696197	0.15709872498221342
BG03177	0.5692352591100531	0.16333916203474025	0.14492923966745658
BG03178	0.6244735396447536	0.18240760165242198	0.15704419155369775
BG03179	0.5363314869071598	0.16243999418394214	0.1387320958402664
BG03180	0.6239642464750048	0.19127561269904478	0.1659338764311335
BG03181	0.5208266572056399	0.1893254441597921	0.16308520322042816
BG03182	0.5734040239882807	0.19288062603350392	0.16888650151984272
BG03183	0.644888184398462	0.18137666378773235	0.1603510498140745
BG03184	0.589466787218458	0.18511052296214536	0.16079563552845547
BG03185	0.5506174464383815	0.17865079827401648	0.15451936788582166
BG03186	0.5456990477934447	0.16996033041167083	0.14659893540167956
BG03187	0.4151855200512726	0.1655256235878516	0.14402157973923163
BG03188	0.5808345541109687	0.1904531518141842	0.16640778340173398
BG03189	0.5411154092657022	0.17838738606463345	0.15755476557382112
BG03190	0.5418736266251603	0.1591456983438697	0.13753213595144093
BG03191	0.5291784929500092	0.18191284727378915	0.16207894697820038
BG03192	0.589675654642007	0.17411015787760603	0.1542322407706169
BG03193	0.5554700375389124	0.16745328863189932	0.14736313720054856
BG03194	0.5482941540010987	0.16700709012700193	0.148203961779337
BG03195	0.45476160501739604	0.1668359855796147	0.1411593336283858
BG03196	0.5591037584691447	0.17380709538290523	0.14357854096646105
BG03197	0.5722824345357993	0.16916598980314373	0.14477125335753038
BG03198	0.5360110327778793	0.1735222719661678	0.1477427914373121
BG03199	0.5600593984618201	0.1730376769897461	0.14973469481833382
BG03200	0.5489608130379051	0.18895985129462284	0.15986248375075787
BG03201	0.5966312259659403	0.188761865147202	0.1595181519028863
BG03202	0.5890061344076176	0.16825375327740555	0.1456459139953142
BG03203	0.5198652948177991	0.1823890279639125	0.1504848527484974
BG03204	0.3682761856802785	0.17873575316728815	0.15273996728843975
BG03205	0.6225908716352317	0.17168432361982444	0.14783012398592238
BG03206	0.6041733427943601	0.19988427175875384	0.1777791090456986
BG03207	0.5974810016480498	0.17697943935576077	0.15287716784347577
BG03208	0.5022260117194652	0.18403361985977879	0.1544473010786725
BG03209	0.5756700924739059	0.1785346721840462	0.15036266114871688
BG03210	0.38229033144112795	0.19423402202512693	0.16529491895869747
BG03211	0.5839961774400295	0.15785379727650692	0.1392101715127313
BG03212	0.6002449185130929	0.17408600425391296	0.15062213390762946
BG03213	0.5652124153085516	0.17456892219049358	0.15463367585026266
BG03214	0.5133675151071233	0.15829967164362654	0.13474804597636822
BG03215	0.5858359274858087	0.1817775982614389	0.16287549769532833
BG03216	0.6002449185130929	0.16876995193111927	0.14979253495531772
BG03217	0.5547289873649512	0.1861209358870181	0.15858587115506792
BG03218	0.525250068668742	0.18408439624234998	0.1637299246404235
BG03219	0.6032434535799304	0.17444231415035596	0.1501548978048228
BG03220	0.5045750549349934	0.16532632152735258	0.14290069235455186
BG03221	0.32775876670939397	0.17484965460169272	0.14870571240209599
BG03222	0.5646172862113166	0.16847903372346312	0.1534465461088624
BG03223	0.5682738967222122	0.1639470882493701	0.13969832609127922
BG03224	0.521378868339132	0.1775020182550919	0.15544938685810514
BG03225	0.5798445797472989	0.178383595068478	0.15620533251484744
BG03226	0.5417391503387657	0.16630906193245984	0.1423949369017187
BG03227	0.5444343984618203	0.17535707511794058	0.15236139736447796
BG03228	0.5855755585057679	0.18279573216550274	0.15902031724024926
BG03229	0.6153119849844351	0.18533144122310366	0.15932559950544065
BG03230	0.5941276780809377	0.19343736218062577	0.1682629056055561
BG03231	0.5745084462552645	0.18559575435343206	0.16015636570863342
BG03232	0.5868716810108039	0.19060737925418908	0.16372270077489265
BG03233	0.5432470014649331	0.1783866205113338	0.1570380628296148
BG03234	0.5582196484160411	0.17781252661112523	0.15494344253918374
BG03235	0.6028657754989929	0.1857450426415012	0.15983490849368065
BG03236	0.5557475737044498	0.16951340624365693	0.1448154717127001
BG03237	0.5519078465482513	0.17540545794435136	0.15025072137005516
BG03238	0.5348465253616551	0.17028120997979648	0.15226807967049732
BG03239	0.5092302234023072	0.18627602899601206	0.15820530754571996
BG03240	0.5501167368613809	0.17792110204753137	0.15112639719988724
BG03241	0.5568834691448453	0.1613869223588499	0.14184471360280035
BG03242	0.5577446896172862	0.17674327618346286	0.15680589117423624
BG03243	0.5955639992675332	0.17330584635612217	0.14608885449753042
BG03244	0.450687259659403	0.1632340689601977	0.13785986561589864
BG03245	0.5711150659219923	0.16659203081026003	0.14161263183299677
BG03246	0.6044909357260575	0.18780473695157243	0.16011422033062764
BG03247	0.4570219511078558	0.15717884986666394	0.14064603827964112
BG03248	0.6301100988829885	0.19770767932667155	0.16868071188608139
BG03249	0.522852385094305	0.16092021985692115	0.13966696593037195
BG03250	0.5882507782457427	0.17057637766930553	0.15531235410125463
BG03251	0.5893351721296467	0.1688091891191979	0.15074768461130247
BG03252	0.5675099569675883	0.17842805035361392	0.15251977843829725
BG03253	0.4884636513459072	0.17258086624667635	0.15171155043889803
BG03254	0.5854725553927853	0.18029720997297435	0.1574571049449715
BG03255	0.5889374656656289	0.19261879885588273	0.16671139302777505
BG03256	0.45395474729902957	0.16322214111367028	0.1350191315265176
BG03257	0.6334033373008605	0.19473972714380383	0.16611895547938735
BG03258	0.551275521882439	0.15631072289408968	0.13518608340853427
BG03259	0.5594242125984255	0.1815664801572503	0.153294887076355
BG03260	0.5647717908807912	0.17017105960168305	0.14631045404262558
BG03261	0.6134321781724958	0.18475521433387002	0.15433353950052614
BG03262	0.5392298800585973	0.17337628911019828	0.14879885156631
BG03263	0.6042362891411829	0.17774117980098464	0.1631275971778938
BG03264	0.49048937923457236	0.18117432411313195	0.15707858398062174
BG03265	0.5835641366050169	0.17963272644200204	0.15387247227650233
BG03266	0.5476618293352865	0.17521111672874176	0.15036702199985613
BG03267	0.5460938930598792	0.18793080257950334	0.15957195726723258
BG03268	0.6150344488188977	0.17830612745954563	0.15339457782706997
BG03269	0.486157526094122	0.17012087379863314	0.14429703405781108
BG03270	0.5509178721845815	0.1932795835452925	0.1676813062926275
BG03271	0.5709119208936093	0.19245208694138707	0.16437629438928572
BG03272	0.5630894067020692	0.18713957867262768	0.1635492901937793
BG03273	0.5508348974546784	0.16809375055872694	0.14032400081733187
BG03274	0.45611495147408904	0.16853258771866703	0.1460029618700672
BG03275	0.6518809512909726	0.2041725587029693	0.1770904881620345
BG03276	0.48577984801318447	0.1698517152974209	0.1495634608554365
BG03277	0.5119283327229444	0.16796350524966502	0.14359651227268144
BG03278	0.5745685314045047	0.18838401764965423	0.1651912936432159
BG03279	0.4875051501556492	0.18290520271168956	0.15619380664993013
BG03280	0.5894152856619668	0.16048086930333547	0.14410994175108086
BG03281	0.6280214246475004	0.18301848161486528	0.15405472642091622
BG03282	0.5927657480314961	0.18096632846583166	0.1589872567472
BG03283	0.5892378914118295	0.17253550672670426	0.152356315336751
BG03284	0.5892407526094123	0.16846504098400034	0.14832470265690512
BG03285	0.6186481413660503	0.18642141280644092	0.16501951831428507
BG03286	0.5939903405969603	0.17604399065961504	0.14805098708424516
BG03287	0.5626258926936458	0.1850850552497276	0.1640989510006242
BG03288	0.5737817020692179	0.17947105423919596	0.15236829676457458
BG03289	0.6090316562900568	0.19596190459575902	0.16887567396461076
BG03290	0.6371801181102363	0.18926533892726843	0.16415125252165536
BG03291	0.5439794680461453	0.17049460644074535	0.143766398993054
BG03292	0.6162018174327049	0.17877881899362696	0.15277648550978956
BG03293	0.6009287447353966	0.1914328780080199	0.16422114335805715
BG03294	0.5737015885368981	0.18656882066917665	0.15841622211515563
BG03295	0.5049012314594397	0.1893963955393144	0.16072750676059827
BG03296	0.538294268449002	0.17787465274496736	0.1508136336808003
BG03297	0.5260569263871087	0.15949987522399744	0.14216446799574914
BG03298	0.5957671442959165	0.17368711791386066	0.15065853991791706
BG03299	0.581403932429958	0.18793523706317528	0.16064117778456846
BG03300	0.473848654092657	0.16289317661208152	0.14382981653858778
BG03301	0.5872464978941587	0.19049394734754135	0.15890534483730473
BG03302	0.5727602545321369	0.16930249727005184	0.1482935462515606
BG03303	0.5951720151986815	0.19833047445590643	0.16962037362659438
BG03304	0.4601406564731734	0.1564217572577194	0.13086758970674514
BG03305	0.4928441448452664	0.1601833415103626	0.1378146547649411
BG03306	0.5787115455044862	0.17470756849059305	0.1495285985834595
BG03307	0.5264117148873833	0.15808487886088915	0.13620311499523705
BG03308	0.49020898187145223	0.16634148458883152	0.1454173055444099
BG03309	0.5571838948910457	0.19021608423938585	0.16258719139297279
BG03310	0.5808517212964657	0.18073011172832248	0.1559838659297929
BG03311	0.5260941219556858	0.17243208854417053	0.14944279974333483
BG03312	0.5529893792345724	0.16457779922954757	0.1459309554199922
BG03313	0.6477636879692366	0.1779259365745446	0.15559562929902107
BG03314	0.4971674143929683	0.1602480663504118	0.13721618439265798
BG03315	0.553261193004944	0.17460260370812267	0.15202994391248859
BG03316	0.6306422816334007	0.17806006750997444	0.15392428747851125
BG03317	0.5320625801135324	0.16416098187351674	0.14193627035150952
BG03318	0.548514466214979	0.19040778054411764	0.16409341164252095
BG03319	0.5756042849295	0.17809163365080236	0.1550017426912617
BG03320	0.6159872276139902	0.1784024186062826	0.15525984115093683
BG03321	0.583429660318623	0.1882893503935053	0.1661396804675144
BG03322	0.5642424693279617	0.18273585706676734	0.15601120140126654
BG03323	0.5286176982237687	0.17107555532514054	0.14612632555944102
BG03324	0.5190040743453581	0.16519134431598137	0.14291665900553824
BG03325	0.5371497894158581	0.17248504785247515	0.14921374568340467
BG03326	0.6140187236769823	0.16145266224646662	0.14324348785220406
BG03327	0.5561166681926385	0.17104841936275844	0.14973478463290024
BG03328	0.43825535616187516	0.17541265252787416	0.14771803587459656
BG03329	0.5865769776597693	0.18485569027239085	0.15954897744454385
BG03330	0.556053721845816	0.1710261825248315	0.1428576619200907
BG03331	0.5511324620032962	0.15970725787456988	0.1353318047437581
BG03332	0.5213359503753894	0.17853686284453893	0.1553811930976534
BG03333	0.5132273164255632	0.19294364330510325	0.1655010755977756
BG03334	0.6231001648049809	0.1904811226866134	0.16929499722267208
BG03335	0.6027656335835927	0.17036860572014673	0.14816157897573484
BG03336	0.6640467634132945	0.17996746805820796	0.15482837005484107
BG03337	0.6320900476103279	0.1784656728930045	0.15851088835782617
BG03338	0.44981173319904777	0.1778253532038922	0.15358893505185484
BG03339	0.5608662561801868	0.2027584610026285	0.17508875657547848
BG03340	0.5912235625343343	0.1712031449341229	0.14961476625108194
BG03341	0.5568319675883536	0.1753764765880928	0.15159588099534924
BG03342	0.5547204037722031	0.16483304990052247	0.1418954447366001
BG03343	0.6102705548434355	0.18126010407941856	0.15814696090893038
BG03344	0.47895016938289686	0.170761716660273	0.14287471385751038
BG03345	0.6071661554660319	0.17495041578274406	0.15466571591673234
BG03346	0.5115935726057499	0.16022439578900566	0.13870563605695638
BG03347	0.5785513184398463	0.1618141259995426	0.13753135544177136
BG03348	0.606181903497528	0.1718773605376655	0.149995674586668
BG03349	0.5473785707745835	0.17446521370005702	0.14837906936954753
BG03350	0.5639048480131845	0.16438282584213265	0.1408847380484331
BG03351	0.5884110053103828	0.179636727038679	0.1588965982231015
BG03352	0.5691293947994872	0.17828968515348023	0.15758847306814286
BG03353	0.46354262039919436	0.1913920235619008	0.16468514880844073
BG03354	0.5966455319538547	0.18125643438348943	0.15944141889054805
BG03355	0.5671236952939022	0.18569802050878015	0.16376636135809278
BG03356	0.4675511582127815	0.16833792212448645	0.14593283363609344
BG03357	0.5295761994140268	0.16158145681303654	0.1381918762601922
BG03358	0.4873163111151802	0.17276959680747686	0.14257206841829997
BG03359	0.5417963742904233	0.1813001144971576	0.15927703477379254
BG03360	0.45400624885552104	0.1850053746463629	0.15573963419981046
BG03361	0.5340511124336202	0.16766441734209966	0.13840140723624356
BG03362	0.5322256683757552	0.1743886743825726	0.15033799046636828
BG03363	0.4649760803882073	0.17071806946964796	0.14487000790502513
BG03364	0.6010374702435453	0.1875356709862877	0.16237476166362635
BG03365	0.510572125068669	0.16670139111808807	0.14699548825359873
BG03366	0.5606945843252154	0.17684783362663786	0.15046316363452722
BG03367	0.5756328969053286	0.18085531837493177	0.14976716773111098
BG03368	0.6122533647683577	0.17228804742714135	0.14948577196915566
BG03369	0.5405603369346272	0.17365598527459422	0.14779786313616222
BG03370	0.6044737685405603	0.18074108804081157	0.15301881523686997
BG03371	0.5392956876030031	0.19122125143432625	0.16741252227067255
BG03372	0.5090957471159128	0.1644942999849332	0.14153805951971243
BG03373	0.5185777559055116	0.18732902924199638	0.1631315425963898
BG03374	0.480712667093939	0.1727091842887273	0.14671236365597412
BG03375	0.6090831578465481	0.20177749080844842	0.17735655112899856
BG03376	0.639051341329427	0.19570188596831373	0.16889689541333916
BG03377	0.49927325581395354	0.17220801464716412	0.15231769572320294
BG03378	0.6006941265336019	0.170210997162704	0.1469782229582614
BG03379	0.557830525544772	0.16109411666677495	0.1362635791091064
BG03380	0.5210240798388575	0.17825535719872326	0.15582792355275304
BG03381	0.5482941540010987	0.15691391318407472	0.13728607087077432
BG03382	0.4356373603735581	0.15995428455087032	0.13969822854948616
BG03383	0.5444544268449003	0.18304924070983492	0.15666277128924824
BG03384	0.6084336659952387	0.19154707147451244	0.16251000238699953
BG03385	0.5811578694378317	0.18250213059722634	0.15298781872996425
BG03386	0.4158321507049991	0.18391088803955105	0.15654407850412017
BG03387	0.5899760803882073	0.1703526782699745	0.15077000834293958
BG03388	0.5470724226332174	0.16800481624164837	0.1506346244690315
BG03389	0.512162950924739	0.16765740638695778	0.148839957613833
BG03390	0.5390381798205457	0.16841989169400187	0.1450757937848347
BG03391	0.5358536669108223	0.16976215909143877	0.14594752858694546
BG03392	0.5413214154916686	0.1885500841085226	0.16642856522313165
BG03393	0.5647431789049624	0.18216582461966377	0.15223748509269744
BG03394	0.558551547335653	0.19180359638937533	0.16774401383149237
BG03395	0.42447010620765424	0.16756373312551648	0.14080044911733397
BG03396	0.4668329976194836	0.17230931799794447	0.15364446721002964
BG03397	0.5002145898187146	0.16900397804746872	0.1437759876126668
BG03398	0.5950890404687785	0.17702622978252472	0.16332187924043073
BG03399	0.578734435085149	0.16442350078597295	0.14385291779021275
BG03400	0.5067495650979672	0.1971981417395215	0.1714851514661056
BG03401	0.5879017121406336	0.1849045738719451	0.1559148047296107
BG03402	0.5343687053653178	0.18275010856679086	0.16297885434461007
BG03403	0.5986912882255997	0.1813614392473145	0.156800986297356
BG03404	0.5995210355246291	0.16054045322699623	0.13890569582507029
BG03405	0.5417248443508513	0.18509509391849044	0.16182936923962266
BG03406	0.6301301272660685	0.1744768198667086	0.15005705360216115
BG03407	0.5118539415857903	0.17212415937403563	0.15257848684976566
BG03408	0.6359698315326865	0.16896310118857466	0.14434775398679003
BG03409	0.5280826542757737	0.1864391256823342	0.1595099331076658
BG03410	0.6143592061893428	0.19367520677974093	0.17070044737448656
BG03411	0.5635014191540011	0.1683535868600791	0.14549671341227668
BG03412	0.535656244277605	0.19820968296122665	0.16611443144031554
BG03413	0.5708718641274493	0.18276234250041076	0.1553017282901501
BG03414	0.6492343435268265	0.19977517448716686	0.17205911818398914
BG03415	0.38208718641274486	0.19899576986981102	0.16851546687992197
BG03416	0.6205823109320635	0.20043395826322552	0.17507075517699883
BG03417	0.557524377403406	0.1722599005054825	0.14856547653457736
BG03418	0.5196535661966672	0.16845468993292584	0.14598283590559274
BG03419	0.4833678584508331	0.17558281750327226	0.15186528578251096
BG03420	0.6172862113166091	0.1882302005875066	0.15864127704020034
BG03421	0.562356940120857	0.17240127917603273	0.154087900420735
BG03422	0.5187465665629007	0.17297807674469187	0.14701131528752936
BG03423	0.5928115271928218	0.1718721555100255	0.15115468927162296
BG03424	0.5883709485442228	0.170012816450751	0.14684284409132436
BG03425	0.63282251419154	0.1859450835793985	0.16017569756937822
BG03426	0.599953076359641	0.18140433888788504	0.15833115116464805
BG03427	0.6361472257828237	0.18332298497733157	0.16126609299678418
BG03428	0.5723367972898736	0.1737844553873121	0.15177519573456127
BG03429	0.43677611701153646	0.1594243490350239	0.13049688527171316
BG03430	0.5557275453213697	0.1719271452309165	0.1482399716070912
BG03431	0.5927628868339133	0.1839715818808974	0.15922061029657236
BG03432	0.5099140496246111	0.17262286896975654	0.1448465817786925
BG03433	0.5458592748580845	0.16747169769273598	0.15086951864354062
BG03434	0.5456332402490386	0.19219989085771289	0.16481301044624766
BG03435	0.531948132210218	0.18009954753267263	0.1497616623509353
BG03436	0.6142562030763599	0.1780106427463478	0.15356432145464557
BG03437	0.5039656198498442	0.16682133215211473	0.14459757653248678
BG03438	0.4961803012268815	0.1677854787551968	0.14363791997427258
BG03439	0.5874725325032042	0.17930860407375585	0.14961161300995515
BG03440	0.6176610281999637	0.18658229931816428	0.1609352659416094
BG03441	0.6430799075260941	0.2029212751812315	0.1772782209155751
BG03442	0.5204604239150339	0.17064433110456403	0.14485963472198962
BG03443	0.5045750549349934	0.167548820946049	0.14120265119097813
BG03444	0.48626052920710494	0.1496476633411763	0.13027585502303013
BG03445	0.5407520371726791	0.17488102117328927	0.1552968480318147
BG03446	0.6190487090276509	0.1857441955908135	0.15707507756695505
BG03447	0.6482272019776597	0.1911949349672316	0.16247508661843174
BG03448	0.5332757278886651	0.18766987303120902	0.16093611057528695
BG03449	0.49453797381431974	0.1881247166397471	0.16249020971816508
BG03450	0.4928298388573523	0.1635653483967708	0.14154979132028983
BG03451	0.5960189296832084	0.2066510065111759	0.18139635472980423
BG03452	0.5065492812671671	0.1508126440051356	0.12793473939327582
BG03453	0.5125406290056767	0.17336338852273808	0.14514910580314386
BG03454	0.4838056216810107	0.1754248066680721	0.1495768389437832
BG03455	0.5659277147042665	0.18647627160591243	0.16075887565411145
BG03456	0.4683208203625709	0.19256445867825525	0.1653847026456944
BG03457	0.5616616691082219	0.19433389256351227	0.16542618238661772
BG03458	0.5867400659219923	0.18941615711444995	0.1639076295388419
BG03459	0.5055306949276689	0.17594676382591917	0.1574981748167212
BG03460	0.5039398690715985	0.17202374525479303	0.15001695052392344
BG03461	0.5213960355246292	0.16964430561568064	0.15021118860010768
BG03462	0.6159357260574989	0.17857068539463256	0.156329940147671
BG03463	0.5620479307819081	0.17736411854756223	0.15285692325363293
BG03464	0.5934495742537996	0.1634768351114331	0.1438655782409877
BG03465	0.4656341558322651	0.16314175903228884	0.137983245985555
BG03466	0.5688404138436185	0.17277973520946416	0.15102534549829402
BG03467	0.556434261124336	0.18304890708379107	0.1608901910468812
BG03468	0.6070230955868889	0.17800328096646273	0.15307885691353187
BG03469	0.5334388161508883	0.17218769347464818	0.14373039935599502
BG03470	0.5830119254715254	0.17819175543463955	0.1521294203664329
BG03471	0.5407806491485072	0.16665296891614595	0.14477461183033885
BG03472	0.5312929179637431	0.1745287075538035	0.1514435938929472
BG03473	0.6139414713422451	0.16769643425999448	0.14702863245980208
BG03474	0.5722938793261306	0.1760072823693283	0.15817016199986542
BG03475	0.5037653360190444	0.15662709214091758	0.13544951263206798
BG03476	0.5304402810840507	0.17661583678678788	0.1528842731201571
BG03477	0.538294268449002	0.16767239545132068	0.14421575189253696
BG03478	0.5045721937374109	0.1796721704069107	0.15879362038560843
BG03479	0.579910387291705	0.18633086209570743	0.1620450571515436
BG03480	0.5769776597692731	0.17637730440627913	0.1567105867173561
BG03481	0.5000886971250686	0.18434249834813976	0.15570346859630146
BG03482	0.5070356848562534	0.16426094633706861	0.13699994070325122
BG03483	0.6429110968687053	0.1849368418606931	0.15636578883583205
BG03484	0.49420893609229094	0.18463427839846724	0.15750407794143145
BG03485	0.554511536348654	0.1649428143732705	0.14113497696500688
BG03486	0.589752906976744	0.19454519963842906	0.17129618511059558
BG03487	0.5080456876030031	0.1782852178853979	0.15219793759576888
BG03488	0.5707717222120492	0.18137698983359152	0.1535600939820248
BG03489	0.5862021607764143	0.1814255370301813	0.1517833099640236
BG03490	0.5811035066837577	0.1892462723769241	0.15874523695081183
BG03491	0.587380974180553	0.1681751140888404	0.14277195297256925
BG03492	0.5368865592382347	0.1740168404583942	0.1538782355559553
BG03493	0.5997356253433437	0.16427472518902364	0.14554465372566294
BG03494	0.5417248443508516	0.17818265008408268	0.14870398665645815
BG03495	0.5180140999816882	0.18255921620505883	0.15633763419200872
BG03496	0.5361855658304342	0.17070013394309416	0.14508429630603772
BG03497	0.4769873878410547	0.18099034514407866	0.15667077316260453
BG03498	0.564705983336385	0.17273529155323206	0.15173239302470473
BG03499	0.5247579426844899	0.1730308104827242	0.14962096348326645
BG03500	0.5689405557590185	0.1816507414557629	0.15789820970195287
BG03501	0.5398021195751693	0.1979671687425941	0.17705242251828412
BG03502	0.5875812580113533	0.17252177680714803	0.14880012804213436
BG03503	0.5869661005310383	0.15514027815676193	0.1362112476793677
BG03504	0.6220644112799854	0.19295187413551856	0.1714573451380975
BG03505	0.5327435451382531	0.17730554743548477	0.14758486775798346
BG03506	0.5331212232191906	0.18028187039090046	0.1554104287052127
BG03507	0.532254280351584	0.16029118049668376	0.13919349621478877
BG03508	0.578491233290606	0.17157709101198645	0.15009779617878355
BG03509	0.5070557132393336	0.1745833708086306	0.15008027253221465
BG03510	0.5417420115363487	0.1631638668844212	0.13877704261611798
BG03511	0.6098213468229261	0.17180899462732263	0.15092296962450008
BG03512	0.5091329426844899	0.16636834959022379	0.14298354186756326
BG03513	0.5772752243178906	0.19659350088008237	0.16832010801714437
BG03514	0.6093320820362574	0.19802524496189258	0.167915698189177
BG03515	0.565921992309101	0.16571534392142467	0.1419979715513512
BG03516	0.574376831166453	0.17428739615307387	0.1523523195685345
BG03517	0.5569778886650796	0.1833229988952025	0.1533883316726119
BG03518	0.48444366874198863	0.15896714867250053	0.13816554083250301
BG03519	0.5277679225416589	0.1812636367751814	0.15505523202007326
BG03520	0.5124061527192821	0.1798833985077984	0.15470446145169559
BG03521	0.6033693462735763	0.1625230608490415	0.1400238567632493
BG03522	0.5365432155282917	0.1987934983481222	0.1734983575087517
BG03523	0.47660684856253455	0.18151141754342673	0.15463763803253588
BG03524	0.4530277192821829	0.17375060395249498	0.1465568572060311
BG03525	0.5996183162424464	0.17437399286849878	0.14924743074756935
BG03526	0.544525956784472	0.17856625042570937	0.156698414064472
BG03527	0.6349569675883536	0.1825149648434941	0.15605179557508245
BG03528	0.5012446209485443	0.17985047036389837	0.15930704890027378
BG03529	0.5865769776597693	0.19199635261253073	0.1674860318241275
BG03530	0.5754955594213513	0.19364242841022122	0.16645698842496404
BG03531	0.588265084233657	0.17925902221151405	0.15906044372878242
BG03532	0.5576302417139719	0.18537681608336048	0.1633592426967058
BG03533	0.34990443600073257	0.17881494575601264	0.1520620105800041
BG03534	0.5440166636147228	0.15965411938173626	0.1390812935366389
BG03535	0.4728386513459074	0.1597411725748427	0.1361724291863155
BG03536	0.5084605612525182	0.16125853267645063	0.13949725414445804
BG03537	0.5232300631752429	0.16422298309664557	0.14254542832105146
BG03538	0.5556302646035525	0.1904439844073504	0.1643544417911964
BG03539	0.5635872550814871	0.1765577492988478	0.15792938600919662
BG03540	0.5930203946163708	0.1850345988987438	0.1620462111086017
BG03541	0.5908516068485625	0.18332711292018317	0.1596624001672322
BG03542	0.5003776780809376	0.15720765244562251	0.1379940493109353
BG03543	0.5883165857901482	0.18351060350584686	0.15836182620629108
BG03544	0.5411898004028568	0.162277204607254	0.14116528978406026
BG03545	0.45287893700787407	0.1671808082418647	0.1405117244536988
BG03546	0.5445860419337117	0.18208845801913656	0.15880093886541108
BG03547	0.5584370994323385	0.1747450133107056	0.14820251994405623
BG03548	0.5199368247573706	0.17913263221795345	0.1606077430086751
BG03549	0.5687402719282182	0.1821116245027535	0.15618051007410272
BG03550	0.6067140862479399	0.18912102237667355	0.1619759455851172
BG03551	0.6056783327229445	0.16685629938436147	0.14352671598843797
BG03552	0.44144845266434707	0.181189540907441	0.15764128574233513
BG03553	0.5153474638344626	0.17831664669496816	0.15822071254604517
BG03554	0.5229696941952022	0.19865905166305534	0.1663277519323127
BG03555	0.5221456692913384	0.19435532552982376	0.16685413522715292
BG03556	0.587380974180553	0.18235901982547667	0.15533310217563542
BG03557	0.6194893334554112	0.20320961246945618	0.176523365785859
BG03558	0.581403932429958	0.17781565742338598	0.15333700948300147
BG03559	0.526111289141183	0.18648121015955685	0.15936540599569415
BG03560	0.5797673274125619	0.16050220517256886	0.1409273444931562
BG03561	0.524099867240432	0.17821643740805787	0.15318066817126003
BG03562	0.4911531770737961	0.18024731622372303	0.154199952076226
BG03563	0.587506866874199	0.2048860481371692	0.1724260514350818
BG03564	0.5528663477385094	0.17145203130335468	0.1450960945759619
BG03565	0.5925454358176157	0.17747303244484075	0.15448173942633106
BG03566	0.626313289690533	0.19003588768602742	0.16432310959292848
BG03567	0.29607100347921633	0.18167574821182864	0.1529906652059161
BG03568	0.619412081120674	0.1841122303266747	0.1572530424861699
BG03569	0.5291784929500092	0.1683888249933923	0.14938725238470046
BG03570	0.6258926936458524	0.18826702352559688	0.16759949435698823
BG03571	0.6001276094121956	0.17763682193834957	0.15279949885445127
BG03572	0.5584370994323385	0.17895503333483007	0.15267845405315028
BG03573	0.5055221113349204	0.15841407166484284	0.13807396728812987
BG03574	0.5641881065738873	0.16497239000236463	0.1409027181144051
BG03575	0.5863595266434721	0.19662344038907284	0.1700545028143799
BG03576	0.5889374656656289	0.18626362785708622	0.15907676174692703
BG03577	0.557916361472258	0.18610914587141936	0.1617904636831387
BG03578	0.5577733015931149	0.18168065982140402	0.15816399482454083
BG03579	0.6075466947445523	0.19755895868528567	0.17344533661287706
BG03580	0.5185405603369349	0.153461201646712	0.13575200157725859
BG03581	0.609990157480315	0.18371510022393006	0.15756330555924206
BG03582	0.5847687007874016	0.18568740672878556	0.1637450317782398
BG03583	0.6595546832082038	0.1788811223351208	0.15592464615795637
BG03584	0.5819675883537812	0.1818412161210866	0.15394590338567662
BG03585	0.5658332951840319	0.16053553539257517	0.13951918968680294
BG03586	0.5118682475737045	0.1620120279079245	0.14127533507999507
BG03587	0.5382627952755907	0.17491329083266702	0.1502905157755817
BG03588	0.5364459348104742	0.16988818901735395	0.15054743644318275
BG03589	0.5373672404321556	0.17201078307246526	0.15370497078563994
BG03590	0.6369769730818531	0.17828938551540038	0.1555372764893996
BG03591	0.4592851583958982	0.1782379645839325	0.1601029914736773
BG03592	0.5325175105292071	0.16782011947646694	0.14814773448657176
BG03593	0.6259699459805894	0.19484961160137984	0.17067193338146983
BG03594	0.6087026185680278	0.16467514899122027	0.13994312683532367
BG03595	0.5015622138802418	0.1641432612491081	0.141298208546763
BG03596	0.5598390862479401	0.17568550461402174	0.15470464725048183
BG03597	0.5487462232191906	0.17413924590646984	0.14816454072785942
BG03598	0.5596559696026369	0.1735164454402078	0.14699122671819448
BG03599	0.5777902398828052	0.1606321082690065	0.1413030448338805
BG03600	0.6245364859915767	0.1719878963729997	0.1517670325302994
BG03601	0.5599506729536716	0.16371008885341923	0.14139722075160427
BG03602	0.5736100302142466	0.16879836754632113	0.14461161406959855
BG03603	0.517939708844534	0.17641076338873737	0.1491439281641933
BG03604	0.5868516526277241	0.17210534529809068	0.1474090417323422
BG03605	0.5165749175975096	0.152255113009244	0.13456131211658445
BG03606	0.5787058231093208	0.1755373924584131	0.14764186116134415
BG03607	0.5888716581212233	0.18888953769905706	0.16299111404258484
BG03608	0.5534586156381616	0.18893677871378606	0.15685926962470292
BG03609	0.6175465802966489	0.18347090974830535	0.15837039811718165
BG03610	0.555312671671855	0.17405603588849933	0.15709989068068556
BG03611	0.6014552050906428	0.16705313058957885	0.14369063263942522
BG03612	0.5977613990111702	0.199578327701109	0.17927616975148236
BG03613	0.6142705090642742	0.17934227164931266	0.15787599077607956
BG03614	0.6738892830983338	0.19188301299747565	0.16976282209049454
BG03615	0.6126339040468777	0.19571498593211506	0.17234982421665257
BG03616	0.6090116279069766	0.19466547326531308	0.16666125122403513
BG03617	0.5400911005310383	0.1915054881455776	0.16458918240058873
BG03618	0.5502655191356896	0.16817819732976927	0.14690658077597513
BG03619	0.6159872276139902	0.17252765053565638	0.14855832845610717
BG03620	0.5917271333089177	0.1725762696150812	0.15357471860172575
BG03621	0.5409494598058964	0.17262407601254962	0.1527080580937057
BG03622	0.5817901941036443	0.17874939941970888	0.15270052036749274
BG03623	0.5873466398095588	0.18067009837590123	0.15476962149381518
BG03624	0.5854668329976196	0.19016369511160053	0.1667109579613235
BG03625	0.4746583730086064	0.1814226213339089	0.15533034311951893
BG03626	0.5874153085515476	0.18833667100487336	0.16428004506775612
BG03627	0.3183082310932064	0.16781467678188344	0.14610307994932129
BG03628	0.6098242080205092	0.18781334846741693	0.16206906544825697
BG03629	0.49889557773301596	0.16393389218843407	0.1437643432256602
BG03630	0.5404716398095587	0.177854042929601	0.1594222411718967
BG03631	0.5572668696209486	0.18378822099147446	0.16088741845053647
BG03632	0.5769175746200332	0.18294624641782473	0.1642366847891672
BG03633	0.5865483656839408	0.17998782899044435	0.1649496119829227
BG03634	0.6135580708661421	0.17221747212431462	0.14487468802455766
BG03635	0.5765227293535984	0.17999983968678612	0.15129406018891176
BG03636	0.5758703763047062	0.1733237093754167	0.1511936350638464
BG03637	0.4506958432521516	0.17234511426990287	0.1509103157277758
BG03638	0.5897729353598244	0.18713275576190158	0.16501858503824426
BG03639	0.5941591512543491	0.17273024175553484	0.14859137489713442
BG03640	0.5270383171580297	0.16953804320894375	0.1463963895876657
BG03641	0.530285776414576	0.18311943984040502	0.15527273642901723
BG03642	0.5396676432887749	0.17583553979550356	0.14768783841954192
BG03643	0.5675671809192455	0.17101543396806707	0.15138135251202844
BG03644	0.6241845586888848	0.19410449751324882	0.16972573562318666
BG03645	0.5631294634682291	0.17091334489496934	0.1521201486209282
BG03646	0.5458907480314963	0.18328528979288536	0.16052911026119937
BG03647	0.5796156839406701	0.17950057559502652	0.15763721009295362
BG03648	0.5777358771287309	0.1743830474887514	0.15273076163942567
BG03649	0.5004978483794176	0.18194725212944154	0.15554773178350995
BG03650	0.5703253753891226	0.17709359156252863	0.15020943217932753
BG03651	0.535656244277605	0.17864730222859843	0.15129362262419108
BG03652	0.5773324482695477	0.1711586621624163	0.1480745034729057
BG03653	0.5206092061893426	0.16485113688099493	0.14001583443939963
BG03654	0.5771722212049077	0.16051000807253815	0.1380782956549693
BG03655	0.5752294680461456	0.190208343620014	0.1686080488724752
BG03656	0.4835509750961363	0.17644707730832204	0.15091262486640739
BG03657	0.5892378914118293	0.1811044413577148	0.16005636452293018
BG03658	0.5076823155099799	0.17697961322502767	0.15040019223778894
BG03659	0.5484715482512361	0.16786753701492327	0.14364898266982662
BG03660	0.5644227247756821	0.17373301801435903	0.14906765175604103
BG03661	0.5140599249221753	0.179638122359802	0.14907402865727093
BG03662	0.5254818256729537	0.1807760924107644	0.15230385510908984
BG03663	0.6029144158579015	0.17429243851017273	0.15366761022608041
BG03664	0.5445116507965573	0.18101273102602528	0.15495182447364025
BG03665	0.6161245650979674	0.16873417184225006	0.1470106569508805
BG03666	0.5924567386925472	0.1708506297464681	0.15108950060856363
BG03667	0.50498134499176	0.1725238959174409	0.1500911278113809
BG03668	0.5049126762497711	0.1785924450380366	0.15694470987766246
BG03669	0.5717416681926388	0.2096046515749419	0.176179731640041
BG03670	0.557341260758103	0.1760923694947789	0.15535661995621244
BG03671	0.5926484389305988	0.16813449104582218	0.14466376045482426
BG03672	0.6023736495147411	0.1732260190613651	0.14738415895290088
BG03673	0.5262629326130746	0.1687744933879091	0.142533951335773
BG03674	0.5862021607764144	0.19330601629927927	0.16284640611912254
BG03675	0.5692152307269729	0.18243242571950727	0.1559349735520888
BG03676	0.5105950146493317	0.16914515851834347	0.1495028252368818
BG03677	0.5748832631386194	0.1818463826234061	0.15068629080948046
BG03678	0.5944195202343893	0.17062622412522557	0.14846090311646115
BG03679	0.6155837987548067	0.1956795147292762	0.17692453853879767
BG03680	0.5690178080937556	0.17320115555927623	0.14972142349261097
BG03681	0.5179797656106941	0.18461398999206524	0.1531682337403453
BG03682	0.5707717222120492	0.1865425412566508	0.16171045628578817
BG03683	0.5858902902398828	0.17374665083782903	0.14702238463072267
BG03684	0.5121400613440762	0.16865543827207788	0.14227653596149897
BG03685	0.6040817844717086	0.17131643520659173	0.1484835316581517
BG03686	0.56504074345358	0.18040337052620906	0.1570274345052524
BG03687	0.5356018815235305	0.16754145859747782	0.1454330665115847
BG03688	0.569664438747482	0.18567003430903187	0.15624037401061502
BG03689	0.48515610694012096	0.1593158109741985	0.14044664715964525
BG03690	0.4992160318622964	0.16092737270320262	0.14152198172231328
BG03691	0.5773353094671305	0.17186282484933268	0.14855619745932724
BG03692	0.5708604193371177	0.20298966565283066	0.17677986421321834
BG03693	0.5923909311481412	0.18397347853795584	0.15667996207125143
BG03694	0.6015496246108771	0.1812394561695258	0.15517888737582125
BG03695	0.6721124793993777	0.18767467801823698	0.16805121613846982
BG03696	0.49691562900567676	0.166956799650484	0.14193356977172547
BG03697	0.571249542208387	0.18537937571504984	0.16286083714999905
BG03698	0.6409797885002746	0.16950367814256656	0.14818758984099195
BG03699	0.5995238967222121	0.17363851592209764	0.1522085028639803
BG03700	0.5795956555575901	0.17691843664675916	0.15376324894345372
BG03701	0.5940017853872918	0.17025410090964654	0.14784287166943835
BG03702	0.41773484709760117	0.16415973487112723	0.14061728114763125
BG03703	0.5143861014466216	0.1737885819115732	0.15039570137674563
BG03704	0.5781278611975831	0.1702750370313779	0.14761719778056576
BG03705	0.5687603003112982	0.17320453800511024	0.1541969797805381
BG03706	0.5458592748580845	0.1660742176393204	0.14508909747579565
BG03707	0.480955868888482	0.16610363980576412	0.14713719722413163
BG03708	0.6431628822559969	0.17947475676696606	0.15531281622497511
BG03709	0.5398049807727522	0.16537604273071255	0.15051073972242537
BG03710	0.633617927119575	0.19005617716952639	0.16729742480907403
BG03711	0.5055821964841605	0.16806650540394197	0.1431528882032655
BG03712	0.5520051272660684	0.1867786871873785	0.16076417829187375
BG03713	0.6318125114447902	0.18903750306763054	0.16598390427356477
BG03714	0.5709662836476836	0.19814401752184158	0.1756964009937036
BG03715	0.5924739058780442	0.1940486067138259	0.16496705812615298
BG03716	0.4251710996154551	0.16462068864522186	0.14466715754625112
BG03717	0.575750206006226	0.18988127026026808	0.1597004764530252
BG03718	0.518943989196118	0.1829143603865798	0.15745330553763992
BG03719	0.5618419245559421	0.17870199683853566	0.15470849679104398
BG03720	0.5474071827504121	0.1889554813189628	0.1601754933564759
BG03721	0.5680192501373375	0.17894366868280803	0.15420977908694278
BG03722	0.5847658395898186	0.17715088362095024	0.1562518949636825
BG03723	0.5758217359457976	0.1877701317167886	0.16360579846855366
BG03724	0.5424658945248122	0.16967410717381753	0.14759720885983452
BG03725	0.5590093389489103	0.17522397359609496	0.1528050316343873
BG03726	0.5698046374290424	0.18469304342912066	0.1597253500429428
BG03727	0.5348207745834097	0.1932792722394015	0.1730440865891003
BG03728	0.5513956921809191	0.17419518340760418	0.14912206736936878
BG03729	0.618012955502655	0.17746817672246937	0.15715925347991938
BG03730	0.5558906335835929	0.17974038209131937	0.1519909139246356
BG03731	0.5176850622596595	0.18346597365229603	0.15789683477850575
BG03732	0.6104393655008239	0.17923384463709285	0.15349871473432158
BG03733	0.570119369163157	0.17403751438388998	0.15000489114179488
BG03734	0.5378364768357442	0.16507686815670736	0.1400596621326083
BG03735	0.5048983702618569	0.16598311288368717	0.1446788202870905
BG03736	0.6268540560336935	0.18649316470979788	0.16233188091850023
BG03737	0.47878708112067403	0.1763102582509098	0.15112216705013584
BG03738	0.5902936733199048	0.16925191104734721	0.14771573013806177
BG03739	0.532254280351584	0.1649832987549999	0.14270085935157462
BG03740	0.5787687694561436	0.18026138706447975	0.15845411148902294
BG03741	0.6191602957333819	0.21537142904358314	0.18346852119351742
BG03742	0.5134132942684491	0.17611470347501929	0.1521525093050742
BG03743	0.43318817524262954	0.1606838811524555	0.13779407558913878
BG03744	0.5519078465482513	0.17447166467919611	0.15230578121691515
BG03745	0.6148885277421716	0.18020761600925092	0.16072874493404657
BG03746	0.573664392968321	0.1802489867675974	0.152586196001059
BG03747	0.6111804156747849	0.16910577783666042	0.14705768253855322
BG03748	0.558199620032961	0.18249209170406727	0.15301501328160474
BG03749	0.49383125801135347	0.1642938301057179	0.14386301096653537
BG03750	0.58199620032961	0.17953980203866565	0.15422044558280779
BG03751	0.6007255997070134	0.2008445812783309	0.17393560673104977
BG03752	0.5748746795458708	0.18562744422919325	0.15780013961006453
BG03753	0.5607432246841236	0.1722517851184066	0.15239946216934883
BG03754	0.5771521928218277	0.16698752460019642	0.1495186894316702
BG03755	0.5829804522981139	0.1724946070817728	0.15118115133624532
BG03756	0.6230114676799122	0.19194807640904785	0.16490196841501212
BG03757	0.4651563358359274	0.1735016653434231	0.14768451272848934
BG03758	0.4767527696392603	0.14973411165748227	0.12944155724781087
BG03759	0.6274348791430139	0.18305057702615554	0.15695540137769207
BG03760	0.41420412928035155	0.182663303610004	0.15477136469083258
BG03761	0.5652753616553745	0.17731598080895278	0.15200471726351142
BG03762	0.5159511765244462	0.16464859063151988	0.14603036942783917
BG03763	0.32723230635414763	0.16887762641492138	0.14628931082046198
BG03764	0.6242789782091192	0.19958077770895782	0.17176425328040454
BG03765	0.42447010620765424	0.1710341067417525	0.1519161665065713
BG03766	0.5607832814502839	0.193695944907942	0.17408094256035325
BG03767	0.6080817386925472	0.18663037659348486	0.16742665699611986
BG03768	0.5469350851492403	0.1728235405988926	0.1482797576529184
BG03769	0.5745771149972534	0.17163086858867943	0.15177078111451964
BG03770	0.6638550631752425	0.18720700646816194	0.16252543825111393
BG03771	0.48887280260025623	0.19190081812421816	0.16105520961687173
BG03772	0.5558391320271012	0.17390563585064822	0.1494527388591938
BG03773	0.5901277238600992	0.1776154419485309	0.15418066296143057
BG03774	0.5761965528291522	0.18222860061529017	0.15909726246984798
BG03775	0.5954638573521336	0.20802689268992736	0.18142494521342337
BG03776	0.5289238463651347	0.16869429871340605	0.14599626254074277
BG03777	0.5739362067386925	0.1743932760583963	0.14328956491346007
BG03778	0.5680049441494233	0.1698641590188131	0.14757608715285508
BG03779	0.6131231688335469	0.16413986508628398	0.14413259860351943
BG03780	0.5311555804797654	0.16183931652400263	0.13677823521603744
BG03781	0.4970586888848196	0.16526622983981892	0.13974918979911305
BG03782	0.5780363028749311	0.1797866900657638	0.15770755566506486
BG03783	0.5881449139351764	0.16965366297374573	0.14787548031279552
BG03784	0.5666115409265704	0.19241654714857412	0.16275592761237795
BG03785	0.5770663568943416	0.18322283753306542	0.159854801409241
BG03786	0.4606442272477568	0.16462252754531065	0.14379871202962927
BG03787	0.48256672312763244	0.17698401545546333	0.14964039098497312
BG03788	0.5717416681926388	0.1851548838695364	0.15941830366154414
BG03789	0.5587918879326134	0.16820480304263702	0.14590042562995692
BG03790	0.5187522889580662	0.1766785485031223	0.1516123343263645
BG03791	0.5978243453579932	0.18688577402733816	0.1639427049056633
BG03792	0.5764340322285295	0.1728955385460856	0.15152484980109643
BG03793	0.5780477476652628	0.1683333527172847	0.1479933578012472
BG03794	0.5262743774034059	0.17323564018724316	0.14671333293782313
BG03795	0.5956469739974363	0.19334945565738548	0.16836135882703926
BG03796	0.5960189296832084	0.1859361640976098	0.16413737964152111
BG03797	0.6107598196301043	0.1839199833847442	0.16368130270209297
BG03798	0.5332957562717451	0.16977502446482745	0.149045453976686
BG03799	0.5940160913752061	0.19012690885246117	0.16214333513952847
BG03800	0.5955296648965394	0.18388251804099462	0.15916643288041626
BG03801	0.5820734526643473	0.19344279087586033	0.1674297414073261
BG03802	0.6212375251785389	0.17105182688111142	0.14855104506642205
BG03803	0.5662281404504669	0.1789768320066427	0.15377134843604628
BG03804	0.5448092153451749	0.16589426289423398	0.14255390006925758
BG03805	0.5080456876030031	0.16774179727163768	0.14300761653344193
BG03806	0.5143345998901301	0.17505478020598111	0.1445772835447033
BG03807	0.5506775315876212	0.17624641347735995	0.1522798883778777
BG03808	0.5945854696941951	0.18772153448303558	0.15937785130153187
BG03809	0.535427348470976	0.17384410663832353	0.1487823559247483
BG03810	0.34865409265702246	0.17655637268042343	0.1502293356840297
BG03811	0.5897128502105842	0.17023036437772335	0.15437906733591317
BG03812	0.5589378090093391	0.177179976856314	0.1568393752482723
BG03813	0.5288952343893063	0.17380953870930194	0.15428664486406135
BG03814	0.5001316150888115	0.1495554304515551	0.13285417145592177
BG03815	0.659626213147775	0.1891428412419763	0.1684069663436139
BG03816	0.5658504623695294	0.17672428574276536	0.14523687389429057
BG03817	0.5366719694195203	0.16119250623868336	0.1404050916100409
BG03818	0.556256866874199	0.16134586606630044	0.14100490752320388
BG03819	0.5032903772202895	0.182795998365834	0.15965671738249476
BG03820	0.5506889763779526	0.17432110615623506	0.14759858931008957
BG03821	0.6501442043581762	0.1632013718807789	0.1413385518580335
BG03822	0.5445860419337117	0.1837458889211368	0.1606848821963271
BG03823	0.5462627037172678	0.1766631693345005	0.1505847869588591
BG03824	0.5119311939205273	0.18063461324227092	0.15323283024985837
BG03825	0.5697102179088078	0.19535991720027363	0.17405987192602698
BG03826	0.5055221113349204	0.15707754391231563	0.1416913504297426
BG03827	0.6541384361838491	0.20132831118735767	0.17659625763213388
BG03828	0.5312328328145027	0.16829534965130485	0.14258095650774102
BG03829	0.5873466398095588	0.1826154534005892	0.15928274344423846
BG03830	0.4820059284013918	0.1730097985644865	0.15041882460844827
BG03831	0.5892378914118295	0.1974676744283838	0.1669641774284687
BG03832	0.5631409082585607	0.18215702684789598	0.15923335569222208
BG03833	0.5737988692547156	0.17978279697008895	0.15188475597278434
BG03834	0.5713096273576268	0.17342112630982584	0.14875020139467432
BG03835	0.5984652536165538	0.18016030765280794	0.15458180198884225
BG03836	0.61324620032961	0.18039819435820292	0.15624999464305564
BG03837	0.590576931880608	0.17519000348801617	0.15239916011628832
BG03838	0.537767808093756	0.1642653861558099	0.1419783579360276
BG03839	0.5954724409448819	0.188083187268616	0.16104134832969116
BG03840	0.5334702893242997	0.17091625163090746	0.1474596053220127
BG03841	0.5474071827504121	0.1728546593804447	0.14565160880495445
BG03842	0.557012223036074	0.17643246271578317	0.1469023027672828
BG03843	0.48150808002197404	0.1564627211300253	0.13581573879260214
BG03844	0.5652124153085516	0.16717518585414812	0.14756130402098472
BG03845	0.6006941265336019	0.18800690965924946	0.1614707381767313
BG03846	0.5544972303607398	0.1770137576732845	0.1553154741599165
BG03847	0.5662252792528841	0.19309112311263868	0.16671935378927488
BG03848	0.4961516892510529	0.1628440882018289	0.13589033102048864
BG03849	0.6267453305255444	0.17712594043093713	0.1545753392032674
BG03850	0.554145303058048	0.18381023378480651	0.15618255238039144
BG03851	0.541879349020326	0.1735256673705926	0.15261871190496065
BG03852	0.5214589818714523	0.17833463107325048	0.1574532656034193
BG03853	0.5788345770005493	0.18346322345581542	0.15678330990117195
BG03854	0.601924441494232	0.17857131717596003	0.15689339533626573
BG03855	0.4884636513459072	0.17671414855329556	0.15270725715934577
BG03856	0.5345918787767809	0.19460842776826567	0.167926847333615
BG03857	0.5239997253250321	0.16855656231295285	0.15039186011067202
BG03858	0.5601967359457976	0.1746344343089707	0.14616734965369138
BG03859	0.5581567020692182	0.1846338053044816	0.15501085567996659
BG03860	0.5873952801684674	0.17063880794103814	0.15242119761254522
BG03861	0.5679534425929316	0.18390778261507243	0.16086513163583954
BG03862	0.5370954266617837	0.1673644404261254	0.14309253139873168
BG03863	0.5469207791613258	0.1772731788190629	0.15417111147027193
BG03864	0.5056108084599888	0.1675743338077953	0.14488398535013755
BG03865	0.5400911005310383	0.1661285968740395	0.14377625513078665
BG03866	0.6049973676982241	0.19458748284348165	0.16870064699582832
BG03867	0.5481367881340413	0.1824568165607546	0.15973895159081544
BG03868	0.5633526368796924	0.17163036311910496	0.1508760394225985
BG03869	0.5500595129097234	0.17050116869615026	0.14820964868301106
BG03870	0.5445374015748031	0.16914858428383714	0.14785763347658948
BG03871	0.6328339589818714	0.188099129343161	0.16527577673890673
BG03872	0.5151242904229992	0.17581987306297273	0.1489617635505039
BG03873	0.5822594305072333	0.18721170718338126	0.16303464452286706
BG03874	0.4627615134590733	0.15520249572881967	0.13731758949114367
BG03875	0.5580908945248124	0.16821105207348458	0.15464694898312853
BG03876	0.5704054889214429	0.19145384650746985	0.1650429697413093
BG03877	0.6067226698406887	0.1775388057335912	0.15759788023349366
BG03878	0.5835469694195203	0.17466078018095166	0.15843068643185615
BG03879	0.5785026780809375	0.1853021351065716	0.15819597708174143
BG03880	0.5140828145028382	0.16544175261569405	0.1396692179769087
BG03881	0.550534471708478	0.19266214489654404	0.15556036611816232
BG03882	0.5766972624061526	0.17935050004467884	0.1499961646414209
BG03883	0.5652753616553745	0.17139037922504607	0.1471997031048165
BG03884	0.5885426203991944	0.20591336585114556	0.18470274146196855
BG03885	0.5342056171030949	0.17612903689937878	0.14970979928967332
BG03886	0.5515587804431423	0.18088598818640672	0.15219249550179714
BG03887	0.5800334187877678	0.18127383555448856	0.1601212154530879
BG03888	0.4156633400476104	0.165711562964116	0.14096640607395222
BG03889	0.47143094213514014	0.18066984433146005	0.1625589901503041
BG03890	0.6200787401574803	0.18811713305356711	0.15956884203942895
BG03891	0.505367606665446	0.17363404119374456	0.14808198698533634
BG03892	0.5537475965940301	0.206413713596698	0.1729773425513498
BG03893	0.5059341237868522	0.18329276373559888	0.15751226198951646
BG03894	0.6098928767624978	0.18120421456529762	0.1565820642831633
BG03895	0.6208340963193556	0.1717924804952294	0.14814075539324595
BG03896	0.37956933253982794	0.16460513263109328	0.1443122422309576
BG03897	0.5631466306537264	0.16964492850042037	0.14577179295758813
BG03898	0.5730320683025087	0.18714450099288552	0.16135464901390278
BG03899	0.573904733565281	0.1761369147684299	0.15631088530083642
BG03900	0.494163156930965	0.1835646173160395	0.15761004262667522
BG03901	0.571106482329244	0.17859606985447832	0.15729931988905482
BG03902	0.5631151574803152	0.1589116481483975	0.13786455452073082
BG03903	0.5525144204358176	0.18013481027680417	0.15909794266552443
BG03904	0.6098556811939205	0.18716743132990943	0.16186261324698303
BG03905	0.44842977476652646	0.16061969997607634	0.1426116497661578
BG03906	0.542920824940487	0.17514017523770573	0.14839110744405565
BG03907	0.5753696667277057	0.17858380151178926	0.15132215313450817
BG03908	0.538028177073796	0.15741917733469063	0.13614610367991734
BG03909	0.5084548388573521	0.16841446135071705	0.14336888498794176
BG03910	0.5887285982420801	0.1894590910120535	0.16283584535684134
BG03911	0.5952807407068303	0.18271886242329988	0.1583648537883547
BG03912	0.5610522340230727	0.16265616004815187	0.1384661810492122
BG03913	0.5010414759201611	0.18022524992026456	0.16203342382113703
BG03914	0.5624713880241714	0.1664628946614746	0.14042155876914778
BG03915	0.525759361838491	0.20749939570760492	0.1783246860558582
BG03916	0.6118556583043397	0.17957407754169238	0.1558135918543872
BG03917	0.5467033281450286	0.17424386922459106	0.1529850384810473
BG03918	0.5927199688701702	0.18012675095953984	0.1464516699681841
BG03919	0.4944292483061711	0.17551294869384143	0.14497458510141814
BG03920	0.5354788500274675	0.18343993339081444	0.16003969785235306
BG03921	0.6444904779344445	0.19862430585420104	0.17524772280406425
BG03922	0.4426215436733201	0.151261289054826	0.1321960003601316
BG03923	0.6147855246291889	0.18916073089373128	0.16632905714675483
BG03924	0.5501167368613809	0.15676157200476723	0.1328205721203624
BG03925	0.490761193004944	0.1720528585495419	0.15016711998633972
BG03926	0.565123718183483	0.17992576408071811	0.15780686338732086
BG03927	0.6049115317707381	0.18136664274618464	0.15670196375882278
BG03928	0.6376035753524993	0.18268833941656823	0.15552810761421845
BG03929	0.5162229902948178	0.18094383043303283	0.154682367037549
BG03930	0.5262629326130746	0.1819325785830456	0.15170972108558878
BG03931	0.5646945385460538	0.181225626917436	0.1503825729763565
BG03932	0.4688444195202344	0.1845907429817984	0.15791439199861285
BG03933	0.4885695156564731	0.18391982775575924	0.15446907001317162
BG03934	0.6304505813953487	0.17000045769844674	0.14678629239615132
BG03935	0.6098556811939205	0.18417311888244517	0.1675768909937751
BG03936	0.5979387932613076	0.1896070477867064	0.15813461167672327
BG03937	0.515625	0.17375899812103668	0.14942121441609313
BG03938	0.5888831029115547	0.1663423099176608	0.1416850711719138
BG03939	0.5779933849111886	0.16774621045374502	0.14104418930726545
BG03940	0.5798131065738876	0.1854320565705016	0.16715620243332882
BG03941	0.570834668558872	0.17002171149554474	0.14904517687822055
BG03942	0.5850090413843618	0.1754522720020556	0.15318236367145163
BG03943	0.5704054889214429	0.1632692006838838	0.1417759738012689
BG03944	0.47750812580113533	0.1581192413560549	0.1353743980457335
BG03945	0.5891291659036806	0.18199373001923302	0.1577514044272923
BG03946	0.5850147637795278	0.18749132307538646	0.16327031010148468
BG03947	0.5446661554660317	0.1631508125772945	0.14256078994216495
BG03948	0.4632765290239883	0.1787265846598955	0.1548846601401762
BG03949	0.5726658350119029	0.17986077126781524	0.14948281608481134
BG03950	0.5528177073796006	0.16793571443138314	0.14111180660472172
BG03951	0.5291241301959348	0.16036065539604788	0.1426394747684288
BG03952	0.5904338720014648	0.1864841678702055	0.16401446470675538
BG03953	0.522489013001282	0.1640177383594687	0.14094302196976144
BG03954	0.5585372413477385	0.1709285357322694	0.14783125078608242
BG03955	0.5396447537081123	0.17732174646890228	0.15427222352084233
BG03956	0.5162430186778977	0.16872087440543126	0.1456999842222869
BG03957	0.5577990523713607	0.17461664246631337	0.15219855245896413
BG03958	0.5463170664713421	0.16427363719661067	0.14851189344563914
BG03959	0.55723825764512	0.17826945849370848	0.15234766505465522
BG03960	0.5369323383995606	0.1786713915349903	0.1637029715246673
BG03961	0.6015095678447169	0.1699021448873791	0.15047032803410426
BG03962	0.4774480406518953	0.16061938163962214	0.13799363881162197
BG03963	0.5616301959348103	0.17888790561602375	0.16221120069370665
BG03964	0.5535902307269732	0.1626817433253563	0.1403618475784899
BG03965	0.5372871268998353	0.18100560184202227	0.15866521691322732
BG03966	0.4425099569675883	0.16881491688605074	0.14948538118779398
BG03967	0.57681457150705	0.186707697959546	0.16433267369997945
BG03968	0.5675671809192455	0.17964846179343666	0.15742050167776003
BG03969	0.46456692913385833	0.15687137729152228	0.13770320195767818
BG03970	0.5658046832082038	0.1626286055237698	0.13840701122425897
BG03971	0.6186624473539643	0.20650144054499103	0.1768127533262761
BG03972	0.548554522981139	0.1692839583127319	0.14686206804132118
BG03973	0.6367909952389672	0.19134805400399216	0.1666459014196361
BG03974	0.49889557773301596	0.16273804356165406	0.1457643001404333
BG03975	0.5890490523713607	0.1747711456197037	0.14703625784256955
BG03976	0.5205605658304339	0.15837339320858093	0.1364811311902464
BG03977	0.5670664713422449	0.1683247715870668	0.14708396322809128
BG03978	0.5037767808093757	0.16581587777381965	0.14638683064922967
BG03979	0.6162704861746935	0.18357470369113182	0.16315418698214454
BG03980	0.5986970106207654	0.1821858484108298	0.15171923417187538
BG03981	0.6140158624793992	0.1912522296866568	0.16109730241719805
BG03982	0.5521996887017031	0.18905504997872163	0.1603936526550874
BG03983	0.5607689754623696	0.19223281793867572	0.1591015149180847
BG03984	0.5773953946163707	0.1784862237959673	0.1569187120342049
BG03985	0.5092760025636331	0.17299202136823144	0.14612762223635306
BG03986	0.5510380424830617	0.18867930843518682	0.1655657065963788
BG03987	0.5544972303607398	0.1677049876329146	0.14391209763476537
BG03988	0.5346548251236038	0.16426007289008426	0.14366915342133332
BG03989	0.5918673319904781	0.18307580093268908	0.16280997424943414
BG03990	0.5555329838857351	0.1834329277125734	0.1592375242639886
BG03991	0.5682567295367151	0.17663701494798095	0.1499025050408937
BG03992	0.5572811756088629	0.1812373879256731	0.15960885294542165
BG03993	0.5855355017396082	0.17538666012953213	0.15525569356407637
BG03994	0.6301301272660684	0.19718798515290664	0.16359171613474138
BG03995	0.6681726103277785	0.21232836118813142	0.1945788101814638
BG03996	0.5099569675883537	0.17674462092527682	0.15356680197127598
BG03997	0.5460881706647134	0.17224981481848034	0.14850556740688137
BG03998	0.5922678996520783	0.17181625182161306	0.1498058069911059
BG03999	0.5688947765976925	0.18216445090356118	0.1609738307511315
BG04000	0.5593870170298477	0.17040144459069467	0.1439850630354954
BG04001	0.580319538546054	0.17410780640104465	0.15009649193901314
BG04002	0.5618247573704451	0.17537317928133014	0.1504952311584243
BG04003	0.5675671809192455	0.18192041048877147	0.15965967384473423
BG04004	0.55727831441128	0.1737044426514179	0.15537380546546903
BG04005	0.4884636513459072	0.17734045729312417	0.15253412410307837
BG04006	0.5707717222120492	0.17278881165204882	0.14559513974885674
BG04007	0.5010471983153267	0.16915307342208571	0.14326770109989706
BG04008	0.5824339635597875	0.17837272623921055	0.1522351381090243
BG04009	0.6082991897088447	0.18651759900671688	0.1639075396034134
BG04010	0.5934495742537996	0.16567874309637734	0.14492868215849392
BG04011	0.5625715299395718	0.18768268125705886	0.1654002060723791
BG04012	0.6027198544222672	0.19003358480549554	0.16080586137523456
BG04013	0.6010861106024536	0.1770324527944094	0.15750442012983176
BG04014	0.6351486678264053	0.2030545004234107	0.17468444060867658
BG04015	0.5307464292254167	0.19699157902474584	0.1694880122501387
BG04016	0.6115809833363852	0.1654743884753907	0.15090814860790652
BG04017	0.5749290422999449	0.1839601971554657	0.16268728581269656
BG04018	0.559836225050357	0.16881783515751517	0.14439163773766234
BG04019	0.5680192501373377	0.17028380360647727	0.14568282330523852
BG04020	0.5700421168284198	0.19191374712250248	0.1642922046920537
BG04021	0.6015753753891228	0.1931200217318047	0.16879513106645988
BG04022	0.5286377266068484	0.17264216692018072	0.15125695034161657
BG04023	0.5872321919062444	0.17806212166211804	0.1592867750051015
BG04024	0.5178338445339681	0.16817775985029462	0.1412512854936231
BG04025	0.5202773072697309	0.17165025876801185	0.14774933988933517
BG04026	0.6241073063541475	0.17825695093473	0.15227148256978432
BG04027	0.5217937419886467	0.17633000308260213	0.15506227223014757
BG04028	0.5290154046877862	0.1544879098961266	0.13779390309144177
BG04029	0.5550837758652262	0.16973203687828692	0.14720890246687152
BG04030	0.5053475782823659	0.18285092572055112	0.16105485714047618
BG04031	0.5569549990844169	0.18342048637276143	0.15761858268217402
BG04032	0.5870977156198498	0.18770921337691449	0.16257572092137507
BG04033	0.5741622413477383	0.1894253519041439	0.15712549339083098
BG04034	0.5634470563999264	0.1814906929318208	0.15945520075694958
BG04035	0.5755957013367515	0.17326335222060746	0.14780765358023043
BG04036	0.666450169382897	0.17910051928537254	0.15329366616500528
BG04037	0.4764351767075627	0.16503326877237529	0.1399234018173176
BG04038	0.504157320087896	0.1787599890636643	0.15259715537718863
BG04039	0.5546574574253801	0.1706372087632398	0.14492551131026266
BG04040	0.6182847692730271	0.1901645855172856	0.16816110598738962
BG04041	0.6377065784654825	0.1933779464480695	0.16811353461970285
BG04042	0.5325461225050359	0.1664060921500074	0.14344535861120739
BG04043	0.5828345312213881	0.1939282485265613	0.1644669173376308
BG04044	0.584021928218275	0.16437727623047568	0.1378637544227807
BG04045	0.4898942501373377	0.16010243969792587	0.13796466179503483
BG04046	0.5392041292803516	0.18174430162021846	0.15277127608128266
BG04047	0.5559964978941587	0.1998020745512552	0.17351801760610389
BG04048	0.5662023896722213	0.16844236747077956	0.1475475353663042
BG04049	0.4752306125251785	0.1665673830396608	0.14620435392223036
BG04050	0.6394976881523531	0.20547731766270946	0.17918907771817474
BG04051	0.5484257690899104	0.17547436175938602	0.14762231938529874
BG04052	0.5462483977293537	0.18223929028512917	0.1599867143473918
BG04053	0.4885552096685588	0.17516506812210192	0.15141208826709965
BG04054	0.4707728666910823	0.16017225650443462	0.13393260131583565
BG04055	0.6159357260574989	0.17962598716941086	0.15773322325401604
BG04056	0.5799132484892875	0.1680528800492413	0.14206253687492407
BG04057	0.583878868339132	0.1821710959632485	0.15706996145331034
BG04058	0.5985367835561253	0.16831396226367484	0.14762482273982025
BG04059	0.554820545687603	0.16068589416408735	0.14142325951561419
BG04060	0.6416493087346642	0.19086378925127526	0.1635531485963089
BG04061	0.5126779664896539	0.16605766181375176	0.14244918278753813
BG04062	0.516263047060978	0.16199716546906437	0.14317475177014907
BG04063	0.5899446072147957	0.18065596714030602	0.15436129369623894
BG04064	0.5064891961179271	0.1654025698632931	0.14521879763243636
BG04065	0.5065235304889214	0.18015094830301637	0.1584642235397117
BG04066	0.5210755813953487	0.17223314670599843	0.14783816676824285
BG04067	0.5653869483611063	0.16616818570341624	0.1432531621880146
BG04068	0.5156393059879143	0.18095898111372072	0.15451953046139658
BG04069	0.5574414026735028	0.17825993120166408	0.1549277683842263
BG04070	0.5732123237502287	0.17754336468719495	0.15466198820835592
BG04071	0.5494357718366598	0.16255956056901094	0.14418193269048116
BG04072	0.5909832219373738	0.19949216966072517	0.16934122214002448
BG04073	0.5922621772569127	0.2009742479133918	0.1747370933990684
BG04074	0.5821278154184214	0.19284039860554086	0.16031072295969445
BG04075	0.562087987548068	0.1762056742267223	0.1548050034399737
BG04076	0.5814983519501922	0.16558910672159763	0.14129820875440186
BG04077	0.4708100622596596	0.17278887564352063	0.15552432358287988
BG04078	0.626313289690533	0.18367168488767308	0.15765930125238187
BG04079	0.5411898004028568	0.16864979699297852	0.14331625067774187
BG04080	0.5188238188976377	0.16769861070636188	0.14252851784445858
BG04081	0.505012818165171	0.169158270046006	0.1445775765648018
BG04082	0.5518534837941771	0.18658521979680692	0.15840774649736872
BG04083	0.5584113486540928	0.17668906788827105	0.1513721261379969
BG04084	0.6030460309467134	0.19341601773569467	0.1691526256413929
BG04085	0.5769519089910273	0.19037123992444055	0.1624553865944895
BG04086	0.6006912653360188	0.17435708906406955	0.14968207626588353
BG04087	0.5519307361289139	0.16341566545466882	0.14382258635168302
BG04088	0.4486786989562351	0.1586340283303101	0.13762638169918212
BG04089	0.4628645165720564	0.1682429285193455	0.14336078452403284
BG04090	0.5659935222486725	0.16526914517221442	0.14303254780542107
BG04091	0.5625200283830801	0.18065896835435652	0.1560503426874425
BG04092	0.6067913385826773	0.17963773666934443	0.15771030313994922
BG04093	0.5413557498626624	0.16325835413961745	0.1447969837945967
BG04094	0.5421082448269547	0.16046597944148083	0.13713246312485589
BG04095	0.5632811069401207	0.18778543091279046	0.15866038154459897
BG04096	0.5561166681926385	0.168793973954863	0.14936259640848654
BG04097	0.7106957288042484	0.19833822119475314	0.1762601439543779
BG04098	0.5398135643655007	0.17631187060713838	0.1487324295268703
BG04099	0.5793066746017215	0.1820211690983214	0.15680000758730736
BG04100	0.5671236952939022	0.17988406545637875	0.14966982295093245
BG04101	0.5205605658304341	0.17442780356687132	0.15089688480423194
BG04102	0.6007627952755905	0.18803929459714888	0.15973604846014988
BG04103	0.5818302508698039	0.17414230847522444	0.15177504276488146
BG04104	0.42272477568210953	0.1703263646036892	0.1494765575322667
BG04105	0.561455662882256	0.16646488586644206	0.14274131067705817
BG04106	0.549232626808277	0.18349013373525108	0.16045024951340167
BG04107	0.4567243865592383	0.17080800299295243	0.14432914634259736
BG04108	0.48044371452114987	0.17084471477630062	0.14248503320981193
BG04109	0.6414747756821093	0.18046259826810207	0.15786519384103942
BG04110	0.5548806308368432	0.17956647539143109	0.16185162382386648
BG04111	0.5236249084416774	0.16563355382575543	0.14336347448249673
BG04112	0.6215522569126533	0.19492750395585415	0.16938210795986236
BG04113	0.5113303424281268	0.15588364485195816	0.138382877755165
BG04114	0.578720129097235	0.17619322764908124	0.15668864007443173
BG04115	0.5624942776048344	0.19273906214874478	0.16586987092192074
BG04116	0.6487622459256548	0.18864905929343723	0.16780005743353163
BG04117	0.5659019639260209	0.1899130152264384	0.1618875240301343
BG04118	0.6422301318439848	0.1722762594732105	0.1526555977776459
BG04119	0.635895440395532	0.17872302166651308	0.15611579247431795
BG04120	0.5440424143929685	0.1606792689856867	0.13731889100127834
BG04121	0.5482598196301045	0.17029997015591175	0.14237381518959202
BG04122	0.5238509430507233	0.19201048165707166	0.16326811859657356
BG04123	0.6477865775498994	0.17883671055488595	0.15583015077500534
BG04124	0.6756288912287127	0.18688323245106805	0.16421600205303516
BG04125	0.5513756637978393	0.16425795511372368	0.14645430836602488
BG04126	0.587998992858451	0.1782191288768798	0.15438860117143244
BG04127	0.535427348470976	0.1676366460644793	0.14264782144916008
BG04128	0.5104691219556856	0.16827234782035094	0.1448344761951888
BG04129	0.5890633583592746	0.1752160064418637	0.15266916701571343
BG04130	0.5597303607397913	0.17182073164483821	0.14832242115143596
BG04131	0.6451857489470791	0.19490213663551875	0.1712387868873938
BG04132	0.5736786989562352	0.1922929490858939	0.16378116304627538
BG04133	0.6258926936458524	0.1670426963542003	0.14847695217027995
BG04134	0.585275132759568	0.17470922648173007	0.14801942845772617
BG04135	0.5541510254532138	0.16293287111810698	0.13600285530645942
BG04136	0.4738515152902397	0.17894501112820416	0.15541986281944967
BG04137	0.5521424647500459	0.16798748389175386	0.14457439562798574
BG04138	0.5460252243178906	0.1888277369779642	0.16157041947153855
BG04139	0.5543799212598424	0.1665201731967543	0.14187151823218405
BG04140	0.5616130287493133	0.18080509697997513	0.1575149226778734
BG04141	0.5889346044680461	0.17537497795690377	0.14919397207263874
BG04142	0.6633972715619848	0.19275472160599585	0.16741237449606924
BG04143	0.5048983702618569	0.16201325477285106	0.1394081149084076
BG04144	0.5405660593297932	0.17662263132958037	0.15376040247873474
BG04145	0.5482941540010987	0.16778398980638656	0.1472625759471525
BG04146	0.5020600622596594	0.16255091166401986	0.14468029615922423
BG04147	0.4443783189891962	0.18150108867540743	0.1600889542764342
BG04148	0.5966312259659403	0.18040644634252298	0.1607455847372208
BG04149	0.5366977201977658	0.1696004606783096	0.14296039821363146
BG04150	0.6283390175791979	0.18194828105962596	0.16001051797940286
BG04151	0.5719276460355245	0.1785419875205143	0.15195842237038365
BG04152	0.5432470014649331	0.18751641305261138	0.1639133878342752
BG04153	0.6489653909540378	0.17144186633716074	0.14810799750482112
BG04154	0.51421442959165	0.17372276198561815	0.1489317007522954
BG04155	0.5795298480131847	0.17684713615430092	0.15788339585034206
BG04156	0.5820591466764332	0.19140310808513872	0.16694096072388304
BG04157	0.6120216077641458	0.20193015467009173	0.17112724943238733
BG04158	0.6316293947994873	0.18929340715688944	0.16252114279012825
BG04159	0.5528405969602639	0.1831014661023062	0.15854368951168338
BG04160	0.4100553927852043	0.17359311625917068	0.14663799739080668
BG04161	0.6102648324482697	0.18146080102346268	0.1564839831326341
BG04162	0.5820248123054388	0.19732728719741685	0.1674464395213054
BG04163	0.5463542620399191	0.16681457809906142	0.1435183811898824
BG04164	0.5905540422999449	0.18332763093416188	0.1594851659356385
BG04165	0.544525956784472	0.1682311725736854	0.14592099998989083
BG04166	0.5868888481963012	0.17031505844975173	0.14545267449700364
BG04167	0.5657074024903864	0.15775740825697773	0.1349718740810962
BG04168	0.5116565189525727	0.1851006330118111	0.15698088375946723
BG04169	0.5927485808459991	0.1912994043030313	0.16554496608673647
BG04170	0.58068577183666	0.17011290476827062	0.14371817063414627
BG04171	0.43294497344808647	0.1782199508128604	0.1478340498321779
BG04172	0.5289238463651347	0.16583383201808943	0.14462060278693956
BG04173	0.5768145715070498	0.18924714626655073	0.1569871256540465
BG04174	0.5864510849661234	0.19075339480963593	0.1706299782271197
BG04175	0.6251030031129827	0.18456585966333655	0.15869234350073297
BG04176	0.6108885735213332	0.16619264286903096	0.14218458436603734
BG04177	0.5708718641274493	0.18457620705288685	0.15634071627511126
BG04178	0.5248523622047243	0.15551571282304583	0.1323601077343097
BG04179	0.6157239974363669	0.17132912356462368	0.1470728428735772
BG04180	0.41884213056216824	0.15301942460198065	0.12825961940200448
BG04181	0.5532812213880243	0.18371397185481725	0.16133013609817887
BG04182	0.5204175059512911	0.17354066065097676	0.15014723574075037
BG04183	0.5633583592748581	0.17555715581547499	0.14808903575838206
BG04184	0.5558963559787586	0.18133491610094196	0.15682430299007927
BG04185	0.5035993865592383	0.16286408084117435	0.13269488970636617
BG04186	0.5989688243911371	0.17948736413630942	0.15842640528597662
BG04187	0.5067667322834646	0.17226046008231077	0.14634407591895665
BG04188	0.5963765793810658	0.18670550177753623	0.16463212477688247
BG04189	0.5731751281816517	0.17472541631855953	0.15240231828798023
BG04190	0.5460223631203075	0.18160630631726254	0.15841029633082432
BG04191	0.5734498031496061	0.18227835673229706	0.15850197831506194
BG04192	0.6434718915949462	0.18768916824886347	0.16425356593055795
BG04193	0.5343687053653177	0.1652188804407105	0.1453271720482476
BG04194	0.556256866874199	0.1655116506732161	0.14405818781014573
BG04195	0.605672610327779	0.17118051139625298	0.15341485545571204
BG04196	0.5974123329060611	0.17122661700271768	0.14935412631494596
BG04197	0.5188896264420434	0.18070621415940746	0.15572918376126582
BG04198	0.5262285982420802	0.1701681117717799	0.15585923518166686
BG04199	0.6378582219373743	0.20116031367735238	0.17567281877138094
BG04200	0.5949116462186412	0.1772904641263622	0.1532254760196128
BG04201	0.4331624244643839	0.15747194411395654	0.13106804311637293
BG04202	0.5686458524079842	0.1713539606088072	0.15152998581349056
BG04203	0.5337020463285111	0.16903737276560815	0.14346950297191888
BG04204	0.588505424830617	0.18458117377334632	0.16033388693242495
BG04205	0.5460853094671304	0.19458342630431677	0.16745161250592855
BG04206	0.6264077092107672	0.18499145553675028	0.1645336332048885
BG04207	0.5388378959897455	0.16827160901542015	0.1490493743546109
BG04208	0.5923909311481412	0.16980344843033876	0.1437057629917527
BG04209	0.46600611151803706	0.16496934180221898	0.140755738918615
BG04210	0.5407577595678447	0.16156049231089664	0.13959424399436343
BG04211	0.5883938381248854	0.16787602458489817	0.14364577852417285
BG04212	0.5586602728438017	0.15638539863460027	0.13331649959852698
BG04213	0.6191402673503021	0.1828852191065912	0.15772848538602297
BG04214	0.5418335698590004	0.18386380836696073	0.15750953006731344
BG04215	0.5402999679545871	0.17761222827052586	0.1511734379130925
BG04216	0.5520337392418972	0.1729966285844811	0.14846448367712842
BG04217	0.6147855246291889	0.17813117165721662	0.1574866540571
BG04218	0.5798359961545505	0.16723060193121114	0.1463979437149695
BG04219	0.5931176753341878	0.18412116901209158	0.16458004603714085
BG04220	0.5870576588536897	0.1914203960009788	0.1631428329607832
BG04221	0.5857758423365683	0.1875774158248602	0.16793838320008242
BG04222	0.46505905511811013	0.14691496415210187	0.12988187420060915
BG04223	0.4479920115363487	0.16929149379993244	0.14113494509268762
BG04224	0.5552411417322834	0.18477684725750157	0.1640341458140666
BG04225	0.5113303424281268	0.1706519553853045	0.13917984792643243
BG04226	0.5925397134224499	0.17420137553739867	0.1531362936630414
BG04227	0.5800935039370081	0.1699740590983222	0.15162370967219557
BG04228	0.533627655191357	0.17739370016662334	0.1583980458776387
BG04229	0.586968961728621	0.19859736426751298	0.16931679192795407
BG04230	0.5625829747299032	0.18699140292807692	0.15950294339167148
BG04231	0.617034425929317	0.1866725690696696	0.16038267946700518
BG04232	0.6136868247573705	0.18614241722902783	0.16092467004970282
BG04233	0.6017727980223401	0.17361163493408427	0.15048374144943172
BG04234	0.4766640725141915	0.1751068546184886	0.15051908579934614
BG04235	0.6120759705182202	0.18492241851581998	0.15920840632814193
BG04236	0.5687603003112982	0.1841517849699749	0.1592251301840983
BG04237	0.6002821140816699	0.18581654437821266	0.1640158986480861
BG04238	0.5931233977293535	0.1876489806743715	0.16102209060621744
BG04239	0.5337306583043399	0.1782730208403801	0.1567651707196562
BG04240	0.5312786119758286	0.15955372392392256	0.14500158865274154
BG04241	0.5444200924739062	0.1570576967206791	0.13945238981989133
BG04242	0.5473785707745835	0.1754858256380712	0.1497682567037035
BG04243	0.41773484709760117	0.16398409757365218	0.13843311660728513
BG04244	0.5487004440578649	0.18700002227682927	0.1568097494167691
BG04245	0.5405603369346272	0.17741039469911757	0.15733916977582174
BG04246	0.588754349020326	0.18686856580654548	0.15516314458844876
BG04247	0.6196924784837939	0.17777875709871763	0.15577084360811208
BG04248	0.49061813312580105	0.17223016765628707	0.15176234849179673
BG04249	0.4639403268632119	0.15475631810546311	0.13636757552456844
BG04250	0.61717748580846	0.17114409385647184	0.14807380231898157
BG04251	0.48020909631935543	0.16139349158290017	0.14131988988095087
BG04252	0.6119329106390774	0.178434043179506	0.15293636121919385
BG04253	0.5726343618384911	0.17602418565398642	0.15628482931975973
BG04254	0.5847658395898186	0.18948691097545783	0.1628208052668583
BG04255	0.6267367469327962	0.19283642547611698	0.16932833183908066
BG04256	0.6056954999084416	0.18026225996404227	0.1584312377278542
BG04257	0.5742766892510531	0.17753690013736728	0.1460977568180316
BG04258	0.5092073338216445	0.16005746883945277	0.13541675160317093
BG04259	0.5492698223768542	0.1840111700203949	0.15781268984870261
BG04260	0.5697102179088078	0.177841037701016	0.14780463023017304
BG04261	0.5946569996337665	0.17623572526969827	0.15353384904792294
BG04262	0.5935754669474456	0.1802491760416939	0.15701685909152047
BG04263	0.48718469602636894	0.1696747868162276	0.15222666027721243
BG04264	0.6215493957150704	0.19974993972506744	0.17128003580118026
BG04265	0.6095295046694743	0.1800843688453365	0.16008874339511409
BG04266	0.4610333501190259	0.15176146897206297	0.13036402419411414
BG04267	0.6346279298663247	0.18212225321749437	0.15891122418229978
BG04268	0.5538677668925104	0.17726977829173463	0.1500998749727514
BG04269	0.5433213926020877	0.15529503939019965	0.13569861690431737
BG04270	0.5872865546603188	0.18513027467814586	0.15732437003920857
BG04271	0.5577876075810291	0.19375319446162118	0.1654840723215109
BG04272	0.6087054797656106	0.1840509134289373	0.159072124736114
BG04273	0.44366015839589823	0.17829793455052897	0.14620745538191965
BG04274	0.5130957013367514	0.1712482219897646	0.14829906215960467
BG04275	0.5611552371360558	0.18402862362778755	0.15664065003753386
BG04276	0.5263230177623146	0.17023066191045735	0.14350270734839016
BG04277	0.5216106253433437	0.16197740798410504	0.1397616499708076
BG04278	0.5740992950009154	0.1752020397191903	0.15473081249606344
BG04279	0.49616313404138435	0.16255296685860512	0.1407584477555811
BG04280	0.5064176661783557	0.19165993502687897	0.16284470123408007
BG04281	0.5760334645669295	0.17856148291353097	0.1554573255025528
BG04282	0.5377277513275956	0.1751137913445795	0.15198251176087513
BG04283	0.6229914392968321	0.18130529989150507	0.16047196539107
BG04284	0.5240254761032778	0.18135978899081184	0.1593599200713849
BG04285	0.5752523576268083	0.1949273882752647	0.17106922201845087
BG04286	0.609990157480315	0.17992597375208844	0.1543347636392784
BG04287	0.5304402810840507	0.1881140369881795	0.16473388347652448
BG04288	0.5652124153085516	0.16228582663505736	0.1490693412460284
BG04289	0.5520337392418972	0.17446772200355068	0.15317321406151446
BG04290	0.46860407892327416	0.17341525155059345	0.14602837736973834
BG04291	0.6162790697674421	0.18447102771306617	0.16239642343367286
BG04292	0.576185108038821	0.18720555074215273	0.1596770704856186
BG04293	0.531928103827138	0.18699747914740045	0.1589017994260118
BG04294	0.5364459348104742	0.19261852896548967	0.16679210795107108
BG04295	0.5761879692364036	0.18023407296067942	0.15046353508330412
BG04296	0.5386347509613623	0.18341957573043705	0.15214397763504067
BG04297	0.6110144662149791	0.17676705933404602	0.1559956846284229
BG04298	0.533747825489837	0.1862440411331935	0.15751123605257136
BG04299	0.5885426203991944	0.177041221516071	0.15541637804700068
BG04300	0.6128027147042667	0.1763016636233971	0.14964199337047357
BG04301	0.4716197811756089	0.1769333483760077	0.1518765991187721
BG04302	0.5350038912287127	0.16490779416246448	0.14205099818170924
BG04303	0.4801776231459439	0.17287049693380455	0.1467392164319287
BG04304	0.5124004303241165	0.15825686018350485	0.13720840816420643
BG04305	0.6477779939571506	0.18461852613918583	0.16100301373994957
BG04306	0.5434043673319905	0.16499663805529485	0.13973320163210246
BG04307	0.6706446850393702	0.18063876453659825	0.15698891908082516
BG04308	0.5759161554660318	0.16664623336021916	0.14195280875196925
BG04309	0.6369712506866876	0.1774041797602392	0.1520037989228571
BG04310	0.5740964338033326	0.17776803690911597	0.15280765285951892
BG04311	0.5993865592382346	0.17574156279426106	0.15194839495439294
BG04312	0.6311887703717268	0.18543896788983955	0.15972633231749706
BG04313	0.5064176661783557	0.19402350728238876	0.1622260801444262
BG04314	0.5705943279619117	0.18284706961815178	0.15806275543378895
BG04315	0.5673239791247023	0.18456638711222004	0.15678204486717018
BG04316	0.5888087117744001	0.16866142660440245	0.14522228454370684
BG04317	0.6408710629921259	0.17623879854103044	0.15688424987422195
BG04318	0.47204896081303793	0.15879623259915512	0.13959717040241
BG04319	0.5377277513275956	0.16310384916356513	0.1405826054521559
BG04320	0.5835469694195203	0.1742319418138809	0.1532425226534111
BG04321	0.5548777696392602	0.17373276590398007	0.15521414964268493
BG04322	0.5574871818348288	0.17922662745647622	0.15418556737466854
BG04323	0.5370610922907892	0.18664964141801643	0.16388199742928278
BG04324	0.5641881065738874	0.19302354915387132	0.1676947973430396
BG04325	0.5515788088262225	0.18007852173125014	0.1572284862017404
BG04326	0.5787058231093207	0.17949851793436938	0.15567128271967254
BG04327	0.5717559741805531	0.16573008351074217	0.14268019881508154
BG04328	0.5773353094671305	0.1861388574275747	0.16407987508126348
BG04329	0.5505087209302325	0.16979247820890536	0.14493006374426937
BG04330	0.5524686412744918	0.17320078357659602	0.15453041002654047
BG04331	0.4604725553927853	0.14615886770840308	0.1234133973527535
BG04332	0.5796156839406701	0.18005219823691804	0.1537952957035113
BG04333	0.5543713376670938	0.16570503322487734	0.14236395824960205
BG04334	0.5873981413660505	0.17664842165247788	0.15529391841394274
BG04335	0.6422988005859732	0.19625322888923255	0.17371111537168119
BG04336	0.5547575993407802	0.18427762045336477	0.15641288743829668
BG04337	0.4764351767075627	0.15224859926494974	0.1368808280127217
BG04338	0.5484257690899104	0.17010791449734736	0.1454917650238608
BG04339	0.6254463468229263	0.19238623499650698	0.1678356998830879
BG04340	0.6015238738326313	0.19165810574409614	0.1637896286952017
BG04341	0.5554299807727522	0.1629970392648719	0.1393301886929926
BG04342	0.570954838857352	0.17542097068039492	0.15432270436207168
BG04343	0.530697788866508	0.18931059068725334	0.1568578265254024
BG04344	0.6121703900384547	0.1737540107133845	0.1517967839811038
BG04345	0.6114350622596594	0.20035553414440063	0.17246208673089342
BG04346	0.6281330113532322	0.1736440424789384	0.14892954733766173
BG04347	0.5558562992125985	0.16970541308456297	0.14738454959845101
BG04348	0.6322502746749681	0.1705173027297768	0.1481297576530835
BG04349	0.6243590917414392	0.18837958403003457	0.16103945274861134
BG04350	0.5192558597326496	0.1604663997023824	0.13816835737428784
BG04351	0.5686458524079842	0.1774976179358646	0.1488427538389337
BG04352	0.6242503662332906	0.1804527747097425	0.16027968153909017
BG04353	0.6035982420802053	0.1682124747209951	0.1449510047709434
BG04354	0.6463101995971436	0.1829291945181285	0.1589995581373476
BG04355	0.587380974180553	0.1789437783385735	0.15274892734373
BG04356	0.5647489013001282	0.1636878875946493	0.1397443926011521
BG04357	0.5545086751510709	0.18489767016688463	0.1610293431307533
BG04358	0.5990117423548801	0.16392692832442368	0.14429388518190106
BG04359	0.5921992309100894	0.20545601665107832	0.17380685323785983
BG04360	0.527155626258927	0.15866017849099745	0.13848156122480967
BG04361	0.6280443142281632	0.19281002228083252	0.16328472165021723
BG04362	0.5936441356894343	0.17194756355225513	0.1500079363654081
BG04363	0.6158327229445157	0.18018032274916135	0.15598405173957217
BG04364	0.5944967725691266	0.18121418377452478	0.15301944810487425
BG04365	0.5627546465848744	0.18707372857509913	0.16177752423202743
BG04366	0.5403428859183299	0.17547007063557238	0.15069731598336517
BG04367	0.5251241759750962	0.1717985694894309	0.1446717495418613
BG04368	0.5760449093572606	0.17881044792342185	0.15253896447356124
BG04369	0.5920933665995238	0.17965199836171036	0.15970393797258198
BG04370	0.558062282548984	0.18184076380859254	0.1539581108980424
BG04371	0.5462197857535248	0.17775137071231042	0.14901479943999033
BG04372	0.5156822239516574	0.1654337059177184	0.14614368448652454
BG04373	0.6295264145760848	0.1963016775416809	0.17625956212415775
BG04374	0.5922764832448268	0.183134000940796	0.15660121210907696
BG04375	0.6344705639992675	0.18060383645126582	0.15800882866462188
BG04376	0.5955296648965394	0.1919910703502186	0.16786998357285382
BG04377	0.7111077412561804	0.18636501307647818	0.16322756630173046
BG04378	0.6235236220472444	0.17654583360224643	0.1507220739654137
BG04379	0.5647546236952938	0.18411643079964343	0.15394546260455172
BG04380	0.5517905374473542	0.1841090954188115	0.155211655541846
BG04381	0.5190040743453581	0.16588556615976022	0.13565149094903875
BG04382	0.6002792528840872	0.1858646826379227	0.1619991413874761
BG04383	0.5238166086797291	0.18751739746425797	0.16075399016581274
BG04384	0.5778474638344624	0.170895545531082	0.14634619462443937
BG04385	0.6298926478666913	0.17355286551722332	0.15185579166213134
BG04386	0.5756987044497341	0.1691310470302539	0.14801224201573868
BG04387	0.5662767808093756	0.16326055525573518	0.14389614124835842
BG04388	0.5556932109503754	0.18927381788532632	0.160366282883879
BG04389	0.5438020737960082	0.16869777811488057	0.14184482055168043
BG04390	0.5849088994689617	0.18005859765421964	0.15596422669665153
BG04391	0.5389180095220657	0.177757541751916	0.15053070032177324
BG04392	0.49858942959165	0.19130407932657695	0.16195025338347474
BG04393	0.5507776735030215	0.19308538547262982	0.16351814691787786
BG04394	0.5084262268815236	0.171686889641589	0.1492919527766007
BG04395	0.5791235579564182	0.16906097762502376	0.14816925753025648
BG04396	0.5765770921076728	0.19124217366511637	0.1676571023089792
BG04397	0.6595403772202891	0.1937610232641711	0.1665487230715629
BG04398	0.6194893334554112	0.1742845741518988	0.14938478005419156
BG04399	0.5041716260758102	0.1598839830851521	0.13660180395386973
BG04400	0.5190040743453581	0.15761312777451103	0.13300249173980905
BG04401	0.48718469602636894	0.1565983056118973	0.1382741538959749
BG04402	0.5820734526643473	0.18809411138295257	0.15996334746115737
BG04403	0.6412916590368065	0.192109892095	0.16260837745914697
BG04404	0.6098127632301777	0.19125446700273346	0.1605007568212445
BG04405	0.4867326268082768	0.15716221064936237	0.13170005052761816
BG04406	0.4898999725325032	0.16028833817856383	0.13902220810443303
BG04407	0.5682853415125435	0.17131334495153996	0.14932649278426652
BG04408	0.5512125755356163	0.17349508501777414	0.14785058963319708
BG04409	0.5933522935359823	0.17095847651713264	0.15096948111906466
BG04410	0.5687231047427213	0.17854176606818017	0.15121422121273928
BG04411	0.5680593069034974	0.16567705150895898	0.1439585106746299
BG04412	0.5920533098333638	0.19250224002654281	0.16460761036039984
BG04413	0.6168484480864311	0.194678755531773	0.17610923322533623
BG04414	0.6306165308551548	0.21790644657590405	0.18993626642585082
BG04415	0.5679448590001831	0.17130704510777017	0.14982220355904421
BG04416	0.5716586934627358	0.17376004649042473	0.15058394042140172
BG04417	0.5659277147042665	0.17970141886877414	0.1507800481487359
BG04418	0.6359269135689435	0.1815160433805293	0.16157092904544818
BG04419	0.5200598562534335	0.1641816056426932	0.14105318346154103
BG04420	0.569458432521516	0.18726606830965167	0.15643706141589014
BG04421	0.50530179912104	0.15225116857636628	0.12710745571691265
BG04422	0.5396447537081123	0.17472731229682292	0.14557068190077588
BG04423	0.6106110373557957	0.1747560629021977	0.15153850303820046
BG04424	0.4262326039186963	0.16256456183391518	0.14194866121369948
BG04425	0.5171299899285848	0.18505819894754058	0.15642822968619904
BG04426	0.5923365683940671	0.1869242387713619	0.16467968356878585
BG04427	0.5747545092473907	0.18536776066446087	0.1608871894645682
BG04428	0.525759361838491	0.1787017678058391	0.15744221737763398
BG04429	0.44272168558872005	0.18110889105293176	0.16222941614303493
BG04430	0.5578019135689436	0.17311012925412045	0.14993513756886595
BG04431	0.6212089132027103	0.1926574000961481	0.16850375678995083
BG04432	0.5836299441494233	0.17790678118429917	0.15325470319273882
BG04433	0.48096731367881357	0.16811021284418654	0.14066382396901211
BG04434	0.5326691540010984	0.15790719442345375	0.13709624376349022
BG04435	0.6117097372276139	0.16305971290846089	0.14123102671893267
BG04436	0.5095134819630107	0.16791935350229364	0.14875783122837632
BG04437	0.5673668970884455	0.17842180224196938	0.15505319338273324
BG04438	0.4413940899102728	0.1786300117274117	0.15419188878681217
BG04439	0.5726658350119028	0.17483524032544265	0.14736209402343176
BG04440	0.5631580754440575	0.183665146542827	0.16297904310710193
BG04441	0.5895612067386926	0.18955456778620466	0.1644680995973828
BG04442	0.5606545275590551	0.17582363662751782	0.15380521053357282
BG04443	0.5546574574253801	0.17277249177691595	0.14849652736200863
BG04444	0.629849729902948	0.18608327445038064	0.15868841241862575
BG04445	0.6119815509979857	0.17946527235888216	0.15361772748584196
BG04446	0.5397935359824206	0.1668042456818766	0.14902619976636125
BG04447	0.5045121085881707	0.1662034087580501	0.1505289632856164
BG04448	0.59520062717451	0.1832255521244524	0.1585863717384591
BG04449	0.5055392785204176	0.1516238534245937	0.13026304919006146
BG04450	0.6031061160959533	0.1823805575230289	0.15656572303353689
BG04451	0.6185708890313131	0.19177947485240457	0.16689121463077858
BG04452	0.5026294405786486	0.16451821015910445	0.13816213174687814
BG04453	0.5001115867057316	0.19414903250543003	0.16539359832549289
BG04454	0.6091947445522796	0.1731180162397586	0.14799319821303847
BG04455	0.4823807452847464	0.20438456273699926	0.17454552228057843
BG04456	0.5373672404321556	0.1768238479251925	0.1479915278386869
BG04457	0.5813667368613806	0.1898137639921509	0.16257747998528102
BG04458	0.5458592748580845	0.18079814260191632	0.15149841839197398
BG04459	0.5247951382530673	0.17746265400061878	0.15453594217642191
BG04460	0.6006912653360188	0.18314976021859405	0.1572125330711772
BG04461	0.5345575444057864	0.17294642964277238	0.1498791287545888
BG04462	0.6092061893426112	0.16116248776199985	0.1435142290369995
BG04463	0.49734766984068857	0.1767411843394086	0.15453957656597583
BG04464	0.6065080800219742	0.18926987037256693	0.1613478372929958
BG04465	0.461113463651346	0.17144564713090532	0.1470102863332944
BG04466	0.5576731596777147	0.16827435024999138	0.14246659134043288
BG04467	0.5905540422999449	0.20414034666454492	0.17186368804909252
BG04468	0.6150773667826404	0.18405417269104274	0.16023072155218857
BG04469	0.5538391549166819	0.18872795961717775	0.16574348582368445
BG04470	0.6037899423182569	0.1861223240796433	0.15842375748227916
BG04471	0.48911600439479963	0.1615703137866511	0.13887526700596858
BG04472	0.587546923640359	0.1834011313839692	0.16128438991291003
BG04473	0.4695110785570409	0.15848140760033733	0.13683139844177555
BG04474	0.5611924327046328	0.1768423183392236	0.15271131645602334
BG04475	0.6234549533052556	0.16947000062601086	0.15045715876984514
BG04476	0.5077309558688885	0.1650763541924582	0.13697119584238152
BG04477	0.4458117789782089	0.1659967125475368	0.14200306234890245
BG04478	0.5208266572056399	0.18705067154609853	0.16173042853922345
BG04479	0.5578019135689436	0.17492726844464765	0.14861743256811785
BG04480	0.5311927760483428	0.1754559527712965	0.14802918157003192
BG04481	0.5381054294085331	0.16908173362967108	0.1470381672079573
BG04482	0.5785513184398463	0.16501707237207064	0.13919552880094196
BG04483	0.5246635231642556	0.17720153084013562	0.1580764563658999
BG04484	0.5989430736128913	0.17353128437873735	0.1482334366898393
BG04485	0.5677445751693828	0.1816008252380838	0.1540062022442723
BG04486	0.535427348470976	0.1815883914368492	0.1528477706629273
BG04487	0.5882593618384915	0.16722054521591254	0.14929466441062522
BG04488	0.5814153772202892	0.17423161914196678	0.147636808961553
BG04489	0.5034248535066839	0.17737774472512863	0.1477333370890473
BG04490	0.5336934627357628	0.1579187442186533	0.1395576645787725
BG04491	0.5458878868339132	0.17160651006152797	0.1512198054243827
BG04492	0.6019330250869803	0.1725330644496052	0.1539635019268115
BG04493	0.6203906106940122	0.20168221247427676	0.17554019876127047
BG04494	0.5162430186778977	0.18011878682865765	0.15498910744680813
BG04495	0.573149377403406	0.1848718521390061	0.16082734131516258
BG04496	0.5851864356344991	0.17245977446440935	0.15067092082277678
BG04497	0.5757788179820547	0.18725210727406055	0.1630310843356229
BG04498	0.6083993316242446	0.1622542107765062	0.14277457151214998
BG04499	0.5880218824391137	0.17414539173153534	0.15381309915556501
BG04500	0.58199620032961	0.18760820041990547	0.15856085467652387
BG04501	0.5925282686321189	0.16468926476098072	0.14257914275599098
BG04502	0.35887715162058237	0.18206379183487628	0.15414662077611502
BG04503	0.5660564685954954	0.18179530261638577	0.1561840909392253
BG04504	0.5354702664347191	0.1705658100288388	0.1511340952750126
BG04505	0.598522477568211	0.1912115894166005	0.16547723213997018
BG04506	0.5248523622047243	0.1789370838192446	0.15546087325960584
BG04507	0.5657045412928033	0.16769835209794112	0.14462292182380487
BG04508	0.4661663385826771	0.16537803632357823	0.1393049111824654
BG04509	0.5783367286211318	0.17424096350759286	0.15003747834960576
BG04510	0.6044566013550634	0.1880698153557951	0.1639359976834283
BG04511	0.5757044268449001	0.176801587807148	0.1528213633369959
BG04512	0.5187465665629007	0.1748828907582876	0.15553650963361232
BG04513	0.6019101355063177	0.16424047873682754	0.14426791525202604
BG04514	0.5551982237685406	0.17528050731505315	0.15141885775375324
BG04515	0.5786085423915033	0.189758217363678	0.16399279671692016
BG04516	0.510420481596777	0.17022229922554744	0.15036821988617602
BG04517	0.52072651529024	0.17346483948432226	0.14886674753148463
BG04518	0.5363600988829885	0.17093000114019835	0.15307867175409068
BG04519	0.5385403314411279	0.16852657051555142	0.14634391852797254
BG04520	0.5649234343526828	0.16574102218105632	0.14444447975885624
BG04521	0.5921677577366782	0.18330544627476733	0.15364673436073834
BG04522	0.5652209989013001	0.17656326952885992	0.14830636011091444
BG04523	0.5077309558688885	0.19027058256556903	0.16044997757268403
BG04524	0.5802651757919794	0.17074144980457012	0.14857443494587136
BG04525	0.570857558139535	0.17554417555836194	0.15188760071280027
BG04526	0.5805856299212598	0.17067081231419678	0.14496607313263044
BG04527	0.5806628822559973	0.17572405240638259	0.14956458043014542
BG04528	0.6047741942867609	0.18320488755649397	0.15710417123980694
BG04529	0.5787887978392234	0.17037721597203773	0.15442796166210196
BG04530	0.6071089315143747	0.17247619637232836	0.1509476784562244
BG04531	0.560863394982604	0.18385296799706158	0.15737839938838433
BG04532	0.6008972715619851	0.1814033821638265	0.15236467394070452
BG04533	0.6394976881523533	0.1749288214161054	0.15176111477492993
BG04534	0.6070202343893062	0.19583109075003452	0.1680432698031355
BG04535	0.523650659219923	0.1559785664077091	0.13856360713122245
BG04536	0.5338479674052374	0.19130069044456424	0.1634736553498061
BG04537	0.5620393471891595	0.20164134843959608	0.1760951319522132
BG04538	0.581363875663798	0.18205631488477894	0.15541754151827164
BG04539	0.5866942867606666	0.1882630049305261	0.16032434587385908
BG04540	0.5353901529023989	0.1901662325352667	0.16084732222594383
BG04541	0.5326691540010984	0.1580361195581983	0.13900542750882416
BG04542	0.5428950741622414	0.16276550225183756	0.1417979843045293
BG04543	0.5226635460538361	0.1621628480209982	0.1375279562303504
BG04544	0.5555358450833181	0.17688657999757257	0.14668461419570605
BG04545	0.5794869300494416	0.1847047116966318	0.16055004486416846
BG04546	0.5697960538362938	0.17935145673488428	0.15362871617290855
BG04547	0.5902936733199048	0.16545038820211289	0.1427490890647145
BG04548	0.5632811069401207	0.19523848323511703	0.16388788605378019
BG04549	0.5684083730086065	0.170730654633181	0.15055507065565354
BG04550	0.5570465574070688	0.17478374570969848	0.14699217971648337
BG04551	0.6560554385643654	0.19856753621055684	0.17022246930370769
BG04552	0.6212661371543675	0.1937620219476369	0.17299001278089227
BG04553	0.5795641823841788	0.17339586003609392	0.151963150515428
BG04554	0.5941133720930234	0.19105258477034154	0.16234274871531557
BG04555	0.5569549990844169	0.17986070821986905	0.16210555914977165
BG04556	0.6479782777879508	0.17386559861430012	0.14621142454835465
BG04557	0.5572668696209486	0.1849410516415176	0.15669053927712154
BG04558	0.5461453946163706	0.1749095561952741	0.1505458839036429
BG04559	0.5482598196301045	0.1626380215355672	0.13722521022130674
BG04560	0.5687002151620582	0.1680242939444761	0.1440083262771724
BG04561	0.5990517991210401	0.16918070518021316	0.14576980226084293
BG04562	0.5887629326130746	0.17922995928131852	0.15694828007825903
BG04563	0.5599191997802602	0.17672165596705666	0.15362588579750303
BG04564	0.5565687374107307	0.1702291672345255	0.14597753660375873
BG04565	0.6161989562351218	0.1805294085994884	0.1558133400811606
BG04566	0.5766972624061526	0.1897215967064295	0.1590701696322597
BG04567	0.5511324620032962	0.16553856504553027	0.1412593333208948
BG04568	0.5829804522981139	0.18043451635570534	0.15259545490498325
BG04569	0.5751579381065738	0.17685673737808588	0.14878108860689815
BG04570	0.5664684810474273	0.16323325529210997	0.14835597359600974
BG04571	0.6015954037722029	0.16235175018049966	0.13813835935268085
BG04572	0.5618419245559421	0.19007800136483582	0.16694662857668635
BG04573	0.5650436046511627	0.1753311476228355	0.14545112589716505
BG04574	0.5999216031862294	0.18907556870170575	0.16379631735470934
BG04575	0.6136181560153817	0.17250287624367228	0.15015911877136356
BG04576	0.5501167368613806	0.17714155010713417	0.14913265678829843
BG04577	0.5962392418970887	0.1929220897265008	0.1682004288144336
BG04578	0.4524669245559422	0.19082188221610014	0.16799050697384704
BG04579	0.4808042254165903	0.17162190450261638	0.14704210814794788
BG04580	0.480955868888482	0.16478925521195692	0.14522862791338692
BG04581	0.6266709393883902	0.17638560210215787	0.14791482881092138
BG04582	0.5739362067386925	0.1805313508244054	0.15505252000602665
BG04583	0.5855355017396082	0.18138148313217858	0.15838681540266342
BG04584	0.5108668284197033	0.16916071353762308	0.1420584829951959
BG04585	0.5891291659036806	0.18215748251521185	0.15802517665015361
BG04586	0.5133675151071233	0.15236227739057545	0.1336908091357059
BG04587	0.5939846182017946	0.1946207394873257	0.16514130340034378
BG04588	0.4698086431056584	0.16287242897810233	0.1425856111718483
BG04589	0.6080817386925472	0.19660785718153623	0.1706578828589012
BG04590	0.6500869804065191	0.1856886669282038	0.1604937723055274
BG04591	0.5204289507416227	0.16101982851201382	0.13576406182562265
BG04592	0.5577876075810291	0.17040180897165086	0.15050483573078194
BG04593	0.5915354330708664	0.1764757205403563	0.1545188119755204
BG04594	0.6693972028932431	0.1743796102884107	0.15493502618647734
BG04595	0.5707202206555576	0.18148716592175618	0.16025087940433722
BG04596	0.5067066471342244	0.1782796139888599	0.1510727025712707
BG04597	0.5828059192455595	0.18954638566318366	0.1641139517991855
BG04598	0.5679219694195203	0.17050667222874621	0.15002955312256386
BG04599	0.5648461820179452	0.17023617921473494	0.14754155368867544
BG04600	0.5921162561801869	0.18470843207285664	0.16175034486227574
BG04601	0.5700220884453397	0.18349483009085035	0.1658077009920948
BG04602	0.5483399331624245	0.19259486638330942	0.16065479192528948
BG04603	0.6588508286028198	0.17736664698017046	0.15570856434747654
BG04604	0.5897128502105842	0.175234534195076	0.15447949402280778
BG04605	0.5745284746383446	0.17310999966170756	0.15059288346728525
BG04606	0.5596159128364768	0.18168103776873162	0.1540233197443766
BG04607	0.5966140587804432	0.17703585006768574	0.1555243589679597
BG04608	0.5019770875297567	0.18118625742061006	0.15321946553045301
BG04609	0.5927199688701702	0.1733905684614772	0.1427915903528219
BG04610	0.585275132759568	0.19281891008126265	0.169634268626716
BG04611	0.5502969923091008	0.18456746219824754	0.1554369815519286
BG04612	0.5448778840871635	0.17874013079202797	0.15812560193122813
BG04613	0.5029584783006775	0.172758107646791	0.14846166641856792
BG04614	0.5188152353048894	0.18175821198585293	0.1579778041706214
BG04615	0.4961516892510529	0.16875181490310123	0.14104623393654073
BG04616	0.6028228575352501	0.1739001531648887	0.1508696798386674
BG04617	0.5313472807178173	0.1627816006826329	0.14153466448810909
BG04618	0.46651540468778613	0.16751161911457338	0.14109760139099065
BG04619	0.5506174464383815	0.2022790290199306	0.17765457780462374
BG04620	0.5565687374107307	0.17638215852363592	0.15075723058241985
BG04621	0.5930203946163708	0.20260050306947402	0.17774831541714675
BG04622	0.5814468503937008	0.19597400184739572	0.16803642822500717
BG04623	0.5126779664896539	0.16664670199457682	0.14760403061095123
BG04624	0.6080817386925472	0.19583833028330452	0.16989761412047744
BG04625	0.5126150201428311	0.1616015836864369	0.142329177577777
BG04626	0.5751836888848199	0.1738441368441456	0.15128910003474863
BG04627	0.5261599295000916	0.183004268870105	0.15591755291427978
BG04628	0.46868991485075995	0.160721150362997	0.13101058721582115
BG04629	0.6222074711591283	0.18790657157010757	0.16240800101866473
BG04630	0.5845483885735212	0.16399999726233674	0.1417808740487188
BG04631	0.576185108038821	0.17562626476124224	0.15187147615054739
BG04632	0.4923977980223403	0.18415727562194173	0.16206278793629886
BG04633	0.2755419108221937	0.18821576021288625	0.16380300523273605
BG04634	0.5513642190075081	0.1750656562327036	0.15162347782019786
BG04635	0.5821049258377586	0.1889107160429743	0.16132344034541507
BG04636	0.5543255585057681	0.17007525563944292	0.15091280875794774
BG04637	0.6564102270646404	0.19870987604466156	0.17310391978194245
BG04638	0.5069069309650247	0.16398119731657929	0.13742550436427042
BG04639	0.5458421076725872	0.1827083967652674	0.15431072689426997
BG04640	0.6221588308002199	0.18767764915638566	0.1653497803495725
BG04641	0.5660736357809923	0.17384773412155183	0.14893786026869543
BG04642	0.5648204312396998	0.17752011633314768	0.15826853118253287
BG04643	0.5065864768357444	0.16145996345705674	0.14183122308020418
BG04644	0.5411154092657022	0.1759537769303596	0.1514001949899749
BG04645	0.5248094442409816	0.17786802650039166	0.15536521030752165
BG04646	0.6493487914301412	0.18915297022922414	0.16344303042961777
BG04647	0.6037184123786854	0.17583206849941604	0.15457562064903368
BG04648	0.6391572056399927	0.18509471478264	0.16291288327425477
BG04649	0.6044737685405603	0.17672865145895672	0.15571992377747795
BG04650	0.6219499633766709	0.1839075101805784	0.15995336378249655
BG04651	0.5420424372825491	0.1634025973926405	0.14148195494264604
BG04652	0.6199728758469145	0.18497456982526733	0.15951303873762107
BG04653	0.6092834416773486	0.1665045877925295	0.14415147957181107
BG04654	0.5508606482329241	0.1746683114037123	0.14496294641545565
BG04655	0.5795641823841788	0.1821479793533838	0.15707217994606493
BG04656	0.474483839956052	0.16590511209140418	0.14548624845310398
BG04657	0.4995193188060797	0.1913838567425451	0.1665056695048373
BG04658	0.5061859091741441	0.1723468960390963	0.14655446300546301
BG04659	0.572179431422816	0.17735488954349365	0.15249852427085048
BG04660	0.5634441952023439	0.15819768939109352	0.14310087590049314
BG04661	0.6490941448452665	0.1937200167053364	0.1670187457724141
BG04662	0.538294268449002	0.17395696048239306	0.14620034785374014
BG04663	0.36601583958981876	0.16665115193878421	0.14455269357477848
BG04664	0.5731751281816517	0.15842286910435996	0.1369152869770175
BG04665	0.5719991759750962	0.17410488572997157	0.14982008391914886
BG04666	0.5357592473905878	0.1659976663115567	0.14186028452978805
BG04667	0.5732638253067205	0.17487294469280498	0.14853760923861273
BG04668	0.5610865683940671	0.17607153844330453	0.15515671631539982
BG04669	0.5654041155466032	0.18515170973427852	0.15919584690776584
BG04670	0.5755470609778428	0.18972258942408965	0.16157330972756884
BG04671	0.5787887978392234	0.17877093279853132	0.15113262742747874
BG04672	0.5777330159311482	0.17858706728969162	0.1508175606720453
BG04673	0.5602024583409633	0.18475184728196245	0.1569293935342956
BG04674	0.5966312259659403	0.18577761240422702	0.15707025592826462
BG04675	0.6037184123786854	0.18540799300951447	0.15846163381348105
BG04676	0.5006924098150521	0.16126098619052284	0.13865615909556728
BG04677	0.5519164301409998	0.17318543669283373	0.15184902823641128
BG04678	0.5201542757736679	0.16659230483614634	0.14389728617005185
BG04679	0.6083220792895074	0.19625704345593714	0.1659821135460855
BG04680	0.6245364859915767	0.20309312144615072	0.17293821811456062
BG04681	0.5581881752426294	0.1684651801051745	0.14718289579977326
BG04682	0.5927829152169932	0.17048599819234095	0.15404467189524912
BG04683	0.5414101126167368	0.18554249298986758	0.158686302119805
BG04684	0.4894049853506685	0.17108852266605473	0.14234102647371866
BG04685	0.5654527559055118	0.19957337257947524	0.17004053907919472
BG04686	0.5671980864310564	0.16965632659132576	0.14733765960302403
BG04687	0.5492698223768542	0.16015834636285883	0.1417492188679965
BG04688	0.5921992309100894	0.1770026848554063	0.15468265593173897
BG04689	0.630974180553012	0.19468405236326441	0.16821550218489006
BG04690	0.5604342153451749	0.19789577747133627	0.1674220289819203
BG04691	0.600573956235122	0.18052837926388945	0.15803225955176353
BG04692	0.4686441356894342	0.18190512951924126	0.15781005393674816
BG04693	0.5201743041567478	0.16621097019638964	0.14488730146737314
BG04694	0.5741994369163155	0.18530946562941028	0.15904154122705166
BG04695	0.4800488692547151	0.15202309896456329	0.13279080400249071
BG04696	0.5061859091741441	0.1826416086435765	0.15741030973737521
BG04697	0.5893237273393152	0.18262416045906	0.16014027588930035
BG04698	0.6343761444790332	0.1723225722458836	0.1526617342520597
BG04699	0.5824539919428677	0.17780087064454783	0.15195874000120277
BG04700	0.5517905374473542	0.17513649579817536	0.1496286438507245
BG04701	0.5289267075627175	0.16669461023007118	0.15025089747686227
BG04702	0.5319137978392234	0.1761776724856382	0.1521916467371322
BG04703	0.5815927714704268	0.18400179544177636	0.16009985124750586
BG04704	0.525759361838491	0.16805304102558866	0.14354596798646863
BG04705	0.49627472074711565	0.17412954418954435	0.1422403198437808
BG04706	0.5561738921442959	0.16748456441855047	0.14226953309910623
BG04707	0.5980360739791248	0.1677427432978203	0.1452667382067384
BG04708	0.5679133858267715	0.1892638058552782	0.16085514737625217
BG04709	0.5642939708844534	0.17132712101226633	0.14232543734419584
BG04710	0.5357020234389307	0.16876765220943032	0.14895199772584622
BG04711	0.6222160547518771	0.19304172683118972	0.16765530571974652
BG04712	0.5517705090642739	0.17351195060475186	0.15148204993407627
BG04713	0.5434387017029849	0.16266871844421948	0.14040457995757638
BG04714	0.5439794680461453	0.17912307381275233	0.14778581135283603
BG04715	0.5887400430324115	0.18052707536214846	0.15572143677083683
BG04716	0.5931348425196848	0.19132543559938914	0.166103212831831
BG04717	0.5457934673136787	0.1731525545771658	0.15004146523683023
BG04718	0.5888716581212233	0.18691758503400174	0.15801325275449468
BG04719	0.6481871452114998	0.19843172648166985	0.17292550577651702
BG04720	0.6018758011353229	0.1748372536406682	0.15066927080343023
BG04721	0.5243630974180552	0.16537681956337497	0.1422365291373215
BG04722	0.4708100622596596	0.16792509674911785	0.14911263302814542
BG04723	0.595755699505585	0.1892865980648278	0.16487626101083244
BG04724	0.5898158533235671	0.17648304674663612	0.1535720836066772
BG04725	0.5192358313495697	0.19113153232800184	0.16410187313097596
BG04726	0.5520051272660684	0.1908639362765872	0.16718038849073608
BG04727	0.5581395348837208	0.17628894521611907	0.15299457927957788
BG04728	0.5197765976927302	0.17321240618755365	0.14669212988010255
BG04729	0.5678590230726974	0.17519704813908554	0.1510165127549564
BG04730	0.5907228529573338	0.17858947500413647	0.15478100909530873
BG04731	0.5640593526826589	0.16464735060581004	0.14645217986580375
BG04732	0.4405157022523349	0.1647575350537355	0.14197090996704506
BG04733	0.6371801181102363	0.1732903924797376	0.1535121352898569
BG04734	0.6342073338216442	0.1658332954279124	0.14805185627627854
BG04735	0.5922764832448268	0.18478084464694408	0.16077211316218692
BG04736	0.5361855658304342	0.15834205240014626	0.13196253913538805
BG04737	0.5052359915766342	0.17743341029348475	0.15493729907150905
BG04738	0.5583112067386926	0.16696832702970069	0.13992113988117644
BG04739	0.6534918055301226	0.17854525649219533	0.15595169055615077
BG04740	0.5349838628456326	0.1818955743217705	0.15832939195833942
BG04741	0.5377277513275956	0.17421432738886042	0.15279650592370697
BG04742	0.4787098287859365	0.1704685535151666	0.1425439351463738
BG04743	0.5560136650796558	0.18142997539654734	0.15080494005847034
BG04744	0.556231116095953	0.1895747430947605	0.16496994643176688
BG04745	0.49580262314594387	0.17676260322110665	0.15616922908646613
BG04746	0.5446661554660317	0.1714234920458009	0.14494660677173973
BG04747	0.5250812580113532	0.16989515531223492	0.1472540182190066
BG04748	0.5413900842336568	0.19240008004631032	0.16497201728763594
BG04749	0.5973951657205641	0.18010465334423326	0.15551269007263627
BG04750	0.5418764878227429	0.16813280600783898	0.14415512612182466
BG04751	0.5332757278886651	0.17222168375641358	0.1476911824809957
BG04752	0.5820276735030214	0.17633322920648203	0.14856300070907816
BG04753	0.480280626258927	0.1664146310199489	0.14485446380010977
BG04754	0.5906169886467678	0.177035365809285	0.15791826111504353
BG04755	0.6453373924189709	0.16502475848358622	0.14298743900363897
BG04756	0.6271687877678085	0.17093835755123607	0.1435298774754981
BG04757	0.5771722212049077	0.1842822701540431	0.15633668452891275
BG04758	0.5354216260758103	0.1626886060654414	0.14123265435761817
BG04759	0.5849146218641275	0.18019260892719785	0.15412287714298425
BG04760	0.5670235533785022	0.16219680533357206	0.13829321282581028
BG04761	0.497482146127083	0.15462416533330375	0.1317761423571154
BG04762	0.5610865683940671	0.1658742447116929	0.13807471019662762
BG04763	0.5923422907892328	0.18448056541112973	0.15819363255319463
BG04764	0.49626899835195026	0.17249220488392442	0.14512006512074235
BG04765	0.57949551364219	0.19646722532017244	0.16957884803577802
BG04766	0.5264975508148693	0.18731568142210928	0.15700885417550198
BG04767	0.5873895577733015	0.1819150787263944	0.15585900905678912
BG04768	0.6001819721662698	0.18460799921628818	0.15595877115905507
BG04769	0.5116708249404871	0.1650984444291556	0.13853201914399182
BG04770	0.5319109366416409	0.18338300138548908	0.15534734661643773
BG04771	0.5560136650796558	0.16034966755349708	0.13778876767616002
BG04772	0.6038185542940853	0.17240428059188542	0.14619176058430638
BG04773	0.5117623832631388	0.16696668487242844	0.13910244269827055
BG04774	0.5210069126533605	0.19673555879159169	0.17269315793571355
BG04775	0.5799132484892875	0.17284064465596055	0.15041843492801557
BG04776	0.5779504669474456	0.18111432281854484	0.1543329012543615
BG04777	0.6299241210401025	0.20091484122139627	0.1737053364539718
BG04778	0.5281656290056765	0.17675521696362873	0.15270363697276051
BG04779	0.47852385094305055	0.1961149514049568	0.16560038047819525
BG04780	0.4960286577549899	0.18170735891047743	0.1497532331599912
BG04781	0.6591283647683573	0.18938406342499284	0.16211327830888597
BG04782	0.5229725553927852	0.18680352563623104	0.15833120572653678
BG04783	0.596007484892877	0.17442057670512073	0.1548487373313674
BG04784	0.556231116095953	0.18411420704345635	0.16004269322816342
BG04785	0.596797175425746	0.18755691607700117	0.16068007473929288
BG04786	0.5852951611426479	0.1957474823468981	0.16648268908595518
BG04787	0.5417248443508513	0.16359336987318826	0.14812098944240343
BG04788	0.5509007049990848	0.1631635618885159	0.14497155753822388
BG04789	0.5215705685771835	0.18164177042439894	0.15760238928495612
BG04790	0.47856676890679356	0.1563039822946371	0.13491173018239988
BG04791	0.5748918467313682	0.18083569949807626	0.1631369059052449
BG04792	0.5507977018861014	0.18547401320946438	0.16423728541665422
BG04793	0.5873466398095588	0.19071070121338823	0.16192284127980175
BG04794	0.6014523438930598	0.17833487243509744	0.1506980810082774
BG04795	0.63927451474089	0.1862220431740858	0.16314186322754676
BG04796	0.550420023805164	0.18526389354469489	0.15895258198350865
BG04797	0.5154991073063541	0.17594387724511384	0.14595759548494386
BG04798	0.5432069446987731	0.1561115546481641	0.1369128079330543
BG04799	0.5933522935359823	0.17929183419429692	0.15819216393093805
BG04800	0.6309055118110237	0.17545451308290658	0.15558512129081378
BG04801	0.5880361884270282	0.1937866694279899	0.16855765685939142
BG04802	0.5319137978392234	0.17230330597724366	0.1476894740878803
BG04803	0.5342084783006774	0.16561762934132435	0.14278479962849552
BG04804	0.5404458890313129	0.167140532806897	0.1451493034481744
BG04805	0.6005739562351218	0.1875957341710485	0.16531558321202428
BG04806	0.5139311710309464	0.1738456536340015	0.14646358770362855
BG04807	0.557341260758103	0.18745867295497318	0.16344091478306016
BG04808	0.5968229262039919	0.1793204274270247	0.15332817846084654
BG04809	0.5159254257462005	0.1669271797056091	0.14268382830776968
BG04810	0.5835641366050169	0.18294379210755402	0.15639374640671425
BG04811	0.5239997253250321	0.16724780614995033	0.14152576354165516
BG04812	0.5918844991759751	0.19538164132313923	0.16938621278025218
BG04813	0.5284059696026369	0.16389445648154044	0.13684019506267564
BG04814	0.5741622413477383	0.19292151464464496	0.16344089046113883
BG04815	0.4632650842336567	0.16404496351043635	0.14672898326127132
BG04816	0.542800654642007	0.18057458026133355	0.1570896812086701
BG04817	0.5537619025819448	0.15628154062286942	0.1377523969195369
BG04818	0.6037184123786854	0.16818286751852857	0.1464663109976695
BG04819	0.6201874656656291	0.17341238855325075	0.15267403442701746
BG04820	0.5524571964841604	0.18810138629741907	0.1627139294053384
BG04821	0.556053721845816	0.18289105549608858	0.15708066269454915
BG04822	0.5649491851309284	0.1851004819346866	0.15458945081383563
BG04823	0.566574345357993	0.18749066553399157	0.1644910951220624
BG04824	0.5745456418238417	0.17522492168078485	0.14829587809460726
BG04825	0.5438135185863398	0.18521214669779557	0.15967101951388257
BG04826	0.5561738921442959	0.1850682056433966	0.1602381092385804
BG04827	0.5868115958615638	0.17029750330758203	0.15140549959222174
BG04828	0.5347835790148326	0.1589426874261002	0.13351365203134286
BG04829	0.5744197491301961	0.1764215511344768	0.15646698969695705
BG04830	0.5437992125984255	0.18820406684857255	0.16674535962718
BG04831	0.5313386971250686	0.1723094924994716	0.14184697738958746
BG04832	0.5354159036806445	0.15625641305343102	0.13666965947605975
BG04833	0.5957757278886651	0.17190637151384203	0.14743656194600047
BG04834	0.505244575169383	0.1739792106542711	0.15318853125861395
BG04835	0.4787155511811025	0.1723855421895684	0.150730074569282
BG04836	0.5950032045412929	0.18509046666257858	0.16206916242217137
BG04837	0.5163431605932979	0.19140477406610087	0.16413769851185772
BG04838	0.6131174464383813	0.1931890492264727	0.16664245758168947
BG04839	0.5899875251785387	0.18421266468518158	0.1575306737683681
BG04840	0.5505745284746383	0.17926308866582602	0.1579458984192404
BG04841	0.5765828145028384	0.15800878493402662	0.136989583735752
BG04842	0.5855755585057679	0.17667634932943949	0.15977707833970925
BG04843	0.5910661966672772	0.18040397531837174	0.15194617289098228
BG04844	0.5439079381065741	0.1652162732449856	0.14018232430269176
BG04845	0.5811464246475007	0.18362148734063413	0.1579703827672612
BG04846	0.5220598333638526	0.15980957399055182	0.135305451296745
BG04847	0.5354187648782276	0.172102512096868	0.14329118419447381
BG04848	0.4899715024720746	0.16671902877187778	0.14067469667667432
BG04849	0.5108868568027836	0.17141160469623082	0.1434786367574229
BG04850	0.5354702664347191	0.1654246657599321	0.1432213662376779
BG04851	0.5360110327778793	0.176194708816859	0.14647052978746583
BG04852	0.5037338628456327	0.1646196793909557	0.14253511091070323
BG04853	0.4476458066288224	0.1763625610771875	0.15052660450431055
BG04854	0.4468503937007876	0.1746006674415215	0.15032249601808817
BG04855	0.5722824345357993	0.16846447308221332	0.1453165426785651
BG04856	0.5205605658304342	0.16120710812118333	0.14085991049676458
BG04857	0.4642350302142465	0.17321297324797663	0.14866369247286243
BG04858	0.5417248443508516	0.1785534039346848	0.15793889599301686
BG04859	0.5480051730452298	0.17888849660034303	0.1552458512487474
BG04860	0.5309009338948911	0.16867485521729525	0.14647745349653932
BG04861	0.5395560565830435	0.16346641956584143	0.14206134127121048
BG04862	0.6041733427943601	0.19673839407816968	0.1760877104142792
BG04863	0.5143660730635415	0.1716395898448231	0.14217801086577286
BG04864	0.5735900018311664	0.1740707092301686	0.1483507456716092
BG04865	0.57671442959165	0.1728798088190261	0.15002706581522787
BG04866	0.588754349020326	0.17082296882067616	0.1463730850763711
BG04867	0.5907857993041568	0.16069825593491788	0.1415069534887566
BG04868	0.537825032045413	0.180630817833349	0.16029416766840732
BG04869	0.49626899835195026	0.1493096400163501	0.1299340402431277
BG04870	0.5363000137337484	0.15466984794812744	0.1348051298325305
BG04871	0.4813478529573336	0.16962899077257193	0.1504840907997951
BG04872	0.5832064869071598	0.1716030404513944	0.14754051333841506
BG04873	0.5064891961179271	0.18053409441723955	0.1574977085747345
BG04874	0.5497476423731917	0.17684465872940178	0.15754245601960443
BG04875	0.5176335607031679	0.18797474818282048	0.15924647815989776
BG04876	0.514606413660502	0.17023157166940242	0.14844417784012548
BG04877	0.5476875801135324	0.17095570776241992	0.14886302850264327
BG04878	0.5598934490020143	0.1624494636881968	0.13507179096245642
BG04879	0.4817283922358541	0.16936635637545702	0.14746411633944723
BG04880	0.5889946896172862	0.18638476561316025	0.16045888742738748
BG04881	0.6338525453213697	0.1841213619716664	0.15695379448137375
BG04882	0.5404115546603186	0.16498173970032978	0.14739635972621987
BG04883	0.4899715024720746	0.16178376659232493	0.13874355253830495
BG04884	0.6243590917414392	0.17798587102636804	0.14670256735274873
BG04885	0.549272683574437	0.18581977836371927	0.164621351542649
BG04886	0.47521344533968135	0.17358093280485018	0.15189807556245594
BG04887	0.50135048525911	0.1699036228478899	0.14408025151371817
BG04888	0.5785026780809375	0.17338024550454628	0.15513186861860434
BG04889	0.603778497527925	0.17498977196488902	0.15511057100502884
BG04890	0.5670550265519134	0.1739391875427299	0.14562627067325834
BG04891	0.5495044405786488	0.17429591891776286	0.14869240270142767
BG04892	0.6281787905145577	0.18440121426422632	0.16148897677162027
BG04893	0.5649291567478485	0.1797200991169772	0.1560606902701217
BG04894	0.6324333913202711	0.1941587178840321	0.16784562306958045
BG04895	0.5266148599157663	0.18953458216110575	0.16684225884409612
BG04896	0.5473957379600807	0.1863928093147577	0.15726378671478883
BG04897	0.6076897546236951	0.18575839504714756	0.15798527458996464
BG04898	0.5428979353598243	0.16628152430094387	0.14320848164575067
BG04899	0.4905952435451384	0.1528826205365556	0.13812357102679146
BG04900	0.580319538546054	0.18591607338276292	0.15828574152933136
BG04901	0.6056468595495331	0.1958498722127831	0.1714200835023584
BG04902	0.5297020921076727	0.18083742375538034	0.14585544859215688
BG04903	0.4762606436550083	0.16617453825839584	0.14530617212639452
BG04904	0.5718961728621131	0.18458101809800842	0.16116716567194816
BG04905	0.6080588491118843	0.17231769990518625	0.14452602030877584
BG04906	0.6692169474455232	0.17654522171271608	0.15273918219221394
BG04907	0.5444544268449003	0.16420946606612752	0.13730984090836143
BG04908	0.542042437282549	0.17218708719667414	0.14755135203592692
BG04909	0.5844596914484527	0.1796940651997592	0.14804504016814707
BG04910	0.5803595953122138	0.19139962689634288	0.16373459908027388
BG04911	0.5812065097967407	0.1792309915757806	0.1543741528845637
BG04912	0.5758503479216261	0.18608950621877016	0.1634876539272939
BG04913	0.5118539415857903	0.17082019668710255	0.1457545043681147
BG04914	0.6070316791796375	0.17023916506414563	0.1527867749031698
BG04915	0.5392441860465115	0.1674067391804695	0.1425187907016092
BG04916	0.5402971067570042	0.17505715929620272	0.1530859703529013
BG04917	0.5621480726973082	0.17869599111263712	0.15364813809706596
BG04918	0.5832465436733199	0.1707063591951536	0.1458826424365874
BG04919	0.5877071507049989	0.19717728642618024	0.16831574549348038
BG04920	0.620084462552646	0.19079133483912306	0.1669409498692259
BG04921	0.5762795275590551	0.17058627165072027	0.14720594682254687
BG04922	0.5923365683940671	0.17940398516804185	0.15185394552010115
BG04923	0.5210069126533605	0.19136959960130479	0.16422830933280486
BG04924	0.5924510162973814	0.18244053068769	0.15924801166479713
BG04925	0.6309970701336755	0.19612281040062804	0.16735187810742777
BG04926	0.6087112021607763	0.18935532589436702	0.16904440570104778
BG04927	0.5992692501373375	0.16957485686202362	0.1453577188514523
BG04928	0.5312299716169202	0.18304554415229515	0.15707648163121135
BG04929	0.5156822239516574	0.18081648057296462	0.15647699014329447
BG04930	0.5967857306354146	0.16903340740259026	0.1498723570007075
BG04931	0.5755699505585059	0.15983006709058248	0.1423542528737606
BG04932	0.6272860968687053	0.1995945673094482	0.1699353964404863
BG04933	0.5288008148690716	0.17729320482125493	0.14546048272762152
BG04934	0.5769776597692731	0.18373902009702356	0.16346701109216213
BG04935	0.6261730910089728	0.208617923456372	0.17647162330153443
BG04936	0.49914450192272497	0.17505823155060035	0.15385659530488585
BG04937	0.6119643838124886	0.17512572404194554	0.1499652322026261
BG04938	0.5717416681926388	0.19260365092799336	0.1647763703388899
BG04939	0.6870536531770737	0.18547211463928562	0.1640129266961244
BG04940	0.5505287493133129	0.14932759814659033	0.1281393400418422
BG04941	0.6077126442043581	0.1846881647620656	0.1630978380478088
BG04942	0.5966941723127632	0.18699492024494108	0.16563730462529697
BG04943	0.5765170069584326	0.18007303365725796	0.1621092782662696
BG04944	0.5769204358176159	0.17447830675671647	0.1490438616514603
BG04945	0.516729422266984	0.15685330496974909	0.13717633031652193
BG04946	0.5824368247573706	0.17698331707390494	0.1539479026271325
BG04947	0.5933894891045599	0.18120825403787427	0.15118802553451083
BG04948	0.641506248855521	0.17699356350871565	0.15368703357696487
BG04949	0.584820202343893	0.1931638369829607	0.16722094873340101
BG04950	0.5163975233473721	0.1723868422311235	0.1521671015075842
BG04951	0.6007627952755906	0.1861371887446071	0.15903140693879675
BG04952	0.5995210355246291	0.19057899225672253	0.16886934259248826
BG04953	0.5230011673686139	0.16031881846238233	0.13760257437395584
BG04954	0.4826640038454496	0.16458142090059724	0.1445168373168836
BG04955	0.5757587895989745	0.18457887149782864	0.16024569481585133
BG04956	0.544208363852774	0.1829908701911609	0.1551277972799129
BG04957	0.6170115363486539	0.20150482429819944	0.1742370455689914
BG04958	0.6608536669108219	0.19212454613380076	0.1702416206003336
BG04959	0.5885426203991944	0.17496491652058555	0.15446690325407708
BG04960	0.5084119208936094	0.17441436769937435	0.14781325356461164
BG04961	0.6049458661417325	0.18466532787520218	0.15457194127171797
BG04962	0.4867354880058597	0.16745358253029224	0.14365172525359032
BG04963	0.5918844991759751	0.17476212602753574	0.14751328209787784
BG04964	0.484106047427211	0.16721227826150653	0.14631432256276475
BG04965	0.5653755035707746	0.19111025919732869	0.16339800690014727
BG04966	0.5311727476652628	0.1822329582847532	0.15547257132694337
BG04967	0.5165319996337667	0.1692257443712863	0.14934499038883026
BG04968	0.5904968183482879	0.17225698630899616	0.14748634060226024
BG04969	0.5336162104010254	0.16412683391332838	0.14114423899076953
BG04970	0.5625944195202345	0.18699041439853598	0.16156652554600343
BG04971	0.539913706280901	0.1831420172998514	0.1562178264363351
BG04972	0.4657915216993225	0.17061584878314648	0.143588491216233
BG04973	0.4316488509430506	0.18526516039551763	0.15484845607811898
BG04974	0.6029144158579015	0.17198597881554428	0.1493171800916438
BG04975	0.5948372550814871	0.18639350869574417	0.1639688507162837
BG04976	0.5221456692913384	0.17179113232129245	0.15089072289591723
BG04977	0.5770320225233474	0.182293583516573	0.1561975504991421
BG04978	0.5053218275041202	0.17180843100329718	0.1484019853381484
BG04979	0.5749404870902765	0.18093077334444513	0.15046037666279993
BG04980	0.6261959805896355	0.1888406576129115	0.16297375933930297
BG04981	0.5633440532869437	0.17126117537507843	0.15051011509533613
BG04982	0.5121600897271561	0.17572146971421604	0.15292414331143958
BG04983	0.5543255585057681	0.170245961839038	0.15113284846770167
BG04984	0.6189542895074162	0.17172216953624173	0.15028537460620855
BG04985	0.5212815876213148	0.17655350250962537	0.1487231335654305
BG04986	0.5156908075444058	0.17400720099760975	0.1519675832237894
BG04987	0.6188341192089364	0.18525546113118596	0.1612402387525826
BG04988	0.48818611518037003	0.1744304957304077	0.147187371069047
BG04989	0.525250068668742	0.1679880781928796	0.14573322461349916
BG04990	0.5365432155282917	0.17998705312964028	0.15472762207671448
BG04991	0.5690149468961729	0.17600248727639484	0.15041500578280984
BG04992	0.578491233290606	0.18696094459898532	0.1641454890303306
BG04993	0.6067455594213513	0.18495634212024897	0.15597633457995022
BG04994	0.4697256683757553	0.17166697111926815	0.14760768655108822
BG04995	0.6138155786485993	0.16644890207235244	0.14548009113080831
BG04996	0.5094305072331077	0.1690263790281801	0.14720475115009163
BG04997	0.5732781312946348	0.18893411683673023	0.16225261692738466
BG04998	0.6486563816150888	0.18477558145016143	0.16254992101523674
BG04999	0.44620662424464375	0.17239613263823741	0.1466472670335785
BG05000	0.49497859824208046	0.16735472836208543	0.14499577229951566
