target	k	subset	n_cpgs	colonomics_internal_auc	external_auc
CMCBSN	1	EYA4	12	0.954602	0.902536
CMCBSN	1	ZNF568	6	0.967326	0.899142
CMCBSN	1	ZNF793	5	0.884405	0.809030
CMCBSN	1	SFMBT2	6	0.983170	0.933170
CMCBSN	1	ADHFE1	5	0.980417	0.942125
CMCBSN	1	HOXA2	6	0.972578	0.948817
CMCBSN	1	BEND5	4	0.925868	0.921293
CMCBSN	1	UNC5C	4	0.975195	0.899991
CMCBSN	1	RALYL	2	0.936224	0.843058
CMCBSN	1	GFRA1	6	0.971586	0.894052
CMCBSN	2	EYA4+ZNF568	18	0.971497	0.928740
CMCBSN	2	EYA4+ZNF793	17	0.960952	0.943256
CMCBSN	2	EYA4+SFMBT2	18	0.981150	0.941182
CMCBSN	2	EYA4+ADHFE1	17	0.980937	0.951551
CMCBSN	2	EYA4+HOXA2	18	0.974628	0.962485
CMCBSN	2	EYA4+BEND5	16	0.960616	0.899708
CMCBSN	2	EYA4+UNC5C	16	0.970646	0.918560
CMCBSN	2	EYA4+RALYL	14	0.958164	0.922424
CMCBSN	2	EYA4+GFRA1	18	0.970073	0.921953
CMCBSN	2	ZNF568+ZNF793	11	0.977481	0.919125
CMCBSN	2	ZNF568+SFMBT2	12	0.981321	0.934867
CMCBSN	2	ZNF568+ADHFE1	11	0.980984	0.945141
CMCBSN	2	ZNF568+HOXA2	12	0.974628	0.959940
CMCBSN	2	ZNF568+BEND5	10	0.974380	0.922424
CMCBSN	2	ZNF568+UNC5C	10	0.979005	0.916580
CMCBSN	2	ZNF568+RALYL	8	0.972454	0.920351
CMCBSN	2	ZNF568+GFRA1	12	0.974138	0.920068
CMCBSN	2	ZNF793+SFMBT2	11	0.981480	0.946932
CMCBSN	2	ZNF793+ADHFE1	10	0.978869	0.956075
CMCBSN	2	ZNF793+HOXA2	11	0.973700	0.960505
CMCBSN	2	ZNF793+BEND5	9	0.954070	0.943821
CMCBSN	2	ZNF793+UNC5C	9	0.976873	0.935526
CMCBSN	2	ZNF793+RALYL	7	0.966458	0.920351
CMCBSN	2	ZNF793+GFRA1	11	0.973133	0.928645
CMCBSN	2	SFMBT2+ADHFE1	11	0.981923	0.945518
CMCBSN	2	SFMBT2+HOXA2	12	0.976489	0.953247
CMCBSN	2	SFMBT2+BEND5	10	0.980718	0.947026
CMCBSN	2	SFMBT2+UNC5C	10	0.981817	0.925346
CMCBSN	2	SFMBT2+RALYL	8	0.980689	0.927137
CMCBSN	2	SFMBT2+GFRA1	12	0.982928	0.921765
CMCBSN	2	ADHFE1+HOXA2	11	0.977404	0.950891
CMCBSN	2	ADHFE1+BEND5	9	0.978828	0.953813
CMCBSN	2	ADHFE1+UNC5C	9	0.978793	0.938920
CMCBSN	2	ADHFE1+RALYL	7	0.979879	0.940428
CMCBSN	2	ADHFE1+GFRA1	11	0.982047	0.939674
CMCBSN	2	HOXA2+BEND5	10	0.973494	0.962767
CMCBSN	2	HOXA2+UNC5C	10	0.975024	0.952493
CMCBSN	2	HOXA2+RALYL	8	0.974888	0.952776
CMCBSN	2	HOXA2+GFRA1	12	0.976713	0.960317
CMCBSN	2	BEND5+UNC5C	8	0.976128	0.929117
CMCBSN	2	BEND5+RALYL	6	0.965655	0.932510
CMCBSN	2	BEND5+GFRA1	10	0.979596	0.929965
CMCBSN	2	UNC5C+RALYL	6	0.970315	0.901027
CMCBSN	2	UNC5C+GFRA1	10	0.978728	0.911207
CMCBSN	2	RALYL+GFRA1	8	0.970280	0.894335
CMCBSN	3	EYA4+ZNF568+ZNF793	23	0.971432	0.947403
CMCBSN	3	EYA4+ZNF568+SFMBT2	24	0.981374	0.943161
CMCBSN	3	EYA4+ZNF568+ADHFE1	23	0.981652	0.950985
CMCBSN	3	EYA4+ZNF568+HOXA2	24	0.976471	0.965407
CMCBSN	3	EYA4+ZNF568+BEND5	22	0.970699	0.870487
CMCBSN	3	EYA4+ZNF568+UNC5C	22	0.977794	0.932133
CMCBSN	3	EYA4+ZNF568+RALYL	20	0.970528	0.928080
CMCBSN	3	EYA4+ZNF568+GFRA1	24	0.975289	0.933641
CMCBSN	3	EYA4+ZNF793+SFMBT2	23	0.980766	0.949665
CMCBSN	3	EYA4+ZNF793+ADHFE1	22	0.980943	0.956264
CMCBSN	3	EYA4+ZNF793+HOXA2	23	0.975177	0.966161
CMCBSN	3	EYA4+ZNF793+BEND5	21	0.960356	0.946461
CMCBSN	3	EYA4+ZNF793+UNC5C	21	0.974008	0.935809
CMCBSN	3	EYA4+ZNF793+RALYL	19	0.966239	0.943161
CMCBSN	3	EYA4+ZNF793+GFRA1	23	0.971840	0.936846
CMCBSN	3	EYA4+SFMBT2+ADHFE1	23	0.981717	0.951551
CMCBSN	3	EYA4+SFMBT2+HOXA2	24	0.976205	0.911396
CMCBSN	3	EYA4+SFMBT2+BEND5	22	0.980323	0.945141
CMCBSN	3	EYA4+SFMBT2+UNC5C	22	0.981108	0.936658
CMCBSN	3	EYA4+SFMBT2+RALYL	20	0.980411	0.938731
CMCBSN	3	EYA4+SFMBT2+GFRA1	24	0.981764	0.936846
CMCBSN	3	EYA4+ADHFE1+HOXA2	23	0.976914	0.965784
CMCBSN	3	EYA4+ADHFE1+BEND5	21	0.980393	0.954190
CMCBSN	3	EYA4+ADHFE1+UNC5C	21	0.979785	0.947497
CMCBSN	3	EYA4+ADHFE1+RALYL	19	0.980305	0.949571
CMCBSN	3	EYA4+ADHFE1+GFRA1	23	0.981132	0.946461
CMCBSN	3	EYA4+HOXA2+BEND5	22	0.974149	0.965595
CMCBSN	3	EYA4+HOXA2+UNC5C	22	0.975106	0.958997
CMCBSN	3	EYA4+HOXA2+RALYL	20	0.975378	0.961165
CMCBSN	3	EYA4+HOXA2+GFRA1	24	0.976495	0.961731
CMCBSN	3	EYA4+BEND5+UNC5C	20	0.973860	0.932604
CMCBSN	3	EYA4+BEND5+RALYL	18	0.966511	0.936186
CMCBSN	3	EYA4+BEND5+GFRA1	22	0.972147	0.921953
CMCBSN	3	EYA4+UNC5C+RALYL	18	0.969217	0.919125
CMCBSN	3	EYA4+UNC5C+GFRA1	22	0.976985	0.923461
CMCBSN	3	EYA4+RALYL+GFRA1	20	0.968537	0.922236
CMCBSN	3	ZNF568+ZNF793+SFMBT2	17	0.981297	0.946555
CMCBSN	3	ZNF568+ZNF793+ADHFE1	16	0.980476	0.954001
CMCBSN	3	ZNF568+ZNF793+HOXA2	17	0.974876	0.965124
CMCBSN	3	ZNF568+ZNF793+BEND5	15	0.976187	0.939203
CMCBSN	3	ZNF568+ZNF793+UNC5C	15	0.978899	0.934772
CMCBSN	3	ZNF568+ZNF793+RALYL	13	0.974415	0.939108
CMCBSN	3	ZNF568+ZNF793+GFRA1	17	0.975018	0.932981
CMCBSN	3	ZNF568+SFMBT2+ADHFE1	17	0.981953	0.946084
CMCBSN	3	ZNF568+SFMBT2+HOXA2	18	0.976288	0.950325
CMCBSN	3	ZNF568+SFMBT2+BEND5	16	0.980423	0.941088
CMCBSN	3	ZNF568+SFMBT2+UNC5C	16	0.981203	0.928551
CMCBSN	3	ZNF568+SFMBT2+RALYL	14	0.980512	0.933170
CMCBSN	3	ZNF568+SFMBT2+GFRA1	18	0.982101	0.931379
CMCBSN	3	ZNF568+ADHFE1+HOXA2	17	0.976778	0.963804
CMCBSN	3	ZNF568+ADHFE1+BEND5	15	0.980299	0.952022
CMCBSN	3	ZNF568+ADHFE1+UNC5C	15	0.980086	0.939108
CMCBSN	3	ZNF568+ADHFE1+RALYL	13	0.980736	0.943633
CMCBSN	3	ZNF568+ADHFE1+GFRA1	17	0.981935	0.939014
CMCBSN	3	ZNF568+HOXA2+BEND5	16	0.974492	0.963522
CMCBSN	3	ZNF568+HOXA2+UNC5C	16	0.974628	0.959374
CMCBSN	3	ZNF568+HOXA2+RALYL	14	0.974823	0.960317
CMCBSN	3	ZNF568+HOXA2+GFRA1	18	0.976944	0.962108
CMCBSN	3	ZNF568+BEND5+UNC5C	14	0.978190	0.929117
CMCBSN	3	ZNF568+BEND5+RALYL	12	0.973263	0.934395
CMCBSN	3	ZNF568+BEND5+GFRA1	16	0.979939	0.934867
CMCBSN	3	ZNF568+UNC5C+RALYL	12	0.978113	0.921388
CMCBSN	3	ZNF568+UNC5C+GFRA1	16	0.979224	0.922990
CMCBSN	3	ZNF568+RALYL+GFRA1	14	0.973647	0.921105
CMCBSN	3	ZNF793+SFMBT2+ADHFE1	16	0.981043	0.953530
CMCBSN	3	ZNF793+SFMBT2+HOXA2	17	0.976199	0.963333
CMCBSN	3	ZNF793+SFMBT2+BEND5	15	0.980074	0.955415
CMCBSN	3	ZNF793+SFMBT2+UNC5C	15	0.981155	0.942596
CMCBSN	3	ZNF793+SFMBT2+RALYL	13	0.980004	0.941559
CMCBSN	3	ZNF793+SFMBT2+GFRA1	17	0.982603	0.939674
CMCBSN	3	ZNF793+ADHFE1+HOXA2	16	0.976111	0.966444
CMCBSN	3	ZNF793+ADHFE1+BEND5	14	0.977824	0.958243
CMCBSN	3	ZNF793+ADHFE1+UNC5C	14	0.978733	0.948629
CMCBSN	3	ZNF793+ADHFE1+RALYL	12	0.979442	0.951456
CMCBSN	3	ZNF793+ADHFE1+GFRA1	16	0.981788	0.948251
CMCBSN	3	ZNF793+HOXA2+BEND5	15	0.973299	0.967386
CMCBSN	3	ZNF793+HOXA2+UNC5C	15	0.974067	0.960505
CMCBSN	3	ZNF793+HOXA2+RALYL	13	0.974332	0.961071
CMCBSN	3	ZNF793+HOXA2+GFRA1	17	0.976394	0.963804
CMCBSN	3	ZNF793+BEND5+UNC5C	13	0.977073	0.945801
CMCBSN	3	ZNF793+BEND5+RALYL	11	0.967190	0.953247
CMCBSN	3	ZNF793+BEND5+GFRA1	15	0.979436	0.945518
CMCBSN	3	ZNF793+UNC5C+RALYL	11	0.977416	0.929777
CMCBSN	3	ZNF793+UNC5C+GFRA1	15	0.979171	0.928551
CMCBSN	3	ZNF793+RALYL+GFRA1	13	0.973240	0.927043
CMCBSN	3	SFMBT2+ADHFE1+HOXA2	17	0.977026	0.956923
CMCBSN	3	SFMBT2+ADHFE1+BEND5	15	0.980831	0.951833
CMCBSN	3	SFMBT2+ADHFE1+UNC5C	15	0.980961	0.940145
CMCBSN	3	SFMBT2+ADHFE1+RALYL	13	0.981415	0.942125
CMCBSN	3	SFMBT2+ADHFE1+GFRA1	17	0.982786	0.940522
CMCBSN	3	SFMBT2+HOXA2+BEND5	16	0.975349	0.946932
CMCBSN	3	SFMBT2+HOXA2+UNC5C	16	0.976181	0.958337
CMCBSN	3	SFMBT2+HOXA2+RALYL	14	0.976246	0.952870
CMCBSN	3	SFMBT2+HOXA2+GFRA1	18	0.977345	0.959468
CMCBSN	3	SFMBT2+BEND5+UNC5C	14	0.980966	0.937600
CMCBSN	3	SFMBT2+BEND5+RALYL	12	0.979253	0.941465
CMCBSN	3	SFMBT2+BEND5+GFRA1	16	0.981876	0.937600
CMCBSN	3	SFMBT2+UNC5C+RALYL	12	0.980618	0.921670
CMCBSN	3	SFMBT2+UNC5C+GFRA1	16	0.982449	0.922896
CMCBSN	3	SFMBT2+RALYL+GFRA1	14	0.981658	0.919314
CMCBSN	3	ADHFE1+HOXA2+BEND5	15	0.975786	0.954284
CMCBSN	3	ADHFE1+HOXA2+UNC5C	15	0.976766	0.960977
CMCBSN	3	ADHFE1+HOXA2+RALYL	13	0.976790	0.961636
CMCBSN	3	ADHFE1+HOXA2+GFRA1	17	0.977558	0.963239
CMCBSN	3	ADHFE1+BEND5+UNC5C	13	0.978066	0.947026
CMCBSN	3	ADHFE1+BEND5+RALYL	11	0.979815	0.950137
CMCBSN	3	ADHFE1+BEND5+GFRA1	15	0.980878	0.946932
CMCBSN	3	ADHFE1+UNC5C+RALYL	11	0.978320	0.936469
CMCBSN	3	ADHFE1+UNC5C+GFRA1	15	0.980624	0.935338
CMCBSN	3	ADHFE1+RALYL+GFRA1	13	0.981593	0.936846
CMCBSN	3	HOXA2+BEND5+UNC5C	14	0.974315	0.961071
CMCBSN	3	HOXA2+BEND5+RALYL	12	0.973913	0.961636
CMCBSN	3	HOXA2+BEND5+GFRA1	16	0.975786	0.961259
CMCBSN	3	HOXA2+UNC5C+RALYL	12	0.974941	0.953153
CMCBSN	3	HOXA2+UNC5C+GFRA1	16	0.976229	0.956829
CMCBSN	3	HOXA2+RALYL+GFRA1	14	0.976577	0.960317
CMCBSN	3	BEND5+UNC5C+RALYL	10	0.978084	0.933358
CMCBSN	3	BEND5+UNC5C+GFRA1	14	0.980263	0.926195
CMCBSN	3	BEND5+RALYL+GFRA1	12	0.977771	0.929494
CMCBSN	3	UNC5C+RALYL+GFRA1	12	0.977540	0.911396
CMCBSN	4	EYA4+ZNF568+ZNF793+SFMBT2	29	0.981144	0.948629
CMCBSN	4	EYA4+ZNF568+ZNF793+ADHFE1	28	0.981469	0.954190
CMCBSN	4	EYA4+ZNF568+ZNF793+HOXA2	29	0.976471	0.966538
CMCBSN	4	EYA4+ZNF568+ZNF793+BEND5	27	0.970404	0.888962
CMCBSN	4	EYA4+ZNF568+ZNF793+UNC5C	27	0.977658	0.942502
CMCBSN	4	EYA4+ZNF568+ZNF793+RALYL	25	0.970664	0.945141
CMCBSN	4	EYA4+ZNF568+ZNF793+GFRA1	29	0.974811	0.942219
CMCBSN	4	EYA4+ZNF568+SFMBT2+ADHFE1	29	0.982207	0.950891
CMCBSN	4	EYA4+ZNF568+SFMBT2+HOXA2	30	0.976997	0.964464
CMCBSN	4	EYA4+ZNF568+SFMBT2+BEND5	28	0.980582	0.945047
CMCBSN	4	EYA4+ZNF568+SFMBT2+UNC5C	28	0.981220	0.938826
CMCBSN	4	EYA4+ZNF568+SFMBT2+RALYL	26	0.980340	0.941371
CMCBSN	4	EYA4+ZNF568+SFMBT2+GFRA1	30	0.981581	0.940805
CMCBSN	4	EYA4+ZNF568+ADHFE1+HOXA2	29	0.977398	0.964841
CMCBSN	4	EYA4+ZNF568+ADHFE1+BEND5	27	0.980919	0.952964
CMCBSN	4	EYA4+ZNF568+ADHFE1+UNC5C	27	0.980529	0.947026
CMCBSN	4	EYA4+ZNF568+ADHFE1+RALYL	25	0.981108	0.949477
CMCBSN	4	EYA4+ZNF568+ADHFE1+GFRA1	29	0.981752	0.946366
CMCBSN	4	EYA4+ZNF568+HOXA2+BEND5	28	0.976004	0.965501
CMCBSN	4	EYA4+ZNF568+HOXA2+UNC5C	28	0.975756	0.962485
CMCBSN	4	EYA4+ZNF568+HOXA2+RALYL	26	0.976483	0.965124
CMCBSN	4	EYA4+ZNF568+HOXA2+GFRA1	30	0.977221	0.962956
CMCBSN	4	EYA4+ZNF568+BEND5+UNC5C	26	0.977641	0.935526
CMCBSN	4	EYA4+ZNF568+BEND5+RALYL	24	0.970032	0.942407
CMCBSN	4	EYA4+ZNF568+BEND5+GFRA1	28	0.974415	0.930248
CMCBSN	4	EYA4+ZNF568+UNC5C+RALYL	24	0.976884	0.932133
CMCBSN	4	EYA4+ZNF568+UNC5C+GFRA1	28	0.979289	0.932322
CMCBSN	4	EYA4+ZNF568+RALYL+GFRA1	26	0.974008	0.933736
CMCBSN	4	EYA4+ZNF793+SFMBT2+ADHFE1	28	0.981935	0.955604
CMCBSN	4	EYA4+ZNF793+SFMBT2+HOXA2	29	0.976577	0.964747
CMCBSN	4	EYA4+ZNF793+SFMBT2+BEND5	27	0.979436	0.952493
CMCBSN	4	EYA4+ZNF793+SFMBT2+UNC5C	27	0.981096	0.945706
CMCBSN	4	EYA4+ZNF793+SFMBT2+RALYL	25	0.980222	0.947497
CMCBSN	4	EYA4+ZNF793+SFMBT2+GFRA1	29	0.981610	0.945235
CMCBSN	4	EYA4+ZNF793+ADHFE1+HOXA2	28	0.977127	0.967857
CMCBSN	4	EYA4+ZNF793+ADHFE1+BEND5	26	0.980441	0.957866
CMCBSN	4	EYA4+ZNF793+ADHFE1+UNC5C	26	0.979791	0.952682
CMCBSN	4	EYA4+ZNF793+ADHFE1+RALYL	24	0.980429	0.954567
CMCBSN	4	EYA4+ZNF793+ADHFE1+GFRA1	28	0.981557	0.952116
CMCBSN	4	EYA4+ZNF793+HOXA2+BEND5	27	0.974179	0.967575
CMCBSN	4	EYA4+ZNF793+HOXA2+UNC5C	27	0.975272	0.963616
CMCBSN	4	EYA4+ZNF793+HOXA2+RALYL	25	0.975750	0.965501
CMCBSN	4	EYA4+ZNF793+HOXA2+GFRA1	29	0.976465	0.964464
CMCBSN	4	EYA4+ZNF793+BEND5+UNC5C	25	0.972572	0.938920
CMCBSN	4	EYA4+ZNF793+BEND5+RALYL	23	0.965330	0.947403
CMCBSN	4	EYA4+ZNF793+BEND5+GFRA1	27	0.971349	0.933358
CMCBSN	4	EYA4+ZNF793+UNC5C+RALYL	23	0.975284	0.935809
CMCBSN	4	EYA4+ZNF793+UNC5C+GFRA1	27	0.979147	0.935149
CMCBSN	4	EYA4+ZNF793+RALYL+GFRA1	25	0.972749	0.935809
CMCBSN	4	EYA4+SFMBT2+ADHFE1+HOXA2	29	0.977085	0.965124
CMCBSN	4	EYA4+SFMBT2+ADHFE1+BEND5	27	0.981161	0.953719
CMCBSN	4	EYA4+SFMBT2+ADHFE1+UNC5C	27	0.980642	0.946838
CMCBSN	4	EYA4+SFMBT2+ADHFE1+RALYL	25	0.981327	0.949288
CMCBSN	4	EYA4+SFMBT2+ADHFE1+GFRA1	29	0.981652	0.947026
CMCBSN	4	EYA4+SFMBT2+HOXA2+BEND5	28	0.975650	0.964747
CMCBSN	4	EYA4+SFMBT2+HOXA2+UNC5C	28	0.976116	0.960317
CMCBSN	4	EYA4+SFMBT2+HOXA2+RALYL	26	0.976376	0.961259
CMCBSN	4	EYA4+SFMBT2+HOXA2+GFRA1	30	0.977268	0.940428
CMCBSN	4	EYA4+SFMBT2+BEND5+UNC5C	26	0.980606	0.941559
CMCBSN	4	EYA4+SFMBT2+BEND5+RALYL	24	0.979815	0.943633
CMCBSN	4	EYA4+SFMBT2+BEND5+GFRA1	28	0.981315	0.941936
CMCBSN	4	EYA4+SFMBT2+UNC5C+RALYL	24	0.980340	0.936752
CMCBSN	4	EYA4+SFMBT2+UNC5C+GFRA1	28	0.981622	0.933264
CMCBSN	4	EYA4+SFMBT2+RALYL+GFRA1	26	0.980766	0.934678
CMCBSN	4	EYA4+ADHFE1+HOXA2+BEND5	27	0.976199	0.966632
CMCBSN	4	EYA4+ADHFE1+HOXA2+UNC5C	27	0.976075	0.963899
CMCBSN	4	EYA4+ADHFE1+HOXA2+RALYL	25	0.976719	0.965312
CMCBSN	4	EYA4+ADHFE1+HOXA2+GFRA1	29	0.977434	0.964653
CMCBSN	4	EYA4+ADHFE1+BEND5+UNC5C	25	0.979283	0.949948
CMCBSN	4	EYA4+ADHFE1+BEND5+RALYL	23	0.980145	0.952964
CMCBSN	4	EYA4+ADHFE1+BEND5+GFRA1	27	0.981144	0.950891
CMCBSN	4	EYA4+ADHFE1+UNC5C+RALYL	23	0.979401	0.944670
CMCBSN	4	EYA4+ADHFE1+UNC5C+GFRA1	27	0.980175	0.942502
CMCBSN	4	EYA4+ADHFE1+RALYL+GFRA1	25	0.980712	0.944387
CMCBSN	4	EYA4+HOXA2+BEND5+UNC5C	26	0.974344	0.963239
CMCBSN	4	EYA4+HOXA2+BEND5+RALYL	24	0.974693	0.964276
CMCBSN	4	EYA4+HOXA2+BEND5+GFRA1	28	0.975987	0.962673
CMCBSN	4	EYA4+HOXA2+UNC5C+RALYL	24	0.975183	0.958809
CMCBSN	4	EYA4+HOXA2+UNC5C+GFRA1	28	0.975963	0.959091
CMCBSN	4	EYA4+HOXA2+RALYL+GFRA1	26	0.976619	0.960599
CMCBSN	4	EYA4+BEND5+UNC5C+RALYL	22	0.974752	0.934490
CMCBSN	4	EYA4+BEND5+UNC5C+GFRA1	26	0.978450	0.930059
CMCBSN	4	EYA4+BEND5+RALYL+GFRA1	24	0.971958	0.921482
CMCBSN	4	EYA4+UNC5C+RALYL+GFRA1	24	0.974740	0.920256
CMCBSN	4	ZNF568+ZNF793+SFMBT2+ADHFE1	22	0.981811	0.952305
CMCBSN	4	ZNF568+ZNF793+SFMBT2+HOXA2	23	0.975668	0.965124
CMCBSN	4	ZNF568+ZNF793+SFMBT2+BEND5	21	0.980311	0.949100
CMCBSN	4	ZNF568+ZNF793+SFMBT2+UNC5C	21	0.980848	0.939957
CMCBSN	4	ZNF568+ZNF793+SFMBT2+RALYL	19	0.980506	0.945047
CMCBSN	4	ZNF568+ZNF793+SFMBT2+GFRA1	23	0.982118	0.941371
CMCBSN	4	ZNF568+ZNF793+ADHFE1+HOXA2	22	0.976766	0.966538
CMCBSN	4	ZNF568+ZNF793+ADHFE1+BEND5	20	0.979413	0.956829
CMCBSN	4	ZNF568+ZNF793+ADHFE1+UNC5C	20	0.980086	0.948723
CMCBSN	4	ZNF568+ZNF793+ADHFE1+RALYL	18	0.980671	0.951833
CMCBSN	4	ZNF568+ZNF793+ADHFE1+GFRA1	22	0.981740	0.947309
CMCBSN	4	ZNF568+ZNF793+HOXA2+BEND5	21	0.974575	0.967009
CMCBSN	4	ZNF568+ZNF793+HOXA2+UNC5C	21	0.974911	0.963050
CMCBSN	4	ZNF568+ZNF793+HOXA2+RALYL	19	0.974882	0.964276
CMCBSN	4	ZNF568+ZNF793+HOXA2+GFRA1	23	0.976418	0.964841
CMCBSN	4	ZNF568+ZNF793+BEND5+UNC5C	19	0.978255	0.941371
CMCBSN	4	ZNF568+ZNF793+BEND5+RALYL	17	0.973907	0.947309
CMCBSN	4	ZNF568+ZNF793+BEND5+GFRA1	21	0.979874	0.944858
CMCBSN	4	ZNF568+ZNF793+UNC5C+RALYL	17	0.978586	0.935715
CMCBSN	4	ZNF568+ZNF793+UNC5C+GFRA1	21	0.979271	0.932039
CMCBSN	4	ZNF568+ZNF793+RALYL+GFRA1	19	0.975089	0.934207
CMCBSN	4	ZNF568+SFMBT2+ADHFE1+HOXA2	23	0.977227	0.963522
CMCBSN	4	ZNF568+SFMBT2+ADHFE1+BEND5	21	0.980801	0.950702
CMCBSN	4	ZNF568+SFMBT2+ADHFE1+UNC5C	21	0.981215	0.940805
CMCBSN	4	ZNF568+SFMBT2+ADHFE1+RALYL	19	0.981209	0.943633
CMCBSN	4	ZNF568+SFMBT2+ADHFE1+GFRA1	23	0.982869	0.941559
CMCBSN	4	ZNF568+SFMBT2+HOXA2+BEND5	22	0.975414	0.947120
CMCBSN	4	ZNF568+SFMBT2+HOXA2+UNC5C	22	0.975981	0.960411
CMCBSN	4	ZNF568+SFMBT2+HOXA2+RALYL	20	0.976530	0.962013
CMCBSN	4	ZNF568+SFMBT2+HOXA2+GFRA1	24	0.977056	0.959563
CMCBSN	4	ZNF568+SFMBT2+BEND5+UNC5C	20	0.980777	0.936281
CMCBSN	4	ZNF568+SFMBT2+BEND5+RALYL	18	0.979519	0.940993
CMCBSN	4	ZNF568+SFMBT2+BEND5+GFRA1	22	0.981734	0.939014
CMCBSN	4	ZNF568+SFMBT2+UNC5C+RALYL	18	0.980559	0.927703
CMCBSN	4	ZNF568+SFMBT2+UNC5C+GFRA1	22	0.981575	0.927609
CMCBSN	4	ZNF568+SFMBT2+RALYL+GFRA1	20	0.981179	0.929305
CMCBSN	4	ZNF568+ADHFE1+HOXA2+BEND5	21	0.975987	0.964558
CMCBSN	4	ZNF568+ADHFE1+HOXA2+UNC5C	21	0.976495	0.961919
CMCBSN	4	ZNF568+ADHFE1+HOXA2+RALYL	19	0.976424	0.962956
CMCBSN	4	ZNF568+ADHFE1+HOXA2+GFRA1	23	0.977446	0.963616
CMCBSN	4	ZNF568+ADHFE1+BEND5+UNC5C	19	0.979584	0.945518
CMCBSN	4	ZNF568+ADHFE1+BEND5+RALYL	17	0.980299	0.950042
CMCBSN	4	ZNF568+ADHFE1+BEND5+GFRA1	21	0.981067	0.945518
CMCBSN	4	ZNF568+ADHFE1+UNC5C+RALYL	17	0.979986	0.937694
CMCBSN	4	ZNF568+ADHFE1+UNC5C+GFRA1	21	0.980966	0.935526
CMCBSN	4	ZNF568+ADHFE1+RALYL+GFRA1	19	0.981209	0.937694
CMCBSN	4	ZNF568+HOXA2+BEND5+UNC5C	20	0.974362	0.962202
CMCBSN	4	ZNF568+HOXA2+BEND5+RALYL	18	0.974681	0.963144
CMCBSN	4	ZNF568+HOXA2+BEND5+GFRA1	22	0.976264	0.964653
CMCBSN	4	ZNF568+HOXA2+UNC5C+RALYL	18	0.974610	0.958809
CMCBSN	4	ZNF568+HOXA2+UNC5C+GFRA1	22	0.976435	0.958526
CMCBSN	4	ZNF568+HOXA2+RALYL+GFRA1	20	0.976926	0.960694
CMCBSN	4	ZNF568+BEND5+UNC5C+RALYL	16	0.978060	0.931662
CMCBSN	4	ZNF568+BEND5+UNC5C+GFRA1	20	0.979572	0.932133
CMCBSN	4	ZNF568+BEND5+RALYL+GFRA1	18	0.978143	0.934113
CMCBSN	4	ZNF568+UNC5C+RALYL+GFRA1	18	0.978680	0.920633
CMCBSN	4	ZNF793+SFMBT2+ADHFE1+HOXA2	22	0.976548	0.965595
CMCBSN	4	ZNF793+SFMBT2+ADHFE1+BEND5	20	0.980039	0.957112
CMCBSN	4	ZNF793+SFMBT2+ADHFE1+UNC5C	20	0.980523	0.947780
CMCBSN	4	ZNF793+SFMBT2+ADHFE1+RALYL	18	0.980766	0.950325
CMCBSN	4	ZNF793+SFMBT2+ADHFE1+GFRA1	22	0.982538	0.947120
CMCBSN	4	ZNF793+SFMBT2+HOXA2+BEND5	21	0.974746	0.966067
CMCBSN	4	ZNF793+SFMBT2+HOXA2+UNC5C	21	0.976028	0.961636
CMCBSN	4	ZNF793+SFMBT2+HOXA2+RALYL	19	0.975963	0.962579
CMCBSN	4	ZNF793+SFMBT2+HOXA2+GFRA1	23	0.976630	0.962202
CMCBSN	4	ZNF793+SFMBT2+BEND5+UNC5C	19	0.980104	0.947686
CMCBSN	4	ZNF793+SFMBT2+BEND5+RALYL	17	0.978550	0.951645
CMCBSN	4	ZNF793+SFMBT2+BEND5+GFRA1	21	0.981173	0.947686
CMCBSN	4	ZNF793+SFMBT2+UNC5C+RALYL	17	0.980393	0.938071
CMCBSN	4	ZNF793+SFMBT2+UNC5C+GFRA1	21	0.982254	0.933076
CMCBSN	4	ZNF793+SFMBT2+RALYL+GFRA1	19	0.981522	0.937035
CMCBSN	4	ZNF793+ADHFE1+HOXA2+BEND5	20	0.974941	0.967669
CMCBSN	4	ZNF793+ADHFE1+HOXA2+UNC5C	20	0.976040	0.963804
CMCBSN	4	ZNF793+ADHFE1+HOXA2+RALYL	18	0.975874	0.965878
CMCBSN	4	ZNF793+ADHFE1+HOXA2+GFRA1	22	0.977150	0.965784
CMCBSN	4	ZNF793+ADHFE1+BEND5+UNC5C	18	0.977493	0.955132
CMCBSN	4	ZNF793+ADHFE1+BEND5+RALYL	16	0.978958	0.955887
CMCBSN	4	ZNF793+ADHFE1+BEND5+GFRA1	20	0.980612	0.953530
CMCBSN	4	ZNF793+ADHFE1+UNC5C+RALYL	16	0.978674	0.944575
CMCBSN	4	ZNF793+ADHFE1+UNC5C+GFRA1	20	0.980866	0.941936
CMCBSN	4	ZNF793+ADHFE1+RALYL+GFRA1	18	0.981498	0.946743
CMCBSN	4	ZNF793+HOXA2+BEND5+UNC5C	19	0.973931	0.964276
CMCBSN	4	ZNF793+HOXA2+BEND5+RALYL	17	0.974197	0.965784
CMCBSN	4	ZNF793+HOXA2+BEND5+GFRA1	21	0.975697	0.966632
CMCBSN	4	ZNF793+HOXA2+UNC5C+RALYL	17	0.974953	0.960599
CMCBSN	4	ZNF793+HOXA2+UNC5C+GFRA1	21	0.975963	0.960317
CMCBSN	4	ZNF793+HOXA2+RALYL+GFRA1	19	0.976412	0.962673
CMCBSN	4	ZNF793+BEND5+UNC5C+RALYL	15	0.977316	0.943821
CMCBSN	4	ZNF793+BEND5+UNC5C+GFRA1	19	0.980181	0.938354
CMCBSN	4	ZNF793+BEND5+RALYL+GFRA1	17	0.977392	0.941465
CMCBSN	4	ZNF793+UNC5C+RALYL+GFRA1	17	0.978958	0.924404
CMCBSN	4	SFMBT2+ADHFE1+HOXA2+BEND5	21	0.975987	0.956075
CMCBSN	4	SFMBT2+ADHFE1+HOXA2+UNC5C	21	0.976737	0.961165
CMCBSN	4	SFMBT2+ADHFE1+HOXA2+RALYL	19	0.976495	0.962108
CMCBSN	4	SFMBT2+ADHFE1+HOXA2+GFRA1	23	0.977511	0.956735
CMCBSN	4	SFMBT2+ADHFE1+BEND5+UNC5C	19	0.979531	0.946649
CMCBSN	4	SFMBT2+ADHFE1+BEND5+RALYL	17	0.980317	0.950137
CMCBSN	4	SFMBT2+ADHFE1+BEND5+GFRA1	21	0.981847	0.946272
CMCBSN	4	SFMBT2+ADHFE1+UNC5C+RALYL	17	0.980128	0.938166
CMCBSN	4	SFMBT2+ADHFE1+UNC5C+GFRA1	21	0.981504	0.936281
CMCBSN	4	SFMBT2+ADHFE1+RALYL+GFRA1	19	0.982307	0.937977
CMCBSN	4	SFMBT2+HOXA2+BEND5+UNC5C	20	0.975077	0.962013
CMCBSN	4	SFMBT2+HOXA2+BEND5+RALYL	18	0.975354	0.947780
CMCBSN	4	SFMBT2+HOXA2+BEND5+GFRA1	22	0.976376	0.957960
CMCBSN	4	SFMBT2+HOXA2+UNC5C+RALYL	18	0.976270	0.957018
CMCBSN	4	SFMBT2+HOXA2+UNC5C+GFRA1	22	0.976920	0.948346
CMCBSN	4	SFMBT2+HOXA2+RALYL+GFRA1	20	0.977245	0.958054
CMCBSN	4	SFMBT2+BEND5+UNC5C+RALYL	16	0.980110	0.934867
CMCBSN	4	SFMBT2+BEND5+UNC5C+GFRA1	20	0.981717	0.933358
CMCBSN	4	SFMBT2+BEND5+RALYL+GFRA1	18	0.981014	0.934584
CMCBSN	4	SFMBT2+UNC5C+RALYL+GFRA1	18	0.981415	0.919220
CMCBSN	4	ADHFE1+HOXA2+BEND5+UNC5C	19	0.975053	0.962202
CMCBSN	4	ADHFE1+HOXA2+BEND5+RALYL	17	0.975449	0.963804
CMCBSN	4	ADHFE1+HOXA2+BEND5+GFRA1	21	0.976506	0.954661
CMCBSN	4	ADHFE1+HOXA2+UNC5C+RALYL	17	0.976288	0.960222
CMCBSN	4	ADHFE1+HOXA2+UNC5C+GFRA1	21	0.977257	0.959940
CMCBSN	4	ADHFE1+HOXA2+RALYL+GFRA1	19	0.977186	0.963144
CMCBSN	4	ADHFE1+BEND5+UNC5C+RALYL	15	0.978462	0.944481
CMCBSN	4	ADHFE1+BEND5+UNC5C+GFRA1	19	0.980057	0.940334
CMCBSN	4	ADHFE1+BEND5+RALYL+GFRA1	17	0.980766	0.944858
CMCBSN	4	ADHFE1+UNC5C+RALYL+GFRA1	17	0.980376	0.932227
CMCBSN	4	HOXA2+BEND5+UNC5C+RALYL	16	0.974687	0.960128
CMCBSN	4	HOXA2+BEND5+UNC5C+GFRA1	20	0.975691	0.960034
CMCBSN	4	HOXA2+BEND5+RALYL+GFRA1	18	0.975886	0.962390
CMCBSN	4	HOXA2+UNC5C+RALYL+GFRA1	18	0.976134	0.956452
CMCBSN	4	BEND5+UNC5C+RALYL+GFRA1	16	0.979590	0.927420
CMCBSN	5	EYA4+ZNF568+ZNF793+SFMBT2+ADHFE1	34	0.982095	0.953624
CMCBSN	5	EYA4+ZNF568+ZNF793+SFMBT2+HOXA2	35	0.976932	0.965878
CMCBSN	5	EYA4+ZNF568+ZNF793+SFMBT2+BEND5	33	0.980252	0.948817
CMCBSN	5	EYA4+ZNF568+ZNF793+SFMBT2+UNC5C	33	0.981108	0.944575
CMCBSN	5	EYA4+ZNF568+ZNF793+SFMBT2+RALYL	31	0.980317	0.946366
CMCBSN	5	EYA4+ZNF568+ZNF793+SFMBT2+GFRA1	35	0.981303	0.944858
CMCBSN	5	EYA4+ZNF568+ZNF793+ADHFE1+HOXA2	34	0.977452	0.966538
CMCBSN	5	EYA4+ZNF568+ZNF793+ADHFE1+BEND5	32	0.980689	0.956452
CMCBSN	5	EYA4+ZNF568+ZNF793+ADHFE1+UNC5C	32	0.980819	0.951174
CMCBSN	5	EYA4+ZNF568+ZNF793+ADHFE1+RALYL	30	0.981167	0.953247
CMCBSN	5	EYA4+ZNF568+ZNF793+ADHFE1+GFRA1	34	0.981439	0.950702
CMCBSN	5	EYA4+ZNF568+ZNF793+HOXA2+BEND5	33	0.975585	0.967009
CMCBSN	5	EYA4+ZNF568+ZNF793+HOXA2+UNC5C	33	0.975709	0.965407
CMCBSN	5	EYA4+ZNF568+ZNF793+HOXA2+RALYL	31	0.976371	0.965690
CMCBSN	5	EYA4+ZNF568+ZNF793+HOXA2+GFRA1	35	0.977233	0.964653
CMCBSN	5	EYA4+ZNF568+ZNF793+BEND5+UNC5C	31	0.976926	0.937789
CMCBSN	5	EYA4+ZNF568+ZNF793+BEND5+RALYL	29	0.969707	0.948817
CMCBSN	5	EYA4+ZNF568+ZNF793+BEND5+GFRA1	33	0.974197	0.935149
CMCBSN	5	EYA4+ZNF568+ZNF793+UNC5C+RALYL	29	0.976725	0.936469
CMCBSN	5	EYA4+ZNF568+ZNF793+UNC5C+GFRA1	33	0.979082	0.939957
CMCBSN	5	EYA4+ZNF568+ZNF793+RALYL+GFRA1	31	0.973931	0.941088
CMCBSN	5	EYA4+ZNF568+SFMBT2+ADHFE1+HOXA2	35	0.977794	0.964558
CMCBSN	5	EYA4+ZNF568+SFMBT2+ADHFE1+BEND5	33	0.981244	0.952964
CMCBSN	5	EYA4+ZNF568+SFMBT2+ADHFE1+UNC5C	33	0.981681	0.946555
CMCBSN	5	EYA4+ZNF568+SFMBT2+ADHFE1+RALYL	31	0.981782	0.949948
CMCBSN	5	EYA4+ZNF568+SFMBT2+ADHFE1+GFRA1	35	0.982366	0.947026
CMCBSN	5	EYA4+ZNF568+SFMBT2+HOXA2+BEND5	34	0.976406	0.965124
CMCBSN	5	EYA4+ZNF568+SFMBT2+HOXA2+UNC5C	34	0.976577	0.962579
CMCBSN	5	EYA4+ZNF568+SFMBT2+HOXA2+RALYL	32	0.977109	0.963710
CMCBSN	5	EYA4+ZNF568+SFMBT2+HOXA2+GFRA1	36	0.977924	0.962579
CMCBSN	5	EYA4+ZNF568+SFMBT2+BEND5+UNC5C	32	0.980618	0.941748
CMCBSN	5	EYA4+ZNF568+SFMBT2+BEND5+RALYL	30	0.979679	0.944010
CMCBSN	5	EYA4+ZNF568+SFMBT2+BEND5+GFRA1	34	0.981108	0.943350
CMCBSN	5	EYA4+ZNF568+SFMBT2+UNC5C+RALYL	30	0.980553	0.937506
CMCBSN	5	EYA4+ZNF568+SFMBT2+UNC5C+GFRA1	34	0.981563	0.937412
CMCBSN	5	EYA4+ZNF568+SFMBT2+RALYL+GFRA1	32	0.980842	0.938637
CMCBSN	5	EYA4+ZNF568+ADHFE1+HOXA2+BEND5	33	0.976879	0.965501
CMCBSN	5	EYA4+ZNF568+ADHFE1+HOXA2+UNC5C	33	0.976760	0.963239
CMCBSN	5	EYA4+ZNF568+ADHFE1+HOXA2+RALYL	31	0.977322	0.964181
CMCBSN	5	EYA4+ZNF568+ADHFE1+HOXA2+GFRA1	35	0.977912	0.964747
CMCBSN	5	EYA4+ZNF568+ADHFE1+BEND5+UNC5C	31	0.980051	0.949571
CMCBSN	5	EYA4+ZNF568+ADHFE1+BEND5+RALYL	29	0.980600	0.951456
CMCBSN	5	EYA4+ZNF568+ADHFE1+BEND5+GFRA1	33	0.981321	0.948911
CMCBSN	5	EYA4+ZNF568+ADHFE1+UNC5C+RALYL	29	0.980104	0.946366
CMCBSN	5	EYA4+ZNF568+ADHFE1+UNC5C+GFRA1	33	0.981067	0.942502
CMCBSN	5	EYA4+ZNF568+ADHFE1+RALYL+GFRA1	31	0.981232	0.945329
CMCBSN	5	EYA4+ZNF568+HOXA2+BEND5+UNC5C	32	0.975301	0.962296
CMCBSN	5	EYA4+ZNF568+HOXA2+BEND5+RALYL	30	0.975538	0.964464
CMCBSN	5	EYA4+ZNF568+HOXA2+BEND5+GFRA1	34	0.976353	0.964276
CMCBSN	5	EYA4+ZNF568+HOXA2+UNC5C+RALYL	30	0.975662	0.961542
CMCBSN	5	EYA4+ZNF568+HOXA2+UNC5C+GFRA1	34	0.976642	0.960977
CMCBSN	5	EYA4+ZNF568+HOXA2+RALYL+GFRA1	32	0.977221	0.961542
CMCBSN	5	EYA4+ZNF568+BEND5+UNC5C+RALYL	28	0.976707	0.936658
CMCBSN	5	EYA4+ZNF568+BEND5+UNC5C+GFRA1	32	0.978686	0.936658
CMCBSN	5	EYA4+ZNF568+BEND5+RALYL+GFRA1	30	0.973440	0.928457
CMCBSN	5	EYA4+ZNF568+UNC5C+RALYL+GFRA1	30	0.978822	0.932510
CMCBSN	5	EYA4+ZNF793+SFMBT2+ADHFE1+HOXA2	34	0.977227	0.966067
CMCBSN	5	EYA4+ZNF793+SFMBT2+ADHFE1+BEND5	32	0.981120	0.957206
CMCBSN	5	EYA4+ZNF793+SFMBT2+ADHFE1+UNC5C	32	0.980659	0.952493
CMCBSN	5	EYA4+ZNF793+SFMBT2+ADHFE1+RALYL	30	0.981445	0.954096
CMCBSN	5	EYA4+ZNF793+SFMBT2+ADHFE1+GFRA1	34	0.981983	0.950419
CMCBSN	5	EYA4+ZNF793+SFMBT2+HOXA2+BEND5	33	0.975715	0.967009
CMCBSN	5	EYA4+ZNF793+SFMBT2+HOXA2+UNC5C	33	0.976347	0.963333
CMCBSN	5	EYA4+ZNF793+SFMBT2+HOXA2+RALYL	31	0.976571	0.963993
CMCBSN	5	EYA4+ZNF793+SFMBT2+HOXA2+GFRA1	35	0.977251	0.963427
CMCBSN	5	EYA4+ZNF793+SFMBT2+BEND5+UNC5C	31	0.980092	0.947780
CMCBSN	5	EYA4+ZNF793+SFMBT2+BEND5+RALYL	29	0.979218	0.950985
CMCBSN	5	EYA4+ZNF793+SFMBT2+BEND5+GFRA1	33	0.980825	0.947309
CMCBSN	5	EYA4+ZNF793+SFMBT2+UNC5C+RALYL	29	0.980529	0.944198
CMCBSN	5	EYA4+ZNF793+SFMBT2+UNC5C+GFRA1	33	0.981575	0.941559
CMCBSN	5	EYA4+ZNF793+SFMBT2+RALYL+GFRA1	31	0.980961	0.943444
CMCBSN	5	EYA4+ZNF793+ADHFE1+HOXA2+BEND5	32	0.976329	0.967575
CMCBSN	5	EYA4+ZNF793+ADHFE1+HOXA2+UNC5C	32	0.976589	0.964935
CMCBSN	5	EYA4+ZNF793+ADHFE1+HOXA2+RALYL	30	0.976855	0.967103
CMCBSN	5	EYA4+ZNF793+ADHFE1+HOXA2+GFRA1	34	0.977517	0.965690
CMCBSN	5	EYA4+ZNF793+ADHFE1+BEND5+UNC5C	30	0.979253	0.954378
CMCBSN	5	EYA4+ZNF793+ADHFE1+BEND5+RALYL	28	0.980187	0.956452
CMCBSN	5	EYA4+ZNF793+ADHFE1+BEND5+GFRA1	32	0.981197	0.953907
CMCBSN	5	EYA4+ZNF793+ADHFE1+UNC5C+RALYL	28	0.979578	0.950891
CMCBSN	5	EYA4+ZNF793+ADHFE1+UNC5C+GFRA1	32	0.980712	0.948157
CMCBSN	5	EYA4+ZNF793+ADHFE1+RALYL+GFRA1	30	0.981091	0.949948
CMCBSN	5	EYA4+ZNF793+HOXA2+BEND5+UNC5C	31	0.974338	0.965218
CMCBSN	5	EYA4+ZNF793+HOXA2+BEND5+RALYL	29	0.974462	0.966538
CMCBSN	5	EYA4+ZNF793+HOXA2+BEND5+GFRA1	33	0.975874	0.966067
CMCBSN	5	EYA4+ZNF793+HOXA2+UNC5C+RALYL	29	0.975591	0.962673
CMCBSN	5	EYA4+ZNF793+HOXA2+UNC5C+GFRA1	33	0.976435	0.962108
CMCBSN	5	EYA4+ZNF793+HOXA2+RALYL+GFRA1	31	0.976754	0.963993
CMCBSN	5	EYA4+ZNF793+BEND5+UNC5C+RALYL	27	0.974220	0.941371
CMCBSN	5	EYA4+ZNF793+BEND5+UNC5C+GFRA1	31	0.977688	0.935526
CMCBSN	5	EYA4+ZNF793+BEND5+RALYL+GFRA1	29	0.971798	0.933076
CMCBSN	5	EYA4+ZNF793+UNC5C+RALYL+GFRA1	29	0.978255	0.933830
CMCBSN	5	EYA4+SFMBT2+ADHFE1+HOXA2+BEND5	33	0.976453	0.966161
CMCBSN	5	EYA4+SFMBT2+ADHFE1+HOXA2+UNC5C	33	0.976719	0.963522
CMCBSN	5	EYA4+SFMBT2+ADHFE1+HOXA2+RALYL	31	0.976997	0.964841
CMCBSN	5	EYA4+SFMBT2+ADHFE1+HOXA2+GFRA1	35	0.977540	0.963710
CMCBSN	5	EYA4+SFMBT2+ADHFE1+BEND5+UNC5C	31	0.980281	0.951079
CMCBSN	5	EYA4+SFMBT2+ADHFE1+BEND5+RALYL	29	0.980913	0.952682
CMCBSN	5	EYA4+SFMBT2+ADHFE1+BEND5+GFRA1	33	0.981386	0.950325
CMCBSN	5	EYA4+SFMBT2+ADHFE1+UNC5C+RALYL	29	0.980411	0.944952
CMCBSN	5	EYA4+SFMBT2+ADHFE1+UNC5C+GFRA1	33	0.981073	0.943444
CMCBSN	5	EYA4+SFMBT2+ADHFE1+RALYL+GFRA1	31	0.981717	0.945801
CMCBSN	5	EYA4+SFMBT2+HOXA2+BEND5+UNC5C	32	0.975396	0.963710
CMCBSN	5	EYA4+SFMBT2+HOXA2+BEND5+RALYL	30	0.975756	0.964276
CMCBSN	5	EYA4+SFMBT2+HOXA2+BEND5+GFRA1	34	0.976802	0.942219
CMCBSN	5	EYA4+SFMBT2+HOXA2+UNC5C+RALYL	30	0.976069	0.958714
CMCBSN	5	EYA4+SFMBT2+HOXA2+UNC5C+GFRA1	34	0.977091	0.916580
CMCBSN	5	EYA4+SFMBT2+HOXA2+RALYL+GFRA1	32	0.977263	0.940051
CMCBSN	5	EYA4+SFMBT2+BEND5+UNC5C+RALYL	28	0.979608	0.940711
CMCBSN	5	EYA4+SFMBT2+BEND5+UNC5C+GFRA1	32	0.981244	0.938543
CMCBSN	5	EYA4+SFMBT2+BEND5+RALYL+GFRA1	30	0.980606	0.940428
CMCBSN	5	EYA4+SFMBT2+UNC5C+RALYL+GFRA1	30	0.980783	0.932039
CMCBSN	5	EYA4+ADHFE1+HOXA2+BEND5+UNC5C	31	0.975579	0.964653
CMCBSN	5	EYA4+ADHFE1+HOXA2+BEND5+RALYL	29	0.976010	0.965690
CMCBSN	5	EYA4+ADHFE1+HOXA2+BEND5+GFRA1	33	0.976873	0.965218
CMCBSN	5	EYA4+ADHFE1+HOXA2+UNC5C+RALYL	29	0.975939	0.962862
CMCBSN	5	EYA4+ADHFE1+HOXA2+UNC5C+GFRA1	33	0.976772	0.963427
CMCBSN	5	EYA4+ADHFE1+HOXA2+RALYL+GFRA1	31	0.977245	0.963710
CMCBSN	5	EYA4+ADHFE1+BEND5+UNC5C+RALYL	27	0.979188	0.948346
CMCBSN	5	EYA4+ADHFE1+BEND5+UNC5C+GFRA1	31	0.980417	0.946178
CMCBSN	5	EYA4+ADHFE1+BEND5+RALYL+GFRA1	29	0.980925	0.948911
CMCBSN	5	EYA4+ADHFE1+UNC5C+RALYL+GFRA1	29	0.980151	0.940805
CMCBSN	5	EYA4+HOXA2+BEND5+UNC5C+RALYL	28	0.974835	0.962013
CMCBSN	5	EYA4+HOXA2+BEND5+UNC5C+GFRA1	32	0.975526	0.960694
CMCBSN	5	EYA4+HOXA2+BEND5+RALYL+GFRA1	30	0.975927	0.961636
CMCBSN	5	EYA4+HOXA2+UNC5C+RALYL+GFRA1	30	0.975744	0.957960
CMCBSN	5	EYA4+BEND5+UNC5C+RALYL+GFRA1	28	0.977847	0.930908
CMCBSN	5	ZNF568+ZNF793+SFMBT2+ADHFE1+HOXA2	28	0.977180	0.965501
CMCBSN	5	ZNF568+ZNF793+SFMBT2+ADHFE1+BEND5	26	0.980718	0.955321
CMCBSN	5	ZNF568+ZNF793+SFMBT2+ADHFE1+UNC5C	26	0.980878	0.947309
CMCBSN	5	ZNF568+ZNF793+SFMBT2+ADHFE1+RALYL	24	0.981368	0.950325
CMCBSN	5	ZNF568+ZNF793+SFMBT2+ADHFE1+GFRA1	28	0.982390	0.947686
CMCBSN	5	ZNF568+ZNF793+SFMBT2+HOXA2+BEND5	27	0.974888	0.966632
CMCBSN	5	ZNF568+ZNF793+SFMBT2+HOXA2+UNC5C	27	0.975396	0.963522
CMCBSN	5	ZNF568+ZNF793+SFMBT2+HOXA2+RALYL	25	0.975963	0.964181
CMCBSN	5	ZNF568+ZNF793+SFMBT2+HOXA2+GFRA1	29	0.976849	0.963144
CMCBSN	5	ZNF568+ZNF793+SFMBT2+BEND5+UNC5C	25	0.980517	0.944387
CMCBSN	5	ZNF568+ZNF793+SFMBT2+BEND5+RALYL	23	0.979318	0.947874
CMCBSN	5	ZNF568+ZNF793+SFMBT2+BEND5+GFRA1	27	0.981368	0.947215
CMCBSN	5	ZNF568+ZNF793+SFMBT2+UNC5C+RALYL	23	0.980577	0.939485
CMCBSN	5	ZNF568+ZNF793+SFMBT2+UNC5C+GFRA1	27	0.981161	0.935998
CMCBSN	5	ZNF568+ZNF793+SFMBT2+RALYL+GFRA1	25	0.980943	0.939391
CMCBSN	5	ZNF568+ZNF793+ADHFE1+HOXA2+BEND5	26	0.975904	0.966821
CMCBSN	5	ZNF568+ZNF793+ADHFE1+HOXA2+UNC5C	26	0.976613	0.964087
CMCBSN	5	ZNF568+ZNF793+ADHFE1+HOXA2+RALYL	24	0.976725	0.965218
CMCBSN	5	ZNF568+ZNF793+ADHFE1+HOXA2+GFRA1	28	0.977416	0.965878
CMCBSN	5	ZNF568+ZNF793+ADHFE1+BEND5+UNC5C	24	0.979324	0.952587
CMCBSN	5	ZNF568+ZNF793+ADHFE1+BEND5+RALYL	22	0.979720	0.955227
CMCBSN	5	ZNF568+ZNF793+ADHFE1+BEND5+GFRA1	26	0.980582	0.951268
CMCBSN	5	ZNF568+ZNF793+ADHFE1+UNC5C+RALYL	22	0.980163	0.946743
CMCBSN	5	ZNF568+ZNF793+ADHFE1+UNC5C+GFRA1	26	0.980860	0.942690
CMCBSN	5	ZNF568+ZNF793+ADHFE1+RALYL+GFRA1	24	0.981220	0.945047
CMCBSN	5	ZNF568+ZNF793+HOXA2+BEND5+UNC5C	25	0.974143	0.964653
CMCBSN	5	ZNF568+ZNF793+HOXA2+BEND5+RALYL	23	0.974185	0.965501
CMCBSN	5	ZNF568+ZNF793+HOXA2+BEND5+GFRA1	27	0.975526	0.965784
CMCBSN	5	ZNF568+ZNF793+HOXA2+UNC5C+RALYL	23	0.974699	0.962390
CMCBSN	5	ZNF568+ZNF793+HOXA2+UNC5C+GFRA1	27	0.976252	0.961919
CMCBSN	5	ZNF568+ZNF793+HOXA2+RALYL+GFRA1	25	0.976648	0.963710
CMCBSN	5	ZNF568+ZNF793+BEND5+UNC5C+RALYL	21	0.977729	0.941276
CMCBSN	5	ZNF568+ZNF793+BEND5+UNC5C+GFRA1	25	0.979531	0.938826
CMCBSN	5	ZNF568+ZNF793+BEND5+RALYL+GFRA1	23	0.977948	0.942125
CMCBSN	5	ZNF568+ZNF793+UNC5C+RALYL+GFRA1	23	0.979147	0.930908
CMCBSN	5	ZNF568+SFMBT2+ADHFE1+HOXA2+BEND5	27	0.976040	0.965030
CMCBSN	5	ZNF568+SFMBT2+ADHFE1+HOXA2+UNC5C	27	0.977186	0.962108
CMCBSN	5	ZNF568+SFMBT2+ADHFE1+HOXA2+RALYL	25	0.977150	0.963144
CMCBSN	5	ZNF568+SFMBT2+ADHFE1+HOXA2+GFRA1	29	0.977989	0.963710
CMCBSN	5	ZNF568+SFMBT2+ADHFE1+BEND5+UNC5C	25	0.980441	0.945424
CMCBSN	5	ZNF568+SFMBT2+ADHFE1+BEND5+RALYL	23	0.980405	0.948723
CMCBSN	5	ZNF568+SFMBT2+ADHFE1+BEND5+GFRA1	27	0.981563	0.945329
CMCBSN	5	ZNF568+SFMBT2+ADHFE1+UNC5C+RALYL	23	0.980943	0.939108
CMCBSN	5	ZNF568+SFMBT2+ADHFE1+UNC5C+GFRA1	27	0.981935	0.937600
CMCBSN	5	ZNF568+SFMBT2+ADHFE1+RALYL+GFRA1	25	0.982248	0.939674
CMCBSN	5	ZNF568+SFMBT2+HOXA2+BEND5+UNC5C	26	0.975148	0.963050
CMCBSN	5	ZNF568+SFMBT2+HOXA2+BEND5+RALYL	24	0.975272	0.963144
CMCBSN	5	ZNF568+SFMBT2+HOXA2+BEND5+GFRA1	28	0.976648	0.959091
CMCBSN	5	ZNF568+SFMBT2+HOXA2+UNC5C+RALYL	24	0.976211	0.959845
CMCBSN	5	ZNF568+SFMBT2+HOXA2+UNC5C+GFRA1	28	0.976873	0.959280
CMCBSN	5	ZNF568+SFMBT2+HOXA2+RALYL+GFRA1	26	0.977286	0.960128
CMCBSN	5	ZNF568+SFMBT2+BEND5+UNC5C+RALYL	22	0.980110	0.935998
CMCBSN	5	ZNF568+SFMBT2+BEND5+UNC5C+GFRA1	26	0.981120	0.934867
CMCBSN	5	ZNF568+SFMBT2+BEND5+RALYL+GFRA1	24	0.980494	0.937977
CMCBSN	5	ZNF568+SFMBT2+UNC5C+RALYL+GFRA1	24	0.981427	0.926572
CMCBSN	5	ZNF568+ADHFE1+HOXA2+BEND5+UNC5C	25	0.975620	0.962767
CMCBSN	5	ZNF568+ADHFE1+HOXA2+BEND5+RALYL	23	0.975987	0.964558
CMCBSN	5	ZNF568+ADHFE1+HOXA2+BEND5+GFRA1	27	0.976843	0.964558
CMCBSN	5	ZNF568+ADHFE1+HOXA2+UNC5C+RALYL	23	0.976341	0.961259
CMCBSN	5	ZNF568+ADHFE1+HOXA2+UNC5C+GFRA1	27	0.976825	0.961165
CMCBSN	5	ZNF568+ADHFE1+HOXA2+RALYL+GFRA1	25	0.977617	0.963333
CMCBSN	5	ZNF568+ADHFE1+BEND5+UNC5C+RALYL	21	0.979655	0.944198
CMCBSN	5	ZNF568+ADHFE1+BEND5+UNC5C+GFRA1	25	0.980718	0.941748
CMCBSN	5	ZNF568+ADHFE1+BEND5+RALYL+GFRA1	23	0.980831	0.943916
CMCBSN	5	ZNF568+ADHFE1+UNC5C+RALYL+GFRA1	23	0.981020	0.934207
CMCBSN	5	ZNF568+HOXA2+BEND5+UNC5C+RALYL	22	0.974716	0.960882
CMCBSN	5	ZNF568+HOXA2+BEND5+UNC5C+GFRA1	26	0.975821	0.961448
CMCBSN	5	ZNF568+HOXA2+BEND5+RALYL+GFRA1	24	0.976270	0.963522
CMCBSN	5	ZNF568+HOXA2+UNC5C+RALYL+GFRA1	24	0.976010	0.957866
CMCBSN	5	ZNF568+BEND5+UNC5C+RALYL+GFRA1	22	0.979253	0.930908
CMCBSN	5	ZNF793+SFMBT2+ADHFE1+HOXA2+BEND5	26	0.975632	0.966538
CMCBSN	5	ZNF793+SFMBT2+ADHFE1+HOXA2+UNC5C	26	0.976311	0.964276
CMCBSN	5	ZNF793+SFMBT2+ADHFE1+HOXA2+RALYL	24	0.976217	0.964747
CMCBSN	5	ZNF793+SFMBT2+ADHFE1+HOXA2+GFRA1	28	0.977257	0.964841
CMCBSN	5	ZNF793+SFMBT2+ADHFE1+BEND5+UNC5C	24	0.979129	0.952493
CMCBSN	5	ZNF793+SFMBT2+ADHFE1+BEND5+RALYL	22	0.979826	0.954755
CMCBSN	5	ZNF793+SFMBT2+ADHFE1+BEND5+GFRA1	26	0.981581	0.951456
CMCBSN	5	ZNF793+SFMBT2+ADHFE1+UNC5C+RALYL	22	0.979962	0.945706
CMCBSN	5	ZNF793+SFMBT2+ADHFE1+UNC5C+GFRA1	26	0.981545	0.942502
CMCBSN	5	ZNF793+SFMBT2+ADHFE1+RALYL+GFRA1	24	0.981929	0.945989
CMCBSN	5	ZNF793+SFMBT2+HOXA2+BEND5+UNC5C	25	0.974403	0.965030
CMCBSN	5	ZNF793+SFMBT2+HOXA2+BEND5+RALYL	23	0.974705	0.964841
CMCBSN	5	ZNF793+SFMBT2+HOXA2+BEND5+GFRA1	27	0.975951	0.960694
CMCBSN	5	ZNF793+SFMBT2+HOXA2+UNC5C+RALYL	23	0.976341	0.961071
CMCBSN	5	ZNF793+SFMBT2+HOXA2+UNC5C+GFRA1	27	0.977097	0.959374
CMCBSN	5	ZNF793+SFMBT2+HOXA2+RALYL+GFRA1	25	0.977097	0.960411
CMCBSN	5	ZNF793+SFMBT2+BEND5+UNC5C+RALYL	21	0.979312	0.945612
CMCBSN	5	ZNF793+SFMBT2+BEND5+UNC5C+GFRA1	25	0.981126	0.940993
CMCBSN	5	ZNF793+SFMBT2+BEND5+RALYL+GFRA1	23	0.980275	0.944481
CMCBSN	5	ZNF793+SFMBT2+UNC5C+RALYL+GFRA1	23	0.981138	0.930436
CMCBSN	5	ZNF793+ADHFE1+HOXA2+BEND5+UNC5C	24	0.974894	0.964653
CMCBSN	5	ZNF793+ADHFE1+HOXA2+BEND5+RALYL	22	0.975006	0.966444
CMCBSN	5	ZNF793+ADHFE1+HOXA2+BEND5+GFRA1	26	0.976258	0.967575
CMCBSN	5	ZNF793+ADHFE1+HOXA2+UNC5C+RALYL	22	0.975851	0.963616
CMCBSN	5	ZNF793+ADHFE1+HOXA2+UNC5C+GFRA1	26	0.976524	0.963804
CMCBSN	5	ZNF793+ADHFE1+HOXA2+RALYL+GFRA1	24	0.977073	0.965124
CMCBSN	5	ZNF793+ADHFE1+BEND5+UNC5C+RALYL	20	0.977635	0.952776
CMCBSN	5	ZNF793+ADHFE1+BEND5+UNC5C+GFRA1	24	0.979708	0.948251
CMCBSN	5	ZNF793+ADHFE1+BEND5+RALYL+GFRA1	22	0.980293	0.951739
CMCBSN	5	ZNF793+ADHFE1+UNC5C+RALYL+GFRA1	22	0.980659	0.940334
CMCBSN	5	ZNF793+HOXA2+BEND5+UNC5C+RALYL	21	0.974138	0.963616
CMCBSN	5	ZNF793+HOXA2+BEND5+UNC5C+GFRA1	25	0.975585	0.963427
CMCBSN	5	ZNF793+HOXA2+BEND5+RALYL+GFRA1	23	0.975532	0.964935
CMCBSN	5	ZNF793+HOXA2+UNC5C+RALYL+GFRA1	23	0.975927	0.959280
CMCBSN	5	ZNF793+BEND5+UNC5C+RALYL+GFRA1	21	0.979041	0.935621
CMCBSN	5	SFMBT2+ADHFE1+HOXA2+BEND5+UNC5C	25	0.975591	0.962767
CMCBSN	5	SFMBT2+ADHFE1+HOXA2+BEND5+RALYL	23	0.975679	0.963522
CMCBSN	5	SFMBT2+ADHFE1+HOXA2+BEND5+GFRA1	27	0.976772	0.954190
CMCBSN	5	SFMBT2+ADHFE1+HOXA2+UNC5C+RALYL	23	0.976453	0.960222
CMCBSN	5	SFMBT2+ADHFE1+HOXA2+UNC5C+GFRA1	27	0.977221	0.960977
CMCBSN	5	SFMBT2+ADHFE1+HOXA2+RALYL+GFRA1	25	0.977392	0.962202
CMCBSN	5	SFMBT2+ADHFE1+BEND5+UNC5C+RALYL	21	0.979448	0.945047
CMCBSN	5	SFMBT2+ADHFE1+BEND5+UNC5C+GFRA1	25	0.981026	0.941653
CMCBSN	5	SFMBT2+ADHFE1+BEND5+RALYL+GFRA1	23	0.981409	0.944764
CMCBSN	5	SFMBT2+ADHFE1+UNC5C+RALYL+GFRA1	23	0.981043	0.934395
CMCBSN	5	SFMBT2+HOXA2+BEND5+UNC5C+RALYL	22	0.975230	0.961165
CMCBSN	5	SFMBT2+HOXA2+BEND5+UNC5C+GFRA1	26	0.976311	0.945141
CMCBSN	5	SFMBT2+HOXA2+BEND5+RALYL+GFRA1	24	0.976530	0.957489
CMCBSN	5	SFMBT2+HOXA2+UNC5C+RALYL+GFRA1	24	0.976979	0.946178
CMCBSN	5	SFMBT2+BEND5+UNC5C+RALYL+GFRA1	22	0.981132	0.931190
CMCBSN	5	ADHFE1+HOXA2+BEND5+UNC5C+RALYL	21	0.975360	0.961919
CMCBSN	5	ADHFE1+HOXA2+BEND5+UNC5C+GFRA1	25	0.976565	0.963050
CMCBSN	5	ADHFE1+HOXA2+BEND5+RALYL+GFRA1	23	0.976270	0.964558
CMCBSN	5	ADHFE1+HOXA2+UNC5C+RALYL+GFRA1	23	0.977056	0.959657
CMCBSN	5	ADHFE1+BEND5+UNC5C+RALYL+GFRA1	21	0.980222	0.939108
CMCBSN	5	HOXA2+BEND5+UNC5C+RALYL+GFRA1	22	0.975668	0.958997
CMCBSN	6	EYA4+ZNF568+ZNF793+SFMBT2+ADHFE1+HOXA2	40	0.977824	0.965312
CMCBSN	6	EYA4+ZNF568+ZNF793+SFMBT2+ADHFE1+BEND5	38	0.981167	0.954944
CMCBSN	6	EYA4+ZNF568+ZNF793+SFMBT2+ADHFE1+UNC5C	38	0.981374	0.950231
CMCBSN	6	EYA4+ZNF568+ZNF793+SFMBT2+ADHFE1+RALYL	36	0.981569	0.952399
CMCBSN	6	EYA4+ZNF568+ZNF793+SFMBT2+ADHFE1+GFRA1	40	0.982000	0.950702
CMCBSN	6	EYA4+ZNF568+ZNF793+SFMBT2+HOXA2+BEND5	39	0.976276	0.966349
CMCBSN	6	EYA4+ZNF568+ZNF793+SFMBT2+HOXA2+UNC5C	39	0.976441	0.963710
CMCBSN	6	EYA4+ZNF568+ZNF793+SFMBT2+HOXA2+RALYL	37	0.976985	0.965218
CMCBSN	6	EYA4+ZNF568+ZNF793+SFMBT2+HOXA2+GFRA1	41	0.977676	0.964087
CMCBSN	6	EYA4+ZNF568+ZNF793+SFMBT2+BEND5+UNC5C	37	0.980429	0.945895
CMCBSN	6	EYA4+ZNF568+ZNF793+SFMBT2+BEND5+RALYL	35	0.979336	0.948251
CMCBSN	6	EYA4+ZNF568+ZNF793+SFMBT2+BEND5+GFRA1	39	0.980736	0.947592
CMCBSN	6	EYA4+ZNF568+ZNF793+SFMBT2+UNC5C+RALYL	35	0.980594	0.943633
CMCBSN	6	EYA4+ZNF568+ZNF793+SFMBT2+UNC5C+GFRA1	39	0.981480	0.941182
CMCBSN	6	EYA4+ZNF568+ZNF793+SFMBT2+RALYL+GFRA1	37	0.980547	0.943821
CMCBSN	6	EYA4+ZNF568+ZNF793+ADHFE1+HOXA2+BEND5	38	0.976884	0.966915
CMCBSN	6	EYA4+ZNF568+ZNF793+ADHFE1+HOXA2+UNC5C	38	0.976926	0.964464
CMCBSN	6	EYA4+ZNF568+ZNF793+ADHFE1+HOXA2+RALYL	36	0.977322	0.965501
CMCBSN	6	EYA4+ZNF568+ZNF793+ADHFE1+HOXA2+GFRA1	40	0.977906	0.965501
CMCBSN	6	EYA4+ZNF568+ZNF793+ADHFE1+BEND5+UNC5C	36	0.980057	0.952493
CMCBSN	6	EYA4+ZNF568+ZNF793+ADHFE1+BEND5+RALYL	34	0.980382	0.955132
CMCBSN	6	EYA4+ZNF568+ZNF793+ADHFE1+BEND5+GFRA1	38	0.981073	0.952776
CMCBSN	6	EYA4+ZNF568+ZNF793+ADHFE1+UNC5C+RALYL	34	0.980582	0.950325
CMCBSN	6	EYA4+ZNF568+ZNF793+ADHFE1+UNC5C+GFRA1	38	0.981014	0.947026
CMCBSN	6	EYA4+ZNF568+ZNF793+ADHFE1+RALYL+GFRA1	36	0.981356	0.950137
CMCBSN	6	EYA4+ZNF568+ZNF793+HOXA2+BEND5+UNC5C	37	0.974941	0.964935
CMCBSN	6	EYA4+ZNF568+ZNF793+HOXA2+BEND5+RALYL	35	0.975272	0.966161
CMCBSN	6	EYA4+ZNF568+ZNF793+HOXA2+BEND5+GFRA1	39	0.976489	0.965218
CMCBSN	6	EYA4+ZNF568+ZNF793+HOXA2+UNC5C+RALYL	35	0.975774	0.964464
CMCBSN	6	EYA4+ZNF568+ZNF793+HOXA2+UNC5C+GFRA1	39	0.976554	0.962862
CMCBSN	6	EYA4+ZNF568+ZNF793+HOXA2+RALYL+GFRA1	37	0.977103	0.963427
CMCBSN	6	EYA4+ZNF568+ZNF793+BEND5+UNC5C+RALYL	33	0.976022	0.938354
CMCBSN	6	EYA4+ZNF568+ZNF793+BEND5+UNC5C+GFRA1	37	0.978290	0.937694
CMCBSN	6	EYA4+ZNF568+ZNF793+BEND5+RALYL+GFRA1	35	0.973074	0.933076
CMCBSN	6	EYA4+ZNF568+ZNF793+UNC5C+RALYL+GFRA1	35	0.978527	0.932981
CMCBSN	6	EYA4+ZNF568+SFMBT2+ADHFE1+HOXA2+BEND5	39	0.977032	0.964841
CMCBSN	6	EYA4+ZNF568+SFMBT2+ADHFE1+HOXA2+UNC5C	39	0.977245	0.963333
CMCBSN	6	EYA4+ZNF568+SFMBT2+ADHFE1+HOXA2+RALYL	37	0.977800	0.964181
CMCBSN	6	EYA4+ZNF568+SFMBT2+ADHFE1+HOXA2+GFRA1	41	0.978261	0.963710
CMCBSN	6	EYA4+ZNF568+SFMBT2+ADHFE1+BEND5+UNC5C	37	0.980600	0.949760
CMCBSN	6	EYA4+ZNF568+SFMBT2+ADHFE1+BEND5+RALYL	35	0.980795	0.951079
CMCBSN	6	EYA4+ZNF568+SFMBT2+ADHFE1+BEND5+GFRA1	39	0.981587	0.948251
CMCBSN	6	EYA4+ZNF568+SFMBT2+ADHFE1+UNC5C+RALYL	35	0.981280	0.946366
CMCBSN	6	EYA4+ZNF568+SFMBT2+ADHFE1+UNC5C+GFRA1	39	0.981888	0.944104
CMCBSN	6	EYA4+ZNF568+SFMBT2+ADHFE1+RALYL+GFRA1	37	0.982030	0.945801
CMCBSN	6	EYA4+ZNF568+SFMBT2+HOXA2+BEND5+UNC5C	38	0.975744	0.962579
CMCBSN	6	EYA4+ZNF568+SFMBT2+HOXA2+BEND5+RALYL	36	0.976441	0.964370
CMCBSN	6	EYA4+ZNF568+SFMBT2+HOXA2+BEND5+GFRA1	40	0.977268	0.963616
CMCBSN	6	EYA4+ZNF568+SFMBT2+HOXA2+UNC5C+RALYL	36	0.976447	0.961448
CMCBSN	6	EYA4+ZNF568+SFMBT2+HOXA2+UNC5C+GFRA1	40	0.977257	0.960788
CMCBSN	6	EYA4+ZNF568+SFMBT2+HOXA2+RALYL+GFRA1	38	0.977918	0.961731
CMCBSN	6	EYA4+ZNF568+SFMBT2+BEND5+UNC5C+RALYL	34	0.979956	0.940711
CMCBSN	6	EYA4+ZNF568+SFMBT2+BEND5+UNC5C+GFRA1	38	0.980878	0.940993
CMCBSN	6	EYA4+ZNF568+SFMBT2+BEND5+RALYL+GFRA1	36	0.980163	0.941842
CMCBSN	6	EYA4+ZNF568+SFMBT2+UNC5C+RALYL+GFRA1	36	0.981126	0.936375
CMCBSN	6	EYA4+ZNF568+ADHFE1+HOXA2+BEND5+UNC5C	37	0.976140	0.964087
CMCBSN	6	EYA4+ZNF568+ADHFE1+HOXA2+BEND5+RALYL	35	0.976760	0.964935
CMCBSN	6	EYA4+ZNF568+ADHFE1+HOXA2+BEND5+GFRA1	39	0.977310	0.964370
CMCBSN	6	EYA4+ZNF568+ADHFE1+HOXA2+UNC5C+RALYL	35	0.976489	0.962767
CMCBSN	6	EYA4+ZNF568+ADHFE1+HOXA2+UNC5C+GFRA1	39	0.977404	0.962767
CMCBSN	6	EYA4+ZNF568+ADHFE1+HOXA2+RALYL+GFRA1	37	0.977800	0.963522
CMCBSN	6	EYA4+ZNF568+ADHFE1+BEND5+UNC5C+RALYL	33	0.979891	0.948063
CMCBSN	6	EYA4+ZNF568+ADHFE1+BEND5+UNC5C+GFRA1	37	0.980724	0.946178
CMCBSN	6	EYA4+ZNF568+ADHFE1+BEND5+RALYL+GFRA1	35	0.981096	0.948440
CMCBSN	6	EYA4+ZNF568+ADHFE1+UNC5C+RALYL+GFRA1	35	0.980772	0.941088
CMCBSN	6	EYA4+ZNF568+HOXA2+BEND5+UNC5C+RALYL	34	0.975301	0.961636
CMCBSN	6	EYA4+ZNF568+HOXA2+BEND5+UNC5C+GFRA1	38	0.976022	0.961825
CMCBSN	6	EYA4+ZNF568+HOXA2+BEND5+RALYL+GFRA1	36	0.976347	0.963427
CMCBSN	6	EYA4+ZNF568+HOXA2+UNC5C+RALYL+GFRA1	36	0.976530	0.960317
CMCBSN	6	EYA4+ZNF568+BEND5+UNC5C+RALYL+GFRA1	34	0.978030	0.935244
CMCBSN	6	EYA4+ZNF793+SFMBT2+ADHFE1+HOXA2+BEND5	38	0.976518	0.966821
CMCBSN	6	EYA4+ZNF793+SFMBT2+ADHFE1+HOXA2+UNC5C	38	0.976814	0.964653
CMCBSN	6	EYA4+ZNF793+SFMBT2+ADHFE1+HOXA2+RALYL	36	0.977068	0.965595
CMCBSN	6	EYA4+ZNF793+SFMBT2+ADHFE1+HOXA2+GFRA1	40	0.977481	0.964935
CMCBSN	6	EYA4+ZNF793+SFMBT2+ADHFE1+BEND5+UNC5C	36	0.979998	0.953907
CMCBSN	6	EYA4+ZNF793+SFMBT2+ADHFE1+BEND5+RALYL	34	0.980783	0.955604
CMCBSN	6	EYA4+ZNF793+SFMBT2+ADHFE1+BEND5+GFRA1	38	0.981297	0.953153
CMCBSN	6	EYA4+ZNF793+SFMBT2+ADHFE1+UNC5C+RALYL	34	0.980612	0.950137
CMCBSN	6	EYA4+ZNF793+SFMBT2+ADHFE1+UNC5C+GFRA1	38	0.981085	0.948251
CMCBSN	6	EYA4+ZNF793+SFMBT2+ADHFE1+RALYL+GFRA1	36	0.981841	0.949948
CMCBSN	6	EYA4+ZNF793+SFMBT2+HOXA2+BEND5+UNC5C	37	0.975526	0.964558
CMCBSN	6	EYA4+ZNF793+SFMBT2+HOXA2+BEND5+RALYL	35	0.975780	0.965784
CMCBSN	6	EYA4+ZNF793+SFMBT2+HOXA2+BEND5+GFRA1	39	0.976695	0.964747
CMCBSN	6	EYA4+ZNF793+SFMBT2+HOXA2+UNC5C+RALYL	35	0.976382	0.962673
CMCBSN	6	EYA4+ZNF793+SFMBT2+HOXA2+UNC5C+GFRA1	39	0.977162	0.961354
CMCBSN	6	EYA4+ZNF793+SFMBT2+HOXA2+RALYL+GFRA1	37	0.977304	0.962485
CMCBSN	6	EYA4+ZNF793+SFMBT2+BEND5+UNC5C+RALYL	33	0.979448	0.946178
CMCBSN	6	EYA4+ZNF793+SFMBT2+BEND5+UNC5C+GFRA1	37	0.981067	0.944293
CMCBSN	6	EYA4+ZNF793+SFMBT2+BEND5+RALYL+GFRA1	35	0.980086	0.945989
CMCBSN	6	EYA4+ZNF793+SFMBT2+UNC5C+RALYL+GFRA1	35	0.980990	0.939580
CMCBSN	6	EYA4+ZNF793+ADHFE1+HOXA2+BEND5+UNC5C	36	0.975904	0.965878
CMCBSN	6	EYA4+ZNF793+ADHFE1+HOXA2+BEND5+RALYL	34	0.976229	0.966726
CMCBSN	6	EYA4+ZNF793+ADHFE1+HOXA2+BEND5+GFRA1	38	0.976973	0.965972
CMCBSN	6	EYA4+ZNF793+ADHFE1+HOXA2+UNC5C+RALYL	34	0.976459	0.964935
CMCBSN	6	EYA4+ZNF793+ADHFE1+HOXA2+UNC5C+GFRA1	38	0.976843	0.964558
CMCBSN	6	EYA4+ZNF793+ADHFE1+HOXA2+RALYL+GFRA1	36	0.977192	0.964935
CMCBSN	6	EYA4+ZNF793+ADHFE1+BEND5+UNC5C+RALYL	32	0.979383	0.952682
CMCBSN	6	EYA4+ZNF793+ADHFE1+BEND5+UNC5C+GFRA1	36	0.980393	0.950796
CMCBSN	6	EYA4+ZNF793+ADHFE1+BEND5+RALYL+GFRA1	34	0.980872	0.952587
CMCBSN	6	EYA4+ZNF793+ADHFE1+UNC5C+RALYL+GFRA1	34	0.980506	0.946555
CMCBSN	6	EYA4+ZNF793+HOXA2+BEND5+UNC5C+RALYL	33	0.974693	0.964558
CMCBSN	6	EYA4+ZNF793+HOXA2+BEND5+UNC5C+GFRA1	37	0.975384	0.962956
CMCBSN	6	EYA4+ZNF793+HOXA2+BEND5+RALYL+GFRA1	35	0.975809	0.964276
CMCBSN	6	EYA4+ZNF793+HOXA2+UNC5C+RALYL+GFRA1	35	0.976613	0.961165
CMCBSN	6	EYA4+ZNF793+BEND5+UNC5C+RALYL+GFRA1	33	0.977103	0.936563
CMCBSN	6	EYA4+SFMBT2+ADHFE1+HOXA2+BEND5+UNC5C	37	0.975886	0.963804
CMCBSN	6	EYA4+SFMBT2+ADHFE1+HOXA2+BEND5+RALYL	35	0.976252	0.964558
CMCBSN	6	EYA4+SFMBT2+ADHFE1+HOXA2+BEND5+GFRA1	39	0.977056	0.964653
CMCBSN	6	EYA4+SFMBT2+ADHFE1+HOXA2+UNC5C+RALYL	35	0.976430	0.962767
CMCBSN	6	EYA4+SFMBT2+ADHFE1+HOXA2+UNC5C+GFRA1	39	0.976997	0.962390
CMCBSN	6	EYA4+SFMBT2+ADHFE1+HOXA2+RALYL+GFRA1	37	0.977475	0.962767
CMCBSN	6	EYA4+SFMBT2+ADHFE1+BEND5+UNC5C+RALYL	33	0.980092	0.949760
CMCBSN	6	EYA4+SFMBT2+ADHFE1+BEND5+UNC5C+GFRA1	37	0.980842	0.946272
CMCBSN	6	EYA4+SFMBT2+ADHFE1+BEND5+RALYL+GFRA1	35	0.981415	0.949100
CMCBSN	6	EYA4+SFMBT2+ADHFE1+UNC5C+RALYL+GFRA1	35	0.980966	0.941936
CMCBSN	6	EYA4+SFMBT2+HOXA2+BEND5+UNC5C+RALYL	34	0.975047	0.962485
CMCBSN	6	EYA4+SFMBT2+HOXA2+BEND5+UNC5C+GFRA1	38	0.976571	0.917806
CMCBSN	6	EYA4+SFMBT2+HOXA2+BEND5+RALYL+GFRA1	36	0.976831	0.962108
CMCBSN	6	EYA4+SFMBT2+HOXA2+UNC5C+RALYL+GFRA1	36	0.976926	0.916392
CMCBSN	6	EYA4+SFMBT2+BEND5+UNC5C+RALYL+GFRA1	34	0.980523	0.937883
CMCBSN	6	EYA4+ADHFE1+HOXA2+BEND5+UNC5C+RALYL	33	0.975549	0.963710
CMCBSN	6	EYA4+ADHFE1+HOXA2+BEND5+UNC5C+GFRA1	37	0.976424	0.963993
CMCBSN	6	EYA4+ADHFE1+HOXA2+BEND5+RALYL+GFRA1	35	0.976825	0.964464
CMCBSN	6	EYA4+ADHFE1+HOXA2+UNC5C+RALYL+GFRA1	35	0.976453	0.962202
CMCBSN	6	EYA4+ADHFE1+BEND5+UNC5C+RALYL+GFRA1	33	0.980293	0.945141
CMCBSN	6	EYA4+HOXA2+BEND5+UNC5C+RALYL+GFRA1	34	0.975662	0.959374
CMCBSN	6	ZNF568+ZNF793+SFMBT2+ADHFE1+HOXA2+BEND5	32	0.975945	0.966255
CMCBSN	6	ZNF568+ZNF793+SFMBT2+ADHFE1+HOXA2+UNC5C	32	0.976831	0.963899
CMCBSN	6	ZNF568+ZNF793+SFMBT2+ADHFE1+HOXA2+RALYL	30	0.976944	0.964935
CMCBSN	6	ZNF568+ZNF793+SFMBT2+ADHFE1+HOXA2+GFRA1	34	0.977558	0.965030
CMCBSN	6	ZNF568+ZNF793+SFMBT2+ADHFE1+BEND5+UNC5C	30	0.980222	0.951268
CMCBSN	6	ZNF568+ZNF793+SFMBT2+ADHFE1+BEND5+RALYL	28	0.980393	0.954096
CMCBSN	6	ZNF568+ZNF793+SFMBT2+ADHFE1+BEND5+GFRA1	32	0.981356	0.950796
CMCBSN	6	ZNF568+ZNF793+SFMBT2+ADHFE1+UNC5C+RALYL	28	0.980825	0.946084
CMCBSN	6	ZNF568+ZNF793+SFMBT2+ADHFE1+UNC5C+GFRA1	32	0.981953	0.944198
CMCBSN	6	ZNF568+ZNF793+SFMBT2+ADHFE1+RALYL+GFRA1	30	0.982095	0.946366
CMCBSN	6	ZNF568+ZNF793+SFMBT2+HOXA2+BEND5+UNC5C	31	0.974970	0.965030
CMCBSN	6	ZNF568+ZNF793+SFMBT2+HOXA2+BEND5+RALYL	29	0.974905	0.965501
CMCBSN	6	ZNF568+ZNF793+SFMBT2+HOXA2+BEND5+GFRA1	33	0.975892	0.965312
CMCBSN	6	ZNF568+ZNF793+SFMBT2+HOXA2+UNC5C+RALYL	29	0.975939	0.962579
CMCBSN	6	ZNF568+ZNF793+SFMBT2+HOXA2+UNC5C+GFRA1	33	0.976477	0.961542
CMCBSN	6	ZNF568+ZNF793+SFMBT2+HOXA2+RALYL+GFRA1	31	0.977109	0.962862
CMCBSN	6	ZNF568+ZNF793+SFMBT2+BEND5+UNC5C+RALYL	27	0.979915	0.943444
CMCBSN	6	ZNF568+ZNF793+SFMBT2+BEND5+UNC5C+GFRA1	31	0.980901	0.941748
CMCBSN	6	ZNF568+ZNF793+SFMBT2+BEND5+RALYL+GFRA1	29	0.980210	0.945141
CMCBSN	6	ZNF568+ZNF793+SFMBT2+UNC5C+RALYL+GFRA1	29	0.981226	0.933547
CMCBSN	6	ZNF568+ZNF793+ADHFE1+HOXA2+BEND5+UNC5C	30	0.975591	0.964841
CMCBSN	6	ZNF568+ZNF793+ADHFE1+HOXA2+BEND5+RALYL	28	0.976022	0.965690
CMCBSN	6	ZNF568+ZNF793+ADHFE1+HOXA2+BEND5+GFRA1	32	0.976435	0.966726
CMCBSN	6	ZNF568+ZNF793+ADHFE1+HOXA2+UNC5C+RALYL	28	0.976335	0.963144
CMCBSN	6	ZNF568+ZNF793+ADHFE1+HOXA2+UNC5C+GFRA1	32	0.976790	0.963993
CMCBSN	6	ZNF568+ZNF793+ADHFE1+HOXA2+RALYL+GFRA1	30	0.977416	0.965407
CMCBSN	6	ZNF568+ZNF793+ADHFE1+BEND5+UNC5C+RALYL	26	0.979460	0.950325
CMCBSN	6	ZNF568+ZNF793+ADHFE1+BEND5+UNC5C+GFRA1	30	0.980441	0.946838
CMCBSN	6	ZNF568+ZNF793+ADHFE1+BEND5+RALYL+GFRA1	28	0.980435	0.950325
CMCBSN	6	ZNF568+ZNF793+ADHFE1+UNC5C+RALYL+GFRA1	28	0.981055	0.940993
CMCBSN	6	ZNF568+ZNF793+HOXA2+BEND5+UNC5C+RALYL	27	0.974321	0.963616
CMCBSN	6	ZNF568+ZNF793+HOXA2+BEND5+UNC5C+GFRA1	31	0.975195	0.964747
CMCBSN	6	ZNF568+ZNF793+HOXA2+BEND5+RALYL+GFRA1	29	0.975366	0.965030
CMCBSN	6	ZNF568+ZNF793+HOXA2+UNC5C+RALYL+GFRA1	29	0.975975	0.961071
CMCBSN	6	ZNF568+ZNF793+BEND5+UNC5C+RALYL+GFRA1	27	0.978952	0.937129
CMCBSN	6	ZNF568+SFMBT2+ADHFE1+HOXA2+BEND5+UNC5C	31	0.975626	0.963333
CMCBSN	6	ZNF568+SFMBT2+ADHFE1+HOXA2+BEND5+RALYL	29	0.976010	0.964558
CMCBSN	6	ZNF568+SFMBT2+ADHFE1+HOXA2+BEND5+GFRA1	33	0.977115	0.964370
CMCBSN	6	ZNF568+SFMBT2+ADHFE1+HOXA2+UNC5C+RALYL	29	0.976873	0.961259
CMCBSN	6	ZNF568+SFMBT2+ADHFE1+HOXA2+UNC5C+GFRA1	33	0.977381	0.961825
CMCBSN	6	ZNF568+SFMBT2+ADHFE1+HOXA2+RALYL+GFRA1	31	0.977954	0.963333
CMCBSN	6	ZNF568+SFMBT2+ADHFE1+BEND5+UNC5C+RALYL	27	0.980151	0.944387
CMCBSN	6	ZNF568+SFMBT2+ADHFE1+BEND5+UNC5C+GFRA1	31	0.981138	0.942313
CMCBSN	6	ZNF568+SFMBT2+ADHFE1+BEND5+RALYL+GFRA1	29	0.981303	0.943916
CMCBSN	6	ZNF568+SFMBT2+ADHFE1+UNC5C+RALYL+GFRA1	29	0.981652	0.936092
CMCBSN	6	ZNF568+SFMBT2+HOXA2+BEND5+UNC5C+RALYL	28	0.975295	0.961636
CMCBSN	6	ZNF568+SFMBT2+HOXA2+BEND5+UNC5C+GFRA1	32	0.976465	0.946178
CMCBSN	6	ZNF568+SFMBT2+HOXA2+BEND5+RALYL+GFRA1	30	0.976814	0.962862
CMCBSN	6	ZNF568+SFMBT2+HOXA2+UNC5C+RALYL+GFRA1	30	0.977103	0.958809
CMCBSN	6	ZNF568+SFMBT2+BEND5+UNC5C+RALYL+GFRA1	28	0.980517	0.934772
CMCBSN	6	ZNF568+ADHFE1+HOXA2+BEND5+UNC5C+RALYL	27	0.975673	0.962579
CMCBSN	6	ZNF568+ADHFE1+HOXA2+BEND5+UNC5C+GFRA1	31	0.976731	0.963050
CMCBSN	6	ZNF568+ADHFE1+HOXA2+BEND5+RALYL+GFRA1	29	0.976737	0.964276
CMCBSN	6	ZNF568+ADHFE1+HOXA2+UNC5C+RALYL+GFRA1	29	0.977286	0.960034
CMCBSN	6	ZNF568+ADHFE1+BEND5+UNC5C+RALYL+GFRA1	27	0.980376	0.939862
CMCBSN	6	ZNF568+HOXA2+BEND5+UNC5C+RALYL+GFRA1	28	0.975786	0.960694
CMCBSN	6	ZNF793+SFMBT2+ADHFE1+HOXA2+BEND5+UNC5C	30	0.975284	0.964841
CMCBSN	6	ZNF793+SFMBT2+ADHFE1+HOXA2+BEND5+RALYL	28	0.975608	0.965784
CMCBSN	6	ZNF793+SFMBT2+ADHFE1+HOXA2+BEND5+GFRA1	32	0.976548	0.966067
CMCBSN	6	ZNF793+SFMBT2+ADHFE1+HOXA2+UNC5C+RALYL	28	0.976063	0.963333
CMCBSN	6	ZNF793+SFMBT2+ADHFE1+HOXA2+UNC5C+GFRA1	32	0.976985	0.963333
CMCBSN	6	ZNF793+SFMBT2+ADHFE1+HOXA2+RALYL+GFRA1	30	0.977375	0.964464
CMCBSN	6	ZNF793+SFMBT2+ADHFE1+BEND5+UNC5C+RALYL	26	0.979395	0.951456
CMCBSN	6	ZNF793+SFMBT2+ADHFE1+BEND5+UNC5C+GFRA1	30	0.980984	0.947309
CMCBSN	6	ZNF793+SFMBT2+ADHFE1+BEND5+RALYL+GFRA1	28	0.981285	0.949383
CMCBSN	6	ZNF793+SFMBT2+ADHFE1+UNC5C+RALYL+GFRA1	28	0.981031	0.941182
CMCBSN	6	ZNF793+SFMBT2+HOXA2+BEND5+UNC5C+RALYL	27	0.974823	0.963333
CMCBSN	6	ZNF793+SFMBT2+HOXA2+BEND5+UNC5C+GFRA1	31	0.975786	0.962673
CMCBSN	6	ZNF793+SFMBT2+HOXA2+BEND5+RALYL+GFRA1	29	0.975963	0.963522
CMCBSN	6	ZNF793+SFMBT2+HOXA2+UNC5C+RALYL+GFRA1	29	0.976884	0.958432
CMCBSN	6	ZNF793+SFMBT2+BEND5+UNC5C+RALYL+GFRA1	27	0.980163	0.939108
CMCBSN	6	ZNF793+ADHFE1+HOXA2+BEND5+UNC5C+RALYL	26	0.974988	0.964747
CMCBSN	6	ZNF793+ADHFE1+HOXA2+BEND5+UNC5C+GFRA1	30	0.976199	0.965312
CMCBSN	6	ZNF793+ADHFE1+HOXA2+BEND5+RALYL+GFRA1	28	0.976170	0.966726
CMCBSN	6	ZNF793+ADHFE1+HOXA2+UNC5C+RALYL+GFRA1	28	0.976879	0.962956
CMCBSN	6	ZNF793+ADHFE1+BEND5+UNC5C+RALYL+GFRA1	26	0.979720	0.946272
CMCBSN	6	ZNF793+HOXA2+BEND5+UNC5C+RALYL+GFRA1	27	0.975095	0.962202
CMCBSN	6	SFMBT2+ADHFE1+HOXA2+BEND5+UNC5C+RALYL	27	0.975567	0.962296
CMCBSN	6	SFMBT2+ADHFE1+HOXA2+BEND5+UNC5C+GFRA1	31	0.976719	0.962767
CMCBSN	6	SFMBT2+ADHFE1+HOXA2+BEND5+RALYL+GFRA1	29	0.976914	0.963804
CMCBSN	6	SFMBT2+ADHFE1+HOXA2+UNC5C+RALYL+GFRA1	29	0.977032	0.960034
CMCBSN	6	SFMBT2+ADHFE1+BEND5+UNC5C+RALYL+GFRA1	27	0.980949	0.940145
CMCBSN	6	SFMBT2+HOXA2+BEND5+UNC5C+RALYL+GFRA1	28	0.976430	0.959468
CMCBSN	6	ADHFE1+HOXA2+BEND5+UNC5C+RALYL+GFRA1	27	0.976489	0.962296
CMCBSN	7	EYA4+ZNF568+ZNF793+SFMBT2+ADHFE1+HOXA2+BEND5	44	0.977115	0.965972
CMCBSN	7	EYA4+ZNF568+ZNF793+SFMBT2+ADHFE1+HOXA2+UNC5C	44	0.977133	0.964276
CMCBSN	7	EYA4+ZNF568+ZNF793+SFMBT2+ADHFE1+HOXA2+RALYL	42	0.977735	0.965030
CMCBSN	7	EYA4+ZNF568+ZNF793+SFMBT2+ADHFE1+HOXA2+GFRA1	46	0.978137	0.964370
CMCBSN	7	EYA4+ZNF568+ZNF793+SFMBT2+ADHFE1+BEND5+UNC5C	42	0.980523	0.952210
CMCBSN	7	EYA4+ZNF568+ZNF793+SFMBT2+ADHFE1+BEND5+RALYL	40	0.980866	0.953153
CMCBSN	7	EYA4+ZNF568+ZNF793+SFMBT2+ADHFE1+BEND5+GFRA1	44	0.981374	0.952022
CMCBSN	7	EYA4+ZNF568+ZNF793+SFMBT2+ADHFE1+UNC5C+RALYL	40	0.981049	0.949383
CMCBSN	7	EYA4+ZNF568+ZNF793+SFMBT2+ADHFE1+UNC5C+GFRA1	44	0.981569	0.947403
CMCBSN	7	EYA4+ZNF568+ZNF793+SFMBT2+ADHFE1+RALYL+GFRA1	42	0.981841	0.949477
CMCBSN	7	EYA4+ZNF568+ZNF793+SFMBT2+HOXA2+BEND5+UNC5C	43	0.975987	0.964087
CMCBSN	7	EYA4+ZNF568+ZNF793+SFMBT2+HOXA2+BEND5+RALYL	41	0.976418	0.965690
CMCBSN	7	EYA4+ZNF568+ZNF793+SFMBT2+HOXA2+BEND5+GFRA1	45	0.977020	0.964558
CMCBSN	7	EYA4+ZNF568+ZNF793+SFMBT2+HOXA2+UNC5C+RALYL	41	0.976412	0.963239
CMCBSN	7	EYA4+ZNF568+ZNF793+SFMBT2+HOXA2+UNC5C+GFRA1	45	0.977227	0.962202
CMCBSN	7	EYA4+ZNF568+ZNF793+SFMBT2+HOXA2+RALYL+GFRA1	43	0.977670	0.963427
CMCBSN	7	EYA4+ZNF568+ZNF793+SFMBT2+BEND5+UNC5C+RALYL	39	0.979844	0.944952
CMCBSN	7	EYA4+ZNF568+ZNF793+SFMBT2+BEND5+UNC5C+GFRA1	43	0.980707	0.943916
CMCBSN	7	EYA4+ZNF568+ZNF793+SFMBT2+BEND5+RALYL+GFRA1	41	0.980063	0.945706
CMCBSN	7	EYA4+ZNF568+ZNF793+SFMBT2+UNC5C+RALYL+GFRA1	41	0.980901	0.940334
CMCBSN	7	EYA4+ZNF568+ZNF793+ADHFE1+HOXA2+BEND5+UNC5C	42	0.976406	0.965690
CMCBSN	7	EYA4+ZNF568+ZNF793+ADHFE1+HOXA2+BEND5+RALYL	40	0.976861	0.966255
CMCBSN	7	EYA4+ZNF568+ZNF793+ADHFE1+HOXA2+BEND5+GFRA1	44	0.977263	0.965501
CMCBSN	7	EYA4+ZNF568+ZNF793+ADHFE1+HOXA2+UNC5C+RALYL	40	0.976595	0.964087
CMCBSN	7	EYA4+ZNF568+ZNF793+ADHFE1+HOXA2+UNC5C+GFRA1	44	0.977345	0.963616
CMCBSN	7	EYA4+ZNF568+ZNF793+ADHFE1+HOXA2+RALYL+GFRA1	42	0.977670	0.964464
CMCBSN	7	EYA4+ZNF568+ZNF793+ADHFE1+BEND5+UNC5C+RALYL	38	0.979915	0.951079
CMCBSN	7	EYA4+ZNF568+ZNF793+ADHFE1+BEND5+UNC5C+GFRA1	42	0.980494	0.949760
CMCBSN	7	EYA4+ZNF568+ZNF793+ADHFE1+BEND5+RALYL+GFRA1	40	0.980943	0.951456
CMCBSN	7	EYA4+ZNF568+ZNF793+ADHFE1+UNC5C+RALYL+GFRA1	40	0.980872	0.946649
CMCBSN	7	EYA4+ZNF568+ZNF793+HOXA2+BEND5+UNC5C+RALYL	39	0.975024	0.963804
CMCBSN	7	EYA4+ZNF568+ZNF793+HOXA2+BEND5+UNC5C+GFRA1	43	0.975892	0.962956
CMCBSN	7	EYA4+ZNF568+ZNF793+HOXA2+BEND5+RALYL+GFRA1	41	0.976176	0.964464
CMCBSN	7	EYA4+ZNF568+ZNF793+HOXA2+UNC5C+RALYL+GFRA1	41	0.976335	0.961448
CMCBSN	7	EYA4+ZNF568+ZNF793+BEND5+UNC5C+RALYL+GFRA1	39	0.977723	0.937694
CMCBSN	7	EYA4+ZNF568+SFMBT2+ADHFE1+HOXA2+BEND5+UNC5C	43	0.976258	0.963804
CMCBSN	7	EYA4+ZNF568+SFMBT2+ADHFE1+HOXA2+BEND5+RALYL	41	0.977073	0.964464
CMCBSN	7	EYA4+ZNF568+SFMBT2+ADHFE1+HOXA2+BEND5+GFRA1	45	0.977717	0.964276
CMCBSN	7	EYA4+ZNF568+SFMBT2+ADHFE1+HOXA2+UNC5C+RALYL	41	0.977032	0.962202
CMCBSN	7	EYA4+ZNF568+SFMBT2+ADHFE1+HOXA2+UNC5C+GFRA1	45	0.977658	0.962390
CMCBSN	7	EYA4+ZNF568+SFMBT2+ADHFE1+HOXA2+RALYL+GFRA1	43	0.978149	0.963333
CMCBSN	7	EYA4+ZNF568+SFMBT2+ADHFE1+BEND5+UNC5C+RALYL	39	0.980252	0.948817
CMCBSN	7	EYA4+ZNF568+SFMBT2+ADHFE1+BEND5+UNC5C+GFRA1	43	0.981026	0.945895
CMCBSN	7	EYA4+ZNF568+SFMBT2+ADHFE1+BEND5+RALYL+GFRA1	41	0.981303	0.947403
CMCBSN	7	EYA4+ZNF568+SFMBT2+ADHFE1+UNC5C+RALYL+GFRA1	41	0.981463	0.942030
CMCBSN	7	EYA4+ZNF568+SFMBT2+HOXA2+BEND5+UNC5C+RALYL	40	0.975230	0.961636
CMCBSN	7	EYA4+ZNF568+SFMBT2+HOXA2+BEND5+UNC5C+GFRA1	44	0.976672	0.961165
CMCBSN	7	EYA4+ZNF568+SFMBT2+HOXA2+BEND5+RALYL+GFRA1	42	0.977138	0.962767
CMCBSN	7	EYA4+ZNF568+SFMBT2+HOXA2+UNC5C+RALYL+GFRA1	42	0.977274	0.960128
CMCBSN	7	EYA4+ZNF568+SFMBT2+BEND5+UNC5C+RALYL+GFRA1	40	0.980346	0.940334
CMCBSN	7	EYA4+ZNF568+ADHFE1+HOXA2+BEND5+UNC5C+RALYL	39	0.976205	0.963899
CMCBSN	7	EYA4+ZNF568+ADHFE1+HOXA2+BEND5+UNC5C+GFRA1	43	0.976855	0.963050
CMCBSN	7	EYA4+ZNF568+ADHFE1+HOXA2+BEND5+RALYL+GFRA1	41	0.977174	0.963804
CMCBSN	7	EYA4+ZNF568+ADHFE1+HOXA2+UNC5C+RALYL+GFRA1	41	0.977345	0.962108
CMCBSN	7	EYA4+ZNF568+ADHFE1+BEND5+UNC5C+RALYL+GFRA1	39	0.980642	0.944858
CMCBSN	7	EYA4+ZNF568+HOXA2+BEND5+UNC5C+RALYL+GFRA1	40	0.975868	0.961448
CMCBSN	7	EYA4+ZNF793+SFMBT2+ADHFE1+HOXA2+BEND5+UNC5C	42	0.976205	0.964841
CMCBSN	7	EYA4+ZNF793+SFMBT2+ADHFE1+HOXA2+BEND5+RALYL	40	0.976306	0.965784
CMCBSN	7	EYA4+ZNF793+SFMBT2+ADHFE1+HOXA2+BEND5+GFRA1	44	0.977168	0.965312
CMCBSN	7	EYA4+ZNF793+SFMBT2+ADHFE1+HOXA2+UNC5C+RALYL	40	0.976495	0.963899
CMCBSN	7	EYA4+ZNF793+SFMBT2+ADHFE1+HOXA2+UNC5C+GFRA1	44	0.976890	0.963616
CMCBSN	7	EYA4+ZNF793+SFMBT2+ADHFE1+HOXA2+RALYL+GFRA1	42	0.977333	0.963616
CMCBSN	7	EYA4+ZNF793+SFMBT2+ADHFE1+BEND5+UNC5C+RALYL	38	0.980069	0.953059
CMCBSN	7	EYA4+ZNF793+SFMBT2+ADHFE1+BEND5+UNC5C+GFRA1	42	0.980766	0.950325
CMCBSN	7	EYA4+ZNF793+SFMBT2+ADHFE1+BEND5+RALYL+GFRA1	40	0.981350	0.952305
CMCBSN	7	EYA4+ZNF793+SFMBT2+ADHFE1+UNC5C+RALYL+GFRA1	40	0.981020	0.947026
CMCBSN	7	EYA4+ZNF793+SFMBT2+HOXA2+BEND5+UNC5C+RALYL	39	0.975148	0.964370
CMCBSN	7	EYA4+ZNF793+SFMBT2+HOXA2+BEND5+UNC5C+GFRA1	43	0.976170	0.963144
CMCBSN	7	EYA4+ZNF793+SFMBT2+HOXA2+BEND5+RALYL+GFRA1	41	0.976790	0.963333
CMCBSN	7	EYA4+ZNF793+SFMBT2+HOXA2+UNC5C+RALYL+GFRA1	41	0.977192	0.960411
CMCBSN	7	EYA4+ZNF793+SFMBT2+BEND5+UNC5C+RALYL+GFRA1	39	0.980275	0.942596
CMCBSN	7	EYA4+ZNF793+ADHFE1+HOXA2+BEND5+UNC5C+RALYL	38	0.975733	0.964935
CMCBSN	7	EYA4+ZNF793+ADHFE1+HOXA2+BEND5+UNC5C+GFRA1	42	0.976418	0.965218
CMCBSN	7	EYA4+ZNF793+ADHFE1+HOXA2+BEND5+RALYL+GFRA1	40	0.976914	0.965218
CMCBSN	7	EYA4+ZNF793+ADHFE1+HOXA2+UNC5C+RALYL+GFRA1	40	0.976524	0.963522
CMCBSN	7	EYA4+ZNF793+ADHFE1+BEND5+UNC5C+RALYL+GFRA1	38	0.980464	0.949194
CMCBSN	7	EYA4+ZNF793+HOXA2+BEND5+UNC5C+RALYL+GFRA1	39	0.975331	0.962013
CMCBSN	7	EYA4+SFMBT2+ADHFE1+HOXA2+BEND5+UNC5C+RALYL	39	0.975815	0.962673
CMCBSN	7	EYA4+SFMBT2+ADHFE1+HOXA2+BEND5+UNC5C+GFRA1	43	0.976619	0.962767
CMCBSN	7	EYA4+SFMBT2+ADHFE1+HOXA2+BEND5+RALYL+GFRA1	41	0.977121	0.963522
CMCBSN	7	EYA4+SFMBT2+ADHFE1+HOXA2+UNC5C+RALYL+GFRA1	41	0.976784	0.961542
CMCBSN	7	EYA4+SFMBT2+ADHFE1+BEND5+UNC5C+RALYL+GFRA1	39	0.980789	0.944952
CMCBSN	7	EYA4+SFMBT2+HOXA2+BEND5+UNC5C+RALYL+GFRA1	40	0.976252	0.960128
CMCBSN	7	EYA4+ADHFE1+HOXA2+BEND5+UNC5C+RALYL+GFRA1	39	0.976199	0.962956
CMCBSN	7	ZNF568+ZNF793+SFMBT2+ADHFE1+HOXA2+BEND5+UNC5C	36	0.975727	0.964087
CMCBSN	7	ZNF568+ZNF793+SFMBT2+ADHFE1+HOXA2+BEND5+RALYL	34	0.976063	0.965124
CMCBSN	7	ZNF568+ZNF793+SFMBT2+ADHFE1+HOXA2+BEND5+GFRA1	38	0.976672	0.965501
CMCBSN	7	ZNF568+ZNF793+SFMBT2+ADHFE1+HOXA2+UNC5C+RALYL	34	0.976678	0.963616
CMCBSN	7	ZNF568+ZNF793+SFMBT2+ADHFE1+HOXA2+UNC5C+GFRA1	38	0.977079	0.963427
CMCBSN	7	ZNF568+ZNF793+SFMBT2+ADHFE1+HOXA2+RALYL+GFRA1	36	0.977564	0.964747
CMCBSN	7	ZNF568+ZNF793+SFMBT2+ADHFE1+BEND5+UNC5C+RALYL	32	0.980328	0.949006
CMCBSN	7	ZNF568+ZNF793+SFMBT2+ADHFE1+BEND5+UNC5C+GFRA1	36	0.981102	0.947120
CMCBSN	7	ZNF568+ZNF793+SFMBT2+ADHFE1+BEND5+RALYL+GFRA1	34	0.981268	0.950042
CMCBSN	7	ZNF568+ZNF793+SFMBT2+ADHFE1+UNC5C+RALYL+GFRA1	34	0.981770	0.942690
CMCBSN	7	ZNF568+ZNF793+SFMBT2+HOXA2+BEND5+UNC5C+RALYL	33	0.975154	0.964087
CMCBSN	7	ZNF568+ZNF793+SFMBT2+HOXA2+BEND5+UNC5C+GFRA1	37	0.975916	0.963333
CMCBSN	7	ZNF568+ZNF793+SFMBT2+HOXA2+BEND5+RALYL+GFRA1	35	0.976158	0.964370
CMCBSN	7	ZNF568+ZNF793+SFMBT2+HOXA2+UNC5C+RALYL+GFRA1	35	0.976955	0.960599
CMCBSN	7	ZNF568+ZNF793+SFMBT2+BEND5+UNC5C+RALYL+GFRA1	33	0.980092	0.940805
CMCBSN	7	ZNF568+ZNF793+ADHFE1+HOXA2+BEND5+UNC5C+RALYL	32	0.975597	0.964653
CMCBSN	7	ZNF568+ZNF793+ADHFE1+HOXA2+BEND5+UNC5C+GFRA1	36	0.976306	0.964841
CMCBSN	7	ZNF568+ZNF793+ADHFE1+HOXA2+BEND5+RALYL+GFRA1	34	0.976453	0.966255
CMCBSN	7	ZNF568+ZNF793+ADHFE1+HOXA2+UNC5C+RALYL+GFRA1	34	0.977162	0.963427
CMCBSN	7	ZNF568+ZNF793+ADHFE1+BEND5+UNC5C+RALYL+GFRA1	32	0.980370	0.945329
CMCBSN	7	ZNF568+ZNF793+HOXA2+BEND5+UNC5C+RALYL+GFRA1	33	0.975242	0.963993
CMCBSN	7	ZNF568+SFMBT2+ADHFE1+HOXA2+BEND5+UNC5C+RALYL	33	0.975762	0.962673
CMCBSN	7	ZNF568+SFMBT2+ADHFE1+HOXA2+BEND5+UNC5C+GFRA1	37	0.976625	0.962767
CMCBSN	7	ZNF568+SFMBT2+ADHFE1+HOXA2+BEND5+RALYL+GFRA1	35	0.977227	0.963710
CMCBSN	7	ZNF568+SFMBT2+ADHFE1+HOXA2+UNC5C+RALYL+GFRA1	35	0.977481	0.961165
CMCBSN	7	ZNF568+SFMBT2+ADHFE1+BEND5+UNC5C+RALYL+GFRA1	33	0.980748	0.941465
CMCBSN	7	ZNF568+SFMBT2+HOXA2+BEND5+UNC5C+RALYL+GFRA1	34	0.976435	0.960788
CMCBSN	7	ZNF568+ADHFE1+HOXA2+BEND5+UNC5C+RALYL+GFRA1	33	0.976713	0.962673
CMCBSN	7	ZNF793+SFMBT2+ADHFE1+HOXA2+BEND5+UNC5C+RALYL	32	0.975171	0.964370
CMCBSN	7	ZNF793+SFMBT2+ADHFE1+HOXA2+BEND5+UNC5C+GFRA1	36	0.976500	0.964370
CMCBSN	7	ZNF793+SFMBT2+ADHFE1+HOXA2+BEND5+RALYL+GFRA1	34	0.976743	0.965124
CMCBSN	7	ZNF793+SFMBT2+ADHFE1+HOXA2+UNC5C+RALYL+GFRA1	34	0.976908	0.962485
CMCBSN	7	ZNF793+SFMBT2+ADHFE1+BEND5+UNC5C+RALYL+GFRA1	32	0.981043	0.945801
CMCBSN	7	ZNF793+SFMBT2+HOXA2+BEND5+UNC5C+RALYL+GFRA1	33	0.975715	0.961071
CMCBSN	7	ZNF793+ADHFE1+HOXA2+BEND5+UNC5C+RALYL+GFRA1	32	0.976311	0.964370
CMCBSN	7	SFMBT2+ADHFE1+HOXA2+BEND5+UNC5C+RALYL+GFRA1	33	0.976737	0.962013
CMCBSN	8	EYA4+ZNF568+ZNF793+SFMBT2+ADHFE1+HOXA2+BEND5+UNC5C	48	0.976459	0.964653
CMCBSN	8	EYA4+ZNF568+ZNF793+SFMBT2+ADHFE1+HOXA2+BEND5+RALYL	46	0.977109	0.965407
CMCBSN	8	EYA4+ZNF568+ZNF793+SFMBT2+ADHFE1+HOXA2+BEND5+GFRA1	50	0.977564	0.964464
CMCBSN	8	EYA4+ZNF568+ZNF793+SFMBT2+ADHFE1+HOXA2+UNC5C+RALYL	46	0.976973	0.963804
CMCBSN	8	EYA4+ZNF568+ZNF793+SFMBT2+ADHFE1+HOXA2+UNC5C+GFRA1	50	0.977546	0.963050
CMCBSN	8	EYA4+ZNF568+ZNF793+SFMBT2+ADHFE1+HOXA2+RALYL+GFRA1	48	0.977948	0.964087
CMCBSN	8	EYA4+ZNF568+ZNF793+SFMBT2+ADHFE1+BEND5+UNC5C+RALYL	44	0.980246	0.951079
CMCBSN	8	EYA4+ZNF568+ZNF793+SFMBT2+ADHFE1+BEND5+UNC5C+GFRA1	48	0.980919	0.949194
CMCBSN	8	EYA4+ZNF568+ZNF793+SFMBT2+ADHFE1+BEND5+RALYL+GFRA1	46	0.981309	0.950796
CMCBSN	8	EYA4+ZNF568+ZNF793+SFMBT2+ADHFE1+UNC5C+RALYL+GFRA1	46	0.981327	0.946743
CMCBSN	8	EYA4+ZNF568+ZNF793+SFMBT2+HOXA2+BEND5+UNC5C+RALYL	45	0.975508	0.963333
CMCBSN	8	EYA4+ZNF568+ZNF793+SFMBT2+HOXA2+BEND5+UNC5C+GFRA1	49	0.976435	0.962108
CMCBSN	8	EYA4+ZNF568+ZNF793+SFMBT2+HOXA2+BEND5+RALYL+GFRA1	47	0.977026	0.964181
CMCBSN	8	EYA4+ZNF568+ZNF793+SFMBT2+HOXA2+UNC5C+RALYL+GFRA1	47	0.977180	0.961636
CMCBSN	8	EYA4+ZNF568+ZNF793+SFMBT2+BEND5+UNC5C+RALYL+GFRA1	45	0.980323	0.943067
CMCBSN	8	EYA4+ZNF568+ZNF793+ADHFE1+HOXA2+BEND5+UNC5C+RALYL	44	0.976246	0.964747
CMCBSN	8	EYA4+ZNF568+ZNF793+ADHFE1+HOXA2+BEND5+UNC5C+GFRA1	48	0.976861	0.964087
CMCBSN	8	EYA4+ZNF568+ZNF793+ADHFE1+HOXA2+BEND5+RALYL+GFRA1	46	0.977180	0.965124
CMCBSN	8	EYA4+ZNF568+ZNF793+ADHFE1+HOXA2+UNC5C+RALYL+GFRA1	46	0.977227	0.962767
CMCBSN	8	EYA4+ZNF568+ZNF793+ADHFE1+BEND5+UNC5C+RALYL+GFRA1	44	0.980488	0.948534
CMCBSN	8	EYA4+ZNF568+ZNF793+HOXA2+BEND5+UNC5C+RALYL+GFRA1	45	0.975721	0.963144
CMCBSN	8	EYA4+ZNF568+SFMBT2+ADHFE1+HOXA2+BEND5+UNC5C+RALYL	45	0.976276	0.963144
CMCBSN	8	EYA4+ZNF568+SFMBT2+ADHFE1+HOXA2+BEND5+UNC5C+GFRA1	49	0.976997	0.962862
CMCBSN	8	EYA4+ZNF568+SFMBT2+ADHFE1+HOXA2+BEND5+RALYL+GFRA1	47	0.977446	0.964276
CMCBSN	8	EYA4+ZNF568+SFMBT2+ADHFE1+HOXA2+UNC5C+RALYL+GFRA1	47	0.977522	0.961731
CMCBSN	8	EYA4+ZNF568+SFMBT2+ADHFE1+BEND5+UNC5C+RALYL+GFRA1	45	0.980955	0.944952
CMCBSN	8	EYA4+ZNF568+SFMBT2+HOXA2+BEND5+UNC5C+RALYL+GFRA1	46	0.976152	0.960977
CMCBSN	8	EYA4+ZNF568+ADHFE1+HOXA2+BEND5+UNC5C+RALYL+GFRA1	45	0.976625	0.962579
CMCBSN	8	EYA4+ZNF793+SFMBT2+ADHFE1+HOXA2+BEND5+UNC5C+RALYL	44	0.975998	0.963993
CMCBSN	8	EYA4+ZNF793+SFMBT2+ADHFE1+HOXA2+BEND5+UNC5C+GFRA1	48	0.976719	0.964181
CMCBSN	8	EYA4+ZNF793+SFMBT2+ADHFE1+HOXA2+BEND5+RALYL+GFRA1	46	0.977044	0.964841
CMCBSN	8	EYA4+ZNF793+SFMBT2+ADHFE1+HOXA2+UNC5C+RALYL+GFRA1	46	0.976784	0.962767
CMCBSN	8	EYA4+ZNF793+SFMBT2+ADHFE1+BEND5+UNC5C+RALYL+GFRA1	44	0.980642	0.949477
CMCBSN	8	EYA4+ZNF793+SFMBT2+HOXA2+BEND5+UNC5C+RALYL+GFRA1	45	0.976087	0.962296
CMCBSN	8	EYA4+ZNF793+ADHFE1+HOXA2+BEND5+UNC5C+RALYL+GFRA1	44	0.976087	0.963899
CMCBSN	8	EYA4+SFMBT2+ADHFE1+HOXA2+BEND5+UNC5C+RALYL+GFRA1	45	0.976388	0.962485
CMCBSN	8	ZNF568+ZNF793+SFMBT2+ADHFE1+HOXA2+BEND5+UNC5C+RALYL	38	0.975951	0.963710
CMCBSN	8	ZNF568+ZNF793+SFMBT2+ADHFE1+HOXA2+BEND5+UNC5C+GFRA1	42	0.976495	0.964464
CMCBSN	8	ZNF568+ZNF793+SFMBT2+ADHFE1+HOXA2+BEND5+RALYL+GFRA1	40	0.977038	0.964935
CMCBSN	8	ZNF568+ZNF793+SFMBT2+ADHFE1+HOXA2+UNC5C+RALYL+GFRA1	40	0.977239	0.962579
CMCBSN	8	ZNF568+ZNF793+SFMBT2+ADHFE1+BEND5+UNC5C+RALYL+GFRA1	38	0.980754	0.945612
CMCBSN	8	ZNF568+ZNF793+SFMBT2+HOXA2+BEND5+UNC5C+RALYL+GFRA1	39	0.975478	0.962767
CMCBSN	8	ZNF568+ZNF793+ADHFE1+HOXA2+BEND5+UNC5C+RALYL+GFRA1	38	0.976306	0.964464
CMCBSN	8	ZNF568+SFMBT2+ADHFE1+HOXA2+BEND5+UNC5C+RALYL+GFRA1	39	0.976701	0.961825
CMCBSN	8	ZNF793+SFMBT2+ADHFE1+HOXA2+BEND5+UNC5C+RALYL+GFRA1	38	0.976560	0.963427
CMCBSN	9	EYA4+ZNF568+ZNF793+SFMBT2+ADHFE1+HOXA2+BEND5+UNC5C+RALYL	50	0.976388	0.963993
CMCBSN	9	EYA4+ZNF568+ZNF793+SFMBT2+ADHFE1+HOXA2+BEND5+UNC5C+GFRA1	54	0.977221	0.963616
CMCBSN	9	EYA4+ZNF568+ZNF793+SFMBT2+ADHFE1+HOXA2+BEND5+RALYL+GFRA1	52	0.977493	0.964558
CMCBSN	9	EYA4+ZNF568+ZNF793+SFMBT2+ADHFE1+HOXA2+UNC5C+RALYL+GFRA1	52	0.977398	0.962296
CMCBSN	9	EYA4+ZNF568+ZNF793+SFMBT2+ADHFE1+BEND5+UNC5C+RALYL+GFRA1	50	0.980872	0.948629
CMCBSN	9	EYA4+ZNF568+ZNF793+SFMBT2+HOXA2+BEND5+UNC5C+RALYL+GFRA1	51	0.976099	0.962296
CMCBSN	9	EYA4+ZNF568+ZNF793+ADHFE1+HOXA2+BEND5+UNC5C+RALYL+GFRA1	50	0.976743	0.963710
CMCBSN	9	EYA4+ZNF568+SFMBT2+ADHFE1+HOXA2+BEND5+UNC5C+RALYL+GFRA1	51	0.976932	0.962485
CMCBSN	9	EYA4+ZNF793+SFMBT2+ADHFE1+HOXA2+BEND5+UNC5C+RALYL+GFRA1	50	0.976300	0.963427
CMCBSN	9	ZNF568+ZNF793+SFMBT2+ADHFE1+HOXA2+BEND5+UNC5C+RALYL+GFRA1	44	0.976441	0.963239
CMCBSN	10	EYA4+ZNF568+ZNF793+SFMBT2+ADHFE1+HOXA2+BEND5+UNC5C+RALYL+GFRA1	56	0.977127	0.963522
SNUH	1	EYA4	12	0.954602	0.901210
SNUH	1	ZNF568	6	0.967326	0.934239
SNUH	1	ZNF793	5	0.884405	0.840309
SNUH	1	SFMBT2	6	0.983170	0.980460
SNUH	1	ADHFE1	5	0.980417	0.948225
SNUH	1	HOXA2	6	0.972578	0.962507
SNUH	1	BEND5	4	0.925868	0.923130
SNUH	1	UNC5C	4	0.975195	0.952341
SNUH	1	RALYL	2	0.936224	0.863172
SNUH	1	GFRA1	6	0.971586	0.927048
SNUH	2	EYA4+ZNF568	18	0.971497	0.955118
SNUH	2	EYA4+ZNF793	17	0.960952	0.968756
SNUH	2	EYA4+SFMBT2	18	0.981150	0.979419
SNUH	2	EYA4+ADHFE1	17	0.980937	0.975451
SNUH	2	EYA4+HOXA2	18	0.974628	0.975898
SNUH	2	EYA4+BEND5	16	0.960616	0.924023
SNUH	2	EYA4+UNC5C	16	0.970646	0.972773
SNUH	2	EYA4+RALYL	14	0.958164	0.963301
SNUH	2	EYA4+GFRA1	18	0.970073	0.965632
SNUH	2	ZNF568+ZNF793	11	0.977481	0.928933
SNUH	2	ZNF568+SFMBT2	12	0.981321	0.976691
SNUH	2	ZNF568+ADHFE1	11	0.980984	0.965632
SNUH	2	ZNF568+HOXA2	12	0.974628	0.974856
SNUH	2	ZNF568+BEND5	10	0.974380	0.960226
SNUH	2	ZNF568+UNC5C	10	0.979005	0.961168
SNUH	2	ZNF568+RALYL	8	0.972454	0.929726
SNUH	2	ZNF568+GFRA1	12	0.974138	0.937909
SNUH	2	ZNF793+SFMBT2	11	0.981480	0.982394
SNUH	2	ZNF793+ADHFE1	10	0.978869	0.968260
SNUH	2	ZNF793+HOXA2	11	0.973700	0.970244
SNUH	2	ZNF793+BEND5	9	0.954070	0.965731
SNUH	2	ZNF793+UNC5C	9	0.976873	0.966177
SNUH	2	ZNF793+RALYL	7	0.966458	0.929280
SNUH	2	ZNF793+GFRA1	11	0.973133	0.950952
SNUH	2	SFMBT2+ADHFE1	11	0.981923	0.984031
SNUH	2	SFMBT2+HOXA2	12	0.976489	0.981105
SNUH	2	SFMBT2+BEND5	10	0.980718	0.982890
SNUH	2	SFMBT2+UNC5C	10	0.981817	0.980807
SNUH	2	SFMBT2+RALYL	8	0.980689	0.978923
SNUH	2	SFMBT2+GFRA1	12	0.982928	0.975402
SNUH	2	ADHFE1+HOXA2	11	0.977404	0.958937
SNUH	2	ADHFE1+BEND5	9	0.978828	0.964293
SNUH	2	ADHFE1+UNC5C	9	0.978793	0.972426
SNUH	2	ADHFE1+RALYL	7	0.979879	0.960573
SNUH	2	ADHFE1+GFRA1	11	0.982047	0.975203
SNUH	2	HOXA2+BEND5	10	0.973494	0.972922
SNUH	2	HOXA2+UNC5C	10	0.975024	0.973220
SNUH	2	HOXA2+RALYL	8	0.974888	0.965285
SNUH	2	HOXA2+GFRA1	12	0.976713	0.974509
SNUH	2	BEND5+UNC5C	8	0.976128	0.967169
SNUH	2	BEND5+RALYL	6	0.965655	0.949415
SNUH	2	BEND5+GFRA1	10	0.979596	0.967417
SNUH	2	UNC5C+RALYL	6	0.970315	0.955961
SNUH	2	UNC5C+GFRA1	10	0.978728	0.962607
SNUH	2	RALYL+GFRA1	8	0.970280	0.940290
SNUH	3	EYA4+ZNF568+ZNF793	23	0.971432	0.969500
SNUH	3	EYA4+ZNF568+SFMBT2	24	0.981374	0.977981
SNUH	3	EYA4+ZNF568+ADHFE1	23	0.981652	0.974856
SNUH	3	EYA4+ZNF568+HOXA2	24	0.976471	0.976642
SNUH	3	EYA4+ZNF568+BEND5	22	0.970699	0.920155
SNUH	3	EYA4+ZNF568+UNC5C	22	0.977794	0.972228
SNUH	3	EYA4+ZNF568+RALYL	20	0.970528	0.955763
SNUH	3	EYA4+ZNF568+GFRA1	24	0.975289	0.968409
SNUH	3	EYA4+ZNF793+SFMBT2	23	0.980766	0.979468
SNUH	3	EYA4+ZNF793+ADHFE1	22	0.980943	0.975550
SNUH	3	EYA4+ZNF793+HOXA2	23	0.975177	0.976195
SNUH	3	EYA4+ZNF793+BEND5	21	0.960356	0.967864
SNUH	3	EYA4+ZNF793+UNC5C	21	0.974008	0.973170
SNUH	3	EYA4+ZNF793+RALYL	19	0.966239	0.968310
SNUH	3	EYA4+ZNF793+GFRA1	23	0.971840	0.969153
SNUH	3	EYA4+SFMBT2+ADHFE1	23	0.981717	0.982494
SNUH	3	EYA4+SFMBT2+HOXA2	24	0.976205	0.947778
SNUH	3	EYA4+SFMBT2+BEND5	22	0.980323	0.981700
SNUH	3	EYA4+SFMBT2+UNC5C	22	0.981108	0.980113
SNUH	3	EYA4+SFMBT2+RALYL	20	0.980411	0.981849
SNUH	3	EYA4+SFMBT2+GFRA1	24	0.981764	0.977881
SNUH	3	EYA4+ADHFE1+HOXA2	23	0.976914	0.976840
SNUH	3	EYA4+ADHFE1+BEND5	21	0.980393	0.977981
SNUH	3	EYA4+ADHFE1+UNC5C	21	0.979785	0.976989
SNUH	3	EYA4+ADHFE1+RALYL	19	0.980305	0.974459
SNUH	3	EYA4+ADHFE1+GFRA1	23	0.981132	0.976294
SNUH	3	EYA4+HOXA2+BEND5	22	0.974149	0.977832
SNUH	3	EYA4+HOXA2+UNC5C	22	0.975106	0.977088
SNUH	3	EYA4+HOXA2+RALYL	20	0.975378	0.975055
SNUH	3	EYA4+HOXA2+GFRA1	24	0.976495	0.976493
SNUH	3	EYA4+BEND5+UNC5C	20	0.973860	0.978080
SNUH	3	EYA4+BEND5+RALYL	18	0.966511	0.974261
SNUH	3	EYA4+BEND5+GFRA1	22	0.972147	0.957994
SNUH	3	EYA4+UNC5C+RALYL	18	0.969217	0.972773
SNUH	3	EYA4+UNC5C+GFRA1	22	0.976985	0.974211
SNUH	3	EYA4+RALYL+GFRA1	20	0.968537	0.965632
SNUH	3	ZNF568+ZNF793+SFMBT2	17	0.981297	0.977534
SNUH	3	ZNF568+ZNF793+ADHFE1	16	0.980476	0.968111
SNUH	3	ZNF568+ZNF793+HOXA2	17	0.974876	0.975550
SNUH	3	ZNF568+ZNF793+BEND5	15	0.976187	0.967169
SNUH	3	ZNF568+ZNF793+UNC5C	15	0.978899	0.964392
SNUH	3	ZNF568+ZNF793+RALYL	13	0.974415	0.941331
SNUH	3	ZNF568+ZNF793+GFRA1	17	0.975018	0.951399
SNUH	3	ZNF568+SFMBT2+ADHFE1	17	0.981953	0.981601
SNUH	3	ZNF568+SFMBT2+HOXA2	18	0.976288	0.981303
SNUH	3	ZNF568+SFMBT2+BEND5	16	0.980423	0.981353
SNUH	3	ZNF568+SFMBT2+UNC5C	16	0.981203	0.976790
SNUH	3	ZNF568+SFMBT2+RALYL	14	0.980512	0.973468
SNUH	3	ZNF568+SFMBT2+GFRA1	18	0.982101	0.973765
SNUH	3	ZNF568+ADHFE1+HOXA2	17	0.976778	0.975451
SNUH	3	ZNF568+ADHFE1+BEND5	15	0.980299	0.968062
SNUH	3	ZNF568+ADHFE1+UNC5C	15	0.980086	0.970938
SNUH	3	ZNF568+ADHFE1+RALYL	13	0.980736	0.966524
SNUH	3	ZNF568+ADHFE1+GFRA1	17	0.981935	0.974360
SNUH	3	ZNF568+HOXA2+BEND5	16	0.974492	0.976840
SNUH	3	ZNF568+HOXA2+UNC5C	16	0.974628	0.976046
SNUH	3	ZNF568+HOXA2+RALYL	14	0.974823	0.973666
SNUH	3	ZNF568+HOXA2+GFRA1	18	0.976944	0.975650
SNUH	3	ZNF568+BEND5+UNC5C	14	0.978190	0.974360
SNUH	3	ZNF568+BEND5+RALYL	12	0.973263	0.960920
SNUH	3	ZNF568+BEND5+GFRA1	16	0.979939	0.969004
SNUH	3	ZNF568+UNC5C+RALYL	12	0.978113	0.959234
SNUH	3	ZNF568+UNC5C+GFRA1	16	0.979224	0.963499
SNUH	3	ZNF568+RALYL+GFRA1	14	0.973647	0.941430
SNUH	3	ZNF793+SFMBT2+ADHFE1	16	0.981043	0.985420
SNUH	3	ZNF793+SFMBT2+HOXA2	17	0.976199	0.979716
SNUH	3	ZNF793+SFMBT2+BEND5	15	0.980074	0.983386
SNUH	3	ZNF793+SFMBT2+UNC5C	15	0.981155	0.980510
SNUH	3	ZNF793+SFMBT2+RALYL	13	0.980004	0.980361
SNUH	3	ZNF793+SFMBT2+GFRA1	17	0.982603	0.978030
SNUH	3	ZNF793+ADHFE1+HOXA2	16	0.976111	0.975947
SNUH	3	ZNF793+ADHFE1+BEND5	14	0.977824	0.971732
SNUH	3	ZNF793+ADHFE1+UNC5C	14	0.978733	0.972773
SNUH	3	ZNF793+ADHFE1+RALYL	12	0.979442	0.969401
SNUH	3	ZNF793+ADHFE1+GFRA1	16	0.981788	0.975898
SNUH	3	ZNF793+HOXA2+BEND5	15	0.973299	0.974261
SNUH	3	ZNF793+HOXA2+UNC5C	15	0.974067	0.975104
SNUH	3	ZNF793+HOXA2+RALYL	13	0.974332	0.971137
SNUH	3	ZNF793+HOXA2+GFRA1	17	0.976394	0.976294
SNUH	3	ZNF793+BEND5+UNC5C	13	0.977073	0.976939
SNUH	3	ZNF793+BEND5+RALYL	11	0.967190	0.968756
SNUH	3	ZNF793+BEND5+GFRA1	15	0.979436	0.975848
SNUH	3	ZNF793+UNC5C+RALYL	11	0.977416	0.966524
SNUH	3	ZNF793+UNC5C+GFRA1	15	0.979171	0.969649
SNUH	3	ZNF793+RALYL+GFRA1	13	0.973240	0.951299
SNUH	3	SFMBT2+ADHFE1+HOXA2	17	0.977026	0.981452
SNUH	3	SFMBT2+ADHFE1+BEND5	15	0.980831	0.984775
SNUH	3	SFMBT2+ADHFE1+UNC5C	15	0.980961	0.984874
SNUH	3	SFMBT2+ADHFE1+RALYL	13	0.981415	0.983733
SNUH	3	SFMBT2+ADHFE1+GFRA1	17	0.982786	0.983089
SNUH	3	SFMBT2+HOXA2+BEND5	16	0.975349	0.978328
SNUH	3	SFMBT2+HOXA2+UNC5C	16	0.976181	0.979270
SNUH	3	SFMBT2+HOXA2+RALYL	14	0.976246	0.980609
SNUH	3	SFMBT2+HOXA2+GFRA1	18	0.977345	0.983138
SNUH	3	SFMBT2+BEND5+UNC5C	14	0.980966	0.983138
SNUH	3	SFMBT2+BEND5+RALYL	12	0.979253	0.981353
SNUH	3	SFMBT2+BEND5+GFRA1	16	0.981876	0.981155
SNUH	3	SFMBT2+UNC5C+RALYL	12	0.980618	0.978576
SNUH	3	SFMBT2+UNC5C+GFRA1	16	0.982449	0.976790
SNUH	3	SFMBT2+RALYL+GFRA1	14	0.981658	0.973170
SNUH	3	ADHFE1+HOXA2+BEND5	15	0.975786	0.961416
SNUH	3	ADHFE1+HOXA2+UNC5C	15	0.976766	0.976344
SNUH	3	ADHFE1+HOXA2+RALYL	13	0.976790	0.974360
SNUH	3	ADHFE1+HOXA2+GFRA1	17	0.977558	0.976394
SNUH	3	ADHFE1+BEND5+UNC5C	13	0.978066	0.975402
SNUH	3	ADHFE1+BEND5+RALYL	11	0.979815	0.970690
SNUH	3	ADHFE1+BEND5+GFRA1	15	0.980878	0.977881
SNUH	3	ADHFE1+UNC5C+RALYL	11	0.978320	0.971881
SNUH	3	ADHFE1+UNC5C+GFRA1	15	0.980624	0.977237
SNUH	3	ADHFE1+RALYL+GFRA1	13	0.981593	0.972724
SNUH	3	HOXA2+BEND5+UNC5C	14	0.974315	0.976691
SNUH	3	HOXA2+BEND5+RALYL	12	0.973913	0.973567
SNUH	3	HOXA2+BEND5+GFRA1	16	0.975786	0.978675
SNUH	3	HOXA2+UNC5C+RALYL	12	0.974941	0.973220
SNUH	3	HOXA2+UNC5C+GFRA1	16	0.976229	0.976096
SNUH	3	HOXA2+RALYL+GFRA1	14	0.976577	0.976394
SNUH	3	BEND5+UNC5C+RALYL	10	0.978084	0.968756
SNUH	3	BEND5+UNC5C+GFRA1	14	0.980263	0.973468
SNUH	3	BEND5+RALYL+GFRA1	12	0.977771	0.965731
SNUH	3	UNC5C+RALYL+GFRA1	12	0.977540	0.963152
SNUH	4	EYA4+ZNF568+ZNF793+SFMBT2	29	0.981144	0.979022
SNUH	4	EYA4+ZNF568+ZNF793+ADHFE1	28	0.981469	0.975154
SNUH	4	EYA4+ZNF568+ZNF793+HOXA2	29	0.976471	0.976840
SNUH	4	EYA4+ZNF568+ZNF793+BEND5	27	0.970404	0.934636
SNUH	4	EYA4+ZNF568+ZNF793+UNC5C	27	0.977658	0.972377
SNUH	4	EYA4+ZNF568+ZNF793+RALYL	25	0.970664	0.968260
SNUH	4	EYA4+ZNF568+ZNF793+GFRA1	29	0.974811	0.970542
SNUH	4	EYA4+ZNF568+SFMBT2+ADHFE1	29	0.982207	0.980857
SNUH	4	EYA4+ZNF568+SFMBT2+HOXA2	30	0.976997	0.980113
SNUH	4	EYA4+ZNF568+SFMBT2+BEND5	28	0.980582	0.980559
SNUH	4	EYA4+ZNF568+SFMBT2+UNC5C	28	0.981220	0.978724
SNUH	4	EYA4+ZNF568+SFMBT2+RALYL	26	0.980340	0.977286
SNUH	4	EYA4+ZNF568+SFMBT2+GFRA1	30	0.981581	0.976840
SNUH	4	EYA4+ZNF568+ADHFE1+HOXA2	29	0.977398	0.977237
SNUH	4	EYA4+ZNF568+ADHFE1+BEND5	27	0.980919	0.976642
SNUH	4	EYA4+ZNF568+ADHFE1+UNC5C	27	0.980529	0.976146
SNUH	4	EYA4+ZNF568+ADHFE1+RALYL	25	0.981108	0.973468
SNUH	4	EYA4+ZNF568+ADHFE1+GFRA1	29	0.981752	0.975650
SNUH	4	EYA4+ZNF568+HOXA2+BEND5	28	0.976004	0.977931
SNUH	4	EYA4+ZNF568+HOXA2+UNC5C	28	0.975756	0.977187
SNUH	4	EYA4+ZNF568+HOXA2+RALYL	26	0.976483	0.975402
SNUH	4	EYA4+ZNF568+HOXA2+GFRA1	30	0.977221	0.976790
SNUH	4	EYA4+ZNF568+BEND5+UNC5C	26	0.977641	0.976096
SNUH	4	EYA4+ZNF568+BEND5+RALYL	24	0.970032	0.973071
SNUH	4	EYA4+ZNF568+BEND5+GFRA1	28	0.974415	0.961466
SNUH	4	EYA4+ZNF568+UNC5C+RALYL	24	0.976884	0.972079
SNUH	4	EYA4+ZNF568+UNC5C+GFRA1	28	0.979289	0.973368
SNUH	4	EYA4+ZNF568+RALYL+GFRA1	26	0.974008	0.968062
SNUH	4	EYA4+ZNF793+SFMBT2+ADHFE1	28	0.981935	0.982097
SNUH	4	EYA4+ZNF793+SFMBT2+HOXA2	29	0.976577	0.980907
SNUH	4	EYA4+ZNF793+SFMBT2+BEND5	27	0.979436	0.981849
SNUH	4	EYA4+ZNF793+SFMBT2+UNC5C	27	0.981096	0.980063
SNUH	4	EYA4+ZNF793+SFMBT2+RALYL	25	0.980222	0.978774
SNUH	4	EYA4+ZNF793+SFMBT2+GFRA1	29	0.981610	0.979072
SNUH	4	EYA4+ZNF793+ADHFE1+HOXA2	28	0.977127	0.977237
SNUH	4	EYA4+ZNF793+ADHFE1+BEND5	26	0.980441	0.977832
SNUH	4	EYA4+ZNF793+ADHFE1+UNC5C	26	0.979791	0.976840
SNUH	4	EYA4+ZNF793+ADHFE1+RALYL	24	0.980429	0.974509
SNUH	4	EYA4+ZNF793+ADHFE1+GFRA1	28	0.981557	0.976443
SNUH	4	EYA4+ZNF793+HOXA2+BEND5	27	0.974179	0.977981
SNUH	4	EYA4+ZNF793+HOXA2+UNC5C	27	0.975272	0.977286
SNUH	4	EYA4+ZNF793+HOXA2+RALYL	25	0.975750	0.975600
SNUH	4	EYA4+ZNF793+HOXA2+GFRA1	29	0.976465	0.976890
SNUH	4	EYA4+ZNF793+BEND5+UNC5C	25	0.972572	0.978129
SNUH	4	EYA4+ZNF793+BEND5+RALYL	23	0.965330	0.975303
SNUH	4	EYA4+ZNF793+BEND5+GFRA1	27	0.971349	0.957746
SNUH	4	EYA4+ZNF793+UNC5C+RALYL	23	0.975284	0.973269
SNUH	4	EYA4+ZNF793+UNC5C+GFRA1	27	0.979147	0.974757
SNUH	4	EYA4+ZNF793+RALYL+GFRA1	25	0.972749	0.969946
SNUH	4	EYA4+SFMBT2+ADHFE1+HOXA2	29	0.977085	0.981303
SNUH	4	EYA4+SFMBT2+ADHFE1+BEND5	27	0.981161	0.983337
SNUH	4	EYA4+SFMBT2+ADHFE1+UNC5C	27	0.980642	0.982295
SNUH	4	EYA4+SFMBT2+ADHFE1+RALYL	25	0.981327	0.981650
SNUH	4	EYA4+SFMBT2+ADHFE1+GFRA1	29	0.981652	0.981055
SNUH	4	EYA4+SFMBT2+HOXA2+BEND5	28	0.975650	0.980708
SNUH	4	EYA4+SFMBT2+HOXA2+UNC5C	28	0.976116	0.980758
SNUH	4	EYA4+SFMBT2+HOXA2+RALYL	26	0.976376	0.980163
SNUH	4	EYA4+SFMBT2+HOXA2+GFRA1	30	0.977268	0.967417
SNUH	4	EYA4+SFMBT2+BEND5+UNC5C	26	0.980606	0.982047
SNUH	4	EYA4+SFMBT2+BEND5+RALYL	24	0.979815	0.980510
SNUH	4	EYA4+SFMBT2+BEND5+GFRA1	28	0.981315	0.979915
SNUH	4	EYA4+SFMBT2+UNC5C+RALYL	24	0.980340	0.979220
SNUH	4	EYA4+SFMBT2+UNC5C+GFRA1	28	0.981622	0.979022
SNUH	4	EYA4+SFMBT2+RALYL+GFRA1	26	0.980766	0.980014
SNUH	4	EYA4+ADHFE1+HOXA2+BEND5	27	0.976199	0.977881
SNUH	4	EYA4+ADHFE1+HOXA2+UNC5C	27	0.976075	0.977782
SNUH	4	EYA4+ADHFE1+HOXA2+RALYL	25	0.976719	0.976294
SNUH	4	EYA4+ADHFE1+HOXA2+GFRA1	29	0.977434	0.977584
SNUH	4	EYA4+ADHFE1+BEND5+UNC5C	25	0.979283	0.978278
SNUH	4	EYA4+ADHFE1+BEND5+RALYL	23	0.980145	0.976443
SNUH	4	EYA4+ADHFE1+BEND5+GFRA1	27	0.981144	0.977237
SNUH	4	EYA4+ADHFE1+UNC5C+RALYL	23	0.979401	0.975600
SNUH	4	EYA4+ADHFE1+UNC5C+GFRA1	27	0.980175	0.976840
SNUH	4	EYA4+ADHFE1+RALYL+GFRA1	25	0.980712	0.974757
SNUH	4	EYA4+HOXA2+BEND5+UNC5C	26	0.974344	0.978625
SNUH	4	EYA4+HOXA2+BEND5+RALYL	24	0.974693	0.977187
SNUH	4	EYA4+HOXA2+BEND5+GFRA1	28	0.975987	0.978129
SNUH	4	EYA4+HOXA2+UNC5C+RALYL	24	0.975183	0.976146
SNUH	4	EYA4+HOXA2+UNC5C+GFRA1	28	0.975963	0.977534
SNUH	4	EYA4+HOXA2+RALYL+GFRA1	26	0.976619	0.975947
SNUH	4	EYA4+BEND5+UNC5C+RALYL	22	0.974752	0.976691
SNUH	4	EYA4+BEND5+UNC5C+GFRA1	26	0.978450	0.978030
SNUH	4	EYA4+BEND5+RALYL+GFRA1	24	0.971958	0.958887
SNUH	4	EYA4+UNC5C+RALYL+GFRA1	24	0.974740	0.973765
SNUH	4	ZNF568+ZNF793+SFMBT2+ADHFE1	22	0.981811	0.981303
SNUH	4	ZNF568+ZNF793+SFMBT2+HOXA2	23	0.975668	0.980262
SNUH	4	ZNF568+ZNF793+SFMBT2+BEND5	21	0.980311	0.980857
SNUH	4	ZNF568+ZNF793+SFMBT2+UNC5C	21	0.980848	0.977534
SNUH	4	ZNF568+ZNF793+SFMBT2+RALYL	19	0.980506	0.975501
SNUH	4	ZNF568+ZNF793+SFMBT2+GFRA1	23	0.982118	0.976146
SNUH	4	ZNF568+ZNF793+ADHFE1+HOXA2	22	0.976766	0.975848
SNUH	4	ZNF568+ZNF793+ADHFE1+BEND5	20	0.979413	0.970938
SNUH	4	ZNF568+ZNF793+ADHFE1+UNC5C	20	0.980086	0.971484
SNUH	4	ZNF568+ZNF793+ADHFE1+RALYL	18	0.980671	0.967715
SNUH	4	ZNF568+ZNF793+ADHFE1+GFRA1	22	0.981740	0.974807
SNUH	4	ZNF568+ZNF793+HOXA2+BEND5	21	0.974575	0.977187
SNUH	4	ZNF568+ZNF793+HOXA2+UNC5C	21	0.974911	0.976542
SNUH	4	ZNF568+ZNF793+HOXA2+RALYL	19	0.974882	0.974509
SNUH	4	ZNF568+ZNF793+HOXA2+GFRA1	23	0.976418	0.976592
SNUH	4	ZNF568+ZNF793+BEND5+UNC5C	19	0.978255	0.973616
SNUH	4	ZNF568+ZNF793+BEND5+RALYL	17	0.973907	0.967616
SNUH	4	ZNF568+ZNF793+BEND5+GFRA1	21	0.979874	0.973666
SNUH	4	ZNF568+ZNF793+UNC5C+RALYL	17	0.978586	0.964243
SNUH	4	ZNF568+ZNF793+UNC5C+GFRA1	21	0.979271	0.967020
SNUH	4	ZNF568+ZNF793+RALYL+GFRA1	19	0.975089	0.953928
SNUH	4	ZNF568+SFMBT2+ADHFE1+HOXA2	23	0.977227	0.980907
SNUH	4	ZNF568+SFMBT2+ADHFE1+BEND5	21	0.980801	0.982444
SNUH	4	ZNF568+SFMBT2+ADHFE1+UNC5C	21	0.981215	0.981452
SNUH	4	ZNF568+SFMBT2+ADHFE1+RALYL	19	0.981209	0.980460
SNUH	4	ZNF568+SFMBT2+ADHFE1+GFRA1	23	0.982869	0.981254
SNUH	4	ZNF568+SFMBT2+HOXA2+BEND5	22	0.975414	0.976890
SNUH	4	ZNF568+SFMBT2+HOXA2+UNC5C	22	0.975981	0.979716
SNUH	4	ZNF568+SFMBT2+HOXA2+RALYL	20	0.976530	0.979171
SNUH	4	ZNF568+SFMBT2+HOXA2+GFRA1	24	0.977056	0.981402
SNUH	4	ZNF568+SFMBT2+BEND5+UNC5C	20	0.980777	0.981551
SNUH	4	ZNF568+SFMBT2+BEND5+RALYL	18	0.979519	0.979171
SNUH	4	ZNF568+SFMBT2+BEND5+GFRA1	22	0.981734	0.979667
SNUH	4	ZNF568+SFMBT2+UNC5C+RALYL	18	0.980559	0.975104
SNUH	4	ZNF568+SFMBT2+UNC5C+GFRA1	22	0.981575	0.975451
SNUH	4	ZNF568+SFMBT2+RALYL+GFRA1	20	0.981179	0.971930
SNUH	4	ZNF568+ADHFE1+HOXA2+BEND5	21	0.975987	0.976890
SNUH	4	ZNF568+ADHFE1+HOXA2+UNC5C	21	0.976495	0.977088
SNUH	4	ZNF568+ADHFE1+HOXA2+RALYL	19	0.976424	0.974955
SNUH	4	ZNF568+ADHFE1+HOXA2+GFRA1	23	0.977446	0.977187
SNUH	4	ZNF568+ADHFE1+BEND5+UNC5C	19	0.979584	0.973716
SNUH	4	ZNF568+ADHFE1+BEND5+RALYL	17	0.980299	0.969351
SNUH	4	ZNF568+ADHFE1+BEND5+GFRA1	21	0.981067	0.976741
SNUH	4	ZNF568+ADHFE1+UNC5C+RALYL	17	0.979986	0.970740
SNUH	4	ZNF568+ADHFE1+UNC5C+GFRA1	21	0.980966	0.976344
SNUH	4	ZNF568+ADHFE1+RALYL+GFRA1	19	0.981209	0.972872
SNUH	4	ZNF568+HOXA2+BEND5+UNC5C	20	0.974362	0.977733
SNUH	4	ZNF568+HOXA2+BEND5+RALYL	18	0.974681	0.976195
SNUH	4	ZNF568+HOXA2+BEND5+GFRA1	22	0.976264	0.978129
SNUH	4	ZNF568+HOXA2+UNC5C+RALYL	18	0.974610	0.975650
SNUH	4	ZNF568+HOXA2+UNC5C+GFRA1	22	0.976435	0.976592
SNUH	4	ZNF568+HOXA2+RALYL+GFRA1	20	0.976926	0.974955
SNUH	4	ZNF568+BEND5+UNC5C+RALYL	16	0.978060	0.972724
SNUH	4	ZNF568+BEND5+UNC5C+GFRA1	20	0.979572	0.975898
SNUH	4	ZNF568+BEND5+RALYL+GFRA1	18	0.978143	0.967566
SNUH	4	ZNF568+UNC5C+RALYL+GFRA1	18	0.978680	0.963152
SNUH	4	ZNF793+SFMBT2+ADHFE1+HOXA2	22	0.976548	0.981006
SNUH	4	ZNF793+SFMBT2+ADHFE1+BEND5	20	0.980039	0.985271
SNUH	4	ZNF793+SFMBT2+ADHFE1+UNC5C	20	0.980523	0.984378
SNUH	4	ZNF793+SFMBT2+ADHFE1+RALYL	18	0.980766	0.983386
SNUH	4	ZNF793+SFMBT2+ADHFE1+GFRA1	22	0.982538	0.983039
SNUH	4	ZNF793+SFMBT2+HOXA2+BEND5	21	0.974746	0.981055
SNUH	4	ZNF793+SFMBT2+HOXA2+UNC5C	21	0.976028	0.979915
SNUH	4	ZNF793+SFMBT2+HOXA2+RALYL	19	0.975963	0.979369
SNUH	4	ZNF793+SFMBT2+HOXA2+GFRA1	23	0.976630	0.981204
SNUH	4	ZNF793+SFMBT2+BEND5+UNC5C	19	0.980104	0.983287
SNUH	4	ZNF793+SFMBT2+BEND5+RALYL	17	0.978550	0.981502
SNUH	4	ZNF793+SFMBT2+BEND5+GFRA1	21	0.981173	0.981204
SNUH	4	ZNF793+SFMBT2+UNC5C+RALYL	17	0.980393	0.979220
SNUH	4	ZNF793+SFMBT2+UNC5C+GFRA1	21	0.982254	0.978873
SNUH	4	ZNF793+SFMBT2+RALYL+GFRA1	19	0.981522	0.977584
SNUH	4	ZNF793+ADHFE1+HOXA2+BEND5	20	0.974941	0.977187
SNUH	4	ZNF793+ADHFE1+HOXA2+UNC5C	20	0.976040	0.976493
SNUH	4	ZNF793+ADHFE1+HOXA2+RALYL	18	0.975874	0.975005
SNUH	4	ZNF793+ADHFE1+HOXA2+GFRA1	22	0.977150	0.977336
SNUH	4	ZNF793+ADHFE1+BEND5+UNC5C	18	0.977493	0.976642
SNUH	4	ZNF793+ADHFE1+BEND5+RALYL	16	0.978958	0.972674
SNUH	4	ZNF793+ADHFE1+BEND5+GFRA1	20	0.980612	0.977881
SNUH	4	ZNF793+ADHFE1+UNC5C+RALYL	16	0.978674	0.972079
SNUH	4	ZNF793+ADHFE1+UNC5C+GFRA1	20	0.980866	0.977187
SNUH	4	ZNF793+ADHFE1+RALYL+GFRA1	18	0.981498	0.973468
SNUH	4	ZNF793+HOXA2+BEND5+UNC5C	19	0.973931	0.977137
SNUH	4	ZNF793+HOXA2+BEND5+RALYL	17	0.974197	0.974807
SNUH	4	ZNF793+HOXA2+BEND5+GFRA1	21	0.975697	0.977485
SNUH	4	ZNF793+HOXA2+UNC5C+RALYL	17	0.974953	0.974856
SNUH	4	ZNF793+HOXA2+UNC5C+GFRA1	21	0.975963	0.977187
SNUH	4	ZNF793+HOXA2+RALYL+GFRA1	19	0.976412	0.975749
SNUH	4	ZNF793+BEND5+UNC5C+RALYL	15	0.977316	0.975303
SNUH	4	ZNF793+BEND5+UNC5C+GFRA1	19	0.980181	0.976741
SNUH	4	ZNF793+BEND5+RALYL+GFRA1	17	0.977392	0.973120
SNUH	4	ZNF793+UNC5C+RALYL+GFRA1	17	0.978958	0.967516
SNUH	4	SFMBT2+ADHFE1+HOXA2+BEND5	21	0.975987	0.983634
SNUH	4	SFMBT2+ADHFE1+HOXA2+UNC5C	21	0.976737	0.980857
SNUH	4	SFMBT2+ADHFE1+HOXA2+RALYL	19	0.976495	0.980311
SNUH	4	SFMBT2+ADHFE1+HOXA2+GFRA1	23	0.977511	0.984725
SNUH	4	SFMBT2+ADHFE1+BEND5+UNC5C	19	0.979531	0.984824
SNUH	4	SFMBT2+ADHFE1+BEND5+RALYL	17	0.980317	0.983981
SNUH	4	SFMBT2+ADHFE1+BEND5+GFRA1	21	0.981847	0.983386
SNUH	4	SFMBT2+ADHFE1+UNC5C+RALYL	17	0.980128	0.983237
SNUH	4	SFMBT2+ADHFE1+UNC5C+GFRA1	21	0.981504	0.982742
SNUH	4	SFMBT2+ADHFE1+RALYL+GFRA1	19	0.982307	0.981750
SNUH	4	SFMBT2+HOXA2+BEND5+UNC5C	20	0.975077	0.980659
SNUH	4	SFMBT2+HOXA2+BEND5+RALYL	18	0.975354	0.981055
SNUH	4	SFMBT2+HOXA2+BEND5+GFRA1	22	0.976376	0.981849
SNUH	4	SFMBT2+HOXA2+UNC5C+RALYL	18	0.976270	0.978724
SNUH	4	SFMBT2+HOXA2+UNC5C+GFRA1	22	0.976920	0.981353
SNUH	4	SFMBT2+HOXA2+RALYL+GFRA1	20	0.977245	0.983138
SNUH	4	SFMBT2+BEND5+UNC5C+RALYL	16	0.980110	0.982345
SNUH	4	SFMBT2+BEND5+UNC5C+GFRA1	20	0.981717	0.981204
SNUH	4	SFMBT2+BEND5+RALYL+GFRA1	18	0.981014	0.979617
SNUH	4	SFMBT2+UNC5C+RALYL+GFRA1	18	0.981415	0.975055
SNUH	4	ADHFE1+HOXA2+BEND5+UNC5C	19	0.975053	0.977683
SNUH	4	ADHFE1+HOXA2+BEND5+RALYL	17	0.975449	0.975947
SNUH	4	ADHFE1+HOXA2+BEND5+GFRA1	21	0.976506	0.975303
SNUH	4	ADHFE1+HOXA2+UNC5C+RALYL	17	0.976288	0.975650
SNUH	4	ADHFE1+HOXA2+UNC5C+GFRA1	21	0.977257	0.977534
SNUH	4	ADHFE1+HOXA2+RALYL+GFRA1	19	0.977186	0.976096
SNUH	4	ADHFE1+BEND5+UNC5C+RALYL	15	0.978462	0.975203
SNUH	4	ADHFE1+BEND5+UNC5C+GFRA1	19	0.980057	0.979121
SNUH	4	ADHFE1+BEND5+RALYL+GFRA1	17	0.980766	0.976394
SNUH	4	ADHFE1+UNC5C+RALYL+GFRA1	17	0.980376	0.975650
SNUH	4	HOXA2+BEND5+UNC5C+RALYL	16	0.974687	0.976642
SNUH	4	HOXA2+BEND5+UNC5C+GFRA1	20	0.975691	0.978080
SNUH	4	HOXA2+BEND5+RALYL+GFRA1	18	0.975886	0.977336
SNUH	4	HOXA2+UNC5C+RALYL+GFRA1	18	0.976134	0.975451
SNUH	4	BEND5+UNC5C+RALYL+GFRA1	16	0.979590	0.971385
SNUH	5	EYA4+ZNF568+ZNF793+SFMBT2+ADHFE1	34	0.982095	0.981055
SNUH	5	EYA4+ZNF568+ZNF793+SFMBT2+HOXA2	35	0.976932	0.980361
SNUH	5	EYA4+ZNF568+ZNF793+SFMBT2+BEND5	33	0.980252	0.980411
SNUH	5	EYA4+ZNF568+ZNF793+SFMBT2+UNC5C	33	0.981108	0.979171
SNUH	5	EYA4+ZNF568+ZNF793+SFMBT2+RALYL	31	0.980317	0.977485
SNUH	5	EYA4+ZNF568+ZNF793+SFMBT2+GFRA1	35	0.981303	0.977485
SNUH	5	EYA4+ZNF568+ZNF793+ADHFE1+HOXA2	34	0.977452	0.976989
SNUH	5	EYA4+ZNF568+ZNF793+ADHFE1+BEND5	32	0.980689	0.976691
SNUH	5	EYA4+ZNF568+ZNF793+ADHFE1+UNC5C	32	0.980819	0.976294
SNUH	5	EYA4+ZNF568+ZNF793+ADHFE1+RALYL	30	0.981167	0.973914
SNUH	5	EYA4+ZNF568+ZNF793+ADHFE1+GFRA1	34	0.981439	0.975352
SNUH	5	EYA4+ZNF568+ZNF793+HOXA2+BEND5	33	0.975585	0.978030
SNUH	5	EYA4+ZNF568+ZNF793+HOXA2+UNC5C	33	0.975709	0.977237
SNUH	5	EYA4+ZNF568+ZNF793+HOXA2+RALYL	31	0.976371	0.975848
SNUH	5	EYA4+ZNF568+ZNF793+HOXA2+GFRA1	35	0.977233	0.976890
SNUH	5	EYA4+ZNF568+ZNF793+BEND5+UNC5C	31	0.976926	0.975798
SNUH	5	EYA4+ZNF568+ZNF793+BEND5+RALYL	29	0.969707	0.973319
SNUH	5	EYA4+ZNF568+ZNF793+BEND5+GFRA1	33	0.974197	0.959284
SNUH	5	EYA4+ZNF568+ZNF793+UNC5C+RALYL	29	0.976725	0.971781
SNUH	5	EYA4+ZNF568+ZNF793+UNC5C+GFRA1	33	0.979082	0.973368
SNUH	5	EYA4+ZNF568+ZNF793+RALYL+GFRA1	31	0.973931	0.969748
SNUH	5	EYA4+ZNF568+SFMBT2+ADHFE1+HOXA2	35	0.977794	0.980659
SNUH	5	EYA4+ZNF568+SFMBT2+ADHFE1+BEND5	33	0.981244	0.981799
SNUH	5	EYA4+ZNF568+SFMBT2+ADHFE1+UNC5C	33	0.981681	0.980559
SNUH	5	EYA4+ZNF568+SFMBT2+ADHFE1+RALYL	31	0.981782	0.979568
SNUH	5	EYA4+ZNF568+SFMBT2+ADHFE1+GFRA1	35	0.982366	0.980510
SNUH	5	EYA4+ZNF568+SFMBT2+HOXA2+BEND5	34	0.976406	0.980510
SNUH	5	EYA4+ZNF568+SFMBT2+HOXA2+UNC5C	34	0.976577	0.980609
SNUH	5	EYA4+ZNF568+SFMBT2+HOXA2+RALYL	32	0.977109	0.979667
SNUH	5	EYA4+ZNF568+SFMBT2+HOXA2+GFRA1	36	0.977924	0.980113
SNUH	5	EYA4+ZNF568+SFMBT2+BEND5+UNC5C	32	0.980618	0.980956
SNUH	5	EYA4+ZNF568+SFMBT2+BEND5+RALYL	30	0.979679	0.979617
SNUH	5	EYA4+ZNF568+SFMBT2+BEND5+GFRA1	34	0.981108	0.979419
SNUH	5	EYA4+ZNF568+SFMBT2+UNC5C+RALYL	30	0.980553	0.978080
SNUH	5	EYA4+ZNF568+SFMBT2+UNC5C+GFRA1	34	0.981563	0.978328
SNUH	5	EYA4+ZNF568+SFMBT2+RALYL+GFRA1	32	0.980842	0.976542
SNUH	5	EYA4+ZNF568+ADHFE1+HOXA2+BEND5	33	0.976879	0.978179
SNUH	5	EYA4+ZNF568+ADHFE1+HOXA2+UNC5C	33	0.976760	0.977534
SNUH	5	EYA4+ZNF568+ADHFE1+HOXA2+RALYL	31	0.977322	0.976294
SNUH	5	EYA4+ZNF568+ADHFE1+HOXA2+GFRA1	35	0.977912	0.977435
SNUH	5	EYA4+ZNF568+ADHFE1+BEND5+UNC5C	31	0.980051	0.977435
SNUH	5	EYA4+ZNF568+ADHFE1+BEND5+RALYL	29	0.980600	0.975699
SNUH	5	EYA4+ZNF568+ADHFE1+BEND5+GFRA1	33	0.981321	0.977038
SNUH	5	EYA4+ZNF568+ADHFE1+UNC5C+RALYL	29	0.980104	0.975104
SNUH	5	EYA4+ZNF568+ADHFE1+UNC5C+GFRA1	33	0.981067	0.976642
SNUH	5	EYA4+ZNF568+ADHFE1+RALYL+GFRA1	31	0.981232	0.974559
SNUH	5	EYA4+ZNF568+HOXA2+BEND5+UNC5C	32	0.975301	0.978278
SNUH	5	EYA4+ZNF568+HOXA2+BEND5+RALYL	30	0.975538	0.977237
SNUH	5	EYA4+ZNF568+HOXA2+BEND5+GFRA1	34	0.976353	0.978377
SNUH	5	EYA4+ZNF568+HOXA2+UNC5C+RALYL	30	0.975662	0.976542
SNUH	5	EYA4+ZNF568+HOXA2+UNC5C+GFRA1	34	0.976642	0.977485
SNUH	5	EYA4+ZNF568+HOXA2+RALYL+GFRA1	32	0.977221	0.976046
SNUH	5	EYA4+ZNF568+BEND5+UNC5C+RALYL	28	0.976707	0.975798
SNUH	5	EYA4+ZNF568+BEND5+UNC5C+GFRA1	32	0.978686	0.976542
SNUH	5	EYA4+ZNF568+BEND5+RALYL+GFRA1	30	0.973440	0.962805
SNUH	5	EYA4+ZNF568+UNC5C+RALYL+GFRA1	30	0.978822	0.972277
SNUH	5	EYA4+ZNF793+SFMBT2+ADHFE1+HOXA2	34	0.977227	0.981353
SNUH	5	EYA4+ZNF793+SFMBT2+ADHFE1+BEND5	32	0.981120	0.983337
SNUH	5	EYA4+ZNF793+SFMBT2+ADHFE1+UNC5C	32	0.980659	0.981650
SNUH	5	EYA4+ZNF793+SFMBT2+ADHFE1+RALYL	30	0.981445	0.980907
SNUH	5	EYA4+ZNF793+SFMBT2+ADHFE1+GFRA1	34	0.981983	0.980956
SNUH	5	EYA4+ZNF793+SFMBT2+HOXA2+BEND5	33	0.975715	0.981254
SNUH	5	EYA4+ZNF793+SFMBT2+HOXA2+UNC5C	33	0.976347	0.980907
SNUH	5	EYA4+ZNF793+SFMBT2+HOXA2+RALYL	31	0.976571	0.980510
SNUH	5	EYA4+ZNF793+SFMBT2+HOXA2+GFRA1	35	0.977251	0.980758
SNUH	5	EYA4+ZNF793+SFMBT2+BEND5+UNC5C	31	0.980092	0.981799
SNUH	5	EYA4+ZNF793+SFMBT2+BEND5+RALYL	29	0.979218	0.980212
SNUH	5	EYA4+ZNF793+SFMBT2+BEND5+GFRA1	33	0.980825	0.980014
SNUH	5	EYA4+ZNF793+SFMBT2+UNC5C+RALYL	29	0.980529	0.979220
SNUH	5	EYA4+ZNF793+SFMBT2+UNC5C+GFRA1	33	0.981575	0.979171
SNUH	5	EYA4+ZNF793+SFMBT2+RALYL+GFRA1	31	0.980961	0.977584
SNUH	5	EYA4+ZNF793+ADHFE1+HOXA2+BEND5	32	0.976329	0.978179
SNUH	5	EYA4+ZNF793+ADHFE1+HOXA2+UNC5C	32	0.976589	0.977881
SNUH	5	EYA4+ZNF793+ADHFE1+HOXA2+RALYL	30	0.976855	0.976542
SNUH	5	EYA4+ZNF793+ADHFE1+HOXA2+GFRA1	34	0.977517	0.977832
SNUH	5	EYA4+ZNF793+ADHFE1+BEND5+UNC5C	30	0.979253	0.978625
SNUH	5	EYA4+ZNF793+ADHFE1+BEND5+RALYL	28	0.980187	0.976294
SNUH	5	EYA4+ZNF793+ADHFE1+BEND5+GFRA1	32	0.981197	0.977534
SNUH	5	EYA4+ZNF793+ADHFE1+UNC5C+RALYL	28	0.979578	0.976096
SNUH	5	EYA4+ZNF793+ADHFE1+UNC5C+GFRA1	32	0.980712	0.976939
SNUH	5	EYA4+ZNF793+ADHFE1+RALYL+GFRA1	30	0.981091	0.975303
SNUH	5	EYA4+ZNF793+HOXA2+BEND5+UNC5C	31	0.974338	0.978675
SNUH	5	EYA4+ZNF793+HOXA2+BEND5+RALYL	29	0.974462	0.977187
SNUH	5	EYA4+ZNF793+HOXA2+BEND5+GFRA1	33	0.975874	0.978129
SNUH	5	EYA4+ZNF793+HOXA2+UNC5C+RALYL	29	0.975591	0.976890
SNUH	5	EYA4+ZNF793+HOXA2+UNC5C+GFRA1	33	0.976435	0.977683
SNUH	5	EYA4+ZNF793+HOXA2+RALYL+GFRA1	31	0.976754	0.976245
SNUH	5	EYA4+ZNF793+BEND5+UNC5C+RALYL	27	0.974220	0.976592
SNUH	5	EYA4+ZNF793+BEND5+UNC5C+GFRA1	31	0.977688	0.978278
SNUH	5	EYA4+ZNF793+BEND5+RALYL+GFRA1	29	0.971798	0.956556
SNUH	5	EYA4+ZNF793+UNC5C+RALYL+GFRA1	29	0.978255	0.973368
SNUH	5	EYA4+SFMBT2+ADHFE1+HOXA2+BEND5	33	0.976453	0.981650
SNUH	5	EYA4+SFMBT2+ADHFE1+HOXA2+UNC5C	33	0.976719	0.981551
SNUH	5	EYA4+SFMBT2+ADHFE1+HOXA2+RALYL	31	0.976997	0.980460
SNUH	5	EYA4+SFMBT2+ADHFE1+HOXA2+GFRA1	35	0.977540	0.980956
SNUH	5	EYA4+SFMBT2+ADHFE1+BEND5+UNC5C	31	0.980281	0.983535
SNUH	5	EYA4+SFMBT2+ADHFE1+BEND5+RALYL	29	0.980913	0.982146
SNUH	5	EYA4+SFMBT2+ADHFE1+BEND5+GFRA1	33	0.981386	0.982097
SNUH	5	EYA4+SFMBT2+ADHFE1+UNC5C+RALYL	29	0.980411	0.981353
SNUH	5	EYA4+SFMBT2+ADHFE1+UNC5C+GFRA1	33	0.981073	0.980857
SNUH	5	EYA4+SFMBT2+ADHFE1+RALYL+GFRA1	31	0.981717	0.980014
SNUH	5	EYA4+SFMBT2+HOXA2+BEND5+UNC5C	32	0.975396	0.981155
SNUH	5	EYA4+SFMBT2+HOXA2+BEND5+RALYL	30	0.975756	0.980411
SNUH	5	EYA4+SFMBT2+HOXA2+BEND5+GFRA1	34	0.976802	0.966029
SNUH	5	EYA4+SFMBT2+HOXA2+UNC5C+RALYL	30	0.976069	0.980510
SNUH	5	EYA4+SFMBT2+HOXA2+UNC5C+GFRA1	34	0.977091	0.950357
SNUH	5	EYA4+SFMBT2+HOXA2+RALYL+GFRA1	32	0.977263	0.969500
SNUH	5	EYA4+SFMBT2+BEND5+UNC5C+RALYL	28	0.979608	0.980659
SNUH	5	EYA4+SFMBT2+BEND5+UNC5C+GFRA1	32	0.981244	0.980559
SNUH	5	EYA4+SFMBT2+BEND5+RALYL+GFRA1	30	0.980606	0.979419
SNUH	5	EYA4+SFMBT2+UNC5C+RALYL+GFRA1	30	0.980783	0.978229
SNUH	5	EYA4+ADHFE1+HOXA2+BEND5+UNC5C	31	0.975579	0.978774
SNUH	5	EYA4+ADHFE1+HOXA2+BEND5+RALYL	29	0.976010	0.977237
SNUH	5	EYA4+ADHFE1+HOXA2+BEND5+GFRA1	33	0.976873	0.978526
SNUH	5	EYA4+ADHFE1+HOXA2+UNC5C+RALYL	29	0.975939	0.976691
SNUH	5	EYA4+ADHFE1+HOXA2+UNC5C+GFRA1	33	0.976772	0.977931
SNUH	5	EYA4+ADHFE1+HOXA2+RALYL+GFRA1	31	0.977245	0.976790
SNUH	5	EYA4+ADHFE1+BEND5+UNC5C+RALYL	27	0.979188	0.977187
SNUH	5	EYA4+ADHFE1+BEND5+UNC5C+GFRA1	31	0.980417	0.978030
SNUH	5	EYA4+ADHFE1+BEND5+RALYL+GFRA1	29	0.980925	0.976493
SNUH	5	EYA4+ADHFE1+UNC5C+RALYL+GFRA1	29	0.980151	0.976245
SNUH	5	EYA4+HOXA2+BEND5+UNC5C+RALYL	28	0.974835	0.977832
SNUH	5	EYA4+HOXA2+BEND5+UNC5C+GFRA1	32	0.975526	0.978476
SNUH	5	EYA4+HOXA2+BEND5+RALYL+GFRA1	30	0.975927	0.977584
SNUH	5	EYA4+HOXA2+UNC5C+RALYL+GFRA1	30	0.975744	0.976741
SNUH	5	EYA4+BEND5+UNC5C+RALYL+GFRA1	28	0.977847	0.977286
SNUH	5	ZNF568+ZNF793+SFMBT2+ADHFE1+HOXA2	28	0.977180	0.981006
SNUH	5	ZNF568+ZNF793+SFMBT2+ADHFE1+BEND5	26	0.980718	0.982196
SNUH	5	ZNF568+ZNF793+SFMBT2+ADHFE1+UNC5C	26	0.980878	0.980907
SNUH	5	ZNF568+ZNF793+SFMBT2+ADHFE1+RALYL	24	0.981368	0.980510
SNUH	5	ZNF568+ZNF793+SFMBT2+ADHFE1+GFRA1	28	0.982390	0.981204
SNUH	5	ZNF568+ZNF793+SFMBT2+HOXA2+BEND5	27	0.974888	0.980857
SNUH	5	ZNF568+ZNF793+SFMBT2+HOXA2+UNC5C	27	0.975396	0.980411
SNUH	5	ZNF568+ZNF793+SFMBT2+HOXA2+RALYL	25	0.975963	0.979667
SNUH	5	ZNF568+ZNF793+SFMBT2+HOXA2+GFRA1	29	0.976849	0.980609
SNUH	5	ZNF568+ZNF793+SFMBT2+BEND5+UNC5C	25	0.980517	0.981303
SNUH	5	ZNF568+ZNF793+SFMBT2+BEND5+RALYL	23	0.979318	0.979121
SNUH	5	ZNF568+ZNF793+SFMBT2+BEND5+GFRA1	27	0.981368	0.979964
SNUH	5	ZNF568+ZNF793+SFMBT2+UNC5C+RALYL	23	0.980577	0.976741
SNUH	5	ZNF568+ZNF793+SFMBT2+UNC5C+GFRA1	27	0.981161	0.976741
SNUH	5	ZNF568+ZNF793+SFMBT2+RALYL+GFRA1	25	0.980943	0.974757
SNUH	5	ZNF568+ZNF793+ADHFE1+HOXA2+BEND5	26	0.975904	0.977187
SNUH	5	ZNF568+ZNF793+ADHFE1+HOXA2+UNC5C	26	0.976613	0.977237
SNUH	5	ZNF568+ZNF793+ADHFE1+HOXA2+RALYL	24	0.976725	0.975402
SNUH	5	ZNF568+ZNF793+ADHFE1+HOXA2+GFRA1	28	0.977416	0.977534
SNUH	5	ZNF568+ZNF793+ADHFE1+BEND5+UNC5C	24	0.979324	0.973815
SNUH	5	ZNF568+ZNF793+ADHFE1+BEND5+RALYL	22	0.979720	0.971037
SNUH	5	ZNF568+ZNF793+ADHFE1+BEND5+GFRA1	26	0.980582	0.976989
SNUH	5	ZNF568+ZNF793+ADHFE1+UNC5C+RALYL	22	0.980163	0.971186
SNUH	5	ZNF568+ZNF793+ADHFE1+UNC5C+GFRA1	26	0.980860	0.976294
SNUH	5	ZNF568+ZNF793+ADHFE1+RALYL+GFRA1	24	0.981220	0.973269
SNUH	5	ZNF568+ZNF793+HOXA2+BEND5+UNC5C	25	0.974143	0.977782
SNUH	5	ZNF568+ZNF793+HOXA2+BEND5+RALYL	23	0.974185	0.976592
SNUH	5	ZNF568+ZNF793+HOXA2+BEND5+GFRA1	27	0.975526	0.978427
SNUH	5	ZNF568+ZNF793+HOXA2+UNC5C+RALYL	23	0.974699	0.975947
SNUH	5	ZNF568+ZNF793+HOXA2+UNC5C+GFRA1	27	0.976252	0.977286
SNUH	5	ZNF568+ZNF793+HOXA2+RALYL+GFRA1	25	0.976648	0.975947
SNUH	5	ZNF568+ZNF793+BEND5+UNC5C+RALYL	21	0.977729	0.972872
SNUH	5	ZNF568+ZNF793+BEND5+UNC5C+GFRA1	25	0.979531	0.975898
SNUH	5	ZNF568+ZNF793+BEND5+RALYL+GFRA1	23	0.977948	0.972525
SNUH	5	ZNF568+ZNF793+UNC5C+RALYL+GFRA1	23	0.979147	0.967070
SNUH	5	ZNF568+SFMBT2+ADHFE1+HOXA2+BEND5	27	0.976040	0.981849
SNUH	5	ZNF568+SFMBT2+ADHFE1+HOXA2+UNC5C	27	0.977186	0.980807
SNUH	5	ZNF568+SFMBT2+ADHFE1+HOXA2+RALYL	25	0.977150	0.980262
SNUH	5	ZNF568+SFMBT2+ADHFE1+HOXA2+GFRA1	29	0.977989	0.980758
SNUH	5	ZNF568+SFMBT2+ADHFE1+BEND5+UNC5C	25	0.980441	0.982543
SNUH	5	ZNF568+SFMBT2+ADHFE1+BEND5+RALYL	23	0.980405	0.981254
SNUH	5	ZNF568+SFMBT2+ADHFE1+BEND5+GFRA1	27	0.981563	0.981948
SNUH	5	ZNF568+SFMBT2+ADHFE1+UNC5C+RALYL	23	0.980943	0.980311
SNUH	5	ZNF568+SFMBT2+ADHFE1+UNC5C+GFRA1	27	0.981935	0.981055
SNUH	5	ZNF568+SFMBT2+ADHFE1+RALYL+GFRA1	25	0.982248	0.979716
SNUH	5	ZNF568+SFMBT2+HOXA2+BEND5+UNC5C	26	0.975148	0.981055
SNUH	5	ZNF568+SFMBT2+HOXA2+BEND5+RALYL	24	0.975272	0.980311
SNUH	5	ZNF568+SFMBT2+HOXA2+BEND5+GFRA1	28	0.976648	0.979320
SNUH	5	ZNF568+SFMBT2+HOXA2+UNC5C+RALYL	24	0.976211	0.979171
SNUH	5	ZNF568+SFMBT2+HOXA2+UNC5C+GFRA1	28	0.976873	0.980212
SNUH	5	ZNF568+SFMBT2+HOXA2+RALYL+GFRA1	26	0.977286	0.979369
SNUH	5	ZNF568+SFMBT2+BEND5+UNC5C+RALYL	22	0.980110	0.980113
SNUH	5	ZNF568+SFMBT2+BEND5+UNC5C+GFRA1	26	0.981120	0.980163
SNUH	5	ZNF568+SFMBT2+BEND5+RALYL+GFRA1	24	0.980494	0.978229
SNUH	5	ZNF568+SFMBT2+UNC5C+RALYL+GFRA1	24	0.981427	0.974360
SNUH	5	ZNF568+ADHFE1+HOXA2+BEND5+UNC5C	25	0.975620	0.977782
SNUH	5	ZNF568+ADHFE1+HOXA2+BEND5+RALYL	23	0.975987	0.976542
SNUH	5	ZNF568+ADHFE1+HOXA2+BEND5+GFRA1	27	0.976843	0.978129
SNUH	5	ZNF568+ADHFE1+HOXA2+UNC5C+RALYL	23	0.976341	0.976294
SNUH	5	ZNF568+ADHFE1+HOXA2+UNC5C+GFRA1	27	0.976825	0.977832
SNUH	5	ZNF568+ADHFE1+HOXA2+RALYL+GFRA1	25	0.977617	0.976493
SNUH	5	ZNF568+ADHFE1+BEND5+UNC5C+RALYL	21	0.979655	0.973914
SNUH	5	ZNF568+ADHFE1+BEND5+UNC5C+GFRA1	25	0.980718	0.978229
SNUH	5	ZNF568+ADHFE1+BEND5+RALYL+GFRA1	23	0.980831	0.975402
SNUH	5	ZNF568+ADHFE1+UNC5C+RALYL+GFRA1	23	0.981020	0.974658
SNUH	5	ZNF568+HOXA2+BEND5+UNC5C+RALYL	22	0.974716	0.977485
SNUH	5	ZNF568+HOXA2+BEND5+UNC5C+GFRA1	26	0.975821	0.978873
SNUH	5	ZNF568+HOXA2+BEND5+RALYL+GFRA1	24	0.976270	0.977336
SNUH	5	ZNF568+HOXA2+UNC5C+RALYL+GFRA1	24	0.976010	0.975898
SNUH	5	ZNF568+BEND5+UNC5C+RALYL+GFRA1	22	0.979253	0.973914
SNUH	5	ZNF793+SFMBT2+ADHFE1+HOXA2+BEND5	26	0.975632	0.981849
SNUH	5	ZNF793+SFMBT2+ADHFE1+HOXA2+UNC5C	26	0.976311	0.981353
SNUH	5	ZNF793+SFMBT2+ADHFE1+HOXA2+RALYL	24	0.976217	0.980708
SNUH	5	ZNF793+SFMBT2+ADHFE1+HOXA2+GFRA1	28	0.977257	0.981303
SNUH	5	ZNF793+SFMBT2+ADHFE1+BEND5+UNC5C	24	0.979129	0.984428
SNUH	5	ZNF793+SFMBT2+ADHFE1+BEND5+RALYL	22	0.979826	0.983535
SNUH	5	ZNF793+SFMBT2+ADHFE1+BEND5+GFRA1	26	0.981581	0.983386
SNUH	5	ZNF793+SFMBT2+ADHFE1+UNC5C+RALYL	22	0.979962	0.982841
SNUH	5	ZNF793+SFMBT2+ADHFE1+UNC5C+GFRA1	26	0.981545	0.982345
SNUH	5	ZNF793+SFMBT2+ADHFE1+RALYL+GFRA1	24	0.981929	0.982196
SNUH	5	ZNF793+SFMBT2+HOXA2+BEND5+UNC5C	25	0.974403	0.981055
SNUH	5	ZNF793+SFMBT2+HOXA2+BEND5+RALYL	23	0.974705	0.980262
SNUH	5	ZNF793+SFMBT2+HOXA2+BEND5+GFRA1	27	0.975951	0.981700
SNUH	5	ZNF793+SFMBT2+HOXA2+UNC5C+RALYL	23	0.976341	0.979964
SNUH	5	ZNF793+SFMBT2+HOXA2+UNC5C+GFRA1	27	0.977097	0.980758
SNUH	5	ZNF793+SFMBT2+HOXA2+RALYL+GFRA1	25	0.977097	0.980460
SNUH	5	ZNF793+SFMBT2+BEND5+UNC5C+RALYL	21	0.979312	0.981948
SNUH	5	ZNF793+SFMBT2+BEND5+UNC5C+GFRA1	25	0.981126	0.981402
SNUH	5	ZNF793+SFMBT2+BEND5+RALYL+GFRA1	23	0.980275	0.979865
SNUH	5	ZNF793+SFMBT2+UNC5C+RALYL+GFRA1	23	0.981138	0.977881
SNUH	5	ZNF793+ADHFE1+HOXA2+BEND5+UNC5C	24	0.974894	0.977931
SNUH	5	ZNF793+ADHFE1+HOXA2+BEND5+RALYL	22	0.975006	0.976294
SNUH	5	ZNF793+ADHFE1+HOXA2+BEND5+GFRA1	26	0.976258	0.978328
SNUH	5	ZNF793+ADHFE1+HOXA2+UNC5C+RALYL	22	0.975851	0.976344
SNUH	5	ZNF793+ADHFE1+HOXA2+UNC5C+GFRA1	26	0.976524	0.977782
SNUH	5	ZNF793+ADHFE1+HOXA2+RALYL+GFRA1	24	0.977073	0.976344
SNUH	5	ZNF793+ADHFE1+BEND5+UNC5C+RALYL	20	0.977635	0.975253
SNUH	5	ZNF793+ADHFE1+BEND5+UNC5C+GFRA1	24	0.979708	0.979121
SNUH	5	ZNF793+ADHFE1+BEND5+RALYL+GFRA1	22	0.980293	0.975997
SNUH	5	ZNF793+ADHFE1+UNC5C+RALYL+GFRA1	22	0.980659	0.975303
SNUH	5	ZNF793+HOXA2+BEND5+UNC5C+RALYL	21	0.974138	0.976790
SNUH	5	ZNF793+HOXA2+BEND5+UNC5C+GFRA1	25	0.975585	0.978675
SNUH	5	ZNF793+HOXA2+BEND5+RALYL+GFRA1	23	0.975532	0.977733
SNUH	5	ZNF793+HOXA2+UNC5C+RALYL+GFRA1	23	0.975927	0.976344
SNUH	5	ZNF793+BEND5+UNC5C+RALYL+GFRA1	21	0.979041	0.974807
SNUH	5	SFMBT2+ADHFE1+HOXA2+BEND5+UNC5C	25	0.975591	0.981750
SNUH	5	SFMBT2+ADHFE1+HOXA2+BEND5+RALYL	23	0.975679	0.981055
SNUH	5	SFMBT2+ADHFE1+HOXA2+BEND5+GFRA1	27	0.976772	0.984626
SNUH	5	SFMBT2+ADHFE1+HOXA2+UNC5C+RALYL	23	0.976453	0.980609
SNUH	5	SFMBT2+ADHFE1+HOXA2+UNC5C+GFRA1	27	0.977221	0.981650
SNUH	5	SFMBT2+ADHFE1+HOXA2+RALYL+GFRA1	25	0.977392	0.980907
SNUH	5	SFMBT2+ADHFE1+BEND5+UNC5C+RALYL	21	0.979448	0.983386
SNUH	5	SFMBT2+ADHFE1+BEND5+UNC5C+GFRA1	25	0.981026	0.983485
SNUH	5	SFMBT2+ADHFE1+BEND5+RALYL+GFRA1	23	0.981409	0.982642
SNUH	5	SFMBT2+ADHFE1+UNC5C+RALYL+GFRA1	23	0.981043	0.981502
SNUH	5	SFMBT2+HOXA2+BEND5+UNC5C+RALYL	22	0.975230	0.980311
SNUH	5	SFMBT2+HOXA2+BEND5+UNC5C+GFRA1	26	0.976311	0.979915
SNUH	5	SFMBT2+HOXA2+BEND5+RALYL+GFRA1	24	0.976530	0.982196
SNUH	5	SFMBT2+HOXA2+UNC5C+RALYL+GFRA1	24	0.976979	0.981452
SNUH	5	SFMBT2+BEND5+UNC5C+RALYL+GFRA1	22	0.981132	0.980559
SNUH	5	ADHFE1+HOXA2+BEND5+UNC5C+RALYL	21	0.975360	0.977137
SNUH	5	ADHFE1+HOXA2+BEND5+UNC5C+GFRA1	25	0.976565	0.978724
SNUH	5	ADHFE1+HOXA2+BEND5+RALYL+GFRA1	23	0.976270	0.977485
SNUH	5	ADHFE1+HOXA2+UNC5C+RALYL+GFRA1	23	0.977056	0.977088
SNUH	5	ADHFE1+BEND5+UNC5C+RALYL+GFRA1	21	0.980222	0.977981
SNUH	5	HOXA2+BEND5+UNC5C+RALYL+GFRA1	22	0.975668	0.978229
SNUH	6	EYA4+ZNF568+ZNF793+SFMBT2+ADHFE1+HOXA2	40	0.977824	0.980857
SNUH	6	EYA4+ZNF568+ZNF793+SFMBT2+ADHFE1+BEND5	38	0.981167	0.981799
SNUH	6	EYA4+ZNF568+ZNF793+SFMBT2+ADHFE1+UNC5C	38	0.981374	0.980510
SNUH	6	EYA4+ZNF568+ZNF793+SFMBT2+ADHFE1+RALYL	36	0.981569	0.979964
SNUH	6	EYA4+ZNF568+ZNF793+SFMBT2+ADHFE1+GFRA1	40	0.982000	0.980361
SNUH	6	EYA4+ZNF568+ZNF793+SFMBT2+HOXA2+BEND5	39	0.976276	0.980559
SNUH	6	EYA4+ZNF568+ZNF793+SFMBT2+HOXA2+UNC5C	39	0.976441	0.980411
SNUH	6	EYA4+ZNF568+ZNF793+SFMBT2+HOXA2+RALYL	37	0.976985	0.979617
SNUH	6	EYA4+ZNF568+ZNF793+SFMBT2+HOXA2+GFRA1	41	0.977676	0.979915
SNUH	6	EYA4+ZNF568+ZNF793+SFMBT2+BEND5+UNC5C	37	0.980429	0.980510
SNUH	6	EYA4+ZNF568+ZNF793+SFMBT2+BEND5+RALYL	35	0.979336	0.979320
SNUH	6	EYA4+ZNF568+ZNF793+SFMBT2+BEND5+GFRA1	39	0.980736	0.979369
SNUH	6	EYA4+ZNF568+ZNF793+SFMBT2+UNC5C+RALYL	35	0.980594	0.978377
SNUH	6	EYA4+ZNF568+ZNF793+SFMBT2+UNC5C+GFRA1	39	0.981480	0.978129
SNUH	6	EYA4+ZNF568+ZNF793+SFMBT2+RALYL+GFRA1	37	0.980547	0.976592
SNUH	6	EYA4+ZNF568+ZNF793+ADHFE1+HOXA2+BEND5	38	0.976884	0.978229
SNUH	6	EYA4+ZNF568+ZNF793+ADHFE1+HOXA2+UNC5C	38	0.976926	0.977435
SNUH	6	EYA4+ZNF568+ZNF793+ADHFE1+HOXA2+RALYL	36	0.977322	0.976443
SNUH	6	EYA4+ZNF568+ZNF793+ADHFE1+HOXA2+GFRA1	40	0.977906	0.977485
SNUH	6	EYA4+ZNF568+ZNF793+ADHFE1+BEND5+UNC5C	36	0.980057	0.977683
SNUH	6	EYA4+ZNF568+ZNF793+ADHFE1+BEND5+RALYL	34	0.980382	0.975749
SNUH	6	EYA4+ZNF568+ZNF793+ADHFE1+BEND5+GFRA1	38	0.981073	0.976840
SNUH	6	EYA4+ZNF568+ZNF793+ADHFE1+UNC5C+RALYL	34	0.980582	0.975253
SNUH	6	EYA4+ZNF568+ZNF793+ADHFE1+UNC5C+GFRA1	38	0.981014	0.976245
SNUH	6	EYA4+ZNF568+ZNF793+ADHFE1+RALYL+GFRA1	36	0.981356	0.974559
SNUH	6	EYA4+ZNF568+ZNF793+HOXA2+BEND5+UNC5C	37	0.974941	0.978030
SNUH	6	EYA4+ZNF568+ZNF793+HOXA2+BEND5+RALYL	35	0.975272	0.977286
SNUH	6	EYA4+ZNF568+ZNF793+HOXA2+BEND5+GFRA1	39	0.976489	0.978526
SNUH	6	EYA4+ZNF568+ZNF793+HOXA2+UNC5C+RALYL	35	0.975774	0.976443
SNUH	6	EYA4+ZNF568+ZNF793+HOXA2+UNC5C+GFRA1	39	0.976554	0.977733
SNUH	6	EYA4+ZNF568+ZNF793+HOXA2+RALYL+GFRA1	37	0.977103	0.976195
SNUH	6	EYA4+ZNF568+ZNF793+BEND5+UNC5C+RALYL	33	0.976022	0.975699
SNUH	6	EYA4+ZNF568+ZNF793+BEND5+UNC5C+GFRA1	37	0.978290	0.976046
SNUH	6	EYA4+ZNF568+ZNF793+BEND5+RALYL+GFRA1	35	0.973074	0.960177
SNUH	6	EYA4+ZNF568+ZNF793+UNC5C+RALYL+GFRA1	35	0.978527	0.972724
SNUH	6	EYA4+ZNF568+SFMBT2+ADHFE1+HOXA2+BEND5	39	0.977032	0.981105
SNUH	6	EYA4+ZNF568+SFMBT2+ADHFE1+HOXA2+UNC5C	39	0.977245	0.980857
SNUH	6	EYA4+ZNF568+SFMBT2+ADHFE1+HOXA2+RALYL	37	0.977800	0.980411
SNUH	6	EYA4+ZNF568+SFMBT2+ADHFE1+HOXA2+GFRA1	41	0.978261	0.980758
SNUH	6	EYA4+ZNF568+SFMBT2+ADHFE1+BEND5+UNC5C	37	0.980600	0.981948
SNUH	6	EYA4+ZNF568+SFMBT2+ADHFE1+BEND5+RALYL	35	0.980795	0.981055
SNUH	6	EYA4+ZNF568+SFMBT2+ADHFE1+BEND5+GFRA1	39	0.981587	0.981254
SNUH	6	EYA4+ZNF568+SFMBT2+ADHFE1+UNC5C+RALYL	35	0.981280	0.979915
SNUH	6	EYA4+ZNF568+SFMBT2+ADHFE1+UNC5C+GFRA1	39	0.981888	0.980262
SNUH	6	EYA4+ZNF568+SFMBT2+ADHFE1+RALYL+GFRA1	37	0.982030	0.979716
SNUH	6	EYA4+ZNF568+SFMBT2+HOXA2+BEND5+UNC5C	38	0.975744	0.980857
SNUH	6	EYA4+ZNF568+SFMBT2+HOXA2+BEND5+RALYL	36	0.976441	0.980113
SNUH	6	EYA4+ZNF568+SFMBT2+HOXA2+BEND5+GFRA1	40	0.977268	0.980361
SNUH	6	EYA4+ZNF568+SFMBT2+HOXA2+UNC5C+RALYL	36	0.976447	0.979816
SNUH	6	EYA4+ZNF568+SFMBT2+HOXA2+UNC5C+GFRA1	40	0.977257	0.980311
SNUH	6	EYA4+ZNF568+SFMBT2+HOXA2+RALYL+GFRA1	38	0.977918	0.979320
SNUH	6	EYA4+ZNF568+SFMBT2+BEND5+UNC5C+RALYL	34	0.979956	0.980311
SNUH	6	EYA4+ZNF568+SFMBT2+BEND5+UNC5C+GFRA1	38	0.980878	0.980311
SNUH	6	EYA4+ZNF568+SFMBT2+BEND5+RALYL+GFRA1	36	0.980163	0.978625
SNUH	6	EYA4+ZNF568+SFMBT2+UNC5C+RALYL+GFRA1	36	0.981126	0.977782
SNUH	6	EYA4+ZNF568+ADHFE1+HOXA2+BEND5+UNC5C	37	0.976140	0.978129
SNUH	6	EYA4+ZNF568+ADHFE1+HOXA2+BEND5+RALYL	35	0.976760	0.977286
SNUH	6	EYA4+ZNF568+ADHFE1+HOXA2+BEND5+GFRA1	39	0.977310	0.978328
SNUH	6	EYA4+ZNF568+ADHFE1+HOXA2+UNC5C+RALYL	35	0.976489	0.976741
SNUH	6	EYA4+ZNF568+ADHFE1+HOXA2+UNC5C+GFRA1	39	0.977404	0.978030
SNUH	6	EYA4+ZNF568+ADHFE1+HOXA2+RALYL+GFRA1	37	0.977800	0.976989
SNUH	6	EYA4+ZNF568+ADHFE1+BEND5+UNC5C+RALYL	33	0.979891	0.976542
SNUH	6	EYA4+ZNF568+ADHFE1+BEND5+UNC5C+GFRA1	37	0.980724	0.977633
SNUH	6	EYA4+ZNF568+ADHFE1+BEND5+RALYL+GFRA1	35	0.981096	0.976046
SNUH	6	EYA4+ZNF568+ADHFE1+UNC5C+RALYL+GFRA1	35	0.980772	0.975749
SNUH	6	EYA4+ZNF568+HOXA2+BEND5+UNC5C+RALYL	34	0.975301	0.977435
SNUH	6	EYA4+ZNF568+HOXA2+BEND5+UNC5C+GFRA1	38	0.976022	0.978526
SNUH	6	EYA4+ZNF568+HOXA2+BEND5+RALYL+GFRA1	36	0.976347	0.977088
SNUH	6	EYA4+ZNF568+HOXA2+UNC5C+RALYL+GFRA1	36	0.976530	0.977385
SNUH	6	EYA4+ZNF568+BEND5+UNC5C+RALYL+GFRA1	34	0.978030	0.976046
SNUH	6	EYA4+ZNF793+SFMBT2+ADHFE1+HOXA2+BEND5	38	0.976518	0.981601
SNUH	6	EYA4+ZNF793+SFMBT2+ADHFE1+HOXA2+UNC5C	38	0.976814	0.981551
SNUH	6	EYA4+ZNF793+SFMBT2+ADHFE1+HOXA2+RALYL	36	0.977068	0.980758
SNUH	6	EYA4+ZNF793+SFMBT2+ADHFE1+HOXA2+GFRA1	40	0.977481	0.980956
SNUH	6	EYA4+ZNF793+SFMBT2+ADHFE1+BEND5+UNC5C	36	0.979998	0.983089
SNUH	6	EYA4+ZNF793+SFMBT2+ADHFE1+BEND5+RALYL	34	0.980783	0.981849
SNUH	6	EYA4+ZNF793+SFMBT2+ADHFE1+BEND5+GFRA1	38	0.981297	0.981948
SNUH	6	EYA4+ZNF793+SFMBT2+ADHFE1+UNC5C+RALYL	34	0.980612	0.980559
SNUH	6	EYA4+ZNF793+SFMBT2+ADHFE1+UNC5C+GFRA1	38	0.981085	0.980361
SNUH	6	EYA4+ZNF793+SFMBT2+ADHFE1+RALYL+GFRA1	36	0.981841	0.980113
SNUH	6	EYA4+ZNF793+SFMBT2+HOXA2+BEND5+UNC5C	37	0.975526	0.981204
SNUH	6	EYA4+ZNF793+SFMBT2+HOXA2+BEND5+RALYL	35	0.975780	0.980758
SNUH	6	EYA4+ZNF793+SFMBT2+HOXA2+BEND5+GFRA1	39	0.976695	0.981254
SNUH	6	EYA4+ZNF793+SFMBT2+HOXA2+UNC5C+RALYL	35	0.976382	0.980262
SNUH	6	EYA4+ZNF793+SFMBT2+HOXA2+UNC5C+GFRA1	39	0.977162	0.980659
SNUH	6	EYA4+ZNF793+SFMBT2+HOXA2+RALYL+GFRA1	37	0.977304	0.980113
SNUH	6	EYA4+ZNF793+SFMBT2+BEND5+UNC5C+RALYL	33	0.979448	0.980708
SNUH	6	EYA4+ZNF793+SFMBT2+BEND5+UNC5C+GFRA1	37	0.981067	0.980758
SNUH	6	EYA4+ZNF793+SFMBT2+BEND5+RALYL+GFRA1	35	0.980086	0.979072
SNUH	6	EYA4+ZNF793+SFMBT2+UNC5C+RALYL+GFRA1	35	0.980990	0.978229
SNUH	6	EYA4+ZNF793+ADHFE1+HOXA2+BEND5+UNC5C	36	0.975904	0.978774
SNUH	6	EYA4+ZNF793+ADHFE1+HOXA2+BEND5+RALYL	34	0.976229	0.977435
SNUH	6	EYA4+ZNF793+ADHFE1+HOXA2+BEND5+GFRA1	38	0.976973	0.978526
SNUH	6	EYA4+ZNF793+ADHFE1+HOXA2+UNC5C+RALYL	34	0.976459	0.976890
SNUH	6	EYA4+ZNF793+ADHFE1+HOXA2+UNC5C+GFRA1	38	0.976843	0.978030
SNUH	6	EYA4+ZNF793+ADHFE1+HOXA2+RALYL+GFRA1	36	0.977192	0.976790
SNUH	6	EYA4+ZNF793+ADHFE1+BEND5+UNC5C+RALYL	32	0.979383	0.977485
SNUH	6	EYA4+ZNF793+ADHFE1+BEND5+UNC5C+GFRA1	36	0.980393	0.977832
SNUH	6	EYA4+ZNF793+ADHFE1+BEND5+RALYL+GFRA1	34	0.980872	0.976493
SNUH	6	EYA4+ZNF793+ADHFE1+UNC5C+RALYL+GFRA1	34	0.980506	0.976096
SNUH	6	EYA4+ZNF793+HOXA2+BEND5+UNC5C+RALYL	33	0.974693	0.977881
SNUH	6	EYA4+ZNF793+HOXA2+BEND5+UNC5C+GFRA1	37	0.975384	0.978724
SNUH	6	EYA4+ZNF793+HOXA2+BEND5+RALYL+GFRA1	35	0.975809	0.977584
SNUH	6	EYA4+ZNF793+HOXA2+UNC5C+RALYL+GFRA1	35	0.976613	0.977038
SNUH	6	EYA4+ZNF793+BEND5+UNC5C+RALYL+GFRA1	33	0.977103	0.977534
SNUH	6	EYA4+SFMBT2+ADHFE1+HOXA2+BEND5+UNC5C	37	0.975886	0.981799
SNUH	6	EYA4+SFMBT2+ADHFE1+HOXA2+BEND5+RALYL	35	0.976252	0.981353
SNUH	6	EYA4+SFMBT2+ADHFE1+HOXA2+BEND5+GFRA1	39	0.977056	0.981502
SNUH	6	EYA4+SFMBT2+ADHFE1+HOXA2+UNC5C+RALYL	35	0.976430	0.980907
SNUH	6	EYA4+SFMBT2+ADHFE1+HOXA2+UNC5C+GFRA1	39	0.976997	0.981006
SNUH	6	EYA4+SFMBT2+ADHFE1+HOXA2+RALYL+GFRA1	37	0.977475	0.980510
SNUH	6	EYA4+SFMBT2+ADHFE1+BEND5+UNC5C+RALYL	33	0.980092	0.982394
SNUH	6	EYA4+SFMBT2+ADHFE1+BEND5+UNC5C+GFRA1	37	0.980842	0.981898
SNUH	6	EYA4+SFMBT2+ADHFE1+BEND5+RALYL+GFRA1	35	0.981415	0.981303
SNUH	6	EYA4+SFMBT2+ADHFE1+UNC5C+RALYL+GFRA1	35	0.980966	0.979915
SNUH	6	EYA4+SFMBT2+HOXA2+BEND5+UNC5C+RALYL	34	0.975047	0.980708
SNUH	6	EYA4+SFMBT2+HOXA2+BEND5+UNC5C+GFRA1	38	0.976571	0.946439
SNUH	6	EYA4+SFMBT2+HOXA2+BEND5+RALYL+GFRA1	36	0.976831	0.980212
SNUH	6	EYA4+SFMBT2+HOXA2+UNC5C+RALYL+GFRA1	36	0.976926	0.948175
SNUH	6	EYA4+SFMBT2+BEND5+UNC5C+RALYL+GFRA1	34	0.980523	0.979915
SNUH	6	EYA4+ADHFE1+HOXA2+BEND5+UNC5C+RALYL	33	0.975549	0.978129
SNUH	6	EYA4+ADHFE1+HOXA2+BEND5+UNC5C+GFRA1	37	0.976424	0.978625
SNUH	6	EYA4+ADHFE1+HOXA2+BEND5+RALYL+GFRA1	35	0.976825	0.977782
SNUH	6	EYA4+ADHFE1+HOXA2+UNC5C+RALYL+GFRA1	35	0.976453	0.977683
SNUH	6	EYA4+ADHFE1+BEND5+UNC5C+RALYL+GFRA1	33	0.980293	0.977187
SNUH	6	EYA4+HOXA2+BEND5+UNC5C+RALYL+GFRA1	34	0.975662	0.977981
SNUH	6	ZNF568+ZNF793+SFMBT2+ADHFE1+HOXA2+BEND5	32	0.975945	0.981700
SNUH	6	ZNF568+ZNF793+SFMBT2+ADHFE1+HOXA2+UNC5C	32	0.976831	0.981452
SNUH	6	ZNF568+ZNF793+SFMBT2+ADHFE1+HOXA2+RALYL	30	0.976944	0.980361
SNUH	6	ZNF568+ZNF793+SFMBT2+ADHFE1+HOXA2+GFRA1	34	0.977558	0.980758
SNUH	6	ZNF568+ZNF793+SFMBT2+ADHFE1+BEND5+UNC5C	30	0.980222	0.982196
SNUH	6	ZNF568+ZNF793+SFMBT2+ADHFE1+BEND5+RALYL	28	0.980393	0.981353
SNUH	6	ZNF568+ZNF793+SFMBT2+ADHFE1+BEND5+GFRA1	32	0.981356	0.982097
SNUH	6	ZNF568+ZNF793+SFMBT2+ADHFE1+UNC5C+RALYL	28	0.980825	0.980559
SNUH	6	ZNF568+ZNF793+SFMBT2+ADHFE1+UNC5C+GFRA1	32	0.981953	0.980708
SNUH	6	ZNF568+ZNF793+SFMBT2+ADHFE1+RALYL+GFRA1	30	0.982095	0.979915
SNUH	6	ZNF568+ZNF793+SFMBT2+HOXA2+BEND5+UNC5C	31	0.974970	0.981155
SNUH	6	ZNF568+ZNF793+SFMBT2+HOXA2+BEND5+RALYL	29	0.974905	0.980411
SNUH	6	ZNF568+ZNF793+SFMBT2+HOXA2+BEND5+GFRA1	33	0.975892	0.981204
SNUH	6	ZNF568+ZNF793+SFMBT2+HOXA2+UNC5C+RALYL	29	0.975939	0.980311
SNUH	6	ZNF568+ZNF793+SFMBT2+HOXA2+UNC5C+GFRA1	33	0.976477	0.980659
SNUH	6	ZNF568+ZNF793+SFMBT2+HOXA2+RALYL+GFRA1	31	0.977109	0.979865
SNUH	6	ZNF568+ZNF793+SFMBT2+BEND5+UNC5C+RALYL	27	0.979915	0.980163
SNUH	6	ZNF568+ZNF793+SFMBT2+BEND5+UNC5C+GFRA1	31	0.980901	0.980311
SNUH	6	ZNF568+ZNF793+SFMBT2+BEND5+RALYL+GFRA1	29	0.980210	0.978675
SNUH	6	ZNF568+ZNF793+SFMBT2+UNC5C+RALYL+GFRA1	29	0.981226	0.976245
SNUH	6	ZNF568+ZNF793+ADHFE1+HOXA2+BEND5+UNC5C	30	0.975591	0.977683
SNUH	6	ZNF568+ZNF793+ADHFE1+HOXA2+BEND5+RALYL	28	0.976022	0.976691
SNUH	6	ZNF568+ZNF793+ADHFE1+HOXA2+BEND5+GFRA1	32	0.976435	0.978526
SNUH	6	ZNF568+ZNF793+ADHFE1+HOXA2+UNC5C+RALYL	28	0.976335	0.976443
SNUH	6	ZNF568+ZNF793+ADHFE1+HOXA2+UNC5C+GFRA1	32	0.976790	0.977981
SNUH	6	ZNF568+ZNF793+ADHFE1+HOXA2+RALYL+GFRA1	30	0.977416	0.976542
SNUH	6	ZNF568+ZNF793+ADHFE1+BEND5+UNC5C+RALYL	26	0.979460	0.974261
SNUH	6	ZNF568+ZNF793+ADHFE1+BEND5+UNC5C+GFRA1	30	0.980441	0.977534
SNUH	6	ZNF568+ZNF793+ADHFE1+BEND5+RALYL+GFRA1	28	0.980435	0.975451
SNUH	6	ZNF568+ZNF793+ADHFE1+UNC5C+RALYL+GFRA1	28	0.981055	0.974856
SNUH	6	ZNF568+ZNF793+HOXA2+BEND5+UNC5C+RALYL	27	0.974321	0.977981
SNUH	6	ZNF568+ZNF793+HOXA2+BEND5+UNC5C+GFRA1	31	0.975195	0.978873
SNUH	6	ZNF568+ZNF793+HOXA2+BEND5+RALYL+GFRA1	29	0.975366	0.977385
SNUH	6	ZNF568+ZNF793+HOXA2+UNC5C+RALYL+GFRA1	29	0.975975	0.976642
SNUH	6	ZNF568+ZNF793+BEND5+UNC5C+RALYL+GFRA1	27	0.978952	0.974955
SNUH	6	ZNF568+SFMBT2+ADHFE1+HOXA2+BEND5+UNC5C	31	0.975626	0.981551
SNUH	6	ZNF568+SFMBT2+ADHFE1+HOXA2+BEND5+RALYL	29	0.976010	0.981155
SNUH	6	ZNF568+SFMBT2+ADHFE1+HOXA2+BEND5+GFRA1	33	0.977115	0.981303
SNUH	6	ZNF568+SFMBT2+ADHFE1+HOXA2+UNC5C+RALYL	29	0.976873	0.980659
SNUH	6	ZNF568+SFMBT2+ADHFE1+HOXA2+UNC5C+GFRA1	33	0.977381	0.981105
SNUH	6	ZNF568+SFMBT2+ADHFE1+HOXA2+RALYL+GFRA1	31	0.977954	0.980411
SNUH	6	ZNF568+SFMBT2+ADHFE1+BEND5+UNC5C+RALYL	27	0.980151	0.981601
SNUH	6	ZNF568+SFMBT2+ADHFE1+BEND5+UNC5C+GFRA1	31	0.981138	0.981898
SNUH	6	ZNF568+SFMBT2+ADHFE1+BEND5+RALYL+GFRA1	29	0.981303	0.980907
SNUH	6	ZNF568+SFMBT2+ADHFE1+UNC5C+RALYL+GFRA1	29	0.981652	0.979915
SNUH	6	ZNF568+SFMBT2+HOXA2+BEND5+UNC5C+RALYL	28	0.975295	0.980758
SNUH	6	ZNF568+SFMBT2+HOXA2+BEND5+UNC5C+GFRA1	32	0.976465	0.977286
SNUH	6	ZNF568+SFMBT2+HOXA2+BEND5+RALYL+GFRA1	30	0.976814	0.980758
SNUH	6	ZNF568+SFMBT2+HOXA2+UNC5C+RALYL+GFRA1	30	0.977103	0.979816
SNUH	6	ZNF568+SFMBT2+BEND5+UNC5C+RALYL+GFRA1	28	0.980517	0.978923
SNUH	6	ZNF568+ADHFE1+HOXA2+BEND5+UNC5C+RALYL	27	0.975673	0.977038
SNUH	6	ZNF568+ADHFE1+HOXA2+BEND5+UNC5C+GFRA1	31	0.976731	0.978625
SNUH	6	ZNF568+ADHFE1+HOXA2+BEND5+RALYL+GFRA1	29	0.976737	0.977385
SNUH	6	ZNF568+ADHFE1+HOXA2+UNC5C+RALYL+GFRA1	29	0.977286	0.977237
SNUH	6	ZNF568+ADHFE1+BEND5+UNC5C+RALYL+GFRA1	27	0.980376	0.976642
SNUH	6	ZNF568+HOXA2+BEND5+UNC5C+RALYL+GFRA1	28	0.975786	0.978377
SNUH	6	ZNF793+SFMBT2+ADHFE1+HOXA2+BEND5+UNC5C	30	0.975284	0.982047
SNUH	6	ZNF793+SFMBT2+ADHFE1+HOXA2+BEND5+RALYL	28	0.975608	0.981204
SNUH	6	ZNF793+SFMBT2+ADHFE1+HOXA2+BEND5+GFRA1	32	0.976548	0.982047
SNUH	6	ZNF793+SFMBT2+ADHFE1+HOXA2+UNC5C+RALYL	28	0.976063	0.980857
SNUH	6	ZNF793+SFMBT2+ADHFE1+HOXA2+UNC5C+GFRA1	32	0.976985	0.981849
SNUH	6	ZNF793+SFMBT2+ADHFE1+HOXA2+RALYL+GFRA1	30	0.977375	0.980857
SNUH	6	ZNF793+SFMBT2+ADHFE1+BEND5+UNC5C+RALYL	26	0.979395	0.983386
SNUH	6	ZNF793+SFMBT2+ADHFE1+BEND5+UNC5C+GFRA1	30	0.980984	0.983039
SNUH	6	ZNF793+SFMBT2+ADHFE1+BEND5+RALYL+GFRA1	28	0.981285	0.982494
SNUH	6	ZNF793+SFMBT2+ADHFE1+UNC5C+RALYL+GFRA1	28	0.981031	0.981849
SNUH	6	ZNF793+SFMBT2+HOXA2+BEND5+UNC5C+RALYL	27	0.974823	0.980907
SNUH	6	ZNF793+SFMBT2+HOXA2+BEND5+UNC5C+GFRA1	31	0.975786	0.981303
SNUH	6	ZNF793+SFMBT2+HOXA2+BEND5+RALYL+GFRA1	29	0.975963	0.980956
SNUH	6	ZNF793+SFMBT2+HOXA2+UNC5C+RALYL+GFRA1	29	0.976884	0.980311
SNUH	6	ZNF793+SFMBT2+BEND5+UNC5C+RALYL+GFRA1	27	0.980163	0.980460
SNUH	6	ZNF793+ADHFE1+HOXA2+BEND5+UNC5C+RALYL	26	0.974988	0.977485
SNUH	6	ZNF793+ADHFE1+HOXA2+BEND5+UNC5C+GFRA1	30	0.976199	0.978675
SNUH	6	ZNF793+ADHFE1+HOXA2+BEND5+RALYL+GFRA1	28	0.976170	0.977733
SNUH	6	ZNF793+ADHFE1+HOXA2+UNC5C+RALYL+GFRA1	28	0.976879	0.977485
SNUH	6	ZNF793+ADHFE1+BEND5+UNC5C+RALYL+GFRA1	26	0.979720	0.977485
SNUH	6	ZNF793+HOXA2+BEND5+UNC5C+RALYL+GFRA1	27	0.975095	0.978526
SNUH	6	SFMBT2+ADHFE1+HOXA2+BEND5+UNC5C+RALYL	27	0.975567	0.981006
SNUH	6	SFMBT2+ADHFE1+HOXA2+BEND5+UNC5C+GFRA1	31	0.976719	0.981898
SNUH	6	SFMBT2+ADHFE1+HOXA2+BEND5+RALYL+GFRA1	29	0.976914	0.981155
SNUH	6	SFMBT2+ADHFE1+HOXA2+UNC5C+RALYL+GFRA1	29	0.977032	0.981055
SNUH	6	SFMBT2+ADHFE1+BEND5+UNC5C+RALYL+GFRA1	27	0.980949	0.982593
SNUH	6	SFMBT2+HOXA2+BEND5+UNC5C+RALYL+GFRA1	28	0.976430	0.981303
SNUH	6	ADHFE1+HOXA2+BEND5+UNC5C+RALYL+GFRA1	27	0.976489	0.977782
SNUH	7	EYA4+ZNF568+ZNF793+SFMBT2+ADHFE1+HOXA2+BEND5	44	0.977115	0.981155
SNUH	7	EYA4+ZNF568+ZNF793+SFMBT2+ADHFE1+HOXA2+UNC5C	44	0.977133	0.981105
SNUH	7	EYA4+ZNF568+ZNF793+SFMBT2+ADHFE1+HOXA2+RALYL	42	0.977735	0.980510
SNUH	7	EYA4+ZNF568+ZNF793+SFMBT2+ADHFE1+HOXA2+GFRA1	46	0.978137	0.980857
SNUH	7	EYA4+ZNF568+ZNF793+SFMBT2+ADHFE1+BEND5+UNC5C	42	0.980523	0.981502
SNUH	7	EYA4+ZNF568+ZNF793+SFMBT2+ADHFE1+BEND5+RALYL	40	0.980866	0.981006
SNUH	7	EYA4+ZNF568+ZNF793+SFMBT2+ADHFE1+BEND5+GFRA1	44	0.981374	0.981105
SNUH	7	EYA4+ZNF568+ZNF793+SFMBT2+ADHFE1+UNC5C+RALYL	40	0.981049	0.979766
SNUH	7	EYA4+ZNF568+ZNF793+SFMBT2+ADHFE1+UNC5C+GFRA1	44	0.981569	0.979964
SNUH	7	EYA4+ZNF568+ZNF793+SFMBT2+ADHFE1+RALYL+GFRA1	42	0.981841	0.979468
SNUH	7	EYA4+ZNF568+ZNF793+SFMBT2+HOXA2+BEND5+UNC5C	43	0.975987	0.980807
SNUH	7	EYA4+ZNF568+ZNF793+SFMBT2+HOXA2+BEND5+RALYL	41	0.976418	0.980163
SNUH	7	EYA4+ZNF568+ZNF793+SFMBT2+HOXA2+BEND5+GFRA1	45	0.977020	0.980460
SNUH	7	EYA4+ZNF568+ZNF793+SFMBT2+HOXA2+UNC5C+RALYL	41	0.976412	0.979617
SNUH	7	EYA4+ZNF568+ZNF793+SFMBT2+HOXA2+UNC5C+GFRA1	45	0.977227	0.980212
SNUH	7	EYA4+ZNF568+ZNF793+SFMBT2+HOXA2+RALYL+GFRA1	43	0.977670	0.979716
SNUH	7	EYA4+ZNF568+ZNF793+SFMBT2+BEND5+UNC5C+RALYL	39	0.979844	0.979667
SNUH	7	EYA4+ZNF568+ZNF793+SFMBT2+BEND5+UNC5C+GFRA1	43	0.980707	0.979865
SNUH	7	EYA4+ZNF568+ZNF793+SFMBT2+BEND5+RALYL+GFRA1	41	0.980063	0.978476
SNUH	7	EYA4+ZNF568+ZNF793+SFMBT2+UNC5C+RALYL+GFRA1	41	0.980901	0.977237
SNUH	7	EYA4+ZNF568+ZNF793+ADHFE1+HOXA2+BEND5+UNC5C	42	0.976406	0.978328
SNUH	7	EYA4+ZNF568+ZNF793+ADHFE1+HOXA2+BEND5+RALYL	40	0.976861	0.977534
SNUH	7	EYA4+ZNF568+ZNF793+ADHFE1+HOXA2+BEND5+GFRA1	44	0.977263	0.978427
SNUH	7	EYA4+ZNF568+ZNF793+ADHFE1+HOXA2+UNC5C+RALYL	40	0.976595	0.977088
SNUH	7	EYA4+ZNF568+ZNF793+ADHFE1+HOXA2+UNC5C+GFRA1	44	0.977345	0.978030
SNUH	7	EYA4+ZNF568+ZNF793+ADHFE1+HOXA2+RALYL+GFRA1	42	0.977670	0.976939
SNUH	7	EYA4+ZNF568+ZNF793+ADHFE1+BEND5+UNC5C+RALYL	38	0.979915	0.976642
SNUH	7	EYA4+ZNF568+ZNF793+ADHFE1+BEND5+UNC5C+GFRA1	42	0.980494	0.977336
SNUH	7	EYA4+ZNF568+ZNF793+ADHFE1+BEND5+RALYL+GFRA1	40	0.980943	0.975898
SNUH	7	EYA4+ZNF568+ZNF793+ADHFE1+UNC5C+RALYL+GFRA1	40	0.980872	0.975650
SNUH	7	EYA4+ZNF568+ZNF793+HOXA2+BEND5+UNC5C+RALYL	39	0.975024	0.977832
SNUH	7	EYA4+ZNF568+ZNF793+HOXA2+BEND5+UNC5C+GFRA1	43	0.975892	0.978625
SNUH	7	EYA4+ZNF568+ZNF793+HOXA2+BEND5+RALYL+GFRA1	41	0.976176	0.977336
SNUH	7	EYA4+ZNF568+ZNF793+HOXA2+UNC5C+RALYL+GFRA1	41	0.976335	0.977435
SNUH	7	EYA4+ZNF568+ZNF793+BEND5+UNC5C+RALYL+GFRA1	39	0.977723	0.975749
SNUH	7	EYA4+ZNF568+SFMBT2+ADHFE1+HOXA2+BEND5+UNC5C	43	0.976258	0.981254
SNUH	7	EYA4+ZNF568+SFMBT2+ADHFE1+HOXA2+BEND5+RALYL	41	0.977073	0.980857
SNUH	7	EYA4+ZNF568+SFMBT2+ADHFE1+HOXA2+BEND5+GFRA1	45	0.977717	0.980857
SNUH	7	EYA4+ZNF568+SFMBT2+ADHFE1+HOXA2+UNC5C+RALYL	41	0.977032	0.980659
SNUH	7	EYA4+ZNF568+SFMBT2+ADHFE1+HOXA2+UNC5C+GFRA1	45	0.977658	0.980559
SNUH	7	EYA4+ZNF568+SFMBT2+ADHFE1+HOXA2+RALYL+GFRA1	43	0.978149	0.980113
SNUH	7	EYA4+ZNF568+SFMBT2+ADHFE1+BEND5+UNC5C+RALYL	39	0.980252	0.981204
SNUH	7	EYA4+ZNF568+SFMBT2+ADHFE1+BEND5+UNC5C+GFRA1	43	0.981026	0.981402
SNUH	7	EYA4+ZNF568+SFMBT2+ADHFE1+BEND5+RALYL+GFRA1	41	0.981303	0.980460
SNUH	7	EYA4+ZNF568+SFMBT2+ADHFE1+UNC5C+RALYL+GFRA1	41	0.981463	0.979617
SNUH	7	EYA4+ZNF568+SFMBT2+HOXA2+BEND5+UNC5C+RALYL	40	0.975230	0.980262
SNUH	7	EYA4+ZNF568+SFMBT2+HOXA2+BEND5+UNC5C+GFRA1	44	0.976672	0.980609
SNUH	7	EYA4+ZNF568+SFMBT2+HOXA2+BEND5+RALYL+GFRA1	42	0.977138	0.979766
SNUH	7	EYA4+ZNF568+SFMBT2+HOXA2+UNC5C+RALYL+GFRA1	42	0.977274	0.979568
SNUH	7	EYA4+ZNF568+SFMBT2+BEND5+UNC5C+RALYL+GFRA1	40	0.980346	0.979270
SNUH	7	EYA4+ZNF568+ADHFE1+HOXA2+BEND5+UNC5C+RALYL	39	0.976205	0.977881
SNUH	7	EYA4+ZNF568+ADHFE1+HOXA2+BEND5+UNC5C+GFRA1	43	0.976855	0.978427
SNUH	7	EYA4+ZNF568+ADHFE1+HOXA2+BEND5+RALYL+GFRA1	41	0.977174	0.977782
SNUH	7	EYA4+ZNF568+ADHFE1+HOXA2+UNC5C+RALYL+GFRA1	41	0.977345	0.977336
SNUH	7	EYA4+ZNF568+ADHFE1+BEND5+UNC5C+RALYL+GFRA1	39	0.980642	0.976989
SNUH	7	EYA4+ZNF568+HOXA2+BEND5+UNC5C+RALYL+GFRA1	40	0.975868	0.978129
SNUH	7	EYA4+ZNF793+SFMBT2+ADHFE1+HOXA2+BEND5+UNC5C	42	0.976205	0.981799
SNUH	7	EYA4+ZNF793+SFMBT2+ADHFE1+HOXA2+BEND5+RALYL	40	0.976306	0.981402
SNUH	7	EYA4+ZNF793+SFMBT2+ADHFE1+HOXA2+BEND5+GFRA1	44	0.977168	0.981502
SNUH	7	EYA4+ZNF793+SFMBT2+ADHFE1+HOXA2+UNC5C+RALYL	40	0.976495	0.981055
SNUH	7	EYA4+ZNF793+SFMBT2+ADHFE1+HOXA2+UNC5C+GFRA1	44	0.976890	0.981006
SNUH	7	EYA4+ZNF793+SFMBT2+ADHFE1+HOXA2+RALYL+GFRA1	42	0.977333	0.980361
SNUH	7	EYA4+ZNF793+SFMBT2+ADHFE1+BEND5+UNC5C+RALYL	38	0.980069	0.982047
SNUH	7	EYA4+ZNF793+SFMBT2+ADHFE1+BEND5+UNC5C+GFRA1	42	0.980766	0.982146
SNUH	7	EYA4+ZNF793+SFMBT2+ADHFE1+BEND5+RALYL+GFRA1	40	0.981350	0.981105
SNUH	7	EYA4+ZNF793+SFMBT2+ADHFE1+UNC5C+RALYL+GFRA1	40	0.981020	0.979915
SNUH	7	EYA4+ZNF793+SFMBT2+HOXA2+BEND5+UNC5C+RALYL	39	0.975148	0.981204
SNUH	7	EYA4+ZNF793+SFMBT2+HOXA2+BEND5+UNC5C+GFRA1	43	0.976170	0.981254
SNUH	7	EYA4+ZNF793+SFMBT2+HOXA2+BEND5+RALYL+GFRA1	41	0.976790	0.980510
SNUH	7	EYA4+ZNF793+SFMBT2+HOXA2+UNC5C+RALYL+GFRA1	41	0.977192	0.980063
SNUH	7	EYA4+ZNF793+SFMBT2+BEND5+UNC5C+RALYL+GFRA1	39	0.980275	0.980212
SNUH	7	EYA4+ZNF793+ADHFE1+HOXA2+BEND5+UNC5C+RALYL	38	0.975733	0.978080
SNUH	7	EYA4+ZNF793+ADHFE1+HOXA2+BEND5+UNC5C+GFRA1	42	0.976418	0.978824
SNUH	7	EYA4+ZNF793+ADHFE1+HOXA2+BEND5+RALYL+GFRA1	40	0.976914	0.977733
SNUH	7	EYA4+ZNF793+ADHFE1+HOXA2+UNC5C+RALYL+GFRA1	40	0.976524	0.977534
SNUH	7	EYA4+ZNF793+ADHFE1+BEND5+UNC5C+RALYL+GFRA1	38	0.980464	0.977187
SNUH	7	EYA4+ZNF793+HOXA2+BEND5+UNC5C+RALYL+GFRA1	39	0.975331	0.978278
SNUH	7	EYA4+SFMBT2+ADHFE1+HOXA2+BEND5+UNC5C+RALYL	39	0.975815	0.981650
SNUH	7	EYA4+SFMBT2+ADHFE1+HOXA2+BEND5+UNC5C+GFRA1	43	0.976619	0.981402
SNUH	7	EYA4+SFMBT2+ADHFE1+HOXA2+BEND5+RALYL+GFRA1	41	0.977121	0.981055
SNUH	7	EYA4+SFMBT2+ADHFE1+HOXA2+UNC5C+RALYL+GFRA1	41	0.976784	0.980460
SNUH	7	EYA4+SFMBT2+ADHFE1+BEND5+UNC5C+RALYL+GFRA1	39	0.980789	0.981155
SNUH	7	EYA4+SFMBT2+HOXA2+BEND5+UNC5C+RALYL+GFRA1	40	0.976252	0.980460
SNUH	7	EYA4+ADHFE1+HOXA2+BEND5+UNC5C+RALYL+GFRA1	39	0.976199	0.977981
SNUH	7	ZNF568+ZNF793+SFMBT2+ADHFE1+HOXA2+BEND5+UNC5C	36	0.975727	0.981849
SNUH	7	ZNF568+ZNF793+SFMBT2+ADHFE1+HOXA2+BEND5+RALYL	34	0.976063	0.981353
SNUH	7	ZNF568+ZNF793+SFMBT2+ADHFE1+HOXA2+BEND5+GFRA1	38	0.976672	0.981452
SNUH	7	ZNF568+ZNF793+SFMBT2+ADHFE1+HOXA2+UNC5C+RALYL	34	0.976678	0.980708
SNUH	7	ZNF568+ZNF793+SFMBT2+ADHFE1+HOXA2+UNC5C+GFRA1	38	0.977079	0.981055
SNUH	7	ZNF568+ZNF793+SFMBT2+ADHFE1+HOXA2+RALYL+GFRA1	36	0.977564	0.980659
SNUH	7	ZNF568+ZNF793+SFMBT2+ADHFE1+BEND5+UNC5C+RALYL	32	0.980328	0.981551
SNUH	7	ZNF568+ZNF793+SFMBT2+ADHFE1+BEND5+UNC5C+GFRA1	36	0.981102	0.981998
SNUH	7	ZNF568+ZNF793+SFMBT2+ADHFE1+BEND5+RALYL+GFRA1	34	0.981268	0.981105
SNUH	7	ZNF568+ZNF793+SFMBT2+ADHFE1+UNC5C+RALYL+GFRA1	34	0.981770	0.980063
SNUH	7	ZNF568+ZNF793+SFMBT2+HOXA2+BEND5+UNC5C+RALYL	33	0.975154	0.980956
SNUH	7	ZNF568+ZNF793+SFMBT2+HOXA2+BEND5+UNC5C+GFRA1	37	0.975916	0.981452
SNUH	7	ZNF568+ZNF793+SFMBT2+HOXA2+BEND5+RALYL+GFRA1	35	0.976158	0.980708
SNUH	7	ZNF568+ZNF793+SFMBT2+HOXA2+UNC5C+RALYL+GFRA1	35	0.976955	0.980212
SNUH	7	ZNF568+ZNF793+SFMBT2+BEND5+UNC5C+RALYL+GFRA1	33	0.980092	0.979171
SNUH	7	ZNF568+ZNF793+ADHFE1+HOXA2+BEND5+UNC5C+RALYL	32	0.975597	0.977435
SNUH	7	ZNF568+ZNF793+ADHFE1+HOXA2+BEND5+UNC5C+GFRA1	36	0.976306	0.978427
SNUH	7	ZNF568+ZNF793+ADHFE1+HOXA2+BEND5+RALYL+GFRA1	34	0.976453	0.977485
SNUH	7	ZNF568+ZNF793+ADHFE1+HOXA2+UNC5C+RALYL+GFRA1	34	0.977162	0.977435
SNUH	7	ZNF568+ZNF793+ADHFE1+BEND5+UNC5C+RALYL+GFRA1	32	0.980370	0.976691
SNUH	7	ZNF568+ZNF793+HOXA2+BEND5+UNC5C+RALYL+GFRA1	33	0.975242	0.978377
SNUH	7	ZNF568+SFMBT2+ADHFE1+HOXA2+BEND5+UNC5C+RALYL	33	0.975762	0.981055
SNUH	7	ZNF568+SFMBT2+ADHFE1+HOXA2+BEND5+UNC5C+GFRA1	37	0.976625	0.981650
SNUH	7	ZNF568+SFMBT2+ADHFE1+HOXA2+BEND5+RALYL+GFRA1	35	0.977227	0.981105
SNUH	7	ZNF568+SFMBT2+ADHFE1+HOXA2+UNC5C+RALYL+GFRA1	35	0.977481	0.980708
SNUH	7	ZNF568+SFMBT2+ADHFE1+BEND5+UNC5C+RALYL+GFRA1	33	0.980748	0.981303
SNUH	7	ZNF568+SFMBT2+HOXA2+BEND5+UNC5C+RALYL+GFRA1	34	0.976435	0.980708
SNUH	7	ZNF568+ADHFE1+HOXA2+BEND5+UNC5C+RALYL+GFRA1	33	0.976713	0.977832
SNUH	7	ZNF793+SFMBT2+ADHFE1+HOXA2+BEND5+UNC5C+RALYL	32	0.975171	0.981502
SNUH	7	ZNF793+SFMBT2+ADHFE1+HOXA2+BEND5+UNC5C+GFRA1	36	0.976500	0.981849
SNUH	7	ZNF793+SFMBT2+ADHFE1+HOXA2+BEND5+RALYL+GFRA1	34	0.976743	0.981353
SNUH	7	ZNF793+SFMBT2+ADHFE1+HOXA2+UNC5C+RALYL+GFRA1	34	0.976908	0.981254
SNUH	7	ZNF793+SFMBT2+ADHFE1+BEND5+UNC5C+RALYL+GFRA1	32	0.981043	0.982295
SNUH	7	ZNF793+SFMBT2+HOXA2+BEND5+UNC5C+RALYL+GFRA1	33	0.975715	0.981204
SNUH	7	ZNF793+ADHFE1+HOXA2+BEND5+UNC5C+RALYL+GFRA1	32	0.976311	0.978129
SNUH	7	SFMBT2+ADHFE1+HOXA2+BEND5+UNC5C+RALYL+GFRA1	33	0.976737	0.981303
SNUH	8	EYA4+ZNF568+ZNF793+SFMBT2+ADHFE1+HOXA2+BEND5+UNC5C	48	0.976459	0.981155
SNUH	8	EYA4+ZNF568+ZNF793+SFMBT2+ADHFE1+HOXA2+BEND5+RALYL	46	0.977109	0.980659
SNUH	8	EYA4+ZNF568+ZNF793+SFMBT2+ADHFE1+HOXA2+BEND5+GFRA1	50	0.977564	0.980708
SNUH	8	EYA4+ZNF568+ZNF793+SFMBT2+ADHFE1+HOXA2+UNC5C+RALYL	46	0.976973	0.980708
SNUH	8	EYA4+ZNF568+ZNF793+SFMBT2+ADHFE1+HOXA2+UNC5C+GFRA1	50	0.977546	0.980708
SNUH	8	EYA4+ZNF568+ZNF793+SFMBT2+ADHFE1+HOXA2+RALYL+GFRA1	48	0.977948	0.980063
SNUH	8	EYA4+ZNF568+ZNF793+SFMBT2+ADHFE1+BEND5+UNC5C+RALYL	44	0.980246	0.981105
SNUH	8	EYA4+ZNF568+ZNF793+SFMBT2+ADHFE1+BEND5+UNC5C+GFRA1	48	0.980919	0.981353
SNUH	8	EYA4+ZNF568+ZNF793+SFMBT2+ADHFE1+BEND5+RALYL+GFRA1	46	0.981309	0.980708
SNUH	8	EYA4+ZNF568+ZNF793+SFMBT2+ADHFE1+UNC5C+RALYL+GFRA1	46	0.981327	0.979369
SNUH	8	EYA4+ZNF568+ZNF793+SFMBT2+HOXA2+BEND5+UNC5C+RALYL	45	0.975508	0.980212
SNUH	8	EYA4+ZNF568+ZNF793+SFMBT2+HOXA2+BEND5+UNC5C+GFRA1	49	0.976435	0.980559
SNUH	8	EYA4+ZNF568+ZNF793+SFMBT2+HOXA2+BEND5+RALYL+GFRA1	47	0.977026	0.980014
SNUH	8	EYA4+ZNF568+ZNF793+SFMBT2+HOXA2+UNC5C+RALYL+GFRA1	47	0.977180	0.979766
SNUH	8	EYA4+ZNF568+ZNF793+SFMBT2+BEND5+UNC5C+RALYL+GFRA1	45	0.980323	0.978923
SNUH	8	EYA4+ZNF568+ZNF793+ADHFE1+HOXA2+BEND5+UNC5C+RALYL	44	0.976246	0.977832
SNUH	8	EYA4+ZNF568+ZNF793+ADHFE1+HOXA2+BEND5+UNC5C+GFRA1	48	0.976861	0.978774
SNUH	8	EYA4+ZNF568+ZNF793+ADHFE1+HOXA2+BEND5+RALYL+GFRA1	46	0.977180	0.977733
SNUH	8	EYA4+ZNF568+ZNF793+ADHFE1+HOXA2+UNC5C+RALYL+GFRA1	46	0.977227	0.977485
SNUH	8	EYA4+ZNF568+ZNF793+ADHFE1+BEND5+UNC5C+RALYL+GFRA1	44	0.980488	0.976840
SNUH	8	EYA4+ZNF568+ZNF793+HOXA2+BEND5+UNC5C+RALYL+GFRA1	45	0.975721	0.977931
SNUH	8	EYA4+ZNF568+SFMBT2+ADHFE1+HOXA2+BEND5+UNC5C+RALYL	45	0.976276	0.980907
SNUH	8	EYA4+ZNF568+SFMBT2+ADHFE1+HOXA2+BEND5+UNC5C+GFRA1	49	0.976997	0.980807
SNUH	8	EYA4+ZNF568+SFMBT2+ADHFE1+HOXA2+BEND5+RALYL+GFRA1	47	0.977446	0.980609
SNUH	8	EYA4+ZNF568+SFMBT2+ADHFE1+HOXA2+UNC5C+RALYL+GFRA1	47	0.977522	0.980212
SNUH	8	EYA4+ZNF568+SFMBT2+ADHFE1+BEND5+UNC5C+RALYL+GFRA1	45	0.980955	0.980807
SNUH	8	EYA4+ZNF568+SFMBT2+HOXA2+BEND5+UNC5C+RALYL+GFRA1	46	0.976152	0.980212
SNUH	8	EYA4+ZNF568+ADHFE1+HOXA2+BEND5+UNC5C+RALYL+GFRA1	45	0.976625	0.977832
SNUH	8	EYA4+ZNF793+SFMBT2+ADHFE1+HOXA2+BEND5+UNC5C+RALYL	44	0.975998	0.981601
SNUH	8	EYA4+ZNF793+SFMBT2+ADHFE1+HOXA2+BEND5+UNC5C+GFRA1	48	0.976719	0.981452
SNUH	8	EYA4+ZNF793+SFMBT2+ADHFE1+HOXA2+BEND5+RALYL+GFRA1	46	0.977044	0.980857
SNUH	8	EYA4+ZNF793+SFMBT2+ADHFE1+HOXA2+UNC5C+RALYL+GFRA1	46	0.976784	0.980758
SNUH	8	EYA4+ZNF793+SFMBT2+ADHFE1+BEND5+UNC5C+RALYL+GFRA1	44	0.980642	0.981204
SNUH	8	EYA4+ZNF793+SFMBT2+HOXA2+BEND5+UNC5C+RALYL+GFRA1	45	0.976087	0.980659
SNUH	8	EYA4+ZNF793+ADHFE1+HOXA2+BEND5+UNC5C+RALYL+GFRA1	44	0.976087	0.978328
SNUH	8	EYA4+SFMBT2+ADHFE1+HOXA2+BEND5+UNC5C+RALYL+GFRA1	45	0.976388	0.981055
SNUH	8	ZNF568+ZNF793+SFMBT2+ADHFE1+HOXA2+BEND5+UNC5C+RALYL	38	0.975951	0.981155
SNUH	8	ZNF568+ZNF793+SFMBT2+ADHFE1+HOXA2+BEND5+UNC5C+GFRA1	42	0.976495	0.981204
SNUH	8	ZNF568+ZNF793+SFMBT2+ADHFE1+HOXA2+BEND5+RALYL+GFRA1	40	0.977038	0.981254
SNUH	8	ZNF568+ZNF793+SFMBT2+ADHFE1+HOXA2+UNC5C+RALYL+GFRA1	40	0.977239	0.980510
SNUH	8	ZNF568+ZNF793+SFMBT2+ADHFE1+BEND5+UNC5C+RALYL+GFRA1	38	0.980754	0.980956
SNUH	8	ZNF568+ZNF793+SFMBT2+HOXA2+BEND5+UNC5C+RALYL+GFRA1	39	0.975478	0.981006
SNUH	8	ZNF568+ZNF793+ADHFE1+HOXA2+BEND5+UNC5C+RALYL+GFRA1	38	0.976306	0.978030
SNUH	8	ZNF568+SFMBT2+ADHFE1+HOXA2+BEND5+UNC5C+RALYL+GFRA1	39	0.976701	0.981254
SNUH	8	ZNF793+SFMBT2+ADHFE1+HOXA2+BEND5+UNC5C+RALYL+GFRA1	38	0.976560	0.981353
SNUH	9	EYA4+ZNF568+ZNF793+SFMBT2+ADHFE1+HOXA2+BEND5+UNC5C+RALYL	50	0.976388	0.980907
SNUH	9	EYA4+ZNF568+ZNF793+SFMBT2+ADHFE1+HOXA2+BEND5+UNC5C+GFRA1	54	0.977221	0.980708
SNUH	9	EYA4+ZNF568+ZNF793+SFMBT2+ADHFE1+HOXA2+BEND5+RALYL+GFRA1	52	0.977493	0.980311
SNUH	9	EYA4+ZNF568+ZNF793+SFMBT2+ADHFE1+HOXA2+UNC5C+RALYL+GFRA1	52	0.977398	0.980063
SNUH	9	EYA4+ZNF568+ZNF793+SFMBT2+ADHFE1+BEND5+UNC5C+RALYL+GFRA1	50	0.980872	0.980708
SNUH	9	EYA4+ZNF568+ZNF793+SFMBT2+HOXA2+BEND5+UNC5C+RALYL+GFRA1	51	0.976099	0.980063
SNUH	9	EYA4+ZNF568+ZNF793+ADHFE1+HOXA2+BEND5+UNC5C+RALYL+GFRA1	50	0.976743	0.978129
SNUH	9	EYA4+ZNF568+SFMBT2+ADHFE1+HOXA2+BEND5+UNC5C+RALYL+GFRA1	51	0.976932	0.980460
SNUH	9	EYA4+ZNF793+SFMBT2+ADHFE1+HOXA2+BEND5+UNC5C+RALYL+GFRA1	50	0.976300	0.981006
SNUH	9	ZNF568+ZNF793+SFMBT2+ADHFE1+HOXA2+BEND5+UNC5C+RALYL+GFRA1	44	0.976441	0.980907
SNUH	10	EYA4+ZNF568+ZNF793+SFMBT2+ADHFE1+HOXA2+BEND5+UNC5C+RALYL+GFRA1	56	0.977127	0.980113
ASAN	1	EYA4	12	0.954602	0.822876
ASAN	1	ZNF568	6	0.967326	0.839417
ASAN	1	ZNF793	5	0.884405	0.743408
ASAN	1	SFMBT2	6	0.983170	0.859558
ASAN	1	ADHFE1	5	0.980417	0.864624
ASAN	1	HOXA2	6	0.972578	0.911499
ASAN	1	BEND5	4	0.925868	0.866394
ASAN	1	UNC5C	4	0.975195	0.843262
ASAN	1	RALYL	2	0.936224	0.801453
ASAN	1	GFRA1	6	0.971586	0.818726
ASAN	2	EYA4+ZNF568	18	0.971497	0.865295
ASAN	2	EYA4+ZNF793	17	0.960952	0.866272
ASAN	2	EYA4+SFMBT2	18	0.981150	0.867432
ASAN	2	EYA4+ADHFE1	17	0.980937	0.873413
ASAN	2	EYA4+HOXA2	18	0.974628	0.915100
ASAN	2	EYA4+BEND5	16	0.960616	0.848694
ASAN	2	EYA4+UNC5C	16	0.970646	0.854736
ASAN	2	EYA4+RALYL	14	0.958164	0.858154
ASAN	2	EYA4+GFRA1	18	0.970073	0.854126
ASAN	2	ZNF568+ZNF793	11	0.977481	0.835510
ASAN	2	ZNF568+SFMBT2	12	0.981321	0.866150
ASAN	2	ZNF568+ADHFE1	11	0.980984	0.881836
ASAN	2	ZNF568+HOXA2	12	0.974628	0.922729
ASAN	2	ZNF568+BEND5	10	0.974380	0.875549
ASAN	2	ZNF568+UNC5C	10	0.979005	0.854370
ASAN	2	ZNF568+RALYL	8	0.972454	0.844360
ASAN	2	ZNF568+GFRA1	12	0.974138	0.853149
ASAN	2	ZNF793+SFMBT2	11	0.981480	0.859802
ASAN	2	ZNF793+ADHFE1	10	0.978869	0.875916
ASAN	2	ZNF793+HOXA2	11	0.973700	0.919617
ASAN	2	ZNF793+BEND5	9	0.954070	0.859985
ASAN	2	ZNF793+UNC5C	9	0.976873	0.851318
ASAN	2	ZNF793+RALYL	7	0.966458	0.818298
ASAN	2	ZNF793+GFRA1	11	0.973133	0.837341
ASAN	2	SFMBT2+ADHFE1	11	0.981923	0.882629
ASAN	2	SFMBT2+HOXA2	12	0.976489	0.900757
ASAN	2	SFMBT2+BEND5	10	0.980718	0.879944
ASAN	2	SFMBT2+UNC5C	10	0.981817	0.854492
ASAN	2	SFMBT2+RALYL	8	0.980689	0.857178
ASAN	2	SFMBT2+GFRA1	12	0.982928	0.854553
ASAN	2	ADHFE1+HOXA2	11	0.977404	0.882446
ASAN	2	ADHFE1+BEND5	9	0.978828	0.891113
ASAN	2	ADHFE1+UNC5C	9	0.978793	0.869934
ASAN	2	ADHFE1+RALYL	7	0.979879	0.875732
ASAN	2	ADHFE1+GFRA1	11	0.982047	0.876160
ASAN	2	HOXA2+BEND5	10	0.973494	0.923889
ASAN	2	HOXA2+UNC5C	10	0.975024	0.914734
ASAN	2	HOXA2+RALYL	8	0.974888	0.917480
ASAN	2	HOXA2+GFRA1	12	0.976713	0.918762
ASAN	2	BEND5+UNC5C	8	0.976128	0.867004
ASAN	2	BEND5+RALYL	6	0.965655	0.860657
ASAN	2	BEND5+GFRA1	10	0.979596	0.852539
ASAN	2	UNC5C+RALYL	6	0.970315	0.843567
ASAN	2	UNC5C+GFRA1	10	0.978728	0.844971
ASAN	2	RALYL+GFRA1	8	0.970280	0.813599
ASAN	3	EYA4+ZNF568+ZNF793	23	0.971432	0.872925
ASAN	3	EYA4+ZNF568+SFMBT2	24	0.981374	0.871094
ASAN	3	EYA4+ZNF568+ADHFE1	23	0.981652	0.877136
ASAN	3	EYA4+ZNF568+HOXA2	24	0.976471	0.915894
ASAN	3	EYA4+ZNF568+BEND5	22	0.970699	0.826355
ASAN	3	EYA4+ZNF568+UNC5C	22	0.977794	0.864380
ASAN	3	EYA4+ZNF568+RALYL	20	0.970528	0.862610
ASAN	3	EYA4+ZNF568+GFRA1	24	0.975289	0.864502
ASAN	3	EYA4+ZNF793+SFMBT2	23	0.980766	0.871399
ASAN	3	EYA4+ZNF793+ADHFE1	22	0.980943	0.875854
ASAN	3	EYA4+ZNF793+HOXA2	23	0.975177	0.915039
ASAN	3	EYA4+ZNF793+BEND5	21	0.960356	0.870605
ASAN	3	EYA4+ZNF793+UNC5C	21	0.974008	0.864807
ASAN	3	EYA4+ZNF793+RALYL	19	0.966239	0.864685
ASAN	3	EYA4+ZNF793+GFRA1	23	0.971840	0.859375
ASAN	3	EYA4+SFMBT2+ADHFE1	23	0.981717	0.877075
ASAN	3	EYA4+SFMBT2+HOXA2	24	0.976205	0.879150
ASAN	3	EYA4+SFMBT2+BEND5	22	0.980323	0.873718
ASAN	3	EYA4+SFMBT2+UNC5C	22	0.981108	0.862183
ASAN	3	EYA4+SFMBT2+RALYL	20	0.980411	0.864380
ASAN	3	EYA4+SFMBT2+GFRA1	24	0.981764	0.863586
ASAN	3	EYA4+ADHFE1+HOXA2	23	0.976914	0.911987
ASAN	3	EYA4+ADHFE1+BEND5	21	0.980393	0.880920
ASAN	3	EYA4+ADHFE1+UNC5C	21	0.979785	0.869995
ASAN	3	EYA4+ADHFE1+RALYL	19	0.980305	0.872803
ASAN	3	EYA4+ADHFE1+GFRA1	23	0.981132	0.872681
ASAN	3	EYA4+HOXA2+BEND5	22	0.974149	0.918579
ASAN	3	EYA4+HOXA2+UNC5C	22	0.975106	0.910461
ASAN	3	EYA4+HOXA2+RALYL	20	0.975378	0.915039
ASAN	3	EYA4+HOXA2+GFRA1	24	0.976495	0.911987
ASAN	3	EYA4+BEND5+UNC5C	20	0.973860	0.865479
ASAN	3	EYA4+BEND5+RALYL	18	0.966511	0.868774
ASAN	3	EYA4+BEND5+GFRA1	22	0.972147	0.842163
ASAN	3	EYA4+UNC5C+RALYL	18	0.969217	0.853760
ASAN	3	EYA4+UNC5C+GFRA1	22	0.976985	0.854980
ASAN	3	EYA4+RALYL+GFRA1	20	0.968537	0.853821
ASAN	3	ZNF568+ZNF793+SFMBT2	17	0.981297	0.864868
ASAN	3	ZNF568+ZNF793+ADHFE1	16	0.980476	0.880798
ASAN	3	ZNF568+ZNF793+HOXA2	17	0.974876	0.922119
ASAN	3	ZNF568+ZNF793+BEND5	15	0.976187	0.869751
ASAN	3	ZNF568+ZNF793+UNC5C	15	0.978899	0.855713
ASAN	3	ZNF568+ZNF793+RALYL	13	0.974415	0.845459
ASAN	3	ZNF568+ZNF793+GFRA1	17	0.975018	0.856506
ASAN	3	ZNF568+SFMBT2+ADHFE1	17	0.981953	0.883118
ASAN	3	ZNF568+SFMBT2+HOXA2	18	0.976288	0.900146
ASAN	3	ZNF568+SFMBT2+BEND5	16	0.980423	0.877441
ASAN	3	ZNF568+SFMBT2+UNC5C	16	0.981203	0.866394
ASAN	3	ZNF568+SFMBT2+RALYL	14	0.980512	0.865784
ASAN	3	ZNF568+SFMBT2+GFRA1	18	0.982101	0.862671
ASAN	3	ZNF568+ADHFE1+HOXA2	17	0.976778	0.921936
ASAN	3	ZNF568+ADHFE1+BEND5	15	0.980299	0.886169
ASAN	3	ZNF568+ADHFE1+UNC5C	15	0.980086	0.873474
ASAN	3	ZNF568+ADHFE1+RALYL	13	0.980736	0.880737
ASAN	3	ZNF568+ADHFE1+GFRA1	17	0.981935	0.880920
ASAN	3	ZNF568+HOXA2+BEND5	16	0.974492	0.925415
ASAN	3	ZNF568+HOXA2+UNC5C	16	0.974628	0.917847
ASAN	3	ZNF568+HOXA2+RALYL	14	0.974823	0.921814
ASAN	3	ZNF568+HOXA2+GFRA1	18	0.976944	0.919006
ASAN	3	ZNF568+BEND5+UNC5C	14	0.978190	0.870544
ASAN	3	ZNF568+BEND5+RALYL	12	0.973263	0.865967
ASAN	3	ZNF568+BEND5+GFRA1	16	0.979939	0.862732
ASAN	3	ZNF568+UNC5C+RALYL	12	0.978113	0.851868
ASAN	3	ZNF568+UNC5C+GFRA1	16	0.979224	0.856689
ASAN	3	ZNF568+RALYL+GFRA1	14	0.973647	0.851318
ASAN	3	ZNF793+SFMBT2+ADHFE1	16	0.981043	0.882202
ASAN	3	ZNF793+SFMBT2+HOXA2	17	0.976199	0.923706
ASAN	3	ZNF793+SFMBT2+BEND5	15	0.980074	0.877441
ASAN	3	ZNF793+SFMBT2+UNC5C	15	0.981155	0.862305
ASAN	3	ZNF793+SFMBT2+RALYL	13	0.980004	0.859497
ASAN	3	ZNF793+SFMBT2+GFRA1	17	0.982603	0.858948
ASAN	3	ZNF793+ADHFE1+HOXA2	16	0.976111	0.922791
ASAN	3	ZNF793+ADHFE1+BEND5	14	0.977824	0.889587
ASAN	3	ZNF793+ADHFE1+UNC5C	14	0.978733	0.872620
ASAN	3	ZNF793+ADHFE1+RALYL	12	0.979442	0.879700
ASAN	3	ZNF793+ADHFE1+GFRA1	16	0.981788	0.878967
ASAN	3	ZNF793+HOXA2+BEND5	15	0.973299	0.924438
ASAN	3	ZNF793+HOXA2+UNC5C	15	0.974067	0.915955
ASAN	3	ZNF793+HOXA2+RALYL	13	0.974332	0.919922
ASAN	3	ZNF793+HOXA2+GFRA1	17	0.976394	0.918152
ASAN	3	ZNF793+BEND5+UNC5C	13	0.977073	0.869507
ASAN	3	ZNF793+BEND5+RALYL	11	0.967190	0.863037
ASAN	3	ZNF793+BEND5+GFRA1	15	0.979436	0.857422
ASAN	3	ZNF793+UNC5C+RALYL	11	0.977416	0.850586
ASAN	3	ZNF793+UNC5C+GFRA1	15	0.979171	0.853821
ASAN	3	ZNF793+RALYL+GFRA1	13	0.973240	0.843018
ASAN	3	SFMBT2+ADHFE1+HOXA2	17	0.977026	0.903015
ASAN	3	SFMBT2+ADHFE1+BEND5	15	0.980831	0.888000
ASAN	3	SFMBT2+ADHFE1+UNC5C	15	0.980961	0.874268
ASAN	3	SFMBT2+ADHFE1+RALYL	13	0.981415	0.881165
ASAN	3	SFMBT2+ADHFE1+GFRA1	17	0.982786	0.878662
ASAN	3	SFMBT2+HOXA2+BEND5	16	0.975349	0.899292
ASAN	3	SFMBT2+HOXA2+UNC5C	16	0.976181	0.919128
ASAN	3	SFMBT2+HOXA2+RALYL	14	0.976246	0.898193
ASAN	3	SFMBT2+HOXA2+GFRA1	18	0.977345	0.905701
ASAN	3	SFMBT2+BEND5+UNC5C	14	0.980966	0.866882
ASAN	3	SFMBT2+BEND5+RALYL	12	0.979253	0.872498
ASAN	3	SFMBT2+BEND5+GFRA1	16	0.981876	0.867981
ASAN	3	SFMBT2+UNC5C+RALYL	12	0.980618	0.852356
ASAN	3	SFMBT2+UNC5C+GFRA1	16	0.982449	0.852356
ASAN	3	SFMBT2+RALYL+GFRA1	14	0.981658	0.854004
ASAN	3	ADHFE1+HOXA2+BEND5	15	0.975786	0.879150
ASAN	3	ADHFE1+HOXA2+UNC5C	15	0.976766	0.916382
ASAN	3	ADHFE1+HOXA2+RALYL	13	0.976790	0.921692
ASAN	3	ADHFE1+HOXA2+GFRA1	17	0.977558	0.917297
ASAN	3	ADHFE1+BEND5+UNC5C	13	0.978066	0.878601
ASAN	3	ADHFE1+BEND5+RALYL	11	0.979815	0.887756
ASAN	3	ADHFE1+BEND5+GFRA1	15	0.980878	0.884216
ASAN	3	ADHFE1+UNC5C+RALYL	11	0.978320	0.870300
ASAN	3	ADHFE1+UNC5C+GFRA1	15	0.980624	0.872192
ASAN	3	ADHFE1+RALYL+GFRA1	13	0.981593	0.876343
ASAN	3	HOXA2+BEND5+UNC5C	14	0.974315	0.920044
ASAN	3	HOXA2+BEND5+RALYL	12	0.973913	0.924377
ASAN	3	HOXA2+BEND5+GFRA1	16	0.975786	0.903015
ASAN	3	HOXA2+UNC5C+RALYL	12	0.974941	0.915466
ASAN	3	HOXA2+UNC5C+GFRA1	16	0.976229	0.914185
ASAN	3	HOXA2+RALYL+GFRA1	14	0.976577	0.909058
ASAN	3	BEND5+UNC5C+RALYL	10	0.978084	0.862793
ASAN	3	BEND5+UNC5C+GFRA1	14	0.980263	0.857666
ASAN	3	BEND5+RALYL+GFRA1	12	0.977771	0.850647
ASAN	3	UNC5C+RALYL+GFRA1	12	0.977540	0.845642
ASAN	4	EYA4+ZNF568+ZNF793+SFMBT2	29	0.981144	0.875000
ASAN	4	EYA4+ZNF568+ZNF793+ADHFE1	28	0.981469	0.877808
ASAN	4	EYA4+ZNF568+ZNF793+HOXA2	29	0.976471	0.914856
ASAN	4	EYA4+ZNF568+ZNF793+BEND5	27	0.970404	0.839233
ASAN	4	EYA4+ZNF568+ZNF793+UNC5C	27	0.977658	0.869324
ASAN	4	EYA4+ZNF568+ZNF793+RALYL	25	0.970664	0.871094
ASAN	4	EYA4+ZNF568+ZNF793+GFRA1	29	0.974811	0.867981
ASAN	4	EYA4+ZNF568+SFMBT2+ADHFE1	29	0.982207	0.878296
ASAN	4	EYA4+ZNF568+SFMBT2+HOXA2	30	0.976997	0.917358
ASAN	4	EYA4+ZNF568+SFMBT2+BEND5	28	0.980582	0.875122
ASAN	4	EYA4+ZNF568+SFMBT2+UNC5C	28	0.981220	0.867554
ASAN	4	EYA4+ZNF568+SFMBT2+RALYL	26	0.980340	0.869385
ASAN	4	EYA4+ZNF568+SFMBT2+GFRA1	30	0.981581	0.866028
ASAN	4	EYA4+ZNF568+ADHFE1+HOXA2	29	0.977398	0.912598
ASAN	4	EYA4+ZNF568+ADHFE1+BEND5	27	0.980919	0.880188
ASAN	4	EYA4+ZNF568+ADHFE1+UNC5C	27	0.980529	0.874634
ASAN	4	EYA4+ZNF568+ADHFE1+RALYL	25	0.981108	0.878052
ASAN	4	EYA4+ZNF568+ADHFE1+GFRA1	29	0.981752	0.877930
ASAN	4	EYA4+ZNF568+HOXA2+BEND5	28	0.976004	0.917297
ASAN	4	EYA4+ZNF568+HOXA2+UNC5C	28	0.975756	0.912109
ASAN	4	EYA4+ZNF568+HOXA2+RALYL	26	0.976483	0.914795
ASAN	4	EYA4+ZNF568+HOXA2+GFRA1	30	0.977221	0.913452
ASAN	4	EYA4+ZNF568+BEND5+UNC5C	26	0.977641	0.868652
ASAN	4	EYA4+ZNF568+BEND5+RALYL	24	0.970032	0.872253
ASAN	4	EYA4+ZNF568+BEND5+GFRA1	28	0.974415	0.852844
ASAN	4	EYA4+ZNF568+UNC5C+RALYL	24	0.976884	0.863403
ASAN	4	EYA4+ZNF568+UNC5C+GFRA1	28	0.979289	0.863037
ASAN	4	EYA4+ZNF568+RALYL+GFRA1	26	0.974008	0.862122
ASAN	4	EYA4+ZNF793+SFMBT2+ADHFE1	28	0.981935	0.876709
ASAN	4	EYA4+ZNF793+SFMBT2+HOXA2	29	0.976577	0.917236
ASAN	4	EYA4+ZNF793+SFMBT2+BEND5	27	0.979436	0.876587
ASAN	4	EYA4+ZNF793+SFMBT2+UNC5C	27	0.981096	0.867554
ASAN	4	EYA4+ZNF793+SFMBT2+RALYL	25	0.980222	0.870178
ASAN	4	EYA4+ZNF793+SFMBT2+GFRA1	29	0.981610	0.865845
ASAN	4	EYA4+ZNF793+ADHFE1+HOXA2	28	0.977127	0.912170
ASAN	4	EYA4+ZNF793+ADHFE1+BEND5	26	0.980441	0.881165
ASAN	4	EYA4+ZNF793+ADHFE1+UNC5C	26	0.979791	0.871643
ASAN	4	EYA4+ZNF793+ADHFE1+RALYL	24	0.980429	0.875427
ASAN	4	EYA4+ZNF793+ADHFE1+GFRA1	28	0.981557	0.875427
ASAN	4	EYA4+ZNF793+HOXA2+BEND5	27	0.974179	0.917236
ASAN	4	EYA4+ZNF793+HOXA2+UNC5C	27	0.975272	0.911377
ASAN	4	EYA4+ZNF793+HOXA2+RALYL	25	0.975750	0.914734
ASAN	4	EYA4+ZNF793+HOXA2+GFRA1	29	0.976465	0.912354
ASAN	4	EYA4+ZNF793+BEND5+UNC5C	25	0.972572	0.869568
ASAN	4	EYA4+ZNF793+BEND5+RALYL	23	0.965330	0.872375
ASAN	4	EYA4+ZNF793+BEND5+GFRA1	27	0.971349	0.842834
ASAN	4	EYA4+ZNF793+UNC5C+RALYL	23	0.975284	0.863831
ASAN	4	EYA4+ZNF793+UNC5C+GFRA1	27	0.979147	0.860596
ASAN	4	EYA4+ZNF793+RALYL+GFRA1	25	0.972749	0.860046
ASAN	4	EYA4+SFMBT2+ADHFE1+HOXA2	29	0.977085	0.913635
ASAN	4	EYA4+SFMBT2+ADHFE1+BEND5	27	0.981161	0.881348
ASAN	4	EYA4+SFMBT2+ADHFE1+UNC5C	27	0.980642	0.872864
ASAN	4	EYA4+SFMBT2+ADHFE1+RALYL	25	0.981327	0.876038
ASAN	4	EYA4+SFMBT2+ADHFE1+GFRA1	29	0.981652	0.876343
ASAN	4	EYA4+SFMBT2+HOXA2+BEND5	28	0.975650	0.919312
ASAN	4	EYA4+SFMBT2+HOXA2+UNC5C	28	0.976116	0.913513
ASAN	4	EYA4+SFMBT2+HOXA2+RALYL	26	0.976376	0.916626
ASAN	4	EYA4+SFMBT2+HOXA2+GFRA1	30	0.977268	0.881531
ASAN	4	EYA4+SFMBT2+BEND5+UNC5C	26	0.980606	0.867493
ASAN	4	EYA4+SFMBT2+BEND5+RALYL	24	0.979815	0.871704
ASAN	4	EYA4+SFMBT2+BEND5+GFRA1	28	0.981315	0.868652
ASAN	4	EYA4+SFMBT2+UNC5C+RALYL	24	0.980340	0.861755
ASAN	4	EYA4+SFMBT2+UNC5C+GFRA1	28	0.981622	0.860962
ASAN	4	EYA4+SFMBT2+RALYL+GFRA1	26	0.980766	0.860535
ASAN	4	EYA4+ADHFE1+HOXA2+BEND5	27	0.976199	0.915344
ASAN	4	EYA4+ADHFE1+HOXA2+UNC5C	27	0.976075	0.908081
ASAN	4	EYA4+ADHFE1+HOXA2+RALYL	25	0.976719	0.911072
ASAN	4	EYA4+ADHFE1+HOXA2+GFRA1	29	0.977434	0.909485
ASAN	4	EYA4+ADHFE1+BEND5+UNC5C	25	0.979283	0.875793
ASAN	4	EYA4+ADHFE1+BEND5+RALYL	23	0.980145	0.880066
ASAN	4	EYA4+ADHFE1+BEND5+GFRA1	27	0.981144	0.879333
ASAN	4	EYA4+ADHFE1+UNC5C+RALYL	23	0.979401	0.869629
ASAN	4	EYA4+ADHFE1+UNC5C+GFRA1	27	0.980175	0.870239
ASAN	4	EYA4+ADHFE1+RALYL+GFRA1	25	0.980712	0.872864
ASAN	4	EYA4+HOXA2+BEND5+UNC5C	26	0.974344	0.914246
ASAN	4	EYA4+HOXA2+BEND5+RALYL	24	0.974693	0.917358
ASAN	4	EYA4+HOXA2+BEND5+GFRA1	28	0.975987	0.915222
ASAN	4	EYA4+HOXA2+UNC5C+RALYL	24	0.975183	0.910583
ASAN	4	EYA4+HOXA2+UNC5C+GFRA1	28	0.975963	0.908508
ASAN	4	EYA4+HOXA2+RALYL+GFRA1	26	0.976619	0.911499
ASAN	4	EYA4+BEND5+UNC5C+RALYL	22	0.974752	0.864441
ASAN	4	EYA4+BEND5+UNC5C+GFRA1	26	0.978450	0.861389
ASAN	4	EYA4+BEND5+RALYL+GFRA1	24	0.971958	0.842041
ASAN	4	EYA4+UNC5C+RALYL+GFRA1	24	0.974740	0.851501
ASAN	4	ZNF568+ZNF793+SFMBT2+ADHFE1	22	0.981811	0.881836
ASAN	4	ZNF568+ZNF793+SFMBT2+HOXA2	23	0.975668	0.923767
ASAN	4	ZNF568+ZNF793+SFMBT2+BEND5	21	0.980311	0.875671
ASAN	4	ZNF568+ZNF793+SFMBT2+UNC5C	21	0.980848	0.868042
ASAN	4	ZNF568+ZNF793+SFMBT2+RALYL	19	0.980506	0.864868
ASAN	4	ZNF568+ZNF793+SFMBT2+GFRA1	23	0.982118	0.864929
ASAN	4	ZNF568+ZNF793+ADHFE1+HOXA2	22	0.976766	0.920837
ASAN	4	ZNF568+ZNF793+ADHFE1+BEND5	20	0.979413	0.885010
ASAN	4	ZNF568+ZNF793+ADHFE1+UNC5C	20	0.980086	0.872986
ASAN	4	ZNF568+ZNF793+ADHFE1+RALYL	18	0.980671	0.880554
ASAN	4	ZNF568+ZNF793+ADHFE1+GFRA1	22	0.981740	0.879700
ASAN	4	ZNF568+ZNF793+HOXA2+BEND5	21	0.974575	0.925232
ASAN	4	ZNF568+ZNF793+HOXA2+UNC5C	21	0.974911	0.916809
ASAN	4	ZNF568+ZNF793+HOXA2+RALYL	19	0.974882	0.921082
ASAN	4	ZNF568+ZNF793+HOXA2+GFRA1	23	0.976418	0.918701
ASAN	4	ZNF568+ZNF793+BEND5+UNC5C	19	0.978255	0.870239
ASAN	4	ZNF568+ZNF793+BEND5+RALYL	17	0.973907	0.865967
ASAN	4	ZNF568+ZNF793+BEND5+GFRA1	21	0.979874	0.864319
ASAN	4	ZNF568+ZNF793+UNC5C+RALYL	17	0.978586	0.852722
ASAN	4	ZNF568+ZNF793+UNC5C+GFRA1	21	0.979271	0.858398
ASAN	4	ZNF568+ZNF793+RALYL+GFRA1	19	0.975089	0.855347
ASAN	4	ZNF568+SFMBT2+ADHFE1+HOXA2	23	0.977227	0.921326
ASAN	4	ZNF568+SFMBT2+ADHFE1+BEND5	21	0.980801	0.887268
ASAN	4	ZNF568+SFMBT2+ADHFE1+UNC5C	21	0.981215	0.874878
ASAN	4	ZNF568+SFMBT2+ADHFE1+RALYL	19	0.981209	0.881775
ASAN	4	ZNF568+SFMBT2+ADHFE1+GFRA1	23	0.982869	0.879700
ASAN	4	ZNF568+SFMBT2+HOXA2+BEND5	22	0.975414	0.893188
ASAN	4	ZNF568+SFMBT2+HOXA2+UNC5C	22	0.975981	0.918518
ASAN	4	ZNF568+SFMBT2+HOXA2+RALYL	20	0.976530	0.923157
ASAN	4	ZNF568+SFMBT2+HOXA2+GFRA1	24	0.977056	0.906921
ASAN	4	ZNF568+SFMBT2+BEND5+UNC5C	20	0.980777	0.873352
ASAN	4	ZNF568+SFMBT2+BEND5+RALYL	18	0.979519	0.875122
ASAN	4	ZNF568+SFMBT2+BEND5+GFRA1	22	0.981734	0.870361
ASAN	4	ZNF568+SFMBT2+UNC5C+RALYL	18	0.980559	0.863281
ASAN	4	ZNF568+SFMBT2+UNC5C+GFRA1	22	0.981575	0.860046
ASAN	4	ZNF568+SFMBT2+RALYL+GFRA1	20	0.981179	0.862000
ASAN	4	ZNF568+ADHFE1+HOXA2+BEND5	21	0.975987	0.923279
ASAN	4	ZNF568+ADHFE1+HOXA2+UNC5C	21	0.976495	0.916077
ASAN	4	ZNF568+ADHFE1+HOXA2+RALYL	19	0.976424	0.920837
ASAN	4	ZNF568+ADHFE1+HOXA2+GFRA1	23	0.977446	0.917297
ASAN	4	ZNF568+ADHFE1+BEND5+UNC5C	19	0.979584	0.878845
ASAN	4	ZNF568+ADHFE1+BEND5+RALYL	17	0.980299	0.886719
ASAN	4	ZNF568+ADHFE1+BEND5+GFRA1	21	0.981067	0.884277
ASAN	4	ZNF568+ADHFE1+UNC5C+RALYL	17	0.979986	0.873474
ASAN	4	ZNF568+ADHFE1+UNC5C+GFRA1	21	0.980966	0.875122
ASAN	4	ZNF568+ADHFE1+RALYL+GFRA1	19	0.981209	0.880371
ASAN	4	ZNF568+HOXA2+BEND5+UNC5C	20	0.974362	0.919739
ASAN	4	ZNF568+HOXA2+BEND5+RALYL	18	0.974681	0.924500
ASAN	4	ZNF568+HOXA2+BEND5+GFRA1	22	0.976264	0.921143
ASAN	4	ZNF568+HOXA2+UNC5C+RALYL	18	0.974610	0.916443
ASAN	4	ZNF568+HOXA2+UNC5C+GFRA1	22	0.976435	0.914307
ASAN	4	ZNF568+HOXA2+RALYL+GFRA1	20	0.976926	0.918396
ASAN	4	ZNF568+BEND5+UNC5C+RALYL	16	0.978060	0.866089
ASAN	4	ZNF568+BEND5+UNC5C+GFRA1	20	0.979572	0.862488
ASAN	4	ZNF568+BEND5+RALYL+GFRA1	18	0.978143	0.859131
ASAN	4	ZNF568+UNC5C+RALYL+GFRA1	18	0.978680	0.854492
ASAN	4	ZNF793+SFMBT2+ADHFE1+HOXA2	22	0.976548	0.921631
ASAN	4	ZNF793+SFMBT2+ADHFE1+BEND5	20	0.980039	0.886536
ASAN	4	ZNF793+SFMBT2+ADHFE1+UNC5C	20	0.980523	0.874390
ASAN	4	ZNF793+SFMBT2+ADHFE1+RALYL	18	0.980766	0.879883
ASAN	4	ZNF793+SFMBT2+ADHFE1+GFRA1	22	0.982538	0.878296
ASAN	4	ZNF793+SFMBT2+HOXA2+BEND5	21	0.974746	0.926147
ASAN	4	ZNF793+SFMBT2+HOXA2+UNC5C	21	0.976028	0.918762
ASAN	4	ZNF793+SFMBT2+HOXA2+RALYL	19	0.975963	0.923218
ASAN	4	ZNF793+SFMBT2+HOXA2+GFRA1	23	0.976630	0.919861
ASAN	4	ZNF793+SFMBT2+BEND5+UNC5C	19	0.980104	0.870911
ASAN	4	ZNF793+SFMBT2+BEND5+RALYL	17	0.978550	0.871643
ASAN	4	ZNF793+SFMBT2+BEND5+GFRA1	21	0.981173	0.870056
ASAN	4	ZNF793+SFMBT2+UNC5C+RALYL	17	0.980393	0.859802
ASAN	4	ZNF793+SFMBT2+UNC5C+GFRA1	21	0.982254	0.858643
ASAN	4	ZNF793+SFMBT2+RALYL+GFRA1	19	0.981522	0.857422
ASAN	4	ZNF793+ADHFE1+HOXA2+BEND5	20	0.974941	0.924683
ASAN	4	ZNF793+ADHFE1+HOXA2+UNC5C	20	0.976040	0.915344
ASAN	4	ZNF793+ADHFE1+HOXA2+RALYL	18	0.975874	0.920471
ASAN	4	ZNF793+ADHFE1+HOXA2+GFRA1	22	0.977150	0.916748
ASAN	4	ZNF793+ADHFE1+BEND5+UNC5C	18	0.977493	0.877686
ASAN	4	ZNF793+ADHFE1+BEND5+RALYL	16	0.978958	0.886292
ASAN	4	ZNF793+ADHFE1+BEND5+GFRA1	20	0.980612	0.883240
ASAN	4	ZNF793+ADHFE1+UNC5C+RALYL	16	0.978674	0.873169
ASAN	4	ZNF793+ADHFE1+UNC5C+GFRA1	20	0.980866	0.874207
ASAN	4	ZNF793+ADHFE1+RALYL+GFRA1	18	0.981498	0.878296
ASAN	4	ZNF793+HOXA2+BEND5+UNC5C	19	0.973931	0.920959
ASAN	4	ZNF793+HOXA2+BEND5+RALYL	17	0.974197	0.924622
ASAN	4	ZNF793+HOXA2+BEND5+GFRA1	21	0.975697	0.921570
ASAN	4	ZNF793+HOXA2+UNC5C+RALYL	17	0.974953	0.916687
ASAN	4	ZNF793+HOXA2+UNC5C+GFRA1	21	0.975963	0.912903
ASAN	4	ZNF793+HOXA2+RALYL+GFRA1	19	0.976412	0.917969
ASAN	4	ZNF793+BEND5+UNC5C+RALYL	15	0.977316	0.866150
ASAN	4	ZNF793+BEND5+UNC5C+GFRA1	19	0.980181	0.862122
ASAN	4	ZNF793+BEND5+RALYL+GFRA1	17	0.977392	0.855591
ASAN	4	ZNF793+UNC5C+RALYL+GFRA1	17	0.978958	0.852295
ASAN	4	SFMBT2+ADHFE1+HOXA2+BEND5	21	0.975987	0.896667
ASAN	4	SFMBT2+ADHFE1+HOXA2+UNC5C	21	0.976737	0.916931
ASAN	4	SFMBT2+ADHFE1+HOXA2+RALYL	19	0.976495	0.920959
ASAN	4	SFMBT2+ADHFE1+HOXA2+GFRA1	23	0.977511	0.900146
ASAN	4	SFMBT2+ADHFE1+BEND5+UNC5C	19	0.979531	0.878967
ASAN	4	SFMBT2+ADHFE1+BEND5+RALYL	17	0.980317	0.885742
ASAN	4	SFMBT2+ADHFE1+BEND5+GFRA1	21	0.981847	0.881531
ASAN	4	SFMBT2+ADHFE1+UNC5C+RALYL	17	0.980128	0.873779
ASAN	4	SFMBT2+ADHFE1+UNC5C+GFRA1	21	0.981504	0.873230
ASAN	4	SFMBT2+ADHFE1+RALYL+GFRA1	19	0.982307	0.877441
ASAN	4	SFMBT2+HOXA2+BEND5+UNC5C	20	0.975077	0.921326
ASAN	4	SFMBT2+HOXA2+BEND5+RALYL	18	0.975354	0.898132
ASAN	4	SFMBT2+HOXA2+BEND5+GFRA1	22	0.976376	0.899597
ASAN	4	SFMBT2+HOXA2+UNC5C+RALYL	18	0.976270	0.919006
ASAN	4	SFMBT2+HOXA2+UNC5C+GFRA1	22	0.976920	0.891174
ASAN	4	SFMBT2+HOXA2+RALYL+GFRA1	20	0.977245	0.902710
ASAN	4	SFMBT2+BEND5+UNC5C+RALYL	16	0.980110	0.866028
ASAN	4	SFMBT2+BEND5+UNC5C+GFRA1	20	0.981717	0.861145
ASAN	4	SFMBT2+BEND5+RALYL+GFRA1	18	0.981014	0.863525
ASAN	4	SFMBT2+UNC5C+RALYL+GFRA1	18	0.981415	0.851501
ASAN	4	ADHFE1+HOXA2+BEND5+UNC5C	19	0.975053	0.917786
ASAN	4	ADHFE1+HOXA2+BEND5+RALYL	17	0.975449	0.923889
ASAN	4	ADHFE1+HOXA2+BEND5+GFRA1	21	0.976506	0.890991
ASAN	4	ADHFE1+HOXA2+UNC5C+RALYL	17	0.976288	0.915405
ASAN	4	ADHFE1+HOXA2+UNC5C+GFRA1	21	0.977257	0.911255
ASAN	4	ADHFE1+HOXA2+RALYL+GFRA1	19	0.977186	0.916321
ASAN	4	ADHFE1+BEND5+UNC5C+RALYL	15	0.978462	0.878906
ASAN	4	ADHFE1+BEND5+UNC5C+GFRA1	19	0.980057	0.878357
ASAN	4	ADHFE1+BEND5+RALYL+GFRA1	17	0.980766	0.882629
ASAN	4	ADHFE1+UNC5C+RALYL+GFRA1	17	0.980376	0.872375
ASAN	4	HOXA2+BEND5+UNC5C+RALYL	16	0.974687	0.919495
ASAN	4	HOXA2+BEND5+UNC5C+GFRA1	20	0.975691	0.917053
ASAN	4	HOXA2+BEND5+RALYL+GFRA1	18	0.975886	0.922363
ASAN	4	HOXA2+UNC5C+RALYL+GFRA1	18	0.976134	0.913330
ASAN	4	BEND5+UNC5C+RALYL+GFRA1	16	0.979590	0.856262
ASAN	5	EYA4+ZNF568+ZNF793+SFMBT2+ADHFE1	34	0.982095	0.878845
ASAN	5	EYA4+ZNF568+ZNF793+SFMBT2+HOXA2	35	0.976932	0.916687
ASAN	5	EYA4+ZNF568+ZNF793+SFMBT2+BEND5	33	0.980252	0.877502
ASAN	5	EYA4+ZNF568+ZNF793+SFMBT2+UNC5C	33	0.981108	0.870667
ASAN	5	EYA4+ZNF568+ZNF793+SFMBT2+RALYL	31	0.980317	0.873169
ASAN	5	EYA4+ZNF568+ZNF793+SFMBT2+GFRA1	35	0.981303	0.869934
ASAN	5	EYA4+ZNF568+ZNF793+ADHFE1+HOXA2	34	0.977452	0.912292
ASAN	5	EYA4+ZNF568+ZNF793+ADHFE1+BEND5	32	0.980689	0.879761
ASAN	5	EYA4+ZNF568+ZNF793+ADHFE1+UNC5C	32	0.980819	0.874573
ASAN	5	EYA4+ZNF568+ZNF793+ADHFE1+RALYL	30	0.981167	0.878174
ASAN	5	EYA4+ZNF568+ZNF793+ADHFE1+GFRA1	34	0.981439	0.877930
ASAN	5	EYA4+ZNF568+ZNF793+HOXA2+BEND5	33	0.975585	0.916626
ASAN	5	EYA4+ZNF568+ZNF793+HOXA2+UNC5C	33	0.975709	0.911377
ASAN	5	EYA4+ZNF568+ZNF793+HOXA2+RALYL	31	0.976371	0.914246
ASAN	5	EYA4+ZNF568+ZNF793+HOXA2+GFRA1	35	0.977233	0.912720
ASAN	5	EYA4+ZNF568+ZNF793+BEND5+UNC5C	31	0.976926	0.870483
ASAN	5	EYA4+ZNF568+ZNF793+BEND5+RALYL	29	0.969707	0.874634
ASAN	5	EYA4+ZNF568+ZNF793+BEND5+GFRA1	33	0.974197	0.852966
ASAN	5	EYA4+ZNF568+ZNF793+UNC5C+RALYL	29	0.976725	0.866821
ASAN	5	EYA4+ZNF568+ZNF793+UNC5C+GFRA1	33	0.979082	0.866150
ASAN	5	EYA4+ZNF568+ZNF793+RALYL+GFRA1	31	0.973931	0.866211
ASAN	5	EYA4+ZNF568+SFMBT2+ADHFE1+HOXA2	35	0.977794	0.913635
ASAN	5	EYA4+ZNF568+SFMBT2+ADHFE1+BEND5	33	0.981244	0.881104
ASAN	5	EYA4+ZNF568+SFMBT2+ADHFE1+UNC5C	33	0.981681	0.874512
ASAN	5	EYA4+ZNF568+SFMBT2+ADHFE1+RALYL	31	0.981782	0.877563
ASAN	5	EYA4+ZNF568+SFMBT2+ADHFE1+GFRA1	35	0.982366	0.877014
ASAN	5	EYA4+ZNF568+SFMBT2+HOXA2+BEND5	34	0.976406	0.918152
ASAN	5	EYA4+ZNF568+SFMBT2+HOXA2+UNC5C	34	0.976577	0.913147
ASAN	5	EYA4+ZNF568+SFMBT2+HOXA2+RALYL	32	0.977109	0.916016
ASAN	5	EYA4+ZNF568+SFMBT2+HOXA2+GFRA1	36	0.977924	0.914062
ASAN	5	EYA4+ZNF568+SFMBT2+BEND5+UNC5C	32	0.980618	0.871765
ASAN	5	EYA4+ZNF568+SFMBT2+BEND5+RALYL	30	0.979679	0.874756
ASAN	5	EYA4+ZNF568+SFMBT2+BEND5+GFRA1	34	0.981108	0.870544
ASAN	5	EYA4+ZNF568+SFMBT2+UNC5C+RALYL	30	0.980553	0.866211
ASAN	5	EYA4+ZNF568+SFMBT2+UNC5C+GFRA1	34	0.981563	0.864624
ASAN	5	EYA4+ZNF568+SFMBT2+RALYL+GFRA1	32	0.980842	0.865112
ASAN	5	EYA4+ZNF568+ADHFE1+HOXA2+BEND5	33	0.976879	0.914246
ASAN	5	EYA4+ZNF568+ADHFE1+HOXA2+UNC5C	33	0.976760	0.907837
ASAN	5	EYA4+ZNF568+ADHFE1+HOXA2+RALYL	31	0.977322	0.911499
ASAN	5	EYA4+ZNF568+ADHFE1+HOXA2+GFRA1	35	0.977912	0.909851
ASAN	5	EYA4+ZNF568+ADHFE1+BEND5+UNC5C	31	0.980051	0.877563
ASAN	5	EYA4+ZNF568+ADHFE1+BEND5+RALYL	29	0.980600	0.880310
ASAN	5	EYA4+ZNF568+ADHFE1+BEND5+GFRA1	33	0.981321	0.880127
ASAN	5	EYA4+ZNF568+ADHFE1+UNC5C+RALYL	29	0.980104	0.875183
ASAN	5	EYA4+ZNF568+ADHFE1+UNC5C+GFRA1	33	0.981067	0.874268
ASAN	5	EYA4+ZNF568+ADHFE1+RALYL+GFRA1	31	0.981232	0.877380
ASAN	5	EYA4+ZNF568+HOXA2+BEND5+UNC5C	32	0.975301	0.913696
ASAN	5	EYA4+ZNF568+HOXA2+BEND5+RALYL	30	0.975538	0.916443
ASAN	5	EYA4+ZNF568+HOXA2+BEND5+GFRA1	34	0.976353	0.914978
ASAN	5	EYA4+ZNF568+HOXA2+UNC5C+RALYL	30	0.975662	0.911194
ASAN	5	EYA4+ZNF568+HOXA2+UNC5C+GFRA1	34	0.976642	0.909546
ASAN	5	EYA4+ZNF568+HOXA2+RALYL+GFRA1	32	0.977221	0.912842
ASAN	5	EYA4+ZNF568+BEND5+UNC5C+RALYL	28	0.976707	0.867004
ASAN	5	EYA4+ZNF568+BEND5+UNC5C+GFRA1	32	0.978686	0.867493
ASAN	5	EYA4+ZNF568+BEND5+RALYL+GFRA1	30	0.973440	0.848877
ASAN	5	EYA4+ZNF568+UNC5C+RALYL+GFRA1	30	0.978822	0.861511
ASAN	5	EYA4+ZNF793+SFMBT2+ADHFE1+HOXA2	34	0.977227	0.913147
ASAN	5	EYA4+ZNF793+SFMBT2+ADHFE1+BEND5	32	0.981120	0.880615
ASAN	5	EYA4+ZNF793+SFMBT2+ADHFE1+UNC5C	32	0.980659	0.874207
ASAN	5	EYA4+ZNF793+SFMBT2+ADHFE1+RALYL	30	0.981445	0.877075
ASAN	5	EYA4+ZNF793+SFMBT2+ADHFE1+GFRA1	34	0.981983	0.876953
ASAN	5	EYA4+ZNF793+SFMBT2+HOXA2+BEND5	33	0.975715	0.918457
ASAN	5	EYA4+ZNF793+SFMBT2+HOXA2+UNC5C	33	0.976347	0.913391
ASAN	5	EYA4+ZNF793+SFMBT2+HOXA2+RALYL	31	0.976571	0.916138
ASAN	5	EYA4+ZNF793+SFMBT2+HOXA2+GFRA1	35	0.977251	0.914307
ASAN	5	EYA4+ZNF793+SFMBT2+BEND5+UNC5C	31	0.980092	0.871277
ASAN	5	EYA4+ZNF793+SFMBT2+BEND5+RALYL	29	0.979218	0.874512
ASAN	5	EYA4+ZNF793+SFMBT2+BEND5+GFRA1	33	0.980825	0.870911
ASAN	5	EYA4+ZNF793+SFMBT2+UNC5C+RALYL	29	0.980529	0.866577
ASAN	5	EYA4+ZNF793+SFMBT2+UNC5C+GFRA1	33	0.981575	0.865234
ASAN	5	EYA4+ZNF793+SFMBT2+RALYL+GFRA1	31	0.980961	0.864929
ASAN	5	EYA4+ZNF793+ADHFE1+HOXA2+BEND5	32	0.976329	0.914734
ASAN	5	EYA4+ZNF793+ADHFE1+HOXA2+UNC5C	32	0.976589	0.907410
ASAN	5	EYA4+ZNF793+ADHFE1+HOXA2+RALYL	30	0.976855	0.911377
ASAN	5	EYA4+ZNF793+ADHFE1+HOXA2+GFRA1	34	0.977517	0.909790
ASAN	5	EYA4+ZNF793+ADHFE1+BEND5+UNC5C	30	0.979253	0.876831
ASAN	5	EYA4+ZNF793+ADHFE1+BEND5+RALYL	28	0.980187	0.880493
ASAN	5	EYA4+ZNF793+ADHFE1+BEND5+GFRA1	32	0.981197	0.879211
ASAN	5	EYA4+ZNF793+ADHFE1+UNC5C+RALYL	28	0.979578	0.871216
ASAN	5	EYA4+ZNF793+ADHFE1+UNC5C+GFRA1	32	0.980712	0.872375
ASAN	5	EYA4+ZNF793+ADHFE1+RALYL+GFRA1	30	0.981091	0.874512
ASAN	5	EYA4+ZNF793+HOXA2+BEND5+UNC5C	31	0.974338	0.913452
ASAN	5	EYA4+ZNF793+HOXA2+BEND5+RALYL	29	0.974462	0.916443
ASAN	5	EYA4+ZNF793+HOXA2+BEND5+GFRA1	33	0.975874	0.914551
ASAN	5	EYA4+ZNF793+HOXA2+UNC5C+RALYL	29	0.975591	0.910950
ASAN	5	EYA4+ZNF793+HOXA2+UNC5C+GFRA1	33	0.976435	0.908752
ASAN	5	EYA4+ZNF793+HOXA2+RALYL+GFRA1	31	0.976754	0.911560
ASAN	5	EYA4+ZNF793+BEND5+UNC5C+RALYL	27	0.974220	0.868652
ASAN	5	EYA4+ZNF793+BEND5+UNC5C+GFRA1	31	0.977688	0.863892
ASAN	5	EYA4+ZNF793+BEND5+RALYL+GFRA1	29	0.971798	0.843384
ASAN	5	EYA4+ZNF793+UNC5C+RALYL+GFRA1	29	0.978255	0.860291
ASAN	5	EYA4+SFMBT2+ADHFE1+HOXA2+BEND5	33	0.976453	0.915405
ASAN	5	EYA4+SFMBT2+ADHFE1+HOXA2+UNC5C	33	0.976719	0.909241
ASAN	5	EYA4+SFMBT2+ADHFE1+HOXA2+RALYL	31	0.976997	0.912720
ASAN	5	EYA4+SFMBT2+ADHFE1+HOXA2+GFRA1	35	0.977540	0.910706
ASAN	5	EYA4+SFMBT2+ADHFE1+BEND5+UNC5C	31	0.980281	0.876465
ASAN	5	EYA4+SFMBT2+ADHFE1+BEND5+RALYL	29	0.980913	0.880432
ASAN	5	EYA4+SFMBT2+ADHFE1+BEND5+GFRA1	33	0.981386	0.878540
ASAN	5	EYA4+SFMBT2+ADHFE1+UNC5C+RALYL	29	0.980411	0.872803
ASAN	5	EYA4+SFMBT2+ADHFE1+UNC5C+GFRA1	33	0.981073	0.872375
ASAN	5	EYA4+SFMBT2+ADHFE1+RALYL+GFRA1	31	0.981717	0.875427
ASAN	5	EYA4+SFMBT2+HOXA2+BEND5+UNC5C	32	0.975396	0.914551
ASAN	5	EYA4+SFMBT2+HOXA2+BEND5+RALYL	30	0.975756	0.918091
ASAN	5	EYA4+SFMBT2+HOXA2+BEND5+GFRA1	34	0.976802	0.882080
ASAN	5	EYA4+SFMBT2+HOXA2+UNC5C+RALYL	30	0.976069	0.912842
ASAN	5	EYA4+SFMBT2+HOXA2+UNC5C+GFRA1	34	0.977091	0.847046
ASAN	5	EYA4+SFMBT2+HOXA2+RALYL+GFRA1	32	0.977263	0.876099
ASAN	5	EYA4+SFMBT2+BEND5+UNC5C+RALYL	28	0.979608	0.867004
ASAN	5	EYA4+SFMBT2+BEND5+UNC5C+GFRA1	32	0.981244	0.864807
ASAN	5	EYA4+SFMBT2+BEND5+RALYL+GFRA1	30	0.980606	0.867065
ASAN	5	EYA4+SFMBT2+UNC5C+RALYL+GFRA1	30	0.980783	0.858826
ASAN	5	EYA4+ADHFE1+HOXA2+BEND5+UNC5C	31	0.975579	0.910217
ASAN	5	EYA4+ADHFE1+HOXA2+BEND5+RALYL	29	0.976010	0.914062
ASAN	5	EYA4+ADHFE1+HOXA2+BEND5+GFRA1	33	0.976873	0.911987
ASAN	5	EYA4+ADHFE1+HOXA2+UNC5C+RALYL	29	0.975939	0.907349
ASAN	5	EYA4+ADHFE1+HOXA2+UNC5C+GFRA1	33	0.976772	0.905762
ASAN	5	EYA4+ADHFE1+HOXA2+RALYL+GFRA1	31	0.977245	0.908936
ASAN	5	EYA4+ADHFE1+BEND5+UNC5C+RALYL	27	0.979188	0.875488
ASAN	5	EYA4+ADHFE1+BEND5+UNC5C+GFRA1	31	0.980417	0.875122
ASAN	5	EYA4+ADHFE1+BEND5+RALYL+GFRA1	29	0.980925	0.878357
ASAN	5	EYA4+ADHFE1+UNC5C+RALYL+GFRA1	29	0.980151	0.870361
ASAN	5	EYA4+HOXA2+BEND5+UNC5C+RALYL	28	0.974835	0.913086
ASAN	5	EYA4+HOXA2+BEND5+UNC5C+GFRA1	32	0.975526	0.911499
ASAN	5	EYA4+HOXA2+BEND5+RALYL+GFRA1	30	0.975927	0.914551
ASAN	5	EYA4+HOXA2+UNC5C+RALYL+GFRA1	30	0.975744	0.908508
ASAN	5	EYA4+BEND5+UNC5C+RALYL+GFRA1	28	0.977847	0.860291
ASAN	5	ZNF568+ZNF793+SFMBT2+ADHFE1+HOXA2	28	0.977180	0.920166
ASAN	5	ZNF568+ZNF793+SFMBT2+ADHFE1+BEND5	26	0.980718	0.885376
ASAN	5	ZNF568+ZNF793+SFMBT2+ADHFE1+UNC5C	26	0.980878	0.875122
ASAN	5	ZNF568+ZNF793+SFMBT2+ADHFE1+RALYL	24	0.981368	0.880432
ASAN	5	ZNF568+ZNF793+SFMBT2+ADHFE1+GFRA1	28	0.982390	0.878967
ASAN	5	ZNF568+ZNF793+SFMBT2+HOXA2+BEND5	27	0.974888	0.925171
ASAN	5	ZNF568+ZNF793+SFMBT2+HOXA2+UNC5C	27	0.975396	0.917969
ASAN	5	ZNF568+ZNF793+SFMBT2+HOXA2+RALYL	25	0.975963	0.922729
ASAN	5	ZNF568+ZNF793+SFMBT2+HOXA2+GFRA1	29	0.976849	0.919067
ASAN	5	ZNF568+ZNF793+SFMBT2+BEND5+UNC5C	25	0.980517	0.873779
ASAN	5	ZNF568+ZNF793+SFMBT2+BEND5+RALYL	23	0.979318	0.872070
ASAN	5	ZNF568+ZNF793+SFMBT2+BEND5+GFRA1	27	0.981368	0.872253
ASAN	5	ZNF568+ZNF793+SFMBT2+UNC5C+RALYL	23	0.980577	0.865051
ASAN	5	ZNF568+ZNF793+SFMBT2+UNC5C+GFRA1	27	0.981161	0.862732
ASAN	5	ZNF568+ZNF793+SFMBT2+RALYL+GFRA1	25	0.980943	0.863708
ASAN	5	ZNF568+ZNF793+ADHFE1+HOXA2+BEND5	26	0.975904	0.922180
ASAN	5	ZNF568+ZNF793+ADHFE1+HOXA2+UNC5C	26	0.976613	0.914856
ASAN	5	ZNF568+ZNF793+ADHFE1+HOXA2+RALYL	24	0.976725	0.919189
ASAN	5	ZNF568+ZNF793+ADHFE1+HOXA2+GFRA1	28	0.977416	0.916077
ASAN	5	ZNF568+ZNF793+ADHFE1+BEND5+UNC5C	24	0.979324	0.878052
ASAN	5	ZNF568+ZNF793+ADHFE1+BEND5+RALYL	22	0.979720	0.884521
ASAN	5	ZNF568+ZNF793+ADHFE1+BEND5+GFRA1	26	0.980582	0.882690
ASAN	5	ZNF568+ZNF793+ADHFE1+UNC5C+RALYL	22	0.980163	0.872742
ASAN	5	ZNF568+ZNF793+ADHFE1+UNC5C+GFRA1	26	0.980860	0.874573
ASAN	5	ZNF568+ZNF793+ADHFE1+RALYL+GFRA1	24	0.981220	0.878723
ASAN	5	ZNF568+ZNF793+HOXA2+BEND5+UNC5C	25	0.974143	0.919495
ASAN	5	ZNF568+ZNF793+HOXA2+BEND5+RALYL	23	0.974185	0.924133
ASAN	5	ZNF568+ZNF793+HOXA2+BEND5+GFRA1	27	0.975526	0.920227
ASAN	5	ZNF568+ZNF793+HOXA2+UNC5C+RALYL	23	0.974699	0.915649
ASAN	5	ZNF568+ZNF793+HOXA2+UNC5C+GFRA1	27	0.976252	0.912903
ASAN	5	ZNF568+ZNF793+HOXA2+RALYL+GFRA1	25	0.976648	0.917358
ASAN	5	ZNF568+ZNF793+BEND5+UNC5C+RALYL	21	0.977729	0.866272
ASAN	5	ZNF568+ZNF793+BEND5+UNC5C+GFRA1	25	0.979531	0.864197
ASAN	5	ZNF568+ZNF793+BEND5+RALYL+GFRA1	23	0.977948	0.861877
ASAN	5	ZNF568+ZNF793+UNC5C+RALYL+GFRA1	23	0.979147	0.856628
ASAN	5	ZNF568+SFMBT2+ADHFE1+HOXA2+BEND5	27	0.976040	0.922424
ASAN	5	ZNF568+SFMBT2+ADHFE1+HOXA2+UNC5C	27	0.977186	0.915466
ASAN	5	ZNF568+SFMBT2+ADHFE1+HOXA2+RALYL	25	0.977150	0.919983
ASAN	5	ZNF568+SFMBT2+ADHFE1+HOXA2+GFRA1	29	0.977989	0.917419
ASAN	5	ZNF568+SFMBT2+ADHFE1+BEND5+UNC5C	25	0.980441	0.879089
ASAN	5	ZNF568+SFMBT2+ADHFE1+BEND5+RALYL	23	0.980405	0.885193
ASAN	5	ZNF568+SFMBT2+ADHFE1+BEND5+GFRA1	27	0.981563	0.881653
ASAN	5	ZNF568+SFMBT2+ADHFE1+UNC5C+RALYL	23	0.980943	0.874756
ASAN	5	ZNF568+SFMBT2+ADHFE1+UNC5C+GFRA1	27	0.981935	0.874207
ASAN	5	ZNF568+SFMBT2+ADHFE1+RALYL+GFRA1	25	0.982248	0.879761
ASAN	5	ZNF568+SFMBT2+HOXA2+BEND5+UNC5C	26	0.975148	0.920715
ASAN	5	ZNF568+SFMBT2+HOXA2+BEND5+RALYL	24	0.975272	0.925415
ASAN	5	ZNF568+SFMBT2+HOXA2+BEND5+GFRA1	28	0.976648	0.903809
ASAN	5	ZNF568+SFMBT2+HOXA2+UNC5C+RALYL	24	0.976211	0.918091
ASAN	5	ZNF568+SFMBT2+HOXA2+UNC5C+GFRA1	28	0.976873	0.915466
ASAN	5	ZNF568+SFMBT2+HOXA2+RALYL+GFRA1	26	0.977286	0.919434
ASAN	5	ZNF568+SFMBT2+BEND5+UNC5C+RALYL	22	0.980110	0.870483
ASAN	5	ZNF568+SFMBT2+BEND5+UNC5C+GFRA1	26	0.981120	0.866333
ASAN	5	ZNF568+SFMBT2+BEND5+RALYL+GFRA1	24	0.980494	0.867920
ASAN	5	ZNF568+SFMBT2+UNC5C+RALYL+GFRA1	24	0.981427	0.858459
ASAN	5	ZNF568+ADHFE1+HOXA2+BEND5+UNC5C	25	0.975620	0.917297
ASAN	5	ZNF568+ADHFE1+HOXA2+BEND5+RALYL	23	0.975987	0.921875
ASAN	5	ZNF568+ADHFE1+HOXA2+BEND5+GFRA1	27	0.976843	0.918518
ASAN	5	ZNF568+ADHFE1+HOXA2+UNC5C+RALYL	23	0.976341	0.914307
ASAN	5	ZNF568+ADHFE1+HOXA2+UNC5C+GFRA1	27	0.976825	0.911621
ASAN	5	ZNF568+ADHFE1+HOXA2+RALYL+GFRA1	25	0.977617	0.916382
ASAN	5	ZNF568+ADHFE1+BEND5+UNC5C+RALYL	21	0.979655	0.878113
ASAN	5	ZNF568+ADHFE1+BEND5+UNC5C+GFRA1	25	0.980718	0.878174
ASAN	5	ZNF568+ADHFE1+BEND5+RALYL+GFRA1	23	0.980831	0.883057
ASAN	5	ZNF568+ADHFE1+UNC5C+RALYL+GFRA1	23	0.981020	0.875610
ASAN	5	ZNF568+HOXA2+BEND5+UNC5C+RALYL	22	0.974716	0.919189
ASAN	5	ZNF568+HOXA2+BEND5+UNC5C+GFRA1	26	0.975821	0.915710
ASAN	5	ZNF568+HOXA2+BEND5+RALYL+GFRA1	24	0.976270	0.921082
ASAN	5	ZNF568+HOXA2+UNC5C+RALYL+GFRA1	24	0.976010	0.913513
ASAN	5	ZNF568+BEND5+UNC5C+RALYL+GFRA1	22	0.979253	0.859802
ASAN	5	ZNF793+SFMBT2+ADHFE1+HOXA2+BEND5	26	0.975632	0.922424
ASAN	5	ZNF793+SFMBT2+ADHFE1+HOXA2+UNC5C	26	0.976311	0.915771
ASAN	5	ZNF793+SFMBT2+ADHFE1+HOXA2+RALYL	24	0.976217	0.919861
ASAN	5	ZNF793+SFMBT2+ADHFE1+HOXA2+GFRA1	28	0.977257	0.916687
ASAN	5	ZNF793+SFMBT2+ADHFE1+BEND5+UNC5C	24	0.979129	0.878540
ASAN	5	ZNF793+SFMBT2+ADHFE1+BEND5+RALYL	22	0.979826	0.884460
ASAN	5	ZNF793+SFMBT2+ADHFE1+BEND5+GFRA1	26	0.981581	0.881958
ASAN	5	ZNF793+SFMBT2+ADHFE1+UNC5C+RALYL	22	0.979962	0.874451
ASAN	5	ZNF793+SFMBT2+ADHFE1+UNC5C+GFRA1	26	0.981545	0.873840
ASAN	5	ZNF793+SFMBT2+ADHFE1+RALYL+GFRA1	24	0.981929	0.877869
ASAN	5	ZNF793+SFMBT2+HOXA2+BEND5+UNC5C	25	0.974403	0.921204
ASAN	5	ZNF793+SFMBT2+HOXA2+BEND5+RALYL	23	0.974705	0.925415
ASAN	5	ZNF793+SFMBT2+HOXA2+BEND5+GFRA1	27	0.975951	0.897583
ASAN	5	ZNF793+SFMBT2+HOXA2+UNC5C+RALYL	23	0.976341	0.917847
ASAN	5	ZNF793+SFMBT2+HOXA2+UNC5C+GFRA1	27	0.977097	0.915527
ASAN	5	ZNF793+SFMBT2+HOXA2+RALYL+GFRA1	25	0.977097	0.919250
ASAN	5	ZNF793+SFMBT2+BEND5+UNC5C+RALYL	21	0.979312	0.867432
ASAN	5	ZNF793+SFMBT2+BEND5+UNC5C+GFRA1	25	0.981126	0.864502
ASAN	5	ZNF793+SFMBT2+BEND5+RALYL+GFRA1	23	0.980275	0.867065
ASAN	5	ZNF793+SFMBT2+UNC5C+RALYL+GFRA1	23	0.981138	0.857361
ASAN	5	ZNF793+ADHFE1+HOXA2+BEND5+UNC5C	24	0.974894	0.917114
ASAN	5	ZNF793+ADHFE1+HOXA2+BEND5+RALYL	22	0.975006	0.922424
ASAN	5	ZNF793+ADHFE1+HOXA2+BEND5+GFRA1	26	0.976258	0.917847
ASAN	5	ZNF793+ADHFE1+HOXA2+UNC5C+RALYL	22	0.975851	0.914795
ASAN	5	ZNF793+ADHFE1+HOXA2+UNC5C+GFRA1	26	0.976524	0.910889
ASAN	5	ZNF793+ADHFE1+HOXA2+RALYL+GFRA1	24	0.977073	0.915833
ASAN	5	ZNF793+ADHFE1+BEND5+UNC5C+RALYL	20	0.977635	0.878174
ASAN	5	ZNF793+ADHFE1+BEND5+UNC5C+GFRA1	24	0.979708	0.877930
ASAN	5	ZNF793+ADHFE1+BEND5+RALYL+GFRA1	22	0.980293	0.881958
ASAN	5	ZNF793+ADHFE1+UNC5C+RALYL+GFRA1	22	0.980659	0.873962
ASAN	5	ZNF793+HOXA2+BEND5+UNC5C+RALYL	21	0.974138	0.919495
ASAN	5	ZNF793+HOXA2+BEND5+UNC5C+GFRA1	25	0.975585	0.916077
ASAN	5	ZNF793+HOXA2+BEND5+RALYL+GFRA1	23	0.975532	0.920532
ASAN	5	ZNF793+HOXA2+UNC5C+RALYL+GFRA1	23	0.975927	0.913208
ASAN	5	ZNF793+BEND5+UNC5C+RALYL+GFRA1	21	0.979041	0.859070
ASAN	5	SFMBT2+ADHFE1+HOXA2+BEND5+UNC5C	25	0.975591	0.918091
ASAN	5	SFMBT2+ADHFE1+HOXA2+BEND5+RALYL	23	0.975679	0.922180
ASAN	5	SFMBT2+ADHFE1+HOXA2+BEND5+GFRA1	27	0.976772	0.892883
ASAN	5	SFMBT2+ADHFE1+HOXA2+UNC5C+RALYL	23	0.976453	0.915466
ASAN	5	SFMBT2+ADHFE1+HOXA2+UNC5C+GFRA1	27	0.977221	0.912048
ASAN	5	SFMBT2+ADHFE1+HOXA2+RALYL+GFRA1	25	0.977392	0.916992
ASAN	5	SFMBT2+ADHFE1+BEND5+UNC5C+RALYL	21	0.979448	0.878235
ASAN	5	SFMBT2+ADHFE1+BEND5+UNC5C+GFRA1	25	0.981026	0.877075
ASAN	5	SFMBT2+ADHFE1+BEND5+RALYL+GFRA1	23	0.981409	0.881042
ASAN	5	SFMBT2+ADHFE1+UNC5C+RALYL+GFRA1	23	0.981043	0.873718
ASAN	5	SFMBT2+HOXA2+BEND5+UNC5C+RALYL	22	0.975230	0.920959
ASAN	5	SFMBT2+HOXA2+BEND5+UNC5C+GFRA1	26	0.976311	0.885681
ASAN	5	SFMBT2+HOXA2+BEND5+RALYL+GFRA1	24	0.976530	0.899292
ASAN	5	SFMBT2+HOXA2+UNC5C+RALYL+GFRA1	24	0.976979	0.887695
ASAN	5	SFMBT2+BEND5+UNC5C+RALYL+GFRA1	22	0.981132	0.859131
ASAN	5	ADHFE1+HOXA2+BEND5+UNC5C+RALYL	21	0.975360	0.916504
ASAN	5	ADHFE1+HOXA2+BEND5+UNC5C+GFRA1	25	0.976565	0.913452
ASAN	5	ADHFE1+HOXA2+BEND5+RALYL+GFRA1	23	0.976270	0.918030
ASAN	5	ADHFE1+HOXA2+UNC5C+RALYL+GFRA1	23	0.977056	0.911255
ASAN	5	ADHFE1+BEND5+UNC5C+RALYL+GFRA1	21	0.980222	0.878540
ASAN	5	HOXA2+BEND5+UNC5C+RALYL+GFRA1	22	0.975668	0.915894
ASAN	6	EYA4+ZNF568+ZNF793+SFMBT2+ADHFE1+HOXA2	40	0.977824	0.912476
ASAN	6	EYA4+ZNF568+ZNF793+SFMBT2+ADHFE1+BEND5	38	0.981167	0.880249
ASAN	6	EYA4+ZNF568+ZNF793+SFMBT2+ADHFE1+UNC5C	38	0.981374	0.874817
ASAN	6	EYA4+ZNF568+ZNF793+SFMBT2+ADHFE1+RALYL	36	0.981569	0.878052
ASAN	6	EYA4+ZNF568+ZNF793+SFMBT2+ADHFE1+GFRA1	40	0.982000	0.877380
ASAN	6	EYA4+ZNF568+ZNF793+SFMBT2+HOXA2+BEND5	39	0.976276	0.918030
ASAN	6	EYA4+ZNF568+ZNF793+SFMBT2+HOXA2+UNC5C	39	0.976441	0.911926
ASAN	6	EYA4+ZNF568+ZNF793+SFMBT2+HOXA2+RALYL	37	0.976985	0.915405
ASAN	6	EYA4+ZNF568+ZNF793+SFMBT2+HOXA2+GFRA1	41	0.977676	0.913269
ASAN	6	EYA4+ZNF568+ZNF793+SFMBT2+BEND5+UNC5C	37	0.980429	0.873352
ASAN	6	EYA4+ZNF568+ZNF793+SFMBT2+BEND5+RALYL	35	0.979336	0.876282
ASAN	6	EYA4+ZNF568+ZNF793+SFMBT2+BEND5+GFRA1	39	0.980736	0.873474
ASAN	6	EYA4+ZNF568+ZNF793+SFMBT2+UNC5C+RALYL	35	0.980594	0.869751
ASAN	6	EYA4+ZNF568+ZNF793+SFMBT2+UNC5C+GFRA1	39	0.981480	0.868164
ASAN	6	EYA4+ZNF568+ZNF793+SFMBT2+RALYL+GFRA1	37	0.980547	0.868225
ASAN	6	EYA4+ZNF568+ZNF793+ADHFE1+HOXA2+BEND5	38	0.976884	0.913879
ASAN	6	EYA4+ZNF568+ZNF793+ADHFE1+HOXA2+UNC5C	38	0.976926	0.907715
ASAN	6	EYA4+ZNF568+ZNF793+ADHFE1+HOXA2+RALYL	36	0.977322	0.911377
ASAN	6	EYA4+ZNF568+ZNF793+ADHFE1+HOXA2+GFRA1	40	0.977906	0.910095
ASAN	6	EYA4+ZNF568+ZNF793+ADHFE1+BEND5+UNC5C	36	0.980057	0.877014
ASAN	6	EYA4+ZNF568+ZNF793+ADHFE1+BEND5+RALYL	34	0.980382	0.879761
ASAN	6	EYA4+ZNF568+ZNF793+ADHFE1+BEND5+GFRA1	38	0.981073	0.879944
ASAN	6	EYA4+ZNF568+ZNF793+ADHFE1+UNC5C+RALYL	34	0.980582	0.875122
ASAN	6	EYA4+ZNF568+ZNF793+ADHFE1+UNC5C+GFRA1	38	0.981014	0.874817
ASAN	6	EYA4+ZNF568+ZNF793+ADHFE1+RALYL+GFRA1	36	0.981356	0.877747
ASAN	6	EYA4+ZNF568+ZNF793+HOXA2+BEND5+UNC5C	37	0.974941	0.912781
ASAN	6	EYA4+ZNF568+ZNF793+HOXA2+BEND5+RALYL	35	0.975272	0.915955
ASAN	6	EYA4+ZNF568+ZNF793+HOXA2+BEND5+GFRA1	39	0.976489	0.914673
ASAN	6	EYA4+ZNF568+ZNF793+HOXA2+UNC5C+RALYL	35	0.975774	0.910767
ASAN	6	EYA4+ZNF568+ZNF793+HOXA2+UNC5C+GFRA1	39	0.976554	0.908630
ASAN	6	EYA4+ZNF568+ZNF793+HOXA2+RALYL+GFRA1	37	0.977103	0.911865
ASAN	6	EYA4+ZNF568+ZNF793+BEND5+UNC5C+RALYL	33	0.976022	0.868774
ASAN	6	EYA4+ZNF568+ZNF793+BEND5+UNC5C+GFRA1	37	0.978290	0.866150
ASAN	6	EYA4+ZNF568+ZNF793+BEND5+RALYL+GFRA1	35	0.973074	0.849609
ASAN	6	EYA4+ZNF568+ZNF793+UNC5C+RALYL+GFRA1	35	0.978527	0.864014
ASAN	6	EYA4+ZNF568+SFMBT2+ADHFE1+HOXA2+BEND5	39	0.977032	0.914612
ASAN	6	EYA4+ZNF568+SFMBT2+ADHFE1+HOXA2+UNC5C	39	0.977245	0.909180
ASAN	6	EYA4+ZNF568+SFMBT2+ADHFE1+HOXA2+RALYL	37	0.977800	0.912170
ASAN	6	EYA4+ZNF568+SFMBT2+ADHFE1+HOXA2+GFRA1	41	0.978261	0.910217
ASAN	6	EYA4+ZNF568+SFMBT2+ADHFE1+BEND5+UNC5C	37	0.980600	0.877319
ASAN	6	EYA4+ZNF568+SFMBT2+ADHFE1+BEND5+RALYL	35	0.980795	0.880127
ASAN	6	EYA4+ZNF568+SFMBT2+ADHFE1+BEND5+GFRA1	39	0.981587	0.878967
ASAN	6	EYA4+ZNF568+SFMBT2+ADHFE1+UNC5C+RALYL	35	0.981280	0.874573
ASAN	6	EYA4+ZNF568+SFMBT2+ADHFE1+UNC5C+GFRA1	39	0.981888	0.874817
ASAN	6	EYA4+ZNF568+SFMBT2+ADHFE1+RALYL+GFRA1	37	0.982030	0.876526
ASAN	6	EYA4+ZNF568+SFMBT2+HOXA2+BEND5+UNC5C	38	0.975744	0.914612
ASAN	6	EYA4+ZNF568+SFMBT2+HOXA2+BEND5+RALYL	36	0.976441	0.917419
ASAN	6	EYA4+ZNF568+SFMBT2+HOXA2+BEND5+GFRA1	40	0.977268	0.915466
ASAN	6	EYA4+ZNF568+SFMBT2+HOXA2+UNC5C+RALYL	36	0.976447	0.912109
ASAN	6	EYA4+ZNF568+SFMBT2+HOXA2+UNC5C+GFRA1	40	0.977257	0.910095
ASAN	6	EYA4+ZNF568+SFMBT2+HOXA2+RALYL+GFRA1	38	0.977918	0.913025
ASAN	6	EYA4+ZNF568+SFMBT2+BEND5+UNC5C+RALYL	34	0.979956	0.870789
ASAN	6	EYA4+ZNF568+SFMBT2+BEND5+UNC5C+GFRA1	38	0.980878	0.868225
ASAN	6	EYA4+ZNF568+SFMBT2+BEND5+RALYL+GFRA1	36	0.980163	0.869629
ASAN	6	EYA4+ZNF568+SFMBT2+UNC5C+RALYL+GFRA1	36	0.981126	0.863647
ASAN	6	EYA4+ZNF568+ADHFE1+HOXA2+BEND5+UNC5C	37	0.976140	0.909790
ASAN	6	EYA4+ZNF568+ADHFE1+HOXA2+BEND5+RALYL	35	0.976760	0.913330
ASAN	6	EYA4+ZNF568+ADHFE1+HOXA2+BEND5+GFRA1	39	0.977310	0.911743
ASAN	6	EYA4+ZNF568+ADHFE1+HOXA2+UNC5C+RALYL	35	0.976489	0.907104
ASAN	6	EYA4+ZNF568+ADHFE1+HOXA2+UNC5C+GFRA1	39	0.977404	0.906433
ASAN	6	EYA4+ZNF568+ADHFE1+HOXA2+RALYL+GFRA1	37	0.977800	0.909607
ASAN	6	EYA4+ZNF568+ADHFE1+BEND5+UNC5C+RALYL	33	0.979891	0.877380
ASAN	6	EYA4+ZNF568+ADHFE1+BEND5+UNC5C+GFRA1	37	0.980724	0.876953
ASAN	6	EYA4+ZNF568+ADHFE1+BEND5+RALYL+GFRA1	35	0.981096	0.879700
ASAN	6	EYA4+ZNF568+ADHFE1+UNC5C+RALYL+GFRA1	35	0.980772	0.874329
ASAN	6	EYA4+ZNF568+HOXA2+BEND5+UNC5C+RALYL	34	0.975301	0.912903
ASAN	6	EYA4+ZNF568+HOXA2+BEND5+UNC5C+GFRA1	38	0.976022	0.910522
ASAN	6	EYA4+ZNF568+HOXA2+BEND5+RALYL+GFRA1	36	0.976347	0.914185
ASAN	6	EYA4+ZNF568+HOXA2+UNC5C+RALYL+GFRA1	36	0.976530	0.908752
ASAN	6	EYA4+ZNF568+BEND5+UNC5C+RALYL+GFRA1	34	0.978030	0.863770
ASAN	6	EYA4+ZNF793+SFMBT2+ADHFE1+HOXA2+BEND5	38	0.976518	0.914917
ASAN	6	EYA4+ZNF793+SFMBT2+ADHFE1+HOXA2+UNC5C	38	0.976814	0.909180
ASAN	6	EYA4+ZNF793+SFMBT2+ADHFE1+HOXA2+RALYL	36	0.977068	0.911987
ASAN	6	EYA4+ZNF793+SFMBT2+ADHFE1+HOXA2+GFRA1	40	0.977481	0.909973
ASAN	6	EYA4+ZNF793+SFMBT2+ADHFE1+BEND5+UNC5C	36	0.979998	0.876587
ASAN	6	EYA4+ZNF793+SFMBT2+ADHFE1+BEND5+RALYL	34	0.980783	0.879761
ASAN	6	EYA4+ZNF793+SFMBT2+ADHFE1+BEND5+GFRA1	38	0.981297	0.878845
ASAN	6	EYA4+ZNF793+SFMBT2+ADHFE1+UNC5C+RALYL	34	0.980612	0.874023
ASAN	6	EYA4+ZNF793+SFMBT2+ADHFE1+UNC5C+GFRA1	38	0.981085	0.874023
ASAN	6	EYA4+ZNF793+SFMBT2+ADHFE1+RALYL+GFRA1	36	0.981841	0.876526
ASAN	6	EYA4+ZNF793+SFMBT2+HOXA2+BEND5+UNC5C	37	0.975526	0.914368
ASAN	6	EYA4+ZNF793+SFMBT2+HOXA2+BEND5+RALYL	35	0.975780	0.917297
ASAN	6	EYA4+ZNF793+SFMBT2+HOXA2+BEND5+GFRA1	39	0.976695	0.915771
ASAN	6	EYA4+ZNF793+SFMBT2+HOXA2+UNC5C+RALYL	35	0.976382	0.912170
ASAN	6	EYA4+ZNF793+SFMBT2+HOXA2+UNC5C+GFRA1	39	0.977162	0.910217
ASAN	6	EYA4+ZNF793+SFMBT2+HOXA2+RALYL+GFRA1	37	0.977304	0.912842
ASAN	6	EYA4+ZNF793+SFMBT2+BEND5+UNC5C+RALYL	33	0.979448	0.871033
ASAN	6	EYA4+ZNF793+SFMBT2+BEND5+UNC5C+GFRA1	37	0.981067	0.868469
ASAN	6	EYA4+ZNF793+SFMBT2+BEND5+RALYL+GFRA1	35	0.980086	0.868286
ASAN	6	EYA4+ZNF793+SFMBT2+UNC5C+RALYL+GFRA1	35	0.980990	0.864197
ASAN	6	EYA4+ZNF793+ADHFE1+HOXA2+BEND5+UNC5C	36	0.975904	0.909973
ASAN	6	EYA4+ZNF793+ADHFE1+HOXA2+BEND5+RALYL	34	0.976229	0.913025
ASAN	6	EYA4+ZNF793+ADHFE1+HOXA2+BEND5+GFRA1	38	0.976973	0.911987
ASAN	6	EYA4+ZNF793+ADHFE1+HOXA2+UNC5C+RALYL	34	0.976459	0.906982
ASAN	6	EYA4+ZNF793+ADHFE1+HOXA2+UNC5C+GFRA1	38	0.976843	0.905762
ASAN	6	EYA4+ZNF793+ADHFE1+HOXA2+RALYL+GFRA1	36	0.977192	0.909607
ASAN	6	EYA4+ZNF793+ADHFE1+BEND5+UNC5C+RALYL	32	0.979383	0.876343
ASAN	6	EYA4+ZNF793+ADHFE1+BEND5+UNC5C+GFRA1	36	0.980393	0.876160
ASAN	6	EYA4+ZNF793+ADHFE1+BEND5+RALYL+GFRA1	34	0.980872	0.878662
ASAN	6	EYA4+ZNF793+ADHFE1+UNC5C+RALYL+GFRA1	34	0.980506	0.871948
ASAN	6	EYA4+ZNF793+HOXA2+BEND5+UNC5C+RALYL	33	0.974693	0.912537
ASAN	6	EYA4+ZNF793+HOXA2+BEND5+UNC5C+GFRA1	37	0.975384	0.910828
ASAN	6	EYA4+ZNF793+HOXA2+BEND5+RALYL+GFRA1	35	0.975809	0.913818
ASAN	6	EYA4+ZNF793+HOXA2+UNC5C+RALYL+GFRA1	35	0.976613	0.908203
ASAN	6	EYA4+ZNF793+BEND5+UNC5C+RALYL+GFRA1	33	0.977103	0.862976
ASAN	6	EYA4+SFMBT2+ADHFE1+HOXA2+BEND5+UNC5C	37	0.975886	0.910889
ASAN	6	EYA4+SFMBT2+ADHFE1+HOXA2+BEND5+RALYL	35	0.976252	0.914795
ASAN	6	EYA4+SFMBT2+ADHFE1+HOXA2+BEND5+GFRA1	39	0.977056	0.912659
ASAN	6	EYA4+SFMBT2+ADHFE1+HOXA2+UNC5C+RALYL	35	0.976430	0.909058
ASAN	6	EYA4+SFMBT2+ADHFE1+HOXA2+UNC5C+GFRA1	39	0.976997	0.907776
ASAN	6	EYA4+SFMBT2+ADHFE1+HOXA2+RALYL+GFRA1	37	0.977475	0.910339
ASAN	6	EYA4+SFMBT2+ADHFE1+BEND5+UNC5C+RALYL	33	0.980092	0.876770
ASAN	6	EYA4+SFMBT2+ADHFE1+BEND5+UNC5C+GFRA1	37	0.980842	0.875916
ASAN	6	EYA4+SFMBT2+ADHFE1+BEND5+RALYL+GFRA1	35	0.981415	0.878601
ASAN	6	EYA4+SFMBT2+ADHFE1+UNC5C+RALYL+GFRA1	35	0.980966	0.872131
ASAN	6	EYA4+SFMBT2+HOXA2+BEND5+UNC5C+RALYL	34	0.975047	0.913940
ASAN	6	EYA4+SFMBT2+HOXA2+BEND5+UNC5C+GFRA1	38	0.976571	0.843750
ASAN	6	EYA4+SFMBT2+HOXA2+BEND5+RALYL+GFRA1	36	0.976831	0.915283
ASAN	6	EYA4+SFMBT2+HOXA2+UNC5C+RALYL+GFRA1	36	0.976926	0.841309
ASAN	6	EYA4+SFMBT2+BEND5+UNC5C+RALYL+GFRA1	34	0.980523	0.864380
ASAN	6	EYA4+ADHFE1+HOXA2+BEND5+UNC5C+RALYL	33	0.975549	0.909607
ASAN	6	EYA4+ADHFE1+HOXA2+BEND5+UNC5C+GFRA1	37	0.976424	0.908325
ASAN	6	EYA4+ADHFE1+HOXA2+BEND5+RALYL+GFRA1	35	0.976825	0.911438
ASAN	6	EYA4+ADHFE1+HOXA2+UNC5C+RALYL+GFRA1	35	0.976453	0.905396
ASAN	6	EYA4+ADHFE1+BEND5+UNC5C+RALYL+GFRA1	33	0.980293	0.874451
ASAN	6	EYA4+HOXA2+BEND5+UNC5C+RALYL+GFRA1	34	0.975662	0.910339
ASAN	6	ZNF568+ZNF793+SFMBT2+ADHFE1+HOXA2+BEND5	32	0.975945	0.921570
ASAN	6	ZNF568+ZNF793+SFMBT2+ADHFE1+HOXA2+UNC5C	32	0.976831	0.914612
ASAN	6	ZNF568+ZNF793+SFMBT2+ADHFE1+HOXA2+RALYL	30	0.976944	0.919006
ASAN	6	ZNF568+ZNF793+SFMBT2+ADHFE1+HOXA2+GFRA1	34	0.977558	0.916199
ASAN	6	ZNF568+ZNF793+SFMBT2+ADHFE1+BEND5+UNC5C	30	0.980222	0.878784
ASAN	6	ZNF568+ZNF793+SFMBT2+ADHFE1+BEND5+RALYL	28	0.980393	0.883484
ASAN	6	ZNF568+ZNF793+SFMBT2+ADHFE1+BEND5+GFRA1	32	0.981356	0.880249
ASAN	6	ZNF568+ZNF793+SFMBT2+ADHFE1+UNC5C+RALYL	28	0.980825	0.875305
ASAN	6	ZNF568+ZNF793+SFMBT2+ADHFE1+UNC5C+GFRA1	32	0.981953	0.873962
ASAN	6	ZNF568+ZNF793+SFMBT2+ADHFE1+RALYL+GFRA1	30	0.982095	0.878601
ASAN	6	ZNF568+ZNF793+SFMBT2+HOXA2+BEND5+UNC5C	31	0.974970	0.919922
ASAN	6	ZNF568+ZNF793+SFMBT2+HOXA2+BEND5+RALYL	29	0.974905	0.924194
ASAN	6	ZNF568+ZNF793+SFMBT2+HOXA2+BEND5+GFRA1	33	0.975892	0.920532
ASAN	6	ZNF568+ZNF793+SFMBT2+HOXA2+UNC5C+RALYL	29	0.975939	0.917419
ASAN	6	ZNF568+ZNF793+SFMBT2+HOXA2+UNC5C+GFRA1	33	0.976477	0.914368
ASAN	6	ZNF568+ZNF793+SFMBT2+HOXA2+RALYL+GFRA1	31	0.977109	0.918152
ASAN	6	ZNF568+ZNF793+SFMBT2+BEND5+UNC5C+RALYL	27	0.979915	0.870972
ASAN	6	ZNF568+ZNF793+SFMBT2+BEND5+UNC5C+GFRA1	31	0.980901	0.867065
ASAN	6	ZNF568+ZNF793+SFMBT2+BEND5+RALYL+GFRA1	29	0.980210	0.868408
ASAN	6	ZNF568+ZNF793+SFMBT2+UNC5C+RALYL+GFRA1	29	0.981226	0.861511
ASAN	6	ZNF568+ZNF793+ADHFE1+HOXA2+BEND5+UNC5C	30	0.975591	0.916504
ASAN	6	ZNF568+ZNF793+ADHFE1+HOXA2+BEND5+RALYL	28	0.976022	0.921204
ASAN	6	ZNF568+ZNF793+ADHFE1+HOXA2+BEND5+GFRA1	32	0.976435	0.917297
ASAN	6	ZNF568+ZNF793+ADHFE1+HOXA2+UNC5C+RALYL	28	0.976335	0.913635
ASAN	6	ZNF568+ZNF793+ADHFE1+HOXA2+UNC5C+GFRA1	32	0.976790	0.910767
ASAN	6	ZNF568+ZNF793+ADHFE1+HOXA2+RALYL+GFRA1	30	0.977416	0.915100
ASAN	6	ZNF568+ZNF793+ADHFE1+BEND5+UNC5C+RALYL	26	0.979460	0.877869
ASAN	6	ZNF568+ZNF793+ADHFE1+BEND5+UNC5C+GFRA1	30	0.980441	0.877930
ASAN	6	ZNF568+ZNF793+ADHFE1+BEND5+RALYL+GFRA1	28	0.980435	0.881592
ASAN	6	ZNF568+ZNF793+ADHFE1+UNC5C+RALYL+GFRA1	28	0.981055	0.875000
ASAN	6	ZNF568+ZNF793+HOXA2+BEND5+UNC5C+RALYL	27	0.974321	0.918457
ASAN	6	ZNF568+ZNF793+HOXA2+BEND5+UNC5C+GFRA1	31	0.975195	0.914429
ASAN	6	ZNF568+ZNF793+HOXA2+BEND5+RALYL+GFRA1	29	0.975366	0.919495
ASAN	6	ZNF568+ZNF793+HOXA2+UNC5C+RALYL+GFRA1	29	0.975975	0.912476
ASAN	6	ZNF568+ZNF793+BEND5+UNC5C+RALYL+GFRA1	27	0.978952	0.861389
ASAN	6	ZNF568+SFMBT2+ADHFE1+HOXA2+BEND5+UNC5C	31	0.975626	0.916931
ASAN	6	ZNF568+SFMBT2+ADHFE1+HOXA2+BEND5+RALYL	29	0.976010	0.922058
ASAN	6	ZNF568+SFMBT2+ADHFE1+HOXA2+BEND5+GFRA1	33	0.977115	0.918213
ASAN	6	ZNF568+SFMBT2+ADHFE1+HOXA2+UNC5C+RALYL	29	0.976873	0.914917
ASAN	6	ZNF568+SFMBT2+ADHFE1+HOXA2+UNC5C+GFRA1	33	0.977381	0.911865
ASAN	6	ZNF568+SFMBT2+ADHFE1+HOXA2+RALYL+GFRA1	31	0.977954	0.915955
ASAN	6	ZNF568+SFMBT2+ADHFE1+BEND5+UNC5C+RALYL	27	0.980151	0.878540
ASAN	6	ZNF568+SFMBT2+ADHFE1+BEND5+UNC5C+GFRA1	31	0.981138	0.876831
ASAN	6	ZNF568+SFMBT2+ADHFE1+BEND5+RALYL+GFRA1	29	0.981303	0.880859
ASAN	6	ZNF568+SFMBT2+ADHFE1+UNC5C+RALYL+GFRA1	29	0.981652	0.874146
ASAN	6	ZNF568+SFMBT2+HOXA2+BEND5+UNC5C+RALYL	28	0.975295	0.919800
ASAN	6	ZNF568+SFMBT2+HOXA2+BEND5+UNC5C+GFRA1	32	0.976465	0.889893
ASAN	6	ZNF568+SFMBT2+HOXA2+BEND5+RALYL+GFRA1	30	0.976814	0.921082
ASAN	6	ZNF568+SFMBT2+HOXA2+UNC5C+RALYL+GFRA1	30	0.977103	0.914734
ASAN	6	ZNF568+SFMBT2+BEND5+UNC5C+RALYL+GFRA1	28	0.980517	0.863831
ASAN	6	ZNF568+ADHFE1+HOXA2+BEND5+UNC5C+RALYL	27	0.975673	0.915894
ASAN	6	ZNF568+ADHFE1+HOXA2+BEND5+UNC5C+GFRA1	31	0.976731	0.912720
ASAN	6	ZNF568+ADHFE1+HOXA2+BEND5+RALYL+GFRA1	29	0.976737	0.917419
ASAN	6	ZNF568+ADHFE1+HOXA2+UNC5C+RALYL+GFRA1	29	0.977286	0.910706
ASAN	6	ZNF568+ADHFE1+BEND5+UNC5C+RALYL+GFRA1	27	0.980376	0.878052
ASAN	6	ZNF568+HOXA2+BEND5+UNC5C+RALYL+GFRA1	28	0.975786	0.914795
ASAN	6	ZNF793+SFMBT2+ADHFE1+HOXA2+BEND5+UNC5C	30	0.975284	0.916626
ASAN	6	ZNF793+SFMBT2+ADHFE1+HOXA2+BEND5+RALYL	28	0.975608	0.921143
ASAN	6	ZNF793+SFMBT2+ADHFE1+HOXA2+BEND5+GFRA1	32	0.976548	0.917786
ASAN	6	ZNF793+SFMBT2+ADHFE1+HOXA2+UNC5C+RALYL	28	0.976063	0.914551
ASAN	6	ZNF793+SFMBT2+ADHFE1+HOXA2+UNC5C+GFRA1	32	0.976985	0.911499
ASAN	6	ZNF793+SFMBT2+ADHFE1+HOXA2+RALYL+GFRA1	30	0.977375	0.915588
ASAN	6	ZNF793+SFMBT2+ADHFE1+BEND5+UNC5C+RALYL	26	0.979395	0.878113
ASAN	6	ZNF793+SFMBT2+ADHFE1+BEND5+UNC5C+GFRA1	30	0.980984	0.876953
ASAN	6	ZNF793+SFMBT2+ADHFE1+BEND5+RALYL+GFRA1	28	0.981285	0.880981
ASAN	6	ZNF793+SFMBT2+ADHFE1+UNC5C+RALYL+GFRA1	28	0.981031	0.873230
ASAN	6	ZNF793+SFMBT2+HOXA2+BEND5+UNC5C+RALYL	27	0.974823	0.920654
ASAN	6	ZNF793+SFMBT2+HOXA2+BEND5+UNC5C+GFRA1	31	0.975786	0.916931
ASAN	6	ZNF793+SFMBT2+HOXA2+BEND5+RALYL+GFRA1	29	0.975963	0.920898
ASAN	6	ZNF793+SFMBT2+HOXA2+UNC5C+RALYL+GFRA1	29	0.976884	0.915100
ASAN	6	ZNF793+SFMBT2+BEND5+UNC5C+RALYL+GFRA1	27	0.980163	0.863159
ASAN	6	ZNF793+ADHFE1+HOXA2+BEND5+UNC5C+RALYL	26	0.974988	0.915466
ASAN	6	ZNF793+ADHFE1+HOXA2+BEND5+UNC5C+GFRA1	30	0.976199	0.913025
ASAN	6	ZNF793+ADHFE1+HOXA2+BEND5+RALYL+GFRA1	28	0.976170	0.917175
ASAN	6	ZNF793+ADHFE1+HOXA2+UNC5C+RALYL+GFRA1	28	0.976879	0.910339
ASAN	6	ZNF793+ADHFE1+BEND5+UNC5C+RALYL+GFRA1	26	0.979720	0.877319
ASAN	6	ZNF793+HOXA2+BEND5+UNC5C+RALYL+GFRA1	27	0.975095	0.915161
ASAN	6	SFMBT2+ADHFE1+HOXA2+BEND5+UNC5C+RALYL	27	0.975567	0.915955
ASAN	6	SFMBT2+ADHFE1+HOXA2+BEND5+UNC5C+GFRA1	31	0.976719	0.913635
ASAN	6	SFMBT2+ADHFE1+HOXA2+BEND5+RALYL+GFRA1	29	0.976914	0.918030
ASAN	6	SFMBT2+ADHFE1+HOXA2+UNC5C+RALYL+GFRA1	29	0.977032	0.911499
ASAN	6	SFMBT2+ADHFE1+BEND5+UNC5C+RALYL+GFRA1	27	0.980949	0.876526
ASAN	6	SFMBT2+HOXA2+BEND5+UNC5C+RALYL+GFRA1	28	0.976430	0.917175
ASAN	6	ADHFE1+HOXA2+BEND5+UNC5C+RALYL+GFRA1	27	0.976489	0.912598
ASAN	7	EYA4+ZNF568+ZNF793+SFMBT2+ADHFE1+HOXA2+BEND5	44	0.977115	0.913818
ASAN	7	EYA4+ZNF568+ZNF793+SFMBT2+ADHFE1+HOXA2+UNC5C	44	0.977133	0.908691
ASAN	7	EYA4+ZNF568+ZNF793+SFMBT2+ADHFE1+HOXA2+RALYL	42	0.977735	0.911316
ASAN	7	EYA4+ZNF568+ZNF793+SFMBT2+ADHFE1+HOXA2+GFRA1	46	0.978137	0.910217
ASAN	7	EYA4+ZNF568+ZNF793+SFMBT2+ADHFE1+BEND5+UNC5C	42	0.980523	0.877991
ASAN	7	EYA4+ZNF568+ZNF793+SFMBT2+ADHFE1+BEND5+RALYL	40	0.980866	0.880127
ASAN	7	EYA4+ZNF568+ZNF793+SFMBT2+ADHFE1+BEND5+GFRA1	44	0.981374	0.879456
ASAN	7	EYA4+ZNF568+ZNF793+SFMBT2+ADHFE1+UNC5C+RALYL	40	0.981049	0.875061
ASAN	7	EYA4+ZNF568+ZNF793+SFMBT2+ADHFE1+UNC5C+GFRA1	44	0.981569	0.874756
ASAN	7	EYA4+ZNF568+ZNF793+SFMBT2+ADHFE1+RALYL+GFRA1	42	0.981841	0.876831
ASAN	7	EYA4+ZNF568+ZNF793+SFMBT2+HOXA2+BEND5+UNC5C	43	0.975987	0.913818
ASAN	7	EYA4+ZNF568+ZNF793+SFMBT2+HOXA2+BEND5+RALYL	41	0.976418	0.917114
ASAN	7	EYA4+ZNF568+ZNF793+SFMBT2+HOXA2+BEND5+GFRA1	45	0.977020	0.915039
ASAN	7	EYA4+ZNF568+ZNF793+SFMBT2+HOXA2+UNC5C+RALYL	41	0.976412	0.911377
ASAN	7	EYA4+ZNF568+ZNF793+SFMBT2+HOXA2+UNC5C+GFRA1	45	0.977227	0.908875
ASAN	7	EYA4+ZNF568+ZNF793+SFMBT2+HOXA2+RALYL+GFRA1	43	0.977670	0.912292
ASAN	7	EYA4+ZNF568+ZNF793+SFMBT2+BEND5+UNC5C+RALYL	39	0.979844	0.872742
ASAN	7	EYA4+ZNF568+ZNF793+SFMBT2+BEND5+UNC5C+GFRA1	43	0.980707	0.870422
ASAN	7	EYA4+ZNF568+ZNF793+SFMBT2+BEND5+RALYL+GFRA1	41	0.980063	0.872131
ASAN	7	EYA4+ZNF568+ZNF793+SFMBT2+UNC5C+RALYL+GFRA1	41	0.980901	0.866577
ASAN	7	EYA4+ZNF568+ZNF793+ADHFE1+HOXA2+BEND5+UNC5C	42	0.976406	0.909424
ASAN	7	EYA4+ZNF568+ZNF793+ADHFE1+HOXA2+BEND5+RALYL	40	0.976861	0.912842
ASAN	7	EYA4+ZNF568+ZNF793+ADHFE1+HOXA2+BEND5+GFRA1	44	0.977263	0.911438
ASAN	7	EYA4+ZNF568+ZNF793+ADHFE1+HOXA2+UNC5C+RALYL	40	0.976595	0.906982
ASAN	7	EYA4+ZNF568+ZNF793+ADHFE1+HOXA2+UNC5C+GFRA1	44	0.977345	0.906189
ASAN	7	EYA4+ZNF568+ZNF793+ADHFE1+HOXA2+RALYL+GFRA1	42	0.977670	0.909790
ASAN	7	EYA4+ZNF568+ZNF793+ADHFE1+BEND5+UNC5C+RALYL	38	0.979915	0.877197
ASAN	7	EYA4+ZNF568+ZNF793+ADHFE1+BEND5+UNC5C+GFRA1	42	0.980494	0.876831
ASAN	7	EYA4+ZNF568+ZNF793+ADHFE1+BEND5+RALYL+GFRA1	40	0.980943	0.879944
ASAN	7	EYA4+ZNF568+ZNF793+ADHFE1+UNC5C+RALYL+GFRA1	40	0.980872	0.874817
ASAN	7	EYA4+ZNF568+ZNF793+HOXA2+BEND5+UNC5C+RALYL	39	0.975024	0.911987
ASAN	7	EYA4+ZNF568+ZNF793+HOXA2+BEND5+UNC5C+GFRA1	43	0.975892	0.910217
ASAN	7	EYA4+ZNF568+ZNF793+HOXA2+BEND5+RALYL+GFRA1	41	0.976176	0.913513
ASAN	7	EYA4+ZNF568+ZNF793+HOXA2+UNC5C+RALYL+GFRA1	41	0.976335	0.908020
ASAN	7	EYA4+ZNF568+ZNF793+BEND5+UNC5C+RALYL+GFRA1	39	0.977723	0.865662
ASAN	7	EYA4+ZNF568+SFMBT2+ADHFE1+HOXA2+BEND5+UNC5C	43	0.976258	0.910278
ASAN	7	EYA4+ZNF568+SFMBT2+ADHFE1+HOXA2+BEND5+RALYL	41	0.977073	0.913208
ASAN	7	EYA4+ZNF568+SFMBT2+ADHFE1+HOXA2+BEND5+GFRA1	45	0.977717	0.911194
ASAN	7	EYA4+ZNF568+SFMBT2+ADHFE1+HOXA2+UNC5C+RALYL	41	0.977032	0.908508
ASAN	7	EYA4+ZNF568+SFMBT2+ADHFE1+HOXA2+UNC5C+GFRA1	45	0.977658	0.906433
ASAN	7	EYA4+ZNF568+SFMBT2+ADHFE1+HOXA2+RALYL+GFRA1	43	0.978149	0.909485
ASAN	7	EYA4+ZNF568+SFMBT2+ADHFE1+BEND5+UNC5C+RALYL	39	0.980252	0.877014
ASAN	7	EYA4+ZNF568+SFMBT2+ADHFE1+BEND5+UNC5C+GFRA1	43	0.981026	0.876587
ASAN	7	EYA4+ZNF568+SFMBT2+ADHFE1+BEND5+RALYL+GFRA1	41	0.981303	0.878845
ASAN	7	EYA4+ZNF568+SFMBT2+ADHFE1+UNC5C+RALYL+GFRA1	41	0.981463	0.874573
ASAN	7	EYA4+ZNF568+SFMBT2+HOXA2+BEND5+UNC5C+RALYL	40	0.975230	0.913696
ASAN	7	EYA4+ZNF568+SFMBT2+HOXA2+BEND5+UNC5C+GFRA1	44	0.976672	0.910767
ASAN	7	EYA4+ZNF568+SFMBT2+HOXA2+BEND5+RALYL+GFRA1	42	0.977138	0.914246
ASAN	7	EYA4+ZNF568+SFMBT2+HOXA2+UNC5C+RALYL+GFRA1	42	0.977274	0.908936
ASAN	7	EYA4+ZNF568+SFMBT2+BEND5+UNC5C+RALYL+GFRA1	40	0.980346	0.867310
ASAN	7	EYA4+ZNF568+ADHFE1+HOXA2+BEND5+UNC5C+RALYL	39	0.976205	0.909241
ASAN	7	EYA4+ZNF568+ADHFE1+HOXA2+BEND5+UNC5C+GFRA1	43	0.976855	0.907715
ASAN	7	EYA4+ZNF568+ADHFE1+HOXA2+BEND5+RALYL+GFRA1	41	0.977174	0.910889
ASAN	7	EYA4+ZNF568+ADHFE1+HOXA2+UNC5C+RALYL+GFRA1	41	0.977345	0.905884
ASAN	7	EYA4+ZNF568+ADHFE1+BEND5+UNC5C+RALYL+GFRA1	39	0.980642	0.876404
ASAN	7	EYA4+ZNF568+HOXA2+BEND5+UNC5C+RALYL+GFRA1	40	0.975868	0.910156
ASAN	7	EYA4+ZNF793+SFMBT2+ADHFE1+HOXA2+BEND5+UNC5C	42	0.976205	0.909851
ASAN	7	EYA4+ZNF793+SFMBT2+ADHFE1+HOXA2+BEND5+RALYL	40	0.976306	0.913391
ASAN	7	EYA4+ZNF793+SFMBT2+ADHFE1+HOXA2+BEND5+GFRA1	44	0.977168	0.911377
ASAN	7	EYA4+ZNF793+SFMBT2+ADHFE1+HOXA2+UNC5C+RALYL	40	0.976495	0.908386
ASAN	7	EYA4+ZNF793+SFMBT2+ADHFE1+HOXA2+UNC5C+GFRA1	44	0.976890	0.907166
ASAN	7	EYA4+ZNF793+SFMBT2+ADHFE1+HOXA2+RALYL+GFRA1	42	0.977333	0.909546
ASAN	7	EYA4+ZNF793+SFMBT2+ADHFE1+BEND5+UNC5C+RALYL	38	0.980069	0.876770
ASAN	7	EYA4+ZNF793+SFMBT2+ADHFE1+BEND5+UNC5C+GFRA1	42	0.980766	0.875793
ASAN	7	EYA4+ZNF793+SFMBT2+ADHFE1+BEND5+RALYL+GFRA1	40	0.981350	0.878967
ASAN	7	EYA4+ZNF793+SFMBT2+ADHFE1+UNC5C+RALYL+GFRA1	40	0.981020	0.873413
ASAN	7	EYA4+ZNF793+SFMBT2+HOXA2+BEND5+UNC5C+RALYL	39	0.975148	0.913086
ASAN	7	EYA4+ZNF793+SFMBT2+HOXA2+BEND5+UNC5C+GFRA1	43	0.976170	0.911926
ASAN	7	EYA4+ZNF793+SFMBT2+HOXA2+BEND5+RALYL+GFRA1	41	0.976790	0.914612
ASAN	7	EYA4+ZNF793+SFMBT2+HOXA2+UNC5C+RALYL+GFRA1	41	0.977192	0.909241
ASAN	7	EYA4+ZNF793+SFMBT2+BEND5+UNC5C+RALYL+GFRA1	39	0.980275	0.867554
ASAN	7	EYA4+ZNF793+ADHFE1+HOXA2+BEND5+UNC5C+RALYL	38	0.975733	0.909668
ASAN	7	EYA4+ZNF793+ADHFE1+HOXA2+BEND5+UNC5C+GFRA1	42	0.976418	0.908203
ASAN	7	EYA4+ZNF793+ADHFE1+HOXA2+BEND5+RALYL+GFRA1	40	0.976914	0.911438
ASAN	7	EYA4+ZNF793+ADHFE1+HOXA2+UNC5C+RALYL+GFRA1	40	0.976524	0.905701
ASAN	7	EYA4+ZNF793+ADHFE1+BEND5+UNC5C+RALYL+GFRA1	38	0.980464	0.875793
ASAN	7	EYA4+ZNF793+HOXA2+BEND5+UNC5C+RALYL+GFRA1	39	0.975331	0.910583
ASAN	7	EYA4+SFMBT2+ADHFE1+HOXA2+BEND5+UNC5C+RALYL	39	0.975815	0.910950
ASAN	7	EYA4+SFMBT2+ADHFE1+HOXA2+BEND5+UNC5C+GFRA1	43	0.976619	0.909119
ASAN	7	EYA4+SFMBT2+ADHFE1+HOXA2+BEND5+RALYL+GFRA1	41	0.977121	0.911682
ASAN	7	EYA4+SFMBT2+ADHFE1+HOXA2+UNC5C+RALYL+GFRA1	41	0.976784	0.906982
ASAN	7	EYA4+SFMBT2+ADHFE1+BEND5+UNC5C+RALYL+GFRA1	39	0.980789	0.875732
ASAN	7	EYA4+SFMBT2+HOXA2+BEND5+UNC5C+RALYL+GFRA1	40	0.976252	0.911621
ASAN	7	EYA4+ADHFE1+HOXA2+BEND5+UNC5C+RALYL+GFRA1	39	0.976199	0.908081
ASAN	7	ZNF568+ZNF793+SFMBT2+ADHFE1+HOXA2+BEND5+UNC5C	36	0.975727	0.915466
ASAN	7	ZNF568+ZNF793+SFMBT2+ADHFE1+HOXA2+BEND5+RALYL	34	0.976063	0.920959
ASAN	7	ZNF568+ZNF793+SFMBT2+ADHFE1+HOXA2+BEND5+GFRA1	38	0.976672	0.916626
ASAN	7	ZNF568+ZNF793+SFMBT2+ADHFE1+HOXA2+UNC5C+RALYL	34	0.976678	0.913696
ASAN	7	ZNF568+ZNF793+SFMBT2+ADHFE1+HOXA2+UNC5C+GFRA1	38	0.977079	0.911377
ASAN	7	ZNF568+ZNF793+SFMBT2+ADHFE1+HOXA2+RALYL+GFRA1	36	0.977564	0.914917
ASAN	7	ZNF568+ZNF793+SFMBT2+ADHFE1+BEND5+UNC5C+RALYL	32	0.980328	0.878662
ASAN	7	ZNF568+ZNF793+SFMBT2+ADHFE1+BEND5+UNC5C+GFRA1	36	0.981102	0.877075
ASAN	7	ZNF568+ZNF793+SFMBT2+ADHFE1+BEND5+RALYL+GFRA1	34	0.981268	0.880066
ASAN	7	ZNF568+ZNF793+SFMBT2+ADHFE1+UNC5C+RALYL+GFRA1	34	0.981770	0.873779
ASAN	7	ZNF568+ZNF793+SFMBT2+HOXA2+BEND5+UNC5C+RALYL	33	0.975154	0.918884
ASAN	7	ZNF568+ZNF793+SFMBT2+HOXA2+BEND5+UNC5C+GFRA1	37	0.975916	0.915405
ASAN	7	ZNF568+ZNF793+SFMBT2+HOXA2+BEND5+RALYL+GFRA1	35	0.976158	0.920044
ASAN	7	ZNF568+ZNF793+SFMBT2+HOXA2+UNC5C+RALYL+GFRA1	35	0.976955	0.913696
ASAN	7	ZNF568+ZNF793+SFMBT2+BEND5+UNC5C+RALYL+GFRA1	33	0.980092	0.865601
ASAN	7	ZNF568+ZNF793+ADHFE1+HOXA2+BEND5+UNC5C+RALYL	32	0.975597	0.915100
ASAN	7	ZNF568+ZNF793+ADHFE1+HOXA2+BEND5+UNC5C+GFRA1	36	0.976306	0.911865
ASAN	7	ZNF568+ZNF793+ADHFE1+HOXA2+BEND5+RALYL+GFRA1	34	0.976453	0.916443
ASAN	7	ZNF568+ZNF793+ADHFE1+HOXA2+UNC5C+RALYL+GFRA1	34	0.977162	0.909973
ASAN	7	ZNF568+ZNF793+ADHFE1+BEND5+UNC5C+RALYL+GFRA1	32	0.980370	0.877136
ASAN	7	ZNF568+ZNF793+HOXA2+BEND5+UNC5C+RALYL+GFRA1	33	0.975242	0.913391
ASAN	7	ZNF568+SFMBT2+ADHFE1+HOXA2+BEND5+UNC5C+RALYL	33	0.975762	0.915222
ASAN	7	ZNF568+SFMBT2+ADHFE1+HOXA2+BEND5+UNC5C+GFRA1	37	0.976625	0.913147
ASAN	7	ZNF568+SFMBT2+ADHFE1+HOXA2+BEND5+RALYL+GFRA1	35	0.977227	0.916992
ASAN	7	ZNF568+SFMBT2+ADHFE1+HOXA2+UNC5C+RALYL+GFRA1	35	0.977481	0.910828
ASAN	7	ZNF568+SFMBT2+ADHFE1+BEND5+UNC5C+RALYL+GFRA1	33	0.980748	0.876892
ASAN	7	ZNF568+SFMBT2+HOXA2+BEND5+UNC5C+RALYL+GFRA1	34	0.976435	0.915405
ASAN	7	ZNF568+ADHFE1+HOXA2+BEND5+UNC5C+RALYL+GFRA1	33	0.976713	0.911987
ASAN	7	ZNF793+SFMBT2+ADHFE1+HOXA2+BEND5+UNC5C+RALYL	32	0.975171	0.915405
ASAN	7	ZNF793+SFMBT2+ADHFE1+HOXA2+BEND5+UNC5C+GFRA1	36	0.976500	0.913208
ASAN	7	ZNF793+SFMBT2+ADHFE1+HOXA2+BEND5+RALYL+GFRA1	34	0.976743	0.916992
ASAN	7	ZNF793+SFMBT2+ADHFE1+HOXA2+UNC5C+RALYL+GFRA1	34	0.976908	0.911011
ASAN	7	ZNF793+SFMBT2+ADHFE1+BEND5+UNC5C+RALYL+GFRA1	32	0.981043	0.876526
ASAN	7	ZNF793+SFMBT2+HOXA2+BEND5+UNC5C+RALYL+GFRA1	33	0.975715	0.916321
ASAN	7	ZNF793+ADHFE1+HOXA2+BEND5+UNC5C+RALYL+GFRA1	32	0.976311	0.912170
ASAN	7	SFMBT2+ADHFE1+HOXA2+BEND5+UNC5C+RALYL+GFRA1	33	0.976737	0.913208
ASAN	8	EYA4+ZNF568+ZNF793+SFMBT2+ADHFE1+HOXA2+BEND5+UNC5C	48	0.976459	0.909668
ASAN	8	EYA4+ZNF568+ZNF793+SFMBT2+ADHFE1+HOXA2+BEND5+RALYL	46	0.977109	0.912903
ASAN	8	EYA4+ZNF568+ZNF793+SFMBT2+ADHFE1+HOXA2+BEND5+GFRA1	50	0.977564	0.911316
ASAN	8	EYA4+ZNF568+ZNF793+SFMBT2+ADHFE1+HOXA2+UNC5C+RALYL	46	0.976973	0.907654
ASAN	8	EYA4+ZNF568+ZNF793+SFMBT2+ADHFE1+HOXA2+UNC5C+GFRA1	50	0.977546	0.906555
ASAN	8	EYA4+ZNF568+ZNF793+SFMBT2+ADHFE1+HOXA2+RALYL+GFRA1	48	0.977948	0.909302
ASAN	8	EYA4+ZNF568+ZNF793+SFMBT2+ADHFE1+BEND5+UNC5C+RALYL	44	0.980246	0.877380
ASAN	8	EYA4+ZNF568+ZNF793+SFMBT2+ADHFE1+BEND5+UNC5C+GFRA1	48	0.980919	0.877014
ASAN	8	EYA4+ZNF568+ZNF793+SFMBT2+ADHFE1+BEND5+RALYL+GFRA1	46	0.981309	0.878418
ASAN	8	EYA4+ZNF568+ZNF793+SFMBT2+ADHFE1+UNC5C+RALYL+GFRA1	46	0.981327	0.874878
ASAN	8	EYA4+ZNF568+ZNF793+SFMBT2+HOXA2+BEND5+UNC5C+RALYL	45	0.975508	0.913086
ASAN	8	EYA4+ZNF568+ZNF793+SFMBT2+HOXA2+BEND5+UNC5C+GFRA1	49	0.976435	0.910034
ASAN	8	EYA4+ZNF568+ZNF793+SFMBT2+HOXA2+BEND5+RALYL+GFRA1	47	0.977026	0.913635
ASAN	8	EYA4+ZNF568+ZNF793+SFMBT2+HOXA2+UNC5C+RALYL+GFRA1	47	0.977180	0.909058
ASAN	8	EYA4+ZNF568+ZNF793+SFMBT2+BEND5+UNC5C+RALYL+GFRA1	45	0.980323	0.869934
ASAN	8	EYA4+ZNF568+ZNF793+ADHFE1+HOXA2+BEND5+UNC5C+RALYL	44	0.976246	0.908752
ASAN	8	EYA4+ZNF568+ZNF793+ADHFE1+HOXA2+BEND5+UNC5C+GFRA1	48	0.976861	0.907288
ASAN	8	EYA4+ZNF568+ZNF793+ADHFE1+HOXA2+BEND5+RALYL+GFRA1	46	0.977180	0.910461
ASAN	8	EYA4+ZNF568+ZNF793+ADHFE1+HOXA2+UNC5C+RALYL+GFRA1	46	0.977227	0.905457
ASAN	8	EYA4+ZNF568+ZNF793+ADHFE1+BEND5+UNC5C+RALYL+GFRA1	44	0.980488	0.876404
ASAN	8	EYA4+ZNF568+ZNF793+HOXA2+BEND5+UNC5C+RALYL+GFRA1	45	0.975721	0.909363
ASAN	8	EYA4+ZNF568+SFMBT2+ADHFE1+HOXA2+BEND5+UNC5C+RALYL	45	0.976276	0.909790
ASAN	8	EYA4+ZNF568+SFMBT2+ADHFE1+HOXA2+BEND5+UNC5C+GFRA1	49	0.976997	0.907715
ASAN	8	EYA4+ZNF568+SFMBT2+ADHFE1+HOXA2+BEND5+RALYL+GFRA1	47	0.977446	0.910828
ASAN	8	EYA4+ZNF568+SFMBT2+ADHFE1+HOXA2+UNC5C+RALYL+GFRA1	47	0.977522	0.906128
ASAN	8	EYA4+ZNF568+SFMBT2+ADHFE1+BEND5+UNC5C+RALYL+GFRA1	45	0.980955	0.876282
ASAN	8	EYA4+ZNF568+SFMBT2+HOXA2+BEND5+UNC5C+RALYL+GFRA1	46	0.976152	0.910034
ASAN	8	EYA4+ZNF568+ADHFE1+HOXA2+BEND5+UNC5C+RALYL+GFRA1	45	0.976625	0.907288
ASAN	8	EYA4+ZNF793+SFMBT2+ADHFE1+HOXA2+BEND5+UNC5C+RALYL	44	0.975998	0.910034
ASAN	8	EYA4+ZNF793+SFMBT2+ADHFE1+HOXA2+BEND5+UNC5C+GFRA1	48	0.976719	0.907898
ASAN	8	EYA4+ZNF793+SFMBT2+ADHFE1+HOXA2+BEND5+RALYL+GFRA1	46	0.977044	0.910828
ASAN	8	EYA4+ZNF793+SFMBT2+ADHFE1+HOXA2+UNC5C+RALYL+GFRA1	46	0.976784	0.906616
ASAN	8	EYA4+ZNF793+SFMBT2+ADHFE1+BEND5+UNC5C+RALYL+GFRA1	44	0.980642	0.875916
ASAN	8	EYA4+ZNF793+SFMBT2+HOXA2+BEND5+UNC5C+RALYL+GFRA1	45	0.976087	0.911072
ASAN	8	EYA4+ZNF793+ADHFE1+HOXA2+BEND5+UNC5C+RALYL+GFRA1	44	0.976087	0.907837
ASAN	8	EYA4+SFMBT2+ADHFE1+HOXA2+BEND5+UNC5C+RALYL+GFRA1	45	0.976388	0.908264
ASAN	8	ZNF568+ZNF793+SFMBT2+ADHFE1+HOXA2+BEND5+UNC5C+RALYL	38	0.975951	0.914856
ASAN	8	ZNF568+ZNF793+SFMBT2+ADHFE1+HOXA2+BEND5+UNC5C+GFRA1	42	0.976495	0.912292
ASAN	8	ZNF568+ZNF793+SFMBT2+ADHFE1+HOXA2+BEND5+RALYL+GFRA1	40	0.977038	0.915955
ASAN	8	ZNF568+ZNF793+SFMBT2+ADHFE1+HOXA2+UNC5C+RALYL+GFRA1	40	0.977239	0.909851
ASAN	8	ZNF568+ZNF793+SFMBT2+ADHFE1+BEND5+UNC5C+RALYL+GFRA1	38	0.980754	0.876160
ASAN	8	ZNF568+ZNF793+SFMBT2+HOXA2+BEND5+UNC5C+RALYL+GFRA1	39	0.975478	0.914856
ASAN	8	ZNF568+ZNF793+ADHFE1+HOXA2+BEND5+UNC5C+RALYL+GFRA1	38	0.976306	0.911133
ASAN	8	ZNF568+SFMBT2+ADHFE1+HOXA2+BEND5+UNC5C+RALYL+GFRA1	39	0.976701	0.912231
ASAN	8	ZNF793+SFMBT2+ADHFE1+HOXA2+BEND5+UNC5C+RALYL+GFRA1	38	0.976560	0.912659
ASAN	9	EYA4+ZNF568+ZNF793+SFMBT2+ADHFE1+HOXA2+BEND5+UNC5C+RALYL	50	0.976388	0.909241
ASAN	9	EYA4+ZNF568+ZNF793+SFMBT2+ADHFE1+HOXA2+BEND5+UNC5C+GFRA1	54	0.977221	0.907471
ASAN	9	EYA4+ZNF568+ZNF793+SFMBT2+ADHFE1+HOXA2+BEND5+RALYL+GFRA1	52	0.977493	0.910461
ASAN	9	EYA4+ZNF568+ZNF793+SFMBT2+ADHFE1+HOXA2+UNC5C+RALYL+GFRA1	52	0.977398	0.905945
ASAN	9	EYA4+ZNF568+ZNF793+SFMBT2+ADHFE1+BEND5+UNC5C+RALYL+GFRA1	50	0.980872	0.876648
ASAN	9	EYA4+ZNF568+ZNF793+SFMBT2+HOXA2+BEND5+UNC5C+RALYL+GFRA1	51	0.976099	0.909607
ASAN	9	EYA4+ZNF568+ZNF793+ADHFE1+HOXA2+BEND5+UNC5C+RALYL+GFRA1	50	0.976743	0.907227
ASAN	9	EYA4+ZNF568+SFMBT2+ADHFE1+HOXA2+BEND5+UNC5C+RALYL+GFRA1	51	0.976932	0.907532
ASAN	9	EYA4+ZNF793+SFMBT2+ADHFE1+HOXA2+BEND5+UNC5C+RALYL+GFRA1	50	0.976300	0.907593
ASAN	9	ZNF568+ZNF793+SFMBT2+ADHFE1+HOXA2+BEND5+UNC5C+RALYL+GFRA1	44	0.976441	0.910889
ASAN	10	EYA4+ZNF568+ZNF793+SFMBT2+ADHFE1+HOXA2+BEND5+UNC5C+RALYL+GFRA1	56	0.977127	0.907227
GSE119526	1	EYA4	12	0.954602	0.965278
GSE119526	1	ZNF568	6	0.967326	0.989149
GSE119526	1	ZNF793	5	0.884405	0.846788
GSE119526	1	SFMBT2	6	0.983170	0.990885
GSE119526	1	ADHFE1	5	0.980417	0.940538
GSE119526	1	HOXA2	6	0.972578	0.978299
GSE119526	1	BEND5	4	0.925868	0.969618
GSE119526	1	UNC5C	4	0.975195	0.981771
GSE119526	1	RALYL	2	0.936224	0.941840
GSE119526	1	GFRA1	6	0.971586	0.974826
GSE119526	2	EYA4+ZNF568	18	0.971497	0.996528
GSE119526	2	EYA4+ZNF793	17	0.960952	0.974392
GSE119526	2	EYA4+SFMBT2	18	0.981150	0.977865
GSE119526	2	EYA4+ADHFE1	17	0.980937	0.994358
GSE119526	2	EYA4+HOXA2	18	0.974628	0.992188
GSE119526	2	EYA4+BEND5	16	0.960616	0.971788
GSE119526	2	EYA4+UNC5C	16	0.970646	0.984375
GSE119526	2	EYA4+RALYL	14	0.958164	0.985243
GSE119526	2	EYA4+GFRA1	18	0.970073	0.980469
GSE119526	2	ZNF568+ZNF793	11	0.977481	0.991753
GSE119526	2	ZNF568+SFMBT2	12	0.981321	0.999132
GSE119526	2	ZNF568+ADHFE1	11	0.980984	0.976562
GSE119526	2	ZNF568+HOXA2	12	0.974628	0.988281
GSE119526	2	ZNF568+BEND5	10	0.974380	0.997830
GSE119526	2	ZNF568+UNC5C	10	0.979005	0.994358
GSE119526	2	ZNF568+RALYL	8	0.972454	0.987413
GSE119526	2	ZNF568+GFRA1	12	0.974138	1.000000
GSE119526	2	ZNF793+SFMBT2	11	0.981480	0.983941
GSE119526	2	ZNF793+ADHFE1	10	0.978869	0.968316
GSE119526	2	ZNF793+HOXA2	11	0.973700	0.983941
GSE119526	2	ZNF793+BEND5	9	0.954070	0.975260
GSE119526	2	ZNF793+UNC5C	9	0.976873	0.975694
GSE119526	2	ZNF793+RALYL	7	0.966458	0.953125
GSE119526	2	ZNF793+GFRA1	11	0.973133	0.973524
GSE119526	2	SFMBT2+ADHFE1	11	0.981923	0.996528
GSE119526	2	SFMBT2+HOXA2	12	0.976489	0.993056
GSE119526	2	SFMBT2+BEND5	10	0.980718	1.000000
GSE119526	2	SFMBT2+UNC5C	10	0.981817	0.993056
GSE119526	2	SFMBT2+RALYL	8	0.980689	0.999566
GSE119526	2	SFMBT2+GFRA1	12	0.982928	0.983941
GSE119526	2	ADHFE1+HOXA2	11	0.977404	0.937934
GSE119526	2	ADHFE1+BEND5	9	0.978828	0.960069
GSE119526	2	ADHFE1+UNC5C	9	0.978793	0.979167
GSE119526	2	ADHFE1+RALYL	7	0.979879	0.971788
GSE119526	2	ADHFE1+GFRA1	11	0.982047	0.996094
GSE119526	2	HOXA2+BEND5	10	0.973494	0.991319
GSE119526	2	HOXA2+UNC5C	10	0.975024	0.988715
GSE119526	2	HOXA2+RALYL	8	0.974888	0.984809
GSE119526	2	HOXA2+GFRA1	12	0.976713	0.991319
GSE119526	2	BEND5+UNC5C	8	0.976128	0.996094
GSE119526	2	BEND5+RALYL	6	0.965655	1.000000
GSE119526	2	BEND5+GFRA1	10	0.979596	1.000000
GSE119526	2	UNC5C+RALYL	6	0.970315	0.988281
GSE119526	2	UNC5C+GFRA1	10	0.978728	0.984809
GSE119526	2	RALYL+GFRA1	8	0.970280	0.949219
GSE119526	3	EYA4+ZNF568+ZNF793	23	0.971432	0.994792
GSE119526	3	EYA4+ZNF568+SFMBT2	24	0.981374	0.998264
GSE119526	3	EYA4+ZNF568+ADHFE1	23	0.981652	0.996094
GSE119526	3	EYA4+ZNF568+HOXA2	24	0.976471	0.994792
GSE119526	3	EYA4+ZNF568+BEND5	22	0.970699	0.970052
GSE119526	3	EYA4+ZNF568+UNC5C	22	0.977794	0.995660
GSE119526	3	EYA4+ZNF568+RALYL	20	0.970528	0.994358
GSE119526	3	EYA4+ZNF568+GFRA1	24	0.975289	0.996094
GSE119526	3	EYA4+ZNF793+SFMBT2	23	0.980766	0.976562
GSE119526	3	EYA4+ZNF793+ADHFE1	22	0.980943	0.993490
GSE119526	3	EYA4+ZNF793+HOXA2	23	0.975177	0.992622
GSE119526	3	EYA4+ZNF793+BEND5	21	0.960356	0.992622
GSE119526	3	EYA4+ZNF793+UNC5C	21	0.974008	0.981337
GSE119526	3	EYA4+ZNF793+RALYL	19	0.966239	0.983073
GSE119526	3	EYA4+ZNF793+GFRA1	23	0.971840	0.979167
GSE119526	3	EYA4+SFMBT2+ADHFE1	23	0.981717	0.995660
GSE119526	3	EYA4+SFMBT2+HOXA2	24	0.976205	0.979601
GSE119526	3	EYA4+SFMBT2+BEND5	22	0.980323	0.997830
GSE119526	3	EYA4+SFMBT2+UNC5C	22	0.981108	0.983507
GSE119526	3	EYA4+SFMBT2+RALYL	20	0.980411	0.989149
GSE119526	3	EYA4+SFMBT2+GFRA1	24	0.981764	0.980903
GSE119526	3	EYA4+ADHFE1+HOXA2	23	0.976914	0.994358
GSE119526	3	EYA4+ADHFE1+BEND5	21	0.980393	0.997396
GSE119526	3	EYA4+ADHFE1+UNC5C	21	0.979785	0.995660
GSE119526	3	EYA4+ADHFE1+RALYL	19	0.980305	0.994358
GSE119526	3	EYA4+ADHFE1+GFRA1	23	0.981132	0.996094
GSE119526	3	EYA4+HOXA2+BEND5	22	0.974149	0.998264
GSE119526	3	EYA4+HOXA2+UNC5C	22	0.975106	0.993490
GSE119526	3	EYA4+HOXA2+RALYL	20	0.975378	0.992622
GSE119526	3	EYA4+HOXA2+GFRA1	24	0.976495	0.996094
GSE119526	3	EYA4+BEND5+UNC5C	20	0.973860	0.998264
GSE119526	3	EYA4+BEND5+RALYL	18	0.966511	0.996962
GSE119526	3	EYA4+BEND5+GFRA1	22	0.972147	0.999132
GSE119526	3	EYA4+UNC5C+RALYL	18	0.969217	0.988281
GSE119526	3	EYA4+UNC5C+GFRA1	22	0.976985	0.982639
GSE119526	3	EYA4+RALYL+GFRA1	20	0.968537	0.985243
GSE119526	3	ZNF568+ZNF793+SFMBT2	17	0.981297	0.998698
GSE119526	3	ZNF568+ZNF793+ADHFE1	16	0.980476	0.987413
GSE119526	3	ZNF568+ZNF793+HOXA2	17	0.974876	0.989149
GSE119526	3	ZNF568+ZNF793+BEND5	15	0.976187	0.999132
GSE119526	3	ZNF568+ZNF793+UNC5C	15	0.978899	0.994358
GSE119526	3	ZNF568+ZNF793+RALYL	13	0.974415	0.989149
GSE119526	3	ZNF568+ZNF793+GFRA1	17	0.975018	0.997830
GSE119526	3	ZNF568+SFMBT2+ADHFE1	17	0.981953	0.996962
GSE119526	3	ZNF568+SFMBT2+HOXA2	18	0.976288	0.989583
GSE119526	3	ZNF568+SFMBT2+BEND5	16	0.980423	1.000000
GSE119526	3	ZNF568+SFMBT2+UNC5C	16	0.981203	0.999132
GSE119526	3	ZNF568+SFMBT2+RALYL	14	0.980512	1.000000
GSE119526	3	ZNF568+SFMBT2+GFRA1	18	0.982101	1.000000
GSE119526	3	ZNF568+ADHFE1+HOXA2	17	0.976778	0.992188
GSE119526	3	ZNF568+ADHFE1+BEND5	15	0.980299	0.979601
GSE119526	3	ZNF568+ADHFE1+UNC5C	15	0.980086	0.993490
GSE119526	3	ZNF568+ADHFE1+RALYL	13	0.980736	0.984809
GSE119526	3	ZNF568+ADHFE1+GFRA1	17	0.981935	0.996528
GSE119526	3	ZNF568+HOXA2+BEND5	16	0.974492	0.993056
GSE119526	3	ZNF568+HOXA2+UNC5C	16	0.974628	0.990017
GSE119526	3	ZNF568+HOXA2+RALYL	14	0.974823	0.988715
GSE119526	3	ZNF568+HOXA2+GFRA1	18	0.976944	0.993056
GSE119526	3	ZNF568+BEND5+UNC5C	14	0.978190	1.000000
GSE119526	3	ZNF568+BEND5+RALYL	12	0.973263	1.000000
GSE119526	3	ZNF568+BEND5+GFRA1	16	0.979939	1.000000
GSE119526	3	ZNF568+UNC5C+RALYL	12	0.978113	0.992622
GSE119526	3	ZNF568+UNC5C+GFRA1	16	0.979224	0.998264
GSE119526	3	ZNF568+RALYL+GFRA1	14	0.973647	0.998698
GSE119526	3	ZNF793+SFMBT2+ADHFE1	16	0.981043	0.995660
GSE119526	3	ZNF793+SFMBT2+HOXA2	17	0.976199	0.990451
GSE119526	3	ZNF793+SFMBT2+BEND5	15	0.980074	1.000000
GSE119526	3	ZNF793+SFMBT2+UNC5C	15	0.981155	0.988715
GSE119526	3	ZNF793+SFMBT2+RALYL	13	0.980004	0.999132
GSE119526	3	ZNF793+SFMBT2+GFRA1	17	0.982603	0.982205
GSE119526	3	ZNF793+ADHFE1+HOXA2	16	0.976111	0.988715
GSE119526	3	ZNF793+ADHFE1+BEND5	14	0.977824	0.972656
GSE119526	3	ZNF793+ADHFE1+UNC5C	14	0.978733	0.980035
GSE119526	3	ZNF793+ADHFE1+RALYL	12	0.979442	0.983073
GSE119526	3	ZNF793+ADHFE1+GFRA1	16	0.981788	0.995226
GSE119526	3	ZNF793+HOXA2+BEND5	15	0.973299	0.992188
GSE119526	3	ZNF793+HOXA2+UNC5C	15	0.974067	0.988715
GSE119526	3	ZNF793+HOXA2+RALYL	13	0.974332	0.986979
GSE119526	3	ZNF793+HOXA2+GFRA1	17	0.976394	0.990885
GSE119526	3	ZNF793+BEND5+UNC5C	13	0.977073	0.992622
GSE119526	3	ZNF793+BEND5+RALYL	11	0.967190	1.000000
GSE119526	3	ZNF793+BEND5+GFRA1	15	0.979436	0.999132
GSE119526	3	ZNF793+UNC5C+RALYL	11	0.977416	0.989149
GSE119526	3	ZNF793+UNC5C+GFRA1	15	0.979171	0.981771
GSE119526	3	ZNF793+RALYL+GFRA1	13	0.973240	0.984375
GSE119526	3	SFMBT2+ADHFE1+HOXA2	17	0.977026	0.985243
GSE119526	3	SFMBT2+ADHFE1+BEND5	15	0.980831	0.997396
GSE119526	3	SFMBT2+ADHFE1+UNC5C	15	0.980961	0.996094
GSE119526	3	SFMBT2+ADHFE1+RALYL	13	0.981415	0.996962
GSE119526	3	SFMBT2+ADHFE1+GFRA1	17	0.982786	0.997830
GSE119526	3	SFMBT2+HOXA2+BEND5	16	0.975349	0.970486
GSE119526	3	SFMBT2+HOXA2+UNC5C	16	0.976181	0.991753
GSE119526	3	SFMBT2+HOXA2+RALYL	14	0.976246	0.992188
GSE119526	3	SFMBT2+HOXA2+GFRA1	18	0.977345	0.993056
GSE119526	3	SFMBT2+BEND5+UNC5C	14	0.980966	1.000000
GSE119526	3	SFMBT2+BEND5+RALYL	12	0.979253	1.000000
GSE119526	3	SFMBT2+BEND5+GFRA1	16	0.981876	1.000000
GSE119526	3	SFMBT2+UNC5C+RALYL	12	0.980618	0.998264
GSE119526	3	SFMBT2+UNC5C+GFRA1	16	0.982449	0.987413
GSE119526	3	SFMBT2+RALYL+GFRA1	14	0.981658	0.995660
GSE119526	3	ADHFE1+HOXA2+BEND5	15	0.975786	0.950087
GSE119526	3	ADHFE1+HOXA2+UNC5C	15	0.976766	0.991753
GSE119526	3	ADHFE1+HOXA2+RALYL	13	0.976790	0.989149
GSE119526	3	ADHFE1+HOXA2+GFRA1	17	0.977558	0.994792
GSE119526	3	ADHFE1+BEND5+UNC5C	13	0.978066	0.984809
GSE119526	3	ADHFE1+BEND5+RALYL	11	0.979815	0.980903
GSE119526	3	ADHFE1+BEND5+GFRA1	15	0.980878	0.998698
GSE119526	3	ADHFE1+UNC5C+RALYL	11	0.978320	0.989149
GSE119526	3	ADHFE1+UNC5C+GFRA1	15	0.980624	0.995226
GSE119526	3	ADHFE1+RALYL+GFRA1	13	0.981593	0.996094
GSE119526	3	HOXA2+BEND5+UNC5C	14	0.974315	0.993924
GSE119526	3	HOXA2+BEND5+RALYL	12	0.973913	0.993056
GSE119526	3	HOXA2+BEND5+GFRA1	16	0.975786	0.994792
GSE119526	3	HOXA2+UNC5C+RALYL	12	0.974941	0.988715
GSE119526	3	HOXA2+UNC5C+GFRA1	16	0.976229	0.993056
GSE119526	3	HOXA2+RALYL+GFRA1	14	0.976577	0.991753
GSE119526	3	BEND5+UNC5C+RALYL	10	0.978084	0.999566
GSE119526	3	BEND5+UNC5C+GFRA1	14	0.980263	0.999566
GSE119526	3	BEND5+RALYL+GFRA1	12	0.977771	1.000000
GSE119526	3	UNC5C+RALYL+GFRA1	12	0.977540	0.990451
GSE119526	4	EYA4+ZNF568+ZNF793+SFMBT2	29	0.981144	0.996962
GSE119526	4	EYA4+ZNF568+ZNF793+ADHFE1	28	0.981469	0.996094
GSE119526	4	EYA4+ZNF568+ZNF793+HOXA2	29	0.976471	0.994792
GSE119526	4	EYA4+ZNF568+ZNF793+BEND5	27	0.970404	0.964410
GSE119526	4	EYA4+ZNF568+ZNF793+UNC5C	27	0.977658	0.993924
GSE119526	4	EYA4+ZNF568+ZNF793+RALYL	25	0.970664	0.995660
GSE119526	4	EYA4+ZNF568+ZNF793+GFRA1	29	0.974811	0.994358
GSE119526	4	EYA4+ZNF568+SFMBT2+ADHFE1	29	0.982207	0.996962
GSE119526	4	EYA4+ZNF568+SFMBT2+HOXA2	30	0.976997	0.996962
GSE119526	4	EYA4+ZNF568+SFMBT2+BEND5	28	0.980582	0.998698
GSE119526	4	EYA4+ZNF568+SFMBT2+UNC5C	28	0.981220	0.996962
GSE119526	4	EYA4+ZNF568+SFMBT2+RALYL	26	0.980340	0.998698
GSE119526	4	EYA4+ZNF568+SFMBT2+GFRA1	30	0.981581	0.997396
GSE119526	4	EYA4+ZNF568+ADHFE1+HOXA2	29	0.977398	0.994792
GSE119526	4	EYA4+ZNF568+ADHFE1+BEND5	27	0.980919	0.997830
GSE119526	4	EYA4+ZNF568+ADHFE1+UNC5C	27	0.980529	0.995660
GSE119526	4	EYA4+ZNF568+ADHFE1+RALYL	25	0.981108	0.995660
GSE119526	4	EYA4+ZNF568+ADHFE1+GFRA1	29	0.981752	0.996962
GSE119526	4	EYA4+ZNF568+HOXA2+BEND5	28	0.976004	0.997830
GSE119526	4	EYA4+ZNF568+HOXA2+UNC5C	28	0.975756	0.994792
GSE119526	4	EYA4+ZNF568+HOXA2+RALYL	26	0.976483	0.993924
GSE119526	4	EYA4+ZNF568+HOXA2+GFRA1	30	0.977221	0.996528
GSE119526	4	EYA4+ZNF568+BEND5+UNC5C	26	0.977641	0.998264
GSE119526	4	EYA4+ZNF568+BEND5+RALYL	24	0.970032	0.998698
GSE119526	4	EYA4+ZNF568+BEND5+GFRA1	28	0.974415	0.997396
GSE119526	4	EYA4+ZNF568+UNC5C+RALYL	24	0.976884	0.995660
GSE119526	4	EYA4+ZNF568+UNC5C+GFRA1	28	0.979289	0.995660
GSE119526	4	EYA4+ZNF568+RALYL+GFRA1	26	0.974008	0.997396
GSE119526	4	EYA4+ZNF793+SFMBT2+ADHFE1	28	0.981935	0.995660
GSE119526	4	EYA4+ZNF793+SFMBT2+HOXA2	29	0.976577	0.996962
GSE119526	4	EYA4+ZNF793+SFMBT2+BEND5	27	0.979436	0.997396
GSE119526	4	EYA4+ZNF793+SFMBT2+UNC5C	27	0.981096	0.982639
GSE119526	4	EYA4+ZNF793+SFMBT2+RALYL	25	0.980222	0.985243
GSE119526	4	EYA4+ZNF793+SFMBT2+GFRA1	29	0.981610	0.979601
GSE119526	4	EYA4+ZNF793+ADHFE1+HOXA2	28	0.977127	0.993490
GSE119526	4	EYA4+ZNF793+ADHFE1+BEND5	26	0.980441	0.997396
GSE119526	4	EYA4+ZNF793+ADHFE1+UNC5C	26	0.979791	0.994358
GSE119526	4	EYA4+ZNF793+ADHFE1+RALYL	24	0.980429	0.993490
GSE119526	4	EYA4+ZNF793+ADHFE1+GFRA1	28	0.981557	0.996094
GSE119526	4	EYA4+ZNF793+HOXA2+BEND5	27	0.974179	0.996962
GSE119526	4	EYA4+ZNF793+HOXA2+UNC5C	27	0.975272	0.993924
GSE119526	4	EYA4+ZNF793+HOXA2+RALYL	25	0.975750	0.992622
GSE119526	4	EYA4+ZNF793+HOXA2+GFRA1	29	0.976465	0.996528
GSE119526	4	EYA4+ZNF793+BEND5+UNC5C	25	0.972572	0.997830
GSE119526	4	EYA4+ZNF793+BEND5+RALYL	23	0.965330	0.996962
GSE119526	4	EYA4+ZNF793+BEND5+GFRA1	27	0.971349	0.996094
GSE119526	4	EYA4+ZNF793+UNC5C+RALYL	23	0.975284	0.986979
GSE119526	4	EYA4+ZNF793+UNC5C+GFRA1	27	0.979147	0.981337
GSE119526	4	EYA4+ZNF793+RALYL+GFRA1	25	0.972749	0.984809
GSE119526	4	EYA4+SFMBT2+ADHFE1+HOXA2	29	0.977085	0.996094
GSE119526	4	EYA4+SFMBT2+ADHFE1+BEND5	27	0.981161	0.997830
GSE119526	4	EYA4+SFMBT2+ADHFE1+UNC5C	27	0.980642	0.996528
GSE119526	4	EYA4+SFMBT2+ADHFE1+RALYL	25	0.981327	0.996528
GSE119526	4	EYA4+SFMBT2+ADHFE1+GFRA1	29	0.981652	0.996528
GSE119526	4	EYA4+SFMBT2+HOXA2+BEND5	28	0.975650	0.998264
GSE119526	4	EYA4+SFMBT2+HOXA2+UNC5C	28	0.976116	0.996094
GSE119526	4	EYA4+SFMBT2+HOXA2+RALYL	26	0.976376	0.996528
GSE119526	4	EYA4+SFMBT2+HOXA2+GFRA1	30	0.977268	0.982205
GSE119526	4	EYA4+SFMBT2+BEND5+UNC5C	26	0.980606	0.998264
GSE119526	4	EYA4+SFMBT2+BEND5+RALYL	24	0.979815	0.999132
GSE119526	4	EYA4+SFMBT2+BEND5+GFRA1	28	0.981315	0.999132
GSE119526	4	EYA4+SFMBT2+UNC5C+RALYL	24	0.980340	0.990017
GSE119526	4	EYA4+SFMBT2+UNC5C+GFRA1	28	0.981622	0.983507
GSE119526	4	EYA4+SFMBT2+RALYL+GFRA1	26	0.980766	0.986979
GSE119526	4	EYA4+ADHFE1+HOXA2+BEND5	27	0.976199	0.997396
GSE119526	4	EYA4+ADHFE1+HOXA2+UNC5C	27	0.976075	0.993924
GSE119526	4	EYA4+ADHFE1+HOXA2+RALYL	25	0.976719	0.994792
GSE119526	4	EYA4+ADHFE1+HOXA2+GFRA1	29	0.977434	0.996094
GSE119526	4	EYA4+ADHFE1+BEND5+UNC5C	25	0.979283	0.997396
GSE119526	4	EYA4+ADHFE1+BEND5+RALYL	23	0.980145	0.997396
GSE119526	4	EYA4+ADHFE1+BEND5+GFRA1	27	0.981144	0.997396
GSE119526	4	EYA4+ADHFE1+UNC5C+RALYL	23	0.979401	0.995660
GSE119526	4	EYA4+ADHFE1+UNC5C+GFRA1	27	0.980175	0.995660
GSE119526	4	EYA4+ADHFE1+RALYL+GFRA1	25	0.980712	0.996962
GSE119526	4	EYA4+HOXA2+BEND5+UNC5C	26	0.974344	0.996962
GSE119526	4	EYA4+HOXA2+BEND5+RALYL	24	0.974693	0.996962
GSE119526	4	EYA4+HOXA2+BEND5+GFRA1	28	0.975987	0.998264
GSE119526	4	EYA4+HOXA2+UNC5C+RALYL	24	0.975183	0.993490
GSE119526	4	EYA4+HOXA2+UNC5C+GFRA1	28	0.975963	0.995660
GSE119526	4	EYA4+HOXA2+RALYL+GFRA1	26	0.976619	0.996094
GSE119526	4	EYA4+BEND5+UNC5C+RALYL	22	0.974752	0.998698
GSE119526	4	EYA4+BEND5+UNC5C+GFRA1	26	0.978450	0.998698
GSE119526	4	EYA4+BEND5+RALYL+GFRA1	24	0.971958	0.997830
GSE119526	4	EYA4+UNC5C+RALYL+GFRA1	24	0.974740	0.987413
GSE119526	4	ZNF568+ZNF793+SFMBT2+ADHFE1	22	0.981811	0.996528
GSE119526	4	ZNF568+ZNF793+SFMBT2+HOXA2	23	0.975668	0.993056
GSE119526	4	ZNF568+ZNF793+SFMBT2+BEND5	21	0.980311	0.999566
GSE119526	4	ZNF568+ZNF793+SFMBT2+UNC5C	21	0.980848	0.998264
GSE119526	4	ZNF568+ZNF793+SFMBT2+RALYL	19	0.980506	0.999132
GSE119526	4	ZNF568+ZNF793+SFMBT2+GFRA1	23	0.982118	0.999132
GSE119526	4	ZNF568+ZNF793+ADHFE1+HOXA2	22	0.976766	0.993490
GSE119526	4	ZNF568+ZNF793+ADHFE1+BEND5	20	0.979413	0.991319
GSE119526	4	ZNF568+ZNF793+ADHFE1+UNC5C	20	0.980086	0.993056
GSE119526	4	ZNF568+ZNF793+ADHFE1+RALYL	18	0.980671	0.991319
GSE119526	4	ZNF568+ZNF793+ADHFE1+GFRA1	22	0.981740	0.996094
GSE119526	4	ZNF568+ZNF793+HOXA2+BEND5	21	0.974575	0.993924
GSE119526	4	ZNF568+ZNF793+HOXA2+UNC5C	21	0.974911	0.990017
GSE119526	4	ZNF568+ZNF793+HOXA2+RALYL	19	0.974882	0.988715
GSE119526	4	ZNF568+ZNF793+HOXA2+GFRA1	23	0.976418	0.993924
GSE119526	4	ZNF568+ZNF793+BEND5+UNC5C	19	0.978255	0.998698
GSE119526	4	ZNF568+ZNF793+BEND5+RALYL	17	0.973907	0.999566
GSE119526	4	ZNF568+ZNF793+BEND5+GFRA1	21	0.979874	0.999566
GSE119526	4	ZNF568+ZNF793+UNC5C+RALYL	17	0.978586	0.992622
GSE119526	4	ZNF568+ZNF793+UNC5C+GFRA1	21	0.979271	0.996528
GSE119526	4	ZNF568+ZNF793+RALYL+GFRA1	19	0.975089	0.996962
GSE119526	4	ZNF568+SFMBT2+ADHFE1+HOXA2	23	0.977227	0.994792
GSE119526	4	ZNF568+SFMBT2+ADHFE1+BEND5	21	0.980801	0.998264
GSE119526	4	ZNF568+SFMBT2+ADHFE1+UNC5C	21	0.981215	0.996528
GSE119526	4	ZNF568+SFMBT2+ADHFE1+RALYL	19	0.981209	0.997396
GSE119526	4	ZNF568+SFMBT2+ADHFE1+GFRA1	23	0.982869	0.997830
GSE119526	4	ZNF568+SFMBT2+HOXA2+BEND5	22	0.975414	0.967014
GSE119526	4	ZNF568+SFMBT2+HOXA2+UNC5C	22	0.975981	0.993490
GSE119526	4	ZNF568+SFMBT2+HOXA2+RALYL	20	0.976530	0.993056
GSE119526	4	ZNF568+SFMBT2+HOXA2+GFRA1	24	0.977056	0.994792
GSE119526	4	ZNF568+SFMBT2+BEND5+UNC5C	20	0.980777	1.000000
GSE119526	4	ZNF568+SFMBT2+BEND5+RALYL	18	0.979519	1.000000
GSE119526	4	ZNF568+SFMBT2+BEND5+GFRA1	22	0.981734	1.000000
GSE119526	4	ZNF568+SFMBT2+UNC5C+RALYL	18	0.980559	0.999132
GSE119526	4	ZNF568+SFMBT2+UNC5C+GFRA1	22	0.981575	0.999566
GSE119526	4	ZNF568+SFMBT2+RALYL+GFRA1	20	0.981179	1.000000
GSE119526	4	ZNF568+ADHFE1+HOXA2+BEND5	21	0.975987	0.996528
GSE119526	4	ZNF568+ADHFE1+HOXA2+UNC5C	21	0.976495	0.994358
GSE119526	4	ZNF568+ADHFE1+HOXA2+RALYL	19	0.976424	0.993490
GSE119526	4	ZNF568+ADHFE1+HOXA2+GFRA1	23	0.977446	0.995660
GSE119526	4	ZNF568+ADHFE1+BEND5+UNC5C	19	0.979584	0.995660
GSE119526	4	ZNF568+ADHFE1+BEND5+RALYL	17	0.980299	0.988715
GSE119526	4	ZNF568+ADHFE1+BEND5+GFRA1	21	0.981067	0.998264
GSE119526	4	ZNF568+ADHFE1+UNC5C+RALYL	17	0.979986	0.994792
GSE119526	4	ZNF568+ADHFE1+UNC5C+GFRA1	21	0.980966	0.996094
GSE119526	4	ZNF568+ADHFE1+RALYL+GFRA1	19	0.981209	0.995660
GSE119526	4	ZNF568+HOXA2+BEND5+UNC5C	20	0.974362	0.995226
GSE119526	4	ZNF568+HOXA2+BEND5+RALYL	18	0.974681	0.994358
GSE119526	4	ZNF568+HOXA2+BEND5+GFRA1	22	0.976264	0.997396
GSE119526	4	ZNF568+HOXA2+UNC5C+RALYL	18	0.974610	0.990017
GSE119526	4	ZNF568+HOXA2+UNC5C+GFRA1	22	0.976435	0.995226
GSE119526	4	ZNF568+HOXA2+RALYL+GFRA1	20	0.976926	0.993490
GSE119526	4	ZNF568+BEND5+UNC5C+RALYL	16	0.978060	1.000000
GSE119526	4	ZNF568+BEND5+UNC5C+GFRA1	20	0.979572	1.000000
GSE119526	4	ZNF568+BEND5+RALYL+GFRA1	18	0.978143	1.000000
GSE119526	4	ZNF568+UNC5C+RALYL+GFRA1	18	0.978680	0.997396
GSE119526	4	ZNF793+SFMBT2+ADHFE1+HOXA2	22	0.976548	0.993924
GSE119526	4	ZNF793+SFMBT2+ADHFE1+BEND5	20	0.980039	0.996962
GSE119526	4	ZNF793+SFMBT2+ADHFE1+UNC5C	20	0.980523	0.995660
GSE119526	4	ZNF793+SFMBT2+ADHFE1+RALYL	18	0.980766	0.995660
GSE119526	4	ZNF793+SFMBT2+ADHFE1+GFRA1	22	0.982538	0.996094
GSE119526	4	ZNF793+SFMBT2+HOXA2+BEND5	21	0.974746	0.996962
GSE119526	4	ZNF793+SFMBT2+HOXA2+UNC5C	21	0.976028	0.992622
GSE119526	4	ZNF793+SFMBT2+HOXA2+RALYL	19	0.975963	0.991753
GSE119526	4	ZNF793+SFMBT2+HOXA2+GFRA1	23	0.976630	0.996528
GSE119526	4	ZNF793+SFMBT2+BEND5+UNC5C	19	0.980104	0.999566
GSE119526	4	ZNF793+SFMBT2+BEND5+RALYL	17	0.978550	1.000000
GSE119526	4	ZNF793+SFMBT2+BEND5+GFRA1	21	0.981173	1.000000
GSE119526	4	ZNF793+SFMBT2+UNC5C+RALYL	17	0.980393	0.995660
GSE119526	4	ZNF793+SFMBT2+UNC5C+GFRA1	21	0.982254	0.985677
GSE119526	4	ZNF793+SFMBT2+RALYL+GFRA1	19	0.981522	0.993924
GSE119526	4	ZNF793+ADHFE1+HOXA2+BEND5	20	0.974941	0.994358
GSE119526	4	ZNF793+ADHFE1+HOXA2+UNC5C	20	0.976040	0.990017
GSE119526	4	ZNF793+ADHFE1+HOXA2+RALYL	18	0.975874	0.990885
GSE119526	4	ZNF793+ADHFE1+HOXA2+GFRA1	22	0.977150	0.995226
GSE119526	4	ZNF793+ADHFE1+BEND5+UNC5C	18	0.977493	0.983073
GSE119526	4	ZNF793+ADHFE1+BEND5+RALYL	16	0.978958	0.986545
GSE119526	4	ZNF793+ADHFE1+BEND5+GFRA1	20	0.980612	0.997830
GSE119526	4	ZNF793+ADHFE1+UNC5C+RALYL	16	0.978674	0.989149
GSE119526	4	ZNF793+ADHFE1+UNC5C+GFRA1	20	0.980866	0.994792
GSE119526	4	ZNF793+ADHFE1+RALYL+GFRA1	18	0.981498	0.995226
GSE119526	4	ZNF793+HOXA2+BEND5+UNC5C	19	0.973931	0.993490
GSE119526	4	ZNF793+HOXA2+BEND5+RALYL	17	0.974197	0.992622
GSE119526	4	ZNF793+HOXA2+BEND5+GFRA1	21	0.975697	0.997396
GSE119526	4	ZNF793+HOXA2+UNC5C+RALYL	17	0.974953	0.988715
GSE119526	4	ZNF793+HOXA2+UNC5C+GFRA1	21	0.975963	0.993056
GSE119526	4	ZNF793+HOXA2+RALYL+GFRA1	19	0.976412	0.991319
GSE119526	4	ZNF793+BEND5+UNC5C+RALYL	15	0.977316	0.999132
GSE119526	4	ZNF793+BEND5+UNC5C+GFRA1	19	0.980181	0.998698
GSE119526	4	ZNF793+BEND5+RALYL+GFRA1	17	0.977392	0.999132
GSE119526	4	ZNF793+UNC5C+RALYL+GFRA1	17	0.978958	0.989149
GSE119526	4	SFMBT2+ADHFE1+HOXA2+BEND5	21	0.975987	0.976128
GSE119526	4	SFMBT2+ADHFE1+HOXA2+UNC5C	21	0.976737	0.994792
GSE119526	4	SFMBT2+ADHFE1+HOXA2+RALYL	19	0.976495	0.994358
GSE119526	4	SFMBT2+ADHFE1+HOXA2+GFRA1	23	0.977511	0.989583
GSE119526	4	SFMBT2+ADHFE1+BEND5+UNC5C	19	0.979531	0.998264
GSE119526	4	SFMBT2+ADHFE1+BEND5+RALYL	17	0.980317	0.998264
GSE119526	4	SFMBT2+ADHFE1+BEND5+GFRA1	21	0.981847	0.998698
GSE119526	4	SFMBT2+ADHFE1+UNC5C+RALYL	17	0.980128	0.996094
GSE119526	4	SFMBT2+ADHFE1+UNC5C+GFRA1	21	0.981504	0.996962
GSE119526	4	SFMBT2+ADHFE1+RALYL+GFRA1	19	0.982307	0.997396
GSE119526	4	SFMBT2+HOXA2+BEND5+UNC5C	20	0.975077	0.997830
GSE119526	4	SFMBT2+HOXA2+BEND5+RALYL	18	0.975354	0.974826
GSE119526	4	SFMBT2+HOXA2+BEND5+GFRA1	22	0.976376	0.983941
GSE119526	4	SFMBT2+HOXA2+UNC5C+RALYL	18	0.976270	0.992188
GSE119526	4	SFMBT2+HOXA2+UNC5C+GFRA1	22	0.976920	0.990885
GSE119526	4	SFMBT2+HOXA2+RALYL+GFRA1	20	0.977245	0.992622
GSE119526	4	SFMBT2+BEND5+UNC5C+RALYL	16	0.980110	1.000000
GSE119526	4	SFMBT2+BEND5+UNC5C+GFRA1	20	0.981717	1.000000
GSE119526	4	SFMBT2+BEND5+RALYL+GFRA1	18	0.981014	1.000000
GSE119526	4	SFMBT2+UNC5C+RALYL+GFRA1	18	0.981415	0.994358
GSE119526	4	ADHFE1+HOXA2+BEND5+UNC5C	19	0.975053	0.995660
GSE119526	4	ADHFE1+HOXA2+BEND5+RALYL	17	0.975449	0.995660
GSE119526	4	ADHFE1+HOXA2+BEND5+GFRA1	21	0.976506	0.988281
GSE119526	4	ADHFE1+HOXA2+UNC5C+RALYL	17	0.976288	0.991753
GSE119526	4	ADHFE1+HOXA2+UNC5C+GFRA1	21	0.977257	0.995226
GSE119526	4	ADHFE1+HOXA2+RALYL+GFRA1	19	0.977186	0.995660
GSE119526	4	ADHFE1+BEND5+UNC5C+RALYL	15	0.978462	0.992622
GSE119526	4	ADHFE1+BEND5+UNC5C+GFRA1	19	0.980057	0.998264
GSE119526	4	ADHFE1+BEND5+RALYL+GFRA1	17	0.980766	0.999132
GSE119526	4	ADHFE1+UNC5C+RALYL+GFRA1	17	0.980376	0.995660
GSE119526	4	HOXA2+BEND5+UNC5C+RALYL	16	0.974687	0.994358
GSE119526	4	HOXA2+BEND5+UNC5C+GFRA1	20	0.975691	0.997830
GSE119526	4	HOXA2+BEND5+RALYL+GFRA1	18	0.975886	0.998264
GSE119526	4	HOXA2+UNC5C+RALYL+GFRA1	18	0.976134	0.993056
GSE119526	4	BEND5+UNC5C+RALYL+GFRA1	16	0.979590	0.999566
GSE119526	5	EYA4+ZNF568+ZNF793+SFMBT2+ADHFE1	34	0.982095	0.996528
GSE119526	5	EYA4+ZNF568+ZNF793+SFMBT2+HOXA2	35	0.976932	0.996962
GSE119526	5	EYA4+ZNF568+ZNF793+SFMBT2+BEND5	33	0.980252	0.998698
GSE119526	5	EYA4+ZNF568+ZNF793+SFMBT2+UNC5C	33	0.981108	0.996094
GSE119526	5	EYA4+ZNF568+ZNF793+SFMBT2+RALYL	31	0.980317	0.997830
GSE119526	5	EYA4+ZNF568+ZNF793+SFMBT2+GFRA1	35	0.981303	0.996094
GSE119526	5	EYA4+ZNF568+ZNF793+ADHFE1+HOXA2	34	0.977452	0.993924
GSE119526	5	EYA4+ZNF568+ZNF793+ADHFE1+BEND5	32	0.980689	0.997396
GSE119526	5	EYA4+ZNF568+ZNF793+ADHFE1+UNC5C	32	0.980819	0.995660
GSE119526	5	EYA4+ZNF568+ZNF793+ADHFE1+RALYL	30	0.981167	0.995660
GSE119526	5	EYA4+ZNF568+ZNF793+ADHFE1+GFRA1	34	0.981439	0.996962
GSE119526	5	EYA4+ZNF568+ZNF793+HOXA2+BEND5	33	0.975585	0.997396
GSE119526	5	EYA4+ZNF568+ZNF793+HOXA2+UNC5C	33	0.975709	0.993924
GSE119526	5	EYA4+ZNF568+ZNF793+HOXA2+RALYL	31	0.976371	0.993924
GSE119526	5	EYA4+ZNF568+ZNF793+HOXA2+GFRA1	35	0.977233	0.996528
GSE119526	5	EYA4+ZNF568+ZNF793+BEND5+UNC5C	31	0.976926	0.998264
GSE119526	5	EYA4+ZNF568+ZNF793+BEND5+RALYL	29	0.969707	0.997830
GSE119526	5	EYA4+ZNF568+ZNF793+BEND5+GFRA1	33	0.974197	0.996094
GSE119526	5	EYA4+ZNF568+ZNF793+UNC5C+RALYL	29	0.976725	0.995226
GSE119526	5	EYA4+ZNF568+ZNF793+UNC5C+GFRA1	33	0.979082	0.994792
GSE119526	5	EYA4+ZNF568+ZNF793+RALYL+GFRA1	31	0.973931	0.996094
GSE119526	5	EYA4+ZNF568+SFMBT2+ADHFE1+HOXA2	35	0.977794	0.996528
GSE119526	5	EYA4+ZNF568+SFMBT2+ADHFE1+BEND5	33	0.981244	0.997830
GSE119526	5	EYA4+ZNF568+SFMBT2+ADHFE1+UNC5C	33	0.981681	0.996962
GSE119526	5	EYA4+ZNF568+SFMBT2+ADHFE1+RALYL	31	0.981782	0.996528
GSE119526	5	EYA4+ZNF568+SFMBT2+ADHFE1+GFRA1	35	0.982366	0.997396
GSE119526	5	EYA4+ZNF568+SFMBT2+HOXA2+BEND5	34	0.976406	0.998264
GSE119526	5	EYA4+ZNF568+SFMBT2+HOXA2+UNC5C	34	0.976577	0.996528
GSE119526	5	EYA4+ZNF568+SFMBT2+HOXA2+RALYL	32	0.977109	0.996528
GSE119526	5	EYA4+ZNF568+SFMBT2+HOXA2+GFRA1	36	0.977924	0.997830
GSE119526	5	EYA4+ZNF568+SFMBT2+BEND5+UNC5C	32	0.980618	0.998698
GSE119526	5	EYA4+ZNF568+SFMBT2+BEND5+RALYL	30	0.979679	0.999132
GSE119526	5	EYA4+ZNF568+SFMBT2+BEND5+GFRA1	34	0.981108	0.999132
GSE119526	5	EYA4+ZNF568+SFMBT2+UNC5C+RALYL	30	0.980553	0.997396
GSE119526	5	EYA4+ZNF568+SFMBT2+UNC5C+GFRA1	34	0.981563	0.996094
GSE119526	5	EYA4+ZNF568+SFMBT2+RALYL+GFRA1	32	0.980842	0.997830
GSE119526	5	EYA4+ZNF568+ADHFE1+HOXA2+BEND5	33	0.976879	0.997830
GSE119526	5	EYA4+ZNF568+ADHFE1+HOXA2+UNC5C	33	0.976760	0.994358
GSE119526	5	EYA4+ZNF568+ADHFE1+HOXA2+RALYL	31	0.977322	0.995226
GSE119526	5	EYA4+ZNF568+ADHFE1+HOXA2+GFRA1	35	0.977912	0.997396
GSE119526	5	EYA4+ZNF568+ADHFE1+BEND5+UNC5C	31	0.980051	0.997396
GSE119526	5	EYA4+ZNF568+ADHFE1+BEND5+RALYL	29	0.980600	0.997830
GSE119526	5	EYA4+ZNF568+ADHFE1+BEND5+GFRA1	33	0.981321	0.997830
GSE119526	5	EYA4+ZNF568+ADHFE1+UNC5C+RALYL	29	0.980104	0.995660
GSE119526	5	EYA4+ZNF568+ADHFE1+UNC5C+GFRA1	33	0.981067	0.997396
GSE119526	5	EYA4+ZNF568+ADHFE1+RALYL+GFRA1	31	0.981232	0.996962
GSE119526	5	EYA4+ZNF568+HOXA2+BEND5+UNC5C	32	0.975301	0.996962
GSE119526	5	EYA4+ZNF568+HOXA2+BEND5+RALYL	30	0.975538	0.996962
GSE119526	5	EYA4+ZNF568+HOXA2+BEND5+GFRA1	34	0.976353	0.998264
GSE119526	5	EYA4+ZNF568+HOXA2+UNC5C+RALYL	30	0.975662	0.994792
GSE119526	5	EYA4+ZNF568+HOXA2+UNC5C+GFRA1	34	0.976642	0.996528
GSE119526	5	EYA4+ZNF568+HOXA2+RALYL+GFRA1	32	0.977221	0.996094
GSE119526	5	EYA4+ZNF568+BEND5+UNC5C+RALYL	28	0.976707	0.998264
GSE119526	5	EYA4+ZNF568+BEND5+UNC5C+GFRA1	32	0.978686	0.998264
GSE119526	5	EYA4+ZNF568+BEND5+RALYL+GFRA1	30	0.973440	0.990451
GSE119526	5	EYA4+ZNF568+UNC5C+RALYL+GFRA1	30	0.978822	0.996094
GSE119526	5	EYA4+ZNF793+SFMBT2+ADHFE1+HOXA2	34	0.977227	0.994792
GSE119526	5	EYA4+ZNF793+SFMBT2+ADHFE1+BEND5	32	0.981120	0.997396
GSE119526	5	EYA4+ZNF793+SFMBT2+ADHFE1+UNC5C	32	0.980659	0.996528
GSE119526	5	EYA4+ZNF793+SFMBT2+ADHFE1+RALYL	30	0.981445	0.996528
GSE119526	5	EYA4+ZNF793+SFMBT2+ADHFE1+GFRA1	34	0.981983	0.996528
GSE119526	5	EYA4+ZNF793+SFMBT2+HOXA2+BEND5	33	0.975715	0.998264
GSE119526	5	EYA4+ZNF793+SFMBT2+HOXA2+UNC5C	33	0.976347	0.996094
GSE119526	5	EYA4+ZNF793+SFMBT2+HOXA2+RALYL	31	0.976571	0.996962
GSE119526	5	EYA4+ZNF793+SFMBT2+HOXA2+GFRA1	35	0.977251	0.997396
GSE119526	5	EYA4+ZNF793+SFMBT2+BEND5+UNC5C	31	0.980092	0.997396
GSE119526	5	EYA4+ZNF793+SFMBT2+BEND5+RALYL	29	0.979218	0.998264
GSE119526	5	EYA4+ZNF793+SFMBT2+BEND5+GFRA1	33	0.980825	0.998264
GSE119526	5	EYA4+ZNF793+SFMBT2+UNC5C+RALYL	29	0.980529	0.988715
GSE119526	5	EYA4+ZNF793+SFMBT2+UNC5C+GFRA1	33	0.981575	0.982639
GSE119526	5	EYA4+ZNF793+SFMBT2+RALYL+GFRA1	31	0.980961	0.985677
GSE119526	5	EYA4+ZNF793+ADHFE1+HOXA2+BEND5	32	0.976329	0.996528
GSE119526	5	EYA4+ZNF793+ADHFE1+HOXA2+UNC5C	32	0.976589	0.994358
GSE119526	5	EYA4+ZNF793+ADHFE1+HOXA2+RALYL	30	0.976855	0.993924
GSE119526	5	EYA4+ZNF793+ADHFE1+HOXA2+GFRA1	34	0.977517	0.995226
GSE119526	5	EYA4+ZNF793+ADHFE1+BEND5+UNC5C	30	0.979253	0.996962
GSE119526	5	EYA4+ZNF793+ADHFE1+BEND5+RALYL	28	0.980187	0.997396
GSE119526	5	EYA4+ZNF793+ADHFE1+BEND5+GFRA1	32	0.981197	0.997396
GSE119526	5	EYA4+ZNF793+ADHFE1+UNC5C+RALYL	28	0.979578	0.994792
GSE119526	5	EYA4+ZNF793+ADHFE1+UNC5C+GFRA1	32	0.980712	0.994792
GSE119526	5	EYA4+ZNF793+ADHFE1+RALYL+GFRA1	30	0.981091	0.996528
GSE119526	5	EYA4+ZNF793+HOXA2+BEND5+UNC5C	31	0.974338	0.996528
GSE119526	5	EYA4+ZNF793+HOXA2+BEND5+RALYL	29	0.974462	0.996962
GSE119526	5	EYA4+ZNF793+HOXA2+BEND5+GFRA1	33	0.975874	0.998264
GSE119526	5	EYA4+ZNF793+HOXA2+UNC5C+RALYL	29	0.975591	0.993056
GSE119526	5	EYA4+ZNF793+HOXA2+UNC5C+GFRA1	33	0.976435	0.995226
GSE119526	5	EYA4+ZNF793+HOXA2+RALYL+GFRA1	31	0.976754	0.996528
GSE119526	5	EYA4+ZNF793+BEND5+UNC5C+RALYL	27	0.974220	0.997830
GSE119526	5	EYA4+ZNF793+BEND5+UNC5C+GFRA1	31	0.977688	0.997830
GSE119526	5	EYA4+ZNF793+BEND5+RALYL+GFRA1	29	0.971798	0.996094
GSE119526	5	EYA4+ZNF793+UNC5C+RALYL+GFRA1	29	0.978255	0.985677
GSE119526	5	EYA4+SFMBT2+ADHFE1+HOXA2+BEND5	33	0.976453	0.999132
GSE119526	5	EYA4+SFMBT2+ADHFE1+HOXA2+UNC5C	33	0.976719	0.995660
GSE119526	5	EYA4+SFMBT2+ADHFE1+HOXA2+RALYL	31	0.976997	0.996094
GSE119526	5	EYA4+SFMBT2+ADHFE1+HOXA2+GFRA1	35	0.977540	0.998264
GSE119526	5	EYA4+SFMBT2+ADHFE1+BEND5+UNC5C	31	0.980281	0.997396
GSE119526	5	EYA4+SFMBT2+ADHFE1+BEND5+RALYL	29	0.980913	0.997830
GSE119526	5	EYA4+SFMBT2+ADHFE1+BEND5+GFRA1	33	0.981386	0.997830
GSE119526	5	EYA4+SFMBT2+ADHFE1+UNC5C+RALYL	29	0.980411	0.996528
GSE119526	5	EYA4+SFMBT2+ADHFE1+UNC5C+GFRA1	33	0.981073	0.996094
GSE119526	5	EYA4+SFMBT2+ADHFE1+RALYL+GFRA1	31	0.981717	0.997396
GSE119526	5	EYA4+SFMBT2+HOXA2+BEND5+UNC5C	32	0.975396	0.998264
GSE119526	5	EYA4+SFMBT2+HOXA2+BEND5+RALYL	30	0.975756	0.998264
GSE119526	5	EYA4+SFMBT2+HOXA2+BEND5+GFRA1	34	0.976802	0.983941
GSE119526	5	EYA4+SFMBT2+HOXA2+UNC5C+RALYL	30	0.976069	0.996094
GSE119526	5	EYA4+SFMBT2+HOXA2+UNC5C+GFRA1	34	0.977091	0.983073
GSE119526	5	EYA4+SFMBT2+HOXA2+RALYL+GFRA1	32	0.977263	0.983507
GSE119526	5	EYA4+SFMBT2+BEND5+UNC5C+RALYL	28	0.979608	0.998698
GSE119526	5	EYA4+SFMBT2+BEND5+UNC5C+GFRA1	32	0.981244	0.998264
GSE119526	5	EYA4+SFMBT2+BEND5+RALYL+GFRA1	30	0.980606	0.998698
GSE119526	5	EYA4+SFMBT2+UNC5C+RALYL+GFRA1	30	0.980783	0.988281
GSE119526	5	EYA4+ADHFE1+HOXA2+BEND5+UNC5C	31	0.975579	0.996528
GSE119526	5	EYA4+ADHFE1+HOXA2+BEND5+RALYL	29	0.976010	0.996962
GSE119526	5	EYA4+ADHFE1+HOXA2+BEND5+GFRA1	33	0.976873	0.998264
GSE119526	5	EYA4+ADHFE1+HOXA2+UNC5C+RALYL	29	0.975939	0.994792
GSE119526	5	EYA4+ADHFE1+HOXA2+UNC5C+GFRA1	33	0.976772	0.995660
GSE119526	5	EYA4+ADHFE1+HOXA2+RALYL+GFRA1	31	0.977245	0.996094
GSE119526	5	EYA4+ADHFE1+BEND5+UNC5C+RALYL	27	0.979188	0.997396
GSE119526	5	EYA4+ADHFE1+BEND5+UNC5C+GFRA1	31	0.980417	0.997830
GSE119526	5	EYA4+ADHFE1+BEND5+RALYL+GFRA1	29	0.980925	0.997830
GSE119526	5	EYA4+ADHFE1+UNC5C+RALYL+GFRA1	29	0.980151	0.996528
GSE119526	5	EYA4+HOXA2+BEND5+UNC5C+RALYL	28	0.974835	0.996962
GSE119526	5	EYA4+HOXA2+BEND5+UNC5C+GFRA1	32	0.975526	0.997830
GSE119526	5	EYA4+HOXA2+BEND5+RALYL+GFRA1	30	0.975927	0.998264
GSE119526	5	EYA4+HOXA2+UNC5C+RALYL+GFRA1	30	0.975744	0.995660
GSE119526	5	EYA4+BEND5+UNC5C+RALYL+GFRA1	28	0.977847	0.998698
GSE119526	5	ZNF568+ZNF793+SFMBT2+ADHFE1+HOXA2	28	0.977180	0.994792
GSE119526	5	ZNF568+ZNF793+SFMBT2+ADHFE1+BEND5	26	0.980718	0.997830
GSE119526	5	ZNF568+ZNF793+SFMBT2+ADHFE1+UNC5C	26	0.980878	0.996094
GSE119526	5	ZNF568+ZNF793+SFMBT2+ADHFE1+RALYL	24	0.981368	0.996962
GSE119526	5	ZNF568+ZNF793+SFMBT2+ADHFE1+GFRA1	28	0.982390	0.997830
GSE119526	5	ZNF568+ZNF793+SFMBT2+HOXA2+BEND5	27	0.974888	0.998698
GSE119526	5	ZNF568+ZNF793+SFMBT2+HOXA2+UNC5C	27	0.975396	0.993924
GSE119526	5	ZNF568+ZNF793+SFMBT2+HOXA2+RALYL	25	0.975963	0.993056
GSE119526	5	ZNF568+ZNF793+SFMBT2+HOXA2+GFRA1	29	0.976849	0.997830
GSE119526	5	ZNF568+ZNF793+SFMBT2+BEND5+UNC5C	25	0.980517	0.999566
GSE119526	5	ZNF568+ZNF793+SFMBT2+BEND5+RALYL	23	0.979318	1.000000
GSE119526	5	ZNF568+ZNF793+SFMBT2+BEND5+GFRA1	27	0.981368	1.000000
GSE119526	5	ZNF568+ZNF793+SFMBT2+UNC5C+RALYL	23	0.980577	0.998698
GSE119526	5	ZNF568+ZNF793+SFMBT2+UNC5C+GFRA1	27	0.981161	0.998264
GSE119526	5	ZNF568+ZNF793+SFMBT2+RALYL+GFRA1	25	0.980943	0.999566
GSE119526	5	ZNF568+ZNF793+ADHFE1+HOXA2+BEND5	26	0.975904	0.996528
GSE119526	5	ZNF568+ZNF793+ADHFE1+HOXA2+UNC5C	26	0.976613	0.994358
GSE119526	5	ZNF568+ZNF793+ADHFE1+HOXA2+RALYL	24	0.976725	0.993490
GSE119526	5	ZNF568+ZNF793+ADHFE1+HOXA2+GFRA1	28	0.977416	0.995660
GSE119526	5	ZNF568+ZNF793+ADHFE1+BEND5+UNC5C	24	0.979324	0.993924
GSE119526	5	ZNF568+ZNF793+ADHFE1+BEND5+RALYL	22	0.979720	0.994792
GSE119526	5	ZNF568+ZNF793+ADHFE1+BEND5+GFRA1	26	0.980582	0.997830
GSE119526	5	ZNF568+ZNF793+ADHFE1+UNC5C+RALYL	22	0.980163	0.994358
GSE119526	5	ZNF568+ZNF793+ADHFE1+UNC5C+GFRA1	26	0.980860	0.995660
GSE119526	5	ZNF568+ZNF793+ADHFE1+RALYL+GFRA1	24	0.981220	0.995660
GSE119526	5	ZNF568+ZNF793+HOXA2+BEND5+UNC5C	25	0.974143	0.996094
GSE119526	5	ZNF568+ZNF793+HOXA2+BEND5+RALYL	23	0.974185	0.994792
GSE119526	5	ZNF568+ZNF793+HOXA2+BEND5+GFRA1	27	0.975526	0.997396
GSE119526	5	ZNF568+ZNF793+HOXA2+UNC5C+RALYL	23	0.974699	0.990451
GSE119526	5	ZNF568+ZNF793+HOXA2+UNC5C+GFRA1	27	0.976252	0.995660
GSE119526	5	ZNF568+ZNF793+HOXA2+RALYL+GFRA1	25	0.976648	0.993924
GSE119526	5	ZNF568+ZNF793+BEND5+UNC5C+RALYL	21	0.977729	0.999132
GSE119526	5	ZNF568+ZNF793+BEND5+UNC5C+GFRA1	25	0.979531	0.998698
GSE119526	5	ZNF568+ZNF793+BEND5+RALYL+GFRA1	23	0.977948	1.000000
GSE119526	5	ZNF568+ZNF793+UNC5C+RALYL+GFRA1	23	0.979147	0.997396
GSE119526	5	ZNF568+SFMBT2+ADHFE1+HOXA2+BEND5	27	0.976040	0.997830
GSE119526	5	ZNF568+SFMBT2+ADHFE1+HOXA2+UNC5C	27	0.977186	0.995660
GSE119526	5	ZNF568+SFMBT2+ADHFE1+HOXA2+RALYL	25	0.977150	0.994792
GSE119526	5	ZNF568+SFMBT2+ADHFE1+HOXA2+GFRA1	29	0.977989	0.996528
GSE119526	5	ZNF568+SFMBT2+ADHFE1+BEND5+UNC5C	25	0.980441	0.998264
GSE119526	5	ZNF568+SFMBT2+ADHFE1+BEND5+RALYL	23	0.980405	0.998264
GSE119526	5	ZNF568+SFMBT2+ADHFE1+BEND5+GFRA1	27	0.981563	0.998698
GSE119526	5	ZNF568+SFMBT2+ADHFE1+UNC5C+RALYL	23	0.980943	0.997396
GSE119526	5	ZNF568+SFMBT2+ADHFE1+UNC5C+GFRA1	27	0.981935	0.997396
GSE119526	5	ZNF568+SFMBT2+ADHFE1+RALYL+GFRA1	25	0.982248	0.998264
GSE119526	5	ZNF568+SFMBT2+HOXA2+BEND5+UNC5C	26	0.975148	0.998264
GSE119526	5	ZNF568+SFMBT2+HOXA2+BEND5+RALYL	24	0.975272	0.999132
GSE119526	5	ZNF568+SFMBT2+HOXA2+BEND5+GFRA1	28	0.976648	0.987413
GSE119526	5	ZNF568+SFMBT2+HOXA2+UNC5C+RALYL	24	0.976211	0.994358
GSE119526	5	ZNF568+SFMBT2+HOXA2+UNC5C+GFRA1	28	0.976873	0.996962
GSE119526	5	ZNF568+SFMBT2+HOXA2+RALYL+GFRA1	26	0.977286	0.997396
GSE119526	5	ZNF568+SFMBT2+BEND5+UNC5C+RALYL	22	0.980110	1.000000
GSE119526	5	ZNF568+SFMBT2+BEND5+UNC5C+GFRA1	26	0.981120	1.000000
GSE119526	5	ZNF568+SFMBT2+BEND5+RALYL+GFRA1	24	0.980494	1.000000
GSE119526	5	ZNF568+SFMBT2+UNC5C+RALYL+GFRA1	24	0.981427	0.999132
GSE119526	5	ZNF568+ADHFE1+HOXA2+BEND5+UNC5C	25	0.975620	0.996094
GSE119526	5	ZNF568+ADHFE1+HOXA2+BEND5+RALYL	23	0.975987	0.995660
GSE119526	5	ZNF568+ADHFE1+HOXA2+BEND5+GFRA1	27	0.976843	0.997396
GSE119526	5	ZNF568+ADHFE1+HOXA2+UNC5C+RALYL	23	0.976341	0.994792
GSE119526	5	ZNF568+ADHFE1+HOXA2+UNC5C+GFRA1	27	0.976825	0.995660
GSE119526	5	ZNF568+ADHFE1+HOXA2+RALYL+GFRA1	25	0.977617	0.995660
GSE119526	5	ZNF568+ADHFE1+BEND5+UNC5C+RALYL	21	0.979655	0.997396
GSE119526	5	ZNF568+ADHFE1+BEND5+UNC5C+GFRA1	25	0.980718	0.998698
GSE119526	5	ZNF568+ADHFE1+BEND5+RALYL+GFRA1	23	0.980831	0.998698
GSE119526	5	ZNF568+ADHFE1+UNC5C+RALYL+GFRA1	23	0.981020	0.996094
GSE119526	5	ZNF568+HOXA2+BEND5+UNC5C+RALYL	22	0.974716	0.996094
GSE119526	5	ZNF568+HOXA2+BEND5+UNC5C+GFRA1	26	0.975821	0.997830
GSE119526	5	ZNF568+HOXA2+BEND5+RALYL+GFRA1	24	0.976270	0.998264
GSE119526	5	ZNF568+HOXA2+UNC5C+RALYL+GFRA1	24	0.976010	0.994792
GSE119526	5	ZNF568+BEND5+UNC5C+RALYL+GFRA1	22	0.979253	0.999566
GSE119526	5	ZNF793+SFMBT2+ADHFE1+HOXA2+BEND5	26	0.975632	0.997396
GSE119526	5	ZNF793+SFMBT2+ADHFE1+HOXA2+UNC5C	26	0.976311	0.994358
GSE119526	5	ZNF793+SFMBT2+ADHFE1+HOXA2+RALYL	24	0.976217	0.993924
GSE119526	5	ZNF793+SFMBT2+ADHFE1+HOXA2+GFRA1	28	0.977257	0.996528
GSE119526	5	ZNF793+SFMBT2+ADHFE1+BEND5+UNC5C	24	0.979129	0.996962
GSE119526	5	ZNF793+SFMBT2+ADHFE1+BEND5+RALYL	22	0.979826	0.997830
GSE119526	5	ZNF793+SFMBT2+ADHFE1+BEND5+GFRA1	26	0.981581	0.998264
GSE119526	5	ZNF793+SFMBT2+ADHFE1+UNC5C+RALYL	22	0.979962	0.994792
GSE119526	5	ZNF793+SFMBT2+ADHFE1+UNC5C+GFRA1	26	0.981545	0.996962
GSE119526	5	ZNF793+SFMBT2+ADHFE1+RALYL+GFRA1	24	0.981929	0.996962
GSE119526	5	ZNF793+SFMBT2+HOXA2+BEND5+UNC5C	25	0.974403	0.997830
GSE119526	5	ZNF793+SFMBT2+HOXA2+BEND5+RALYL	23	0.974705	0.997396
GSE119526	5	ZNF793+SFMBT2+HOXA2+BEND5+GFRA1	27	0.975951	0.989149
GSE119526	5	ZNF793+SFMBT2+HOXA2+UNC5C+RALYL	23	0.976341	0.992622
GSE119526	5	ZNF793+SFMBT2+HOXA2+UNC5C+GFRA1	27	0.977097	0.996962
GSE119526	5	ZNF793+SFMBT2+HOXA2+RALYL+GFRA1	25	0.977097	0.996528
GSE119526	5	ZNF793+SFMBT2+BEND5+UNC5C+RALYL	21	0.979312	0.999566
GSE119526	5	ZNF793+SFMBT2+BEND5+UNC5C+GFRA1	25	0.981126	0.999132
GSE119526	5	ZNF793+SFMBT2+BEND5+RALYL+GFRA1	23	0.980275	1.000000
GSE119526	5	ZNF793+SFMBT2+UNC5C+RALYL+GFRA1	23	0.981138	0.993056
GSE119526	5	ZNF793+ADHFE1+HOXA2+BEND5+UNC5C	24	0.974894	0.995660
GSE119526	5	ZNF793+ADHFE1+HOXA2+BEND5+RALYL	22	0.975006	0.995660
GSE119526	5	ZNF793+ADHFE1+HOXA2+BEND5+GFRA1	26	0.976258	0.997396
GSE119526	5	ZNF793+ADHFE1+HOXA2+UNC5C+RALYL	22	0.975851	0.993056
GSE119526	5	ZNF793+ADHFE1+HOXA2+UNC5C+GFRA1	26	0.976524	0.995226
GSE119526	5	ZNF793+ADHFE1+HOXA2+RALYL+GFRA1	24	0.977073	0.995660
GSE119526	5	ZNF793+ADHFE1+BEND5+UNC5C+RALYL	20	0.977635	0.991319
GSE119526	5	ZNF793+ADHFE1+BEND5+UNC5C+GFRA1	24	0.979708	0.997396
GSE119526	5	ZNF793+ADHFE1+BEND5+RALYL+GFRA1	22	0.980293	0.997830
GSE119526	5	ZNF793+ADHFE1+UNC5C+RALYL+GFRA1	22	0.980659	0.994792
GSE119526	5	ZNF793+HOXA2+BEND5+UNC5C+RALYL	21	0.974138	0.994358
GSE119526	5	ZNF793+HOXA2+BEND5+UNC5C+GFRA1	25	0.975585	0.997396
GSE119526	5	ZNF793+HOXA2+BEND5+RALYL+GFRA1	23	0.975532	0.997396
GSE119526	5	ZNF793+HOXA2+UNC5C+RALYL+GFRA1	23	0.975927	0.993490
GSE119526	5	ZNF793+BEND5+UNC5C+RALYL+GFRA1	21	0.979041	0.999566
GSE119526	5	SFMBT2+ADHFE1+HOXA2+BEND5+UNC5C	25	0.975591	0.997830
GSE119526	5	SFMBT2+ADHFE1+HOXA2+BEND5+RALYL	23	0.975679	0.997830
GSE119526	5	SFMBT2+ADHFE1+HOXA2+BEND5+GFRA1	27	0.976772	0.986979
GSE119526	5	SFMBT2+ADHFE1+HOXA2+UNC5C+RALYL	23	0.976453	0.995226
GSE119526	5	SFMBT2+ADHFE1+HOXA2+UNC5C+GFRA1	27	0.977221	0.996962
GSE119526	5	SFMBT2+ADHFE1+HOXA2+RALYL+GFRA1	25	0.977392	0.996094
GSE119526	5	SFMBT2+ADHFE1+BEND5+UNC5C+RALYL	21	0.979448	0.998698
GSE119526	5	SFMBT2+ADHFE1+BEND5+UNC5C+GFRA1	25	0.981026	0.998698
GSE119526	5	SFMBT2+ADHFE1+BEND5+RALYL+GFRA1	23	0.981409	0.999132
GSE119526	5	SFMBT2+ADHFE1+UNC5C+RALYL+GFRA1	23	0.981043	0.997396
GSE119526	5	SFMBT2+HOXA2+BEND5+UNC5C+RALYL	22	0.975230	0.998264
GSE119526	5	SFMBT2+HOXA2+BEND5+UNC5C+GFRA1	26	0.976311	0.983507
GSE119526	5	SFMBT2+HOXA2+BEND5+RALYL+GFRA1	24	0.976530	0.984809
GSE119526	5	SFMBT2+HOXA2+UNC5C+RALYL+GFRA1	24	0.976979	0.991319
GSE119526	5	SFMBT2+BEND5+UNC5C+RALYL+GFRA1	22	0.981132	1.000000
GSE119526	5	ADHFE1+HOXA2+BEND5+UNC5C+RALYL	21	0.975360	0.996094
GSE119526	5	ADHFE1+HOXA2+BEND5+UNC5C+GFRA1	25	0.976565	0.997396
GSE119526	5	ADHFE1+HOXA2+BEND5+RALYL+GFRA1	23	0.976270	0.997396
GSE119526	5	ADHFE1+HOXA2+UNC5C+RALYL+GFRA1	23	0.977056	0.995226
GSE119526	5	ADHFE1+BEND5+UNC5C+RALYL+GFRA1	21	0.980222	0.999132
GSE119526	5	HOXA2+BEND5+UNC5C+RALYL+GFRA1	22	0.975668	0.997396
GSE119526	6	EYA4+ZNF568+ZNF793+SFMBT2+ADHFE1+HOXA2	40	0.977824	0.996094
GSE119526	6	EYA4+ZNF568+ZNF793+SFMBT2+ADHFE1+BEND5	38	0.981167	0.997830
GSE119526	6	EYA4+ZNF568+ZNF793+SFMBT2+ADHFE1+UNC5C	38	0.981374	0.996962
GSE119526	6	EYA4+ZNF568+ZNF793+SFMBT2+ADHFE1+RALYL	36	0.981569	0.996528
GSE119526	6	EYA4+ZNF568+ZNF793+SFMBT2+ADHFE1+GFRA1	40	0.982000	0.996962
GSE119526	6	EYA4+ZNF568+ZNF793+SFMBT2+HOXA2+BEND5	39	0.976276	0.998264
GSE119526	6	EYA4+ZNF568+ZNF793+SFMBT2+HOXA2+UNC5C	39	0.976441	0.996528
GSE119526	6	EYA4+ZNF568+ZNF793+SFMBT2+HOXA2+RALYL	37	0.976985	0.996962
GSE119526	6	EYA4+ZNF568+ZNF793+SFMBT2+HOXA2+GFRA1	41	0.977676	0.997396
GSE119526	6	EYA4+ZNF568+ZNF793+SFMBT2+BEND5+UNC5C	37	0.980429	0.998264
GSE119526	6	EYA4+ZNF568+ZNF793+SFMBT2+BEND5+RALYL	35	0.979336	0.998698
GSE119526	6	EYA4+ZNF568+ZNF793+SFMBT2+BEND5+GFRA1	39	0.980736	0.999132
GSE119526	6	EYA4+ZNF568+ZNF793+SFMBT2+UNC5C+RALYL	35	0.980594	0.996962
GSE119526	6	EYA4+ZNF568+ZNF793+SFMBT2+UNC5C+GFRA1	39	0.981480	0.995660
GSE119526	6	EYA4+ZNF568+ZNF793+SFMBT2+RALYL+GFRA1	37	0.980547	0.996962
GSE119526	6	EYA4+ZNF568+ZNF793+ADHFE1+HOXA2+BEND5	38	0.976884	0.997396
GSE119526	6	EYA4+ZNF568+ZNF793+ADHFE1+HOXA2+UNC5C	38	0.976926	0.994358
GSE119526	6	EYA4+ZNF568+ZNF793+ADHFE1+HOXA2+RALYL	36	0.977322	0.994792
GSE119526	6	EYA4+ZNF568+ZNF793+ADHFE1+HOXA2+GFRA1	40	0.977906	0.996528
GSE119526	6	EYA4+ZNF568+ZNF793+ADHFE1+BEND5+UNC5C	36	0.980057	0.997396
GSE119526	6	EYA4+ZNF568+ZNF793+ADHFE1+BEND5+RALYL	34	0.980382	0.997396
GSE119526	6	EYA4+ZNF568+ZNF793+ADHFE1+BEND5+GFRA1	38	0.981073	0.997396
GSE119526	6	EYA4+ZNF568+ZNF793+ADHFE1+UNC5C+RALYL	34	0.980582	0.995660
GSE119526	6	EYA4+ZNF568+ZNF793+ADHFE1+UNC5C+GFRA1	38	0.981014	0.996528
GSE119526	6	EYA4+ZNF568+ZNF793+ADHFE1+RALYL+GFRA1	36	0.981356	0.996528
GSE119526	6	EYA4+ZNF568+ZNF793+HOXA2+BEND5+UNC5C	37	0.974941	0.996962
GSE119526	6	EYA4+ZNF568+ZNF793+HOXA2+BEND5+RALYL	35	0.975272	0.996962
GSE119526	6	EYA4+ZNF568+ZNF793+HOXA2+BEND5+GFRA1	39	0.976489	0.997830
GSE119526	6	EYA4+ZNF568+ZNF793+HOXA2+UNC5C+RALYL	35	0.975774	0.993924
GSE119526	6	EYA4+ZNF568+ZNF793+HOXA2+UNC5C+GFRA1	39	0.976554	0.995660
GSE119526	6	EYA4+ZNF568+ZNF793+HOXA2+RALYL+GFRA1	37	0.977103	0.996094
GSE119526	6	EYA4+ZNF568+ZNF793+BEND5+UNC5C+RALYL	33	0.976022	0.998264
GSE119526	6	EYA4+ZNF568+ZNF793+BEND5+UNC5C+GFRA1	37	0.978290	0.998698
GSE119526	6	EYA4+ZNF568+ZNF793+BEND5+RALYL+GFRA1	35	0.973074	0.990017
GSE119526	6	EYA4+ZNF568+ZNF793+UNC5C+RALYL+GFRA1	35	0.978527	0.995226
GSE119526	6	EYA4+ZNF568+SFMBT2+ADHFE1+HOXA2+BEND5	39	0.977032	0.999132
GSE119526	6	EYA4+ZNF568+SFMBT2+ADHFE1+HOXA2+UNC5C	39	0.977245	0.996962
GSE119526	6	EYA4+ZNF568+SFMBT2+ADHFE1+HOXA2+RALYL	37	0.977800	0.996962
GSE119526	6	EYA4+ZNF568+SFMBT2+ADHFE1+HOXA2+GFRA1	41	0.978261	0.998264
GSE119526	6	EYA4+ZNF568+SFMBT2+ADHFE1+BEND5+UNC5C	37	0.980600	0.997830
GSE119526	6	EYA4+ZNF568+SFMBT2+ADHFE1+BEND5+RALYL	35	0.980795	0.997830
GSE119526	6	EYA4+ZNF568+SFMBT2+ADHFE1+BEND5+GFRA1	39	0.981587	0.998264
GSE119526	6	EYA4+ZNF568+SFMBT2+ADHFE1+UNC5C+RALYL	35	0.981280	0.997396
GSE119526	6	EYA4+ZNF568+SFMBT2+ADHFE1+UNC5C+GFRA1	39	0.981888	0.996962
GSE119526	6	EYA4+ZNF568+SFMBT2+ADHFE1+RALYL+GFRA1	37	0.982030	0.997396
GSE119526	6	EYA4+ZNF568+SFMBT2+HOXA2+BEND5+UNC5C	38	0.975744	0.998264
GSE119526	6	EYA4+ZNF568+SFMBT2+HOXA2+BEND5+RALYL	36	0.976441	0.998264
GSE119526	6	EYA4+ZNF568+SFMBT2+HOXA2+BEND5+GFRA1	40	0.977268	0.998264
GSE119526	6	EYA4+ZNF568+SFMBT2+HOXA2+UNC5C+RALYL	36	0.976447	0.996528
GSE119526	6	EYA4+ZNF568+SFMBT2+HOXA2+UNC5C+GFRA1	40	0.977257	0.996962
GSE119526	6	EYA4+ZNF568+SFMBT2+HOXA2+RALYL+GFRA1	38	0.977918	0.997396
GSE119526	6	EYA4+ZNF568+SFMBT2+BEND5+UNC5C+RALYL	34	0.979956	0.999132
GSE119526	6	EYA4+ZNF568+SFMBT2+BEND5+UNC5C+GFRA1	38	0.980878	0.999566
GSE119526	6	EYA4+ZNF568+SFMBT2+BEND5+RALYL+GFRA1	36	0.980163	0.999566
GSE119526	6	EYA4+ZNF568+SFMBT2+UNC5C+RALYL+GFRA1	36	0.981126	0.996962
GSE119526	6	EYA4+ZNF568+ADHFE1+HOXA2+BEND5+UNC5C	37	0.976140	0.997396
GSE119526	6	EYA4+ZNF568+ADHFE1+HOXA2+BEND5+RALYL	35	0.976760	0.997396
GSE119526	6	EYA4+ZNF568+ADHFE1+HOXA2+BEND5+GFRA1	39	0.977310	0.998264
GSE119526	6	EYA4+ZNF568+ADHFE1+HOXA2+UNC5C+RALYL	35	0.976489	0.995226
GSE119526	6	EYA4+ZNF568+ADHFE1+HOXA2+UNC5C+GFRA1	39	0.977404	0.996962
GSE119526	6	EYA4+ZNF568+ADHFE1+HOXA2+RALYL+GFRA1	37	0.977800	0.996962
GSE119526	6	EYA4+ZNF568+ADHFE1+BEND5+UNC5C+RALYL	33	0.979891	0.997396
GSE119526	6	EYA4+ZNF568+ADHFE1+BEND5+UNC5C+GFRA1	37	0.980724	0.998264
GSE119526	6	EYA4+ZNF568+ADHFE1+BEND5+RALYL+GFRA1	35	0.981096	0.997830
GSE119526	6	EYA4+ZNF568+ADHFE1+UNC5C+RALYL+GFRA1	35	0.980772	0.997396
GSE119526	6	EYA4+ZNF568+HOXA2+BEND5+UNC5C+RALYL	34	0.975301	0.996962
GSE119526	6	EYA4+ZNF568+HOXA2+BEND5+UNC5C+GFRA1	38	0.976022	0.997396
GSE119526	6	EYA4+ZNF568+HOXA2+BEND5+RALYL+GFRA1	36	0.976347	0.997830
GSE119526	6	EYA4+ZNF568+HOXA2+UNC5C+RALYL+GFRA1	36	0.976530	0.996094
GSE119526	6	EYA4+ZNF568+BEND5+UNC5C+RALYL+GFRA1	34	0.978030	0.998698
GSE119526	6	EYA4+ZNF793+SFMBT2+ADHFE1+HOXA2+BEND5	38	0.976518	0.999132
GSE119526	6	EYA4+ZNF793+SFMBT2+ADHFE1+HOXA2+UNC5C	38	0.976814	0.995226
GSE119526	6	EYA4+ZNF793+SFMBT2+ADHFE1+HOXA2+RALYL	36	0.977068	0.995660
GSE119526	6	EYA4+ZNF793+SFMBT2+ADHFE1+HOXA2+GFRA1	40	0.977481	0.997396
GSE119526	6	EYA4+ZNF793+SFMBT2+ADHFE1+BEND5+UNC5C	36	0.979998	0.997396
GSE119526	6	EYA4+ZNF793+SFMBT2+ADHFE1+BEND5+RALYL	34	0.980783	0.997396
GSE119526	6	EYA4+ZNF793+SFMBT2+ADHFE1+BEND5+GFRA1	38	0.981297	0.997396
GSE119526	6	EYA4+ZNF793+SFMBT2+ADHFE1+UNC5C+RALYL	34	0.980612	0.996528
GSE119526	6	EYA4+ZNF793+SFMBT2+ADHFE1+UNC5C+GFRA1	38	0.981085	0.995660
GSE119526	6	EYA4+ZNF793+SFMBT2+ADHFE1+RALYL+GFRA1	36	0.981841	0.996962
GSE119526	6	EYA4+ZNF793+SFMBT2+HOXA2+BEND5+UNC5C	37	0.975526	0.998264
GSE119526	6	EYA4+ZNF793+SFMBT2+HOXA2+BEND5+RALYL	35	0.975780	0.998264
GSE119526	6	EYA4+ZNF793+SFMBT2+HOXA2+BEND5+GFRA1	39	0.976695	0.998264
GSE119526	6	EYA4+ZNF793+SFMBT2+HOXA2+UNC5C+RALYL	35	0.976382	0.996094
GSE119526	6	EYA4+ZNF793+SFMBT2+HOXA2+UNC5C+GFRA1	39	0.977162	0.996962
GSE119526	6	EYA4+ZNF793+SFMBT2+HOXA2+RALYL+GFRA1	37	0.977304	0.996962
GSE119526	6	EYA4+ZNF793+SFMBT2+BEND5+UNC5C+RALYL	33	0.979448	0.997830
GSE119526	6	EYA4+ZNF793+SFMBT2+BEND5+UNC5C+GFRA1	37	0.981067	0.996528
GSE119526	6	EYA4+ZNF793+SFMBT2+BEND5+RALYL+GFRA1	35	0.980086	0.997830
GSE119526	6	EYA4+ZNF793+SFMBT2+UNC5C+RALYL+GFRA1	35	0.980990	0.986111
GSE119526	6	EYA4+ZNF793+ADHFE1+HOXA2+BEND5+UNC5C	36	0.975904	0.995660
GSE119526	6	EYA4+ZNF793+ADHFE1+HOXA2+BEND5+RALYL	34	0.976229	0.996528
GSE119526	6	EYA4+ZNF793+ADHFE1+HOXA2+BEND5+GFRA1	38	0.976973	0.997830
GSE119526	6	EYA4+ZNF793+ADHFE1+HOXA2+UNC5C+RALYL	34	0.976459	0.993924
GSE119526	6	EYA4+ZNF793+ADHFE1+HOXA2+UNC5C+GFRA1	38	0.976843	0.995660
GSE119526	6	EYA4+ZNF793+ADHFE1+HOXA2+RALYL+GFRA1	36	0.977192	0.995660
GSE119526	6	EYA4+ZNF793+ADHFE1+BEND5+UNC5C+RALYL	32	0.979383	0.996962
GSE119526	6	EYA4+ZNF793+ADHFE1+BEND5+UNC5C+GFRA1	36	0.980393	0.997830
GSE119526	6	EYA4+ZNF793+ADHFE1+BEND5+RALYL+GFRA1	34	0.980872	0.997396
GSE119526	6	EYA4+ZNF793+ADHFE1+UNC5C+RALYL+GFRA1	34	0.980506	0.996528
GSE119526	6	EYA4+ZNF793+HOXA2+BEND5+UNC5C+RALYL	33	0.974693	0.996962
GSE119526	6	EYA4+ZNF793+HOXA2+BEND5+UNC5C+GFRA1	37	0.975384	0.996962
GSE119526	6	EYA4+ZNF793+HOXA2+BEND5+RALYL+GFRA1	35	0.975809	0.997396
GSE119526	6	EYA4+ZNF793+HOXA2+UNC5C+RALYL+GFRA1	35	0.976613	0.995226
GSE119526	6	EYA4+ZNF793+BEND5+UNC5C+RALYL+GFRA1	33	0.977103	0.998264
GSE119526	6	EYA4+SFMBT2+ADHFE1+HOXA2+BEND5+UNC5C	37	0.975886	0.999132
GSE119526	6	EYA4+SFMBT2+ADHFE1+HOXA2+BEND5+RALYL	35	0.976252	0.999132
GSE119526	6	EYA4+SFMBT2+ADHFE1+HOXA2+BEND5+GFRA1	39	0.977056	0.999132
GSE119526	6	EYA4+SFMBT2+ADHFE1+HOXA2+UNC5C+RALYL	35	0.976430	0.996094
GSE119526	6	EYA4+SFMBT2+ADHFE1+HOXA2+UNC5C+GFRA1	39	0.976997	0.996962
GSE119526	6	EYA4+SFMBT2+ADHFE1+HOXA2+RALYL+GFRA1	37	0.977475	0.997396
GSE119526	6	EYA4+SFMBT2+ADHFE1+BEND5+UNC5C+RALYL	33	0.980092	0.997396
GSE119526	6	EYA4+SFMBT2+ADHFE1+BEND5+UNC5C+GFRA1	37	0.980842	0.997830
GSE119526	6	EYA4+SFMBT2+ADHFE1+BEND5+RALYL+GFRA1	35	0.981415	0.998264
GSE119526	6	EYA4+SFMBT2+ADHFE1+UNC5C+RALYL+GFRA1	35	0.980966	0.996962
GSE119526	6	EYA4+SFMBT2+HOXA2+BEND5+UNC5C+RALYL	34	0.975047	0.998264
GSE119526	6	EYA4+SFMBT2+HOXA2+BEND5+UNC5C+GFRA1	38	0.976571	0.983507
GSE119526	6	EYA4+SFMBT2+HOXA2+BEND5+RALYL+GFRA1	36	0.976831	0.998264
GSE119526	6	EYA4+SFMBT2+HOXA2+UNC5C+RALYL+GFRA1	36	0.976926	0.986545
GSE119526	6	EYA4+SFMBT2+BEND5+UNC5C+RALYL+GFRA1	34	0.980523	0.998698
GSE119526	6	EYA4+ADHFE1+HOXA2+BEND5+UNC5C+RALYL	33	0.975549	0.996962
GSE119526	6	EYA4+ADHFE1+HOXA2+BEND5+UNC5C+GFRA1	37	0.976424	0.997830
GSE119526	6	EYA4+ADHFE1+HOXA2+BEND5+RALYL+GFRA1	35	0.976825	0.998698
GSE119526	6	EYA4+ADHFE1+HOXA2+UNC5C+RALYL+GFRA1	35	0.976453	0.996094
GSE119526	6	EYA4+ADHFE1+BEND5+UNC5C+RALYL+GFRA1	33	0.980293	0.998264
GSE119526	6	EYA4+HOXA2+BEND5+UNC5C+RALYL+GFRA1	34	0.975662	0.997396
GSE119526	6	ZNF568+ZNF793+SFMBT2+ADHFE1+HOXA2+BEND5	32	0.975945	0.997396
GSE119526	6	ZNF568+ZNF793+SFMBT2+ADHFE1+HOXA2+UNC5C	32	0.976831	0.995226
GSE119526	6	ZNF568+ZNF793+SFMBT2+ADHFE1+HOXA2+RALYL	30	0.976944	0.995226
GSE119526	6	ZNF568+ZNF793+SFMBT2+ADHFE1+HOXA2+GFRA1	34	0.977558	0.996962
GSE119526	6	ZNF568+ZNF793+SFMBT2+ADHFE1+BEND5+UNC5C	30	0.980222	0.997830
GSE119526	6	ZNF568+ZNF793+SFMBT2+ADHFE1+BEND5+RALYL	28	0.980393	0.997830
GSE119526	6	ZNF568+ZNF793+SFMBT2+ADHFE1+BEND5+GFRA1	32	0.981356	0.998264
GSE119526	6	ZNF568+ZNF793+SFMBT2+ADHFE1+UNC5C+RALYL	28	0.980825	0.996528
GSE119526	6	ZNF568+ZNF793+SFMBT2+ADHFE1+UNC5C+GFRA1	32	0.981953	0.996962
GSE119526	6	ZNF568+ZNF793+SFMBT2+ADHFE1+RALYL+GFRA1	30	0.982095	0.996962
GSE119526	6	ZNF568+ZNF793+SFMBT2+HOXA2+BEND5+UNC5C	31	0.974970	0.997830
GSE119526	6	ZNF568+ZNF793+SFMBT2+HOXA2+BEND5+RALYL	29	0.974905	0.998264
GSE119526	6	ZNF568+ZNF793+SFMBT2+HOXA2+BEND5+GFRA1	33	0.975892	0.998698
GSE119526	6	ZNF568+ZNF793+SFMBT2+HOXA2+UNC5C+RALYL	29	0.975939	0.994792
GSE119526	6	ZNF568+ZNF793+SFMBT2+HOXA2+UNC5C+GFRA1	33	0.976477	0.997396
GSE119526	6	ZNF568+ZNF793+SFMBT2+HOXA2+RALYL+GFRA1	31	0.977109	0.997396
GSE119526	6	ZNF568+ZNF793+SFMBT2+BEND5+UNC5C+RALYL	27	0.979915	1.000000
GSE119526	6	ZNF568+ZNF793+SFMBT2+BEND5+UNC5C+GFRA1	31	0.980901	0.999566
GSE119526	6	ZNF568+ZNF793+SFMBT2+BEND5+RALYL+GFRA1	29	0.980210	1.000000
GSE119526	6	ZNF568+ZNF793+SFMBT2+UNC5C+RALYL+GFRA1	29	0.981226	0.999132
GSE119526	6	ZNF568+ZNF793+ADHFE1+HOXA2+BEND5+UNC5C	30	0.975591	0.996094
GSE119526	6	ZNF568+ZNF793+ADHFE1+HOXA2+BEND5+RALYL	28	0.976022	0.995660
GSE119526	6	ZNF568+ZNF793+ADHFE1+HOXA2+BEND5+GFRA1	32	0.976435	0.997396
GSE119526	6	ZNF568+ZNF793+ADHFE1+HOXA2+UNC5C+RALYL	28	0.976335	0.994792
GSE119526	6	ZNF568+ZNF793+ADHFE1+HOXA2+UNC5C+GFRA1	32	0.976790	0.995660
GSE119526	6	ZNF568+ZNF793+ADHFE1+HOXA2+RALYL+GFRA1	30	0.977416	0.995660
GSE119526	6	ZNF568+ZNF793+ADHFE1+BEND5+UNC5C+RALYL	26	0.979460	0.996962
GSE119526	6	ZNF568+ZNF793+ADHFE1+BEND5+UNC5C+GFRA1	30	0.980441	0.998264
GSE119526	6	ZNF568+ZNF793+ADHFE1+BEND5+RALYL+GFRA1	28	0.980435	0.997830
GSE119526	6	ZNF568+ZNF793+ADHFE1+UNC5C+RALYL+GFRA1	28	0.981055	0.995660
GSE119526	6	ZNF568+ZNF793+HOXA2+BEND5+UNC5C+RALYL	27	0.974321	0.996528
GSE119526	6	ZNF568+ZNF793+HOXA2+BEND5+UNC5C+GFRA1	31	0.975195	0.997830
GSE119526	6	ZNF568+ZNF793+HOXA2+BEND5+RALYL+GFRA1	29	0.975366	0.997830
GSE119526	6	ZNF568+ZNF793+HOXA2+UNC5C+RALYL+GFRA1	29	0.975975	0.995660
GSE119526	6	ZNF568+ZNF793+BEND5+UNC5C+RALYL+GFRA1	27	0.978952	0.999566
GSE119526	6	ZNF568+SFMBT2+ADHFE1+HOXA2+BEND5+UNC5C	31	0.975626	0.998264
GSE119526	6	ZNF568+SFMBT2+ADHFE1+HOXA2+BEND5+RALYL	29	0.976010	0.998264
GSE119526	6	ZNF568+SFMBT2+ADHFE1+HOXA2+BEND5+GFRA1	33	0.977115	0.999132
GSE119526	6	ZNF568+SFMBT2+ADHFE1+HOXA2+UNC5C+RALYL	29	0.976873	0.995660
GSE119526	6	ZNF568+SFMBT2+ADHFE1+HOXA2+UNC5C+GFRA1	33	0.977381	0.996528
GSE119526	6	ZNF568+SFMBT2+ADHFE1+HOXA2+RALYL+GFRA1	31	0.977954	0.996528
GSE119526	6	ZNF568+SFMBT2+ADHFE1+BEND5+UNC5C+RALYL	27	0.980151	0.998698
GSE119526	6	ZNF568+SFMBT2+ADHFE1+BEND5+UNC5C+GFRA1	31	0.981138	0.999132
GSE119526	6	ZNF568+SFMBT2+ADHFE1+BEND5+RALYL+GFRA1	29	0.981303	0.998698
GSE119526	6	ZNF568+SFMBT2+ADHFE1+UNC5C+RALYL+GFRA1	29	0.981652	0.998264
GSE119526	6	ZNF568+SFMBT2+HOXA2+BEND5+UNC5C+RALYL	28	0.975295	0.998264
GSE119526	6	ZNF568+SFMBT2+HOXA2+BEND5+UNC5C+GFRA1	32	0.976465	0.988281
GSE119526	6	ZNF568+SFMBT2+HOXA2+BEND5+RALYL+GFRA1	30	0.976814	0.999132
GSE119526	6	ZNF568+SFMBT2+HOXA2+UNC5C+RALYL+GFRA1	30	0.977103	0.996528
GSE119526	6	ZNF568+SFMBT2+BEND5+UNC5C+RALYL+GFRA1	28	0.980517	1.000000
GSE119526	6	ZNF568+ADHFE1+HOXA2+BEND5+UNC5C+RALYL	27	0.975673	0.996094
GSE119526	6	ZNF568+ADHFE1+HOXA2+BEND5+UNC5C+GFRA1	31	0.976731	0.997830
GSE119526	6	ZNF568+ADHFE1+HOXA2+BEND5+RALYL+GFRA1	29	0.976737	0.997396
GSE119526	6	ZNF568+ADHFE1+HOXA2+UNC5C+RALYL+GFRA1	29	0.977286	0.995660
GSE119526	6	ZNF568+ADHFE1+BEND5+UNC5C+RALYL+GFRA1	27	0.980376	0.998698
GSE119526	6	ZNF568+HOXA2+BEND5+UNC5C+RALYL+GFRA1	28	0.975786	0.997830
GSE119526	6	ZNF793+SFMBT2+ADHFE1+HOXA2+BEND5+UNC5C	30	0.975284	0.997830
GSE119526	6	ZNF793+SFMBT2+ADHFE1+HOXA2+BEND5+RALYL	28	0.975608	0.998264
GSE119526	6	ZNF793+SFMBT2+ADHFE1+HOXA2+BEND5+GFRA1	32	0.976548	0.999132
GSE119526	6	ZNF793+SFMBT2+ADHFE1+HOXA2+UNC5C+RALYL	28	0.976063	0.995660
GSE119526	6	ZNF793+SFMBT2+ADHFE1+HOXA2+UNC5C+GFRA1	32	0.976985	0.996528
GSE119526	6	ZNF793+SFMBT2+ADHFE1+HOXA2+RALYL+GFRA1	30	0.977375	0.996528
GSE119526	6	ZNF793+SFMBT2+ADHFE1+BEND5+UNC5C+RALYL	26	0.979395	0.997830
GSE119526	6	ZNF793+SFMBT2+ADHFE1+BEND5+UNC5C+GFRA1	30	0.980984	0.998264
GSE119526	6	ZNF793+SFMBT2+ADHFE1+BEND5+RALYL+GFRA1	28	0.981285	0.998698
GSE119526	6	ZNF793+SFMBT2+ADHFE1+UNC5C+RALYL+GFRA1	28	0.981031	0.996962
GSE119526	6	ZNF793+SFMBT2+HOXA2+BEND5+UNC5C+RALYL	27	0.974823	0.998264
GSE119526	6	ZNF793+SFMBT2+HOXA2+BEND5+UNC5C+GFRA1	31	0.975786	0.998264
GSE119526	6	ZNF793+SFMBT2+HOXA2+BEND5+RALYL+GFRA1	29	0.975963	0.998698
GSE119526	6	ZNF793+SFMBT2+HOXA2+UNC5C+RALYL+GFRA1	29	0.976884	0.996962
GSE119526	6	ZNF793+SFMBT2+BEND5+UNC5C+RALYL+GFRA1	27	0.980163	0.999566
GSE119526	6	ZNF793+ADHFE1+HOXA2+BEND5+UNC5C+RALYL	26	0.974988	0.995660
GSE119526	6	ZNF793+ADHFE1+HOXA2+BEND5+UNC5C+GFRA1	30	0.976199	0.997396
GSE119526	6	ZNF793+ADHFE1+HOXA2+BEND5+RALYL+GFRA1	28	0.976170	0.997396
GSE119526	6	ZNF793+ADHFE1+HOXA2+UNC5C+RALYL+GFRA1	28	0.976879	0.995226
GSE119526	6	ZNF793+ADHFE1+BEND5+UNC5C+RALYL+GFRA1	26	0.979720	0.997830
GSE119526	6	ZNF793+HOXA2+BEND5+UNC5C+RALYL+GFRA1	27	0.975095	0.997396
GSE119526	6	SFMBT2+ADHFE1+HOXA2+BEND5+UNC5C+RALYL	27	0.975567	0.997396
GSE119526	6	SFMBT2+ADHFE1+HOXA2+BEND5+UNC5C+GFRA1	31	0.976719	0.999132
GSE119526	6	SFMBT2+ADHFE1+HOXA2+BEND5+RALYL+GFRA1	29	0.976914	0.999132
GSE119526	6	SFMBT2+ADHFE1+HOXA2+UNC5C+RALYL+GFRA1	29	0.977032	0.996094
GSE119526	6	SFMBT2+ADHFE1+BEND5+UNC5C+RALYL+GFRA1	27	0.980949	0.998698
GSE119526	6	SFMBT2+HOXA2+BEND5+UNC5C+RALYL+GFRA1	28	0.976430	0.998264
GSE119526	6	ADHFE1+HOXA2+BEND5+UNC5C+RALYL+GFRA1	27	0.976489	0.997396
GSE119526	7	EYA4+ZNF568+ZNF793+SFMBT2+ADHFE1+HOXA2+BEND5	44	0.977115	0.999132
GSE119526	7	EYA4+ZNF568+ZNF793+SFMBT2+ADHFE1+HOXA2+UNC5C	44	0.977133	0.996094
GSE119526	7	EYA4+ZNF568+ZNF793+SFMBT2+ADHFE1+HOXA2+RALYL	42	0.977735	0.996528
GSE119526	7	EYA4+ZNF568+ZNF793+SFMBT2+ADHFE1+HOXA2+GFRA1	46	0.978137	0.997830
GSE119526	7	EYA4+ZNF568+ZNF793+SFMBT2+ADHFE1+BEND5+UNC5C	42	0.980523	0.997396
GSE119526	7	EYA4+ZNF568+ZNF793+SFMBT2+ADHFE1+BEND5+RALYL	40	0.980866	0.997830
GSE119526	7	EYA4+ZNF568+ZNF793+SFMBT2+ADHFE1+BEND5+GFRA1	44	0.981374	0.997830
GSE119526	7	EYA4+ZNF568+ZNF793+SFMBT2+ADHFE1+UNC5C+RALYL	40	0.981049	0.996962
GSE119526	7	EYA4+ZNF568+ZNF793+SFMBT2+ADHFE1+UNC5C+GFRA1	44	0.981569	0.996962
GSE119526	7	EYA4+ZNF568+ZNF793+SFMBT2+ADHFE1+RALYL+GFRA1	42	0.981841	0.996962
GSE119526	7	EYA4+ZNF568+ZNF793+SFMBT2+HOXA2+BEND5+UNC5C	43	0.975987	0.998264
GSE119526	7	EYA4+ZNF568+ZNF793+SFMBT2+HOXA2+BEND5+RALYL	41	0.976418	0.998264
GSE119526	7	EYA4+ZNF568+ZNF793+SFMBT2+HOXA2+BEND5+GFRA1	45	0.977020	0.998264
GSE119526	7	EYA4+ZNF568+ZNF793+SFMBT2+HOXA2+UNC5C+RALYL	41	0.976412	0.996528
GSE119526	7	EYA4+ZNF568+ZNF793+SFMBT2+HOXA2+UNC5C+GFRA1	45	0.977227	0.996962
GSE119526	7	EYA4+ZNF568+ZNF793+SFMBT2+HOXA2+RALYL+GFRA1	43	0.977670	0.997396
GSE119526	7	EYA4+ZNF568+ZNF793+SFMBT2+BEND5+UNC5C+RALYL	39	0.979844	0.998264
GSE119526	7	EYA4+ZNF568+ZNF793+SFMBT2+BEND5+UNC5C+GFRA1	43	0.980707	0.998264
GSE119526	7	EYA4+ZNF568+ZNF793+SFMBT2+BEND5+RALYL+GFRA1	41	0.980063	0.999132
GSE119526	7	EYA4+ZNF568+ZNF793+SFMBT2+UNC5C+RALYL+GFRA1	41	0.980901	0.996528
GSE119526	7	EYA4+ZNF568+ZNF793+ADHFE1+HOXA2+BEND5+UNC5C	42	0.976406	0.996962
GSE119526	7	EYA4+ZNF568+ZNF793+ADHFE1+HOXA2+BEND5+RALYL	40	0.976861	0.996962
GSE119526	7	EYA4+ZNF568+ZNF793+ADHFE1+HOXA2+BEND5+GFRA1	44	0.977263	0.998264
GSE119526	7	EYA4+ZNF568+ZNF793+ADHFE1+HOXA2+UNC5C+RALYL	40	0.976595	0.994358
GSE119526	7	EYA4+ZNF568+ZNF793+ADHFE1+HOXA2+UNC5C+GFRA1	44	0.977345	0.996528
GSE119526	7	EYA4+ZNF568+ZNF793+ADHFE1+HOXA2+RALYL+GFRA1	42	0.977670	0.996962
GSE119526	7	EYA4+ZNF568+ZNF793+ADHFE1+BEND5+UNC5C+RALYL	38	0.979915	0.997396
GSE119526	7	EYA4+ZNF568+ZNF793+ADHFE1+BEND5+UNC5C+GFRA1	42	0.980494	0.997830
GSE119526	7	EYA4+ZNF568+ZNF793+ADHFE1+BEND5+RALYL+GFRA1	40	0.980943	0.997396
GSE119526	7	EYA4+ZNF568+ZNF793+ADHFE1+UNC5C+RALYL+GFRA1	40	0.980872	0.996528
GSE119526	7	EYA4+ZNF568+ZNF793+HOXA2+BEND5+UNC5C+RALYL	39	0.975024	0.996962
GSE119526	7	EYA4+ZNF568+ZNF793+HOXA2+BEND5+UNC5C+GFRA1	43	0.975892	0.997396
GSE119526	7	EYA4+ZNF568+ZNF793+HOXA2+BEND5+RALYL+GFRA1	41	0.976176	0.997396
GSE119526	7	EYA4+ZNF568+ZNF793+HOXA2+UNC5C+RALYL+GFRA1	41	0.976335	0.996094
GSE119526	7	EYA4+ZNF568+ZNF793+BEND5+UNC5C+RALYL+GFRA1	39	0.977723	0.998264
GSE119526	7	EYA4+ZNF568+SFMBT2+ADHFE1+HOXA2+BEND5+UNC5C	43	0.976258	0.999132
GSE119526	7	EYA4+ZNF568+SFMBT2+ADHFE1+HOXA2+BEND5+RALYL	41	0.977073	0.999132
GSE119526	7	EYA4+ZNF568+SFMBT2+ADHFE1+HOXA2+BEND5+GFRA1	45	0.977717	0.999132
GSE119526	7	EYA4+ZNF568+SFMBT2+ADHFE1+HOXA2+UNC5C+RALYL	41	0.977032	0.996962
GSE119526	7	EYA4+ZNF568+SFMBT2+ADHFE1+HOXA2+UNC5C+GFRA1	45	0.977658	0.997396
GSE119526	7	EYA4+ZNF568+SFMBT2+ADHFE1+HOXA2+RALYL+GFRA1	43	0.978149	0.997396
GSE119526	7	EYA4+ZNF568+SFMBT2+ADHFE1+BEND5+UNC5C+RALYL	39	0.980252	0.997830
GSE119526	7	EYA4+ZNF568+SFMBT2+ADHFE1+BEND5+UNC5C+GFRA1	43	0.981026	0.998264
GSE119526	7	EYA4+ZNF568+SFMBT2+ADHFE1+BEND5+RALYL+GFRA1	41	0.981303	0.998264
GSE119526	7	EYA4+ZNF568+SFMBT2+ADHFE1+UNC5C+RALYL+GFRA1	41	0.981463	0.997830
GSE119526	7	EYA4+ZNF568+SFMBT2+HOXA2+BEND5+UNC5C+RALYL	40	0.975230	0.998264
GSE119526	7	EYA4+ZNF568+SFMBT2+HOXA2+BEND5+UNC5C+GFRA1	44	0.976672	0.998698
GSE119526	7	EYA4+ZNF568+SFMBT2+HOXA2+BEND5+RALYL+GFRA1	42	0.977138	0.998264
GSE119526	7	EYA4+ZNF568+SFMBT2+HOXA2+UNC5C+RALYL+GFRA1	42	0.977274	0.996962
GSE119526	7	EYA4+ZNF568+SFMBT2+BEND5+UNC5C+RALYL+GFRA1	40	0.980346	0.999566
GSE119526	7	EYA4+ZNF568+ADHFE1+HOXA2+BEND5+UNC5C+RALYL	39	0.976205	0.997396
GSE119526	7	EYA4+ZNF568+ADHFE1+HOXA2+BEND5+UNC5C+GFRA1	43	0.976855	0.998264
GSE119526	7	EYA4+ZNF568+ADHFE1+HOXA2+BEND5+RALYL+GFRA1	41	0.977174	0.998264
GSE119526	7	EYA4+ZNF568+ADHFE1+HOXA2+UNC5C+RALYL+GFRA1	41	0.977345	0.996528
GSE119526	7	EYA4+ZNF568+ADHFE1+BEND5+UNC5C+RALYL+GFRA1	39	0.980642	0.998264
GSE119526	7	EYA4+ZNF568+HOXA2+BEND5+UNC5C+RALYL+GFRA1	40	0.975868	0.997396
GSE119526	7	EYA4+ZNF793+SFMBT2+ADHFE1+HOXA2+BEND5+UNC5C	42	0.976205	0.998698
GSE119526	7	EYA4+ZNF793+SFMBT2+ADHFE1+HOXA2+BEND5+RALYL	40	0.976306	0.999132
GSE119526	7	EYA4+ZNF793+SFMBT2+ADHFE1+HOXA2+BEND5+GFRA1	44	0.977168	0.999132
GSE119526	7	EYA4+ZNF793+SFMBT2+ADHFE1+HOXA2+UNC5C+RALYL	40	0.976495	0.995660
GSE119526	7	EYA4+ZNF793+SFMBT2+ADHFE1+HOXA2+UNC5C+GFRA1	44	0.976890	0.996528
GSE119526	7	EYA4+ZNF793+SFMBT2+ADHFE1+HOXA2+RALYL+GFRA1	42	0.977333	0.997396
GSE119526	7	EYA4+ZNF793+SFMBT2+ADHFE1+BEND5+UNC5C+RALYL	38	0.980069	0.997396
GSE119526	7	EYA4+ZNF793+SFMBT2+ADHFE1+BEND5+UNC5C+GFRA1	42	0.980766	0.997830
GSE119526	7	EYA4+ZNF793+SFMBT2+ADHFE1+BEND5+RALYL+GFRA1	40	0.981350	0.997396
GSE119526	7	EYA4+ZNF793+SFMBT2+ADHFE1+UNC5C+RALYL+GFRA1	40	0.981020	0.996962
GSE119526	7	EYA4+ZNF793+SFMBT2+HOXA2+BEND5+UNC5C+RALYL	39	0.975148	0.998264
GSE119526	7	EYA4+ZNF793+SFMBT2+HOXA2+BEND5+UNC5C+GFRA1	43	0.976170	0.998264
GSE119526	7	EYA4+ZNF793+SFMBT2+HOXA2+BEND5+RALYL+GFRA1	41	0.976790	0.998264
GSE119526	7	EYA4+ZNF793+SFMBT2+HOXA2+UNC5C+RALYL+GFRA1	41	0.977192	0.996528
GSE119526	7	EYA4+ZNF793+SFMBT2+BEND5+UNC5C+RALYL+GFRA1	39	0.980275	0.997830
GSE119526	7	EYA4+ZNF793+ADHFE1+HOXA2+BEND5+UNC5C+RALYL	38	0.975733	0.996094
GSE119526	7	EYA4+ZNF793+ADHFE1+HOXA2+BEND5+UNC5C+GFRA1	42	0.976418	0.996962
GSE119526	7	EYA4+ZNF793+ADHFE1+HOXA2+BEND5+RALYL+GFRA1	40	0.976914	0.997830
GSE119526	7	EYA4+ZNF793+ADHFE1+HOXA2+UNC5C+RALYL+GFRA1	40	0.976524	0.995660
GSE119526	7	EYA4+ZNF793+ADHFE1+BEND5+UNC5C+RALYL+GFRA1	38	0.980464	0.997830
GSE119526	7	EYA4+ZNF793+HOXA2+BEND5+UNC5C+RALYL+GFRA1	39	0.975331	0.996962
GSE119526	7	EYA4+SFMBT2+ADHFE1+HOXA2+BEND5+UNC5C+RALYL	39	0.975815	0.998698
GSE119526	7	EYA4+SFMBT2+ADHFE1+HOXA2+BEND5+UNC5C+GFRA1	43	0.976619	0.999132
GSE119526	7	EYA4+SFMBT2+ADHFE1+HOXA2+BEND5+RALYL+GFRA1	41	0.977121	0.999132
GSE119526	7	EYA4+SFMBT2+ADHFE1+HOXA2+UNC5C+RALYL+GFRA1	41	0.976784	0.997396
GSE119526	7	EYA4+SFMBT2+ADHFE1+BEND5+UNC5C+RALYL+GFRA1	39	0.980789	0.997830
GSE119526	7	EYA4+SFMBT2+HOXA2+BEND5+UNC5C+RALYL+GFRA1	40	0.976252	0.998264
GSE119526	7	EYA4+ADHFE1+HOXA2+BEND5+UNC5C+RALYL+GFRA1	39	0.976199	0.997396
GSE119526	7	ZNF568+ZNF793+SFMBT2+ADHFE1+HOXA2+BEND5+UNC5C	36	0.975727	0.997830
GSE119526	7	ZNF568+ZNF793+SFMBT2+ADHFE1+HOXA2+BEND5+RALYL	34	0.976063	0.997830
GSE119526	7	ZNF568+ZNF793+SFMBT2+ADHFE1+HOXA2+BEND5+GFRA1	38	0.976672	0.999132
GSE119526	7	ZNF568+ZNF793+SFMBT2+ADHFE1+HOXA2+UNC5C+RALYL	34	0.976678	0.995660
GSE119526	7	ZNF568+ZNF793+SFMBT2+ADHFE1+HOXA2+UNC5C+GFRA1	38	0.977079	0.996528
GSE119526	7	ZNF568+ZNF793+SFMBT2+ADHFE1+HOXA2+RALYL+GFRA1	36	0.977564	0.996962
GSE119526	7	ZNF568+ZNF793+SFMBT2+ADHFE1+BEND5+UNC5C+RALYL	32	0.980328	0.998698
GSE119526	7	ZNF568+ZNF793+SFMBT2+ADHFE1+BEND5+UNC5C+GFRA1	36	0.981102	0.998264
GSE119526	7	ZNF568+ZNF793+SFMBT2+ADHFE1+BEND5+RALYL+GFRA1	34	0.981268	0.998698
GSE119526	7	ZNF568+ZNF793+SFMBT2+ADHFE1+UNC5C+RALYL+GFRA1	34	0.981770	0.997396
GSE119526	7	ZNF568+ZNF793+SFMBT2+HOXA2+BEND5+UNC5C+RALYL	33	0.975154	0.997830
GSE119526	7	ZNF568+ZNF793+SFMBT2+HOXA2+BEND5+UNC5C+GFRA1	37	0.975916	0.998264
GSE119526	7	ZNF568+ZNF793+SFMBT2+HOXA2+BEND5+RALYL+GFRA1	35	0.976158	0.998698
GSE119526	7	ZNF568+ZNF793+SFMBT2+HOXA2+UNC5C+RALYL+GFRA1	35	0.976955	0.996962
GSE119526	7	ZNF568+ZNF793+SFMBT2+BEND5+UNC5C+RALYL+GFRA1	33	0.980092	1.000000
GSE119526	7	ZNF568+ZNF793+ADHFE1+HOXA2+BEND5+UNC5C+RALYL	32	0.975597	0.996094
GSE119526	7	ZNF568+ZNF793+ADHFE1+HOXA2+BEND5+UNC5C+GFRA1	36	0.976306	0.997830
GSE119526	7	ZNF568+ZNF793+ADHFE1+HOXA2+BEND5+RALYL+GFRA1	34	0.976453	0.997396
GSE119526	7	ZNF568+ZNF793+ADHFE1+HOXA2+UNC5C+RALYL+GFRA1	34	0.977162	0.995226
GSE119526	7	ZNF568+ZNF793+ADHFE1+BEND5+UNC5C+RALYL+GFRA1	32	0.980370	0.998264
GSE119526	7	ZNF568+ZNF793+HOXA2+BEND5+UNC5C+RALYL+GFRA1	33	0.975242	0.997830
GSE119526	7	ZNF568+SFMBT2+ADHFE1+HOXA2+BEND5+UNC5C+RALYL	33	0.975762	0.998264
GSE119526	7	ZNF568+SFMBT2+ADHFE1+HOXA2+BEND5+UNC5C+GFRA1	37	0.976625	0.998698
GSE119526	7	ZNF568+SFMBT2+ADHFE1+HOXA2+BEND5+RALYL+GFRA1	35	0.977227	0.999132
GSE119526	7	ZNF568+SFMBT2+ADHFE1+HOXA2+UNC5C+RALYL+GFRA1	35	0.977481	0.996094
GSE119526	7	ZNF568+SFMBT2+ADHFE1+BEND5+UNC5C+RALYL+GFRA1	33	0.980748	0.999132
GSE119526	7	ZNF568+SFMBT2+HOXA2+BEND5+UNC5C+RALYL+GFRA1	34	0.976435	0.998264
GSE119526	7	ZNF568+ADHFE1+HOXA2+BEND5+UNC5C+RALYL+GFRA1	33	0.976713	0.997396
GSE119526	7	ZNF793+SFMBT2+ADHFE1+HOXA2+BEND5+UNC5C+RALYL	32	0.975171	0.996962
GSE119526	7	ZNF793+SFMBT2+ADHFE1+HOXA2+BEND5+UNC5C+GFRA1	36	0.976500	0.998698
GSE119526	7	ZNF793+SFMBT2+ADHFE1+HOXA2+BEND5+RALYL+GFRA1	34	0.976743	0.999132
GSE119526	7	ZNF793+SFMBT2+ADHFE1+HOXA2+UNC5C+RALYL+GFRA1	34	0.976908	0.996962
GSE119526	7	ZNF793+SFMBT2+ADHFE1+BEND5+UNC5C+RALYL+GFRA1	32	0.981043	0.998264
GSE119526	7	ZNF793+SFMBT2+HOXA2+BEND5+UNC5C+RALYL+GFRA1	33	0.975715	0.998264
GSE119526	7	ZNF793+ADHFE1+HOXA2+BEND5+UNC5C+RALYL+GFRA1	32	0.976311	0.997396
GSE119526	7	SFMBT2+ADHFE1+HOXA2+BEND5+UNC5C+RALYL+GFRA1	33	0.976737	0.998698
GSE119526	8	EYA4+ZNF568+ZNF793+SFMBT2+ADHFE1+HOXA2+BEND5+UNC5C	48	0.976459	0.999132
GSE119526	8	EYA4+ZNF568+ZNF793+SFMBT2+ADHFE1+HOXA2+BEND5+RALYL	46	0.977109	0.999132
GSE119526	8	EYA4+ZNF568+ZNF793+SFMBT2+ADHFE1+HOXA2+BEND5+GFRA1	50	0.977564	0.999132
GSE119526	8	EYA4+ZNF568+ZNF793+SFMBT2+ADHFE1+HOXA2+UNC5C+RALYL	46	0.976973	0.997396
GSE119526	8	EYA4+ZNF568+ZNF793+SFMBT2+ADHFE1+HOXA2+UNC5C+GFRA1	50	0.977546	0.997396
GSE119526	8	EYA4+ZNF568+ZNF793+SFMBT2+ADHFE1+HOXA2+RALYL+GFRA1	48	0.977948	0.997396
GSE119526	8	EYA4+ZNF568+ZNF793+SFMBT2+ADHFE1+BEND5+UNC5C+RALYL	44	0.980246	0.997830
GSE119526	8	EYA4+ZNF568+ZNF793+SFMBT2+ADHFE1+BEND5+UNC5C+GFRA1	48	0.980919	0.997830
GSE119526	8	EYA4+ZNF568+ZNF793+SFMBT2+ADHFE1+BEND5+RALYL+GFRA1	46	0.981309	0.997830
GSE119526	8	EYA4+ZNF568+ZNF793+SFMBT2+ADHFE1+UNC5C+RALYL+GFRA1	46	0.981327	0.997396
GSE119526	8	EYA4+ZNF568+ZNF793+SFMBT2+HOXA2+BEND5+UNC5C+RALYL	45	0.975508	0.998264
GSE119526	8	EYA4+ZNF568+ZNF793+SFMBT2+HOXA2+BEND5+UNC5C+GFRA1	49	0.976435	0.998698
GSE119526	8	EYA4+ZNF568+ZNF793+SFMBT2+HOXA2+BEND5+RALYL+GFRA1	47	0.977026	0.998264
GSE119526	8	EYA4+ZNF568+ZNF793+SFMBT2+HOXA2+UNC5C+RALYL+GFRA1	47	0.977180	0.996962
GSE119526	8	EYA4+ZNF568+ZNF793+SFMBT2+BEND5+UNC5C+RALYL+GFRA1	45	0.980323	0.998264
GSE119526	8	EYA4+ZNF568+ZNF793+ADHFE1+HOXA2+BEND5+UNC5C+RALYL	44	0.976246	0.996962
GSE119526	8	EYA4+ZNF568+ZNF793+ADHFE1+HOXA2+BEND5+UNC5C+GFRA1	48	0.976861	0.997830
GSE119526	8	EYA4+ZNF568+ZNF793+ADHFE1+HOXA2+BEND5+RALYL+GFRA1	46	0.977180	0.998264
GSE119526	8	EYA4+ZNF568+ZNF793+ADHFE1+HOXA2+UNC5C+RALYL+GFRA1	46	0.977227	0.996094
GSE119526	8	EYA4+ZNF568+ZNF793+ADHFE1+BEND5+UNC5C+RALYL+GFRA1	44	0.980488	0.998264
GSE119526	8	EYA4+ZNF568+ZNF793+HOXA2+BEND5+UNC5C+RALYL+GFRA1	45	0.975721	0.997396
GSE119526	8	EYA4+ZNF568+SFMBT2+ADHFE1+HOXA2+BEND5+UNC5C+RALYL	45	0.976276	0.999132
GSE119526	8	EYA4+ZNF568+SFMBT2+ADHFE1+HOXA2+BEND5+UNC5C+GFRA1	49	0.976997	0.999132
GSE119526	8	EYA4+ZNF568+SFMBT2+ADHFE1+HOXA2+BEND5+RALYL+GFRA1	47	0.977446	0.999132
GSE119526	8	EYA4+ZNF568+SFMBT2+ADHFE1+HOXA2+UNC5C+RALYL+GFRA1	47	0.977522	0.997396
GSE119526	8	EYA4+ZNF568+SFMBT2+ADHFE1+BEND5+UNC5C+RALYL+GFRA1	45	0.980955	0.998264
GSE119526	8	EYA4+ZNF568+SFMBT2+HOXA2+BEND5+UNC5C+RALYL+GFRA1	46	0.976152	0.998698
GSE119526	8	EYA4+ZNF568+ADHFE1+HOXA2+BEND5+UNC5C+RALYL+GFRA1	45	0.976625	0.997396
GSE119526	8	EYA4+ZNF793+SFMBT2+ADHFE1+HOXA2+BEND5+UNC5C+RALYL	44	0.975998	0.998698
GSE119526	8	EYA4+ZNF793+SFMBT2+ADHFE1+HOXA2+BEND5+UNC5C+GFRA1	48	0.976719	0.999132
GSE119526	8	EYA4+ZNF793+SFMBT2+ADHFE1+HOXA2+BEND5+RALYL+GFRA1	46	0.977044	0.999132
GSE119526	8	EYA4+ZNF793+SFMBT2+ADHFE1+HOXA2+UNC5C+RALYL+GFRA1	46	0.976784	0.996528
GSE119526	8	EYA4+ZNF793+SFMBT2+ADHFE1+BEND5+UNC5C+RALYL+GFRA1	44	0.980642	0.997830
GSE119526	8	EYA4+ZNF793+SFMBT2+HOXA2+BEND5+UNC5C+RALYL+GFRA1	45	0.976087	0.998264
GSE119526	8	EYA4+ZNF793+ADHFE1+HOXA2+BEND5+UNC5C+RALYL+GFRA1	44	0.976087	0.996962
GSE119526	8	EYA4+SFMBT2+ADHFE1+HOXA2+BEND5+UNC5C+RALYL+GFRA1	45	0.976388	0.999132
GSE119526	8	ZNF568+ZNF793+SFMBT2+ADHFE1+HOXA2+BEND5+UNC5C+RALYL	38	0.975951	0.997830
GSE119526	8	ZNF568+ZNF793+SFMBT2+ADHFE1+HOXA2+BEND5+UNC5C+GFRA1	42	0.976495	0.998698
GSE119526	8	ZNF568+ZNF793+SFMBT2+ADHFE1+HOXA2+BEND5+RALYL+GFRA1	40	0.977038	0.999132
GSE119526	8	ZNF568+ZNF793+SFMBT2+ADHFE1+HOXA2+UNC5C+RALYL+GFRA1	40	0.977239	0.996528
GSE119526	8	ZNF568+ZNF793+SFMBT2+ADHFE1+BEND5+UNC5C+RALYL+GFRA1	38	0.980754	0.998698
GSE119526	8	ZNF568+ZNF793+SFMBT2+HOXA2+BEND5+UNC5C+RALYL+GFRA1	39	0.975478	0.998264
GSE119526	8	ZNF568+ZNF793+ADHFE1+HOXA2+BEND5+UNC5C+RALYL+GFRA1	38	0.976306	0.997396
GSE119526	8	ZNF568+SFMBT2+ADHFE1+HOXA2+BEND5+UNC5C+RALYL+GFRA1	39	0.976701	0.998698
GSE119526	8	ZNF793+SFMBT2+ADHFE1+HOXA2+BEND5+UNC5C+RALYL+GFRA1	38	0.976560	0.998698
GSE119526	9	EYA4+ZNF568+ZNF793+SFMBT2+ADHFE1+HOXA2+BEND5+UNC5C+RALYL	50	0.976388	0.998698
GSE119526	9	EYA4+ZNF568+ZNF793+SFMBT2+ADHFE1+HOXA2+BEND5+UNC5C+GFRA1	54	0.977221	0.999132
GSE119526	9	EYA4+ZNF568+ZNF793+SFMBT2+ADHFE1+HOXA2+BEND5+RALYL+GFRA1	52	0.977493	0.999132
GSE119526	9	EYA4+ZNF568+ZNF793+SFMBT2+ADHFE1+HOXA2+UNC5C+RALYL+GFRA1	52	0.977398	0.997396
GSE119526	9	EYA4+ZNF568+ZNF793+SFMBT2+ADHFE1+BEND5+UNC5C+RALYL+GFRA1	50	0.980872	0.998264
GSE119526	9	EYA4+ZNF568+ZNF793+SFMBT2+HOXA2+BEND5+UNC5C+RALYL+GFRA1	51	0.976099	0.998698
GSE119526	9	EYA4+ZNF568+ZNF793+ADHFE1+HOXA2+BEND5+UNC5C+RALYL+GFRA1	50	0.976743	0.997830
GSE119526	9	EYA4+ZNF568+SFMBT2+ADHFE1+HOXA2+BEND5+UNC5C+RALYL+GFRA1	51	0.976932	0.999132
GSE119526	9	EYA4+ZNF793+SFMBT2+ADHFE1+HOXA2+BEND5+UNC5C+RALYL+GFRA1	50	0.976300	0.999132
GSE119526	9	ZNF568+ZNF793+SFMBT2+ADHFE1+HOXA2+BEND5+UNC5C+RALYL+GFRA1	44	0.976441	0.998698
GSE119526	10	EYA4+ZNF568+ZNF793+SFMBT2+ADHFE1+HOXA2+BEND5+UNC5C+RALYL+GFRA1	56	0.977127	0.999132
GSE193535	1	EYA4	12	0.954602	0.779150
GSE193535	1	ZNF568	5	0.967326	0.784979
GSE193535	1	ZNF793	5	0.884405	0.730453
GSE193535	1	SFMBT2	6	0.983170	0.904321
GSE193535	1	ADHFE1	5	0.980417	0.915638
GSE193535	1	HOXA2	5	0.972578	0.888203
GSE193535	1	BEND5	4	0.925868	0.836420
GSE193535	1	UNC5C	4	0.975195	0.813786
GSE193535	1	RALYL	2	0.936224	0.739026
GSE193535	1	GFRA1	6	0.971586	0.771262
GSE193535	2	EYA4+ZNF568	17	0.971497	0.844650
GSE193535	2	EYA4+ZNF793	17	0.960952	0.832305
GSE193535	2	EYA4+SFMBT2	18	0.981150	0.861111
GSE193535	2	EYA4+ADHFE1	17	0.980937	0.899863
GSE193535	2	EYA4+HOXA2	17	0.974628	0.911180
GSE193535	2	EYA4+BEND5	16	0.960616	0.792181
GSE193535	2	EYA4+UNC5C	16	0.970646	0.850480
GSE193535	2	EYA4+RALYL	14	0.958164	0.831619
GSE193535	2	EYA4+GFRA1	18	0.970073	0.828532
GSE193535	2	ZNF568+ZNF793	10	0.977481	0.842936
GSE193535	2	ZNF568+SFMBT2	11	0.981321	0.894376
GSE193535	2	ZNF568+ADHFE1	10	0.980984	0.900892
GSE193535	2	ZNF568+HOXA2	10	0.974628	0.886488
GSE193535	2	ZNF568+BEND5	9	0.974380	0.852195
GSE193535	2	ZNF568+UNC5C	9	0.979005	0.823045
GSE193535	2	ZNF568+RALYL	7	0.972454	0.817901
GSE193535	2	ZNF568+GFRA1	11	0.974138	0.851509
GSE193535	2	ZNF793+SFMBT2	11	0.981480	0.898491
GSE193535	2	ZNF793+ADHFE1	10	0.978869	0.913237
GSE193535	2	ZNF793+HOXA2	10	0.973700	0.886488
GSE193535	2	ZNF793+BEND5	9	0.954070	0.839506
GSE193535	2	ZNF793+UNC5C	9	0.976873	0.825103
GSE193535	2	ZNF793+RALYL	7	0.966458	0.760288
GSE193535	2	ZNF793+GFRA1	11	0.973133	0.818244
GSE193535	2	SFMBT2+ADHFE1	11	0.981923	0.923868
GSE193535	2	SFMBT2+HOXA2	11	0.976489	0.802469
GSE193535	2	SFMBT2+BEND5	10	0.980718	0.895405
GSE193535	2	SFMBT2+UNC5C	10	0.981817	0.901235
GSE193535	2	SFMBT2+RALYL	8	0.980689	0.901578
GSE193535	2	SFMBT2+GFRA1	12	0.982928	0.885117
GSE193535	2	ADHFE1+HOXA2	10	0.977404	0.904664
GSE193535	2	ADHFE1+BEND5	9	0.978828	0.912551
GSE193535	2	ADHFE1+UNC5C	9	0.978793	0.908436
GSE193535	2	ADHFE1+RALYL	7	0.979879	0.915638
GSE193535	2	ADHFE1+GFRA1	11	0.982047	0.904321
GSE193535	2	HOXA2+BEND5	9	0.973494	0.900892
GSE193535	2	HOXA2+UNC5C	9	0.975024	0.895062
GSE193535	2	HOXA2+RALYL	7	0.974888	0.895405
GSE193535	2	HOXA2+GFRA1	11	0.976713	0.777778
GSE193535	2	BEND5+UNC5C	8	0.976128	0.862483
GSE193535	2	BEND5+RALYL	6	0.965655	0.838820
GSE193535	2	BEND5+GFRA1	10	0.979596	0.839506
GSE193535	2	UNC5C+RALYL	6	0.970315	0.806584
GSE193535	2	UNC5C+GFRA1	10	0.978728	0.854595
GSE193535	2	RALYL+GFRA1	8	0.970280	0.470850
GSE193535	3	EYA4+ZNF568+ZNF793	22	0.971432	0.857339
GSE193535	3	EYA4+ZNF568+SFMBT2	23	0.981374	0.877915
GSE193535	3	EYA4+ZNF568+ADHFE1	22	0.981652	0.894719
GSE193535	3	EYA4+ZNF568+HOXA2	22	0.976471	0.906722
GSE193535	3	EYA4+ZNF568+BEND5	21	0.970699	0.820988
GSE193535	3	EYA4+ZNF568+UNC5C	21	0.977794	0.859396
GSE193535	3	EYA4+ZNF568+RALYL	19	0.970528	0.843278
GSE193535	3	EYA4+ZNF568+GFRA1	23	0.975289	0.853909
GSE193535	3	EYA4+ZNF793+SFMBT2	23	0.980766	0.863855
GSE193535	3	EYA4+ZNF793+ADHFE1	22	0.980943	0.903635
GSE193535	3	EYA4+ZNF793+HOXA2	22	0.975177	0.909808
GSE193535	3	EYA4+ZNF793+BEND5	21	0.960356	0.828189
GSE193535	3	EYA4+ZNF793+UNC5C	21	0.974008	0.863855
GSE193535	3	EYA4+ZNF793+RALYL	19	0.966239	0.842936
GSE193535	3	EYA4+ZNF793+GFRA1	23	0.971840	0.837106
GSE193535	3	EYA4+SFMBT2+ADHFE1	23	0.981717	0.909808
GSE193535	3	EYA4+SFMBT2+HOXA2	23	0.976205	0.913580
GSE193535	3	EYA4+SFMBT2+BEND5	22	0.980323	0.872428
GSE193535	3	EYA4+SFMBT2+UNC5C	22	0.981108	0.876543
GSE193535	3	EYA4+SFMBT2+RALYL	20	0.980411	0.880316
GSE193535	3	EYA4+SFMBT2+GFRA1	24	0.981764	0.858025
GSE193535	3	EYA4+ADHFE1+HOXA2	22	0.976914	0.915638
GSE193535	3	EYA4+ADHFE1+BEND5	21	0.980393	0.900206
GSE193535	3	EYA4+ADHFE1+UNC5C	21	0.979785	0.899863
GSE193535	3	EYA4+ADHFE1+RALYL	19	0.980305	0.898491
GSE193535	3	EYA4+ADHFE1+GFRA1	23	0.981132	0.898834
GSE193535	3	EYA4+HOXA2+BEND5	21	0.974149	0.908779
GSE193535	3	EYA4+HOXA2+UNC5C	21	0.975106	0.909808
GSE193535	3	EYA4+HOXA2+RALYL	19	0.975378	0.909465
GSE193535	3	EYA4+HOXA2+GFRA1	23	0.976495	0.909808
GSE193535	3	EYA4+BEND5+UNC5C	20	0.973860	0.866598
GSE193535	3	EYA4+BEND5+RALYL	18	0.966511	0.847051
GSE193535	3	EYA4+BEND5+GFRA1	22	0.972147	0.828189
GSE193535	3	EYA4+UNC5C+RALYL	18	0.969217	0.854938
GSE193535	3	EYA4+UNC5C+GFRA1	22	0.976985	0.851509
GSE193535	3	EYA4+RALYL+GFRA1	20	0.968537	0.828189
GSE193535	3	ZNF568+ZNF793+SFMBT2	16	0.981297	0.891289
GSE193535	3	ZNF568+ZNF793+ADHFE1	15	0.980476	0.904664
GSE193535	3	ZNF568+ZNF793+HOXA2	15	0.974876	0.884431
GSE193535	3	ZNF568+ZNF793+BEND5	14	0.976187	0.849108
GSE193535	3	ZNF568+ZNF793+UNC5C	14	0.978899	0.845679
GSE193535	3	ZNF568+ZNF793+RALYL	12	0.974415	0.835048
GSE193535	3	ZNF568+ZNF793+GFRA1	16	0.975018	0.854595
GSE193535	3	ZNF568+SFMBT2+ADHFE1	16	0.981953	0.914609
GSE193535	3	ZNF568+SFMBT2+HOXA2	16	0.976288	0.900206
GSE193535	3	ZNF568+SFMBT2+BEND5	15	0.980423	0.890261
GSE193535	3	ZNF568+SFMBT2+UNC5C	15	0.981203	0.891975
GSE193535	3	ZNF568+SFMBT2+RALYL	13	0.980512	0.893004
GSE193535	3	ZNF568+SFMBT2+GFRA1	17	0.982101	0.884088
GSE193535	3	ZNF568+ADHFE1+HOXA2	15	0.976778	0.899177
GSE193535	3	ZNF568+ADHFE1+BEND5	14	0.980299	0.900892
GSE193535	3	ZNF568+ADHFE1+UNC5C	14	0.980086	0.900549
GSE193535	3	ZNF568+ADHFE1+RALYL	12	0.980736	0.903292
GSE193535	3	ZNF568+ADHFE1+GFRA1	16	0.981935	0.896091
GSE193535	3	ZNF568+HOXA2+BEND5	14	0.974492	0.895062
GSE193535	3	ZNF568+HOXA2+UNC5C	14	0.974628	0.891289
GSE193535	3	ZNF568+HOXA2+RALYL	12	0.974823	0.888546
GSE193535	3	ZNF568+HOXA2+GFRA1	16	0.976944	0.889918
GSE193535	3	ZNF568+BEND5+UNC5C	13	0.978190	0.858025
GSE193535	3	ZNF568+BEND5+RALYL	11	0.973263	0.852538
GSE193535	3	ZNF568+BEND5+GFRA1	15	0.979939	0.858711
GSE193535	3	ZNF568+UNC5C+RALYL	11	0.978113	0.822016
GSE193535	3	ZNF568+UNC5C+GFRA1	15	0.979224	0.860768
GSE193535	3	ZNF568+RALYL+GFRA1	13	0.973647	0.858711
GSE193535	3	ZNF793+SFMBT2+ADHFE1	16	0.981043	0.922497
GSE193535	3	ZNF793+SFMBT2+HOXA2	16	0.976199	0.903292
GSE193535	3	ZNF793+SFMBT2+BEND5	15	0.980074	0.893004
GSE193535	3	ZNF793+SFMBT2+UNC5C	15	0.981155	0.897119
GSE193535	3	ZNF793+SFMBT2+RALYL	13	0.980004	0.896091
GSE193535	3	ZNF793+SFMBT2+GFRA1	17	0.982603	0.883059
GSE193535	3	ZNF793+ADHFE1+HOXA2	15	0.976111	0.901920
GSE193535	3	ZNF793+ADHFE1+BEND5	14	0.977824	0.910494
GSE193535	3	ZNF793+ADHFE1+UNC5C	14	0.978733	0.909122
GSE193535	3	ZNF793+ADHFE1+RALYL	12	0.979442	0.914266
GSE193535	3	ZNF793+ADHFE1+GFRA1	16	0.981788	0.904321
GSE193535	3	ZNF793+HOXA2+BEND5	14	0.973299	0.900549
GSE193535	3	ZNF793+HOXA2+UNC5C	14	0.974067	0.894033
GSE193535	3	ZNF793+HOXA2+RALYL	12	0.974332	0.891632
GSE193535	3	ZNF793+HOXA2+GFRA1	16	0.976394	0.891975
GSE193535	3	ZNF793+BEND5+UNC5C	13	0.977073	0.870370
GSE193535	3	ZNF793+BEND5+RALYL	11	0.967190	0.848422
GSE193535	3	ZNF793+BEND5+GFRA1	15	0.979436	0.841221
GSE193535	3	ZNF793+UNC5C+RALYL	11	0.977416	0.815501
GSE193535	3	ZNF793+UNC5C+GFRA1	15	0.979171	0.856996
GSE193535	3	ZNF793+RALYL+GFRA1	13	0.973240	0.832647
GSE193535	3	SFMBT2+ADHFE1+HOXA2	16	0.977026	0.912894
GSE193535	3	SFMBT2+ADHFE1+BEND5	15	0.980831	0.915981
GSE193535	3	SFMBT2+ADHFE1+UNC5C	15	0.980961	0.918038
GSE193535	3	SFMBT2+ADHFE1+RALYL	13	0.981415	0.922154
GSE193535	3	SFMBT2+ADHFE1+GFRA1	17	0.982786	0.913580
GSE193535	3	SFMBT2+HOXA2+BEND5	15	0.975349	0.801783
GSE193535	3	SFMBT2+HOXA2+UNC5C	15	0.976181	0.908093
GSE193535	3	SFMBT2+HOXA2+RALYL	13	0.976246	0.796296
GSE193535	3	SFMBT2+HOXA2+GFRA1	17	0.977345	0.664952
GSE193535	3	SFMBT2+BEND5+UNC5C	14	0.980966	0.897119
GSE193535	3	SFMBT2+BEND5+RALYL	12	0.979253	0.895748
GSE193535	3	SFMBT2+BEND5+GFRA1	16	0.981876	0.884431
GSE193535	3	SFMBT2+UNC5C+RALYL	12	0.980618	0.898148
GSE193535	3	SFMBT2+UNC5C+GFRA1	16	0.982449	0.889918
GSE193535	3	SFMBT2+RALYL+GFRA1	14	0.981658	0.889232
GSE193535	3	ADHFE1+HOXA2+BEND5	14	0.975786	0.910837
GSE193535	3	ADHFE1+HOXA2+UNC5C	14	0.976766	0.906722
GSE193535	3	ADHFE1+HOXA2+RALYL	12	0.976790	0.906036
GSE193535	3	ADHFE1+HOXA2+GFRA1	16	0.977558	0.905693
GSE193535	3	ADHFE1+BEND5+UNC5C	13	0.978066	0.910837
GSE193535	3	ADHFE1+BEND5+RALYL	11	0.979815	0.912209
GSE193535	3	ADHFE1+BEND5+GFRA1	15	0.980878	0.898834
GSE193535	3	ADHFE1+UNC5C+RALYL	11	0.978320	0.903978
GSE193535	3	ADHFE1+UNC5C+GFRA1	15	0.980624	0.906036
GSE193535	3	ADHFE1+RALYL+GFRA1	13	0.981593	0.906379
GSE193535	3	HOXA2+BEND5+UNC5C	13	0.974315	0.900206
GSE193535	3	HOXA2+BEND5+RALYL	11	0.973913	0.902606
GSE193535	3	HOXA2+BEND5+GFRA1	15	0.975786	0.768861
GSE193535	3	HOXA2+UNC5C+RALYL	11	0.974941	0.895748
GSE193535	3	HOXA2+UNC5C+GFRA1	15	0.976229	0.678669
GSE193535	3	HOXA2+RALYL+GFRA1	13	0.976577	0.740055
GSE193535	3	BEND5+UNC5C+RALYL	10	0.978084	0.855967
GSE193535	3	BEND5+UNC5C+GFRA1	14	0.980263	0.869342
GSE193535	3	BEND5+RALYL+GFRA1	12	0.977771	0.844650
GSE193535	3	UNC5C+RALYL+GFRA1	12	0.977540	0.847051
GSE193535	4	EYA4+ZNF568+ZNF793+SFMBT2	28	0.981144	0.877915
GSE193535	4	EYA4+ZNF568+ZNF793+ADHFE1	27	0.981469	0.897805
GSE193535	4	EYA4+ZNF568+ZNF793+HOXA2	27	0.976471	0.905693
GSE193535	4	EYA4+ZNF568+ZNF793+BEND5	26	0.970404	0.859396
GSE193535	4	EYA4+ZNF568+ZNF793+UNC5C	26	0.977658	0.863855
GSE193535	4	EYA4+ZNF568+ZNF793+RALYL	24	0.970664	0.857682
GSE193535	4	EYA4+ZNF568+ZNF793+GFRA1	28	0.974811	0.855624
GSE193535	4	EYA4+ZNF568+SFMBT2+ADHFE1	28	0.982207	0.905693
GSE193535	4	EYA4+ZNF568+SFMBT2+HOXA2	28	0.976997	0.909808
GSE193535	4	EYA4+ZNF568+SFMBT2+BEND5	27	0.980582	0.876543
GSE193535	4	EYA4+ZNF568+SFMBT2+UNC5C	27	0.981220	0.878258
GSE193535	4	EYA4+ZNF568+SFMBT2+RALYL	25	0.980340	0.877229
GSE193535	4	EYA4+ZNF568+SFMBT2+GFRA1	29	0.981581	0.874143
GSE193535	4	EYA4+ZNF568+ADHFE1+HOXA2	27	0.977398	0.914266
GSE193535	4	EYA4+ZNF568+ADHFE1+BEND5	26	0.980919	0.895062
GSE193535	4	EYA4+ZNF568+ADHFE1+UNC5C	26	0.980529	0.894376
GSE193535	4	EYA4+ZNF568+ADHFE1+RALYL	24	0.981108	0.893690
GSE193535	4	EYA4+ZNF568+ADHFE1+GFRA1	28	0.981752	0.893690
GSE193535	4	EYA4+ZNF568+HOXA2+BEND5	26	0.976004	0.905350
GSE193535	4	EYA4+ZNF568+HOXA2+UNC5C	26	0.975756	0.904664
GSE193535	4	EYA4+ZNF568+HOXA2+RALYL	24	0.976483	0.906379
GSE193535	4	EYA4+ZNF568+HOXA2+GFRA1	28	0.977221	0.907750
GSE193535	4	EYA4+ZNF568+BEND5+UNC5C	25	0.977641	0.862140
GSE193535	4	EYA4+ZNF568+BEND5+RALYL	23	0.970032	0.856653
GSE193535	4	EYA4+ZNF568+BEND5+GFRA1	27	0.974415	0.836420
GSE193535	4	EYA4+ZNF568+UNC5C+RALYL	23	0.976884	0.855624
GSE193535	4	EYA4+ZNF568+UNC5C+GFRA1	27	0.979289	0.863512
GSE193535	4	EYA4+ZNF568+RALYL+GFRA1	25	0.974008	0.854595
GSE193535	4	EYA4+ZNF793+SFMBT2+ADHFE1	28	0.981935	0.909465
GSE193535	4	EYA4+ZNF793+SFMBT2+HOXA2	28	0.976577	0.912209
GSE193535	4	EYA4+ZNF793+SFMBT2+BEND5	27	0.979436	0.872085
GSE193535	4	EYA4+ZNF793+SFMBT2+UNC5C	27	0.981096	0.881344
GSE193535	4	EYA4+ZNF793+SFMBT2+RALYL	25	0.980222	0.871056
GSE193535	4	EYA4+ZNF793+SFMBT2+GFRA1	29	0.981610	0.859396
GSE193535	4	EYA4+ZNF793+ADHFE1+HOXA2	27	0.977127	0.916324
GSE193535	4	EYA4+ZNF793+ADHFE1+BEND5	26	0.980441	0.900206
GSE193535	4	EYA4+ZNF793+ADHFE1+UNC5C	26	0.979791	0.902263
GSE193535	4	EYA4+ZNF793+ADHFE1+RALYL	24	0.980429	0.901920
GSE193535	4	EYA4+ZNF793+ADHFE1+GFRA1	28	0.981557	0.899520
GSE193535	4	EYA4+ZNF793+HOXA2+BEND5	26	0.974179	0.910151
GSE193535	4	EYA4+ZNF793+HOXA2+UNC5C	26	0.975272	0.908436
GSE193535	4	EYA4+ZNF793+HOXA2+RALYL	24	0.975750	0.908779
GSE193535	4	EYA4+ZNF793+HOXA2+GFRA1	28	0.976465	0.908779
GSE193535	4	EYA4+ZNF793+BEND5+UNC5C	25	0.972572	0.867284
GSE193535	4	EYA4+ZNF793+BEND5+RALYL	23	0.965330	0.851166
GSE193535	4	EYA4+ZNF793+BEND5+GFRA1	27	0.971349	0.830247
GSE193535	4	EYA4+ZNF793+UNC5C+RALYL	23	0.975284	0.865226
GSE193535	4	EYA4+ZNF793+UNC5C+GFRA1	27	0.979147	0.858711
GSE193535	4	EYA4+ZNF793+RALYL+GFRA1	25	0.972749	0.841907
GSE193535	4	EYA4+SFMBT2+ADHFE1+HOXA2	28	0.977085	0.917695
GSE193535	4	EYA4+SFMBT2+ADHFE1+BEND5	27	0.981161	0.905693
GSE193535	4	EYA4+SFMBT2+ADHFE1+UNC5C	27	0.980642	0.907407
GSE193535	4	EYA4+SFMBT2+ADHFE1+RALYL	25	0.981327	0.908093
GSE193535	4	EYA4+SFMBT2+ADHFE1+GFRA1	29	0.981652	0.906036
GSE193535	4	EYA4+SFMBT2+HOXA2+BEND5	27	0.975650	0.911523
GSE193535	4	EYA4+SFMBT2+HOXA2+UNC5C	27	0.976116	0.912209
GSE193535	4	EYA4+SFMBT2+HOXA2+RALYL	25	0.976376	0.910837
GSE193535	4	EYA4+SFMBT2+HOXA2+GFRA1	29	0.977268	0.911523
GSE193535	4	EYA4+SFMBT2+BEND5+UNC5C	26	0.980606	0.881687
GSE193535	4	EYA4+SFMBT2+BEND5+RALYL	24	0.979815	0.872771
GSE193535	4	EYA4+SFMBT2+BEND5+GFRA1	28	0.981315	0.867627
GSE193535	4	EYA4+SFMBT2+UNC5C+RALYL	24	0.980340	0.878601
GSE193535	4	EYA4+SFMBT2+UNC5C+GFRA1	28	0.981622	0.873457
GSE193535	4	EYA4+SFMBT2+RALYL+GFRA1	26	0.980766	0.877572
GSE193535	4	EYA4+ADHFE1+HOXA2+BEND5	26	0.976199	0.913923
GSE193535	4	EYA4+ADHFE1+HOXA2+UNC5C	26	0.976075	0.915295
GSE193535	4	EYA4+ADHFE1+HOXA2+RALYL	24	0.976719	0.916324
GSE193535	4	EYA4+ADHFE1+HOXA2+GFRA1	28	0.977434	0.914952
GSE193535	4	EYA4+ADHFE1+BEND5+UNC5C	25	0.979283	0.899520
GSE193535	4	EYA4+ADHFE1+BEND5+RALYL	23	0.980145	0.899520
GSE193535	4	EYA4+ADHFE1+BEND5+GFRA1	27	0.981144	0.899177
GSE193535	4	EYA4+ADHFE1+UNC5C+RALYL	23	0.979401	0.897805
GSE193535	4	EYA4+ADHFE1+UNC5C+GFRA1	27	0.980175	0.897119
GSE193535	4	EYA4+ADHFE1+RALYL+GFRA1	25	0.980712	0.898148
GSE193535	4	EYA4+HOXA2+BEND5+UNC5C	25	0.974344	0.908093
GSE193535	4	EYA4+HOXA2+BEND5+RALYL	23	0.974693	0.908436
GSE193535	4	EYA4+HOXA2+BEND5+GFRA1	27	0.975987	0.787723
GSE193535	4	EYA4+HOXA2+UNC5C+RALYL	23	0.975183	0.907407
GSE193535	4	EYA4+HOXA2+UNC5C+GFRA1	27	0.975963	0.908093
GSE193535	4	EYA4+HOXA2+RALYL+GFRA1	25	0.976619	0.908436
GSE193535	4	EYA4+BEND5+UNC5C+RALYL	22	0.974752	0.864883
GSE193535	4	EYA4+BEND5+UNC5C+GFRA1	26	0.978450	0.868313
GSE193535	4	EYA4+BEND5+RALYL+GFRA1	24	0.971958	0.826475
GSE193535	4	EYA4+UNC5C+RALYL+GFRA1	24	0.974740	0.856996
GSE193535	4	ZNF568+ZNF793+SFMBT2+ADHFE1	21	0.981811	0.914266
GSE193535	4	ZNF568+ZNF793+SFMBT2+HOXA2	21	0.975668	0.897462
GSE193535	4	ZNF568+ZNF793+SFMBT2+BEND5	20	0.980311	0.886488
GSE193535	4	ZNF568+ZNF793+SFMBT2+UNC5C	20	0.980848	0.892318
GSE193535	4	ZNF568+ZNF793+SFMBT2+RALYL	18	0.980506	0.891289
GSE193535	4	ZNF568+ZNF793+SFMBT2+GFRA1	22	0.982118	0.883402
GSE193535	4	ZNF568+ZNF793+ADHFE1+HOXA2	20	0.976766	0.899177
GSE193535	4	ZNF568+ZNF793+ADHFE1+BEND5	19	0.979413	0.900206
GSE193535	4	ZNF568+ZNF793+ADHFE1+UNC5C	19	0.980086	0.903292
GSE193535	4	ZNF568+ZNF793+ADHFE1+RALYL	17	0.980671	0.905693
GSE193535	4	ZNF568+ZNF793+ADHFE1+GFRA1	21	0.981740	0.894033
GSE193535	4	ZNF568+ZNF793+HOXA2+BEND5	19	0.974575	0.893690
GSE193535	4	ZNF568+ZNF793+HOXA2+UNC5C	19	0.974911	0.890261
GSE193535	4	ZNF568+ZNF793+HOXA2+RALYL	17	0.974882	0.888203
GSE193535	4	ZNF568+ZNF793+HOXA2+GFRA1	21	0.976418	0.888889
GSE193535	4	ZNF568+ZNF793+BEND5+UNC5C	18	0.978255	0.867284
GSE193535	4	ZNF568+ZNF793+BEND5+RALYL	16	0.973907	0.863512
GSE193535	4	ZNF568+ZNF793+BEND5+GFRA1	20	0.979874	0.860425
GSE193535	4	ZNF568+ZNF793+UNC5C+RALYL	16	0.978586	0.838820
GSE193535	4	ZNF568+ZNF793+UNC5C+GFRA1	20	0.979271	0.866255
GSE193535	4	ZNF568+ZNF793+RALYL+GFRA1	18	0.975089	0.860768
GSE193535	4	ZNF568+SFMBT2+ADHFE1+HOXA2	21	0.977227	0.907407
GSE193535	4	ZNF568+SFMBT2+ADHFE1+BEND5	20	0.980801	0.908779
GSE193535	4	ZNF568+SFMBT2+ADHFE1+UNC5C	20	0.981215	0.913923
GSE193535	4	ZNF568+SFMBT2+ADHFE1+RALYL	18	0.981209	0.913237
GSE193535	4	ZNF568+SFMBT2+ADHFE1+GFRA1	22	0.982869	0.907750
GSE193535	4	ZNF568+SFMBT2+HOXA2+BEND5	20	0.975414	0.901235
GSE193535	4	ZNF568+SFMBT2+HOXA2+UNC5C	20	0.975981	0.902263
GSE193535	4	ZNF568+SFMBT2+HOXA2+RALYL	18	0.976530	0.900549
GSE193535	4	ZNF568+SFMBT2+HOXA2+GFRA1	22	0.977056	0.897462
GSE193535	4	ZNF568+SFMBT2+BEND5+UNC5C	19	0.980777	0.887517
GSE193535	4	ZNF568+SFMBT2+BEND5+RALYL	17	0.979519	0.887860
GSE193535	4	ZNF568+SFMBT2+BEND5+GFRA1	21	0.981734	0.884088
GSE193535	4	ZNF568+SFMBT2+UNC5C+RALYL	17	0.980559	0.890261
GSE193535	4	ZNF568+SFMBT2+UNC5C+GFRA1	21	0.981575	0.887174
GSE193535	4	ZNF568+SFMBT2+RALYL+GFRA1	19	0.981179	0.886488
GSE193535	4	ZNF568+ADHFE1+HOXA2+BEND5	19	0.975987	0.906379
GSE193535	4	ZNF568+ADHFE1+HOXA2+UNC5C	19	0.976495	0.903978
GSE193535	4	ZNF568+ADHFE1+HOXA2+RALYL	17	0.976424	0.902606
GSE193535	4	ZNF568+ADHFE1+HOXA2+GFRA1	21	0.977446	0.904664
GSE193535	4	ZNF568+ADHFE1+BEND5+UNC5C	18	0.979584	0.899177
GSE193535	4	ZNF568+ADHFE1+BEND5+RALYL	16	0.980299	0.901920
GSE193535	4	ZNF568+ADHFE1+BEND5+GFRA1	20	0.981067	0.894376
GSE193535	4	ZNF568+ADHFE1+UNC5C+RALYL	16	0.979986	0.896776
GSE193535	4	ZNF568+ADHFE1+UNC5C+GFRA1	20	0.980966	0.899520
GSE193535	4	ZNF568+ADHFE1+RALYL+GFRA1	18	0.981209	0.901235
GSE193535	4	ZNF568+HOXA2+BEND5+UNC5C	18	0.974362	0.895748
GSE193535	4	ZNF568+HOXA2+BEND5+RALYL	16	0.974681	0.895405
GSE193535	4	ZNF568+HOXA2+BEND5+GFRA1	20	0.976264	0.896433
GSE193535	4	ZNF568+HOXA2+UNC5C+RALYL	16	0.974610	0.890261
GSE193535	4	ZNF568+HOXA2+UNC5C+GFRA1	20	0.976435	0.894033
GSE193535	4	ZNF568+HOXA2+RALYL+GFRA1	18	0.976926	0.890604
GSE193535	4	ZNF568+BEND5+UNC5C+RALYL	15	0.978060	0.855967
GSE193535	4	ZNF568+BEND5+UNC5C+GFRA1	19	0.979572	0.867970
GSE193535	4	ZNF568+BEND5+RALYL+GFRA1	17	0.978143	0.860768
GSE193535	4	ZNF568+UNC5C+RALYL+GFRA1	17	0.978680	0.858368
GSE193535	4	ZNF793+SFMBT2+ADHFE1+HOXA2	21	0.976548	0.911523
GSE193535	4	ZNF793+SFMBT2+ADHFE1+BEND5	20	0.980039	0.916324
GSE193535	4	ZNF793+SFMBT2+ADHFE1+UNC5C	20	0.980523	0.918038
GSE193535	4	ZNF793+SFMBT2+ADHFE1+RALYL	18	0.980766	0.920439
GSE193535	4	ZNF793+SFMBT2+ADHFE1+GFRA1	22	0.982538	0.912551
GSE193535	4	ZNF793+SFMBT2+HOXA2+BEND5	20	0.974746	0.907064
GSE193535	4	ZNF793+SFMBT2+HOXA2+UNC5C	20	0.976028	0.905007
GSE193535	4	ZNF793+SFMBT2+HOXA2+RALYL	18	0.975963	0.903635
GSE193535	4	ZNF793+SFMBT2+HOXA2+GFRA1	22	0.976630	0.899520
GSE193535	4	ZNF793+SFMBT2+BEND5+UNC5C	19	0.980104	0.894033
GSE193535	4	ZNF793+SFMBT2+BEND5+RALYL	17	0.978550	0.893004
GSE193535	4	ZNF793+SFMBT2+BEND5+GFRA1	21	0.981173	0.883745
GSE193535	4	ZNF793+SFMBT2+UNC5C+RALYL	17	0.980393	0.893347
GSE193535	4	ZNF793+SFMBT2+UNC5C+GFRA1	21	0.982254	0.891289
GSE193535	4	ZNF793+SFMBT2+RALYL+GFRA1	19	0.981522	0.886831
GSE193535	4	ZNF793+ADHFE1+HOXA2+BEND5	19	0.974941	0.909122
GSE193535	4	ZNF793+ADHFE1+HOXA2+UNC5C	19	0.976040	0.905693
GSE193535	4	ZNF793+ADHFE1+HOXA2+RALYL	17	0.975874	0.904664
GSE193535	4	ZNF793+ADHFE1+HOXA2+GFRA1	21	0.977150	0.902606
GSE193535	4	ZNF793+ADHFE1+BEND5+UNC5C	18	0.977493	0.908436
GSE193535	4	ZNF793+ADHFE1+BEND5+RALYL	16	0.978958	0.909465
GSE193535	4	ZNF793+ADHFE1+BEND5+GFRA1	20	0.980612	0.899177
GSE193535	4	ZNF793+ADHFE1+UNC5C+RALYL	16	0.978674	0.902606
GSE193535	4	ZNF793+ADHFE1+UNC5C+GFRA1	20	0.980866	0.906379
GSE193535	4	ZNF793+ADHFE1+RALYL+GFRA1	18	0.981498	0.908093
GSE193535	4	ZNF793+HOXA2+BEND5+UNC5C	18	0.973931	0.899177
GSE193535	4	ZNF793+HOXA2+BEND5+RALYL	16	0.974197	0.900549
GSE193535	4	ZNF793+HOXA2+BEND5+GFRA1	20	0.975697	0.901578
GSE193535	4	ZNF793+HOXA2+UNC5C+RALYL	16	0.974953	0.893004
GSE193535	4	ZNF793+HOXA2+UNC5C+GFRA1	20	0.975963	0.895062
GSE193535	4	ZNF793+HOXA2+RALYL+GFRA1	18	0.976412	0.893347
GSE193535	4	ZNF793+BEND5+UNC5C+RALYL	15	0.977316	0.864540
GSE193535	4	ZNF793+BEND5+UNC5C+GFRA1	19	0.980181	0.868313
GSE193535	4	ZNF793+BEND5+RALYL+GFRA1	17	0.977392	0.847737
GSE193535	4	ZNF793+UNC5C+RALYL+GFRA1	17	0.978958	0.853909
GSE193535	4	SFMBT2+ADHFE1+HOXA2+BEND5	20	0.975987	0.914952
GSE193535	4	SFMBT2+ADHFE1+HOXA2+UNC5C	20	0.976737	0.912209
GSE193535	4	SFMBT2+ADHFE1+HOXA2+RALYL	18	0.976495	0.912209
GSE193535	4	SFMBT2+ADHFE1+HOXA2+GFRA1	22	0.977511	0.909808
GSE193535	4	SFMBT2+ADHFE1+BEND5+UNC5C	19	0.979531	0.913923
GSE193535	4	SFMBT2+ADHFE1+BEND5+RALYL	17	0.980317	0.914952
GSE193535	4	SFMBT2+ADHFE1+BEND5+GFRA1	21	0.981847	0.906722
GSE193535	4	SFMBT2+ADHFE1+UNC5C+RALYL	17	0.980128	0.915981
GSE193535	4	SFMBT2+ADHFE1+UNC5C+GFRA1	21	0.981504	0.914609
GSE193535	4	SFMBT2+ADHFE1+RALYL+GFRA1	19	0.982307	0.914952
GSE193535	4	SFMBT2+HOXA2+BEND5+UNC5C	19	0.975077	0.906036
GSE193535	4	SFMBT2+HOXA2+BEND5+RALYL	17	0.975354	0.907407
GSE193535	4	SFMBT2+HOXA2+BEND5+GFRA1	21	0.976376	0.676955
GSE193535	4	SFMBT2+HOXA2+UNC5C+RALYL	17	0.976270	0.908093
GSE193535	4	SFMBT2+HOXA2+UNC5C+GFRA1	21	0.976920	0.652949
GSE193535	4	SFMBT2+HOXA2+RALYL+GFRA1	19	0.977245	0.661866
GSE193535	4	SFMBT2+BEND5+UNC5C+RALYL	16	0.980110	0.893004
GSE193535	4	SFMBT2+BEND5+UNC5C+GFRA1	20	0.981717	0.889918
GSE193535	4	SFMBT2+BEND5+RALYL+GFRA1	18	0.981014	0.886488
GSE193535	4	SFMBT2+UNC5C+RALYL+GFRA1	18	0.981415	0.889918
GSE193535	4	ADHFE1+HOXA2+BEND5+UNC5C	18	0.975053	0.909808
GSE193535	4	ADHFE1+HOXA2+BEND5+RALYL	16	0.975449	0.910494
GSE193535	4	ADHFE1+HOXA2+BEND5+GFRA1	20	0.976506	0.910151
GSE193535	4	ADHFE1+HOXA2+UNC5C+RALYL	16	0.976288	0.907064
GSE193535	4	ADHFE1+HOXA2+UNC5C+GFRA1	20	0.977257	0.907407
GSE193535	4	ADHFE1+HOXA2+RALYL+GFRA1	18	0.977186	0.904664
GSE193535	4	ADHFE1+BEND5+UNC5C+RALYL	15	0.978462	0.907064
GSE193535	4	ADHFE1+BEND5+UNC5C+GFRA1	19	0.980057	0.901578
GSE193535	4	ADHFE1+BEND5+RALYL+GFRA1	17	0.980766	0.901235
GSE193535	4	ADHFE1+UNC5C+RALYL+GFRA1	17	0.980376	0.903292
GSE193535	4	HOXA2+BEND5+UNC5C+RALYL	15	0.974687	0.902263
GSE193535	4	HOXA2+BEND5+UNC5C+GFRA1	19	0.975691	0.707133
GSE193535	4	HOXA2+BEND5+RALYL+GFRA1	17	0.975886	0.759945
GSE193535	4	HOXA2+UNC5C+RALYL+GFRA1	17	0.976134	0.667353
GSE193535	4	BEND5+UNC5C+RALYL+GFRA1	16	0.979590	0.867627
GSE193535	5	EYA4+ZNF568+ZNF793+SFMBT2+ADHFE1	33	0.982095	0.903635
GSE193535	5	EYA4+ZNF568+ZNF793+SFMBT2+HOXA2	33	0.976932	0.908093
GSE193535	5	EYA4+ZNF568+ZNF793+SFMBT2+BEND5	32	0.980252	0.876543
GSE193535	5	EYA4+ZNF568+ZNF793+SFMBT2+UNC5C	32	0.981108	0.878601
GSE193535	5	EYA4+ZNF568+ZNF793+SFMBT2+RALYL	30	0.980317	0.878601
GSE193535	5	EYA4+ZNF568+ZNF793+SFMBT2+GFRA1	34	0.981303	0.875171
GSE193535	5	EYA4+ZNF568+ZNF793+ADHFE1+HOXA2	32	0.977452	0.913580
GSE193535	5	EYA4+ZNF568+ZNF793+ADHFE1+BEND5	31	0.980689	0.896776
GSE193535	5	EYA4+ZNF568+ZNF793+ADHFE1+UNC5C	31	0.980819	0.897119
GSE193535	5	EYA4+ZNF568+ZNF793+ADHFE1+RALYL	29	0.981167	0.896433
GSE193535	5	EYA4+ZNF568+ZNF793+ADHFE1+GFRA1	33	0.981439	0.895062
GSE193535	5	EYA4+ZNF568+ZNF793+HOXA2+BEND5	31	0.975585	0.905693
GSE193535	5	EYA4+ZNF568+ZNF793+HOXA2+UNC5C	31	0.975709	0.904664
GSE193535	5	EYA4+ZNF568+ZNF793+HOXA2+RALYL	29	0.976371	0.906379
GSE193535	5	EYA4+ZNF568+ZNF793+HOXA2+GFRA1	33	0.977233	0.904321
GSE193535	5	EYA4+ZNF568+ZNF793+BEND5+UNC5C	30	0.976926	0.865226
GSE193535	5	EYA4+ZNF568+ZNF793+BEND5+RALYL	28	0.969707	0.861111
GSE193535	5	EYA4+ZNF568+ZNF793+BEND5+GFRA1	32	0.974197	0.846022
GSE193535	5	EYA4+ZNF568+ZNF793+UNC5C+RALYL	28	0.976725	0.863169
GSE193535	5	EYA4+ZNF568+ZNF793+UNC5C+GFRA1	32	0.979082	0.865569
GSE193535	5	EYA4+ZNF568+ZNF793+RALYL+GFRA1	30	0.973931	0.855624
GSE193535	5	EYA4+ZNF568+SFMBT2+ADHFE1+HOXA2	33	0.977794	0.915295
GSE193535	5	EYA4+ZNF568+SFMBT2+ADHFE1+BEND5	32	0.981244	0.902606
GSE193535	5	EYA4+ZNF568+SFMBT2+ADHFE1+UNC5C	32	0.981681	0.904321
GSE193535	5	EYA4+ZNF568+SFMBT2+ADHFE1+RALYL	30	0.981782	0.903292
GSE193535	5	EYA4+ZNF568+SFMBT2+ADHFE1+GFRA1	34	0.982366	0.900892
GSE193535	5	EYA4+ZNF568+SFMBT2+HOXA2+BEND5	32	0.976406	0.908436
GSE193535	5	EYA4+ZNF568+SFMBT2+HOXA2+UNC5C	32	0.976577	0.908436
GSE193535	5	EYA4+ZNF568+SFMBT2+HOXA2+RALYL	30	0.977109	0.909122
GSE193535	5	EYA4+ZNF568+SFMBT2+HOXA2+GFRA1	34	0.977924	0.907750
GSE193535	5	EYA4+ZNF568+SFMBT2+BEND5+UNC5C	31	0.980618	0.879973
GSE193535	5	EYA4+ZNF568+SFMBT2+BEND5+RALYL	29	0.979679	0.875171
GSE193535	5	EYA4+ZNF568+SFMBT2+BEND5+GFRA1	33	0.981108	0.872771
GSE193535	5	EYA4+ZNF568+SFMBT2+UNC5C+RALYL	29	0.980553	0.877572
GSE193535	5	EYA4+ZNF568+SFMBT2+UNC5C+GFRA1	33	0.981563	0.877915
GSE193535	5	EYA4+ZNF568+SFMBT2+RALYL+GFRA1	31	0.980842	0.876886
GSE193535	5	EYA4+ZNF568+ADHFE1+HOXA2+BEND5	31	0.976879	0.912209
GSE193535	5	EYA4+ZNF568+ADHFE1+HOXA2+UNC5C	31	0.976760	0.911866
GSE193535	5	EYA4+ZNF568+ADHFE1+HOXA2+RALYL	29	0.977322	0.913237
GSE193535	5	EYA4+ZNF568+ADHFE1+HOXA2+GFRA1	33	0.977912	0.912551
GSE193535	5	EYA4+ZNF568+ADHFE1+BEND5+UNC5C	30	0.980051	0.894376
GSE193535	5	EYA4+ZNF568+ADHFE1+BEND5+RALYL	28	0.980600	0.894719
GSE193535	5	EYA4+ZNF568+ADHFE1+BEND5+GFRA1	32	0.981321	0.896091
GSE193535	5	EYA4+ZNF568+ADHFE1+UNC5C+RALYL	28	0.980104	0.892661
GSE193535	5	EYA4+ZNF568+ADHFE1+UNC5C+GFRA1	32	0.981067	0.891975
GSE193535	5	EYA4+ZNF568+ADHFE1+RALYL+GFRA1	30	0.981232	0.891289
GSE193535	5	EYA4+ZNF568+HOXA2+BEND5+UNC5C	30	0.975301	0.904664
GSE193535	5	EYA4+ZNF568+HOXA2+BEND5+RALYL	28	0.975538	0.904321
GSE193535	5	EYA4+ZNF568+HOXA2+BEND5+GFRA1	32	0.976353	0.905350
GSE193535	5	EYA4+ZNF568+HOXA2+UNC5C+RALYL	28	0.975662	0.903978
GSE193535	5	EYA4+ZNF568+HOXA2+UNC5C+GFRA1	32	0.976642	0.905350
GSE193535	5	EYA4+ZNF568+HOXA2+RALYL+GFRA1	30	0.977221	0.906036
GSE193535	5	EYA4+ZNF568+BEND5+UNC5C+RALYL	27	0.976707	0.862140
GSE193535	5	EYA4+ZNF568+BEND5+UNC5C+GFRA1	31	0.978686	0.865569
GSE193535	5	EYA4+ZNF568+BEND5+RALYL+GFRA1	29	0.973440	0.838477
GSE193535	5	EYA4+ZNF568+UNC5C+RALYL+GFRA1	29	0.978822	0.855624
GSE193535	5	EYA4+ZNF793+SFMBT2+ADHFE1+HOXA2	33	0.977227	0.917695
GSE193535	5	EYA4+ZNF793+SFMBT2+ADHFE1+BEND5	32	0.981120	0.904321
GSE193535	5	EYA4+ZNF793+SFMBT2+ADHFE1+UNC5C	32	0.980659	0.908093
GSE193535	5	EYA4+ZNF793+SFMBT2+ADHFE1+RALYL	30	0.981445	0.907064
GSE193535	5	EYA4+ZNF793+SFMBT2+ADHFE1+GFRA1	34	0.981983	0.905350
GSE193535	5	EYA4+ZNF793+SFMBT2+HOXA2+BEND5	32	0.975715	0.911523
GSE193535	5	EYA4+ZNF793+SFMBT2+HOXA2+UNC5C	32	0.976347	0.911180
GSE193535	5	EYA4+ZNF793+SFMBT2+HOXA2+RALYL	30	0.976571	0.911180
GSE193535	5	EYA4+ZNF793+SFMBT2+HOXA2+GFRA1	34	0.977251	0.910494
GSE193535	5	EYA4+ZNF793+SFMBT2+BEND5+UNC5C	31	0.980092	0.882373
GSE193535	5	EYA4+ZNF793+SFMBT2+BEND5+RALYL	29	0.979218	0.871742
GSE193535	5	EYA4+ZNF793+SFMBT2+BEND5+GFRA1	33	0.980825	0.868313
GSE193535	5	EYA4+ZNF793+SFMBT2+UNC5C+RALYL	29	0.980529	0.879630
GSE193535	5	EYA4+ZNF793+SFMBT2+UNC5C+GFRA1	33	0.981575	0.874829
GSE193535	5	EYA4+ZNF793+SFMBT2+RALYL+GFRA1	31	0.980961	0.867627
GSE193535	5	EYA4+ZNF793+ADHFE1+HOXA2+BEND5	31	0.976329	0.914952
GSE193535	5	EYA4+ZNF793+ADHFE1+HOXA2+UNC5C	31	0.976589	0.915638
GSE193535	5	EYA4+ZNF793+ADHFE1+HOXA2+RALYL	29	0.976855	0.915638
GSE193535	5	EYA4+ZNF793+ADHFE1+HOXA2+GFRA1	33	0.977517	0.913923
GSE193535	5	EYA4+ZNF793+ADHFE1+BEND5+UNC5C	30	0.979253	0.900892
GSE193535	5	EYA4+ZNF793+ADHFE1+BEND5+RALYL	28	0.980187	0.899863
GSE193535	5	EYA4+ZNF793+ADHFE1+BEND5+GFRA1	32	0.981197	0.899177
GSE193535	5	EYA4+ZNF793+ADHFE1+UNC5C+RALYL	28	0.979578	0.902263
GSE193535	5	EYA4+ZNF793+ADHFE1+UNC5C+GFRA1	32	0.980712	0.899863
GSE193535	5	EYA4+ZNF793+ADHFE1+RALYL+GFRA1	30	0.981091	0.899177
GSE193535	5	EYA4+ZNF793+HOXA2+BEND5+UNC5C	30	0.974338	0.906379
GSE193535	5	EYA4+ZNF793+HOXA2+BEND5+RALYL	28	0.974462	0.907407
GSE193535	5	EYA4+ZNF793+HOXA2+BEND5+GFRA1	32	0.975874	0.908093
GSE193535	5	EYA4+ZNF793+HOXA2+UNC5C+RALYL	28	0.975591	0.906722
GSE193535	5	EYA4+ZNF793+HOXA2+UNC5C+GFRA1	32	0.976435	0.908093
GSE193535	5	EYA4+ZNF793+HOXA2+RALYL+GFRA1	30	0.976754	0.907750
GSE193535	5	EYA4+ZNF793+BEND5+UNC5C+RALYL	27	0.974220	0.868313
GSE193535	5	EYA4+ZNF793+BEND5+UNC5C+GFRA1	31	0.977688	0.868313
GSE193535	5	EYA4+ZNF793+BEND5+RALYL+GFRA1	29	0.971798	0.828875
GSE193535	5	EYA4+ZNF793+UNC5C+RALYL+GFRA1	29	0.978255	0.862826
GSE193535	5	EYA4+SFMBT2+ADHFE1+HOXA2+BEND5	32	0.976453	0.914952
GSE193535	5	EYA4+SFMBT2+ADHFE1+HOXA2+UNC5C	32	0.976719	0.915981
GSE193535	5	EYA4+SFMBT2+ADHFE1+HOXA2+RALYL	30	0.976997	0.917010
GSE193535	5	EYA4+SFMBT2+ADHFE1+HOXA2+GFRA1	34	0.977540	0.916324
GSE193535	5	EYA4+SFMBT2+ADHFE1+BEND5+UNC5C	31	0.980281	0.906379
GSE193535	5	EYA4+SFMBT2+ADHFE1+BEND5+RALYL	29	0.980913	0.906722
GSE193535	5	EYA4+SFMBT2+ADHFE1+BEND5+GFRA1	33	0.981386	0.902263
GSE193535	5	EYA4+SFMBT2+ADHFE1+UNC5C+RALYL	29	0.980411	0.906036
GSE193535	5	EYA4+SFMBT2+ADHFE1+UNC5C+GFRA1	33	0.981073	0.904321
GSE193535	5	EYA4+SFMBT2+ADHFE1+RALYL+GFRA1	31	0.981717	0.905007
GSE193535	5	EYA4+SFMBT2+HOXA2+BEND5+UNC5C	31	0.975396	0.909465
GSE193535	5	EYA4+SFMBT2+HOXA2+BEND5+RALYL	29	0.975756	0.909808
GSE193535	5	EYA4+SFMBT2+HOXA2+BEND5+GFRA1	33	0.976802	0.911180
GSE193535	5	EYA4+SFMBT2+HOXA2+UNC5C+RALYL	29	0.976069	0.908779
GSE193535	5	EYA4+SFMBT2+HOXA2+UNC5C+GFRA1	33	0.977091	0.909122
GSE193535	5	EYA4+SFMBT2+HOXA2+RALYL+GFRA1	31	0.977263	0.910494
GSE193535	5	EYA4+SFMBT2+BEND5+UNC5C+RALYL	28	0.979608	0.881344
GSE193535	5	EYA4+SFMBT2+BEND5+UNC5C+GFRA1	32	0.981244	0.880316
GSE193535	5	EYA4+SFMBT2+BEND5+RALYL+GFRA1	30	0.980606	0.868313
GSE193535	5	EYA4+SFMBT2+UNC5C+RALYL+GFRA1	30	0.980783	0.876886
GSE193535	5	EYA4+ADHFE1+HOXA2+BEND5+UNC5C	30	0.975579	0.914609
GSE193535	5	EYA4+ADHFE1+HOXA2+BEND5+RALYL	28	0.976010	0.913923
GSE193535	5	EYA4+ADHFE1+HOXA2+BEND5+GFRA1	32	0.976873	0.914609
GSE193535	5	EYA4+ADHFE1+HOXA2+UNC5C+RALYL	28	0.975939	0.914266
GSE193535	5	EYA4+ADHFE1+HOXA2+UNC5C+GFRA1	32	0.976772	0.913923
GSE193535	5	EYA4+ADHFE1+HOXA2+RALYL+GFRA1	30	0.977245	0.914952
GSE193535	5	EYA4+ADHFE1+BEND5+UNC5C+RALYL	27	0.979188	0.898834
GSE193535	5	EYA4+ADHFE1+BEND5+UNC5C+GFRA1	31	0.980417	0.897805
GSE193535	5	EYA4+ADHFE1+BEND5+RALYL+GFRA1	29	0.980925	0.898148
GSE193535	5	EYA4+ADHFE1+UNC5C+RALYL+GFRA1	29	0.980151	0.897119
GSE193535	5	EYA4+HOXA2+BEND5+UNC5C+RALYL	27	0.974835	0.905693
GSE193535	5	EYA4+HOXA2+BEND5+UNC5C+GFRA1	31	0.975526	0.906379
GSE193535	5	EYA4+HOXA2+BEND5+RALYL+GFRA1	29	0.975927	0.907750
GSE193535	5	EYA4+HOXA2+UNC5C+RALYL+GFRA1	29	0.975744	0.907064
GSE193535	5	EYA4+BEND5+UNC5C+RALYL+GFRA1	28	0.977847	0.867627
GSE193535	5	ZNF568+ZNF793+SFMBT2+ADHFE1+HOXA2	26	0.977180	0.907407
GSE193535	5	ZNF568+ZNF793+SFMBT2+ADHFE1+BEND5	25	0.980718	0.909465
GSE193535	5	ZNF568+ZNF793+SFMBT2+ADHFE1+UNC5C	25	0.980878	0.912894
GSE193535	5	ZNF568+ZNF793+SFMBT2+ADHFE1+RALYL	23	0.981368	0.912551
GSE193535	5	ZNF568+ZNF793+SFMBT2+ADHFE1+GFRA1	27	0.982390	0.903978
GSE193535	5	ZNF568+ZNF793+SFMBT2+HOXA2+BEND5	25	0.974888	0.899520
GSE193535	5	ZNF568+ZNF793+SFMBT2+HOXA2+UNC5C	25	0.975396	0.899863
GSE193535	5	ZNF568+ZNF793+SFMBT2+HOXA2+RALYL	23	0.975963	0.897805
GSE193535	5	ZNF568+ZNF793+SFMBT2+HOXA2+GFRA1	27	0.976849	0.896091
GSE193535	5	ZNF568+ZNF793+SFMBT2+BEND5+UNC5C	24	0.980517	0.885460
GSE193535	5	ZNF568+ZNF793+SFMBT2+BEND5+RALYL	22	0.979318	0.885117
GSE193535	5	ZNF568+ZNF793+SFMBT2+BEND5+GFRA1	26	0.981368	0.882030
GSE193535	5	ZNF568+ZNF793+SFMBT2+UNC5C+RALYL	22	0.980577	0.889575
GSE193535	5	ZNF568+ZNF793+SFMBT2+UNC5C+GFRA1	26	0.981161	0.886145
GSE193535	5	ZNF568+ZNF793+SFMBT2+RALYL+GFRA1	24	0.980943	0.885460
GSE193535	5	ZNF568+ZNF793+ADHFE1+HOXA2+BEND5	24	0.975904	0.904664
GSE193535	5	ZNF568+ZNF793+ADHFE1+HOXA2+UNC5C	24	0.976613	0.904321
GSE193535	5	ZNF568+ZNF793+ADHFE1+HOXA2+RALYL	22	0.976725	0.902263
GSE193535	5	ZNF568+ZNF793+ADHFE1+HOXA2+GFRA1	26	0.977416	0.902606
GSE193535	5	ZNF568+ZNF793+ADHFE1+BEND5+UNC5C	23	0.979324	0.900206
GSE193535	5	ZNF568+ZNF793+ADHFE1+BEND5+RALYL	21	0.979720	0.900892
GSE193535	5	ZNF568+ZNF793+ADHFE1+BEND5+GFRA1	25	0.980582	0.892318
GSE193535	5	ZNF568+ZNF793+ADHFE1+UNC5C+RALYL	21	0.980163	0.899520
GSE193535	5	ZNF568+ZNF793+ADHFE1+UNC5C+GFRA1	25	0.980860	0.900892
GSE193535	5	ZNF568+ZNF793+ADHFE1+RALYL+GFRA1	23	0.981220	0.898491
GSE193535	5	ZNF568+ZNF793+HOXA2+BEND5+UNC5C	23	0.974143	0.895405
GSE193535	5	ZNF568+ZNF793+HOXA2+BEND5+RALYL	21	0.974185	0.894033
GSE193535	5	ZNF568+ZNF793+HOXA2+BEND5+GFRA1	25	0.975526	0.896433
GSE193535	5	ZNF568+ZNF793+HOXA2+UNC5C+RALYL	21	0.974699	0.891289
GSE193535	5	ZNF568+ZNF793+HOXA2+UNC5C+GFRA1	25	0.976252	0.893004
GSE193535	5	ZNF568+ZNF793+HOXA2+RALYL+GFRA1	23	0.976648	0.890947
GSE193535	5	ZNF568+ZNF793+BEND5+UNC5C+RALYL	20	0.977729	0.863512
GSE193535	5	ZNF568+ZNF793+BEND5+UNC5C+GFRA1	24	0.979531	0.871056
GSE193535	5	ZNF568+ZNF793+BEND5+RALYL+GFRA1	22	0.977948	0.862826
GSE193535	5	ZNF568+ZNF793+UNC5C+RALYL+GFRA1	22	0.979147	0.864540
GSE193535	5	ZNF568+SFMBT2+ADHFE1+HOXA2+BEND5	25	0.976040	0.910494
GSE193535	5	ZNF568+SFMBT2+ADHFE1+HOXA2+UNC5C	25	0.977186	0.909122
GSE193535	5	ZNF568+SFMBT2+ADHFE1+HOXA2+RALYL	23	0.977150	0.908436
GSE193535	5	ZNF568+SFMBT2+ADHFE1+HOXA2+GFRA1	27	0.977989	0.905693
GSE193535	5	ZNF568+SFMBT2+ADHFE1+BEND5+UNC5C	24	0.980441	0.908093
GSE193535	5	ZNF568+SFMBT2+ADHFE1+BEND5+RALYL	22	0.980405	0.908436
GSE193535	5	ZNF568+SFMBT2+ADHFE1+BEND5+GFRA1	26	0.981563	0.901920
GSE193535	5	ZNF568+SFMBT2+ADHFE1+UNC5C+RALYL	22	0.980943	0.911180
GSE193535	5	ZNF568+SFMBT2+ADHFE1+UNC5C+GFRA1	26	0.981935	0.909465
GSE193535	5	ZNF568+SFMBT2+ADHFE1+RALYL+GFRA1	24	0.982248	0.908436
GSE193535	5	ZNF568+SFMBT2+HOXA2+BEND5+UNC5C	24	0.975148	0.903635
GSE193535	5	ZNF568+SFMBT2+HOXA2+BEND5+RALYL	22	0.975272	0.902606
GSE193535	5	ZNF568+SFMBT2+HOXA2+BEND5+GFRA1	26	0.976648	0.900549
GSE193535	5	ZNF568+SFMBT2+HOXA2+UNC5C+RALYL	22	0.976211	0.904664
GSE193535	5	ZNF568+SFMBT2+HOXA2+UNC5C+GFRA1	26	0.976873	0.899177
GSE193535	5	ZNF568+SFMBT2+HOXA2+RALYL+GFRA1	24	0.977286	0.899177
GSE193535	5	ZNF568+SFMBT2+BEND5+UNC5C+RALYL	21	0.980110	0.886488
GSE193535	5	ZNF568+SFMBT2+BEND5+UNC5C+GFRA1	25	0.981120	0.886488
GSE193535	5	ZNF568+SFMBT2+BEND5+RALYL+GFRA1	23	0.980494	0.882716
GSE193535	5	ZNF568+SFMBT2+UNC5C+RALYL+GFRA1	23	0.981427	0.887517
GSE193535	5	ZNF568+ADHFE1+HOXA2+BEND5+UNC5C	23	0.975620	0.907407
GSE193535	5	ZNF568+ADHFE1+HOXA2+BEND5+RALYL	21	0.975987	0.906722
GSE193535	5	ZNF568+ADHFE1+HOXA2+BEND5+GFRA1	25	0.976843	0.907407
GSE193535	5	ZNF568+ADHFE1+HOXA2+UNC5C+RALYL	21	0.976341	0.902949
GSE193535	5	ZNF568+ADHFE1+HOXA2+UNC5C+GFRA1	25	0.976825	0.904321
GSE193535	5	ZNF568+ADHFE1+HOXA2+RALYL+GFRA1	23	0.977617	0.905693
GSE193535	5	ZNF568+ADHFE1+BEND5+UNC5C+RALYL	20	0.979655	0.898148
GSE193535	5	ZNF568+ADHFE1+BEND5+UNC5C+GFRA1	24	0.980718	0.897805
GSE193535	5	ZNF568+ADHFE1+BEND5+RALYL+GFRA1	22	0.980831	0.897462
GSE193535	5	ZNF568+ADHFE1+UNC5C+RALYL+GFRA1	22	0.981020	0.897805
GSE193535	5	ZNF568+HOXA2+BEND5+UNC5C+RALYL	20	0.974716	0.897805
GSE193535	5	ZNF568+HOXA2+BEND5+UNC5C+GFRA1	24	0.975821	0.898491
GSE193535	5	ZNF568+HOXA2+BEND5+RALYL+GFRA1	22	0.976270	0.898834
GSE193535	5	ZNF568+HOXA2+UNC5C+RALYL+GFRA1	22	0.976010	0.895748
GSE193535	5	ZNF568+BEND5+UNC5C+RALYL+GFRA1	21	0.979253	0.867627
GSE193535	5	ZNF793+SFMBT2+ADHFE1+HOXA2+BEND5	25	0.975632	0.913237
GSE193535	5	ZNF793+SFMBT2+ADHFE1+HOXA2+UNC5C	25	0.976311	0.911866
GSE193535	5	ZNF793+SFMBT2+ADHFE1+HOXA2+RALYL	23	0.976217	0.911180
GSE193535	5	ZNF793+SFMBT2+ADHFE1+HOXA2+GFRA1	27	0.977257	0.909808
GSE193535	5	ZNF793+SFMBT2+ADHFE1+BEND5+UNC5C	24	0.979129	0.914266
GSE193535	5	ZNF793+SFMBT2+ADHFE1+BEND5+RALYL	22	0.979826	0.915638
GSE193535	5	ZNF793+SFMBT2+ADHFE1+BEND5+GFRA1	26	0.981581	0.907064
GSE193535	5	ZNF793+SFMBT2+ADHFE1+UNC5C+RALYL	22	0.979962	0.913923
GSE193535	5	ZNF793+SFMBT2+ADHFE1+UNC5C+GFRA1	26	0.981545	0.912551
GSE193535	5	ZNF793+SFMBT2+ADHFE1+RALYL+GFRA1	24	0.981929	0.912551
GSE193535	5	ZNF793+SFMBT2+HOXA2+BEND5+UNC5C	24	0.974403	0.905007
GSE193535	5	ZNF793+SFMBT2+HOXA2+BEND5+RALYL	22	0.974705	0.906722
GSE193535	5	ZNF793+SFMBT2+HOXA2+BEND5+GFRA1	26	0.975951	0.904664
GSE193535	5	ZNF793+SFMBT2+HOXA2+UNC5C+RALYL	22	0.976341	0.906379
GSE193535	5	ZNF793+SFMBT2+HOXA2+UNC5C+GFRA1	26	0.977097	0.900549
GSE193535	5	ZNF793+SFMBT2+HOXA2+RALYL+GFRA1	24	0.977097	0.902263
GSE193535	5	ZNF793+SFMBT2+BEND5+UNC5C+RALYL	21	0.979312	0.891632
GSE193535	5	ZNF793+SFMBT2+BEND5+UNC5C+GFRA1	25	0.981126	0.888203
GSE193535	5	ZNF793+SFMBT2+BEND5+RALYL+GFRA1	23	0.980275	0.883402
GSE193535	5	ZNF793+SFMBT2+UNC5C+RALYL+GFRA1	23	0.981138	0.889918
GSE193535	5	ZNF793+ADHFE1+HOXA2+BEND5+UNC5C	23	0.974894	0.909808
GSE193535	5	ZNF793+ADHFE1+HOXA2+BEND5+RALYL	21	0.975006	0.910494
GSE193535	5	ZNF793+ADHFE1+HOXA2+BEND5+GFRA1	25	0.976258	0.909465
GSE193535	5	ZNF793+ADHFE1+HOXA2+UNC5C+RALYL	21	0.975851	0.908436
GSE193535	5	ZNF793+ADHFE1+HOXA2+UNC5C+GFRA1	25	0.976524	0.904321
GSE193535	5	ZNF793+ADHFE1+HOXA2+RALYL+GFRA1	23	0.977073	0.903978
GSE193535	5	ZNF793+ADHFE1+BEND5+UNC5C+RALYL	20	0.977635	0.905693
GSE193535	5	ZNF793+ADHFE1+BEND5+UNC5C+GFRA1	24	0.979708	0.899863
GSE193535	5	ZNF793+ADHFE1+BEND5+RALYL+GFRA1	22	0.980293	0.900206
GSE193535	5	ZNF793+ADHFE1+UNC5C+RALYL+GFRA1	22	0.980659	0.902606
GSE193535	5	ZNF793+HOXA2+BEND5+UNC5C+RALYL	20	0.974138	0.900206
GSE193535	5	ZNF793+HOXA2+BEND5+UNC5C+GFRA1	24	0.975585	0.901920
GSE193535	5	ZNF793+HOXA2+BEND5+RALYL+GFRA1	22	0.975532	0.902606
GSE193535	5	ZNF793+HOXA2+UNC5C+RALYL+GFRA1	22	0.975927	0.897119
GSE193535	5	ZNF793+BEND5+UNC5C+RALYL+GFRA1	21	0.979041	0.868313
GSE193535	5	SFMBT2+ADHFE1+HOXA2+BEND5+UNC5C	24	0.975591	0.914266
GSE193535	5	SFMBT2+ADHFE1+HOXA2+BEND5+RALYL	22	0.975679	0.914266
GSE193535	5	SFMBT2+ADHFE1+HOXA2+BEND5+GFRA1	26	0.976772	0.912551
GSE193535	5	SFMBT2+ADHFE1+HOXA2+UNC5C+RALYL	22	0.976453	0.912551
GSE193535	5	SFMBT2+ADHFE1+HOXA2+UNC5C+GFRA1	26	0.977221	0.910837
GSE193535	5	SFMBT2+ADHFE1+HOXA2+RALYL+GFRA1	24	0.977392	0.910151
GSE193535	5	SFMBT2+ADHFE1+BEND5+UNC5C+RALYL	21	0.979448	0.910494
GSE193535	5	SFMBT2+ADHFE1+BEND5+UNC5C+GFRA1	25	0.981026	0.904321
GSE193535	5	SFMBT2+ADHFE1+BEND5+RALYL+GFRA1	23	0.981409	0.907407
GSE193535	5	SFMBT2+ADHFE1+UNC5C+RALYL+GFRA1	23	0.981043	0.912894
GSE193535	5	SFMBT2+HOXA2+BEND5+UNC5C+RALYL	21	0.975230	0.905350
GSE193535	5	SFMBT2+HOXA2+BEND5+UNC5C+GFRA1	25	0.976311	0.658093
GSE193535	5	SFMBT2+HOXA2+BEND5+RALYL+GFRA1	23	0.976530	0.695816
GSE193535	5	SFMBT2+HOXA2+UNC5C+RALYL+GFRA1	23	0.976979	0.672840
GSE193535	5	SFMBT2+BEND5+UNC5C+RALYL+GFRA1	22	0.981132	0.888546
GSE193535	5	ADHFE1+HOXA2+BEND5+UNC5C+RALYL	20	0.975360	0.909465
GSE193535	5	ADHFE1+HOXA2+BEND5+UNC5C+GFRA1	24	0.976565	0.911523
GSE193535	5	ADHFE1+HOXA2+BEND5+RALYL+GFRA1	22	0.976270	0.912209
GSE193535	5	ADHFE1+HOXA2+UNC5C+RALYL+GFRA1	22	0.977056	0.906722
GSE193535	5	ADHFE1+BEND5+UNC5C+RALYL+GFRA1	21	0.980222	0.899863
GSE193535	5	HOXA2+BEND5+UNC5C+RALYL+GFRA1	21	0.975668	0.901578
GSE193535	6	EYA4+ZNF568+ZNF793+SFMBT2+ADHFE1+HOXA2	38	0.977824	0.915295
GSE193535	6	EYA4+ZNF568+ZNF793+SFMBT2+ADHFE1+BEND5	37	0.981167	0.903292
GSE193535	6	EYA4+ZNF568+ZNF793+SFMBT2+ADHFE1+UNC5C	37	0.981374	0.903635
GSE193535	6	EYA4+ZNF568+ZNF793+SFMBT2+ADHFE1+RALYL	35	0.981569	0.903292
GSE193535	6	EYA4+ZNF568+ZNF793+SFMBT2+ADHFE1+GFRA1	39	0.982000	0.901578
GSE193535	6	EYA4+ZNF568+ZNF793+SFMBT2+HOXA2+BEND5	37	0.976276	0.907407
GSE193535	6	EYA4+ZNF568+ZNF793+SFMBT2+HOXA2+UNC5C	37	0.976441	0.907407
GSE193535	6	EYA4+ZNF568+ZNF793+SFMBT2+HOXA2+RALYL	35	0.976985	0.906722
GSE193535	6	EYA4+ZNF568+ZNF793+SFMBT2+HOXA2+GFRA1	39	0.977676	0.906379
GSE193535	6	EYA4+ZNF568+ZNF793+SFMBT2+BEND5+UNC5C	36	0.980429	0.882030
GSE193535	6	EYA4+ZNF568+ZNF793+SFMBT2+BEND5+RALYL	34	0.979336	0.875514
GSE193535	6	EYA4+ZNF568+ZNF793+SFMBT2+BEND5+GFRA1	38	0.980736	0.874829
GSE193535	6	EYA4+ZNF568+ZNF793+SFMBT2+UNC5C+RALYL	34	0.980594	0.877915
GSE193535	6	EYA4+ZNF568+ZNF793+SFMBT2+UNC5C+GFRA1	38	0.981480	0.878601
GSE193535	6	EYA4+ZNF568+ZNF793+SFMBT2+RALYL+GFRA1	36	0.980547	0.875171
GSE193535	6	EYA4+ZNF568+ZNF793+ADHFE1+HOXA2+BEND5	36	0.976884	0.912209
GSE193535	6	EYA4+ZNF568+ZNF793+ADHFE1+HOXA2+UNC5C	36	0.976926	0.912551
GSE193535	6	EYA4+ZNF568+ZNF793+ADHFE1+HOXA2+RALYL	34	0.977322	0.913237
GSE193535	6	EYA4+ZNF568+ZNF793+ADHFE1+HOXA2+GFRA1	38	0.977906	0.911180
GSE193535	6	EYA4+ZNF568+ZNF793+ADHFE1+BEND5+UNC5C	35	0.980057	0.896091
GSE193535	6	EYA4+ZNF568+ZNF793+ADHFE1+BEND5+RALYL	33	0.980382	0.897119
GSE193535	6	EYA4+ZNF568+ZNF793+ADHFE1+BEND5+GFRA1	37	0.981073	0.895405
GSE193535	6	EYA4+ZNF568+ZNF793+ADHFE1+UNC5C+RALYL	33	0.980582	0.896091
GSE193535	6	EYA4+ZNF568+ZNF793+ADHFE1+UNC5C+GFRA1	37	0.981014	0.896433
GSE193535	6	EYA4+ZNF568+ZNF793+ADHFE1+RALYL+GFRA1	35	0.981356	0.895062
GSE193535	6	EYA4+ZNF568+ZNF793+HOXA2+BEND5+UNC5C	35	0.974941	0.903978
GSE193535	6	EYA4+ZNF568+ZNF793+HOXA2+BEND5+RALYL	33	0.975272	0.903635
GSE193535	6	EYA4+ZNF568+ZNF793+HOXA2+BEND5+GFRA1	37	0.976489	0.902949
GSE193535	6	EYA4+ZNF568+ZNF793+HOXA2+UNC5C+RALYL	33	0.975774	0.903292
GSE193535	6	EYA4+ZNF568+ZNF793+HOXA2+UNC5C+GFRA1	37	0.976554	0.903292
GSE193535	6	EYA4+ZNF568+ZNF793+HOXA2+RALYL+GFRA1	35	0.977103	0.903635
GSE193535	6	EYA4+ZNF568+ZNF793+BEND5+UNC5C+RALYL	32	0.976022	0.865226
GSE193535	6	EYA4+ZNF568+ZNF793+BEND5+UNC5C+GFRA1	36	0.978290	0.867627
GSE193535	6	EYA4+ZNF568+ZNF793+BEND5+RALYL+GFRA1	34	0.973074	0.845679
GSE193535	6	EYA4+ZNF568+ZNF793+UNC5C+RALYL+GFRA1	34	0.978527	0.865912
GSE193535	6	EYA4+ZNF568+SFMBT2+ADHFE1+HOXA2+BEND5	37	0.977032	0.912894
GSE193535	6	EYA4+ZNF568+SFMBT2+ADHFE1+HOXA2+UNC5C	37	0.977245	0.913580
GSE193535	6	EYA4+ZNF568+SFMBT2+ADHFE1+HOXA2+RALYL	35	0.977800	0.914952
GSE193535	6	EYA4+ZNF568+SFMBT2+ADHFE1+HOXA2+GFRA1	39	0.978261	0.912209
GSE193535	6	EYA4+ZNF568+SFMBT2+ADHFE1+BEND5+UNC5C	36	0.980600	0.902606
GSE193535	6	EYA4+ZNF568+SFMBT2+ADHFE1+BEND5+RALYL	34	0.980795	0.902263
GSE193535	6	EYA4+ZNF568+SFMBT2+ADHFE1+BEND5+GFRA1	38	0.981587	0.901235
GSE193535	6	EYA4+ZNF568+SFMBT2+ADHFE1+UNC5C+RALYL	34	0.981280	0.902263
GSE193535	6	EYA4+ZNF568+SFMBT2+ADHFE1+UNC5C+GFRA1	38	0.981888	0.900892
GSE193535	6	EYA4+ZNF568+SFMBT2+ADHFE1+RALYL+GFRA1	36	0.982030	0.900206
GSE193535	6	EYA4+ZNF568+SFMBT2+HOXA2+BEND5+UNC5C	36	0.975744	0.905693
GSE193535	6	EYA4+ZNF568+SFMBT2+HOXA2+BEND5+RALYL	34	0.976441	0.907064
GSE193535	6	EYA4+ZNF568+SFMBT2+HOXA2+BEND5+GFRA1	38	0.977268	0.907064
GSE193535	6	EYA4+ZNF568+SFMBT2+HOXA2+UNC5C+RALYL	34	0.976447	0.907064
GSE193535	6	EYA4+ZNF568+SFMBT2+HOXA2+UNC5C+GFRA1	38	0.977257	0.905693
GSE193535	6	EYA4+ZNF568+SFMBT2+HOXA2+RALYL+GFRA1	36	0.977918	0.906036
GSE193535	6	EYA4+ZNF568+SFMBT2+BEND5+UNC5C+RALYL	33	0.979956	0.878944
GSE193535	6	EYA4+ZNF568+SFMBT2+BEND5+UNC5C+GFRA1	37	0.980878	0.876886
GSE193535	6	EYA4+ZNF568+SFMBT2+BEND5+RALYL+GFRA1	35	0.980163	0.872771
GSE193535	6	EYA4+ZNF568+SFMBT2+UNC5C+RALYL+GFRA1	35	0.981126	0.875857
GSE193535	6	EYA4+ZNF568+ADHFE1+HOXA2+BEND5+UNC5C	35	0.976140	0.911866
GSE193535	6	EYA4+ZNF568+ADHFE1+HOXA2+BEND5+RALYL	33	0.976760	0.911866
GSE193535	6	EYA4+ZNF568+ADHFE1+HOXA2+BEND5+GFRA1	37	0.977310	0.911866
GSE193535	6	EYA4+ZNF568+ADHFE1+HOXA2+UNC5C+RALYL	33	0.976489	0.911180
GSE193535	6	EYA4+ZNF568+ADHFE1+HOXA2+UNC5C+GFRA1	37	0.977404	0.910837
GSE193535	6	EYA4+ZNF568+ADHFE1+HOXA2+RALYL+GFRA1	35	0.977800	0.910494
GSE193535	6	EYA4+ZNF568+ADHFE1+BEND5+UNC5C+RALYL	32	0.979891	0.891289
GSE193535	6	EYA4+ZNF568+ADHFE1+BEND5+UNC5C+GFRA1	36	0.980724	0.894033
GSE193535	6	EYA4+ZNF568+ADHFE1+BEND5+RALYL+GFRA1	34	0.981096	0.894376
GSE193535	6	EYA4+ZNF568+ADHFE1+UNC5C+RALYL+GFRA1	34	0.980772	0.890604
GSE193535	6	EYA4+ZNF568+HOXA2+BEND5+UNC5C+RALYL	32	0.975301	0.903635
GSE193535	6	EYA4+ZNF568+HOXA2+BEND5+UNC5C+GFRA1	36	0.976022	0.905007
GSE193535	6	EYA4+ZNF568+HOXA2+BEND5+RALYL+GFRA1	34	0.976347	0.905350
GSE193535	6	EYA4+ZNF568+HOXA2+UNC5C+RALYL+GFRA1	34	0.976530	0.904664
GSE193535	6	EYA4+ZNF568+BEND5+UNC5C+RALYL+GFRA1	33	0.978030	0.863855
GSE193535	6	EYA4+ZNF793+SFMBT2+ADHFE1+HOXA2+BEND5	37	0.976518	0.914609
GSE193535	6	EYA4+ZNF793+SFMBT2+ADHFE1+HOXA2+UNC5C	37	0.976814	0.916324
GSE193535	6	EYA4+ZNF793+SFMBT2+ADHFE1+HOXA2+RALYL	35	0.977068	0.916324
GSE193535	6	EYA4+ZNF793+SFMBT2+ADHFE1+HOXA2+GFRA1	39	0.977481	0.915638
GSE193535	6	EYA4+ZNF793+SFMBT2+ADHFE1+BEND5+UNC5C	36	0.979998	0.905693
GSE193535	6	EYA4+ZNF793+SFMBT2+ADHFE1+BEND5+RALYL	34	0.980783	0.905350
GSE193535	6	EYA4+ZNF793+SFMBT2+ADHFE1+BEND5+GFRA1	38	0.981297	0.902949
GSE193535	6	EYA4+ZNF793+SFMBT2+ADHFE1+UNC5C+RALYL	34	0.980612	0.906722
GSE193535	6	EYA4+ZNF793+SFMBT2+ADHFE1+UNC5C+GFRA1	38	0.981085	0.903635
GSE193535	6	EYA4+ZNF793+SFMBT2+ADHFE1+RALYL+GFRA1	36	0.981841	0.904664
GSE193535	6	EYA4+ZNF793+SFMBT2+HOXA2+BEND5+UNC5C	36	0.975526	0.908779
GSE193535	6	EYA4+ZNF793+SFMBT2+HOXA2+BEND5+RALYL	34	0.975780	0.910494
GSE193535	6	EYA4+ZNF793+SFMBT2+HOXA2+BEND5+GFRA1	38	0.976695	0.909465
GSE193535	6	EYA4+ZNF793+SFMBT2+HOXA2+UNC5C+RALYL	34	0.976382	0.909808
GSE193535	6	EYA4+ZNF793+SFMBT2+HOXA2+UNC5C+GFRA1	38	0.977162	0.908779
GSE193535	6	EYA4+ZNF793+SFMBT2+HOXA2+RALYL+GFRA1	36	0.977304	0.909808
GSE193535	6	EYA4+ZNF793+SFMBT2+BEND5+UNC5C+RALYL	33	0.979448	0.882030
GSE193535	6	EYA4+ZNF793+SFMBT2+BEND5+UNC5C+GFRA1	37	0.981067	0.880658
GSE193535	6	EYA4+ZNF793+SFMBT2+BEND5+RALYL+GFRA1	35	0.980086	0.868656
GSE193535	6	EYA4+ZNF793+SFMBT2+UNC5C+RALYL+GFRA1	35	0.980990	0.877915
GSE193535	6	EYA4+ZNF793+ADHFE1+HOXA2+BEND5+UNC5C	35	0.975904	0.913923
GSE193535	6	EYA4+ZNF793+ADHFE1+HOXA2+BEND5+RALYL	33	0.976229	0.913923
GSE193535	6	EYA4+ZNF793+ADHFE1+HOXA2+BEND5+GFRA1	37	0.976973	0.914952
GSE193535	6	EYA4+ZNF793+ADHFE1+HOXA2+UNC5C+RALYL	33	0.976459	0.914609
GSE193535	6	EYA4+ZNF793+ADHFE1+HOXA2+UNC5C+GFRA1	37	0.976843	0.912209
GSE193535	6	EYA4+ZNF793+ADHFE1+HOXA2+RALYL+GFRA1	35	0.977192	0.912894
GSE193535	6	EYA4+ZNF793+ADHFE1+BEND5+UNC5C+RALYL	32	0.979383	0.899863
GSE193535	6	EYA4+ZNF793+ADHFE1+BEND5+UNC5C+GFRA1	36	0.980393	0.899177
GSE193535	6	EYA4+ZNF793+ADHFE1+BEND5+RALYL+GFRA1	34	0.980872	0.899520
GSE193535	6	EYA4+ZNF793+ADHFE1+UNC5C+RALYL+GFRA1	34	0.980506	0.898834
GSE193535	6	EYA4+ZNF793+HOXA2+BEND5+UNC5C+RALYL	32	0.974693	0.906379
GSE193535	6	EYA4+ZNF793+HOXA2+BEND5+UNC5C+GFRA1	36	0.975384	0.907407
GSE193535	6	EYA4+ZNF793+HOXA2+BEND5+RALYL+GFRA1	34	0.975809	0.907750
GSE193535	6	EYA4+ZNF793+HOXA2+UNC5C+RALYL+GFRA1	34	0.976613	0.906722
GSE193535	6	EYA4+ZNF793+BEND5+UNC5C+RALYL+GFRA1	33	0.977103	0.866941
GSE193535	6	EYA4+SFMBT2+ADHFE1+HOXA2+BEND5+UNC5C	36	0.975886	0.914952
GSE193535	6	EYA4+SFMBT2+ADHFE1+HOXA2+BEND5+RALYL	34	0.976252	0.914952
GSE193535	6	EYA4+SFMBT2+ADHFE1+HOXA2+BEND5+GFRA1	38	0.977056	0.915295
GSE193535	6	EYA4+SFMBT2+ADHFE1+HOXA2+UNC5C+RALYL	34	0.976430	0.915295
GSE193535	6	EYA4+SFMBT2+ADHFE1+HOXA2+UNC5C+GFRA1	38	0.976997	0.914266
GSE193535	6	EYA4+SFMBT2+ADHFE1+HOXA2+RALYL+GFRA1	36	0.977475	0.914266
GSE193535	6	EYA4+SFMBT2+ADHFE1+BEND5+UNC5C+RALYL	33	0.980092	0.905350
GSE193535	6	EYA4+SFMBT2+ADHFE1+BEND5+UNC5C+GFRA1	37	0.980842	0.902263
GSE193535	6	EYA4+SFMBT2+ADHFE1+BEND5+RALYL+GFRA1	35	0.981415	0.902606
GSE193535	6	EYA4+SFMBT2+ADHFE1+UNC5C+RALYL+GFRA1	35	0.980966	0.903635
GSE193535	6	EYA4+SFMBT2+HOXA2+BEND5+UNC5C+RALYL	33	0.975047	0.908093
GSE193535	6	EYA4+SFMBT2+HOXA2+BEND5+UNC5C+GFRA1	37	0.976571	0.909808
GSE193535	6	EYA4+SFMBT2+HOXA2+BEND5+RALYL+GFRA1	35	0.976831	0.910494
GSE193535	6	EYA4+SFMBT2+HOXA2+UNC5C+RALYL+GFRA1	35	0.976926	0.908093
GSE193535	6	EYA4+SFMBT2+BEND5+UNC5C+RALYL+GFRA1	34	0.980523	0.879973
GSE193535	6	EYA4+ADHFE1+HOXA2+BEND5+UNC5C+RALYL	32	0.975549	0.913923
GSE193535	6	EYA4+ADHFE1+HOXA2+BEND5+UNC5C+GFRA1	36	0.976424	0.913237
GSE193535	6	EYA4+ADHFE1+HOXA2+BEND5+RALYL+GFRA1	34	0.976825	0.913237
GSE193535	6	EYA4+ADHFE1+HOXA2+UNC5C+RALYL+GFRA1	34	0.976453	0.913923
GSE193535	6	EYA4+ADHFE1+BEND5+UNC5C+RALYL+GFRA1	33	0.980293	0.898834
GSE193535	6	EYA4+HOXA2+BEND5+UNC5C+RALYL+GFRA1	33	0.975662	0.905350
GSE193535	6	ZNF568+ZNF793+SFMBT2+ADHFE1+HOXA2+BEND5	30	0.975945	0.910151
GSE193535	6	ZNF568+ZNF793+SFMBT2+ADHFE1+HOXA2+UNC5C	30	0.976831	0.908436
GSE193535	6	ZNF568+ZNF793+SFMBT2+ADHFE1+HOXA2+RALYL	28	0.976944	0.908436
GSE193535	6	ZNF568+ZNF793+SFMBT2+ADHFE1+HOXA2+GFRA1	32	0.977558	0.907064
GSE193535	6	ZNF568+ZNF793+SFMBT2+ADHFE1+BEND5+UNC5C	29	0.980222	0.909808
GSE193535	6	ZNF568+ZNF793+SFMBT2+ADHFE1+BEND5+RALYL	27	0.980393	0.908779
GSE193535	6	ZNF568+ZNF793+SFMBT2+ADHFE1+BEND5+GFRA1	31	0.981356	0.900549
GSE193535	6	ZNF568+ZNF793+SFMBT2+ADHFE1+UNC5C+RALYL	27	0.980825	0.911866
GSE193535	6	ZNF568+ZNF793+SFMBT2+ADHFE1+UNC5C+GFRA1	31	0.981953	0.907750
GSE193535	6	ZNF568+ZNF793+SFMBT2+ADHFE1+RALYL+GFRA1	29	0.982095	0.905693
GSE193535	6	ZNF568+ZNF793+SFMBT2+HOXA2+BEND5+UNC5C	29	0.974970	0.901920
GSE193535	6	ZNF568+ZNF793+SFMBT2+HOXA2+BEND5+RALYL	27	0.974905	0.901578
GSE193535	6	ZNF568+ZNF793+SFMBT2+HOXA2+BEND5+GFRA1	31	0.975892	0.900206
GSE193535	6	ZNF568+ZNF793+SFMBT2+HOXA2+UNC5C+RALYL	27	0.975939	0.901235
GSE193535	6	ZNF568+ZNF793+SFMBT2+HOXA2+UNC5C+GFRA1	31	0.976477	0.898491
GSE193535	6	ZNF568+ZNF793+SFMBT2+HOXA2+RALYL+GFRA1	29	0.977109	0.898148
GSE193535	6	ZNF568+ZNF793+SFMBT2+BEND5+UNC5C+RALYL	26	0.979915	0.884088
GSE193535	6	ZNF568+ZNF793+SFMBT2+BEND5+UNC5C+GFRA1	30	0.980901	0.885117
GSE193535	6	ZNF568+ZNF793+SFMBT2+BEND5+RALYL+GFRA1	28	0.980210	0.880316
GSE193535	6	ZNF568+ZNF793+SFMBT2+UNC5C+RALYL+GFRA1	28	0.981226	0.887174
GSE193535	6	ZNF568+ZNF793+ADHFE1+HOXA2+BEND5+UNC5C	28	0.975591	0.907064
GSE193535	6	ZNF568+ZNF793+ADHFE1+HOXA2+BEND5+RALYL	26	0.976022	0.906722
GSE193535	6	ZNF568+ZNF793+ADHFE1+HOXA2+BEND5+GFRA1	30	0.976435	0.906722
GSE193535	6	ZNF568+ZNF793+ADHFE1+HOXA2+UNC5C+RALYL	26	0.976335	0.904321
GSE193535	6	ZNF568+ZNF793+ADHFE1+HOXA2+UNC5C+GFRA1	30	0.976790	0.902606
GSE193535	6	ZNF568+ZNF793+ADHFE1+HOXA2+RALYL+GFRA1	28	0.977416	0.903978
GSE193535	6	ZNF568+ZNF793+ADHFE1+BEND5+UNC5C+RALYL	25	0.979460	0.898834
GSE193535	6	ZNF568+ZNF793+ADHFE1+BEND5+UNC5C+GFRA1	29	0.980441	0.894719
GSE193535	6	ZNF568+ZNF793+ADHFE1+BEND5+RALYL+GFRA1	27	0.980435	0.894719
GSE193535	6	ZNF568+ZNF793+ADHFE1+UNC5C+RALYL+GFRA1	27	0.981055	0.898491
GSE193535	6	ZNF568+ZNF793+HOXA2+BEND5+UNC5C+RALYL	25	0.974321	0.897119
GSE193535	6	ZNF568+ZNF793+HOXA2+BEND5+UNC5C+GFRA1	29	0.975195	0.897805
GSE193535	6	ZNF568+ZNF793+HOXA2+BEND5+RALYL+GFRA1	27	0.975366	0.896776
GSE193535	6	ZNF568+ZNF793+HOXA2+UNC5C+RALYL+GFRA1	27	0.975975	0.894719
GSE193535	6	ZNF568+ZNF793+BEND5+UNC5C+RALYL+GFRA1	26	0.978952	0.870370
GSE193535	6	ZNF568+SFMBT2+ADHFE1+HOXA2+BEND5+UNC5C	29	0.975626	0.910494
GSE193535	6	ZNF568+SFMBT2+ADHFE1+HOXA2+BEND5+RALYL	27	0.976010	0.911866
GSE193535	6	ZNF568+SFMBT2+ADHFE1+HOXA2+BEND5+GFRA1	31	0.977115	0.908093
GSE193535	6	ZNF568+SFMBT2+ADHFE1+HOXA2+UNC5C+RALYL	27	0.976873	0.907750
GSE193535	6	ZNF568+SFMBT2+ADHFE1+HOXA2+UNC5C+GFRA1	31	0.977381	0.907407
GSE193535	6	ZNF568+SFMBT2+ADHFE1+HOXA2+RALYL+GFRA1	29	0.977954	0.906722
GSE193535	6	ZNF568+SFMBT2+ADHFE1+BEND5+UNC5C+RALYL	26	0.980151	0.907064
GSE193535	6	ZNF568+SFMBT2+ADHFE1+BEND5+UNC5C+GFRA1	30	0.981138	0.903292
GSE193535	6	ZNF568+SFMBT2+ADHFE1+BEND5+RALYL+GFRA1	28	0.981303	0.903635
GSE193535	6	ZNF568+SFMBT2+ADHFE1+UNC5C+RALYL+GFRA1	28	0.981652	0.909122
GSE193535	6	ZNF568+SFMBT2+HOXA2+BEND5+UNC5C+RALYL	26	0.975295	0.903292
GSE193535	6	ZNF568+SFMBT2+HOXA2+BEND5+UNC5C+GFRA1	30	0.976465	0.903292
GSE193535	6	ZNF568+SFMBT2+HOXA2+BEND5+RALYL+GFRA1	28	0.976814	0.903292
GSE193535	6	ZNF568+SFMBT2+HOXA2+UNC5C+RALYL+GFRA1	28	0.977103	0.900549
GSE193535	6	ZNF568+SFMBT2+BEND5+UNC5C+RALYL+GFRA1	27	0.980517	0.885802
GSE193535	6	ZNF568+ADHFE1+HOXA2+BEND5+UNC5C+RALYL	25	0.975673	0.908093
GSE193535	6	ZNF568+ADHFE1+HOXA2+BEND5+UNC5C+GFRA1	29	0.976731	0.905350
GSE193535	6	ZNF568+ADHFE1+HOXA2+BEND5+RALYL+GFRA1	27	0.976737	0.906379
GSE193535	6	ZNF568+ADHFE1+HOXA2+UNC5C+RALYL+GFRA1	27	0.977286	0.904321
GSE193535	6	ZNF568+ADHFE1+BEND5+UNC5C+RALYL+GFRA1	26	0.980376	0.895405
GSE193535	6	ZNF568+HOXA2+BEND5+UNC5C+RALYL+GFRA1	26	0.975786	0.898834
GSE193535	6	ZNF793+SFMBT2+ADHFE1+HOXA2+BEND5+UNC5C	29	0.975284	0.912894
GSE193535	6	ZNF793+SFMBT2+ADHFE1+HOXA2+BEND5+RALYL	27	0.975608	0.913923
GSE193535	6	ZNF793+SFMBT2+ADHFE1+HOXA2+BEND5+GFRA1	31	0.976548	0.912551
GSE193535	6	ZNF793+SFMBT2+ADHFE1+HOXA2+UNC5C+RALYL	27	0.976063	0.910837
GSE193535	6	ZNF793+SFMBT2+ADHFE1+HOXA2+UNC5C+GFRA1	31	0.976985	0.910151
GSE193535	6	ZNF793+SFMBT2+ADHFE1+HOXA2+RALYL+GFRA1	29	0.977375	0.909465
GSE193535	6	ZNF793+SFMBT2+ADHFE1+BEND5+UNC5C+RALYL	26	0.979395	0.911866
GSE193535	6	ZNF793+SFMBT2+ADHFE1+BEND5+UNC5C+GFRA1	30	0.980984	0.905693
GSE193535	6	ZNF793+SFMBT2+ADHFE1+BEND5+RALYL+GFRA1	28	0.981285	0.905693
GSE193535	6	ZNF793+SFMBT2+ADHFE1+UNC5C+RALYL+GFRA1	28	0.981031	0.911180
GSE193535	6	ZNF793+SFMBT2+HOXA2+BEND5+UNC5C+RALYL	26	0.974823	0.906379
GSE193535	6	ZNF793+SFMBT2+HOXA2+BEND5+UNC5C+GFRA1	30	0.975786	0.906036
GSE193535	6	ZNF793+SFMBT2+HOXA2+BEND5+RALYL+GFRA1	28	0.975963	0.905693
GSE193535	6	ZNF793+SFMBT2+HOXA2+UNC5C+RALYL+GFRA1	28	0.976884	0.901235
GSE193535	6	ZNF793+SFMBT2+BEND5+UNC5C+RALYL+GFRA1	27	0.980163	0.888203
GSE193535	6	ZNF793+ADHFE1+HOXA2+BEND5+UNC5C+RALYL	25	0.974988	0.908779
GSE193535	6	ZNF793+ADHFE1+HOXA2+BEND5+UNC5C+GFRA1	29	0.976199	0.911866
GSE193535	6	ZNF793+ADHFE1+HOXA2+BEND5+RALYL+GFRA1	27	0.976170	0.911866
GSE193535	6	ZNF793+ADHFE1+HOXA2+UNC5C+RALYL+GFRA1	27	0.976879	0.905350
GSE193535	6	ZNF793+ADHFE1+BEND5+UNC5C+RALYL+GFRA1	26	0.979720	0.898834
GSE193535	6	ZNF793+HOXA2+BEND5+UNC5C+RALYL+GFRA1	26	0.975095	0.901578
GSE193535	6	SFMBT2+ADHFE1+HOXA2+BEND5+UNC5C+RALYL	26	0.975567	0.913580
GSE193535	6	SFMBT2+ADHFE1+HOXA2+BEND5+UNC5C+GFRA1	30	0.976719	0.911523
GSE193535	6	SFMBT2+ADHFE1+HOXA2+BEND5+RALYL+GFRA1	28	0.976914	0.911523
GSE193535	6	SFMBT2+ADHFE1+HOXA2+UNC5C+RALYL+GFRA1	28	0.977032	0.910151
GSE193535	6	SFMBT2+ADHFE1+BEND5+UNC5C+RALYL+GFRA1	27	0.980949	0.905693
GSE193535	6	SFMBT2+HOXA2+BEND5+UNC5C+RALYL+GFRA1	27	0.976430	0.672497
GSE193535	6	ADHFE1+HOXA2+BEND5+UNC5C+RALYL+GFRA1	26	0.976489	0.910151
GSE193535	7	EYA4+ZNF568+ZNF793+SFMBT2+ADHFE1+HOXA2+BEND5	42	0.977115	0.912894
GSE193535	7	EYA4+ZNF568+ZNF793+SFMBT2+ADHFE1+HOXA2+UNC5C	42	0.977133	0.913237
GSE193535	7	EYA4+ZNF568+ZNF793+SFMBT2+ADHFE1+HOXA2+RALYL	40	0.977735	0.913923
GSE193535	7	EYA4+ZNF568+ZNF793+SFMBT2+ADHFE1+HOXA2+GFRA1	44	0.978137	0.911523
GSE193535	7	EYA4+ZNF568+ZNF793+SFMBT2+ADHFE1+BEND5+UNC5C	41	0.980523	0.901235
GSE193535	7	EYA4+ZNF568+ZNF793+SFMBT2+ADHFE1+BEND5+RALYL	39	0.980866	0.901920
GSE193535	7	EYA4+ZNF568+ZNF793+SFMBT2+ADHFE1+BEND5+GFRA1	43	0.981374	0.901235
GSE193535	7	EYA4+ZNF568+ZNF793+SFMBT2+ADHFE1+UNC5C+RALYL	39	0.981049	0.901920
GSE193535	7	EYA4+ZNF568+ZNF793+SFMBT2+ADHFE1+UNC5C+GFRA1	43	0.981569	0.901578
GSE193535	7	EYA4+ZNF568+ZNF793+SFMBT2+ADHFE1+RALYL+GFRA1	41	0.981841	0.900892
GSE193535	7	EYA4+ZNF568+ZNF793+SFMBT2+HOXA2+BEND5+UNC5C	41	0.975987	0.905350
GSE193535	7	EYA4+ZNF568+ZNF793+SFMBT2+HOXA2+BEND5+RALYL	39	0.976418	0.907064
GSE193535	7	EYA4+ZNF568+ZNF793+SFMBT2+HOXA2+BEND5+GFRA1	43	0.977020	0.906379
GSE193535	7	EYA4+ZNF568+ZNF793+SFMBT2+HOXA2+UNC5C+RALYL	39	0.976412	0.906379
GSE193535	7	EYA4+ZNF568+ZNF793+SFMBT2+HOXA2+UNC5C+GFRA1	43	0.977227	0.905007
GSE193535	7	EYA4+ZNF568+ZNF793+SFMBT2+HOXA2+RALYL+GFRA1	41	0.977670	0.906036
GSE193535	7	EYA4+ZNF568+ZNF793+SFMBT2+BEND5+UNC5C+RALYL	38	0.979844	0.879973
GSE193535	7	EYA4+ZNF568+ZNF793+SFMBT2+BEND5+UNC5C+GFRA1	42	0.980707	0.878944
GSE193535	7	EYA4+ZNF568+ZNF793+SFMBT2+BEND5+RALYL+GFRA1	40	0.980063	0.875171
GSE193535	7	EYA4+ZNF568+ZNF793+SFMBT2+UNC5C+RALYL+GFRA1	40	0.980901	0.877915
GSE193535	7	EYA4+ZNF568+ZNF793+ADHFE1+HOXA2+BEND5+UNC5C	40	0.976406	0.911866
GSE193535	7	EYA4+ZNF568+ZNF793+ADHFE1+HOXA2+BEND5+RALYL	38	0.976861	0.911523
GSE193535	7	EYA4+ZNF568+ZNF793+ADHFE1+HOXA2+BEND5+GFRA1	42	0.977263	0.911523
GSE193535	7	EYA4+ZNF568+ZNF793+ADHFE1+HOXA2+UNC5C+RALYL	38	0.976595	0.911180
GSE193535	7	EYA4+ZNF568+ZNF793+ADHFE1+HOXA2+UNC5C+GFRA1	42	0.977345	0.909465
GSE193535	7	EYA4+ZNF568+ZNF793+ADHFE1+HOXA2+RALYL+GFRA1	40	0.977670	0.909808
GSE193535	7	EYA4+ZNF568+ZNF793+ADHFE1+BEND5+UNC5C+RALYL	37	0.979915	0.893004
GSE193535	7	EYA4+ZNF568+ZNF793+ADHFE1+BEND5+UNC5C+GFRA1	41	0.980494	0.893690
GSE193535	7	EYA4+ZNF568+ZNF793+ADHFE1+BEND5+RALYL+GFRA1	39	0.980943	0.893347
GSE193535	7	EYA4+ZNF568+ZNF793+ADHFE1+UNC5C+RALYL+GFRA1	39	0.980872	0.894719
GSE193535	7	EYA4+ZNF568+ZNF793+HOXA2+BEND5+UNC5C+RALYL	37	0.975024	0.903292
GSE193535	7	EYA4+ZNF568+ZNF793+HOXA2+BEND5+UNC5C+GFRA1	41	0.975892	0.903292
GSE193535	7	EYA4+ZNF568+ZNF793+HOXA2+BEND5+RALYL+GFRA1	39	0.976176	0.903978
GSE193535	7	EYA4+ZNF568+ZNF793+HOXA2+UNC5C+RALYL+GFRA1	39	0.976335	0.902263
GSE193535	7	EYA4+ZNF568+ZNF793+BEND5+UNC5C+RALYL+GFRA1	38	0.977723	0.866598
GSE193535	7	EYA4+ZNF568+SFMBT2+ADHFE1+HOXA2+BEND5+UNC5C	41	0.976258	0.912551
GSE193535	7	EYA4+ZNF568+SFMBT2+ADHFE1+HOXA2+BEND5+RALYL	39	0.977073	0.912894
GSE193535	7	EYA4+ZNF568+SFMBT2+ADHFE1+HOXA2+BEND5+GFRA1	43	0.977717	0.912551
GSE193535	7	EYA4+ZNF568+SFMBT2+ADHFE1+HOXA2+UNC5C+RALYL	39	0.977032	0.912551
GSE193535	7	EYA4+ZNF568+SFMBT2+ADHFE1+HOXA2+UNC5C+GFRA1	43	0.977658	0.911180
GSE193535	7	EYA4+ZNF568+SFMBT2+ADHFE1+HOXA2+RALYL+GFRA1	41	0.978149	0.911180
GSE193535	7	EYA4+ZNF568+SFMBT2+ADHFE1+BEND5+UNC5C+RALYL	38	0.980252	0.899177
GSE193535	7	EYA4+ZNF568+SFMBT2+ADHFE1+BEND5+UNC5C+GFRA1	42	0.981026	0.899520
GSE193535	7	EYA4+ZNF568+SFMBT2+ADHFE1+BEND5+RALYL+GFRA1	40	0.981303	0.899177
GSE193535	7	EYA4+ZNF568+SFMBT2+ADHFE1+UNC5C+RALYL+GFRA1	40	0.981463	0.899863
GSE193535	7	EYA4+ZNF568+SFMBT2+HOXA2+BEND5+UNC5C+RALYL	38	0.975230	0.905693
GSE193535	7	EYA4+ZNF568+SFMBT2+HOXA2+BEND5+UNC5C+GFRA1	42	0.976672	0.907064
GSE193535	7	EYA4+ZNF568+SFMBT2+HOXA2+BEND5+RALYL+GFRA1	40	0.977138	0.907064
GSE193535	7	EYA4+ZNF568+SFMBT2+HOXA2+UNC5C+RALYL+GFRA1	40	0.977274	0.905350
GSE193535	7	EYA4+ZNF568+SFMBT2+BEND5+UNC5C+RALYL+GFRA1	39	0.980346	0.876543
GSE193535	7	EYA4+ZNF568+ADHFE1+HOXA2+BEND5+UNC5C+RALYL	37	0.976205	0.911523
GSE193535	7	EYA4+ZNF568+ADHFE1+HOXA2+BEND5+UNC5C+GFRA1	41	0.976855	0.909808
GSE193535	7	EYA4+ZNF568+ADHFE1+HOXA2+BEND5+RALYL+GFRA1	39	0.977174	0.910837
GSE193535	7	EYA4+ZNF568+ADHFE1+HOXA2+UNC5C+RALYL+GFRA1	39	0.977345	0.910837
GSE193535	7	EYA4+ZNF568+ADHFE1+BEND5+UNC5C+RALYL+GFRA1	38	0.980642	0.891289
GSE193535	7	EYA4+ZNF568+HOXA2+BEND5+UNC5C+RALYL+GFRA1	38	0.975868	0.903292
GSE193535	7	EYA4+ZNF793+SFMBT2+ADHFE1+HOXA2+BEND5+UNC5C	41	0.976205	0.914952
GSE193535	7	EYA4+ZNF793+SFMBT2+ADHFE1+HOXA2+BEND5+RALYL	39	0.976306	0.914952
GSE193535	7	EYA4+ZNF793+SFMBT2+ADHFE1+HOXA2+BEND5+GFRA1	43	0.977168	0.915638
GSE193535	7	EYA4+ZNF793+SFMBT2+ADHFE1+HOXA2+UNC5C+RALYL	39	0.976495	0.914952
GSE193535	7	EYA4+ZNF793+SFMBT2+ADHFE1+HOXA2+UNC5C+GFRA1	43	0.976890	0.912551
GSE193535	7	EYA4+ZNF793+SFMBT2+ADHFE1+HOXA2+RALYL+GFRA1	41	0.977333	0.913237
GSE193535	7	EYA4+ZNF793+SFMBT2+ADHFE1+BEND5+UNC5C+RALYL	38	0.980069	0.903292
GSE193535	7	EYA4+ZNF793+SFMBT2+ADHFE1+BEND5+UNC5C+GFRA1	42	0.980766	0.903292
GSE193535	7	EYA4+ZNF793+SFMBT2+ADHFE1+BEND5+RALYL+GFRA1	40	0.981350	0.903978
GSE193535	7	EYA4+ZNF793+SFMBT2+ADHFE1+UNC5C+RALYL+GFRA1	40	0.981020	0.903292
GSE193535	7	EYA4+ZNF793+SFMBT2+HOXA2+BEND5+UNC5C+RALYL	38	0.975148	0.907407
GSE193535	7	EYA4+ZNF793+SFMBT2+HOXA2+BEND5+UNC5C+GFRA1	42	0.976170	0.908093
GSE193535	7	EYA4+ZNF793+SFMBT2+HOXA2+BEND5+RALYL+GFRA1	40	0.976790	0.908093
GSE193535	7	EYA4+ZNF793+SFMBT2+HOXA2+UNC5C+RALYL+GFRA1	40	0.977192	0.907064
GSE193535	7	EYA4+ZNF793+SFMBT2+BEND5+UNC5C+RALYL+GFRA1	39	0.980275	0.877572
GSE193535	7	EYA4+ZNF793+ADHFE1+HOXA2+BEND5+UNC5C+RALYL	37	0.975733	0.912551
GSE193535	7	EYA4+ZNF793+ADHFE1+HOXA2+BEND5+UNC5C+GFRA1	41	0.976418	0.912551
GSE193535	7	EYA4+ZNF793+ADHFE1+HOXA2+BEND5+RALYL+GFRA1	39	0.976914	0.913580
GSE193535	7	EYA4+ZNF793+ADHFE1+HOXA2+UNC5C+RALYL+GFRA1	39	0.976524	0.911523
GSE193535	7	EYA4+ZNF793+ADHFE1+BEND5+UNC5C+RALYL+GFRA1	38	0.980464	0.898491
GSE193535	7	EYA4+ZNF793+HOXA2+BEND5+UNC5C+RALYL+GFRA1	38	0.975331	0.903635
GSE193535	7	EYA4+SFMBT2+ADHFE1+HOXA2+BEND5+UNC5C+RALYL	38	0.975815	0.913580
GSE193535	7	EYA4+SFMBT2+ADHFE1+HOXA2+BEND5+UNC5C+GFRA1	42	0.976619	0.913237
GSE193535	7	EYA4+SFMBT2+ADHFE1+HOXA2+BEND5+RALYL+GFRA1	40	0.977121	0.914609
GSE193535	7	EYA4+SFMBT2+ADHFE1+HOXA2+UNC5C+RALYL+GFRA1	40	0.976784	0.912209
GSE193535	7	EYA4+SFMBT2+ADHFE1+BEND5+UNC5C+RALYL+GFRA1	39	0.980789	0.901578
GSE193535	7	EYA4+SFMBT2+HOXA2+BEND5+UNC5C+RALYL+GFRA1	39	0.976252	0.909122
GSE193535	7	EYA4+ADHFE1+HOXA2+BEND5+UNC5C+RALYL+GFRA1	38	0.976199	0.912894
GSE193535	7	ZNF568+ZNF793+SFMBT2+ADHFE1+HOXA2+BEND5+UNC5C	34	0.975727	0.910837
GSE193535	7	ZNF568+ZNF793+SFMBT2+ADHFE1+HOXA2+BEND5+RALYL	32	0.976063	0.911866
GSE193535	7	ZNF568+ZNF793+SFMBT2+ADHFE1+HOXA2+BEND5+GFRA1	36	0.976672	0.908093
GSE193535	7	ZNF568+ZNF793+SFMBT2+ADHFE1+HOXA2+UNC5C+RALYL	32	0.976678	0.907407
GSE193535	7	ZNF568+ZNF793+SFMBT2+ADHFE1+HOXA2+UNC5C+GFRA1	36	0.977079	0.906036
GSE193535	7	ZNF568+ZNF793+SFMBT2+ADHFE1+HOXA2+RALYL+GFRA1	34	0.977564	0.907064
GSE193535	7	ZNF568+ZNF793+SFMBT2+ADHFE1+BEND5+UNC5C+RALYL	31	0.980328	0.907750
GSE193535	7	ZNF568+ZNF793+SFMBT2+ADHFE1+BEND5+UNC5C+GFRA1	35	0.981102	0.902949
GSE193535	7	ZNF568+ZNF793+SFMBT2+ADHFE1+BEND5+RALYL+GFRA1	33	0.981268	0.902949
GSE193535	7	ZNF568+ZNF793+SFMBT2+ADHFE1+UNC5C+RALYL+GFRA1	33	0.981770	0.906722
GSE193535	7	ZNF568+ZNF793+SFMBT2+HOXA2+BEND5+UNC5C+RALYL	31	0.975154	0.902263
GSE193535	7	ZNF568+ZNF793+SFMBT2+HOXA2+BEND5+UNC5C+GFRA1	35	0.975916	0.901920
GSE193535	7	ZNF568+ZNF793+SFMBT2+HOXA2+BEND5+RALYL+GFRA1	33	0.976158	0.901235
GSE193535	7	ZNF568+ZNF793+SFMBT2+HOXA2+UNC5C+RALYL+GFRA1	33	0.976955	0.899177
GSE193535	7	ZNF568+ZNF793+SFMBT2+BEND5+UNC5C+RALYL+GFRA1	32	0.980092	0.884431
GSE193535	7	ZNF568+ZNF793+ADHFE1+HOXA2+BEND5+UNC5C+RALYL	30	0.975597	0.907750
GSE193535	7	ZNF568+ZNF793+ADHFE1+HOXA2+BEND5+UNC5C+GFRA1	34	0.976306	0.905350
GSE193535	7	ZNF568+ZNF793+ADHFE1+HOXA2+BEND5+RALYL+GFRA1	32	0.976453	0.906379
GSE193535	7	ZNF568+ZNF793+ADHFE1+HOXA2+UNC5C+RALYL+GFRA1	32	0.977162	0.904664
GSE193535	7	ZNF568+ZNF793+ADHFE1+BEND5+UNC5C+RALYL+GFRA1	31	0.980370	0.894033
GSE193535	7	ZNF568+ZNF793+HOXA2+BEND5+UNC5C+RALYL+GFRA1	31	0.975242	0.898491
GSE193535	7	ZNF568+SFMBT2+ADHFE1+HOXA2+BEND5+UNC5C+RALYL	31	0.975762	0.910494
GSE193535	7	ZNF568+SFMBT2+ADHFE1+HOXA2+BEND5+UNC5C+GFRA1	35	0.976625	0.908779
GSE193535	7	ZNF568+SFMBT2+ADHFE1+HOXA2+BEND5+RALYL+GFRA1	33	0.977227	0.908093
GSE193535	7	ZNF568+SFMBT2+ADHFE1+HOXA2+UNC5C+RALYL+GFRA1	33	0.977481	0.906722
GSE193535	7	ZNF568+SFMBT2+ADHFE1+BEND5+UNC5C+RALYL+GFRA1	32	0.980748	0.901920
GSE193535	7	ZNF568+SFMBT2+HOXA2+BEND5+UNC5C+RALYL+GFRA1	32	0.976435	0.903635
GSE193535	7	ZNF568+ADHFE1+HOXA2+BEND5+UNC5C+RALYL+GFRA1	31	0.976713	0.906722
GSE193535	7	ZNF793+SFMBT2+ADHFE1+HOXA2+BEND5+UNC5C+RALYL	31	0.975171	0.913923
GSE193535	7	ZNF793+SFMBT2+ADHFE1+HOXA2+BEND5+UNC5C+GFRA1	35	0.976500	0.910494
GSE193535	7	ZNF793+SFMBT2+ADHFE1+HOXA2+BEND5+RALYL+GFRA1	33	0.976743	0.910494
GSE193535	7	ZNF793+SFMBT2+ADHFE1+HOXA2+UNC5C+RALYL+GFRA1	33	0.976908	0.909122
GSE193535	7	ZNF793+SFMBT2+ADHFE1+BEND5+UNC5C+RALYL+GFRA1	32	0.981043	0.905007
GSE193535	7	ZNF793+SFMBT2+HOXA2+BEND5+UNC5C+RALYL+GFRA1	32	0.975715	0.906379
GSE193535	7	ZNF793+ADHFE1+HOXA2+BEND5+UNC5C+RALYL+GFRA1	31	0.976311	0.909122
GSE193535	7	SFMBT2+ADHFE1+HOXA2+BEND5+UNC5C+RALYL+GFRA1	32	0.976737	0.911523
GSE193535	8	EYA4+ZNF568+ZNF793+SFMBT2+ADHFE1+HOXA2+BEND5+UNC5C	46	0.976459	0.912551
GSE193535	8	EYA4+ZNF568+ZNF793+SFMBT2+ADHFE1+HOXA2+BEND5+RALYL	44	0.977109	0.912551
GSE193535	8	EYA4+ZNF568+ZNF793+SFMBT2+ADHFE1+HOXA2+BEND5+GFRA1	48	0.977564	0.911523
GSE193535	8	EYA4+ZNF568+ZNF793+SFMBT2+ADHFE1+HOXA2+UNC5C+RALYL	44	0.976973	0.912209
GSE193535	8	EYA4+ZNF568+ZNF793+SFMBT2+ADHFE1+HOXA2+UNC5C+GFRA1	48	0.977546	0.910494
GSE193535	8	EYA4+ZNF568+ZNF793+SFMBT2+ADHFE1+HOXA2+RALYL+GFRA1	46	0.977948	0.910151
GSE193535	8	EYA4+ZNF568+ZNF793+SFMBT2+ADHFE1+BEND5+UNC5C+RALYL	43	0.980246	0.899520
GSE193535	8	EYA4+ZNF568+ZNF793+SFMBT2+ADHFE1+BEND5+UNC5C+GFRA1	47	0.980919	0.899520
GSE193535	8	EYA4+ZNF568+ZNF793+SFMBT2+ADHFE1+BEND5+RALYL+GFRA1	45	0.981309	0.899863
GSE193535	8	EYA4+ZNF568+ZNF793+SFMBT2+ADHFE1+UNC5C+RALYL+GFRA1	45	0.981327	0.901578
GSE193535	8	EYA4+ZNF568+ZNF793+SFMBT2+HOXA2+BEND5+UNC5C+RALYL	43	0.975508	0.905007
GSE193535	8	EYA4+ZNF568+ZNF793+SFMBT2+HOXA2+BEND5+UNC5C+GFRA1	47	0.976435	0.907750
GSE193535	8	EYA4+ZNF568+ZNF793+SFMBT2+HOXA2+BEND5+RALYL+GFRA1	45	0.977026	0.906036
GSE193535	8	EYA4+ZNF568+ZNF793+SFMBT2+HOXA2+UNC5C+RALYL+GFRA1	45	0.977180	0.905693
GSE193535	8	EYA4+ZNF568+ZNF793+SFMBT2+BEND5+UNC5C+RALYL+GFRA1	44	0.980323	0.878258
GSE193535	8	EYA4+ZNF568+ZNF793+ADHFE1+HOXA2+BEND5+UNC5C+RALYL	42	0.976246	0.909465
GSE193535	8	EYA4+ZNF568+ZNF793+ADHFE1+HOXA2+BEND5+UNC5C+GFRA1	46	0.976861	0.908779
GSE193535	8	EYA4+ZNF568+ZNF793+ADHFE1+HOXA2+BEND5+RALYL+GFRA1	44	0.977180	0.910837
GSE193535	8	EYA4+ZNF568+ZNF793+ADHFE1+HOXA2+UNC5C+RALYL+GFRA1	44	0.977227	0.910151
GSE193535	8	EYA4+ZNF568+ZNF793+ADHFE1+BEND5+UNC5C+RALYL+GFRA1	43	0.980488	0.891632
GSE193535	8	EYA4+ZNF568+ZNF793+HOXA2+BEND5+UNC5C+RALYL+GFRA1	43	0.975721	0.902949
GSE193535	8	EYA4+ZNF568+SFMBT2+ADHFE1+HOXA2+BEND5+UNC5C+RALYL	43	0.976276	0.911523
GSE193535	8	EYA4+ZNF568+SFMBT2+ADHFE1+HOXA2+BEND5+UNC5C+GFRA1	47	0.976997	0.911180
GSE193535	8	EYA4+ZNF568+SFMBT2+ADHFE1+HOXA2+BEND5+RALYL+GFRA1	45	0.977446	0.911866
GSE193535	8	EYA4+ZNF568+SFMBT2+ADHFE1+HOXA2+UNC5C+RALYL+GFRA1	45	0.977522	0.910494
GSE193535	8	EYA4+ZNF568+SFMBT2+ADHFE1+BEND5+UNC5C+RALYL+GFRA1	44	0.980955	0.898491
GSE193535	8	EYA4+ZNF568+SFMBT2+HOXA2+BEND5+UNC5C+RALYL+GFRA1	44	0.976152	0.906379
GSE193535	8	EYA4+ZNF568+ADHFE1+HOXA2+BEND5+UNC5C+RALYL+GFRA1	43	0.976625	0.908436
GSE193535	8	EYA4+ZNF793+SFMBT2+ADHFE1+HOXA2+BEND5+UNC5C+RALYL	43	0.975998	0.913580
GSE193535	8	EYA4+ZNF793+SFMBT2+ADHFE1+HOXA2+BEND5+UNC5C+GFRA1	47	0.976719	0.912894
GSE193535	8	EYA4+ZNF793+SFMBT2+ADHFE1+HOXA2+BEND5+RALYL+GFRA1	45	0.977044	0.914266
GSE193535	8	EYA4+ZNF793+SFMBT2+ADHFE1+HOXA2+UNC5C+RALYL+GFRA1	45	0.976784	0.912209
GSE193535	8	EYA4+ZNF793+SFMBT2+ADHFE1+BEND5+UNC5C+RALYL+GFRA1	44	0.980642	0.902606
GSE193535	8	EYA4+ZNF793+SFMBT2+HOXA2+BEND5+UNC5C+RALYL+GFRA1	44	0.976087	0.907407
GSE193535	8	EYA4+ZNF793+ADHFE1+HOXA2+BEND5+UNC5C+RALYL+GFRA1	43	0.976087	0.911866
GSE193535	8	EYA4+SFMBT2+ADHFE1+HOXA2+BEND5+UNC5C+RALYL+GFRA1	44	0.976388	0.911866
GSE193535	8	ZNF568+ZNF793+SFMBT2+ADHFE1+HOXA2+BEND5+UNC5C+RALYL	36	0.975951	0.910494
GSE193535	8	ZNF568+ZNF793+SFMBT2+ADHFE1+HOXA2+BEND5+UNC5C+GFRA1	40	0.976495	0.908436
GSE193535	8	ZNF568+ZNF793+SFMBT2+ADHFE1+HOXA2+BEND5+RALYL+GFRA1	38	0.977038	0.907750
GSE193535	8	ZNF568+ZNF793+SFMBT2+ADHFE1+HOXA2+UNC5C+RALYL+GFRA1	38	0.977239	0.906379
GSE193535	8	ZNF568+ZNF793+SFMBT2+ADHFE1+BEND5+UNC5C+RALYL+GFRA1	37	0.980754	0.901920
GSE193535	8	ZNF568+ZNF793+SFMBT2+HOXA2+BEND5+UNC5C+RALYL+GFRA1	37	0.975478	0.902949
GSE193535	8	ZNF568+ZNF793+ADHFE1+HOXA2+BEND5+UNC5C+RALYL+GFRA1	36	0.976306	0.906722
GSE193535	8	ZNF568+SFMBT2+ADHFE1+HOXA2+BEND5+UNC5C+RALYL+GFRA1	37	0.976701	0.907750
GSE193535	8	ZNF793+SFMBT2+ADHFE1+HOXA2+BEND5+UNC5C+RALYL+GFRA1	37	0.976560	0.911180
GSE193535	9	EYA4+ZNF568+ZNF793+SFMBT2+ADHFE1+HOXA2+BEND5+UNC5C+RALYL	48	0.976388	0.911180
GSE193535	9	EYA4+ZNF568+ZNF793+SFMBT2+ADHFE1+HOXA2+BEND5+UNC5C+GFRA1	52	0.977221	0.911180
GSE193535	9	EYA4+ZNF568+ZNF793+SFMBT2+ADHFE1+HOXA2+BEND5+RALYL+GFRA1	50	0.977493	0.911180
GSE193535	9	EYA4+ZNF568+ZNF793+SFMBT2+ADHFE1+HOXA2+UNC5C+RALYL+GFRA1	50	0.977398	0.909808
GSE193535	9	EYA4+ZNF568+ZNF793+SFMBT2+ADHFE1+BEND5+UNC5C+RALYL+GFRA1	49	0.980872	0.898148
GSE193535	9	EYA4+ZNF568+ZNF793+SFMBT2+HOXA2+BEND5+UNC5C+RALYL+GFRA1	49	0.976099	0.905007
GSE193535	9	EYA4+ZNF568+ZNF793+ADHFE1+HOXA2+BEND5+UNC5C+RALYL+GFRA1	48	0.976743	0.908779
GSE193535	9	EYA4+ZNF568+SFMBT2+ADHFE1+HOXA2+BEND5+UNC5C+RALYL+GFRA1	49	0.976932	0.910494
GSE193535	9	EYA4+ZNF793+SFMBT2+ADHFE1+HOXA2+BEND5+UNC5C+RALYL+GFRA1	49	0.976300	0.912894
GSE193535	9	ZNF568+ZNF793+SFMBT2+ADHFE1+HOXA2+BEND5+UNC5C+RALYL+GFRA1	42	0.976441	0.906722
GSE193535	10	EYA4+ZNF568+ZNF793+SFMBT2+ADHFE1+HOXA2+BEND5+UNC5C+RALYL+GFRA1	54	0.977127	0.910494
GSE77718	1	EYA4	8	0.954602	0.979612
GSE77718	1	ZNF568	5	0.967326	0.979169
GSE77718	1	ZNF793	4	0.884405	0.959224
GSE77718	1	SFMBT2	4	0.983170	0.981163
GSE77718	1	ADHFE1	5	0.980417	0.988809
GSE77718	1	HOXA2	6	0.972578	0.988920
GSE77718	1	BEND5	2	0.925868	0.991025
GSE77718	1	UNC5C	4	0.975195	0.978393
GSE77718	1	RALYL	1	0.936224	0.944211
GSE77718	1	GFRA1	4	0.971586	0.983047
GSE77718	2	EYA4+ZNF568	13	0.971497	0.982715
GSE77718	2	EYA4+ZNF793	12	0.960952	0.980055
GSE77718	2	EYA4+SFMBT2	12	0.981150	0.982715
GSE77718	2	EYA4+ADHFE1	13	0.980937	0.987701
GSE77718	2	EYA4+HOXA2	14	0.974628	0.996011
GSE77718	2	EYA4+BEND5	10	0.960616	0.986371
GSE77718	2	EYA4+UNC5C	12	0.970646	0.984820
GSE77718	2	EYA4+RALYL	9	0.958164	0.979169
GSE77718	2	EYA4+GFRA1	12	0.970073	0.985263
GSE77718	2	ZNF568+ZNF793	9	0.977481	0.976288
GSE77718	2	ZNF568+SFMBT2	9	0.981321	0.984266
GSE77718	2	ZNF568+ADHFE1	10	0.980984	0.986925
GSE77718	2	ZNF568+HOXA2	11	0.974628	0.994238
GSE77718	2	ZNF568+BEND5	7	0.974380	0.986260
GSE77718	2	ZNF568+UNC5C	9	0.979005	0.982825
GSE77718	2	ZNF568+RALYL	6	0.972454	0.977950
GSE77718	2	ZNF568+GFRA1	9	0.974138	0.983934
GSE77718	2	ZNF793+SFMBT2	8	0.981480	0.985042
GSE77718	2	ZNF793+ADHFE1	9	0.978869	0.987701
GSE77718	2	ZNF793+HOXA2	10	0.973700	0.995125
GSE77718	2	ZNF793+BEND5	6	0.954070	0.986814
GSE77718	2	ZNF793+UNC5C	8	0.976873	0.983490
GSE77718	2	ZNF793+RALYL	5	0.966458	0.973296
GSE77718	2	ZNF793+GFRA1	8	0.973133	0.985596
GSE77718	2	SFMBT2+ADHFE1	9	0.981923	0.986814
GSE77718	2	SFMBT2+HOXA2	10	0.976489	0.989917
GSE77718	2	SFMBT2+BEND5	6	0.980718	0.986150
GSE77718	2	SFMBT2+UNC5C	8	0.981817	0.981717
GSE77718	2	SFMBT2+RALYL	5	0.980689	0.981828
GSE77718	2	SFMBT2+GFRA1	8	0.982928	0.983712
GSE77718	2	ADHFE1+HOXA2	11	0.977404	0.992576
GSE77718	2	ADHFE1+BEND5	7	0.978828	0.989141
GSE77718	2	ADHFE1+UNC5C	9	0.978793	0.986482
GSE77718	2	ADHFE1+RALYL	6	0.979879	0.987922
GSE77718	2	ADHFE1+GFRA1	9	0.982047	0.986925
GSE77718	2	HOXA2+BEND5	8	0.973494	0.997008
GSE77718	2	HOXA2+UNC5C	10	0.975024	0.995346
GSE77718	2	HOXA2+RALYL	7	0.974888	0.992909
GSE77718	2	HOXA2+GFRA1	10	0.976713	0.995900
GSE77718	2	BEND5+UNC5C	6	0.976128	0.983934
GSE77718	2	BEND5+RALYL	3	0.965655	0.986704
GSE77718	2	BEND5+GFRA1	6	0.979596	0.986371
GSE77718	2	UNC5C+RALYL	5	0.970315	0.979723
GSE77718	2	UNC5C+GFRA1	8	0.978728	0.982604
GSE77718	2	RALYL+GFRA1	5	0.970280	0.982936
GSE77718	3	EYA4+ZNF568+ZNF793	17	0.971432	0.980166
GSE77718	3	EYA4+ZNF568+SFMBT2	17	0.981374	0.984598
GSE77718	3	EYA4+ZNF568+ADHFE1	18	0.981652	0.987701
GSE77718	3	EYA4+ZNF568+HOXA2	19	0.976471	0.995125
GSE77718	3	EYA4+ZNF568+BEND5	15	0.970699	0.985485
GSE77718	3	EYA4+ZNF568+UNC5C	17	0.977794	0.984377
GSE77718	3	EYA4+ZNF568+RALYL	14	0.970528	0.982604
GSE77718	3	EYA4+ZNF568+GFRA1	17	0.975289	0.983823
GSE77718	3	EYA4+ZNF793+SFMBT2	16	0.980766	0.983490
GSE77718	3	EYA4+ZNF793+ADHFE1	17	0.980943	0.987812
GSE77718	3	EYA4+ZNF793+HOXA2	18	0.975177	0.995900
GSE77718	3	EYA4+ZNF793+BEND5	14	0.960356	0.985817
GSE77718	3	EYA4+ZNF793+UNC5C	16	0.974008	0.985042
GSE77718	3	EYA4+ZNF793+RALYL	13	0.966239	0.978172
GSE77718	3	EYA4+ZNF793+GFRA1	16	0.971840	0.984266
GSE77718	3	EYA4+SFMBT2+ADHFE1	17	0.981717	0.987258
GSE77718	3	EYA4+SFMBT2+HOXA2	18	0.976205	0.982825
GSE77718	3	EYA4+SFMBT2+BEND5	14	0.980323	0.984598
GSE77718	3	EYA4+SFMBT2+UNC5C	16	0.981108	0.985485
GSE77718	3	EYA4+SFMBT2+RALYL	13	0.980411	0.982382
GSE77718	3	EYA4+SFMBT2+GFRA1	16	0.981764	0.985374
GSE77718	3	EYA4+ADHFE1+HOXA2	19	0.976914	0.996676
GSE77718	3	EYA4+ADHFE1+BEND5	15	0.980393	0.987922
GSE77718	3	EYA4+ADHFE1+UNC5C	17	0.979785	0.987479
GSE77718	3	EYA4+ADHFE1+RALYL	14	0.980305	0.987479
GSE77718	3	EYA4+ADHFE1+GFRA1	17	0.981132	0.987479
GSE77718	3	EYA4+HOXA2+BEND5	16	0.974149	0.997230
GSE77718	3	EYA4+HOXA2+UNC5C	18	0.975106	0.995900
GSE77718	3	EYA4+HOXA2+RALYL	15	0.975378	0.996011
GSE77718	3	EYA4+HOXA2+GFRA1	18	0.976495	0.996343
GSE77718	3	EYA4+BEND5+UNC5C	14	0.973860	0.986814
GSE77718	3	EYA4+BEND5+RALYL	11	0.966511	0.986150
GSE77718	3	EYA4+BEND5+GFRA1	14	0.972147	0.986704
GSE77718	3	EYA4+UNC5C+RALYL	13	0.969217	0.983934
GSE77718	3	EYA4+UNC5C+GFRA1	16	0.976985	0.985152
GSE77718	3	EYA4+RALYL+GFRA1	13	0.968537	0.984266
GSE77718	3	ZNF568+ZNF793+SFMBT2	13	0.981297	0.984377
GSE77718	3	ZNF568+ZNF793+ADHFE1	14	0.980476	0.986704
GSE77718	3	ZNF568+ZNF793+HOXA2	15	0.974876	0.995014
GSE77718	3	ZNF568+ZNF793+BEND5	11	0.976187	0.985596
GSE77718	3	ZNF568+ZNF793+UNC5C	13	0.978899	0.983158
GSE77718	3	ZNF568+ZNF793+RALYL	10	0.974415	0.977285
GSE77718	3	ZNF568+ZNF793+GFRA1	13	0.975018	0.984598
GSE77718	3	ZNF568+SFMBT2+ADHFE1	14	0.981953	0.987147
GSE77718	3	ZNF568+SFMBT2+HOXA2	15	0.976288	0.992909
GSE77718	3	ZNF568+SFMBT2+BEND5	11	0.980423	0.986150
GSE77718	3	ZNF568+SFMBT2+UNC5C	13	0.981203	0.984266
GSE77718	3	ZNF568+SFMBT2+RALYL	10	0.980512	0.984044
GSE77718	3	ZNF568+SFMBT2+GFRA1	13	0.982101	0.984820
GSE77718	3	ZNF568+ADHFE1+HOXA2	16	0.976778	0.991801
GSE77718	3	ZNF568+ADHFE1+BEND5	12	0.980299	0.987812
GSE77718	3	ZNF568+ADHFE1+UNC5C	14	0.980086	0.987036
GSE77718	3	ZNF568+ADHFE1+RALYL	11	0.980736	0.986704
GSE77718	3	ZNF568+ADHFE1+GFRA1	14	0.981935	0.986704
GSE77718	3	ZNF568+HOXA2+BEND5	13	0.974492	0.996122
GSE77718	3	ZNF568+HOXA2+UNC5C	15	0.974628	0.994792
GSE77718	3	ZNF568+HOXA2+RALYL	12	0.974823	0.994349
GSE77718	3	ZNF568+HOXA2+GFRA1	15	0.976944	0.995457
GSE77718	3	ZNF568+BEND5+UNC5C	11	0.978190	0.986482
GSE77718	3	ZNF568+BEND5+RALYL	8	0.973263	0.986039
GSE77718	3	ZNF568+BEND5+GFRA1	11	0.979939	0.986150
GSE77718	3	ZNF568+UNC5C+RALYL	10	0.978113	0.982936
GSE77718	3	ZNF568+UNC5C+GFRA1	13	0.979224	0.984044
GSE77718	3	ZNF568+RALYL+GFRA1	10	0.973647	0.983601
GSE77718	3	ZNF793+SFMBT2+ADHFE1	13	0.981043	0.987258
GSE77718	3	ZNF793+SFMBT2+HOXA2	14	0.976199	0.996676
GSE77718	3	ZNF793+SFMBT2+BEND5	10	0.980074	0.986925
GSE77718	3	ZNF793+SFMBT2+UNC5C	12	0.981155	0.984820
GSE77718	3	ZNF793+SFMBT2+RALYL	9	0.980004	0.985042
GSE77718	3	ZNF793+SFMBT2+GFRA1	12	0.982603	0.985374
GSE77718	3	ZNF793+ADHFE1+HOXA2	15	0.976111	0.996565
GSE77718	3	ZNF793+ADHFE1+BEND5	11	0.977824	0.988587
GSE77718	3	ZNF793+ADHFE1+UNC5C	13	0.978733	0.987368
GSE77718	3	ZNF793+ADHFE1+RALYL	10	0.979442	0.987479
GSE77718	3	ZNF793+ADHFE1+GFRA1	13	0.981788	0.987479
GSE77718	3	ZNF793+HOXA2+BEND5	12	0.973299	0.997119
GSE77718	3	ZNF793+HOXA2+UNC5C	14	0.974067	0.995679
GSE77718	3	ZNF793+HOXA2+RALYL	11	0.974332	0.995457
GSE77718	3	ZNF793+HOXA2+GFRA1	14	0.976394	0.996898
GSE77718	3	ZNF793+BEND5+UNC5C	10	0.977073	0.986482
GSE77718	3	ZNF793+BEND5+RALYL	7	0.967190	0.986150
GSE77718	3	ZNF793+BEND5+GFRA1	10	0.979436	0.986704
GSE77718	3	ZNF793+UNC5C+RALYL	9	0.977416	0.983158
GSE77718	3	ZNF793+UNC5C+GFRA1	12	0.979171	0.984377
GSE77718	3	ZNF793+RALYL+GFRA1	9	0.973240	0.984709
GSE77718	3	SFMBT2+ADHFE1+HOXA2	15	0.977026	0.996676
GSE77718	3	SFMBT2+ADHFE1+BEND5	11	0.980831	0.987812
GSE77718	3	SFMBT2+ADHFE1+UNC5C	13	0.980961	0.986371
GSE77718	3	SFMBT2+ADHFE1+RALYL	10	0.981415	0.986925
GSE77718	3	SFMBT2+ADHFE1+GFRA1	13	0.982786	0.986593
GSE77718	3	SFMBT2+HOXA2+BEND5	12	0.975349	0.988033
GSE77718	3	SFMBT2+HOXA2+UNC5C	14	0.976181	0.995346
GSE77718	3	SFMBT2+HOXA2+RALYL	11	0.976246	0.991247
GSE77718	3	SFMBT2+HOXA2+GFRA1	14	0.977345	0.990471
GSE77718	3	SFMBT2+BEND5+UNC5C	10	0.980966	0.985152
GSE77718	3	SFMBT2+BEND5+RALYL	7	0.979253	0.985817
GSE77718	3	SFMBT2+BEND5+GFRA1	10	0.981876	0.985596
GSE77718	3	SFMBT2+UNC5C+RALYL	9	0.980618	0.982271
GSE77718	3	SFMBT2+UNC5C+GFRA1	12	0.982449	0.983158
GSE77718	3	SFMBT2+RALYL+GFRA1	9	0.981658	0.983823
GSE77718	3	ADHFE1+HOXA2+BEND5	13	0.975786	0.992022
GSE77718	3	ADHFE1+HOXA2+UNC5C	15	0.976766	0.996454
GSE77718	3	ADHFE1+HOXA2+RALYL	12	0.976790	0.996787
GSE77718	3	ADHFE1+HOXA2+GFRA1	15	0.977558	0.996454
GSE77718	3	ADHFE1+BEND5+UNC5C	11	0.978066	0.987922
GSE77718	3	ADHFE1+BEND5+RALYL	8	0.979815	0.988144
GSE77718	3	ADHFE1+BEND5+GFRA1	11	0.980878	0.987479
GSE77718	3	ADHFE1+UNC5C+RALYL	10	0.978320	0.986704
GSE77718	3	ADHFE1+UNC5C+GFRA1	13	0.980624	0.986150
GSE77718	3	ADHFE1+RALYL+GFRA1	10	0.981593	0.987036
GSE77718	3	HOXA2+BEND5+UNC5C	12	0.974315	0.996565
GSE77718	3	HOXA2+BEND5+RALYL	9	0.973913	0.997341
GSE77718	3	HOXA2+BEND5+GFRA1	12	0.975786	0.997230
GSE77718	3	HOXA2+UNC5C+RALYL	11	0.974941	0.995346
GSE77718	3	HOXA2+UNC5C+GFRA1	14	0.976229	0.995568
GSE77718	3	HOXA2+RALYL+GFRA1	11	0.976577	0.996343
GSE77718	3	BEND5+UNC5C+RALYL	7	0.978084	0.984598
GSE77718	3	BEND5+UNC5C+GFRA1	10	0.980263	0.986039
GSE77718	3	BEND5+RALYL+GFRA1	7	0.977771	0.986039
GSE77718	3	UNC5C+RALYL+GFRA1	9	0.977540	0.982825
GSE77718	4	EYA4+ZNF568+ZNF793+SFMBT2	21	0.981144	0.985263
GSE77718	4	EYA4+ZNF568+ZNF793+ADHFE1	22	0.981469	0.987147
GSE77718	4	EYA4+ZNF568+ZNF793+HOXA2	23	0.976471	0.994792
GSE77718	4	EYA4+ZNF568+ZNF793+BEND5	19	0.970404	0.984931
GSE77718	4	EYA4+ZNF568+ZNF793+UNC5C	21	0.977658	0.984598
GSE77718	4	EYA4+ZNF568+ZNF793+RALYL	18	0.970664	0.980277
GSE77718	4	EYA4+ZNF568+ZNF793+GFRA1	21	0.974811	0.983823
GSE77718	4	EYA4+ZNF568+SFMBT2+ADHFE1	22	0.982207	0.987036
GSE77718	4	EYA4+ZNF568+SFMBT2+HOXA2	23	0.976997	0.988255
GSE77718	4	EYA4+ZNF568+SFMBT2+BEND5	19	0.980582	0.986704
GSE77718	4	EYA4+ZNF568+SFMBT2+UNC5C	21	0.981220	0.985263
GSE77718	4	EYA4+ZNF568+SFMBT2+RALYL	18	0.980340	0.984820
GSE77718	4	EYA4+ZNF568+SFMBT2+GFRA1	21	0.981581	0.985042
GSE77718	4	EYA4+ZNF568+ADHFE1+HOXA2	24	0.977398	0.991025
GSE77718	4	EYA4+ZNF568+ADHFE1+BEND5	20	0.980919	0.987701
GSE77718	4	EYA4+ZNF568+ADHFE1+UNC5C	22	0.980529	0.987479
GSE77718	4	EYA4+ZNF568+ADHFE1+RALYL	19	0.981108	0.987368
GSE77718	4	EYA4+ZNF568+ADHFE1+GFRA1	22	0.981752	0.987368
GSE77718	4	EYA4+ZNF568+HOXA2+BEND5	21	0.976004	0.996233
GSE77718	4	EYA4+ZNF568+HOXA2+UNC5C	23	0.975756	0.995235
GSE77718	4	EYA4+ZNF568+HOXA2+RALYL	20	0.976483	0.994903
GSE77718	4	EYA4+ZNF568+HOXA2+GFRA1	23	0.977221	0.995568
GSE77718	4	EYA4+ZNF568+BEND5+UNC5C	19	0.977641	0.986260
GSE77718	4	EYA4+ZNF568+BEND5+RALYL	16	0.970032	0.985263
GSE77718	4	EYA4+ZNF568+BEND5+GFRA1	19	0.974415	0.986039
GSE77718	4	EYA4+ZNF568+UNC5C+RALYL	18	0.976884	0.983712
GSE77718	4	EYA4+ZNF568+UNC5C+GFRA1	21	0.979289	0.985042
GSE77718	4	EYA4+ZNF568+RALYL+GFRA1	18	0.974008	0.983490
GSE77718	4	EYA4+ZNF793+SFMBT2+ADHFE1	21	0.981935	0.987590
GSE77718	4	EYA4+ZNF793+SFMBT2+HOXA2	22	0.976577	0.996565
GSE77718	4	EYA4+ZNF793+SFMBT2+BEND5	18	0.979436	0.985152
GSE77718	4	EYA4+ZNF793+SFMBT2+UNC5C	20	0.981096	0.985263
GSE77718	4	EYA4+ZNF793+SFMBT2+RALYL	17	0.980222	0.983934
GSE77718	4	EYA4+ZNF793+SFMBT2+GFRA1	20	0.981610	0.985596
GSE77718	4	EYA4+ZNF793+ADHFE1+HOXA2	23	0.977127	0.996898
GSE77718	4	EYA4+ZNF793+ADHFE1+BEND5	19	0.980441	0.988144
GSE77718	4	EYA4+ZNF793+ADHFE1+UNC5C	21	0.979791	0.987701
GSE77718	4	EYA4+ZNF793+ADHFE1+RALYL	18	0.980429	0.987812
GSE77718	4	EYA4+ZNF793+ADHFE1+GFRA1	21	0.981557	0.987258
GSE77718	4	EYA4+ZNF793+HOXA2+BEND5	20	0.974179	0.996898
GSE77718	4	EYA4+ZNF793+HOXA2+UNC5C	22	0.975272	0.995789
GSE77718	4	EYA4+ZNF793+HOXA2+RALYL	19	0.975750	0.995900
GSE77718	4	EYA4+ZNF793+HOXA2+GFRA1	22	0.976465	0.996122
GSE77718	4	EYA4+ZNF793+BEND5+UNC5C	18	0.972572	0.986482
GSE77718	4	EYA4+ZNF793+BEND5+RALYL	15	0.965330	0.985374
GSE77718	4	EYA4+ZNF793+BEND5+GFRA1	18	0.971349	0.986482
GSE77718	4	EYA4+ZNF793+UNC5C+RALYL	17	0.975284	0.983823
GSE77718	4	EYA4+ZNF793+UNC5C+GFRA1	20	0.979147	0.985152
GSE77718	4	EYA4+ZNF793+RALYL+GFRA1	17	0.972749	0.983823
GSE77718	4	EYA4+SFMBT2+ADHFE1+HOXA2	23	0.977085	0.996233
GSE77718	4	EYA4+SFMBT2+ADHFE1+BEND5	19	0.981161	0.987701
GSE77718	4	EYA4+SFMBT2+ADHFE1+UNC5C	21	0.980642	0.987036
GSE77718	4	EYA4+SFMBT2+ADHFE1+RALYL	18	0.981327	0.987258
GSE77718	4	EYA4+SFMBT2+ADHFE1+GFRA1	21	0.981652	0.987258
GSE77718	4	EYA4+SFMBT2+HOXA2+BEND5	20	0.975650	0.983158
GSE77718	4	EYA4+SFMBT2+HOXA2+UNC5C	22	0.976116	0.995568
GSE77718	4	EYA4+SFMBT2+HOXA2+RALYL	19	0.976376	0.984709
GSE77718	4	EYA4+SFMBT2+HOXA2+GFRA1	22	0.977268	0.996011
GSE77718	4	EYA4+SFMBT2+BEND5+UNC5C	18	0.980606	0.986593
GSE77718	4	EYA4+SFMBT2+BEND5+RALYL	15	0.979815	0.984377
GSE77718	4	EYA4+SFMBT2+BEND5+GFRA1	18	0.981315	0.986704
GSE77718	4	EYA4+SFMBT2+UNC5C+RALYL	17	0.980340	0.985374
GSE77718	4	EYA4+SFMBT2+UNC5C+GFRA1	20	0.981622	0.985042
GSE77718	4	EYA4+SFMBT2+RALYL+GFRA1	17	0.980766	0.985485
GSE77718	4	EYA4+ADHFE1+HOXA2+BEND5	21	0.976199	0.997008
GSE77718	4	EYA4+ADHFE1+HOXA2+UNC5C	23	0.976075	0.996122
GSE77718	4	EYA4+ADHFE1+HOXA2+RALYL	20	0.976719	0.996454
GSE77718	4	EYA4+ADHFE1+HOXA2+GFRA1	23	0.977434	0.996122
GSE77718	4	EYA4+ADHFE1+BEND5+UNC5C	19	0.979283	0.987922
GSE77718	4	EYA4+ADHFE1+BEND5+RALYL	16	0.980145	0.987701
GSE77718	4	EYA4+ADHFE1+BEND5+GFRA1	19	0.981144	0.987590
GSE77718	4	EYA4+ADHFE1+UNC5C+RALYL	18	0.979401	0.987258
GSE77718	4	EYA4+ADHFE1+UNC5C+GFRA1	21	0.980175	0.987147
GSE77718	4	EYA4+ADHFE1+RALYL+GFRA1	18	0.980712	0.987368
GSE77718	4	EYA4+HOXA2+BEND5+UNC5C	20	0.974344	0.996898
GSE77718	4	EYA4+HOXA2+BEND5+RALYL	17	0.974693	0.997230
GSE77718	4	EYA4+HOXA2+BEND5+GFRA1	20	0.975987	0.996898
GSE77718	4	EYA4+HOXA2+UNC5C+RALYL	19	0.975183	0.995900
GSE77718	4	EYA4+HOXA2+UNC5C+GFRA1	22	0.975963	0.995900
GSE77718	4	EYA4+HOXA2+RALYL+GFRA1	19	0.976619	0.996122
GSE77718	4	EYA4+BEND5+UNC5C+RALYL	15	0.974752	0.986704
GSE77718	4	EYA4+BEND5+UNC5C+GFRA1	18	0.978450	0.986482
GSE77718	4	EYA4+BEND5+RALYL+GFRA1	15	0.971958	0.986371
GSE77718	4	EYA4+UNC5C+RALYL+GFRA1	17	0.974740	0.984931
GSE77718	4	ZNF568+ZNF793+SFMBT2+ADHFE1	18	0.981811	0.987036
GSE77718	4	ZNF568+ZNF793+SFMBT2+HOXA2	19	0.975668	0.996011
GSE77718	4	ZNF568+ZNF793+SFMBT2+BEND5	15	0.980311	0.986593
GSE77718	4	ZNF568+ZNF793+SFMBT2+UNC5C	17	0.980848	0.984820
GSE77718	4	ZNF568+ZNF793+SFMBT2+RALYL	14	0.980506	0.983823
GSE77718	4	ZNF568+ZNF793+SFMBT2+GFRA1	17	0.982118	0.985374
GSE77718	4	ZNF568+ZNF793+ADHFE1+HOXA2	20	0.976766	0.996233
GSE77718	4	ZNF568+ZNF793+ADHFE1+BEND5	16	0.979413	0.988255
GSE77718	4	ZNF568+ZNF793+ADHFE1+UNC5C	18	0.980086	0.987147
GSE77718	4	ZNF568+ZNF793+ADHFE1+RALYL	15	0.980671	0.986704
GSE77718	4	ZNF568+ZNF793+ADHFE1+GFRA1	18	0.981740	0.986593
GSE77718	4	ZNF568+ZNF793+HOXA2+BEND5	17	0.974575	0.996565
GSE77718	4	ZNF568+ZNF793+HOXA2+UNC5C	19	0.974911	0.995235
GSE77718	4	ZNF568+ZNF793+HOXA2+RALYL	16	0.974882	0.995014
GSE77718	4	ZNF568+ZNF793+HOXA2+GFRA1	19	0.976418	0.995679
GSE77718	4	ZNF568+ZNF793+BEND5+UNC5C	15	0.978255	0.986260
GSE77718	4	ZNF568+ZNF793+BEND5+RALYL	12	0.973907	0.984931
GSE77718	4	ZNF568+ZNF793+BEND5+GFRA1	15	0.979874	0.986260
GSE77718	4	ZNF568+ZNF793+UNC5C+RALYL	14	0.978586	0.982825
GSE77718	4	ZNF568+ZNF793+UNC5C+GFRA1	17	0.979271	0.984820
GSE77718	4	ZNF568+ZNF793+RALYL+GFRA1	14	0.975089	0.984155
GSE77718	4	ZNF568+SFMBT2+ADHFE1+HOXA2	20	0.977227	0.995900
GSE77718	4	ZNF568+SFMBT2+ADHFE1+BEND5	16	0.980801	0.987479
GSE77718	4	ZNF568+SFMBT2+ADHFE1+UNC5C	18	0.981215	0.986593
GSE77718	4	ZNF568+SFMBT2+ADHFE1+RALYL	15	0.981209	0.987147
GSE77718	4	ZNF568+SFMBT2+ADHFE1+GFRA1	18	0.982869	0.986925
GSE77718	4	ZNF568+SFMBT2+HOXA2+BEND5	17	0.975414	0.991468
GSE77718	4	ZNF568+SFMBT2+HOXA2+UNC5C	19	0.975981	0.993573
GSE77718	4	ZNF568+SFMBT2+HOXA2+RALYL	16	0.976530	0.992909
GSE77718	4	ZNF568+SFMBT2+HOXA2+GFRA1	19	0.977056	0.990249
GSE77718	4	ZNF568+SFMBT2+BEND5+UNC5C	15	0.980777	0.985485
GSE77718	4	ZNF568+SFMBT2+BEND5+RALYL	12	0.979519	0.985596
GSE77718	4	ZNF568+SFMBT2+BEND5+GFRA1	15	0.981734	0.985928
GSE77718	4	ZNF568+SFMBT2+UNC5C+RALYL	14	0.980559	0.984488
GSE77718	4	ZNF568+SFMBT2+UNC5C+GFRA1	17	0.981575	0.984488
GSE77718	4	ZNF568+SFMBT2+RALYL+GFRA1	14	0.981179	0.984488
GSE77718	4	ZNF568+ADHFE1+HOXA2+BEND5	18	0.975987	0.996454
GSE77718	4	ZNF568+ADHFE1+HOXA2+UNC5C	20	0.976495	0.987258
GSE77718	4	ZNF568+ADHFE1+HOXA2+RALYL	17	0.976424	0.991579
GSE77718	4	ZNF568+ADHFE1+HOXA2+GFRA1	20	0.977446	0.996011
GSE77718	4	ZNF568+ADHFE1+BEND5+UNC5C	16	0.979584	0.987479
GSE77718	4	ZNF568+ADHFE1+BEND5+RALYL	13	0.980299	0.987479
GSE77718	4	ZNF568+ADHFE1+BEND5+GFRA1	16	0.981067	0.987368
GSE77718	4	ZNF568+ADHFE1+UNC5C+RALYL	15	0.979986	0.986482
GSE77718	4	ZNF568+ADHFE1+UNC5C+GFRA1	18	0.980966	0.986482
GSE77718	4	ZNF568+ADHFE1+RALYL+GFRA1	15	0.981209	0.986814
GSE77718	4	ZNF568+HOXA2+BEND5+UNC5C	17	0.974362	0.996565
GSE77718	4	ZNF568+HOXA2+BEND5+RALYL	14	0.974681	0.996122
GSE77718	4	ZNF568+HOXA2+BEND5+GFRA1	17	0.976264	0.996343
GSE77718	4	ZNF568+HOXA2+UNC5C+RALYL	16	0.974610	0.995014
GSE77718	4	ZNF568+HOXA2+UNC5C+GFRA1	19	0.976435	0.995235
GSE77718	4	ZNF568+HOXA2+RALYL+GFRA1	16	0.976926	0.995679
GSE77718	4	ZNF568+BEND5+UNC5C+RALYL	12	0.978060	0.986260
GSE77718	4	ZNF568+BEND5+UNC5C+GFRA1	15	0.979572	0.985928
GSE77718	4	ZNF568+BEND5+RALYL+GFRA1	12	0.978143	0.985817
GSE77718	4	ZNF568+UNC5C+RALYL+GFRA1	14	0.978680	0.983823
GSE77718	4	ZNF793+SFMBT2+ADHFE1+HOXA2	19	0.976548	0.996676
GSE77718	4	ZNF793+SFMBT2+ADHFE1+BEND5	15	0.980039	0.987812
GSE77718	4	ZNF793+SFMBT2+ADHFE1+UNC5C	17	0.980523	0.986482
GSE77718	4	ZNF793+SFMBT2+ADHFE1+RALYL	14	0.980766	0.987258
GSE77718	4	ZNF793+SFMBT2+ADHFE1+GFRA1	17	0.982538	0.986925
GSE77718	4	ZNF793+SFMBT2+HOXA2+BEND5	16	0.974746	0.997119
GSE77718	4	ZNF793+SFMBT2+HOXA2+UNC5C	18	0.976028	0.995568
GSE77718	4	ZNF793+SFMBT2+HOXA2+RALYL	15	0.975963	0.996454
GSE77718	4	ZNF793+SFMBT2+HOXA2+GFRA1	18	0.976630	0.996454
GSE77718	4	ZNF793+SFMBT2+BEND5+UNC5C	14	0.980104	0.985928
GSE77718	4	ZNF793+SFMBT2+BEND5+RALYL	11	0.978550	0.986260
GSE77718	4	ZNF793+SFMBT2+BEND5+GFRA1	14	0.981173	0.986482
GSE77718	4	ZNF793+SFMBT2+UNC5C+RALYL	13	0.980393	0.984598
GSE77718	4	ZNF793+SFMBT2+UNC5C+GFRA1	16	0.982254	0.985152
GSE77718	4	ZNF793+SFMBT2+RALYL+GFRA1	13	0.981522	0.985485
GSE77718	4	ZNF793+ADHFE1+HOXA2+BEND5	17	0.974941	0.997230
GSE77718	4	ZNF793+ADHFE1+HOXA2+UNC5C	19	0.976040	0.996454
GSE77718	4	ZNF793+ADHFE1+HOXA2+RALYL	16	0.975874	0.996787
GSE77718	4	ZNF793+ADHFE1+HOXA2+GFRA1	19	0.977150	0.996565
GSE77718	4	ZNF793+ADHFE1+BEND5+UNC5C	15	0.977493	0.988144
GSE77718	4	ZNF793+ADHFE1+BEND5+RALYL	12	0.978958	0.988476
GSE77718	4	ZNF793+ADHFE1+BEND5+GFRA1	15	0.980612	0.987922
GSE77718	4	ZNF793+ADHFE1+UNC5C+RALYL	14	0.978674	0.987368
GSE77718	4	ZNF793+ADHFE1+UNC5C+GFRA1	17	0.980866	0.986704
GSE77718	4	ZNF793+ADHFE1+RALYL+GFRA1	14	0.981498	0.987368
GSE77718	4	ZNF793+HOXA2+BEND5+UNC5C	16	0.973931	0.997008
GSE77718	4	ZNF793+HOXA2+BEND5+RALYL	13	0.974197	0.997230
GSE77718	4	ZNF793+HOXA2+BEND5+GFRA1	16	0.975697	0.997119
GSE77718	4	ZNF793+HOXA2+UNC5C+RALYL	15	0.974953	0.996011
GSE77718	4	ZNF793+HOXA2+UNC5C+GFRA1	18	0.975963	0.996011
GSE77718	4	ZNF793+HOXA2+RALYL+GFRA1	15	0.976412	0.996787
GSE77718	4	ZNF793+BEND5+UNC5C+RALYL	11	0.977316	0.986150
GSE77718	4	ZNF793+BEND5+UNC5C+GFRA1	14	0.980181	0.986371
GSE77718	4	ZNF793+BEND5+RALYL+GFRA1	11	0.977392	0.986593
GSE77718	4	ZNF793+UNC5C+RALYL+GFRA1	13	0.978958	0.984820
GSE77718	4	SFMBT2+ADHFE1+HOXA2+BEND5	17	0.975987	0.986925
GSE77718	4	SFMBT2+ADHFE1+HOXA2+UNC5C	19	0.976737	0.996122
GSE77718	4	SFMBT2+ADHFE1+HOXA2+RALYL	16	0.976495	0.996565
GSE77718	4	SFMBT2+ADHFE1+HOXA2+GFRA1	19	0.977511	0.996343
GSE77718	4	SFMBT2+ADHFE1+BEND5+UNC5C	15	0.979531	0.987258
GSE77718	4	SFMBT2+ADHFE1+BEND5+RALYL	12	0.980317	0.987701
GSE77718	4	SFMBT2+ADHFE1+BEND5+GFRA1	15	0.981847	0.987258
GSE77718	4	SFMBT2+ADHFE1+UNC5C+RALYL	14	0.980128	0.986150
GSE77718	4	SFMBT2+ADHFE1+UNC5C+GFRA1	17	0.981504	0.986371
GSE77718	4	SFMBT2+ADHFE1+RALYL+GFRA1	14	0.982307	0.986704
GSE77718	4	SFMBT2+HOXA2+BEND5+UNC5C	16	0.975077	0.996343
GSE77718	4	SFMBT2+HOXA2+BEND5+RALYL	13	0.975354	0.989141
GSE77718	4	SFMBT2+HOXA2+BEND5+GFRA1	16	0.976376	0.988698
GSE77718	4	SFMBT2+HOXA2+UNC5C+RALYL	15	0.976270	0.995457
GSE77718	4	SFMBT2+HOXA2+UNC5C+GFRA1	18	0.976920	0.995346
GSE77718	4	SFMBT2+HOXA2+RALYL+GFRA1	15	0.977245	0.990249
GSE77718	4	SFMBT2+BEND5+UNC5C+RALYL	11	0.980110	0.985263
GSE77718	4	SFMBT2+BEND5+UNC5C+GFRA1	14	0.981717	0.985263
GSE77718	4	SFMBT2+BEND5+RALYL+GFRA1	11	0.981014	0.985706
GSE77718	4	SFMBT2+UNC5C+RALYL+GFRA1	13	0.981415	0.983490
GSE77718	4	ADHFE1+HOXA2+BEND5+UNC5C	17	0.975053	0.996898
GSE77718	4	ADHFE1+HOXA2+BEND5+RALYL	14	0.975449	0.991468
GSE77718	4	ADHFE1+HOXA2+BEND5+GFRA1	17	0.976506	0.997341
GSE77718	4	ADHFE1+HOXA2+UNC5C+RALYL	16	0.976288	0.996343
GSE77718	4	ADHFE1+HOXA2+UNC5C+GFRA1	19	0.977257	0.996343
GSE77718	4	ADHFE1+HOXA2+RALYL+GFRA1	16	0.977186	0.996343
GSE77718	4	ADHFE1+BEND5+UNC5C+RALYL	12	0.978462	0.987590
GSE77718	4	ADHFE1+BEND5+UNC5C+GFRA1	15	0.980057	0.987368
GSE77718	4	ADHFE1+BEND5+RALYL+GFRA1	12	0.980766	0.987479
GSE77718	4	ADHFE1+UNC5C+RALYL+GFRA1	14	0.980376	0.986371
GSE77718	4	HOXA2+BEND5+UNC5C+RALYL	13	0.974687	0.996898
GSE77718	4	HOXA2+BEND5+UNC5C+GFRA1	16	0.975691	0.996343
GSE77718	4	HOXA2+BEND5+RALYL+GFRA1	13	0.975886	0.997230
GSE77718	4	HOXA2+UNC5C+RALYL+GFRA1	15	0.976134	0.995789
GSE77718	4	BEND5+UNC5C+RALYL+GFRA1	11	0.979590	0.985928
GSE77718	5	EYA4+ZNF568+ZNF793+SFMBT2+ADHFE1	26	0.982095	0.987368
GSE77718	5	EYA4+ZNF568+ZNF793+SFMBT2+HOXA2	27	0.976932	0.995568
GSE77718	5	EYA4+ZNF568+ZNF793+SFMBT2+BEND5	23	0.980252	0.987036
GSE77718	5	EYA4+ZNF568+ZNF793+SFMBT2+UNC5C	25	0.981108	0.984709
GSE77718	5	EYA4+ZNF568+ZNF793+SFMBT2+RALYL	22	0.980317	0.984709
GSE77718	5	EYA4+ZNF568+ZNF793+SFMBT2+GFRA1	25	0.981303	0.984820
GSE77718	5	EYA4+ZNF568+ZNF793+ADHFE1+HOXA2	28	0.977452	0.995900
GSE77718	5	EYA4+ZNF568+ZNF793+ADHFE1+BEND5	24	0.980689	0.987812
GSE77718	5	EYA4+ZNF568+ZNF793+ADHFE1+UNC5C	26	0.980819	0.987368
GSE77718	5	EYA4+ZNF568+ZNF793+ADHFE1+RALYL	23	0.981167	0.987036
GSE77718	5	EYA4+ZNF568+ZNF793+ADHFE1+GFRA1	26	0.981439	0.987147
GSE77718	5	EYA4+ZNF568+ZNF793+HOXA2+BEND5	25	0.975585	0.996343
GSE77718	5	EYA4+ZNF568+ZNF793+HOXA2+UNC5C	27	0.975709	0.995014
GSE77718	5	EYA4+ZNF568+ZNF793+HOXA2+RALYL	24	0.976371	0.994792
GSE77718	5	EYA4+ZNF568+ZNF793+HOXA2+GFRA1	27	0.977233	0.995346
GSE77718	5	EYA4+ZNF568+ZNF793+BEND5+UNC5C	23	0.976926	0.985928
GSE77718	5	EYA4+ZNF568+ZNF793+BEND5+RALYL	20	0.969707	0.984709
GSE77718	5	EYA4+ZNF568+ZNF793+BEND5+GFRA1	23	0.974197	0.986150
GSE77718	5	EYA4+ZNF568+ZNF793+UNC5C+RALYL	22	0.976725	0.984044
GSE77718	5	EYA4+ZNF568+ZNF793+UNC5C+GFRA1	25	0.979082	0.984931
GSE77718	5	EYA4+ZNF568+ZNF793+RALYL+GFRA1	22	0.973931	0.983380
GSE77718	5	EYA4+ZNF568+SFMBT2+ADHFE1+HOXA2	28	0.977794	0.995679
GSE77718	5	EYA4+ZNF568+SFMBT2+ADHFE1+BEND5	24	0.981244	0.987590
GSE77718	5	EYA4+ZNF568+SFMBT2+ADHFE1+UNC5C	26	0.981681	0.987147
GSE77718	5	EYA4+ZNF568+SFMBT2+ADHFE1+RALYL	23	0.981782	0.987036
GSE77718	5	EYA4+ZNF568+SFMBT2+ADHFE1+GFRA1	26	0.982366	0.986925
GSE77718	5	EYA4+ZNF568+SFMBT2+HOXA2+BEND5	25	0.976406	0.987922
GSE77718	5	EYA4+ZNF568+SFMBT2+HOXA2+UNC5C	27	0.976577	0.974626
GSE77718	5	EYA4+ZNF568+SFMBT2+HOXA2+RALYL	24	0.977109	0.988144
GSE77718	5	EYA4+ZNF568+SFMBT2+HOXA2+GFRA1	27	0.977924	0.995346
GSE77718	5	EYA4+ZNF568+SFMBT2+BEND5+UNC5C	23	0.980618	0.985817
GSE77718	5	EYA4+ZNF568+SFMBT2+BEND5+RALYL	20	0.979679	0.986482
GSE77718	5	EYA4+ZNF568+SFMBT2+BEND5+GFRA1	23	0.981108	0.986150
GSE77718	5	EYA4+ZNF568+SFMBT2+UNC5C+RALYL	22	0.980553	0.985263
GSE77718	5	EYA4+ZNF568+SFMBT2+UNC5C+GFRA1	25	0.981563	0.985042
GSE77718	5	EYA4+ZNF568+SFMBT2+RALYL+GFRA1	22	0.980842	0.984820
GSE77718	5	EYA4+ZNF568+ADHFE1+HOXA2+BEND5	26	0.976879	0.996565
GSE77718	5	EYA4+ZNF568+ADHFE1+HOXA2+UNC5C	28	0.976760	0.984488
GSE77718	5	EYA4+ZNF568+ADHFE1+HOXA2+RALYL	25	0.977322	0.996011
GSE77718	5	EYA4+ZNF568+ADHFE1+HOXA2+GFRA1	28	0.977912	0.995568
GSE77718	5	EYA4+ZNF568+ADHFE1+BEND5+UNC5C	24	0.980051	0.987368
GSE77718	5	EYA4+ZNF568+ADHFE1+BEND5+RALYL	21	0.980600	0.987590
GSE77718	5	EYA4+ZNF568+ADHFE1+BEND5+GFRA1	24	0.981321	0.987368
GSE77718	5	EYA4+ZNF568+ADHFE1+UNC5C+RALYL	23	0.980104	0.987147
GSE77718	5	EYA4+ZNF568+ADHFE1+UNC5C+GFRA1	26	0.981067	0.986814
GSE77718	5	EYA4+ZNF568+ADHFE1+RALYL+GFRA1	23	0.981232	0.987036
GSE77718	5	EYA4+ZNF568+HOXA2+BEND5+UNC5C	25	0.975301	0.995900
GSE77718	5	EYA4+ZNF568+HOXA2+BEND5+RALYL	22	0.975538	0.996233
GSE77718	5	EYA4+ZNF568+HOXA2+BEND5+GFRA1	25	0.976353	0.996122
GSE77718	5	EYA4+ZNF568+HOXA2+UNC5C+RALYL	24	0.975662	0.994903
GSE77718	5	EYA4+ZNF568+HOXA2+UNC5C+GFRA1	27	0.976642	0.995235
GSE77718	5	EYA4+ZNF568+HOXA2+RALYL+GFRA1	24	0.977221	0.995457
GSE77718	5	EYA4+ZNF568+BEND5+UNC5C+RALYL	20	0.976707	0.986260
GSE77718	5	EYA4+ZNF568+BEND5+UNC5C+GFRA1	23	0.978686	0.986039
GSE77718	5	EYA4+ZNF568+BEND5+RALYL+GFRA1	20	0.973440	0.985596
GSE77718	5	EYA4+ZNF568+UNC5C+RALYL+GFRA1	22	0.978822	0.984820
GSE77718	5	EYA4+ZNF793+SFMBT2+ADHFE1+HOXA2	27	0.977227	0.996343
GSE77718	5	EYA4+ZNF793+SFMBT2+ADHFE1+BEND5	23	0.981120	0.987701
GSE77718	5	EYA4+ZNF793+SFMBT2+ADHFE1+UNC5C	25	0.980659	0.987258
GSE77718	5	EYA4+ZNF793+SFMBT2+ADHFE1+RALYL	22	0.981445	0.987368
GSE77718	5	EYA4+ZNF793+SFMBT2+ADHFE1+GFRA1	25	0.981983	0.987147
GSE77718	5	EYA4+ZNF793+SFMBT2+HOXA2+BEND5	24	0.975715	0.996676
GSE77718	5	EYA4+ZNF793+SFMBT2+HOXA2+UNC5C	26	0.976347	0.995679
GSE77718	5	EYA4+ZNF793+SFMBT2+HOXA2+RALYL	23	0.976571	0.996233
GSE77718	5	EYA4+ZNF793+SFMBT2+HOXA2+GFRA1	26	0.977251	0.996011
GSE77718	5	EYA4+ZNF793+SFMBT2+BEND5+UNC5C	22	0.980092	0.986260
GSE77718	5	EYA4+ZNF793+SFMBT2+BEND5+RALYL	19	0.979218	0.985042
GSE77718	5	EYA4+ZNF793+SFMBT2+BEND5+GFRA1	22	0.980825	0.986482
GSE77718	5	EYA4+ZNF793+SFMBT2+UNC5C+RALYL	21	0.980529	0.985152
GSE77718	5	EYA4+ZNF793+SFMBT2+UNC5C+GFRA1	24	0.981575	0.985263
GSE77718	5	EYA4+ZNF793+SFMBT2+RALYL+GFRA1	21	0.980961	0.985596
GSE77718	5	EYA4+ZNF793+ADHFE1+HOXA2+BEND5	25	0.976329	0.997119
GSE77718	5	EYA4+ZNF793+ADHFE1+HOXA2+UNC5C	27	0.976589	0.996233
GSE77718	5	EYA4+ZNF793+ADHFE1+HOXA2+RALYL	24	0.976855	0.996787
GSE77718	5	EYA4+ZNF793+ADHFE1+HOXA2+GFRA1	27	0.977517	0.996233
GSE77718	5	EYA4+ZNF793+ADHFE1+BEND5+UNC5C	23	0.979253	0.987922
GSE77718	5	EYA4+ZNF793+ADHFE1+BEND5+RALYL	20	0.980187	0.987922
GSE77718	5	EYA4+ZNF793+ADHFE1+BEND5+GFRA1	23	0.981197	0.987590
GSE77718	5	EYA4+ZNF793+ADHFE1+UNC5C+RALYL	22	0.979578	0.987701
GSE77718	5	EYA4+ZNF793+ADHFE1+UNC5C+GFRA1	25	0.980712	0.987479
GSE77718	5	EYA4+ZNF793+ADHFE1+RALYL+GFRA1	22	0.981091	0.987479
GSE77718	5	EYA4+ZNF793+HOXA2+BEND5+UNC5C	24	0.974338	0.996454
GSE77718	5	EYA4+ZNF793+HOXA2+BEND5+RALYL	21	0.974462	0.996898
GSE77718	5	EYA4+ZNF793+HOXA2+BEND5+GFRA1	24	0.975874	0.996565
GSE77718	5	EYA4+ZNF793+HOXA2+UNC5C+RALYL	23	0.975591	0.995568
GSE77718	5	EYA4+ZNF793+HOXA2+UNC5C+GFRA1	26	0.976435	0.995568
GSE77718	5	EYA4+ZNF793+HOXA2+RALYL+GFRA1	23	0.976754	0.995900
GSE77718	5	EYA4+ZNF793+BEND5+UNC5C+RALYL	19	0.974220	0.986039
GSE77718	5	EYA4+ZNF793+BEND5+UNC5C+GFRA1	22	0.977688	0.986150
GSE77718	5	EYA4+ZNF793+BEND5+RALYL+GFRA1	19	0.971798	0.985817
GSE77718	5	EYA4+ZNF793+UNC5C+RALYL+GFRA1	21	0.978255	0.984709
GSE77718	5	EYA4+SFMBT2+ADHFE1+HOXA2+BEND5	25	0.976453	0.996343
GSE77718	5	EYA4+SFMBT2+ADHFE1+HOXA2+UNC5C	27	0.976719	0.995789
GSE77718	5	EYA4+SFMBT2+ADHFE1+HOXA2+RALYL	24	0.976997	0.996233
GSE77718	5	EYA4+SFMBT2+ADHFE1+HOXA2+GFRA1	27	0.977540	0.995900
GSE77718	5	EYA4+SFMBT2+ADHFE1+BEND5+UNC5C	23	0.980281	0.987701
GSE77718	5	EYA4+SFMBT2+ADHFE1+BEND5+RALYL	20	0.980913	0.987701
GSE77718	5	EYA4+SFMBT2+ADHFE1+BEND5+GFRA1	23	0.981386	0.987479
GSE77718	5	EYA4+SFMBT2+ADHFE1+UNC5C+RALYL	22	0.980411	0.987258
GSE77718	5	EYA4+SFMBT2+ADHFE1+UNC5C+GFRA1	25	0.981073	0.986704
GSE77718	5	EYA4+SFMBT2+ADHFE1+RALYL+GFRA1	22	0.981717	0.987147
GSE77718	5	EYA4+SFMBT2+HOXA2+BEND5+UNC5C	24	0.975396	0.996676
GSE77718	5	EYA4+SFMBT2+HOXA2+BEND5+RALYL	21	0.975756	0.985263
GSE77718	5	EYA4+SFMBT2+HOXA2+BEND5+GFRA1	24	0.976802	0.996454
GSE77718	5	EYA4+SFMBT2+HOXA2+UNC5C+RALYL	23	0.976069	0.970305
GSE77718	5	EYA4+SFMBT2+HOXA2+UNC5C+GFRA1	26	0.977091	0.995346
GSE77718	5	EYA4+SFMBT2+HOXA2+RALYL+GFRA1	23	0.977263	0.995900
GSE77718	5	EYA4+SFMBT2+BEND5+UNC5C+RALYL	19	0.979608	0.986371
GSE77718	5	EYA4+SFMBT2+BEND5+UNC5C+GFRA1	22	0.981244	0.986371
GSE77718	5	EYA4+SFMBT2+BEND5+RALYL+GFRA1	19	0.980606	0.986371
GSE77718	5	EYA4+SFMBT2+UNC5C+RALYL+GFRA1	21	0.980783	0.985263
GSE77718	5	EYA4+ADHFE1+HOXA2+BEND5+UNC5C	25	0.975579	0.996565
GSE77718	5	EYA4+ADHFE1+HOXA2+BEND5+RALYL	22	0.976010	0.996787
GSE77718	5	EYA4+ADHFE1+HOXA2+BEND5+GFRA1	25	0.976873	0.996565
GSE77718	5	EYA4+ADHFE1+HOXA2+UNC5C+RALYL	24	0.975939	0.996011
GSE77718	5	EYA4+ADHFE1+HOXA2+UNC5C+GFRA1	27	0.976772	0.995789
GSE77718	5	EYA4+ADHFE1+HOXA2+RALYL+GFRA1	24	0.977245	0.996233
GSE77718	5	EYA4+ADHFE1+BEND5+UNC5C+RALYL	20	0.979188	0.987701
GSE77718	5	EYA4+ADHFE1+BEND5+UNC5C+GFRA1	23	0.980417	0.987812
GSE77718	5	EYA4+ADHFE1+BEND5+RALYL+GFRA1	20	0.980925	0.987590
GSE77718	5	EYA4+ADHFE1+UNC5C+RALYL+GFRA1	22	0.980151	0.987258
GSE77718	5	EYA4+HOXA2+BEND5+UNC5C+RALYL	21	0.974835	0.996898
GSE77718	5	EYA4+HOXA2+BEND5+UNC5C+GFRA1	24	0.975526	0.996454
GSE77718	5	EYA4+HOXA2+BEND5+RALYL+GFRA1	21	0.975927	0.996676
GSE77718	5	EYA4+HOXA2+UNC5C+RALYL+GFRA1	23	0.975744	0.995679
GSE77718	5	EYA4+BEND5+UNC5C+RALYL+GFRA1	19	0.977847	0.986371
GSE77718	5	ZNF568+ZNF793+SFMBT2+ADHFE1+HOXA2	24	0.977180	0.996122
GSE77718	5	ZNF568+ZNF793+SFMBT2+ADHFE1+BEND5	20	0.980718	0.987922
GSE77718	5	ZNF568+ZNF793+SFMBT2+ADHFE1+UNC5C	22	0.980878	0.986814
GSE77718	5	ZNF568+ZNF793+SFMBT2+ADHFE1+RALYL	19	0.981368	0.987036
GSE77718	5	ZNF568+ZNF793+SFMBT2+ADHFE1+GFRA1	22	0.982390	0.986814
GSE77718	5	ZNF568+ZNF793+SFMBT2+HOXA2+BEND5	21	0.974888	0.996787
GSE77718	5	ZNF568+ZNF793+SFMBT2+HOXA2+UNC5C	23	0.975396	0.995235
GSE77718	5	ZNF568+ZNF793+SFMBT2+HOXA2+RALYL	20	0.975963	0.996011
GSE77718	5	ZNF568+ZNF793+SFMBT2+HOXA2+GFRA1	23	0.976849	0.995900
GSE77718	5	ZNF568+ZNF793+SFMBT2+BEND5+UNC5C	19	0.980517	0.986150
GSE77718	5	ZNF568+ZNF793+SFMBT2+BEND5+RALYL	16	0.979318	0.986150
GSE77718	5	ZNF568+ZNF793+SFMBT2+BEND5+GFRA1	19	0.981368	0.986260
GSE77718	5	ZNF568+ZNF793+SFMBT2+UNC5C+RALYL	18	0.980577	0.985042
GSE77718	5	ZNF568+ZNF793+SFMBT2+UNC5C+GFRA1	21	0.981161	0.985042
GSE77718	5	ZNF568+ZNF793+SFMBT2+RALYL+GFRA1	18	0.980943	0.985374
GSE77718	5	ZNF568+ZNF793+ADHFE1+HOXA2+BEND5	22	0.975904	0.996676
GSE77718	5	ZNF568+ZNF793+ADHFE1+HOXA2+UNC5C	24	0.976613	0.995900
GSE77718	5	ZNF568+ZNF793+ADHFE1+HOXA2+RALYL	21	0.976725	0.996233
GSE77718	5	ZNF568+ZNF793+ADHFE1+HOXA2+GFRA1	24	0.977416	0.996011
GSE77718	5	ZNF568+ZNF793+ADHFE1+BEND5+UNC5C	20	0.979324	0.987922
GSE77718	5	ZNF568+ZNF793+ADHFE1+BEND5+RALYL	17	0.979720	0.987479
GSE77718	5	ZNF568+ZNF793+ADHFE1+BEND5+GFRA1	20	0.980582	0.987922
GSE77718	5	ZNF568+ZNF793+ADHFE1+UNC5C+RALYL	19	0.980163	0.986925
GSE77718	5	ZNF568+ZNF793+ADHFE1+UNC5C+GFRA1	22	0.980860	0.986925
GSE77718	5	ZNF568+ZNF793+ADHFE1+RALYL+GFRA1	19	0.981220	0.986482
GSE77718	5	ZNF568+ZNF793+HOXA2+BEND5+UNC5C	21	0.974143	0.996454
GSE77718	5	ZNF568+ZNF793+HOXA2+BEND5+RALYL	18	0.974185	0.996454
GSE77718	5	ZNF568+ZNF793+HOXA2+BEND5+GFRA1	21	0.975526	0.996454
GSE77718	5	ZNF568+ZNF793+HOXA2+UNC5C+RALYL	20	0.974699	0.995014
GSE77718	5	ZNF568+ZNF793+HOXA2+UNC5C+GFRA1	23	0.976252	0.995346
GSE77718	5	ZNF568+ZNF793+HOXA2+RALYL+GFRA1	20	0.976648	0.995568
GSE77718	5	ZNF568+ZNF793+BEND5+UNC5C+RALYL	16	0.977729	0.985817
GSE77718	5	ZNF568+ZNF793+BEND5+UNC5C+GFRA1	19	0.979531	0.986039
GSE77718	5	ZNF568+ZNF793+BEND5+RALYL+GFRA1	16	0.977948	0.986260
GSE77718	5	ZNF568+ZNF793+UNC5C+RALYL+GFRA1	18	0.979147	0.984709
GSE77718	5	ZNF568+SFMBT2+ADHFE1+HOXA2+BEND5	22	0.976040	0.996233
GSE77718	5	ZNF568+SFMBT2+ADHFE1+HOXA2+UNC5C	24	0.977186	0.995789
GSE77718	5	ZNF568+SFMBT2+ADHFE1+HOXA2+RALYL	21	0.977150	0.995679
GSE77718	5	ZNF568+SFMBT2+ADHFE1+HOXA2+GFRA1	24	0.977989	0.995679
GSE77718	5	ZNF568+SFMBT2+ADHFE1+BEND5+UNC5C	20	0.980441	0.987147
GSE77718	5	ZNF568+SFMBT2+ADHFE1+BEND5+RALYL	17	0.980405	0.987479
GSE77718	5	ZNF568+SFMBT2+ADHFE1+BEND5+GFRA1	20	0.981563	0.986925
GSE77718	5	ZNF568+SFMBT2+ADHFE1+UNC5C+RALYL	19	0.980943	0.986593
GSE77718	5	ZNF568+SFMBT2+ADHFE1+UNC5C+GFRA1	22	0.981935	0.986260
GSE77718	5	ZNF568+SFMBT2+ADHFE1+RALYL+GFRA1	19	0.982248	0.986704
GSE77718	5	ZNF568+SFMBT2+HOXA2+BEND5+UNC5C	21	0.975148	0.995789
GSE77718	5	ZNF568+SFMBT2+HOXA2+BEND5+RALYL	18	0.975272	0.991579
GSE77718	5	ZNF568+SFMBT2+HOXA2+BEND5+GFRA1	21	0.976648	0.989474
GSE77718	5	ZNF568+SFMBT2+HOXA2+UNC5C+RALYL	20	0.976211	0.995125
GSE77718	5	ZNF568+SFMBT2+HOXA2+UNC5C+GFRA1	23	0.976873	0.994903
GSE77718	5	ZNF568+SFMBT2+HOXA2+RALYL+GFRA1	20	0.977286	0.995346
GSE77718	5	ZNF568+SFMBT2+BEND5+UNC5C+RALYL	16	0.980110	0.985042
GSE77718	5	ZNF568+SFMBT2+BEND5+UNC5C+GFRA1	19	0.981120	0.985485
GSE77718	5	ZNF568+SFMBT2+BEND5+RALYL+GFRA1	16	0.980494	0.985928
GSE77718	5	ZNF568+SFMBT2+UNC5C+RALYL+GFRA1	18	0.981427	0.984598
GSE77718	5	ZNF568+ADHFE1+HOXA2+BEND5+UNC5C	22	0.975620	0.987258
GSE77718	5	ZNF568+ADHFE1+HOXA2+BEND5+RALYL	19	0.975987	0.996454
GSE77718	5	ZNF568+ADHFE1+HOXA2+BEND5+GFRA1	22	0.976843	0.996343
GSE77718	5	ZNF568+ADHFE1+HOXA2+UNC5C+RALYL	21	0.976341	0.987258
GSE77718	5	ZNF568+ADHFE1+HOXA2+UNC5C+GFRA1	24	0.976825	0.995789
GSE77718	5	ZNF568+ADHFE1+HOXA2+RALYL+GFRA1	21	0.977617	0.995900
GSE77718	5	ZNF568+ADHFE1+BEND5+UNC5C+RALYL	17	0.979655	0.987479
GSE77718	5	ZNF568+ADHFE1+BEND5+UNC5C+GFRA1	20	0.980718	0.987036
GSE77718	5	ZNF568+ADHFE1+BEND5+RALYL+GFRA1	17	0.980831	0.987258
GSE77718	5	ZNF568+ADHFE1+UNC5C+RALYL+GFRA1	19	0.981020	0.986260
GSE77718	5	ZNF568+HOXA2+BEND5+UNC5C+RALYL	18	0.974716	0.996343
GSE77718	5	ZNF568+HOXA2+BEND5+UNC5C+GFRA1	21	0.975821	0.995789
GSE77718	5	ZNF568+HOXA2+BEND5+RALYL+GFRA1	18	0.976270	0.996122
GSE77718	5	ZNF568+HOXA2+UNC5C+RALYL+GFRA1	20	0.976010	0.994903
GSE77718	5	ZNF568+BEND5+UNC5C+RALYL+GFRA1	16	0.979253	0.985817
GSE77718	5	ZNF793+SFMBT2+ADHFE1+HOXA2+BEND5	21	0.975632	0.996898
GSE77718	5	ZNF793+SFMBT2+ADHFE1+HOXA2+UNC5C	23	0.976311	0.996233
GSE77718	5	ZNF793+SFMBT2+ADHFE1+HOXA2+RALYL	20	0.976217	0.996676
GSE77718	5	ZNF793+SFMBT2+ADHFE1+HOXA2+GFRA1	23	0.977257	0.996343
GSE77718	5	ZNF793+SFMBT2+ADHFE1+BEND5+UNC5C	19	0.979129	0.987258
GSE77718	5	ZNF793+SFMBT2+ADHFE1+BEND5+RALYL	16	0.979826	0.987812
GSE77718	5	ZNF793+SFMBT2+ADHFE1+BEND5+GFRA1	19	0.981581	0.987590
GSE77718	5	ZNF793+SFMBT2+ADHFE1+UNC5C+RALYL	18	0.979962	0.986925
GSE77718	5	ZNF793+SFMBT2+ADHFE1+UNC5C+GFRA1	21	0.981545	0.986039
GSE77718	5	ZNF793+SFMBT2+ADHFE1+RALYL+GFRA1	18	0.981929	0.986814
GSE77718	5	ZNF793+SFMBT2+HOXA2+BEND5+UNC5C	20	0.974403	0.996565
GSE77718	5	ZNF793+SFMBT2+HOXA2+BEND5+RALYL	17	0.974705	0.997230
GSE77718	5	ZNF793+SFMBT2+HOXA2+BEND5+GFRA1	20	0.975951	0.996787
GSE77718	5	ZNF793+SFMBT2+HOXA2+UNC5C+RALYL	19	0.976341	0.995568
GSE77718	5	ZNF793+SFMBT2+HOXA2+UNC5C+GFRA1	22	0.977097	0.995235
GSE77718	5	ZNF793+SFMBT2+HOXA2+RALYL+GFRA1	19	0.977097	0.996122
GSE77718	5	ZNF793+SFMBT2+BEND5+UNC5C+RALYL	15	0.979312	0.986039
GSE77718	5	ZNF793+SFMBT2+BEND5+UNC5C+GFRA1	18	0.981126	0.985928
GSE77718	5	ZNF793+SFMBT2+BEND5+RALYL+GFRA1	15	0.980275	0.986371
GSE77718	5	ZNF793+SFMBT2+UNC5C+RALYL+GFRA1	17	0.981138	0.985152
GSE77718	5	ZNF793+ADHFE1+HOXA2+BEND5+UNC5C	21	0.974894	0.996898
GSE77718	5	ZNF793+ADHFE1+HOXA2+BEND5+RALYL	18	0.975006	0.997341
GSE77718	5	ZNF793+ADHFE1+HOXA2+BEND5+GFRA1	21	0.976258	0.997008
GSE77718	5	ZNF793+ADHFE1+HOXA2+UNC5C+RALYL	20	0.975851	0.996343
GSE77718	5	ZNF793+ADHFE1+HOXA2+UNC5C+GFRA1	23	0.976524	0.996122
GSE77718	5	ZNF793+ADHFE1+HOXA2+RALYL+GFRA1	20	0.977073	0.996343
GSE77718	5	ZNF793+ADHFE1+BEND5+UNC5C+RALYL	16	0.977635	0.987812
GSE77718	5	ZNF793+ADHFE1+BEND5+UNC5C+GFRA1	19	0.979708	0.987701
GSE77718	5	ZNF793+ADHFE1+BEND5+RALYL+GFRA1	16	0.980293	0.987922
GSE77718	5	ZNF793+ADHFE1+UNC5C+RALYL+GFRA1	18	0.980659	0.986371
GSE77718	5	ZNF793+HOXA2+BEND5+UNC5C+RALYL	17	0.974138	0.997119
GSE77718	5	ZNF793+HOXA2+BEND5+UNC5C+GFRA1	20	0.975585	0.996676
GSE77718	5	ZNF793+HOXA2+BEND5+RALYL+GFRA1	17	0.975532	0.997119
GSE77718	5	ZNF793+HOXA2+UNC5C+RALYL+GFRA1	19	0.975927	0.995346
GSE77718	5	ZNF793+BEND5+UNC5C+RALYL+GFRA1	15	0.979041	0.986150
GSE77718	5	SFMBT2+ADHFE1+HOXA2+BEND5+UNC5C	21	0.975591	0.996565
GSE77718	5	SFMBT2+ADHFE1+HOXA2+BEND5+RALYL	18	0.975679	0.997230
GSE77718	5	SFMBT2+ADHFE1+HOXA2+BEND5+GFRA1	21	0.976772	0.996676
GSE77718	5	SFMBT2+ADHFE1+HOXA2+UNC5C+RALYL	20	0.976453	0.996011
GSE77718	5	SFMBT2+ADHFE1+HOXA2+UNC5C+GFRA1	23	0.977221	0.995900
GSE77718	5	SFMBT2+ADHFE1+HOXA2+RALYL+GFRA1	20	0.977392	0.996343
GSE77718	5	SFMBT2+ADHFE1+BEND5+UNC5C+RALYL	16	0.979448	0.987036
GSE77718	5	SFMBT2+ADHFE1+BEND5+UNC5C+GFRA1	19	0.981026	0.986814
GSE77718	5	SFMBT2+ADHFE1+BEND5+RALYL+GFRA1	16	0.981409	0.987147
GSE77718	5	SFMBT2+ADHFE1+UNC5C+RALYL+GFRA1	18	0.981043	0.986039
GSE77718	5	SFMBT2+HOXA2+BEND5+UNC5C+RALYL	17	0.975230	0.994460
GSE77718	5	SFMBT2+HOXA2+BEND5+UNC5C+GFRA1	20	0.976311	0.995789
GSE77718	5	SFMBT2+HOXA2+BEND5+RALYL+GFRA1	17	0.976530	0.988698
GSE77718	5	SFMBT2+HOXA2+UNC5C+RALYL+GFRA1	19	0.976979	0.995346
GSE77718	5	SFMBT2+BEND5+UNC5C+RALYL+GFRA1	15	0.981132	0.985263
GSE77718	5	ADHFE1+HOXA2+BEND5+UNC5C+RALYL	18	0.975360	0.987701
GSE77718	5	ADHFE1+HOXA2+BEND5+UNC5C+GFRA1	21	0.976565	0.996454
GSE77718	5	ADHFE1+HOXA2+BEND5+RALYL+GFRA1	18	0.976270	0.996898
GSE77718	5	ADHFE1+HOXA2+UNC5C+RALYL+GFRA1	20	0.977056	0.996233
GSE77718	5	ADHFE1+BEND5+UNC5C+RALYL+GFRA1	16	0.980222	0.987147
GSE77718	5	HOXA2+BEND5+UNC5C+RALYL+GFRA1	17	0.975668	0.996676
GSE77718	6	EYA4+ZNF568+ZNF793+SFMBT2+ADHFE1+HOXA2	32	0.977824	0.995789
GSE77718	6	EYA4+ZNF568+ZNF793+SFMBT2+ADHFE1+BEND5	28	0.981167	0.987368
GSE77718	6	EYA4+ZNF568+ZNF793+SFMBT2+ADHFE1+UNC5C	30	0.981374	0.986814
GSE77718	6	EYA4+ZNF568+ZNF793+SFMBT2+ADHFE1+RALYL	27	0.981569	0.987147
GSE77718	6	EYA4+ZNF568+ZNF793+SFMBT2+ADHFE1+GFRA1	30	0.982000	0.987147
GSE77718	6	EYA4+ZNF568+ZNF793+SFMBT2+HOXA2+BEND5	29	0.976276	0.996011
GSE77718	6	EYA4+ZNF568+ZNF793+SFMBT2+HOXA2+UNC5C	31	0.976441	0.995346
GSE77718	6	EYA4+ZNF568+ZNF793+SFMBT2+HOXA2+RALYL	28	0.976985	0.995457
GSE77718	6	EYA4+ZNF568+ZNF793+SFMBT2+HOXA2+GFRA1	31	0.977676	0.995235
GSE77718	6	EYA4+ZNF568+ZNF793+SFMBT2+BEND5+UNC5C	27	0.980429	0.986039
GSE77718	6	EYA4+ZNF568+ZNF793+SFMBT2+BEND5+RALYL	24	0.979336	0.986039
GSE77718	6	EYA4+ZNF568+ZNF793+SFMBT2+BEND5+GFRA1	27	0.980736	0.986371
GSE77718	6	EYA4+ZNF568+ZNF793+SFMBT2+UNC5C+RALYL	26	0.980594	0.984598
GSE77718	6	EYA4+ZNF568+ZNF793+SFMBT2+UNC5C+GFRA1	29	0.981480	0.985485
GSE77718	6	EYA4+ZNF568+ZNF793+SFMBT2+RALYL+GFRA1	26	0.980547	0.984488
GSE77718	6	EYA4+ZNF568+ZNF793+ADHFE1+HOXA2+BEND5	30	0.976884	0.996122
GSE77718	6	EYA4+ZNF568+ZNF793+ADHFE1+HOXA2+UNC5C	32	0.976926	0.995679
GSE77718	6	EYA4+ZNF568+ZNF793+ADHFE1+HOXA2+RALYL	29	0.977322	0.995789
GSE77718	6	EYA4+ZNF568+ZNF793+ADHFE1+HOXA2+GFRA1	32	0.977906	0.995457
GSE77718	6	EYA4+ZNF568+ZNF793+ADHFE1+BEND5+UNC5C	28	0.980057	0.987479
GSE77718	6	EYA4+ZNF568+ZNF793+ADHFE1+BEND5+RALYL	25	0.980382	0.987812
GSE77718	6	EYA4+ZNF568+ZNF793+ADHFE1+BEND5+GFRA1	28	0.981073	0.987479
GSE77718	6	EYA4+ZNF568+ZNF793+ADHFE1+UNC5C+RALYL	27	0.980582	0.986925
GSE77718	6	EYA4+ZNF568+ZNF793+ADHFE1+UNC5C+GFRA1	30	0.981014	0.986814
GSE77718	6	EYA4+ZNF568+ZNF793+ADHFE1+RALYL+GFRA1	27	0.981356	0.986925
GSE77718	6	EYA4+ZNF568+ZNF793+HOXA2+BEND5+UNC5C	29	0.974941	0.995900
GSE77718	6	EYA4+ZNF568+ZNF793+HOXA2+BEND5+RALYL	26	0.975272	0.996233
GSE77718	6	EYA4+ZNF568+ZNF793+HOXA2+BEND5+GFRA1	29	0.976489	0.996011
GSE77718	6	EYA4+ZNF568+ZNF793+HOXA2+UNC5C+RALYL	28	0.975774	0.995235
GSE77718	6	EYA4+ZNF568+ZNF793+HOXA2+UNC5C+GFRA1	31	0.976554	0.994571
GSE77718	6	EYA4+ZNF568+ZNF793+HOXA2+RALYL+GFRA1	28	0.977103	0.995014
GSE77718	6	EYA4+ZNF568+ZNF793+BEND5+UNC5C+RALYL	24	0.976022	0.985596
GSE77718	6	EYA4+ZNF568+ZNF793+BEND5+UNC5C+GFRA1	27	0.978290	0.985928
GSE77718	6	EYA4+ZNF568+ZNF793+BEND5+RALYL+GFRA1	24	0.973074	0.985817
GSE77718	6	EYA4+ZNF568+ZNF793+UNC5C+RALYL+GFRA1	26	0.978527	0.984820
GSE77718	6	EYA4+ZNF568+SFMBT2+ADHFE1+HOXA2+BEND5	30	0.977032	0.995900
GSE77718	6	EYA4+ZNF568+SFMBT2+ADHFE1+HOXA2+UNC5C	32	0.977245	0.995346
GSE77718	6	EYA4+ZNF568+SFMBT2+ADHFE1+HOXA2+RALYL	29	0.977800	0.995679
GSE77718	6	EYA4+ZNF568+SFMBT2+ADHFE1+HOXA2+GFRA1	32	0.978261	0.995457
GSE77718	6	EYA4+ZNF568+SFMBT2+ADHFE1+BEND5+UNC5C	28	0.980600	0.987479
GSE77718	6	EYA4+ZNF568+SFMBT2+ADHFE1+BEND5+RALYL	25	0.980795	0.987147
GSE77718	6	EYA4+ZNF568+SFMBT2+ADHFE1+BEND5+GFRA1	28	0.981587	0.987147
GSE77718	6	EYA4+ZNF568+SFMBT2+ADHFE1+UNC5C+RALYL	27	0.981280	0.986925
GSE77718	6	EYA4+ZNF568+SFMBT2+ADHFE1+UNC5C+GFRA1	30	0.981888	0.986482
GSE77718	6	EYA4+ZNF568+SFMBT2+ADHFE1+RALYL+GFRA1	27	0.982030	0.986925
GSE77718	6	EYA4+ZNF568+SFMBT2+HOXA2+BEND5+UNC5C	29	0.975744	0.975623
GSE77718	6	EYA4+ZNF568+SFMBT2+HOXA2+BEND5+RALYL	26	0.976441	0.987922
GSE77718	6	EYA4+ZNF568+SFMBT2+HOXA2+BEND5+GFRA1	29	0.977268	0.988920
GSE77718	6	EYA4+ZNF568+SFMBT2+HOXA2+UNC5C+RALYL	28	0.976447	0.974737
GSE77718	6	EYA4+ZNF568+SFMBT2+HOXA2+UNC5C+GFRA1	31	0.977257	0.994792
GSE77718	6	EYA4+ZNF568+SFMBT2+HOXA2+RALYL+GFRA1	28	0.977918	0.995235
GSE77718	6	EYA4+ZNF568+SFMBT2+BEND5+UNC5C+RALYL	24	0.979956	0.986039
GSE77718	6	EYA4+ZNF568+SFMBT2+BEND5+UNC5C+GFRA1	27	0.980878	0.985928
GSE77718	6	EYA4+ZNF568+SFMBT2+BEND5+RALYL+GFRA1	24	0.980163	0.985928
GSE77718	6	EYA4+ZNF568+SFMBT2+UNC5C+RALYL+GFRA1	26	0.981126	0.985042
GSE77718	6	EYA4+ZNF568+ADHFE1+HOXA2+BEND5+UNC5C	30	0.976140	0.995789
GSE77718	6	EYA4+ZNF568+ADHFE1+HOXA2+BEND5+RALYL	27	0.976760	0.996454
GSE77718	6	EYA4+ZNF568+ADHFE1+HOXA2+BEND5+GFRA1	30	0.977310	0.996011
GSE77718	6	EYA4+ZNF568+ADHFE1+HOXA2+UNC5C+RALYL	29	0.976489	0.984377
GSE77718	6	EYA4+ZNF568+ADHFE1+HOXA2+UNC5C+GFRA1	32	0.977404	0.995568
GSE77718	6	EYA4+ZNF568+ADHFE1+HOXA2+RALYL+GFRA1	29	0.977800	0.995457
GSE77718	6	EYA4+ZNF568+ADHFE1+BEND5+UNC5C+RALYL	25	0.979891	0.987258
GSE77718	6	EYA4+ZNF568+ADHFE1+BEND5+UNC5C+GFRA1	28	0.980724	0.987368
GSE77718	6	EYA4+ZNF568+ADHFE1+BEND5+RALYL+GFRA1	25	0.981096	0.987147
GSE77718	6	EYA4+ZNF568+ADHFE1+UNC5C+RALYL+GFRA1	27	0.980772	0.986371
GSE77718	6	EYA4+ZNF568+HOXA2+BEND5+UNC5C+RALYL	26	0.975301	0.995789
GSE77718	6	EYA4+ZNF568+HOXA2+BEND5+UNC5C+GFRA1	29	0.976022	0.995568
GSE77718	6	EYA4+ZNF568+HOXA2+BEND5+RALYL+GFRA1	26	0.976347	0.995900
GSE77718	6	EYA4+ZNF568+HOXA2+UNC5C+RALYL+GFRA1	28	0.976530	0.994903
GSE77718	6	EYA4+ZNF568+BEND5+UNC5C+RALYL+GFRA1	24	0.978030	0.986150
GSE77718	6	EYA4+ZNF793+SFMBT2+ADHFE1+HOXA2+BEND5	29	0.976518	0.996565
GSE77718	6	EYA4+ZNF793+SFMBT2+ADHFE1+HOXA2+UNC5C	31	0.976814	0.996011
GSE77718	6	EYA4+ZNF793+SFMBT2+ADHFE1+HOXA2+RALYL	28	0.977068	0.996233
GSE77718	6	EYA4+ZNF793+SFMBT2+ADHFE1+HOXA2+GFRA1	31	0.977481	0.995679
GSE77718	6	EYA4+ZNF793+SFMBT2+ADHFE1+BEND5+UNC5C	27	0.979998	0.987812
GSE77718	6	EYA4+ZNF793+SFMBT2+ADHFE1+BEND5+RALYL	24	0.980783	0.987812
GSE77718	6	EYA4+ZNF793+SFMBT2+ADHFE1+BEND5+GFRA1	27	0.981297	0.987812
GSE77718	6	EYA4+ZNF793+SFMBT2+ADHFE1+UNC5C+RALYL	26	0.980612	0.987147
GSE77718	6	EYA4+ZNF793+SFMBT2+ADHFE1+UNC5C+GFRA1	29	0.981085	0.986593
GSE77718	6	EYA4+ZNF793+SFMBT2+ADHFE1+RALYL+GFRA1	26	0.981841	0.987258
GSE77718	6	EYA4+ZNF793+SFMBT2+HOXA2+BEND5+UNC5C	28	0.975526	0.996122
GSE77718	6	EYA4+ZNF793+SFMBT2+HOXA2+BEND5+RALYL	25	0.975780	0.996565
GSE77718	6	EYA4+ZNF793+SFMBT2+HOXA2+BEND5+GFRA1	28	0.976695	0.996343
GSE77718	6	EYA4+ZNF793+SFMBT2+HOXA2+UNC5C+RALYL	27	0.976382	0.995346
GSE77718	6	EYA4+ZNF793+SFMBT2+HOXA2+UNC5C+GFRA1	30	0.977162	0.995125
GSE77718	6	EYA4+ZNF793+SFMBT2+HOXA2+RALYL+GFRA1	27	0.977304	0.996011
GSE77718	6	EYA4+ZNF793+SFMBT2+BEND5+UNC5C+RALYL	23	0.979448	0.986260
GSE77718	6	EYA4+ZNF793+SFMBT2+BEND5+UNC5C+GFRA1	26	0.981067	0.986482
GSE77718	6	EYA4+ZNF793+SFMBT2+BEND5+RALYL+GFRA1	23	0.980086	0.986260
GSE77718	6	EYA4+ZNF793+SFMBT2+UNC5C+RALYL+GFRA1	25	0.980990	0.985374
GSE77718	6	EYA4+ZNF793+ADHFE1+HOXA2+BEND5+UNC5C	29	0.975904	0.996454
GSE77718	6	EYA4+ZNF793+ADHFE1+HOXA2+BEND5+RALYL	26	0.976229	0.996676
GSE77718	6	EYA4+ZNF793+ADHFE1+HOXA2+BEND5+GFRA1	29	0.976973	0.996343
GSE77718	6	EYA4+ZNF793+ADHFE1+HOXA2+UNC5C+RALYL	28	0.976459	0.996122
GSE77718	6	EYA4+ZNF793+ADHFE1+HOXA2+UNC5C+GFRA1	31	0.976843	0.995568
GSE77718	6	EYA4+ZNF793+ADHFE1+HOXA2+RALYL+GFRA1	28	0.977192	0.996343
GSE77718	6	EYA4+ZNF793+ADHFE1+BEND5+UNC5C+RALYL	24	0.979383	0.987922
GSE77718	6	EYA4+ZNF793+ADHFE1+BEND5+UNC5C+GFRA1	27	0.980393	0.987922
GSE77718	6	EYA4+ZNF793+ADHFE1+BEND5+RALYL+GFRA1	24	0.980872	0.987590
GSE77718	6	EYA4+ZNF793+ADHFE1+UNC5C+RALYL+GFRA1	26	0.980506	0.987147
GSE77718	6	EYA4+ZNF793+HOXA2+BEND5+UNC5C+RALYL	25	0.974693	0.996565
GSE77718	6	EYA4+ZNF793+HOXA2+BEND5+UNC5C+GFRA1	28	0.975384	0.996122
GSE77718	6	EYA4+ZNF793+HOXA2+BEND5+RALYL+GFRA1	25	0.975809	0.996343
GSE77718	6	EYA4+ZNF793+HOXA2+UNC5C+RALYL+GFRA1	27	0.976613	0.995457
GSE77718	6	EYA4+ZNF793+BEND5+UNC5C+RALYL+GFRA1	23	0.977103	0.986039
GSE77718	6	EYA4+SFMBT2+ADHFE1+HOXA2+BEND5+UNC5C	29	0.975886	0.996122
GSE77718	6	EYA4+SFMBT2+ADHFE1+HOXA2+BEND5+RALYL	26	0.976252	0.996454
GSE77718	6	EYA4+SFMBT2+ADHFE1+HOXA2+BEND5+GFRA1	29	0.977056	0.996233
GSE77718	6	EYA4+SFMBT2+ADHFE1+HOXA2+UNC5C+RALYL	28	0.976430	0.995679
GSE77718	6	EYA4+SFMBT2+ADHFE1+HOXA2+UNC5C+GFRA1	31	0.976997	0.995125
GSE77718	6	EYA4+SFMBT2+ADHFE1+HOXA2+RALYL+GFRA1	28	0.977475	0.995900
GSE77718	6	EYA4+SFMBT2+ADHFE1+BEND5+UNC5C+RALYL	24	0.980092	0.987368
GSE77718	6	EYA4+SFMBT2+ADHFE1+BEND5+UNC5C+GFRA1	27	0.980842	0.986925
GSE77718	6	EYA4+SFMBT2+ADHFE1+BEND5+RALYL+GFRA1	24	0.981415	0.987368
GSE77718	6	EYA4+SFMBT2+ADHFE1+UNC5C+RALYL+GFRA1	26	0.980966	0.986482
GSE77718	6	EYA4+SFMBT2+HOXA2+BEND5+UNC5C+RALYL	25	0.975047	0.970859
GSE77718	6	EYA4+SFMBT2+HOXA2+BEND5+UNC5C+GFRA1	28	0.976571	0.995568
GSE77718	6	EYA4+SFMBT2+HOXA2+BEND5+RALYL+GFRA1	25	0.976831	0.996454
GSE77718	6	EYA4+SFMBT2+HOXA2+UNC5C+RALYL+GFRA1	27	0.976926	0.995125
GSE77718	6	EYA4+SFMBT2+BEND5+UNC5C+RALYL+GFRA1	23	0.980523	0.986150
GSE77718	6	EYA4+ADHFE1+HOXA2+BEND5+UNC5C+RALYL	26	0.975549	0.996233
GSE77718	6	EYA4+ADHFE1+HOXA2+BEND5+UNC5C+GFRA1	29	0.976424	0.996011
GSE77718	6	EYA4+ADHFE1+HOXA2+BEND5+RALYL+GFRA1	26	0.976825	0.996454
GSE77718	6	EYA4+ADHFE1+HOXA2+UNC5C+RALYL+GFRA1	28	0.976453	0.995789
GSE77718	6	EYA4+ADHFE1+BEND5+UNC5C+RALYL+GFRA1	24	0.980293	0.987701
GSE77718	6	EYA4+HOXA2+BEND5+UNC5C+RALYL+GFRA1	25	0.975662	0.996122
GSE77718	6	ZNF568+ZNF793+SFMBT2+ADHFE1+HOXA2+BEND5	26	0.975945	0.996676
GSE77718	6	ZNF568+ZNF793+SFMBT2+ADHFE1+HOXA2+UNC5C	28	0.976831	0.996011
GSE77718	6	ZNF568+ZNF793+SFMBT2+ADHFE1+HOXA2+RALYL	25	0.976944	0.996011
GSE77718	6	ZNF568+ZNF793+SFMBT2+ADHFE1+HOXA2+GFRA1	28	0.977558	0.995900
GSE77718	6	ZNF568+ZNF793+SFMBT2+ADHFE1+BEND5+UNC5C	24	0.980222	0.987479
GSE77718	6	ZNF568+ZNF793+SFMBT2+ADHFE1+BEND5+RALYL	21	0.980393	0.987922
GSE77718	6	ZNF568+ZNF793+SFMBT2+ADHFE1+BEND5+GFRA1	24	0.981356	0.987590
GSE77718	6	ZNF568+ZNF793+SFMBT2+ADHFE1+UNC5C+RALYL	23	0.980825	0.986482
GSE77718	6	ZNF568+ZNF793+SFMBT2+ADHFE1+UNC5C+GFRA1	26	0.981953	0.986150
GSE77718	6	ZNF568+ZNF793+SFMBT2+ADHFE1+RALYL+GFRA1	23	0.982095	0.986814
GSE77718	6	ZNF568+ZNF793+SFMBT2+HOXA2+BEND5+UNC5C	25	0.974970	0.996011
GSE77718	6	ZNF568+ZNF793+SFMBT2+HOXA2+BEND5+RALYL	22	0.974905	0.996676
GSE77718	6	ZNF568+ZNF793+SFMBT2+HOXA2+BEND5+GFRA1	25	0.975892	0.996233
GSE77718	6	ZNF568+ZNF793+SFMBT2+HOXA2+UNC5C+RALYL	24	0.975939	0.995235
GSE77718	6	ZNF568+ZNF793+SFMBT2+HOXA2+UNC5C+GFRA1	27	0.976477	0.994792
GSE77718	6	ZNF568+ZNF793+SFMBT2+HOXA2+RALYL+GFRA1	24	0.977109	0.995457
GSE77718	6	ZNF568+ZNF793+SFMBT2+BEND5+UNC5C+RALYL	20	0.979915	0.985928
GSE77718	6	ZNF568+ZNF793+SFMBT2+BEND5+UNC5C+GFRA1	23	0.980901	0.985817
GSE77718	6	ZNF568+ZNF793+SFMBT2+BEND5+RALYL+GFRA1	20	0.980210	0.985928
GSE77718	6	ZNF568+ZNF793+SFMBT2+UNC5C+RALYL+GFRA1	22	0.981226	0.985152
GSE77718	6	ZNF568+ZNF793+ADHFE1+HOXA2+BEND5+UNC5C	26	0.975591	0.996565
GSE77718	6	ZNF568+ZNF793+ADHFE1+HOXA2+BEND5+RALYL	23	0.976022	0.996676
GSE77718	6	ZNF568+ZNF793+ADHFE1+HOXA2+BEND5+GFRA1	26	0.976435	0.996343
GSE77718	6	ZNF568+ZNF793+ADHFE1+HOXA2+UNC5C+RALYL	25	0.976335	0.995900
GSE77718	6	ZNF568+ZNF793+ADHFE1+HOXA2+UNC5C+GFRA1	28	0.976790	0.995900
GSE77718	6	ZNF568+ZNF793+ADHFE1+HOXA2+RALYL+GFRA1	25	0.977416	0.996011
GSE77718	6	ZNF568+ZNF793+ADHFE1+BEND5+UNC5C+RALYL	21	0.979460	0.987701
GSE77718	6	ZNF568+ZNF793+ADHFE1+BEND5+UNC5C+GFRA1	24	0.980441	0.987258
GSE77718	6	ZNF568+ZNF793+ADHFE1+BEND5+RALYL+GFRA1	21	0.980435	0.987812
GSE77718	6	ZNF568+ZNF793+ADHFE1+UNC5C+RALYL+GFRA1	23	0.981055	0.986704
GSE77718	6	ZNF568+ZNF793+HOXA2+BEND5+UNC5C+RALYL	22	0.974321	0.996343
GSE77718	6	ZNF568+ZNF793+HOXA2+BEND5+UNC5C+GFRA1	25	0.975195	0.996011
GSE77718	6	ZNF568+ZNF793+HOXA2+BEND5+RALYL+GFRA1	22	0.975366	0.996454
GSE77718	6	ZNF568+ZNF793+HOXA2+UNC5C+RALYL+GFRA1	24	0.975975	0.995014
GSE77718	6	ZNF568+ZNF793+BEND5+UNC5C+RALYL+GFRA1	20	0.978952	0.985706
GSE77718	6	ZNF568+SFMBT2+ADHFE1+HOXA2+BEND5+UNC5C	26	0.975626	0.996011
GSE77718	6	ZNF568+SFMBT2+ADHFE1+HOXA2+BEND5+RALYL	23	0.976010	0.996454
GSE77718	6	ZNF568+SFMBT2+ADHFE1+HOXA2+BEND5+GFRA1	26	0.977115	0.996011
GSE77718	6	ZNF568+SFMBT2+ADHFE1+HOXA2+UNC5C+RALYL	25	0.976873	0.995789
GSE77718	6	ZNF568+SFMBT2+ADHFE1+HOXA2+UNC5C+GFRA1	28	0.977381	0.995346
GSE77718	6	ZNF568+SFMBT2+ADHFE1+HOXA2+RALYL+GFRA1	25	0.977954	0.995679
GSE77718	6	ZNF568+SFMBT2+ADHFE1+BEND5+UNC5C+RALYL	21	0.980151	0.986925
GSE77718	6	ZNF568+SFMBT2+ADHFE1+BEND5+UNC5C+GFRA1	24	0.981138	0.986704
GSE77718	6	ZNF568+SFMBT2+ADHFE1+BEND5+RALYL+GFRA1	21	0.981303	0.987036
GSE77718	6	ZNF568+SFMBT2+ADHFE1+UNC5C+RALYL+GFRA1	23	0.981652	0.986039
GSE77718	6	ZNF568+SFMBT2+HOXA2+BEND5+UNC5C+RALYL	22	0.975295	0.995789
GSE77718	6	ZNF568+SFMBT2+HOXA2+BEND5+UNC5C+GFRA1	25	0.976465	0.995346
GSE77718	6	ZNF568+SFMBT2+HOXA2+BEND5+RALYL+GFRA1	22	0.976814	0.989363
GSE77718	6	ZNF568+SFMBT2+HOXA2+UNC5C+RALYL+GFRA1	24	0.977103	0.995014
GSE77718	6	ZNF568+SFMBT2+BEND5+UNC5C+RALYL+GFRA1	20	0.980517	0.985485
GSE77718	6	ZNF568+ADHFE1+HOXA2+BEND5+UNC5C+RALYL	23	0.975673	0.996343
GSE77718	6	ZNF568+ADHFE1+HOXA2+BEND5+UNC5C+GFRA1	26	0.976731	0.995900
GSE77718	6	ZNF568+ADHFE1+HOXA2+BEND5+RALYL+GFRA1	23	0.976737	0.996233
GSE77718	6	ZNF568+ADHFE1+HOXA2+UNC5C+RALYL+GFRA1	25	0.977286	0.995568
GSE77718	6	ZNF568+ADHFE1+BEND5+UNC5C+RALYL+GFRA1	21	0.980376	0.986814
GSE77718	6	ZNF568+HOXA2+BEND5+UNC5C+RALYL+GFRA1	22	0.975786	0.995568
GSE77718	6	ZNF793+SFMBT2+ADHFE1+HOXA2+BEND5+UNC5C	25	0.975284	0.996454
GSE77718	6	ZNF793+SFMBT2+ADHFE1+HOXA2+BEND5+RALYL	22	0.975608	0.997008
GSE77718	6	ZNF793+SFMBT2+ADHFE1+HOXA2+BEND5+GFRA1	25	0.976548	0.996454
GSE77718	6	ZNF793+SFMBT2+ADHFE1+HOXA2+UNC5C+RALYL	24	0.976063	0.996233
GSE77718	6	ZNF793+SFMBT2+ADHFE1+HOXA2+UNC5C+GFRA1	27	0.976985	0.995789
GSE77718	6	ZNF793+SFMBT2+ADHFE1+HOXA2+RALYL+GFRA1	24	0.977375	0.996343
GSE77718	6	ZNF793+SFMBT2+ADHFE1+BEND5+UNC5C+RALYL	20	0.979395	0.987036
GSE77718	6	ZNF793+SFMBT2+ADHFE1+BEND5+UNC5C+GFRA1	23	0.980984	0.987036
GSE77718	6	ZNF793+SFMBT2+ADHFE1+BEND5+RALYL+GFRA1	20	0.981285	0.987368
GSE77718	6	ZNF793+SFMBT2+ADHFE1+UNC5C+RALYL+GFRA1	22	0.981031	0.986371
GSE77718	6	ZNF793+SFMBT2+HOXA2+BEND5+UNC5C+RALYL	21	0.974823	0.996343
GSE77718	6	ZNF793+SFMBT2+HOXA2+BEND5+UNC5C+GFRA1	24	0.975786	0.995789
GSE77718	6	ZNF793+SFMBT2+HOXA2+BEND5+RALYL+GFRA1	21	0.975963	0.996676
GSE77718	6	ZNF793+SFMBT2+HOXA2+UNC5C+RALYL+GFRA1	23	0.976884	0.995235
GSE77718	6	ZNF793+SFMBT2+BEND5+UNC5C+RALYL+GFRA1	19	0.980163	0.985928
GSE77718	6	ZNF793+ADHFE1+HOXA2+BEND5+UNC5C+RALYL	22	0.974988	0.996787
GSE77718	6	ZNF793+ADHFE1+HOXA2+BEND5+UNC5C+GFRA1	25	0.976199	0.996343
GSE77718	6	ZNF793+ADHFE1+HOXA2+BEND5+RALYL+GFRA1	22	0.976170	0.996898
GSE77718	6	ZNF793+ADHFE1+HOXA2+UNC5C+RALYL+GFRA1	24	0.976879	0.996343
GSE77718	6	ZNF793+ADHFE1+BEND5+UNC5C+RALYL+GFRA1	20	0.979720	0.987368
GSE77718	6	ZNF793+HOXA2+BEND5+UNC5C+RALYL+GFRA1	21	0.975095	0.996454
GSE77718	6	SFMBT2+ADHFE1+HOXA2+BEND5+UNC5C+RALYL	22	0.975567	0.996343
GSE77718	6	SFMBT2+ADHFE1+HOXA2+BEND5+UNC5C+GFRA1	25	0.976719	0.996233
GSE77718	6	SFMBT2+ADHFE1+HOXA2+BEND5+RALYL+GFRA1	22	0.976914	0.996454
GSE77718	6	SFMBT2+ADHFE1+HOXA2+UNC5C+RALYL+GFRA1	24	0.977032	0.995900
GSE77718	6	SFMBT2+ADHFE1+BEND5+UNC5C+RALYL+GFRA1	20	0.980949	0.986482
GSE77718	6	SFMBT2+HOXA2+BEND5+UNC5C+RALYL+GFRA1	21	0.976430	0.995679
GSE77718	6	ADHFE1+HOXA2+BEND5+UNC5C+RALYL+GFRA1	22	0.976489	0.996343
GSE77718	7	EYA4+ZNF568+ZNF793+SFMBT2+ADHFE1+HOXA2+BEND5	34	0.977115	0.995789
GSE77718	7	EYA4+ZNF568+ZNF793+SFMBT2+ADHFE1+HOXA2+UNC5C	36	0.977133	0.995568
GSE77718	7	EYA4+ZNF568+ZNF793+SFMBT2+ADHFE1+HOXA2+RALYL	33	0.977735	0.995789
GSE77718	7	EYA4+ZNF568+ZNF793+SFMBT2+ADHFE1+HOXA2+GFRA1	36	0.978137	0.995568
GSE77718	7	EYA4+ZNF568+ZNF793+SFMBT2+ADHFE1+BEND5+UNC5C	32	0.980523	0.987479
GSE77718	7	EYA4+ZNF568+ZNF793+SFMBT2+ADHFE1+BEND5+RALYL	29	0.980866	0.987258
GSE77718	7	EYA4+ZNF568+ZNF793+SFMBT2+ADHFE1+BEND5+GFRA1	32	0.981374	0.987368
GSE77718	7	EYA4+ZNF568+ZNF793+SFMBT2+ADHFE1+UNC5C+RALYL	31	0.981049	0.986704
GSE77718	7	EYA4+ZNF568+ZNF793+SFMBT2+ADHFE1+UNC5C+GFRA1	34	0.981569	0.986593
GSE77718	7	EYA4+ZNF568+ZNF793+SFMBT2+ADHFE1+RALYL+GFRA1	31	0.981841	0.986814
GSE77718	7	EYA4+ZNF568+ZNF793+SFMBT2+HOXA2+BEND5+UNC5C	33	0.975987	0.995457
GSE77718	7	EYA4+ZNF568+ZNF793+SFMBT2+HOXA2+BEND5+RALYL	30	0.976418	0.995679
GSE77718	7	EYA4+ZNF568+ZNF793+SFMBT2+HOXA2+BEND5+GFRA1	33	0.977020	0.995457
GSE77718	7	EYA4+ZNF568+ZNF793+SFMBT2+HOXA2+UNC5C+RALYL	32	0.976412	0.995125
GSE77718	7	EYA4+ZNF568+ZNF793+SFMBT2+HOXA2+UNC5C+GFRA1	35	0.977227	0.994571
GSE77718	7	EYA4+ZNF568+ZNF793+SFMBT2+HOXA2+RALYL+GFRA1	32	0.977670	0.995235
GSE77718	7	EYA4+ZNF568+ZNF793+SFMBT2+BEND5+UNC5C+RALYL	28	0.979844	0.985928
GSE77718	7	EYA4+ZNF568+ZNF793+SFMBT2+BEND5+UNC5C+GFRA1	31	0.980707	0.985817
GSE77718	7	EYA4+ZNF568+ZNF793+SFMBT2+BEND5+RALYL+GFRA1	28	0.980063	0.986150
GSE77718	7	EYA4+ZNF568+ZNF793+SFMBT2+UNC5C+RALYL+GFRA1	30	0.980901	0.985485
GSE77718	7	EYA4+ZNF568+ZNF793+ADHFE1+HOXA2+BEND5+UNC5C	34	0.976406	0.995679
GSE77718	7	EYA4+ZNF568+ZNF793+ADHFE1+HOXA2+BEND5+RALYL	31	0.976861	0.996011
GSE77718	7	EYA4+ZNF568+ZNF793+ADHFE1+HOXA2+BEND5+GFRA1	34	0.977263	0.995568
GSE77718	7	EYA4+ZNF568+ZNF793+ADHFE1+HOXA2+UNC5C+RALYL	33	0.976595	0.995568
GSE77718	7	EYA4+ZNF568+ZNF793+ADHFE1+HOXA2+UNC5C+GFRA1	36	0.977345	0.995235
GSE77718	7	EYA4+ZNF568+ZNF793+ADHFE1+HOXA2+RALYL+GFRA1	33	0.977670	0.995346
GSE77718	7	EYA4+ZNF568+ZNF793+ADHFE1+BEND5+UNC5C+RALYL	29	0.979915	0.987479
GSE77718	7	EYA4+ZNF568+ZNF793+ADHFE1+BEND5+UNC5C+GFRA1	32	0.980494	0.987258
GSE77718	7	EYA4+ZNF568+ZNF793+ADHFE1+BEND5+RALYL+GFRA1	29	0.980943	0.987368
GSE77718	7	EYA4+ZNF568+ZNF793+ADHFE1+UNC5C+RALYL+GFRA1	31	0.980872	0.986814
GSE77718	7	EYA4+ZNF568+ZNF793+HOXA2+BEND5+UNC5C+RALYL	30	0.975024	0.995679
GSE77718	7	EYA4+ZNF568+ZNF793+HOXA2+BEND5+UNC5C+GFRA1	33	0.975892	0.995235
GSE77718	7	EYA4+ZNF568+ZNF793+HOXA2+BEND5+RALYL+GFRA1	30	0.976176	0.995900
GSE77718	7	EYA4+ZNF568+ZNF793+HOXA2+UNC5C+RALYL+GFRA1	32	0.976335	0.994349
GSE77718	7	EYA4+ZNF568+ZNF793+BEND5+UNC5C+RALYL+GFRA1	28	0.977723	0.986039
GSE77718	7	EYA4+ZNF568+SFMBT2+ADHFE1+HOXA2+BEND5+UNC5C	34	0.976258	0.978615
GSE77718	7	EYA4+ZNF568+SFMBT2+ADHFE1+HOXA2+BEND5+RALYL	31	0.977073	0.996011
GSE77718	7	EYA4+ZNF568+SFMBT2+ADHFE1+HOXA2+BEND5+GFRA1	34	0.977717	0.995789
GSE77718	7	EYA4+ZNF568+SFMBT2+ADHFE1+HOXA2+UNC5C+RALYL	33	0.977032	0.978615
GSE77718	7	EYA4+ZNF568+SFMBT2+ADHFE1+HOXA2+UNC5C+GFRA1	36	0.977658	0.994792
GSE77718	7	EYA4+ZNF568+SFMBT2+ADHFE1+HOXA2+RALYL+GFRA1	33	0.978149	0.995346
GSE77718	7	EYA4+ZNF568+SFMBT2+ADHFE1+BEND5+UNC5C+RALYL	29	0.980252	0.987368
GSE77718	7	EYA4+ZNF568+SFMBT2+ADHFE1+BEND5+UNC5C+GFRA1	32	0.981026	0.987036
GSE77718	7	EYA4+ZNF568+SFMBT2+ADHFE1+BEND5+RALYL+GFRA1	29	0.981303	0.987036
GSE77718	7	EYA4+ZNF568+SFMBT2+ADHFE1+UNC5C+RALYL+GFRA1	31	0.981463	0.986260
GSE77718	7	EYA4+ZNF568+SFMBT2+HOXA2+BEND5+UNC5C+RALYL	30	0.975230	0.975069
GSE77718	7	EYA4+ZNF568+SFMBT2+HOXA2+BEND5+UNC5C+GFRA1	33	0.976672	0.976510
GSE77718	7	EYA4+ZNF568+SFMBT2+HOXA2+BEND5+RALYL+GFRA1	30	0.977138	0.995679
GSE77718	7	EYA4+ZNF568+SFMBT2+HOXA2+UNC5C+RALYL+GFRA1	32	0.977274	0.994792
GSE77718	7	EYA4+ZNF568+SFMBT2+BEND5+UNC5C+RALYL+GFRA1	28	0.980346	0.985596
GSE77718	7	EYA4+ZNF568+ADHFE1+HOXA2+BEND5+UNC5C+RALYL	31	0.976205	0.995679
GSE77718	7	EYA4+ZNF568+ADHFE1+HOXA2+BEND5+UNC5C+GFRA1	34	0.976855	0.995679
GSE77718	7	EYA4+ZNF568+ADHFE1+HOXA2+BEND5+RALYL+GFRA1	31	0.977174	0.995900
GSE77718	7	EYA4+ZNF568+ADHFE1+HOXA2+UNC5C+RALYL+GFRA1	33	0.977345	0.995346
GSE77718	7	EYA4+ZNF568+ADHFE1+BEND5+UNC5C+RALYL+GFRA1	29	0.980642	0.987147
GSE77718	7	EYA4+ZNF568+HOXA2+BEND5+UNC5C+RALYL+GFRA1	30	0.975868	0.995568
GSE77718	7	EYA4+ZNF793+SFMBT2+ADHFE1+HOXA2+BEND5+UNC5C	33	0.976205	0.996122
GSE77718	7	EYA4+ZNF793+SFMBT2+ADHFE1+HOXA2+BEND5+RALYL	30	0.976306	0.996343
GSE77718	7	EYA4+ZNF793+SFMBT2+ADHFE1+HOXA2+BEND5+GFRA1	33	0.977168	0.996122
GSE77718	7	EYA4+ZNF793+SFMBT2+ADHFE1+HOXA2+UNC5C+RALYL	32	0.976495	0.995789
GSE77718	7	EYA4+ZNF793+SFMBT2+ADHFE1+HOXA2+UNC5C+GFRA1	35	0.976890	0.995125
GSE77718	7	EYA4+ZNF793+SFMBT2+ADHFE1+HOXA2+RALYL+GFRA1	32	0.977333	0.995789
GSE77718	7	EYA4+ZNF793+SFMBT2+ADHFE1+BEND5+UNC5C+RALYL	28	0.980069	0.987701
GSE77718	7	EYA4+ZNF793+SFMBT2+ADHFE1+BEND5+UNC5C+GFRA1	31	0.980766	0.987147
GSE77718	7	EYA4+ZNF793+SFMBT2+ADHFE1+BEND5+RALYL+GFRA1	28	0.981350	0.987701
GSE77718	7	EYA4+ZNF793+SFMBT2+ADHFE1+UNC5C+RALYL+GFRA1	30	0.981020	0.986704
GSE77718	7	EYA4+ZNF793+SFMBT2+HOXA2+BEND5+UNC5C+RALYL	29	0.975148	0.996011
GSE77718	7	EYA4+ZNF793+SFMBT2+HOXA2+BEND5+UNC5C+GFRA1	32	0.976170	0.995679
GSE77718	7	EYA4+ZNF793+SFMBT2+HOXA2+BEND5+RALYL+GFRA1	29	0.976790	0.996343
GSE77718	7	EYA4+ZNF793+SFMBT2+HOXA2+UNC5C+RALYL+GFRA1	31	0.977192	0.995235
GSE77718	7	EYA4+ZNF793+SFMBT2+BEND5+UNC5C+RALYL+GFRA1	27	0.980275	0.986150
GSE77718	7	EYA4+ZNF793+ADHFE1+HOXA2+BEND5+UNC5C+RALYL	30	0.975733	0.996343
GSE77718	7	EYA4+ZNF793+ADHFE1+HOXA2+BEND5+UNC5C+GFRA1	33	0.976418	0.995789
GSE77718	7	EYA4+ZNF793+ADHFE1+HOXA2+BEND5+RALYL+GFRA1	30	0.976914	0.996343
GSE77718	7	EYA4+ZNF793+ADHFE1+HOXA2+UNC5C+RALYL+GFRA1	32	0.976524	0.995679
GSE77718	7	EYA4+ZNF793+ADHFE1+BEND5+UNC5C+RALYL+GFRA1	28	0.980464	0.987701
GSE77718	7	EYA4+ZNF793+HOXA2+BEND5+UNC5C+RALYL+GFRA1	29	0.975331	0.995900
GSE77718	7	EYA4+SFMBT2+ADHFE1+HOXA2+BEND5+UNC5C+RALYL	30	0.975815	0.996233
GSE77718	7	EYA4+SFMBT2+ADHFE1+HOXA2+BEND5+UNC5C+GFRA1	33	0.976619	0.995346
GSE77718	7	EYA4+SFMBT2+ADHFE1+HOXA2+BEND5+RALYL+GFRA1	30	0.977121	0.996233
GSE77718	7	EYA4+SFMBT2+ADHFE1+HOXA2+UNC5C+RALYL+GFRA1	32	0.976784	0.994792
GSE77718	7	EYA4+SFMBT2+ADHFE1+BEND5+UNC5C+RALYL+GFRA1	28	0.980789	0.987036
GSE77718	7	EYA4+SFMBT2+HOXA2+BEND5+UNC5C+RALYL+GFRA1	29	0.976252	0.995679
GSE77718	7	EYA4+ADHFE1+HOXA2+BEND5+UNC5C+RALYL+GFRA1	30	0.976199	0.995789
GSE77718	7	ZNF568+ZNF793+SFMBT2+ADHFE1+HOXA2+BEND5+UNC5C	30	0.975727	0.996233
GSE77718	7	ZNF568+ZNF793+SFMBT2+ADHFE1+HOXA2+BEND5+RALYL	27	0.976063	0.996565
GSE77718	7	ZNF568+ZNF793+SFMBT2+ADHFE1+HOXA2+BEND5+GFRA1	30	0.976672	0.996233
GSE77718	7	ZNF568+ZNF793+SFMBT2+ADHFE1+HOXA2+UNC5C+RALYL	29	0.976678	0.995900
GSE77718	7	ZNF568+ZNF793+SFMBT2+ADHFE1+HOXA2+UNC5C+GFRA1	32	0.977079	0.995568
GSE77718	7	ZNF568+ZNF793+SFMBT2+ADHFE1+HOXA2+RALYL+GFRA1	29	0.977564	0.995900
GSE77718	7	ZNF568+ZNF793+SFMBT2+ADHFE1+BEND5+UNC5C+RALYL	25	0.980328	0.987258
GSE77718	7	ZNF568+ZNF793+SFMBT2+ADHFE1+BEND5+UNC5C+GFRA1	28	0.981102	0.986925
GSE77718	7	ZNF568+ZNF793+SFMBT2+ADHFE1+BEND5+RALYL+GFRA1	25	0.981268	0.987479
GSE77718	7	ZNF568+ZNF793+SFMBT2+ADHFE1+UNC5C+RALYL+GFRA1	27	0.981770	0.986150
GSE77718	7	ZNF568+ZNF793+SFMBT2+HOXA2+BEND5+UNC5C+RALYL	26	0.975154	0.995900
GSE77718	7	ZNF568+ZNF793+SFMBT2+HOXA2+BEND5+UNC5C+GFRA1	29	0.975916	0.995568
GSE77718	7	ZNF568+ZNF793+SFMBT2+HOXA2+BEND5+RALYL+GFRA1	26	0.976158	0.995900
GSE77718	7	ZNF568+ZNF793+SFMBT2+HOXA2+UNC5C+RALYL+GFRA1	28	0.976955	0.994681
GSE77718	7	ZNF568+ZNF793+SFMBT2+BEND5+UNC5C+RALYL+GFRA1	24	0.980092	0.985928
GSE77718	7	ZNF568+ZNF793+ADHFE1+HOXA2+BEND5+UNC5C+RALYL	27	0.975597	0.996343
GSE77718	7	ZNF568+ZNF793+ADHFE1+HOXA2+BEND5+UNC5C+GFRA1	30	0.976306	0.996011
GSE77718	7	ZNF568+ZNF793+ADHFE1+HOXA2+BEND5+RALYL+GFRA1	27	0.976453	0.996343
GSE77718	7	ZNF568+ZNF793+ADHFE1+HOXA2+UNC5C+RALYL+GFRA1	29	0.977162	0.995679
GSE77718	7	ZNF568+ZNF793+ADHFE1+BEND5+UNC5C+RALYL+GFRA1	25	0.980370	0.987036
GSE77718	7	ZNF568+ZNF793+HOXA2+BEND5+UNC5C+RALYL+GFRA1	26	0.975242	0.995789
GSE77718	7	ZNF568+SFMBT2+ADHFE1+HOXA2+BEND5+UNC5C+RALYL	27	0.975762	0.996011
GSE77718	7	ZNF568+SFMBT2+ADHFE1+HOXA2+BEND5+UNC5C+GFRA1	30	0.976625	0.995457
GSE77718	7	ZNF568+SFMBT2+ADHFE1+HOXA2+BEND5+RALYL+GFRA1	27	0.977227	0.996011
GSE77718	7	ZNF568+SFMBT2+ADHFE1+HOXA2+UNC5C+RALYL+GFRA1	29	0.977481	0.995346
GSE77718	7	ZNF568+SFMBT2+ADHFE1+BEND5+UNC5C+RALYL+GFRA1	25	0.980748	0.986482
GSE77718	7	ZNF568+SFMBT2+HOXA2+BEND5+UNC5C+RALYL+GFRA1	26	0.976435	0.995125
GSE77718	7	ZNF568+ADHFE1+HOXA2+BEND5+UNC5C+RALYL+GFRA1	27	0.976713	0.995900
GSE77718	7	ZNF793+SFMBT2+ADHFE1+HOXA2+BEND5+UNC5C+RALYL	26	0.975171	0.996454
GSE77718	7	ZNF793+SFMBT2+ADHFE1+HOXA2+BEND5+UNC5C+GFRA1	29	0.976500	0.996011
GSE77718	7	ZNF793+SFMBT2+ADHFE1+HOXA2+BEND5+RALYL+GFRA1	26	0.976743	0.996343
GSE77718	7	ZNF793+SFMBT2+ADHFE1+HOXA2+UNC5C+RALYL+GFRA1	28	0.976908	0.995568
GSE77718	7	ZNF793+SFMBT2+ADHFE1+BEND5+UNC5C+RALYL+GFRA1	24	0.981043	0.986814
GSE77718	7	ZNF793+SFMBT2+HOXA2+BEND5+UNC5C+RALYL+GFRA1	25	0.975715	0.995789
GSE77718	7	ZNF793+ADHFE1+HOXA2+BEND5+UNC5C+RALYL+GFRA1	26	0.976311	0.996233
GSE77718	7	SFMBT2+ADHFE1+HOXA2+BEND5+UNC5C+RALYL+GFRA1	26	0.976737	0.996122
GSE77718	8	EYA4+ZNF568+ZNF793+SFMBT2+ADHFE1+HOXA2+BEND5+UNC5C	38	0.976459	0.995346
GSE77718	8	EYA4+ZNF568+ZNF793+SFMBT2+ADHFE1+HOXA2+BEND5+RALYL	35	0.977109	0.995789
GSE77718	8	EYA4+ZNF568+ZNF793+SFMBT2+ADHFE1+HOXA2+BEND5+GFRA1	38	0.977564	0.995568
GSE77718	8	EYA4+ZNF568+ZNF793+SFMBT2+ADHFE1+HOXA2+UNC5C+RALYL	37	0.976973	0.995125
GSE77718	8	EYA4+ZNF568+ZNF793+SFMBT2+ADHFE1+HOXA2+UNC5C+GFRA1	40	0.977546	0.994571
GSE77718	8	EYA4+ZNF568+ZNF793+SFMBT2+ADHFE1+HOXA2+RALYL+GFRA1	37	0.977948	0.995125
GSE77718	8	EYA4+ZNF568+ZNF793+SFMBT2+ADHFE1+BEND5+UNC5C+RALYL	33	0.980246	0.987368
GSE77718	8	EYA4+ZNF568+ZNF793+SFMBT2+ADHFE1+BEND5+UNC5C+GFRA1	36	0.980919	0.987147
GSE77718	8	EYA4+ZNF568+ZNF793+SFMBT2+ADHFE1+BEND5+RALYL+GFRA1	33	0.981309	0.987368
GSE77718	8	EYA4+ZNF568+ZNF793+SFMBT2+ADHFE1+UNC5C+RALYL+GFRA1	35	0.981327	0.986371
GSE77718	8	EYA4+ZNF568+ZNF793+SFMBT2+HOXA2+BEND5+UNC5C+RALYL	34	0.975508	0.995346
GSE77718	8	EYA4+ZNF568+ZNF793+SFMBT2+HOXA2+BEND5+UNC5C+GFRA1	37	0.976435	0.995014
GSE77718	8	EYA4+ZNF568+ZNF793+SFMBT2+HOXA2+BEND5+RALYL+GFRA1	34	0.977026	0.995457
GSE77718	8	EYA4+ZNF568+ZNF793+SFMBT2+HOXA2+UNC5C+RALYL+GFRA1	36	0.977180	0.994460
GSE77718	8	EYA4+ZNF568+ZNF793+SFMBT2+BEND5+UNC5C+RALYL+GFRA1	32	0.980323	0.985817
GSE77718	8	EYA4+ZNF568+ZNF793+ADHFE1+HOXA2+BEND5+UNC5C+RALYL	35	0.976246	0.995679
GSE77718	8	EYA4+ZNF568+ZNF793+ADHFE1+HOXA2+BEND5+UNC5C+GFRA1	38	0.976861	0.995568
GSE77718	8	EYA4+ZNF568+ZNF793+ADHFE1+HOXA2+BEND5+RALYL+GFRA1	35	0.977180	0.995679
GSE77718	8	EYA4+ZNF568+ZNF793+ADHFE1+HOXA2+UNC5C+RALYL+GFRA1	37	0.977227	0.995235
GSE77718	8	EYA4+ZNF568+ZNF793+ADHFE1+BEND5+UNC5C+RALYL+GFRA1	33	0.980488	0.987036
GSE77718	8	EYA4+ZNF568+ZNF793+HOXA2+BEND5+UNC5C+RALYL+GFRA1	34	0.975721	0.995125
GSE77718	8	EYA4+ZNF568+SFMBT2+ADHFE1+HOXA2+BEND5+UNC5C+RALYL	35	0.976276	0.978061
GSE77718	8	EYA4+ZNF568+SFMBT2+ADHFE1+HOXA2+BEND5+UNC5C+GFRA1	38	0.976997	0.994792
GSE77718	8	EYA4+ZNF568+SFMBT2+ADHFE1+HOXA2+BEND5+RALYL+GFRA1	35	0.977446	0.995900
GSE77718	8	EYA4+ZNF568+SFMBT2+ADHFE1+HOXA2+UNC5C+RALYL+GFRA1	37	0.977522	0.994460
GSE77718	8	EYA4+ZNF568+SFMBT2+ADHFE1+BEND5+UNC5C+RALYL+GFRA1	33	0.980955	0.987147
GSE77718	8	EYA4+ZNF568+SFMBT2+HOXA2+BEND5+UNC5C+RALYL+GFRA1	34	0.976152	0.976288
GSE77718	8	EYA4+ZNF568+ADHFE1+HOXA2+BEND5+UNC5C+RALYL+GFRA1	35	0.976625	0.995457
GSE77718	8	EYA4+ZNF793+SFMBT2+ADHFE1+HOXA2+BEND5+UNC5C+RALYL	34	0.975998	0.996011
GSE77718	8	EYA4+ZNF793+SFMBT2+ADHFE1+HOXA2+BEND5+UNC5C+GFRA1	37	0.976719	0.995457
GSE77718	8	EYA4+ZNF793+SFMBT2+ADHFE1+HOXA2+BEND5+RALYL+GFRA1	34	0.977044	0.996122
GSE77718	8	EYA4+ZNF793+SFMBT2+ADHFE1+HOXA2+UNC5C+RALYL+GFRA1	36	0.976784	0.995125
GSE77718	8	EYA4+ZNF793+SFMBT2+ADHFE1+BEND5+UNC5C+RALYL+GFRA1	32	0.980642	0.987147
GSE77718	8	EYA4+ZNF793+SFMBT2+HOXA2+BEND5+UNC5C+RALYL+GFRA1	33	0.976087	0.995679
GSE77718	8	EYA4+ZNF793+ADHFE1+HOXA2+BEND5+UNC5C+RALYL+GFRA1	34	0.976087	0.995789
GSE77718	8	EYA4+SFMBT2+ADHFE1+HOXA2+BEND5+UNC5C+RALYL+GFRA1	34	0.976388	0.995235
GSE77718	8	ZNF568+ZNF793+SFMBT2+ADHFE1+HOXA2+BEND5+UNC5C+RALYL	31	0.975951	0.996122
GSE77718	8	ZNF568+ZNF793+SFMBT2+ADHFE1+HOXA2+BEND5+UNC5C+GFRA1	34	0.976495	0.995900
GSE77718	8	ZNF568+ZNF793+SFMBT2+ADHFE1+HOXA2+BEND5+RALYL+GFRA1	31	0.977038	0.996122
GSE77718	8	ZNF568+ZNF793+SFMBT2+ADHFE1+HOXA2+UNC5C+RALYL+GFRA1	33	0.977239	0.995457
GSE77718	8	ZNF568+ZNF793+SFMBT2+ADHFE1+BEND5+UNC5C+RALYL+GFRA1	29	0.980754	0.986704
GSE77718	8	ZNF568+ZNF793+SFMBT2+HOXA2+BEND5+UNC5C+RALYL+GFRA1	30	0.975478	0.995235
GSE77718	8	ZNF568+ZNF793+ADHFE1+HOXA2+BEND5+UNC5C+RALYL+GFRA1	31	0.976306	0.995789
GSE77718	8	ZNF568+SFMBT2+ADHFE1+HOXA2+BEND5+UNC5C+RALYL+GFRA1	31	0.976701	0.995679
GSE77718	8	ZNF793+SFMBT2+ADHFE1+HOXA2+BEND5+UNC5C+RALYL+GFRA1	30	0.976560	0.995900
GSE77718	9	EYA4+ZNF568+ZNF793+SFMBT2+ADHFE1+HOXA2+BEND5+UNC5C+RALYL	39	0.976388	0.995235
GSE77718	9	EYA4+ZNF568+ZNF793+SFMBT2+ADHFE1+HOXA2+BEND5+UNC5C+GFRA1	42	0.977221	0.994681
GSE77718	9	EYA4+ZNF568+ZNF793+SFMBT2+ADHFE1+HOXA2+BEND5+RALYL+GFRA1	39	0.977493	0.995568
GSE77718	9	EYA4+ZNF568+ZNF793+SFMBT2+ADHFE1+HOXA2+UNC5C+RALYL+GFRA1	41	0.977398	0.994460
GSE77718	9	EYA4+ZNF568+ZNF793+SFMBT2+ADHFE1+BEND5+UNC5C+RALYL+GFRA1	37	0.980872	0.986925
GSE77718	9	EYA4+ZNF568+ZNF793+SFMBT2+HOXA2+BEND5+UNC5C+RALYL+GFRA1	38	0.976099	0.994681
GSE77718	9	EYA4+ZNF568+ZNF793+ADHFE1+HOXA2+BEND5+UNC5C+RALYL+GFRA1	39	0.976743	0.995346
GSE77718	9	EYA4+ZNF568+SFMBT2+ADHFE1+HOXA2+BEND5+UNC5C+RALYL+GFRA1	39	0.976932	0.994681
GSE77718	9	EYA4+ZNF793+SFMBT2+ADHFE1+HOXA2+BEND5+UNC5C+RALYL+GFRA1	38	0.976300	0.995014
GSE77718	9	ZNF568+ZNF793+SFMBT2+ADHFE1+HOXA2+BEND5+UNC5C+RALYL+GFRA1	35	0.976441	0.995900
GSE77718	10	EYA4+ZNF568+ZNF793+SFMBT2+ADHFE1+HOXA2+BEND5+UNC5C+RALYL+GFRA1	43	0.977127	0.994681
GSE42752	1	EYA4	12	0.954602	0.987603
GSE42752	1	ZNF568	6	0.967326	0.971074
GSE42752	1	ZNF793	5	0.884405	0.995868
GSE42752	1	SFMBT2	6	0.983170	0.942149
GSE42752	1	ADHFE1	5	0.980417	1.000000
GSE42752	1	HOXA2	6	0.972578	0.935950
GSE42752	1	BEND5	4	0.925868	0.960744
GSE42752	1	UNC5C	4	0.975195	0.942149
GSE42752	1	RALYL	2	0.936224	0.950413
GSE42752	1	GFRA1	6	0.971586	0.979339
GSE42752	2	EYA4+ZNF568	18	0.971497	0.991736
GSE42752	2	EYA4+ZNF793	17	0.960952	0.993802
GSE42752	2	EYA4+SFMBT2	18	0.981150	0.993802
GSE42752	2	EYA4+ADHFE1	17	0.980937	1.000000
GSE42752	2	EYA4+HOXA2	18	0.974628	0.995868
GSE42752	2	EYA4+BEND5	16	0.960616	0.979339
GSE42752	2	EYA4+UNC5C	16	0.970646	0.991736
GSE42752	2	EYA4+RALYL	14	0.958164	0.995868
GSE42752	2	EYA4+GFRA1	18	0.970073	0.993802
GSE42752	2	ZNF568+ZNF793	11	0.977481	0.991736
GSE42752	2	ZNF568+SFMBT2	12	0.981321	0.979339
GSE42752	2	ZNF568+ADHFE1	11	0.980984	1.000000
GSE42752	2	ZNF568+HOXA2	12	0.974628	0.995868
GSE42752	2	ZNF568+BEND5	10	0.974380	0.989669
GSE42752	2	ZNF568+UNC5C	10	0.979005	0.979339
GSE42752	2	ZNF568+RALYL	8	0.972454	0.981405
GSE42752	2	ZNF568+GFRA1	12	0.974138	0.985537
GSE42752	2	ZNF793+SFMBT2	11	0.981480	0.983471
GSE42752	2	ZNF793+ADHFE1	10	0.978869	1.000000
GSE42752	2	ZNF793+HOXA2	11	0.973700	0.989669
GSE42752	2	ZNF793+BEND5	9	0.954070	0.987603
GSE42752	2	ZNF793+UNC5C	9	0.976873	0.981405
GSE42752	2	ZNF793+RALYL	7	0.966458	0.995868
GSE42752	2	ZNF793+GFRA1	11	0.973133	0.985537
GSE42752	2	SFMBT2+ADHFE1	11	0.981923	1.000000
GSE42752	2	SFMBT2+HOXA2	12	0.976489	0.983471
GSE42752	2	SFMBT2+BEND5	10	0.980718	0.991736
GSE42752	2	SFMBT2+UNC5C	10	0.981817	0.960744
GSE42752	2	SFMBT2+RALYL	8	0.980689	0.948347
GSE42752	2	SFMBT2+GFRA1	12	0.982928	0.971074
GSE42752	2	ADHFE1+HOXA2	11	0.977404	0.997934
GSE42752	2	ADHFE1+BEND5	9	0.978828	1.000000
GSE42752	2	ADHFE1+UNC5C	9	0.978793	1.000000
GSE42752	2	ADHFE1+RALYL	7	0.979879	1.000000
GSE42752	2	ADHFE1+GFRA1	11	0.982047	1.000000
GSE42752	2	HOXA2+BEND5	10	0.973494	0.995868
GSE42752	2	HOXA2+UNC5C	10	0.975024	0.983471
GSE42752	2	HOXA2+RALYL	8	0.974888	0.946281
GSE42752	2	HOXA2+GFRA1	12	0.976713	0.989669
GSE42752	2	BEND5+UNC5C	8	0.976128	0.964876
GSE42752	2	BEND5+RALYL	6	0.965655	0.991736
GSE42752	2	BEND5+GFRA1	10	0.979596	0.985537
GSE42752	2	UNC5C+RALYL	6	0.970315	0.950413
GSE42752	2	UNC5C+GFRA1	10	0.978728	0.973140
GSE42752	2	RALYL+GFRA1	8	0.970280	0.964876
GSE42752	3	EYA4+ZNF568+ZNF793	23	0.971432	0.993802
GSE42752	3	EYA4+ZNF568+SFMBT2	24	0.981374	0.993802
GSE42752	3	EYA4+ZNF568+ADHFE1	23	0.981652	1.000000
GSE42752	3	EYA4+ZNF568+HOXA2	24	0.976471	0.995868
GSE42752	3	EYA4+ZNF568+BEND5	22	0.970699	0.977273
GSE42752	3	EYA4+ZNF568+UNC5C	22	0.977794	0.993802
GSE42752	3	EYA4+ZNF568+RALYL	20	0.970528	0.989669
GSE42752	3	EYA4+ZNF568+GFRA1	24	0.975289	0.993802
GSE42752	3	EYA4+ZNF793+SFMBT2	23	0.980766	0.993802
GSE42752	3	EYA4+ZNF793+ADHFE1	22	0.980943	1.000000
GSE42752	3	EYA4+ZNF793+HOXA2	23	0.975177	0.995868
GSE42752	3	EYA4+ZNF793+BEND5	21	0.960356	0.995868
GSE42752	3	EYA4+ZNF793+UNC5C	21	0.974008	0.993802
GSE42752	3	EYA4+ZNF793+RALYL	19	0.966239	0.993802
GSE42752	3	EYA4+ZNF793+GFRA1	23	0.971840	0.993802
GSE42752	3	EYA4+SFMBT2+ADHFE1	23	0.981717	1.000000
GSE42752	3	EYA4+SFMBT2+HOXA2	24	0.976205	0.952479
GSE42752	3	EYA4+SFMBT2+BEND5	22	0.980323	0.997934
GSE42752	3	EYA4+SFMBT2+UNC5C	22	0.981108	0.991736
GSE42752	3	EYA4+SFMBT2+RALYL	20	0.980411	0.989669
GSE42752	3	EYA4+SFMBT2+GFRA1	24	0.981764	0.991736
GSE42752	3	EYA4+ADHFE1+HOXA2	23	0.976914	0.997934
GSE42752	3	EYA4+ADHFE1+BEND5	21	0.980393	1.000000
GSE42752	3	EYA4+ADHFE1+UNC5C	21	0.979785	1.000000
GSE42752	3	EYA4+ADHFE1+RALYL	19	0.980305	1.000000
GSE42752	3	EYA4+ADHFE1+GFRA1	23	0.981132	0.997934
GSE42752	3	EYA4+HOXA2+BEND5	22	0.974149	0.995868
GSE42752	3	EYA4+HOXA2+UNC5C	22	0.975106	0.995868
GSE42752	3	EYA4+HOXA2+RALYL	20	0.975378	0.995868
GSE42752	3	EYA4+HOXA2+GFRA1	24	0.976495	0.995868
GSE42752	3	EYA4+BEND5+UNC5C	20	0.973860	0.989669
GSE42752	3	EYA4+BEND5+RALYL	18	0.966511	0.995868
GSE42752	3	EYA4+BEND5+GFRA1	22	0.972147	0.985537
GSE42752	3	EYA4+UNC5C+RALYL	18	0.969217	0.993802
GSE42752	3	EYA4+UNC5C+GFRA1	22	0.976985	0.993802
GSE42752	3	EYA4+RALYL+GFRA1	20	0.968537	0.991736
GSE42752	3	ZNF568+ZNF793+SFMBT2	17	0.981297	0.987603
GSE42752	3	ZNF568+ZNF793+ADHFE1	16	0.980476	1.000000
GSE42752	3	ZNF568+ZNF793+HOXA2	17	0.974876	0.995868
GSE42752	3	ZNF568+ZNF793+BEND5	15	0.976187	0.991736
GSE42752	3	ZNF568+ZNF793+UNC5C	15	0.978899	0.987603
GSE42752	3	ZNF568+ZNF793+RALYL	13	0.974415	0.989669
GSE42752	3	ZNF568+ZNF793+GFRA1	17	0.975018	0.985537
GSE42752	3	ZNF568+SFMBT2+ADHFE1	17	0.981953	1.000000
GSE42752	3	ZNF568+SFMBT2+HOXA2	18	0.976288	0.995868
GSE42752	3	ZNF568+SFMBT2+BEND5	16	0.980423	0.987603
GSE42752	3	ZNF568+SFMBT2+UNC5C	16	0.981203	0.981405
GSE42752	3	ZNF568+SFMBT2+RALYL	14	0.980512	0.981405
GSE42752	3	ZNF568+SFMBT2+GFRA1	18	0.982101	0.983471
GSE42752	3	ZNF568+ADHFE1+HOXA2	17	0.976778	1.000000
GSE42752	3	ZNF568+ADHFE1+BEND5	15	0.980299	1.000000
GSE42752	3	ZNF568+ADHFE1+UNC5C	15	0.980086	1.000000
GSE42752	3	ZNF568+ADHFE1+RALYL	13	0.980736	1.000000
GSE42752	3	ZNF568+ADHFE1+GFRA1	17	0.981935	1.000000
GSE42752	3	ZNF568+HOXA2+BEND5	16	0.974492	0.995868
GSE42752	3	ZNF568+HOXA2+UNC5C	16	0.974628	0.995868
GSE42752	3	ZNF568+HOXA2+RALYL	14	0.974823	0.993802
GSE42752	3	ZNF568+HOXA2+GFRA1	18	0.976944	0.993802
GSE42752	3	ZNF568+BEND5+UNC5C	14	0.978190	0.989669
GSE42752	3	ZNF568+BEND5+RALYL	12	0.973263	0.991736
GSE42752	3	ZNF568+BEND5+GFRA1	16	0.979939	0.989669
GSE42752	3	ZNF568+UNC5C+RALYL	12	0.978113	0.981405
GSE42752	3	ZNF568+UNC5C+GFRA1	16	0.979224	0.985537
GSE42752	3	ZNF568+RALYL+GFRA1	14	0.973647	0.985537
GSE42752	3	ZNF793+SFMBT2+ADHFE1	16	0.981043	1.000000
GSE42752	3	ZNF793+SFMBT2+HOXA2	17	0.976199	0.995868
GSE42752	3	ZNF793+SFMBT2+BEND5	15	0.980074	0.989669
GSE42752	3	ZNF793+SFMBT2+UNC5C	15	0.981155	0.979339
GSE42752	3	ZNF793+SFMBT2+RALYL	13	0.980004	0.979339
GSE42752	3	ZNF793+SFMBT2+GFRA1	17	0.982603	0.983471
GSE42752	3	ZNF793+ADHFE1+HOXA2	16	0.976111	1.000000
GSE42752	3	ZNF793+ADHFE1+BEND5	14	0.977824	1.000000
GSE42752	3	ZNF793+ADHFE1+UNC5C	14	0.978733	1.000000
GSE42752	3	ZNF793+ADHFE1+RALYL	12	0.979442	1.000000
GSE42752	3	ZNF793+ADHFE1+GFRA1	16	0.981788	1.000000
GSE42752	3	ZNF793+HOXA2+BEND5	15	0.973299	0.995868
GSE42752	3	ZNF793+HOXA2+UNC5C	15	0.974067	0.991736
GSE42752	3	ZNF793+HOXA2+RALYL	13	0.974332	0.991736
GSE42752	3	ZNF793+HOXA2+GFRA1	17	0.976394	0.993802
GSE42752	3	ZNF793+BEND5+UNC5C	13	0.977073	0.983471
GSE42752	3	ZNF793+BEND5+RALYL	11	0.967190	0.991736
GSE42752	3	ZNF793+BEND5+GFRA1	15	0.979436	0.987603
GSE42752	3	ZNF793+UNC5C+RALYL	11	0.977416	0.985537
GSE42752	3	ZNF793+UNC5C+GFRA1	15	0.979171	0.991736
GSE42752	3	ZNF793+RALYL+GFRA1	13	0.973240	0.985537
GSE42752	3	SFMBT2+ADHFE1+HOXA2	17	0.977026	1.000000
GSE42752	3	SFMBT2+ADHFE1+BEND5	15	0.980831	1.000000
GSE42752	3	SFMBT2+ADHFE1+UNC5C	15	0.980961	1.000000
GSE42752	3	SFMBT2+ADHFE1+RALYL	13	0.981415	1.000000
GSE42752	3	SFMBT2+ADHFE1+GFRA1	17	0.982786	1.000000
GSE42752	3	SFMBT2+HOXA2+BEND5	16	0.975349	0.983471
GSE42752	3	SFMBT2+HOXA2+UNC5C	16	0.976181	0.985537
GSE42752	3	SFMBT2+HOXA2+RALYL	14	0.976246	0.983471
GSE42752	3	SFMBT2+HOXA2+GFRA1	18	0.977345	0.973140
GSE42752	3	SFMBT2+BEND5+UNC5C	14	0.980966	0.987603
GSE42752	3	SFMBT2+BEND5+RALYL	12	0.979253	0.991736
GSE42752	3	SFMBT2+BEND5+GFRA1	16	0.981876	0.987603
GSE42752	3	SFMBT2+UNC5C+RALYL	12	0.980618	0.960744
GSE42752	3	SFMBT2+UNC5C+GFRA1	16	0.982449	0.973140
GSE42752	3	SFMBT2+RALYL+GFRA1	14	0.981658	0.969008
GSE42752	3	ADHFE1+HOXA2+BEND5	15	0.975786	0.997934
GSE42752	3	ADHFE1+HOXA2+UNC5C	15	0.976766	0.997934
GSE42752	3	ADHFE1+HOXA2+RALYL	13	0.976790	1.000000
GSE42752	3	ADHFE1+HOXA2+GFRA1	17	0.977558	0.997934
GSE42752	3	ADHFE1+BEND5+UNC5C	13	0.978066	1.000000
GSE42752	3	ADHFE1+BEND5+RALYL	11	0.979815	1.000000
GSE42752	3	ADHFE1+BEND5+GFRA1	15	0.980878	1.000000
GSE42752	3	ADHFE1+UNC5C+RALYL	11	0.978320	1.000000
GSE42752	3	ADHFE1+UNC5C+GFRA1	15	0.980624	1.000000
GSE42752	3	ADHFE1+RALYL+GFRA1	13	0.981593	1.000000
GSE42752	3	HOXA2+BEND5+UNC5C	14	0.974315	0.991736
GSE42752	3	HOXA2+BEND5+RALYL	12	0.973913	0.995868
GSE42752	3	HOXA2+BEND5+GFRA1	16	0.975786	0.993802
GSE42752	3	HOXA2+UNC5C+RALYL	12	0.974941	0.983471
GSE42752	3	HOXA2+UNC5C+GFRA1	16	0.976229	0.987603
GSE42752	3	HOXA2+RALYL+GFRA1	14	0.976577	0.989669
GSE42752	3	BEND5+UNC5C+RALYL	10	0.978084	0.979339
GSE42752	3	BEND5+UNC5C+GFRA1	14	0.980263	0.979339
GSE42752	3	BEND5+RALYL+GFRA1	12	0.977771	0.983471
GSE42752	3	UNC5C+RALYL+GFRA1	12	0.977540	0.971074
GSE42752	4	EYA4+ZNF568+ZNF793+SFMBT2	29	0.981144	0.993802
GSE42752	4	EYA4+ZNF568+ZNF793+ADHFE1	28	0.981469	1.000000
GSE42752	4	EYA4+ZNF568+ZNF793+HOXA2	29	0.976471	0.995868
GSE42752	4	EYA4+ZNF568+ZNF793+BEND5	27	0.970404	0.983471
GSE42752	4	EYA4+ZNF568+ZNF793+UNC5C	27	0.977658	0.993802
GSE42752	4	EYA4+ZNF568+ZNF793+RALYL	25	0.970664	0.993802
GSE42752	4	EYA4+ZNF568+ZNF793+GFRA1	29	0.974811	0.993802
GSE42752	4	EYA4+ZNF568+SFMBT2+ADHFE1	29	0.982207	1.000000
GSE42752	4	EYA4+ZNF568+SFMBT2+HOXA2	30	0.976997	0.995868
GSE42752	4	EYA4+ZNF568+SFMBT2+BEND5	28	0.980582	0.995868
GSE42752	4	EYA4+ZNF568+SFMBT2+UNC5C	28	0.981220	0.993802
GSE42752	4	EYA4+ZNF568+SFMBT2+RALYL	26	0.980340	0.993802
GSE42752	4	EYA4+ZNF568+SFMBT2+GFRA1	30	0.981581	0.993802
GSE42752	4	EYA4+ZNF568+ADHFE1+HOXA2	29	0.977398	0.997934
GSE42752	4	EYA4+ZNF568+ADHFE1+BEND5	27	0.980919	1.000000
GSE42752	4	EYA4+ZNF568+ADHFE1+UNC5C	27	0.980529	1.000000
GSE42752	4	EYA4+ZNF568+ADHFE1+RALYL	25	0.981108	1.000000
GSE42752	4	EYA4+ZNF568+ADHFE1+GFRA1	29	0.981752	1.000000
GSE42752	4	EYA4+ZNF568+HOXA2+BEND5	28	0.976004	0.995868
GSE42752	4	EYA4+ZNF568+HOXA2+UNC5C	28	0.975756	0.995868
GSE42752	4	EYA4+ZNF568+HOXA2+RALYL	26	0.976483	0.995868
GSE42752	4	EYA4+ZNF568+HOXA2+GFRA1	30	0.977221	0.995868
GSE42752	4	EYA4+ZNF568+BEND5+UNC5C	26	0.977641	0.993802
GSE42752	4	EYA4+ZNF568+BEND5+RALYL	24	0.970032	0.995868
GSE42752	4	EYA4+ZNF568+BEND5+GFRA1	28	0.974415	0.991736
GSE42752	4	EYA4+ZNF568+UNC5C+RALYL	24	0.976884	0.993802
GSE42752	4	EYA4+ZNF568+UNC5C+GFRA1	28	0.979289	0.993802
GSE42752	4	EYA4+ZNF568+RALYL+GFRA1	26	0.974008	0.993802
GSE42752	4	EYA4+ZNF793+SFMBT2+ADHFE1	28	0.981935	1.000000
GSE42752	4	EYA4+ZNF793+SFMBT2+HOXA2	29	0.976577	0.995868
GSE42752	4	EYA4+ZNF793+SFMBT2+BEND5	27	0.979436	0.997934
GSE42752	4	EYA4+ZNF793+SFMBT2+UNC5C	27	0.981096	0.993802
GSE42752	4	EYA4+ZNF793+SFMBT2+RALYL	25	0.980222	0.993802
GSE42752	4	EYA4+ZNF793+SFMBT2+GFRA1	29	0.981610	0.991736
GSE42752	4	EYA4+ZNF793+ADHFE1+HOXA2	28	0.977127	0.997934
GSE42752	4	EYA4+ZNF793+ADHFE1+BEND5	26	0.980441	1.000000
GSE42752	4	EYA4+ZNF793+ADHFE1+UNC5C	26	0.979791	1.000000
GSE42752	4	EYA4+ZNF793+ADHFE1+RALYL	24	0.980429	1.000000
GSE42752	4	EYA4+ZNF793+ADHFE1+GFRA1	28	0.981557	1.000000
GSE42752	4	EYA4+ZNF793+HOXA2+BEND5	27	0.974179	0.995868
GSE42752	4	EYA4+ZNF793+HOXA2+UNC5C	27	0.975272	0.995868
GSE42752	4	EYA4+ZNF793+HOXA2+RALYL	25	0.975750	0.995868
GSE42752	4	EYA4+ZNF793+HOXA2+GFRA1	29	0.976465	0.995868
GSE42752	4	EYA4+ZNF793+BEND5+UNC5C	25	0.972572	0.991736
GSE42752	4	EYA4+ZNF793+BEND5+RALYL	23	0.965330	0.995868
GSE42752	4	EYA4+ZNF793+BEND5+GFRA1	27	0.971349	0.989669
GSE42752	4	EYA4+ZNF793+UNC5C+RALYL	23	0.975284	0.993802
GSE42752	4	EYA4+ZNF793+UNC5C+GFRA1	27	0.979147	0.993802
GSE42752	4	EYA4+ZNF793+RALYL+GFRA1	25	0.972749	0.993802
GSE42752	4	EYA4+SFMBT2+ADHFE1+HOXA2	29	0.977085	0.997934
GSE42752	4	EYA4+SFMBT2+ADHFE1+BEND5	27	0.981161	1.000000
GSE42752	4	EYA4+SFMBT2+ADHFE1+UNC5C	27	0.980642	1.000000
GSE42752	4	EYA4+SFMBT2+ADHFE1+RALYL	25	0.981327	1.000000
GSE42752	4	EYA4+SFMBT2+ADHFE1+GFRA1	29	0.981652	1.000000
GSE42752	4	EYA4+SFMBT2+HOXA2+BEND5	28	0.975650	0.995868
GSE42752	4	EYA4+SFMBT2+HOXA2+UNC5C	28	0.976116	0.995868
GSE42752	4	EYA4+SFMBT2+HOXA2+RALYL	26	0.976376	0.995868
GSE42752	4	EYA4+SFMBT2+HOXA2+GFRA1	30	0.977268	0.954545
GSE42752	4	EYA4+SFMBT2+BEND5+UNC5C	26	0.980606	0.993802
GSE42752	4	EYA4+SFMBT2+BEND5+RALYL	24	0.979815	0.997934
GSE42752	4	EYA4+SFMBT2+BEND5+GFRA1	28	0.981315	0.991736
GSE42752	4	EYA4+SFMBT2+UNC5C+RALYL	24	0.980340	0.991736
GSE42752	4	EYA4+SFMBT2+UNC5C+GFRA1	28	0.981622	0.991736
GSE42752	4	EYA4+SFMBT2+RALYL+GFRA1	26	0.980766	0.987603
GSE42752	4	EYA4+ADHFE1+HOXA2+BEND5	27	0.976199	1.000000
GSE42752	4	EYA4+ADHFE1+HOXA2+UNC5C	27	0.976075	0.995868
GSE42752	4	EYA4+ADHFE1+HOXA2+RALYL	25	0.976719	0.997934
GSE42752	4	EYA4+ADHFE1+HOXA2+GFRA1	29	0.977434	0.995868
GSE42752	4	EYA4+ADHFE1+BEND5+UNC5C	25	0.979283	0.997934
GSE42752	4	EYA4+ADHFE1+BEND5+RALYL	23	0.980145	1.000000
GSE42752	4	EYA4+ADHFE1+BEND5+GFRA1	27	0.981144	0.997934
GSE42752	4	EYA4+ADHFE1+UNC5C+RALYL	23	0.979401	0.997934
GSE42752	4	EYA4+ADHFE1+UNC5C+GFRA1	27	0.980175	0.995868
GSE42752	4	EYA4+ADHFE1+RALYL+GFRA1	25	0.980712	0.997934
GSE42752	4	EYA4+HOXA2+BEND5+UNC5C	26	0.974344	0.995868
GSE42752	4	EYA4+HOXA2+BEND5+RALYL	24	0.974693	0.995868
GSE42752	4	EYA4+HOXA2+BEND5+GFRA1	28	0.975987	0.995868
GSE42752	4	EYA4+HOXA2+UNC5C+RALYL	24	0.975183	0.995868
GSE42752	4	EYA4+HOXA2+UNC5C+GFRA1	28	0.975963	0.995868
GSE42752	4	EYA4+HOXA2+RALYL+GFRA1	26	0.976619	0.995868
GSE42752	4	EYA4+BEND5+UNC5C+RALYL	22	0.974752	0.989669
GSE42752	4	EYA4+BEND5+UNC5C+GFRA1	26	0.978450	0.987603
GSE42752	4	EYA4+BEND5+RALYL+GFRA1	24	0.971958	0.987603
GSE42752	4	EYA4+UNC5C+RALYL+GFRA1	24	0.974740	0.991736
GSE42752	4	ZNF568+ZNF793+SFMBT2+ADHFE1	22	0.981811	1.000000
GSE42752	4	ZNF568+ZNF793+SFMBT2+HOXA2	23	0.975668	0.997934
GSE42752	4	ZNF568+ZNF793+SFMBT2+BEND5	21	0.980311	0.987603
GSE42752	4	ZNF568+ZNF793+SFMBT2+UNC5C	21	0.980848	0.987603
GSE42752	4	ZNF568+ZNF793+SFMBT2+RALYL	19	0.980506	0.987603
GSE42752	4	ZNF568+ZNF793+SFMBT2+GFRA1	23	0.982118	0.985537
GSE42752	4	ZNF568+ZNF793+ADHFE1+HOXA2	22	0.976766	1.000000
GSE42752	4	ZNF568+ZNF793+ADHFE1+BEND5	20	0.979413	1.000000
GSE42752	4	ZNF568+ZNF793+ADHFE1+UNC5C	20	0.980086	1.000000
GSE42752	4	ZNF568+ZNF793+ADHFE1+RALYL	18	0.980671	1.000000
GSE42752	4	ZNF568+ZNF793+ADHFE1+GFRA1	22	0.981740	1.000000
GSE42752	4	ZNF568+ZNF793+HOXA2+BEND5	21	0.974575	0.997934
GSE42752	4	ZNF568+ZNF793+HOXA2+UNC5C	21	0.974911	0.995868
GSE42752	4	ZNF568+ZNF793+HOXA2+RALYL	19	0.974882	0.995868
GSE42752	4	ZNF568+ZNF793+HOXA2+GFRA1	23	0.976418	0.993802
GSE42752	4	ZNF568+ZNF793+BEND5+UNC5C	19	0.978255	0.993802
GSE42752	4	ZNF568+ZNF793+BEND5+RALYL	17	0.973907	0.991736
GSE42752	4	ZNF568+ZNF793+BEND5+GFRA1	21	0.979874	0.991736
GSE42752	4	ZNF568+ZNF793+UNC5C+RALYL	17	0.978586	0.989669
GSE42752	4	ZNF568+ZNF793+UNC5C+GFRA1	21	0.979271	0.985537
GSE42752	4	ZNF568+ZNF793+RALYL+GFRA1	19	0.975089	0.987603
GSE42752	4	ZNF568+SFMBT2+ADHFE1+HOXA2	23	0.977227	1.000000
GSE42752	4	ZNF568+SFMBT2+ADHFE1+BEND5	21	0.980801	1.000000
GSE42752	4	ZNF568+SFMBT2+ADHFE1+UNC5C	21	0.981215	1.000000
GSE42752	4	ZNF568+SFMBT2+ADHFE1+RALYL	19	0.981209	1.000000
GSE42752	4	ZNF568+SFMBT2+ADHFE1+GFRA1	23	0.982869	1.000000
GSE42752	4	ZNF568+SFMBT2+HOXA2+BEND5	22	0.975414	0.991736
GSE42752	4	ZNF568+SFMBT2+HOXA2+UNC5C	22	0.975981	0.995868
GSE42752	4	ZNF568+SFMBT2+HOXA2+RALYL	20	0.976530	0.995868
GSE42752	4	ZNF568+SFMBT2+HOXA2+GFRA1	24	0.977056	0.991736
GSE42752	4	ZNF568+SFMBT2+BEND5+UNC5C	20	0.980777	0.989669
GSE42752	4	ZNF568+SFMBT2+BEND5+RALYL	18	0.979519	0.989669
GSE42752	4	ZNF568+SFMBT2+BEND5+GFRA1	22	0.981734	0.989669
GSE42752	4	ZNF568+SFMBT2+UNC5C+RALYL	18	0.980559	0.983471
GSE42752	4	ZNF568+SFMBT2+UNC5C+GFRA1	22	0.981575	0.983471
GSE42752	4	ZNF568+SFMBT2+RALYL+GFRA1	20	0.981179	0.981405
GSE42752	4	ZNF568+ADHFE1+HOXA2+BEND5	21	0.975987	1.000000
GSE42752	4	ZNF568+ADHFE1+HOXA2+UNC5C	21	0.976495	0.997934
GSE42752	4	ZNF568+ADHFE1+HOXA2+RALYL	19	0.976424	1.000000
GSE42752	4	ZNF568+ADHFE1+HOXA2+GFRA1	23	0.977446	0.997934
GSE42752	4	ZNF568+ADHFE1+BEND5+UNC5C	19	0.979584	1.000000
GSE42752	4	ZNF568+ADHFE1+BEND5+RALYL	17	0.980299	1.000000
GSE42752	4	ZNF568+ADHFE1+BEND5+GFRA1	21	0.981067	1.000000
GSE42752	4	ZNF568+ADHFE1+UNC5C+RALYL	17	0.979986	1.000000
GSE42752	4	ZNF568+ADHFE1+UNC5C+GFRA1	21	0.980966	1.000000
GSE42752	4	ZNF568+ADHFE1+RALYL+GFRA1	19	0.981209	1.000000
GSE42752	4	ZNF568+HOXA2+BEND5+UNC5C	20	0.974362	0.995868
GSE42752	4	ZNF568+HOXA2+BEND5+RALYL	18	0.974681	0.995868
GSE42752	4	ZNF568+HOXA2+BEND5+GFRA1	22	0.976264	0.995868
GSE42752	4	ZNF568+HOXA2+UNC5C+RALYL	18	0.974610	0.993802
GSE42752	4	ZNF568+HOXA2+UNC5C+GFRA1	22	0.976435	0.993802
GSE42752	4	ZNF568+HOXA2+RALYL+GFRA1	20	0.976926	0.993802
GSE42752	4	ZNF568+BEND5+UNC5C+RALYL	16	0.978060	0.991736
GSE42752	4	ZNF568+BEND5+UNC5C+GFRA1	20	0.979572	0.987603
GSE42752	4	ZNF568+BEND5+RALYL+GFRA1	18	0.978143	0.989669
GSE42752	4	ZNF568+UNC5C+RALYL+GFRA1	18	0.978680	0.985537
GSE42752	4	ZNF793+SFMBT2+ADHFE1+HOXA2	22	0.976548	1.000000
GSE42752	4	ZNF793+SFMBT2+ADHFE1+BEND5	20	0.980039	1.000000
GSE42752	4	ZNF793+SFMBT2+ADHFE1+UNC5C	20	0.980523	1.000000
GSE42752	4	ZNF793+SFMBT2+ADHFE1+RALYL	18	0.980766	1.000000
GSE42752	4	ZNF793+SFMBT2+ADHFE1+GFRA1	22	0.982538	1.000000
GSE42752	4	ZNF793+SFMBT2+HOXA2+BEND5	21	0.974746	1.000000
GSE42752	4	ZNF793+SFMBT2+HOXA2+UNC5C	21	0.976028	0.991736
GSE42752	4	ZNF793+SFMBT2+HOXA2+RALYL	19	0.975963	0.991736
GSE42752	4	ZNF793+SFMBT2+HOXA2+GFRA1	23	0.976630	0.993802
GSE42752	4	ZNF793+SFMBT2+BEND5+UNC5C	19	0.980104	0.991736
GSE42752	4	ZNF793+SFMBT2+BEND5+RALYL	17	0.978550	0.993802
GSE42752	4	ZNF793+SFMBT2+BEND5+GFRA1	21	0.981173	0.991736
GSE42752	4	ZNF793+SFMBT2+UNC5C+RALYL	17	0.980393	0.983471
GSE42752	4	ZNF793+SFMBT2+UNC5C+GFRA1	21	0.982254	0.981405
GSE42752	4	ZNF793+SFMBT2+RALYL+GFRA1	19	0.981522	0.979339
GSE42752	4	ZNF793+ADHFE1+HOXA2+BEND5	20	0.974941	1.000000
GSE42752	4	ZNF793+ADHFE1+HOXA2+UNC5C	20	0.976040	0.997934
GSE42752	4	ZNF793+ADHFE1+HOXA2+RALYL	18	0.975874	1.000000
GSE42752	4	ZNF793+ADHFE1+HOXA2+GFRA1	22	0.977150	0.997934
GSE42752	4	ZNF793+ADHFE1+BEND5+UNC5C	18	0.977493	1.000000
GSE42752	4	ZNF793+ADHFE1+BEND5+RALYL	16	0.978958	1.000000
GSE42752	4	ZNF793+ADHFE1+BEND5+GFRA1	20	0.980612	1.000000
GSE42752	4	ZNF793+ADHFE1+UNC5C+RALYL	16	0.978674	1.000000
GSE42752	4	ZNF793+ADHFE1+UNC5C+GFRA1	20	0.980866	1.000000
GSE42752	4	ZNF793+ADHFE1+RALYL+GFRA1	18	0.981498	1.000000
GSE42752	4	ZNF793+HOXA2+BEND5+UNC5C	19	0.973931	0.995868
GSE42752	4	ZNF793+HOXA2+BEND5+RALYL	17	0.974197	0.995868
GSE42752	4	ZNF793+HOXA2+BEND5+GFRA1	21	0.975697	0.995868
GSE42752	4	ZNF793+HOXA2+UNC5C+RALYL	17	0.974953	0.985537
GSE42752	4	ZNF793+HOXA2+UNC5C+GFRA1	21	0.975963	0.991736
GSE42752	4	ZNF793+HOXA2+RALYL+GFRA1	19	0.976412	0.991736
GSE42752	4	ZNF793+BEND5+UNC5C+RALYL	15	0.977316	0.991736
GSE42752	4	ZNF793+BEND5+UNC5C+GFRA1	19	0.980181	0.985537
GSE42752	4	ZNF793+BEND5+RALYL+GFRA1	17	0.977392	0.989669
GSE42752	4	ZNF793+UNC5C+RALYL+GFRA1	17	0.978958	0.987603
GSE42752	4	SFMBT2+ADHFE1+HOXA2+BEND5	21	0.975987	0.995868
GSE42752	4	SFMBT2+ADHFE1+HOXA2+UNC5C	21	0.976737	0.995868
GSE42752	4	SFMBT2+ADHFE1+HOXA2+RALYL	19	0.976495	0.997934
GSE42752	4	SFMBT2+ADHFE1+HOXA2+GFRA1	23	0.977511	0.991736
GSE42752	4	SFMBT2+ADHFE1+BEND5+UNC5C	19	0.979531	1.000000
GSE42752	4	SFMBT2+ADHFE1+BEND5+RALYL	17	0.980317	1.000000
GSE42752	4	SFMBT2+ADHFE1+BEND5+GFRA1	21	0.981847	1.000000
GSE42752	4	SFMBT2+ADHFE1+UNC5C+RALYL	17	0.980128	1.000000
GSE42752	4	SFMBT2+ADHFE1+UNC5C+GFRA1	21	0.981504	0.997934
GSE42752	4	SFMBT2+ADHFE1+RALYL+GFRA1	19	0.982307	0.997934
GSE42752	4	SFMBT2+HOXA2+BEND5+UNC5C	20	0.975077	0.995868
GSE42752	4	SFMBT2+HOXA2+BEND5+RALYL	18	0.975354	0.985537
GSE42752	4	SFMBT2+HOXA2+BEND5+GFRA1	22	0.976376	0.983471
GSE42752	4	SFMBT2+HOXA2+UNC5C+RALYL	18	0.976270	0.985537
GSE42752	4	SFMBT2+HOXA2+UNC5C+GFRA1	22	0.976920	0.973140
GSE42752	4	SFMBT2+HOXA2+RALYL+GFRA1	20	0.977245	0.969008
GSE42752	4	SFMBT2+BEND5+UNC5C+RALYL	16	0.980110	0.989669
GSE42752	4	SFMBT2+BEND5+UNC5C+GFRA1	20	0.981717	0.987603
GSE42752	4	SFMBT2+BEND5+RALYL+GFRA1	18	0.981014	0.987603
GSE42752	4	SFMBT2+UNC5C+RALYL+GFRA1	18	0.981415	0.969008
GSE42752	4	ADHFE1+HOXA2+BEND5+UNC5C	19	0.975053	1.000000
GSE42752	4	ADHFE1+HOXA2+BEND5+RALYL	17	0.975449	1.000000
GSE42752	4	ADHFE1+HOXA2+BEND5+GFRA1	21	0.976506	1.000000
GSE42752	4	ADHFE1+HOXA2+UNC5C+RALYL	17	0.976288	0.995868
GSE42752	4	ADHFE1+HOXA2+UNC5C+GFRA1	21	0.977257	0.995868
GSE42752	4	ADHFE1+HOXA2+RALYL+GFRA1	19	0.977186	0.995868
GSE42752	4	ADHFE1+BEND5+UNC5C+RALYL	15	0.978462	1.000000
GSE42752	4	ADHFE1+BEND5+UNC5C+GFRA1	19	0.980057	0.997934
GSE42752	4	ADHFE1+BEND5+RALYL+GFRA1	17	0.980766	1.000000
GSE42752	4	ADHFE1+UNC5C+RALYL+GFRA1	17	0.980376	1.000000
GSE42752	4	HOXA2+BEND5+UNC5C+RALYL	16	0.974687	0.993802
GSE42752	4	HOXA2+BEND5+UNC5C+GFRA1	20	0.975691	0.993802
GSE42752	4	HOXA2+BEND5+RALYL+GFRA1	18	0.975886	0.995868
GSE42752	4	HOXA2+UNC5C+RALYL+GFRA1	18	0.976134	0.991736
GSE42752	4	BEND5+UNC5C+RALYL+GFRA1	16	0.979590	0.985537
GSE42752	5	EYA4+ZNF568+ZNF793+SFMBT2+ADHFE1	34	0.982095	1.000000
GSE42752	5	EYA4+ZNF568+ZNF793+SFMBT2+HOXA2	35	0.976932	0.995868
GSE42752	5	EYA4+ZNF568+ZNF793+SFMBT2+BEND5	33	0.980252	0.995868
GSE42752	5	EYA4+ZNF568+ZNF793+SFMBT2+UNC5C	33	0.981108	0.993802
GSE42752	5	EYA4+ZNF568+ZNF793+SFMBT2+RALYL	31	0.980317	0.993802
GSE42752	5	EYA4+ZNF568+ZNF793+SFMBT2+GFRA1	35	0.981303	0.993802
GSE42752	5	EYA4+ZNF568+ZNF793+ADHFE1+HOXA2	34	0.977452	0.997934
GSE42752	5	EYA4+ZNF568+ZNF793+ADHFE1+BEND5	32	0.980689	1.000000
GSE42752	5	EYA4+ZNF568+ZNF793+ADHFE1+UNC5C	32	0.980819	1.000000
GSE42752	5	EYA4+ZNF568+ZNF793+ADHFE1+RALYL	30	0.981167	1.000000
GSE42752	5	EYA4+ZNF568+ZNF793+ADHFE1+GFRA1	34	0.981439	1.000000
GSE42752	5	EYA4+ZNF568+ZNF793+HOXA2+BEND5	33	0.975585	0.995868
GSE42752	5	EYA4+ZNF568+ZNF793+HOXA2+UNC5C	33	0.975709	0.995868
GSE42752	5	EYA4+ZNF568+ZNF793+HOXA2+RALYL	31	0.976371	0.995868
GSE42752	5	EYA4+ZNF568+ZNF793+HOXA2+GFRA1	35	0.977233	0.995868
GSE42752	5	EYA4+ZNF568+ZNF793+BEND5+UNC5C	31	0.976926	0.993802
GSE42752	5	EYA4+ZNF568+ZNF793+BEND5+RALYL	29	0.969707	0.995868
GSE42752	5	EYA4+ZNF568+ZNF793+BEND5+GFRA1	33	0.974197	0.991736
GSE42752	5	EYA4+ZNF568+ZNF793+UNC5C+RALYL	29	0.976725	0.991736
GSE42752	5	EYA4+ZNF568+ZNF793+UNC5C+GFRA1	33	0.979082	0.993802
GSE42752	5	EYA4+ZNF568+ZNF793+RALYL+GFRA1	31	0.973931	0.993802
GSE42752	5	EYA4+ZNF568+SFMBT2+ADHFE1+HOXA2	35	0.977794	0.997934
GSE42752	5	EYA4+ZNF568+SFMBT2+ADHFE1+BEND5	33	0.981244	1.000000
GSE42752	5	EYA4+ZNF568+SFMBT2+ADHFE1+UNC5C	33	0.981681	1.000000
GSE42752	5	EYA4+ZNF568+SFMBT2+ADHFE1+RALYL	31	0.981782	1.000000
GSE42752	5	EYA4+ZNF568+SFMBT2+ADHFE1+GFRA1	35	0.982366	1.000000
GSE42752	5	EYA4+ZNF568+SFMBT2+HOXA2+BEND5	34	0.976406	0.995868
GSE42752	5	EYA4+ZNF568+SFMBT2+HOXA2+UNC5C	34	0.976577	0.995868
GSE42752	5	EYA4+ZNF568+SFMBT2+HOXA2+RALYL	32	0.977109	0.995868
GSE42752	5	EYA4+ZNF568+SFMBT2+HOXA2+GFRA1	36	0.977924	0.995868
GSE42752	5	EYA4+ZNF568+SFMBT2+BEND5+UNC5C	32	0.980618	0.993802
GSE42752	5	EYA4+ZNF568+SFMBT2+BEND5+RALYL	30	0.979679	0.995868
GSE42752	5	EYA4+ZNF568+SFMBT2+BEND5+GFRA1	34	0.981108	0.993802
GSE42752	5	EYA4+ZNF568+SFMBT2+UNC5C+RALYL	30	0.980553	0.993802
GSE42752	5	EYA4+ZNF568+SFMBT2+UNC5C+GFRA1	34	0.981563	0.993802
GSE42752	5	EYA4+ZNF568+SFMBT2+RALYL+GFRA1	32	0.980842	0.993802
GSE42752	5	EYA4+ZNF568+ADHFE1+HOXA2+BEND5	33	0.976879	1.000000
GSE42752	5	EYA4+ZNF568+ADHFE1+HOXA2+UNC5C	33	0.976760	0.995868
GSE42752	5	EYA4+ZNF568+ADHFE1+HOXA2+RALYL	31	0.977322	0.997934
GSE42752	5	EYA4+ZNF568+ADHFE1+HOXA2+GFRA1	35	0.977912	0.995868
GSE42752	5	EYA4+ZNF568+ADHFE1+BEND5+UNC5C	31	0.980051	0.997934
GSE42752	5	EYA4+ZNF568+ADHFE1+BEND5+RALYL	29	0.980600	1.000000
GSE42752	5	EYA4+ZNF568+ADHFE1+BEND5+GFRA1	33	0.981321	0.997934
GSE42752	5	EYA4+ZNF568+ADHFE1+UNC5C+RALYL	29	0.980104	1.000000
GSE42752	5	EYA4+ZNF568+ADHFE1+UNC5C+GFRA1	33	0.981067	0.995868
GSE42752	5	EYA4+ZNF568+ADHFE1+RALYL+GFRA1	31	0.981232	1.000000
GSE42752	5	EYA4+ZNF568+HOXA2+BEND5+UNC5C	32	0.975301	0.995868
GSE42752	5	EYA4+ZNF568+HOXA2+BEND5+RALYL	30	0.975538	0.995868
GSE42752	5	EYA4+ZNF568+HOXA2+BEND5+GFRA1	34	0.976353	0.995868
GSE42752	5	EYA4+ZNF568+HOXA2+UNC5C+RALYL	30	0.975662	0.995868
GSE42752	5	EYA4+ZNF568+HOXA2+UNC5C+GFRA1	34	0.976642	0.995868
GSE42752	5	EYA4+ZNF568+HOXA2+RALYL+GFRA1	32	0.977221	0.995868
GSE42752	5	EYA4+ZNF568+BEND5+UNC5C+RALYL	28	0.976707	0.993802
GSE42752	5	EYA4+ZNF568+BEND5+UNC5C+GFRA1	32	0.978686	0.993802
GSE42752	5	EYA4+ZNF568+BEND5+RALYL+GFRA1	30	0.973440	0.991736
GSE42752	5	EYA4+ZNF568+UNC5C+RALYL+GFRA1	30	0.978822	0.993802
GSE42752	5	EYA4+ZNF793+SFMBT2+ADHFE1+HOXA2	34	0.977227	0.997934
GSE42752	5	EYA4+ZNF793+SFMBT2+ADHFE1+BEND5	32	0.981120	1.000000
GSE42752	5	EYA4+ZNF793+SFMBT2+ADHFE1+UNC5C	32	0.980659	1.000000
GSE42752	5	EYA4+ZNF793+SFMBT2+ADHFE1+RALYL	30	0.981445	1.000000
GSE42752	5	EYA4+ZNF793+SFMBT2+ADHFE1+GFRA1	34	0.981983	1.000000
GSE42752	5	EYA4+ZNF793+SFMBT2+HOXA2+BEND5	33	0.975715	0.995868
GSE42752	5	EYA4+ZNF793+SFMBT2+HOXA2+UNC5C	33	0.976347	0.995868
GSE42752	5	EYA4+ZNF793+SFMBT2+HOXA2+RALYL	31	0.976571	0.995868
GSE42752	5	EYA4+ZNF793+SFMBT2+HOXA2+GFRA1	35	0.977251	0.995868
GSE42752	5	EYA4+ZNF793+SFMBT2+BEND5+UNC5C	31	0.980092	0.993802
GSE42752	5	EYA4+ZNF793+SFMBT2+BEND5+RALYL	29	0.979218	0.995868
GSE42752	5	EYA4+ZNF793+SFMBT2+BEND5+GFRA1	33	0.980825	0.993802
GSE42752	5	EYA4+ZNF793+SFMBT2+UNC5C+RALYL	29	0.980529	0.993802
GSE42752	5	EYA4+ZNF793+SFMBT2+UNC5C+GFRA1	33	0.981575	0.993802
GSE42752	5	EYA4+ZNF793+SFMBT2+RALYL+GFRA1	31	0.980961	0.991736
GSE42752	5	EYA4+ZNF793+ADHFE1+HOXA2+BEND5	32	0.976329	1.000000
GSE42752	5	EYA4+ZNF793+ADHFE1+HOXA2+UNC5C	32	0.976589	0.995868
GSE42752	5	EYA4+ZNF793+ADHFE1+HOXA2+RALYL	30	0.976855	0.997934
GSE42752	5	EYA4+ZNF793+ADHFE1+HOXA2+GFRA1	34	0.977517	0.995868
GSE42752	5	EYA4+ZNF793+ADHFE1+BEND5+UNC5C	30	0.979253	0.997934
GSE42752	5	EYA4+ZNF793+ADHFE1+BEND5+RALYL	28	0.980187	1.000000
GSE42752	5	EYA4+ZNF793+ADHFE1+BEND5+GFRA1	32	0.981197	0.997934
GSE42752	5	EYA4+ZNF793+ADHFE1+UNC5C+RALYL	28	0.979578	1.000000
GSE42752	5	EYA4+ZNF793+ADHFE1+UNC5C+GFRA1	32	0.980712	0.995868
GSE42752	5	EYA4+ZNF793+ADHFE1+RALYL+GFRA1	30	0.981091	1.000000
GSE42752	5	EYA4+ZNF793+HOXA2+BEND5+UNC5C	31	0.974338	0.995868
GSE42752	5	EYA4+ZNF793+HOXA2+BEND5+RALYL	29	0.974462	0.995868
GSE42752	5	EYA4+ZNF793+HOXA2+BEND5+GFRA1	33	0.975874	0.995868
GSE42752	5	EYA4+ZNF793+HOXA2+UNC5C+RALYL	29	0.975591	0.995868
GSE42752	5	EYA4+ZNF793+HOXA2+UNC5C+GFRA1	33	0.976435	0.995868
GSE42752	5	EYA4+ZNF793+HOXA2+RALYL+GFRA1	31	0.976754	0.995868
GSE42752	5	EYA4+ZNF793+BEND5+UNC5C+RALYL	27	0.974220	0.993802
GSE42752	5	EYA4+ZNF793+BEND5+UNC5C+GFRA1	31	0.977688	0.991736
GSE42752	5	EYA4+ZNF793+BEND5+RALYL+GFRA1	29	0.971798	0.989669
GSE42752	5	EYA4+ZNF793+UNC5C+RALYL+GFRA1	29	0.978255	0.993802
GSE42752	5	EYA4+SFMBT2+ADHFE1+HOXA2+BEND5	33	0.976453	1.000000
GSE42752	5	EYA4+SFMBT2+ADHFE1+HOXA2+UNC5C	33	0.976719	0.997934
GSE42752	5	EYA4+SFMBT2+ADHFE1+HOXA2+RALYL	31	0.976997	0.997934
GSE42752	5	EYA4+SFMBT2+ADHFE1+HOXA2+GFRA1	35	0.977540	0.997934
GSE42752	5	EYA4+SFMBT2+ADHFE1+BEND5+UNC5C	31	0.980281	1.000000
GSE42752	5	EYA4+SFMBT2+ADHFE1+BEND5+RALYL	29	0.980913	1.000000
GSE42752	5	EYA4+SFMBT2+ADHFE1+BEND5+GFRA1	33	0.981386	1.000000
GSE42752	5	EYA4+SFMBT2+ADHFE1+UNC5C+RALYL	29	0.980411	1.000000
GSE42752	5	EYA4+SFMBT2+ADHFE1+UNC5C+GFRA1	33	0.981073	0.997934
GSE42752	5	EYA4+SFMBT2+ADHFE1+RALYL+GFRA1	31	0.981717	1.000000
GSE42752	5	EYA4+SFMBT2+HOXA2+BEND5+UNC5C	32	0.975396	0.995868
GSE42752	5	EYA4+SFMBT2+HOXA2+BEND5+RALYL	30	0.975756	0.995868
GSE42752	5	EYA4+SFMBT2+HOXA2+BEND5+GFRA1	34	0.976802	0.958678
GSE42752	5	EYA4+SFMBT2+HOXA2+UNC5C+RALYL	30	0.976069	0.995868
GSE42752	5	EYA4+SFMBT2+HOXA2+UNC5C+GFRA1	34	0.977091	0.931818
GSE42752	5	EYA4+SFMBT2+HOXA2+RALYL+GFRA1	32	0.977263	0.952479
GSE42752	5	EYA4+SFMBT2+BEND5+UNC5C+RALYL	28	0.979608	0.993802
GSE42752	5	EYA4+SFMBT2+BEND5+UNC5C+GFRA1	32	0.981244	0.993802
GSE42752	5	EYA4+SFMBT2+BEND5+RALYL+GFRA1	30	0.980606	0.993802
GSE42752	5	EYA4+SFMBT2+UNC5C+RALYL+GFRA1	30	0.980783	0.991736
GSE42752	5	EYA4+ADHFE1+HOXA2+BEND5+UNC5C	31	0.975579	0.995868
GSE42752	5	EYA4+ADHFE1+HOXA2+BEND5+RALYL	29	0.976010	1.000000
GSE42752	5	EYA4+ADHFE1+HOXA2+BEND5+GFRA1	33	0.976873	0.995868
GSE42752	5	EYA4+ADHFE1+HOXA2+UNC5C+RALYL	29	0.975939	0.995868
GSE42752	5	EYA4+ADHFE1+HOXA2+UNC5C+GFRA1	33	0.976772	0.995868
GSE42752	5	EYA4+ADHFE1+HOXA2+RALYL+GFRA1	31	0.977245	0.995868
GSE42752	5	EYA4+ADHFE1+BEND5+UNC5C+RALYL	27	0.979188	1.000000
GSE42752	5	EYA4+ADHFE1+BEND5+UNC5C+GFRA1	31	0.980417	0.997934
GSE42752	5	EYA4+ADHFE1+BEND5+RALYL+GFRA1	29	0.980925	1.000000
GSE42752	5	EYA4+ADHFE1+UNC5C+RALYL+GFRA1	29	0.980151	0.995868
GSE42752	5	EYA4+HOXA2+BEND5+UNC5C+RALYL	28	0.974835	0.995868
GSE42752	5	EYA4+HOXA2+BEND5+UNC5C+GFRA1	32	0.975526	0.995868
GSE42752	5	EYA4+HOXA2+BEND5+RALYL+GFRA1	30	0.975927	0.995868
GSE42752	5	EYA4+HOXA2+UNC5C+RALYL+GFRA1	30	0.975744	0.995868
GSE42752	5	EYA4+BEND5+UNC5C+RALYL+GFRA1	28	0.977847	0.987603
GSE42752	5	ZNF568+ZNF793+SFMBT2+ADHFE1+HOXA2	28	0.977180	1.000000
GSE42752	5	ZNF568+ZNF793+SFMBT2+ADHFE1+BEND5	26	0.980718	1.000000
GSE42752	5	ZNF568+ZNF793+SFMBT2+ADHFE1+UNC5C	26	0.980878	1.000000
GSE42752	5	ZNF568+ZNF793+SFMBT2+ADHFE1+RALYL	24	0.981368	1.000000
GSE42752	5	ZNF568+ZNF793+SFMBT2+ADHFE1+GFRA1	28	0.982390	1.000000
GSE42752	5	ZNF568+ZNF793+SFMBT2+HOXA2+BEND5	27	0.974888	1.000000
GSE42752	5	ZNF568+ZNF793+SFMBT2+HOXA2+UNC5C	27	0.975396	0.997934
GSE42752	5	ZNF568+ZNF793+SFMBT2+HOXA2+RALYL	25	0.975963	0.995868
GSE42752	5	ZNF568+ZNF793+SFMBT2+HOXA2+GFRA1	29	0.976849	0.995868
GSE42752	5	ZNF568+ZNF793+SFMBT2+BEND5+UNC5C	25	0.980517	0.991736
GSE42752	5	ZNF568+ZNF793+SFMBT2+BEND5+RALYL	23	0.979318	0.989669
GSE42752	5	ZNF568+ZNF793+SFMBT2+BEND5+GFRA1	27	0.981368	0.989669
GSE42752	5	ZNF568+ZNF793+SFMBT2+UNC5C+RALYL	23	0.980577	0.987603
GSE42752	5	ZNF568+ZNF793+SFMBT2+UNC5C+GFRA1	27	0.981161	0.983471
GSE42752	5	ZNF568+ZNF793+SFMBT2+RALYL+GFRA1	25	0.980943	0.985537
GSE42752	5	ZNF568+ZNF793+ADHFE1+HOXA2+BEND5	26	0.975904	1.000000
GSE42752	5	ZNF568+ZNF793+ADHFE1+HOXA2+UNC5C	26	0.976613	0.997934
GSE42752	5	ZNF568+ZNF793+ADHFE1+HOXA2+RALYL	24	0.976725	1.000000
GSE42752	5	ZNF568+ZNF793+ADHFE1+HOXA2+GFRA1	28	0.977416	0.997934
GSE42752	5	ZNF568+ZNF793+ADHFE1+BEND5+UNC5C	24	0.979324	1.000000
GSE42752	5	ZNF568+ZNF793+ADHFE1+BEND5+RALYL	22	0.979720	1.000000
GSE42752	5	ZNF568+ZNF793+ADHFE1+BEND5+GFRA1	26	0.980582	1.000000
GSE42752	5	ZNF568+ZNF793+ADHFE1+UNC5C+RALYL	22	0.980163	1.000000
GSE42752	5	ZNF568+ZNF793+ADHFE1+UNC5C+GFRA1	26	0.980860	1.000000
GSE42752	5	ZNF568+ZNF793+ADHFE1+RALYL+GFRA1	24	0.981220	1.000000
GSE42752	5	ZNF568+ZNF793+HOXA2+BEND5+UNC5C	25	0.974143	0.995868
GSE42752	5	ZNF568+ZNF793+HOXA2+BEND5+RALYL	23	0.974185	0.995868
GSE42752	5	ZNF568+ZNF793+HOXA2+BEND5+GFRA1	27	0.975526	0.995868
GSE42752	5	ZNF568+ZNF793+HOXA2+UNC5C+RALYL	23	0.974699	0.995868
GSE42752	5	ZNF568+ZNF793+HOXA2+UNC5C+GFRA1	27	0.976252	0.993802
GSE42752	5	ZNF568+ZNF793+HOXA2+RALYL+GFRA1	25	0.976648	0.993802
GSE42752	5	ZNF568+ZNF793+BEND5+UNC5C+RALYL	21	0.977729	0.993802
GSE42752	5	ZNF568+ZNF793+BEND5+UNC5C+GFRA1	25	0.979531	0.991736
GSE42752	5	ZNF568+ZNF793+BEND5+RALYL+GFRA1	23	0.977948	0.991736
GSE42752	5	ZNF568+ZNF793+UNC5C+RALYL+GFRA1	23	0.979147	0.987603
GSE42752	5	ZNF568+SFMBT2+ADHFE1+HOXA2+BEND5	27	0.976040	1.000000
GSE42752	5	ZNF568+SFMBT2+ADHFE1+HOXA2+UNC5C	27	0.977186	1.000000
GSE42752	5	ZNF568+SFMBT2+ADHFE1+HOXA2+RALYL	25	0.977150	1.000000
GSE42752	5	ZNF568+SFMBT2+ADHFE1+HOXA2+GFRA1	29	0.977989	0.997934
GSE42752	5	ZNF568+SFMBT2+ADHFE1+BEND5+UNC5C	25	0.980441	1.000000
GSE42752	5	ZNF568+SFMBT2+ADHFE1+BEND5+RALYL	23	0.980405	1.000000
GSE42752	5	ZNF568+SFMBT2+ADHFE1+BEND5+GFRA1	27	0.981563	1.000000
GSE42752	5	ZNF568+SFMBT2+ADHFE1+UNC5C+RALYL	23	0.980943	1.000000
GSE42752	5	ZNF568+SFMBT2+ADHFE1+UNC5C+GFRA1	27	0.981935	1.000000
GSE42752	5	ZNF568+SFMBT2+ADHFE1+RALYL+GFRA1	25	0.982248	1.000000
GSE42752	5	ZNF568+SFMBT2+HOXA2+BEND5+UNC5C	26	0.975148	0.995868
GSE42752	5	ZNF568+SFMBT2+HOXA2+BEND5+RALYL	24	0.975272	1.000000
GSE42752	5	ZNF568+SFMBT2+HOXA2+BEND5+GFRA1	28	0.976648	0.993802
GSE42752	5	ZNF568+SFMBT2+HOXA2+UNC5C+RALYL	24	0.976211	0.995868
GSE42752	5	ZNF568+SFMBT2+HOXA2+UNC5C+GFRA1	28	0.976873	0.991736
GSE42752	5	ZNF568+SFMBT2+HOXA2+RALYL+GFRA1	26	0.977286	0.993802
GSE42752	5	ZNF568+SFMBT2+BEND5+UNC5C+RALYL	22	0.980110	0.991736
GSE42752	5	ZNF568+SFMBT2+BEND5+UNC5C+GFRA1	26	0.981120	0.989669
GSE42752	5	ZNF568+SFMBT2+BEND5+RALYL+GFRA1	24	0.980494	0.989669
GSE42752	5	ZNF568+SFMBT2+UNC5C+RALYL+GFRA1	24	0.981427	0.983471
GSE42752	5	ZNF568+ADHFE1+HOXA2+BEND5+UNC5C	25	0.975620	1.000000
GSE42752	5	ZNF568+ADHFE1+HOXA2+BEND5+RALYL	23	0.975987	1.000000
GSE42752	5	ZNF568+ADHFE1+HOXA2+BEND5+GFRA1	27	0.976843	1.000000
GSE42752	5	ZNF568+ADHFE1+HOXA2+UNC5C+RALYL	23	0.976341	0.997934
GSE42752	5	ZNF568+ADHFE1+HOXA2+UNC5C+GFRA1	27	0.976825	0.997934
GSE42752	5	ZNF568+ADHFE1+HOXA2+RALYL+GFRA1	25	0.977617	0.997934
GSE42752	5	ZNF568+ADHFE1+BEND5+UNC5C+RALYL	21	0.979655	1.000000
GSE42752	5	ZNF568+ADHFE1+BEND5+UNC5C+GFRA1	25	0.980718	1.000000
GSE42752	5	ZNF568+ADHFE1+BEND5+RALYL+GFRA1	23	0.980831	1.000000
GSE42752	5	ZNF568+ADHFE1+UNC5C+RALYL+GFRA1	23	0.981020	1.000000
GSE42752	5	ZNF568+HOXA2+BEND5+UNC5C+RALYL	22	0.974716	0.995868
GSE42752	5	ZNF568+HOXA2+BEND5+UNC5C+GFRA1	26	0.975821	0.995868
GSE42752	5	ZNF568+HOXA2+BEND5+RALYL+GFRA1	24	0.976270	0.995868
GSE42752	5	ZNF568+HOXA2+UNC5C+RALYL+GFRA1	24	0.976010	0.991736
GSE42752	5	ZNF568+BEND5+UNC5C+RALYL+GFRA1	22	0.979253	0.987603
GSE42752	5	ZNF793+SFMBT2+ADHFE1+HOXA2+BEND5	26	0.975632	1.000000
GSE42752	5	ZNF793+SFMBT2+ADHFE1+HOXA2+UNC5C	26	0.976311	1.000000
GSE42752	5	ZNF793+SFMBT2+ADHFE1+HOXA2+RALYL	24	0.976217	1.000000
GSE42752	5	ZNF793+SFMBT2+ADHFE1+HOXA2+GFRA1	28	0.977257	0.997934
GSE42752	5	ZNF793+SFMBT2+ADHFE1+BEND5+UNC5C	24	0.979129	1.000000
GSE42752	5	ZNF793+SFMBT2+ADHFE1+BEND5+RALYL	22	0.979826	1.000000
GSE42752	5	ZNF793+SFMBT2+ADHFE1+BEND5+GFRA1	26	0.981581	1.000000
GSE42752	5	ZNF793+SFMBT2+ADHFE1+UNC5C+RALYL	22	0.979962	1.000000
GSE42752	5	ZNF793+SFMBT2+ADHFE1+UNC5C+GFRA1	26	0.981545	1.000000
GSE42752	5	ZNF793+SFMBT2+ADHFE1+RALYL+GFRA1	24	0.981929	1.000000
GSE42752	5	ZNF793+SFMBT2+HOXA2+BEND5+UNC5C	25	0.974403	0.995868
GSE42752	5	ZNF793+SFMBT2+HOXA2+BEND5+RALYL	23	0.974705	1.000000
GSE42752	5	ZNF793+SFMBT2+HOXA2+BEND5+GFRA1	27	0.975951	0.966942
GSE42752	5	ZNF793+SFMBT2+HOXA2+UNC5C+RALYL	23	0.976341	0.993802
GSE42752	5	ZNF793+SFMBT2+HOXA2+UNC5C+GFRA1	27	0.977097	0.991736
GSE42752	5	ZNF793+SFMBT2+HOXA2+RALYL+GFRA1	25	0.977097	0.993802
GSE42752	5	ZNF793+SFMBT2+BEND5+UNC5C+RALYL	21	0.979312	0.993802
GSE42752	5	ZNF793+SFMBT2+BEND5+UNC5C+GFRA1	25	0.981126	0.989669
GSE42752	5	ZNF793+SFMBT2+BEND5+RALYL+GFRA1	23	0.980275	0.991736
GSE42752	5	ZNF793+SFMBT2+UNC5C+RALYL+GFRA1	23	0.981138	0.981405
GSE42752	5	ZNF793+ADHFE1+HOXA2+BEND5+UNC5C	24	0.974894	1.000000
GSE42752	5	ZNF793+ADHFE1+HOXA2+BEND5+RALYL	22	0.975006	1.000000
GSE42752	5	ZNF793+ADHFE1+HOXA2+BEND5+GFRA1	26	0.976258	1.000000
GSE42752	5	ZNF793+ADHFE1+HOXA2+UNC5C+RALYL	22	0.975851	0.997934
GSE42752	5	ZNF793+ADHFE1+HOXA2+UNC5C+GFRA1	26	0.976524	0.997934
GSE42752	5	ZNF793+ADHFE1+HOXA2+RALYL+GFRA1	24	0.977073	0.997934
GSE42752	5	ZNF793+ADHFE1+BEND5+UNC5C+RALYL	20	0.977635	1.000000
GSE42752	5	ZNF793+ADHFE1+BEND5+UNC5C+GFRA1	24	0.979708	1.000000
GSE42752	5	ZNF793+ADHFE1+BEND5+RALYL+GFRA1	22	0.980293	1.000000
GSE42752	5	ZNF793+ADHFE1+UNC5C+RALYL+GFRA1	22	0.980659	1.000000
GSE42752	5	ZNF793+HOXA2+BEND5+UNC5C+RALYL	21	0.974138	0.995868
GSE42752	5	ZNF793+HOXA2+BEND5+UNC5C+GFRA1	25	0.975585	0.995868
GSE42752	5	ZNF793+HOXA2+BEND5+RALYL+GFRA1	23	0.975532	0.995868
GSE42752	5	ZNF793+HOXA2+UNC5C+RALYL+GFRA1	23	0.975927	0.991736
GSE42752	5	ZNF793+BEND5+UNC5C+RALYL+GFRA1	21	0.979041	0.989669
GSE42752	5	SFMBT2+ADHFE1+HOXA2+BEND5+UNC5C	25	0.975591	1.000000
GSE42752	5	SFMBT2+ADHFE1+HOXA2+BEND5+RALYL	23	0.975679	1.000000
GSE42752	5	SFMBT2+ADHFE1+HOXA2+BEND5+GFRA1	27	0.976772	0.991736
GSE42752	5	SFMBT2+ADHFE1+HOXA2+UNC5C+RALYL	23	0.976453	0.995868
GSE42752	5	SFMBT2+ADHFE1+HOXA2+UNC5C+GFRA1	27	0.977221	0.995868
GSE42752	5	SFMBT2+ADHFE1+HOXA2+RALYL+GFRA1	25	0.977392	0.995868
GSE42752	5	SFMBT2+ADHFE1+BEND5+UNC5C+RALYL	21	0.979448	1.000000
GSE42752	5	SFMBT2+ADHFE1+BEND5+UNC5C+GFRA1	25	0.981026	1.000000
GSE42752	5	SFMBT2+ADHFE1+BEND5+RALYL+GFRA1	23	0.981409	1.000000
GSE42752	5	SFMBT2+ADHFE1+UNC5C+RALYL+GFRA1	23	0.981043	0.997934
GSE42752	5	SFMBT2+HOXA2+BEND5+UNC5C+RALYL	22	0.975230	0.997934
GSE42752	5	SFMBT2+HOXA2+BEND5+UNC5C+GFRA1	26	0.976311	0.981405
GSE42752	5	SFMBT2+HOXA2+BEND5+RALYL+GFRA1	24	0.976530	0.985537
GSE42752	5	SFMBT2+HOXA2+UNC5C+RALYL+GFRA1	24	0.976979	0.973140
GSE42752	5	SFMBT2+BEND5+UNC5C+RALYL+GFRA1	22	0.981132	0.987603
GSE42752	5	ADHFE1+HOXA2+BEND5+UNC5C+RALYL	21	0.975360	1.000000
GSE42752	5	ADHFE1+HOXA2+BEND5+UNC5C+GFRA1	25	0.976565	1.000000
GSE42752	5	ADHFE1+HOXA2+BEND5+RALYL+GFRA1	23	0.976270	1.000000
GSE42752	5	ADHFE1+HOXA2+UNC5C+RALYL+GFRA1	23	0.977056	0.995868
GSE42752	5	ADHFE1+BEND5+UNC5C+RALYL+GFRA1	21	0.980222	0.997934
GSE42752	5	HOXA2+BEND5+UNC5C+RALYL+GFRA1	22	0.975668	0.993802
GSE42752	6	EYA4+ZNF568+ZNF793+SFMBT2+ADHFE1+HOXA2	40	0.977824	0.997934
GSE42752	6	EYA4+ZNF568+ZNF793+SFMBT2+ADHFE1+BEND5	38	0.981167	1.000000
GSE42752	6	EYA4+ZNF568+ZNF793+SFMBT2+ADHFE1+UNC5C	38	0.981374	1.000000
GSE42752	6	EYA4+ZNF568+ZNF793+SFMBT2+ADHFE1+RALYL	36	0.981569	1.000000
GSE42752	6	EYA4+ZNF568+ZNF793+SFMBT2+ADHFE1+GFRA1	40	0.982000	1.000000
GSE42752	6	EYA4+ZNF568+ZNF793+SFMBT2+HOXA2+BEND5	39	0.976276	0.995868
GSE42752	6	EYA4+ZNF568+ZNF793+SFMBT2+HOXA2+UNC5C	39	0.976441	0.995868
GSE42752	6	EYA4+ZNF568+ZNF793+SFMBT2+HOXA2+RALYL	37	0.976985	0.995868
GSE42752	6	EYA4+ZNF568+ZNF793+SFMBT2+HOXA2+GFRA1	41	0.977676	0.995868
GSE42752	6	EYA4+ZNF568+ZNF793+SFMBT2+BEND5+UNC5C	37	0.980429	0.995868
GSE42752	6	EYA4+ZNF568+ZNF793+SFMBT2+BEND5+RALYL	35	0.979336	0.995868
GSE42752	6	EYA4+ZNF568+ZNF793+SFMBT2+BEND5+GFRA1	39	0.980736	0.993802
GSE42752	6	EYA4+ZNF568+ZNF793+SFMBT2+UNC5C+RALYL	35	0.980594	0.993802
GSE42752	6	EYA4+ZNF568+ZNF793+SFMBT2+UNC5C+GFRA1	39	0.981480	0.993802
GSE42752	6	EYA4+ZNF568+ZNF793+SFMBT2+RALYL+GFRA1	37	0.980547	0.993802
GSE42752	6	EYA4+ZNF568+ZNF793+ADHFE1+HOXA2+BEND5	38	0.976884	1.000000
GSE42752	6	EYA4+ZNF568+ZNF793+ADHFE1+HOXA2+UNC5C	38	0.976926	0.995868
GSE42752	6	EYA4+ZNF568+ZNF793+ADHFE1+HOXA2+RALYL	36	0.977322	0.997934
GSE42752	6	EYA4+ZNF568+ZNF793+ADHFE1+HOXA2+GFRA1	40	0.977906	0.995868
GSE42752	6	EYA4+ZNF568+ZNF793+ADHFE1+BEND5+UNC5C	36	0.980057	0.997934
GSE42752	6	EYA4+ZNF568+ZNF793+ADHFE1+BEND5+RALYL	34	0.980382	1.000000
GSE42752	6	EYA4+ZNF568+ZNF793+ADHFE1+BEND5+GFRA1	38	0.981073	0.997934
GSE42752	6	EYA4+ZNF568+ZNF793+ADHFE1+UNC5C+RALYL	34	0.980582	1.000000
GSE42752	6	EYA4+ZNF568+ZNF793+ADHFE1+UNC5C+GFRA1	38	0.981014	0.995868
GSE42752	6	EYA4+ZNF568+ZNF793+ADHFE1+RALYL+GFRA1	36	0.981356	1.000000
GSE42752	6	EYA4+ZNF568+ZNF793+HOXA2+BEND5+UNC5C	37	0.974941	0.995868
GSE42752	6	EYA4+ZNF568+ZNF793+HOXA2+BEND5+RALYL	35	0.975272	0.995868
GSE42752	6	EYA4+ZNF568+ZNF793+HOXA2+BEND5+GFRA1	39	0.976489	0.995868
GSE42752	6	EYA4+ZNF568+ZNF793+HOXA2+UNC5C+RALYL	35	0.975774	0.995868
GSE42752	6	EYA4+ZNF568+ZNF793+HOXA2+UNC5C+GFRA1	39	0.976554	0.995868
GSE42752	6	EYA4+ZNF568+ZNF793+HOXA2+RALYL+GFRA1	37	0.977103	0.995868
GSE42752	6	EYA4+ZNF568+ZNF793+BEND5+UNC5C+RALYL	33	0.976022	0.993802
GSE42752	6	EYA4+ZNF568+ZNF793+BEND5+UNC5C+GFRA1	37	0.978290	0.993802
GSE42752	6	EYA4+ZNF568+ZNF793+BEND5+RALYL+GFRA1	35	0.973074	0.989669
GSE42752	6	EYA4+ZNF568+ZNF793+UNC5C+RALYL+GFRA1	35	0.978527	0.991736
GSE42752	6	EYA4+ZNF568+SFMBT2+ADHFE1+HOXA2+BEND5	39	0.977032	1.000000
GSE42752	6	EYA4+ZNF568+SFMBT2+ADHFE1+HOXA2+UNC5C	39	0.977245	0.997934
GSE42752	6	EYA4+ZNF568+SFMBT2+ADHFE1+HOXA2+RALYL	37	0.977800	0.997934
GSE42752	6	EYA4+ZNF568+SFMBT2+ADHFE1+HOXA2+GFRA1	41	0.978261	0.997934
GSE42752	6	EYA4+ZNF568+SFMBT2+ADHFE1+BEND5+UNC5C	37	0.980600	1.000000
GSE42752	6	EYA4+ZNF568+SFMBT2+ADHFE1+BEND5+RALYL	35	0.980795	1.000000
GSE42752	6	EYA4+ZNF568+SFMBT2+ADHFE1+BEND5+GFRA1	39	0.981587	1.000000
GSE42752	6	EYA4+ZNF568+SFMBT2+ADHFE1+UNC5C+RALYL	35	0.981280	1.000000
GSE42752	6	EYA4+ZNF568+SFMBT2+ADHFE1+UNC5C+GFRA1	39	0.981888	0.997934
GSE42752	6	EYA4+ZNF568+SFMBT2+ADHFE1+RALYL+GFRA1	37	0.982030	1.000000
GSE42752	6	EYA4+ZNF568+SFMBT2+HOXA2+BEND5+UNC5C	38	0.975744	0.995868
GSE42752	6	EYA4+ZNF568+SFMBT2+HOXA2+BEND5+RALYL	36	0.976441	0.995868
GSE42752	6	EYA4+ZNF568+SFMBT2+HOXA2+BEND5+GFRA1	40	0.977268	0.995868
GSE42752	6	EYA4+ZNF568+SFMBT2+HOXA2+UNC5C+RALYL	36	0.976447	0.995868
GSE42752	6	EYA4+ZNF568+SFMBT2+HOXA2+UNC5C+GFRA1	40	0.977257	0.995868
GSE42752	6	EYA4+ZNF568+SFMBT2+HOXA2+RALYL+GFRA1	38	0.977918	0.995868
GSE42752	6	EYA4+ZNF568+SFMBT2+BEND5+UNC5C+RALYL	34	0.979956	0.993802
GSE42752	6	EYA4+ZNF568+SFMBT2+BEND5+UNC5C+GFRA1	38	0.980878	0.993802
GSE42752	6	EYA4+ZNF568+SFMBT2+BEND5+RALYL+GFRA1	36	0.980163	0.993802
GSE42752	6	EYA4+ZNF568+SFMBT2+UNC5C+RALYL+GFRA1	36	0.981126	0.993802
GSE42752	6	EYA4+ZNF568+ADHFE1+HOXA2+BEND5+UNC5C	37	0.976140	0.995868
GSE42752	6	EYA4+ZNF568+ADHFE1+HOXA2+BEND5+RALYL	35	0.976760	1.000000
GSE42752	6	EYA4+ZNF568+ADHFE1+HOXA2+BEND5+GFRA1	39	0.977310	0.995868
GSE42752	6	EYA4+ZNF568+ADHFE1+HOXA2+UNC5C+RALYL	35	0.976489	0.995868
GSE42752	6	EYA4+ZNF568+ADHFE1+HOXA2+UNC5C+GFRA1	39	0.977404	0.995868
GSE42752	6	EYA4+ZNF568+ADHFE1+HOXA2+RALYL+GFRA1	37	0.977800	0.995868
GSE42752	6	EYA4+ZNF568+ADHFE1+BEND5+UNC5C+RALYL	33	0.979891	1.000000
GSE42752	6	EYA4+ZNF568+ADHFE1+BEND5+UNC5C+GFRA1	37	0.980724	0.997934
GSE42752	6	EYA4+ZNF568+ADHFE1+BEND5+RALYL+GFRA1	35	0.981096	1.000000
GSE42752	6	EYA4+ZNF568+ADHFE1+UNC5C+RALYL+GFRA1	35	0.980772	0.995868
GSE42752	6	EYA4+ZNF568+HOXA2+BEND5+UNC5C+RALYL	34	0.975301	0.995868
GSE42752	6	EYA4+ZNF568+HOXA2+BEND5+UNC5C+GFRA1	38	0.976022	0.995868
GSE42752	6	EYA4+ZNF568+HOXA2+BEND5+RALYL+GFRA1	36	0.976347	0.995868
GSE42752	6	EYA4+ZNF568+HOXA2+UNC5C+RALYL+GFRA1	36	0.976530	0.995868
GSE42752	6	EYA4+ZNF568+BEND5+UNC5C+RALYL+GFRA1	34	0.978030	0.993802
GSE42752	6	EYA4+ZNF793+SFMBT2+ADHFE1+HOXA2+BEND5	38	0.976518	1.000000
GSE42752	6	EYA4+ZNF793+SFMBT2+ADHFE1+HOXA2+UNC5C	38	0.976814	0.997934
GSE42752	6	EYA4+ZNF793+SFMBT2+ADHFE1+HOXA2+RALYL	36	0.977068	0.997934
GSE42752	6	EYA4+ZNF793+SFMBT2+ADHFE1+HOXA2+GFRA1	40	0.977481	0.997934
GSE42752	6	EYA4+ZNF793+SFMBT2+ADHFE1+BEND5+UNC5C	36	0.979998	1.000000
GSE42752	6	EYA4+ZNF793+SFMBT2+ADHFE1+BEND5+RALYL	34	0.980783	1.000000
GSE42752	6	EYA4+ZNF793+SFMBT2+ADHFE1+BEND5+GFRA1	38	0.981297	1.000000
GSE42752	6	EYA4+ZNF793+SFMBT2+ADHFE1+UNC5C+RALYL	34	0.980612	1.000000
GSE42752	6	EYA4+ZNF793+SFMBT2+ADHFE1+UNC5C+GFRA1	38	0.981085	0.997934
GSE42752	6	EYA4+ZNF793+SFMBT2+ADHFE1+RALYL+GFRA1	36	0.981841	1.000000
GSE42752	6	EYA4+ZNF793+SFMBT2+HOXA2+BEND5+UNC5C	37	0.975526	0.995868
GSE42752	6	EYA4+ZNF793+SFMBT2+HOXA2+BEND5+RALYL	35	0.975780	0.995868
GSE42752	6	EYA4+ZNF793+SFMBT2+HOXA2+BEND5+GFRA1	39	0.976695	0.995868
GSE42752	6	EYA4+ZNF793+SFMBT2+HOXA2+UNC5C+RALYL	35	0.976382	0.995868
GSE42752	6	EYA4+ZNF793+SFMBT2+HOXA2+UNC5C+GFRA1	39	0.977162	0.995868
GSE42752	6	EYA4+ZNF793+SFMBT2+HOXA2+RALYL+GFRA1	37	0.977304	0.995868
GSE42752	6	EYA4+ZNF793+SFMBT2+BEND5+UNC5C+RALYL	33	0.979448	0.993802
GSE42752	6	EYA4+ZNF793+SFMBT2+BEND5+UNC5C+GFRA1	37	0.981067	0.993802
GSE42752	6	EYA4+ZNF793+SFMBT2+BEND5+RALYL+GFRA1	35	0.980086	0.993802
GSE42752	6	EYA4+ZNF793+SFMBT2+UNC5C+RALYL+GFRA1	35	0.980990	0.993802
GSE42752	6	EYA4+ZNF793+ADHFE1+HOXA2+BEND5+UNC5C	36	0.975904	0.995868
GSE42752	6	EYA4+ZNF793+ADHFE1+HOXA2+BEND5+RALYL	34	0.976229	1.000000
GSE42752	6	EYA4+ZNF793+ADHFE1+HOXA2+BEND5+GFRA1	38	0.976973	0.995868
GSE42752	6	EYA4+ZNF793+ADHFE1+HOXA2+UNC5C+RALYL	34	0.976459	0.995868
GSE42752	6	EYA4+ZNF793+ADHFE1+HOXA2+UNC5C+GFRA1	38	0.976843	0.995868
GSE42752	6	EYA4+ZNF793+ADHFE1+HOXA2+RALYL+GFRA1	36	0.977192	0.995868
GSE42752	6	EYA4+ZNF793+ADHFE1+BEND5+UNC5C+RALYL	32	0.979383	0.997934
GSE42752	6	EYA4+ZNF793+ADHFE1+BEND5+UNC5C+GFRA1	36	0.980393	0.997934
GSE42752	6	EYA4+ZNF793+ADHFE1+BEND5+RALYL+GFRA1	34	0.980872	1.000000
GSE42752	6	EYA4+ZNF793+ADHFE1+UNC5C+RALYL+GFRA1	34	0.980506	0.995868
GSE42752	6	EYA4+ZNF793+HOXA2+BEND5+UNC5C+RALYL	33	0.974693	0.995868
GSE42752	6	EYA4+ZNF793+HOXA2+BEND5+UNC5C+GFRA1	37	0.975384	0.995868
GSE42752	6	EYA4+ZNF793+HOXA2+BEND5+RALYL+GFRA1	35	0.975809	0.995868
GSE42752	6	EYA4+ZNF793+HOXA2+UNC5C+RALYL+GFRA1	35	0.976613	0.995868
GSE42752	6	EYA4+ZNF793+BEND5+UNC5C+RALYL+GFRA1	33	0.977103	0.991736
GSE42752	6	EYA4+SFMBT2+ADHFE1+HOXA2+BEND5+UNC5C	37	0.975886	1.000000
GSE42752	6	EYA4+SFMBT2+ADHFE1+HOXA2+BEND5+RALYL	35	0.976252	1.000000
GSE42752	6	EYA4+SFMBT2+ADHFE1+HOXA2+BEND5+GFRA1	39	0.977056	1.000000
GSE42752	6	EYA4+SFMBT2+ADHFE1+HOXA2+UNC5C+RALYL	35	0.976430	0.997934
GSE42752	6	EYA4+SFMBT2+ADHFE1+HOXA2+UNC5C+GFRA1	39	0.976997	0.997934
GSE42752	6	EYA4+SFMBT2+ADHFE1+HOXA2+RALYL+GFRA1	37	0.977475	0.997934
GSE42752	6	EYA4+SFMBT2+ADHFE1+BEND5+UNC5C+RALYL	33	0.980092	1.000000
GSE42752	6	EYA4+SFMBT2+ADHFE1+BEND5+UNC5C+GFRA1	37	0.980842	1.000000
GSE42752	6	EYA4+SFMBT2+ADHFE1+BEND5+RALYL+GFRA1	35	0.981415	1.000000
GSE42752	6	EYA4+SFMBT2+ADHFE1+UNC5C+RALYL+GFRA1	35	0.980966	0.997934
GSE42752	6	EYA4+SFMBT2+HOXA2+BEND5+UNC5C+RALYL	34	0.975047	0.995868
GSE42752	6	EYA4+SFMBT2+HOXA2+BEND5+UNC5C+GFRA1	38	0.976571	0.929752
GSE42752	6	EYA4+SFMBT2+HOXA2+BEND5+RALYL+GFRA1	36	0.976831	0.995868
GSE42752	6	EYA4+SFMBT2+HOXA2+UNC5C+RALYL+GFRA1	36	0.976926	0.931818
GSE42752	6	EYA4+SFMBT2+BEND5+UNC5C+RALYL+GFRA1	34	0.980523	0.993802
GSE42752	6	EYA4+ADHFE1+HOXA2+BEND5+UNC5C+RALYL	33	0.975549	0.995868
GSE42752	6	EYA4+ADHFE1+HOXA2+BEND5+UNC5C+GFRA1	37	0.976424	0.995868
GSE42752	6	EYA4+ADHFE1+HOXA2+BEND5+RALYL+GFRA1	35	0.976825	0.995868
GSE42752	6	EYA4+ADHFE1+HOXA2+UNC5C+RALYL+GFRA1	35	0.976453	0.995868
GSE42752	6	EYA4+ADHFE1+BEND5+UNC5C+RALYL+GFRA1	33	0.980293	0.997934
GSE42752	6	EYA4+HOXA2+BEND5+UNC5C+RALYL+GFRA1	34	0.975662	0.995868
GSE42752	6	ZNF568+ZNF793+SFMBT2+ADHFE1+HOXA2+BEND5	32	0.975945	1.000000
GSE42752	6	ZNF568+ZNF793+SFMBT2+ADHFE1+HOXA2+UNC5C	32	0.976831	1.000000
GSE42752	6	ZNF568+ZNF793+SFMBT2+ADHFE1+HOXA2+RALYL	30	0.976944	1.000000
GSE42752	6	ZNF568+ZNF793+SFMBT2+ADHFE1+HOXA2+GFRA1	34	0.977558	0.997934
GSE42752	6	ZNF568+ZNF793+SFMBT2+ADHFE1+BEND5+UNC5C	30	0.980222	1.000000
GSE42752	6	ZNF568+ZNF793+SFMBT2+ADHFE1+BEND5+RALYL	28	0.980393	1.000000
GSE42752	6	ZNF568+ZNF793+SFMBT2+ADHFE1+BEND5+GFRA1	32	0.981356	1.000000
GSE42752	6	ZNF568+ZNF793+SFMBT2+ADHFE1+UNC5C+RALYL	28	0.980825	1.000000
GSE42752	6	ZNF568+ZNF793+SFMBT2+ADHFE1+UNC5C+GFRA1	32	0.981953	1.000000
GSE42752	6	ZNF568+ZNF793+SFMBT2+ADHFE1+RALYL+GFRA1	30	0.982095	1.000000
GSE42752	6	ZNF568+ZNF793+SFMBT2+HOXA2+BEND5+UNC5C	31	0.974970	0.995868
GSE42752	6	ZNF568+ZNF793+SFMBT2+HOXA2+BEND5+RALYL	29	0.974905	1.000000
GSE42752	6	ZNF568+ZNF793+SFMBT2+HOXA2+BEND5+GFRA1	33	0.975892	0.995868
GSE42752	6	ZNF568+ZNF793+SFMBT2+HOXA2+UNC5C+RALYL	29	0.975939	0.995868
GSE42752	6	ZNF568+ZNF793+SFMBT2+HOXA2+UNC5C+GFRA1	33	0.976477	0.993802
GSE42752	6	ZNF568+ZNF793+SFMBT2+HOXA2+RALYL+GFRA1	31	0.977109	0.995868
GSE42752	6	ZNF568+ZNF793+SFMBT2+BEND5+UNC5C+RALYL	27	0.979915	0.991736
GSE42752	6	ZNF568+ZNF793+SFMBT2+BEND5+UNC5C+GFRA1	31	0.980901	0.991736
GSE42752	6	ZNF568+ZNF793+SFMBT2+BEND5+RALYL+GFRA1	29	0.980210	0.991736
GSE42752	6	ZNF568+ZNF793+SFMBT2+UNC5C+RALYL+GFRA1	29	0.981226	0.983471
GSE42752	6	ZNF568+ZNF793+ADHFE1+HOXA2+BEND5+UNC5C	30	0.975591	1.000000
GSE42752	6	ZNF568+ZNF793+ADHFE1+HOXA2+BEND5+RALYL	28	0.976022	1.000000
GSE42752	6	ZNF568+ZNF793+ADHFE1+HOXA2+BEND5+GFRA1	32	0.976435	1.000000
GSE42752	6	ZNF568+ZNF793+ADHFE1+HOXA2+UNC5C+RALYL	28	0.976335	0.997934
GSE42752	6	ZNF568+ZNF793+ADHFE1+HOXA2+UNC5C+GFRA1	32	0.976790	0.997934
GSE42752	6	ZNF568+ZNF793+ADHFE1+HOXA2+RALYL+GFRA1	30	0.977416	0.997934
GSE42752	6	ZNF568+ZNF793+ADHFE1+BEND5+UNC5C+RALYL	26	0.979460	1.000000
GSE42752	6	ZNF568+ZNF793+ADHFE1+BEND5+UNC5C+GFRA1	30	0.980441	1.000000
GSE42752	6	ZNF568+ZNF793+ADHFE1+BEND5+RALYL+GFRA1	28	0.980435	1.000000
GSE42752	6	ZNF568+ZNF793+ADHFE1+UNC5C+RALYL+GFRA1	28	0.981055	1.000000
GSE42752	6	ZNF568+ZNF793+HOXA2+BEND5+UNC5C+RALYL	27	0.974321	0.995868
GSE42752	6	ZNF568+ZNF793+HOXA2+BEND5+UNC5C+GFRA1	31	0.975195	0.995868
GSE42752	6	ZNF568+ZNF793+HOXA2+BEND5+RALYL+GFRA1	29	0.975366	0.995868
GSE42752	6	ZNF568+ZNF793+HOXA2+UNC5C+RALYL+GFRA1	29	0.975975	0.993802
GSE42752	6	ZNF568+ZNF793+BEND5+UNC5C+RALYL+GFRA1	27	0.978952	0.989669
GSE42752	6	ZNF568+SFMBT2+ADHFE1+HOXA2+BEND5+UNC5C	31	0.975626	1.000000
GSE42752	6	ZNF568+SFMBT2+ADHFE1+HOXA2+BEND5+RALYL	29	0.976010	1.000000
GSE42752	6	ZNF568+SFMBT2+ADHFE1+HOXA2+BEND5+GFRA1	33	0.977115	1.000000
GSE42752	6	ZNF568+SFMBT2+ADHFE1+HOXA2+UNC5C+RALYL	29	0.976873	1.000000
GSE42752	6	ZNF568+SFMBT2+ADHFE1+HOXA2+UNC5C+GFRA1	33	0.977381	0.997934
GSE42752	6	ZNF568+SFMBT2+ADHFE1+HOXA2+RALYL+GFRA1	31	0.977954	0.997934
GSE42752	6	ZNF568+SFMBT2+ADHFE1+BEND5+UNC5C+RALYL	27	0.980151	1.000000
GSE42752	6	ZNF568+SFMBT2+ADHFE1+BEND5+UNC5C+GFRA1	31	0.981138	1.000000
GSE42752	6	ZNF568+SFMBT2+ADHFE1+BEND5+RALYL+GFRA1	29	0.981303	1.000000
GSE42752	6	ZNF568+SFMBT2+ADHFE1+UNC5C+RALYL+GFRA1	29	0.981652	1.000000
GSE42752	6	ZNF568+SFMBT2+HOXA2+BEND5+UNC5C+RALYL	28	0.975295	0.997934
GSE42752	6	ZNF568+SFMBT2+HOXA2+BEND5+UNC5C+GFRA1	32	0.976465	0.983471
GSE42752	6	ZNF568+SFMBT2+HOXA2+BEND5+RALYL+GFRA1	30	0.976814	0.995868
GSE42752	6	ZNF568+SFMBT2+HOXA2+UNC5C+RALYL+GFRA1	30	0.977103	0.991736
GSE42752	6	ZNF568+SFMBT2+BEND5+UNC5C+RALYL+GFRA1	28	0.980517	0.987603
GSE42752	6	ZNF568+ADHFE1+HOXA2+BEND5+UNC5C+RALYL	27	0.975673	1.000000
GSE42752	6	ZNF568+ADHFE1+HOXA2+BEND5+UNC5C+GFRA1	31	0.976731	1.000000
GSE42752	6	ZNF568+ADHFE1+HOXA2+BEND5+RALYL+GFRA1	29	0.976737	1.000000
GSE42752	6	ZNF568+ADHFE1+HOXA2+UNC5C+RALYL+GFRA1	29	0.977286	0.997934
GSE42752	6	ZNF568+ADHFE1+BEND5+UNC5C+RALYL+GFRA1	27	0.980376	1.000000
GSE42752	6	ZNF568+HOXA2+BEND5+UNC5C+RALYL+GFRA1	28	0.975786	0.995868
GSE42752	6	ZNF793+SFMBT2+ADHFE1+HOXA2+BEND5+UNC5C	30	0.975284	1.000000
GSE42752	6	ZNF793+SFMBT2+ADHFE1+HOXA2+BEND5+RALYL	28	0.975608	1.000000
GSE42752	6	ZNF793+SFMBT2+ADHFE1+HOXA2+BEND5+GFRA1	32	0.976548	1.000000
GSE42752	6	ZNF793+SFMBT2+ADHFE1+HOXA2+UNC5C+RALYL	28	0.976063	0.997934
GSE42752	6	ZNF793+SFMBT2+ADHFE1+HOXA2+UNC5C+GFRA1	32	0.976985	0.997934
GSE42752	6	ZNF793+SFMBT2+ADHFE1+HOXA2+RALYL+GFRA1	30	0.977375	0.997934
GSE42752	6	ZNF793+SFMBT2+ADHFE1+BEND5+UNC5C+RALYL	26	0.979395	1.000000
GSE42752	6	ZNF793+SFMBT2+ADHFE1+BEND5+UNC5C+GFRA1	30	0.980984	1.000000
GSE42752	6	ZNF793+SFMBT2+ADHFE1+BEND5+RALYL+GFRA1	28	0.981285	1.000000
GSE42752	6	ZNF793+SFMBT2+ADHFE1+UNC5C+RALYL+GFRA1	28	0.981031	1.000000
GSE42752	6	ZNF793+SFMBT2+HOXA2+BEND5+UNC5C+RALYL	27	0.974823	0.997934
GSE42752	6	ZNF793+SFMBT2+HOXA2+BEND5+UNC5C+GFRA1	31	0.975786	0.995868
GSE42752	6	ZNF793+SFMBT2+HOXA2+BEND5+RALYL+GFRA1	29	0.975963	0.995868
GSE42752	6	ZNF793+SFMBT2+HOXA2+UNC5C+RALYL+GFRA1	29	0.976884	0.991736
GSE42752	6	ZNF793+SFMBT2+BEND5+UNC5C+RALYL+GFRA1	27	0.980163	0.989669
GSE42752	6	ZNF793+ADHFE1+HOXA2+BEND5+UNC5C+RALYL	26	0.974988	1.000000
GSE42752	6	ZNF793+ADHFE1+HOXA2+BEND5+UNC5C+GFRA1	30	0.976199	0.997934
GSE42752	6	ZNF793+ADHFE1+HOXA2+BEND5+RALYL+GFRA1	28	0.976170	1.000000
GSE42752	6	ZNF793+ADHFE1+HOXA2+UNC5C+RALYL+GFRA1	28	0.976879	0.997934
GSE42752	6	ZNF793+ADHFE1+BEND5+UNC5C+RALYL+GFRA1	26	0.979720	1.000000
GSE42752	6	ZNF793+HOXA2+BEND5+UNC5C+RALYL+GFRA1	27	0.975095	0.995868
GSE42752	6	SFMBT2+ADHFE1+HOXA2+BEND5+UNC5C+RALYL	27	0.975567	1.000000
GSE42752	6	SFMBT2+ADHFE1+HOXA2+BEND5+UNC5C+GFRA1	31	0.976719	1.000000
GSE42752	6	SFMBT2+ADHFE1+HOXA2+BEND5+RALYL+GFRA1	29	0.976914	1.000000
GSE42752	6	SFMBT2+ADHFE1+HOXA2+UNC5C+RALYL+GFRA1	29	0.977032	0.995868
GSE42752	6	SFMBT2+ADHFE1+BEND5+UNC5C+RALYL+GFRA1	27	0.980949	1.000000
GSE42752	6	SFMBT2+HOXA2+BEND5+UNC5C+RALYL+GFRA1	28	0.976430	0.993802
GSE42752	6	ADHFE1+HOXA2+BEND5+UNC5C+RALYL+GFRA1	27	0.976489	1.000000
GSE42752	7	EYA4+ZNF568+ZNF793+SFMBT2+ADHFE1+HOXA2+BEND5	44	0.977115	1.000000
GSE42752	7	EYA4+ZNF568+ZNF793+SFMBT2+ADHFE1+HOXA2+UNC5C	44	0.977133	0.997934
GSE42752	7	EYA4+ZNF568+ZNF793+SFMBT2+ADHFE1+HOXA2+RALYL	42	0.977735	0.997934
GSE42752	7	EYA4+ZNF568+ZNF793+SFMBT2+ADHFE1+HOXA2+GFRA1	46	0.978137	0.997934
GSE42752	7	EYA4+ZNF568+ZNF793+SFMBT2+ADHFE1+BEND5+UNC5C	42	0.980523	1.000000
GSE42752	7	EYA4+ZNF568+ZNF793+SFMBT2+ADHFE1+BEND5+RALYL	40	0.980866	1.000000
GSE42752	7	EYA4+ZNF568+ZNF793+SFMBT2+ADHFE1+BEND5+GFRA1	44	0.981374	1.000000
GSE42752	7	EYA4+ZNF568+ZNF793+SFMBT2+ADHFE1+UNC5C+RALYL	40	0.981049	1.000000
GSE42752	7	EYA4+ZNF568+ZNF793+SFMBT2+ADHFE1+UNC5C+GFRA1	44	0.981569	1.000000
GSE42752	7	EYA4+ZNF568+ZNF793+SFMBT2+ADHFE1+RALYL+GFRA1	42	0.981841	1.000000
GSE42752	7	EYA4+ZNF568+ZNF793+SFMBT2+HOXA2+BEND5+UNC5C	43	0.975987	0.995868
GSE42752	7	EYA4+ZNF568+ZNF793+SFMBT2+HOXA2+BEND5+RALYL	41	0.976418	0.995868
GSE42752	7	EYA4+ZNF568+ZNF793+SFMBT2+HOXA2+BEND5+GFRA1	45	0.977020	0.995868
GSE42752	7	EYA4+ZNF568+ZNF793+SFMBT2+HOXA2+UNC5C+RALYL	41	0.976412	0.995868
GSE42752	7	EYA4+ZNF568+ZNF793+SFMBT2+HOXA2+UNC5C+GFRA1	45	0.977227	0.995868
GSE42752	7	EYA4+ZNF568+ZNF793+SFMBT2+HOXA2+RALYL+GFRA1	43	0.977670	0.995868
GSE42752	7	EYA4+ZNF568+ZNF793+SFMBT2+BEND5+UNC5C+RALYL	39	0.979844	0.995868
GSE42752	7	EYA4+ZNF568+ZNF793+SFMBT2+BEND5+UNC5C+GFRA1	43	0.980707	0.993802
GSE42752	7	EYA4+ZNF568+ZNF793+SFMBT2+BEND5+RALYL+GFRA1	41	0.980063	0.993802
GSE42752	7	EYA4+ZNF568+ZNF793+SFMBT2+UNC5C+RALYL+GFRA1	41	0.980901	0.993802
GSE42752	7	EYA4+ZNF568+ZNF793+ADHFE1+HOXA2+BEND5+UNC5C	42	0.976406	0.997934
GSE42752	7	EYA4+ZNF568+ZNF793+ADHFE1+HOXA2+BEND5+RALYL	40	0.976861	1.000000
GSE42752	7	EYA4+ZNF568+ZNF793+ADHFE1+HOXA2+BEND5+GFRA1	44	0.977263	0.995868
GSE42752	7	EYA4+ZNF568+ZNF793+ADHFE1+HOXA2+UNC5C+RALYL	40	0.976595	0.995868
GSE42752	7	EYA4+ZNF568+ZNF793+ADHFE1+HOXA2+UNC5C+GFRA1	44	0.977345	0.995868
GSE42752	7	EYA4+ZNF568+ZNF793+ADHFE1+HOXA2+RALYL+GFRA1	42	0.977670	0.995868
GSE42752	7	EYA4+ZNF568+ZNF793+ADHFE1+BEND5+UNC5C+RALYL	38	0.979915	1.000000
GSE42752	7	EYA4+ZNF568+ZNF793+ADHFE1+BEND5+UNC5C+GFRA1	42	0.980494	0.997934
GSE42752	7	EYA4+ZNF568+ZNF793+ADHFE1+BEND5+RALYL+GFRA1	40	0.980943	1.000000
GSE42752	7	EYA4+ZNF568+ZNF793+ADHFE1+UNC5C+RALYL+GFRA1	40	0.980872	0.995868
GSE42752	7	EYA4+ZNF568+ZNF793+HOXA2+BEND5+UNC5C+RALYL	39	0.975024	0.995868
GSE42752	7	EYA4+ZNF568+ZNF793+HOXA2+BEND5+UNC5C+GFRA1	43	0.975892	0.995868
GSE42752	7	EYA4+ZNF568+ZNF793+HOXA2+BEND5+RALYL+GFRA1	41	0.976176	0.995868
GSE42752	7	EYA4+ZNF568+ZNF793+HOXA2+UNC5C+RALYL+GFRA1	41	0.976335	0.995868
GSE42752	7	EYA4+ZNF568+ZNF793+BEND5+UNC5C+RALYL+GFRA1	39	0.977723	0.993802
GSE42752	7	EYA4+ZNF568+SFMBT2+ADHFE1+HOXA2+BEND5+UNC5C	43	0.976258	1.000000
GSE42752	7	EYA4+ZNF568+SFMBT2+ADHFE1+HOXA2+BEND5+RALYL	41	0.977073	1.000000
GSE42752	7	EYA4+ZNF568+SFMBT2+ADHFE1+HOXA2+BEND5+GFRA1	45	0.977717	1.000000
GSE42752	7	EYA4+ZNF568+SFMBT2+ADHFE1+HOXA2+UNC5C+RALYL	41	0.977032	0.997934
GSE42752	7	EYA4+ZNF568+SFMBT2+ADHFE1+HOXA2+UNC5C+GFRA1	45	0.977658	0.997934
GSE42752	7	EYA4+ZNF568+SFMBT2+ADHFE1+HOXA2+RALYL+GFRA1	43	0.978149	0.997934
GSE42752	7	EYA4+ZNF568+SFMBT2+ADHFE1+BEND5+UNC5C+RALYL	39	0.980252	1.000000
GSE42752	7	EYA4+ZNF568+SFMBT2+ADHFE1+BEND5+UNC5C+GFRA1	43	0.981026	1.000000
GSE42752	7	EYA4+ZNF568+SFMBT2+ADHFE1+BEND5+RALYL+GFRA1	41	0.981303	1.000000
GSE42752	7	EYA4+ZNF568+SFMBT2+ADHFE1+UNC5C+RALYL+GFRA1	41	0.981463	0.997934
GSE42752	7	EYA4+ZNF568+SFMBT2+HOXA2+BEND5+UNC5C+RALYL	40	0.975230	0.995868
GSE42752	7	EYA4+ZNF568+SFMBT2+HOXA2+BEND5+UNC5C+GFRA1	44	0.976672	0.995868
GSE42752	7	EYA4+ZNF568+SFMBT2+HOXA2+BEND5+RALYL+GFRA1	42	0.977138	0.995868
GSE42752	7	EYA4+ZNF568+SFMBT2+HOXA2+UNC5C+RALYL+GFRA1	42	0.977274	0.995868
GSE42752	7	EYA4+ZNF568+SFMBT2+BEND5+UNC5C+RALYL+GFRA1	40	0.980346	0.993802
GSE42752	7	EYA4+ZNF568+ADHFE1+HOXA2+BEND5+UNC5C+RALYL	39	0.976205	0.995868
GSE42752	7	EYA4+ZNF568+ADHFE1+HOXA2+BEND5+UNC5C+GFRA1	43	0.976855	0.995868
GSE42752	7	EYA4+ZNF568+ADHFE1+HOXA2+BEND5+RALYL+GFRA1	41	0.977174	0.995868
GSE42752	7	EYA4+ZNF568+ADHFE1+HOXA2+UNC5C+RALYL+GFRA1	41	0.977345	0.995868
GSE42752	7	EYA4+ZNF568+ADHFE1+BEND5+UNC5C+RALYL+GFRA1	39	0.980642	0.997934
GSE42752	7	EYA4+ZNF568+HOXA2+BEND5+UNC5C+RALYL+GFRA1	40	0.975868	0.995868
GSE42752	7	EYA4+ZNF793+SFMBT2+ADHFE1+HOXA2+BEND5+UNC5C	42	0.976205	1.000000
GSE42752	7	EYA4+ZNF793+SFMBT2+ADHFE1+HOXA2+BEND5+RALYL	40	0.976306	1.000000
GSE42752	7	EYA4+ZNF793+SFMBT2+ADHFE1+HOXA2+BEND5+GFRA1	44	0.977168	1.000000
GSE42752	7	EYA4+ZNF793+SFMBT2+ADHFE1+HOXA2+UNC5C+RALYL	40	0.976495	0.997934
GSE42752	7	EYA4+ZNF793+SFMBT2+ADHFE1+HOXA2+UNC5C+GFRA1	44	0.976890	0.997934
GSE42752	7	EYA4+ZNF793+SFMBT2+ADHFE1+HOXA2+RALYL+GFRA1	42	0.977333	0.997934
GSE42752	7	EYA4+ZNF793+SFMBT2+ADHFE1+BEND5+UNC5C+RALYL	38	0.980069	1.000000
GSE42752	7	EYA4+ZNF793+SFMBT2+ADHFE1+BEND5+UNC5C+GFRA1	42	0.980766	1.000000
GSE42752	7	EYA4+ZNF793+SFMBT2+ADHFE1+BEND5+RALYL+GFRA1	40	0.981350	1.000000
GSE42752	7	EYA4+ZNF793+SFMBT2+ADHFE1+UNC5C+RALYL+GFRA1	40	0.981020	0.997934
GSE42752	7	EYA4+ZNF793+SFMBT2+HOXA2+BEND5+UNC5C+RALYL	39	0.975148	0.995868
GSE42752	7	EYA4+ZNF793+SFMBT2+HOXA2+BEND5+UNC5C+GFRA1	43	0.976170	0.995868
GSE42752	7	EYA4+ZNF793+SFMBT2+HOXA2+BEND5+RALYL+GFRA1	41	0.976790	0.995868
GSE42752	7	EYA4+ZNF793+SFMBT2+HOXA2+UNC5C+RALYL+GFRA1	41	0.977192	0.995868
GSE42752	7	EYA4+ZNF793+SFMBT2+BEND5+UNC5C+RALYL+GFRA1	39	0.980275	0.993802
GSE42752	7	EYA4+ZNF793+ADHFE1+HOXA2+BEND5+UNC5C+RALYL	38	0.975733	0.995868
GSE42752	7	EYA4+ZNF793+ADHFE1+HOXA2+BEND5+UNC5C+GFRA1	42	0.976418	0.995868
GSE42752	7	EYA4+ZNF793+ADHFE1+HOXA2+BEND5+RALYL+GFRA1	40	0.976914	0.995868
GSE42752	7	EYA4+ZNF793+ADHFE1+HOXA2+UNC5C+RALYL+GFRA1	40	0.976524	0.995868
GSE42752	7	EYA4+ZNF793+ADHFE1+BEND5+UNC5C+RALYL+GFRA1	38	0.980464	0.997934
GSE42752	7	EYA4+ZNF793+HOXA2+BEND5+UNC5C+RALYL+GFRA1	39	0.975331	0.995868
GSE42752	7	EYA4+SFMBT2+ADHFE1+HOXA2+BEND5+UNC5C+RALYL	39	0.975815	1.000000
GSE42752	7	EYA4+SFMBT2+ADHFE1+HOXA2+BEND5+UNC5C+GFRA1	43	0.976619	0.997934
GSE42752	7	EYA4+SFMBT2+ADHFE1+HOXA2+BEND5+RALYL+GFRA1	41	0.977121	0.997934
GSE42752	7	EYA4+SFMBT2+ADHFE1+HOXA2+UNC5C+RALYL+GFRA1	41	0.976784	0.997934
GSE42752	7	EYA4+SFMBT2+ADHFE1+BEND5+UNC5C+RALYL+GFRA1	39	0.980789	1.000000
GSE42752	7	EYA4+SFMBT2+HOXA2+BEND5+UNC5C+RALYL+GFRA1	40	0.976252	0.995868
GSE42752	7	EYA4+ADHFE1+HOXA2+BEND5+UNC5C+RALYL+GFRA1	39	0.976199	0.995868
GSE42752	7	ZNF568+ZNF793+SFMBT2+ADHFE1+HOXA2+BEND5+UNC5C	36	0.975727	1.000000
GSE42752	7	ZNF568+ZNF793+SFMBT2+ADHFE1+HOXA2+BEND5+RALYL	34	0.976063	1.000000
GSE42752	7	ZNF568+ZNF793+SFMBT2+ADHFE1+HOXA2+BEND5+GFRA1	38	0.976672	1.000000
GSE42752	7	ZNF568+ZNF793+SFMBT2+ADHFE1+HOXA2+UNC5C+RALYL	34	0.976678	1.000000
GSE42752	7	ZNF568+ZNF793+SFMBT2+ADHFE1+HOXA2+UNC5C+GFRA1	38	0.977079	0.997934
GSE42752	7	ZNF568+ZNF793+SFMBT2+ADHFE1+HOXA2+RALYL+GFRA1	36	0.977564	0.997934
GSE42752	7	ZNF568+ZNF793+SFMBT2+ADHFE1+BEND5+UNC5C+RALYL	32	0.980328	1.000000
GSE42752	7	ZNF568+ZNF793+SFMBT2+ADHFE1+BEND5+UNC5C+GFRA1	36	0.981102	1.000000
GSE42752	7	ZNF568+ZNF793+SFMBT2+ADHFE1+BEND5+RALYL+GFRA1	34	0.981268	1.000000
GSE42752	7	ZNF568+ZNF793+SFMBT2+ADHFE1+UNC5C+RALYL+GFRA1	34	0.981770	1.000000
GSE42752	7	ZNF568+ZNF793+SFMBT2+HOXA2+BEND5+UNC5C+RALYL	33	0.975154	0.997934
GSE42752	7	ZNF568+ZNF793+SFMBT2+HOXA2+BEND5+UNC5C+GFRA1	37	0.975916	0.995868
GSE42752	7	ZNF568+ZNF793+SFMBT2+HOXA2+BEND5+RALYL+GFRA1	35	0.976158	0.995868
GSE42752	7	ZNF568+ZNF793+SFMBT2+HOXA2+UNC5C+RALYL+GFRA1	35	0.976955	0.993802
GSE42752	7	ZNF568+ZNF793+SFMBT2+BEND5+UNC5C+RALYL+GFRA1	33	0.980092	0.991736
GSE42752	7	ZNF568+ZNF793+ADHFE1+HOXA2+BEND5+UNC5C+RALYL	32	0.975597	1.000000
GSE42752	7	ZNF568+ZNF793+ADHFE1+HOXA2+BEND5+UNC5C+GFRA1	36	0.976306	1.000000
GSE42752	7	ZNF568+ZNF793+ADHFE1+HOXA2+BEND5+RALYL+GFRA1	34	0.976453	1.000000
GSE42752	7	ZNF568+ZNF793+ADHFE1+HOXA2+UNC5C+RALYL+GFRA1	34	0.977162	0.997934
GSE42752	7	ZNF568+ZNF793+ADHFE1+BEND5+UNC5C+RALYL+GFRA1	32	0.980370	1.000000
GSE42752	7	ZNF568+ZNF793+HOXA2+BEND5+UNC5C+RALYL+GFRA1	33	0.975242	0.995868
GSE42752	7	ZNF568+SFMBT2+ADHFE1+HOXA2+BEND5+UNC5C+RALYL	33	0.975762	1.000000
GSE42752	7	ZNF568+SFMBT2+ADHFE1+HOXA2+BEND5+UNC5C+GFRA1	37	0.976625	1.000000
GSE42752	7	ZNF568+SFMBT2+ADHFE1+HOXA2+BEND5+RALYL+GFRA1	35	0.977227	1.000000
GSE42752	7	ZNF568+SFMBT2+ADHFE1+HOXA2+UNC5C+RALYL+GFRA1	35	0.977481	0.997934
GSE42752	7	ZNF568+SFMBT2+ADHFE1+BEND5+UNC5C+RALYL+GFRA1	33	0.980748	1.000000
GSE42752	7	ZNF568+SFMBT2+HOXA2+BEND5+UNC5C+RALYL+GFRA1	34	0.976435	0.995868
GSE42752	7	ZNF568+ADHFE1+HOXA2+BEND5+UNC5C+RALYL+GFRA1	33	0.976713	1.000000
GSE42752	7	ZNF793+SFMBT2+ADHFE1+HOXA2+BEND5+UNC5C+RALYL	32	0.975171	1.000000
GSE42752	7	ZNF793+SFMBT2+ADHFE1+HOXA2+BEND5+UNC5C+GFRA1	36	0.976500	1.000000
GSE42752	7	ZNF793+SFMBT2+ADHFE1+HOXA2+BEND5+RALYL+GFRA1	34	0.976743	1.000000
GSE42752	7	ZNF793+SFMBT2+ADHFE1+HOXA2+UNC5C+RALYL+GFRA1	34	0.976908	0.997934
GSE42752	7	ZNF793+SFMBT2+ADHFE1+BEND5+UNC5C+RALYL+GFRA1	32	0.981043	1.000000
GSE42752	7	ZNF793+SFMBT2+HOXA2+BEND5+UNC5C+RALYL+GFRA1	33	0.975715	0.995868
GSE42752	7	ZNF793+ADHFE1+HOXA2+BEND5+UNC5C+RALYL+GFRA1	32	0.976311	1.000000
GSE42752	7	SFMBT2+ADHFE1+HOXA2+BEND5+UNC5C+RALYL+GFRA1	33	0.976737	1.000000
GSE42752	8	EYA4+ZNF568+ZNF793+SFMBT2+ADHFE1+HOXA2+BEND5+UNC5C	48	0.976459	1.000000
GSE42752	8	EYA4+ZNF568+ZNF793+SFMBT2+ADHFE1+HOXA2+BEND5+RALYL	46	0.977109	1.000000
GSE42752	8	EYA4+ZNF568+ZNF793+SFMBT2+ADHFE1+HOXA2+BEND5+GFRA1	50	0.977564	1.000000
GSE42752	8	EYA4+ZNF568+ZNF793+SFMBT2+ADHFE1+HOXA2+UNC5C+RALYL	46	0.976973	0.997934
GSE42752	8	EYA4+ZNF568+ZNF793+SFMBT2+ADHFE1+HOXA2+UNC5C+GFRA1	50	0.977546	0.997934
GSE42752	8	EYA4+ZNF568+ZNF793+SFMBT2+ADHFE1+HOXA2+RALYL+GFRA1	48	0.977948	0.997934
GSE42752	8	EYA4+ZNF568+ZNF793+SFMBT2+ADHFE1+BEND5+UNC5C+RALYL	44	0.980246	1.000000
GSE42752	8	EYA4+ZNF568+ZNF793+SFMBT2+ADHFE1+BEND5+UNC5C+GFRA1	48	0.980919	1.000000
GSE42752	8	EYA4+ZNF568+ZNF793+SFMBT2+ADHFE1+BEND5+RALYL+GFRA1	46	0.981309	1.000000
GSE42752	8	EYA4+ZNF568+ZNF793+SFMBT2+ADHFE1+UNC5C+RALYL+GFRA1	46	0.981327	0.997934
GSE42752	8	EYA4+ZNF568+ZNF793+SFMBT2+HOXA2+BEND5+UNC5C+RALYL	45	0.975508	0.995868
GSE42752	8	EYA4+ZNF568+ZNF793+SFMBT2+HOXA2+BEND5+UNC5C+GFRA1	49	0.976435	0.995868
GSE42752	8	EYA4+ZNF568+ZNF793+SFMBT2+HOXA2+BEND5+RALYL+GFRA1	47	0.977026	0.995868
GSE42752	8	EYA4+ZNF568+ZNF793+SFMBT2+HOXA2+UNC5C+RALYL+GFRA1	47	0.977180	0.995868
GSE42752	8	EYA4+ZNF568+ZNF793+SFMBT2+BEND5+UNC5C+RALYL+GFRA1	45	0.980323	0.993802
GSE42752	8	EYA4+ZNF568+ZNF793+ADHFE1+HOXA2+BEND5+UNC5C+RALYL	44	0.976246	0.995868
GSE42752	8	EYA4+ZNF568+ZNF793+ADHFE1+HOXA2+BEND5+UNC5C+GFRA1	48	0.976861	0.995868
GSE42752	8	EYA4+ZNF568+ZNF793+ADHFE1+HOXA2+BEND5+RALYL+GFRA1	46	0.977180	0.995868
GSE42752	8	EYA4+ZNF568+ZNF793+ADHFE1+HOXA2+UNC5C+RALYL+GFRA1	46	0.977227	0.995868
GSE42752	8	EYA4+ZNF568+ZNF793+ADHFE1+BEND5+UNC5C+RALYL+GFRA1	44	0.980488	0.997934
GSE42752	8	EYA4+ZNF568+ZNF793+HOXA2+BEND5+UNC5C+RALYL+GFRA1	45	0.975721	0.995868
GSE42752	8	EYA4+ZNF568+SFMBT2+ADHFE1+HOXA2+BEND5+UNC5C+RALYL	45	0.976276	1.000000
GSE42752	8	EYA4+ZNF568+SFMBT2+ADHFE1+HOXA2+BEND5+UNC5C+GFRA1	49	0.976997	0.997934
GSE42752	8	EYA4+ZNF568+SFMBT2+ADHFE1+HOXA2+BEND5+RALYL+GFRA1	47	0.977446	1.000000
GSE42752	8	EYA4+ZNF568+SFMBT2+ADHFE1+HOXA2+UNC5C+RALYL+GFRA1	47	0.977522	0.997934
GSE42752	8	EYA4+ZNF568+SFMBT2+ADHFE1+BEND5+UNC5C+RALYL+GFRA1	45	0.980955	1.000000
GSE42752	8	EYA4+ZNF568+SFMBT2+HOXA2+BEND5+UNC5C+RALYL+GFRA1	46	0.976152	0.995868
GSE42752	8	EYA4+ZNF568+ADHFE1+HOXA2+BEND5+UNC5C+RALYL+GFRA1	45	0.976625	0.995868
GSE42752	8	EYA4+ZNF793+SFMBT2+ADHFE1+HOXA2+BEND5+UNC5C+RALYL	44	0.975998	1.000000
GSE42752	8	EYA4+ZNF793+SFMBT2+ADHFE1+HOXA2+BEND5+UNC5C+GFRA1	48	0.976719	0.997934
GSE42752	8	EYA4+ZNF793+SFMBT2+ADHFE1+HOXA2+BEND5+RALYL+GFRA1	46	0.977044	1.000000
GSE42752	8	EYA4+ZNF793+SFMBT2+ADHFE1+HOXA2+UNC5C+RALYL+GFRA1	46	0.976784	0.997934
GSE42752	8	EYA4+ZNF793+SFMBT2+ADHFE1+BEND5+UNC5C+RALYL+GFRA1	44	0.980642	1.000000
GSE42752	8	EYA4+ZNF793+SFMBT2+HOXA2+BEND5+UNC5C+RALYL+GFRA1	45	0.976087	0.995868
GSE42752	8	EYA4+ZNF793+ADHFE1+HOXA2+BEND5+UNC5C+RALYL+GFRA1	44	0.976087	0.995868
GSE42752	8	EYA4+SFMBT2+ADHFE1+HOXA2+BEND5+UNC5C+RALYL+GFRA1	45	0.976388	0.997934
GSE42752	8	ZNF568+ZNF793+SFMBT2+ADHFE1+HOXA2+BEND5+UNC5C+RALYL	38	0.975951	1.000000
GSE42752	8	ZNF568+ZNF793+SFMBT2+ADHFE1+HOXA2+BEND5+UNC5C+GFRA1	42	0.976495	1.000000
GSE42752	8	ZNF568+ZNF793+SFMBT2+ADHFE1+HOXA2+BEND5+RALYL+GFRA1	40	0.977038	1.000000
GSE42752	8	ZNF568+ZNF793+SFMBT2+ADHFE1+HOXA2+UNC5C+RALYL+GFRA1	40	0.977239	0.997934
GSE42752	8	ZNF568+ZNF793+SFMBT2+ADHFE1+BEND5+UNC5C+RALYL+GFRA1	38	0.980754	1.000000
GSE42752	8	ZNF568+ZNF793+SFMBT2+HOXA2+BEND5+UNC5C+RALYL+GFRA1	39	0.975478	0.995868
GSE42752	8	ZNF568+ZNF793+ADHFE1+HOXA2+BEND5+UNC5C+RALYL+GFRA1	38	0.976306	1.000000
GSE42752	8	ZNF568+SFMBT2+ADHFE1+HOXA2+BEND5+UNC5C+RALYL+GFRA1	39	0.976701	1.000000
GSE42752	8	ZNF793+SFMBT2+ADHFE1+HOXA2+BEND5+UNC5C+RALYL+GFRA1	38	0.976560	1.000000
GSE42752	9	EYA4+ZNF568+ZNF793+SFMBT2+ADHFE1+HOXA2+BEND5+UNC5C+RALYL	50	0.976388	1.000000
GSE42752	9	EYA4+ZNF568+ZNF793+SFMBT2+ADHFE1+HOXA2+BEND5+UNC5C+GFRA1	54	0.977221	0.997934
GSE42752	9	EYA4+ZNF568+ZNF793+SFMBT2+ADHFE1+HOXA2+BEND5+RALYL+GFRA1	52	0.977493	1.000000
GSE42752	9	EYA4+ZNF568+ZNF793+SFMBT2+ADHFE1+HOXA2+UNC5C+RALYL+GFRA1	52	0.977398	0.997934
GSE42752	9	EYA4+ZNF568+ZNF793+SFMBT2+ADHFE1+BEND5+UNC5C+RALYL+GFRA1	50	0.980872	1.000000
GSE42752	9	EYA4+ZNF568+ZNF793+SFMBT2+HOXA2+BEND5+UNC5C+RALYL+GFRA1	51	0.976099	0.995868
GSE42752	9	EYA4+ZNF568+ZNF793+ADHFE1+HOXA2+BEND5+UNC5C+RALYL+GFRA1	50	0.976743	0.995868
GSE42752	9	EYA4+ZNF568+SFMBT2+ADHFE1+HOXA2+BEND5+UNC5C+RALYL+GFRA1	51	0.976932	0.997934
GSE42752	9	EYA4+ZNF793+SFMBT2+ADHFE1+HOXA2+BEND5+UNC5C+RALYL+GFRA1	50	0.976300	0.997934
GSE42752	9	ZNF568+ZNF793+SFMBT2+ADHFE1+HOXA2+BEND5+UNC5C+RALYL+GFRA1	44	0.976441	1.000000
GSE42752	10	EYA4+ZNF568+ZNF793+SFMBT2+ADHFE1+HOXA2+BEND5+UNC5C+RALYL+GFRA1	56	0.977127	0.997934
