cohort	gene	location	selection	scope	n_registered	n_present	n_absent	n_masked_registered	n_masked_present	n_insufficient_present	n_analyzed	min_complete_pairs	max_complete_pairs	median_delta_pp	q25_delta_pp	q75_delta_pp	min_delta_pp	max_delta_pp	n_positive	n_negative	n_zero	n_positive_q391_lt_005	n_negative_q391_lt_005	median_ci_low_pp	median_ci_high_pp	bootstrap_valid	summary_type
CMCBSN	ALL	all_locations	selected	all_measured_descriptive	77	56	21	2	2	0	56	103	103	27.136280530182297	24.593415256207514	29.248041039194465	18.186807542544955	39.79518147704383	56	0	0	54	0			0	distribution of individual CpG effects; not gene-level test
CMCBSN	ALL	all_locations	selected	annotation_unmasked	77	56	21	2	2	0	54	103	103	27.074438583239427	24.418404419378568	28.19332096130894	18.186807542544955	39.79518147704383	54	0	0	54	0	23.91300254556635	30.240891276876614	2000	distribution of individual CpG effects; not gene-level test
CMCBSN	ALL	promoter	selected	all_measured_descriptive	67	48	19	2	2	0	48	103	103	27.192961510165098	25.250562114445323	29.690157319932077	18.186807542544955	39.79518147704383	48	0	0	46	0			0	distribution of individual CpG effects; not gene-level test
CMCBSN	ALL	promoter	selected	annotation_unmasked	67	48	19	2	2	0	46	103	103	27.136280530182297	24.637453372124504	28.923203221804265	18.186807542544955	39.79518147704383	46	0	0	46	0	23.824146013977703	30.618633979962684	2000	distribution of individual CpG effects; not gene-level test
CMCBSN	ALL	body	selected	all_measured_descriptive	8	7	1	0	0	0	7	103	103	26.069070745035923	25.01942977856249	27.436858224871706	20.61078882582122	29.519730240080477	7	0	0	7	0			0	distribution of individual CpG effects; not gene-level test
CMCBSN	ALL	body	selected	annotation_unmasked	8	7	1	0	0	0	7	103	103	26.069070745035923	25.01942977856249	27.436858224871706	20.61078882582122	29.519730240080477	7	0	0	7	0	23.25387799836317	28.742341299554386	2000	distribution of individual CpG effects; not gene-level test
CMCBSN	ALL	other	selected	all_measured_descriptive	2	1	1	0	0	0	1	103	103	20.677522385111498	20.677522385111498	20.677522385111498	20.677522385111498	20.677522385111498	1	0	0	1	0			0	distribution of individual CpG effects; not gene-level test
CMCBSN	ALL	other	selected	annotation_unmasked	2	1	1	0	0	0	1	103	103	20.677522385111498	20.677522385111498	20.677522385111498	20.677522385111498	20.677522385111498	1	0	0	1	0	17.331944314345183	24.09388448933277	2000	distribution of individual CpG effects; not gene-level test
CMCBSN	EYA4	all_locations	selected	all_measured_descriptive	17	12	5	0	0	0	12	103	103	27.237319383235388	26.19115930502896	28.0334739463825	21.768208315892114	29.806245219633322	12	0	0	12	0			0	distribution of individual CpG effects; not gene-level test
CMCBSN	EYA4	all_locations	selected	annotation_unmasked	17	12	5	0	0	0	12	103	103	27.237319383235388	26.19115930502896	28.0334739463825	21.768208315892114	29.806245219633322	12	0	0	12	0	24.03215422208435	30.574990968090518	2000	distribution of individual CpG effects; not gene-level test
CMCBSN	EYA4	promoter	selected	all_measured_descriptive	17	12	5	0	0	0	12	103	103	27.237319383235388	26.19115930502896	28.0334739463825	21.768208315892114	29.806245219633322	12	0	0	12	0			0	distribution of individual CpG effects; not gene-level test
CMCBSN	EYA4	promoter	selected	annotation_unmasked	17	12	5	0	0	0	12	103	103	27.237319383235388	26.19115930502896	28.0334739463825	21.768208315892114	29.806245219633322	12	0	0	12	0	24.03215422208435	30.574990968090518	2000	distribution of individual CpG effects; not gene-level test
CMCBSN	EYA4	body	selected	all_measured_descriptive	0	0	0	0	0	0	0	0	0						0	0	0	0	0			0	distribution of individual CpG effects; not gene-level test
CMCBSN	EYA4	body	selected	annotation_unmasked	0	0	0	0	0	0	0	0	0						0	0	0	0	0			0	distribution of individual CpG effects; not gene-level test
CMCBSN	EYA4	other	selected	all_measured_descriptive	0	0	0	0	0	0	0	0	0						0	0	0	0	0			0	distribution of individual CpG effects; not gene-level test
CMCBSN	EYA4	other	selected	annotation_unmasked	0	0	0	0	0	0	0	0	0						0	0	0	0	0			0	distribution of individual CpG effects; not gene-level test
CMCBSN	ZNF568	all_locations	selected	all_measured_descriptive	8	6	2	1	1	0	6	103	103	27.035837473521635	24.423035032928002	27.880825320890544	20.677522385111498	30.741671299322636	6	0	0	5	0			0	distribution of individual CpG effects; not gene-level test
CMCBSN	ZNF568	all_locations	selected	annotation_unmasked	8	6	2	1	1	0	5	103	103	26.880191913512842	23.603982739399722	27.191483033530428	20.677522385111498	28.110606083343914	5	0	0	5	0	22.256237249992672	30.522433263634774	2000	distribution of individual CpG effects; not gene-level test
CMCBSN	ZNF568	promoter	selected	all_measured_descriptive	6	5	1	1	1	0	5	103	103	27.191483033530428	26.880191913512842	28.110606083343914	23.603982739399722	30.741671299322636	5	0	0	4	0			0	distribution of individual CpG effects; not gene-level test
CMCBSN	ZNF568	promoter	selected	annotation_unmasked	6	5	1	1	1	0	4	103	103	27.035837473521635	26.061139619984562	27.421263795983798	23.603982739399722	28.110606083343914	4	0	0	4	0	22.841274727392893	31.03541374688711	2000	distribution of individual CpG effects; not gene-level test
CMCBSN	ZNF568	body	selected	all_measured_descriptive	0	0	0	0	0	0	0	0	0						0	0	0	0	0			0	distribution of individual CpG effects; not gene-level test
CMCBSN	ZNF568	body	selected	annotation_unmasked	0	0	0	0	0	0	0	0	0						0	0	0	0	0			0	distribution of individual CpG effects; not gene-level test
CMCBSN	ZNF568	other	selected	all_measured_descriptive	2	1	1	0	0	0	1	103	103	20.677522385111498	20.677522385111498	20.677522385111498	20.677522385111498	20.677522385111498	1	0	0	1	0			0	distribution of individual CpG effects; not gene-level test
CMCBSN	ZNF568	other	selected	annotation_unmasked	2	1	1	0	0	0	1	103	103	20.677522385111498	20.677522385111498	20.677522385111498	20.677522385111498	20.677522385111498	1	0	0	1	0	17.331944314345183	24.09388448933277	2000	distribution of individual CpG effects; not gene-level test
CMCBSN	ZNF793	all_locations	selected	all_measured_descriptive	8	5	3	0	0	0	5	103	103	21.367736943401855	19.99219743579175	24.33089900096409	18.85479968373723	26.665741681873556	5	0	0	5	0			0	distribution of individual CpG effects; not gene-level test
CMCBSN	ZNF793	all_locations	selected	annotation_unmasked	8	5	3	0	0	0	5	103	103	21.367736943401855	19.99219743579175	24.33089900096409	18.85479968373723	26.665741681873556	5	0	0	5	0	17.268870680470233	25.712396831968025	2000	distribution of individual CpG effects; not gene-level test
CMCBSN	ZNF793	promoter	selected	all_measured_descriptive	8	5	3	0	0	0	5	103	103	21.367736943401855	19.99219743579175	24.33089900096409	18.85479968373723	26.665741681873556	5	0	0	5	0			0	distribution of individual CpG effects; not gene-level test
CMCBSN	ZNF793	promoter	selected	annotation_unmasked	8	5	3	0	0	0	5	103	103	21.367736943401855	19.99219743579175	24.33089900096409	18.85479968373723	26.665741681873556	5	0	0	5	0	17.268870680470233	25.712396831968025	2000	distribution of individual CpG effects; not gene-level test
CMCBSN	ZNF793	body	selected	all_measured_descriptive	0	0	0	0	0	0	0	0	0						0	0	0	0	0			0	distribution of individual CpG effects; not gene-level test
CMCBSN	ZNF793	body	selected	annotation_unmasked	0	0	0	0	0	0	0	0	0						0	0	0	0	0			0	distribution of individual CpG effects; not gene-level test
CMCBSN	ZNF793	other	selected	all_measured_descriptive	0	0	0	0	0	0	0	0	0						0	0	0	0	0			0	distribution of individual CpG effects; not gene-level test
CMCBSN	ZNF793	other	selected	annotation_unmasked	0	0	0	0	0	0	0	0	0						0	0	0	0	0			0	distribution of individual CpG effects; not gene-level test
CMCBSN	SFMBT2	all_locations	selected	all_measured_descriptive	8	6	2	0	0	0	6	103	103	27.755100293998822	26.98126021950878	29.360334282111797	20.913035636298957	32.27644536918699	6	0	0	6	0			0	distribution of individual CpG effects; not gene-level test
CMCBSN	SFMBT2	all_locations	selected	annotation_unmasked	8	6	2	0	0	0	6	103	103	27.755100293998822	26.98126021950878	29.360334282111797	20.913035636298957	32.27644536918699	6	0	0	6	0	24.270043265267194	31.455044047022863	2000	distribution of individual CpG effects; not gene-level test
CMCBSN	SFMBT2	promoter	selected	all_measured_descriptive	8	6	2	0	0	0	6	103	103	27.755100293998822	26.98126021950878	29.360334282111797	20.913035636298957	32.27644536918699	6	0	0	6	0			0	distribution of individual CpG effects; not gene-level test
CMCBSN	SFMBT2	promoter	selected	annotation_unmasked	8	6	2	0	0	0	6	103	103	27.755100293998822	26.98126021950878	29.360334282111797	20.913035636298957	32.27644536918699	6	0	0	6	0	24.270043265267194	31.455044047022863	2000	distribution of individual CpG effects; not gene-level test
CMCBSN	SFMBT2	body	selected	all_measured_descriptive	0	0	0	0	0	0	0	0	0						0	0	0	0	0			0	distribution of individual CpG effects; not gene-level test
CMCBSN	SFMBT2	body	selected	annotation_unmasked	0	0	0	0	0	0	0	0	0						0	0	0	0	0			0	distribution of individual CpG effects; not gene-level test
CMCBSN	SFMBT2	other	selected	all_measured_descriptive	0	0	0	0	0	0	0	0	0						0	0	0	0	0			0	distribution of individual CpG effects; not gene-level test
CMCBSN	SFMBT2	other	selected	annotation_unmasked	0	0	0	0	0	0	0	0	0						0	0	0	0	0			0	distribution of individual CpG effects; not gene-level test
CMCBSN	ADHFE1	all_locations	selected	all_measured_descriptive	8	5	3	0	0	0	5	103	103	34.46553895557546	32.81181743318345	38.006378330278885	27.32173530876455	39.79518147704383	5	0	0	5	0			0	distribution of individual CpG effects; not gene-level test
CMCBSN	ADHFE1	all_locations	selected	annotation_unmasked	8	5	3	0	0	0	5	103	103	34.46553895557546	32.81181743318345	38.006378330278885	27.32173530876455	39.79518147704383	5	0	0	5	0	30.72855200844702	38.194075433566915	2000	distribution of individual CpG effects; not gene-level test
CMCBSN	ADHFE1	promoter	selected	all_measured_descriptive	7	4	3	0	0	0	4	103	103	36.23595864292717	34.05210857497746	38.45357911697012	32.81181743318345	39.79518147704383	4	0	0	4	0			0	distribution of individual CpG effects; not gene-level test
CMCBSN	ADHFE1	promoter	selected	annotation_unmasked	7	4	3	0	0	0	4	103	103	36.23595864292717	34.05210857497746	38.45357911697012	32.81181743318345	39.79518147704383	4	0	0	4	0	32.423801709748716	39.98373049268964	2000	distribution of individual CpG effects; not gene-level test
CMCBSN	ADHFE1	body	selected	all_measured_descriptive	1	1	0	0	0	0	1	103	103	27.32173530876455	27.32173530876455	27.32173530876455	27.32173530876455	27.32173530876455	1	0	0	1	0			0	distribution of individual CpG effects; not gene-level test
CMCBSN	ADHFE1	body	selected	annotation_unmasked	1	1	0	0	0	0	1	103	103	27.32173530876455	27.32173530876455	27.32173530876455	27.32173530876455	27.32173530876455	1	0	0	1	0	24.16972835398476	30.321752660447572	2000	distribution of individual CpG effects; not gene-level test
CMCBSN	ADHFE1	other	selected	all_measured_descriptive	0	0	0	0	0	0	0	0	0						0	0	0	0	0			0	distribution of individual CpG effects; not gene-level test
CMCBSN	ADHFE1	other	selected	annotation_unmasked	0	0	0	0	0	0	0	0	0						0	0	0	0	0			0	distribution of individual CpG effects; not gene-level test
CMCBSN	HOXA2	all_locations	selected	all_measured_descriptive	8	6	2	1	1	0	6	103	103	26.81052594300739	25.53572184813622	29.027792965305075	24.68092067462199	31.85883827323735	6	0	0	5	0			0	distribution of individual CpG effects; not gene-level test
CMCBSN	HOXA2	all_locations	selected	annotation_unmasked	8	6	2	1	1	0	5	103	103	26.069070745035923	25.357938882502985	27.55198114097886	24.68092067462199	29.519730240080477	5	0	0	5	0	23.27710959139039	28.83058216215145	2000	distribution of individual CpG effects; not gene-level test
CMCBSN	HOXA2	promoter	selected	all_measured_descriptive	3	1	2	1	1	0	1	103	103	31.85883827323735	31.85883827323735	31.85883827323735	31.85883827323735	31.85883827323735	1	0	0	0	0			0	distribution of individual CpG effects; not gene-level test
CMCBSN	HOXA2	promoter	selected	annotation_unmasked	3	1	2	1	1	0	0	0	0						0	0	0	0	0			0	distribution of individual CpG effects; not gene-level test
CMCBSN	HOXA2	body	selected	all_measured_descriptive	5	5	0	0	0	0	5	103	103	26.069070745035923	25.357938882502985	27.55198114097886	24.68092067462199	29.519730240080477	5	0	0	5	0			0	distribution of individual CpG effects; not gene-level test
CMCBSN	HOXA2	body	selected	annotation_unmasked	5	5	0	0	0	0	5	103	103	26.069070745035923	25.357938882502985	27.55198114097886	24.68092067462199	29.519730240080477	5	0	0	5	0	23.27710959139039	28.83058216215145	2000	distribution of individual CpG effects; not gene-level test
CMCBSN	HOXA2	other	selected	all_measured_descriptive	0	0	0	0	0	0	0	0	0						0	0	0	0	0			0	distribution of individual CpG effects; not gene-level test
CMCBSN	HOXA2	other	selected	annotation_unmasked	0	0	0	0	0	0	0	0	0						0	0	0	0	0			0	distribution of individual CpG effects; not gene-level test
CMCBSN	BEND5	all_locations	selected	all_measured_descriptive	4	4	0	0	0	0	4	103	103	30.888408408788308	27.463410519825853	34.820153557401845	25.9843926951486	37.81941316103235	4	0	0	4	0			0	distribution of individual CpG effects; not gene-level test
CMCBSN	BEND5	all_locations	selected	annotation_unmasked	4	4	0	0	0	0	4	103	103	30.888408408788308	27.463410519825853	34.820153557401845	25.9843926951486	37.81941316103235	4	0	0	4	0	27.290465474361397	34.42329073438763	2000	distribution of individual CpG effects; not gene-level test
CMCBSN	BEND5	promoter	selected	all_measured_descriptive	4	4	0	0	0	0	4	103	103	30.888408408788308	27.463410519825853	34.820153557401845	25.9843926951486	37.81941316103235	4	0	0	4	0			0	distribution of individual CpG effects; not gene-level test
CMCBSN	BEND5	promoter	selected	annotation_unmasked	4	4	0	0	0	0	4	103	103	30.888408408788308	27.463410519825853	34.820153557401845	25.9843926951486	37.81941316103235	4	0	0	4	0	27.290465474361397	34.42329073438763	2000	distribution of individual CpG effects; not gene-level test
CMCBSN	BEND5	body	selected	all_measured_descriptive	0	0	0	0	0	0	0	0	0						0	0	0	0	0			0	distribution of individual CpG effects; not gene-level test
CMCBSN	BEND5	body	selected	annotation_unmasked	0	0	0	0	0	0	0	0	0						0	0	0	0	0			0	distribution of individual CpG effects; not gene-level test
CMCBSN	BEND5	other	selected	all_measured_descriptive	0	0	0	0	0	0	0	0	0						0	0	0	0	0			0	distribution of individual CpG effects; not gene-level test
CMCBSN	BEND5	other	selected	annotation_unmasked	0	0	0	0	0	0	0	0	0						0	0	0	0	0			0	distribution of individual CpG effects; not gene-level test
CMCBSN	UNC5C	all_locations	selected	all_measured_descriptive	5	4	1	0	0	0	4	103	103	22.911901282156762	22.22444119329002	24.0630577213116	20.61078882582122	27.067799139644688	4	0	0	4	0			0	distribution of individual CpG effects; not gene-level test
CMCBSN	UNC5C	all_locations	selected	annotation_unmasked	5	4	1	0	0	0	4	103	103	22.911901282156762	22.22444119329002	24.0630577213116	20.61078882582122	27.067799139644688	4	0	0	4	0	19.457811649997893	26.35750352278568	2000	distribution of individual CpG effects; not gene-level test
CMCBSN	UNC5C	promoter	selected	all_measured_descriptive	3	3	0	0	0	0	3	103	103	23.061477248533905	22.911901282156762	25.064638194089298	22.762325315779616	27.067799139644688	3	0	0	3	0			0	distribution of individual CpG effects; not gene-level test
CMCBSN	UNC5C	promoter	selected	annotation_unmasked	3	3	0	0	0	0	3	103	103	23.061477248533905	22.911901282156762	25.064638194089298	22.762325315779616	27.067799139644688	3	0	0	3	0	19.764322981710496	26.754429653671423	2000	distribution of individual CpG effects; not gene-level test
CMCBSN	UNC5C	body	selected	all_measured_descriptive	2	1	1	0	0	0	1	103	103	20.61078882582122	20.61078882582122	20.61078882582122	20.61078882582122	20.61078882582122	1	0	0	1	0			0	distribution of individual CpG effects; not gene-level test
CMCBSN	UNC5C	body	selected	annotation_unmasked	2	1	1	0	0	0	1	103	103	20.61078882582122	20.61078882582122	20.61078882582122	20.61078882582122	20.61078882582122	1	0	0	1	0	17.65632330188515	23.733710788378577	2000	distribution of individual CpG effects; not gene-level test
CMCBSN	UNC5C	other	selected	all_measured_descriptive	0	0	0	0	0	0	0	0	0						0	0	0	0	0			0	distribution of individual CpG effects; not gene-level test
CMCBSN	UNC5C	other	selected	annotation_unmasked	0	0	0	0	0	0	0	0	0						0	0	0	0	0			0	distribution of individual CpG effects; not gene-level test
CMCBSN	RALYL	all_locations	selected	all_measured_descriptive	5	2	3	0	0	0	2	103	103	20.86776251096834	19.527285026756648	22.208239995180037	18.186807542544955	23.54871747939173	2	0	0	2	0			0	distribution of individual CpG effects; not gene-level test
CMCBSN	RALYL	all_locations	selected	annotation_unmasked	5	2	3	0	0	0	2	103	103	20.86776251096834	19.527285026756648	22.208239995180037	18.186807542544955	23.54871747939173	2	0	0	2	0	17.28323050735027	24.6969999311904	2000	distribution of individual CpG effects; not gene-level test
CMCBSN	RALYL	promoter	selected	all_measured_descriptive	5	2	3	0	0	0	2	103	103	20.86776251096834	19.527285026756648	22.208239995180037	18.186807542544955	23.54871747939173	2	0	0	2	0			0	distribution of individual CpG effects; not gene-level test
CMCBSN	RALYL	promoter	selected	annotation_unmasked	5	2	3	0	0	0	2	103	103	20.86776251096834	19.527285026756648	22.208239995180037	18.186807542544955	23.54871747939173	2	0	0	2	0	17.28323050735027	24.6969999311904	2000	distribution of individual CpG effects; not gene-level test
CMCBSN	RALYL	body	selected	all_measured_descriptive	0	0	0	0	0	0	0	0	0						0	0	0	0	0			0	distribution of individual CpG effects; not gene-level test
CMCBSN	RALYL	body	selected	annotation_unmasked	0	0	0	0	0	0	0	0	0						0	0	0	0	0			0	distribution of individual CpG effects; not gene-level test
CMCBSN	RALYL	other	selected	all_measured_descriptive	0	0	0	0	0	0	0	0	0						0	0	0	0	0			0	distribution of individual CpG effects; not gene-level test
CMCBSN	RALYL	other	selected	annotation_unmasked	0	0	0	0	0	0	0	0	0						0	0	0	0	0			0	distribution of individual CpG effects; not gene-level test
CMCBSN	GFRA1	all_locations	selected	all_measured_descriptive	6	6	0	0	0	0	6	103	103	27.59661248025546	26.036257231718533	29.27150231382366	19.849652652032677	30.35793947600917	6	0	0	6	0			0	distribution of individual CpG effects; not gene-level test
CMCBSN	GFRA1	all_locations	selected	annotation_unmasked	6	6	0	0	0	0	6	103	103	27.59661248025546	26.036257231718533	29.27150231382366	19.849652652032677	30.35793947600917	6	0	0	6	0	23.79418807089631	31.680008752003353	2000	distribution of individual CpG effects; not gene-level test
CMCBSN	GFRA1	promoter	selected	all_measured_descriptive	6	6	0	0	0	0	6	103	103	27.59661248025546	26.036257231718533	29.27150231382366	19.849652652032677	30.35793947600917	6	0	0	6	0			0	distribution of individual CpG effects; not gene-level test
CMCBSN	GFRA1	promoter	selected	annotation_unmasked	6	6	0	0	0	0	6	103	103	27.59661248025546	26.036257231718533	29.27150231382366	19.849652652032677	30.35793947600917	6	0	0	6	0	23.79418807089631	31.680008752003353	2000	distribution of individual CpG effects; not gene-level test
CMCBSN	GFRA1	body	selected	all_measured_descriptive	0	0	0	0	0	0	0	0	0						0	0	0	0	0			0	distribution of individual CpG effects; not gene-level test
CMCBSN	GFRA1	body	selected	annotation_unmasked	0	0	0	0	0	0	0	0	0						0	0	0	0	0			0	distribution of individual CpG effects; not gene-level test
CMCBSN	GFRA1	other	selected	all_measured_descriptive	0	0	0	0	0	0	0	0	0						0	0	0	0	0			0	distribution of individual CpG effects; not gene-level test
CMCBSN	GFRA1	other	selected	annotation_unmasked	0	0	0	0	0	0	0	0	0						0	0	0	0	0			0	distribution of individual CpG effects; not gene-level test
CMCBSN	ALL	all_locations	unselected	all_measured_descriptive	311	225	86	16	10	0	225	103	103	8.878933860571832	-6.701415186706827	20.29822572853433	-24.931678391249378	32.19470408159512	122	103	0	116	89			0	distribution of individual CpG effects; not gene-level test
CMCBSN	ALL	all_locations	unselected	annotation_unmasked	311	225	86	16	10	0	215	103	103	9.943268696647523	-6.687004353271008	20.817344620791793	-24.931678391249378	32.19470408159512	117	98	0	116	89	7.888947813502013	11.127958352940677	2000	distribution of individual CpG effects; not gene-level test
CMCBSN	ALL	promoter	unselected	all_measured_descriptive	153	116	37	7	5	0	116	103	103	19.70725631059038	13.458408792868664	22.62774649335335	-24.931678391249378	32.19470408159512	106	10	0	102	9			0	distribution of individual CpG effects; not gene-level test
CMCBSN	ALL	promoter	unselected	annotation_unmasked	153	116	37	7	5	0	111	103	103	20.01147827562642	13.755160669357576	22.629523978686407	-24.931678391249378	32.19470408159512	102	9	0	102	9	17.358717882286044	22.363239690747353	2000	distribution of individual CpG effects; not gene-level test
CMCBSN	ALL	body	unselected	all_measured_descriptive	123	89	34	8	4	0	89	103	103	-6.109782527130352	-13.132228089078236	-1.3283762826675736	-24.0481416486129	23.818170745771766	14	75	0	12	65			0	distribution of individual CpG effects; not gene-level test
CMCBSN	ALL	body	unselected	annotation_unmasked	123	89	34	8	4	0	85	103	103	-6.109782527130352	-12.998678302202274	-1.3283762826675736	-24.0481416486129	23.818170745771766	13	72	0	12	65	-7.6896465433374095	-4.536255498210472	2000	distribution of individual CpG effects; not gene-level test
CMCBSN	ALL	other	unselected	all_measured_descriptive	35	20	15	1	1	0	20	103	103	-3.3309526503216915	-8.734530713405443	-0.8383113383808827	-21.703245098122252	15.616268554049642	2	18	0	2	15			0	distribution of individual CpG effects; not gene-level test
CMCBSN	ALL	other	unselected	annotation_unmasked	35	20	15	1	1	0	19	103	103	-3.850220769273526	-8.855374806185708	-1.4230985121061166	-21.703245098122252	15.616268554049642	2	17	0	2	15	-5.7953662081542925	-2.2875253922357293	2000	distribution of individual CpG effects; not gene-level test
CMCBSN	EYA4	all_locations	unselected	all_measured_descriptive	57	44	13	5	3	0	44	103	103	13.210892649723721	-5.977755914430233	21.493157833413832	-21.874840167087854	32.19470408159512	28	16	0	26	14			0	distribution of individual CpG effects; not gene-level test
CMCBSN	EYA4	all_locations	unselected	annotation_unmasked	57	44	13	5	3	0	41	103	103	12.673705289340266	-5.829683376190531	21.622834737548267	-20.25481639784058	32.19470408159512	26	15	0	26	14	9.89912926106172	16.469096373846995	2000	distribution of individual CpG effects; not gene-level test
CMCBSN	EYA4	promoter	unselected	all_measured_descriptive	38	30	8	3	2	0	30	103	103	20.865504663580076	12.942298969531993	21.879127835902906	-19.062958931924175	32.19470408159512	28	2	0	26	2			0	distribution of individual CpG effects; not gene-level test
CMCBSN	EYA4	promoter	unselected	annotation_unmasked	38	30	8	3	2	0	28	103	103	20.965741502114206	12.535610689592055	21.909720720248	-19.062958931924175	32.19470408159512	26	2	0	26	2	17.862181745493025	23.678324564107974	2000	distribution of individual CpG effects; not gene-level test
CMCBSN	EYA4	body	unselected	all_measured_descriptive	16	12	4	2	1	0	12	103	103	-7.398440576326938	-13.921157749488064	-5.748622388321731	-21.874840167087854	-1.334185779242019	0	12	0	0	10			0	distribution of individual CpG effects; not gene-level test
CMCBSN	EYA4	body	unselected	annotation_unmasked	16	12	4	2	1	0	11	103	103	-6.672593519835189	-10.79241923924562	-5.66756140045293	-20.25481639784058	-1.334185779242019	0	11	0	0	10	-9.053291081004954	-4.917901146816215	2000	distribution of individual CpG effects; not gene-level test
CMCBSN	EYA4	other	unselected	all_measured_descriptive	3	2	1	0	0	0	2	103	103	-9.851454553378344	-11.875151478462225	-7.827757628294463	-13.898848403546108	-5.804060703210581	0	2	0	0	2			0	distribution of individual CpG effects; not gene-level test
CMCBSN	EYA4	other	unselected	annotation_unmasked	3	2	1	0	0	0	2	103	103	-9.851454553378344	-11.875151478462225	-7.827757628294463	-13.898848403546108	-5.804060703210581	0	2	0	0	2	-11.896955648555084	-7.804691023761128	2000	distribution of individual CpG effects; not gene-level test
CMCBSN	ZNF568	all_locations	unselected	all_measured_descriptive	17	14	3	2	2	0	14	103	103	14.895400513728344	-1.6813938334131744	21.796319342310333	-20.51215391757198	26.583438551819448	9	5	0	8	3			0	distribution of individual CpG effects; not gene-level test
CMCBSN	ZNF568	all_locations	unselected	annotation_unmasked	17	14	3	2	2	0	12	103	103	14.895400513728344	-2.321768068172987	20.45493371698511	-20.51215391757198	23.521718727969184	8	4	0	8	3	12.396580904682045	17.1326308781192	2000	distribution of individual CpG effects; not gene-level test
CMCBSN	ZNF568	promoter	unselected	all_measured_descriptive	11	9	2	1	1	0	9	103	103	19.784240904322502	11.848535044998805	22.633078949352527	-20.51215391757198	26.583438551819448	7	2	0	6	2			0	distribution of individual CpG effects; not gene-level test
CMCBSN	ZNF568	promoter	unselected	annotation_unmasked	11	9	2	1	1	0	8	103	103	17.29352052366505	8.083377960531944	22.50852885356784	-20.51215391757198	23.521718727969184	6	2	0	6	2	14.365658730920387	20.264988921358647	2000	distribution of individual CpG effects; not gene-level test
CMCBSN	ZNF568	body	unselected	all_measured_descriptive	1	1	0	0	0	0	1	103	103	-10.075851277864999	-10.075851277864999	-10.075851277864999	-10.075851277864999	-10.075851277864999	0	1	0	0	1			0	distribution of individual CpG effects; not gene-level test
CMCBSN	ZNF568	body	unselected	annotation_unmasked	1	1	0	0	0	0	1	103	103	-10.075851277864999	-10.075851277864999	-10.075851277864999	-10.075851277864999	-10.075851277864999	0	1	0	0	1	-13.296075786266263	-7.215925615141897	2000	distribution of individual CpG effects; not gene-level test
CMCBSN	ZNF568	other	unselected	all_measured_descriptive	5	4	1	1	1	0	4	103	103	7.168702265309853	-0.9941955136906476	15.145067801849228	-2.024992993274438	15.616268554049642	2	2	0	2	0			0	distribution of individual CpG effects; not gene-level test
CMCBSN	ZNF568	other	unselected	annotation_unmasked	5	4	1	1	1	0	3	103	103	14.98800088444909	6.481503945587326	15.302134719249366	-2.024992993274438	15.616268554049642	2	1	0	2	0	12.0147876739358	17.550573791641554	2000	distribution of individual CpG effects; not gene-level test
CMCBSN	ZNF793	all_locations	unselected	all_measured_descriptive	10	6	4	0	0	0	6	103	103	-3.1705568609785937	-7.211513805403497	9.973713256394444	-15.89461007670891	24.312996109859707	2	4	0	2	4			0	distribution of individual CpG effects; not gene-level test
CMCBSN	ZNF793	all_locations	unselected	annotation_unmasked	10	6	4	0	0	0	6	103	103	-3.1705568609785937	-7.211513805403497	9.973713256394444	-15.89461007670891	24.312996109859707	2	4	0	2	4	-4.499647032890673	-1.7234356992247304	2000	distribution of individual CpG effects; not gene-level test
CMCBSN	ZNF793	promoter	unselected	all_measured_descriptive	6	3	3	0	0	0	3	103	103	13.536273864047493	2.8983185876534954	18.9246349869536	-7.739636688740502	24.312996109859707	2	1	0	2	1			0	distribution of individual CpG effects; not gene-level test
CMCBSN	ZNF793	promoter	unselected	annotation_unmasked	6	3	3	0	0	0	3	103	103	13.536273864047493	2.8983185876534954	18.9246349869536	-7.739636688740502	24.312996109859707	2	1	0	2	1	10.755500702904135	16.49798773747985	2000	distribution of individual CpG effects; not gene-level test
CMCBSN	ZNF793	body	unselected	all_measured_descriptive	1	1	0	0	0	0	1	103	103	-15.89461007670891	-15.89461007670891	-15.89461007670891	-15.89461007670891	-15.89461007670891	0	1	0	0	1			0	distribution of individual CpG effects; not gene-level test
CMCBSN	ZNF793	body	unselected	annotation_unmasked	1	1	0	0	0	0	1	103	103	-15.89461007670891	-15.89461007670891	-15.89461007670891	-15.89461007670891	-15.89461007670891	0	1	0	0	1	-19.08496407346121	-12.892720241194334	2000	distribution of individual CpG effects; not gene-level test
CMCBSN	ZNF793	other	unselected	all_measured_descriptive	3	2	1	0	0	0	2	103	103	-3.1705568609785937	-4.398851008185536	-1.9422627137716502	-5.62714515539248	-0.7139685665647071	0	2	0	0	2			0	distribution of individual CpG effects; not gene-level test
CMCBSN	ZNF793	other	unselected	annotation_unmasked	3	2	1	0	0	0	2	103	103	-3.1705568609785937	-4.398851008185536	-1.9422627137716502	-5.62714515539248	-0.7139685665647071	0	2	0	0	2	-4.681399534771675	-1.7234356992247304	2000	distribution of individual CpG effects; not gene-level test
CMCBSN	SFMBT2	all_locations	unselected	all_measured_descriptive	57	34	23	5	2	0	34	103	103	-2.8069587070212108	-9.495804430184105	13.23463414076222	-20.570998024405636	31.113984423867976	10	24	0	10	20			0	distribution of individual CpG effects; not gene-level test
CMCBSN	SFMBT2	all_locations	unselected	annotation_unmasked	57	34	23	5	2	0	32	103	103	-2.54735750322216	-7.43580242043309	15.963732212920302	-18.74642452878538	31.113984423867976	10	22	0	10	20	-3.4905181510630037	-1.3872510961239568	2000	distribution of individual CpG effects; not gene-level test
CMCBSN	SFMBT2	promoter	unselected	all_measured_descriptive	17	12	5	1	1	0	12	103	103	22.02123856527124	13.23463414076222	24.387034650307783	-20.570998024405636	31.113984423867976	10	2	0	10	1			0	distribution of individual CpG effects; not gene-level test
CMCBSN	SFMBT2	promoter	unselected	annotation_unmasked	17	12	5	1	1	0	11	103	103	23.05530061431422	17.634724939087093	24.44852287085765	-6.829871474245887	31.113984423867976	10	1	0	10	1	19.24767472667973	26.356936176113706	2000	distribution of individual CpG effects; not gene-level test
CMCBSN	SFMBT2	body	unselected	all_measured_descriptive	37	20	17	4	1	0	20	103	103	-5.044050149655252	-13.257340454935648	-2.100122677389761	-18.74642452878538	-0.46152295559429984	0	20	0	0	17			0	distribution of individual CpG effects; not gene-level test
CMCBSN	SFMBT2	body	unselected	annotation_unmasked	37	20	17	4	1	0	19	103	103	-3.98834905959473	-11.742069548503213	-1.9077632310077672	-18.74642452878538	-0.46152295559429984	0	19	0	0	17	-6.121531832096229	-2.9134104033663166	2000	distribution of individual CpG effects; not gene-level test
CMCBSN	SFMBT2	other	unselected	all_measured_descriptive	3	2	1	0	0	0	2	103	103	-4.62330808000077	-5.529119854316227	-3.717496305685314	-6.434931628631683	-2.8116845313698575	0	2	0	0	2			0	distribution of individual CpG effects; not gene-level test
CMCBSN	SFMBT2	other	unselected	annotation_unmasked	3	2	1	0	0	0	2	103	103	-4.62330808000077	-5.529119854316227	-3.717496305685314	-6.434931628631683	-2.8116845313698575	0	2	0	0	2	-6.132853034277476	-3.280502534273362	2000	distribution of individual CpG effects; not gene-level test
CMCBSN	ADHFE1	all_locations	unselected	all_measured_descriptive	28	18	10	1	1	0	18	103	103	-3.2472142831624353	-10.659760726739748	-0.7038088545217865	-24.0481416486129	4.807701053166868	4	14	0	2	13			0	distribution of individual CpG effects; not gene-level test
CMCBSN	ADHFE1	all_locations	unselected	annotation_unmasked	28	18	10	1	1	0	17	103	103	-4.076270925298232	-11.22626854763069	-0.8797589289862746	-24.0481416486129	4.807701053166868	3	14	0	2	13	-5.248603580996161	-3.209277585684735	2000	distribution of individual CpG effects; not gene-level test
CMCBSN	ADHFE1	promoter	unselected	all_measured_descriptive	1	1	0	0	0	0	1	103	103	4.807701053166868	4.807701053166868	4.807701053166868	4.807701053166868	4.807701053166868	1	0	0	1	0			0	distribution of individual CpG effects; not gene-level test
CMCBSN	ADHFE1	promoter	unselected	annotation_unmasked	1	1	0	0	0	0	1	103	103	4.807701053166868	4.807701053166868	4.807701053166868	4.807701053166868	4.807701053166868	1	0	0	1	0	1.9367561445434218	7.59119913637746	2000	distribution of individual CpG effects; not gene-level test
CMCBSN	ADHFE1	body	unselected	all_measured_descriptive	13	12	1	1	1	0	12	103	103	-7.956471556139698	-11.420290544299085	-0.8853541402174816	-24.0481416486129	3.0267726163223245	3	9	0	1	9			0	distribution of individual CpG effects; not gene-level test
CMCBSN	ADHFE1	body	unselected	annotation_unmasked	13	12	1	1	1	0	11	103	103	-8.752594318924613	-11.614312540967479	-2.665563143258341	-24.0481416486129	2.1015900095696134	2	9	0	1	9	-10.202973368358903	-6.90205964352443	2000	distribution of individual CpG effects; not gene-level test
CMCBSN	ADHFE1	other	unselected	all_measured_descriptive	14	5	9	0	0	0	5	103	103	-1.9664380952259586	-2.4181576410266388	-0.8797589289862746	-14.313684527292525	-0.6451588297002905	0	5	0	0	4			0	distribution of individual CpG effects; not gene-level test
CMCBSN	ADHFE1	other	unselected	annotation_unmasked	14	5	9	0	0	0	5	103	103	-1.9664380952259586	-2.4181576410266388	-0.8797589289862746	-14.313684527292525	-0.6451588297002905	0	5	0	0	4	-4.005178805204528	-0.5668727549900766	2000	distribution of individual CpG effects; not gene-level test
CMCBSN	HOXA2	all_locations	unselected	all_measured_descriptive	26	20	6	0	0	0	20	103	103	21.316323637914593	19.455410437744373	24.087959790424378	9.943268696647523	27.193554039448305	20	0	0	20	0			0	distribution of individual CpG effects; not gene-level test
CMCBSN	HOXA2	all_locations	unselected	annotation_unmasked	26	20	6	0	0	0	20	103	103	21.316323637914593	19.455410437744373	24.087959790424378	9.943268696647523	27.193554039448305	20	0	0	20	0	18.78735953582398	23.931548872386298	2000	distribution of individual CpG effects; not gene-level test
CMCBSN	HOXA2	promoter	unselected	all_measured_descriptive	25	19	6	0	0	0	19	103	103	21.153735547569408	19.280549158630492	24.339123554905456	9.943268696647523	27.193554039448305	19	0	0	19	0			0	distribution of individual CpG effects; not gene-level test
CMCBSN	HOXA2	promoter	unselected	annotation_unmasked	25	19	6	0	0	0	19	103	103	21.153735547569408	19.280549158630492	24.339123554905456	9.943268696647523	27.193554039448305	19	0	0	19	0	18.47119899194738	23.742989739954226	2000	distribution of individual CpG effects; not gene-level test
CMCBSN	HOXA2	body	unselected	all_measured_descriptive	1	1	0	0	0	0	1	103	103	23.818170745771766	23.818170745771766	23.818170745771766	23.818170745771766	23.818170745771766	1	0	0	1	0			0	distribution of individual CpG effects; not gene-level test
CMCBSN	HOXA2	body	unselected	annotation_unmasked	1	1	0	0	0	0	1	103	103	23.818170745771766	23.818170745771766	23.818170745771766	23.818170745771766	23.818170745771766	1	0	0	1	0	21.38483316830736	26.300202704327322	2000	distribution of individual CpG effects; not gene-level test
CMCBSN	HOXA2	other	unselected	all_measured_descriptive	0	0	0	0	0	0	0	0	0						0	0	0	0	0			0	distribution of individual CpG effects; not gene-level test
CMCBSN	HOXA2	other	unselected	annotation_unmasked	0	0	0	0	0	0	0	0	0						0	0	0	0	0			0	distribution of individual CpG effects; not gene-level test
CMCBSN	BEND5	all_locations	unselected	all_measured_descriptive	11	9	2	0	0	0	9	103	103	-5.524538089423238	-14.812246885229541	6.239788537934484	-21.424020655283453	20.971729332264562	3	6	0	3	6			0	distribution of individual CpG effects; not gene-level test
CMCBSN	BEND5	all_locations	unselected	annotation_unmasked	11	9	2	0	0	0	9	103	103	-5.524538089423238	-14.812246885229541	6.239788537934484	-21.424020655283453	20.971729332264562	3	6	0	3	6	-7.289918074240443	-4.034167380689518	2000	distribution of individual CpG effects; not gene-level test
CMCBSN	BEND5	promoter	unselected	all_measured_descriptive	5	3	2	0	0	0	3	103	103	10.397903042843271	8.318845790388878	15.684816187553917	6.239788537934484	20.971729332264562	3	0	0	3	0			0	distribution of individual CpG effects; not gene-level test
CMCBSN	BEND5	promoter	unselected	annotation_unmasked	5	3	2	0	0	0	3	103	103	10.397903042843271	8.318845790388878	15.684816187553917	6.239788537934484	20.971729332264562	3	0	0	3	0	7.9483626972690775	13.074865382167003	2000	distribution of individual CpG effects; not gene-level test
CMCBSN	BEND5	body	unselected	all_measured_descriptive	6	6	0	0	0	0	6	103	103	-12.701166314319272	-17.654116546540337	-6.790925002919679	-21.424020655283453	-2.9117984134182993	0	6	0	0	6			0	distribution of individual CpG effects; not gene-level test
CMCBSN	BEND5	body	unselected	annotation_unmasked	6	6	0	0	0	0	6	103	103	-12.701166314319272	-17.654116546540337	-6.790925002919679	-21.424020655283453	-2.9117984134182993	0	6	0	0	6	-15.013714182880053	-10.503552555586072	2000	distribution of individual CpG effects; not gene-level test
CMCBSN	BEND5	other	unselected	all_measured_descriptive	0	0	0	0	0	0	0	0	0						0	0	0	0	0			0	distribution of individual CpG effects; not gene-level test
CMCBSN	BEND5	other	unselected	annotation_unmasked	0	0	0	0	0	0	0	0	0						0	0	0	0	0			0	distribution of individual CpG effects; not gene-level test
CMCBSN	UNC5C	all_locations	unselected	all_measured_descriptive	30	26	4	0	0	0	26	103	103	10.491940564091013	-8.692197003283798	17.883289708285723	-21.703245098122252	21.75220101154859	14	12	0	14	10			0	distribution of individual CpG effects; not gene-level test
CMCBSN	UNC5C	all_locations	unselected	annotation_unmasked	30	26	4	0	0	0	26	103	103	10.491940564091013	-8.692197003283798	17.883289708285723	-21.703245098122252	21.75220101154859	14	12	0	14	10	8.106130889098226	13.055536640120664	2000	distribution of individual CpG effects; not gene-level test
CMCBSN	UNC5C	promoter	unselected	all_measured_descriptive	10	8	2	0	0	0	8	103	103	18.605573835091484	17.883289708285723	19.745373887310656	17.57829260568597	21.75220101154859	8	0	0	8	0			0	distribution of individual CpG effects; not gene-level test
CMCBSN	UNC5C	promoter	unselected	annotation_unmasked	10	8	2	0	0	0	8	103	103	18.605573835091484	17.883289708285723	19.745373887310656	17.57829260568597	21.75220101154859	8	0	0	8	0	15.974767503880527	21.58254082858617	2000	distribution of individual CpG effects; not gene-level test
CMCBSN	UNC5C	body	unselected	all_measured_descriptive	19	17	2	0	0	0	17	103	103	-1.180864458323327	-9.277077297832115	13.158016877062902	-16.13919060469351	19.18561675786224	6	11	0	6	9			0	distribution of individual CpG effects; not gene-level test
CMCBSN	UNC5C	body	unselected	annotation_unmasked	19	17	2	0	0	0	17	103	103	-1.180864458323327	-9.277077297832115	13.158016877062902	-16.13919060469351	19.18561675786224	6	11	0	6	9	-2.7826183181272377	-0.7472417701115581	2000	distribution of individual CpG effects; not gene-level test
CMCBSN	UNC5C	other	unselected	all_measured_descriptive	1	1	0	0	0	0	1	103	103	-21.703245098122252	-21.703245098122252	-21.703245098122252	-21.703245098122252	-21.703245098122252	0	1	0	0	1			0	distribution of individual CpG effects; not gene-level test
CMCBSN	UNC5C	other	unselected	annotation_unmasked	1	1	0	0	0	0	1	103	103	-21.703245098122252	-21.703245098122252	-21.703245098122252	-21.703245098122252	-21.703245098122252	0	1	0	0	1	-24.608400756743062	-18.721459914695508	2000	distribution of individual CpG effects; not gene-level test
CMCBSN	RALYL	all_locations	unselected	all_measured_descriptive	28	22	6	3	2	0	22	103	103	12.12306805726865	-9.069503014573634	19.73071161100402	-24.931678391249378	26.579806669868937	13	9	0	12	8			0	distribution of individual CpG effects; not gene-level test
CMCBSN	RALYL	all_locations	unselected	annotation_unmasked	28	22	6	3	2	0	20	103	103	12.46487558843898	-11.190280242522064	20.246814826973225	-24.931678391249378	26.579806669868937	12	8	0	12	8	10.57619802985999	14.697061120821372	2000	distribution of individual CpG effects; not gene-level test
CMCBSN	RALYL	promoter	unselected	all_measured_descriptive	20	16	4	2	1	0	16	103	103	16.566331097467387	11.777441505926081	21.169735219518895	-24.931678391249378	26.579806669868937	13	3	0	12	3			0	distribution of individual CpG effects; not gene-level test
CMCBSN	RALYL	promoter	unselected	annotation_unmasked	20	16	4	2	1	0	15	103	103	18.709081698859144	11.979142469807046	21.54406353081876	-24.931678391249378	26.579806669868937	12	3	0	12	3	15.68663491717388	21.20707802269208	2000	distribution of individual CpG effects; not gene-level test
CMCBSN	RALYL	body	unselected	all_measured_descriptive	8	6	2	1	1	0	6	103	103	-16.539703872961674	-20.55115127117689	-7.5364424023627326	-22.973573958895173	-2.521803372553819	0	6	0	0	5			0	distribution of individual CpG effects; not gene-level test
CMCBSN	RALYL	body	unselected	annotation_unmasked	8	6	2	1	1	0	5	103	103	-17.32192516848666	-21.627559972073637	-15.757482577436688	-22.973573958895173	-4.796095677338081	0	5	0	0	5	-20.76507967442748	-14.280562913153702	2000	distribution of individual CpG effects; not gene-level test
CMCBSN	RALYL	other	unselected	all_measured_descriptive	0	0	0	0	0	0	0	0	0						0	0	0	0	0			0	distribution of individual CpG effects; not gene-level test
CMCBSN	RALYL	other	unselected	annotation_unmasked	0	0	0	0	0	0	0	0	0						0	0	0	0	0			0	distribution of individual CpG effects; not gene-level test
CMCBSN	GFRA1	all_locations	unselected	all_measured_descriptive	47	32	15	0	0	0	32	103	103	14.136214245261069	-3.9187595502857437	19.476607991037064	-20.55095876846657	28.834895730637616	19	13	0	19	11			0	distribution of individual CpG effects; not gene-level test
CMCBSN	GFRA1	all_locations	unselected	annotation_unmasked	47	32	15	0	0	0	32	103	103	14.136214245261069	-3.9187595502857437	19.476607991037064	-20.55095876846657	28.834895730637616	19	13	0	19	11	11.775249371745838	16.491704271758234	2000	distribution of individual CpG effects; not gene-level test
CMCBSN	GFRA1	promoter	unselected	all_measured_descriptive	20	15	5	0	0	0	15	103	103	17.03723468220785	15.321589031024956	23.27137042567796	12.709772518552874	28.834895730637616	15	0	0	15	0			0	distribution of individual CpG effects; not gene-level test
CMCBSN	GFRA1	promoter	unselected	annotation_unmasked	20	15	5	0	0	0	15	103	103	17.03723468220785	15.321589031024956	23.27137042567796	12.709772518552874	28.834895730637616	15	0	0	15	0	14.389120801867612	20.55037625467037	2000	distribution of individual CpG effects; not gene-level test
CMCBSN	GFRA1	body	unselected	all_measured_descriptive	21	13	8	0	0	0	13	103	103	-3.420408068968015	-5.064152843111884	13.632437910475002	-20.55095876846657	21.497415508814566	4	9	0	4	7			0	distribution of individual CpG effects; not gene-level test
CMCBSN	GFRA1	body	unselected	annotation_unmasked	21	13	8	0	0	0	13	103	103	-3.420408068968015	-5.064152843111884	13.632437910475002	-20.55095876846657	21.497415508814566	4	9	0	4	7	-4.877855826887814	-1.1726680543858226	2000	distribution of individual CpG effects; not gene-level test
CMCBSN	GFRA1	other	unselected	all_measured_descriptive	6	4	2	0	0	0	4	103	103	-8.855374806185708	-9.295456288383614	-7.422820157787266	-9.890636178295749	-3.850220769273526	0	4	0	0	4			0	distribution of individual CpG effects; not gene-level test
CMCBSN	GFRA1	other	unselected	annotation_unmasked	6	4	2	0	0	0	4	103	103	-8.855374806185708	-9.295456288383614	-7.422820157787266	-9.890636178295749	-3.850220769273526	0	4	0	0	4	-10.886527432396754	-6.646193748391749	2000	distribution of individual CpG effects; not gene-level test
SNUH	ALL	all_locations	selected	all_measured_descriptive	77	56	21	2	2	0	56	142	142	30.805593964052598	27.664211762249494	33.90840526503965	20.634857336423956	43.024462008374456	56	0	0	54	0			0	distribution of individual CpG effects; not gene-level test
SNUH	ALL	all_locations	selected	annotation_unmasked	77	56	21	2	2	0	54	142	142	30.556471240579725	27.338310480205404	33.82620320000689	20.634857336423956	43.024462008374456	54	0	0	54	0	28.06282772413286	33.47713267108939	2000	distribution of individual CpG effects; not gene-level test
SNUH	ALL	promoter	selected	all_measured_descriptive	67	48	19	2	2	0	48	142	142	31.639228101858315	28.437047015353144	34.798500343747904	20.634857336423956	43.024462008374456	48	0	0	46	0			0	distribution of individual CpG effects; not gene-level test
SNUH	ALL	promoter	selected	annotation_unmasked	67	48	19	2	2	0	46	142	142	31.639228101858315	28.343963459396313	34.60071165280194	20.634857336423956	43.024462008374456	46	0	0	46	0	28.762734366487162	34.48200710019777	2000	distribution of individual CpG effects; not gene-level test
SNUH	ALL	body	selected	all_measured_descriptive	8	7	1	0	0	0	7	142	142	27.827162403271537	26.014523858440825	29.11102937698246	23.444946431992886	31.21863257383709	7	0	0	7	0			0	distribution of individual CpG effects; not gene-level test
SNUH	ALL	body	selected	annotation_unmasked	8	7	1	0	0	0	7	142	142	27.827162403271537	26.014523858440825	29.11102937698246	23.444946431992886	31.21863257383709	7	0	0	7	0	25.27683800999308	29.791920723333735	2000	distribution of individual CpG effects; not gene-level test
SNUH	ALL	other	selected	all_measured_descriptive	2	1	1	0	0	0	1	142	142	25.49770977740905	25.49770977740905	25.49770977740905	25.49770977740905	25.49770977740905	1	0	0	1	0			0	distribution of individual CpG effects; not gene-level test
SNUH	ALL	other	selected	annotation_unmasked	2	1	1	0	0	0	1	142	142	25.49770977740905	25.49770977740905	25.49770977740905	25.49770977740905	25.49770977740905	1	0	0	1	0	22.561073458355033	28.369059037713065	2000	distribution of individual CpG effects; not gene-level test
SNUH	EYA4	all_locations	selected	all_measured_descriptive	17	12	5	0	0	0	12	142	142	31.07550266310323	29.794275949523794	32.6468360376376	23.588368838037525	34.01793493434229	12	0	0	12	0			0	distribution of individual CpG effects; not gene-level test
SNUH	EYA4	all_locations	selected	annotation_unmasked	17	12	5	0	0	0	12	142	142	31.07550266310323	29.794275949523794	32.6468360376376	23.588368838037525	34.01793493434229	12	0	0	12	0	28.308126171754626	34.13003209756166	2000	distribution of individual CpG effects; not gene-level test
SNUH	EYA4	promoter	selected	all_measured_descriptive	17	12	5	0	0	0	12	142	142	31.07550266310323	29.794275949523794	32.6468360376376	23.588368838037525	34.01793493434229	12	0	0	12	0			0	distribution of individual CpG effects; not gene-level test
SNUH	EYA4	promoter	selected	annotation_unmasked	17	12	5	0	0	0	12	142	142	31.07550266310323	29.794275949523794	32.6468360376376	23.588368838037525	34.01793493434229	12	0	0	12	0	28.308126171754626	34.13003209756166	2000	distribution of individual CpG effects; not gene-level test
SNUH	EYA4	body	selected	all_measured_descriptive	0	0	0	0	0	0	0	0	0						0	0	0	0	0			0	distribution of individual CpG effects; not gene-level test
SNUH	EYA4	body	selected	annotation_unmasked	0	0	0	0	0	0	0	0	0						0	0	0	0	0			0	distribution of individual CpG effects; not gene-level test
SNUH	EYA4	other	selected	all_measured_descriptive	0	0	0	0	0	0	0	0	0						0	0	0	0	0			0	distribution of individual CpG effects; not gene-level test
SNUH	EYA4	other	selected	annotation_unmasked	0	0	0	0	0	0	0	0	0						0	0	0	0	0			0	distribution of individual CpG effects; not gene-level test
SNUH	ZNF568	all_locations	selected	all_measured_descriptive	8	6	2	1	1	0	6	142	142	30.216784031671096	28.620986537723788	32.654484249639594	25.49770977740905	34.80908969812615	6	0	0	5	0			0	distribution of individual CpG effects; not gene-level test
SNUH	ZNF568	all_locations	selected	annotation_unmasked	8	6	2	1	1	0	5	142	142	29.591681106641442	28.2974216814179	33.25868334728588	25.49770977740905	34.80908969812615	5	0	0	5	0	26.200458324151963	33.50644206807188	2000	distribution of individual CpG effects; not gene-level test
SNUH	ZNF568	promoter	selected	all_measured_descriptive	6	5	1	1	1	0	5	142	142	30.841886956700748	29.591681106641442	33.25868334728588	28.2974216814179	34.80908969812615	5	0	0	4	0			0	distribution of individual CpG effects; not gene-level test
SNUH	ZNF568	promoter	selected	annotation_unmasked	6	5	1	1	1	0	4	142	142	31.425182226963663	29.268116250335556	33.64628493499595	28.2974216814179	34.80908969812615	4	0	0	4	0	27.889928703702864	35.2092025836659	2000	distribution of individual CpG effects; not gene-level test
SNUH	ZNF568	body	selected	all_measured_descriptive	0	0	0	0	0	0	0	0	0						0	0	0	0	0			0	distribution of individual CpG effects; not gene-level test
SNUH	ZNF568	body	selected	annotation_unmasked	0	0	0	0	0	0	0	0	0						0	0	0	0	0			0	distribution of individual CpG effects; not gene-level test
SNUH	ZNF568	other	selected	all_measured_descriptive	2	1	1	0	0	0	1	142	142	25.49770977740905	25.49770977740905	25.49770977740905	25.49770977740905	25.49770977740905	1	0	0	1	0			0	distribution of individual CpG effects; not gene-level test
SNUH	ZNF568	other	selected	annotation_unmasked	2	1	1	0	0	0	1	142	142	25.49770977740905	25.49770977740905	25.49770977740905	25.49770977740905	25.49770977740905	1	0	0	1	0	22.561073458355033	28.369059037713065	2000	distribution of individual CpG effects; not gene-level test
SNUH	ZNF793	all_locations	selected	all_measured_descriptive	8	5	3	0	0	0	5	142	142	25.57111907998838	23.522626460767622	28.483588793331556	20.634857336423956	31.564264219676097	5	0	0	5	0			0	distribution of individual CpG effects; not gene-level test
SNUH	ZNF793	all_locations	selected	annotation_unmasked	8	5	3	0	0	0	5	142	142	25.57111907998838	23.522626460767622	28.483588793331556	20.634857336423956	31.564264219676097	5	0	0	5	0	21.9667094483678	29.25971604496541	2000	distribution of individual CpG effects; not gene-level test
SNUH	ZNF793	promoter	selected	all_measured_descriptive	8	5	3	0	0	0	5	142	142	25.57111907998838	23.522626460767622	28.483588793331556	20.634857336423956	31.564264219676097	5	0	0	5	0			0	distribution of individual CpG effects; not gene-level test
SNUH	ZNF793	promoter	selected	annotation_unmasked	8	5	3	0	0	0	5	142	142	25.57111907998838	23.522626460767622	28.483588793331556	20.634857336423956	31.564264219676097	5	0	0	5	0	21.9667094483678	29.25971604496541	2000	distribution of individual CpG effects; not gene-level test
SNUH	ZNF793	body	selected	all_measured_descriptive	0	0	0	0	0	0	0	0	0						0	0	0	0	0			0	distribution of individual CpG effects; not gene-level test
SNUH	ZNF793	body	selected	annotation_unmasked	0	0	0	0	0	0	0	0	0						0	0	0	0	0			0	distribution of individual CpG effects; not gene-level test
SNUH	ZNF793	other	selected	all_measured_descriptive	0	0	0	0	0	0	0	0	0						0	0	0	0	0			0	distribution of individual CpG effects; not gene-level test
SNUH	ZNF793	other	selected	annotation_unmasked	0	0	0	0	0	0	0	0	0						0	0	0	0	0			0	distribution of individual CpG effects; not gene-level test
SNUH	SFMBT2	all_locations	selected	all_measured_descriptive	8	6	2	0	0	0	6	142	142	34.681012489374766	30.985425922099033	36.819341237628876	28.2107995098279	38.25659078747727	6	0	0	6	0			0	distribution of individual CpG effects; not gene-level test
SNUH	SFMBT2	all_locations	selected	annotation_unmasked	8	6	2	0	0	0	6	142	142	34.681012489374766	30.985425922099033	36.819341237628876	28.2107995098279	38.25659078747727	6	0	0	6	0	31.351674286680517	37.76293094790003	2000	distribution of individual CpG effects; not gene-level test
SNUH	SFMBT2	promoter	selected	all_measured_descriptive	8	6	2	0	0	0	6	142	142	34.681012489374766	30.985425922099033	36.819341237628876	28.2107995098279	38.25659078747727	6	0	0	6	0			0	distribution of individual CpG effects; not gene-level test
SNUH	SFMBT2	promoter	selected	annotation_unmasked	8	6	2	0	0	0	6	142	142	34.681012489374766	30.985425922099033	36.819341237628876	28.2107995098279	38.25659078747727	6	0	0	6	0	31.351674286680517	37.76293094790003	2000	distribution of individual CpG effects; not gene-level test
SNUH	SFMBT2	body	selected	all_measured_descriptive	0	0	0	0	0	0	0	0	0						0	0	0	0	0			0	distribution of individual CpG effects; not gene-level test
SNUH	SFMBT2	body	selected	annotation_unmasked	0	0	0	0	0	0	0	0	0						0	0	0	0	0			0	distribution of individual CpG effects; not gene-level test
SNUH	SFMBT2	other	selected	all_measured_descriptive	0	0	0	0	0	0	0	0	0						0	0	0	0	0			0	distribution of individual CpG effects; not gene-level test
SNUH	SFMBT2	other	selected	annotation_unmasked	0	0	0	0	0	0	0	0	0						0	0	0	0	0			0	distribution of individual CpG effects; not gene-level test
SNUH	ADHFE1	all_locations	selected	all_measured_descriptive	8	5	3	0	0	0	5	142	142	39.64014882532622	36.39863287112828	41.63194516276946	31.21863257383709	43.024462008374456	5	0	0	5	0			0	distribution of individual CpG effects; not gene-level test
SNUH	ADHFE1	all_locations	selected	annotation_unmasked	8	5	3	0	0	0	5	142	142	39.64014882532622	36.39863287112828	41.63194516276946	31.21863257383709	43.024462008374456	5	0	0	5	0	35.91213353075307	42.91289969078939	2000	distribution of individual CpG effects; not gene-level test
SNUH	ADHFE1	promoter	selected	all_measured_descriptive	7	4	3	0	0	0	4	142	142	40.636046994047845	38.829769836776734	41.98007437417071	36.39863287112828	43.024462008374456	4	0	0	4	0			0	distribution of individual CpG effects; not gene-level test
SNUH	ADHFE1	promoter	selected	annotation_unmasked	7	4	3	0	0	0	4	142	142	40.636046994047845	38.829769836776734	41.98007437417071	36.39863287112828	43.024462008374456	4	0	0	4	0	36.82381770805016	43.953891707938205	2000	distribution of individual CpG effects; not gene-level test
SNUH	ADHFE1	body	selected	all_measured_descriptive	1	1	0	0	0	0	1	142	142	31.21863257383709	31.21863257383709	31.21863257383709	31.21863257383709	31.21863257383709	1	0	0	1	0			0	distribution of individual CpG effects; not gene-level test
SNUH	ADHFE1	body	selected	annotation_unmasked	1	1	0	0	0	0	1	142	142	31.21863257383709	31.21863257383709	31.21863257383709	31.21863257383709	31.21863257383709	1	0	0	1	0	28.225636977588763	33.905230206868765	2000	distribution of individual CpG effects; not gene-level test
SNUH	ADHFE1	other	selected	all_measured_descriptive	0	0	0	0	0	0	0	0	0						0	0	0	0	0			0	distribution of individual CpG effects; not gene-level test
SNUH	ADHFE1	other	selected	annotation_unmasked	0	0	0	0	0	0	0	0	0						0	0	0	0	0			0	distribution of individual CpG effects; not gene-level test
SNUH	HOXA2	all_locations	selected	all_measured_descriptive	8	6	2	1	1	0	6	142	142	27.852789823740725	26.83978295285238	29.727335443368737	25.51839124750232	35.31433627392031	6	0	0	5	0			0	distribution of individual CpG effects; not gene-level test
SNUH	HOXA2	all_locations	selected	annotation_unmasked	8	6	2	1	1	0	5	142	142	27.827162403271537	26.510656469379327	27.878417244209913	25.51839124750232	30.34364150975501	5	0	0	5	0	25.27683800999308	29.791920723333735	2000	distribution of individual CpG effects; not gene-level test
SNUH	HOXA2	promoter	selected	all_measured_descriptive	3	1	2	1	1	0	1	142	142	35.31433627392031	35.31433627392031	35.31433627392031	35.31433627392031	35.31433627392031	1	0	0	0	0			0	distribution of individual CpG effects; not gene-level test
SNUH	HOXA2	promoter	selected	annotation_unmasked	3	1	2	1	1	0	0	0	0						0	0	0	0	0			0	distribution of individual CpG effects; not gene-level test
SNUH	HOXA2	body	selected	all_measured_descriptive	5	5	0	0	0	0	5	142	142	27.827162403271537	26.510656469379327	27.878417244209913	25.51839124750232	30.34364150975501	5	0	0	5	0			0	distribution of individual CpG effects; not gene-level test
SNUH	HOXA2	body	selected	annotation_unmasked	5	5	0	0	0	0	5	142	142	27.827162403271537	26.510656469379327	27.878417244209913	25.51839124750232	30.34364150975501	5	0	0	5	0	25.27683800999308	29.791920723333735	2000	distribution of individual CpG effects; not gene-level test
SNUH	HOXA2	other	selected	all_measured_descriptive	0	0	0	0	0	0	0	0	0						0	0	0	0	0			0	distribution of individual CpG effects; not gene-level test
SNUH	HOXA2	other	selected	annotation_unmasked	0	0	0	0	0	0	0	0	0						0	0	0	0	0			0	distribution of individual CpG effects; not gene-level test
SNUH	BEND5	all_locations	selected	all_measured_descriptive	4	4	0	0	0	0	4	142	142	33.96562558239263	30.600705661516233	37.55276295939618	27.17535983918336	41.644761150110476	4	0	0	4	0			0	distribution of individual CpG effects; not gene-level test
SNUH	BEND5	all_locations	selected	annotation_unmasked	4	4	0	0	0	0	4	142	142	33.96562558239263	30.600705661516233	37.55276295939618	27.17535983918336	41.644761150110476	4	0	0	4	0	30.666791565372193	37.24467723568596	2000	distribution of individual CpG effects; not gene-level test
SNUH	BEND5	promoter	selected	all_measured_descriptive	4	4	0	0	0	0	4	142	142	33.96562558239263	30.600705661516233	37.55276295939618	27.17535983918336	41.644761150110476	4	0	0	4	0			0	distribution of individual CpG effects; not gene-level test
SNUH	BEND5	promoter	selected	annotation_unmasked	4	4	0	0	0	0	4	142	142	33.96562558239263	30.600705661516233	37.55276295939618	27.17535983918336	41.644761150110476	4	0	0	4	0	30.666791565372193	37.24467723568596	2000	distribution of individual CpG effects; not gene-level test
SNUH	BEND5	body	selected	all_measured_descriptive	0	0	0	0	0	0	0	0	0						0	0	0	0	0			0	distribution of individual CpG effects; not gene-level test
SNUH	BEND5	body	selected	annotation_unmasked	0	0	0	0	0	0	0	0	0						0	0	0	0	0			0	distribution of individual CpG effects; not gene-level test
SNUH	BEND5	other	selected	all_measured_descriptive	0	0	0	0	0	0	0	0	0						0	0	0	0	0			0	distribution of individual CpG effects; not gene-level test
SNUH	BEND5	other	selected	annotation_unmasked	0	0	0	0	0	0	0	0	0						0	0	0	0	0			0	distribution of individual CpG effects; not gene-level test
SNUH	UNC5C	all_locations	selected	all_measured_descriptive	5	4	1	0	0	0	4	142	142	27.319992859883087	24.37710211077881	30.392671783054173	23.444946431992886	31.71419198404053	4	0	0	4	0			0	distribution of individual CpG effects; not gene-level test
SNUH	UNC5C	all_locations	selected	annotation_unmasked	5	4	1	0	0	0	4	142	142	27.319992859883087	24.37710211077881	30.392671783054173	23.444946431992886	31.71419198404053	4	0	0	4	0	24.48410809489232	30.386200511392566	2000	distribution of individual CpG effects; not gene-level test
SNUH	UNC5C	promoter	selected	all_measured_descriptive	3	3	0	0	0	0	3	142	142	29.952165049392054	27.319992859883087	30.83317851671629	24.68782067037412	31.71419198404053	3	0	0	3	0			0	distribution of individual CpG effects; not gene-level test
SNUH	UNC5C	promoter	selected	annotation_unmasked	3	3	0	0	0	0	3	142	142	29.952165049392054	27.319992859883087	30.83317851671629	24.68782067037412	31.71419198404053	3	0	0	3	0	26.83431371992398	33.182319623945	2000	distribution of individual CpG effects; not gene-level test
SNUH	UNC5C	body	selected	all_measured_descriptive	2	1	1	0	0	0	1	142	142	23.444946431992886	23.444946431992886	23.444946431992886	23.444946431992886	23.444946431992886	1	0	0	1	0			0	distribution of individual CpG effects; not gene-level test
SNUH	UNC5C	body	selected	annotation_unmasked	2	1	1	0	0	0	1	142	142	23.444946431992886	23.444946431992886	23.444946431992886	23.444946431992886	23.444946431992886	1	0	0	1	0	20.799967279431826	26.208560919762412	2000	distribution of individual CpG effects; not gene-level test
SNUH	UNC5C	other	selected	all_measured_descriptive	0	0	0	0	0	0	0	0	0						0	0	0	0	0			0	distribution of individual CpG effects; not gene-level test
SNUH	UNC5C	other	selected	annotation_unmasked	0	0	0	0	0	0	0	0	0						0	0	0	0	0			0	distribution of individual CpG effects; not gene-level test
SNUH	RALYL	all_locations	selected	all_measured_descriptive	5	2	3	0	0	0	2	142	142	23.399152372149043	22.569503946347126	24.22880079795096	21.73985552054521	25.058449223752877	2	0	0	2	0			0	distribution of individual CpG effects; not gene-level test
SNUH	RALYL	all_locations	selected	annotation_unmasked	5	2	3	0	0	0	2	142	142	23.399152372149043	22.569503946347126	24.22880079795096	21.73985552054521	25.058449223752877	2	0	0	2	0	20.343091068592546	26.66710689086601	2000	distribution of individual CpG effects; not gene-level test
SNUH	RALYL	promoter	selected	all_measured_descriptive	5	2	3	0	0	0	2	142	142	23.399152372149043	22.569503946347126	24.22880079795096	21.73985552054521	25.058449223752877	2	0	0	2	0			0	distribution of individual CpG effects; not gene-level test
SNUH	RALYL	promoter	selected	annotation_unmasked	5	2	3	0	0	0	2	142	142	23.399152372149043	22.569503946347126	24.22880079795096	21.73985552054521	25.058449223752877	2	0	0	2	0	20.343091068592546	26.66710689086601	2000	distribution of individual CpG effects; not gene-level test
SNUH	RALYL	body	selected	all_measured_descriptive	0	0	0	0	0	0	0	0	0						0	0	0	0	0			0	distribution of individual CpG effects; not gene-level test
SNUH	RALYL	body	selected	annotation_unmasked	0	0	0	0	0	0	0	0	0						0	0	0	0	0			0	distribution of individual CpG effects; not gene-level test
SNUH	RALYL	other	selected	all_measured_descriptive	0	0	0	0	0	0	0	0	0						0	0	0	0	0			0	distribution of individual CpG effects; not gene-level test
SNUH	RALYL	other	selected	annotation_unmasked	0	0	0	0	0	0	0	0	0						0	0	0	0	0			0	distribution of individual CpG effects; not gene-level test
SNUH	GFRA1	all_locations	selected	all_measured_descriptive	6	6	0	0	0	0	6	142	142	33.41927144670405	30.64651782545919	34.56420176303439	23.474977042450256	35.254207043673055	6	0	0	6	0			0	distribution of individual CpG effects; not gene-level test
SNUH	GFRA1	all_locations	selected	annotation_unmasked	6	6	0	0	0	0	6	142	142	33.41927144670405	30.64651782545919	34.56420176303439	23.474977042450256	35.254207043673055	6	0	0	6	0	29.72555088875538	37.12881941073385	2000	distribution of individual CpG effects; not gene-level test
SNUH	GFRA1	promoter	selected	all_measured_descriptive	6	6	0	0	0	0	6	142	142	33.41927144670405	30.64651782545919	34.56420176303439	23.474977042450256	35.254207043673055	6	0	0	6	0			0	distribution of individual CpG effects; not gene-level test
SNUH	GFRA1	promoter	selected	annotation_unmasked	6	6	0	0	0	0	6	142	142	33.41927144670405	30.64651782545919	34.56420176303439	23.474977042450256	35.254207043673055	6	0	0	6	0	29.72555088875538	37.12881941073385	2000	distribution of individual CpG effects; not gene-level test
SNUH	GFRA1	body	selected	all_measured_descriptive	0	0	0	0	0	0	0	0	0						0	0	0	0	0			0	distribution of individual CpG effects; not gene-level test
SNUH	GFRA1	body	selected	annotation_unmasked	0	0	0	0	0	0	0	0	0						0	0	0	0	0			0	distribution of individual CpG effects; not gene-level test
SNUH	GFRA1	other	selected	all_measured_descriptive	0	0	0	0	0	0	0	0	0						0	0	0	0	0			0	distribution of individual CpG effects; not gene-level test
SNUH	GFRA1	other	selected	annotation_unmasked	0	0	0	0	0	0	0	0	0						0	0	0	0	0			0	distribution of individual CpG effects; not gene-level test
SNUH	ALL	all_locations	unselected	all_measured_descriptive	311	225	86	16	10	0	225	142	142	7.5626472984590425	-7.4596252202536695	23.37468871014186	-26.44361698041131	39.88067576333489	124	101	0	116	89			0	distribution of individual CpG effects; not gene-level test
SNUH	ALL	all_locations	unselected	annotation_unmasked	311	225	86	16	10	0	215	142	142	9.264375647741915	-7.319697886744777	23.575646777247236	-26.44361698041131	39.88067576333489	118	97	0	116	89	7.4367756364581314	11.14886770177422	2000	distribution of individual CpG effects; not gene-level test
SNUH	ALL	promoter	unselected	all_measured_descriptive	153	116	37	7	5	0	116	142	142	22.331860817200322	15.010714578146871	26.21626493146328	-26.44361698041131	39.88067576333489	106	10	0	102	9			0	distribution of individual CpG effects; not gene-level test
SNUH	ALL	promoter	unselected	annotation_unmasked	153	116	37	7	5	0	111	142	142	22.742799870442777	15.443395232688077	26.254464710037148	-26.44361698041131	39.88067576333489	102	9	0	102	9	20.451511421052306	24.820193691390266	2000	distribution of individual CpG effects; not gene-level test
SNUH	ALL	body	unselected	all_measured_descriptive	123	88	35	8	4	0	88	142	142	-6.7357082284083845	-15.760597304390176	-1.4984493542368242	-26.094761655709142	26.853447541287867	13	75	0	12	66			0	distribution of individual CpG effects; not gene-level test
SNUH	ALL	body	unselected	annotation_unmasked	123	88	35	8	4	0	84	142	142	-6.7357082284083845	-15.519395991507892	-1.4984493542368242	-26.094761655709142	26.853447541287867	12	72	0	12	66	-8.090202069256813	-5.472269593149466	2000	distribution of individual CpG effects; not gene-level test
SNUH	ALL	other	unselected	all_measured_descriptive	35	21	14	1	1	0	21	142	142	-3.963018042780936	-10.003143179019075	-0.14190799544789925	-24.668933855777528	20.901329479123387	5	16	0	2	14			0	distribution of individual CpG effects; not gene-level test
SNUH	ALL	other	unselected	annotation_unmasked	35	21	14	1	1	0	20	142	142	-4.351554826080912	-10.095216492309863	-0.6453169132509015	-24.668933855777528	20.901329479123387	4	16	0	2	14	-5.396231482203325	-2.620737372054419	2000	distribution of individual CpG effects; not gene-level test
SNUH	EYA4	all_locations	unselected	all_measured_descriptive	57	44	13	5	3	0	44	142	142	15.744009725454365	-5.620143135054532	24.929070532261225	-23.620594711186808	37.29105289045853	28	16	0	26	14			0	distribution of individual CpG effects; not gene-level test
SNUH	EYA4	all_locations	unselected	annotation_unmasked	57	44	13	5	3	0	41	142	142	15.047742906720114	-5.533960521827969	25.112324499261746	-23.144960846866606	37.29105289045853	26	15	0	26	14	12.857501791854402	18.673029961692464	2000	distribution of individual CpG effects; not gene-level test
SNUH	EYA4	promoter	unselected	all_measured_descriptive	38	30	8	3	2	0	30	142	142	24.387528522059323	15.39587631608724	26.02404499635925	-21.091746815604356	37.29105289045853	28	2	0	26	2			0	distribution of individual CpG effects; not gene-level test
SNUH	EYA4	promoter	unselected	annotation_unmasked	38	30	8	3	2	0	28	142	142	24.53337548755878	15.010714578146871	26.21626493146328	-21.091746815604356	37.29105289045853	26	2	0	26	2	21.89401071262412	26.79234538317509	2000	distribution of individual CpG effects; not gene-level test
SNUH	EYA4	body	unselected	all_measured_descriptive	16	12	4	2	1	0	12	142	142	-6.751713359474202	-15.162683806737716	-4.85991831182819	-23.620594711186808	-0.4001585159827513	0	12	0	0	10			0	distribution of individual CpG effects; not gene-level test
SNUH	EYA4	body	unselected	annotation_unmasked	16	12	4	2	1	0	11	142	142	-5.878690974734218	-12.194260814677994	-4.7515274720104035	-23.144960846866606	-0.4001585159827513	0	11	0	0	10	-8.233316936445517	-4.277154324714207	2000	distribution of individual CpG effects; not gene-level test
SNUH	EYA4	other	unselected	all_measured_descriptive	3	2	1	0	0	0	2	142	142	-11.601138675271457	-13.604916116465233	-9.59736123407768	-15.608693557659011	-7.593583792883902	0	2	0	0	2			0	distribution of individual CpG effects; not gene-level test
SNUH	EYA4	other	unselected	annotation_unmasked	3	2	1	0	0	0	2	142	142	-11.601138675271457	-13.604916116465233	-9.59736123407768	-15.608693557659011	-7.593583792883902	0	2	0	0	2	-13.33912265650292	-9.828727422200457	2000	distribution of individual CpG effects; not gene-level test
SNUH	ZNF568	all_locations	unselected	all_measured_descriptive	17	14	3	2	2	0	14	142	142	16.862856615737734	-1.455291334796205	25.229550347952127	-23.233598815247227	28.986662267582286	10	4	0	8	4			0	distribution of individual CpG effects; not gene-level test
SNUH	ZNF568	all_locations	unselected	annotation_unmasked	17	14	3	2	2	0	12	142	142	16.862856615737734	-3.00500002275616	22.959332069025415	-23.233598815247227	28.986662267582286	8	4	0	8	4	14.829374748068835	19.03237059287156	2000	distribution of individual CpG effects; not gene-level test
SNUH	ZNF568	promoter	unselected	all_measured_descriptive	11	9	2	1	1	0	9	142	142	21.824222929562055	13.136519280496515	27.161988724686008	-23.233598815247227	28.986662267582286	7	2	0	6	2			0	distribution of individual CpG effects; not gene-level test
SNUH	ZNF568	promoter	unselected	annotation_unmasked	11	9	2	1	1	0	8	142	142	19.793993098694422	8.440124740051722	26.563991796733117	-23.233598815247227	28.986662267582286	6	2	0	6	2	17.28248349311167	22.58940037762657	2000	distribution of individual CpG effects; not gene-level test
SNUH	ZNF568	body	unselected	all_measured_descriptive	1	1	0	0	0	0	1	142	142	-10.234672318129745	-10.234672318129745	-10.234672318129745	-10.234672318129745	-10.234672318129745	0	1	0	0	1			0	distribution of individual CpG effects; not gene-level test
SNUH	ZNF568	body	unselected	annotation_unmasked	1	1	0	0	0	0	1	142	142	-10.234672318129745	-10.234672318129745	-10.234672318129745	-10.234672318129745	-10.234672318129745	0	1	0	0	1	-12.625787950797234	-8.000751548813815	2000	distribution of individual CpG effects; not gene-level test
SNUH	ZNF568	other	unselected	all_measured_descriptive	5	4	1	1	1	0	4	142	142	8.255862917102924	-0.11857986456062419	17.196794842517356	-2.1236470699139955	20.901329479123387	3	1	0	2	1			0	distribution of individual CpG effects; not gene-level test
SNUH	ZNF568	other	unselected	annotation_unmasked	5	4	1	1	1	0	3	142	142	15.961949963648681	6.9191514468673425	18.431639721386034	-2.1236470699139955	20.901329479123387	2	1	0	2	1	13.625615436575185	18.329833547486633	2000	distribution of individual CpG effects; not gene-level test
SNUH	ZNF793	all_locations	unselected	all_measured_descriptive	10	6	4	0	0	0	6	142	142	-2.7789790133069068	-8.215683787931876	11.913006686121193	-19.73936178334755	29.451707921508945	2	4	0	2	4			0	distribution of individual CpG effects; not gene-level test
SNUH	ZNF793	all_locations	unselected	annotation_unmasked	10	6	4	0	0	0	6	142	142	-2.7789790133069068	-8.215683787931876	11.913006686121193	-19.73936178334755	29.451707921508945	2	4	0	2	4	-4.222031472233793	-1.3983467473963251	2000	distribution of individual CpG effects; not gene-level test
SNUH	ZNF793	promoter	unselected	all_measured_descriptive	6	3	3	0	0	0	3	142	142	16.155048876778892	3.3912082698951806	22.803378399143917	-9.372632336988532	29.451707921508945	2	1	0	2	1			0	distribution of individual CpG effects; not gene-level test
SNUH	ZNF793	promoter	unselected	annotation_unmasked	6	3	3	0	0	0	3	142	142	16.155048876778892	3.3912082698951806	22.803378399143917	-9.372632336988532	29.451707921508945	2	1	0	2	1	13.382173388995463	19.061018018805992	2000	distribution of individual CpG effects; not gene-level test
SNUH	ZNF793	body	unselected	all_measured_descriptive	1	1	0	0	0	0	1	142	142	-19.73936178334755	-19.73936178334755	-19.73936178334755	-19.73936178334755	-19.73936178334755	0	1	0	0	1			0	distribution of individual CpG effects; not gene-level test
SNUH	ZNF793	body	unselected	annotation_unmasked	1	1	0	0	0	0	1	142	142	-19.73936178334755	-19.73936178334755	-19.73936178334755	-19.73936178334755	-19.73936178334755	0	1	0	0	1	-22.50092974152596	-17.004183156889653	2000	distribution of individual CpG effects; not gene-level test
SNUH	ZNF793	other	unselected	all_measured_descriptive	3	2	1	0	0	0	2	142	142	-2.7789790133069068	-3.7619085770344087	-1.7960494495794044	-4.744838140761911	-0.8131198858519022	0	2	0	0	2			0	distribution of individual CpG effects; not gene-level test
SNUH	ZNF793	other	unselected	annotation_unmasked	3	2	1	0	0	0	2	142	142	-2.7789790133069068	-3.7619085770344087	-1.7960494495794044	-4.744838140761911	-0.8131198858519022	0	2	0	0	2	-4.222031472233793	-1.3983467473963251	2000	distribution of individual CpG effects; not gene-level test
SNUH	SFMBT2	all_locations	unselected	all_measured_descriptive	57	34	23	5	2	0	34	142	142	-3.798106041133641	-11.494726076698832	14.853533019659867	-24.239652403858777	39.88067576333489	10	24	0	10	22			0	distribution of individual CpG effects; not gene-level test
SNUH	SFMBT2	all_locations	unselected	annotation_unmasked	57	34	23	5	2	0	32	142	142	-3.4194426490087713	-10.576826490121285	18.133219148336625	-23.85300244516895	39.88067576333489	10	22	0	10	22	-4.437084461512189	-2.391587357051046	2000	distribution of individual CpG effects; not gene-level test
SNUH	SFMBT2	promoter	unselected	all_measured_descriptive	17	12	5	1	1	0	12	142	142	25.95599193368865	14.853533019659867	28.950115965012536	-24.239652403858777	39.88067576333489	10	2	0	10	1			0	distribution of individual CpG effects; not gene-level test
SNUH	SFMBT2	promoter	unselected	annotation_unmasked	17	12	5	1	1	0	11	142	142	26.84800466905947	20.42739073801721	29.548926635663236	-6.954696798291549	39.88067576333489	10	1	0	10	1	23.711370853469965	29.708911531889438	2000	distribution of individual CpG effects; not gene-level test
SNUH	SFMBT2	body	unselected	all_measured_descriptive	37	20	17	4	1	0	20	142	142	-7.204220851433524	-17.2456340759621	-3.161117537724347	-23.85300244516895	-0.48403219979441575	0	20	0	0	19			0	distribution of individual CpG effects; not gene-level test
SNUH	SFMBT2	body	unselected	annotation_unmasked	37	20	17	4	1	0	19	142	142	-6.32050215969302	-15.686076434706019	-3.1165438169174964	-23.85300244516895	-0.48403219979441575	0	19	0	0	19	-8.355832722400539	-4.163642748661099	2000	distribution of individual CpG effects; not gene-level test
SNUH	SFMBT2	other	unselected	all_measured_descriptive	3	2	1	0	0	0	2	142	142	-7.167227237481582	-8.769331834831906	-5.565122640131259	-10.371436432182229	-3.963018042780936	0	2	0	0	2			0	distribution of individual CpG effects; not gene-level test
SNUH	SFMBT2	other	unselected	annotation_unmasked	3	2	1	0	0	0	2	142	142	-7.167227237481582	-8.769331834831906	-5.565122640131259	-10.371436432182229	-3.963018042780936	0	2	0	0	2	-8.861574001377791	-5.42469495253298	2000	distribution of individual CpG effects; not gene-level test
SNUH	ADHFE1	all_locations	unselected	all_measured_descriptive	28	18	10	1	1	0	18	142	142	-3.327804063708676	-14.050814721941167	0.10351199061891976	-26.094761655709142	4.596930962369879	5	13	0	2	11			0	distribution of individual CpG effects; not gene-level test
SNUH	ADHFE1	all_locations	unselected	annotation_unmasked	28	18	10	1	1	0	17	142	142	-4.251703116310546	-14.269814676335319	-0.14190799544789925	-26.094761655709142	4.596930962369879	4	13	0	2	11	-5.443969008731331	-3.1363075927271833	2000	distribution of individual CpG effects; not gene-level test
SNUH	ADHFE1	promoter	unselected	all_measured_descriptive	1	1	0	0	0	0	1	142	142	4.596930962369879	4.596930962369879	4.596930962369879	4.596930962369879	4.596930962369879	1	0	0	1	0			0	distribution of individual CpG effects; not gene-level test
SNUH	ADHFE1	promoter	unselected	annotation_unmasked	1	1	0	0	0	0	1	142	142	4.596930962369879	4.596930962369879	4.596930962369879	4.596930962369879	4.596930962369879	1	0	0	1	0	2.1061634672848166	7.1297429868894415	2000	distribution of individual CpG effects; not gene-level test
SNUH	ADHFE1	body	unselected	all_measured_descriptive	13	11	2	1	1	0	11	142	142	-7.0764775849964785	-14.631226495258103	-2.9047545331852476	-26.094761655709142	3.5383787275803753	2	9	0	1	9			0	distribution of individual CpG effects; not gene-level test
SNUH	ADHFE1	body	unselected	annotation_unmasked	13	11	2	1	1	0	10	142	142	-10.235146221877596	-14.811932404719496	-4.787512055187982	-26.094761655709142	2.3700586904261836	1	9	0	1	9	-12.031672373600625	-8.79882754901471	2000	distribution of individual CpG effects; not gene-level test
SNUH	ADHFE1	other	unselected	all_measured_descriptive	14	6	8	0	0	0	6	142	142	-0.7708488984694161	-2.1528762087028372	0.10351199061891976	-15.629642592542467	1.1588962024844895	2	4	0	0	2			0	distribution of individual CpG effects; not gene-level test
SNUH	ADHFE1	other	unselected	annotation_unmasked	14	6	8	0	0	0	6	142	142	-0.7708488984694161	-2.1528762087028372	0.10351199061891976	-15.629642592542467	1.1588962024844895	2	4	0	0	2	-1.7910997923266168	0.09340218731094092	2000	distribution of individual CpG effects; not gene-level test
SNUH	HOXA2	all_locations	unselected	all_measured_descriptive	26	20	6	0	0	0	20	142	142	22.77401425455559	18.730356676836138	25.69154768348509	7.5626472984590425	29.794418617226608	20	0	0	20	0			0	distribution of individual CpG effects; not gene-level test
SNUH	HOXA2	all_locations	unselected	annotation_unmasked	26	20	6	0	0	0	20	142	142	22.77401425455559	18.730356676836138	25.69154768348509	7.5626472984590425	29.794418617226608	20	0	0	20	0	20.069721018350844	25.27604875720209	2000	distribution of individual CpG effects; not gene-level test
SNUH	HOXA2	promoter	unselected	all_measured_descriptive	25	19	6	0	0	0	19	142	142	22.742799870442777	18.595975980877014	25.961954118007487	7.5626472984590425	29.794418617226608	19	0	0	19	0			0	distribution of individual CpG effects; not gene-level test
SNUH	HOXA2	promoter	unselected	annotation_unmasked	25	19	6	0	0	0	19	142	142	22.742799870442777	18.595975980877014	25.961954118007487	7.5626472984590425	29.794418617226608	19	0	0	19	0	19.77821100336772	25.178375519490658	2000	distribution of individual CpG effects; not gene-level test
SNUH	HOXA2	body	unselected	all_measured_descriptive	1	1	0	0	0	0	1	142	142	24.088638564196614	24.088638564196614	24.088638564196614	24.088638564196614	24.088638564196614	1	0	0	1	0			0	distribution of individual CpG effects; not gene-level test
SNUH	HOXA2	body	unselected	annotation_unmasked	1	1	0	0	0	0	1	142	142	24.088638564196614	24.088638564196614	24.088638564196614	24.088638564196614	24.088638564196614	1	0	0	1	0	22.05386534824514	26.091501565613722	2000	distribution of individual CpG effects; not gene-level test
SNUH	HOXA2	other	unselected	all_measured_descriptive	0	0	0	0	0	0	0	0	0						0	0	0	0	0			0	distribution of individual CpG effects; not gene-level test
SNUH	HOXA2	other	unselected	annotation_unmasked	0	0	0	0	0	0	0	0	0						0	0	0	0	0			0	distribution of individual CpG effects; not gene-level test
SNUH	BEND5	all_locations	unselected	all_measured_descriptive	11	9	2	0	0	0	9	142	142	-5.5800899302098115	-17.873351329542878	7.11181573128192	-24.695007840946246	22.92720336361593	3	6	0	3	5			0	distribution of individual CpG effects; not gene-level test
SNUH	BEND5	all_locations	unselected	annotation_unmasked	11	9	2	0	0	0	9	142	142	-5.5800899302098115	-17.873351329542878	7.11181573128192	-24.695007840946246	22.92720336361593	3	6	0	3	5	-7.127778308978624	-4.132233001684036	2000	distribution of individual CpG effects; not gene-level test
SNUH	BEND5	promoter	unselected	all_measured_descriptive	5	3	2	0	0	0	3	142	142	7.369770056486727	7.240792893884324	15.14848671005133	7.11181573128192	22.92720336361593	3	0	0	3	0			0	distribution of individual CpG effects; not gene-level test
SNUH	BEND5	promoter	unselected	annotation_unmasked	5	3	2	0	0	0	3	142	142	7.369770056486727	7.240792893884324	15.14848671005133	7.11181573128192	22.92720336361593	3	0	0	3	0	6.107035244535381	9.6176136558905	2000	distribution of individual CpG effects; not gene-level test
SNUH	BEND5	body	unselected	all_measured_descriptive	6	6	0	0	0	0	6	142	142	-15.293742568573801	-21.195738279147733	-7.36360089955854	-24.695007840946246	-1.1046717646349473	0	6	0	0	5			0	distribution of individual CpG effects; not gene-level test
SNUH	BEND5	body	unselected	annotation_unmasked	6	6	0	0	0	0	6	142	142	-15.293742568573801	-21.195738279147733	-7.36360089955854	-24.695007840946246	-1.1046717646349473	0	6	0	0	5	-17.217590507792075	-13.323152859537032	2000	distribution of individual CpG effects; not gene-level test
SNUH	BEND5	other	unselected	all_measured_descriptive	0	0	0	0	0	0	0	0	0						0	0	0	0	0			0	distribution of individual CpG effects; not gene-level test
SNUH	BEND5	other	unselected	annotation_unmasked	0	0	0	0	0	0	0	0	0						0	0	0	0	0			0	distribution of individual CpG effects; not gene-level test
SNUH	UNC5C	all_locations	unselected	all_measured_descriptive	30	26	4	0	0	0	26	142	142	10.762862944237423	-11.451924004927063	22.53104609614571	-24.668933855777528	25.523025618600464	14	12	0	14	9			0	distribution of individual CpG effects; not gene-level test
SNUH	UNC5C	all_locations	unselected	annotation_unmasked	30	26	4	0	0	0	26	142	142	10.762862944237423	-11.451924004927063	22.53104609614571	-24.668933855777528	25.523025618600464	14	12	0	14	9	8.623306686203131	13.20817251877225	2000	distribution of individual CpG effects; not gene-level test
SNUH	UNC5C	promoter	unselected	all_measured_descriptive	10	8	2	0	0	0	8	142	142	23.79407912898369	22.52874194576149	25.34318057095443	20.526321412448006	25.523025618600464	8	0	0	8	0			0	distribution of individual CpG effects; not gene-level test
SNUH	UNC5C	promoter	unselected	annotation_unmasked	10	8	2	0	0	0	8	142	142	23.79407912898369	22.52874194576149	25.34318057095443	20.526321412448006	25.523025618600464	8	0	0	8	0	21.455538342191385	26.46379724087287	2000	distribution of individual CpG effects; not gene-level test
SNUH	UNC5C	body	unselected	all_measured_descriptive	19	17	2	0	0	0	17	142	142	-1.32037956676745	-11.733608801577654	12.261350240732932	-20.804208160363988	23.247579778447975	6	11	0	6	8			0	distribution of individual CpG effects; not gene-level test
SNUH	UNC5C	body	unselected	annotation_unmasked	19	17	2	0	0	0	17	142	142	-1.32037956676745	-11.733608801577654	12.261350240732932	-20.804208160363988	23.247579778447975	6	11	0	6	8	-2.7450521459741246	-0.6473343203603036	2000	distribution of individual CpG effects; not gene-level test
SNUH	UNC5C	other	unselected	all_measured_descriptive	1	1	0	0	0	0	1	142	142	-24.668933855777528	-24.668933855777528	-24.668933855777528	-24.668933855777528	-24.668933855777528	0	1	0	0	1			0	distribution of individual CpG effects; not gene-level test
SNUH	UNC5C	other	unselected	annotation_unmasked	1	1	0	0	0	0	1	142	142	-24.668933855777528	-24.668933855777528	-24.668933855777528	-24.668933855777528	-24.668933855777528	0	1	0	0	1	-27.06870499260822	-22.193253576783654	2000	distribution of individual CpG effects; not gene-level test
SNUH	RALYL	all_locations	unselected	all_measured_descriptive	28	22	6	3	2	0	22	142	142	11.69404889036437	-9.537725573633061	21.390573855864204	-26.44361698041131	26.54205830432893	13	9	0	12	8			0	distribution of individual CpG effects; not gene-level test
SNUH	RALYL	all_locations	unselected	annotation_unmasked	28	22	6	3	2	0	20	142	142	12.217633332713426	-11.689421476106444	21.753222593150262	-26.44361698041131	26.54205830432893	12	8	0	12	8	10.65380400703149	14.113852771366064	2000	distribution of individual CpG effects; not gene-level test
SNUH	RALYL	promoter	unselected	all_measured_descriptive	20	16	4	2	1	0	16	142	142	18.17519043162353	10.91294260195595	22.577137951364104	-26.44361698041131	26.54205830432893	13	3	0	12	3			0	distribution of individual CpG effects; not gene-level test
SNUH	RALYL	promoter	unselected	annotation_unmasked	20	16	4	2	1	0	15	142	142	20.144970124452712	10.614517277806238	23.165211150235947	-26.44361698041131	26.54205830432893	12	3	0	12	3	17.643527012206427	22.321746456452495	2000	distribution of individual CpG effects; not gene-level test
SNUH	RALYL	body	unselected	all_measured_descriptive	8	6	2	1	1	0	6	142	142	-17.62291411655833	-20.996190611287037	-8.899580264602344	-26.094589085538207	-2.8166116024880545	0	6	0	0	5			0	distribution of individual CpG effects; not gene-level test
SNUH	RALYL	body	unselected	annotation_unmasked	8	6	2	1	1	0	5	142	142	-17.90980471079662	-22.02498591145051	-17.33602352232004	-26.094589085538207	-6.087432512029778	0	5	0	0	5	-21.421100126920706	-15.480894781620394	2000	distribution of individual CpG effects; not gene-level test
SNUH	RALYL	other	unselected	all_measured_descriptive	0	0	0	0	0	0	0	0	0						0	0	0	0	0			0	distribution of individual CpG effects; not gene-level test
SNUH	RALYL	other	unselected	annotation_unmasked	0	0	0	0	0	0	0	0	0						0	0	0	0	0			0	distribution of individual CpG effects; not gene-level test
SNUH	GFRA1	all_locations	unselected	all_measured_descriptive	47	32	15	0	0	0	32	142	142	17.499821205664446	-4.865852981796263	24.071102741670874	-23.49203545327745	34.66374369587294	19	13	0	19	12			0	distribution of individual CpG effects; not gene-level test
SNUH	GFRA1	all_locations	unselected	annotation_unmasked	47	32	15	0	0	0	32	142	142	17.499821205664446	-4.865852981796263	24.071102741670874	-23.49203545327745	34.66374369587294	19	13	0	19	12	15.36646397294312	19.262357329778816	2000	distribution of individual CpG effects; not gene-level test
SNUH	GFRA1	promoter	unselected	all_measured_descriptive	20	15	5	0	0	0	15	142	142	21.622392025874092	18.684969524081495	27.341621886697304	14.292158826814566	34.66374369587294	15	0	0	15	0			0	distribution of individual CpG effects; not gene-level test
SNUH	GFRA1	promoter	unselected	annotation_unmasked	20	15	5	0	0	0	15	142	142	21.622392025874092	18.684969524081495	27.341621886697304	14.292158826814566	34.66374369587294	15	0	0	15	0	19.197678403664238	24.525054663922667	2000	distribution of individual CpG effects; not gene-level test
SNUH	GFRA1	body	unselected	all_measured_descriptive	21	13	8	0	0	0	13	142	142	-3.6535073460961307	-7.179770553235885	17.617451031381506	-23.49203545327745	26.853447541287867	4	9	0	4	8			0	distribution of individual CpG effects; not gene-level test
SNUH	GFRA1	body	unselected	annotation_unmasked	21	13	8	0	0	0	13	142	142	-3.6535073460961307	-7.179770553235885	17.617451031381506	-23.49203545327745	26.853447541287867	4	9	0	4	8	-5.070109610677753	-1.8110666586492346	2000	distribution of individual CpG effects; not gene-level test
SNUH	GFRA1	other	unselected	all_measured_descriptive	6	4	2	0	0	0	4	142	142	-8.579886627322791	-10.115849289248539	-6.552495459065103	-10.453967619936929	-4.7400916093808885	0	4	0	0	4			0	distribution of individual CpG effects; not gene-level test
SNUH	GFRA1	other	unselected	annotation_unmasked	6	4	2	0	0	0	4	142	142	-8.579886627322791	-10.115849289248539	-6.552495459065103	-10.453967619936929	-4.7400916093808885	0	4	0	0	4	-10.315896713194977	-6.677354021150402	2000	distribution of individual CpG effects; not gene-level test
ASAN	ALL	all_locations	selected	all_measured_descriptive	77	56	21	2	2	0	56	128	128	22.841270317102015	20.539665285684578	24.384819966211847	14.449218226705785	34.34581724312007	56	0	0	54	0			0	distribution of individual CpG effects; not gene-level test
ASAN	ALL	all_locations	selected	annotation_unmasked	77	56	21	2	2	0	54	128	128	22.469642984925933	20.40702791800646	24.363630170447802	14.449218226705785	34.34581724312007	54	0	0	54	0	19.663265360410445	25.604991998178516	2000	distribution of individual CpG effects; not gene-level test
ASAN	ALL	promoter	selected	all_measured_descriptive	67	48	19	2	2	0	48	128	128	23.26879276872419	20.829042078712554	24.5779564180418	14.449218226705785	34.34581724312007	48	0	0	46	0			0	distribution of individual CpG effects; not gene-level test
ASAN	ALL	promoter	selected	annotation_unmasked	67	48	19	2	2	0	46	128	128	23.26879276872419	20.503486849015783	24.491324341630744	14.449218226705785	34.34581724312007	46	0	0	46	0	19.700837267570453	25.99714863841673	2000	distribution of individual CpG effects; not gene-level test
ASAN	ALL	body	selected	all_measured_descriptive	8	7	1	0	0	0	7	128	128	22.23231820849566	20.982261647372976	23.151722066443156	17.495144601686626	24.403405129585064	7	0	0	7	0			0	distribution of individual CpG effects; not gene-level test
ASAN	ALL	body	selected	annotation_unmasked	8	7	1	0	0	0	7	128	128	22.23231820849566	20.982261647372976	23.151722066443156	17.495144601686626	24.403405129585064	7	0	0	7	0	19.558650940647784	24.610461049317298	2000	distribution of individual CpG effects; not gene-level test
ASAN	ALL	other	selected	all_measured_descriptive	2	1	1	0	0	0	1	128	128	18.75582520265904	18.75582520265904	18.75582520265904	18.75582520265904	18.75582520265904	1	0	0	1	0			0	distribution of individual CpG effects; not gene-level test
ASAN	ALL	other	selected	annotation_unmasked	2	1	1	0	0	0	1	128	128	18.75582520265904	18.75582520265904	18.75582520265904	18.75582520265904	18.75582520265904	1	0	0	1	0	15.785803438349491	21.956330965120067	2000	distribution of individual CpG effects; not gene-level test
ASAN	EYA4	all_locations	selected	all_measured_descriptive	17	12	5	0	0	0	12	128	128	23.308189654201037	21.472289346268656	24.277820776237338	17.261713928351917	26.015270339431577	12	0	0	12	0			0	distribution of individual CpG effects; not gene-level test
ASAN	EYA4	all_locations	selected	annotation_unmasked	17	12	5	0	0	0	12	128	128	23.308189654201037	21.472289346268656	24.277820776237338	17.261713928351917	26.015270339431577	12	0	0	12	0	19.984202078949664	26.319334811073475	2000	distribution of individual CpG effects; not gene-level test
ASAN	EYA4	promoter	selected	all_measured_descriptive	17	12	5	0	0	0	12	128	128	23.308189654201037	21.472289346268656	24.277820776237338	17.261713928351917	26.015270339431577	12	0	0	12	0			0	distribution of individual CpG effects; not gene-level test
ASAN	EYA4	promoter	selected	annotation_unmasked	17	12	5	0	0	0	12	128	128	23.308189654201037	21.472289346268656	24.277820776237338	17.261713928351917	26.015270339431577	12	0	0	12	0	19.984202078949664	26.319334811073475	2000	distribution of individual CpG effects; not gene-level test
ASAN	EYA4	body	selected	all_measured_descriptive	0	0	0	0	0	0	0	0	0						0	0	0	0	0			0	distribution of individual CpG effects; not gene-level test
ASAN	EYA4	body	selected	annotation_unmasked	0	0	0	0	0	0	0	0	0						0	0	0	0	0			0	distribution of individual CpG effects; not gene-level test
ASAN	EYA4	other	selected	all_measured_descriptive	0	0	0	0	0	0	0	0	0						0	0	0	0	0			0	distribution of individual CpG effects; not gene-level test
ASAN	EYA4	other	selected	annotation_unmasked	0	0	0	0	0	0	0	0	0						0	0	0	0	0			0	distribution of individual CpG effects; not gene-level test
ASAN	ZNF568	all_locations	selected	all_measured_descriptive	8	6	2	1	1	0	6	128	128	23.38087205224322	20.402591170592935	23.641857803228387	18.75582520265904	24.093378839508862	6	0	0	5	0			0	distribution of individual CpG effects; not gene-level test
ASAN	ZNF568	all_locations	selected	annotation_unmasked	8	6	2	1	1	0	5	128	128	23.62298006158518	19.49053354649016	23.648150383776123	18.75582520265904	24.093378839508862	5	0	0	5	0	19.47921899519497	27.141349316158554	2000	distribution of individual CpG effects; not gene-level test
ASAN	ZNF568	promoter	selected	all_measured_descriptive	6	5	1	1	1	0	5	128	128	23.62298006158518	23.138764042901254	23.648150383776123	19.49053354649016	24.093378839508862	5	0	0	4	0			0	distribution of individual CpG effects; not gene-level test
ASAN	ZNF568	promoter	selected	annotation_unmasked	6	5	1	1	1	0	4	128	128	23.635565222680654	22.589868432811425	23.759457497709306	19.49053354649016	24.093378839508862	4	0	0	4	0	19.784753008964685	27.357625902291492	2000	distribution of individual CpG effects; not gene-level test
ASAN	ZNF568	body	selected	all_measured_descriptive	0	0	0	0	0	0	0	0	0						0	0	0	0	0			0	distribution of individual CpG effects; not gene-level test
ASAN	ZNF568	body	selected	annotation_unmasked	0	0	0	0	0	0	0	0	0						0	0	0	0	0			0	distribution of individual CpG effects; not gene-level test
ASAN	ZNF568	other	selected	all_measured_descriptive	2	1	1	0	0	0	1	128	128	18.75582520265904	18.75582520265904	18.75582520265904	18.75582520265904	18.75582520265904	1	0	0	1	0			0	distribution of individual CpG effects; not gene-level test
ASAN	ZNF568	other	selected	annotation_unmasked	2	1	1	0	0	0	1	128	128	18.75582520265904	18.75582520265904	18.75582520265904	18.75582520265904	18.75582520265904	1	0	0	1	0	15.785803438349491	21.956330965120067	2000	distribution of individual CpG effects; not gene-level test
ASAN	ZNF793	all_locations	selected	all_measured_descriptive	8	5	3	0	0	0	5	128	128	18.671820764925297	17.5962149571119	20.325448027807358	17.087036588142716	22.297966836579945	5	0	0	5	0			0	distribution of individual CpG effects; not gene-level test
ASAN	ZNF793	all_locations	selected	annotation_unmasked	8	5	3	0	0	0	5	128	128	18.671820764925297	17.5962149571119	20.325448027807358	17.087036588142716	22.297966836579945	5	0	0	5	0	15.077652756660104	22.491138180023565	2000	distribution of individual CpG effects; not gene-level test
ASAN	ZNF793	promoter	selected	all_measured_descriptive	8	5	3	0	0	0	5	128	128	18.671820764925297	17.5962149571119	20.325448027807358	17.087036588142716	22.297966836579945	5	0	0	5	0			0	distribution of individual CpG effects; not gene-level test
ASAN	ZNF793	promoter	selected	annotation_unmasked	8	5	3	0	0	0	5	128	128	18.671820764925297	17.5962149571119	20.325448027807358	17.087036588142716	22.297966836579945	5	0	0	5	0	15.077652756660104	22.491138180023565	2000	distribution of individual CpG effects; not gene-level test
ASAN	ZNF793	body	selected	all_measured_descriptive	0	0	0	0	0	0	0	0	0						0	0	0	0	0			0	distribution of individual CpG effects; not gene-level test
ASAN	ZNF793	body	selected	annotation_unmasked	0	0	0	0	0	0	0	0	0						0	0	0	0	0			0	distribution of individual CpG effects; not gene-level test
ASAN	ZNF793	other	selected	all_measured_descriptive	0	0	0	0	0	0	0	0	0						0	0	0	0	0			0	distribution of individual CpG effects; not gene-level test
ASAN	ZNF793	other	selected	annotation_unmasked	0	0	0	0	0	0	0	0	0						0	0	0	0	0			0	distribution of individual CpG effects; not gene-level test
ASAN	SFMBT2	all_locations	selected	all_measured_descriptive	8	6	2	0	0	0	6	128	128	24.423768382392584	22.19540288570752	25.48017915170923	17.88595328353491	26.472069652165448	6	0	0	6	0			0	distribution of individual CpG effects; not gene-level test
ASAN	SFMBT2	all_locations	selected	annotation_unmasked	8	6	2	0	0	0	6	128	128	24.423768382392584	22.19540288570752	25.48017915170923	17.88595328353491	26.472069652165448	6	0	0	6	0	20.99676880049889	27.789060883358463	2000	distribution of individual CpG effects; not gene-level test
ASAN	SFMBT2	promoter	selected	all_measured_descriptive	8	6	2	0	0	0	6	128	128	24.423768382392584	22.19540288570752	25.48017915170923	17.88595328353491	26.472069652165448	6	0	0	6	0			0	distribution of individual CpG effects; not gene-level test
ASAN	SFMBT2	promoter	selected	annotation_unmasked	8	6	2	0	0	0	6	128	128	24.423768382392584	22.19540288570752	25.48017915170923	17.88595328353491	26.472069652165448	6	0	0	6	0	20.99676880049889	27.789060883358463	2000	distribution of individual CpG effects; not gene-level test
ASAN	SFMBT2	body	selected	all_measured_descriptive	0	0	0	0	0	0	0	0	0						0	0	0	0	0			0	distribution of individual CpG effects; not gene-level test
ASAN	SFMBT2	body	selected	annotation_unmasked	0	0	0	0	0	0	0	0	0						0	0	0	0	0			0	distribution of individual CpG effects; not gene-level test
ASAN	SFMBT2	other	selected	all_measured_descriptive	0	0	0	0	0	0	0	0	0						0	0	0	0	0			0	distribution of individual CpG effects; not gene-level test
ASAN	SFMBT2	other	selected	annotation_unmasked	0	0	0	0	0	0	0	0	0						0	0	0	0	0			0	distribution of individual CpG effects; not gene-level test
ASAN	ADHFE1	all_locations	selected	all_measured_descriptive	8	5	3	0	0	0	5	128	128	29.984137592870542	28.84788387077064	32.77541401728507	23.75966754158354	34.34581724312007	5	0	0	5	0			0	distribution of individual CpG effects; not gene-level test
ASAN	ADHFE1	all_locations	selected	annotation_unmasked	8	5	3	0	0	0	5	128	128	29.984137592870542	28.84788387077064	32.77541401728507	23.75966754158354	34.34581724312007	5	0	0	5	0	26.284928607820447	33.523842820772614	2000	distribution of individual CpG effects; not gene-level test
ASAN	ADHFE1	promoter	selected	all_measured_descriptive	7	4	3	0	0	0	4	128	128	31.379775805077806	29.700074162345565	33.16801482374382	28.84788387077064	34.34581724312007	4	0	0	4	0			0	distribution of individual CpG effects; not gene-level test
ASAN	ADHFE1	promoter	selected	annotation_unmasked	7	4	3	0	0	0	4	128	128	31.379775805077806	29.700074162345565	33.16801482374382	28.84788387077064	34.34581724312007	4	0	0	4	0	27.54018163937994	35.01026802414522	2000	distribution of individual CpG effects; not gene-level test
ASAN	ADHFE1	body	selected	all_measured_descriptive	1	1	0	0	0	0	1	128	128	23.75966754158354	23.75966754158354	23.75966754158354	23.75966754158354	23.75966754158354	1	0	0	1	0			0	distribution of individual CpG effects; not gene-level test
ASAN	ADHFE1	body	selected	annotation_unmasked	1	1	0	0	0	0	1	128	128	23.75966754158354	23.75966754158354	23.75966754158354	23.75966754158354	23.75966754158354	1	0	0	1	0	20.559576773143693	26.772043817508845	2000	distribution of individual CpG effects; not gene-level test
ASAN	ADHFE1	other	selected	all_measured_descriptive	0	0	0	0	0	0	0	0	0						0	0	0	0	0			0	distribution of individual CpG effects; not gene-level test
ASAN	ADHFE1	other	selected	annotation_unmasked	0	0	0	0	0	0	0	0	0						0	0	0	0	0			0	distribution of individual CpG effects; not gene-level test
ASAN	HOXA2	all_locations	selected	all_measured_descriptive	8	6	2	1	1	0	6	128	128	22.388047399899214	21.57698404604065	23.93849799501449	20.60598396952364	25.29706927170138	6	0	0	5	0			0	distribution of individual CpG effects; not gene-level test
ASAN	HOXA2	all_locations	selected	annotation_unmasked	8	6	2	1	1	0	5	128	128	22.23231820849566	21.358539325222313	22.543776591302773	20.60598396952364	24.403405129585064	5	0	0	5	0	19.558650940647784	24.655051711005978	2000	distribution of individual CpG effects; not gene-level test
ASAN	HOXA2	promoter	selected	all_measured_descriptive	3	1	2	1	1	0	1	128	128	25.29706927170138	25.29706927170138	25.29706927170138	25.29706927170138	25.29706927170138	1	0	0	0	0			0	distribution of individual CpG effects; not gene-level test
ASAN	HOXA2	promoter	selected	annotation_unmasked	3	1	2	1	1	0	0	0	0						0	0	0	0	0			0	distribution of individual CpG effects; not gene-level test
ASAN	HOXA2	body	selected	all_measured_descriptive	5	5	0	0	0	0	5	128	128	22.23231820849566	21.358539325222313	22.543776591302773	20.60598396952364	24.403405129585064	5	0	0	5	0			0	distribution of individual CpG effects; not gene-level test
ASAN	HOXA2	body	selected	annotation_unmasked	5	5	0	0	0	0	5	128	128	22.23231820849566	21.358539325222313	22.543776591302773	20.60598396952364	24.403405129585064	5	0	0	5	0	19.558650940647784	24.655051711005978	2000	distribution of individual CpG effects; not gene-level test
ASAN	HOXA2	other	selected	all_measured_descriptive	0	0	0	0	0	0	0	0	0						0	0	0	0	0			0	distribution of individual CpG effects; not gene-level test
ASAN	HOXA2	other	selected	annotation_unmasked	0	0	0	0	0	0	0	0	0						0	0	0	0	0			0	distribution of individual CpG effects; not gene-level test
ASAN	BEND5	all_locations	selected	all_measured_descriptive	4	4	0	0	0	0	4	128	128	25.510874881356944	22.694690707061234	28.487936968060744	20.3407092341674	31.324552178178845	4	0	0	4	0			0	distribution of individual CpG effects; not gene-level test
ASAN	BEND5	all_locations	selected	annotation_unmasked	4	4	0	0	0	0	4	128	128	25.510874881356944	22.694690707061234	28.487936968060744	20.3407092341674	31.324552178178845	4	0	0	4	0	22.04888793751821	28.885260845139427	2000	distribution of individual CpG effects; not gene-level test
ASAN	BEND5	promoter	selected	all_measured_descriptive	4	4	0	0	0	0	4	128	128	25.510874881356944	22.694690707061234	28.487936968060744	20.3407092341674	31.324552178178845	4	0	0	4	0			0	distribution of individual CpG effects; not gene-level test
ASAN	BEND5	promoter	selected	annotation_unmasked	4	4	0	0	0	0	4	128	128	25.510874881356944	22.694690707061234	28.487936968060744	20.3407092341674	31.324552178178845	4	0	0	4	0	22.04888793751821	28.885260845139427	2000	distribution of individual CpG effects; not gene-level test
ASAN	BEND5	body	selected	all_measured_descriptive	0	0	0	0	0	0	0	0	0						0	0	0	0	0			0	distribution of individual CpG effects; not gene-level test
ASAN	BEND5	body	selected	annotation_unmasked	0	0	0	0	0	0	0	0	0						0	0	0	0	0			0	distribution of individual CpG effects; not gene-level test
ASAN	BEND5	other	selected	all_measured_descriptive	0	0	0	0	0	0	0	0	0						0	0	0	0	0			0	distribution of individual CpG effects; not gene-level test
ASAN	BEND5	other	selected	annotation_unmasked	0	0	0	0	0	0	0	0	0						0	0	0	0	0			0	distribution of individual CpG effects; not gene-level test
ASAN	UNC5C	all_locations	selected	all_measured_descriptive	5	4	1	0	0	0	4	128	128	20.50049036592941	19.14453256729781	21.526031525277542	17.495144601686626	22.184169573038336	4	0	0	4	0			0	distribution of individual CpG effects; not gene-level test
ASAN	UNC5C	all_locations	selected	annotation_unmasked	5	4	1	0	0	0	4	128	128	20.50049036592941	19.14453256729781	21.526031525277542	17.495144601686626	22.184169573038336	4	0	0	4	0	17.389290798876107	23.702166310169957	2000	distribution of individual CpG effects; not gene-level test
ASAN	UNC5C	promoter	selected	all_measured_descriptive	3	3	0	0	0	0	3	128	128	21.306652176023945	20.50049036592941	21.74541087453114	19.69432855583487	22.184169573038336	3	0	0	3	0			0	distribution of individual CpG effects; not gene-level test
ASAN	UNC5C	promoter	selected	annotation_unmasked	3	3	0	0	0	0	3	128	128	21.306652176023945	20.50049036592941	21.74541087453114	19.69432855583487	22.184169573038336	3	0	0	3	0	17.931710145997304	24.66430662346284	2000	distribution of individual CpG effects; not gene-level test
ASAN	UNC5C	body	selected	all_measured_descriptive	2	1	1	0	0	0	1	128	128	17.495144601686626	17.495144601686626	17.495144601686626	17.495144601686626	17.495144601686626	1	0	0	1	0			0	distribution of individual CpG effects; not gene-level test
ASAN	UNC5C	body	selected	annotation_unmasked	2	1	1	0	0	0	1	128	128	17.495144601686626	17.495144601686626	17.495144601686626	17.495144601686626	17.495144601686626	1	0	0	1	0	14.767550101527977	20.15331244583058	2000	distribution of individual CpG effects; not gene-level test
ASAN	UNC5C	other	selected	all_measured_descriptive	0	0	0	0	0	0	0	0	0						0	0	0	0	0			0	distribution of individual CpG effects; not gene-level test
ASAN	UNC5C	other	selected	annotation_unmasked	0	0	0	0	0	0	0	0	0						0	0	0	0	0			0	distribution of individual CpG effects; not gene-level test
ASAN	RALYL	all_locations	selected	all_measured_descriptive	5	2	3	0	0	0	2	128	128	18.54152477186537	17.277643308243178	19.80540623548756	16.01376184462099	21.069287699109747	2	0	0	2	0			0	distribution of individual CpG effects; not gene-level test
ASAN	RALYL	all_locations	selected	annotation_unmasked	5	2	3	0	0	0	2	128	128	18.54152477186537	17.277643308243178	19.80540623548756	16.01376184462099	21.069287699109747	2	0	0	2	0	15.451083595567535	21.57740213781469	2000	distribution of individual CpG effects; not gene-level test
ASAN	RALYL	promoter	selected	all_measured_descriptive	5	2	3	0	0	0	2	128	128	18.54152477186537	17.277643308243178	19.80540623548756	16.01376184462099	21.069287699109747	2	0	0	2	0			0	distribution of individual CpG effects; not gene-level test
ASAN	RALYL	promoter	selected	annotation_unmasked	5	2	3	0	0	0	2	128	128	18.54152477186537	17.277643308243178	19.80540623548756	16.01376184462099	21.069287699109747	2	0	0	2	0	15.451083595567535	21.57740213781469	2000	distribution of individual CpG effects; not gene-level test
ASAN	RALYL	body	selected	all_measured_descriptive	0	0	0	0	0	0	0	0	0						0	0	0	0	0			0	distribution of individual CpG effects; not gene-level test
ASAN	RALYL	body	selected	annotation_unmasked	0	0	0	0	0	0	0	0	0						0	0	0	0	0			0	distribution of individual CpG effects; not gene-level test
ASAN	RALYL	other	selected	all_measured_descriptive	0	0	0	0	0	0	0	0	0						0	0	0	0	0			0	distribution of individual CpG effects; not gene-level test
ASAN	RALYL	other	selected	annotation_unmasked	0	0	0	0	0	0	0	0	0						0	0	0	0	0			0	distribution of individual CpG effects; not gene-level test
ASAN	GFRA1	all_locations	selected	all_measured_descriptive	6	6	0	0	0	0	6	128	128	22.47405884438395	21.64257444040107	23.974089052217646	14.449218226705785	24.725153217398336	6	0	0	6	0			0	distribution of individual CpG effects; not gene-level test
ASAN	GFRA1	all_locations	selected	annotation_unmasked	6	6	0	0	0	0	6	128	128	22.47405884438395	21.64257444040107	23.974089052217646	14.449218226705785	24.725153217398336	6	0	0	6	0	18.925792221341688	26.079434894331214	2000	distribution of individual CpG effects; not gene-level test
ASAN	GFRA1	promoter	selected	all_measured_descriptive	6	6	0	0	0	0	6	128	128	22.47405884438395	21.64257444040107	23.974089052217646	14.449218226705785	24.725153217398336	6	0	0	6	0			0	distribution of individual CpG effects; not gene-level test
ASAN	GFRA1	promoter	selected	annotation_unmasked	6	6	0	0	0	0	6	128	128	22.47405884438395	21.64257444040107	23.974089052217646	14.449218226705785	24.725153217398336	6	0	0	6	0	18.925792221341688	26.079434894331214	2000	distribution of individual CpG effects; not gene-level test
ASAN	GFRA1	body	selected	all_measured_descriptive	0	0	0	0	0	0	0	0	0						0	0	0	0	0			0	distribution of individual CpG effects; not gene-level test
ASAN	GFRA1	body	selected	annotation_unmasked	0	0	0	0	0	0	0	0	0						0	0	0	0	0			0	distribution of individual CpG effects; not gene-level test
ASAN	GFRA1	other	selected	all_measured_descriptive	0	0	0	0	0	0	0	0	0						0	0	0	0	0			0	distribution of individual CpG effects; not gene-level test
ASAN	GFRA1	other	selected	annotation_unmasked	0	0	0	0	0	0	0	0	0						0	0	0	0	0			0	distribution of individual CpG effects; not gene-level test
ASAN	ALL	all_locations	unselected	all_measured_descriptive	311	225	86	16	10	0	225	128	128	6.922009293987546	-5.085843791539708	16.938217609265312	-20.45861603137525	27.789426461031454	126	99	0	116	84			0	distribution of individual CpG effects; not gene-level test
ASAN	ALL	all_locations	unselected	annotation_unmasked	311	225	86	16	10	0	215	128	128	7.4890161593583775	-5.080072695794986	17.099724475147042	-20.45861603137525	27.789426461031454	120	95	0	116	84	6.134767823253448	8.547843023184262	2000	distribution of individual CpG effects; not gene-level test
ASAN	ALL	promoter	unselected	all_measured_descriptive	153	116	37	7	5	0	116	128	128	15.881271392237508	10.4044111770489	19.460838417213928	-20.45861603137525	27.789426461031454	106	10	0	101	9			0	distribution of individual CpG effects; not gene-level test
ASAN	ALL	promoter	unselected	annotation_unmasked	153	116	37	7	5	0	111	128	128	16.153875961095295	11.226083415318556	19.460988107719935	-20.45861603137525	27.789426461031454	102	9	0	101	9	14.036951582569165	18.6136307731756	2000	distribution of individual CpG effects; not gene-level test
ASAN	ALL	body	unselected	all_measured_descriptive	123	88	35	8	4	0	88	128	128	-4.95546225341424	-11.221100124137932	-0.9510136076456659	-20.013031255102042	20.57361285796253	16	72	0	13	60			0	distribution of individual CpG effects; not gene-level test
ASAN	ALL	body	unselected	annotation_unmasked	123	88	35	8	4	0	84	128	128	-4.95546225341424	-11.221100124137932	-0.9510136076456659	-20.013031255102042	20.57361285796253	15	69	0	13	60	-6.196716250883407	-3.7799204294903155	2000	distribution of individual CpG effects; not gene-level test
ASAN	ALL	other	unselected	all_measured_descriptive	35	21	14	1	1	0	21	128	128	-3.2745245631343662	-5.859077149202853	-0.5243460797071373	-17.478140197785464	15.637065426019173	4	17	0	2	15			0	distribution of individual CpG effects; not gene-level test
ASAN	ALL	other	unselected	annotation_unmasked	35	21	14	1	1	0	20	128	128	-3.7502222665980884	-6.025645966480489	-0.8131372089715778	-17.478140197785464	15.637065426019173	3	17	0	2	15	-4.747149915734182	-2.3923710908549896	2000	distribution of individual CpG effects; not gene-level test
ASAN	EYA4	all_locations	unselected	all_measured_descriptive	57	44	13	5	3	0	44	128	128	9.37826628835851	-4.927982360660351	18.669959261014284	-18.067740860318075	27.39627855999115	28	16	0	25	13			0	distribution of individual CpG effects; not gene-level test
ASAN	EYA4	all_locations	unselected	annotation_unmasked	57	44	13	5	3	0	41	128	128	9.375694676872934	-4.9005024679064615	18.68464369461826	-16.953744181937125	27.39627855999115	26	15	0	25	13	7.224006471964285	12.256897377935095	2000	distribution of individual CpG effects; not gene-level test
ASAN	EYA4	promoter	unselected	all_measured_descriptive	38	30	8	3	2	0	30	128	128	15.748123461233805	9.376980482615721	19.483074470286226	-14.401002783126465	27.39627855999115	28	2	0	25	2			0	distribution of individual CpG effects; not gene-level test
ASAN	EYA4	promoter	unselected	annotation_unmasked	38	30	8	3	2	0	28	128	128	16.272423400270295	9.32350537260111	19.571417621910907	-14.401002783126465	27.39627855999115	26	2	0	25	2	13.85961665102286	19.08137455200533	2000	distribution of individual CpG effects; not gene-level test
ASAN	EYA4	body	unselected	all_measured_descriptive	16	12	4	2	1	0	12	128	128	-6.039412954830132	-9.09209822431029	-4.4417653708360785	-18.067740860318075	-0.657425901094871	0	12	0	0	9			0	distribution of individual CpG effects; not gene-level test
ASAN	EYA4	body	unselected	annotation_unmasked	16	12	4	2	1	0	11	128	128	-5.085843791539708	-7.562087059159401	-3.9830282737656963	-16.953744181937125	-0.657425901094871	0	11	0	0	9	-7.319933762374352	-3.733024873243386	2000	distribution of individual CpG effects; not gene-level test
ASAN	EYA4	other	unselected	all_measured_descriptive	3	2	1	0	0	0	2	128	128	-8.284562361438496	-10.31388355712684	-6.255241165750153	-12.343204752815181	-4.225919970061811	0	2	0	0	2			0	distribution of individual CpG effects; not gene-level test
ASAN	EYA4	other	unselected	annotation_unmasked	3	2	1	0	0	0	2	128	128	-8.284562361438496	-10.31388355712684	-6.255241165750153	-12.343204752815181	-4.225919970061811	0	2	0	0	2	-10.06665985688823	-6.534362262819064	2000	distribution of individual CpG effects; not gene-level test
ASAN	ZNF568	all_locations	unselected	all_measured_descriptive	17	14	3	2	2	0	14	128	128	13.249175447977878	-2.087256799171436	18.610243240093848	-16.37968964301464	20.848077069296565	10	4	0	8	4			0	distribution of individual CpG effects; not gene-level test
ASAN	ZNF568	all_locations	unselected	annotation_unmasked	17	14	3	2	2	0	12	128	128	13.249175447977878	-2.956257777498612	17.609227077502844	-16.37968964301464	20.848077069296565	8	4	0	8	4	11.045070951676957	15.441801404716148	2000	distribution of individual CpG effects; not gene-level test
ASAN	ZNF568	promoter	unselected	all_measured_descriptive	11	9	2	1	1	0	9	128	128	17.108718996207344	9.563791385037105	19.288852922950024	-16.37968964301464	20.848077069296565	7	2	0	6	2			0	distribution of individual CpG effects; not gene-level test
ASAN	ZNF568	promoter	unselected	annotation_unmasked	11	9	2	1	1	0	8	128	128	14.988681800604155	6.460301326539488	19.155276721779515	-16.37968964301464	20.848077069296565	6	2	0	6	2	12.447462336965486	17.47640916989741	2000	distribution of individual CpG effects; not gene-level test
ASAN	ZNF568	body	unselected	all_measured_descriptive	1	1	0	0	0	0	1	128	128	-9.612964935185184	-9.612964935185184	-9.612964935185184	-9.612964935185184	-9.612964935185184	0	1	0	0	1			0	distribution of individual CpG effects; not gene-level test
ASAN	ZNF568	body	unselected	annotation_unmasked	1	1	0	0	0	0	1	128	128	-9.612964935185184	-9.612964935185184	-9.612964935185184	-9.612964935185184	-9.612964935185184	0	1	0	0	1	-12.25904466790913	-6.960348957449328	2000	distribution of individual CpG effects; not gene-level test
ASAN	ZNF568	other	unselected	all_measured_descriptive	5	4	1	1	1	0	4	128	128	6.915592820564563	-0.6675216281528384	14.131546074720886	-3.2745245631343662	15.637065426019173	3	1	0	2	1			0	distribution of individual CpG effects; not gene-level test
ASAN	ZNF568	other	unselected	annotation_unmasked	5	4	1	1	1	0	3	128	128	13.62970629095479	5.177590863910211	14.633385858486982	-3.2745245631343662	15.637065426019173	2	1	0	2	1	11.132775343192014	16.180506830830975	2000	distribution of individual CpG effects; not gene-level test
ASAN	ZNF793	all_locations	unselected	all_measured_descriptive	10	6	4	0	0	0	6	128	128	-2.8040564266076644	-5.409129691293168	9.174715501126235	-13.967700853752657	21.0452049893384	2	4	0	2	4			0	distribution of individual CpG effects; not gene-level test
ASAN	ZNF793	all_locations	unselected	annotation_unmasked	10	6	4	0	0	0	6	128	128	-2.8040564266076644	-5.409129691293168	9.174715501126235	-13.967700853752657	21.0452049893384	2	4	0	2	4	-3.731047515329602	-1.688453706776675	2000	distribution of individual CpG effects; not gene-level test
ASAN	ZNF793	promoter	unselected	all_measured_descriptive	6	3	3	0	0	0	3	128	128	12.53608764107711	3.4450760154245987	16.790646315207756	-5.6459356102279115	21.0452049893384	2	1	0	2	1			0	distribution of individual CpG effects; not gene-level test
ASAN	ZNF793	promoter	unselected	annotation_unmasked	6	3	3	0	0	0	3	128	128	12.53608764107711	3.4450760154245987	16.790646315207756	-5.6459356102279115	21.0452049893384	2	1	0	2	1	10.185426337218344	15.088717900709943	2000	distribution of individual CpG effects; not gene-level test
ASAN	ZNF793	body	unselected	all_measured_descriptive	1	1	0	0	0	0	1	128	128	-13.967700853752657	-13.967700853752657	-13.967700853752657	-13.967700853752657	-13.967700853752657	0	1	0	0	1			0	distribution of individual CpG effects; not gene-level test
ASAN	ZNF793	body	unselected	annotation_unmasked	1	1	0	0	0	0	1	128	128	-13.967700853752657	-13.967700853752657	-13.967700853752657	-13.967700853752657	-13.967700853752657	0	1	0	0	1	-16.762324539969242	-11.37213850213726	2000	distribution of individual CpG effects; not gene-level test
ASAN	ZNF793	other	unselected	all_measured_descriptive	3	2	1	0	0	0	2	128	128	-2.8040564266076644	-3.7513841805483006	-1.8567286726670278	-4.698711934488937	-0.9094009187263913	0	2	0	0	2			0	distribution of individual CpG effects; not gene-level test
ASAN	ZNF793	other	unselected	annotation_unmasked	3	2	1	0	0	0	2	128	128	-2.8040564266076644	-3.7513841805483006	-1.8567286726670278	-4.698711934488937	-0.9094009187263913	0	2	0	0	2	-3.9254141836827614	-1.688453706776675	2000	distribution of individual CpG effects; not gene-level test
ASAN	SFMBT2	all_locations	unselected	all_measured_descriptive	57	34	23	5	2	0	34	128	128	-2.1357672550964297	-7.488301630726394	9.73734159215114	-15.985752938878864	27.789426461031454	11	23	0	10	17			0	distribution of individual CpG effects; not gene-level test
ASAN	SFMBT2	all_locations	unselected	annotation_unmasked	57	34	23	5	2	0	32	128	128	-1.8932307942547628	-6.73989514750079	12.113419523637376	-15.685056016222507	27.789426461031454	11	21	0	10	17	-2.5398430225336166	-1.162182578565737	2000	distribution of individual CpG effects; not gene-level test
ASAN	SFMBT2	promoter	unselected	all_measured_descriptive	17	12	5	1	1	0	12	128	128	18.049328872980475	9.73734159215114	21.173308238136087	-15.985752938878864	27.789426461031454	10	2	0	10	1			0	distribution of individual CpG effects; not gene-level test
ASAN	SFMBT2	promoter	unselected	annotation_unmasked	17	12	5	1	1	0	11	128	128	18.198461395338416	13.813128102613335	21.285030342458885	-3.9638576183903207	27.789426461031454	10	1	0	10	1	15.728457534013577	21.536654463070047	2000	distribution of individual CpG effects; not gene-level test
ASAN	SFMBT2	body	unselected	all_measured_descriptive	37	20	17	4	1	0	20	128	128	-4.275229971367359	-10.44361394698694	-1.6364802111623642	-15.685056016222507	0.05687427754838652	1	19	0	0	14			0	distribution of individual CpG effects; not gene-level test
ASAN	SFMBT2	body	unselected	annotation_unmasked	37	20	17	4	1	0	19	128	128	-2.993288322450598	-10.71513745794443	-1.473568578993882	-15.685056016222507	0.05687427754838652	1	18	0	0	14	-4.864529640843931	-2.2464013968277055	2000	distribution of individual CpG effects; not gene-level test
ASAN	SFMBT2	other	unselected	all_measured_descriptive	3	2	1	0	0	0	2	128	128	-4.608598195422058	-5.919362420543747	-3.2978339703003687	-7.230126645665436	-1.9870697451786796	0	2	0	0	2			0	distribution of individual CpG effects; not gene-level test
ASAN	SFMBT2	other	unselected	annotation_unmasked	3	2	1	0	0	0	2	128	128	-4.608598195422058	-5.919362420543747	-3.2978339703003687	-7.230126645665436	-1.9870697451786796	0	2	0	0	2	-6.083810122289215	-3.321526825095123	2000	distribution of individual CpG effects; not gene-level test
ASAN	ADHFE1	all_locations	unselected	all_measured_descriptive	28	18	10	1	1	0	18	128	128	-2.2739779524255694	-8.265521387561925	-0.29339650240023557	-19.185597306000783	6.481212165783409	4	14	0	2	11			0	distribution of individual CpG effects; not gene-level test
ASAN	ADHFE1	all_locations	unselected	annotation_unmasked	28	18	10	1	1	0	17	128	128	-2.663023627686346	-8.632972420939252	-0.5121518219626091	-19.185597306000783	6.481212165783409	3	14	0	2	11	-4.32195725755413	-1.4613793608463215	2000	distribution of individual CpG effects; not gene-level test
ASAN	ADHFE1	promoter	unselected	all_measured_descriptive	1	1	0	0	0	0	1	128	128	6.481212165783409	6.481212165783409	6.481212165783409	6.481212165783409	6.481212165783409	1	0	0	1	0			0	distribution of individual CpG effects; not gene-level test
ASAN	ADHFE1	promoter	unselected	annotation_unmasked	1	1	0	0	0	0	1	128	128	6.481212165783409	6.481212165783409	6.481212165783409	6.481212165783409	6.481212165783409	1	0	0	1	0	3.2241733465827926	9.841034752404825	2000	distribution of individual CpG effects; not gene-level test
ASAN	ADHFE1	body	unselected	all_measured_descriptive	13	11	2	1	1	0	11	128	128	-7.045274417129871	-9.086076305812409	-1.5875877248244776	-19.185597306000783	4.007930531825233	2	9	0	1	8			0	distribution of individual CpG effects; not gene-level test
ASAN	ADHFE1	body	unselected	annotation_unmasked	13	11	2	1	1	0	10	128	128	-7.104221352279907	-9.312628248248988	-2.9552823781797786	-19.185597306000783	2.4403298000754416	1	9	0	1	8	-8.518942547826455	-5.639060817834403	2000	distribution of individual CpG effects; not gene-level test
ASAN	ADHFE1	other	unselected	all_measured_descriptive	14	6	8	0	0	0	6	128	128	-0.7958437972070377	-1.680534586550329	-0.2964450668363676	-10.001700093843045	0.1099159844034513	1	5	0	0	3			0	distribution of individual CpG effects; not gene-level test
ASAN	ADHFE1	other	unselected	annotation_unmasked	14	6	8	0	0	0	6	128	128	-0.7958437972070377	-1.680534586550329	-0.2964450668363676	-10.001700093843045	0.1099159844034513	1	5	0	0	3	-1.8678056415342332	-0.3332083771403874	2000	distribution of individual CpG effects; not gene-level test
ASAN	HOXA2	all_locations	unselected	all_measured_descriptive	26	20	6	0	0	0	20	128	128	15.54811947412116	14.054960189265197	19.765481623129276	7.4890161593583775	20.58418748070436	20	0	0	20	0			0	distribution of individual CpG effects; not gene-level test
ASAN	HOXA2	all_locations	unselected	annotation_unmasked	26	20	6	0	0	0	20	128	128	15.54811947412116	14.054960189265197	19.765481623129276	7.4890161593583775	20.58418748070436	20	0	0	20	0	13.175696979449087	18.240534763995758	2000	distribution of individual CpG effects; not gene-level test
ASAN	HOXA2	promoter	unselected	all_measured_descriptive	25	19	6	0	0	0	19	128	128	15.517761198620711	13.974433652390502	19.303205250183755	7.4890161593583775	20.58418748070436	19	0	0	19	0			0	distribution of individual CpG effects; not gene-level test
ASAN	HOXA2	promoter	unselected	annotation_unmasked	25	19	6	0	0	0	19	128	128	15.517761198620711	13.974433652390502	19.303205250183755	7.4890161593583775	20.58418748070436	19	0	0	19	0	13.057558430057247	18.157204858127436	2000	distribution of individual CpG effects; not gene-level test
ASAN	HOXA2	body	unselected	all_measured_descriptive	1	1	0	0	0	0	1	128	128	20.57361285796253	20.57361285796253	20.57361285796253	20.57361285796253	20.57361285796253	1	0	0	1	0			0	distribution of individual CpG effects; not gene-level test
ASAN	HOXA2	body	unselected	annotation_unmasked	1	1	0	0	0	0	1	128	128	20.57361285796253	20.57361285796253	20.57361285796253	20.57361285796253	20.57361285796253	1	0	0	1	0	18.210074115028313	22.859897390464177	2000	distribution of individual CpG effects; not gene-level test
ASAN	HOXA2	other	unselected	all_measured_descriptive	0	0	0	0	0	0	0	0	0						0	0	0	0	0			0	distribution of individual CpG effects; not gene-level test
ASAN	HOXA2	other	unselected	annotation_unmasked	0	0	0	0	0	0	0	0	0						0	0	0	0	0			0	distribution of individual CpG effects; not gene-level test
ASAN	BEND5	all_locations	unselected	all_measured_descriptive	11	9	2	0	0	0	9	128	128	-4.504558120090689	-14.488475722213073	6.290783756023109	-18.166755845003223	15.84167804374057	3	6	0	3	6			0	distribution of individual CpG effects; not gene-level test
ASAN	BEND5	all_locations	unselected	annotation_unmasked	11	9	2	0	0	0	9	128	128	-4.504558120090689	-14.488475722213073	6.290783756023109	-18.166755845003223	15.84167804374057	3	6	0	3	6	-5.849831527353951	-3.3814879052374365	2000	distribution of individual CpG effects; not gene-level test
ASAN	BEND5	promoter	unselected	all_measured_descriptive	5	3	2	0	0	0	3	128	128	6.579817860888973	6.4353008084560415	11.210747952314772	6.290783756023109	15.84167804374057	3	0	0	3	0			0	distribution of individual CpG effects; not gene-level test
ASAN	BEND5	promoter	unselected	annotation_unmasked	5	3	2	0	0	0	3	128	128	6.579817860888973	6.4353008084560415	11.210747952314772	6.290783756023109	15.84167804374057	3	0	0	3	0	5.289219227711467	8.48065433747214	2000	distribution of individual CpG effects; not gene-level test
ASAN	BEND5	body	unselected	all_measured_descriptive	6	6	0	0	0	0	6	128	128	-11.377707668415187	-17.008630570340042	-5.4451534937223425	-18.166755845003223	-2.8616966345332138	0	6	0	0	6			0	distribution of individual CpG effects; not gene-level test
ASAN	BEND5	body	unselected	annotation_unmasked	6	6	0	0	0	0	6	128	128	-11.377707668415187	-17.008630570340042	-5.4451534937223425	-18.166755845003223	-2.8616966345332138	0	6	0	0	6	-13.741250959732552	-9.225828922716307	2000	distribution of individual CpG effects; not gene-level test
ASAN	BEND5	other	unselected	all_measured_descriptive	0	0	0	0	0	0	0	0	0						0	0	0	0	0			0	distribution of individual CpG effects; not gene-level test
ASAN	BEND5	other	unselected	annotation_unmasked	0	0	0	0	0	0	0	0	0						0	0	0	0	0			0	distribution of individual CpG effects; not gene-level test
ASAN	UNC5C	all_locations	unselected	all_measured_descriptive	30	26	4	0	0	0	26	128	128	9.465461100736958	-7.3520971150684815	17.002846709968487	-17.478140197785464	19.507031822878474	14	12	0	14	10			0	distribution of individual CpG effects; not gene-level test
ASAN	UNC5C	all_locations	unselected	annotation_unmasked	30	26	4	0	0	0	26	128	128	9.465461100736958	-7.3520971150684815	17.002846709968487	-17.478140197785464	19.507031822878474	14	12	0	14	10	7.3002356846226775	11.633993039248777	2000	distribution of individual CpG effects; not gene-level test
ASAN	UNC5C	promoter	unselected	all_measured_descriptive	10	8	2	0	0	0	8	128	128	17.225025763640573	16.9442204016366	18.03404596884761	14.861594800524214	19.507031822878474	8	0	0	8	0			0	distribution of individual CpG effects; not gene-level test
ASAN	UNC5C	promoter	unselected	annotation_unmasked	10	8	2	0	0	0	8	128	128	17.225025763640573	16.9442204016366	18.03404596884761	14.861594800524214	19.507031822878474	8	0	0	8	0	14.648381938839155	20.089061321926916	2000	distribution of individual CpG effects; not gene-level test
ASAN	UNC5C	body	unselected	all_measured_descriptive	19	17	2	0	0	0	17	128	128	-1.0139434497549535	-9.842967395258057	12.00891290748637	-15.074396433243686	17.849450852760683	6	11	0	6	9			0	distribution of individual CpG effects; not gene-level test
ASAN	UNC5C	body	unselected	annotation_unmasked	19	17	2	0	0	0	17	128	128	-1.0139434497549535	-9.842967395258057	12.00891290748637	-15.074396433243686	17.849450852760683	6	11	0	6	9	-2.336456769739976	-0.6263624481857205	2000	distribution of individual CpG effects; not gene-level test
ASAN	UNC5C	other	unselected	all_measured_descriptive	1	1	0	0	0	0	1	128	128	-17.478140197785464	-17.478140197785464	-17.478140197785464	-17.478140197785464	-17.478140197785464	0	1	0	0	1			0	distribution of individual CpG effects; not gene-level test
ASAN	UNC5C	other	unselected	annotation_unmasked	1	1	0	0	0	0	1	128	128	-17.478140197785464	-17.478140197785464	-17.478140197785464	-17.478140197785464	-17.478140197785464	0	1	0	0	1	-20.451973705326665	-14.811428678768921	2000	distribution of individual CpG effects; not gene-level test
ASAN	RALYL	all_locations	unselected	all_measured_descriptive	28	22	6	3	2	0	22	128	128	10.323410211226765	-8.834562116153965	16.98827138421409	-20.45861603137525	22.243803003830052	13	9	0	12	8			0	distribution of individual CpG effects; not gene-level test
ASAN	RALYL	all_locations	unselected	annotation_unmasked	28	22	6	3	2	0	20	128	128	10.74942776378251	-11.077383697703823	17.52228263256246	-20.45861603137525	22.243803003830052	12	8	0	12	8	9.037108960230698	12.484292711391637	2000	distribution of individual CpG effects; not gene-level test
ASAN	RALYL	promoter	unselected	all_measured_descriptive	20	16	4	2	1	0	16	128	128	14.453606858894368	9.840419684639603	18.52335740194284	-20.45861603137525	22.243803003830052	13	3	0	12	3			0	distribution of individual CpG effects; not gene-level test
ASAN	RALYL	promoter	unselected	annotation_unmasked	20	16	4	2	1	0	15	128	128	15.740006673590228	9.463632484021606	18.756793849396903	-20.45861603137525	22.243803003830052	12	3	0	12	3	13.0397868712154	18.007014836232976	2000	distribution of individual CpG effects; not gene-level test
ASAN	RALYL	body	unselected	all_measured_descriptive	8	6	2	1	1	0	6	128	128	-13.56219425448684	-16.778285158521715	-6.4313953164574444	-18.499895263669607	-1.7284679803987708	0	6	0	0	5			0	distribution of individual CpG effects; not gene-level test
ASAN	RALYL	body	unselected	annotation_unmasked	8	6	2	1	1	0	5	128	128	-13.964528447866664	-17.7162040620734	-13.159860061107015	-18.499895263669607	-4.188573734907588	0	5	0	0	5	-17.060753781334707	-11.679617872741716	2000	distribution of individual CpG effects; not gene-level test
ASAN	RALYL	other	unselected	all_measured_descriptive	0	0	0	0	0	0	0	0	0						0	0	0	0	0			0	distribution of individual CpG effects; not gene-level test
ASAN	RALYL	other	unselected	annotation_unmasked	0	0	0	0	0	0	0	0	0						0	0	0	0	0			0	distribution of individual CpG effects; not gene-level test
ASAN	GFRA1	all_locations	unselected	all_measured_descriptive	47	32	15	0	0	0	32	128	128	12.444162621417119	-3.0488675081317433	17.32846454005827	-20.013031255102042	24.614792387392402	21	11	0	20	11			0	distribution of individual CpG effects; not gene-level test
ASAN	GFRA1	all_locations	unselected	annotation_unmasked	47	32	15	0	0	0	32	128	128	12.444162621417119	-3.0488675081317433	17.32846454005827	-20.013031255102042	24.614792387392402	21	11	0	20	11	10.24312276542524	14.636094718097656	2000	distribution of individual CpG effects; not gene-level test
ASAN	GFRA1	promoter	unselected	all_measured_descriptive	20	15	5	0	0	0	15	128	128	16.44326485305515	13.545880259617151	19.28381505427057	9.1662550648811	24.614792387392402	15	0	0	15	0			0	distribution of individual CpG effects; not gene-level test
ASAN	GFRA1	promoter	unselected	annotation_unmasked	20	15	5	0	0	0	15	128	128	16.44326485305515	13.545880259617151	19.28381505427057	9.1662550648811	24.614792387392402	15	0	0	15	0	13.718812818924293	19.158143078593916	2000	distribution of individual CpG effects; not gene-level test
ASAN	GFRA1	body	unselected	all_measured_descriptive	21	13	8	0	0	0	13	128	128	-2.005121691564983	-4.072528169814167	13.543715201229256	-20.013031255102042	19.374665149573207	6	7	0	5	7			0	distribution of individual CpG effects; not gene-level test
ASAN	GFRA1	body	unselected	annotation_unmasked	21	13	8	0	0	0	13	128	128	-2.005121691564983	-4.072528169814167	13.543715201229256	-20.013031255102042	19.374665149573207	6	7	0	5	7	-2.726721685994695	-0.2840537636246029	2000	distribution of individual CpG effects; not gene-level test
ASAN	GFRA1	other	unselected	all_measured_descriptive	6	4	2	0	0	0	4	128	128	-5.77621030246886	-6.025645966480489	-5.5385829918137155	-6.525352418313399	-5.074301600050265	0	4	0	0	4			0	distribution of individual CpG effects; not gene-level test
ASAN	GFRA1	other	unselected	annotation_unmasked	6	4	2	0	0	0	4	128	128	-5.77621030246886	-6.025645966480489	-5.5385829918137155	-6.525352418313399	-5.074301600050265	0	4	0	0	4	-7.359416911892709	-4.363519587029665	2000	distribution of individual CpG effects; not gene-level test
