cohort	contrast	high_tissue	low_tissue	family	gene	probe	gene_probe_index	paired	pairing_scope	unit	n_boot	n_high	n_low	n_patients	n_pairs	mean_high_pp	mean_low_pp	effect_pp	se_pp	ci_low_pp	ci_high_pp	p	p_for_bh	rank_p	rank_p_for_bh	method	status	reason	bootstrap_replicates	adjusted_effect_pp	adjusted_low_pp	adjusted_high_pp	adjusted_p	adjusted_p_for_bh	adjusted_n	adjusted_covariates	adjusted_status	adjusted_interval	adjusted_covariance	q_BH_family	rank_q_BH_family	adjusted_q_BH_family	q_BH_contrast_77	rank_q_BH_contrast_77
Colonomics	N-H	N	H	healthy_reference	EYA4	cg14017655	1	False	unpaired_or_partially_paired_observations	beta_percentage_points	5000	96	48	144	0	5.981458333333334	5.8925	0.08895833333333394	1.4482171528499792	-3.0349635416666656	2.6346536458333323	0.9511716265190007	0.9511716265190007	0.46864009839579834	0.46864009839579834	Welch_t	estimated		5000	-0.8111578594615712	-3.9534800340129315	2.331164315089789	0.6128957080178732	0.6128957080178732	144.0	age;sex;site	estimated	robust_Wald	HC3	0.9658050361577545	0.835952607949262	1.0	0.9897326384049062	0.6551643933376187
Colonomics	N-H	N	H	healthy_reference	EYA4	cg20330472	2	False	unpaired_or_partially_paired_observations	beta_percentage_points	5000	96	48	144	0	7.18375	5.34	1.8437499999999996	0.7776006314584668	0.36600260416666597	3.407020833333332	0.019080910069196887	0.019080910069196887	0.006186725990547791	0.006186725990547791	Welch_t	estimated		5000	1.5427662705610838	-0.03306234728168052	3.118594888403848	0.05500431742264979	0.05500431742264979	144.0	age;sex;site	estimated	robust_Wald	HC3	0.035403134345256874	0.0175353828689146	0.23313756558957982	0.30153336789476437	0.07878588675746329
Colonomics	N-H	N	H	healthy_reference	EYA4	cg17838029	3	False	unpaired_or_partially_paired_observations	beta_percentage_points	5000	96	48	144	0	3.7458333333333336	3.2687500000000003	0.4770833333333335	0.5594795422487859	-0.5900677083333336	1.5791979166666648	0.3952572509905288	0.3952572509905288	0.6471453553917517	0.6471453553917517	Welch_t	estimated		5000	0.3025316521545047	-0.8510854709080848	1.456148775217094	0.6072568747457529	0.6072568747457529	144.0	age;sex;site	estimated	robust_Wald	HC3	0.49757179824965747	1.0	1.0	0.647977325039962	0.7666183440794596
Colonomics	N-H	N	H	healthy_reference	EYA4	cg14343214	4	False	unpaired_or_partially_paired_observations	beta_percentage_points	5000	96	48	144	0	6.506145833333334	4.884791666666666	1.6213541666666678	1.216309646864382	-0.9552343749999987	3.9120859374999934	0.18488991957351233	0.18488991957351233	0.04192744723210093	0.04192744723210093	Welch_t	estimated		5000	1.0599241615965196	-1.4321932424687487	3.5520415656617876	0.4045100187020916	0.4045100187020916	144.0	age;sex;site	estimated	robust_Wald	HC3	0.2737793039838548	0.10821497553760129	0.8729267391890438	0.5678079950328905	0.18333217782430564
Colonomics	N-H	N	H	healthy_reference	EYA4	cg24675448	5	False	unpaired_or_partially_paired_observations	beta_percentage_points	5000	96	48	144	0	14.812499999999998	12.986666666666666	1.825833333333332	1.382243401261503	-1.0882994791666654	4.333713541666664	0.1896286690518803	0.1896286690518803	0.003573164419298986	0.003573164419298986	Welch_t	estimated		5000	0.594199671057978	-2.349084128148841	3.537483470264797	0.6923382485752452	0.6923382485752452	144.0	age;sex;site	estimated	robust_Wald	HC3	0.27812204794275774	0.010448113681747669	1.0	0.5678079950328905	0.0766344545739163
Colonomics	N-H	N	H	healthy_reference	EYA4	cg21607030	6	False	unpaired_or_partially_paired_observations	beta_percentage_points	5000	96	48	144	0	11.346562500000001	9.955208333333331	1.3913541666666696	1.3616830534753055	-1.2962890625000014	4.009497395833331	0.3090420344231268	0.3090420344231268	0.07934398290506625	0.07934398290506625	Welch_t	estimated		5000	0.20581724575075383	-2.5995820072179083	3.0112164987194165	0.8856646021644231	0.8856646021644231	144.0	age;sex;site	estimated	robust_Wald	HC3	0.4187021111539137	0.18798420565200313	1.0	0.647977325039962	0.24437946734760405
Colonomics	N-H	N	H	healthy_reference	EYA4	cg11664500	7	False	unpaired_or_partially_paired_observations	beta_percentage_points	5000	96	48	144	0	10.438749999999999	10.645833333333334	-0.2070833333333355	1.5443899424881147	-3.2435572916666664	2.6990598958333316	0.8935869100051725	0.8935869100051725	0.5933539988226351	0.5933539988226351	Welch_t	estimated		5000	-0.9183840248351862	-4.227500945217807	2.3907328955474347	0.5864747441909742	0.5864747441909742	144.0	age;sex;site	estimated	robust_Wald	HC3	0.9194591367981954	0.9896373554370305	1.0	0.9556415565333095	0.7405561915887733
Colonomics	N-H	N	H	healthy_reference	EYA4	cg26656135	8	False	unpaired_or_partially_paired_observations	beta_percentage_points	5000	96	48	144	0	16.485416666666666	15.587708333333333	0.897708333333333	1.2026335200857725	-1.4474765625000037	3.2414401041666645	0.4568939112496585	0.4568939112496585	0.9055430903510167	0.9055430903510167	Welch_t	estimated		5000	-0.5586501154886159	-3.0012987651014367	1.8839985341242051	0.6539678036261383	0.6539678036261383	144.0	age;sex;site	estimated	robust_Wald	HC3	0.547728130254148	1.0	1.0	0.6637892672872397	0.9072223143789961
Colonomics	N-H	N	H	healthy_reference	EYA4	cg20286200	9	False	unpaired_or_partially_paired_observations	beta_percentage_points	5000	96	48	144	0	14.155416666666664	13.187083333333332	0.9683333333333322	1.0987157577525821	-1.1434166666666676	3.1008671874999982	0.37974996267896666	0.37974996267896666	0.9072223143789961	0.9072223143789961	Welch_t	estimated		5000	0.16930621948514163	-2.1073453857167035	2.445957824686986	0.8841145453692016	0.8841145453692016	144.0	age;sex;site	estimated	robust_Wald	HC3	0.48465326728641606	1.0	1.0	0.647977325039962	0.9072223143789961
Colonomics	N-H	N	H	healthy_reference	EYA4	cg14270292	10	False	unpaired_or_partially_paired_observations	beta_percentage_points	5000	96	48	144	0	13.307395833333333	13.612500000000002	-0.30510416666666984	1.224874265379052	-2.769489583333333	1.9879401041666622	0.8037906010298648	0.8037906010298648	0.4764831951546318	0.4764831951546318	Welch_t	estimated		5000	-0.9337955605486961	-3.5282618250790625	1.66067070398167	0.48054475877515435	0.48054475877515435	144.0	age;sex;site	estimated	robust_Wald	HC3	0.8556480591608238	0.8434300236070493	0.9652681676266144	0.9101746511661704	0.6551643933376187
Colonomics	N-H	N	H	healthy_reference	EYA4	cg06181518	11	False	unpaired_or_partially_paired_observations	beta_percentage_points	5000	96	48	144	0	8.229791666666667	7.731041666666667	0.4987499999999992	1.5429314401048932	-2.6471848958333326	3.349494791666662	0.7472456365059921	0.7472456365059921	0.45959328842133607	0.45959328842133607	Welch_t	estimated		5000	-0.6115225910440435	-3.7941047712197182	2.5710595891316315	0.7064704662007089	0.7064704662007089	144.0	age;sex;site	estimated	robust_Wald	HC3	0.8103931550839633	0.8294222626978799	1.0	0.8984968599110358	0.6551643933376187
Colonomics	N-H	N	H	healthy_reference	EYA4	cg14287112	12	False	unpaired_or_partially_paired_observations	beta_percentage_points	5000	96	48	144	0	11.3115625	11.259583333333333	0.05197916666666719	1.4316719222818506	-2.7473984374999985	2.656812499999992	0.971101712058382	0.971101712058382	0.5374869064970395	0.5374869064970395	Welch_t	estimated		5000	-0.7256711863189433	-3.7476548226758934	2.2963124500380068	0.6378923993363186	0.6378923993363186	144.0	age;sex;site	estimated	robust_Wald	HC3	0.9817264572668982	0.9196998177838231	1.0	0.99382486601127	0.7014659627164752
Colonomics	N-H	N	H	healthy_reference	EYA4	cg01328892	13	False	unpaired_or_partially_paired_observations	beta_percentage_points	5000	96	48	144	0	17.842708333333334	16.789583333333333	1.0531250000000019	1.2853636061231675	-1.5240833333333335	3.5509791666666626	0.41423986871247576	0.41423986871247576	0.5962919984221291	0.5962919984221291	Welch_t	estimated		5000	0.22949910456783093	-2.3919163852261303	2.850914594361792	0.8637594811273441	0.8637594811273441	144.0	age;sex;site	estimated	robust_Wald	HC3	0.5158458742457246	0.9909600837087182	1.0	0.647977325039962	0.7405561915887733
Colonomics	N-H	N	H	healthy_reference	EYA4	cg05493394	14	False	unpaired_or_partially_paired_observations	beta_percentage_points	5000	96	48	144	0	9.824270833333333	7.838958333333333	1.9853125	0.8891066574611571	0.27893489583333314	3.78169270833333	0.027174946995543334	0.027174946995543334	0.007929028693588955	0.007929028693588955	Welch_t	estimated		5000	1.4823820615551777	-0.3265836418733813	3.291347764983737	0.10824761232476278	0.10824761232476278	144.0	age;sex;site	estimated	robust_Wald	HC3	0.0486621143873683	0.022336654002671322	0.40658859263447483	0.30153336789476437	0.07878588675746329
Colonomics	N-H	N	H	healthy_reference	EYA4	cg26449787	15	False	unpaired_or_partially_paired_observations	beta_percentage_points	5000	96	48	144	0	12.069479166666667	10.926666666666666	1.1428125000000011	1.2316462948093918	-1.2542395833333326	3.5252213541666655	0.3552261921801687	0.3552261921801687	0.50989518228433	0.50989518228433	Welch_t	estimated		5000	0.23468478257496755	-2.23165575518811	2.7010253203380454	0.8520522937543334	0.8520522937543334	144.0	age;sex;site	estimated	robust_Wald	HC3	0.47024212259953563	0.8856074218622573	1.0	0.647977325039962	0.6805477440088544
Colonomics	N-H	N	H	healthy_reference	EYA4	cg22871668	16	False	unpaired_or_partially_paired_observations	beta_percentage_points	5000	96	48	144	0	11.041770833333333	11.03020833333333	0.011562500000000808	1.4906293782642792	-3.026817708333336	2.917739583333324	0.9938248660112701	0.9938248660112701	0.6245008361740709	0.6245008361740709	Welch_t	estimated		5000	-0.8266253114210883	-3.935957538043447	2.28270691520127	0.6023233640721841	0.6023233640721841	144.0	age;sex;site	estimated	robust_Wald	HC3	0.9938248660112701	1.0	1.0	0.99382486601127	0.7632787997683089
Colonomics	N-H	N	H	healthy_reference	EYA4	cg20980055	17	False	unpaired_or_partially_paired_observations	beta_percentage_points	5000	96	48	144	0	7.918437499999999	6.76875	1.1496874999999989	1.1652402445166195	-1.2011614583333334	3.3165520833333275	0.32568920360142295	0.32568920360142295	0.40737579134300894	0.40737579134300894	Welch_t	estimated		5000	0.33604393619537265	-2.113411219603889	2.7854990919946343	0.788014327699829	0.788014327699829	144.0	age;sex;site	estimated	robust_Wald	HC3	0.43740817460423664	0.7558538779135346	1.0	0.647977325039962	0.6401619578247283
Colonomics	N-H	N	H	healthy_reference	ZNF568	cg06611358	1	False	unpaired_or_partially_paired_observations	beta_percentage_points	5000	96	48	144	0	13.482291666666665	10.862291666666664	2.6200000000000014	1.3940613342193882	-0.08511458333333301	5.326093749999998	0.062392708933404525	0.062392708933404525	0.04389101932058666	0.04389101932058666	Welch_t	estimated		5000	1.1815241037505553	-1.815498670541519	4.17854687804263	0.4397107720204776	0.4397107720204776	144.0	age;sex;site	estimated	robust_Wald	HC3	0.10294796974011747	0.11141566442918152	0.906903467292235	0.32028257252480985	0.18333217782430564
Colonomics	N-H	N	H	healthy_reference	ZNF568	cg27390819	2	False	unpaired_or_partially_paired_observations	beta_percentage_points	5000	96	48	144	0	12.89145833333333	10.474166666666667	2.417291666666663	1.1911073699220438	0.06353645833333321	4.685348958333332	0.044421614522610633	0.044421614522610633	0.04366952891619128	0.04366952891619128	Welch_t	estimated		5000	1.1197601622308209	-1.33232628627692	3.571846610738562	0.37077134441723636	0.37077134441723636	144.0	age;sex;site	estimated	robust_Wald	HC3	0.0757298373042292	0.11141566442918152	0.8396880447096235	0.30153336789476437	0.18333217782430564
Colonomics	N-H	N	H	healthy_reference	ZNF568	cg20154403	3	False	unpaired_or_partially_paired_observations	beta_percentage_points	5000	96	48	144	0	11.758958333333334	10.493333333333334	1.2656250000000009	0.8188979107266671	-0.19023697916666518	2.963296874999996	0.12449198487215903	0.12449198487215903	0.33924298944402487	0.33924298944402487	Welch_t	estimated		5000	1.2523716138586123	-0.4830739008094661	2.987817128526691	0.1572463293967581	0.1572463293967581	144.0	age;sex;site	estimated	robust_Wald	HC3	0.19329337805688002	0.650333033705973	0.5159634016774305	0.5045201492187497	0.621945480647379
Colonomics	N-H	N	H	healthy_reference	ZNF568	cg21761844	4	False	unpaired_or_partially_paired_observations	beta_percentage_points	5000	96	48	144	0	4.810208333333333	4.630000000000001	0.18020833333333222	1.0264649299591289	-1.8153437500000005	2.114828124999999	0.860929783001271	0.860929783001271	0.4519029243357826	0.4519029243357826	Welch_t	estimated		5000	-0.5669321935958116	-2.722992726969273	1.58912833977765	0.606295216591617	0.606295216591617	144.0	age;sex;site	estimated	robust_Wald	HC3	0.9019264393346648	0.8187417687965944	1.0	0.9470227613013981	0.6551643933376187
Colonomics	N-H	N	H	healthy_reference	ZNF568	cg20680720	5	False	unpaired_or_partially_paired_observations	beta_percentage_points	5000	96	48	144	0	3.411354166666667	3.075	0.33635416666666706	0.9150942781236843	-1.4566093750000002	2.1737499999999983	0.7137780475028297	0.7137780475028297	0.6350169560810265	0.6350169560810265	Welch_t	estimated		5000	-0.048129145861520395	-1.9280695550649418	1.8318112633419013	0.9599806520121903	0.9599806520121903	144.0	age;sex;site	estimated	robust_Wald	HC3	0.7814347344699225	1.0	1.0	0.8902535310107149	0.764004775284985
Colonomics	N-H	N	H	healthy_reference	ZNF568	cg02459604	6	False	unpaired_or_partially_paired_observations	beta_percentage_points	5000	96	48	144	0	16.0471875	16.85770833333333	-0.8105208333333308	1.575557485096217	-3.8617447916666685	2.3249557291666627	0.6080443127006689	0.6080443127006689	0.29815044701194326	0.29815044701194326	Welch_t	estimated		5000	-2.2318690466899427	-5.535544106866158	1.0718060134862724	0.18547116213765547	0.18547116213765547	144.0	age;sex;site	estimated	robust_Wald	HC3	0.6818360982225948	0.58865601076717	0.5443173057979078	0.8072312427233019	0.5636490201919011
Colonomics	N-H	N	H	healthy_reference	ZNF568	cg03060201	7	False	unpaired_or_partially_paired_observations	beta_percentage_points	5000	96	48	144	0	3.820208333333333	3.106666666666667	0.7135416666666662	0.7988711276249187	-0.7748177083333326	2.3160677083333336	0.37326813700395	0.37326813700395	0.7297811167983584	0.7297811167983584	Welch_t	estimated		5000	0.42134402744010374	-1.1706994418061647	2.0133874966863723	0.6039584963647449	0.6039584963647449	144.0	age;sex;site	estimated	robust_Wald	HC3	0.48079312061481105	1.0	1.0	0.647977325039962	0.8143934201952696
Colonomics	N-H	N	H	healthy_reference	ZNF568	cg03443751	8	False	unpaired_or_partially_paired_observations	beta_percentage_points	5000	96	48	144	0	4.918749999999999	3.8035416666666664	1.1152083333333334	0.6550663722967701	0.05052083333333399	2.536919270833332	0.09167099864917974	0.09167099864917974	0.037631783362053764	0.037631783362053764	Welch_t	estimated		5000	1.0290242711002051	-0.259808765631025	2.3178573078314355	0.11761442118329886	0.11761442118329886	144.0	age;sex;site	estimated	robust_Wald	HC3	0.14553952362859465	0.09858893520787022	0.43125287767209586	0.3921481608881578	0.18333217782430564
Colonomics	N-H	N	H	healthy_reference	ZNF793	cg17332326	1	False	unpaired_or_partially_paired_observations	beta_percentage_points	5000	96	48	144	0	6.278958333333333	5.121458333333334	1.1574999999999989	0.7959909891374471	-0.21502864583333325	2.8751432291666643	0.14849716387364864	0.14849716387364864	0.8454339958010849	0.8454339958010849	Welch_t	estimated		5000	1.0494904415251094	-0.5373254022012621	2.636306285251481	0.19487777206472123	0.19487777206472123	144.0	age;sex;site	estimated	robust_Wald	HC3	0.22420160035825384	1.0	0.5592144763596348	0.5197400735577703	0.8917591462559389
Colonomics	N-H	N	H	healthy_reference	ZNF793	cg11623861	2	False	unpaired_or_partially_paired_observations	beta_percentage_points	5000	96	48	144	0	4.561875000000001	3.4443750000000004	1.1175000000000004	0.5486844015856411	0.1741588541666669	2.339908854166666	0.04438699443756393	0.04438699443756393	0.07752848082839643	0.07752848082839643	Welch_t	estimated		5000	1.0854851328465684	0.010062815006622004	2.1609074506865147	0.04789447529330923	0.04789447529330923	144.0	age;sex;site	estimated	robust_Wald	HC3	0.0757298373042292	0.1846729725115953	0.2107356912905606	0.30153336789476437	0.24437946734760405
Colonomics	N-H	N	H	healthy_reference	ZNF793	cg14732998	3	False	unpaired_or_partially_paired_observations	beta_percentage_points	5000	96	48	144	0	7.706666666666667	6.531041666666666	1.175625000000001	0.7917466165168302	-0.24534375000000003	2.8116067708333317	0.14022938548064637	0.14022938548064637	0.6950480657577545	0.6950480657577545	Welch_t	estimated		5000	1.1249973646842029	-0.39724109341517133	2.647235822783577	0.1474787510637149	0.1474787510637149	144.0	age;sex;site	estimated	robust_Wald	HC3	0.21381510261405484	1.0	0.4973371021272722	0.5141744134290367	0.8108894100507136
Colonomics	N-H	N	H	healthy_reference	ZNF793	cg07482795	4	False	unpaired_or_partially_paired_observations	beta_percentage_points	5000	96	48	144	0	6.047291666666667	5.020416666666667	1.0268750000000006	0.6805292979207864	-0.08042968749999949	2.556809895833333	0.1343494464056985	0.1343494464056985	0.8770671248979188	0.8770671248979188	Welch_t	estimated		5000	0.9357120572600929	-0.262646850963626	2.134070965483812	0.12591909924051262	0.12591909924051262	144.0	age;sex;site	estimated	robust_Wald	HC3	0.2062107782040954	1.0	0.4544892488212252	0.5141744134290367	0.9072223143789961
Colonomics	N-H	N	H	healthy_reference	ZNF793	cg13181745	5	False	unpaired_or_partially_paired_observations	beta_percentage_points	5000	96	48	144	0	5.417604166666667	4.036666666666667	1.3809375	0.6986830294312443	0.19102604166666645	2.902828124999999	0.05082156131870068	0.05082156131870068	0.7845798711494048	0.7845798711494048	Welch_t	estimated		5000	1.2946532661087244	-0.04994583095344982	2.6392523631708986	0.05913879436816443	0.05913879436816443	144.0	age;sex;site	estimated	robust_Wald	HC3	0.08521595179634646	1.0	0.24614525223506276	0.30153336789476437	0.8390645844236689
Colonomics	N-H	N	H	healthy_reference	ZNF793	cg24078985	6	False	unpaired_or_partially_paired_observations	beta_percentage_points	5000	96	48	144	0	5.7365625	4.1831249999999995	1.5534375000000002	0.7167894771407074	0.3415937499999992	3.1483437500000004	0.03262410756428868	0.03262410756428868	0.1460397882941695	0.1460397882941695	Welch_t	estimated		5000	1.4160555511582469	0.08296503262393962	2.749146069692554	0.03734771711926574	0.03734771711926574	144.0	age;sex;site	estimated	robust_Wald	HC3	0.057528006468325836	0.3291238155702747	0.17428934655657344	0.30153336789476437	0.4098021564428727
Colonomics	N-H	N	H	healthy_reference	ZNF793	cg15139588	7	False	unpaired_or_partially_paired_observations	beta_percentage_points	5000	96	48	144	0	5.684999999999999	4.195000000000001	1.4899999999999982	0.7504066080827606	0.24508593749999938	3.118776041666666	0.04974012533516165	0.04974012533516165	0.3723337277093467	0.3723337277093467	Welch_t	estimated		5000	1.26508254133232	-0.03232395612935285	2.5624890387939927	0.05598750646756718	0.05598750646756718	144.0	age;sex;site	estimated	robust_Wald	HC3	0.08386838651403168	0.7078937539165356	0.23514752716378215	0.30153336789476437	0.6401619578247283
Colonomics	N-H	N	H	healthy_reference	ZNF793	cg25361907	8	False	unpaired_or_partially_paired_observations	beta_percentage_points	5000	96	48	144	0	5.525833333333333	4.239375	1.2864583333333333	0.6458339662801387	0.19989583333333222	2.7022812499999977	0.04910295207424161	0.04910295207424161	0.40258182160595823	0.40258182160595823	Welch_t	estimated		5000	1.2607707606119969	0.023887812281397913	2.497653708942596	0.045736547238174274	0.045736547238174274	144.0	age;sex;site	estimated	robust_Wald	HC3	0.08309730351025503	0.7499709741207771	0.2051483963498691	0.30153336789476437	0.6401619578247283
Colonomics	N-H	N	H	healthy_reference	SFMBT2	cg20299663	1	False	unpaired_or_partially_paired_observations	beta_percentage_points	5000	96	48	144	0	15.340000000000002	14.506874999999999	0.8331250000000012	1.3110001801748845	-1.6971692708333326	3.3991744791666645	0.5261548654021624	0.5261548654021624	0.7107732117557723	0.7107732117557723	Welch_t	estimated		5000	0.44848046877029035	-2.1950138162529607	3.091974753793542	0.739499254322207	0.739499254322207	144.0	age;sex;site	estimated	robust_Wald	HC3	0.612429518591367	1.0	1.0	0.7234629399279733	0.8143934201952696
Colonomics	N-H	N	H	healthy_reference	SFMBT2	cg20506550	2	False	unpaired_or_partially_paired_observations	beta_percentage_points	5000	96	48	144	0	5.2958333333333325	4.136666666666667	1.1591666666666667	1.2668172412638963	-1.2922890625000005	3.5599348958333326	0.36179352979544166	0.36179352979544166	0.2705028747429563	0.2705028747429563	Welch_t	estimated		5000	0.684233926824078	-1.9424170970399488	3.310884950688105	0.6096562826804994	0.6096562826804994	144.0	age;sex;site	estimated	robust_Wald	HC3	0.47350881236683867	0.543372453488398	1.0	0.647977325039962	0.5636490201919011
Colonomics	N-H	N	H	healthy_reference	SFMBT2	cg01056653	3	False	unpaired_or_partially_paired_observations	beta_percentage_points	5000	96	48	144	0	3.079583333333334	2.283333333333333	0.7962500000000005	0.8273868995063567	-0.8013541666666669	2.492622395833333	0.3375198956897407	0.3375198956897407	0.014124356575684567	0.014124356575684567	Welch_t	estimated		5000	0.49754883916005976	-1.1443297612849923	2.139427439605112	0.5525520692222454	0.5525520692222454	144.0	age;sex;site	estimated	robust_Wald	HC3	0.4506768549383243	0.039074567293211196	1.0	0.647977325039962	0.10875754563277115
Colonomics	N-H	N	H	healthy_reference	SFMBT2	cg22862480	4	False	unpaired_or_partially_paired_observations	beta_percentage_points	5000	96	48	144	0	8.425416666666667	6.904791666666667	1.5206250000000003	1.815685216954235	-2.212713541666669	4.919619791666666	0.4040254081142437	0.4040254081142437	0.38380155479758826	0.38380155479758826	Welch_t	estimated		5000	0.2566054049325855	-3.685225416378958	4.198436226244128	0.8984736144613067	0.8984736144613067	144.0	age;sex;site	estimated	robust_Wald	HC3	0.507227550404295	0.7207980419369341	1.0	0.647977325039962	0.6401619578247283
Colonomics	N-H	N	H	healthy_reference	SFMBT2	cg12767281	5	False	unpaired_or_partially_paired_observations	beta_percentage_points	5000	96	48	144	0	5.5451041666666665	4.5575	0.9876041666666668	1.095897182852526	-1.0830416666666667	3.193427083333331	0.36902161125094946	0.36902161125094946	0.4738508209316846	0.4738508209316846	Welch_t	estimated		5000	1.1866217290606818	-0.9429935706732926	3.3162370287946565	0.2747926612090642	0.2747926612090642	144.0	age;sex;site	estimated	robust_Wald	HC3	0.47875433559930225	0.841996458732455	0.6862389701545278	0.647977325039962	0.6551643933376187
Colonomics	N-H	N	H	healthy_reference	SFMBT2	cg26878816	6	False	unpaired_or_partially_paired_observations	beta_percentage_points	5000	96	48	144	0	8.436979166666667	7.290416666666665	1.1465625000000021	1.3200926201630159	-1.3471328125000026	3.6739609374999995	0.38674551467963403	0.38674551467963403	0.4405243412685057	0.4405243412685057	Welch_t	estimated		5000	0.29658941990860466	-2.517213775115448	3.1103926149326577	0.8363297988507159	0.8363297988507159	144.0	age;sex;site	estimated	robust_Wald	HC3	0.49086930709338167	0.8076279589922605	1.0	0.647977325039962	0.6551643933376187
Colonomics	N-H	N	H	healthy_reference	SFMBT2	cg12328063	7	False	unpaired_or_partially_paired_observations	beta_percentage_points	5000	96	48	144	0	14.006145833333333	12.896666666666668	1.109479166666666	1.009310663266728	-0.7918958333333309	3.21327864583333	0.27352392500535266	0.27352392500535266	0.7250270568838986	0.7250270568838986	Welch_t	estimated		5000	0.7099570486925992	-1.387740023124837	2.807654120510035	0.5071116423847337	0.5071116423847337	144.0	age;sex;site	estimated	robust_Wald	HC3	0.3760953968823599	1.0	1.0	0.647977325039962	0.8143934201952696
Colonomics	N-H	N	H	healthy_reference	SFMBT2	cg16818993	8	False	unpaired_or_partially_paired_observations	beta_percentage_points	5000	96	48	144	0	10.116145833333333	8.652291666666667	1.4638541666666658	1.1560917006033389	-0.8273281249999996	3.643234375	0.2078068513361071	0.2078068513361071	0.07754665945292098	0.07754665945292098	Welch_t	estimated		5000	0.8218620723941041	-1.691819661655929	3.335543806444137	0.5216389823297642	0.5216389823297642	144.0	age;sex;site	estimated	robust_Wald	HC3	0.30096164676263787	0.1846729725115953	1.0	0.5926343538103795	0.24437946734760405
Colonomics	N-H	N	H	healthy_reference	ADHFE1	cg20295442	1	False	unpaired_or_partially_paired_observations	beta_percentage_points	5000	96	48	144	0	13.367812500000001	13.342916666666667	0.024895833333332673	1.808324348206289	-3.5599374999999975	3.5487604166666653	0.9890363961799027	0.9890363961799027	0.2362164055468453	0.2362164055468453	Welch_t	estimated		5000	-0.8967631161450319	-4.620345513228121	2.8268192809380563	0.6369090536378617	0.6369090536378617	144.0	age;sex;site	estimated	robust_Wald	HC3	0.9911818113559979	0.49380986136942323	1.0	0.99382486601127	0.5636490201919011
Colonomics	N-H	N	H	healthy_reference	ADHFE1	cg19283840	2	False	unpaired_or_partially_paired_observations	beta_percentage_points	5000	96	48	144	0	14.082500000000001	13.759791666666668	0.3227083333333325	1.1710864973901614	-1.9275494791666645	2.682809895833335	0.7832856373193626	0.7832856373193626	0.2942316495181915	0.2942316495181915	Welch_t	estimated		5000	-0.20322650819565702	-2.546770693333664	2.14031767694235	0.8650389542610535	0.8650389542610535	144.0	age;sex;site	estimated	robust_Wald	HC3	0.8399196545082146	0.5834121119201908	1.0	0.9005108733657724	0.5636490201919011
Colonomics	N-H	N	H	healthy_reference	ADHFE1	cg25046651	3	False	unpaired_or_partially_paired_observations	beta_percentage_points	5000	96	48	144	0	23.590312499999996	24.703333333333333	-1.1130208333333362	1.1169451448158585	-3.2993307291666647	1.1071510416666634	0.3207727352030539	0.3207727352030539	0.03630172761196504	0.03630172761196504	Welch_t	estimated		5000	-1.6048345736266334	-3.8952412155581055	0.6855720683048384	0.1696587601571552	0.1696587601571552	144.0	age;sex;site	estimated	robust_Wald	HC3	0.43206123517146033	0.09638734572832097	0.5253296125583001	0.647977325039962	0.18333217782430564
Colonomics	N-H	N	H	healthy_reference	ADHFE1	cg01588438	4	False	unpaired_or_partially_paired_observations	beta_percentage_points	5000	96	48	144	0	15.498333333333333	15.34625	0.15208333333333324	1.6199923029536367	-3.055533854166664	3.2961744791666683	0.9253461955480758	0.9253461955480758	0.280786851224867	0.280786851224867	Welch_t	estimated		5000	-0.876804311653449	-4.201152927225928	2.447544303919029	0.6051946629944227	0.6051946629944227	144.0	age;sex;site	estimated	robust_Wald	HC3	0.9458184565115288	0.561573702449734	1.0	0.9760500966739978	0.5636490201919011
Colonomics	N-H	N	H	healthy_reference	ADHFE1	cg08090772	5	False	unpaired_or_partially_paired_observations	beta_percentage_points	5000	96	48	144	0	17.820833333333333	17.383541666666666	0.4372916666666671	1.2032486522442278	-1.8474843749999983	2.918135416666668	0.7168275184761601	0.7168275184761601	0.3966694155527579	0.3966694155527579	Welch_t	estimated		5000	-0.40387411376393534	-2.8403781823728793	2.032629954845009	0.7452696341967066	0.7452696341967066	144.0	age;sex;site	estimated	robust_Wald	HC3	0.7829179989030401	0.7419484614792476	1.0	0.8902535310107149	0.6401619578247283
Colonomics	N-H	N	H	healthy_reference	ADHFE1	cg09383816	6	False	unpaired_or_partially_paired_observations	beta_percentage_points	5000	96	48	144	0	12.360729166666665	11.916666666666668	0.4440624999999976	1.4413522712504434	-2.2868359375000016	3.4129843749999993	0.7584713752495756	0.7584713752495756	0.37920176382791126	0.37920176382791126	Welch_t	estimated		5000	-0.3200324922325233	-3.2574936388442803	2.6174286543792338	0.8309093227578656	0.8309093227578656	144.0	age;sex;site	estimated	robust_Wald	HC3	0.8187237742179998	0.715066183218347	1.0	0.8984968599110358	0.6401619578247283
Colonomics	N-H	N	H	healthy_reference	ADHFE1	cg20912169	7	False	unpaired_or_partially_paired_observations	beta_percentage_points	5000	96	48	144	0	15.605104166666667	16.21625	-0.611145833333332	1.8147453187185636	-4.044695312499999	3.0348359374999996	0.736850980544113	0.736850980544113	0.1889287873799793	0.1889287873799793	Welch_t	estimated		5000	-1.6946155363520503	-5.324633742359473	1.935402669655372	0.360203379167644	0.360203379167644	144.0	age;sex;site	estimated	robust_Wald	HC3	0.8028895118192929	0.40409768411828906	0.8279301551017489	0.8984968599110358	0.4849172209419469
Colonomics	N-H	N	H	healthy_reference	ADHFE1	cg18065361	8	False	unpaired_or_partially_paired_observations	beta_percentage_points	5000	96	48	144	0	6.976354166666667	6.280625	0.6957291666666671	1.4024392578559024	-1.9280234375	3.3864062499999994	0.6206042175243441	0.6206042175243441	0.5126203786040722	0.5126203786040722	Welch_t	estimated		5000	0.1421084537481984	-2.6453694858235988	2.929586393319996	0.9204070817786286	0.9204070817786286	144.0	age;sex;site	estimated	robust_Wald	HC3	0.6925583297010797	0.8870060483710912	1.0	0.8099410974470255	0.6805477440088544
Colonomics	N-H	N	H	healthy_reference	HOXA2	cg04481096	1	False	unpaired_or_partially_paired_observations	beta_percentage_points	5000	96	48	144	0	37.792187500000004	39.53166666666667	-1.7394791666666687	2.1524886407988997	-5.872968750000001	2.44915104166666	0.42076449677919614	0.42076449677919614	0.300124802959324	0.300124802959324	Welch_t	estimated		5000	-1.822542117365665	-5.710887284224416	2.065803049493086	0.358266745214358	0.358266745214358	144.0	age;sex;site	estimated	robust_Wald	HC3	0.5183818600319696	0.5900325913498199	0.8275961814451669	0.647977325039962	0.5636490201919011
Colonomics	N-H	N	H	healthy_reference	HOXA2	cg19598584	2	False	unpaired_or_partially_paired_observations	beta_percentage_points	5000	96	48	144	0	28.943437499999998	31.802083333333336	-2.8586458333333398	2.032784682457046	-6.852809895833337	1.1386354166666641	0.16295856922833185	0.16295856922833185	0.14901896597922643	0.14901896597922643	Welch_t	estimated		5000	-3.1776097562308805	-6.911958922363732	0.5567394099019712	0.09536324562833381	0.09536324562833381	144.0	age;sex;site	estimated	robust_Wald	HC3	0.24364679282682625	0.3342075838951583	0.370233777145296	0.5455569491557197	0.4098021564428727
Colonomics	N-H	N	H	healthy_reference	HOXA2	cg09871315	3	False	unpaired_or_partially_paired_observations	beta_percentage_points	5000	96	48	144	0	39.97333333333333	42.69666666666667	-2.7233333333333443	2.0722185842232115	-6.87877864583333	1.2543437499999976	0.19172737494617081	0.19172737494617081	0.13246349699738436	0.13246349699738436	Welch_t	estimated		5000	-3.2019312303304295	-6.789058890491593	0.38519642983073504	0.08020510780687502	0.08020510780687502	144.0	age;sex;site	estimated	robust_Wald	HC3	0.2803102760288953	0.3029610673900573	0.31402338819301917	0.5678079950328905	0.39229574110763826
Colonomics	N-H	N	H	healthy_reference	HOXA2	cg13661519	4	False	unpaired_or_partially_paired_observations	beta_percentage_points	5000	96	48	144	0	43.17166666666667	46.49041666666666	-3.3187499999999925	1.6270654755104117	-6.379486979166668	-0.11718750000000416	0.043588335425455114	0.043588335425455114	0.0057625002627931556	0.0057625002627931556	Welch_t	estimated		5000	-3.009229560977494	-6.066230071172149	0.04777094921716123	0.05368914608431231	0.05368914608431231	144.0	age;sex;site	estimated	robust_Wald	HC3	0.07509000766188133	0.01653587031931949	0.23104523946479633	0.30153336789476437	0.07878588675746329
Colonomics	N-H	N	H	healthy_reference	HOXA2	cg02803819	5	False	unpaired_or_partially_paired_observations	beta_percentage_points	5000	96	48	144	0	40.50333333333334	45.12666666666667	-4.623333333333335	1.993927311579995	-8.520169270833332	-0.5751093750000007	0.022083771384140374	0.022083771384140374	0.0029501240537221267	0.0029501240537221267	Welch_t	estimated		5000	-4.015884070943021	-7.720990789535212	-0.3107773523508307	0.03363987987268015	0.03363987987268015	144.0	age;sex;site	estimated	robust_Wald	HC3	0.04042727926548205	0.008681256769551737	0.16189192188727322	0.30153336789476437	0.0766344545739163
Colonomics	N-H	N	H	healthy_reference	HOXA2	cg03763508	6	False	unpaired_or_partially_paired_observations	beta_percentage_points	5000	96	48	144	0	42.420520833333335	46.727708333333325	-4.307187499999992	1.6042953471802073	-7.3819244791666625	-1.0637395833333412	0.008400278079613603	0.008400278079613603	0.003981010627216431	0.003981010627216431	Welch_t	estimated		5000	-3.5699693491986957	-6.6002872211684895	-0.5396514772289012	0.020943446027981545	0.020943446027981545	144.0	age;sex;site	estimated	robust_Wald	HC3	0.016103437646396202	0.011495168186087444	0.10750968961030526	0.30153336789476437	0.0766344545739163
Colonomics	N-H	N	H	healthy_reference	HOXA2	cg00188704	7	False	unpaired_or_partially_paired_observations	beta_percentage_points	5000	96	48	144	0	46.99572916666667	50.969791666666666	-3.9740624999999916	1.6727021200533476	-7.212940104166663	-0.7291536458333472	0.0191657090718614	0.0191657090718614	0.003849230726432429	0.003849230726432429	Welch_t	estimated		5000	-3.5482970440873256	-6.7251936394927	-0.37140044868195154	0.02858979954451869	0.02858979954451869	144.0	age;sex;site	estimated	robust_Wald	HC3	0.03541823036479986	0.011184557205105547	0.14202674612438318	0.30153336789476437	0.0766344545739163
Colonomics	N-H	N	H	healthy_reference	HOXA2	cg06786372	8	False	unpaired_or_partially_paired_observations	beta_percentage_points	5000	96	48	144	0	38.854375	42.3225	-3.4681249999999997	1.8307592098185221	-7.01113020833333	0.09927864583334212	0.06069680394100916	0.06069680394100916	0.008655170059345981	0.008655170059345981	Welch_t	estimated		5000	-3.1405635439090114	-6.539187715775438	0.2580606279574148	0.07011885274141882	0.07011885274141882	144.0	age;sex;site	estimated	robust_Wald	HC3	0.10050868609586464	0.024234476166168747	0.2841658768994342	0.32028257252480985	0.07878588675746329
Colonomics	N-H	N	H	healthy_reference	BEND5	cg11666087	1	False	unpaired_or_partially_paired_observations	beta_percentage_points	5000	96	48	144	0	4.4797916666666655	3.139583333333333	1.3402083333333328	1.5042978770771436	-1.682203125000001	4.210875	0.37464399008946314	0.37464399008946314	0.07402419093672843	0.07402419093672843	Welch_t	estimated		5000	0.8223318751831015	-2.3695918369900726	4.014255587356275	0.6135985800062745	0.6135985800062745	144.0	age;sex;site	estimated	robust_Wald	HC3	0.48079312061481105	0.17914110756590776	1.0	0.647977325039962	0.24437946734760405
Colonomics	N-H	N	H	healthy_reference	BEND5	cg16573178	2	False	unpaired_or_partially_paired_observations	beta_percentage_points	5000	96	48	144	0	4.9509375	3.750208333333333	1.200729166666667	1.4400260007173569	-1.7465729166666666	3.898346354166665	0.4059520739002833	0.4059520739002833	0.07000202845584003	0.07000202845584003	Welch_t	estimated		5000	0.726457021014568	-2.3212678907673543	3.7741819327964903	0.6403726335302221	0.6403726335302221	144.0	age;sex;site	estimated	robust_Wald	HC3	0.5078229926266319	0.17202626141807498	1.0	0.647977325039962	0.24437946734760405
Colonomics	N-H	N	H	healthy_reference	BEND5	cg06744574	3	False	unpaired_or_partially_paired_observations	beta_percentage_points	5000	96	48	144	0	6.520833333333333	5.086458333333335	1.4343749999999982	1.3869064475946136	-1.3588541666666676	4.097187499999996	0.3030916816154949	0.3030916816154949	0.27051009589249253	0.27051009589249253	Welch_t	estimated		5000	0.8673525950781545	-2.1335709072689335	3.8682760974252424	0.5710637424261441	0.5710637424261441	144.0	age;sex;site	estimated	robust_Wald	HC3	0.41306299972377175	0.543372453488398	1.0	0.647977325039962	0.5636490201919011
Colonomics	N-H	N	H	healthy_reference	BEND5	cg03603214	4	False	unpaired_or_partially_paired_observations	beta_percentage_points	5000	96	48	144	0	3.2434374999999993	2.489791666666667	0.7536458333333326	0.9697699486163778	-1.1828072916666665	2.621731770833332	0.43851098369657615	0.43851098369657615	0.8988158608778564	0.8988158608778564	Welch_t	estimated		5000	0.4587979816554276	-1.5331898388498624	2.4507858021607176	0.6516852875851779	0.6516852875851779	144.0	age;sex;site	estimated	robust_Wald	HC3	0.5345437321050611	1.0	1.0	0.6620656028360071	0.9072223143789961
Colonomics	N-H	N	H	healthy_reference	UNC5C	cg15701178	1	False	unpaired_or_partially_paired_observations	beta_percentage_points	5000	96	48	144	0	5.511354166666666	5.347499999999999	0.16385416666666666	0.9041971595437017	-1.5686171874999995	1.9937760416666666	0.8564695224572816	0.8564695224572816	0.16195401108890017	0.16195401108890017	Welch_t	estimated		5000	0.15508997767702976	-1.7822993270795402	2.0924792824336	0.8753259425201708	0.8753259425201708	144.0	age;sex;site	estimated	robust_Wald	HC3	0.8992929985801457	0.358003603459674	1.0	0.9470227613013981	0.4300158225463901
Colonomics	N-H	N	H	healthy_reference	UNC5C	cg03008707	2	False	unpaired_or_partially_paired_observations	beta_percentage_points	5000	96	48	144	0	21.01770833333333	23.14104166666667	-2.1233333333333384	1.073396166159876	-4.303453125000004	-0.09502864583333297	0.05090823094327191	0.05090823094327191	0.00920874001061259	0.00920874001061259	Welch_t	estimated		5000	-1.4046160804370096	-3.6861850876961983	0.876952926822179	0.22757680948845604	0.22757680948845604	144.0	age;sex;site	estimated	robust_Wald	HC3	0.08521595179634646	0.025629143884957933	0.6170374377250508	0.30153336789476437	0.07878588675746329
Colonomics	N-H	N	H	healthy_reference	UNC5C	cg24870497	3	False	unpaired_or_partially_paired_observations	beta_percentage_points	5000	96	48	144	0	5.840729166666668	6.013541666666667	-0.172812499999999	1.250427715649045	-2.6807812500000026	2.225940104166665	0.8903090251839324	0.8903090251839324	0.07473816376469056	0.07473816376469056	Welch_t	estimated		5000	-0.5962689977339074	-3.297075103579592	2.1045371081117774	0.6652254773266331	0.6652254773266331	144.0	age;sex;site	estimated	robust_Wald	HC3	0.9181311822209304	0.17983870655878664	1.0	0.9556415565333095	0.24437946734760405
Colonomics	N-H	N	H	healthy_reference	UNC5C	cg13265789	4	False	unpaired_or_partially_paired_observations	beta_percentage_points	5000	96	48	144	0	16.3796875	18.727083333333336	-2.347395833333335	1.3593190734000489	-4.9397109374999975	0.32152864583332946	0.0868623544188573	0.0868623544188573	0.015985165484880718	0.015985165484880718	Welch_t	estimated		5000	-2.0025422294648676	-4.808069419270337	0.8029849603406022	0.1618153229691296	0.1618153229691296	144.0	age;sex;site	estimated	robust_Wald	HC3	0.13934169354691692	0.0436990914438751	0.5159634016774305	0.3921481608881578	0.11189615839416503
Colonomics	N-H	N	H	healthy_reference	UNC5C	cg12584684	5	False	unpaired_or_partially_paired_observations	beta_percentage_points	5000	96	48	144	0	8.0940625	7.595833333333333	0.4982291666666652	1.2185429161946875	-1.691375	3.045942708333331	0.683258376359618	0.683258376359618	0.0438880500722375	0.0438880500722375	Welch_t	estimated		5000	0.30557117427487696	-2.160247249849135	2.7713895983988888	0.8080950551220334	0.8080950551220334	144.0	age;sex;site	estimated	robust_Wald	HC3	0.7515842139955797	0.11141566442918152	1.0	0.8768482496615098	0.18333217782430564
Colonomics	N-H	N	H	healthy_reference	RALYL	cg08327106	1	False	unpaired_or_partially_paired_observations	beta_percentage_points	5000	96	48	144	0	11.875729166666666	10.339166666666666	1.5365625000000007	1.2362661375787651	-0.8799479166666669	3.892742187499997	0.21611391194036894	0.21611391194036894	0.3666970914189578	0.3666970914189578	Welch_t	estimated		5000	-0.0669087998356958	-2.540570524763531	2.4067529250921393	0.9577207094520086	0.9577207094520086	144.0	age;sex;site	estimated	robust_Wald	HC3	0.310076482349225	0.7000580836180103	1.0	0.5943132578360145	0.6401619578247283
Colonomics	N-H	N	H	healthy_reference	RALYL	cg09757712	2	False	unpaired_or_partially_paired_observations	beta_percentage_points	5000	96	48	144	0	13.575416666666666	12.13875	1.4366666666666652	1.471923628925242	-1.4392031249999984	4.220229166666662	0.3310715846403127	0.3310715846403127	0.045237810112491006	0.045237810112491006	Welch_t	estimated		5000	0.2537871436523524	-2.7847539302083266	3.292328217513031	0.8699661548657128	0.8699661548657128	144.0	age;sex;site	estimated	robust_Wald	HC3	0.4433480350835492	0.11420693044792812	1.0	0.647977325039962	0.18333217782430564
Colonomics	N-H	N	H	healthy_reference	RALYL	cg11089595	3	False	unpaired_or_partially_paired_observations	beta_percentage_points	5000	96	48	144	0	24.37010416666667	21.10395833333333	3.266145833333339	1.8664344669296742	-0.4464609375000015	6.7913281250000015	0.08320272602198932	0.08320272602198932	0.0370642404327262	0.0370642404327262	Welch_t	estimated		5000	0.22847787354496762	-3.5885171676431002	4.045472914733035	0.9066067787876461	0.9066067787876461	144.0	age;sex;site	estimated	robust_Wald	HC3	0.13440440357398276	0.09784959474239717	1.0	0.3921481608881578	0.18333217782430564
Colonomics	N-H	N	H	healthy_reference	RALYL	cg01134282	4	False	unpaired_or_partially_paired_observations	beta_percentage_points	5000	96	48	144	0	10.826666666666668	11.467916666666667	-0.6412499999999988	1.1105236277951565	-2.801588541666664	1.5409609375	0.5648684693005601	0.5648684693005601	0.46475283303823545	0.46475283303823545	Welch_t	estimated		5000	-1.3567722147791788	-3.7636224224160846	1.050077992857727	0.2692216695292422	0.2692216695292422	144.0	age;sex;site	estimated	robust_Wald	HC3	0.6463982760393572	0.8354700733994739	0.6796743788115295	0.7630679322130374	0.6551643933376187
Colonomics	N-H	N	H	healthy_reference	RALYL	cg06955749	5	False	unpaired_or_partially_paired_observations	beta_percentage_points	5000	96	48	144	0	11.049583333333333	11.313333333333334	-0.2637500000000015	0.9578308497526585	-2.2240000000000006	1.5450442708333334	0.7835614092922955	0.7835614092922955	0.29228331952540887	0.29228331952540887	Welch_t	estimated		5000	-0.9192022745982147	-2.9150055646745394	1.0766010154781098	0.3666873381787793	0.3666873381787793	144.0	age;sex;site	estimated	robust_Wald	HC3	0.8399196545082146	0.5820469552618056	0.834529804131015	0.9005108733657724	0.5636490201919011
Colonomics	N-H	N	H	healthy_reference	GFRA1	cg19236679	1	False	unpaired_or_partially_paired_observations	beta_percentage_points	5000	96	48	144	0	7.4390625	6.617083333333333	0.821979166666667	1.2624870112598603	-1.5898359374999997	3.245244791666667	0.5161083261760933	0.5161083261760933	0.7602642579894812	0.7602642579894812	Welch_t	estimated		5000	-0.05373183051390253	-2.6110467826619064	2.503583121634101	0.9671517048747441	0.9671517048747441	144.0	age;sex;site	estimated	robust_Wald	HC3	0.603650751122418	1.0	1.0	0.7225516566465305	0.8245119417632402
Colonomics	N-H	N	H	healthy_reference	GFRA1	cg06298519	2	False	unpaired_or_partially_paired_observations	beta_percentage_points	5000	96	48	144	0	12.211354166666666	10.714374999999999	1.4969791666666676	1.4463010039499222	-1.407531249999999	4.309817708333333	0.30284803852922604	0.30284803852922604	0.25517063952732255	0.25517063952732255	Welch_t	estimated		5000	0.3436234285065865	-2.725980869957427	3.4132277269706	0.8263338109303142	0.8263338109303142	144.0	age;sex;site	estimated	robust_Wald	HC3	0.41306299972377175	0.521632015316916	1.0	0.647977325039962	0.5636490201919011
Colonomics	N-H	N	H	healthy_reference	GFRA1	cg19485539	3	False	unpaired_or_partially_paired_observations	beta_percentage_points	5000	96	48	144	0	12.086041666666665	10.429166666666667	1.6568749999999979	1.4569498083185906	-1.2192656250000002	4.524453124999999	0.25759211139645816	0.25759211139645816	0.24384551672930155	0.24384551672930155	Welch_t	estimated		5000	0.22001879199435728	-2.774984370691481	3.215021954680195	0.8855140604543621	0.8855140604543621	144.0	age;sex;site	estimated	robust_Wald	HC3	0.35738004644193294	0.5051866759145172	1.0	0.647977325039962	0.5636490201919011
Colonomics	N-H	N	H	healthy_reference	GFRA1	cg18672939	4	False	unpaired_or_partially_paired_observations	beta_percentage_points	5000	96	48	144	0	8.951458333333335	7.618124999999999	1.333333333333335	1.636950645665269	-1.8571093749999996	4.634291666666666	0.41684565107048044	0.41684565107048044	0.5473140492525588	0.5473140492525588	Welch_t	estimated		5000	0.3508865745330092	-3.0744167380187095	3.776189887084728	0.8408722801740083	0.8408722801740083	144.0	age;sex;site	estimated	robust_Wald	HC3	0.5163074820229543	0.9330593754785319	1.0	0.647977325039962	0.7023863632074504
Colonomics	N-H	N	H	healthy_reference	GFRA1	cg27034576	5	False	unpaired_or_partially_paired_observations	beta_percentage_points	5000	96	48	144	0	10.786145833333334	10.032499999999999	0.7536458333333342	0.9959810597867803	-1.2133906249999975	2.6681458333333334	0.45099056229272383	0.45099056229272383	0.21278120762579922	0.21278120762579922	Welch_t	estimated		5000	0.02735683074961117	-2.0781863480737575	2.1329000095729795	0.9796837827996174	0.9796837827996174	144.0	age;sex;site	estimated	robust_Wald	HC3	0.5444555085661287	0.450939990473024	1.0	0.6637892672872397	0.5285210641027915
Colonomics	N-H	N	H	healthy_reference	GFRA1	cg18044663	6	False	unpaired_or_partially_paired_observations	beta_percentage_points	5000	96	48	144	0	9.236041666666669	8.205	1.0310416666666682	1.5655435636371728	-2.1238619791666666	4.148674479166667	0.5113719142507294	0.5113719142507294	0.7570404063167566	0.7570404063167566	Welch_t	estimated		5000	-0.23796587092130206	-3.5395316603949003	3.0635999185522964	0.887658481840641	0.887658481840641	144.0	age;sex;site	estimated	robust_Wald	HC3	0.6026883275097882	1.0	1.0	0.7225516566465305	0.8245119417632402
Colonomics	T-H	T	H	healthy_reference	EYA4	cg14017655	1	False	unpaired_or_partially_paired_observations	beta_percentage_points	5000	96	48	144	0	44.58958333333333	5.8925	38.69708333333333	2.417721139452932	33.74103385416666	43.387098958333326	2.2707889092039863e-33	2.2707889092039863e-33	2.2103669674011412e-17	2.2103669674011412e-17	Welch_t	estimated		5000	41.40752273576881	36.012289188687966	46.80275628284965	3.8726034406342645e-51	3.8726034406342645e-51	144.0	age;sex;site	estimated	robust_Wald	HC3	1.9074626837313485e-32	1.7308297270158088e-16	3.651311815455164e-50	3.568382571606264e-33	2.8847162116930145e-17
Colonomics	T-H	T	H	healthy_reference	EYA4	cg20330472	2	False	unpaired_or_partially_paired_observations	beta_percentage_points	5000	96	48	144	0	37.66	5.34	32.32	2.167640319964913	28.050630208333338	36.573567708333336	1.534463063209578e-27	1.534463063209578e-27	2.603687268295536e-17	2.603687268295536e-17	Welch_t	estimated		5000	34.76078349361428	29.500790207513162	40.0207767797154	2.2752616890508606e-38	2.2752616890508606e-38	144.0	age;sex;site	estimated	robust_Wald	HC3	8.752122656825001e-27	2.0048391965875627e-16	1.64245453178359e-37	1.7634874010020524e-27	3.341398660979271e-17
Colonomics	T-H	T	H	healthy_reference	EYA4	cg17838029	3	False	unpaired_or_partially_paired_observations	beta_percentage_points	5000	96	48	144	0	25.486145833333328	3.2687500000000003	22.217395833333327	1.2976510765983187	19.653049479166665	24.756236979166662	1.3370051417228465e-32	1.3370051417228465e-32	3.495423843895789e-18	3.495423843895789e-18	Welch_t	estimated		5000	24.412907334160604	21.37508729818038	27.450727370140832	6.770387599111799e-56	6.770387599111799e-56	144.0	age;sex;site	estimated	robust_Wald	HC3	1.0649937508206122e-31	3.297460484396085e-17	6.950931268421447e-55	2.0186156061305723e-32	5.495767473993475e-18
Colonomics	T-H	T	H	healthy_reference	EYA4	cg14343214	4	False	unpaired_or_partially_paired_observations	beta_percentage_points	5000	96	48	144	0	52.70635416666667	4.884791666666666	47.821562500000006	2.565965945780699	42.65336197916667	52.70354687500001	1.0688105180831542e-36	1.0688105180831542e-36	1.849063070215145e-18	1.849063070215145e-18	Welch_t	estimated		5000	51.08421975633324	45.27068703091409	56.897752481752384	1.8022063574621807e-66	1.8022063574621807e-66	144.0	age;sex;site	estimated	robust_Wald	HC3	1.2661293829600444e-35	1.941516223725902e-17	2.312831492076465e-65	2.2860669414556354e-36	3.2358603728765037e-18
Colonomics	T-H	T	H	healthy_reference	EYA4	cg24675448	5	False	unpaired_or_partially_paired_observations	beta_percentage_points	5000	96	48	144	0	54.100416666666675	12.986666666666666	41.11375	2.7402648855657894	35.86573958333334	46.597703125	7.503942149784461e-30	7.503942149784461e-30	1.1983367064095605e-18	1.1983367064095605e-18	Welch_t	estimated		5000	44.24672867949049	37.64902267164967	50.84443468733131	1.8358122738933473e-39	1.8358122738933473e-39	144.0	age;sex;site	estimated	robust_Wald	HC3	4.882846863662565e-29	1.4195680983620946e-17	1.3679762428043975e-38	9.630059092223391e-30	2.3659468306034913e-18
Colonomics	T-H	T	H	healthy_reference	EYA4	cg21607030	6	False	unpaired_or_partially_paired_observations	beta_percentage_points	5000	96	48	144	0	57.099583333333335	9.955208333333331	47.144375000000004	2.456596297167387	42.268851562500004	51.82492708333333	1.9617298711790185e-39	1.9617298711790185e-39	4.9790827809601754e-20	4.9790827809601754e-20	Welch_t	estimated		5000	49.487708490301294	43.60550939558457	55.36990758501802	4.370332105797334e-61	4.370332105797334e-61	144.0	age;sex;site	estimated	robust_Wald	HC3	3.125238622361057e-38	1.0953982118112386e-18	5.047733582195921e-60	5.594562965954979e-39	1.8256636863520645e-19
Colonomics	T-H	T	H	healthy_reference	EYA4	cg11664500	7	False	unpaired_or_partially_paired_observations	beta_percentage_points	5000	96	48	144	0	54.39177083333333	10.645833333333334	43.7459375	2.246240602847191	39.32320572916667	47.900994791666655	9.12307153714189e-42	9.12307153714189e-42	4.0492111832493106e-19	4.0492111832493106e-19	Welch_t	estimated		5000	45.88620996682562	40.819551040971696	50.95286889267954	1.7107287813961753e-70	1.7107287813961753e-70	144.0	age;sex;site	estimated	robust_Wald	HC3	1.8325474131128492e-40	6.45081229883166e-18	2.3950202939546454e-69	3.0542456885214156e-41	1.07513538313861e-18
Colonomics	T-H	T	H	healthy_reference	EYA4	cg26656135	8	False	unpaired_or_partially_paired_observations	beta_percentage_points	5000	96	48	144	0	46.521562499999995	15.587708333333333	30.933854166666663	1.5253825599044373	27.968755208333327	33.850486979166654	9.180061236624136e-44	9.180061236624136e-44	7.51370761421138e-20	7.51370761421138e-20	Welch_t	estimated		5000	31.991017605996497	28.46404720171455	35.517988010278444	1.053038097982606e-70	1.053038097982606e-70	144.0	age;sex;site	estimated	robust_Wald	HC3	2.3562157174001948e-42	1.4463887157356908e-18	1.5203237539623874e-69	3.927026195666991e-43	2.4106478595594845e-19
Colonomics	T-H	T	H	healthy_reference	EYA4	cg20286200	9	False	unpaired_or_partially_paired_observations	beta_percentage_points	5000	96	48	144	0	48.369895833333324	13.187083333333332	35.1828125	1.6879543157308694	31.745411458333333	38.378351562499994	1.7165654713121614e-43	1.7165654713121614e-43	4.370625271289303e-19	4.370625271289303e-19	Welch_t	estimated		5000	36.49443308141534	32.73351552880958	40.255350634021084	1.1940045466801083e-80	1.1940045466801083e-80	144.0	age;sex;site	estimated	robust_Wald	HC3	4.173964461822203e-42	6.7307629177855266e-18	2.2065204022648404e-79	6.956607436370338e-43	1.1217938196309212e-18
Colonomics	T-H	T	H	healthy_reference	EYA4	cg14270292	10	False	unpaired_or_partially_paired_observations	beta_percentage_points	5000	96	48	144	0	49.345	13.612500000000002	35.7325	1.990316113724013	31.681937499999997	39.56268489583332	9.460249525704597e-38	9.460249525704597e-38	1.5907522740739866e-18	1.5907522740739866e-18	Welch_t	estimated		5000	38.386605292155615	33.73084145404633	43.04236913026491	9.68243660794421e-59	9.68243660794421e-59	144.0	age;sex;site	estimated	robust_Wald	HC3	1.2487529373930067e-36	1.7091338386562367e-17	1.0402990029930756e-57	2.2763725421226687e-37	2.8485563977603946e-18
Colonomics	T-H	T	H	healthy_reference	EYA4	cg06181518	11	False	unpaired_or_partially_paired_observations	beta_percentage_points	5000	96	48	144	0	43.88875	7.731041666666667	36.15770833333334	2.133967220245941	31.913809895833335	40.144096354166656	7.090010837093203e-36	7.090010837093203e-36	8.521237784005908e-18	8.521237784005908e-18	Welch_t	estimated		5000	38.277934560338934	33.66808700158046	42.88778211909741	1.4952066787674877e-59	1.4952066787674877e-59	144.0	age;sex;site	estimated	robust_Wald	HC3	7.989231723748927e-35	7.290940276117452e-17	1.6848426477819007e-58	1.4366600906741491e-35	1.2151567126862423e-17
Colonomics	T-H	T	H	healthy_reference	EYA4	cg14287112	12	False	unpaired_or_partially_paired_observations	beta_percentage_points	5000	96	48	144	0	54.17000000000001	11.259583333333333	42.91041666666667	2.0973021964891814	38.6849921875	46.857742187499994	8.538129903177797e-44	8.538129903177797e-44	1.4569459156114823e-19	1.4569459156114823e-19	Welch_t	estimated		5000	45.22144778200883	40.462742754622056	49.9801528093956	2.0028762603658287e-77	2.0028762603658287e-77	144.0	age;sex;site	estimated	robust_Wald	HC3	2.3203623619224366e-42	2.5888808192788647e-18	3.3047458296036175e-76	3.8672706032040615e-43	4.3148013654647743e-19
Colonomics	T-H	T	H	healthy_reference	EYA4	cg01328892	13	False	unpaired_or_partially_paired_observations	beta_percentage_points	5000	96	48	144	0	53.25083333333333	16.789583333333333	36.46125	1.9046351756447766	32.6706953125	39.94559114583333	1.3580633087592638e-40	1.3580633087592638e-40	1.5032781967498381e-18	1.5032781967498381e-18	Welch_t	estimated		5000	39.07555910319138	34.990748195433305	43.160370010949464	1.9674966564349427e-78	1.9674966564349427e-78	144.0	age;sex;site	estimated	robust_Wald	HC3	2.5097009945871196e-39	1.6821744555779856e-17	3.496090212588245e-77	4.182834990978532e-40	2.8036240926299762e-18
Colonomics	T-H	T	H	healthy_reference	EYA4	cg05493394	14	False	unpaired_or_partially_paired_observations	beta_percentage_points	5000	96	48	144	0	42.53833333333333	7.838958333333333	34.699374999999996	2.1082184343193475	30.5286640625	38.888755208333336	2.191437847252216e-31	2.191437847252216e-31	3.431852083327935e-18	3.431852083327935e-18	Welch_t	estimated		5000	38.155753862319074	33.186857865206	43.124649859432154	3.4312074468844226e-51	3.4312074468844226e-51	144.0	age;sex;site	estimated	robust_Wald	HC3	1.5819441959851937e-30	3.297460484396085e-17	3.3025371676262564e-50	3.0680129861531024e-31	5.495767473993475e-18
Colonomics	T-H	T	H	healthy_reference	EYA4	cg26449787	15	False	unpaired_or_partially_paired_observations	beta_percentage_points	5000	96	48	144	0	49.97583333333333	10.926666666666666	39.049166666666665	2.088573065161798	34.82745572916667	43.06786458333333	2.6563497210597217e-38	2.6563497210597217e-38	6.654206888324433e-19	6.654206888324433e-19	Welch_t	estimated		5000	40.794013780438995	35.95538699495823	45.632640565919765	2.453740455540853e-61	2.453740455540853e-61	144.0	age;sex;site	estimated	robust_Wald	HC3	3.945852330530854e-37	9.215774691230474e-18	2.983231816999669e-60	7.256739918217662e-38	1.5359624485384123e-18
Colonomics	T-H	T	H	healthy_reference	EYA4	cg22871668	16	False	unpaired_or_partially_paired_observations	beta_percentage_points	5000	96	48	144	0	54.614479166666676	11.03020833333333	43.58427083333334	2.1597127757960446	39.344528645833336	47.68259895833334	2.8288309672942027e-43	2.8288309672942027e-43	3.094685206162202e-19	3.094685206162202e-19	Welch_t	estimated		5000	46.189240027265875	41.22434020807499	51.15413984645676	2.7803215860070883e-74	2.7803215860070883e-74	144.0	age;sex;site	estimated	robust_Wald	HC3	6.223428128047246e-42	5.106230590167634e-18	4.281695242450916e-73	1.0372380213412076e-42	8.510384316946056e-19
Colonomics	T-H	T	H	healthy_reference	EYA4	cg20980055	17	False	unpaired_or_partially_paired_observations	beta_percentage_points	5000	96	48	144	0	43.01885416666667	6.76875	36.25010416666667	1.7617016773126264	32.72687239583333	39.62031770833333	2.6710099938459296e-43	2.6710099938459296e-43	3.2454071966104532e-18	3.2454071966104532e-18	Welch_t	estimated		5000	38.02353674398353	34.14242487050088	41.90464861746617	3.5672690567184925e-82	3.5672690567184925e-82	144.0	age;sex;site	estimated	robust_Wald	HC3	6.170033085784097e-42	3.297460484396085e-17	7.165557844364972e-81	1.0283388476306829e-42	5.495767473993475e-18
Colonomics	T-H	T	H	healthy_reference	ZNF568	cg06611358	1	False	unpaired_or_partially_paired_observations	beta_percentage_points	5000	96	48	144	0	58.084375	10.862291666666664	47.22208333333334	2.1840791432221356	42.84401041666667	51.535023437499994	7.239637402379199e-45	7.239637402379199e-45	2.047350670668196e-20	2.047350670668196e-20	Welch_t	estimated		5000	48.5855634567669	43.67139683043384	53.49973008309996	1.1871735328272223e-83	1.1871735328272223e-83	144.0	age;sex;site	estimated	robust_Wald	HC3	2.229808319932793e-43	5.563976528521803e-19	2.6117817722198894e-82	3.716347199887989e-44	9.273294214203005e-20
Colonomics	T-H	T	H	healthy_reference	ZNF568	cg27390819	2	False	unpaired_or_partially_paired_observations	beta_percentage_points	5000	96	48	144	0	47.952395833333334	10.474166666666667	37.478229166666665	2.2272127146851255	33.02021614583334	41.789815104166664	2.0722308963651248e-33	2.0722308963651248e-33	5.095059231794873e-19	5.095059231794873e-19	Welch_t	estimated		5000	38.348325907801126	33.20138941945881	43.49526239614343	2.682762423134024e-48	2.682762423134024e-48	144.0	age;sex;site	estimated	robust_Wald	HC3	1.8063597624918636e-32	7.355991765903848e-18	2.3835312297844597e-47	3.324203729585721e-33	1.2259986276506412e-18
Colonomics	T-H	T	H	healthy_reference	ZNF568	cg20154403	3	False	unpaired_or_partially_paired_observations	beta_percentage_points	5000	96	48	144	0	56.772083333333335	10.493333333333334	46.27875	2.6979583662526023	40.932200520833334	51.39874739583333	1.670607021814141e-31	1.670607021814141e-31	3.4323803725488136e-18	3.4323803725488136e-18	Welch_t	estimated		5000	47.65220709157858	40.93216303638216	54.37225114677501	6.494177029643845e-44	6.494177029643845e-44	144.0	age;sex;site	estimated	robust_Wald	HC3	1.2251118159970366e-30	3.297460484396085e-17	5.357696049456173e-43	2.3821618644386823e-31	5.495767473993475e-18
Colonomics	T-H	T	H	healthy_reference	ZNF568	cg21761844	4	False	unpaired_or_partially_paired_observations	beta_percentage_points	5000	96	48	144	0	43.01291666666667	4.630000000000001	38.38291666666667	2.055051150004681	34.308739583333335	42.31462760416667	2.4419227354681298e-37	2.4419227354681298e-37	3.2959903013133776e-17	3.2959903013133776e-17	Welch_t	estimated		5000	38.43671099674404	32.93135215959953	43.94206983388855	1.2677683000888574e-42	1.2677683000888574e-42	144.0	age;sex;site	estimated	robust_Wald	HC3	3.049103523746692e-36	2.4560443858173876e-16	9.761815910684201e-42	5.5302367832660585e-37	4.0934073096956463e-17
Colonomics	T-H	T	H	healthy_reference	ZNF568	cg20680720	5	False	unpaired_or_partially_paired_observations	beta_percentage_points	5000	96	48	144	0	46.29864583333334	3.075	43.22364583333334	3.29563723680666	36.69315885416667	49.3388828125	1.3817850886445587e-23	1.3817850886445587e-23	3.0478288031196837e-15	3.0478288031196837e-15	Welch_t	estimated		5000	45.54411002405252	37.34114568010151	53.747074368003524	1.4041753911533743e-27	1.4041753911533743e-27	144.0	age;sex;site	estimated	robust_Wald	HC3	6.197909815085301e-23	1.9832350803398506e-14	8.535908298853406e-27	1.4186326910084136e-23	3.305391800566418e-15
Colonomics	T-H	T	H	healthy_reference	ZNF568	cg02459604	6	False	unpaired_or_partially_paired_observations	beta_percentage_points	5000	96	48	144	0	49.748958333333334	16.85770833333333	32.89125	2.068615336462325	28.586653645833334	36.7413671875	2.6839521541553716e-33	2.6839521541553716e-33	1.596257714893631e-16	1.596257714893631e-16	Welch_t	estimated		5000	31.854095100935652	27.003198898017487	36.70499130385382	6.607596856548807e-38	6.607596856548807e-38	144.0	age;sex;site	estimated	robust_Wald	HC3	2.175413851262775e-32	1.1173804004255417e-15	4.696476534962383e-37	4.133286317399272e-33	1.8623006673759027e-16
Colonomics	T-H	T	H	healthy_reference	ZNF568	cg03060201	7	False	unpaired_or_partially_paired_observations	beta_percentage_points	5000	96	48	144	0	46.52135416666667	3.106666666666667	43.4146875	2.319988785621284	38.773078125000005	47.887255208333315	7.30794090698168e-35	7.30794090698168e-35	7.483645221034332e-18	7.483645221034332e-18	Welch_t	estimated		5000	43.62008544763846	37.40636561303873	49.833805282238195	4.504802657940081e-43	4.504802657940081e-43	144.0	age;sex;site	estimated	robust_Wald	HC3	7.3397145630989914e-34	6.779302141407571e-17	3.527489538929352e-42	1.3086312786920683e-34	1.1298836902345951e-17
Colonomics	T-H	T	H	healthy_reference	ZNF568	cg03443751	8	False	unpaired_or_partially_paired_observations	beta_percentage_points	5000	96	48	144	0	46.69802083333334	3.8035416666666664	42.89447916666667	3.0069727935709945	37.04092708333334	48.75045572916666	2.160606064999101e-25	2.160606064999101e-25	5.167644821253429e-18	5.167644821253429e-18	Welch_t	estimated		5000	45.963727165907294	38.098995591619804	53.828458740194776	2.230244614657619e-30	2.230244614657619e-30	144.0	age;sex;site	estimated	robust_Wald	HC3	1.0850000022060703e-24	4.774903814838169e-17	1.3923959621240812e-29	2.3106481528462607e-25	7.958173024730282e-18
Colonomics	T-H	T	H	healthy_reference	ZNF793	cg17332326	1	False	unpaired_or_partially_paired_observations	beta_percentage_points	5000	96	48	144	0	43.80635416666667	5.121458333333334	38.684895833333336	2.4972386947709597	33.71269010416667	43.457632812499995	4.793997764320122e-28	4.793997764320122e-28	1.9103893208938769e-13	1.9103893208938769e-13	Welch_t	estimated		5000	43.45819609435071	38.002541288135774	48.91385090056565	5.9830059691882064e-55	5.9830059691882064e-55	144.0	age;sex;site	estimated	robust_Wald	HC3	2.8763986585920733e-27	1.1613156134907514e-12	6.00901903861946e-54	5.767778560197647e-28	1.9355260224845856e-13
Colonomics	T-H	T	H	healthy_reference	ZNF793	cg11623861	2	False	unpaired_or_partially_paired_observations	beta_percentage_points	5000	96	48	144	0	37.97239583333334	3.4443750000000004	34.528020833333336	2.7182956998546044	29.239677083333337	39.97484114583333	3.342027411287305e-22	3.342027411287305e-22	1.0978906440769816e-16	1.0978906440769816e-16	Welch_t	estimated		5000	40.31011761022164	33.8281900771755	46.79204514326777	3.5699860205457436e-34	3.5699860205457436e-34	144.0	age;sex;site	estimated	robust_Wald	HC3	1.403651512740668e-21	7.803468885593316e-16	2.4616918529733337e-33	3.342027411287305e-22	1.300578147598886e-16
Colonomics	T-H	T	H	healthy_reference	ZNF793	cg14732998	3	False	unpaired_or_partially_paired_observations	beta_percentage_points	5000	96	48	144	0	50.89145833333334	6.531041666666666	44.36041666666667	2.6722551815795152	39.26465104166666	49.65968749999999	4.133155329788656e-30	4.133155329788656e-30	6.852843398768327e-15	6.852843398768327e-15	Welch_t	estimated		5000	49.33896640274225	43.483963374800396	55.1939694306841	2.803694746597432e-61	2.803694746597432e-61	144.0	age;sex;site	estimated	robust_Wald	HC3	2.808114356415234e-29	4.337005000316393e-14	3.32129993058465e-60	5.3941179727750256e-30	7.228341667193989e-15
Colonomics	T-H	T	H	healthy_reference	ZNF793	cg07482795	4	False	unpaired_or_partially_paired_observations	beta_percentage_points	5000	96	48	144	0	41.0753125	5.020416666666667	36.05489583333333	2.808116959709227	30.7320390625	41.51539583333332	1.6151436542814068e-22	1.6151436542814068e-22	2.748324158925162e-13	2.748324158925162e-13	Welch_t	estimated		5000	40.605361484783906	34.05764394621201	47.15307902335581	5.421048973851366e-34	5.421048973851366e-34	144.0	age;sex;site	estimated	robust_Wald	HC3	6.973797834373925e-22	1.6489944953550973e-12	3.683124449881369e-33	1.6363955444693202e-22	2.748324158925162e-13
Colonomics	T-H	T	H	healthy_reference	ZNF793	cg13181745	5	False	unpaired_or_partially_paired_observations	beta_percentage_points	5000	96	48	144	0	43.011770833333344	4.036666666666667	38.975104166666675	2.6288775076819237	33.94269791666667	44.069674479166665	1.681104049306107e-26	1.681104049306107e-26	1.514336641548314e-15	1.514336641548314e-15	Welch_t	estimated		5000	44.55424192045621	38.554125011115595	50.55435882979682	5.521889425251717e-48	5.521889425251717e-48	144.0	age;sex;site	estimated	robust_Wald	HC3	8.726630008757545e-26	1.0139471426019146e-14	4.81342059333263e-47	1.8492144542367177e-26	1.6899119043365245e-15
Colonomics	T-H	T	H	healthy_reference	ZNF793	cg24078985	6	False	unpaired_or_partially_paired_observations	beta_percentage_points	5000	96	48	144	0	44.50760416666667	4.1831249999999995	40.32447916666666	2.8011300944834634	35.004666666666665	45.67005208333333	1.2363289772279509e-25	1.2363289772279509e-25	5.696559645689431e-15	5.696559645689431e-15	Welch_t	estimated		5000	46.391539679679475	40.070940867478086	52.712138491880864	6.370256508559839e-47	6.370256508559839e-47	144.0	age;sex;site	estimated	robust_Wald	HC3	6.346488749770148e-25	3.6552924393173845e-14	5.450108346212307e-46	1.3408074823458059e-25	6.092154065528975e-15
Colonomics	T-H	T	H	healthy_reference	ZNF793	cg15139588	7	False	unpaired_or_partially_paired_observations	beta_percentage_points	5000	96	48	144	0	52.34447916666666	4.195000000000001	48.14947916666666	2.8637066575005306	42.560117187500005	53.49442447916666	2.6725178024174956e-30	2.6725178024174956e-30	1.7977939846520987e-14	1.7977939846520987e-14	Welch_t	estimated		5000	53.164106063610895	47.0288739215545	59.2993382056673	1.0819155279972809e-64	1.0819155279972809e-64	144.0	age;sex;site	estimated	robust_Wald	HC3	1.8428406339057956e-29	1.1074410945456928e-13	1.350932361985794e-63	3.547997772174951e-30	1.845735157576155e-14
Colonomics	T-H	T	H	healthy_reference	ZNF793	cg25361907	8	False	unpaired_or_partially_paired_observations	beta_percentage_points	5000	96	48	144	0	43.4390625	4.239375	39.199687499999996	2.770282683809962	33.819940104166676	44.55836979166667	3.7706292228201897e-25	3.7706292228201897e-25	1.0545221643935533e-15	1.0545221643935533e-15	Welch_t	estimated		5000	44.842663815512864	38.50474918814844	51.1805784428773	9.991621777425997e-44	9.991621777425997e-44	144.0	age;sex;site	estimated	robust_Wald	HC3	1.8731512913364814e-24	7.27148119328092e-15	7.958843553742777e-43	3.9772390432486927e-25	1.2119135322134867e-15
Colonomics	T-H	T	H	healthy_reference	SFMBT2	cg20299663	1	False	unpaired_or_partially_paired_observations	beta_percentage_points	5000	96	48	144	0	61.67197916666667	14.506874999999999	47.16510416666667	2.4563641418596736	42.323601562499995	51.674619791666665	5.620627046134614e-38	5.620627046134614e-38	6.812978035857397e-20	6.812978035857397e-20	Welch_t	estimated		5000	50.15134463990491	44.86643001840362	55.43625926140621	3.2654704694781183e-77	3.2654704694781183e-77	144.0	age;sex;site	estimated	robust_Wald	HC3	7.637440280335858e-37	1.368519935898312e-18	5.202232265168589e-76	1.396091234039888e-37	2.28086655983052e-19
Colonomics	T-H	T	H	healthy_reference	SFMBT2	cg20506550	2	False	unpaired_or_partially_paired_observations	beta_percentage_points	5000	96	48	144	0	47.49364583333334	4.136666666666667	43.35697916666667	1.9624851576773592	39.429104166666676	47.007559895833325	1.4652106427902535e-45	1.4652106427902535e-45	1.4893958284815414e-20	1.4893958284815414e-20	Welch_t	estimated		5000	46.64944424226221	42.46339054925637	50.83549793526806	9.288007078943406e-106	9.288007078943406e-106	144.0	age;sex;site	estimated	robust_Wald	HC3	5.207133207454594e-44	4.915006233989087e-19	4.7678436338576153e-104	8.678555345757655e-45	8.191677056648477e-20
Colonomics	T-H	T	H	healthy_reference	SFMBT2	cg01056653	3	False	unpaired_or_partially_paired_observations	beta_percentage_points	5000	96	48	144	0	33.05239583333333	2.283333333333333	30.7690625	1.6945065261542183	27.52583072916667	33.947492187499996	2.977037462659554e-35	2.977037462659554e-35	1.0391105835533271e-20	1.0391105835533271e-20	Welch_t	estimated		5000	32.715464628404604	28.75764663724966	36.67328261955954	4.950714213465914e-59	4.950714213465914e-59	144.0	age;sex;site	estimated	robust_Wald	HC3	3.1985844366249162e-34	4.791966997575111e-19	5.445785634812506e-58	5.730797115619642e-35	7.986611662625186e-20
Colonomics	T-H	T	H	healthy_reference	SFMBT2	cg22862480	4	False	unpaired_or_partially_paired_observations	beta_percentage_points	5000	96	48	144	0	62.55760416666667	6.904791666666667	55.6528125	2.304051717400209	50.92205729166667	59.81084114583333	3.92608797542668e-52	3.92608797542668e-52	2.029647358199749e-21	2.029647358199749e-21	Welch_t	estimated		5000	57.94689377101223	52.85388798958947	63.039899552434996	3.698313271048529e-110	3.698313271048529e-110	144.0	age;sex;site	estimated	robust_Wald	HC3	4.534631611617815e-50	4.791966997575111e-19	2.1357759140305255e-108	7.557719352696358e-51	7.986611662625186e-20
Colonomics	T-H	T	H	healthy_reference	SFMBT2	cg12767281	5	False	unpaired_or_partially_paired_observations	beta_percentage_points	5000	96	48	144	0	44.916354166666665	4.5575	40.35885416666666	2.0547326687137955	36.324606770833334	44.310611979166666	4.739567152599435e-38	4.739567152599435e-38	8.957724880183683e-20	8.957724880183683e-20	Welch_t	estimated		5000	44.669993779842	40.163933123128935	49.17605443655507	4.325623461397432e-84	4.325623461397432e-84	144.0	age;sex;site	estimated	robust_Wald	HC3	6.6353940136392095e-37	1.6553875578579446e-18	1.0518094942976914e-82	1.2164889025005216e-37	2.758979263096574e-19
Colonomics	T-H	T	H	healthy_reference	SFMBT2	cg26878816	6	False	unpaired_or_partially_paired_observations	beta_percentage_points	5000	96	48	144	0	48.41677083333333	7.290416666666665	41.126354166666665	1.7956957476819584	37.61140104166667	44.451088541666664	3.965696365394402e-49	3.965696365394402e-49	1.0401224475613236e-20	1.0401224475613236e-20	Welch_t	estimated		5000	43.5965900085726	39.6768993541058	47.5162806630394	2.3397775093571704e-105	2.3397775093571704e-105	144.0	age;sex;site	estimated	robust_Wald	HC3	2.0357241342357933e-47	4.791966997575111e-19	1.0809772093230128e-103	3.3928735570596554e-48	7.986611662625186e-20
Colonomics	T-H	T	H	healthy_reference	SFMBT2	cg12328063	7	False	unpaired_or_partially_paired_observations	beta_percentage_points	5000	96	48	144	0	44.475625	12.896666666666668	31.578958333333336	2.215709531154033	27.25637500000001	35.90168489583333	1.1783131976076993e-26	1.1783131976076993e-26	1.1441215263447352e-17	1.1441215263447352e-17	Welch_t	estimated		5000	35.65712670498286	30.15625826262073	41.15799514734498	5.570832845071167e-37	5.570832845071167e-37	144.0	age;sex;site	estimated	robust_Wald	HC3	6.186144287440421e-26	9.439002592344065e-17	3.899582991549816e-36	1.3149292205187368e-26	1.5731670987240108e-17
Colonomics	T-H	T	H	healthy_reference	SFMBT2	cg16818993	8	False	unpaired_or_partially_paired_observations	beta_percentage_points	5000	96	48	144	0	46.33833333333333	8.652291666666667	37.68604166666666	1.7405215051954026	34.061638020833335	40.981713541666664	9.198079567582362e-46	9.198079567582362e-46	1.712619906741195e-20	1.712619906741195e-20	Welch_t	estimated		5000	40.09920564900338	36.017738982942646	44.18067231506411	1.2555922454894573e-82	1.2555922454894573e-82	144.0	age;sex;site	estimated	robust_Wald	HC3	3.5412606335192094e-44	5.274869312762881e-19	2.63674371552786e-81	5.902101055865349e-45	8.7914488546048e-20
Colonomics	T-H	T	H	healthy_reference	ADHFE1	cg20295442	1	False	unpaired_or_partially_paired_observations	beta_percentage_points	5000	96	48	144	0	68.69083333333333	13.342916666666667	55.34791666666665	2.190253711905581	50.91395572916667	59.44854947916666	2.2532353307837842e-54	2.2532353307837842e-54	9.410250434841011e-21	9.410250434841011e-21	Welch_t	estimated		5000	57.5347762917106	53.09498682460953	61.97456575881167	2.588668776877437e-142	2.588668776877437e-142	144.0	age;sex;site	estimated	robust_Wald	HC3	5.204973614110542e-52	4.791966997575111e-19	5.97982487458688e-140	8.674956023517569e-53	7.986611662625186e-20
Colonomics	T-H	T	H	healthy_reference	ADHFE1	cg19283840	2	False	unpaired_or_partially_paired_observations	beta_percentage_points	5000	96	48	144	0	53.79114583333333	13.759791666666668	40.03135416666667	1.6649421603477952	36.74796354166667	43.18057552083332	2.2232632246184582e-49	2.2232632246184582e-49	1.0613153742132143e-20	1.0613153742132143e-20	Welch_t	estimated		5000	42.11531798865764	38.653770037479454	45.57686593983581	1.1108491965621824e-125	1.1108491965621824e-125	144.0	age;sex;site	estimated	robust_Wald	HC3	1.4673537282481825e-47	4.791966997575111e-19	8.553538813528804e-124	2.445589547080304e-48	7.986611662625186e-20
Colonomics	T-H	T	H	healthy_reference	ADHFE1	cg25046651	3	False	unpaired_or_partially_paired_observations	beta_percentage_points	5000	96	48	144	0	57.30677083333333	24.703333333333333	32.6034375	1.5220559694400626	29.681809895833332	35.462638020833325	2.489990825076015e-45	2.489990825076015e-45	6.058059969845365e-20	6.058059969845365e-20	Welch_t	estimated		5000	34.08584233658761	30.857714714363905	37.31396995881131	3.819579890555117e-95	3.819579890555117e-95	144.0	age;sex;site	estimated	robust_Wald	HC3	8.216969722750849e-44	1.2721925936675264e-18	1.2604613638831885e-93	1.369494953791808e-44	2.1203209894458778e-19
Colonomics	T-H	T	H	healthy_reference	ADHFE1	cg01588438	4	False	unpaired_or_partially_paired_observations	beta_percentage_points	5000	96	48	144	0	69.50177083333332	15.34625	54.15552083333333	2.0855165655397085	49.98624218750001	58.03255208333332	2.3924745747079114e-55	2.3924745747079114e-55	9.411084966768352e-21	9.411084966768352e-21	Welch_t	estimated		5000	56.348111652684906	52.0411736762665	60.65504962910331	5.138129529310982e-145	5.138129529310982e-145	144.0	age;sex;site	estimated	robust_Wald	HC3	1.105323253515055e-52	4.791966997575111e-19	2.373815842541674e-142	1.8422054225250917e-53	7.986611662625186e-20
Colonomics	T-H	T	H	healthy_reference	ADHFE1	cg08090772	5	False	unpaired_or_partially_paired_observations	beta_percentage_points	5000	96	48	144	0	59.79322916666666	17.383541666666666	42.40968749999999	1.7489724525903103	39.0132109375	45.78255208333333	3.1310733535463807e-49	3.1310733535463807e-49	5.584552826313485e-21	5.584552826313485e-21	Welch_t	estimated		5000	44.62066361898782	40.86033021374941	48.38099702422623	1.2023583646556849e-119	1.2023583646556849e-119	144.0	age;sex;site	estimated	robust_Wald	HC3	1.808194861673035e-47	4.791966997575111e-19	7.93556520672752e-118	3.0136581027883916e-48	7.986611662625186e-20
Colonomics	T-H	T	H	healthy_reference	ADHFE1	cg09383816	6	False	unpaired_or_partially_paired_observations	beta_percentage_points	5000	96	48	144	0	62.88083333333333	11.916666666666668	50.964166666666664	2.0367889453838424	46.853763020833334	54.76182552083332	1.5038490220713215e-51	1.5038490220713215e-51	1.2450930524910316e-20	1.2450930524910316e-20	Welch_t	estimated		5000	53.433660661345606	49.17738520628476	57.68993611640645	1.1013788676918344e-133	1.1013788676918344e-133	144.0	age;sex;site	estimated	robust_Wald	HC3	1.3895564963939009e-49	4.791966997575111e-19	1.2720925921840689e-131	2.3159274939898352e-50	7.986611662625186e-20
Colonomics	T-H	T	H	healthy_reference	ADHFE1	cg20912169	7	False	unpaired_or_partially_paired_observations	beta_percentage_points	5000	96	48	144	0	66.77822916666668	16.21625	50.561979166666674	2.06971402950171	46.38423697916665	54.627330729166665	2.060620897792229e-52	2.060620897792229e-52	1.1497304658297098e-20	1.1497304658297098e-20	Welch_t	estimated		5000	52.119233066033274	47.95689228904635	56.281573843020205	5.275944786016785e-133	5.275944786016785e-133	144.0	age;sex;site	estimated	robust_Wald	HC3	3.1733561826000326e-50	4.791966997575111e-19	4.874972982279509e-131	5.2889269710000545e-51	7.986611662625186e-20
Colonomics	T-H	T	H	healthy_reference	ADHFE1	cg18065361	8	False	unpaired_or_partially_paired_observations	beta_percentage_points	5000	96	48	144	0	59.44916666666668	6.280625	53.16854166666668	2.1424516837729666	48.91534114583334	57.1332109375	5.140040054548828e-50	5.140040054548828e-50	9.410250434841011e-21	9.410250434841011e-21	Welch_t	estimated		5000	56.00368612012456	51.55478760481902	60.45258463543011	2.11381713018404e-134	2.11381713018404e-134	144.0	age;sex;site	estimated	robust_Wald	HC3	3.957830842002598e-48	4.791966997575111e-19	3.255278380483421e-132	6.596384736670997e-49	7.986611662625186e-20
Colonomics	T-H	T	H	healthy_reference	HOXA2	cg04481096	1	False	unpaired_or_partially_paired_observations	beta_percentage_points	5000	96	48	144	0	75.09427083333333	39.53166666666667	35.56260416666665	2.256701810696605	31.21500781250002	39.994861979166686	5.2637594004346975e-31	5.2637594004346975e-31	1.0106749580856411e-18	1.0106749580856411e-18	Welch_t	estimated		5000	37.98064655305093	33.308360924949255	42.6529321811526	3.7761338487833085e-57	3.7761338487833085e-57	144.0	age;sex;site	estimated	robust_Wald	HC3	3.741318220001277e-30	1.284285370107856e-17	3.964940541222474e-56	7.237669175597709e-31	2.1404756168464266e-18
Colonomics	T-H	T	H	healthy_reference	HOXA2	cg19598584	2	False	unpaired_or_partially_paired_observations	beta_percentage_points	5000	96	48	144	0	67.00052083333334	31.802083333333336	35.198437500000004	2.5250748560914063	30.154661458333326	40.057010416666664	5.958291699754211e-28	5.958291699754211e-28	8.407510109714794e-17	8.407510109714794e-17	Welch_t	estimated		5000	37.59519689944265	32.56130957996486	42.629084218920426	1.6110798993466798e-48	1.6110798993466798e-48	144.0	age;sex;site	estimated	robust_Wald	HC3	3.5291420067774944e-27	6.16550741379085e-16	1.459448849996404e-47	7.058284013554988e-28	1.0275845689651416e-16
Colonomics	T-H	T	H	healthy_reference	HOXA2	cg09871315	3	False	unpaired_or_partially_paired_observations	beta_percentage_points	5000	96	48	144	0	74.07510416666666	42.69666666666667	31.37843749999999	2.230943102539306	27.083307291666657	35.70937499999998	4.989964291642241e-27	4.989964291642241e-27	1.3746191347242243e-17	1.3746191347242243e-17	Welch_t	estimated		5000	33.70424349531567	29.19693004044259	38.21155695018875	1.2336072892356377e-48	1.2336072892356377e-48	144.0	age;sex;site	estimated	robust_Wald	HC3	2.712192356163195e-26	1.1141649828817396e-16	1.1398531352537292e-47	5.650400742006655e-27	1.8569416381362328e-17
Colonomics	T-H	T	H	healthy_reference	HOXA2	cg13661519	4	False	unpaired_or_partially_paired_observations	beta_percentage_points	5000	96	48	144	0	78.03583333333334	46.49041666666666	31.545416666666675	1.6731469981407479	28.254557291666675	34.67313281250001	2.733057891276782e-38	2.733057891276782e-38	1.9288122463162864e-20	1.9288122463162864e-20	Welch_t	estimated		5000	33.72139405803711	30.601559683139207	36.84122843293502	1.3219862136649613e-99	1.3219862136649613e-99	144.0	age;sex;site	estimated	robust_Wald	HC3	3.945852330530854e-37	5.563976528521803e-19	5.089646922610101e-98	7.256739918217662e-38	9.273294214203005e-20
Colonomics	T-H	T	H	healthy_reference	HOXA2	cg02803819	5	False	unpaired_or_partially_paired_observations	beta_percentage_points	5000	96	48	144	0	82.06718749999999	45.12666666666667	36.94052083333332	1.9299881333416509	33.137372395833324	40.53798697916667	1.6451695129277805e-37	1.6451695129277805e-37	1.2453125127477814e-20	1.2453125127477814e-20	Welch_t	estimated		5000	39.244289526509746	35.70112617041198	42.78745288260751	1.6987198042025956e-104	1.6987198042025956e-104	144.0	age;sex;site	estimated	robust_Wald	HC3	2.1113008749239852e-36	4.791966997575111e-19	7.134623177650902e-103	3.838728863498154e-37	7.986611662625186e-20
Colonomics	T-H	T	H	healthy_reference	HOXA2	cg03763508	6	False	unpaired_or_partially_paired_observations	beta_percentage_points	5000	96	48	144	0	76.68760416666667	46.727708333333325	29.95989583333335	1.7454953725299691	26.54557291666667	33.348794270833345	1.0145738228379202e-34	1.0145738228379202e-34	2.1879143654054767e-19	2.1879143654054767e-19	Welch_t	estimated		5000	32.525918430900134	29.30553902125205	35.74629784054822	3.242886275340843e-87	3.242886275340843e-87	144.0	age;sex;site	estimated	robust_Wald	HC3	9.765273044814982e-34	3.7437645808049266e-18	8.323408106708164e-86	1.7755041899663603e-34	6.239607634674878e-19
Colonomics	T-H	T	H	healthy_reference	HOXA2	cg00188704	7	False	unpaired_or_partially_paired_observations	beta_percentage_points	5000	96	48	144	0	80.03635416666667	50.969791666666666	29.066562500000003	1.637637499342006	25.851320312499997	32.205945312499985	4.430331521127898e-34	4.430331521127898e-34	4.423216826426073e-20	4.423216826426073e-20	Welch_t	estimated		5000	31.362649022710006	28.311752917275136	34.413545128144875	2.79822649849309e-90	2.79822649849309e-90	144.0	age;sex;site	estimated	robust_Wald	HC3	4.013359142668802e-33	1.063300523889214e-18	8.079879014398797e-89	7.415989720148872e-34	1.7721675398153566e-19
Colonomics	T-H	T	H	healthy_reference	HOXA2	cg06786372	8	False	unpaired_or_partially_paired_observations	beta_percentage_points	5000	96	48	144	0	76.61385416666668	42.3225	34.291354166666686	1.8522977487610948	30.56545572916665	37.78275520833333	1.4109604288004503e-36	1.4109604288004503e-36	3.780858675707268e-20	3.780858675707268e-20	Welch_t	estimated		5000	36.75089017684133	33.284519642981394	40.21726071070127	6.595857223173853e-96	6.595857223173853e-96	144.0	age;sex;site	estimated	robust_Wald	HC3	1.62965929526452e-35	9.704203934315322e-19	2.344066182389477e-94	2.9363230545306666e-36	1.617367322385887e-19
Colonomics	T-H	T	H	healthy_reference	BEND5	cg11666087	1	False	unpaired_or_partially_paired_observations	beta_percentage_points	5000	96	48	144	0	49.54958333333334	3.139583333333333	46.410000000000004	2.7284581261850125	40.939174479166674	51.45919270833333	3.8557500273214635e-34	3.8557500273214635e-34	1.5292495050708961e-18	1.5292495050708961e-18	Welch_t	estimated		5000	44.79929368152075	37.56101275260293	52.037574610438575	7.267649476184244e-34	7.267649476184244e-34	144.0	age;sex;site	estimated	robust_Wald	HC3	3.562713025245032e-33	1.6821744555779856e-17	4.8661653014451025e-33	6.597616713416726e-34	2.8036240926299762e-18
Colonomics	T-H	T	H	healthy_reference	BEND5	cg16573178	2	False	unpaired_or_partially_paired_observations	beta_percentage_points	5000	96	48	144	0	48.92812500000001	3.750208333333333	45.177916666666675	2.789816148470682	39.51158854166667	50.397861979166656	5.033678914411679e-32	5.033678914411679e-32	1.0285402314716595e-18	1.0285402314716595e-18	Welch_t	estimated		5000	44.171908578382194	36.903708628403805	51.44010852836058	1.0307388688215365e-32	1.0307388688215365e-32	144.0	age;sex;site	estimated	robust_Wald	HC3	3.8759327640969926e-31	1.284285370107856e-17	6.802876534222141e-32	7.313080686975457e-32	2.1404756168464266e-18
Colonomics	T-H	T	H	healthy_reference	BEND5	cg06744574	3	False	unpaired_or_partially_paired_observations	beta_percentage_points	5000	96	48	144	0	45.888020833333336	5.086458333333335	40.8015625	2.1270029667455876	36.40900781249999	44.747979166666674	2.2131478345954387e-40	2.2131478345954387e-40	2.8502110857761197e-17	2.8502110857761197e-17	Welch_t	estimated		5000	39.34066421630277	33.548998576989256	45.132329855616284	1.9368601564543517e-40	1.9368601564543517e-40	144.0	age;sex;site	estimated	robust_Wald	HC3	3.932593459934972e-39	2.158684461686176e-16	1.4669334299703451e-39	6.554322433224953e-40	3.597807436143626e-17
Colonomics	T-H	T	H	healthy_reference	BEND5	cg03603214	4	False	unpaired_or_partially_paired_observations	beta_percentage_points	5000	96	48	144	0	35.369687500000005	2.489791666666667	32.879895833333336	2.5073449680639035	27.875382812500003	37.83264322916667	3.6650035810641066e-24	3.6650035810641066e-24	1.437115333063249e-15	1.437115333063249e-15	Welch_t	estimated		5000	31.36435328617563	24.756212788287048	37.97249378406421	1.3703005104874047e-20	1.3703005104874047e-20	144.0	age;sex;site	estimated	robust_Wald	HC3	1.6932316544516172e-23	9.76393064522384e-15	7.913485448064762e-20	3.813584807323462e-24	1.6273217742039733e-15
Colonomics	T-H	T	H	healthy_reference	UNC5C	cg15701178	1	False	unpaired_or_partially_paired_observations	beta_percentage_points	5000	96	48	144	0	35.3603125	5.347499999999999	30.012812500000003	2.016714628897398	26.117447916666663	34.095734375	2.7022104699790084e-28	2.7022104699790084e-28	9.357390376140293e-17	9.357390376140293e-17	Welch_t	estimated		5000	33.31486217608516	28.3170728808869	38.31265147128342	5.2210309314218934e-39	5.2210309314218934e-39	144.0	age;sex;site	estimated	robust_Wald	HC3	1.664561649507069e-27	6.754866177776274e-16	3.828756016376055e-38	3.355971067554575e-28	1.125811029629379e-16
Colonomics	T-H	T	H	healthy_reference	UNC5C	cg03008707	2	False	unpaired_or_partially_paired_observations	beta_percentage_points	5000	96	48	144	0	51.635104166666665	23.14104166666667	28.494062499999995	1.7499422793867125	24.93548697916666	31.791054687499997	5.730781879934401e-34	5.730781879934401e-34	1.503396360475037e-18	1.503396360475037e-18	Welch_t	estimated		5000	30.41919026417369	26.123569948050847	34.714810580296536	8.447949659241237e-44	8.447949659241237e-44	144.0	age;sex;site	estimated	robust_Wald	HC3	5.091579285634026e-33	1.6821744555779856e-17	6.847285513279739e-43	9.388727760743594e-34	2.8036240926299762e-18
Colonomics	T-H	T	H	healthy_reference	UNC5C	cg24870497	3	False	unpaired_or_partially_paired_observations	beta_percentage_points	5000	96	48	144	0	43.11020833333334	6.013541666666667	37.09666666666667	2.145323916676978	32.83874739583333	41.201778645833336	2.440161357504539e-35	2.440161357504539e-35	4.719130140557125e-19	4.719130140557125e-19	Welch_t	estimated		5000	39.15813411597074	34.15177869854225	44.16448953339923	4.803530417855559e-53	4.803530417855559e-53	144.0	age;sex;site	estimated	robust_Wald	HC3	2.6841774932549932e-34	7.033026209475457e-18	4.721768197977167e-52	4.817754475073065e-35	1.1721710349125762e-18
Colonomics	T-H	T	H	healthy_reference	UNC5C	cg13265789	4	False	unpaired_or_partially_paired_observations	beta_percentage_points	5000	96	48	144	0	54.34968750000001	18.727083333333336	35.62260416666667	2.0330401542389085	31.649492187500005	39.45542447916668	6.9935940248755035e-37	6.9935940248755035e-37	6.782171850689093e-19	6.782171850689093e-19	Welch_t	estimated		5000	38.144065126214876	33.8198647341592	42.468265518270556	5.6955718549712086e-67	5.6955718549712086e-67	144.0	age;sex;site	estimated	robust_Wald	HC3	8.502737998664428e-36	9.215774691230474e-18	7.518154848561995e-66	1.5385906854726107e-36	1.5359624485384123e-18
Colonomics	T-H	T	H	healthy_reference	UNC5C	cg12584684	5	False	unpaired_or_partially_paired_observations	beta_percentage_points	5000	96	48	144	0	53.16802083333333	7.595833333333333	45.57218749999999	2.4881396377747484	40.6928984375	50.39992708333333	7.274748504131146e-35	7.274748504131146e-35	8.212509613665069e-18	8.212509613665069e-18	Welch_t	estimated		5000	49.57809662076594	44.141044777463165	55.01514846406873	1.9469214877745913e-71	1.9469214877745913e-71	144.0	age;sex;site	estimated	robust_Wald	HC3	7.3397145630989914e-34	7.290940276117452e-17	2.901541055973746e-70	1.3086312786920683e-34	1.2151567126862423e-17
Colonomics	T-H	T	H	healthy_reference	RALYL	cg08327106	1	False	unpaired_or_partially_paired_observations	beta_percentage_points	5000	96	48	144	0	47.70625	10.339166666666666	37.36708333333333	2.386882730963436	32.7185625	42.04431770833333	1.1090029271169618e-30	1.1090029271169618e-30	8.84141499749983e-18	8.84141499749983e-18	Welch_t	estimated		5000	37.616835174698245	31.39215332879679	43.841517020599696	2.3004992187866628e-32	2.3004992187866628e-32	144.0	age;sex;site	estimated	robust_Wald	HC3	7.763020489818732e-30	7.426788597899858e-17	1.4761536653881087e-31	1.4981267611930888e-30	1.2377980996499762e-17
Colonomics	T-H	T	H	healthy_reference	RALYL	cg09757712	2	False	unpaired_or_partially_paired_observations	beta_percentage_points	5000	96	48	144	0	51.05614583333333	12.13875	38.91739583333334	2.7137517185350104	33.4725546875	44.17558593750001	3.007221008631321e-28	3.007221008631321e-28	1.3996323340110597e-17	1.3996323340110597e-17	Welch_t	estimated		5000	40.41323005558211	33.76056929243336	47.06589081873086	1.0975927896655751e-32	1.0975927896655751e-32	144.0	age;sex;site	estimated	robust_Wald	HC3	1.8280738236679873e-27	1.1148795488157062e-16	7.142082659514024e-32	3.6754923438827256e-28	1.8581325813595103e-17
Colonomics	T-H	T	H	healthy_reference	RALYL	cg11089595	3	False	unpaired_or_partially_paired_observations	beta_percentage_points	5000	96	48	144	0	62.378229166666664	21.10395833333333	41.27427083333334	2.66452901413178	36.11115625	46.40441666666666	2.7015437725720175e-32	2.7015437725720175e-32	8.521878244812607e-18	8.521878244812607e-18	Welch_t	estimated		5000	42.52925851879675	36.73316464233304	48.32535239526047	6.773271769108042e-47	6.773271769108042e-47	144.0	age;sex;site	estimated	robust_Wald	HC3	2.1154461405563933e-31	7.290940276117452e-17	5.6895482860507555e-46	4.0003628940008717e-32	1.2151567126862423e-17
Colonomics	T-H	T	H	healthy_reference	RALYL	cg01134282	4	False	unpaired_or_partially_paired_observations	beta_percentage_points	5000	96	48	144	0	45.6796875	11.467916666666667	34.21177083333333	2.325816844710307	29.628111979166672	38.55323697916667	9.397783328269028e-29	9.397783328269028e-29	7.207057592073121e-15	7.207057592073121e-15	Welch_t	estimated		5000	34.70376091825032	28.844025541183093	40.563496295317535	3.7655626799036515e-31	3.7655626799036515e-31	144.0	age;sex;site	estimated	robust_Wald	HC3	5.947638215973002e-28	4.499541361537543e-14	2.3831369289253245e-30	1.1862775676667463e-28	7.499235602562572e-15
Colonomics	T-H	T	H	healthy_reference	RALYL	cg06955749	5	False	unpaired_or_partially_paired_observations	beta_percentage_points	5000	96	48	144	0	42.58270833333333	11.313333333333334	31.269374999999993	2.180714778389751	26.945692708333336	35.47000781249999	1.5238473421535407e-27	1.5238473421535407e-27	2.662084634016146e-15	2.662084634016146e-15	Welch_t	estimated		5000	31.935059848410173	26.437470839122	37.43264885769835	4.951134449461636e-30	4.951134449461636e-30	144.0	age;sex;site	estimated	robust_Wald	HC3	8.752122656825001e-27	1.7569758584506564e-14	3.049898820868368e-29	1.7634874010020524e-27	2.9282930974177608e-15
Colonomics	T-H	T	H	healthy_reference	GFRA1	cg19236679	1	False	unpaired_or_partially_paired_observations	beta_percentage_points	5000	96	48	144	0	51.02822916666666	6.617083333333333	44.41114583333333	2.491988489459157	39.64608072916667	49.11400781249999	3.8082753919121316e-35	3.8082753919121316e-35	1.0901493453106745e-18	1.0901493453106745e-18	Welch_t	estimated		5000	48.644228447191765	43.1841279012379	54.104328993145636	2.819920974247248e-68	2.819920974247248e-68	144.0	age;sex;site	estimated	robust_Wald	HC3	3.998689161507738e-34	1.3253920987724516e-17	3.831774970888908e-67	7.152126955542296e-35	2.2089868312874192e-18
Colonomics	T-H	T	H	healthy_reference	GFRA1	cg06298519	2	False	unpaired_or_partially_paired_observations	beta_percentage_points	5000	96	48	144	0	56.58510416666665	10.714374999999999	45.870729166666656	2.1394176381250136	41.478166666666674	49.908398437500004	7.088036716713706e-46	7.088036716713706e-46	1.3483889820016546e-20	1.3483889820016546e-20	Welch_t	estimated		5000	48.731041295654364	43.930563876977025	53.5315187143317	4.392897653419616e-88	4.392897653419616e-88	144.0	age;sex;site	estimated	robust_Wald	HC3	2.9769754210197567e-44	4.791966997575111e-19	1.1938345387528603e-86	4.961625701699595e-45	7.986611662625186e-20
Colonomics	T-H	T	H	healthy_reference	GFRA1	cg19485539	3	False	unpaired_or_partially_paired_observations	beta_percentage_points	5000	96	48	144	0	55.767291666666665	10.429166666666667	45.338125	2.0771455411748923	41.1383984375	49.40761718749999	1.788458943793273e-46	1.788458943793273e-46	8.347533211272873e-21	8.347533211272873e-21	Welch_t	estimated		5000	47.883718341530255	43.245558894442645	52.521877788617864	4.8754523343561943e-91	4.8754523343561943e-91	144.0	age;sex;site	estimated	robust_Wald	HC3	8.26268032032492e-45	4.791966997575111e-19	1.5016393189817078e-89	1.3771133867208201e-45	7.986611662625186e-20
Colonomics	T-H	T	H	healthy_reference	GFRA1	cg18672939	4	False	unpaired_or_partially_paired_observations	beta_percentage_points	5000	96	48	144	0	58.12833333333332	7.618124999999999	50.51020833333333	2.547119196926308	45.2053515625	55.34485677083333	2.416954585914114e-41	2.416954585914114e-41	3.497306574359484e-18	3.497306574359484e-18	Welch_t	estimated		5000	54.77891482783049	49.250937463843535	60.306892191817454	5.023533965794233e-84	5.023533965794233e-84	144.0	age;sex;site	estimated	robust_Wald	HC3	4.65263757788467e-40	3.297460484396085e-17	1.1604363460984678e-82	7.754395963141117e-41	5.495767473993475e-18
Colonomics	T-H	T	H	healthy_reference	GFRA1	cg27034576	5	False	unpaired_or_partially_paired_observations	beta_percentage_points	5000	96	48	144	0	43.960520833333334	10.032499999999999	33.928020833333335	1.689126981624084	30.47501302083334	37.173893229166666	2.7391077519256788e-42	2.7391077519256788e-42	4.603032570948978e-20	4.603032570948978e-20	Welch_t	estimated		5000	36.063205582151205	32.2919596759437	39.8344514883587	2.2289573764328416e-78	2.2289573764328416e-78	144.0	age;sex;site	estimated	robust_Wald	HC3	5.752126279043926e-41	1.063300523889214e-18	3.8139937330073066e-77	9.586877131739877e-42	1.7721675398153566e-19
Colonomics	T-H	T	H	healthy_reference	GFRA1	cg18044663	6	False	unpaired_or_partially_paired_observations	beta_percentage_points	5000	96	48	144	0	51.83927083333333	8.205	43.634270833333325	2.1232602268674476	39.33777864583334	47.599999999999994	4.2780771931727043e-44	4.2780771931727043e-44	1.010755197846014e-18	1.010755197846014e-18	Welch_t	estimated		5000	46.28852183723582	41.548748630732135	51.028295043739504	1.1511691145763838e-81	1.1511691145763838e-81	144.0	age;sex;site	estimated	robust_Wald	HC3	1.2352947895286184e-42	1.284285370107856e-17	2.216000545559539e-80	2.058824649214364e-43	2.1404756168464266e-18
Colonomics	T-N	T	N	tissue_replication	EYA4	cg14017655	1	True	verified_patient_pairs	beta_percentage_points	5000	92	92	92	92	44.82543478260869	5.778804347826087	39.046630434782614	2.3290340795790763	34.43344565217391	43.61973097826087	1.4241675772915086e-29	1.4241675772915086e-29	3.6412764298050784e-16	3.6412764298050784e-16	paired_t	estimated		5000											5.874691256327473e-29	1.475769432318994e-15	1.0	2.1502137931656108e-29	5.192522076677942e-16
Colonomics	T-N	T	N	tissue_replication	EYA4	cg20330472	2	True	verified_patient_pairs	beta_percentage_points	5000	92	92	92	92	38.14119565217391	6.945652173913043	31.195543478260873	2.2530413927706157	26.711008152173914	35.48253804347826	4.014973628847569e-24	4.014973628847569e-24	1.2245748962006047e-15	1.2245748962006047e-15	paired_t	estimated		5000											1.3249412975196978e-23	4.526028816357435e-15	1.0	4.4804778176994614e-24	1.450650261653024e-15
Colonomics	T-N	T	N	tissue_replication	EYA4	cg17838029	3	True	verified_patient_pairs	beta_percentage_points	5000	92	92	92	92	26.050434782608693	3.4977173913043482	22.552717391304345	1.3515973641808086	19.779614130434776	25.03316847826087	1.9734969030973654e-29	1.9734969030973654e-29	3.2010574002171864e-16	3.2010574002171864e-16	paired_t	estimated		5000											7.997855870447218e-29	1.3567784577067342e-15	1.0	2.867155878084852e-29	5.030233057484151e-16
Colonomics	T-N	T	N	tissue_replication	EYA4	cg14343214	4	True	verified_patient_pairs	beta_percentage_points	5000	92	92	92	92	54.26010869565218	6.087717391304348	48.172391304347826	2.5093023510150165	43.12514402173914	53.17045923913044	9.299514594150209e-34	9.299514594150209e-34	1.9066649904946054e-16	1.9066649904946054e-16	paired_t	estimated		5000											4.773750824997108e-33	9.472436024890146e-16	1.0	2.1060665404399003e-33	4.449174496539311e-16
Colonomics	T-N	T	N	tissue_replication	EYA4	cg24675448	5	True	verified_patient_pairs	beta_percentage_points	5000	92	92	92	92	54.436847826086954	14.321413043478259	40.115434782608695	2.6787026270728065	34.83183423913044	45.2012635869565	2.751302024137692e-26	2.751302024137692e-26	4.560476750315633e-16	4.560476750315633e-16	paired_t	estimated		5000											9.629557084481921e-26	1.7705380324754811e-15	1.0	3.3101602477906603e-26	5.951808640242436e-16
Colonomics	T-N	T	N	tissue_replication	EYA4	cg21607030	6	True	verified_patient_pairs	beta_percentage_points	5000	92	92	92	92	57.96673913043479	10.892173913043477	47.0745652173913	2.478159218185848	42.18484782608696	51.8710625	2.0113531347698226e-33	2.0113531347698226e-33	1.906789069945419e-16	1.906789069945419e-16	paired_t	estimated		5000											9.991883314662989e-33	9.472436024890146e-16	1.0	4.185788956142604e-33	4.449174496539311e-16
Colonomics	T-N	T	N	tissue_replication	EYA4	cg11664500	7	True	verified_patient_pairs	beta_percentage_points	5000	92	92	92	92	54.949999999999996	9.97576086956522	44.974239130434775	2.166095317799523	40.76822282608695	49.13284239130435	2.7582345089829605e-36	2.7582345089829605e-36	1.7866257053110268e-16	1.7866257053110268e-16	paired_t	estimated		5000											1.6549407053897764e-35	9.17134528726327e-16	1.0	9.234089443116867e-36	4.449174496539311e-16
Colonomics	T-N	T	N	tissue_replication	EYA4	cg26656135	8	True	verified_patient_pairs	beta_percentage_points	5000	92	92	92	92	46.9395652173913	16.254347826086956	30.68521739130435	1.4795262529163928	27.74288858695652	33.53807065217391	2.9974527406163597e-36	2.9974527406163597e-36	1.5182605787527727e-16	1.5182605787527727e-16	paired_t	estimated		5000											1.775414315595844e-35	8.55410228516806e-16	1.0	9.61682754281082e-36	4.449174496539311e-16
Colonomics	T-N	T	N	tissue_replication	EYA4	cg20286200	9	True	verified_patient_pairs	beta_percentage_points	5000	92	92	92	92	48.805326086956526	13.936739130434784	34.86858695652174	1.750867722772069	31.35003260869565	38.22158695652173	6.225242480962321e-35	6.225242480962321e-35	2.034647713973082e-16	2.034647713973082e-16	paired_t	estimated		5000											3.4238833645292768e-34	9.894813093216461e-16	1.0	1.6529092104624093e-34	4.47622497074078e-16
Colonomics	T-N	T	N	tissue_replication	EYA4	cg14270292	10	True	verified_patient_pairs	beta_percentage_points	5000	92	92	92	92	49.90706521739131	13.121521739130431	36.78554347826086	1.9750538185929318	32.937048913043476	40.57117119565217	8.408155135199879e-33	8.408155135199879e-33	2.6370401970200226e-16	2.6370401970200226e-16	paired_t	estimated		5000											3.9638445637370853e-32	1.1828277388575246e-15	1.0	1.6185698635259768e-32	4.7221417481521335e-16
Colonomics	T-N	T	N	tissue_replication	EYA4	cg06181518	11	True	verified_patient_pairs	beta_percentage_points	5000	92	92	92	92	44.23869565217391	8.102065217391305	36.13663043478262	2.0246010871979645	32.1601875	39.99610597826087	1.776268346557708e-31	1.776268346557708e-31	2.8132066245171933e-16	2.8132066245171933e-16	paired_t	estimated		5000											7.669495103828608e-31	1.237810914787565e-15	1.0	2.9100566528711383e-31	4.813709113062754e-16
Colonomics	T-N	T	N	tissue_replication	EYA4	cg14287112	12	True	verified_patient_pairs	beta_percentage_points	5000	92	92	92	92	54.745217391304344	10.943260869565218	43.80195652173913	2.0630293656128704	39.65785326086957	47.67806249999999	5.095858125236021e-37	5.095858125236021e-37	1.6741530137475488e-16	1.6741530137475488e-16	paired_t	estimated		5000											3.269842297026447e-36	8.890329797142156e-16	1.0	2.0651635560167035e-36	4.449174496539311e-16
Colonomics	T-N	T	N	tissue_replication	EYA4	cg01328892	13	True	verified_patient_pairs	beta_percentage_points	5000	92	92	92	92	53.80413043478261	17.541956521739127	36.262173913043476	1.8965736754233447	32.389013586956516	39.87563315217391	1.2508986630154589e-33	1.2508986630154589e-33	2.9055899887627204e-16	2.9055899887627204e-16	paired_t	estimated		5000											6.332602820471576e-33	1.2663986554796007e-15	1.0	2.697219719830486e-33	4.863704981189771e-16
Colonomics	T-N	T	N	tissue_replication	EYA4	cg05493394	14	True	verified_patient_pairs	beta_percentage_points	5000	92	92	92	92	43.4479347826087	9.677500000000002	33.770434782608696	2.1578620012551006	29.491377717391305	38.0182554347826	1.5160306909191822e-27	1.5160306909191822e-27	4.4161201506462676e-16	4.4161201506462676e-16	paired_t	estimated		5000											5.694359180525709e-27	1.729023313219132e-15	1.0	2.012661434496156e-27	5.862780199995907e-16
Colonomics	T-N	T	N	tissue_replication	EYA4	cg26449787	15	True	verified_patient_pairs	beta_percentage_points	5000	92	92	92	92	50.684673913043476	11.566739130434781	39.1179347826087	2.0982727780657138	35.04351902173913	43.17297010869566	7.845871863440107e-33	7.845871863440107e-33	2.3166960119385272e-16	2.3166960119385272e-16	paired_t	estimated		5000											3.7368997947518857e-32	1.0921566913424486e-15	1.0	1.5490567525253544e-32	4.694357708401752e-16
Colonomics	T-N	T	N	tissue_replication	EYA4	cg22871668	16	True	verified_patient_pairs	beta_percentage_points	5000	92	92	92	92	55.15413043478261	10.688152173913043	44.46597826086957	2.12844966929904	40.38775	48.502741847826094	1.7327089730940452e-36	1.7327089730940452e-36	1.8458037368148387e-16	1.8458037368148387e-16	paired_t	estimated		5000											1.0673487274259319e-35	9.371003586906105e-16	1.0	6.064481405829158e-36	4.449174496539311e-16
Colonomics	T-N	T	N	tissue_replication	EYA4	cg20980055	17	True	verified_patient_pairs	beta_percentage_points	5000	92	92	92	92	43.52467391304348	7.517826086956522	36.00684782608696	1.7600181674000712	32.53768478260869	39.329426630434774	8.370447998098335e-36	8.370447998098335e-36	2.6370401970200226e-16	2.6370401970200226e-16	paired_t	estimated		5000											4.774255524841272e-35	1.1828277388575246e-15	1.0	2.3871277624206362e-35	4.7221417481521335e-16
Colonomics	T-N	T	N	tissue_replication	ZNF568	cg06611358	1	True	verified_patient_pairs	beta_percentage_points	5000	92	92	92	92	58.925	12.745000000000003	46.18000000000001	2.235636293515753	41.71973369565218	50.461209239130426	4.061465679581078e-36	4.061465679581078e-36	1.2080131928125726e-16	1.2080131928125726e-16	paired_t	estimated		5000											2.37518625818539e-35	8.088436160571139e-16	1.0	1.250931429310972e-35	4.449174496539311e-16
Colonomics	T-N	T	N	tissue_replication	ZNF568	cg27390819	2	True	verified_patient_pairs	beta_percentage_points	5000	92	92	92	92	48.63065217391305	12.314999999999998	36.31565217391305	2.2365634328395103	32.016758152173914	40.53739673913043	1.2722879583335646e-28	1.2722879583335646e-28	2.5530808452039397e-16	2.5530808452039397e-16	paired_t	estimated		5000											5.02390629700946e-28	1.1678449014695248e-15	1.0	1.814188385031194e-28	4.7221417481521335e-16
Colonomics	T-N	T	N	tissue_replication	ZNF568	cg20154403	3	True	verified_patient_pairs	beta_percentage_points	5000	92	92	92	92	57.49271739130436	11.76086956521739	45.731847826086955	2.84851906993205	40.218152173913055	51.15936141304348	2.736641005388237e-28	2.736641005388237e-28	4.862356923922735e-16	4.862356923922735e-16	paired_t	estimated		5000											1.0536067870744711e-27	1.872007415710253e-15	1.0	3.8221327201766183e-28	6.240024719034177e-16
Colonomics	T-N	T	N	tissue_replication	ZNF568	cg21761844	4	True	verified_patient_pairs	beta_percentage_points	5000	92	92	92	92	43.45913043478261	4.922065217391304	38.53706521739131	2.093636597647995	34.30823369565218	42.46104619565217	1.9678790504442003e-32	1.9678790504442003e-32	3.414290046549057e-16	3.414290046549057e-16	paired_t	estimated		5000											9.183435568739601e-32	1.421082884239337e-15	1.0	3.69577285083423e-32	5.154908501652498e-16
Colonomics	T-N	T	N	tissue_replication	ZNF568	cg20680720	5	True	verified_patient_pairs	beta_percentage_points	5000	92	92	92	92	46.40673913043479	3.4739130434782606	42.932826086956524	3.4324910244209264	36.286584239130434	49.507510869565216	1.7834335898927096e-21	1.7834335898927096e-21	1.2590210921332989e-14	1.2590210921332989e-14	paired_t	estimated		5000											5.385270055754456e-21	4.3086499597450674e-14	1.0	1.830991818956515e-21	1.2925949879235203e-14
Colonomics	T-N	T	N	tissue_replication	ZNF568	cg02459604	6	True	verified_patient_pairs	beta_percentage_points	5000	92	92	92	92	50.01999999999999	15.99858695652174	34.02141304347826	2.031661067525687	29.863874999999997	37.91367934782608	1.5434734328777346e-29	1.5434734328777346e-29	9.206337227072113e-16	9.206337227072113e-16	paired_t	estimated		5000											6.310484300792154e-29	3.4301030636349323e-15	1.0	2.285527967915107e-29	1.1076374476321135e-15
Colonomics	T-N	T	N	tissue_replication	ZNF568	cg03060201	7	True	verified_patient_pairs	beta_percentage_points	5000	92	92	92	92	47.241195652173914	3.893478260869565	43.34771739130435	2.4237035688315256	38.54608423913044	47.98951630434781	1.5385314777303582e-31	1.5385314777303582e-31	3.5258707135283735e-16	3.5258707135283735e-16	paired_t	estimated		5000											6.705674931239863e-31	1.454421669330454e-15	1.0	2.57536790837473e-31	5.192522076677942e-16
Colonomics	T-N	T	N	tissue_replication	ZNF568	cg03443751	8	True	verified_patient_pairs	beta_percentage_points	5000	92	92	92	92	47.3008695652174	4.958260869565216	42.34260869565218	3.145009708968647	36.20709782608696	48.41550271739128	2.2469286966139927e-23	2.2469286966139927e-23	6.485468418674232e-16	6.485468418674232e-16	paired_t	estimated		5000											7.208896234969893e-23	2.476269759857434e-15	1.0	2.4368099949194007e-23	8.186574889146163e-16
Colonomics	T-N	T	N	tissue_replication	ZNF793	cg17332326	1	True	verified_patient_pairs	beta_percentage_points	5000	92	92	92	92	43.995000000000005	5.912608695652173	38.082391304347816	2.6627737387889123	32.73360869565218	43.11836141304347	5.276945003397418e-25	5.276945003397418e-25	1.4221955031583084e-14	1.4221955031583084e-14	paired_t	estimated		5000											1.7926092585070642e-24	4.831281782787783e-14	1.0	6.064548735247779e-25	1.440908601884076e-14
Colonomics	T-N	T	N	tissue_replication	ZNF793	cg11623861	2	True	verified_patient_pairs	beta_percentage_points	5000	92	92	92	92	38.30869565217391	4.28195652173913	34.026739130434784	2.8554316774716306	28.581815217391306	39.73441576086956	2.800658448693905e-20	2.800658448693905e-20	1.381926501443259e-15	1.381926501443259e-15	paired_t	estimated		5000											8.137762284884178e-20	4.987890966146763e-15	1.0	2.800658448693905e-20	1.5648285383989846e-15
Colonomics	T-N	T	N	tissue_replication	ZNF793	cg14732998	3	True	verified_patient_pairs	beta_percentage_points	5000	92	92	92	92	51.20565217391304	7.2659782608695656	43.939673913043485	2.8201771742394945	38.302872282608696	49.48716576086955	2.0383776554511447e-27	2.0383776554511447e-27	1.3462984091536326e-15	1.3462984091536326e-15	paired_t	estimated		5000											7.594600619503458e-27	4.89755799235416e-15	1.0	2.66025558423285e-27	1.547238470221339e-15
Colonomics	T-N	T	N	tissue_replication	ZNF793	cg07482795	4	True	verified_patient_pairs	beta_percentage_points	5000	92	92	92	92	41.360217391304346	5.5529347826086966	35.80728260869566	2.980280792970906	30.02490489130435	41.71391304347824	1.7682360268989717e-20	1.7682360268989717e-20	5.68123749365126e-14	5.68123749365126e-14	paired_t	estimated		5000											5.170411673590664e-20	1.9158625708517389e-13	1.0	1.7915022904108003e-20	5.681237493651261e-14
Colonomics	T-N	T	N	tissue_replication	ZNF793	cg13181745	5	True	verified_patient_pairs	beta_percentage_points	5000	92	92	92	92	43.44271739130435	5.033260869565219	38.40945652173914	2.809265552112673	32.80052173913044	43.877057065217386	8.751248352952018e-24	8.751248352952018e-24	4.0301091301600824e-15	4.0301091301600824e-15	paired_t	estimated		5000											2.8472371401857974e-23	1.3999326452135024e-14	1.0	9.626373188247221e-24	4.250937027703101e-15
Colonomics	T-N	T	N	tissue_replication	ZNF793	cg24078985	6	True	verified_patient_pairs	beta_percentage_points	5000	92	92	92	92	44.9808695652174	5.304456521739129	39.676413043478256	2.99067515823615	33.86882608695652	45.49339402173912	5.483428856455701e-23	5.483428856455701e-23	1.1313338365780245e-14	1.1313338365780245e-14	paired_t	estimated		5000											1.7233633548860774e-22	3.9005688992466217e-14	1.0	5.864222527042903e-23	1.1771987218447012e-14
Colonomics	T-N	T	N	tissue_replication	ZNF793	cg15139588	7	True	verified_patient_pairs	beta_percentage_points	5000	92	92	92	92	52.68641304347826	5.174130434782609	47.51228260869564	3.012658653423313	41.51814945652173	53.25572282608694	9.069232449761774e-28	9.069232449761774e-28	1.964782661728412e-15	1.964782661728412e-15	paired_t	estimated		5000											3.434414255565524e-27	7.036663486190126e-15	1.0	1.2251419274239589e-27	2.1925835500447497e-15
Colonomics	T-N	T	N	tissue_replication	ZNF793	cg25361907	8	True	verified_patient_pairs	beta_percentage_points	5000	92	92	92	92	44.04173913043479	5.127717391304349	38.91402173913044	2.9467727172620184	33.09579619565218	44.558323369565194	7.239664355673271e-23	7.239664355673271e-23	3.241327626170798e-15	3.241327626170798e-15	paired_t	estimated		5000											2.259949278595305e-22	1.1431247048022204e-14	1.0	7.636358292970437e-23	3.5152426368331193e-15
Colonomics	T-N	T	N	tissue_replication	SFMBT2	cg20299663	1	True	verified_patient_pairs	beta_percentage_points	5000	92	92	92	92	62.41152173913043	14.539239130434783	47.872282608695656	2.4673810038649604	42.925535326086965	52.64254891304348	4.275362551834532e-34	4.275362551834532e-34	1.5182605787527727e-16	1.5182605787527727e-16	paired_t	estimated		5000											2.219345504435454e-33	8.55410228516806e-16	1.0	9.975845954280576e-34	4.449174496539311e-16
Colonomics	T-N	T	N	tissue_replication	SFMBT2	cg20506550	2	True	verified_patient_pairs	beta_percentage_points	5000	92	92	92	92	47.897499999999994	4.679673913043479	43.21782608695652	1.966800850596592	39.198086956521735	46.91441032608695	3.708306428988194e-38	3.708306428988194e-38	1.2079335537574214e-16	1.2079335537574214e-16	paired_t	estimated		5000											2.7632864035363638e-37	8.088436160571139e-16	1.0	1.9035973002139397e-37	4.449174496539311e-16
Colonomics	T-N	T	N	tissue_replication	SFMBT2	cg01056653	3	True	verified_patient_pairs	beta_percentage_points	5000	92	92	92	92	33.54478260869565	2.566195652173913	30.978586956521738	1.7313930852938035	27.59722554347826	34.27047826086957	1.4940721187347585e-31	1.4940721187347585e-31	1.5685646478895848e-16	1.5685646478895848e-16	paired_t	estimated		5000											6.573917322432937e-31	8.627105563392716e-16	1.0	2.5565234031683646e-31	4.449174496539311e-16
Colonomics	T-N	T	N	tissue_replication	SFMBT2	cg22862480	4	True	verified_patient_pairs	beta_percentage_points	5000	92	92	92	92	63.11869565217392	7.744891304347827	55.373804347826095	2.2598221553852795	50.90964402173913	59.63573369565217	7.569898324039671e-42	7.569898324039671e-42	1.0949625011399462e-16	1.0949625011399462e-16	paired_t	estimated		5000											9.452143312719805e-41	7.802184224233351e-16	1.0	1.1657643419021093e-40	4.449174496539311e-16
Colonomics	T-N	T	N	tissue_replication	SFMBT2	cg12767281	5	True	verified_patient_pairs	beta_percentage_points	5000	92	92	92	92	45.42934782608696	4.881304347826088	40.548043478260865	2.120966339673039	36.404603260869564	44.77072826086956	1.261037791089578e-33	1.261037791089578e-33	1.3323808306678258e-16	1.3323808306678258e-16	paired_t	estimated		5000											6.332602820471576e-33	8.100005457713388e-16	1.0	2.697219719830486e-33	4.449174496539311e-16
Colonomics	T-N	T	N	tissue_replication	SFMBT2	cg26878816	6	True	verified_patient_pairs	beta_percentage_points	5000	92	92	92	92	48.931304347826085	7.87804347826087	41.05326086956521	1.7866440988339365	37.49985597826087	44.5355027173913	1.1748540492587283e-39	1.1748540492587283e-39	1.131485590960248e-16	1.131485590960248e-16	paired_t	estimated		5000											1.0642795505049656e-38	7.802184224233351e-16	1.0	8.945595135128507e-39	4.449174496539311e-16
Colonomics	T-N	T	N	tissue_replication	SFMBT2	cg12328063	7	True	verified_patient_pairs	beta_percentage_points	5000	92	92	92	92	45.25043478260869	13.237173913043476	32.013260869565215	2.2523647026340248	27.725535326086963	36.43424456521739	7.813281110790085e-25	7.813281110790085e-25	2.3166960119385272e-16	2.3166960119385272e-16	paired_t	estimated		5000											2.6348437030547583e-24	1.0921566913424486e-15	1.0	8.847391846041714e-25	4.694357708401752e-16
Colonomics	T-N	T	N	tissue_replication	SFMBT2	cg16818993	8	True	verified_patient_pairs	beta_percentage_points	5000	92	92	92	92	46.704565217391306	9.729782608695654	36.974782608695655	1.7503493916334842	33.54839130434783	40.37757880434783	7.491311494832032e-37	7.491311494832032e-37	1.2893849703947842e-16	1.2893849703947842e-16	paired_t	estimated		5000											4.677007987314052e-36	8.100005457713388e-16	1.0	2.7468142147717452e-36	4.449174496539311e-16
Colonomics	T-N	T	N	tissue_replication	ADHFE1	cg20295442	1	True	verified_patient_pairs	beta_percentage_points	5000	92	92	92	92	69.54554347826087	12.649565217391306	56.895978260869576	2.2344197739514167	52.33223369565218	61.10406249999999	3.5631629271022845e-43	3.5631629271022845e-43	1.131485590960248e-16	1.131485590960248e-16	paired_t	estimated		5000											6.096967675263908e-42	7.802184224233351e-16	1.0	1.3718177269343794e-41	4.449174496539311e-16
Colonomics	T-N	T	N	tissue_replication	ADHFE1	cg19283840	2	True	verified_patient_pairs	beta_percentage_points	5000	92	92	92	92	54.5208695652174	13.562826086956523	40.95804347826086	1.7844294447699331	37.39857065217391	44.26833967391305	1.2779421621612152e-39	1.2779421621612152e-39	1.3323808306678258e-16	1.3323808306678258e-16	paired_t	estimated		5000											1.1139797715443046e-38	8.100005457713388e-16	1.0	8.945595135128507e-39	4.449174496539311e-16
Colonomics	T-N	T	N	tissue_replication	ADHFE1	cg25046651	3	True	verified_patient_pairs	beta_percentage_points	5000	92	92	92	92	58.022391304347835	23.019130434782614	35.003260869565224	1.6153803371801032	31.757801630434784	38.055478260869556	1.0808686015814146e-37	1.0808686015814146e-37	1.332468430273198e-16	1.332468430273198e-16	paired_t	estimated		5000											7.682481445086363e-37	8.100005457713388e-16	1.0	5.201680145110558e-37	4.449174496539311e-16
Colonomics	T-N	T	N	tissue_replication	ADHFE1	cg01588438	4	True	verified_patient_pairs	beta_percentage_points	5000	92	92	92	92	70.29510869565219	14.843586956521742	55.45152173913044	2.1497758743544835	51.064445652173916	59.435682065217385	1.2685457819494046e-43	1.2685457819494046e-43	1.0950348930306473e-16	1.0950348930306473e-16	paired_t	estimated		5000											2.5481223967853257e-42	7.802184224233351e-16	1.0	9.767802521010415e-42	4.449174496539311e-16
Colonomics	T-N	T	N	tissue_replication	ADHFE1	cg08090772	5	True	verified_patient_pairs	beta_percentage_points	5000	92	92	92	92	60.46521739130436	17.26782608695652	43.197391304347825	1.8546138400458372	39.63957880434783	46.7547527173913	4.080447236717704e-40	4.080447236717704e-40	1.0597425977510877e-16	1.0597425977510877e-16	paired_t	estimated		5000											4.01099281566719e-39	7.802184224233351e-16	1.0	4.488491960389475e-39	4.449174496539311e-16
Colonomics	T-N	T	N	tissue_replication	ADHFE1	cg09383816	6	True	verified_patient_pairs	beta_percentage_points	5000	92	92	92	92	63.67630434782608	11.729565217391304	51.94673913043477	2.131654422259	47.64116576086957	55.89157608695652	1.1695449787702414e-41	1.1695449787702414e-41	1.2895546799884643e-16	1.2895546799884643e-16	paired_t	estimated		5000											1.4219204741890829e-40	8.100005457713388e-16	1.0	1.5009160560884763e-40	4.449174496539311e-16
Colonomics	T-N	T	N	tissue_replication	ADHFE1	cg20912169	7	True	verified_patient_pairs	beta_percentage_points	5000	92	92	92	92	67.54641304347825	14.965434782608696	52.58097826086956	2.123476020006767	48.39674728260871	56.52782336956522	3.2988800532731016e-42	3.2988800532731016e-42	1.131485590960248e-16	1.131485590960248e-16	paired_t	estimated		5000											4.618432074582342e-41	7.802184224233351e-16	1.0	8.467125470067627e-41	4.449174496539311e-16
Colonomics	T-N	T	N	tissue_replication	ADHFE1	cg18065361	8	True	verified_patient_pairs	beta_percentage_points	5000	92	92	92	92	60.41771739130436	6.275869565217391	54.141847826086945	2.201507225572118	49.565611413043484	58.23318749999999	5.6721122787423115e-42	5.6721122787423115e-42	9.922917790331876e-17	9.922917790331876e-17	paired_t	estimated		5000											7.487188207939851e-41	7.515390195300535e-16	1.0	1.091881613657895e-40	4.449174496539311e-16
Colonomics	T-N	T	N	tissue_replication	HOXA2	cg04481096	1	True	verified_patient_pairs	beta_percentage_points	5000	92	92	92	92	75.38978260869564	37.44652173913043	37.9432608695652	2.0966930205161916	33.71497554347827	41.90698097826088	6.650246430879926e-32	6.650246430879926e-32	4.010551933766076e-16	4.010551933766076e-16	paired_t	estimated		5000											2.954244087563967e-31	1.5973060287930407e-15	1.0	1.163793125403987e-31	5.514508908928355e-16
Colonomics	T-N	T	N	tissue_replication	HOXA2	cg19598584	2	True	verified_patient_pairs	beta_percentage_points	5000	92	92	92	92	67.07934782608696	28.76086956521739	38.31847826086956	2.1883428670883633	34.0125679347826	42.367141304347825	6.876727277816235e-31	6.876727277816235e-31	3.4140715874284486e-16	3.4140715874284486e-16	paired_t	estimated		5000											2.9147229379367895e-30	1.421082884239337e-15	1.0	1.0806285722282656e-30	5.154908501652498e-16
Colonomics	T-N	T	N	tissue_replication	HOXA2	cg09871315	3	True	verified_patient_pairs	beta_percentage_points	5000	92	92	92	92	74.24315217391303	39.630652173913035	34.612500000000004	1.8945927068172923	30.874627717391295	38.30573641304346	3.374179937161259e-32	3.374179937161259e-32	2.7237198626834064e-16	2.7237198626834064e-16	paired_t	estimated		5000											1.5434367633351502e-31	1.2099601697689746e-15	1.0	6.185996551462308e-32	4.766509759695961e-16
Colonomics	T-N	T	N	tissue_replication	HOXA2	cg13661519	4	True	verified_patient_pairs	beta_percentage_points	5000	92	92	92	92	78.08815217391304	42.87532608695652	35.21282608695652	1.5759619221537438	31.995366847826084	38.229081521739126	1.0263192188827224e-38	1.0263192188827224e-38	1.4695477867289536e-16	1.4695477867289536e-16	paired_t	estimated		5000											8.036601341081656e-38	8.486638468359707e-16	1.0	5.644755703854972e-38	4.449174496539311e-16
Colonomics	T-N	T	N	tissue_replication	HOXA2	cg02803819	5	True	verified_patient_pairs	beta_percentage_points	5000	92	92	92	92	82.21054347826086	40.136739130434776	42.07380434782609	1.862459572169135	38.29642119565217	45.54825	4.393636033191568e-39	4.393636033191568e-39	1.4695477867289536e-16	1.4695477867289536e-16	paired_t	estimated		5000											3.6247497273830437e-38	8.486638468359707e-16	1.0	2.602384419659621e-38	4.449174496539311e-16
Colonomics	T-N	T	N	tissue_replication	HOXA2	cg03763508	6	True	verified_patient_pairs	beta_percentage_points	5000	92	92	92	92	76.75489130434784	42.244021739130424	34.5108695652174	1.4949276768494073	31.50214945652173	37.36559782608697	8.171788665129475e-40	8.171788665129475e-40	1.2894698225593749e-16	1.2894698225593749e-16	paired_t	estimated		5000											7.704829312836362e-39	8.100005457713388e-16	1.0	7.865346590187119e-39	4.449174496539311e-16
Colonomics	T-N	T	N	tissue_replication	HOXA2	cg00188704	7	True	verified_patient_pairs	beta_percentage_points	5000	92	92	92	92	80.0904347826087	46.8020652173913	33.288369565217394	1.4459867379658096	30.49473097826087	36.04188586956521	1.0146301593629942e-39	1.0146301593629942e-39	1.5684620050617227e-16	1.5684620050617227e-16	paired_t	estimated		5000											9.375182672514065e-39	8.627105563392716e-16	1.0	8.680724696772284e-39	4.449174496539311e-16
Colonomics	T-N	T	N	tissue_replication	HOXA2	cg06786372	8	True	verified_patient_pairs	beta_percentage_points	5000	92	92	92	92	76.64369565217389	38.53217391304348	38.11152173913043	1.6663910119336316	34.77398369565217	41.255160326086965	1.6894974886526074e-39	1.6894974886526074e-39	1.6205111879751712e-16	1.6205111879751712e-16	paired_t	estimated		5000											1.4454589625138973e-38	8.705536847029409e-16	1.0	1.0840942218854231e-38	4.449174496539311e-16
Colonomics	T-N	T	N	tissue_replication	BEND5	cg11666087	1	True	verified_patient_pairs	beta_percentage_points	5000	92	92	92	92	49.77195652173912	3.987282608695651	45.784673913043484	2.703178931669924	40.521597826086946	50.87206793478261	7.025828777202786e-30	7.025828777202786e-30	3.641508988839076e-16	3.641508988839076e-16	paired_t	estimated		5000											2.9242638694303485e-29	1.475769432318994e-15	1.0	1.0819776316892292e-29	5.192522076677942e-16
Colonomics	T-N	T	N	tissue_replication	BEND5	cg16573178	2	True	verified_patient_pairs	beta_percentage_points	5000	92	92	92	92	49.214130434782625	4.4761956521739155	44.7379347826087	2.7872558053511227	39.16251358695652	50.18983423913043	2.779732887401177e-28	2.779732887401177e-28	2.5529161026910507e-16	2.5529161026910507e-16	paired_t	estimated		5000											1.061352557007722e-27	1.1678449014695248e-15	1.0	3.8221327201766183e-28	4.7221417481521335e-16
Colonomics	T-N	T	N	tissue_replication	BEND5	cg06744574	3	True	verified_patient_pairs	beta_percentage_points	5000	92	92	92	92	46.2791304347826	6.0865217391304345	40.192608695652176	2.01949325498192	36.25902445652174	44.03218206521737	6.527148921158482e-35	6.527148921158482e-35	3.2008521987736256e-16	3.2008521987736256e-16	paired_t	estimated		5000											3.547697413617904e-34	1.3567784577067342e-15	1.0	1.6753015564306771e-34	5.030233057484151e-16
Colonomics	T-N	T	N	tissue_replication	BEND5	cg03603214	4	True	verified_patient_pairs	beta_percentage_points	5000	92	92	92	92	35.39108695652173	2.818804347826087	32.57228260869565	2.5427317094384865	27.474622282608696	37.47221739130435	4.425093018077258e-22	4.425093018077258e-22	2.6875918789666045e-15	2.6875918789666045e-15	paired_t	estimated		5000											1.353902632020989e-21	9.551288062173625e-15	1.0	4.604488680972282e-22	2.956351066863265e-15
Colonomics	T-N	T	N	tissue_replication	UNC5C	cg15701178	1	True	verified_patient_pairs	beta_percentage_points	5000	92	92	92	92	35.99021739130435	5.133369565217391	30.856847826086952	2.0531893427180146	26.79752989130435	34.94669293478261	2.1857752545682e-26	2.1857752545682e-26	4.4161201506462676e-16	4.4161201506462676e-16	paired_t	estimated		5000											7.70861196649243e-26	1.729023313219132e-15	1.0	2.671503088916689e-26	5.862780199995907e-16
Colonomics	T-N	T	N	tissue_replication	UNC5C	cg03008707	2	True	verified_patient_pairs	beta_percentage_points	5000	92	92	92	92	52.27434782608697	20.71858695652174	31.555760869565226	1.6133400246709755	28.3689402173913	34.62268206521739	2.3608127021541074e-34	2.3608127021541074e-34	1.332468430273198e-16	1.332468430273198e-16	paired_t	estimated		5000											1.2394266686309063e-33	8.100005457713388e-16	1.0	5.680705564558321e-34	4.449174496539311e-16
Colonomics	T-N	T	N	tissue_replication	UNC5C	cg24870497	3	True	verified_patient_pairs	beta_percentage_points	5000	92	92	92	92	43.934891304347836	5.1850000000000005	38.74989130434784	2.061554623392477	34.830089673913044	42.831211956521734	4.331431716732875e-33	4.331431716732875e-33	1.4694514441939513e-16	1.4694514441939513e-16	paired_t	estimated		5000											2.1064436348743032e-32	8.486638468359707e-16	1.0	8.77684847864293e-33	4.449174496539311e-16
Colonomics	T-N	T	N	tissue_replication	UNC5C	cg13265789	4	True	verified_patient_pairs	beta_percentage_points	5000	92	92	92	92	54.9495652173913	15.800000000000002	39.149565217391306	1.9899336189343138	35.20835869565217	42.88995652173913	1.534544349908745e-34	1.534544349908745e-34	1.7295446113165392e-16	1.7295446113165392e-16	paired_t	estimated		5000											8.243714996021397e-34	8.978085510429676e-16	1.0	3.811610159450754e-34	4.449174496539311e-16
Colonomics	T-N	T	N	tissue_replication	UNC5C	cg12584684	5	True	verified_patient_pairs	beta_percentage_points	5000	92	92	92	92	53.84336956521738	7.365760869565217	46.477608695652165	2.552792398408706	41.2931793478261	51.435489130434775	4.313788842123815e-32	4.313788842123815e-32	2.47175766724979e-16	2.47175766724979e-16	paired_t	estimated		5000											1.9538925931972574e-31	1.1534869113832354e-15	1.0	7.72469164752404e-32	4.7221417481521335e-16
Colonomics	T-N	T	N	tissue_replication	RALYL	cg08327106	1	True	verified_patient_pairs	beta_percentage_points	5000	92	92	92	92	48.31217391304347	11.439347826086955	36.87282608695652	2.439749593205474	32.01942119565218	41.54026902173912	1.515275330125903e-26	1.515275330125903e-26	3.7604032769894656e-16	3.7604032769894656e-16	paired_t	estimated		5000											5.385055403985901e-26	1.5107011425818548e-15	1.0	1.881874200317654e-26	5.264564587785252e-16
Colonomics	T-N	T	N	tissue_replication	RALYL	cg09757712	2	True	verified_patient_pairs	beta_percentage_points	5000	92	92	92	92	51.85239130434782	12.946413043478259	38.90597826086957	2.6812581820107666	33.5951929347826	44.13206793478261	2.1026202684184787e-25	2.1026202684184787e-25	8.917865466914541e-16	8.917865466914541e-16	paired_t	estimated		5000											7.249332567233859e-25	3.349845599612363e-15	1.0	2.4530569798215586e-25	1.090029123683388e-15
Colonomics	T-N	T	N	tissue_replication	RALYL	cg11089595	3	True	verified_patient_pairs	beta_percentage_points	5000	92	92	92	92	63.218804347826094	24.156956521739133	39.06184782608695	2.6504980552677666	33.74611684782608	44.21589673913043	7.763777403938846e-26	7.763777403938846e-26	3.558787770307883e-15	3.558787770307883e-15	paired_t	estimated		5000											2.696891098210336e-25	1.2455757196077591e-14	1.0	9.197090155435248e-26	3.8059258099125964e-15
Colonomics	T-N	T	N	tissue_replication	RALYL	cg01134282	4	True	verified_patient_pairs	beta_percentage_points	5000	92	92	92	92	46.6333695652174	10.796413043478262	35.83695652173914	2.356809378728365	31.194067934782616	40.286956521739114	1.0169773007700895e-26	1.0169773007700895e-26	1.3045086002612571e-15	1.3045086002612571e-15	paired_t	estimated		5000											3.699555220124263e-26	4.783198200957943e-15	1.0	1.2837254452343752e-26	1.5219267003048e-15
Colonomics	T-N	T	N	tissue_replication	RALYL	cg06955749	5	True	verified_patient_pairs	beta_percentage_points	5000	92	92	92	92	43.45315217391305	10.812173913043479	32.640978260869566	2.1427395886042637	28.373116847826086	36.80061684782609	9.02966054439205e-27	9.02966054439205e-27	8.918420102864083e-16	8.918420102864083e-16	paired_t	estimated		5000											3.310875532943752e-26	3.349845599612363e-15	1.0	1.158806436530313e-26	1.090029123683388e-15
Colonomics	T-N	T	N	tissue_replication	GFRA1	cg19236679	1	True	verified_patient_pairs	beta_percentage_points	5000	92	92	92	92	51.88989130434783	6.838586956521741	45.05130434782609	2.5361261669091704	40.17305163043479	49.86186413043478	2.491373260848453e-31	2.491373260848453e-31	3.0009622696343316e-16	3.0009622696343316e-16	paired_t	estimated		5000											1.0657541171407272e-30	1.29574258744959e-15	1.0	3.9965779392777265e-31	4.91647010131582e-16
Colonomics	T-N	T	N	tissue_replication	GFRA1	cg06298519	2	True	verified_patient_pairs	beta_percentage_points	5000	92	92	92	92	57.07782608695652	11.767065217391306	45.31076086956522	2.1259656597582826	41.050739130434785	49.4546277173913	3.81421638569353e-37	3.81421638569353e-37	1.376427817433729e-16	1.376427817433729e-16	paired_t	estimated		5000											2.5538666234643637e-36	8.258566904602375e-16	1.0	1.6316370094355655e-36	4.449174496539311e-16
Colonomics	T-N	T	N	tissue_replication	GFRA1	cg19485539	3	True	verified_patient_pairs	beta_percentage_points	5000	92	92	92	92	56.34032608695653	11.481304347826086	44.859021739130434	2.1014218735376486	40.58224999999999	49.00168478260869	3.3795541693048504e-37	3.3795541693048504e-37	1.6205111879751712e-16	1.6205111879751712e-16	paired_t	estimated		5000											2.33037914361021e-36	8.705536847029409e-16	1.0	1.5307392413910204e-36	4.449174496539311e-16
Colonomics	T-N	T	N	tissue_replication	GFRA1	cg18672939	4	True	verified_patient_pairs	beta_percentage_points	5000	92	92	92	92	59.17684782608696	8.180217391304346	50.996630434782595	2.4772893694711833	46.15312228260869	55.647904891304336	5.253868184764174e-36	5.253868184764174e-36	2.1712320069757896e-16	2.1712320069757896e-16	paired_t	estimated		5000											3.0341088767013107e-35	1.0449054033570986e-15	1.0	1.5559532701032362e-35	4.644024014920438e-16
Colonomics	T-N	T	N	tissue_replication	GFRA1	cg27034576	5	True	verified_patient_pairs	beta_percentage_points	5000	92	92	92	92	44.435217391304356	10.54608695652174	33.88913043478261	1.6938317359306436	30.545434782608694	37.1372554347826	4.415226347595897e-35	4.415226347595897e-35	1.7294317502099006e-16	1.7294317502099006e-16	paired_t	estimated		5000											2.457632015167837e-34	8.978085510429676e-16	1.0	1.2141872455888716e-34	4.449174496539311e-16
Colonomics	T-N	T	N	tissue_replication	GFRA1	cg18044663	6	True	verified_patient_pairs	beta_percentage_points	5000	92	92	92	92	52.504673913043476	8.637065217391305	43.86760869565218	2.076597580183281	39.680402173913045	47.872774456521746	7.477296385796247e-37	7.477296385796247e-37	1.9697598974469548e-16	1.9697598974469548e-16	paired_t	estimated		5000											4.677007987314052e-36	9.681160347026523e-16	1.0	2.7468142147717452e-36	4.460926826571044e-16
GSE48684	N-H	N	H	healthy_reference	EYA4	cg14017655	1	False	unpaired_or_partially_paired_observations	beta_percentage_points	5000	24	16	40	0	4.742000958333334	4.0566275625	0.685373395833333	0.8153194232834526	-0.986240440625	2.1775263375	0.4066980676879952	0.4066980676879952	0.2519080940857672	0.2519080940857672	Welch_t	estimated		5000	0.487866207317073	-1.0309861863869458	2.006718601021092	0.5289861711371783	0.5289861711371783	40.0	sex	estimated	robust_Wald	HC3	0.5078229926266319	0.5172512865227753	1.0	0.7181344277788094	0.5019037311862651
GSE48684	N-H	N	H	healthy_reference	EYA4	cg20330472	2	False	unpaired_or_partially_paired_observations	beta_percentage_points	5000	24	17	41	0	16.21740458333333	13.248943294117648	2.968461289215682	1.2451630353499261	0.6376186284313724	5.388527681740193	0.022209917413677744	0.022209917413677744	0.06987776117186383	0.06987776117186383	Welch_t	estimated		5000	2.6239757424657477	0.025705245128482268	5.222246239803013	0.04777612695316711	0.04777612695316711	41.0	sex	estimated	robust_Wald	HC3	0.04042727926548205	0.17202626141807498	0.2107356912905606	0.2850272734755311	0.35641616192800396
GSE48684	N-H	N	H	healthy_reference	EYA4	cg17838029	3	False	unpaired_or_partially_paired_observations	beta_percentage_points	5000	24	17	41	0	4.134563166666667	3.4386194705882356	0.6959436960784313	0.4195641201127427	-0.10036207775735355	1.503205435171569	0.10652842072787054	0.10652842072787054	0.06589091634621465	0.06589091634621465	Welch_t	estimated		5000	0.7028322328767107	-0.1357200277706706	1.5413844935240921	0.1004361161904979	0.1004361161904979	41.0	sex	estimated	robust_Wald	HC3	0.16683434025856336	0.16454920730784414	0.3803400465574593	0.5120893646531693	0.35641616192800396
GSE48684	N-H	N	H	healthy_reference	EYA4	cg14343214	4	False	unpaired_or_partially_paired_observations	beta_percentage_points	5000	23	17	40	0	7.375980521739129	5.7038274705882355	1.6721530511508944	0.8635294856312292	0.01641651924552371	3.32770424200767	0.060575694566604874	0.060575694566604874	0.014891476563268207	0.014891476563268207	Welch_t	estimated		5000	1.670181561403511	0.061468090453232344	3.2788950323537893	0.041865649102378846	0.041865649102378846	40.0	sex	estimated	robust_Wald	HC3	0.10050868609586464	0.04095156054898757	0.18962676358136302	0.46643284816285757	0.2787923040607589
GSE48684	N-H	N	H	healthy_reference	EYA4	cg24675448	5	False	unpaired_or_partially_paired_observations	beta_percentage_points	5000	24	17	41	0	29.00651791666667	26.884791764705877	2.12172615196079	2.71460661699197	-3.117605712622552	7.151608662377446	0.44041761216129716	0.44041761216129716	0.4350067383993107	0.4350067383993107	Welch_t	estimated		5000	2.6195591232876647	-2.885706593052469	8.124824839627799	0.35102365027623395	0.35102365027623395	41.0	sex	estimated	robust_Wald	HC3	0.5354550968908403	0.800689693786779	0.8149393287820104	0.7181344277788094	0.6941321392470755
GSE48684	N-H	N	H	healthy_reference	EYA4	cg21607030	6	False	unpaired_or_partially_paired_observations	beta_percentage_points	5000	23	17	40	0	20.06238834782609	21.280434705882353	-1.2180463580562628	1.9923099674920084	-4.9992535430946266	2.555092147314574	0.5447590292287099	0.5447590292287099	0.6223846871635039	0.6223846871635039	Welch_t	estimated		5000	-1.098504491228061	-5.129620061435667	2.9326110789795448	0.5932705625616639	0.5932705625616639	40.0	sex	estimated	robust_Wald	HC3	0.6291966787591599	1.0	1.0	0.7289358065097229	0.7488065767435906
GSE48684	N-H	N	H	healthy_reference	EYA4	cg11664500	7	False	unpaired_or_partially_paired_observations	beta_percentage_points	5000	24	17	41	0	7.526226083333333	6.982744	0.5434820833333326	1.2040391345569965	-2.1127974978553934	2.4977688306372534	0.6558034120532383	0.6558034120532383	0.15684574602623347	0.15684574602623347	Welch_t	estimated		5000	0.5492518684931491	-1.6915294903979368	2.790033227384235	0.63092950544961	0.63092950544961	41.0	sex	estimated	robust_Wald	HC3	0.7283201355014329	0.3483785320390378	1.0	0.7890134801265524	0.43656066120026904
GSE48684	N-H	N	H	healthy_reference	EYA4	cg26656135	8	False	unpaired_or_partially_paired_observations	beta_percentage_points	5000	24	17	41	0	25.1511775	21.41422411764706	3.7369533823529393	2.1097396238677315	-0.40104850980392226	7.663871704656865	0.08618864133334929	0.08618864133334929	0.04866910562749917	0.04866910562749917	Welch_t	estimated		5000	3.8351616986301282	-0.21480024453678012	7.885123641797037	0.06345181814391897	0.06345181814391897	41.0	sex	estimated	robust_Wald	HC3	0.13874269092685496	0.12220177608643813	0.26173874984366574	0.49412566514383144	0.3406837393924942
GSE48684	N-H	N	H	healthy_reference	EYA4	cg20286200	9	False	unpaired_or_partially_paired_observations	beta_percentage_points	5000	24	17	41	0	19.120365833333334	16.817224705882353	2.3031411274509805	1.8860258367410752	-1.3345174068627463	5.995353936274507	0.22951285268582391	0.22951285268582391	0.11536336176616835	0.11536336176616835	Welch_t	estimated		5000	2.4403839726027354	-1.0498809091891543	5.930648854394625	0.17056156251892862	0.17056156251892862	41.0	sex	estimated	robust_Wald	HC3	0.3262613475103097	0.2664893656798489	0.5253296125583001	0.5734831570140868	0.4229989931426173
GSE48684	N-H	N	H	healthy_reference	EYA4	cg14270292	10	False	unpaired_or_partially_paired_observations	beta_percentage_points	5000	24	17	41	0	18.692197333333336	18.28753705882353	0.4046602745098049	1.7003175865814137	-2.8770033937500026	3.5373343166666675	0.8132856565743528	0.8132856565743528	0.7408068333824819	0.7408068333824819	Welch_t	estimated		5000	0.32892886027397095	-3.0773626991200436	3.7352204196679852	0.8498858277662497	0.8498858277662497	41.0	sex	estimated	robust_Wald	HC3	0.8626971938176681	1.0	1.0	0.8706851307974612	0.8266974807311754
GSE48684	N-H	N	H	healthy_reference	EYA4	cg06181518	11	False	unpaired_or_partially_paired_observations	beta_percentage_points	5000	24	17	41	0	4.117052833333333	3.0572443529411766	1.0598084803921566	0.884427384443536	-0.7261011158088233	2.7456487591911753	0.2383306626552049	0.2383306626552049	0.10937696894109378	0.10937696894109378	Welch_t	estimated		5000	0.9374772465753408	-0.7175254182954023	2.592479911446084	0.26690304399308795	0.26690304399308795	41.0	sex	estimated	robust_Wald	HC3	0.33366292771728684	0.2565084246232758	0.6796743788115295	0.5734831570140868	0.4229989931426173
GSE48684	N-H	N	H	healthy_reference	EYA4	cg14287112	12	False	unpaired_or_partially_paired_observations	beta_percentage_points	5000	24	17	41	0	5.901356375	5.717443705882353	0.18391266911764667	1.0721083632710948	-2.1672793815563716	1.9701338992034314	0.8651778879778738	0.8651778879778738	0.260729211005852	0.260729211005852	Welch_t	estimated		5000	0.29924701095890294	-1.661996482505038	2.260490504422844	0.7649005350838677	0.7649005350838677	41.0	sex	estimated	robust_Wald	HC3	0.9031861307838076	0.5283197170381738	1.0	0.8958658794976854	0.5019037311862651
GSE48684	N-H	N	H	healthy_reference	EYA4	cg01328892	13	False	unpaired_or_partially_paired_observations	beta_percentage_points	5000	24	17	41	0	29.7147175	25.286270588235293	4.428446911764706	1.8023241122903388	0.973438544117655	7.765157796568621	0.018898885463578846	0.018898885463578846	0.025344754914614447	0.025344754914614447	Welch_t	estimated		5000	4.21835180821917	0.8090883906437134	7.627615225794626	0.015304010941712156	0.015304010941712156	41.0	sex	estimated	robust_Wald	HC3	0.03520679469424769	0.06807719052646438	0.07944329275360693	0.2850272734755311	0.2787923040607589
GSE48684	N-H	N	H	healthy_reference	EYA4	cg05493394	14	False	unpaired_or_partially_paired_observations	beta_percentage_points	5000	24	17	41	0	18.28469625	14.370164999999998	3.91453125	1.2449679838133212	1.552457454656862	6.350214142769605	0.003255323864751088	0.003255323864751088	0.006164503772398253	0.006164503772398253	Welch_t	estimated		5000	3.785884315068485	1.2894118207604857	6.282356809376484	0.002956040511756534	0.002956040511756534	41.0	sex	estimated	robust_Wald	HC3	0.006345821204704653	0.0175353828689146	0.01606694960507669	0.14428853132576394	0.15822226349155516
GSE48684	N-H	N	H	healthy_reference	EYA4	cg26449787	15	False	unpaired_or_partially_paired_observations	beta_percentage_points	5000	24	17	41	0	21.359663750000003	18.738515882352942	2.6211478676470583	1.529549573080381	-0.34887460110294227	5.402809771446078	0.09625824645659055	0.09625824645659055	0.04027985378867425	0.04027985378867425	Welch_t	estimated		5000	2.410320794520543	-0.453480994818687	5.274122583859773	0.09902373755655447	0.09902373755655447	41.0	sex	estimated	robust_Wald	HC3	0.15177921454929977	0.10454658679981742	0.37809063430684436	0.49412566514383144	0.3101548741727917
GSE48684	N-H	N	H	healthy_reference	EYA4	cg22871668	16	False	unpaired_or_partially_paired_observations	beta_percentage_points	5000	24	17	41	0	6.174760666666667	6.793076470588234	-0.6183158039215674	1.2036536618993687	-3.175754153676471	1.3267850361519595	0.6119044091590405	0.6119044091590405	0.6058371434771839	0.6058371434771839	Welch_t	estimated		5000	-0.6927090328767119	-2.961304315781924	1.5758862500285002	0.5495268006681662	0.5495268006681662	41.0	sex	estimated	robust_Wald	HC3	0.6845032373643504	1.0	1.0	0.7599457984717116	0.740467619805447
GSE48684	N-H	N	H	healthy_reference	EYA4	cg20980055	17	False	unpaired_or_partially_paired_observations	beta_percentage_points	5000	24	17	41	0	3.741474625	4.066760764705883	-0.32528613970588327	0.8137492630295754	-1.9568505200980393	1.1727979745710766	0.692285916384314	0.692285916384314	0.5515673446241796	0.5515673446241796	Welch_t	estimated		5000	-0.3502041123287674	-1.8589174283232004	1.1585092036656655	0.6491460095385382	0.6491460095385382	41.0	sex	estimated	robust_Wald	HC3	0.7597056849633089	0.9334216601332269	1.0	0.7956121725610773	0.7198421277298616
GSE48684	N-H	N	H	healthy_reference	ZNF568	cg06611358	1	False	unpaired_or_partially_paired_observations	beta_percentage_points	5000	24	17	41	0	21.255660000000002	18.085966470588236	3.1696935294117656	1.8571001215722278	-0.4209962009803919	6.796260042279408	0.09598261589941737	0.09598261589941737	0.14191804589421086	0.14191804589421086	Welch_t	estimated		5000	3.846456575342457	-0.023016455474864084	7.715929606159778	0.05137839572335003	0.05137839572335003	41.0	sex	estimated	robust_Wald	HC3	0.15177921454929977	0.32140263334865404	0.22393225305837466	0.49412566514383144	0.43656066120026904
GSE48684	N-H	N	H	healthy_reference	ZNF568	cg27390819	2	False	unpaired_or_partially_paired_observations	beta_percentage_points	5000	24	17	41	0	22.59986625	21.00990294117647	1.5899633088235303	1.831987420190399	-1.876209944852945	5.057729617647061	0.39151790356950433	0.39151790356950433	0.4507351553552438	0.4507351553552438	Welch_t	estimated		5000	2.2280265205479406	-1.6328918146103462	6.088944855706227	0.25803840174917525	0.25803840174917525	41.0	sex	estimated	robust_Wald	HC3	0.4955651272578384	0.8187417687965944	0.6622985644895498	0.7181344277788094	0.6941321392470755
GSE48684	N-H	N	H	healthy_reference	ZNF568	cg20154403	3	False	unpaired_or_partially_paired_observations	beta_percentage_points	5000	24	17	41	0	22.756248333333332	21.939942352941177	0.8163059803921541	1.3142588460223459	-1.6188443750000032	3.3506769025735275	0.538347505290459	0.538347505290459	0.6623751309779664	0.6623751309779664	Welch_t	estimated		5000	0.9997041095890365	-2.04933087164252	4.048739090820592	0.5204678945775585	0.5204678945775585	41.0	sex	estimated	robust_Wald	HC3	0.6233497429679	1.0	1.0	0.7289358065097229	0.7727709861409607
GSE48684	N-H	N	H	healthy_reference	ZNF568	cg21761844	4	False	unpaired_or_partially_paired_observations	beta_percentage_points	5000	24	17	41	0	2.4561506583333332	2.7948971764705877	-0.3387465181372545	0.4801992753005758	-1.295726109730392	0.5092456579289206	0.48698964603932204	0.48698964603932204	0.9052098937248174	0.9052098937248174	Welch_t	estimated		5000	-0.2996506969863012	-1.3736391173157005	0.774337723343098	0.5844856233071238	0.5844856233071238	41.0	sex	estimated	robust_Wald	HC3	0.579869114613832	1.0	1.0	0.7181344277788094	0.9293488242241459
GSE48684	N-H	N	H	healthy_reference	ZNF568	cg20680720	5	False	unpaired_or_partially_paired_observations	beta_percentage_points	5000	24	17	41	0	3.441676541666667	3.1584591176470584	0.2832174240196085	0.4084381571679288	-0.503725786642158	1.0462215650735291	0.4924283787997633	0.4924283787997633	0.5515673446241796	0.5515673446241796	Welch_t	estimated		5000	0.36232892602739625	-0.48396839802648894	1.2086262500812814	0.401397574920086	0.401397574920086	41.0	sex	estimated	robust_Wald	HC3	0.5848378174948345	0.9334216601332269	0.8729267391890438	0.7181344277788094	0.7198421277298616
GSE48684	N-H	N	H	healthy_reference	ZNF568	cg02459604	6	False	unpaired_or_partially_paired_observations	beta_percentage_points	5000	24	17	41	0	17.692858125	20.936833529411764	-3.2439754044117644	2.623727069351035	-8.329064185416668	1.5918959837009723	0.22723094339079153	0.22723094339079153	0.4507351553552438	0.4507351553552438	Welch_t	estimated		5000	-2.9088919479452024	-8.4625986691245	2.6448147732340943	0.3046183428314373	0.3046183428314373	41.0	sex	estimated	robust_Wald	HC3	0.32401449335353605	0.8187417687965944	0.7407035494111791	0.5734831570140868	0.6941321392470755
GSE48684	N-H	N	H	healthy_reference	ZNF568	cg03060201	7	False	unpaired_or_partially_paired_observations	beta_percentage_points	5000	24	17	41	0	2.313235458333333	2.508119411764706	-0.1948839534313726	0.3711524492249272	-0.9255809708333333	0.4752368592524513	0.604321298155472	0.604321298155472	0.8426765356863225	0.8426765356863225	Welch_t	estimated		5000	-0.20226756438356183	-1.0183753453344273	0.6138402165673036	0.627133318466037	0.627133318466037	41.0	sex	estimated	robust_Wald	HC3	0.6809669262142147	1.0	1.0	0.7599457984717116	0.9138886372936174
GSE48684	N-H	N	H	healthy_reference	ZNF568	cg03443751	8	False	unpaired_or_partially_paired_observations	beta_percentage_points	5000	24	17	41	0	3.474931916666666	3.677145411764706	-0.20221349509804004	0.2864401015698036	-0.7385149436274514	0.3481772285539214	0.48443236422835867	0.48443236422835867	0.33409801251245674	0.33409801251245674	Welch_t	estimated		5000	-0.22145612328767134	-0.7807068227728753	0.3377945761975326	0.4376777421261009	0.4376777421261009	41.0	sex	estimated	robust_Wald	HC3	0.5783146053578856	0.6431386740864793	0.9068777209266371	0.7181344277788094	0.5716788214102038
GSE48684	N-H	N	H	healthy_reference	ZNF793	cg17332326	1	False	unpaired_or_partially_paired_observations	beta_percentage_points	5000	24	17	41	0	10.512284208333334	11.576866705882354	-1.0645824975490201	0.8806000361035502	-2.6565903666053936	0.608904854963232	0.23396925578861016	0.23396925578861016	0.07406050117984497	0.07406050117984497	Welch_t	estimated		5000	-0.8051076109589047	-2.6126273580730475	1.0024121361552378	0.38265789649004955	0.38265789649004955	41.0	sex	estimated	robust_Wald	HC3	0.32955425662907895	0.17914110756590776	0.8540480588328643	0.5734831570140868	0.35641616192800396
GSE48684	N-H	N	H	healthy_reference	ZNF793	cg11623861	2	False	unpaired_or_partially_paired_observations	beta_percentage_points	5000	24	17	41	0	1.9576885416666665	2.0328845588235294	-0.07519601715686303	0.23505249460757938	-0.5064492161764705	0.3886153601102949	0.7509469202746709	0.7509469202746709	0.5340234431347741	0.5340234431347741	Welch_t	estimated		5000	-0.03924723150684951	-0.5477393579309401	0.46924489491724103	0.8797572167155676	0.8797572167155676	41.0	sex	estimated	robust_Wald	HC3	0.8124999465266931	0.9171703744545192	1.0	0.8380132298717342	0.7198421277298616
GSE48684	N-H	N	H	healthy_reference	ZNF793	cg14732998	3	False	unpaired_or_partially_paired_observations	beta_percentage_points	5000	24	17	41	0	15.617851250000001	14.740904117647059	0.8769471323529426	0.9479598529939475	-0.8782327383578422	2.7551797683823542	0.3606428360345577	0.3606428360345577	0.4998018503261805	0.4998018503261805	Welch_t	estimated		5000	1.0500393150684895	-1.0748685110033942	3.174947141140373	0.33277921218021145	0.33277921218021145	41.0	sex	estimated	robust_Wald	HC3	0.47334372229535704	0.8713526598139448	0.7825318881436591	0.7120384198631011	0.6997225904566527
GSE48684	N-H	N	H	healthy_reference	ZNF793	cg07482795	4	False	unpaired_or_partially_paired_observations	beta_percentage_points	5000	24	17	41	0	11.005998	8.952217411764705	2.053780588235295	0.791136080143268	0.6299283657475488	3.6429167417279404	0.014241589415280717	0.014241589415280717	0.029022445732305144	0.029022445732305144	Welch_t	estimated		5000	2.3186130931506805	0.6233146977033807	4.013911488597981	0.007349272803919305	0.007349272803919305	41.0	sex	estimated	robust_Wald	HC3	0.026638114614816563	0.07750502848742762	0.03948097715593859	0.2741505962441538	0.279341040173437
GSE48684	N-H	N	H	healthy_reference	ZNF793	cg13181745	5	False	unpaired_or_partially_paired_observations	beta_percentage_points	5000	24	17	41	0	11.126589125	10.559721176470587	0.5668679485294135	0.5056136529582714	-0.3486594934436281	1.5777053408088257	0.26908383998896396	0.26908383998896396	0.32102426893048785	0.32102426893048785	Welch_t	estimated		5000	0.6384216356164364	-0.5016743362394963	1.7785176074723692	0.2724121187957026	0.2724121187957026	41.0	sex	estimated	robust_Wald	HC3	0.37109472858179504	0.6231647573356529	0.6839912982805141	0.6278622933075826	0.5716788214102038
GSE48684	N-H	N	H	healthy_reference	ZNF793	cg24078985	6	False	unpaired_or_partially_paired_observations	beta_percentage_points	5000	24	17	41	0	10.297481458333333	10.322839176470588	-0.025357718137253293	0.6693639495039783	-1.2736384647058834	1.2685103167279415	0.9699766454223081	0.9699766454223081	0.8842802463955904	0.8842802463955904	Welch_t	estimated		5000	-0.026414449315069526	-1.4287591342981032	1.3759302356679641	0.9705506103464588	0.9705506103464588	41.0	sex	estimated	robust_Wald	HC3	0.9817264572668982	1.0	1.0	0.9773402230591539	0.9293488242241459
GSE48684	N-H	N	H	healthy_reference	ZNF793	cg15139588	7	False	unpaired_or_partially_paired_observations	beta_percentage_points	5000	24	17	41	0	7.468837583333333	6.975319647058824	0.49351793627450957	0.44844188792724166	-0.3525894461397062	1.340073312867645	0.2784107255254926	0.2784107255254926	0.19933583146564782	0.19933583146564782	Welch_t	estimated		5000	0.5808429452054775	-0.28026823791472466	1.4419541283256798	0.1861518058789382	0.1861518058789382	41.0	sex	estimated	robust_Wald	HC3	0.3816787987916249	0.424392415378476	0.5443173057979078	0.6305184078077333	0.46511694008651155
GSE48684	N-H	N	H	healthy_reference	ZNF793	cg25361907	8	False	unpaired_or_partially_paired_observations	beta_percentage_points	5000	24	17	41	0	11.709733916666666	10.038669294117646	1.671064622549019	0.6435680545097979	0.4830017396446056	2.9363670441789202	0.013223748659357975	0.013223748659357975	0.037771085566651576	0.037771085566651576	Welch_t	estimated		5000	1.8202517616438323	0.3753767014375244	3.2651268218501404	0.013543059879923304	0.013543059879923304	41.0	sex	estimated	robust_Wald	HC3	0.02483484504318449	0.09858893520787022	0.07110106436959734	0.2741505962441538	0.3101548741727917
GSE48684	N-H	N	H	healthy_reference	SFMBT2	cg20299663	1	False	unpaired_or_partially_paired_observations	beta_percentage_points	5000	24	17	41	0	24.094755	22.271055294117645	1.823699705882356	2.409262959923005	-2.953642542279411	6.173238169117646	0.4543163653892278	0.4543163653892278	0.37534599548446834	0.37534599548446834	Welch_t	estimated		5000	2.4849328767123207	-2.4897002038744382	7.459565957299079	0.32755880830131867	0.32755880830131867	41.0	sex	estimated	robust_Wald	HC3	0.5465993771089147	0.7106961062041983	0.7760624073600474	0.7181344277788094	0.6282965576587839
GSE48684	N-H	N	H	healthy_reference	SFMBT2	cg20506550	2	False	unpaired_or_partially_paired_observations	beta_percentage_points	5000	24	17	41	0	5.8599296249999995	5.194101294117647	0.6658283308823516	1.1533495115154788	-1.7385464873161753	2.763143952205881	0.5675016120757568	0.5675016120757568	0.3082893602150767	0.3082893602150767	Welch_t	estimated		5000	0.7640783150684916	-1.5350029330774455	3.063159563214428	0.5148039026732818	0.5148039026732818	41.0	sex	estimated	robust_Wald	HC3	0.6463982760393572	0.6035156119464636	1.0	0.7289358065097229	0.5716788214102038
GSE48684	N-H	N	H	healthy_reference	SFMBT2	cg01056653	3	False	unpaired_or_partially_paired_observations	beta_percentage_points	5000	24	17	41	0	3.5020396666666667	2.7396686470588234	0.7623710196078434	0.4137952563412508	-0.05230660710784351	1.5613108581495083	0.07307140210247738	0.07307140210247738	0.06987776117186383	0.06987776117186383	Welch_t	estimated		5000	0.8741390520547929	0.11677362638392047	1.6315044777256655	0.023687577718732606	0.023687577718732606	41.0	sex	estimated	robust_Wald	HC3	0.11886967525121321	0.17202626141807498	0.12026000995664247	0.4688748301575632	0.35641616192800396
GSE48684	N-H	N	H	healthy_reference	SFMBT2	cg22862480	4	False	unpaired_or_partially_paired_observations	beta_percentage_points	5000	24	17	41	0	8.216726458333333	9.889647588235293	-1.6729211299019595	2.4928159309354205	-6.853467371691174	2.600324844056373	0.5085924941373461	0.5085924941373461	0.7408068333824819	0.7408068333824819	Welch_t	estimated		5000	-1.2060352356164383	-6.116446582147322	3.704376110914445	0.630244739171596	0.630244739171596	41.0	sex	estimated	robust_Wald	HC3	0.6009456068835137	1.0	1.0	0.7252152231217713	0.8266974807311754
GSE48684	N-H	N	H	healthy_reference	SFMBT2	cg12767281	5	False	unpaired_or_partially_paired_observations	beta_percentage_points	5000	24	17	41	0	4.433130833333334	3.6597578823529417	0.7733729509803923	0.5735004639460833	-0.28766095330882335	1.8876792802696072	0.18574440714147014	0.18574440714147014	0.14191804589421086	0.14191804589421086	Welch_t	estimated		5000	0.653580131506848	-0.4373591944767404	1.7445194574904364	0.2403103148750585	0.2403103148750585	41.0	sex	estimated	robust_Wald	HC3	0.2738980198194171	0.32140263334865404	0.6447335280868387	0.5734831570140868	0.43656066120026904
GSE48684	N-H	N	H	healthy_reference	SFMBT2	cg26878816	6	False	unpaired_or_partially_paired_observations	beta_percentage_points	5000	24	17	41	0	20.137429041666664	17.965571470588237	2.1718575710784283	3.1455901574647718	-3.8485643718137266	8.04726424068626	0.4943003204191805	0.4943003204191805	0.4998018503261805	0.4998018503261805	Welch_t	estimated		5000	2.6219603205479394	-3.9837785631416254	9.227699204237503	0.43659730919320616	0.43659730919320616	41.0	sex	estimated	robust_Wald	HC3	0.5855557641888753	0.8713526598139448	0.9068777209266371	0.7181344277788094	0.6997225904566527
GSE48684	N-H	N	H	healthy_reference	SFMBT2	cg12328063	7	False	unpaired_or_partially_paired_observations	beta_percentage_points	5000	24	17	41	0	11.818478749999999	10.546488117647058	1.27199063235294	1.6712549392281557	-2.1342825691176484	4.386609822916666	0.4513559735515742	0.4513559735515742	0.4831380485030482	0.4831380485030482	Welch_t	estimated		5000	1.7867142958904076	-1.6754554241971067	5.2488840159779215	0.31178947880295904	0.31178947880295904	41.0	sex	estimated	robust_Wald	HC3	0.5444555085661287	0.8519457191160621	0.7502434333696203	0.7181344277788094	0.6997225904566527
GSE48684	N-H	N	H	healthy_reference	SFMBT2	cg16818993	8	False	unpaired_or_partially_paired_observations	beta_percentage_points	5000	24	17	41	0	23.703578333333333	19.565078235294116	4.138500098039216	2.986208935075691	-1.5413769031862783	9.613872525735292	0.17408964126990223	0.17408964126990223	0.15684574602623347	0.15684574602623347	Welch_t	estimated		5000	4.7725218904109505	-1.39244915031978	10.937492931141682	0.1291966703409174	0.1291966703409174	41.0	sex	estimated	robust_Wald	HC3	0.2586154799572181	0.3483785320390378	0.4591450899807987	0.5734831570140868	0.43656066120026904
GSE48684	N-H	N	H	healthy_reference	ADHFE1	cg20295442	1	False	unpaired_or_partially_paired_observations	beta_percentage_points	5000	23	17	40	0	7.877389391304349	8.83189788235294	-0.9545084910485918	1.6565008787130329	-3.8966660492327354	2.3874202101662414	0.5680019271504334	0.5680019271504334	0.10648003470515875	0.10648003470515875	Welch_t	estimated		5000	-0.9244487543859641	-4.079204587559692	2.230307078787764	0.5657412206899809	0.5657412206899809	40.0	sex	estimated	robust_Wald	HC3	0.6463982760393572	0.2509886532335885	1.0	0.7289358065097229	0.4229989931426173
GSE48684	N-H	N	H	healthy_reference	ADHFE1	cg19283840	2	False	unpaired_or_partially_paired_observations	beta_percentage_points	5000	24	17	41	0	18.50820291666667	19.71149705882353	-1.2032941421568606	1.4692508849646932	-3.833063306985292	1.7784211917892134	0.41810070019308965	0.41810070019308965	0.18142780725205987	0.18142780725205987	Welch_t	estimated		5000	-1.146527780821918	-4.042257527135072	1.7492019654912359	0.4377353501442426	0.4377353501442426	41.0	sex	estimated	robust_Wald	HC3	0.5164773355326402	0.3898588230253565	0.9068777209266371	0.7181344277788094	0.43656066120026904
GSE48684	N-H	N	H	healthy_reference	ADHFE1	cg25046651	3	False	unpaired_or_partially_paired_observations	beta_percentage_points	5000	24	17	41	0	29.15484916666667	33.740746470588235	-4.585897303921565	2.1805209090235445	-8.829768085784313	-0.43033503860294003	0.0425834566557086	0.0425834566557086	0.11536336176616835	0.11536336176616835	Welch_t	estimated		5000	-4.534103863013696	-9.14636399650537	0.07815627047797757	0.05401057545930303	0.05401057545930303	41.0	sex	estimated	robust_Wald	HC3	0.07368373398852948	0.2664893656798489	0.23104523946479633	0.39306229102042806	0.4229989931426173
GSE48684	N-H	N	H	healthy_reference	ADHFE1	cg01588438	4	False	unpaired_or_partially_paired_observations	beta_percentage_points	5000	24	17	41	0	25.53066	26.488403529411762	-0.9577435294117642	2.121931503921349	-4.941198425857847	3.189365449142153	0.6542717722311755	0.6542717722311755	0.33409801251245674	0.33409801251245674	Welch_t	estimated		5000	-1.1468160000000016	-5.630746822990118	3.3371148229901157	0.6161720051007895	0.6161720051007895	41.0	sex	estimated	robust_Wald	HC3	0.7283201355014329	0.6431386740864793	1.0	0.7890134801265524	0.5716788214102038
GSE48684	N-H	N	H	healthy_reference	ADHFE1	cg08090772	5	False	unpaired_or_partially_paired_observations	beta_percentage_points	5000	24	17	41	0	28.842028749999997	28.798963529411765	0.043065220588234254	1.5064891480209037	-2.8318646525735245	3.054529290441175	0.9773402230591539	0.9773402230591539	0.7209062417708143	0.7209062417708143	Welch_t	estimated		5000	-0.1477834520547989	-3.0951322495513325	2.799565345441735	0.9217140529832517	0.9217140529832517	41.0	sex	estimated	robust_Wald	HC3	0.9858759455312863	1.0	1.0	0.9773402230591539	0.8266974807311754
GSE48684	N-H	N	H	healthy_reference	ADHFE1	cg09383816	6	False	unpaired_or_partially_paired_observations	beta_percentage_points	5000	24	17	41	0	18.296076916666667	19.94699705882353	-1.6509201421568616	1.8195035053883317	-4.935358007230393	1.9061525262254895	0.3699465320540063	0.3699465320540063	0.12160444190461399	0.12160444190461399	Welch_t	estimated		5000	-1.796812564383561	-5.666452789729177	2.0728276609620546	0.36277953943635954	0.36277953943635954	41.0	sex	estimated	robust_Wald	HC3	0.47875433559930225	0.27950871721359033	0.8297235010871193	0.7121470742039622	0.425615546666149
GSE48684	N-H	N	H	healthy_reference	ADHFE1	cg20912169	7	False	unpaired_or_partially_paired_observations	beta_percentage_points	5000	24	17	41	0	8.950138333333332	10.395689999999998	-1.4455516666666681	1.519192065161552	-4.26316734172794	1.5408987223651915	0.34720083575456595	0.34720083575456595	0.019182855565126923	0.019182855565126923	Welch_t	estimated		5000	-1.2922304876712316	-4.172604576713944	1.588143601371481	0.37923632509345084	0.37923632509345084	41.0	sex	estimated	robust_Wald	HC3	0.4622673951544941	0.052132231006403754	0.8536154866640151	0.7120384198631011	0.2787923040607589
GSE48684	N-H	N	H	healthy_reference	ADHFE1	cg18065361	8	False	unpaired_or_partially_paired_observations	beta_percentage_points	5000	23	17	40	0	4.723916130434782	4.905555058823529	-0.18163892838874707	1.1250441138790759	-2.416610205242967	2.0088838018542168	0.8725966358743689	0.8725966358743689	0.2505128047285605	0.2505128047285605	Welch_t	estimated		5000	-0.07712917543859438	-2.1742268479748965	2.019968497097708	0.9425338383019167	0.9425338383019167	40.0	sex	estimated	robust_Wald	HC3	0.9053351364012407	0.516682659752656	1.0	0.8958658794976854	0.5019037311862651
GSE48684	N-H	N	H	healthy_reference	HOXA2	cg04481096	1	False	unpaired_or_partially_paired_observations	beta_percentage_points	5000	24	17	41	0	44.988120833333326	50.84293823529411	-5.854817401960783	4.428593674325956	-14.358021055759806	2.4253642046568538	0.19568284246368528	0.19568284246368528	0.2285672846295076	0.2285672846295076	Welch_t	estimated		5000	-5.889671452054786	-14.990177429300994	3.2108345251914203	0.20463701637722032	0.20463701637722032	41.0	sex	estimated	robust_Wald	HC3	0.2842939409378069	0.4799912977219659	0.5729836458562169	0.5734831570140868	0.5019037311862651
GSE48684	N-H	N	H	healthy_reference	HOXA2	cg19598584	2	False	unpaired_or_partially_paired_observations	beta_percentage_points	5000	24	17	41	0	38.39066458333333	44.668639999999996	-6.277975416666664	4.149072258258111	-14.087720289828424	1.496154668504892	0.1413712158299146	0.1413712158299146	0.18142780725205987	0.18142780725205987	Welch_t	estimated		5000	-6.488931260273971	-14.895827544907425	1.9179650243594846	0.13032687620559222	0.13032687620559222	41.0	sex	estimated	robust_Wald	HC3	0.21484704510993602	0.3898588230253565	0.4596260824960581	0.5463965236730011	0.43656066120026904
GSE48684	N-H	N	H	healthy_reference	HOXA2	cg09871315	3	False	unpaired_or_partially_paired_observations	beta_percentage_points	5000	24	17	41	0	50.32914958333333	57.69580647058823	-7.366656887254896	3.5591810412250355	-14.293839216911767	-0.5241930453431491	0.045942345703686396	0.045942345703686396	0.07406050117984497	0.07406050117984497	Welch_t	estimated		5000	-7.623388821917805	-14.906378591113759	-0.34039905272185145	0.04021141398763082	0.04021141398763082	41.0	sex	estimated	robust_Wald	HC3	0.07803442542317321	0.17914110756590776	0.18577673262285438	0.39306229102042806	0.35641616192800396
GSE48684	N-H	N	H	healthy_reference	HOXA2	cg13661519	4	False	unpaired_or_partially_paired_observations	beta_percentage_points	5000	24	17	41	0	36.7962825	41.915253529411764	-5.118971029411767	3.614365435762633	-12.35699743504903	1.3970506734068495	0.16532788621326008	0.16532788621326008	0.11536336176616835	0.11536336176616835	Welch_t	estimated		5000	-5.574627808219175	-12.749125173839515	1.5998695574011659	0.12778275995580507	0.12778275995580507	41.0	sex	estimated	robust_Wald	HC3	0.24639188203395535	0.2664893656798489	0.4576405821673019	0.5734831570140868	0.4229989931426173
GSE48684	N-H	N	H	healthy_reference	HOXA2	cg02803819	5	False	unpaired_or_partially_paired_observations	beta_percentage_points	5000	24	17	41	0	34.862435	40.636921176470594	-5.774486176470594	3.887199392603539	-13.179960658088232	1.4554085502450977	0.1465432249412252	0.1465432249412252	0.17293466931756118	0.17293466931756118	Welch_t	estimated		5000	-6.027395369863009	-13.858274874303433	1.8034841345774169	0.13140713967803103	0.13140713967803103	41.0	sex	estimated	robust_Wald	HC3	0.22197695056670835	0.376867062380723	0.45992498887310856	0.5463965236730011	0.43656066120026904
GSE48684	N-H	N	H	healthy_reference	HOXA2	cg03763508	6	False	unpaired_or_partially_paired_observations	beta_percentage_points	5000	24	17	41	0	53.516799166666665	56.267664705882346	-2.7508655392156856	3.6625059608279837	-9.981724944852942	4.251582772671571	0.4576256672686172	0.4576256672686172	0.5874826975965008	0.5874826975965008	Welch_t	estimated		5000	-3.0489996164383615	-10.244211879909807	4.1462126470330825	0.40623214053169787	0.40623214053169787	41.0	sex	estimated	robust_Wald	HC3	0.547728130254148	0.9833949503245776	0.8729267391890438	0.7181344277788094	0.7296156083053317
GSE48684	N-H	N	H	healthy_reference	HOXA2	cg00188704	7	False	unpaired_or_partially_paired_observations	beta_percentage_points	5000	24	17	41	0	58.37943	60.498390588235296	-2.118960588235297	3.5089127984762847	-8.724972286764709	4.61761265257352	0.5500845516244869	0.5500845516244869	0.6623751309779664	0.6623751309779664	Welch_t	estimated		5000	-2.318757972602744	-9.41144676002896	4.773930814823473	0.5216812957717727	0.5216812957717727	41.0	sex	estimated	robust_Wald	HC3	0.6321867235087386	1.0	1.0	0.7289358065097229	0.7727709861409607
GSE48684	N-H	N	H	healthy_reference	HOXA2	cg06786372	8	False	unpaired_or_partially_paired_observations	beta_percentage_points	5000	24	17	41	0	52.07149041666666	55.209642941176476	-3.1381525245098074	3.9356072617306426	-10.874745613970587	4.032441992647069	0.43063996433041973	0.43063996433041973	0.4998018503261805	0.4998018503261805	Welch_t	estimated		5000	-3.539995232876709	-11.453511709784097	4.373521244030679	0.38061642911858684	0.38061642911858684	41.0	sex	estimated	robust_Wald	HC3	0.5291374029804625	0.8713526598139448	0.8536154866640151	0.7181344277788094	0.6997225904566527
GSE48684	N-H	N	H	healthy_reference	BEND5	cg11666087	1	False	unpaired_or_partially_paired_observations	beta_percentage_points	5000	24	17	41	0	3.3650170416666665	2.5276682941176474	0.8373487475490194	0.4503006350844475	0.03328390275735252	1.7415606704656847	0.07055279551634482	0.07055279551634482	0.0029102164040688706	0.0029102164040688706	Welch_t	estimated		5000	0.7401258109589031	-0.17020209736260888	1.6504537192804152	0.11104501216922985	0.11104501216922985	41.0	sex	estimated	robust_Wald	HC3	0.11517806193834383	0.008618717812050116	0.41373222275954996	0.4688748301575632	0.11204333155665151
GSE48684	N-H	N	H	healthy_reference	BEND5	cg16573178	2	False	unpaired_or_partially_paired_observations	beta_percentage_points	5000	24	17	41	0	4.810737291666667	2.9690869999999996	1.841650291666667	0.594248465396405	0.7748472023897057	3.070664589828431	0.0037477540604094533	0.0037477540604094533	0.0009855507498558172	0.0009855507498558172	Welch_t	estimated		5000	1.8983680657534217	0.7761106636754164	3.0206254678314273	0.0009151182884505327	0.0009151182884505327	41.0	sex	estimated	robust_Wald	HC3	0.00727505199961835	0.0029375770737637905	0.00503315058647793	0.14428853132576394	0.07588740773889792
GSE48684	N-H	N	H	healthy_reference	BEND5	cg06744574	3	False	unpaired_or_partially_paired_observations	beta_percentage_points	5000	24	17	41	0	6.097411791666666	4.980903235294117	1.1165085563725488	0.6821931816934224	0.052166277083333934	2.601186281372548	0.11305869089745298	0.11305869089745298	0.17293466931756118	0.17293466931756118	Welch_t	estimated		5000	1.0065360958904095	-0.18051543659928174	2.1935876283801012	0.09653053672135382	0.09653053672135382	41.0	sex	estimated	robust_Wald	HC3	0.1764632270088624	0.376867062380723	0.3716425663772122	0.5120893646531693	0.43656066120026904
GSE48684	N-H	N	H	healthy_reference	BEND5	cg03603214	4	False	unpaired_or_partially_paired_observations	beta_percentage_points	5000	24	17	41	0	1.801892183333333	1.4839794529411767	0.3179127303921562	0.3134146258238535	-0.20177763960784342	0.9701437456004899	0.3177181629009799	0.3177181629009799	0.4350067383993107	0.4350067383993107	Welch_t	estimated		5000	0.4030859476712323	-0.3404785172741491	1.1466504126166135	0.288010774093285	0.288010774093285	41.0	sex	estimated	robust_Wald	HC3	0.4291982200592184	0.800689693786779	0.7115560301128218	0.6795638484270958	0.6941321392470755
GSE48684	N-H	N	H	healthy_reference	UNC5C	cg15701178	1	False	unpaired_or_partially_paired_observations	beta_percentage_points	5000	24	17	41	0	13.514588541666669	13.838338	-0.3237494583333306	1.5372157051738833	-3.4652433924019608	2.4892735856617616	0.8347687824353687	0.8347687824353687	0.8426765356863225	0.8426765356863225	Welch_t	estimated		5000	-0.5038134684931513	-3.880513203616499	2.872886266630196	0.7699560736864056	0.7699560736864056	41.0	sex	estimated	robust_Wald	HC3	0.8785038211506614	1.0	1.0	0.8805095376373068	0.9138886372936174
GSE48684	N-H	N	H	healthy_reference	UNC5C	cg03008707	2	False	unpaired_or_partially_paired_observations	beta_percentage_points	5000	24	17	41	0	35.83145666666667	37.884906470588234	-2.05344980392157	2.373366154894754	-6.776779194240197	2.3248723278186234	0.3928318471449497	0.3928318471449497	0.5340234431347741	0.5340234431347741	Welch_t	estimated		5000	-2.2264906575342494	-7.505282594263376	3.052301279194877	0.40842170559152047	0.40842170559152047	41.0	sex	estimated	robust_Wald	HC3	0.49586970869116603	0.9171703744545192	0.8735686480707521	0.7181344277788094	0.7198421277298616
GSE48684	N-H	N	H	healthy_reference	UNC5C	cg24870497	3	False	unpaired_or_partially_paired_observations	beta_percentage_points	5000	23	17	40	0	6.439048869565217	8.26688488235294	-1.827836012787723	1.225261449685738	-4.312297255306906	0.3959807651534495	0.1490172337290003	0.1490172337290003	0.23940937013321506	0.23940937013321506	Welch_t	estimated		5000	-1.8003216775751083	-4.661322959098879	1.0606796039486623	0.21745176515470255	0.21745176515470255	40.0	sex	estimated	robust_Wald	HC3	0.22425394782670405	0.4982303108177719	0.597992354175432	0.5463965236730011	0.5019037311862651
GSE48684	N-H	N	H	healthy_reference	UNC5C	cg13265789	4	False	unpaired_or_partially_paired_observations	beta_percentage_points	5000	24	17	41	0	21.117473583333332	24.446769999999997	-3.329296416666666	2.181498054906839	-7.609113907843139	0.7672286819852918	0.1360341723002561	0.1360341723002561	0.21850225952615188	0.21850225952615188	Welch_t	estimated		5000	-3.54923920547945	-8.254355889184115	1.155877478225216	0.13928161460822736	0.13928161460822736	41.0	sex	estimated	robust_Wald	HC3	0.20810525696264345	0.46094997215106015	0.4802097458880675	0.5463965236730011	0.49484335245628513
GSE48684	N-H	N	H	healthy_reference	UNC5C	cg12584684	5	False	unpaired_or_partially_paired_observations	beta_percentage_points	5000	24	17	41	0	14.745730125000001	17.631349411764706	-2.885619286764704	1.2626206128021575	-5.403657857414214	-0.507497420220588	0.028808670250032885	0.028808670250032885	0.025344754914614447	0.025344754914614447	Welch_t	estimated		5000	-2.9576008027397243	-5.680826124433916	-0.23437548104553244	0.033283305294196666	0.033283305294196666	41.0	sex	estimated	robust_Wald	HC3	0.05119079098275074	0.06807719052646438	0.16186196890440904	0.3168953727503617	0.2787923040607589
GSE48684	N-H	N	H	healthy_reference	RALYL	cg08327106	1	False	unpaired_or_partially_paired_observations	beta_percentage_points	5000	24	17	41	0	21.158865000000002	21.54723705882353	-0.3883720588235273	1.4917122033876302	-3.29759843933823	2.3241115159313726	0.7963969342633123	0.7963969342633123	0.9052098937248174	0.9052098937248174	Welch_t	estimated		5000	-0.13720041095890584	-3.301558466300104	3.0271576443822923	0.9322771108345989	0.9322771108345989	41.0	sex	estimated	robust_Wald	HC3	0.8517022769204868	1.0	1.0	0.8706851307974612	0.9293488242241459
GSE48684	N-H	N	H	healthy_reference	RALYL	cg09757712	2	False	unpaired_or_partially_paired_observations	beta_percentage_points	5000	24	17	41	0	24.774530416666664	25.35056117647058	-0.5760307598039166	2.428988770806816	-5.1821387285539195	4.021694566176471	0.8141471352911326	0.8141471352911326	0.989443175779737	0.989443175779737	Welch_t	estimated		5000	-0.40171498630137326	-5.600742339356469	4.797312366753721	0.8796276967828788	0.8796276967828788	41.0	sex	estimated	robust_Wald	HC3	0.8626971938176681	1.0	1.0	0.8706851307974612	0.989443175779737
GSE48684	N-H	N	H	healthy_reference	RALYL	cg11089595	3	False	unpaired_or_partially_paired_observations	beta_percentage_points	5000	23	16	39	0	39.91632913043478	35.83774125	4.078587880434786	3.2409090743647853	-2.3421958301630372	10.216269082201094	0.22086050956609837	0.22086050956609837	0.16612201665307713	0.16612201665307713	Welch_t	estimated		5000	4.711581824104231	-2.2600931399073203	11.68325678811578	0.18531099463682155	0.18531099463682155	39.0	sex	estimated	robust_Wald	HC3	0.3159057443329333	0.3654684366367697	0.5443173057979078	0.5734831570140868	0.43656066120026904
GSE48684	N-H	N	H	healthy_reference	RALYL	cg01134282	4	False	unpaired_or_partially_paired_observations	beta_percentage_points	5000	24	17	41	0	19.229522083333336	21.587476470588236	-2.3579543872548987	1.774438419480404	-5.857410101102939	1.0896174178921505	0.1937044779693642	0.1937044779693642	0.260729211005852	0.260729211005852	Welch_t	estimated		5000	-2.419400082191781	-6.141360159731716	1.302559995348154	0.20264819241629028	0.20264819241629028	41.0	sex	estimated	robust_Wald	HC3	0.2823074726241207	0.5283197170381738	0.570874785953208	0.5734831570140868	0.5019037311862651
GSE48684	N-H	N	H	healthy_reference	RALYL	cg06955749	5	False	unpaired_or_partially_paired_observations	beta_percentage_points	5000	24	17	41	0	18.828796666666666	20.261038235294116	-1.4322415686274486	1.1857012302041205	-3.7219283498774542	0.8050813621323516	0.23632317429967836	0.23632317429967836	0.32102426893048785	0.32102426893048785	Welch_t	estimated		5000	-1.4918523013698644	-4.022916926846639	1.0392123241069104	0.24799382740973497	0.24799382740973497	41.0	sex	estimated	robust_Wald	HC3	0.33185807454848454	0.6231647573356529	0.6473059223915116	0.5734831570140868	0.5716788214102038
GSE48684	N-H	N	H	healthy_reference	GFRA1	cg19236679	1	False	unpaired_or_partially_paired_observations	beta_percentage_points	5000	24	17	41	0	7.615107375000001	7.32345088235294	0.2916564926470605	0.876419053283296	-1.5338643844362743	1.7408684188112735	0.7423791748735542	0.7423791748735542	0.18142780725205987	0.18142780725205987	Welch_t	estimated		5000	0.2820645972602733	-1.357813668551917	1.9219428630724635	0.7360261235750367	0.7360261235750367	41.0	sex	estimated	robust_Wald	HC3	0.8070098324507813	0.3898588230253565	1.0	0.8380132298717342	0.43656066120026904
GSE48684	N-H	N	H	healthy_reference	GFRA1	cg06298519	2	False	unpaired_or_partially_paired_observations	beta_percentage_points	5000	24	17	41	0	16.535674333333336	17.376290647058823	-0.8406163137254868	1.9549096994877957	-4.823747621078432	2.7451649553921547	0.6710764928462162	0.6710764928462162	0.9052098937248174	0.9052098937248174	Welch_t	estimated		5000	-0.8284656520547958	-4.691654945605447	3.0347236414958547	0.6742541372128927	0.6742541372128927	41.0	sex	estimated	robust_Wald	HC3	0.7434948194123546	1.0	1.0	0.7949675376793638	0.9293488242241459
GSE48684	N-H	N	H	healthy_reference	GFRA1	cg19485539	3	False	unpaired_or_partially_paired_observations	beta_percentage_points	5000	24	17	41	0	18.067631666666664	19.910659411764705	-1.8430277450980415	1.9754313918909305	-5.683772982843136	1.6961780275735254	0.3595699975384221	0.3595699975384221	0.5874826975965008	0.5874826975965008	Welch_t	estimated		5000	-1.7638029315068502	-5.77001453857101	2.242408675557309	0.3881883021387581	0.3881883021387581	41.0	sex	estimated	robust_Wald	HC3	0.47334372229535704	0.9833949503245776	0.8622259403274339	0.7120384198631011	0.7296156083053317
GSE48684	N-H	N	H	healthy_reference	GFRA1	cg18672939	4	False	unpaired_or_partially_paired_observations	beta_percentage_points	5000	24	17	41	0	6.629455333333334	7.137484647058823	-0.5080293137254888	1.2207080037476945	-3.127064863541666	1.4475173552083338	0.6817550272948136	0.6817550272948136	0.46678061452897934	0.46678061452897934	Welch_t	estimated		5000	-0.20016008493150772	-2.4017099767763614	2.001389806913346	0.8585693459596976	0.8585693459596976	41.0	sex	estimated	robust_Wald	HC3	0.7515842139955797	0.8358629609007305	1.0	0.7953808651772826	0.6997225904566527
GSE48684	N-H	N	H	healthy_reference	GFRA1	cg27034576	5	False	unpaired_or_partially_paired_observations	beta_percentage_points	5000	24	17	41	0	14.229337916666667	15.940270941176472	-1.7109330245098031	1.6349301802739782	-5.027287052144607	1.2186406287377405	0.30539321212138804	0.30539321212138804	0.5693898459625074	0.5693898459625074	Welch_t	estimated		5000	-1.2960156273972607	-4.481218395863112	1.8891871410685908	0.42517077375100654	0.42517077375100654	41.0	sex	estimated	robust_Wald	HC3	0.4149754823531802	0.9600660906375125	0.9010499884080965	0.6718650666670537	0.7296156083053317
GSE48684	N-H	N	H	healthy_reference	GFRA1	cg18044663	6	False	unpaired_or_partially_paired_observations	beta_percentage_points	5000	24	17	41	0	5.486295666666666	6.097639647058823	-0.6113439803921573	0.9993054757440614	-2.7429214395833332	1.0432343966299007	0.5467378315919262	0.5467378315919262	0.9262055959936603	0.9262055959936603	Welch_t	estimated		5000	-0.5876474164383565	-2.53458882900206	1.3592939961253472	0.5541331870980708	0.5541331870980708	41.0	sex	estimated	robust_Wald	HC3	0.6299074269213714	1.0	1.0	0.7289358065097229	0.938392511730419
GSE48684	T-H	T	H	healthy_reference	EYA4	cg14017655	1	False	unpaired_or_partially_paired_observations	beta_percentage_points	5000	64	16	80	0	35.972456453125	4.0566275625	31.915828890625004	3.1698630133884005	25.657151991015624	37.89078382187499	4.2705017116099846e-15	4.2705017116099846e-15	3.0884240930456373e-07	3.0884240930456373e-07	Welch_t	estimated		5000	16.50975542949624	-29.70399441784992	62.7235052768424	0.4838070272859337	0.4838070272859337	78.0	sex;site	estimated	robust_Wald	HC3	1.0960954393132294e-14	1.0414977598445873e-06	0.9676140545718674	5.573366640575743e-15	3.963477586075234e-07
GSE48684	T-H	T	H	healthy_reference	EYA4	cg20330472	2	False	unpaired_or_partially_paired_observations	beta_percentage_points	5000	64	17	81	0	49.81277175	13.248943294117648	36.56382845588235	3.283215364871231	30.09125086075367	42.90712723685662	4.719321813760418e-17	4.719321813760418e-17	6.712672082528115e-08	6.712672082528115e-08	Welch_t	estimated		5000	26.33534307202577	-28.32568226936712	80.99636841341866	0.34501713502311737	0.34501713502311737	79.0	sex;site	estimated	robust_Wald	HC3	1.3376237288081675e-16	2.6967430453286864e-07	0.8050399817206072	7.416077135909228e-17	1.3601993430385917e-07
GSE48684	T-H	T	H	healthy_reference	EYA4	cg17838029	3	False	unpaired_or_partially_paired_observations	beta_percentage_points	5000	64	17	81	0	25.152962749999997	3.4386194705882356	21.71434327941176	1.962027148758859	18.045060809099265	25.42248503242187	1.0020765584988728e-16	1.0020765584988728e-16	2.0532443703511096e-08	2.0532443703511096e-08	Welch_t	estimated		5000	13.304789964313752	-17.49604363137884	44.10562356000634	0.397201397651898	0.397201397651898	79.0	sex;site	estimated	robust_Wald	HC3	2.7557105358719e-16	9.299989206884438e-08	0.8729267391890438	1.483844134700254e-16	6.323992660681418e-08
GSE48684	T-H	T	H	healthy_reference	EYA4	cg14343214	4	False	unpaired_or_partially_paired_observations	beta_percentage_points	5000	63	17	80	0	43.885516015873016	5.7038274705882355	38.18168854528478	3.249479423227734	31.88677150030345	44.41917428856209	7.103081422957904e-18	7.103081422957904e-18	7.705718453317142e-09	7.705718453317142e-09	Welch_t	estimated		5000	33.534119047001084	-11.638366808244522	78.70660490224668	0.14567110825706012	0.14567110825706012	78.0	sex;site	estimated	robust_Wald	HC3	2.173260673779173e-17	3.869610788513608e-08	0.49706059841272204	1.2719471385296712e-17	3.9556021393694664e-08
GSE48684	T-H	T	H	healthy_reference	EYA4	cg24675448	5	False	unpaired_or_partially_paired_observations	beta_percentage_points	5000	64	17	81	0	62.22333437500001	26.884791764705877	35.33854261029413	3.5863911423847394	28.27758796920955	42.16853340556065	1.3464918184037376e-14	1.3464918184037376e-14	4.140862019693147e-07	4.140862019693147e-07	Welch_t	estimated		5000	32.86024720963328	-2.5920833704042243	68.3125777896708	0.06926888679217293	0.06926888679217293	79.0	sex;site	estimated	robust_Wald	HC3	3.362590378932577e-14	1.3378169602085552e-06	0.2832055371502999	1.645712222493457e-14	4.831005689642005e-07
GSE48684	T-H	T	H	healthy_reference	EYA4	cg21607030	6	False	unpaired_or_partially_paired_observations	beta_percentage_points	5000	64	17	81	0	58.097404374999996	21.280434705882353	36.81696966911764	3.1993512254508527	30.538548242187506	42.89829336167279	1.4550145091787462e-18	1.4550145091787462e-18	1.538197428786628e-07	1.538197428786628e-07	Welch_t	estimated		5000	24.306114655209747	-21.275433079911547	69.88766239033104	0.29595816251154816	0.29595816251154816	79.0	sex;site	estimated	robust_Wald	HC3	4.7008161065774875e-18	5.466517016149401e-07	0.7234532861393399	3.1121143668545407e-18	2.2347396606900067e-07
GSE48684	T-H	T	H	healthy_reference	EYA4	cg11664500	7	False	unpaired_or_partially_paired_observations	beta_percentage_points	5000	64	17	81	0	48.3165473125	6.982744	41.333803312499995	3.2319771213827524	35.16653535165441	47.36174281932444	1.5200585028561683e-20	1.5200585028561683e-20	9.86946757536899e-08	9.86946757536899e-08	Welch_t	estimated		5000	16.12897539057272	-26.489400358600395	58.74735113974583	0.45823838366580005	0.45823838366580005	79.0	sex;site	estimated	robust_Wald	HC3	5.709488035118291e-20	3.707068308797133e-07	0.936752802007078	5.3202047599965895e-20	1.6520630506595917e-07
GSE48684	T-H	T	H	healthy_reference	EYA4	cg26656135	8	False	unpaired_or_partially_paired_observations	beta_percentage_points	5000	64	17	81	0	62.753362968750004	21.41422411764706	41.339138851102945	3.045115630381383	35.338578330193016	47.02077774287684	1.0133764858429471e-21	1.0133764858429471e-21	9.74962191598151e-09	9.74962191598151e-09	Welch_t	estimated		5000	20.566983209312216	-27.65853357192546	68.7924999905499	0.40322473192470576	0.40322473192470576	79.0	sex;site	estimated	robust_Wald	HC3	4.1431852784021376e-21	4.843360564713395e-08	0.8729267391890438	4.876874338119183e-21	4.46575807338219e-08
GSE48684	T-H	T	H	healthy_reference	EYA4	cg20286200	9	False	unpaired_or_partially_paired_observations	beta_percentage_points	5000	64	17	81	0	63.67199609375	16.817224705882353	46.85477138786766	3.142836776185778	40.69188758363971	52.637009930376834	1.2809308080731332e-24	1.2809308080731332e-24	5.615977594901139e-09	5.615977594901139e-09	Welch_t	estimated		5000	30.986698532366812	-11.862792206399753	73.83618927113338	0.15638002719999164	0.15638002719999164	79.0	sex;site	estimated	robust_Wald	HC3	6.038673809487629e-24	2.982277757292329e-08	0.5159634016774305	1.2328959027703907e-23	3.821245014416052e-08
GSE48684	T-H	T	H	healthy_reference	EYA4	cg14270292	10	False	unpaired_or_partially_paired_observations	beta_percentage_points	5000	64	17	81	0	62.34727434375	18.28753705882353	44.05973728492647	3.2507230561673546	37.69483277192096	50.12596897784927	3.2756441506441145e-22	3.2756441506441145e-22	8.144225743414908e-08	8.144225743414908e-08	Welch_t	estimated		5000	16.904414598840276	-31.85410727853415	65.6629364762147	0.49681294727596326	0.49681294727596326	79.0	sex;site	estimated	robust_Wald	HC3	1.3883922913739274e-21	3.1355269112147397e-07	0.9893430243167889	1.9401892276892063e-21	1.4583846098673207e-07
GSE48684	T-H	T	H	healthy_reference	EYA4	cg06181518	11	False	unpaired_or_partially_paired_observations	beta_percentage_points	5000	64	17	81	0	36.075586265625006	3.0572443529411766	33.01834191268383	2.953818020494621	27.243582130951282	38.7628848339614	4.221469384913243e-17	4.221469384913243e-17	3.9858442484261144e-08	3.9858442484261144e-08	Welch_t	estimated		5000	15.825031157217115	-26.821195382950336	58.47125769738456	0.4670437698491141	0.4670437698491141	79.0	sex;site	estimated	robust_Wald	HC3	1.218949284893699e-16	1.70505559516006e-07	0.9463781652205734	6.916024311453611e-17	9.9003228106068e-08
GSE48684	T-H	T	H	healthy_reference	EYA4	cg14287112	12	False	unpaired_or_partially_paired_observations	beta_percentage_points	5000	64	17	81	0	48.255363109375004	5.717443705882353	42.53791940349265	3.298922820259175	36.119595856433826	48.78797040744485	1.9136003813001936e-20	1.9136003813001936e-20	2.0532443703511096e-08	2.0532443703511096e-08	Welch_t	estimated		5000	18.406954510078144	-27.965073520843305	64.77898254099958	0.4365749871200387	0.4365749871200387	79.0	sex;site	estimated	robust_Wald	HC3	7.129704646457173e-20	9.299989206884438e-08	0.9068777209266371	6.406401276526736e-20	6.323992660681418e-08
GSE48684	T-H	T	H	healthy_reference	EYA4	cg01328892	13	False	unpaired_or_partially_paired_observations	beta_percentage_points	5000	63	17	80	0	66.8343253968254	25.286270588235293	41.54805480859011	3.090662381484307	35.31107665919701	47.38498713515407	5.560193355566267e-22	5.560193355566267e-22	1.6610058279649825e-07	1.6610058279649825e-07	Welch_t	estimated		5000	14.853030338208676	-37.263724867197936	66.96978554361527	0.5764480337080411	0.5764480337080411	78.0	sex;site	estimated	robust_Wald	HC3	2.293579759171085e-21	5.81352039787744e-07	1.0	2.8542325891906836e-21	2.3254081591509756e-07
GSE48684	T-H	T	H	healthy_reference	EYA4	cg05493394	14	False	unpaired_or_partially_paired_observations	beta_percentage_points	5000	64	17	81	0	54.146875484375	14.370164999999998	39.776710484375	3.1176682903432966	33.528336705491725	45.82314219738051	3.3249459410816676e-20	3.3249459410816676e-20	1.1176588855280015e-08	1.1176588855280015e-08	Welch_t	estimated		5000	33.765874624515305	-13.825341872626224	81.35709112165684	0.1643496092659178	0.1643496092659178	79.0	sex;site	estimated	robust_Wald	HC3	1.219146845063278e-19	5.3787333866035073e-08	0.5200652019236577	1.0667534894303683e-19	4.529459693981901e-08
GSE48684	T-H	T	H	healthy_reference	EYA4	cg26449787	15	False	unpaired_or_partially_paired_observations	beta_percentage_points	5000	64	17	81	0	60.02154343749999	18.738515882352942	41.283027555147044	3.052027585962922	35.2255369207261	47.120020593520216	3.605384354190651e-22	3.605384354190651e-22	2.3469893426499343e-08	2.3469893426499343e-08	Welch_t	estimated		5000	35.113348106811394	1.3498768308240539	68.87681938279873	0.0415175298744293	0.0415175298744293	79.0	sex;site	estimated	robust_Wald	HC3	1.5006194339063792e-21	1.0426048810617978e-07	0.18962676358136302	1.9829613948048582e-21	6.693265903112775e-08
GSE48684	T-H	T	H	healthy_reference	EYA4	cg22871668	16	False	unpaired_or_partially_paired_observations	beta_percentage_points	5000	64	17	81	0	49.294709140624995	6.793076470588234	42.50163267003676	3.2709802022190355	36.01217921259191	48.6236553248851	7.726588204362614e-21	7.726588204362614e-21	8.144225743414908e-08	8.144225743414908e-08	Welch_t	estimated		5000	16.875208928731602	-29.509850181986273	63.26026803944947	0.47581568042868516	0.47581568042868516	79.0	sex;site	estimated	robust_Wald	HC3	3.0251557206911256e-20	3.1355269112147397e-07	0.9599425517818888	3.1313015354522175e-20	1.4583846098673207e-07
GSE48684	T-H	T	H	healthy_reference	EYA4	cg20980055	17	False	unpaired_or_partially_paired_observations	beta_percentage_points	5000	63	17	80	0	35.187868398412704	4.066760764705883	31.121107633706817	2.373844196697841	26.640213828718483	35.62399802990196	1.0981908769510366e-20	1.0981908769510366e-20	2.3156833701537992e-08	2.3156833701537992e-08	Welch_t	estimated		5000	26.303190154934203	12.532940931251929	40.07343937861648	0.00018124503987216863	0.00018124503987216863	78.0	sex;site	estimated	robust_Wald	HC3	4.2280348762614916e-20	1.0386851621466555e-07	0.0010088579327824326	4.0266998821538014e-20	6.693265903112775e-08
GSE48684	T-H	T	H	healthy_reference	ZNF568	cg06611358	1	False	unpaired_or_partially_paired_observations	beta_percentage_points	5000	63	17	80	0	60.577023333333344	18.085966470588236	42.49105686274511	3.085171973406581	36.40507029738562	48.530853993930926	3.2502222483857873e-22	3.2502222483857873e-22	1.2862103779354454e-07	1.2862103779354454e-07	Welch_t	estimated		5000	24.967925890718472	-21.366888632833497	71.30274041427045	0.2909024390181463	0.2909024390181463	78.0	sex;site	estimated	robust_Wald	HC3	1.3883922913739274e-21	4.6789700362691003e-07	0.7148772703531041	1.9401892276892063e-21	1.980763982020586e-07
GSE48684	T-H	T	H	healthy_reference	ZNF568	cg27390819	2	False	unpaired_or_partially_paired_observations	beta_percentage_points	5000	64	17	81	0	56.64844953125	21.00990294117647	35.63854659007353	3.0195996663560933	29.749574296874993	41.13882251240809	4.1877224631875835e-19	4.1877224631875835e-19	2.2386680440592535e-07	2.2386680440592535e-07	Welch_t	estimated		5000	17.966726396236794	-12.392035201064319	48.325487993537905	0.24607598861362934	0.24607598861362934	79.0	sex;site	estimated	robust_Wald	HC3	1.4122100569289515e-18	7.661219528558334e-07	0.645949470110777	9.771352414104361e-19	2.972024817113147e-07
GSE48684	T-H	T	H	healthy_reference	ZNF568	cg20154403	3	False	unpaired_or_partially_paired_observations	beta_percentage_points	5000	64	17	81	0	56.205199531249995	21.939942352941177	34.265257178308815	2.9825944875257933	28.472831452205888	40.065456725183815	3.751546597320567e-18	3.751546597320567e-18	1.976470563498701e-07	1.976470563498701e-07	Welch_t	estimated		5000	25.64403556625951	-18.015541796289863	69.30361292880889	0.24964543701256936	0.24964543701256936	79.0	sex;site	estimated	robust_Wald	HC3	1.1710908972716907e-17	6.814398509973133e-07	0.6479561342685789	7.187869700393082e-18	2.6699690068315783e-07
GSE48684	T-H	T	H	healthy_reference	ZNF568	cg21761844	4	False	unpaired_or_partially_paired_observations	beta_percentage_points	5000	64	17	81	0	35.335157890625	2.7948971764705877	32.540260714154414	2.530804371476564	27.634403450735295	37.53163564733456	1.0822486623185019e-19	1.0822486623185019e-19	1.2727952521646386e-07	1.2727952521646386e-07	Welch_t	estimated		5000	26.33539900683538	-9.894967180556847	62.56576519422761	0.154251674854188	0.154251674854188	79.0	sex;site	estimated	robust_Wald	HC3	3.875960325512774e-19	4.666915924603675e-07	0.5159634016774305	3.0383115215781157e-19	1.980763982020586e-07
GSE48684	T-H	T	H	healthy_reference	ZNF568	cg20680720	5	False	unpaired_or_partially_paired_observations	beta_percentage_points	5000	64	17	81	0	38.218534874999996	3.1584591176470584	35.06007575735294	3.7504787449280617	27.8796720201057	42.38788926376378	1.4433286878396266e-13	1.4433286878396266e-13	3.242867863869696e-07	3.242867863869696e-07	Welch_t	estimated		5000	28.091580976611297	-28.86150645193365	85.04466840515624	0.33367701723874643	0.33367701723874643	79.0	sex;site	estimated	robust_Wald	HC3	3.4372054318655024e-13	1.0856557631215937e-06	0.7825318881436591	1.6587508800544962e-13	4.0934561560322386e-07
GSE48684	T-H	T	H	healthy_reference	ZNF568	cg02459604	6	False	unpaired_or_partially_paired_observations	beta_percentage_points	5000	64	17	81	0	65.640203765625	20.936833529411764	44.70337023621324	3.5700439548359943	37.573710097954965	51.233022535799634	9.79661548907577e-19	9.79661548907577e-19	1.1946133552868873e-07	1.1946133552868873e-07	Welch_t	estimated		5000	33.27045554749887	-10.257338240540248	76.79824933553799	0.13410782763532653	0.13410782763532653	79.0	sex;site	estimated	robust_Wald	HC3	3.1873495464457782e-18	4.415290961140335e-07	0.46584824336481845	2.155255407596669e-18	1.9163589241060482e-07
GSE48684	T-H	T	H	healthy_reference	ZNF568	cg03060201	7	False	unpaired_or_partially_paired_observations	beta_percentage_points	5000	64	17	81	0	37.060706321874996	2.508119411764706	34.55258691011029	2.6792347091932927	29.264210655693933	39.7368520343658	1.4350871680059733e-19	1.4350871680059733e-19	1.538197428786628e-07	1.538197428786628e-07	Welch_t	estimated		5000	24.21151455671666	-19.560924650164317	67.98395376359765	0.27832051149003223	0.27832051149003223	79.0	sex;site	estimated	robust_Wald	HC3	5.022805088020906e-19	5.466517016149401e-07	0.6913122382171768	3.683390397881998e-19	2.2347396606900067e-07
GSE48684	T-H	T	H	healthy_reference	ZNF568	cg03443751	8	False	unpaired_or_partially_paired_observations	beta_percentage_points	5000	64	17	81	0	32.425464203124996	3.677145411764706	28.748318791360294	3.0691586148084253	22.869078058570775	34.824576976539525	1.4032907426281344e-13	1.4032907426281344e-13	1.9280116002528535e-06	1.9280116002528535e-06	Welch_t	estimated		5000	21.792858153307737	-21.748427659726616	65.3341439663421	0.32660162416522465	0.32660162416522465	79.0	sex;site	estimated	robust_Wald	HC3	3.359172658519161e-13	5.898949399449128e-06	0.7760624073600474	1.6371725330661569e-13	2.0061742326955365e-06
GSE48684	T-H	T	H	healthy_reference	ZNF793	cg17332326	1	False	unpaired_or_partially_paired_observations	beta_percentage_points	5000	64	17	81	0	54.55814496875	11.576866705882354	42.98127826286765	3.3943194193499955	36.22223417869945	49.44704256086857	2.229864301616163e-19	2.229864301616163e-19	1.0165827524729974e-06	1.0165827524729974e-06	Welch_t	estimated		5000	35.07029872694583	-15.064929336817507	85.20552679070916	0.17036796260969278	0.17036796260969278	79.0	sex;site	estimated	robust_Wald	HC3	7.688039607064681e-19	3.2168577509761973e-06	0.5253296125583001	5.538695200788534e-19	1.1344474194263884e-06
GSE48684	T-H	T	H	healthy_reference	ZNF793	cg11623861	2	False	unpaired_or_partially_paired_observations	beta_percentage_points	5000	64	17	81	0	29.884548015625	2.0328845588235294	27.85166345680147	2.886813474772803	22.2382240513557	33.55947333311121	4.6077908975543484e-14	4.6077908975543484e-14	6.292122655269412e-08	6.292122655269412e-08	Welch_t	estimated		5000	24.8850527800851	-13.300693951099793	63.070799511269996	0.20150418258618674	0.20150418258618674	79.0	sex;site	estimated	robust_Wald	HC3	1.1263488860688407e-13	2.5516845068383343e-07	0.570874785953208	5.543748423620075e-14	1.31032447648455e-07
GSE48684	T-H	T	H	healthy_reference	ZNF793	cg14732998	3	False	unpaired_or_partially_paired_observations	beta_percentage_points	5000	64	17	81	0	56.77641871875	14.740904117647059	42.03551460110294	3.219535010560433	35.727035886397054	48.237102339200355	3.592895412578788e-20	3.592895412578788e-20	4.967274445687235e-07	4.967274445687235e-07	Welch_t	estimated		5000	33.70848910997829	-15.435934437753607	82.85291265771019	0.1788344526159339	0.1788344526159339	79.0	sex;site	estimated	robust_Wald	HC3	1.307021795757008e-19	1.5936672179913213e-06	0.5400099157422318	1.1066117870742666e-19	5.708658691312196e-07
GSE48684	T-H	T	H	healthy_reference	ZNF793	cg07482795	4	False	unpaired_or_partially_paired_observations	beta_percentage_points	5000	64	17	81	0	47.52576946875	8.952217411764705	38.57355205698529	3.563811572618153	31.58589966948529	45.50373331831341	4.230321905159035e-16	4.230321905159035e-16	1.1946133552868873e-07	1.1946133552868873e-07	Welch_t	estimated		5000	33.881393764463205	-13.565831235567261	81.32861876449367	0.16163834118963494	0.16163834118963494	79.0	sex;site	estimated	robust_Wald	HC3	1.1168049829619852e-15	4.415290961140335e-07	0.5159634016774305	5.714645380653433e-16	1.9163589241060482e-07
GSE48684	T-H	T	H	healthy_reference	ZNF793	cg13181745	5	False	unpaired_or_partially_paired_observations	beta_percentage_points	5000	64	17	81	0	48.465676046875	10.559721176470587	37.90595487040441	3.392615650298706	31.099634603768383	44.386411125758265	1.0730829425656813e-16	1.0730829425656813e-16	1.285319553748641e-06	1.285319553748641e-06	Welch_t	estimated		5000	30.841377463667158	-16.525566776751194	78.20832170408552	0.2018975513544763	0.2018975513544763	79.0	sex;site	estimated	robust_Wald	HC3	2.933516683226892e-16	3.985353247193773e-06	0.570874785953208	1.5590072939161784e-16	1.3745778560922966e-06
GSE48684	T-H	T	H	healthy_reference	ZNF793	cg24078985	6	False	unpaired_or_partially_paired_observations	beta_percentage_points	5000	64	17	81	0	51.19550034375	10.322839176470588	40.87266116727941	3.507557713637449	33.94970035507813	47.50668812005973	1.392492235108364e-17	1.392492235108364e-17	1.9280116002528535e-06	1.9280116002528535e-06	Welch_t	estimated		5000	34.53257213135892	-15.798139148194556	84.86328341091239	0.17870358351223026	0.17870358351223026	79.0	sex;site	estimated	robust_Wald	HC3	4.177476705325092e-17	5.898949399449128e-06	0.5400099157422318	2.3827089356298675e-17	2.0061742326955365e-06
GSE48684	T-H	T	H	healthy_reference	ZNF793	cg15139588	7	False	unpaired_or_partially_paired_observations	beta_percentage_points	5000	64	17	81	0	44.27782328125001	6.975319647058824	37.30250363419118	3.228170632909156	30.96872480454963	43.743212482559734	2.417991744530232e-17	2.417991744530232e-17	1.0781879172535432e-06	1.0781879172535432e-06	Welch_t	estimated		5000	32.72859993694168	-15.970662465358071	81.42786233924141	0.18777015779207595	0.18777015779207595	79.0	sex;site	estimated	robust_Wald	HC3	7.070330290968147e-17	3.3885905970825647e-06	0.5455963075467867	4.0475079201919097e-17	1.1860067089788975e-06
GSE48684	T-H	T	H	healthy_reference	ZNF793	cg25361907	8	False	unpaired_or_partially_paired_observations	beta_percentage_points	5000	64	17	81	0	48.07337271875	10.038669294117646	38.034703424632355	3.3485673236981617	31.769016357766546	44.54032922587315	4.6424054061863625e-17	4.6424054061863625e-17	3.0496321974838085e-07	3.0496321974838085e-07	Welch_t	estimated		5000	30.78462315661633	-21.050026100565844	82.61927241379851	0.24441446640771725	0.24441446640771725	79.0	sex;site	estimated	robust_Wald	HC3	1.3239452454679627e-16	1.035977996498176e-06	0.6452541913163735	7.416077135909228e-17	3.963477586075234e-07
GSE48684	T-H	T	H	healthy_reference	SFMBT2	cg20299663	1	False	unpaired_or_partially_paired_observations	beta_percentage_points	5000	64	17	81	0	61.74467390625	22.271055294117645	39.473618612132356	3.459554051087167	32.64835482513788	45.995873317555144	4.428372054218212e-18	4.428372054218212e-18	1.6380102360550198e-07	1.6380102360550198e-07	Welch_t	estimated		5000	26.299190649809102	-24.648411388078838	77.24679268769704	0.31166482909212134	0.31166482909212134	79.0	sex;site	estimated	robust_Wald	HC3	1.3639385926992095e-17	5.776799458453581e-07	0.7502434333696203	8.118682099400056e-18	2.3254081591509756e-07
GSE48684	T-H	T	H	healthy_reference	SFMBT2	cg20506550	2	False	unpaired_or_partially_paired_observations	beta_percentage_points	5000	64	17	81	0	37.45837925	5.194101294117647	32.264277955882356	2.703850935980736	27.10176989512868	37.43880266886489	5.450299485065183e-19	5.450299485065183e-19	3.49428912143162e-08	3.49428912143162e-08	Welch_t	estimated		5000	27.109819887043983	-12.764522049551319	66.98416182363928	0.18268185938021697	0.18268185938021697	79.0	sex;site	estimated	robust_Wald	HC3	1.8246654797826917e-18	1.5229826170768004e-07	0.5443173057979078	1.2343325304412327e-18	9.277940081042578e-08
GSE48684	T-H	T	H	healthy_reference	SFMBT2	cg01056653	3	False	unpaired_or_partially_paired_observations	beta_percentage_points	5000	64	17	81	0	27.33102003125	2.7396686470588234	24.591351384191174	2.4800694790402233	19.825995749655327	29.583977919301468	1.3418994316512368e-14	1.3418994316512368e-14	9.86946757536899e-08	9.86946757536899e-08	Welch_t	estimated		5000	18.87747972301266	-11.839161770940215	49.59412121696553	0.2283839866904409	0.2283839866904409	79.0	sex;site	estimated	robust_Wald	HC3	3.362590378932577e-14	3.707068308797133e-07	0.6170374377250508	1.645712222493457e-14	1.6520630506595917e-07
GSE48684	T-H	T	H	healthy_reference	SFMBT2	cg22862480	4	False	unpaired_or_partially_paired_observations	beta_percentage_points	5000	64	17	81	0	48.70720568750001	9.889647588235293	38.81755809926471	3.5906749906135254	31.680591426378673	45.52408631252297	3.4124920930276536e-16	3.4124920930276536e-16	3.9858442484261144e-08	3.9858442484261144e-08	Welch_t	estimated		5000	27.866760697944613	-18.82919158976442	74.56271298565365	0.2421424787740344	0.2421424787740344	79.0	sex;site	estimated	robust_Wald	HC3	9.113129173287723e-16	1.70505559516006e-07	0.6447335280868387	4.777488930238715e-16	9.9003228106068e-08
GSE48684	T-H	T	H	healthy_reference	SFMBT2	cg12767281	5	False	unpaired_or_partially_paired_observations	beta_percentage_points	5000	64	17	81	0	32.707814296875	3.6597578823529417	29.048056414522055	2.6102503681340723	23.85677265889246	34.16815781266085	8.346720501892821e-17	8.346720501892821e-17	1.4664580722391739e-08	1.4664580722391739e-08	Welch_t	estimated		5000	26.464754720329868	-12.3661631172729	65.29567255793263	0.18161780141512907	0.18161780141512907	79.0	sex;site	estimated	robust_Wald	HC3	2.323002934864147e-16	6.843471003782812e-08	0.5443173057979078	1.2601911345995043e-16	5.132603252837109e-08
GSE48684	T-H	T	H	healthy_reference	SFMBT2	cg26878816	6	False	unpaired_or_partially_paired_observations	beta_percentage_points	5000	64	17	81	0	58.54002653125	17.965571470588237	40.57445506066176	3.7535616536824428	33.2046036170726	47.414539141061574	3.065575917865165e-16	3.065575917865165e-16	4.140862019693147e-07	4.140862019693147e-07	Welch_t	estimated		5000	28.326826775904163	-15.672049703365271	72.32570325517361	0.2070062185005206	0.2070062185005206	79.0	sex;site	estimated	robust_Wald	HC3	8.234279500312246e-16	1.3378169602085552e-06	0.5761257406460272	4.3712841791781057e-16	4.831005689642005e-07
GSE48684	T-H	T	H	healthy_reference	SFMBT2	cg12328063	7	False	unpaired_or_partially_paired_observations	beta_percentage_points	5000	64	17	81	0	35.036533515625	10.546488117647058	24.490045397977944	2.9070267062250665	18.841842086397058	30.06796097913603	1.3627215467370378e-12	1.3627215467370378e-12	6.987082631651249e-06	6.987082631651249e-06	Welch_t	estimated		5000	21.81080871398231	-21.464501483254477	65.08611891121909	0.32323874351972226	0.32323874351972226	79.0	sex;site	estimated	robust_Wald	HC3	3.163705299459857e-12	2.0961247894953745e-05	0.7737632098762264	1.543081751452234e-12	6.987082631651249e-06
GSE48684	T-H	T	H	healthy_reference	SFMBT2	cg16818993	8	False	unpaired_or_partially_paired_observations	beta_percentage_points	5000	64	17	81	0	58.28589509374999	19.565078235294116	38.720816858455876	3.6589360184368735	31.637651020542272	45.391692363970584	3.8465326386004275e-16	3.8465326386004275e-16	3.665414739093345e-07	3.665414739093345e-07	Welch_t	estimated		5000	30.279190136599055	-14.949573456478365	75.50795372967647	0.1894754952942016	0.1894754952942016	79.0	sex;site	estimated	robust_Wald	HC3	1.0213207350766651e-15	1.2182889276698743e-06	0.5471104926620071	5.288982378075588e-16	4.55220862758367e-07
GSE48684	T-H	T	H	healthy_reference	ADHFE1	cg20295442	1	False	unpaired_or_partially_paired_observations	beta_percentage_points	5000	64	17	81	0	59.051739250000004	8.83189788235294	50.21984136764706	2.895272136285298	44.46185653768383	55.70167431240808	6.734723170168266e-28	6.734723170168266e-28	2.2509346566165594e-09	2.2509346566165594e-09	Welch_t	estimated		5000	37.56604951857667	-3.749612020682042	78.88171105783539	0.07473504237807262	0.07473504237807262	79.0	sex;site	estimated	robust_Wald	HC3	3.938534309642708e-27	1.333245911995962e-08	0.2976516342988754	1.2964342102573913e-26	3.821245014416052e-08
GSE48684	T-H	T	H	healthy_reference	ADHFE1	cg19283840	2	False	unpaired_or_partially_paired_observations	beta_percentage_points	5000	64	17	81	0	63.961535156249994	19.71149705882353	44.25003809742646	2.4937942344421193	39.259077080652574	49.036707642922806	2.2119814596145717e-28	2.2119814596145717e-28	3.9613977105615985e-09	3.9613977105615985e-09	Welch_t	estimated		5000	32.49589622553798	-3.1321597690305456	68.12395222010652	0.07383117039103912	0.07383117039103912	79.0	sex;site	estimated	robust_Wald	HC3	1.3809938301918e-27	2.2050189666017572e-08	0.29660870191878325	5.6774190796774004e-27	3.821245014416052e-08
GSE48684	T-H	T	H	healthy_reference	ADHFE1	cg25046651	3	False	unpaired_or_partially_paired_observations	beta_percentage_points	5000	64	17	81	0	70.0616334375	33.740746470588235	36.32088696691177	2.4186743643041613	31.660657509420954	40.799085465533075	7.47394273232814e-25	7.47394273232814e-25	1.0439434457257068e-08	1.0439434457257068e-08	Welch_t	estimated		5000	31.53457525777259	2.3422188630747964	60.726931652470384	0.03424120701317909	0.03424120701317909	79.0	sex;site	estimated	robust_Wald	HC3	3.634696360353264e-24	5.0768618097397526e-08	0.16308698598029628	8.221337005560955e-24	4.46575807338219e-08
GSE48684	T-H	T	H	healthy_reference	ADHFE1	cg01588438	4	False	unpaired_or_partially_paired_observations	beta_percentage_points	5000	64	17	81	0	74.1359759375	26.488403529411762	47.647572408088244	2.6103723128732326	42.585716107766544	52.69738396047793	5.376736238266266e-30	5.376736238266266e-30	3.6928543926030688e-09	3.6928543926030688e-09	Welch_t	estimated		5000	38.13453235408756	9.93646466845346	66.33260003972165	0.008034462053182641	0.008034462053182641	79.0	sex;site	estimated	robust_Wald	HC3	3.548645917255735e-29	2.1062947276328615e-08	0.0426657640065561	3.593727098468654e-28	3.821245014416052e-08
GSE48684	T-H	T	H	healthy_reference	ADHFE1	cg08090772	5	False	unpaired_or_partially_paired_observations	beta_percentage_points	5000	64	17	81	0	67.82151328125	28.798963529411765	39.02254975183825	2.3926649167942884	34.32990153400734	43.711285281479775	7.242017175392162e-27	7.242017175392162e-27	3.9613977105615985e-09	3.9613977105615985e-09	Welch_t	estimated		5000	29.37438744221506	-3.2611868217525766	62.00996170618269	0.07771346871060915	0.07771346871060915	79.0	sex;site	estimated	robust_Wald	HC3	3.845760844863424e-26	2.2050189666017572e-08	0.3068685687547131	9.293922041753275e-26	3.821245014416052e-08
GSE48684	T-H	T	H	healthy_reference	ADHFE1	cg09383816	6	False	unpaired_or_partially_paired_observations	beta_percentage_points	5000	64	17	81	0	69.09667265624999	19.94699705882353	49.14967559742646	2.6987478797096744	43.768813840073534	54.319729942095584	9.334356099918582e-30	9.334356099918582e-30	3.207884636710506e-09	3.207884636710506e-09	Welch_t	estimated		5000	37.700774732782946	4.2297667428765395	71.17178272268936	0.027268910333970577	0.027268910333970577	79.0	sex;site	estimated	robust_Wald	HC3	5.989545164114424e-29	1.852553377700317e-08	0.13693735406841748	3.593727098468654e-28	3.821245014416052e-08
GSE48684	T-H	T	H	healthy_reference	ADHFE1	cg20912169	7	False	unpaired_or_partially_paired_observations	beta_percentage_points	5000	64	17	81	0	58.700509437499996	10.395689999999998	48.304819437499994	2.8507358054110097	42.82456840468751	53.630289224816174	2.1067246889872166e-27	2.1067246889872166e-27	5.238704292155188e-09	5.238704292155188e-09	Welch_t	estimated		5000	39.79241119605761	3.661745058663113	75.9230773334521	0.030881133509921922	0.030881133509921922	79.0	sex;site	estimated	robust_Wald	HC3	1.1869595198927978e-26	2.8473898623243492e-08	0.1517774859742971	3.2443560210403135e-26	3.821245014416052e-08
GSE48684	T-H	T	H	healthy_reference	ADHFE1	cg18065361	8	False	unpaired_or_partially_paired_observations	beta_percentage_points	5000	64	17	81	0	51.205041218750004	4.905555058823529	46.299486159926474	3.060977296012606	40.43690936939338	52.21847735914522	8.675074048059855e-24	8.675074048059855e-24	2.7851422163863487e-09	2.7851422163863487e-09	Welch_t	estimated		5000	31.95406251860052	-11.15941846937401	75.06754350657505	0.1463208687968186	0.1463208687968186	79.0	sex;site	estimated	robust_Wald	HC3	3.9682021883204485e-23	1.6287793721145485e-08	0.49706059841272204	7.422007796673431e-23	3.821245014416052e-08
GSE48684	T-H	T	H	healthy_reference	HOXA2	cg04481096	1	False	unpaired_or_partially_paired_observations	beta_percentage_points	5000	64	17	81	0	79.65755265625	50.84293823529411	28.8146144209559	3.8804378040172796	21.685711883501842	36.04136752918199	1.944688176395192e-07	1.944688176395192e-07	7.160394484670413e-08	7.160394484670413e-08	Welch_t	estimated		5000	24.574503978146524	-9.535258234121333	58.68426619041438	0.15793132931962284	0.15793132931962284	79.0	sex;site	estimated	robust_Wald	HC3	3.9754245021884017e-07	2.827437822151907e-07	0.5159634016774305	1.944688176395192e-07	1.3783759382990544e-07
GSE48684	T-H	T	H	healthy_reference	HOXA2	cg19598584	2	False	unpaired_or_partially_paired_observations	beta_percentage_points	5000	64	17	81	0	73.27735890625	44.668639999999996	28.60871890625	3.91454905641316	21.07605448851103	35.866058688419116	1.333749935977506e-07	1.333749935977506e-07	1.7440723434120788e-07	1.7440723434120788e-07	Welch_t	estimated		5000	23.528541337821736	-16.81368171800468	63.87076439364815	0.2529981192475308	0.2529981192475308	79.0	sex;site	estimated	robust_Wald	HC3	2.738633201873813e-07	6.058356561326168e-07	0.6529895591751912	1.351299277240368e-07	2.398099472191608e-07
GSE48684	T-H	T	H	healthy_reference	HOXA2	cg09871315	3	False	unpaired_or_partially_paired_observations	beta_percentage_points	5000	64	17	81	0	80.58764140625001	57.69580647058823	22.89183493566178	2.972668040644703	17.029654582261035	28.495911076516535	8.262990449140204e-08	8.262990449140204e-08	4.851060586978164e-08	4.851060586978164e-08	Welch_t	estimated		5000	22.023779110096303	1.5139737650119196	42.53358445518069	0.03532241427296661	0.03532241427296661	79.0	sex;site	estimated	robust_Wald	HC3	1.704241780135167e-07	2.0374454465308288e-07	0.16651995300112832	8.483336861117276e-08	1.1319141369615716e-07
GSE48684	T-H	T	H	healthy_reference	HOXA2	cg13661519	4	False	unpaired_or_partially_paired_observations	beta_percentage_points	5000	63	17	80	0	75.87907063492065	41.915253529411764	33.96381710550889	3.0964505886461113	27.58493922222224	39.64245544117647	1.7915626633562246e-11	1.7915626633562246e-11	7.185371007872914e-09	7.185371007872914e-09	Welch_t	estimated		5000	40.4764014738925	32.03830003267437	48.91450291511064	5.3701158954719245e-21	5.3701158954719245e-21	78.0	sex;site	estimated	robust_Wald	HC3	4.057362502306744e-11	3.647957588612403e-08	3.140498156592442e-20	1.9992800736004246e-11	3.9519540543301026e-08
GSE48684	T-H	T	H	healthy_reference	HOXA2	cg02803819	5	False	unpaired_or_partially_paired_observations	beta_percentage_points	5000	64	17	81	0	77.68295578125	40.636921176470594	37.046034604779415	3.416302302509762	30.18634815073529	43.2034349820772	2.942675310261401e-11	2.942675310261401e-11	5.238704292155188e-09	5.238704292155188e-09	Welch_t	estimated		5000	43.44160565584813	33.591471909898715	53.29173940179754	5.43062392362064e-18	5.43062392362064e-18	79.0	sex;site	estimated	robust_Wald	HC3	6.599592200683337e-11	2.8473898623243492e-08	3.059692991113092e-17	3.236942841287541e-11	3.821245014416052e-08
GSE48684	T-H	T	H	healthy_reference	HOXA2	cg03763508	6	False	unpaired_or_partially_paired_observations	beta_percentage_points	5000	64	17	81	0	84.1928671875	56.267664705882346	27.92520248161765	2.984335555179887	22.028818033777576	33.52962905147057	6.031751181515438e-09	6.031751181515438e-09	5.615977594901139e-09	5.615977594901139e-09	Welch_t	estimated		5000	32.60272728966485	25.83328939160539	39.3721651877243	3.745295826558659e-21	3.745295826558659e-21	79.0	sex;site	estimated	robust_Wald	HC3	1.2841792838065127e-08	2.982277757292329e-08	2.2471774959351953e-20	6.450622791342899e-09	3.821245014416052e-08
GSE48684	T-H	T	H	healthy_reference	HOXA2	cg00188704	7	False	unpaired_or_partially_paired_observations	beta_percentage_points	5000	64	17	81	0	86.031505625	60.498390588235296	25.5331150367647	2.934190008602287	19.78507900919117	30.841196832490823	3.1761224360313755e-08	3.1761224360313755e-08	6.451452621741386e-09	6.451452621741386e-09	Welch_t	estimated		5000	27.98700007278212	22.1625000288558	33.811500116708444	4.609878745146674e-21	4.609878745146674e-21	79.0	sex;site	estimated	robust_Wald	HC3	6.609768312822051e-08	3.311745679160578e-08	2.7304666413561064e-20	3.304884156411026e-08	3.821245014416052e-08
GSE48684	T-H	T	H	healthy_reference	HOXA2	cg06786372	8	False	unpaired_or_partially_paired_observations	beta_percentage_points	5000	64	17	81	0	85.31734046874999	55.209642941176476	30.107697527573517	3.2113079891944305	23.778863182674637	35.927489032628664	6.190994745968875e-09	6.190994745968875e-09	6.019631516672427e-09	6.019631516672427e-09	Welch_t	estimated		5000	34.03449212503021	26.821025192376958	41.24795905768347	2.298512592808449e-20	2.298512592808449e-20	79.0	sex;site	estimated	robust_Wald	HC3	1.3120365012099176e-08	3.160306546253024e-08	1.3110034788611154e-19	6.530227334789087e-09	3.821245014416052e-08
GSE48684	T-H	T	H	healthy_reference	BEND5	cg11666087	1	False	unpaired_or_partially_paired_observations	beta_percentage_points	5000	64	17	81	0	41.754873328125	2.5276682941176474	39.22720503400735	3.2227959223059677	32.91160290974264	45.24535042596508	2.6735885981854054e-18	2.6735885981854054e-18	1.0439434457257068e-08	1.0439434457257068e-08	Welch_t	estimated		5000	20.011562690514634	-30.99847711456722	71.02160249559648	0.4419489234657724	0.4419489234657724	79.0	sex;site	estimated	robust_Wald	HC3	8.402707022868417e-18	5.0768618097397526e-08	0.9074684561830526	5.278623642571185e-18	4.46575807338219e-08
GSE48684	T-H	T	H	healthy_reference	BEND5	cg16573178	2	False	unpaired_or_partially_paired_observations	beta_percentage_points	5000	63	17	80	0	42.54049154761905	2.9690869999999996	39.571404547619046	3.351306289052215	32.817318077917825	46.14001417955181	1.2729344040061245e-17	1.2729344040061245e-17	6.296364367523162e-08	6.296364367523162e-08	Welch_t	estimated		5000	20.338520946412768	-30.818464296060462	71.495506188886	0.4358475688831398	0.4358475688831398	78.0	sex;site	estimated	robust_Wald	HC3	3.8437627101361404e-17	2.5516845068383343e-07	0.9068777209266371	2.227635207010718e-17	1.31032447648455e-07
GSE48684	T-H	T	H	healthy_reference	BEND5	cg06744574	3	False	unpaired_or_partially_paired_observations	beta_percentage_points	5000	64	17	81	0	39.720342375	4.980903235294117	34.73943913970589	2.660218182325959	29.632764597311585	39.85036763115807	1.104840553301133e-19	1.104840553301133e-19	6.451452621741386e-09	6.451452621741386e-09	Welch_t	estimated		5000	17.17525854696339	-22.1777767151188	56.52829380904558	0.39232549926934057	0.39232549926934057	79.0	sex;site	estimated	robust_Wald	HC3	3.926433350962488e-19	3.311745679160578e-08	0.8672458404901213	3.0383115215781157e-19	3.821245014416052e-08
GSE48684	T-H	T	H	healthy_reference	BEND5	cg03603214	4	False	unpaired_or_partially_paired_observations	beta_percentage_points	5000	64	17	81	0	32.2095693546875	1.4839794529411767	30.725589901746325	3.189354318249582	24.579559610186116	36.87839771940028	5.05391956214518e-14	5.05391956214518e-14	5.5262489557758466e-08	5.5262489557758466e-08	Welch_t	estimated		5000	19.663380063824317	-26.7324012001919	66.05916132784054	0.40616089298704794	0.40616089298704794	79.0	sex;site	estimated	robust_Wald	HC3	1.2289004409005647e-13	2.3001144302418388e-07	0.8729267391890438	5.986950865925828e-14	1.251532851749236e-07
GSE48684	T-H	T	H	healthy_reference	UNC5C	cg15701178	1	False	unpaired_or_partially_paired_observations	beta_percentage_points	5000	64	17	81	0	49.54527203125	13.838338	35.70693403125	3.1147278373832803	29.677647636948524	41.68740588350183	1.844223534248733e-18	1.844223534248733e-18	9.25839680572842e-08	9.25839680572842e-08	Welch_t	estimated		5000	14.814377042002372	-34.74083642845691	64.36959051246166	0.557925821361639	0.557925821361639	79.0	sex;site	estimated	robust_Wald	HC3	5.916883839048019e-18	3.535024234914487e-07	1.0	3.837978706409525e-18	1.6202194410024733e-07
GSE48684	T-H	T	H	healthy_reference	UNC5C	cg03008707	2	False	unpaired_or_partially_paired_observations	beta_percentage_points	5000	64	17	81	0	67.04105828125	37.884906470588234	29.15615181066176	2.857717384302976	23.539304136029404	34.49409316727938	4.965376742981986e-15	4.965376742981986e-15	3.89614593907959e-07	3.89614593907959e-07	Welch_t	estimated		5000	14.559666186757703	-29.39893496260977	58.51826733612518	0.516231201944843	0.516231201944843	79.0	sex;site	estimated	robust_Wald	HC3	1.267405555390982e-14	1.2766095204643763e-06	1.0	6.372233486826881e-15	4.6875505829551316e-07
GSE48684	T-H	T	H	healthy_reference	UNC5C	cg24870497	3	False	unpaired_or_partially_paired_observations	beta_percentage_points	5000	64	17	81	0	40.5015949375	8.26688488235294	32.23471005514706	2.6966273800111815	26.821955147058823	37.403385142486215	2.410581968832966e-19	2.410581968832966e-19	7.636981483137609e-08	7.636981483137609e-08	Welch_t	estimated		5000	24.527217446323863	-10.497174098163311	59.55160899081105	0.16989464539322663	0.16989464539322663	79.0	sex;site	estimated	robust_Wald	HC3	8.18888874706493e-19	2.9900724111945555e-07	0.5253296125583001	5.800462862504325e-19	1.4342623761014535e-07
GSE48684	T-H	T	H	healthy_reference	UNC5C	cg13265789	4	False	unpaired_or_partially_paired_observations	beta_percentage_points	5000	64	17	81	0	64.390507140625	24.446769999999997	39.943737140625004	3.1084130552342506	33.897817024954044	45.66792836098345	1.0543197370834847e-20	1.0543197370834847e-20	7.160394484670413e-08	7.160394484670413e-08	Welch_t	estimated		5000	9.232910015844453	-44.3611124619508	62.82693249363971	0.7356248569966889	0.7356248569966889	79.0	sex;site	estimated	robust_Wald	HC3	4.0932413322064703e-20	2.827437822151907e-07	1.0	4.0266998821538014e-20	1.3783759382990544e-07
GSE48684	T-H	T	H	healthy_reference	UNC5C	cg12584684	5	False	unpaired_or_partially_paired_observations	beta_percentage_points	5000	64	17	81	0	58.717359375	17.631349411764706	41.08600996323529	3.0879300990757996	34.914387503906255	46.87072180514705	2.2967980410206992e-21	2.2967980410206992e-21	5.8971501611864384e-08	5.8971501611864384e-08	Welch_t	estimated		5000	20.269782641679267	-34.11283563132999	74.65240091468853	0.465067295389198	0.465067295389198	79.0	sex;site	estimated	robust_Wald	HC3	9.227136477839679e-21	2.432574441489406e-07	0.9463781652205734	1.0403144068152578e-20	1.2973730354610163e-07
GSE48684	T-H	T	H	healthy_reference	RALYL	cg08327106	1	False	unpaired_or_partially_paired_observations	beta_percentage_points	5000	64	17	81	0	52.814726249999985	21.54723705882353	31.267489191176455	3.1201091681512754	25.128771399126837	37.442647293887866	1.145978154664026e-15	1.145978154664026e-15	1.1433778100522326e-06	1.1433778100522326e-06	Welch_t	estimated		5000	19.183064268936413	-26.948365745099252	65.31449428297206	0.4150599067300115	0.4150599067300115	79.0	sex;site	estimated	robust_Wald	HC3	2.991197217258644e-15	3.5691928935414286e-06	0.8836759304574439	1.5213847915367243e-15	1.240001286958055e-06
GSE48684	T-H	T	H	healthy_reference	RALYL	cg09757712	2	False	unpaired_or_partially_paired_observations	beta_percentage_points	5000	64	17	81	0	58.193585000000006	25.35056117647058	32.84302382352942	3.377695954619021	26.2230336449908	39.179197728630534	1.340959541182238e-14	1.340959541182238e-14	7.560273045708879e-07	7.560273045708879e-07	Welch_t	estimated		5000	29.43958294661675	-11.816685589020409	70.6958514822539	0.16193656546153123	0.16193656546153123	79.0	sex;site	estimated	robust_Wald	HC3	3.362590378932577e-14	2.4088594118051736e-06	0.5159634016774305	1.645712222493457e-14	8.560897419405642e-07
GSE48684	T-H	T	H	healthy_reference	RALYL	cg11089595	3	False	unpaired_or_partially_paired_observations	beta_percentage_points	5000	64	16	80	0	64.2651703125	35.83774125	28.427429062499996	3.8336562914442913	20.684626546875002	35.53279422265624	4.120363640329831e-09	4.120363640329831e-09	5.002673913086083e-06	5.002673913086083e-06	Welch_t	estimated		5000	29.230774457749703	-7.176081773743253	65.63763068924267	0.11557082773190167	0.11557082773190167	78.0	sex;site	estimated	robust_Wald	HC3	8.853990706197124e-09	1.5106113384612879e-05	0.42714977929710857	4.468563384583056e-09	5.068498569837216e-06
GSE48684	T-H	T	H	healthy_reference	RALYL	cg01134282	4	False	unpaired_or_partially_paired_observations	beta_percentage_points	5000	64	17	81	0	57.75742764062499	21.587476470588236	36.169951170036754	3.4019849851756163	29.495575304021138	42.745240969852944	6.91859725013276e-17	6.91859725013276e-17	3.5996385982495866e-06	3.5996385982495866e-06	Welch_t	estimated		5000	16.872072229401006	-36.03679821052312	69.78094266932513	0.5319634925939838	0.5319634925939838	79.0	sex;site	estimated	robust_Wald	HC3	1.9490194692447163e-16	1.0941006792048085e-05	1.0	1.0654639765204449e-16	3.6956289608695753e-06
GSE48684	T-H	T	H	healthy_reference	RALYL	cg06955749	5	False	unpaired_or_partially_paired_observations	beta_percentage_points	5000	64	17	81	0	54.928505625	20.261038235294116	34.667467389705884	2.980231808328475	28.812804818014705	40.21546798345588	1.9581802753152823e-18	1.9581802753152823e-18	3.89614593907959e-07	3.89614593907959e-07	Welch_t	estimated		5000	26.767765499096257	-10.526262725570213	64.06179372376273	0.15949769896848498	0.15949769896848498	79.0	sex;site	estimated	robust_Wald	HC3	6.2391674979011065e-18	1.2766095204643763e-06	0.5159634016774305	3.967891610507282e-18	4.6875505829551316e-07
GSE48684	T-H	T	H	healthy_reference	GFRA1	cg19236679	1	False	unpaired_or_partially_paired_observations	beta_percentage_points	5000	64	17	81	0	41.363308921874996	7.32345088235294	34.03985803952206	2.930540233472682	28.335187368014708	39.926781634375004	3.827307243066447e-18	3.827307243066447e-18	1.3704552898719469e-08	1.3704552898719469e-08	Welch_t	estimated		5000	23.969263451783473	-6.446578017566934	54.38510492113389	0.12245431139976874	0.12245431139976874	79.0	sex;site	estimated	robust_Wald	HC3	1.1867221116085224e-17	6.460717795110607e-08	0.4454637154857729	7.187869700393082e-18	5.025002729530472e-08
GSE48684	T-H	T	H	healthy_reference	GFRA1	cg06298519	2	False	unpaired_or_partially_paired_observations	beta_percentage_points	5000	64	17	81	0	65.454587765625	17.376290647058823	48.078297118566184	3.310236145950089	41.69766616171876	54.07928778398436	1.2153914180764824e-23	1.2153914180764824e-23	1.2805696940729263e-08	1.2805696940729263e-08	Welch_t	estimated		5000	31.627002211534677	-19.33869967809441	82.59270410116378	0.22388409539390708	0.22388409539390708	79.0	sex;site	estimated	robust_Wald	HC3	5.505008187758185e-23	6.09920823362569e-08	0.61203817794074	9.358513919188916e-23	4.9301933221807656e-08
GSE48684	T-H	T	H	healthy_reference	GFRA1	cg19485539	3	False	unpaired_or_partially_paired_observations	beta_percentage_points	5000	64	17	81	0	63.60403515624999	19.910659411764705	43.69337574448529	3.3448732613923426	37.05880827412684	49.9482812467831	3.205689004948203e-21	3.205689004948203e-21	3.06175312488244e-08	3.06175312488244e-08	Welch_t	estimated		5000	29.764858901294378	-20.183688253677317	79.71340605626607	0.2428217183703678	0.2428217183703678	79.0	sex;site	estimated	robust_Wald	HC3	1.2767485519707498e-20	1.3471713749482735e-07	0.6447335280868387	1.371322518783398e-20	8.41982109342671e-08
GSE48684	T-H	T	H	healthy_reference	GFRA1	cg18672939	4	False	unpaired_or_partially_paired_observations	beta_percentage_points	5000	64	17	81	0	50.043653921875	7.137484647058823	42.90616927481617	3.4512748529670354	35.93752329967831	49.70022085880055	6.464041622244992e-20	6.464041622244992e-20	1.3559168420040686e-07	1.3559168420040686e-07	Welch_t	estimated		5000	30.934285742508127	-17.28266256731731	79.15123405233356	0.20859310319839486	0.20859310319839486	79.0	sex;site	estimated	robust_Wald	HC3	2.333115023029052e-19	4.894012351608436e-07	0.5770659501656192	1.9143507881264016e-19	2.0471685653786918e-07
GSE48684	T-H	T	H	healthy_reference	GFRA1	cg27034576	5	False	unpaired_or_partially_paired_observations	beta_percentage_points	5000	64	17	81	0	58.55748425	15.940270941176472	42.61721330882353	3.0746161462588697	36.464899613694854	48.529172442555144	7.745453858712411e-23	7.745453858712411e-23	2.0532443703511096e-08	2.0532443703511096e-08	Welch_t	estimated		5000	30.344157659911765	-13.754183553173549	74.44249887299708	0.17744774908116046	0.17744774908116046	79.0	sex;site	estimated	robust_Wald	HC3	3.3758487572878616e-22	9.299989206884438e-08	0.5400099157422318	5.421817701098688e-22	6.323992660681418e-08
GSE48684	T-H	T	H	healthy_reference	GFRA1	cg18044663	6	False	unpaired_or_partially_paired_observations	beta_percentage_points	5000	64	17	81	0	42.886804546875	6.097639647058823	36.78916489981618	2.978628058344146	31.006889227734373	42.33230490592831	1.3101600985827543e-19	1.3101600985827543e-19	4.544171152330671e-08	4.544171152330671e-08	Welch_t	estimated		5000	26.22943648325299	-20.270783201338265	72.72965616784424	0.2689173093919843	0.2689173093919843	79.0	sex;site	estimated	robust_Wald	HC3	4.620564622482691e-19	1.9260615342906147e-07	0.6796743788115295	3.478700951409382e-19	1.0934411835295677e-07
GSE48684	T-N	T	N	tissue_replication	EYA4	cg14017655	1	False	unpaired_or_partially_paired_observations	beta_percentage_points	5000	64	24	88	0	35.972456453125	4.742000958333334	31.23045549479167	3.1498337444613127	25.2635497171875	37.488390258723946	9.92875430438684e-15	9.92875430438684e-15	1.4818752811734655e-08	1.4818752811734655e-08	Welch_t	estimated		5000											2.248570827758196e-14	3.389239504466045e-08	1.0	1.1761755099042872e-14	1.9339728245823195e-08
GSE48684	T-N	T	N	tissue_replication	EYA4	cg20330472	2	False	unpaired_or_partially_paired_observations	beta_percentage_points	5000	64	24	88	0	49.81277175	16.21740458333333	33.59536716666667	3.3602923578784	27.09126516041667	40.10550881901041	2.148309889356037e-15	2.148309889356037e-15	2.1675773551831737e-08	2.1675773551831737e-08	Welch_t	estimated		5000											4.937906312848204e-15	4.7914867851417524e-08	1.0	2.6680622819421753e-15	2.607866505454756e-08
GSE48684	T-N	T	N	tissue_replication	EYA4	cg17838029	3	False	unpaired_or_partially_paired_observations	beta_percentage_points	5000	64	24	88	0	25.152962749999997	4.134563166666667	21.01839958333333	1.952017244485817	17.298658455078126	24.889775907291657	4.1129437927798275e-16	4.1129437927798275e-16	1.0344713244975997e-09	1.0344713244975997e-09	Welch_t	estimated		5000											9.548643378212464e-16	2.6699762676977157e-09	1.0	5.191748722033553e-16	2.042417743238851e-09
GSE48684	T-N	T	N	tissue_replication	EYA4	cg14343214	4	False	unpaired_or_partially_paired_observations	beta_percentage_points	5000	63	23	86	0	43.885516015873016	7.375980521739129	36.509535494133885	3.2451122291716246	30.288985139561763	42.90337421965148	5.146114406068802e-17	5.146114406068802e-17	1.6441150281889e-09	1.6441150281889e-09	Welch_t	estimated		5000											1.2513183450546245e-16	4.141198006870485e-09	1.0	7.476430363533921e-17	2.8862895199400347e-09
GSE48684	T-N	T	N	tissue_replication	EYA4	cg24675448	5	False	unpaired_or_partially_paired_observations	beta_percentage_points	5000	64	24	88	0	62.22333437500001	29.00651791666667	33.216816458333334	3.232104502236241	26.87786249348958	39.611102358072905	1.3177103502646557e-16	1.3177103502646557e-16	2.836843125599623e-08	2.836843125599623e-08	Welch_t	estimated		5000											3.1707405303243275e-16	6.153152694962563e-08	1.0	1.844794490370518e-16	3.3096503131995605e-08
GSE48684	T-N	T	N	tissue_replication	EYA4	cg21607030	6	False	unpaired_or_partially_paired_observations	beta_percentage_points	5000	64	23	87	0	58.097404374999996	20.06238834782609	38.03501602717391	3.165755280921953	32.06657388213315	43.942860035190215	7.811555120124947e-20	7.811555120124947e-20	1.959689561793327e-09	1.959689561793327e-09	Welch_t	estimated		5000											2.1610409973040274e-19	4.846819574515143e-09	1.0	2.004965814165403e-19	3.2140257462210347e-09
GSE48684	T-N	T	N	tissue_replication	EYA4	cg11664500	7	False	unpaired_or_partially_paired_observations	beta_percentage_points	5000	64	24	88	0	48.3165473125	7.526226083333333	40.790321229166665	3.0927323227622274	34.96293239375	46.688050070052064	2.919921477393807e-20	2.919921477393807e-20	1.961807923018034e-09	1.961807923018034e-09	Welch_t	estimated		5000											8.431273265974618e-20	4.846819574515143e-09	1.0	9.489752169620641e-20	3.2140257462210347e-09
GSE48684	T-N	T	N	tissue_replication	EYA4	cg26656135	8	False	unpaired_or_partially_paired_observations	beta_percentage_points	5000	64	24	88	0	62.753362968750004	25.1511775	37.60218546875001	2.8169645112968795	32.03861111979166	43.06736553515623	1.8877887809961796e-22	1.8877887809961796e-22	9.19814613339836e-10	9.19814613339836e-10	Welch_t	estimated		5000											5.814389445468234e-22	2.400872041598894e-09	1.0	8.550572713923872e-22	1.8638348743991414e-09
GSE48684	T-N	T	N	tissue_replication	EYA4	cg20286200	9	False	unpaired_or_partially_paired_observations	beta_percentage_points	5000	64	24	88	0	63.67199609375	19.120365833333334	44.55163026041667	3.1626895625378424	38.19579111067709	50.39802265494793	1.0034369891487559e-23	1.0034369891487559e-23	1.7131564093918508e-10	1.7131564093918508e-10	Welch_t	estimated		5000											3.241873349557519e-23	4.946739132118969e-10	1.0	5.943434474188785e-23	5.735349718398805e-10
GSE48684	T-N	T	N	tissue_replication	EYA4	cg14270292	10	False	unpaired_or_partially_paired_observations	beta_percentage_points	5000	64	24	88	0	62.34727434375	18.692197333333336	43.65507701041666	3.1767941298412414	37.41888178046875	49.641221573697926	1.8506915095004951e-22	1.8506915095004951e-22	8.175855243803895e-10	8.175855243803895e-10	Welch_t	estimated		5000											5.7383857542901255e-22	2.170830530251379e-09	1.0	8.550572713923872e-22	1.7986881536368569e-09
GSE48684	T-N	T	N	tissue_replication	EYA4	cg06181518	11	False	unpaired_or_partially_paired_observations	beta_percentage_points	5000	64	24	88	0	36.075586265625006	4.117052833333333	31.95853343229167	2.951015490507998	26.360115827083337	37.604561200651034	1.7197224205816532e-16	1.7197224205816532e-16	4.3640001444081435e-09	4.3640001444081435e-09	Welch_t	estimated		5000											4.116641234760227e-16	1.0500875347482095e-08	1.0	2.3646183282997733e-16	6.462077136912059e-09
GSE48684	T-N	T	N	tissue_replication	EYA4	cg14287112	12	False	unpaired_or_partially_paired_observations	beta_percentage_points	5000	64	24	88	0	48.255363109375004	5.901356375	42.354006734375005	3.20046349402041	36.009860696484374	48.4151189889323	2.9578448320895503e-20	2.9578448320895503e-20	5.08598146638226e-10	5.08598146638226e-10	Welch_t	estimated		5000											8.487728648604797e-20	1.382190257334473e-09	1.0	9.489752169620641e-20	1.2632921706820452e-09
GSE48684	T-N	T	N	tissue_replication	EYA4	cg01328892	13	False	unpaired_or_partially_paired_observations	beta_percentage_points	5000	63	24	87	0	66.8343253968254	29.7147175	37.1196078968254	3.046998145859155	31.14438906001985	42.766283811507954	6.419605702336817e-20	6.419605702336817e-20	3.530834055170817e-08	3.530834055170817e-08	Welch_t	estimated		5000											1.7974895966543087e-19	7.517259601331416e-08	1.0	1.7653915681426245e-19	3.9981503271787194e-08
GSE48684	T-N	T	N	tissue_replication	EYA4	cg05493394	14	False	unpaired_or_partially_paired_observations	beta_percentage_points	5000	64	24	88	0	54.146875484375	18.28469625	35.862179234375006	3.111932474698721	29.81044749010417	41.98299945911459	4.53394059991731e-18	4.53394059991731e-18	8.672321516515427e-10	8.672321516515427e-10	Welch_t	estimated		5000											1.1637114206454427e-17	2.2764843980852995e-09	1.0	8.11891688822402e-18	1.8047804237072645e-09
GSE48684	T-N	T	N	tissue_replication	EYA4	cg26449787	15	False	unpaired_or_partially_paired_observations	beta_percentage_points	5000	64	24	88	0	60.02154343749999	21.359663750000003	38.66187968749999	2.9427012644088864	33.02553271875001	44.16017232421874	3.942301926932171e-21	3.942301926932171e-21	8.672321516515427e-10	8.672321516515427e-10	Welch_t	estimated		5000											1.1826905780796514e-20	2.2764843980852995e-09	1.0	1.5456411795058286e-20	1.8047804237072645e-09
GSE48684	T-N	T	N	tissue_replication	EYA4	cg22871668	16	False	unpaired_or_partially_paired_observations	beta_percentage_points	5000	64	24	88	0	49.294709140624995	6.174760666666667	43.11994847395833	3.148933706208705	36.968167748046874	49.188153753385414	4.014652414300854e-21	4.014652414300854e-21	6.080840213509494e-10	6.080840213509494e-10	Welch_t	estimated		5000											1.1966254292948351e-20	1.6428936717201088e-09	1.0	1.5456411795058286e-20	1.4632021763757219e-09
GSE48684	T-N	T	N	tissue_replication	EYA4	cg20980055	17	False	unpaired_or_partially_paired_observations	beta_percentage_points	5000	63	24	87	0	35.187868398412704	3.741474625	31.4463937734127	2.3172531493997774	27.06004570594246	35.9604108969742	7.619298815991763e-21	7.619298815991763e-21	5.134655408887371e-11	5.134655408887371e-11	Welch_t	estimated		5000											2.2421121356612705e-20	1.5304585799393325e-10	1.0	2.666754585597117e-20	2.1964914804684868e-10
GSE48684	T-N	T	N	tissue_replication	ZNF568	cg06611358	1	False	unpaired_or_partially_paired_observations	beta_percentage_points	5000	63	24	87	0	60.577023333333344	21.255660000000002	39.321363333333345	3.2612266996663286	33.014784780257926	45.3841500952381	5.471946169904699e-20	5.471946169904699e-20	1.2462142330564613e-08	1.2462142330564613e-08	Welch_t	estimated		5000											1.550944251838019e-19	2.8787548783604256e-08	1.0	1.6205379041640839e-19	1.683482385006097e-08
GSE48684	T-N	T	N	tissue_replication	ZNF568	cg27390819	2	False	unpaired_or_partially_paired_observations	beta_percentage_points	5000	64	24	88	0	56.64844953125	22.59986625	34.04858328125	2.910645257552048	28.31036831119791	39.87131555859374	4.23040198438341e-19	4.23040198438341e-19	8.083424164090179e-09	8.083424164090179e-09	Welch_t	estimated		5000											1.1202542540814412e-18	1.9053785529641136e-08	1.0	8.598442739660184e-19	1.1316793829726251e-08
GSE48684	T-N	T	N	tissue_replication	ZNF568	cg20154403	3	False	unpaired_or_partially_paired_observations	beta_percentage_points	5000	64	24	88	0	56.205199531249995	22.756248333333332	33.448951197916664	2.9656717965380395	27.538639579427084	39.19278854687499	9.077629880819222e-18	9.077629880819222e-18	1.565012012613651e-08	1.565012012613651e-08	Welch_t	estimated		5000											2.279274459205696e-17	3.5442919109191506e-08	1.0	1.4871861719640004e-17	2.0084320828541853e-08
GSE48684	T-N	T	N	tissue_replication	ZNF568	cg21761844	4	False	unpaired_or_partially_paired_observations	beta_percentage_points	5000	64	24	88	0	35.335157890625	2.4561506583333332	32.87900723229167	2.505867268110899	28.042529804166666	37.63679657624999	8.163345494292216e-20	8.163345494292216e-20	1.0969117236892382e-09	1.0969117236892382e-09	Welch_t	estimated		5000											2.244920010930359e-19	2.815406757469045e-09	1.0	2.0276696872919376e-19	2.1115550681017837e-09
GSE48684	T-N	T	N	tissue_replication	ZNF568	cg20680720	5	False	unpaired_or_partially_paired_observations	beta_percentage_points	5000	64	24	88	0	38.218534874999996	3.441676541666667	34.77685833333333	3.748843982042134	27.286517423828123	42.227074971744784	1.949335315336027e-13	1.949335315336027e-13	2.1675773551831737e-08	2.1675773551831737e-08	Welch_t	estimated		5000											4.2083781106787127e-13	4.7914867851417524e-08	1.0	2.056148209327042e-13	2.607866505454756e-08
GSE48684	T-N	T	N	tissue_replication	ZNF568	cg02459604	6	False	unpaired_or_partially_paired_observations	beta_percentage_points	5000	64	24	88	0	65.640203765625	17.692858125	47.947345640625	3.046275944337468	41.86543705013022	53.664842790885416	1.1933078900063729e-26	1.1933078900063729e-26	3.5496944397695173e-10	3.5496944397695173e-10	Welch_t	estimated		5000											4.273707326999568e-26	9.820112761518066e-10	1.0	1.1485588441311338e-25	9.425050753870787e-10
GSE48684	T-N	T	N	tissue_replication	ZNF568	cg03060201	7	False	unpaired_or_partially_paired_observations	beta_percentage_points	5000	64	24	88	0	37.060706321874996	2.313235458333333	34.747470863541665	2.663948312738332	29.619834847031257	39.970709069947915	1.26614567874906e-19	1.26614567874906e-19	1.8517207044503112e-09	1.8517207044503112e-09	Welch_t	estimated		5000											3.440937079894504e-19	4.62429711057321e-09	1.0	2.9543399170811397e-19	3.1684998720594212e-09
GSE48684	T-N	T	N	tissue_replication	ZNF568	cg03443751	8	False	unpaired_or_partially_paired_observations	beta_percentage_points	5000	64	24	88	0	32.425464203124996	3.474931916666666	28.95053228645833	3.070657721421509	23.05333088645833	35.06902398515624	1.079779623879979e-13	1.079779623879979e-13	1.4030350468910157e-08	1.4030350468910157e-08	Welch_t	estimated		5000											2.375515172535954e-13	3.224886525689797e-08	1.0	1.1710286061796954e-13	1.8626499760449694e-08
GSE48684	T-N	T	N	tissue_replication	ZNF793	cg17332326	1	False	unpaired_or_partially_paired_observations	beta_percentage_points	5000	64	24	88	0	54.55814496875	10.512284208333334	44.045860760416666	3.4138640778905676	37.316462771874995	50.55269167499999	6.158894862857856e-20	6.158894862857856e-20	2.932120380426487e-09	2.932120380426487e-09	Welch_t	estimated		5000											1.7350057479514203e-19	7.167405374375857e-09	1.0	1.7564255720002034e-19	4.607617740670194e-09
GSE48684	T-N	T	N	tissue_replication	ZNF793	cg11623861	2	False	unpaired_or_partially_paired_observations	beta_percentage_points	5000	64	24	88	0	29.884548015625	1.9576885416666665	27.92685947395833	2.8852703963323028	22.406538211197915	33.53741450091145	4.160897501262697e-14	4.160897501262697e-14	2.962073729145303e-10	2.962073729145303e-10	Welch_t	estimated		5000											9.331721580501776e-14	8.293806441606848e-10	1.0	4.781926979063099e-14	8.212505678957823e-10
GSE48684	T-N	T	N	tissue_replication	ZNF793	cg14732998	3	False	unpaired_or_partially_paired_observations	beta_percentage_points	5000	64	24	88	0	56.77641871875	15.617851250000001	41.15856746874999	3.2338875619597354	34.903934925520836	47.35091628229167	9.057811522170312e-20	9.057811522170312e-20	2.0534834059486603e-08	2.0534834059486603e-08	Welch_t	estimated		5000											2.476159126179103e-19	4.583136877044836e-08	1.0	2.1795358975222313e-19	2.5502939073878522e-08
GSE48684	T-N	T	N	tissue_replication	ZNF793	cg07482795	4	False	unpaired_or_partially_paired_observations	beta_percentage_points	5000	64	24	88	0	47.52576946875	11.005998	36.51977146875	3.622006461846625	29.309314439843753	43.39073726484375	3.8903970124530024e-15	3.8903970124530024e-15	2.261437123875652e-07	2.261437123875652e-07	Welch_t	estimated		5000											8.854006993858558e-15	4.4458891541725586e-07	1.0	4.680633905607519e-15	2.3531170072760165e-07
GSE48684	T-N	T	N	tissue_replication	ZNF793	cg13181745	5	False	unpaired_or_partially_paired_observations	beta_percentage_points	5000	64	24	88	0	48.465676046875	11.126589125	37.339086921874994	3.3985969398780562	30.79108195729166	44.12735713828125	1.9994597958116634e-16	1.9994597958116634e-16	1.0549762121755522e-07	1.0549762121755522e-07	Welch_t	estimated		5000											4.749972753245684e-16	2.147132202753767e-07	1.0	2.6616226634566334e-16	1.1604738333931075e-07
GSE48684	T-N	T	N	tissue_replication	ZNF793	cg24078985	6	False	unpaired_or_partially_paired_observations	beta_percentage_points	5000	64	24	88	0	51.19550034375	10.297481458333333	40.89801888541666	3.511629299984123	34.07404952695313	47.78093664492187	1.327954516486208e-17	1.327954516486208e-17	3.330479761544843e-08	3.330479761544843e-08	Welch_t	estimated		5000											3.316297224954746e-17	7.12352615663758e-08	1.0	2.1302603701966252e-17	3.827566293118701e-08
GSE48684	T-N	T	N	tissue_replication	ZNF793	cg15139588	7	False	unpaired_or_partially_paired_observations	beta_percentage_points	5000	64	24	88	0	44.27782328125001	7.468837583333333	36.808985697916675	3.2249197719713005	30.513355060677082	42.953101753255204	4.365061999071704e-17	4.365061999071704e-17	2.3777431558673602e-07	2.3777431558673602e-07	Welch_t	estimated		5000											1.0726907678569826e-16	4.635094253209791e-07	1.0	6.590387724088651e-17	2.441149640023823e-07
GSE48684	T-N	T	N	tissue_replication	ZNF793	cg25361907	8	False	unpaired_or_partially_paired_observations	beta_percentage_points	5000	64	24	88	0	48.07337271875	11.709733916666666	36.36363880208334	3.363136435543048	29.87653756223958	42.8033152375	3.07420147227193e-16	3.07420147227193e-16	1.9445609360992113e-07	1.9445609360992113e-07	Welch_t	estimated		5000											7.173136768634503e-16	3.839261335375366e-07	1.0	3.945225222748977e-16	2.0511122202690312e-07
GSE48684	T-N	T	N	tissue_replication	SFMBT2	cg20299663	1	False	unpaired_or_partially_paired_observations	beta_percentage_points	5000	64	24	88	0	61.74467390625	24.094755	37.64991890625	3.283329231131396	31.342960412760405	43.85908105859374	6.336851997223849e-19	6.336851997223849e-19	5.168239921437022e-09	5.168239921437022e-09	Welch_t	estimated		5000											1.6578521864353097e-18	1.2371641677222303e-08	1.0	1.222665987496041e-18	7.508574980200957e-09
GSE48684	T-N	T	N	tissue_replication	SFMBT2	cg20506550	2	False	unpaired_or_partially_paired_observations	beta_percentage_points	5000	64	24	88	0	37.45837925	5.8599296249999995	31.598449625	2.6586154463840708	26.41858139401042	36.831847084375	1.0694344315285623e-18	1.0694344315285623e-18	8.175855243803895e-10	8.175855243803895e-10	Welch_t	estimated		5000											2.7757230750909875e-18	2.170830530251379e-09	1.0	2.0084500299438853e-18	1.7986881536368569e-09
GSE48684	T-N	T	N	tissue_replication	SFMBT2	cg01056653	3	False	unpaired_or_partially_paired_observations	beta_percentage_points	5000	64	24	88	0	27.33102003125	3.5020396666666667	23.82898036458333	2.483781117714416	19.073796697786456	28.738951279947916	4.55626884995125e-14	4.55626884995125e-14	1.7450922623871477e-08	1.7450922623871477e-08	Welch_t	estimated		5000											1.0169063810036122e-13	3.91724320486798e-08	1.0	5.159304433033033e-14	2.202821380390334e-08
GSE48684	T-N	T	N	tissue_replication	SFMBT2	cg22862480	4	False	unpaired_or_partially_paired_observations	beta_percentage_points	5000	64	24	88	0	48.70720568750001	8.216726458333333	40.490479229166674	3.024898326134472	34.50383930065104	46.26732158541667	5.261046685776949e-22	5.261046685776949e-22	4.3630246338135326e-11	4.3630246338135326e-11	Welch_t	estimated		5000											1.5990812952822042e-21	1.30890739014406e-10	1.0	2.2505588600268057e-21	1.9761935106096588e-10
GSE48684	T-N	T	N	tissue_replication	SFMBT2	cg12767281	5	False	unpaired_or_partially_paired_observations	beta_percentage_points	5000	64	24	88	0	32.707814296875	4.433130833333334	28.274683463541667	2.6062415347018777	23.24080605742188	33.177842433984374	2.662054567314261e-16	2.662054567314261e-16	1.1630212955970716e-09	1.1630212955970716e-09	Welch_t	estimated		5000											6.242990914209079e-16	2.968595793181476e-09	1.0	3.474206808189798e-16	2.1842107258774274e-09
GSE48684	T-N	T	N	tissue_replication	SFMBT2	cg26878816	6	False	unpaired_or_partially_paired_observations	beta_percentage_points	5000	64	24	88	0	58.54002653125	20.137429041666664	38.402597489583336	3.6378388380452584	31.343841568489584	45.30758137864583	4.732618249344131e-17	4.732618249344131e-17	1.1901903196990782e-08	1.1901903196990782e-08	Welch_t	estimated		5000											1.1568622387285653e-16	2.7631554155827846e-08	1.0	7.007915484605732e-17	1.6365116895862324e-08
GSE48684	T-N	T	N	tissue_replication	SFMBT2	cg12328063	7	False	unpaired_or_partially_paired_observations	beta_percentage_points	5000	64	24	88	0	35.036533515625	11.818478749999999	23.218054765625002	2.899155826819655	17.78252878085938	28.885769807031252	6.967520147882603e-12	6.967520147882603e-12	1.4325222167028637e-06	1.4325222167028637e-06	Welch_t	estimated		5000											1.443495205525454e-11	2.1487833250542953e-06	1.0	6.967520147882602e-12	1.4325222167028637e-06
GSE48684	T-N	T	N	tissue_replication	SFMBT2	cg16818993	8	False	unpaired_or_partially_paired_observations	beta_percentage_points	5000	64	24	88	0	58.28589509374999	23.703578333333333	34.58231676041667	3.59624486495623	27.450027013541657	41.57251768072917	3.245503103606477e-15	3.245503103606477e-15	1.434490606747735e-07	1.434490606747735e-07	Welch_t	estimated		5000											7.42288333597125e-15	2.881455044858494e-07	1.0	3.9667260155190275e-15	1.5341080099941056e-07
GSE48684	T-N	T	N	tissue_replication	ADHFE1	cg20295442	1	False	unpaired_or_partially_paired_observations	beta_percentage_points	5000	64	23	87	0	59.051739250000004	7.877389391304349	51.174349858695656	3.059869776252469	45.203880041321334	56.948469454313845	2.232539596642873e-28	2.232539596642873e-28	9.78680916953095e-12	9.78680916953095e-12	Welch_t	estimated		5000											8.667506669319389e-28	3.118279887119516e-11	1.0	3.438110978830024e-27	8.207161304884515e-11
GSE48684	T-N	T	N	tissue_replication	ADHFE1	cg19283840	2	False	unpaired_or_partially_paired_observations	beta_percentage_points	5000	64	24	88	0	63.961535156249994	18.50820291666667	45.45333223958332	2.6747208153770083	40.23844145963542	50.45673096354166	4.7384061742705897e-29	4.7384061742705897e-29	1.0658651045304564e-11	1.0658651045304564e-11	Welch_t	estimated		5000											1.9036031760982716e-28	3.34986175709572e-11	1.0	1.824286377094177e-27	8.207161304884515e-11
GSE48684	T-N	T	N	tissue_replication	ADHFE1	cg25046651	3	False	unpaired_or_partially_paired_observations	beta_percentage_points	5000	64	24	88	0	70.0616334375	29.15484916666667	40.906784270833334	2.853314396751182	35.33333180078125	46.25677374609375	3.035923933731921e-23	3.035923933731921e-23	5.6122014695921714e-11	5.6122014695921714e-11	Welch_t	estimated		5000											9.673081775063087e-23	1.6620750506099892e-10	1.0	1.6697581635525566e-22	2.2744184903084062e-10
GSE48684	T-N	T	N	tissue_replication	ADHFE1	cg01588438	4	False	unpaired_or_partially_paired_observations	beta_percentage_points	5000	64	24	88	0	74.1359759375	25.53066	48.60531593750001	2.8580011582332134	42.87103094531249	53.837810098958336	1.0619360596423549e-28	1.0619360596423549e-28	1.9067201677215887e-11	1.9067201677215887e-11	Welch_t	estimated		5000											4.229434996161793e-28	5.833806076075325e-11	1.0	2.7256358864153775e-27	1.0486960922468739e-10
GSE48684	T-N	T	N	tissue_replication	ADHFE1	cg08090772	5	False	unpaired_or_partially_paired_observations	beta_percentage_points	5000	64	24	88	0	67.82151328125	28.842028749999997	38.979484531250016	2.483967994432993	34.025317643229165	43.761547630208334	7.745882913081557e-27	7.745882913081557e-27	2.167732821721246e-11	2.167732821721246e-11	Welch_t	estimated		5000											2.862878324674944e-26	6.588766866021156e-11	1.0	9.940549738454665e-26	1.1127695151502397e-10
GSE48684	T-N	T	N	tissue_replication	ADHFE1	cg09383816	6	False	unpaired_or_partially_paired_observations	beta_percentage_points	5000	64	24	88	0	69.09667265624999	18.296076916666667	50.80059573958332	2.900724748702925	45.0293442140625	56.158498190885396	4.2175131469041485e-30	4.2175131469041485e-30	9.357526716509028e-12	9.357526716509028e-12	Welch_t	estimated		5000											1.7713555216997424e-29	3.0022064882133134e-11	1.0	3.2474851231161943e-28	8.207161304884515e-11
GSE48684	T-N	T	N	tissue_replication	ADHFE1	cg20912169	7	False	unpaired_or_partially_paired_observations	beta_percentage_points	5000	64	24	88	0	58.700509437499996	8.950138333333332	49.75037110416666	2.9321210389587837	43.78808685755209	55.32802332317709	1.8912340088885283e-28	1.8912340088885283e-28	8.212404595496629e-12	8.212404595496629e-12	Welch_t	estimated		5000											7.404661967004238e-28	2.6532384077758342e-11	1.0	3.438110978830024e-27	8.207161304884515e-11
GSE48684	T-N	T	N	tissue_replication	ADHFE1	cg18065361	8	False	unpaired_or_partially_paired_observations	beta_percentage_points	5000	64	23	87	0	51.205041218750004	4.723916130434782	46.481125088315224	3.0821041107823524	40.193990878023094	52.52086463277853	5.418460210888155e-24	5.418460210888155e-24	1.66652652420938e-11	1.66652652420938e-11	Welch_t	estimated		5000											1.7754103669718636e-23	5.202265230977929e-11	1.0	3.476845301986566e-23	1.0486960922468739e-10
GSE48684	T-N	T	N	tissue_replication	HOXA2	cg04481096	1	False	unpaired_or_partially_paired_observations	beta_percentage_points	5000	64	24	88	0	79.65755265625	44.988120833333326	34.66943182291668	3.022634856416341	29.060385061197913	40.438808906249996	4.0242478722657227e-14	4.0242478722657227e-14	1.7880164332972927e-11	1.7880164332972927e-11	Welch_t	estimated		5000											9.069280570667142e-14	5.507090614555661e-11	1.0	4.6949558509766766e-14	1.0486960922468739e-10
GSE48684	T-N	T	N	tissue_replication	HOXA2	cg19598584	2	False	unpaired_or_partially_paired_observations	beta_percentage_points	5000	64	24	88	0	73.27735890625	38.39066458333333	34.88669432291667	2.8195992623627624	29.502587710937505	40.32247848828125	3.2057346027752394e-17	3.2057346027752394e-17	1.7880164332972927e-11	1.7880164332972927e-11	Welch_t	estimated		5000											7.920050195091767e-17	5.507090614555661e-11	1.0	4.9368312882738687e-17	1.0486960922468739e-10
GSE48684	T-N	T	N	tissue_replication	HOXA2	cg09871315	3	False	unpaired_or_partially_paired_observations	beta_percentage_points	5000	64	24	88	0	80.58764140625001	50.32914958333333	30.258491822916678	2.61396953534912	25.252368173177086	35.29770674088541	8.220984301147118e-14	8.220984301147118e-14	3.981044906485797e-12	3.981044906485797e-12	Welch_t	estimated		5000											1.8172702139377839e-13	1.332784599127854e-11	1.0	9.04308273126183e-14	8.207161304884515e-11
GSE48684	T-N	T	N	tissue_replication	HOXA2	cg13661519	4	False	unpaired_or_partially_paired_observations	beta_percentage_points	5000	63	24	87	0	75.87907063492065	36.7962825	39.082788134920655	2.847721863324294	33.44664558680556	44.59254927976192	3.155952231865582e-17	3.155952231865582e-17	6.381014423235307e-12	6.381014423235307e-12	Welch_t	estimated		5000											7.838978124311284e-17	2.090800470591994e-11	1.0	4.9368312882738687e-17	8.207161304884515e-11
GSE48684	T-N	T	N	tissue_replication	HOXA2	cg02803819	5	False	unpaired_or_partially_paired_observations	beta_percentage_points	5000	64	24	88	0	77.68295578125	34.862435	42.82052078125001	2.9794729900384964	37.204838239583346	48.38859796223958	2.361820580173084e-18	2.361820580173084e-18	5.186503590006048e-12	5.186503590006048e-12	Welch_t	estimated		5000											6.09587211195511e-18	1.7238594666063267e-11	1.0	4.330004396983987e-18	8.207161304884515e-11
GSE48684	T-N	T	N	tissue_replication	HOXA2	cg03763508	6	False	unpaired_or_partially_paired_observations	beta_percentage_points	5000	64	24	88	0	84.1928671875	53.516799166666665	30.676068020833334	2.613154689067976	25.5609996875	35.82289385156249	2.660699697909833e-13	2.660699697909833e-13	6.318879785723459e-12	6.318879785723459e-12	Welch_t	estimated		5000											5.717410513648106e-13	2.0852303292887416e-11	1.0	2.7685659018791506e-13	8.207161304884515e-11
GSE48684	T-N	T	N	tissue_replication	HOXA2	cg00188704	7	False	unpaired_or_partially_paired_observations	beta_percentage_points	5000	64	24	88	0	86.031505625	58.37943	27.652075624999995	2.350846833976316	23.10435349739583	32.18990599479165	2.9445367011421654e-13	2.9445367011421654e-13	8.212404595496629e-12	8.212404595496629e-12	Welch_t	estimated		5000											6.29803683299852e-13	2.6532384077758342e-11	1.0	3.0230576798392895e-13	8.207161304884515e-11
GSE48684	T-N	T	N	tissue_replication	HOXA2	cg06786372	8	False	unpaired_or_partially_paired_observations	beta_percentage_points	5000	64	24	88	0	85.31734046874999	52.07149041666666	33.24585005208333	2.793408939790202	27.989390135416674	38.43011128124999	1.9393288950906708e-13	1.9393288950906708e-13	1.0658651045304564e-11	1.0658651045304564e-11	Welch_t	estimated		5000											4.2083781106787127e-13	3.34986175709572e-11	1.0	2.056148209327042e-13	8.207161304884515e-11
GSE48684	T-N	T	N	tissue_replication	BEND5	cg11666087	1	False	unpaired_or_partially_paired_observations	beta_percentage_points	5000	64	24	88	0	41.754873328125	3.3650170416666665	38.38985628645833	3.2308274924913416	32.0543928626302	44.5777119516927	6.71997126049292e-18	6.71997126049292e-18	4.3640001444081435e-09	4.3640001444081435e-09	Welch_t	estimated		5000											1.7058388584328182e-17	1.0500875347482095e-08	1.0	1.1498617490176776e-17	6.462077136912059e-09
GSE48684	T-N	T	N	tissue_replication	BEND5	cg16573178	2	False	unpaired_or_partially_paired_observations	beta_percentage_points	5000	63	24	87	0	42.54049154761905	4.810737291666667	37.72975425595238	3.3752921431751783	31.051749689533718	44.22385420272817	9.188233756366317e-17	9.188233756366317e-17	1.0759147735178226e-07	1.0759147735178226e-07	Welch_t	estimated		5000											2.2224942384509104e-16	2.1801430937071667e-07	1.0	1.310174072667049e-16	1.1668371487446809e-07
GSE48684	T-N	T	N	tissue_replication	BEND5	cg06744574	3	False	unpaired_or_partially_paired_observations	beta_percentage_points	5000	64	24	88	0	39.720342375	6.097411791666666	33.622930583333336	2.730301359236992	28.228669839062505	39.03391277343749	3.373672916883459e-19	3.373672916883459e-19	4.003144995188074e-10	4.003144995188074e-10	Welch_t	estimated		5000											9.009461778035596e-19	1.0943508803413551e-09	1.0	7.215911516667399e-19	1.0274738820982723e-09
GSE48684	T-N	T	N	tissue_replication	BEND5	cg03603214	4	False	unpaired_or_partially_paired_observations	beta_percentage_points	5000	64	24	88	0	32.2095693546875	1.801892183333333	30.40767717135417	3.1983423038731806	24.040934238684894	36.715072549739574	7.474206226046064e-14	7.474206226046064e-14	2.469496586952098e-09	2.469496586952098e-09	Welch_t	estimated		5000											1.6601361905929238e-13	6.068656506233347e-09	1.0	8.340780860949956e-14	3.961484108235658e-09
GSE48684	T-N	T	N	tissue_replication	UNC5C	cg15701178	1	False	unpaired_or_partially_paired_observations	beta_percentage_points	5000	64	24	88	0	49.54527203125	13.514588541666669	36.030683489583325	2.930108612759008	30.32204503255208	41.68617600182292	2.2885624378401177e-19	2.2885624378401177e-19	8.175855243803895e-10	8.175855243803895e-10	Welch_t	estimated		5000											6.147185152803107e-19	2.170830530251379e-09	1.0	5.034837363248259e-19	1.7986881536368569e-09
GSE48684	T-N	T	N	tissue_replication	UNC5C	cg03008707	2	False	unpaired_or_partially_paired_observations	beta_percentage_points	5000	64	24	88	0	67.04105828125	35.83145666666667	31.20960161458333	2.6985917421753784	26.011249095052086	36.47294911979167	4.243387326066065e-19	4.243387326066065e-19	3.6820721228405054e-09	3.6820721228405054e-09	Welch_t	estimated		5000											1.1202542540814412e-18	8.953249056591124e-09	1.0	8.598442739660184e-19	5.670391069174378e-09
GSE48684	T-N	T	N	tissue_replication	UNC5C	cg24870497	3	False	unpaired_or_partially_paired_observations	beta_percentage_points	5000	64	23	87	0	40.5015949375	6.439048869565217	34.06254606793478	2.5197182748560487	29.024206544378394	38.9485788889606	4.919037678953672e-21	4.919037678953672e-21	2.9863657014392083e-10	2.9863657014392083e-10	Welch_t	estimated		5000											1.4567919279978184e-20	8.311451530511531e-10	1.0	1.8036471489496797e-20	8.212505678957823e-10
GSE48684	T-N	T	N	tissue_replication	UNC5C	cg13265789	4	False	unpaired_or_partially_paired_observations	beta_percentage_points	5000	64	24	88	0	64.390507140625	21.117473583333332	43.27303355729166	2.978282599658853	37.48497697552084	49.03477976484375	8.948369281725348e-25	8.948369281725348e-25	2.7881936394569124e-10	2.7881936394569124e-10	Welch_t	estimated		5000											2.9957584117080515e-24	7.854545496518863e-10	1.0	6.890244346928518e-24	8.212505678957823e-10
GSE48684	T-N	T	N	tissue_replication	UNC5C	cg12584684	5	False	unpaired_or_partially_paired_observations	beta_percentage_points	5000	64	24	88	0	58.717359375	14.745730125000001	43.97162925	3.027313737587463	38.02320400651041	49.73618362395833	5.326429767120058e-23	5.326429767120058e-23	3.608995426437197e-11	3.608995426437197e-11	Welch_t	estimated		5000											1.6854866797325116e-22	1.0897750895516241e-10	1.0	2.7342339471216294e-22	1.7368290489729013e-10
GSE48684	T-N	T	N	tissue_replication	RALYL	cg08327106	1	False	unpaired_or_partially_paired_observations	beta_percentage_points	5000	64	24	88	0	52.814726249999985	21.158865000000002	31.655861249999983	2.982725210496895	25.878538204427077	37.35245922135416	2.0048586296166848e-16	2.0048586296166848e-16	2.5480167992966835e-08	2.5480167992966835e-08	Welch_t	estimated		5000											4.749972753245684e-16	5.552753590920131e-08	1.0	2.6616226634566334e-16	3.018419900705302e-08
GSE48684	T-N	T	N	tissue_replication	RALYL	cg09757712	2	False	unpaired_or_partially_paired_observations	beta_percentage_points	5000	64	24	88	0	58.193585000000006	24.774530416666664	33.41905458333334	3.052372078178496	27.540361559895832	39.22895084895833	7.212454440490474e-18	7.212454440490474e-18	7.646167553452519e-09	7.646167553452519e-09	Welch_t	estimated		5000											1.8208491538287426e-17	1.811553543433366e-08	1.0	1.2073021563429708e-17	1.0902868548441554e-08
GSE48684	T-N	T	N	tissue_replication	RALYL	cg11089595	3	False	unpaired_or_partially_paired_observations	beta_percentage_points	5000	64	23	87	0	64.2651703125	39.91632913043478	24.34884118206521	2.9369729961740574	18.609146211956517	29.94917136430026	1.471302412235237e-12	1.471302412235237e-12	6.990538935802046e-07	6.990538935802046e-07	Welch_t	estimated		5000											3.118081258957245e-12	1.1332031538037001e-06	1.0	1.4906616545014902e-12	7.082519711273126e-07
GSE48684	T-N	T	N	tissue_replication	RALYL	cg01134282	4	False	unpaired_or_partially_paired_observations	beta_percentage_points	5000	64	24	88	0	57.75742764062499	19.229522083333336	38.52790555729165	3.2439329187040498	32.339609915755204	44.820829957291664	6.351511623356057e-19	6.351511623356057e-19	3.7048370013462676e-08	3.7048370013462676e-08	Welch_t	estimated		5000											1.6578521864353097e-18	7.85153529643108e-08	1.0	1.222665987496041e-18	4.134383320342936e-08
GSE48684	T-N	T	N	tissue_replication	RALYL	cg06955749	5	False	unpaired_or_partially_paired_observations	beta_percentage_points	5000	64	24	88	0	54.928505625	18.828796666666666	36.09970895833333	2.9000685658865497	30.454294205729166	41.546291358072914	2.0657145684433226e-19	2.0657145684433226e-19	1.6493082971085915e-09	1.6493082971085915e-09	Welch_t	estimated		5000											5.581053395443363e-19	4.141198006870485e-09	1.0	4.67823593441576e-19	2.8862895199400347e-09
GSE48684	T-N	T	N	tissue_replication	GFRA1	cg19236679	1	False	unpaired_or_partially_paired_observations	beta_percentage_points	5000	64	24	88	0	41.363308921874996	7.615107375000001	33.748201546874995	2.842350568254281	28.390473914322918	39.36558342695313	6.187837066271055e-18	6.187837066271055e-18	2.3242370183512392e-10	2.3242370183512392e-10	Welch_t	estimated		5000											1.5794368644294074e-17	6.628379644927607e-10	1.0	1.0828714865974346e-17	7.158650016521816e-10
GSE48684	T-N	T	N	tissue_replication	GFRA1	cg06298519	2	False	unpaired_or_partially_paired_observations	beta_percentage_points	5000	64	24	88	0	65.454587765625	16.535674333333336	48.91891343229167	2.93679125594827	42.8801861890625	54.35783678776042	1.0880588005070209e-26	1.0880588005070209e-26	7.209105927830058e-11	7.209105927830058e-11	Welch_t	estimated		5000											3.9272122330800284e-26	2.1214056934124118e-10	1.0	1.1485588441311338e-25	2.775505782214572e-10
GSE48684	T-N	T	N	tissue_replication	GFRA1	cg19485539	3	False	unpaired_or_partially_paired_observations	beta_percentage_points	5000	64	24	88	0	63.60403515624999	18.067631666666664	45.536403489583336	3.01689199079497	39.36217983072917	51.56386728385416	1.8365203439327173e-24	1.8365203439327173e-24	1.1846387254327368e-10	1.1846387254327368e-10	Welch_t	estimated		5000											6.10411797767565e-24	3.442157805974367e-10	1.0	1.2855642407529022e-23	4.146235539014579e-10
GSE48684	T-N	T	N	tissue_replication	GFRA1	cg18672939	4	False	unpaired_or_partially_paired_observations	beta_percentage_points	5000	64	24	88	0	50.043653921875	6.629455333333334	43.414198588541666	3.276596721085541	36.968768098958336	49.52862922148437	4.066156941829086e-20	4.066156941829086e-20	1.3070974141271879e-09	1.3070974141271879e-09	Welch_t	estimated		5000											1.159607720447554e-19	3.3180165127844e-09	1.0	1.2523763380833583e-19	2.396345259233178e-09
GSE48684	T-N	T	N	tissue_replication	GFRA1	cg27034576	5	False	unpaired_or_partially_paired_observations	beta_percentage_points	5000	64	24	88	0	58.55748425	14.229337916666667	44.328146333333336	2.8201288011162817	38.913639289583344	49.63871959427084	5.270548601637653e-25	5.270548601637653e-25	8.690615442235705e-11	8.690615442235705e-11	Welch_t	estimated		5000											1.7926092585070642e-24	2.5411799584258836e-10	1.0	4.509247136956659e-24	3.1865589954864254e-10
GSE48684	T-N	T	N	tissue_replication	GFRA1	cg18044663	6	False	unpaired_or_partially_paired_observations	beta_percentage_points	5000	64	24	88	0	42.886804546875	5.486295666666666	37.400508880208335	2.867799558679951	31.805722481380204	42.7802683298177	6.782491149165753e-20	6.782491149165753e-20	2.3242370183512392e-10	2.3242370183512392e-10	Welch_t	estimated		5000											1.8876571752497457e-19	6.628379644927607e-10	1.0	1.8008683396060792e-19	7.158650016521816e-10
GSE48684	A-H	A	H	lesion	EYA4	cg14017655	1	False	unpaired_or_partially_paired_observations	beta_percentage_points	5000	42	16	58	0	46.75415507142858	4.0566275625	42.69752750892858	3.8320895802544506	35.17145624598215	49.74056246465774	2.7416796850493078e-14	2.7416796850493078e-14	1.5605926048979444e-07	1.5605926048979444e-07	Welch_t	estimated		5000	81.51625771155587	51.98823413672569	111.04428128638604	6.275925268557178e-08	6.275925268557178e-08	58.0	sex;site	estimated	robust_Wald	HC3	1.4393818346508866e-13	8.693455881921493e-07	3.9182128028019136e-07	4.797939448836288e-14	2.897818627307164e-07
GSE48684	A-H	A	H	lesion	EYA4	cg20330472	2	False	unpaired_or_partially_paired_observations	beta_percentage_points	5000	42	17	59	0	48.97076023809523	13.248943294117648	35.72181694397758	3.2576039997213098	29.50350928970588	42.21341418004202	2.661704385115921e-14	2.661704385115921e-14	1.073305969469844e-07	1.073305969469844e-07	Welch_t	estimated		5000	41.8674915211112	-4.039568618773309	87.7745516609957	0.07385704451246648	0.07385704451246648	59.0	sex;site	estimated	robust_Wald	HC3	1.4298923557250645e-13	6.887046637431499e-07	0.15370249803945726	4.766307852416882e-14	2.2956822124771665e-07
GSE48684	A-H	A	H	lesion	EYA4	cg17838029	3	False	unpaired_or_partially_paired_observations	beta_percentage_points	5000	41	17	58	0	28.400070780487802	3.4386194705882356	24.961451309899566	2.4565068636667835	20.307349887230988	29.683084779447622	8.117542767365278e-13	8.117542767365278e-13	2.324443980228748e-08	2.324443980228748e-08	Welch_t	estimated		5000	60.26129134966294	-5.12360009411672	125.64618279344259	0.07085900221973994	0.07085900221973994	58.0	sex;site	estimated	robust_Wald	HC3	3.233021343554102e-12	4.039410372480431e-07	0.1525948588007774	1.0776737811847007e-12	1.346470124160144e-07
GSE48684	A-H	A	H	lesion	EYA4	cg14343214	4	False	unpaired_or_partially_paired_observations	beta_percentage_points	5000	42	17	59	0	46.422995952380965	5.7038274705882355	40.71916848179273	3.81229185640665	33.08366925444678	47.79901402408964	1.0641670280324212e-13	1.0641670280324212e-13	2.6229937483639167e-08	2.6229937483639167e-08	Welch_t	estimated		5000	66.66058236832562	14.207570510000966	119.11359422665026	0.012743957728815826	0.012743957728815826	59.0	sex;site	estimated	robust_Wald	HC3	5.018507867480413e-13	4.039410372480431e-07	0.047481519925104125	1.6728359558268044e-13	1.346470124160144e-07
GSE48684	A-H	A	H	lesion	EYA4	cg24675448	5	False	unpaired_or_partially_paired_observations	beta_percentage_points	5000	42	17	59	0	61.58242380952381	26.884791764705877	34.69763204481794	3.95110770221757	26.943311382703083	42.20942530497199	3.6721606529868696e-12	3.6721606529868696e-12	1.496087409446117e-06	1.496087409446117e-06	Welch_t	estimated		5000	52.9704080121785	44.07301366845815	61.86780235589886	1.8444396016526813e-31	1.8444396016526813e-31	59.0	sex;site	estimated	robust_Wald	HC3	1.3681759852257529e-11	5.082296935030191e-06	2.0288835618179494e-30	4.560586617419177e-12	1.6940989783433972e-06
GSE48684	A-H	A	H	lesion	EYA4	cg21607030	6	False	unpaired_or_partially_paired_observations	beta_percentage_points	5000	41	17	58	0	60.52186243902439	21.280434705882353	39.24142773314203	3.8939866122591873	31.360625851147766	46.46890801076041	1.0862571141732495e-13	1.0862571141732495e-13	1.5854911636469683e-06	1.5854911636469683e-06	Welch_t	estimated		5000	69.49913685997048	58.888676996563106	80.10959672337785	1.005921186161965e-37	1.005921186161965e-37	58.0	sex;site	estimated	robust_Wald	HC3	5.018507867480413e-13	5.307948678296373e-06	1.36686937649067e-36	1.6728359558268044e-13	1.7693162260987907e-06
GSE48684	A-H	A	H	lesion	EYA4	cg11664500	7	False	unpaired_or_partially_paired_observations	beta_percentage_points	5000	42	17	59	0	56.58592697619047	6.982744	49.60318297619047	3.3781551560427863	42.74364811533613	55.638620262359936	1.2890109419749988e-19	1.2890109419749988e-19	1.7828830980541836e-08	1.7828830980541836e-08	Welch_t	estimated		5000	79.40762405002259	75.48641885326761	83.32882924677759	0.0	0.0	59.0	sex;site	estimated	robust_Wald	HC3	9.254721651612444e-18	4.039410372480431e-07	0.0	3.0849072172041482e-18	1.346470124160144e-07
GSE48684	A-H	A	H	lesion	EYA4	cg26656135	8	False	unpaired_or_partially_paired_observations	beta_percentage_points	5000	42	17	59	0	64.21454285714286	21.41422411764706	42.80031873949579	3.285654464777369	36.421700221288525	48.89139153291316	1.003616998115384e-18	1.003616998115384e-18	3.176321169988294e-08	3.176321169988294e-08	Welch_t	estimated		5000	55.93860243923305	29.34163876758957	82.53556611087653	3.752930682745633e-05	3.752930682745633e-05	59.0	sex;site	estimated	robust_Wald	HC3	2.5264307161696906e-17	4.0762788348183104e-07	0.00019702886084414575	8.421435720565635e-18	1.3587596116061035e-07
GSE48684	A-H	A	H	lesion	EYA4	cg20286200	9	False	unpaired_or_partially_paired_observations	beta_percentage_points	5000	42	17	59	0	65.76279071428571	16.817224705882353	48.94556600840336	3.2951962103960737	42.38236813165267	55.10993086799719	1.522385871136947e-20	1.522385871136947e-20	2.163698713573175e-08	2.163698713573175e-08	Welch_t	estimated		5000	65.3769105414926	51.75715677225844	78.99666431072677	5.050503289062635e-21	5.050503289062635e-21	59.0	sex;site	estimated	robust_Wald	HC3	3.5167113623263475e-18	4.039410372480431e-07	4.4871779222056493e-20	1.1722371207754492e-18	1.346470124160144e-07
GSE48684	A-H	A	H	lesion	EYA4	cg14270292	10	False	unpaired_or_partially_paired_observations	beta_percentage_points	5000	42	17	59	0	64.88925157142857	18.28753705882353	46.60171451260504	3.3183560008675936	39.79007423333333	52.708663771358545	1.8643319684003377e-19	1.8643319684003377e-19	7.415544772241414e-08	7.415544772241414e-08	Welch_t	estimated		5000	70.50623427014239	62.78879508461226	78.22367345567251	1.0557764235774558e-71	1.0557764235774558e-71	59.0	sex;site	estimated	robust_Wald	HC3	9.254721651612444e-18	5.709969474625888e-07	3.484062197805604e-70	3.0849072172041482e-18	1.9033231582086296e-07
GSE48684	A-H	A	H	lesion	EYA4	cg06181518	11	False	unpaired_or_partially_paired_observations	beta_percentage_points	5000	42	17	59	0	43.05813747619048	3.0572443529411766	40.00089312324931	3.449431952873521	33.322602583718485	46.60792293949579	6.19083794025559e-15	6.19083794025559e-15	8.926259228865345e-08	8.926259228865345e-08	Welch_t	estimated		5000	75.91679168919524	49.490152747188176	102.34343063120231	1.7972788509048157e-08	1.7972788509048157e-08	59.0	sex;site	estimated	robust_Wald	HC3	3.666880933843696e-14	6.248381460205741e-07	1.1862040415971783e-07	1.2222936446145651e-14	2.0827938200685805e-07
GSE48684	A-H	A	H	lesion	EYA4	cg14287112	12	False	unpaired_or_partially_paired_observations	beta_percentage_points	5000	42	17	59	0	55.589791119047625	5.717443705882353	49.87234741316527	3.4763534963742364	43.157696578011205	56.52328142902662	8.426976842507025e-19	8.426976842507025e-19	1.7828830980541836e-08	1.7828830980541836e-08	Welch_t	estimated		5000	81.43666012737152	67.79386728768512	95.07945296705792	1.2831013678186336e-31	1.2831013678186336e-31	59.0	sex;site	estimated	robust_Wald	HC3	2.4332895632739032e-17	4.039410372480431e-07	1.4819820798305219e-30	8.110965210913011e-18	1.346470124160144e-07
GSE48684	A-H	A	H	lesion	EYA4	cg01328892	13	False	unpaired_or_partially_paired_observations	beta_percentage_points	5000	42	17	59	0	68.41914404761906	25.286270588235293	43.13287345938376	3.2764860373378912	36.5882634152661	49.36112727521007	2.1334842680070404e-18	2.1334842680070404e-18	3.842186000659798e-08	3.842186000659798e-08	Welch_t	estimated		5000	61.80772200593834	22.373098438896726	101.24234557297996	0.002126704530993247	0.002126704530993247	59.0	sex;site	estimated	robust_Wald	HC3	4.480316962814785e-17	4.4377248307620667e-07	0.0098253749331888	1.4934389876049283e-17	1.4792416102540222e-07
GSE48684	A-H	A	H	lesion	EYA4	cg05493394	14	False	unpaired_or_partially_paired_observations	beta_percentage_points	5000	42	17	59	0	52.82243	14.370164999999998	38.452265	3.716505102123853	30.9632018890056	45.55685414390756	1.469095088044465e-13	1.469095088044465e-13	4.5099194526057905e-07	4.5099194526057905e-07	Welch_t	estimated		5000	61.14844484550351	34.599332030622335	87.69755766038469	6.354780964060658e-06	6.354780964060658e-06	59.0	sex;site	estimated	robust_Wald	HC3	6.284462321079099e-13	1.7078547435277666e-06	3.495129530233362e-05	2.0948207736930333e-13	5.692849145092556e-07
GSE48684	A-H	A	H	lesion	EYA4	cg26449787	15	False	unpaired_or_partially_paired_observations	beta_percentage_points	5000	42	17	59	0	63.27462119047619	18.738515882352942	44.53610530812324	3.5230263339542023	37.64813310644258	51.01730323004201	2.8127149647360066e-17	2.8127149647360066e-17	1.693530366608083e-07	1.693530366608083e-07	Welch_t	estimated		5000	64.27940608021738	37.78454893088784	90.77426322954693	1.983620857342572e-06	1.983620857342572e-06	59.0	sex;site	estimated	robust_Wald	HC3	3.821983275611868e-16	8.693455881921493e-07	1.1455410451153352e-05	1.273994425203956e-16	2.897818627307164e-07
GSE48684	A-H	A	H	lesion	EYA4	cg22871668	16	False	unpaired_or_partially_paired_observations	beta_percentage_points	5000	42	17	59	0	57.61560045238095	6.793076470588234	50.82252398179272	3.471621871196783	43.72324034037114	57.223170928571435	2.003186504678018e-19	2.003186504678018e-19	3.493900522849889e-08	3.493900522849889e-08	Welch_t	estimated		5000	80.30103135066173	66.64213251403395	93.95993018728952	1.0140624685666467e-30	1.0140624685666467e-30	59.0	sex;site	estimated	robust_Wald	HC3	9.254721651612444e-18	4.2478474777806544e-07	1.0647655919949791e-29	3.0849072172041482e-18	1.4159491592602181e-07
GSE48684	A-H	A	H	lesion	EYA4	cg20980055	17	False	unpaired_or_partially_paired_observations	beta_percentage_points	5000	42	17	59	0	42.08570819047619	4.066760764705883	38.01894742577031	2.8808368584814015	32.42170620598739	43.37365381544118	3.5312230799386097e-17	3.5312230799386097e-17	1.3308342779010655e-08	1.3308342779010655e-08	Welch_t	estimated		5000	72.58661817699148	52.764186436001594	92.40904991798136	7.121657224853836e-13	7.121657224853836e-13	59.0	sex;site	estimated	robust_Wald	HC3	4.2620453233817724e-16	4.039410372480431e-07	5.672768341176676e-12	1.420681774460591e-16	1.346470124160144e-07
GSE48684	A-H	A	H	lesion	ZNF568	cg06611358	1	False	unpaired_or_partially_paired_observations	beta_percentage_points	5000	42	17	59	0	66.08234738095237	18.085966470588236	47.996380910364145	3.297538888439088	41.49195724229691	54.12055495623248	1.5535807442017416e-19	1.5535807442017416e-19	1.073305969469844e-07	1.073305969469844e-07	Welch_t	estimated		5000	68.75190791303909	61.40559702742041	76.09821879865777	3.774884522191323e-75	3.774884522191323e-75	59.0	sex;site	estimated	robust_Wald	HC3	9.254721651612444e-18	6.887046637431499e-07	1.4533305410436593e-73	3.0849072172041482e-18	2.2956822124771665e-07
GSE48684	A-H	A	H	lesion	ZNF568	cg27390819	2	False	unpaired_or_partially_paired_observations	beta_percentage_points	5000	42	17	59	0	58.18581047619048	21.00990294117647	37.175907535014005	3.2803902035614936	30.814698957983193	43.31491218802519	5.839844641413933e-16	5.839844641413933e-16	8.926259228865345e-08	8.926259228865345e-08	Welch_t	estimated		5000	67.7354468114337	60.26539781297549	75.20549580989191	1.1609565402946148e-70	1.1609565402946148e-70	59.0	sex;site	estimated	robust_Wald	HC3	4.6517383178159254e-15	6.248381460205741e-07	3.3522620101007e-69	1.5505794392719754e-15	2.0827938200685805e-07
GSE48684	A-H	A	H	lesion	ZNF568	cg20154403	3	False	unpaired_or_partially_paired_observations	beta_percentage_points	5000	42	17	59	0	59.903774999999996	21.939942352941177	37.963832647058815	3.347067918838383	31.469733751050416	44.38558631617645	3.885743710903228e-15	3.885743710903228e-15	1.289155666521623e-07	1.289155666521623e-07	Welch_t	estimated		5000	66.35992118413763	52.84329026828494	79.87655209999033	6.428379724965443e-22	6.428379724965443e-22	59.0	sex;site	estimated	robust_Wald	HC3	2.4259643168071502e-14	7.836709446486708e-07	5.939822865868069e-21	8.086547722690502e-15	2.612236482162236e-07
GSE48684	A-H	A	H	lesion	ZNF568	cg21761844	4	False	unpaired_or_partially_paired_observations	beta_percentage_points	5000	41	17	58	0	37.34238219512196	2.7948971764705877	34.547485018651365	3.1936008427097984	28.496844882998566	40.83039058088235	1.226163563032863e-13	1.226163563032863e-13	3.117807099688032e-08	3.117807099688032e-08	Welch_t	estimated		5000	70.96590813688543	63.85552596749237	78.07629030627848	3.284466673494868e-85	3.284466673494868e-85	58.0	sex;site	estimated	robust_Wald	HC3	5.446995828088296e-13	4.0762788348183104e-07	1.8967795039432865e-83	1.8156652760294318e-13	1.3587596116061035e-07
GSE48684	A-H	A	H	lesion	ZNF568	cg20680720	5	False	unpaired_or_partially_paired_observations	beta_percentage_points	5000	42	17	59	0	43.556458357142844	3.1584591176470584	40.39799923949579	4.603039780743131	31.404637459558828	49.22182558581932	5.4381275566823424e-11	5.4381275566823424e-11	5.857425605538969e-07	5.857425605538969e-07	Welch_t	estimated		5000	82.37980578823397	10.372578666013466	154.38703291045448	0.02494230636706877	0.02494230636706877	59.0	sex;site	estimated	robust_Wald	HC3	1.962824164990033e-10	2.182363411095971e-06	0.07669492840041628	6.542747216633443e-11	7.274544703653237e-07
GSE48684	A-H	A	H	lesion	ZNF568	cg02459604	6	False	unpaired_or_partially_paired_observations	beta_percentage_points	5000	42	17	59	0	66.40330992857143	20.936833529411764	45.46647639915967	3.8538148118110813	38.02648929576331	52.63928662815126	8.803828759374889e-17	8.803828759374889e-17	9.789388372930937e-08	9.789388372930937e-08	Welch_t	estimated		5000	61.520052549141916	53.092058923791285	69.94804617449255	1.9861633539356834e-46	1.9861633539356834e-46	59.0	sex;site	estimated	robust_Wald	HC3	8.47368518089833e-16	6.651025629844255e-07	3.529259498147253e-45	2.82456172696611e-16	2.2170085432814182e-07
GSE48684	A-H	A	H	lesion	ZNF568	cg03060201	7	False	unpaired_or_partially_paired_observations	beta_percentage_points	5000	42	17	59	0	38.691027642857144	2.508119411764706	36.18290823109243	3.6719279847417665	29.00841249520308	43.38464683571429	1.8935746038829193e-12	1.8935746038829193e-12	2.6229937483639167e-08	2.6229937483639167e-08	Welch_t	estimated		5000	80.03739992848863	40.68141475069455	119.39338510628271	6.721475026444162e-05	6.721475026444162e-05	59.0	sex;site	estimated	robust_Wald	HC3	7.29026222494924e-12	4.039410372480431e-07	0.00034503571802413363	2.4300874083164132e-12	1.346470124160144e-07
GSE48684	A-H	A	H	lesion	ZNF568	cg03443751	8	False	unpaired_or_partially_paired_observations	beta_percentage_points	5000	42	17	59	0	35.74971011904762	3.677145411764706	32.072564707282915	3.925775365759047	24.569213814040616	39.78940119033612	3.7467743568745713e-10	3.7467743568745713e-10	1.546732105031926e-07	1.546732105031926e-07	Welch_t	estimated		5000	84.05049547642275	-0.9659974824299922	169.06698843527553	0.05266057255448264	0.05266057255448264	59.0	sex;site	estimated	robust_Wald	HC3	1.219020952729614e-09	8.693455881921493e-07	0.1308020673127472	4.06340317576538e-10	2.897818627307164e-07
GSE48684	A-H	A	H	lesion	ZNF793	cg17332326	1	False	unpaired_or_partially_paired_observations	beta_percentage_points	5000	42	17	59	0	55.93877709523809	11.576866705882354	44.361910389355735	3.8754241670780303	36.55523877514006	51.84112292282913	1.323973941955129e-14	1.323973941955129e-14	1.693530366608083e-07	1.693530366608083e-07	Welch_t	estimated		5000	42.761333449700615	-3.150082943754462	88.6727498431557	0.06792763780494422	0.06792763780494422	59.0	sex;site	estimated	robust_Wald	HC3	7.459462941259385e-14	8.693455881921493e-07	0.15175995551544344	2.486487647086462e-14	2.897818627307164e-07
GSE48684	A-H	A	H	lesion	ZNF793	cg11623861	2	False	unpaired_or_partially_paired_observations	beta_percentage_points	5000	42	17	59	0	34.94369616666667	2.0328845588235294	32.910811607843144	3.7291392002607204	25.580654627450976	40.17369217020308	4.830784423318033e-11	4.830784423318033e-11	1.4674907245660892e-08	1.4674907245660892e-08	Welch_t	estimated		5000	38.41503299891802	27.80288053665756	49.027185461178476	1.2945205042396077e-12	1.2945205042396077e-12	59.0	sex;site	estimated	robust_Wald	HC3	1.771287621883279e-10	4.039410372480431e-07	9.96780788264498e-12	5.904292072944263e-11	1.346470124160144e-07
GSE48684	A-H	A	H	lesion	ZNF793	cg14732998	3	False	unpaired_or_partially_paired_observations	beta_percentage_points	5000	42	17	59	0	60.720915238095245	14.740904117647059	45.98001112044818	3.731708966219686	38.52822644432774	53.08220293207282	9.222542110965442e-16	9.222542110965442e-16	1.8537574763975344e-07	1.8537574763975344e-07	Welch_t	estimated		5000	54.40867055759648	46.83548368448861	61.98185743070436	4.960958039281413e-45	4.960958039281413e-45	59.0	sex;site	estimated	robust_Wald	HC3	7.101357425443391e-15	9.111020788251711e-07	8.185580764814331e-44	2.367119141814464e-15	3.037006929417237e-07
GSE48684	A-H	A	H	lesion	ZNF793	cg07482795	4	False	unpaired_or_partially_paired_observations	beta_percentage_points	5000	42	17	59	0	44.56999114285715	8.952217411764705	35.61777373109244	4.194064873361642	27.64906393711485	43.60904309544817	1.2835721277569178e-10	1.2835721277569178e-10	1.4122748694403647e-07	1.4122748694403647e-07	Welch_t	estimated		5000	18.26369485204577	-37.47094050388688	73.99833020797841	0.520703714662115	0.520703714662115	59.0	sex;site	estimated	robust_Wald	HC3	4.425450171818627e-10	8.365012688223698e-07	0.6501759896591813	1.4751500572728755e-10	2.788337562741233e-07
GSE48684	A-H	A	H	lesion	ZNF793	cg13181745	5	False	unpaired_or_partially_paired_observations	beta_percentage_points	5000	42	17	59	0	52.24338185714286	10.559721176470587	41.68366068067227	3.7044773822013903	34.50460047913166	48.721853337394954	3.321166889185009e-14	3.321166889185009e-14	2.4273093621210336e-07	2.4273093621210336e-07	Welch_t	estimated		5000	34.74365075295662	-4.644735674965439	74.13203718087867	0.08383734328883348	0.08383734328883348	59.0	sex;site	estimated	robust_Wald	HC3	1.704865669781638e-13	1.0782855050960744e-06	0.1620648053843585	5.682885565938794e-14	3.594285016986915e-07
GSE48684	A-H	A	H	lesion	ZNF793	cg24078985	6	False	unpaired_or_partially_paired_observations	beta_percentage_points	5000	42	17	59	0	51.397730666666675	10.322839176470588	41.07489149019609	3.8315707765047486	33.62584979471289	48.31847686579131	1.282291606550636e-13	1.282291606550636e-13	1.8537574763975344e-07	1.8537574763975344e-07	Welch_t	estimated		5000	42.9171027093755	3.4866284947695947	82.3475769239814	0.032902317773858346	0.032902317773858346	59.0	sex;site	estimated	robust_Wald	HC3	5.588855870060319e-13	9.111020788251711e-07	0.08987960391624286	1.8629519566867731e-13	3.037006929417237e-07
GSE48684	A-H	A	H	lesion	ZNF793	cg15139588	7	False	unpaired_or_partially_paired_observations	beta_percentage_points	5000	42	17	59	0	51.331856261904754	6.975319647058824	44.35653661484593	3.8382652487421813	36.5444722502451	51.82054543862046	1.4353278939244546e-14	1.4353278939244546e-14	2.4273093621210336e-07	2.4273093621210336e-07	Welch_t	estimated		5000	48.41096267973432	9.0266109957524	87.79531436371624	0.015988687329890828	0.015988687329890828	59.0	sex;site	estimated	robust_Wald	HC3	7.8943034165845e-14	1.0782855050960744e-06	0.05431451137065855	2.6314344721948336e-14	3.594285016986915e-07
GSE48684	A-H	A	H	lesion	ZNF793	cg25361907	8	False	unpaired_or_partially_paired_observations	beta_percentage_points	5000	42	17	59	0	52.60573483333333	10.038669294117646	42.56706553921568	3.836754195940647	35.18556478939075	49.90169617717086	4.7931935117067775e-14	4.7931935117067775e-14	1.1764499967876125e-07	1.1764499967876125e-07	Welch_t	estimated		5000	45.42243370459465	18.986797030617204	71.85807037857211	0.0007580800483392677	0.0007580800483392677	59.0	sex;site	estimated	robust_Wald	HC3	2.3558036195835437e-13	7.344863493457798e-07	0.0037258827907738473	7.852678731945147e-14	2.448287831152599e-07
GSE48684	A-H	A	H	lesion	SFMBT2	cg20299663	1	False	unpaired_or_partially_paired_observations	beta_percentage_points	5000	42	17	59	0	65.26253380952382	22.271055294117645	42.991478515406165	3.596786317327231	35.725913866946776	49.64711758963585	3.6900825310664695e-17	3.6900825310664695e-17	8.926259228865345e-08	8.926259228865345e-08	Welch_t	estimated		5000	62.49044066478788	35.90268962713969	89.07819170243609	4.093152111006388e-06	4.093152111006388e-06	59.0	sex;site	estimated	robust_Wald	HC3	4.2620453233817724e-16	6.248381460205741e-07	2.3061417991279896e-05	1.420681774460591e-16	2.0827938200685805e-07
GSE48684	A-H	A	H	lesion	SFMBT2	cg20506550	2	False	unpaired_or_partially_paired_observations	beta_percentage_points	5000	42	17	59	0	43.736086666666665	5.194101294117647	38.541985372549014	3.351435889970575	32.102918572338936	45.0193274582633	3.1693599461732704e-15	3.1693599461732704e-15	1.4674907245660892e-08	1.4674907245660892e-08	Welch_t	estimated		5000	71.51708564038037	25.619454104778296	117.41471717598246	0.002258195358507561	0.002258195358507561	59.0	sex;site	estimated	robust_Wald	HC3	2.0336726321278486e-14	4.039410372480431e-07	0.010031598611831664	6.7789087737594955e-15	1.346470124160144e-07
GSE48684	A-H	A	H	lesion	SFMBT2	cg01056653	3	False	unpaired_or_partially_paired_observations	beta_percentage_points	5000	42	17	59	0	30.86528052380953	2.7396686470588234	28.125611876750707	3.21750447952037	22.16785254264706	34.223268436064416	5.746166764709374e-11	5.746166764709374e-11	2.6540763655677767e-07	2.6540763655677767e-07	Welch_t	estimated		5000	65.98896210417179	13.612750823231378	118.36517338511219	0.013535303523660908	0.013535303523660908	59.0	sex;site	estimated	robust_Wald	HC3	2.0420992656121005e-10	1.1567766800870875e-06	0.04885398615571359	6.806997552040336e-11	3.855922266956958e-07
GSE48684	A-H	A	H	lesion	SFMBT2	cg22862480	4	False	unpaired_or_partially_paired_observations	beta_percentage_points	5000	42	17	59	0	55.84058969047619	9.889647588235293	45.9509421022409	4.178477580486847	37.67004718781512	53.56470656820728	1.0305937515594374e-15	1.0305937515594374e-15	4.642579221874049e-08	4.642579221874049e-08	Welch_t	estimated		5000	79.32660480650189	52.474402022414694	106.17880759058909	7.033908594805574e-09	7.033908594805574e-09	59.0	sex;site	estimated	robust_Wald	HC3	7.679585697104195e-15	4.874708182967752e-07	4.923736016363902e-08	2.5598618990347315e-15	1.624902727655917e-07
GSE48684	A-H	A	H	lesion	SFMBT2	cg12767281	5	False	unpaired_or_partially_paired_observations	beta_percentage_points	5000	42	17	59	0	37.895731404761904	3.6597578823529417	34.23597352240896	3.3448382971347232	27.54386793827031	40.74727404233193	5.152540133967116e-13	5.152540133967116e-13	1.3308342779010655e-08	1.3308342779010655e-08	Welch_t	estimated		5000	77.49605189507308	18.577920350698918	136.41418343944724	0.009938118534310111	0.009938118534310111	59.0	sex;site	estimated	robust_Wald	HC3	2.088134685870884e-12	4.039410372480431e-07	0.03826175635709393	6.960448952902946e-13	1.346470124160144e-07
GSE48684	A-H	A	H	lesion	SFMBT2	cg26878816	6	False	unpaired_or_partially_paired_observations	beta_percentage_points	5000	42	17	59	0	64.69416142857143	17.965571470588237	46.72858995798319	4.046950101624626	38.47628371778711	54.311181000490194	1.754888909516107e-16	1.754888909516107e-16	6.75620243452575e-08	6.75620243452575e-08	Welch_t	estimated		5000	71.1058950949625	56.70406926757471	85.50772092235029	3.7801291108503745e-22	3.7801291108503745e-22	59.0	sex;site	estimated	robust_Wald	HC3	1.5039167537091506e-15	5.709969474625888e-07	3.638374269193486e-21	5.013055845697169e-16	1.9033231582086296e-07
GSE48684	A-H	A	H	lesion	SFMBT2	cg12328063	7	False	unpaired_or_partially_paired_observations	beta_percentage_points	5000	42	17	59	0	45.06709166666667	10.546488117647058	34.52060354901961	3.424798049600117	28.005338873249304	41.31643715563726	1.0732060891484805e-13	1.0732060891484805e-13	1.693530366608083e-07	1.693530366608083e-07	Welch_t	estimated		5000	68.35346418157106	54.681345972578356	82.02558239056376	1.1393303225221656e-22	1.1393303225221656e-22	59.0	sex;site	estimated	robust_Wald	HC3	5.018507867480413e-13	8.693455881921493e-07	1.1442839326200882e-21	1.6728359558268044e-13	2.897818627307164e-07
GSE48684	A-H	A	H	lesion	SFMBT2	cg16818993	8	False	unpaired_or_partially_paired_observations	beta_percentage_points	5000	42	17	59	0	64.13019119047618	19.565078235294116	44.56511295518206	3.7342643018462325	37.017624948529395	51.45811896568626	4.940000130690515e-17	4.940000130690515e-17	5.101201130841709e-08	5.101201130841709e-08	Welch_t	estimated		5000	64.78784449146998	56.26812432362299	73.30756465931697	3.0828771361875546e-50	3.0828771361875546e-50	59.0	sex;site	estimated	robust_Wald	HC3	5.206141349350342e-16	4.909906088435145e-07	5.934538487161043e-49	1.7353804497834475e-16	1.6366353628117151e-07
GSE48684	A-H	A	H	lesion	ADHFE1	cg20295442	1	False	unpaired_or_partially_paired_observations	beta_percentage_points	5000	42	17	59	0	59.92647745238096	8.83189788235294	51.09457957002801	3.7709625270314224	43.57186018813025	57.97326052268906	1.0988528788690206e-17	1.0988528788690206e-17	2.028592902721852e-07	2.028592902721852e-07	Welch_t	estimated		5000	76.7866652004932	56.74322268292211	96.83010771806428	5.974240247449124e-14	5.974240247449124e-14	59.0	sex;site	estimated	robust_Wald	HC3	1.6922334334582917e-16	9.563366541403015e-07	4.928748204145527e-13	5.640778111527639e-17	3.1877888471343386e-07
GSE48684	A-H	A	H	lesion	ADHFE1	cg19283840	2	False	unpaired_or_partially_paired_observations	beta_percentage_points	5000	42	17	59	0	62.919327642857134	19.71149705882353	43.20783058403361	3.3051452247301953	36.52311738091736	49.297034392507	4.958229856524136e-17	4.958229856524136e-17	3.783451374099529e-07	3.783451374099529e-07	Welch_t	estimated		5000	61.63369536148158	41.712807600232246	81.5545831227309	1.327954097884433e-09	1.327954097884433e-09	59.0	sex;site	estimated	robust_Wald	HC3	5.206141349350342e-16	1.5068573576155021e-06	9.586168644103252e-09	1.7353804497834475e-16	5.02285785871834e-07
GSE48684	A-H	A	H	lesion	ADHFE1	cg25046651	3	False	unpaired_or_partially_paired_observations	beta_percentage_points	5000	42	17	59	0	69.91010785714286	33.740746470588235	36.16936138655462	2.9504771948191246	30.19203798459384	41.6567869765406	5.807790644649675e-17	5.807790644649675e-17	3.170563258725094e-07	3.170563258725094e-07	Welch_t	estimated		5000	49.59989365658502	10.258906211903385	88.94088110126664	0.013471259416187575	0.013471259416187575	59.0	sex;site	estimated	robust_Wald	HC3	5.833041908322065e-16	1.35629650512129e-06	0.04885398615571359	1.9443473027740217e-16	4.5209883504043003e-07
GSE48684	A-H	A	H	lesion	ADHFE1	cg01588438	4	False	unpaired_or_partially_paired_observations	beta_percentage_points	5000	42	17	59	0	72.52746333333334	26.488403529411762	46.039059803921575	3.4653758996334374	39.16448897514006	52.6095394072129	3.0839523456804964e-18	3.0839523456804964e-18	8.268819813786921e-07	8.268819813786921e-07	Welch_t	estimated		5000	59.59257130642649	0.6552765898455548	118.52986602300741	0.04750663966081541	0.04750663966081541	59.0	sex;site	estimated	robust_Wald	HC3	5.936608265434955e-17	3.0319005983885374e-06	0.11928297567009087	1.9788694218116518e-17	1.0106335327961792e-06
GSE48684	A-H	A	H	lesion	ADHFE1	cg08090772	5	False	unpaired_or_partially_paired_observations	beta_percentage_points	5000	42	17	59	0	67.35180357142858	28.798963529411765	38.552840042016804	3.146800126183259	32.31709835644258	44.325985424369755	1.877552940769326e-16	1.877552940769326e-16	3.783451374099529e-07	3.783451374099529e-07	Welch_t	estimated		5000	58.20151251673295	38.204633147896295	78.19839188556959	1.1666214506427743e-08	1.1666214506427743e-08	59.0	sex;site	estimated	robust_Wald	HC3	1.5489811761346941e-15	1.5068573576155021e-06	7.926163385249438e-08	5.163270587115646e-16	5.02285785871834e-07
GSE48684	A-H	A	H	lesion	ADHFE1	cg09383816	6	False	unpaired_or_partially_paired_observations	beta_percentage_points	5000	42	17	59	0	68.42037071428571	19.94699705882353	48.473373655462176	3.5542819874397122	41.27482051610645	54.917313823879546	3.923145978574199e-18	3.923145978574199e-18	3.783451374099529e-07	3.783451374099529e-07	Welch_t	estimated		5000	65.36585037089232	12.94265781274716	117.78904292903749	0.014531241447578273	0.014531241447578273	59.0	sex;site	estimated	robust_Wald	HC3	6.971128623466461e-17	1.5068573576155021e-06	0.05164179652908586	2.323709541155487e-17	5.02285785871834e-07
GSE48684	A-H	A	H	lesion	ADHFE1	cg20912169	7	False	unpaired_or_partially_paired_observations	beta_percentage_points	5000	42	17	59	0	60.53492254761904	10.395689999999998	50.13923254761904	3.5192114323604944	42.913320641841736	56.696361142471986	1.0936929507228097e-18	1.0936929507228097e-18	1.693530366608083e-07	1.693530366608083e-07	Welch_t	estimated		5000	72.15795417588448	26.253575589615597	118.06233276215336	0.0020637305748202536	0.0020637305748202536	59.0	sex;site	estimated	robust_Wald	HC3	2.5264307161696906e-17	8.693455881921493e-07	0.009729015567009768	8.421435720565635e-18	2.897818627307164e-07
GSE48684	A-H	A	H	lesion	ADHFE1	cg18065361	8	False	unpaired_or_partially_paired_observations	beta_percentage_points	5000	42	17	59	0	52.84546995238095	4.905555058823529	47.93991489355742	3.702217680735325	40.57277972647059	54.872189579446776	1.1134095804043248e-16	1.1134095804043248e-16	2.4273093621210336e-07	2.4273093621210336e-07	Welch_t	estimated		5000	75.8117258401691	49.35144235690405	102.27200932343415	1.9597193729665493e-08	1.9597193729665493e-08	59.0	sex;site	estimated	robust_Wald	HC3	1.0287904522935961e-15	1.0782855050960744e-06	1.257486597653536e-07	3.4293015076453205e-16	3.594285016986915e-07
GSE48684	A-H	A	H	lesion	HOXA2	cg04481096	1	False	unpaired_or_partially_paired_observations	beta_percentage_points	5000	42	17	59	0	76.44525595238095	50.84293823529411	25.60231771708684	4.385768350748597	17.333261628501404	33.379037885504204	1.5542935080422647e-06	1.5542935080422647e-06	3.4107921696391345e-06	3.4107921696391345e-06	Welch_t	estimated		5000	40.51123928337781	19.305285439586907	61.71719312716873	0.00018092740649647707	0.00018092740649647707	59.0	sex;site	estimated	robust_Wald	HC3	4.787224004770175e-06	1.0647202583603243e-05	0.0009085702369714391	1.5957413349233917e-06	3.549067527867748e-06
GSE48684	A-H	A	H	lesion	HOXA2	cg19598584	2	False	unpaired_or_partially_paired_observations	beta_percentage_points	5000	42	17	59	0	66.46173928571429	44.668639999999996	21.793099285714284	4.624338755207518	13.015262976190483	30.420808908613452	2.958028217291731e-05	2.958028217291731e-05	0.0001403420226850229	0.0001403420226850229	Welch_t	estimated		5000	33.34475013235368	17.86412603416158	48.82537423054578	2.424695597317551e-05	2.424695597317551e-05	59.0	sex;site	estimated	robust_Wald	HC3	8.874084651875193e-05	0.00042102606805506865	0.00013025690301868704	2.9580282172917307e-05	0.0001403420226850229
GSE48684	A-H	A	H	lesion	HOXA2	cg09871315	3	False	unpaired_or_partially_paired_observations	beta_percentage_points	5000	42	17	59	0	75.57842047619047	57.69580647058823	17.88261400560225	3.710847202093528	10.572706517156856	24.8396069439776	1.7981444162457346e-05	1.7981444162457346e-05	4.594529314098584e-05	4.594529314098584e-05	Welch_t	estimated		5000	32.5024405399829	-0.8244435355411139	65.8293246155069	0.05594315382540732	0.05594315382540732	59.0	sex;site	estimated	robust_Wald	HC3	5.465412633589009e-05	0.00013964950941536486	0.13461321389238637	1.8218042111963362e-05	4.654983647178828e-05
GSE48684	A-H	A	H	lesion	HOXA2	cg13661519	4	False	unpaired_or_partially_paired_observations	beta_percentage_points	5000	42	17	59	0	73.11892452380953	41.915253529411764	31.203670994397758	3.8917802904919583	23.39972406757704	38.44262366456582	2.1854759088642887e-10	2.1854759088642887e-10	9.007073623224004e-07	9.007073623224004e-07	Welch_t	estimated		5000	44.66885214684718	11.32627753029023	78.01142676340412	0.008645771233244549	0.008645771233244549	59.0	sex;site	estimated	robust_Wald	HC3	7.31659326011088e-10	3.200975395330377e-06	0.033850392455584584	2.43886442003696e-10	1.066991798443459e-06
GSE48684	A-H	A	H	lesion	HOXA2	cg02803819	5	False	unpaired_or_partially_paired_observations	beta_percentage_points	5000	42	17	59	0	75.74443952380953	40.636921176470594	35.10751834733893	4.308310650431622	26.47503399754901	42.85840650105041	1.427300490092486e-10	1.427300490092486e-10	9.808584583788927e-07	9.808584583788927e-07	Welch_t	estimated		5000	50.5511028775603	17.062012476011496	84.0401932791091	0.0030911427349767304	0.0030911427349767304	59.0	sex;site	estimated	robust_Wald	HC3	4.848623723696534e-10	3.433004604326125e-06	0.013472716448672165	1.6162079078988444e-10	1.1443348681087083e-06
GSE48684	A-H	A	H	lesion	HOXA2	cg03763508	6	False	unpaired_or_partially_paired_observations	beta_percentage_points	5000	42	17	59	0	79.04976047619047	56.267664705882346	22.782095770308118	3.6119341439659447	15.439665347689079	29.66101398039215	2.0712073819444692e-07	2.0712073819444692e-07	4.344490976938672e-06	4.344490976938672e-06	Welch_t	estimated		5000	24.06695854863877	3.3703302272390685	44.76358687003847	0.022659150682220956	0.022659150682220956	59.0	sex;site	estimated	robust_Wald	HC3	6.554094592180444e-07	1.338103220897111e-05	0.07170224393963069	2.1846981973934812e-07	4.460344069657037e-06
GSE48684	A-H	A	H	lesion	HOXA2	cg00188704	7	False	unpaired_or_partially_paired_observations	beta_percentage_points	5000	42	17	59	0	82.42583285714285	60.498390588235296	21.92744226890756	3.472091595558619	14.969220533613445	28.263715633753506	3.016926335215044e-07	3.016926335215044e-07	2.8987697734109067e-06	2.8987697734109067e-06	Welch_t	estimated		5000	29.350881687886876	-3.9616387110098294	62.663402086783584	0.08418950929057585	0.08418950929057585	59.0	sex;site	estimated	robust_Wald	HC3	9.417702478846962e-07	9.300219689693326e-06	0.1620648053843585	3.139234159615654e-07	3.1000732298977753e-06
GSE48684	A-H	A	H	lesion	HOXA2	cg06786372	8	False	unpaired_or_partially_paired_observations	beta_percentage_points	5000	42	17	59	0	80.62017357142857	55.209642941176476	25.410530630252094	3.8895782265998817	17.904333743347326	32.47908474229692	1.0253312449525002e-07	1.0253312449525002e-07	3.4107921696391345e-06	3.4107921696391345e-06	Welch_t	estimated		5000	35.361354521664765	-4.449958612756932	75.17266765608646	0.08170345913860348	0.08170345913860348	59.0	sex;site	estimated	robust_Wald	HC3	3.2896044108892714e-07	1.0647202583603243e-05	0.15994490729675767	1.0965348036297571e-07	3.549067527867748e-06
GSE48684	A-H	A	H	lesion	BEND5	cg11666087	1	False	unpaired_or_partially_paired_observations	beta_percentage_points	5000	42	17	59	0	46.6595734047619	2.5276682941176474	44.131905110644254	3.92952224333467	36.33201957997198	51.587474092016826	3.820598032319484e-14	3.820598032319484e-14	2.163698713573175e-08	2.163698713573175e-08	Welch_t	estimated		5000	82.9416677611594	69.18112644252908	96.7022090797897	3.317035854138637e-32	3.317035854138637e-32	59.0	sex;site	estimated	robust_Wald	HC3	1.9186046640560886e-13	4.039410372480431e-07	4.032817275294869e-31	6.395348880186964e-14	1.346470124160144e-07
GSE48684	A-H	A	H	lesion	BEND5	cg16573178	2	False	unpaired_or_partially_paired_observations	beta_percentage_points	5000	42	17	59	0	47.14610371428572	2.9690869999999996	44.17701671428572	4.171379266502417	36.07891163518908	51.9235844	2.315461067878982e-13	2.315461067878982e-13	5.60360307529315e-08	5.60360307529315e-08	Welch_t	estimated		5000	85.06318987942215	26.09123564117204	144.03514411767227	0.004696873014395216	0.004696873014395216	59.0	sex;site	estimated	robust_Wald	HC3	9.551276905000801e-13	5.177729241570871e-07	0.01903469590044377	3.1837589683336007e-13	1.7259097471902904e-07
GSE48684	A-H	A	H	lesion	BEND5	cg06744574	3	False	unpaired_or_partially_paired_observations	beta_percentage_points	5000	42	17	59	0	46.175422809523816	4.980903235294117	41.1945195742297	3.1082797298994977	34.993478867191875	46.990639024439766	1.7578247770626436e-16	1.7578247770626436e-16	1.6177385051703685e-08	1.6177385051703685e-08	Welch_t	estimated		5000	70.31025177046948	63.071887335079055	77.5486162058599	8.227953030489685e-81	8.227953030489685e-81	59.0	sex;site	estimated	robust_Wald	HC3	1.5039167537091506e-15	4.039410372480431e-07	3.8013143000862346e-79	5.013055845697169e-16	1.346470124160144e-07
GSE48684	A-H	A	H	lesion	BEND5	cg03603214	4	False	unpaired_or_partially_paired_observations	beta_percentage_points	5000	42	17	59	0	37.076633166666674	1.4839794529411767	35.5926537137255	4.146419508800682	27.750444763123244	43.62266599838935	1.0405840147838474e-10	1.0405840147838474e-10	1.9643506596723324e-08	1.9643506596723324e-08	Welch_t	estimated		5000	78.59114399453966	32.63825087435068	124.54403711472864	0.0008021921031819319	0.0008021921031819319	59.0	sex;site	estimated	robust_Wald	HC3	3.6420440517434653e-10	4.039410372480431e-07	0.003860549496563047	1.2140146839144886e-10	1.346470124160144e-07
GSE48684	A-H	A	H	lesion	UNC5C	cg15701178	1	False	unpaired_or_partially_paired_observations	beta_percentage_points	5000	42	17	59	0	49.824015214285716	13.838338	35.985677214285715	3.285238665465389	29.657411448039216	42.28251866939775	2.9819867721920377e-15	2.9819867721920377e-15	6.75620243452575e-08	6.75620243452575e-08	Welch_t	estimated		5000	50.69607898515422	42.971538534295696	58.42061943601276	7.248957172800265e-38	7.248957172800265e-38	59.0	sex;site	estimated	robust_Wald	HC3	1.9754610696778776e-14	5.709969474625888e-07	1.0465681918230382e-36	6.584870232259591e-15	1.9033231582086296e-07
GSE48684	A-H	A	H	lesion	UNC5C	cg03008707	2	False	unpaired_or_partially_paired_observations	beta_percentage_points	5000	42	17	59	0	70.18354785714284	37.884906470588234	32.298641386554614	2.9831512359040953	26.4355982412465	37.70885854621849	2.993122832845269e-15	2.993122832845269e-15	5.101201130841709e-08	5.101201130841709e-08	Welch_t	estimated		5000	49.49969514971566	41.70139305612428	57.297997243307044	1.5679760722948295e-35	1.5679760722948295e-35	59.0	sex;site	estimated	robust_Wald	HC3	1.9754610696778776e-14	4.909906088435145e-07	2.012235959445031e-34	6.584870232259591e-15	1.6366353628117151e-07
GSE48684	A-H	A	H	lesion	UNC5C	cg24870497	3	False	unpaired_or_partially_paired_observations	beta_percentage_points	5000	42	17	59	0	49.28316647619047	8.26688488235294	41.01628159383753	3.1594787183164925	34.730654399019606	47.06086576988795	9.81095805890051e-18	9.81095805890051e-18	2.6229937483639167e-08	2.6229937483639167e-08	Welch_t	estimated		5000	65.44778467595988	57.99058109248483	72.90498825943494	2.5861794262930207e-66	2.5861794262930207e-66	59.0	sex;site	estimated	robust_Wald	HC3	1.6188080797185841e-16	4.039410372480431e-07	6.63786052748542e-65	5.396026932395281e-17	1.346470124160144e-07
GSE48684	A-H	A	H	lesion	UNC5C	cg13265789	4	False	unpaired_or_partially_paired_observations	beta_percentage_points	5000	42	17	59	0	68.92222795238095	24.446769999999997	44.47545795238096	3.364995716566304	37.71794921057424	50.67636112955183	5.95263730716631e-19	5.95263730716631e-19	4.224039544171071e-08	4.224039544171071e-08	Welch_t	estimated		5000	63.75997784902621	43.63054518069362	83.88941051735878	5.359972107775012e-10	5.359972107775012e-10	59.0	sex;site	estimated	robust_Wald	HC3	1.964370311364882e-17	4.6464434985881783e-07	3.99404373192267e-09	6.547901037882941e-18	1.5488144995293929e-07
GSE48684	A-H	A	H	lesion	UNC5C	cg12584684	5	False	unpaired_or_partially_paired_observations	beta_percentage_points	5000	42	17	59	0	59.97693952380951	17.631349411764706	42.3455901120448	3.7756431666175247	34.95831048459384	49.30875079551821	7.733662208517468e-15	7.733662208517468e-15	1.7679710620940604e-06	1.7679710620940604e-06	Welch_t	estimated		5000	56.40037216546726	42.56620887632635	70.23453545460818	1.3432824633897392e-15	1.3432824633897392e-15	59.0	sex;site	estimated	robust_Wald	HC3	4.466189925418838e-14	5.834304504910399e-06	1.1492527742334436e-14	1.4887299751396125e-14	1.9447681683034666e-06
GSE48684	A-H	A	H	lesion	RALYL	cg08327106	1	False	unpaired_or_partially_paired_observations	beta_percentage_points	5000	42	17	59	0	55.7852269047619	21.54723705882353	34.237989845938365	3.465062158265923	27.56527405462186	40.71168556512606	1.909002130256454e-13	1.909002130256454e-13	4.1313058556774125e-07	4.1313058556774125e-07	Welch_t	estimated		5000	21.719167457098365	-27.49446106545337	70.9327959796501	0.3870499714871779	0.3870499714871779	59.0	sex;site	estimated	robust_Wald	HC3	8.017808947077107e-13	1.6175112756974276e-06	0.5168123896736306	2.672602982359036e-13	5.391704252324759e-07
GSE48684	A-H	A	H	lesion	RALYL	cg09757712	2	False	unpaired_or_partially_paired_observations	beta_percentage_points	5000	42	17	59	0	60.88820380952381	25.35056117647058	35.53764263305323	3.9220541533980233	27.734284378151248	42.88710058158263	1.251656126539594e-12	1.251656126539594e-12	1.3756937579557517e-06	1.3756937579557517e-06	Welch_t	estimated		5000	60.08772867595995	51.429213367877026	68.74624398404288	3.916923608632385e-42	3.916923608632385e-42	59.0	sex;site	estimated	robust_Wald	HC3	4.900551953061801e-12	4.743063553548935e-06	6.032062357293873e-41	1.6335173176872667e-12	1.5810211845163116e-06
GSE48684	A-H	A	H	lesion	RALYL	cg11089595	3	False	unpaired_or_partially_paired_observations	beta_percentage_points	5000	42	16	58	0	68.17836976190476	35.83774125	32.340628511904754	3.906720895409403	24.713589872023814	39.870397369047616	3.084004314690347e-10	3.084004314690347e-10	8.891122050844716e-07	8.891122050844716e-07	Welch_t	estimated		5000	33.02065598075377	19.734545190189117	46.30676677131842	1.1092275829093985e-06	1.1092275829093985e-06	58.0	sex;site	estimated	robust_Wald	HC3	1.0177214238478145e-09	3.200975395330377e-06	6.5700402987710525e-06	3.392404746159382e-10	1.066991798443459e-06
GSE48684	A-H	A	H	lesion	RALYL	cg01134282	4	False	unpaired_or_partially_paired_observations	beta_percentage_points	5000	42	17	59	0	57.11274857142858	21.587476470588236	35.52527210084035	3.9365273042844726	27.59769371638655	42.6998664485294	3.4025585425643377e-12	3.4025585425643377e-12	2.0870068478676735e-06	2.0870068478676735e-06	Welch_t	estimated		5000	1.6651363011425235	-93.18985689395414	96.52012949623919	0.9725531780399915	0.9725531780399915	59.0	sex;site	estimated	robust_Wald	HC3	1.2885098743153476e-11	6.790120871231445e-06	0.9810470922586815	4.295032914384492e-12	2.263373623743815e-06
GSE48684	A-H	A	H	lesion	RALYL	cg06955749	5	False	unpaired_or_partially_paired_observations	beta_percentage_points	5000	42	17	59	0	53.886711428571424	20.261038235294116	33.62567319327731	3.282055412549249	27.329742104341726	39.69047421883752	1.117255345528545e-13	1.117255345528545e-13	2.028592902721852e-07	2.028592902721852e-07	Welch_t	estimated		5000	5.252759221478662	-79.7572883239409	90.26280676689822	0.9036071506801828	0.9036071506801828	59.0	sex;site	estimated	robust_Wald	HC3	5.060509506217527e-13	9.563366541403015e-07	0.9329767358333986	1.686836502072509e-13	3.1877888471343386e-07
GSE48684	A-H	A	H	lesion	GFRA1	cg19236679	1	False	unpaired_or_partially_paired_observations	beta_percentage_points	5000	41	17	58	0	47.974671146341464	7.32345088235294	40.65122026398853	3.4370049459653025	33.83193673992109	46.901883108500726	2.6259960007354097e-15	2.6259960007354097e-15	3.117807099688032e-08	3.117807099688032e-08	Welch_t	estimated		5000	78.87970677011363	-6.414439283026308	164.17385282325355	0.06989857722526369	0.06989857722526369	58.0	sex;site	estimated	robust_Wald	HC3	1.8381972005147868e-14	4.0762788348183104e-07	0.15232614470788597	6.127324001715956e-15	1.3587596116061035e-07
GSE48684	A-H	A	H	lesion	GFRA1	cg06298519	2	False	unpaired_or_partially_paired_observations	beta_percentage_points	5000	42	17	59	0	65.93438904761905	17.376290647058823	48.558098400560226	3.9077881501000618	40.924381672408956	55.878197153781514	1.2260787489638384e-17	1.2260787489638384e-17	7.415544772241414e-08	7.415544772241414e-08	Welch_t	estimated		5000	72.13228417900459	45.42071608086384	98.84385227714532	1.2051459530629887e-07	1.2051459530629887e-07	59.0	sex;site	estimated	robust_Wald	HC3	1.7701511938165417e-16	5.709969474625888e-07	7.326018819935537e-07	5.900503979388472e-17	1.9033231582086296e-07
GSE48684	A-H	A	H	lesion	GFRA1	cg19485539	3	False	unpaired_or_partially_paired_observations	beta_percentage_points	5000	42	17	59	0	65.59303642857144	19.910659411764705	45.68237701680673	3.776778071982003	38.012607059523816	52.738887858893534	3.327542261785916e-17	3.327542261785916e-17	7.415544772241414e-08	7.415544772241414e-08	Welch_t	estimated		5000	70.52055254491466	62.120771342710526	78.9203337471188	7.732162286574998e-61	7.732162286574998e-61	59.0	sex;site	estimated	robust_Wald	HC3	4.2620453233817724e-16	5.709969474625888e-07	1.6237540801807496e-59	1.420681774460591e-16	1.9033231582086296e-07
GSE48684	A-H	A	H	lesion	GFRA1	cg18672939	4	False	unpaired_or_partially_paired_observations	beta_percentage_points	5000	42	17	59	0	55.05013228571427	7.137484647058823	47.91264763865545	4.158404227319303	39.599474787149845	55.77989477542016	2.4951042250502136e-15	2.4951042250502136e-15	4.5099194526057905e-07	4.5099194526057905e-07	Welch_t	estimated		5000	82.08203274570978	73.87308234317639	90.29098314824317	1.612771972954258e-85	1.612771972954258e-85	59.0	sex;site	estimated	robust_Wald	HC3	1.801153362458123e-14	1.7078547435277666e-06	1.2418344191747786e-83	6.003844541527076e-15	5.692849145092556e-07
GSE48684	A-H	A	H	lesion	GFRA1	cg27034576	5	False	unpaired_or_partially_paired_observations	beta_percentage_points	5000	42	17	59	0	60.08732904761904	15.940270941176472	44.14705810644257	3.25120735976508	37.80855318550421	50.55083826470587	3.1830457465270554e-19	3.1830457465270554e-19	1.6177385051703685e-08	1.6177385051703685e-08	Welch_t	estimated		5000	65.99541095797895	58.1411046964219	73.849717219536	6.178524655838232e-61	6.178524655838232e-61	59.0	sex;site	estimated	robust_Wald	HC3	1.2254726124129164e-17	4.039410372480431e-07	1.4272391954986314e-59	4.084908708043054e-18	1.346470124160144e-07
GSE48684	A-H	A	H	lesion	GFRA1	cg18044663	6	False	unpaired_or_partially_paired_observations	beta_percentage_points	5000	42	17	59	0	49.491880380952374	6.097639647058823	43.394240733893554	3.7722302556774165	35.801101002345945	50.57018618953081	4.260703619889202e-15	4.260703619889202e-15	3.4639466005058124e-07	3.4639466005058124e-07	Welch_t	estimated		5000	77.7445428337778	73.39937821956619	82.0897074479894	2.068854611969515e-269	2.068854611969515e-269	59.0	sex;site	estimated	robust_Wald	HC3	2.590059305774752e-14	1.4548575722124412e-06	2.3895270768247896e-267	8.633531019249172e-15	4.849525240708137e-07
GSE48684	T-A	T	A	lesion	EYA4	cg14017655	1	False	unpaired_or_partially_paired_observations	beta_percentage_points	5000	64	42	106	0	35.972456453125	46.75415507142858	-10.781698618303576	4.893017208927293	-20.03781959529389	-1.2302950418340703	0.03014949801814182	0.03014949801814182	0.02878151238106762	0.02878151238106762	Welch_t	estimated		5000	-8.462044417847018	-18.716713673130972	1.7926248374369347	0.10580458292456553	0.10580458292456553	104.0	sex;site	estimated	robust_Wald	HC3	0.07488746281925548	0.06854153979408886	0.19194179466668143	0.6075433162945919	0.7325787902511012
GSE48684	T-A	T	A	lesion	EYA4	cg20330472	2	False	unpaired_or_partially_paired_observations	beta_percentage_points	5000	64	42	106	0	49.81277175	48.97076023809523	0.8420115119047722	4.511442958169194	-8.06022140323662	9.587607264918141	0.852322936682638	0.852322936682638	0.7886530466386181	0.7886530466386181	Welch_t	estimated		5000	3.297324459453902	-5.598942131981267	12.193591050889072	0.4675667843959709	0.4675667843959709	104.0	sex;site	estimated	robust_Wald	HC3	0.885270548988961	0.8675183513024799	0.5967288795329795	0.9490034636714607	0.9922694814316001
GSE48684	T-A	T	A	lesion	EYA4	cg17838029	3	False	unpaired_or_partially_paired_observations	beta_percentage_points	5000	64	41	105	0	25.152962749999997	28.400070780487802	-3.247108030487805	3.1094634976352493	-9.21487106068026	2.7691697155201935	0.2993246182604768	0.2993246182604768	0.3133390013069074	0.3133390013069074	Welch_t	estimated		5000	-2.126994444733556	-8.753962228353714	4.499973338886602	0.5293026485757111	0.5293026485757111	103.0	sex;site	estimated	robust_Wald	HC3	0.39510849610382937	0.3998967364745614	0.6503665522393046	0.7911755736396895	0.8319690724355817
GSE48684	T-A	T	A	lesion	EYA4	cg14343214	4	False	unpaired_or_partially_paired_observations	beta_percentage_points	5000	63	42	105	0	43.885516015873016	46.422995952380965	-2.537479936507947	4.931393251991689	-11.9414931813492	6.876134728769828	0.6081203186402997	0.6081203186402997	0.6306856791980787	0.6306856791980787	Welch_t	estimated		5000	-0.7312848881988884	-10.840842000083155	9.378272223685379	0.8872569828586778	0.8872569828586778	103.0	sex;site	estimated	robust_Wald	HC3	0.6919989832803409	0.7248178701231651	0.9316198320016117	0.9156929811954356	0.9922694814316001
GSE48684	T-A	T	A	lesion	EYA4	cg24675448	5	False	unpaired_or_partially_paired_observations	beta_percentage_points	5000	64	42	106	0	62.22333437500001	61.58242380952381	0.6409105654761937	4.323038572911673	-7.5846236556919635	9.1915078018973	0.882467472377317	0.882467472377317	0.7055287502924983	0.7055287502924983	Welch_t	estimated		5000	3.1179476832918405	-5.286005208390355	11.521900574974037	0.46712453713515734	0.46712453713515734	104.0	sex;site	estimated	robust_Wald	HC3	0.9059999383073788	0.7911511714445005	0.5967288795329795	0.9490034636714607	0.9922694814316001
GSE48684	T-A	T	A	lesion	EYA4	cg21607030	6	False	unpaired_or_partially_paired_observations	beta_percentage_points	5000	64	41	105	0	58.097404374999996	60.52186243902439	-2.424458064024393	4.606065482444969	-11.152800923304108	6.953335515815547	0.6000149909648589	0.6000149909648589	0.5788776144397083	0.5788776144397083	Welch_t	estimated		5000	-1.2935628394412393	-10.766369532115867	8.179243853233388	0.7889736269678544	0.7889736269678544	103.0	sex;site	estimated	robust_Wald	HC3	0.6861557569944674	0.6753572168463263	0.872023482438155	0.9156929811954356	0.966014910663403
GSE48684	T-A	T	A	lesion	EYA4	cg11664500	7	False	unpaired_or_partially_paired_observations	beta_percentage_points	5000	64	42	106	0	48.3165473125	56.58592697619047	-8.269379663690474	4.418960877968026	-16.507437665308775	0.4824418306361634	0.06430931055870207	0.06430931055870207	0.09625948837839486	0.09625948837839486	Welch_t	estimated		5000	-6.6409014934532165	-15.971785783634395	2.6899827967279633	0.16303703574749862	0.16303703574749862	104.0	sex;site	estimated	robust_Wald	HC3	0.13240329659959094	0.16618236110271137	0.2633675192844208	0.6075433162945919	0.7325787902511012
GSE48684	T-A	T	A	lesion	EYA4	cg26656135	8	False	unpaired_or_partially_paired_observations	beta_percentage_points	5000	64	42	106	0	62.753362968750004	64.21454285714286	-1.4611798883928495	3.7788639879334065	-8.901524448474698	5.930550016741066	0.6998728700348422	0.6998728700348422	0.8844473318456453	0.8844473318456453	Welch_t	estimated		5000	0.41278825889658183	-7.191762012006055	8.017338529799218	0.9152727164211755	0.9152727164211755	104.0	sex;site	estimated	robust_Wald	HC3	0.7645172531678873	0.9244675731056293	0.935522112802175	0.9156929811954356	0.9922694814316001
GSE48684	T-A	T	A	lesion	EYA4	cg20286200	9	False	unpaired_or_partially_paired_observations	beta_percentage_points	5000	64	42	106	0	63.67199609375	65.76279071428571	-2.0907946205357075	4.159787239407754	-10.368166982142867	6.159610043712782	0.6163736409339798	0.6163736409339798	0.9510699921159229	0.9510699921159229	Welch_t	estimated		5000	-0.6409809579275844	-9.093655241309518	7.8116933254543515	0.8818475959377394	0.8818475959377394	104.0	sex;site	estimated	robust_Wald	HC3	0.6979525051752419	0.9764318585723475	0.930168012153506	0.9156929811954356	0.9922694814316001
GSE48684	T-A	T	A	lesion	EYA4	cg14270292	10	False	unpaired_or_partially_paired_observations	beta_percentage_points	5000	64	42	106	0	62.34727434375	64.88925157142857	-2.5419772276785713	4.267602089774735	-10.728115229315472	5.5638379181919735	0.5527815158177543	0.5527815158177543	0.9922694814316	0.9922694814316	Welch_t	estimated		5000	-0.8383270534688674	-9.786272245465517	8.10961813852778	0.854305510403615	0.854305510403615	104.0	sex;site	estimated	robust_Wald	HC3	0.6449117684540466	0.9922694814316	0.9136322819594217	0.9156929811954356	0.9922694814316001
GSE48684	T-A	T	A	lesion	EYA4	cg06181518	11	False	unpaired_or_partially_paired_observations	beta_percentage_points	5000	64	42	106	0	36.075586265625006	43.05813747619048	-6.98255121056548	4.452511810693977	-15.45217874278274	1.7058933618303493	0.12030413198092992	0.12030413198092992	0.13652318263987798	0.13652318263987798	Welch_t	estimated		5000	-4.480101496409171	-13.778162364600602	4.81795937178226	0.34497907690375307	0.34497907690375307	104.0	sex;site	estimated	robust_Wald	HC3	0.2000524196528063	0.20747931045928825	0.4829707076652543	0.6075433162945919	0.7325787902511012
GSE48684	T-A	T	A	lesion	EYA4	cg14287112	12	False	unpaired_or_partially_paired_observations	beta_percentage_points	5000	64	42	106	0	48.255363109375004	55.589791119047625	-7.334428009672623	4.602019542083115	-16.25329479925596	1.6813580983072798	0.11425713401021242	0.11425713401021242	0.17393171256256945	0.17393171256256945	Welch_t	estimated		5000	-5.602538473421833	-15.254686796314354	4.049609849470688	0.2552663525792116	0.2552663525792116	104.0	sex;site	estimated	robust_Wald	HC3	0.19696565639073932	0.24649218160707695	0.3804292093277283	0.6075433162945919	0.7325787902511012
GSE48684	T-A	T	A	lesion	EYA4	cg01328892	13	False	unpaired_or_partially_paired_observations	beta_percentage_points	5000	63	42	105	0	66.8343253968254	68.41914404761906	-1.5848186507936513	4.095263880142051	-9.7162593313492	6.518531305555548	0.6996260244907264	0.6996260244907264	0.9869532155981993	0.9869532155981993	Welch_t	estimated		5000	0.5064254981874289	-7.882572270671028	8.895423267045889	0.9058151006880669	0.9058151006880669	103.0	sex;site	estimated	robust_Wald	HC3	0.7645172531678873	0.9922694814316	0.9329767358333986	0.9156929811954356	0.9922694814316001
GSE48684	T-A	T	A	lesion	EYA4	cg05493394	14	False	unpaired_or_partially_paired_observations	beta_percentage_points	5000	64	42	106	0	54.146875484375	52.82243	1.324445484375003	4.684718627674124	-7.93376716036086	10.170022705561731	0.7780494229847965	0.7780494229847965	0.7345252134161631	0.7345252134161631	Welch_t	estimated		5000	3.662286797279321	-5.819744309025876	13.144317903584518	0.4490465342019849	0.4490465342019849	104.0	sex;site	estimated	robust_Wald	HC3	0.8350914160051589	0.8196875570006458	0.5893735761401052	0.9396041562767613	0.9922694814316001
GSE48684	T-A	T	A	lesion	EYA4	cg26449787	15	False	unpaired_or_partially_paired_observations	beta_percentage_points	5000	64	42	106	0	60.02154343749999	63.27462119047619	-3.2530777529761967	4.32801148159037	-11.488823670758917	4.987036814732137	0.4542210217144007	0.4542210217144007	0.4834079491667497	0.4834079491667497	Welch_t	estimated		5000	-2.210444992317563	-10.959435144993995	6.538545160358869	0.6204676108948887	0.6204676108948887	104.0	sex;site	estimated	robust_Wald	HC3	0.5436531399794122	0.575604310605769	0.7350154775216373	0.8327385398097347	0.9078637094107249
GSE48684	T-A	T	A	lesion	EYA4	cg22871668	16	False	unpaired_or_partially_paired_observations	beta_percentage_points	5000	64	42	106	0	49.294709140624995	57.61560045238095	-8.320891311755958	4.529807916994427	-17.017597806845234	0.41980005924478464	0.06930799704830769	0.06930799704830769	0.09497401363004435	0.09497401363004435	Welch_t	estimated		5000	-6.626450704580611	-16.199656906827865	2.946755497666641	0.1748886434144874	0.1748886434144874	104.0	sex;site	estimated	robust_Wald	HC3	0.1356792145606701	0.16618236110271137	0.27677786077699684	0.6075433162945919	0.7325787902511012
GSE48684	T-A	T	A	lesion	EYA4	cg20980055	17	False	unpaired_or_partially_paired_observations	beta_percentage_points	5000	63	42	105	0	35.187868398412704	42.08570819047619	-6.897839792063487	3.606479627074996	-13.68616340119046	0.09883211865078204	0.05905940205109886	0.05905940205109886	0.061838832742488366	0.061838832742488366	Welch_t	estimated		5000	-5.739364610675519	-13.263709682916936	1.7849804615658973	0.13491263686382385	0.13491263686382385	103.0	sex;site	estimated	robust_Wald	HC3	0.1267339225139205	0.12869162489652985	0.23085051196698747	0.6075433162945919	0.7325787902511012
GSE48684	T-A	T	A	lesion	ZNF568	cg06611358	1	False	unpaired_or_partially_paired_observations	beta_percentage_points	5000	63	42	105	0	60.577023333333344	66.08234738095237	-5.505324047619031	4.249769575617136	-13.54246778571428	2.8171060535714214	0.19829855382189907	0.19829855382189907	0.30909526678264143	0.30909526678264143	Welch_t	estimated		5000	-4.2346153943402784	-12.888507715657841	4.419276926977283	0.33752318240971435	0.33752318240971435	103.0	sex;site	estimated	robust_Wald	HC3	0.2845153163531595	0.3966722590377232	0.47541375083319526	0.6940449383766467	0.8319690724355817
GSE48684	T-A	T	A	lesion	ZNF568	cg27390819	2	False	unpaired_or_partially_paired_observations	beta_percentage_points	5000	64	42	106	0	56.64844953125	58.18581047619048	-1.5373609449404801	3.984549886147314	-9.354667220610116	6.151603014694938	0.700492061915704	0.700492061915704	0.8036065608034122	0.8036065608034122	Welch_t	estimated		5000	-0.2724635030882355	-8.515332075073651	7.970405068897181	0.9483447583826977	0.9483447583826977	104.0	sex;site	estimated	robust_Wald	HC3	0.7645172531678873	0.872842543612727	0.9608229788877332	0.9156929811954356	0.9922694814316001
GSE48684	T-A	T	A	lesion	ZNF568	cg20154403	3	False	unpaired_or_partially_paired_observations	beta_percentage_points	5000	64	42	106	0	56.205199531249995	59.903774999999996	-3.6985754687499983	4.274435230969149	-11.989279906063995	4.505294292596722	0.38911505563336524	0.38911505563336524	0.43636670017487855	0.43636670017487855	Welch_t	estimated		5000	-0.5736080132403919	-9.129427701533935	7.982211675053152	0.8954573779389539	0.8954573779389539	104.0	sex;site	estimated	robust_Wald	HC3	0.4823209379407733	0.5305300407389313	0.9329767358333986	0.7911755736396895	0.9074370869622921
GSE48684	T-A	T	A	lesion	ZNF568	cg21761844	4	False	unpaired_or_partially_paired_observations	beta_percentage_points	5000	64	41	105	0	35.335157890625	37.34238219512196	-2.007224304496952	4.030864146054431	-9.58080378174543	5.7957589857183525	0.6198038488712472	0.6198038488712472	0.5833784360086801	0.5833784360086801	Welch_t	estimated		5000	1.046536917061207	-7.042426365795708	9.135500199918122	0.7998224032579375	0.7998224032579375	103.0	sex;site	estimated	robust_Wald	HC3	0.698413117508576	0.6771880337588196	0.8756349533297799	0.9156929811954356	0.966014910663403
GSE48684	T-A	T	A	lesion	ZNF568	cg20680720	5	False	unpaired_or_partially_paired_observations	beta_percentage_points	5000	64	42	106	0	38.218534874999996	43.556458357142844	-5.337923482142848	5.922413755941624	-16.80846856774555	6.310547324516345	0.3698804309655329	0.3698804309655329	0.3885148265732271	0.3885148265732271	Welch_t	estimated		5000	-0.7611406884238777	-12.299745931596306	10.77746455474855	0.897129413761739	0.897129413761739	104.0	sex;site	estimated	robust_Wald	HC3	0.4694636239177918	0.4825103491312659	0.9329767358333986	0.7911755736396895	0.8783812964443103
GSE48684	T-A	T	A	lesion	ZNF568	cg02459604	6	False	unpaired_or_partially_paired_observations	beta_percentage_points	5000	64	42	106	0	65.640203765625	66.40330992857143	-0.7631061629464253	4.153040091106543	-8.73291537353049	7.297362979575883	0.854611828677655	0.854611828677655	0.9665104014323518	0.9665104014323518	Welch_t	estimated		5000	2.6278936049760713	-5.679000673844195	10.934787883796337	0.5352338228430313	0.5352338228430313	104.0	sex;site	estimated	robust_Wald	HC3	0.885270548988961	0.9878933749153684	0.6527585709470712	0.9490034636714607	0.9922694814316001
GSE48684	T-A	T	A	lesion	ZNF568	cg03060201	7	False	unpaired_or_partially_paired_observations	beta_percentage_points	5000	64	42	106	0	37.060706321874996	38.691027642857144	-1.6303213209821477	4.521274333360615	-10.130067178727673	6.997469009787954	0.7193447730114925	0.7193447730114925	0.662835720347879	0.662835720347879	Welch_t	estimated		5000	1.6233410861474153	-7.47269211451452	10.719374286809352	0.7264972441844961	0.7264972441844961	104.0	sex;site	estimated	robust_Wald	HC3	0.7801344721392242	0.7542613369475865	0.8186383580810663	0.9176977930500922	0.9922694814316001
GSE48684	T-A	T	A	lesion	ZNF568	cg03443751	8	False	unpaired_or_partially_paired_observations	beta_percentage_points	5000	64	42	106	0	32.425464203124996	35.74971011904762	-3.324245915922619	4.975801757781231	-13.027553787611607	6.149278164713542	0.5058789499149855	0.5058789499149855	0.4713958893310608	0.4713958893310608	Welch_t	estimated		5000	0.0721957907001837	-10.11458527535836	10.258976856758725	0.9889172103293458	0.9889172103293458	104.0	sex;site	estimated	robust_Wald	HC3	0.5992719868223674	0.5642095877485753	0.9889172103293458	0.8852881623512247	0.9074370869622921
GSE48684	T-A	T	A	lesion	ZNF793	cg17332326	1	False	unpaired_or_partially_paired_observations	beta_percentage_points	5000	64	42	106	0	54.55814496875	55.93877709523809	-1.3806321264880905	5.089000294114599	-11.0174590827753	8.638355950353406	0.7867676634821603	0.7867676634821603	0.8844473318456453	0.8844473318456453	Welch_t	estimated		5000	1.3672013976041255	-8.425688056836954	11.160090852045206	0.7843660607057547	0.7843660607057547	104.0	sex;site	estimated	robust_Wald	HC3	0.8350914160051589	0.9244675731056293	0.872023482438155	0.9396041562767613	0.9922694814316001
GSE48684	T-A	T	A	lesion	ZNF793	cg11623861	2	False	unpaired_or_partially_paired_observations	beta_percentage_points	5000	64	42	106	0	29.884548015625	34.94369616666667	-5.05914815104167	4.709141616011508	-14.50861759004836	4.220168434523799	0.28571916788229296	0.28571916788229296	0.22833624631203153	0.22833624631203153	Welch_t	estimated		5000	-2.6115412814656427	-11.83387533808689	6.6107927751556055	0.578884910867171	0.578884910867171	104.0	sex;site	estimated	robust_Wald	HC3	0.38372748709773064	0.3048882826478571	0.6922269506835736	0.7911755736396895	0.7325787902511012
GSE48684	T-A	T	A	lesion	ZNF793	cg14732998	3	False	unpaired_or_partially_paired_observations	beta_percentage_points	5000	64	42	106	0	56.77641871875	60.720915238095245	-3.944496519345242	4.84613791478059	-13.079172925781247	5.536513747023781	0.417791504885326	0.417791504885326	0.36755134627881814	0.36755134627881814	Welch_t	estimated		5000	-1.2108261525366597	-10.535083431346893	8.113431126273573	0.7990966974911257	0.7990966974911257	104.0	sex;site	estimated	robust_Wald	HC3	0.5079465138342648	0.4663699933042259	0.8756349533297799	0.8042486469042526	0.8783812964443103
GSE48684	T-A	T	A	lesion	ZNF793	cg07482795	4	False	unpaired_or_partially_paired_observations	beta_percentage_points	5000	64	42	106	0	47.52576946875	44.56999114285715	2.955778325892855	5.48481674026765	-8.082723670275287	13.844804351246268	0.5912746508208555	0.5912746508208555	0.7055287502924983	0.7055287502924983	Welch_t	estimated		5000	6.474336884805283	-4.128039917403973	17.07671368701454	0.23136456815814554	0.23136456815814554	104.0	sex;site	estimated	robust_Wald	HC3	0.6795245987045653	0.7911511714445005	0.35161325818770806	0.9156929811954356	0.9922694814316001
GSE48684	T-A	T	A	lesion	ZNF793	cg13181745	5	False	unpaired_or_partially_paired_observations	beta_percentage_points	5000	64	42	106	0	48.465676046875	52.24338185714286	-3.777705810267862	5.001796544136152	-13.698411812853422	5.95866949512648	0.4519547144040861	0.4519547144040861	0.6349601350732064	0.6349601350732064	Welch_t	estimated		5000	-1.05985522309404	-10.670142645679608	8.550432199491526	0.8288696552587401	0.8288696552587401	104.0	sex;site	estimated	robust_Wald	HC3	0.5436531399794122	0.7261177782272805	0.8946976200329434	0.8327385398097347	0.9922694814316001
GSE48684	T-A	T	A	lesion	ZNF793	cg24078985	6	False	unpaired_or_partially_paired_observations	beta_percentage_points	5000	64	42	106	0	51.19550034375	51.397730666666675	-0.20223032291667442	5.154068961410647	-10.527870031138386	9.664910341201624	0.9687837661122296	0.9687837661122296	0.9819633775489343	0.9819633775489343	Welch_t	estimated		5000	2.749555997403089	-7.023578322646835	12.522690317453014	0.5813507724355553	0.5813507724355553	104.0	sex;site	estimated	robust_Wald	HC3	0.9687837661122296	0.9922694814316	0.6922269506835736	0.9687837661122297	0.9922694814316001
GSE48684	T-A	T	A	lesion	ZNF793	cg15139588	7	False	unpaired_or_partially_paired_observations	beta_percentage_points	5000	64	42	106	0	44.27782328125001	51.331856261904754	-7.054032980654745	4.993124024947263	-16.771924630617555	2.6025640215587655	0.1611758733852006	0.1611758733852006	0.16393002569414417	0.16393002569414417	Welch_t	estimated		5000	-4.0648114056954014	-13.721138611585104	5.591515800194304	0.40934724961374747	0.40934724961374747	104.0	sex;site	estimated	robust_Wald	HC3	0.2417638100778009	0.23590024300930634	0.543443762418251	0.6270871069842338	0.7325787902511012
GSE48684	T-A	T	A	lesion	ZNF793	cg25361907	8	False	unpaired_or_partially_paired_observations	beta_percentage_points	5000	64	42	106	0	48.07337271875	52.60573483333333	-4.532362114583327	5.061342668043711	-14.396390252176342	5.193532777120514	0.37285744680315	0.37285744680315	0.39926422565650466	0.39926422565650466	Welch_t	estimated		5000	-2.017669430335152	-11.798808925842923	7.763470065172619	0.6859887639374119	0.6859887639374119	104.0	sex;site	estimated	robust_Wald	HC3	0.47065612137446805	0.49058529854602434	0.7817552768518553	0.7911755736396895	0.8783812964443103
GSE48684	T-A	T	A	lesion	SFMBT2	cg20299663	1	False	unpaired_or_partially_paired_observations	beta_percentage_points	5000	64	42	106	0	61.74467390625	65.26253380952382	-3.5178599032738123	4.232324968909797	-11.441788529389886	4.576795565848213	0.4079117077482478	0.4079117077482478	0.7007359860055855	0.7007359860055855	Welch_t	estimated		5000	-2.7294096516412223	-11.392554860030673	5.933735556748229	0.5369009890906646	0.5369009890906646	104.0	sex;site	estimated	robust_Wald	HC3	0.501210662180028	0.7911511714445005	0.6527585709470712	0.8042486469042526	0.9922694814316001
GSE48684	T-A	T	A	lesion	SFMBT2	cg20506550	2	False	unpaired_or_partially_paired_observations	beta_percentage_points	5000	64	42	106	0	37.45837925	43.736086666666665	-6.2777074166666615	4.119483404581434	-14.177289222898068	1.6112779085565472	0.13118830436948614	0.13118830436948614	0.09244433742580693	0.09244433742580693	Welch_t	estimated		5000	-4.391980907523699	-12.718266897224703	3.934305082177305	0.30120665049216033	0.30120665049216033	104.0	sex;site	estimated	robust_Wald	HC3	0.20899654006449173	0.16618236110271137	0.43667135968898274	0.6075433162945919	0.7325787902511012
GSE48684	T-A	T	A	lesion	SFMBT2	cg01056653	3	False	unpaired_or_partially_paired_observations	beta_percentage_points	5000	64	42	106	0	27.33102003125	30.86528052380953	-3.5342604925595325	4.043547601089642	-11.560656403087805	4.240531769866063	0.38456672085957244	0.38456672085957244	0.3814474554714199	0.3814474554714199	Welch_t	estimated		5000	-1.7027793338210275	-9.985498976109454	6.579940308467398	0.6869970614758729	0.6869970614758729	104.0	sex;site	estimated	robust_Wald	HC3	0.4823209379407733	0.47888240333640214	0.7817552768518553	0.7911755736396895	0.8783812964443103
GSE48684	T-A	T	A	lesion	SFMBT2	cg22862480	4	False	unpaired_or_partially_paired_observations	beta_percentage_points	5000	64	42	106	0	48.70720568750001	55.84058969047619	-7.1333840029761895	4.516143654552734	-15.674528833165905	1.6670308869419626	0.11785307026223407	0.11785307026223407	0.06706982505749558	0.06706982505749558	Welch_t	estimated		5000	-6.214646951006496	-15.425305542949424	2.996011640936433	0.18602381367355048	0.18602381367355048	104.0	sex;site	estimated	robust_Wald	HC3	0.1987157608071246	0.13396188205295276	0.2903479794499335	0.6075433162945919	0.7325787902511012
GSE48684	T-A	T	A	lesion	SFMBT2	cg12767281	5	False	unpaired_or_partially_paired_observations	beta_percentage_points	5000	64	42	106	0	32.707814296875	37.895731404761904	-5.187917107886908	4.201373036167812	-13.59579909360119	3.1299223582031077	0.2202947917214356	0.2202947917214356	0.208996373266635	0.208996373266635	Welch_t	estimated		5000	-3.290240211001294	-11.919563491321028	5.3390830693184395	0.4548783644579797	0.4548783644579797	104.0	sex;site	estimated	robust_Wald	HC3	0.30841270841000984	0.289090791764028	0.5932166090318423	0.7375086505456757	0.7325787902511012
GSE48684	T-A	T	A	lesion	SFMBT2	cg26878816	6	False	unpaired_or_partially_paired_observations	beta_percentage_points	5000	64	42	106	0	58.54002653125	64.69416142857143	-6.154134897321429	4.440376008615801	-14.608194197154011	2.1790276613839232	0.1690592905289213	0.1690592905289213	0.12031404033481521	0.12031404033481521	Welch_t	estimated		5000	-4.002751271808812	-12.912773594894277	4.907271051276653	0.37859010494639644	0.37859010494639644	104.0	sex;site	estimated	robust_Wald	HC3	0.2519528781431021	0.19159482867063965	0.5107949823345582	0.6270871069842338	0.7325787902511012
GSE48684	T-A	T	A	lesion	SFMBT2	cg12328063	7	False	unpaired_or_partially_paired_observations	beta_percentage_points	5000	64	42	106	0	35.036533515625	45.06709166666667	-10.030558151041669	4.164283025543847	-17.859744794159223	-1.9463742195870586	0.01806956556821659	0.01806956556821659	0.016411988705654443	0.016411988705654443	Welch_t	estimated		5000	-9.984011090420513	-18.386249370738163	-1.5817728101028605	0.019862286508771868	0.019862286508771868	104.0	sex;site	estimated	robust_Wald	HC3	0.04797781202595439	0.043081470352342915	0.06462236878206058	0.6075433162945919	0.6660942040471958
GSE48684	T-A	T	A	lesion	SFMBT2	cg16818993	8	False	unpaired_or_partially_paired_observations	beta_percentage_points	5000	64	42	106	0	58.28589509374999	64.13019119047618	-5.844296096726187	4.237955073008831	-14.243698383705366	2.318499927827374	0.1710237564502456	0.1710237564502456	0.22093957722356983	0.22093957722356983	Welch_t	estimated		5000	-3.7472151479191993	-12.118966550974816	4.624536255136418	0.3803321946387187	0.3803321946387187	104.0	sex;site	estimated	robust_Wald	HC3	0.25324671628209444	0.30209482515814085	0.5107949823345582	0.6270871069842338	0.7325787902511012
GSE48684	T-A	T	A	lesion	ADHFE1	cg20295442	1	False	unpaired_or_partially_paired_observations	beta_percentage_points	5000	64	42	106	0	59.051739250000004	59.92647745238096	-0.8747382023809536	4.56497166110826	-9.622257053943455	8.284933618098922	0.8485081809167632	0.8485081809167632	0.7737770035876979	0.7737770035876979	Welch_t	estimated		5000	-1.113019314734139	-10.060923318278274	7.834884688809997	0.8073875575515218	0.8073875575515218	104.0	sex;site	estimated	robust_Wald	HC3	0.885270548988961	0.855227214491666	0.8787180180575992	0.9490034636714607	0.9922694814316001
GSE48684	T-A	T	A	lesion	ADHFE1	cg19283840	2	False	unpaired_or_partially_paired_observations	beta_percentage_points	5000	64	42	106	0	63.961535156249994	62.919327642857134	1.0422075133928566	3.9899145647242036	-6.592834022098211	8.940858301488083	0.7945855893745006	0.7945855893745006	0.80860737806547	0.80860737806547	Welch_t	estimated		5000	0.9611499524034329	-6.884564482110646	8.80686438691751	0.8102464841829811	0.8102464841829811	104.0	sex;site	estimated	robust_Wald	HC3	0.8381245257785828	0.872842543612727	0.8787180180575992	0.9396041562767613	0.9922694814316001
GSE48684	T-A	T	A	lesion	ADHFE1	cg25046651	3	False	unpaired_or_partially_paired_observations	beta_percentage_points	5000	64	42	106	0	70.0616334375	69.91010785714286	0.15152558035714803	3.4773621164851996	-6.281890287760423	6.802143453310992	0.9653443452119885	0.9653443452119885	0.8438212492589152	0.8438212492589152	Welch_t	estimated		5000	0.0992998912176031	-6.862639660257938	7.061239442693146	0.9776976764177765	0.9776976764177765	104.0	sex;site	estimated	robust_Wald	HC3	0.9687837661122296	0.8900580300402257	0.9819485358804625	0.9687837661122297	0.9922694814316001
GSE48684	T-A	T	A	lesion	ADHFE1	cg01588438	4	False	unpaired_or_partially_paired_observations	beta_percentage_points	5000	64	42	106	0	74.1359759375	72.52746333333334	1.6085126041666675	3.9590917441868823	-5.734672732142862	9.61257469177826	0.6856264476791984	0.6856264476791984	0.5896454649503888	0.5896454649503888	Welch_t	estimated		5000	1.6107241186968817	-6.174592546839283	9.396040784233046	0.6851085690763993	0.6851085690763993	104.0	sex;site	estimated	robust_Wald	HC3	0.7614409106437251	0.6810405120176991	0.7817552768518553	0.9156929811954356	0.966014910663403
GSE48684	T-A	T	A	lesion	ADHFE1	cg08090772	5	False	unpaired_or_partially_paired_observations	beta_percentage_points	5000	64	42	106	0	67.82151328125	67.35180357142858	0.469709709821442	3.7152306090483393	-6.636730112909227	7.824939325706848	0.8997045824417744	0.8997045824417744	0.9871161607447512	0.9871161607447512	Welch_t	estimated		5000	0.3329668792382421	-6.977857223331936	7.6437909818084195	0.928871050469174	0.928871050469174	104.0	sex;site	estimated	robust_Wald	HC3	0.9155584076830392	0.9922694814316	0.9452388222836087	0.9490034636714607	0.9922694814316001
GSE48684	T-A	T	A	lesion	ADHFE1	cg09383816	6	False	unpaired_or_partially_paired_observations	beta_percentage_points	5000	64	42	106	0	69.09667265624999	68.42037071428571	0.6763019419642857	4.2114761673142125	-7.287196278645841	9.134392259672627	0.8728171338606078	0.8728171338606078	0.798613769920133	0.798613769920133	Welch_t	estimated		5000	0.6282672051820524	-7.621819720567512	8.878354130931616	0.8813510478211949	0.8813510478211949	104.0	sex;site	estimated	robust_Wald	HC3	0.9000926692937518	0.872842543612727	0.930168012153506	0.9490034636714607	0.9922694814316001
GSE48684	T-A	T	A	lesion	ADHFE1	cg20912169	7	False	unpaired_or_partially_paired_observations	beta_percentage_points	5000	64	42	106	0	58.700509437499996	60.53492254761904	-1.8344131101190486	4.321369963554581	-9.812376335342268	6.959517975409225	0.6722565578027744	0.6722565578027744	0.5415955784570503	0.5415955784570503	Welch_t	estimated		5000	-1.9999959480247342	-10.511361467166822	6.511369571117354	0.6451205942802267	0.6451205942802267	104.0	sex;site	estimated	robust_Wald	HC3	0.750199347113241	0.6350689270232417	0.7564612044605704	0.9156929811954356	0.947792262299838
GSE48684	T-A	T	A	lesion	ADHFE1	cg18065361	8	False	unpaired_or_partially_paired_observations	beta_percentage_points	5000	64	42	106	0	51.205041218750004	52.84546995238095	-1.6404287336309498	4.6840214823457815	-10.603684820777524	7.757655560751483	0.7270073425461769	0.7270073425461769	0.8136160256335506	0.8136160256335506	Welch_t	estimated		5000	-1.7099335411097452	-11.018578753212331	7.59871167099284	0.7188233638102198	0.7188233638102198	104.0	sex;site	estimated	robust_Wald	HC3	0.7847602622811536	0.8741641949830241	0.8139617501968666	0.9176977930500922	0.9922694814316001
GSE48684	T-A	T	A	lesion	HOXA2	cg04481096	1	False	unpaired_or_partially_paired_observations	beta_percentage_points	5000	64	42	106	0	79.65755265625	76.44525595238095	3.2122967038690553	2.959534350091452	-2.0728119155505835	9.1076543424479	0.28149181756136754	0.28149181756136754	0.3956613661942806	0.3956613661942806	Welch_t	estimated		5000	3.088682195962407	-2.537447211616833	8.714811603541648	0.2819280019379222	0.2819280019379222	104.0	sex;site	estimated	robust_Wald	HC3	0.38026087635482986	0.4887581582399937	0.41539502465355205	0.7911755736396895	0.8783812964443103
GSE48684	T-A	T	A	lesion	HOXA2	cg19598584	2	False	unpaired_or_partially_paired_observations	beta_percentage_points	5000	64	42	106	0	73.27735890625	66.46173928571429	6.815619620535718	3.4813572524209273	0.36577132161458364	13.822917119233635	0.054366593403078096	0.054366593403078096	0.07838173905676986	0.07838173905676986	Welch_t	estimated		5000	7.342440101325284	0.5899480861671234	14.094932116483443	0.03307258152762183	0.03307258152762183	104.0	sex;site	estimated	robust_Wald	HC3	0.12075656803952922	0.14720472944808	0.08987960391624286	0.6075433162945919	0.7325787902511012
GSE48684	T-A	T	A	lesion	HOXA2	cg09871315	3	False	unpaired_or_partially_paired_observations	beta_percentage_points	5000	64	42	106	0	80.58764140625001	75.57842047619047	5.0092209300595325	2.8169937885630723	-0.39013446502977334	10.529083952938976	0.08041641151086637	0.08041641151086637	0.22585134290155462	0.22585134290155462	Welch_t	estimated		5000	5.203016281789077	-0.09751190603460441	10.50354446961276	0.05436621236027669	0.05436621236027669	104.0	sex;site	estimated	robust_Wald	HC3	0.1516355648777168	0.3048882826478571	0.13219573742340962	0.6075433162945919	0.7325787902511012
GSE48684	T-A	T	A	lesion	HOXA2	cg13661519	4	False	unpaired_or_partially_paired_observations	beta_percentage_points	5000	63	42	105	0	75.87907063492065	73.11892452380953	2.760146111111128	3.1924655263731907	-3.0740810615079424	8.99366318650792	0.3904502830949117	0.3904502830949117	0.9921717060815627	0.9921717060815627	Welch_t	estimated		5000	3.0475023242565906	-3.0853462985386138	9.180350947051794	0.33008890521003587	0.33008890521003587	103.0	sex;site	estimated	robust_Wald	HC3	0.4823209379407733	0.9922694814316	0.4677947061565539	0.7911755736396895	0.9922694814316001
GSE48684	T-A	T	A	lesion	HOXA2	cg02803819	5	False	unpaired_or_partially_paired_observations	beta_percentage_points	5000	64	42	106	0	77.68295578125	75.74443952380953	1.9385162574404813	3.5111936490507283	-4.514275675223184	8.947458225260391	0.5828011587386972	0.5828011587386972	0.5120706447967216	0.5120706447967216	Welch_t	estimated		5000	2.1771710072892314	-4.581926321529865	8.936268336108329	0.5278290456758059	0.5278290456758059	104.0	sex;site	estimated	robust_Wald	HC3	0.6731353383431953	0.6066067638361163	0.6503665522393046	0.9156929811954356	0.938796182127323
GSE48684	T-A	T	A	lesion	HOXA2	cg03763508	6	False	unpaired_or_partially_paired_observations	beta_percentage_points	5000	64	42	106	0	84.1928671875	79.04976047619047	5.143106711309531	2.5417898764934206	0.5332767713913842	10.364173549851198	0.04756162889190725	0.04756162889190725	0.15066407889367078	0.15066407889367078	Welch_t	estimated		5000	5.399361033618108	0.5807797892190374	10.217942278017178	0.028077853556597906	0.028077853556597906	104.0	sex;site	estimated	robust_Wald	HC3	0.10877956706960965	0.220274697623025	0.08007387866140885	0.6075433162945919	0.7325787902511012
GSE48684	T-A	T	A	lesion	HOXA2	cg00188704	7	False	unpaired_or_partially_paired_observations	beta_percentage_points	5000	64	42	106	0	86.031505625	82.42583285714285	3.6056727678571376	2.295524309924553	-0.6918004008556358	8.301354093005939	0.12165581310332617	0.12165581310332617	0.43636670017487855	0.43636670017487855	Welch_t	estimated		5000	3.653826682961862	-0.6855869946299511	7.993240360553676	0.09887997586798732	0.09887997586798732	104.0	sex;site	estimated	robust_Wald	HC3	0.2007320916204882	0.5305300407389313	0.18273019540404056	0.6075433162945919	0.9074370869622921
GSE48684	T-A	T	A	lesion	HOXA2	cg06786372	8	False	unpaired_or_partially_paired_observations	beta_percentage_points	5000	64	42	106	0	85.31734046874999	80.62017357142857	4.697166897321425	2.7281766378210803	-0.35278499200147495	10.157124959077361	0.0903861614293217	0.0903861614293217	0.2624219451129297	0.2624219451129297	Welch_t	estimated		5000	4.780132959172627	-0.45319304211287814	10.013458960458133	0.07341598509423702	0.07341598509423702	104.0	sex;site	estimated	robust_Wald	HC3	0.16313080313670394	0.3463969675490672	0.15370249803945726	0.6075433162945919	0.780218929345463
GSE48684	T-A	T	A	lesion	BEND5	cg11666087	1	False	unpaired_or_partially_paired_observations	beta_percentage_points	5000	64	42	106	0	41.754873328125	46.6595734047619	-4.904700076636903	5.067210345460545	-14.611651817708324	4.987093266350444	0.33571638280197413	0.33571638280197413	0.18438234676570753	0.18438234676570753	Welch_t	estimated		5000	-4.023965994013222	-14.630058654246566	6.582126666220123	0.4571106337994282	0.4571106337994282	104.0	sex;site	estimated	robust_Wald	HC3	0.4332429297612068	0.25970928111511243	0.5932166090318423	0.7911755736396895	0.7325787902511012
GSE48684	T-A	T	A	lesion	BEND5	cg16573178	2	False	unpaired_or_partially_paired_observations	beta_percentage_points	5000	63	42	105	0	42.54049154761905	47.14610371428572	-4.605612166666672	5.332904536756715	-14.404320231150788	6.109563902380942	0.3901721270776677	0.3901721270776677	0.2675613565169269	0.2675613565169269	Welch_t	estimated		5000	-3.703328822054059	-14.885135078517338	7.478477434409222	0.5162575187352244	0.5162575187352244	103.0	sex;site	estimated	robust_Wald	HC3	0.4823209379407733	0.3511742804284666	0.648127645803461	0.7911755736396895	0.780218929345463
GSE48684	T-A	T	A	lesion	BEND5	cg06744574	3	False	unpaired_or_partially_paired_observations	beta_percentage_points	5000	64	42	106	0	39.720342375	46.175422809523816	-6.455080434523813	4.080509876768645	-14.245604654148064	1.332539207979908	0.11712898663717877	0.11712898663717877	0.06059752046900939	0.06059752046900939	Welch_t	estimated		5000	-6.255677155874192	-14.748379276637708	2.2370249648893226	0.14882378329598564	0.14882378329598564	104.0	sex;site	estimated	robust_Wald	HC3	0.1987157608071246	0.1272547929849197	0.2491180720389325	0.6075433162945919	0.7325787902511012
GSE48684	T-A	T	A	lesion	BEND5	cg03603214	4	False	unpaired_or_partially_paired_observations	beta_percentage_points	5000	64	42	106	0	32.2095693546875	37.076633166666674	-4.867063811979172	5.227232490336296	-14.578186751891732	5.185011617845987	0.3544534808549049	0.3544534808549049	0.22338580281290665	0.22338580281290665	Welch_t	estimated		5000	-2.3667915395922687	-13.242281709661125	8.508698630476585	0.6697147692939682	0.6697147692939682	104.0	sex;site	estimated	robust_Wald	HC3	0.45488196709712797	0.3035418849987143	0.7735205585345334	0.7911755736396895	0.7325787902511012
GSE48684	T-A	T	A	lesion	UNC5C	cg15701178	1	False	unpaired_or_partially_paired_observations	beta_percentage_points	5000	64	42	106	0	49.54527203125	49.824015214285716	-0.2787431830357179	4.124960296463482	-8.326044558110123	7.610044637351197	0.9462642040570322	0.9462642040570322	0.9151236791568258	0.9151236791568258	Welch_t	estimated		5000	1.3773209743187214	-6.891590426343895	9.646232374981338	0.7440735407213239	0.7440735407213239	104.0	sex;site	estimated	robust_Wald	HC3	0.9545285202496699	0.9479532281848734	0.8343737277020671	0.9687837661122297	0.9922694814316001
GSE48684	T-A	T	A	lesion	UNC5C	cg03008707	2	False	unpaired_or_partially_paired_observations	beta_percentage_points	5000	64	42	106	0	67.04105828125	70.18354785714284	-3.1424895758928484	3.247879582437342	-9.33986406510418	3.2329718571428607	0.33569832748181594	0.33569832748181594	0.3885148265732271	0.3885148265732271	Welch_t	estimated		5000	-1.9302728337716042	-8.641179868175588	4.780634200632379	0.5729251570038623	0.5729251570038623	104.0	sex;site	estimated	robust_Wald	HC3	0.4332429297612068	0.4825103491312659	0.6893005795202717	0.7911755736396895	0.8783812964443103
GSE48684	T-A	T	A	lesion	UNC5C	cg24870497	3	False	unpaired_or_partially_paired_observations	beta_percentage_points	5000	64	42	106	0	40.5015949375	49.28316647619047	-8.781571538690475	3.8509765431708844	-16.241009688448663	-1.3683820277529855	0.024963656585323703	0.024963656585323703	0.01730114815707002	0.01730114815707002	Welch_t	estimated		5000	-6.557910037498206	-14.483265893684305	1.3674458186878944	0.10484819565275015	0.10484819565275015	104.0	sex;site	estimated	robust_Wald	HC3	0.06407338523566418	0.044905227239136786	0.19194179466668143	0.6075433162945919	0.6660942040471958
GSE48684	T-A	T	A	lesion	UNC5C	cg13265789	4	False	unpaired_or_partially_paired_observations	beta_percentage_points	5000	64	42	106	0	64.390507140625	68.92222795238095	-4.531720811755957	3.928667668864083	-12.004086318433787	3.26980021508555	0.25163016477782324	0.25163016477782324	0.22833624631203153	0.22833624631203153	Welch_t	estimated		5000	-2.8619285553938383	-11.167212587764833	5.443355476977155	0.49943022641959334	0.49943022641959334	104.0	sex;site	estimated	robust_Wald	HC3	0.34599147656950696	0.3048882826478571	0.6304283185952244	0.7911755736396895	0.7325787902511012
GSE48684	T-A	T	A	lesion	UNC5C	cg12584684	5	False	unpaired_or_partially_paired_observations	beta_percentage_points	5000	64	42	106	0	58.717359375	59.97693952380951	-1.2595801488095137	4.6718196642784156	-10.321941067894343	8.062962990327385	0.78809492939015	0.78809492939015	0.8337249643677935	0.8337249643677935	Welch_t	estimated		5000	1.0255904990311588	-8.491794871651363	10.542975869713683	0.8327272221085836	0.8327272221085836	104.0	sex;site	estimated	robust_Wald	HC3	0.8350914160051589	0.8875136717463609	0.8946976200329434	0.9396041562767613	0.9922694814316001
GSE48684	T-A	T	A	lesion	RALYL	cg08327106	1	False	unpaired_or_partially_paired_observations	beta_percentage_points	5000	64	42	106	0	52.814726249999985	55.7852269047619	-2.9705006547619095	4.321816764306958	-11.456204526227683	5.585089796688984	0.493584122966611	0.493584122966611	0.5330739243229714	0.5330739243229714	Welch_t	estimated		5000	-1.1840076163957793	-9.838066301598957	7.470051068807399	0.7885815077210587	0.7885815077210587	104.0	sex;site	estimated	robust_Wald	HC3	0.5877213010581811	0.628265696523502	0.872023482438155	0.883859941126257	0.947792262299838
GSE48684	T-A	T	A	lesion	RALYL	cg09757712	2	False	unpaired_or_partially_paired_observations	beta_percentage_points	5000	64	42	106	0	58.193585000000006	60.88820380952381	-2.6946188095238077	4.33583874666999	-11.192527830171127	6.144451453311003	0.5359006102804034	0.5359006102804034	0.45174676020320315	0.45174676020320315	Welch_t	estimated		5000	-2.0758748853085964	-11.082608933248567	6.930859162631375	0.651461260277818	0.651461260277818	104.0	sex;site	estimated	robust_Wald	HC3	0.6283910709379349	0.5463534115546593	0.7600381369907878	0.9156929811954356	0.9074370869622921
GSE48684	T-A	T	A	lesion	RALYL	cg11089595	3	False	unpaired_or_partially_paired_observations	beta_percentage_points	5000	64	42	106	0	64.2651703125	68.17836976190476	-3.9131994494047584	3.658522503222313	-10.772740531622036	3.028314027715771	0.28743675440206445	0.28743675440206445	0.4674287573465419	0.4674287573465419	Welch_t	estimated		5000	-3.417458674184115	-10.88965987592537	4.054742527557139	0.37003811250496677	0.37003811250496677	104.0	sex;site	estimated	robust_Wald	HC3	0.38380283391258313	0.5623752236825582	0.5028164940508666	0.7911755736396895	0.9074370869622921
GSE48684	T-A	T	A	lesion	RALYL	cg01134282	4	False	unpaired_or_partially_paired_observations	beta_percentage_points	5000	64	42	106	0	57.75742764062499	57.11274857142858	0.6446790691964077	4.782333770650145	-8.605124919103414	9.465004636662941	0.8930671343773497	0.8930671343773497	0.9151236791568258	0.9151236791568258	Welch_t	estimated		5000	2.810597296902103	-6.768714980940416	12.389909574744621	0.565251413897917	0.565251413897917	104.0	sex;site	estimated	robust_Wald	HC3	0.9128252568193265	0.9479532281848734	0.6836286733529782	0.9490034636714607	0.9922694814316001
GSE48684	T-A	T	A	lesion	RALYL	cg06955749	5	False	unpaired_or_partially_paired_observations	beta_percentage_points	5000	64	42	106	0	54.928505625	53.886711428571424	1.0417941964285804	4.216206590120974	-7.0543695935639725	9.078477079799102	0.8053749910943668	0.8053749910943668	0.7737770035876979	0.7737770035876979	Welch_t	estimated		5000	2.778280913471956	-5.87633737388286	11.432899200826773	0.5292298748838447	0.5292298748838447	104.0	sex;site	estimated	robust_Wald	HC3	0.8456437406490852	0.855227214491666	0.6503665522393046	0.9396041562767613	0.9922694814316001
GSE48684	T-A	T	A	lesion	GFRA1	cg19236679	1	False	unpaired_or_partially_paired_observations	beta_percentage_points	5000	64	41	105	0	41.363308921874996	47.974671146341464	-6.6113622244664665	4.373082367676991	-14.904047006916924	1.8924239392435136	0.13413293996114367	0.13413293996114367	0.13002510597958206	0.13002510597958206	Welch_t	estimated		5000	-4.508289282346712	-13.500616566205911	4.484038001512487	0.325792088764975	0.325792088764975	103.0	sex;site	estimated	robust_Wald	HC3	0.20935614277719047	0.20432516653934324	0.46455538583153844	0.6075433162945919	0.7325787902511012
GSE48684	T-A	T	A	lesion	GFRA1	cg06298519	2	False	unpaired_or_partially_paired_observations	beta_percentage_points	5000	64	42	106	0	65.454587765625	65.93438904761905	-0.47980128199404115	4.48038828383492	-9.160999278311017	8.660832337109383	0.9149637209032946	0.9149637209032946	0.9305123182294773	0.9305123182294773	Welch_t	estimated		5000	2.202313580832004	-6.715424722630744	11.120051884294751	0.6283643850245215	0.6283643850245215	104.0	sex;site	estimated	robust_Wald	HC3	0.9270027172309695	0.9595908281741484	0.7405723109217576	0.9520568447236986	0.9922694814316001
GSE48684	T-A	T	A	lesion	GFRA1	cg19485539	3	False	unpaired_or_partially_paired_observations	beta_percentage_points	5000	64	42	106	0	63.60403515624999	65.59303642857144	-1.9890012723214445	4.411729899377203	-10.222714335007451	6.452953340215747	0.6531746530940288	0.6531746530940288	0.8337249643677935	0.8337249643677935	Welch_t	estimated		5000	0.5141194247295909	-8.276885882372707	9.305124731831887	0.9087435738636999	0.9087435738636999	104.0	sex;site	estimated	robust_Wald	HC3	0.7324434216734012	0.8875136717463609	0.9329767358333986	0.9156929811954356	0.9922694814316001
GSE48684	T-A	T	A	lesion	GFRA1	cg18672939	4	False	unpaired_or_partially_paired_observations	beta_percentage_points	5000	64	42	106	0	50.043653921875	55.05013228571427	-5.006478363839273	5.151532175964921	-14.892176707533483	5.086515465624998	0.3337878152615573	0.3337878152615573	0.2735832609393182	0.2735832609393182	Welch_t	estimated		5000	-2.3105493191960544	-12.626921547350047	8.00582290895794	0.6606821831051926	0.6606821831051926	104.0	sex;site	estimated	robust_Wald	HC3	0.4332429297612068	0.3570493405479237	0.7669225341572838	0.7911755736396895	0.780218929345463
GSE48684	T-A	T	A	lesion	GFRA1	cg27034576	5	False	unpaired_or_partially_paired_observations	beta_percentage_points	5000	64	42	106	0	58.55748425	60.08732904761904	-1.52984479761904	3.981266011798945	-9.247822623735114	6.125056445275293	0.7016348816952039	0.7016348816952039	0.8438212492589152	0.8438212492589152	Welch_t	estimated		5000	0.6130159838727061	-7.320501724313388	8.5465336920588	0.8796249264853464	0.8796249264853464	104.0	sex;site	estimated	robust_Wald	HC3	0.7645172531678873	0.8900580300402257	0.930168012153506	0.9156929811954356	0.9922694814316001
GSE48684	T-A	T	A	lesion	GFRA1	cg18044663	6	False	unpaired_or_partially_paired_observations	beta_percentage_points	5000	64	42	106	0	42.886804546875	49.491880380952374	-6.605075834077373	4.631995679700162	-15.205856966276041	2.615305478273775	0.15753760737038222	0.15753760737038222	0.10846496805797311	0.10846496805797311	Welch_t	estimated		5000	-4.4939956280535345	-13.861874361168065	4.873883105060995	0.34709363199737686	0.34709363199737686	104.0	sex;site	estimated	robust_Wald	HC3	0.23785089740234178	0.18045321419350663	0.4830037891047834	0.6270871069842338	0.7325787902511012
GSE42752	N-H	N	H	healthy_reference	EYA4	cg14017655	1	False	unpaired_or_partially_paired_observations	beta_percentage_points	5000	22	19	38	0	8.401363636363635	7.398421052631579	1.002942583732057	1.6279341255796012	-1.9479147603485818	4.279268750000003	0.5378397236353123	0.5378397236353123		1.0	patient_cluster_OLS	estimated		5000					1.0	0.0		no_covariates			0.6233497429679	1.0	1.0	0.7265554161389307	1.0
GSE42752	N-H	N	H	healthy_reference	EYA4	cg20330472	2	False	unpaired_or_partially_paired_observations	beta_percentage_points	5000	22	19	38	0	12.730454545454547	11.251052631578947	1.4794019138755998	1.2408059544015948	-0.9957446428571416	3.79350125313283	0.23314711748344175	0.23314711748344175		1.0	patient_cluster_OLS	estimated		5000					1.0	0.0		no_covariates			0.3294005146096333	1.0	1.0	0.46031610374935933	1.0
GSE42752	N-H	N	H	healthy_reference	EYA4	cg17838029	3	False	unpaired_or_partially_paired_observations	beta_percentage_points	5000	22	19	38	0	5.676818181818182	4.916315789473684	0.7605023923444976	0.6066892726701649	-0.4436874505928855	1.9160240060451053	0.2100133747849473	0.2100133747849473		1.0	patient_cluster_OLS	estimated		5000					1.0	0.0		no_covariates			0.3022622403446905	1.0	1.0	0.43705486103894436	1.0
GSE42752	N-H	N	H	healthy_reference	EYA4	cg14343214	4	False	unpaired_or_partially_paired_observations	beta_percentage_points	5000	22	19	38	0	10.16090909090909	9.107894736842107	1.0530143540669834	1.1947499150203353	-1.3043898236640195	3.3215947012138187	0.37811866688579476	0.37811866688579476		1.0	patient_cluster_OLS	estimated		5000					1.0	0.0		no_covariates			0.4839081000034271	1.0	1.0	0.6019614228721261	1.0
GSE42752	N-H	N	H	healthy_reference	EYA4	cg24675448	5	False	unpaired_or_partially_paired_observations	beta_percentage_points	5000	22	19	38	0	26.744090909090907	23.1921052631579	3.551985645933009	1.3889837097754403	0.8843839712918707	6.171394776002501	0.010550182308532025	0.010550182308532025		1.0	patient_cluster_OLS	estimated		5000					1.0	0.0		no_covariates			0.019894629496088962	1.0	1.0	0.07385127615972417	1.0
GSE42752	N-H	N	H	healthy_reference	EYA4	cg21607030	6	False	unpaired_or_partially_paired_observations	beta_percentage_points	5000	22	19	38	0	21.41409090909091	17.314736842105265	4.0993540669856445	1.5669748386225517	1.2256828947368374	7.310467056387767	0.008894196959038944	0.008894196959038944		1.0	patient_cluster_OLS	estimated		5000					1.0	0.0		no_covariates			0.01690995471224688	1.0	1.0	0.07385127615972417	1.0
GSE42752	N-H	N	H	healthy_reference	EYA4	cg11664500	7	False	unpaired_or_partially_paired_observations	beta_percentage_points	5000	22	19	38	0	14.529090909090908	13.122105263157891	1.4069856459330177	1.6130340411449975	-1.6340618890977439	4.718438959531182	0.38306636000953476	0.38306636000953476		1.0	patient_cluster_OLS	estimated		5000					1.0	0.0		no_covariates			0.4875390036484988	1.0	1.0	0.6019614228721261	1.0
GSE42752	N-H	N	H	healthy_reference	EYA4	cg26656135	8	False	unpaired_or_partially_paired_observations	beta_percentage_points	5000	22	19	38	0	19.87590909090909	14.466842105263158	5.409066985645933	1.576334579541843	2.5132631944444435	8.58708030763401	0.0006004288178675305	0.0006004288178675305		1.0	patient_cluster_OLS	estimated		5000					1.0	0.0		no_covariates			0.0011905498448703822	1.0	1.0	0.015562513064505568	1.0
GSE42752	N-H	N	H	healthy_reference	EYA4	cg20286200	9	False	unpaired_or_partially_paired_observations	beta_percentage_points	5000	22	19	38	0	18.599545454545456	12.766315789473682	5.833229665071774	1.7012620232763613	2.6085024999999975	9.195321193663647	0.0006063316778378792	0.0006063316778378792		1.0	patient_cluster_OLS	estimated		5000					1.0	0.0		no_covariates			0.0011971163895773513	1.0	1.0	0.015562513064505568	1.0
GSE42752	N-H	N	H	healthy_reference	EYA4	cg14270292	10	False	unpaired_or_partially_paired_observations	beta_percentage_points	5000	22	19	38	0	17.817272727272726	14.734736842105262	3.0825358851674647	1.4907264971960001	0.27634583333333246	6.117026423395445	0.03865809952721985	0.03865809952721985		1.0	patient_cluster_OLS	estimated		5000					1.0	0.0		no_covariates			0.06739638483613423	1.0	1.0	0.14174636493313947	1.0
GSE42752	N-H	N	H	healthy_reference	EYA4	cg06181518	11	False	unpaired_or_partially_paired_observations	beta_percentage_points	5000	22	19	38	0	9.579545454545455	7.373157894736843	2.206387559808612	1.848703500271021	-1.2452081290849688	5.820187010772685	0.2326820953608274	0.2326820953608274		1.0	patient_cluster_OLS	estimated		5000					1.0	0.0		no_covariates			0.3294005146096333	1.0	1.0	0.46031610374935933	1.0
GSE42752	N-H	N	H	healthy_reference	EYA4	cg14287112	12	False	unpaired_or_partially_paired_observations	beta_percentage_points	5000	22	19	38	0	12.180909090909092	11.940000000000001	0.24090909090909163	1.518942561793483	-2.549471346153846	3.1538247607655507	0.8739815386037952	0.8739815386037952		1.0	patient_cluster_OLS	estimated		5000					1.0	0.0		no_covariates			0.9053351364012407	1.0	1.0	0.9600214115861981	1.0
GSE42752	N-H	N	H	healthy_reference	EYA4	cg01328892	13	False	unpaired_or_partially_paired_observations	beta_percentage_points	5000	22	19	38	0	23.786363636363635	19.956842105263156	3.8295215311004798	1.7989090242080947	0.2758251488095243	7.299725	0.03327062687497973	0.03327062687497973		1.0	patient_cluster_OLS	estimated		5000					1.0	0.0		no_covariates			0.058444979529432076	1.0	1.0	0.13483359312491786	1.0
GSE42752	N-H	N	H	healthy_reference	EYA4	cg05493394	14	False	unpaired_or_partially_paired_observations	beta_percentage_points	5000	22	19	38	0	13.532727272727275	12.88263157894737	0.6500956937799035	1.218978680678436	-1.8500623076923102	3.0679478609625632	0.593817772362714	0.593817772362714		1.0	patient_cluster_OLS	estimated		5000					1.0	0.0		no_covariates			0.6707672636468799	1.0	1.0	0.7495732536381801	1.0
GSE42752	N-H	N	H	healthy_reference	EYA4	cg26449787	15	False	unpaired_or_partially_paired_observations	beta_percentage_points	5000	22	19	38	0	15.914090909090909	14.034736842105264	1.8793540669856446	1.23990050493958	-0.49679182582123593	4.304243663754245	0.12958770495760022	0.12958770495760022		1.0	patient_cluster_OLS	estimated		5000					1.0	0.0		no_covariates			0.20023250732579032	1.0	1.0	0.30584870364495	1.0
GSE42752	N-H	N	H	healthy_reference	EYA4	cg22871668	16	False	unpaired_or_partially_paired_observations	beta_percentage_points	5000	22	19	38	0	12.263636363636362	11.02736842105263	1.236267942583731	1.5215061258738793	-1.5111642730838977	4.320132367149755	0.4164881186025071	0.4164881186025071		1.0	patient_cluster_OLS	estimated		5000					1.0	0.0		no_covariates			0.5163074820229543	1.0	1.0	0.641391702647861	1.0
GSE42752	N-H	N	H	healthy_reference	EYA4	cg20980055	17	False	unpaired_or_partially_paired_observations	beta_percentage_points	5000	22	19	38	0	9.993181818181819	7.167894736842105	2.825287081339714	1.400908443786171	0.1584656862745098	5.613916666666669	0.04372123822737246	0.04372123822737246		1.0	patient_cluster_OLS	estimated		5000					1.0	0.0		no_covariates			0.07509000766188133	1.0	1.0	0.1463711018916382	1.0
GSE42752	N-H	N	H	healthy_reference	ZNF568	cg06611358	1	False	unpaired_or_partially_paired_observations	beta_percentage_points	5000	22	19	38	0	21.455454545454547	18.04157894736842	3.4138755980861246	2.072909016716557	-0.5731594202898521	7.614626387959864	0.09957842950357976	0.09957842950357976		1.0	patient_cluster_OLS	estimated		5000					1.0	0.0		no_covariates			0.15648038921991106	1.0	1.0	0.2555846357258547	1.0
GSE42752	N-H	N	H	healthy_reference	ZNF568	cg27390819	2	False	unpaired_or_partially_paired_observations	beta_percentage_points	5000	22	19	38	0	21.67863636363636	21.21526315789474	0.4633732057416212	2.025645156702698	-3.2375458532695425	4.506509740259739	0.8190605920553471	0.8190605920553471		1.0	patient_cluster_OLS	estimated		5000					1.0	0.0		no_covariates			0.8659176053308246	1.0	1.0	0.9555706907312382	1.0
GSE42752	N-H	N	H	healthy_reference	ZNF568	cg20154403	3	False	unpaired_or_partially_paired_observations	beta_percentage_points	5000	22	19	38	0	20.571363636363635	19.464736842105264	1.1066267942583696	1.2252390795674035	-1.3538573242933556	3.3962039980080667	0.3664237173709445	0.3664237173709445		1.0	patient_cluster_OLS	estimated		5000					1.0	0.0		no_covariates			0.47780447311548746	1.0	1.0	0.6019614228721261	1.0
GSE42752	N-H	N	H	healthy_reference	ZNF568	cg21761844	4	False	unpaired_or_partially_paired_observations	beta_percentage_points	5000	22	19	38	0	6.547272727272728	4.884210526315789	1.6630622009569391	1.1014645736243387	-0.4011446859903394	3.8817846907993956	0.1310780158478357	0.1310780158478357		1.0	patient_cluster_OLS	estimated		5000					1.0	0.0		no_covariates			0.201860144405667	1.0	1.0	0.30584870364495	1.0
GSE42752	N-H	N	H	healthy_reference	ZNF568	cg20680720	5	False	unpaired_or_partially_paired_observations	beta_percentage_points	5000	22	19	38	0	5.456818181818182	3.0752631578947374	2.381555023923445	0.7345982579552112	1.0329573275862074	3.9375260416666666	0.0011870112566110713	0.0011870112566110713		1.0	patient_cluster_OLS	estimated		5000					1.0	0.0		no_covariates			0.0023336136193800633	1.0	1.0	0.022849966689763124	1.0
GSE42752	N-H	N	H	healthy_reference	ZNF568	cg02459604	6	False	unpaired_or_partially_paired_observations	beta_percentage_points	5000	22	19	38	0	21.54	15.504736842105265	6.035263157894735	2.302565406211517	1.4793219246031728	10.581208809320826	0.008764554680303776	0.008764554680303776		1.0	patient_cluster_OLS	estimated		5000					1.0	0.0		no_covariates			0.01673233166239812	1.0	1.0	0.07385127615972417	1.0
GSE42752	N-H	N	H	healthy_reference	ZNF568	cg03060201	7	False	unpaired_or_partially_paired_observations	beta_percentage_points	5000	22	18	37	0	5.40909090909091	4.540555555555556	0.8685353535353539	0.7716827285710478	-0.6027763710474315	2.344887254901961	0.2603736814436006	0.2603736814436006		1.0	patient_cluster_OLS	estimated		5000					1.0	0.0		no_covariates			0.36015760726629786	1.0	1.0	0.4773517493132678	1.0
GSE42752	N-H	N	H	healthy_reference	ZNF568	cg03443751	8	False	unpaired_or_partially_paired_observations	beta_percentage_points	5000	22	19	38	0	8.851818181818182	8.156315789473684	0.6955023923444978	0.8907891862240114	-1.0742602850758223	2.3961918340537323	0.4349371743870507	0.4349371743870507		1.0	patient_cluster_OLS	estimated		5000					1.0	0.0		no_covariates			0.5315898798063953	1.0	1.0	0.6415364778318399	1.0
GSE42752	N-H	N	H	healthy_reference	ZNF793	cg17332326	1	False	unpaired_or_partially_paired_observations	beta_percentage_points	5000	22	19	38	0	9.838636363636365	9.35421052631579	0.4844258373205762	0.8484852464991621	-1.2033177884615385	2.0610144927536247	0.5680469698527684	0.5680469698527684		1.0	patient_cluster_OLS	estimated		5000					1.0	0.0		no_covariates			0.6463982760393572	1.0	1.0	0.7495732536381801	1.0
GSE42752	N-H	N	H	healthy_reference	ZNF793	cg11623861	2	False	unpaired_or_partially_paired_observations	beta_percentage_points	5000	22	19	38	0	5.327727272727274	7.341578947368421	-2.013851674641147	0.6472143774517517	-3.297538867382619	-0.8059288043478265	0.001860964833593382	0.001860964833593382		1.0	patient_cluster_OLS	estimated		5000					1.0	0.0		no_covariates			0.0036430752250853496	1.0	1.0	0.02865885843733808	1.0
GSE42752	N-H	N	H	healthy_reference	ZNF793	cg14732998	3	False	unpaired_or_partially_paired_observations	beta_percentage_points	5000	22	19	38	0	13.105	13.001578947368419	0.10342105263158041	1.2359473231584146	-2.3344455637254935	2.4662762574595054	0.9333128014397875	0.9333128014397875		1.0	patient_cluster_OLS	estimated		5000					1.0	0.0		no_covariates			0.9518554398789885	1.0	1.0	0.9706255034468615	1.0
GSE42752	N-H	N	H	healthy_reference	ZNF793	cg07482795	4	False	unpaired_or_partially_paired_observations	beta_percentage_points	5000	22	19	38	0	9.05909090909091	9.128947368421052	-0.06985645933014206	0.7218013503691363	-1.4615944976076525	1.2532001262626258	0.9229005298206409	0.9229005298206409		1.0	patient_cluster_OLS	estimated		5000					1.0	0.0		no_covariates			0.9454102988406564	1.0	1.0	0.9706255034468615	1.0
GSE42752	N-H	N	H	healthy_reference	ZNF793	cg13181745	5	False	unpaired_or_partially_paired_observations	beta_percentage_points	5000	22	19	38	0	10.094090909090909	9.05684210526316	1.0372488038277492	0.8257578089804328	-0.5743546401515137	2.5816601731601723	0.20907338569401157	0.20907338569401157		1.0	patient_cluster_OLS	estimated		5000					1.0	0.0		no_covariates			0.3018497005957292	1.0	1.0	0.43705486103894436	1.0
GSE42752	N-H	N	H	healthy_reference	ZNF793	cg24078985	6	False	unpaired_or_partially_paired_observations	beta_percentage_points	5000	22	19	38	0	10.103181818181818	10.123684210526315	-0.02050239234449719	0.8436706129168338	-1.619979219948849	1.5830153679653687	0.9806121819469197	0.9806121819469197		1.0	patient_cluster_OLS	estimated		5000					1.0	0.0		no_covariates			0.9870214118942852	1.0	1.0	0.9880318444525743	1.0
GSE42752	N-H	N	H	healthy_reference	ZNF793	cg15139588	7	False	unpaired_or_partially_paired_observations	beta_percentage_points	5000	22	19	38	0	9.983181818181816	9.814736842105262	0.16844497607655384	1.1668227592498153	-2.1603027065527076	2.3986608035714276	0.8852145483457152	0.8852145483457152		1.0	patient_cluster_OLS	estimated		5000					1.0	0.0		no_covariates			0.9149197345318131	1.0	1.0	0.9600214115861981	1.0
GSE42752	N-H	N	H	healthy_reference	ZNF793	cg25361907	8	False	unpaired_or_partially_paired_observations	beta_percentage_points	5000	22	19	38	0	9.442272727272728	9.262631578947369	0.17964114832536016	0.7170673898250538	-1.2089285157062621	1.5325202380952365	0.8021837024368066	0.8021837024368066		1.0	patient_cluster_OLS	estimated		5000					1.0	0.0		no_covariates			0.8556480591608238	1.0	1.0	0.9502791551943709	1.0
GSE42752	N-H	N	H	healthy_reference	SFMBT2	cg20299663	1	False	unpaired_or_partially_paired_observations	beta_percentage_points	5000	22	19	38	0	21.819545454545455	21.69421052631579	0.12533492822966452	1.83060777508449	-3.411485103132164	3.533264676819349	0.9454144514092807	0.9454144514092807		1.0	patient_cluster_OLS	estimated		5000					1.0	0.0		no_covariates			0.9620737368966689	1.0	1.0	0.9706255034468615	1.0
GSE42752	N-H	N	H	healthy_reference	SFMBT2	cg20506550	2	False	unpaired_or_partially_paired_observations	beta_percentage_points	5000	22	19	38	0	6.15	6.4273684210526305	-0.2773684210526303	0.5407700392853422	-1.3117985315914915	0.7605693181818186	0.6080116129218136	0.6080116129218136		1.0	patient_cluster_OLS	estimated		5000					1.0	0.0		no_covariates			0.6818360982225948	1.0	1.0	0.7551111966932201	1.0
GSE42752	N-H	N	H	healthy_reference	SFMBT2	cg01056653	3	False	unpaired_or_partially_paired_observations	beta_percentage_points	5000	22	19	38	0	3.748181818181818	3.4263157894736844	0.32186602870813363	0.36180082751229037	-0.3391806606437033	1.058501458810069	0.37366881054234435	0.37366881054234435		1.0	patient_cluster_OLS	estimated		5000					1.0	0.0		no_covariates			0.48079312061481105	1.0	1.0	0.6019614228721261	1.0
GSE42752	N-H	N	H	healthy_reference	SFMBT2	cg22862480	4	False	unpaired_or_partially_paired_observations	beta_percentage_points	5000	22	19	38	0	10.868181818181816	10.27	0.5981818181818157	0.9190567910831575	-1.187738815789475	2.362437941176468	0.5151336928441648	0.5151336928441648		1.0	patient_cluster_OLS	estimated		5000					1.0	0.0		no_covariates			0.603650751122418	1.0	1.0	0.7211871699818307	1.0
GSE42752	N-H	N	H	healthy_reference	SFMBT2	cg12767281	5	False	unpaired_or_partially_paired_observations	beta_percentage_points	5000	22	19	38	0	9.599090909090908	10.931578947368422	-1.3324880382775142	1.00790517740587	-3.399192599067598	0.5324250408496706	0.1861557970201233	0.1861557970201233		1.0	patient_cluster_OLS	estimated		5000					1.0	0.0		no_covariates			0.2738980198194171	1.0	1.0	0.40954275344427127	1.0
GSE42752	N-H	N	H	healthy_reference	SFMBT2	cg26878816	6	False	unpaired_or_partially_paired_observations	beta_percentage_points	5000	22	19	38	0	10.560454545454544	7.812631578947368	2.7478229665071754	1.198078367106417	0.5549718899521531	5.1215319444444445	0.021817784327503708	0.021817784327503708		1.0	patient_cluster_OLS	estimated		5000					1.0	0.0		no_covariates			0.040158630913572566	1.0	1.0	0.1153821930027744	1.0
GSE42752	N-H	N	H	healthy_reference	SFMBT2	cg12328063	7	False	unpaired_or_partially_paired_observations	beta_percentage_points	5000	22	19	38	0	19.240454545454543	12.672631578947371	6.567822966507173	1.8556207352451153	2.8731850538634425	10.039553345959595	0.00040100580010715193	0.00040100580010715193		1.0	patient_cluster_OLS	estimated		5000					1.0	0.0		no_covariates			0.000798554653661656	1.0	1.0	0.015562513064505568	1.0
GSE42752	N-H	N	H	healthy_reference	SFMBT2	cg16818993	8	False	unpaired_or_partially_paired_observations	beta_percentage_points	5000	22	19	38	0	12.22590909090909	9.624736842105264	2.6011722488038265	1.1397611474385712	0.554340510366824	4.904030493596955	0.022477050584956054	0.022477050584956054		1.0	patient_cluster_OLS	estimated		5000					1.0	0.0		no_covariates			0.04056405222753788	1.0	1.0	0.1153821930027744	1.0
GSE42752	N-H	N	H	healthy_reference	ADHFE1	cg20295442	1	False	unpaired_or_partially_paired_observations	beta_percentage_points	5000	22	19	38	0	22.94181818181818	21.33157894736842	1.6102392344497618	3.005176570230744	-4.62506877705628	7.077320492327361	0.5920816877041968	0.5920816877041968		1.0	patient_cluster_OLS	estimated		5000					1.0	0.0		no_covariates			0.6704454404885758	1.0	1.0	0.7495732536381801	1.0
GSE42752	N-H	N	H	healthy_reference	ADHFE1	cg19283840	2	False	unpaired_or_partially_paired_observations	beta_percentage_points	5000	22	19	38	0	20.000909090909087	18.787894736842105	1.2130143540669824	1.9141247094963205	-2.603186367908409	4.811625077639746	0.5262651923826249	0.5262651923826249		1.0	patient_cluster_OLS	estimated		5000					1.0	0.0		no_covariates			0.612429518591367	1.0	1.0	0.7236146395261093	1.0
GSE42752	N-H	N	H	healthy_reference	ADHFE1	cg25046651	3	False	unpaired_or_partially_paired_observations	beta_percentage_points	5000	22	19	38	0	26.199545454545458	27.42578947368421	-1.2262440191387503	1.8814369983208248	-4.877603160919542	2.3390938716356104	0.5145564755357308	0.5145564755357308		1.0	patient_cluster_OLS	estimated		5000					1.0	0.0		no_covariates			0.603650751122418	1.0	1.0	0.7211871699818307	1.0
GSE42752	N-H	N	H	healthy_reference	ADHFE1	cg01588438	4	False	unpaired_or_partially_paired_observations	beta_percentage_points	5000	22	19	38	0	25.593636363636364	22.946315789473683	2.647320574162679	2.329509300257184	-2.2140713457556958	6.939205015844721	0.25577730703862467	0.25577730703862467		1.0	patient_cluster_OLS	estimated		5000					1.0	0.0		no_covariates			0.3559310718429054	1.0	1.0	0.4773517493132678	1.0
GSE42752	N-H	N	H	healthy_reference	ADHFE1	cg08090772	5	False	unpaired_or_partially_paired_observations	beta_percentage_points	5000	22	19	38	0	26.519545454545458	24.97	1.5495454545454561	1.6927886189804813	-1.8249152067669188	4.811528142942584	0.3599919855066622	0.3599919855066622		1.0	patient_cluster_OLS	estimated		5000					1.0	0.0		no_covariates			0.47334372229535704	1.0	1.0	0.6019614228721261	1.0
GSE42752	N-H	N	H	healthy_reference	ADHFE1	cg09383816	6	False	unpaired_or_partially_paired_observations	beta_percentage_points	5000	22	19	38	0	20.159545454545455	18.52842105263158	1.6311244019138749	2.085307552470235	-2.496111842105263	5.505688761011649	0.434097936522277	0.434097936522277		1.0	patient_cluster_OLS	estimated		5000					1.0	0.0		no_covariates			0.5315898798063953	1.0	1.0	0.6415364778318399	1.0
GSE42752	N-H	N	H	healthy_reference	ADHFE1	cg20912169	7	False	unpaired_or_partially_paired_observations	beta_percentage_points	5000	22	19	38	0	21.565454545454543	21.053684210526313	0.5117703349282299	3.0945472378336722	-5.576368012640877	6.3021722855149935	0.868646391929806	0.868646391929806		1.0	patient_cluster_OLS	estimated		5000					1.0	0.0		no_covariates			0.9038617861972306	1.0	1.0	0.9600214115861981	1.0
GSE42752	N-H	N	H	healthy_reference	ADHFE1	cg18065361	8	False	unpaired_or_partially_paired_observations	beta_percentage_points	5000	22	19	38	0	10.541363636363634	9.499473684210525	1.0418899521531104	1.9220914384960577	-2.790349007352938	4.423823168801014	0.5877767907340958	0.5877767907340958		1.0	patient_cluster_OLS	estimated		5000					1.0	0.0		no_covariates			0.667206086779244	1.0	1.0	0.7495732536381801	1.0
GSE42752	N-H	N	H	healthy_reference	HOXA2	cg04481096	1	False	unpaired_or_partially_paired_observations	beta_percentage_points	5000	22	19	38	0	45.58818181818181	46.43631578947369	-0.8481339712918756	4.011615949095504	-8.49611527777778	6.7609302631578965	0.8325599159336643	0.8325599159336643		1.0	patient_cluster_OLS	estimated		5000					1.0	0.0		no_covariates			0.8781796373546871	1.0	1.0	0.9568225899536141	1.0
GSE42752	N-H	N	H	healthy_reference	HOXA2	cg19598584	2	False	unpaired_or_partially_paired_observations	beta_percentage_points	5000	22	19	38	0	34.62863636363637	35.42421052631579	-0.7955741626794244	2.7452886485844488	-6.081110573122534	4.339132936507931	0.7719721706379946	0.7719721706379946		1.0	patient_cluster_OLS	estimated		5000					1.0	0.0		no_covariates			0.8313546453024557	1.0	1.0	0.9287790177988373	1.0
GSE42752	N-H	N	H	healthy_reference	HOXA2	cg09871315	3	False	unpaired_or_partially_paired_observations	beta_percentage_points	5000	22	19	38	0	47.53181818181819	47.02263157894736	0.5091866028708314	3.0185123495298996	-5.3930966336295265	6.267979041353386	0.8660421124182398	0.8660421124182398		1.0	patient_cluster_OLS	estimated		5000					1.0	0.0		no_covariates			0.9031861307838076	1.0	1.0	0.9600214115861981	1.0
GSE42752	N-H	N	H	healthy_reference	HOXA2	cg13661519	4	False	unpaired_or_partially_paired_observations	beta_percentage_points	5000	22	19	38	0	44.80954545454546	52.777894736842114	-7.968349282296655	2.8443529260601887	-13.223944330065377	-2.5307721848739466	0.005087148533683236	0.005087148533683236		1.0	patient_cluster_OLS	estimated		5000					1.0	0.0		no_covariates			0.009833734822433703	1.0	1.0	0.06247285596010717	1.0
GSE42752	N-H	N	H	healthy_reference	HOXA2	cg02803819	5	False	unpaired_or_partially_paired_observations	beta_percentage_points	5000	22	19	38	0	41.48227272727272	51.118947368421054	-9.63667464114833	3.4843003394787297	-16.421263700115666	-3.1615432330827122	0.005679350541827924	0.005679350541827924		1.0	patient_cluster_OLS	estimated		5000					1.0	0.0		no_covariates			0.010932749793018753	1.0	1.0	0.06247285596010717	1.0
GSE42752	N-H	N	H	healthy_reference	HOXA2	cg03763508	6	False	unpaired_or_partially_paired_observations	beta_percentage_points	5000	22	19	38	0	48.025454545454544	54.694736842105264	-6.669282296650719	3.0864695344710285	-12.624324469461698	-0.5592764297106377	0.030709817439377812	0.030709817439377812		1.0	patient_cluster_OLS	estimated		5000					1.0	0.0		no_covariates			0.05435990673177222	1.0	1.0	0.13136977460178287	1.0
GSE42752	N-H	N	H	healthy_reference	HOXA2	cg00188704	7	False	unpaired_or_partially_paired_observations	beta_percentage_points	5000	22	19	38	0	52.871818181818185	58.559473684210516	-5.68765550239233	3.0314410361685704	-11.529045160427822	0.03106687675068783	0.0606248413634896	0.0606248413634896		1.0	patient_cluster_OLS	estimated		5000					1.0	0.0		no_covariates			0.10050868609586464	1.0	1.0	0.19401524759983715	1.0
GSE42752	N-H	N	H	healthy_reference	HOXA2	cg06786372	8	False	unpaired_or_partially_paired_observations	beta_percentage_points	5000	22	19	38	0	45.20636363636363	51.392105263157895	-6.185741626794261	2.9868858244388985	-12.14620506028499	-0.45880100820232955	0.03836189096436988	0.03836189096436988		1.0	patient_cluster_OLS	estimated		5000					1.0	0.0		no_covariates			0.06713330918764729	1.0	1.0	0.14174636493313947	1.0
GSE42752	N-H	N	H	healthy_reference	BEND5	cg11666087	1	False	unpaired_or_partially_paired_observations	beta_percentage_points	5000	22	19	38	0	4.564545454545454	3.782105263157894	0.7824401913875595	0.5095905063982531	-0.14128561212814633	1.8155334956709956	0.12467841268603949	0.12467841268603949		1.0	patient_cluster_OLS	estimated		5000					1.0	0.0		no_covariates			0.19329337805688002	1.0	1.0	0.30584870364495	1.0
GSE42752	N-H	N	H	healthy_reference	BEND5	cg16573178	2	False	unpaired_or_partially_paired_observations	beta_percentage_points	5000	22	19	38	0	5.383636363636364	4.025263157894736	1.3583732057416267	0.5940895254560338	0.28106380952380916	2.619110600490198	0.02222625310266762	0.02222625310266762		1.0	patient_cluster_OLS	estimated		5000					1.0	0.0		no_covariates			0.04042727926548205	1.0	1.0	0.1153821930027744	1.0
GSE42752	N-H	N	H	healthy_reference	BEND5	cg06744574	3	False	unpaired_or_partially_paired_observations	beta_percentage_points	5000	22	18	37	0	7.453636363636362	6.3149999999999995	1.1386363636363626	0.6696304111176786	-0.1165525451887294	2.470141731366459	0.08905660657133606	0.08905660657133606		1.0	patient_cluster_OLS	estimated		5000					1.0	0.0		no_covariates			0.1423673087749386	1.0	1.0	0.2421290493517424	1.0
GSE42752	N-H	N	H	healthy_reference	BEND5	cg03603214	4	False	unpaired_or_partially_paired_observations	beta_percentage_points	5000	22	19	38	0	3.6959090909090913	3.195789473684211	0.5001196172248805	0.5545573252543835	-0.4566693181818181	1.6908353619909482	0.36714412977488753	0.36714412977488753		1.0	patient_cluster_OLS	estimated		5000					1.0	0.0		no_covariates			0.47780447311548746	1.0	1.0	0.6019614228721261	1.0
GSE42752	N-H	N	H	healthy_reference	UNC5C	cg15701178	1	False	unpaired_or_partially_paired_observations	beta_percentage_points	5000	22	19	38	0	8.767272727272726	7.582105263157896	1.1851674641148309	0.6711726439035428	-0.08187590579710145	2.5267866826156298	0.07742670562429803	0.07742670562429803		1.0	patient_cluster_OLS	estimated		5000					1.0	0.0		no_covariates			0.1255127649067568	1.0	1.0	0.2208094938174425	1.0
GSE42752	N-H	N	H	healthy_reference	UNC5C	cg03008707	2	False	unpaired_or_partially_paired_observations	beta_percentage_points	5000	22	19	38	0	25.027272727272727	26.482631578947373	-1.4553588516746485	1.8912238355429989	-5.071517818238407	2.0375855519480384	0.4415770561699677	0.4415770561699677		1.0	patient_cluster_OLS	estimated		5000					1.0	0.0		no_covariates			0.5354556429147639	1.0	1.0	0.6415364778318399	1.0
GSE42752	N-H	N	H	healthy_reference	UNC5C	cg24870497	3	False	unpaired_or_partially_paired_observations	beta_percentage_points	5000	22	19	38	0	7.961363636363636	8.394736842105264	-0.4333732057416273	1.0521065143324146	-2.498571223262032	1.6543042293233088	0.6804053829471705	0.6804053829471705		1.0	patient_cluster_OLS	estimated		5000					1.0	0.0		no_covariates			0.7515842139955797	1.0	1.0	0.8316065791576528	1.0
GSE42752	N-H	N	H	healthy_reference	UNC5C	cg13265789	4	False	unpaired_or_partially_paired_observations	beta_percentage_points	5000	22	19	38	0	19.753181818181815	19.782631578947367	-0.02944976076555139	1.9632622725140614	-4.033500396825399	3.730000226449267	0.9880318444525744	0.9880318444525744		1.0	patient_cluster_OLS	estimated		5000					1.0	0.0		no_covariates			0.9911818113559979	1.0	1.0	0.9880318444525743	1.0
GSE42752	N-H	N	H	healthy_reference	UNC5C	cg12584684	5	False	unpaired_or_partially_paired_observations	beta_percentage_points	5000	22	19	38	0	15.358636363636363	13.411578947368422	1.9470574162679415	1.0571775778153825	-0.11383938618925919	3.9931841183574845	0.06551164204669825	0.06551164204669825		1.0	patient_cluster_OLS	estimated		5000					1.0	0.0		no_covariates			0.1073275837786333	1.0	1.0	0.19401524759983715	1.0
GSE42752	N-H	N	H	healthy_reference	RALYL	cg08327106	1	False	unpaired_or_partially_paired_observations	beta_percentage_points	5000	22	19	38	0	18.455454545454543	15.26157894736842	3.193875598086124	1.2390465243970818	0.7036446969697013	5.482418184885292	0.00994637036349857	0.00994637036349857		1.0	patient_cluster_OLS	estimated		5000					1.0	0.0		no_covariates			0.01883288158990303	1.0	1.0	0.07385127615972417	1.0
GSE42752	N-H	N	H	healthy_reference	RALYL	cg09757712	2	False	unpaired_or_partially_paired_observations	beta_percentage_points	5000	22	19	38	0	23.621363636363633	20.459999999999997	3.1613636363636344	1.4351201138270109	0.3148020833333367	5.86275518341308	0.027604866131399303	0.027604866131399303		1.0	patient_cluster_OLS	estimated		5000					1.0	0.0		no_covariates			0.04924111255871227	1.0	1.0	0.12503380541869097	1.0
GSE42752	N-H	N	H	healthy_reference	RALYL	cg11089595	3	False	unpaired_or_partially_paired_observations	beta_percentage_points	5000	22	18	37	0	32.08363636363635	26.48611111111111	5.597525252525243	2.5102674777486786	0.6073534207161068	10.409428932909195	0.025757262049113275	0.025757262049113275		1.0	patient_cluster_OLS	estimated		5000					1.0	0.0		no_covariates			0.046302938002686124	1.0	1.0	0.12395682361135764	1.0
GSE42752	N-H	N	H	healthy_reference	RALYL	cg01134282	4	False	unpaired_or_partially_paired_observations	beta_percentage_points	5000	22	19	38	0	17.05909090909091	15.117368421052635	1.941722488038275	1.149529124526013	-0.3808771739130413	4.079222115384617	0.09119146014546142	0.09119146014546142		1.0	patient_cluster_OLS	estimated		5000					1.0	0.0		no_covariates			0.14527742961104542	1.0	1.0	0.2421290493517424	1.0
GSE42752	N-H	N	H	healthy_reference	RALYL	cg06955749	5	False	unpaired_or_partially_paired_observations	beta_percentage_points	5000	22	19	38	0	16.30090909090909	14.734210526315788	1.5666985645933025	0.8472681590257481	-0.07803941176470346	3.198708193779905	0.06444081652028502	0.06444081652028502		1.0	patient_cluster_OLS	estimated		5000					1.0	0.0		no_covariates			0.10594895812231915	1.0	1.0	0.19401524759983715	1.0
GSE42752	N-H	N	H	healthy_reference	GFRA1	cg19236679	1	False	unpaired_or_partially_paired_observations	beta_percentage_points	5000	22	19	38	0	12.37772727272727	12.246842105263156	0.13088516746411483	1.0852828518774342	-2.0266471256265666	2.1535103754940708	0.9040078283160757	0.9040078283160757		1.0	patient_cluster_OLS	estimated		5000					1.0	0.0		no_covariates			0.9281147037378378	1.0	1.0	0.9667861497269143	1.0
GSE42752	N-H	N	H	healthy_reference	GFRA1	cg06298519	2	False	unpaired_or_partially_paired_observations	beta_percentage_points	5000	22	19	38	0	15.587272727272728	13.556315789473686	2.0309569377990417	1.410468803002902	-0.653583321606153	4.815983985507248	0.14989109740139211	0.14989109740139211		1.0	patient_cluster_OLS	estimated		5000					1.0	0.0		no_covariates			0.22483664610208817	1.0	1.0	0.33945924999727034	1.0
GSE42752	N-H	N	H	healthy_reference	GFRA1	cg19485539	3	False	unpaired_or_partially_paired_observations	beta_percentage_points	5000	22	19	38	0	16.139545454545452	13.561578947368421	2.577966507177032	1.2656720377519712	0.014548092532467893	4.950290118679046	0.04166646856900074	0.04166646856900074		1.0	patient_cluster_OLS	estimated		5000					1.0	0.0		no_covariates			0.07236807698826445	1.0	1.0	0.1458326399915026	1.0
GSE42752	N-H	N	H	healthy_reference	GFRA1	cg18672939	4	False	unpaired_or_partially_paired_observations	beta_percentage_points	5000	22	19	38	0	10.881363636363636	9.544210526315789	1.337153110047848	1.44622521261631	-1.3268424191139045	4.138440563725478	0.35518362769939693	0.35518362769939693		1.0	patient_cluster_OLS	estimated		5000					1.0	0.0		no_covariates			0.47024212259953563	1.0	1.0	0.6019614228721261	1.0
GSE42752	N-H	N	H	healthy_reference	GFRA1	cg27034576	5	False	unpaired_or_partially_paired_observations	beta_percentage_points	5000	22	19	38	0	14.419545454545455	12.13	2.2895454545454537	1.0031792204353667	0.37008398892774214	4.189014583333335	0.022472250922419643	0.022472250922419643		1.0	patient_cluster_OLS	estimated		5000					1.0	0.0		no_covariates			0.04056405222753788	1.0	1.0	0.1153821930027744	1.0
GSE42752	N-H	N	H	healthy_reference	GFRA1	cg18044663	6	False	unpaired_or_partially_paired_observations	beta_percentage_points	5000	22	19	38	0	11.985	9.738947368421053	2.246052631578947	1.908524770939858	-1.3725749750249734	6.026464054157133	0.23925428260802983	0.23925428260802983		1.0	patient_cluster_OLS	estimated		5000					1.0	0.0		no_covariates			0.3339440440027486	1.0	1.0	0.46056449402045746	1.0
GSE42752	T-H	T	H	healthy_reference	EYA4	cg14017655	1	False	unpaired_or_partially_paired_observations	beta_percentage_points	5000	22	19	38	0	47.018636363636354	7.398421052631579	39.62021531100477	4.524270418756176	30.879606907894736	48.28175225563908	2.0005268352618557e-18	2.0005268352618557e-18		1.0	patient_cluster_OLS	estimated		5000					1.0	0.0		no_covariates			6.330434232129982e-18	1.0	1.0	4.969050526295578e-18	1.0
GSE42752	T-H	T	H	healthy_reference	EYA4	cg20330472	2	False	unpaired_or_partially_paired_observations	beta_percentage_points	5000	22	19	38	0	43.17590909090909	11.251052631578947	31.924856459330144	4.702458766245436	22.776253685684804	41.00298825757576	1.1293609340413978e-11	1.1293609340413978e-11		1.0	patient_cluster_OLS	estimated		5000					1.0	0.0		no_covariates			2.5702697119562846e-11	1.0	1.0	1.4993239986411663e-11	1.0
GSE42752	T-H	T	H	healthy_reference	EYA4	cg17838029	3	False	unpaired_or_partially_paired_observations	beta_percentage_points	5000	22	19	38	0	29.615	4.916315789473684	24.698684210526313	3.237564913036578	18.472392153818053	31.062136278195467	2.369778493169457e-14	2.369778493169457e-14		1.0	patient_cluster_OLS	estimated		5000					1.0	0.0		no_covariates			5.886223999162845e-14	1.0	1.0	3.9668031298706124e-14	1.0
GSE42752	T-H	T	H	healthy_reference	EYA4	cg14343214	4	False	unpaired_or_partially_paired_observations	beta_percentage_points	5000	22	19	38	0	49.9609090909091	9.107894736842107	40.853014354067	5.240633120046548	30.490413744279177	51.27032045454547	6.418701969309998e-15	6.418701969309998e-15		1.0	patient_cluster_OLS	estimated		5000					1.0	0.0		no_covariates			1.6293628075940764e-14	1.0	1.0	1.0983112258597108e-14	1.0
GSE42752	T-H	T	H	healthy_reference	EYA4	cg24675448	5	False	unpaired_or_partially_paired_observations	beta_percentage_points	5000	22	19	38	0	52.209090909090904	23.1921052631579	29.01698564593301	3.9623061629191283	21.560927451599323	36.83900976190477	2.4202397192251147e-13	2.4202397192251147e-13		1.0	patient_cluster_OLS	estimated		5000					1.0	0.0		no_covariates			5.734106411702579e-13	1.0	1.0	3.654087419222232e-13	1.0
GSE42752	T-H	T	H	healthy_reference	EYA4	cg21607030	6	False	unpaired_or_partially_paired_observations	beta_percentage_points	5000	22	19	38	0	55.19499999999999	17.314736842105265	37.88026315789473	4.27721894857285	29.473827773485105	46.03736761245999	8.27264027488646e-19	8.27264027488646e-19		1.0	patient_cluster_OLS	estimated		5000					1.0	0.0		no_covariates			2.71060979219684e-18	1.0	1.0	2.1233110038875248e-18	1.0
GSE42752	T-H	T	H	healthy_reference	EYA4	cg11664500	7	False	unpaired_or_partially_paired_observations	beta_percentage_points	5000	22	19	38	0	57.489999999999995	13.122105263157891	44.3678947368421	4.115288076894587	36.1557923444976	52.0920775208773	4.221713774777467e-27	4.221713774777467e-27		1.0	patient_cluster_OLS	estimated		5000					1.0	0.0		no_covariates			2.321942576127607e-26	1.0	1.0	2.708933005482208e-26	1.0
GSE42752	T-H	T	H	healthy_reference	EYA4	cg26656135	8	False	unpaired_or_partially_paired_observations	beta_percentage_points	5000	22	19	38	0	50.63454545454547	14.466842105263158	36.16770334928231	3.175965263522863	29.850920849802375	41.948065229361276	4.802058828767167e-30	4.802058828767167e-30		1.0	patient_cluster_OLS	estimated		5000					1.0	0.0		no_covariates			3.21529156360932e-29	1.0	1.0	3.6975852981507187e-29	1.0
GSE42752	T-H	T	H	healthy_reference	EYA4	cg20286200	9	False	unpaired_or_partially_paired_observations	beta_percentage_points	5000	22	19	38	0	53.43999999999999	12.766315789473682	40.673684210526304	3.0945483002609233	34.43601239858538	46.728849477834615	1.850599032193346e-39	1.850599032193346e-39		1.0	patient_cluster_OLS	estimated		5000					1.0	0.0		no_covariates			3.0534884031190204e-38	1.0	1.0	7.124806273944382e-38	1.0
GSE42752	T-H	T	H	healthy_reference	EYA4	cg14270292	10	False	unpaired_or_partially_paired_observations	beta_percentage_points	5000	22	19	38	0	54.99409090909091	14.734736842105262	40.25935406698565	3.9246048232123276	32.47342449579831	47.91550610047847	1.0872204122804443e-24	1.0872204122804443e-24		1.0	patient_cluster_OLS	estimated		5000					1.0	0.0		no_covariates			5.232248234099638e-24	1.0	1.0	5.232248234099638e-24	1.0
GSE42752	T-H	T	H	healthy_reference	EYA4	cg06181518	11	False	unpaired_or_partially_paired_observations	beta_percentage_points	5000	22	19	38	0	47.199090909090906	7.373157894736843	39.825933014354064	3.8983520447700766	32.00444934210526	47.15937300168871	1.679725968391064e-24	1.679725968391064e-24		1.0	patient_cluster_OLS	estimated		5000					1.0	0.0		no_covariates			7.838721185824966e-24	1.0	1.0	7.185494420339552e-24	1.0
GSE42752	T-H	T	H	healthy_reference	EYA4	cg14287112	12	False	unpaired_or_partially_paired_observations	beta_percentage_points	5000	22	19	38	0	55.47590909090909	11.940000000000001	43.535909090909094	4.2198769250388475	35.103964880952375	51.64739259259259	5.91208857869513e-25	5.91208857869513e-25		1.0	patient_cluster_OLS	estimated		5000					1.0	0.0		no_covariates			2.9057286418693086e-24	1.0	1.0	3.0348721370635002e-24	1.0
GSE42752	T-H	T	H	healthy_reference	EYA4	cg01328892	13	False	unpaired_or_partially_paired_observations	beta_percentage_points	5000	22	19	38	0	57.954545454545446	19.956842105263156	37.99770334928229	3.5300115522602495	31.251608209192767	44.51307040328093	5.080818112467354e-27	5.080818112467354e-27		1.0	patient_cluster_OLS	estimated		5000					1.0	0.0		no_covariates			2.7294627534417644e-26	1.0	1.0	3.009407651230664e-26	1.0
GSE42752	T-H	T	H	healthy_reference	EYA4	cg05493394	14	False	unpaired_or_partially_paired_observations	beta_percentage_points	5000	22	19	38	0	46.88181818181818	12.88263157894737	33.999186602870815	4.580986273792508	25.3665379076087	42.9959318701893	1.1553487626440189e-13	1.1553487626440189e-13		1.0	patient_cluster_OLS	estimated		5000					1.0	0.0		no_covariates			2.7800579601121704e-13	1.0	1.0	1.7792370944717891e-13	1.0
GSE42752	T-H	T	H	healthy_reference	EYA4	cg26449787	15	False	unpaired_or_partially_paired_observations	beta_percentage_points	5000	22	19	38	0	52.72181818181819	14.034736842105264	38.687081339712925	4.179160840244548	30.62198065476191	46.6804468253968	2.0997915550141436e-20	2.0997915550141436e-20		1.0	patient_cluster_OLS	estimated		5000					1.0	0.0		no_covariates			7.760829587332275e-20	1.0	1.0	6.467357989443562e-20	1.0
GSE42752	T-H	T	H	healthy_reference	EYA4	cg22871668	16	False	unpaired_or_partially_paired_observations	beta_percentage_points	5000	22	19	38	0	56.20636363636362	11.02736842105263	45.17899521531099	4.409484995943168	36.685484374999994	53.43979248188406	1.2351296611810396e-24	1.2351296611810396e-24		1.0	patient_cluster_OLS	estimated		5000					1.0	0.0		no_covariates			5.882782509955055e-24	1.0	1.0	5.594410818290591e-24	1.0
GSE42752	T-H	T	H	healthy_reference	EYA4	cg20980055	17	False	unpaired_or_partially_paired_observations	beta_percentage_points	5000	22	19	38	0	46.92045454545454	7.167894736842105	39.75255980861244	3.6796532237041553	32.58182838379916	46.61379198564593	3.318912256604805e-27	3.318912256604805e-27		1.0	patient_cluster_OLS	estimated		5000					1.0	0.0		no_covariates			1.8473945331944821e-26	1.0	1.0	2.323238579623364e-26	1.0
GSE42752	T-H	T	H	healthy_reference	ZNF568	cg06611358	1	False	unpaired_or_partially_paired_observations	beta_percentage_points	5000	21	19	37	0	59.89619047619048	18.04157894736842	41.85461152882206	4.6512515358119755	32.80225995670995	51.00442335677749	2.2867714528706303e-19	2.2867714528706303e-19		1.0	patient_cluster_OLS	estimated		5000					1.0	0.0		no_covariates			7.825840083157269e-19	1.0	1.0	6.521533402631057e-19	1.0
GSE42752	T-H	T	H	healthy_reference	ZNF568	cg27390819	2	False	unpaired_or_partially_paired_observations	beta_percentage_points	5000	22	19	38	0	50.12318181818182	21.21526315789474	28.90791866028708	4.660155280464573	19.851958843720553	37.55660540738035	5.532317719839922e-10	5.532317719839922e-10		1.0	patient_cluster_OLS	estimated		5000					1.0	0.0		no_covariates			1.2113416050076037e-09	1.0	1.0	6.656069756682406e-10	1.0
GSE42752	T-H	T	H	healthy_reference	ZNF568	cg20154403	3	False	unpaired_or_partially_paired_observations	beta_percentage_points	5000	22	19	38	0	56.31545454545454	19.464736842105264	36.850717703349275	4.489498968501962	27.928307142857133	45.39239541666665	2.245238823890513e-16	2.245238823890513e-16		1.0	patient_cluster_OLS	estimated		5000					1.0	0.0		no_covariates			6.066083839984895e-16	1.0	1.0	4.216668035111451e-16	1.0
GSE42752	T-H	T	H	healthy_reference	ZNF568	cg21761844	4	False	unpaired_or_partially_paired_observations	beta_percentage_points	5000	22	19	38	0	46.567727272727275	4.884210526315789	41.68351674641148	3.987635361281774	33.93780090311005	49.10292275362318	1.4167554372035993e-25	1.4167554372035993e-25		1.0	patient_cluster_OLS	estimated		5000					1.0	0.0		no_covariates			7.1927583734951965e-25	1.0	1.0	7.792154904619795e-25	1.0
GSE42752	T-H	T	H	healthy_reference	ZNF568	cg20680720	5	False	unpaired_or_partially_paired_observations	beta_percentage_points	5000	22	19	38	0	56.576818181818176	3.0752631578947374	53.501555023923444	6.593149916372972	40.329659541094124	65.68951890756301	4.869125403819663e-16	4.869125403819663e-16		1.0	patient_cluster_OLS	estimated		5000					1.0	0.0		no_covariates			1.2781454185026616e-15	1.0	1.0	8.926729907002717e-16	1.0
GSE42752	T-H	T	H	healthy_reference	ZNF568	cg02459604	6	False	unpaired_or_partially_paired_observations	beta_percentage_points	5000	22	19	38	0	54.70272727272728	15.504736842105265	39.19799043062201	3.185972983517894	32.897583145115746	44.93758285984848	8.694479651950165e-35	8.694479651950165e-35		1.0	patient_cluster_OLS	estimated		5000					1.0	0.0		no_covariates			8.546488508938247e-34	1.0	1.0	1.6736873330004067e-33	1.0
GSE42752	T-H	T	H	healthy_reference	ZNF568	cg03060201	7	False	unpaired_or_partially_paired_observations	beta_percentage_points	5000	22	18	37	0	50.985	4.540555555555556	46.44444444444444	4.641660195983886	37.1719584382151	55.0592152173913	1.4343747709350646e-23	1.4343747709350646e-23		1.0	patient_cluster_OLS	estimated		5000					1.0	0.0		no_covariates			6.371934078576922e-23	1.0	1.0	5.812992492736841e-23	1.0
GSE42752	T-H	T	H	healthy_reference	ZNF568	cg03443751	8	False	unpaired_or_partially_paired_observations	beta_percentage_points	5000	22	19	38	0	49.18272727272727	8.156315789473684	41.02641148325359	5.802107143816141	29.40984656862745	51.53046047846887	1.5387620343602229e-12	1.5387620343602229e-12		1.0	patient_cluster_OLS	estimated		5000					1.0	0.0		no_covariates			3.5545402993721147e-12	1.0	1.0	2.154266848104312e-12	1.0
GSE42752	T-H	T	H	healthy_reference	ZNF793	cg17332326	1	False	unpaired_or_partially_paired_observations	beta_percentage_points	5000	22	19	38	0	47.06954545454546	9.35421052631579	37.71533492822968	4.050795188155078	29.97184586736237	45.56196180555553	1.2711186409228154e-20	1.2711186409228154e-20		1.0	patient_cluster_OLS	estimated		5000					1.0	0.0		no_covariates			4.8533620835234767e-20	1.0	1.0	4.255484145698121e-20	1.0
GSE42752	T-H	T	H	healthy_reference	ZNF793	cg11623861	2	False	unpaired_or_partially_paired_observations	beta_percentage_points	5000	22	19	38	0	37.64636363636363	7.341578947368421	30.304784688995213	5.125050419726123	20.418732655502396	40.0290212353716	3.357882707588213e-09	3.357882707588213e-09		1.0	patient_cluster_OLS	estimated		5000					1.0	0.0		no_covariates			7.283294886881476e-09	1.0	1.0	3.917529825519581e-09	1.0
GSE42752	T-H	T	H	healthy_reference	ZNF793	cg14732998	3	False	unpaired_or_partially_paired_observations	beta_percentage_points	5000	22	19	38	0	52.660909090909094	13.001578947368419	39.65933014354067	4.224863397458774	31.389370449344707	47.48248270308122	6.165902797229828e-21	6.165902797229828e-21		1.0	patient_cluster_OLS	estimated		5000					1.0	0.0		no_covariates			2.434741104547163e-20	1.0	1.0	2.15806597903044e-20	1.0
GSE42752	T-H	T	H	healthy_reference	ZNF793	cg07482795	4	False	unpaired_or_partially_paired_observations	beta_percentage_points	5000	22	19	38	0	42.38818181818182	9.128947368421052	33.25923444976077	4.958711053022091	23.679651666589987	42.70674033527493	1.983483181764676e-11	1.983483181764676e-11		1.0	patient_cluster_OLS	estimated		5000					1.0	0.0		no_covariates			4.470093804757465e-11	1.0	1.0	2.588613643997967e-11	1.0
GSE42752	T-H	T	H	healthy_reference	ZNF793	cg13181745	5	False	unpaired_or_partially_paired_observations	beta_percentage_points	5000	22	19	38	0	42.07090909090908	9.05684210526316	33.014066985645925	4.751459464815954	23.640627804926318	42.21933048574122	3.699893184218609e-12	3.699893184218609e-12		1.0	patient_cluster_OLS	estimated		5000					1.0	0.0		no_covariates			8.50423209506964e-12	1.0	1.0	5.087353128300588e-12	1.0
GSE42752	T-H	T	H	healthy_reference	ZNF793	cg24078985	6	False	unpaired_or_partially_paired_observations	beta_percentage_points	5000	22	19	38	0	45.07545454545455	10.123684210526315	34.951770334928234	4.873515585394405	26.04771444235589	44.463293674053766	7.403009138222991e-13	7.403009138222991e-13		1.0	patient_cluster_OLS	estimated		5000					1.0	0.0		no_covariates			1.744995011152562e-12	1.0	1.0	1.0962148146984043e-12	1.0
GSE42752	T-H	T	H	healthy_reference	ZNF793	cg15139588	7	False	unpaired_or_partially_paired_observations	beta_percentage_points	5000	22	19	38	0	51.37636363636363	9.814736842105262	41.561626794258366	5.266050777917012	31.354060777209437	51.58615571083506	2.9649858806324022e-15	2.9649858806324022e-15		1.0	patient_cluster_OLS	estimated		5000					1.0	0.0		no_covariates			7.694709379505344e-15	1.0	1.0	5.217246132316124e-15	1.0
GSE42752	T-H	T	H	healthy_reference	ZNF793	cg25361907	8	False	unpaired_or_partially_paired_observations	beta_percentage_points	5000	22	19	38	0	40.195	9.262631578947369	30.932368421052637	4.732725766165949	21.68216666666667	40.105283000700275	6.325082572744805e-11	6.325082572744805e-11		1.0	patient_cluster_OLS	estimated		5000					1.0	0.0		no_covariates			1.4048981483692788e-10	1.0	1.0	7.984120624612296e-11	1.0
GSE42752	T-H	T	H	healthy_reference	SFMBT2	cg20299663	1	False	unpaired_or_partially_paired_observations	beta_percentage_points	5000	22	19	38	0	48.11636363636364	21.69421052631579	26.42215311004784	4.492738855450352	17.599889285714287	35.03201666666667	4.076000168887075e-09	4.076000168887075e-09		1.0	patient_cluster_OLS	estimated		5000					1.0	0.0		no_covariates			8.799589149653405e-09	1.0	1.0	4.6843584030493245e-09	1.0
GSE42752	T-H	T	H	healthy_reference	SFMBT2	cg20506550	2	False	unpaired_or_partially_paired_observations	beta_percentage_points	5000	22	19	38	0	41.934545454545464	6.4273684210526305	35.50717703349283	5.007620631658861	25.65272916666666	44.784845982142855	1.3350438990343021e-12	1.3350438990343021e-12		1.0	patient_cluster_OLS	estimated		5000					1.0	0.0		no_covariates			3.115102431080038e-12	1.0	1.0	1.9036737078822455e-12	1.0
GSE42752	T-H	T	H	healthy_reference	SFMBT2	cg01056653	3	False	unpaired_or_partially_paired_observations	beta_percentage_points	5000	22	19	38	0	33.99227272727272	3.4263157894736844	30.565956937799037	4.771733738947378	21.773713095238094	39.93524285695832	1.4975051708767174e-10	1.4975051708767174e-10		1.0	patient_cluster_OLS	estimated		5000					1.0	0.0		no_covariates			3.3102745882537965e-10	1.0	1.0	1.8598048089920525e-10	1.0
GSE42752	T-H	T	H	healthy_reference	SFMBT2	cg22862480	4	False	unpaired_or_partially_paired_observations	beta_percentage_points	5000	22	19	38	0	55.52	10.27	45.25	5.314146825229728	34.861564538043474	55.61179652777775	1.6657954225413986e-17	1.6657954225413986e-17		1.0	patient_cluster_OLS	estimated		5000					1.0	0.0		no_covariates			4.9333172129110655e-17	1.0	1.0	3.772536692226108e-17	1.0
GSE42752	T-H	T	H	healthy_reference	SFMBT2	cg12767281	5	False	unpaired_or_partially_paired_observations	beta_percentage_points	5000	22	19	38	0	45.80045454545454	10.931578947368422	34.86887559808613	5.320633451578466	24.240163075218117	45.03436338569519	5.6196554034530957e-11	5.6196554034530957e-11		1.0	patient_cluster_OLS	estimated		5000					1.0	0.0		no_covariates			1.2542419306257634e-10	1.0	1.0	7.21189110109814e-11	1.0
GSE42752	T-H	T	H	healthy_reference	SFMBT2	cg26878816	6	False	unpaired_or_partially_paired_observations	beta_percentage_points	5000	22	19	38	0	47.9009090909091	7.812631578947368	40.088277511961735	4.770154806012377	30.660457306763295	49.087742051282056	4.316024550101595e-17	4.316024550101595e-17		1.0	patient_cluster_OLS	estimated		5000					1.0	0.0		no_covariates			1.238511392637849e-16	1.0	1.0	8.981997036697914e-17	1.0
GSE42752	T-H	T	H	healthy_reference	SFMBT2	cg12328063	7	False	unpaired_or_partially_paired_observations	beta_percentage_points	5000	22	19	38	0	39.60727272727272	12.672631578947371	26.934641148325355	4.281517152263027	18.487555450767257	35.250862980769234	3.1560929984656373e-10	3.1560929984656373e-10		1.0	patient_cluster_OLS	estimated		5000					1.0	0.0		no_covariates			6.943404596624403e-10	1.0	1.0	3.857446998124668e-10	1.0
GSE42752	T-H	T	H	healthy_reference	SFMBT2	cg16818993	8	False	unpaired_or_partially_paired_observations	beta_percentage_points	5000	22	19	38	0	45.785909090909094	9.624736842105264	36.16117224880383	4.228808163591349	27.83666071428571	44.00030500381971	1.2186829247615846e-17	1.2186829247615846e-17		1.0	patient_cluster_OLS	estimated		5000					1.0	0.0		no_covariates			3.704154679209553e-17	1.0	1.0	2.932455787707563e-17	1.0
GSE42752	T-H	T	H	healthy_reference	ADHFE1	cg20295442	1	False	unpaired_or_partially_paired_observations	beta_percentage_points	5000	22	19	38	0	70.61772727272728	21.33157894736842	49.28614832535886	4.02227865895877	41.4784856004902	56.93894633549452	1.6131552863513272e-34	1.6131552863513272e-34		1.0	patient_cluster_OLS	estimated		5000					1.0	0.0		no_covariates			1.5209749842741086e-33	1.0	1.0	2.4842591409810442e-33	1.0
GSE42752	T-H	T	H	healthy_reference	ADHFE1	cg19283840	2	False	unpaired_or_partially_paired_observations	beta_percentage_points	5000	22	19	38	0	58.335	18.787894736842105	39.5471052631579	3.2864313237626273	33.17596343903941	45.95174856264301	2.370457342910303e-33	2.370457342910303e-33		1.0	patient_cluster_OLS	estimated		5000					1.0	0.0		no_covariates			1.955627307901e-32	1.0	1.0	2.607503077201333e-32	1.0
GSE42752	T-H	T	H	healthy_reference	ADHFE1	cg25046651	3	False	unpaired_or_partially_paired_observations	beta_percentage_points	5000	22	19	38	0	56.5709090909091	27.42578947368421	29.145119617224886	3.2289066224539775	22.858596176046177	35.30601720494419	1.7755430061358352e-19	1.7755430061358352e-19		1.0	patient_cluster_OLS	estimated		5000					1.0	0.0		no_covariates			6.16767570552448e-19	1.0	1.0	5.2583389027868965e-19	1.0
GSE42752	T-H	T	H	healthy_reference	ADHFE1	cg01588438	4	False	unpaired_or_partially_paired_observations	beta_percentage_points	5000	22	19	38	0	67.51454545454544	22.946315789473683	44.568229665071755	3.373663106818138	37.77258275462964	50.86294759615385	7.617973391847099e-40	7.617973391847099e-40		1.0	patient_cluster_OLS	estimated		5000					1.0	0.0		no_covariates			1.303519891493837e-38	1.0	1.0	5.865839511722266e-38	1.0
GSE42752	T-H	T	H	healthy_reference	ADHFE1	cg08090772	5	False	unpaired_or_partially_paired_observations	beta_percentage_points	5000	22	19	38	0	61.34681818181819	24.97	36.376818181818194	3.104765839819188	30.28177637362636	42.473054511278185	1.049858042575494e-31	1.049858042575494e-31		1.0	patient_cluster_OLS	estimated		5000					1.0	0.0		no_covariates			7.823135736610939e-31	1.0	1.0	8.982118808701449e-31	1.0
GSE42752	T-H	T	H	healthy_reference	ADHFE1	cg09383816	6	False	unpaired_or_partially_paired_observations	beta_percentage_points	5000	22	19	38	0	63.39045454545455	18.52842105263158	44.862033492822974	3.442269047271898	37.982737132352945	51.80380144014127	7.97433300752204e-39	7.97433300752204e-39		1.0	patient_cluster_OLS	estimated		5000					1.0	0.0		no_covariates			1.228047283158394e-37	1.0	1.0	2.0467454719306568e-37	1.0
GSE42752	T-H	T	H	healthy_reference	ADHFE1	cg20912169	7	False	unpaired_or_partially_paired_observations	beta_percentage_points	5000	22	19	38	0	67.30090909090909	21.053684210526313	46.247224880382774	3.936388377548805	38.66252756322623	53.80961532738095	7.176130462054039e-32	7.176130462054039e-32		1.0	patient_cluster_OLS	estimated		5000					1.0	0.0		no_covariates			5.435036513883551e-31	1.0	1.0	6.907025569727013e-31	1.0
GSE42752	T-H	T	H	healthy_reference	ADHFE1	cg18065361	8	False	unpaired_or_partially_paired_observations	beta_percentage_points	5000	22	19	38	0	59.352727272727265	9.499473684210525	49.85325358851674	4.140888226661647	42.05363566525008	57.49075453216375	2.209132496799947e-33	2.209132496799947e-33		1.0	patient_cluster_OLS	estimated		5000					1.0	0.0		no_covariates			1.89003558059551e-32	1.0	1.0	2.607503077201333e-32	1.0
GSE42752	T-H	T	H	healthy_reference	HOXA2	cg04481096	1	False	unpaired_or_partially_paired_observations	beta_percentage_points	5000	22	19	38	0	72.31	46.43631578947369	25.87368421052631	4.757419050149709	16.269149281718786	34.7651212558275	5.3701818633310244e-08	5.3701818633310244e-08		1.0	patient_cluster_OLS	estimated		5000					1.0	0.0		no_covariates			1.1125668254972794e-07	1.0	1.0	5.743111159395679e-08	1.0
GSE42752	T-H	T	H	healthy_reference	HOXA2	cg19598584	2	False	unpaired_or_partially_paired_observations	beta_percentage_points	5000	22	19	38	0	63.15681818181819	35.42421052631579	27.732607655502395	4.734060416199813	18.386871874999994	36.313350928702306	4.681877541041224e-09	4.681877541041224e-09		1.0	patient_cluster_OLS	estimated		5000					1.0	0.0		no_covariates			1.0014015851671506e-08	1.0	1.0	5.301537803826092e-09	1.0
GSE42752	T-H	T	H	healthy_reference	HOXA2	cg09871315	3	False	unpaired_or_partially_paired_observations	beta_percentage_points	5000	22	19	38	0	70.58500000000001	47.02263157894736	23.56236842105265	4.240381502551879	15.149300952380958	31.472692231916668	2.7498188971147596e-08	2.7498188971147596e-08		1.0	patient_cluster_OLS	estimated		5000					1.0	0.0		no_covariates			5.7484901831086824e-08	1.0	1.0	2.982197958842768e-08	1.0
GSE42752	T-H	T	H	healthy_reference	HOXA2	cg13661519	4	False	unpaired_or_partially_paired_observations	beta_percentage_points	5000	21	19	37	0	74.44285714285715	52.777894736842114	21.664962406015032	4.169842492431536	12.963100041212645	29.13959588859415	2.0402673682035488e-07	2.0402673682035488e-07		1.0	patient_cluster_OLS	estimated		5000					1.0	0.0		no_covariates			4.1524384322028174e-07	1.0	1.0	2.15206284043388e-07	1.0
GSE42752	T-H	T	H	healthy_reference	HOXA2	cg02803819	5	False	unpaired_or_partially_paired_observations	beta_percentage_points	5000	22	19	38	0	74.37	51.118947368421054	23.25105263157895	4.711069871655575	13.846901785714289	31.707784523221328	7.998331645706983e-07	7.998331645706983e-07		1.0	patient_cluster_OLS	estimated		5000					1.0	0.0		no_covariates			1.6207145703143097e-06	1.0	1.0	8.322588334046456e-07	1.0
GSE42752	T-H	T	H	healthy_reference	HOXA2	cg03763508	6	False	unpaired_or_partially_paired_observations	beta_percentage_points	5000	22	19	38	0	70.80272727272727	54.694736842105264	16.10799043062201	4.365969760837038	7.649933047740831	24.332208466241354	0.0002247468167258651	0.0002247468167258651		1.0	patient_cluster_OLS	estimated		5000					1.0	0.0		no_covariates			0.0004494936334517302	1.0	1.0	0.0002247468167258651	1.0
GSE42752	T-H	T	H	healthy_reference	HOXA2	cg00188704	7	False	unpaired_or_partially_paired_observations	beta_percentage_points	5000	21	19	37	0	74.79666666666667	58.559473684210516	16.23719298245615	4.055396223654798	8.139136892230562	23.719605231829576	6.232022481751176e-05	6.232022481751176e-05		1.0	patient_cluster_OLS	estimated		5000					1.0	0.0		no_covariates			0.00012518236463343667	1.0	1.0	6.314022777563692e-05	1.0
GSE42752	T-H	T	H	healthy_reference	HOXA2	cg06786372	8	False	unpaired_or_partially_paired_observations	beta_percentage_points	5000	22	19	38	0	69.97772727272728	51.392105263157895	18.58562200956938	4.361654294526157	9.630641188672433	26.436129310344832	2.0338626249229883e-05	2.0338626249229883e-05		1.0	patient_cluster_OLS	estimated		5000					1.0	0.0		no_covariates			4.1032512345607884e-05	1.0	1.0	2.088098961587601e-05	1.0
GSE42752	T-H	T	H	healthy_reference	BEND5	cg11666087	1	False	unpaired_or_partially_paired_observations	beta_percentage_points	5000	22	19	38	0	49.476818181818174	3.782105263157894	45.69471291866028	4.917116660656126	35.90210661549708	54.91652363445378	1.5001459574715566e-20	1.5001459574715566e-20		1.0	patient_cluster_OLS	estimated		5000					1.0	0.0		no_covariates			5.680880593048025e-20	1.0	1.0	4.812968280221244e-20	1.0
GSE42752	T-H	T	H	healthy_reference	BEND5	cg16573178	2	False	unpaired_or_partially_paired_observations	beta_percentage_points	5000	22	19	38	0	50.56954545454547	4.025263157894736	46.544282296650735	4.898409274982714	36.78173359683794	55.7805177631579	2.060598049033047e-21	2.060598049033047e-21		1.0	patient_cluster_OLS	estimated		5000					1.0	0.0		no_covariates			8.350844725028666e-21	1.0	1.0	7.55552617978784e-21	1.0
GSE42752	T-H	T	H	healthy_reference	BEND5	cg06744574	3	False	unpaired_or_partially_paired_observations	beta_percentage_points	5000	22	18	37	0	46.41272727272727	6.3149999999999995	40.09772727272727	4.014326655988885	32.341237914862916	47.60329725829725	1.7088320530470243e-23	1.7088320530470243e-23		1.0	patient_cluster_OLS	estimated		5000					1.0	0.0		no_covariates			7.518861033406907e-23	1.0	1.0	6.579003404231044e-23	1.0
GSE42752	T-H	T	H	healthy_reference	BEND5	cg03603214	4	False	unpaired_or_partially_paired_observations	beta_percentage_points	5000	22	19	38	0	38.92318181818181	3.195789473684211	35.7273923444976	4.777240575104239	26.262891064578003	44.80650512422359	7.508014163806713e-14	7.508014163806713e-14		1.0	patient_cluster_OLS	estimated		5000					1.0	0.0		no_covariates			1.8160746301982727e-13	1.0	1.0	1.1798307971696263e-13	1.0
GSE42752	T-H	T	H	healthy_reference	UNC5C	cg15701178	1	False	unpaired_or_partially_paired_observations	beta_percentage_points	5000	22	19	38	0	31.186818181818175	7.582105263157896	23.60471291866028	4.169659076859915	16.01827717391304	31.907289616085656	1.504360369813331e-08	1.504360369813331e-08		1.0	patient_cluster_OLS	estimated		5000					1.0	0.0		no_covariates			3.159156776607996e-08	1.0	1.0	1.6547964067946643e-08	1.0
GSE42752	T-H	T	H	healthy_reference	UNC5C	cg03008707	2	False	unpaired_or_partially_paired_observations	beta_percentage_points	5000	22	19	38	0	46.967727272727274	26.482631578947373	20.485095693779897	3.5496454977008742	13.64119204545455	27.332793914473687	7.879041607515532e-09	7.879041607515532e-09		1.0	patient_cluster_OLS	estimated		5000					1.0	0.0		no_covariates			1.6621539829553314e-08	1.0	1.0	8.792553677952116e-09	1.0
GSE42752	T-H	T	H	healthy_reference	UNC5C	cg24870497	3	False	unpaired_or_partially_paired_observations	beta_percentage_points	5000	22	19	38	0	38.065	8.394736842105264	29.670263157894738	4.890675747835198	19.95316127819549	39.04044334415585	1.3056501146064326e-09	1.3056501146064326e-09		1.0	patient_cluster_OLS	estimated		5000					1.0	0.0		no_covariates			2.8453318535291122e-09	1.0	1.0	1.54669321268762e-09	1.0
GSE42752	T-H	T	H	healthy_reference	UNC5C	cg13265789	4	False	unpaired_or_partially_paired_observations	beta_percentage_points	5000	22	19	38	0	54.99636363636364	19.782631578947367	35.21373205741627	4.261498283270216	26.902590197368426	43.328827117928505	1.4178502026274868e-16	1.4178502026274868e-16		1.0	patient_cluster_OLS	estimated		5000					1.0	0.0		no_covariates			3.8532164330229345e-16	1.0	1.0	2.729361640057912e-16	1.0
GSE42752	T-H	T	H	healthy_reference	UNC5C	cg12584684	5	False	unpaired_or_partially_paired_observations	beta_percentage_points	5000	22	19	38	0	48.84727272727273	13.411578947368422	35.43569377990431	4.982482293995416	25.523609316770184	44.81939035087719	1.143267373639383e-12	1.143267373639383e-12		1.0	patient_cluster_OLS	estimated		5000					1.0	0.0		no_covariates			2.6811651097532737e-12	1.0	1.0	1.6609733541553297e-12	1.0
GSE42752	T-H	T	H	healthy_reference	RALYL	cg08327106	1	False	unpaired_or_partially_paired_observations	beta_percentage_points	5000	22	19	38	0	45.90363636363636	15.26157894736842	30.64205741626794	3.616741415224222	23.84602195873812	38.06773498283753	2.4062931229124814e-17	2.4062931229124814e-17		1.0	patient_cluster_OLS	estimated		5000					1.0	0.0		no_covariates			7.070330290968147e-17	1.0	1.0	5.293844870407459e-17	1.0
GSE42752	T-H	T	H	healthy_reference	RALYL	cg09757712	2	False	unpaired_or_partially_paired_observations	beta_percentage_points	5000	22	19	38	0	53.134090909090894	20.459999999999997	32.67409090909089	3.9261314926069093	24.784050175831197	39.94494220699642	8.633814123072215e-17	8.633814123072215e-17		1.0	patient_cluster_OLS	estimated		5000					1.0	0.0		no_covariates			2.3885162424307566e-16	1.0	1.0	1.7046248396834887e-16	1.0
GSE42752	T-H	T	H	healthy_reference	RALYL	cg11089595	3	False	unpaired_or_partially_paired_observations	beta_percentage_points	5000	22	18	37	0	57.70090909090909	26.48611111111111	31.214797979797982	3.665027817284162	23.93881140350878	38.11543083333333	1.6383359360567297e-17	1.6383359360567297e-17		1.0	patient_cluster_OLS	estimated		5000					1.0	0.0		no_covariates			4.883298080375542e-17	1.0	1.0	3.772536692226108e-17	1.0
GSE42752	T-H	T	H	healthy_reference	RALYL	cg01134282	4	False	unpaired_or_partially_paired_observations	beta_percentage_points	5000	22	19	38	0	47.54636363636364	15.117368421052635	32.428995215311005	3.8489730716842705	24.91114177115987	39.6342943802521	3.5963362304431245e-17	3.5963362304431245e-17		1.0	patient_cluster_OLS	estimated		5000					1.0	0.0		no_covariates			1.0449731688457381e-16	1.0	1.0	7.692163604003349e-17	1.0
GSE42752	T-H	T	H	healthy_reference	RALYL	cg06955749	5	False	unpaired_or_partially_paired_observations	beta_percentage_points	5000	22	19	38	0	41.795	14.734210526315788	27.060789473684217	3.5723917961265195	20.064438421688276	33.87991009615384	3.59188333335949e-14	3.59188333335949e-14		1.0	patient_cluster_OLS	estimated		5000					1.0	0.0		no_covariates			8.826862234106832e-14	1.0	1.0	5.761979513930849e-14	1.0
GSE42752	T-H	T	H	healthy_reference	GFRA1	cg19236679	1	False	unpaired_or_partially_paired_observations	beta_percentage_points	5000	22	19	38	0	48.015	12.246842105263156	35.768157894736845	5.160357966487546	25.866479166666668	45.5162869047619	4.1689429884063495e-12	4.1689429884063495e-12		1.0	patient_cluster_OLS	estimated		5000					1.0	0.0		no_covariates			9.534909211107591e-12	1.0	1.0	5.631730001882262e-12	1.0
GSE42752	T-H	T	H	healthy_reference	GFRA1	cg06298519	2	False	unpaired_or_partially_paired_observations	beta_percentage_points	5000	22	19	38	0	54.33909090909089	13.556315789473686	40.78277511961721	4.599151110706832	31.611155934343433	49.560446794962	7.483520015027865e-19	7.483520015027865e-19		1.0	patient_cluster_OLS	estimated		5000					1.0	0.0		no_covariates			2.4695616049591955e-18	1.0	1.0	1.9870035901970537e-18	1.0
GSE42752	T-H	T	H	healthy_reference	GFRA1	cg19485539	3	False	unpaired_or_partially_paired_observations	beta_percentage_points	5000	22	19	38	0	52.983181818181826	13.561578947368421	39.4216028708134	4.441613419977982	30.602638095238095	47.913642460317455	6.961106766948733e-19	6.961106766948733e-19		1.0	patient_cluster_OLS	estimated		5000					1.0	0.0		no_covariates			2.3136916016764852e-18	1.0	1.0	1.9143043609109014e-18	1.0
GSE42752	T-H	T	H	healthy_reference	GFRA1	cg18672939	4	False	unpaired_or_partially_paired_observations	beta_percentage_points	5000	22	19	38	0	52.64045454545454	9.544210526315789	43.09624401913875	5.664251931080443	31.910363365800865	53.63670601851851	2.7737737095293537e-14	2.7737737095293537e-14		1.0	patient_cluster_OLS	estimated		5000					1.0	0.0		no_covariates			6.852852694131344e-14	1.0	1.0	4.544267566675749e-14	1.0
GSE42752	T-H	T	H	healthy_reference	GFRA1	cg27034576	5	False	unpaired_or_partially_paired_observations	beta_percentage_points	5000	22	19	38	0	45.22545454545454	12.13	33.09545454545454	3.9742601683215075	25.416852106227104	40.69019526087947	8.260197265043695e-17	8.260197265043695e-17		1.0	patient_cluster_OLS	estimated		5000					1.0	0.0		no_covariates			2.3128552342122346e-16	1.0	1.0	1.6737768142325382e-16	1.0
GSE42752	T-H	T	H	healthy_reference	GFRA1	cg18044663	6	False	unpaired_or_partially_paired_observations	beta_percentage_points	5000	22	19	38	0	49.735	9.738947368421053	39.99605263157894	5.068124460670226	29.880796874999998	49.978535991161586	2.981283504180642e-15	2.981283504180642e-15		1.0	patient_cluster_OLS	estimated		5000					1.0	0.0		no_covariates			7.694709379505344e-15	1.0	1.0	5.217246132316124e-15	1.0
GSE42752	T-N	T	N	tissue_replication	EYA4	cg14017655	1	True	verified_patient_pairs	beta_percentage_points	5000	22	22	22	22	47.01863636363637	8.401363636363635	38.61727272727272	4.610650252372743	29.5343409090909	47.185511363636365	3.9155988301865284e-08	3.9155988301865284e-08	4.76837158203125e-07	4.76837158203125e-07	paired_t	estimated		5000											6.483894837083069e-08	7.83981377543928e-07	1.0	8.148678646604396e-08	9.923367886929899e-07
GSE42752	T-N	T	N	tissue_replication	EYA4	cg20330472	2	True	verified_patient_pairs	beta_percentage_points	5000	22	22	22	22	43.17590909090909	12.730454545454545	30.44545454545455	4.166566097172755	22.49523863636364	38.463761363636365	3.4096730899554264e-07	3.4096730899554264e-07	2.384185791015625e-06	2.384185791015625e-06	paired_t	estimated		5000											5.268458085482966e-07	3.530428959773137e-06	1.0	4.773542325937597e-07	3.1652121708310885e-06
GSE42752	T-N	T	N	tissue_replication	EYA4	cg17838029	3	True	verified_patient_pairs	beta_percentage_points	5000	22	22	22	22	29.615	5.676818181818182	23.93818181818182	3.123539980068099	18.009295454545455	30.15610227272727	1.6276735850790265e-07	1.6276735850790265e-07	4.76837158203125e-07	4.76837158203125e-07	paired_t	estimated		5000											2.5841415680636095e-07	7.83981377543928e-07	1.0	2.6110597093976054e-07	9.923367886929899e-07
GSE42752	T-N	T	N	tissue_replication	EYA4	cg14343214	4	True	verified_patient_pairs	beta_percentage_points	5000	22	22	22	22	49.9609090909091	10.160909090909092	39.79999999999999	4.86293904860797	30.34180681818181	49.28906818181815	5.7044821311624604e-08	5.7044821311624604e-08	9.5367431640625e-07	9.5367431640625e-07	paired_t	estimated		5000											9.345640938287435e-08	1.4541172745204208e-06	1.0	1.0981128102487736e-07	1.4121715839092549e-06
GSE42752	T-N	T	N	tissue_replication	EYA4	cg24675448	5	True	verified_patient_pairs	beta_percentage_points	5000	22	22	22	22	52.20909090909092	26.744090909090907	25.465	3.569750846193065	18.67853409090909	32.086738636363634	4.91614314505122e-07	4.91614314505122e-07	9.5367431640625e-07	9.5367431640625e-07	paired_t	estimated		5000											7.39823496095656e-07	1.4541172745204208e-06	1.0	6.205623314244983e-07	1.4121715839092549e-06
GSE42752	T-N	T	N	tissue_replication	EYA4	cg21607030	6	True	verified_patient_pairs	beta_percentage_points	5000	22	22	22	22	55.19500000000001	21.41409090909091	33.78090909090909	3.8513681107214066	26.283625	41.103272727272724	1.8264006614996377e-08	1.8264006614996377e-08	4.76837158203125e-07	4.76837158203125e-07	paired_t	estimated		5000											3.0908318886916946e-08	7.83981377543928e-07	1.0	4.536543578563616e-08	9.923367886929899e-07
GSE42752	T-N	T	N	tissue_replication	EYA4	cg11664500	7	True	verified_patient_pairs	beta_percentage_points	5000	22	22	22	22	57.489999999999995	14.529090909090911	42.9609090909091	3.850930000065869	35.70768181818181	50.08278409090908	2.760623047047795e-10	2.760623047047795e-10	4.76837158203125e-07	4.76837158203125e-07	paired_t	estimated		5000											5.314199365567006e-10	7.83981377543928e-07	1.0	1.9109069463317268e-09	9.923367886929899e-07
GSE42752	T-N	T	N	tissue_replication	EYA4	cg26656135	8	True	verified_patient_pairs	beta_percentage_points	5000	22	22	22	22	50.63454545454545	19.87590909090909	30.75863636363636	2.8565354773041425	24.917715909090912	35.814125000000004	5.223842813065462e-10	5.223842813065462e-10	1.430511474609375e-06	1.430511474609375e-06	paired_t	estimated		5000											9.810631624537576e-10	2.1487833250542953e-06	1.0	2.5139743537877534e-09	2.002716064453125e-06
GSE42752	T-N	T	N	tissue_replication	EYA4	cg20286200	9	True	verified_patient_pairs	beta_percentage_points	5000	22	22	22	22	53.43999999999999	18.599545454545456	34.84045454545454	2.431606765499476	30.130352272727272	39.24604545454545	2.594711132598356e-12	2.594711132598356e-12	4.76837158203125e-07	4.76837158203125e-07	paired_t	estimated		5000											5.473774170138998e-12	7.83981377543928e-07	1.0	9.989637860503671e-11	9.923367886929899e-07
GSE42752	T-N	T	N	tissue_replication	EYA4	cg14270292	10	True	verified_patient_pairs	beta_percentage_points	5000	22	22	22	22	54.99409090909091	17.817272727272726	37.176818181818184	3.6572415495387456	30.275897727272728	44.19654545454544	1.4528954831682407e-09	1.4528954831682407e-09	4.76837158203125e-07	4.76837158203125e-07	paired_t	estimated		5000											2.6426681622981385e-09	7.83981377543928e-07	1.0	5.593647610197726e-09	9.923367886929899e-07
GSE42752	T-N	T	N	tissue_replication	EYA4	cg06181518	11	True	verified_patient_pairs	beta_percentage_points	5000	22	22	22	22	47.19909090909091	9.579545454545455	37.61954545454545	4.0504649659486995	29.94213636363637	45.14053409090909	6.952219382177802e-09	6.952219382177802e-09	4.76837158203125e-07	4.76837158203125e-07	paired_t	estimated		5000											1.2029682975903162e-08	7.83981377543928e-07	1.0	2.0589265093372718e-08	9.923367886929899e-07
GSE42752	T-N	T	N	tissue_replication	EYA4	cg14287112	12	True	verified_patient_pairs	beta_percentage_points	5000	22	22	22	22	55.475909090909084	12.18090909090909	43.294999999999995	3.919133868775763	35.723340909090915	50.86595454545454	3.296136125962206e-10	3.296136125962206e-10	4.76837158203125e-07	4.76837158203125e-07	paired_t	estimated		5000											6.292623513200575e-10	7.83981377543928e-07	1.0	1.9523267823006914e-09	9.923367886929899e-07
GSE42752	T-N	T	N	tissue_replication	EYA4	cg01328892	13	True	verified_patient_pairs	beta_percentage_points	5000	22	22	22	22	57.95454545454546	23.78636363636364	34.168181818181814	3.0756307653043176	28.308556818181813	40.0574659090909	2.978036799478016e-10	2.978036799478016e-10	4.76837158203125e-07	4.76837158203125e-07	paired_t	estimated		5000											5.70893361559686e-10	7.83981377543928e-07	1.0	1.9109069463317268e-09	9.923367886929899e-07
GSE42752	T-N	T	N	tissue_replication	EYA4	cg05493394	14	True	verified_patient_pairs	beta_percentage_points	5000	22	22	22	22	46.88181818181818	13.532727272727271	33.34909090909091	4.19546580178873	25.588590909090904	41.59738636363636	9.12597762283191e-08	9.12597762283191e-08	9.5367431640625e-07	9.5367431640625e-07	paired_t	estimated		5000											1.4690598124558684e-07	1.4541172745204208e-06	1.0	1.5970460839955843e-07	1.4121715839092549e-06
GSE42752	T-N	T	N	tissue_replication	EYA4	cg26449787	15	True	verified_patient_pairs	beta_percentage_points	5000	22	22	22	22	52.72181818181819	15.91409090909091	36.80772727272727	3.771162045569941	29.95263636363637	43.845465909090905	2.9578933477881346e-09	2.9578933477881346e-09	4.76837158203125e-07	4.76837158203125e-07	paired_t	estimated		5000											5.23089302708322e-09	7.83981377543928e-07	1.0	9.310330011427994e-09	9.923367886929899e-07
GSE42752	T-N	T	N	tissue_replication	EYA4	cg22871668	16	True	verified_patient_pairs	beta_percentage_points	5000	22	22	22	22	56.20636363636363	12.263636363636362	43.942727272727275	4.0629982841571755	35.926238636363635	51.39822727272726	4.827172287109495e-10	4.827172287109495e-10	4.76837158203125e-07	4.76837158203125e-07	paired_t	estimated		5000											9.139973756740109e-10	7.83981377543928e-07	1.0	2.5139743537877534e-09	9.923367886929899e-07
GSE42752	T-N	T	N	tissue_replication	EYA4	cg20980055	17	True	verified_patient_pairs	beta_percentage_points	5000	22	22	22	22	46.92045454545454	9.993181818181819	36.92727272727273	3.256990097358846	30.57893181818182	43.474840909090915	2.0588437647358105e-10	2.0588437647358105e-10	4.76837158203125e-07	4.76837158203125e-07	paired_t	estimated		5000											3.9798569845520687e-10	7.83981377543928e-07	1.0	1.585309698846574e-09	9.923367886929899e-07
GSE42752	T-N	T	N	tissue_replication	ZNF568	cg06611358	1	True	verified_patient_pairs	beta_percentage_points	5000	21	21	21	21	59.89619047619048	21.158571428571427	38.73761904761905	3.727402255418128	31.69759523809524	45.86585714285713	1.6491180903991694e-09	1.6491180903991694e-09	9.5367431640625e-07	9.5367431640625e-07	paired_t	estimated		5000											2.976142803767251e-09	1.4541172745204208e-06	1.0	6.046766331463621e-09	1.4121715839092549e-06
GSE42752	T-N	T	N	tissue_replication	ZNF568	cg27390819	2	True	verified_patient_pairs	beta_percentage_points	5000	22	22	22	22	50.12318181818182	21.678636363636365	28.444545454545455	3.7074563763271904	21.217193181818182	35.452306818181825	1.5997259543205754e-07	1.5997259543205754e-07	3.337860107421875e-06	3.337860107421875e-06	paired_t	estimated		5000											2.548528934124503e-07	4.819035530090332e-06	1.0	2.6110597093976054e-07	4.079606797960069e-06
GSE42752	T-N	T	N	tissue_replication	ZNF568	cg20154403	3	True	verified_patient_pairs	beta_percentage_points	5000	22	22	22	22	56.31545454545456	20.571363636363635	35.744090909090914	4.584228641044498	26.748568181818182	44.32420454545455	1.2398963279298566e-07	1.2398963279298566e-07	9.5367431640625e-07	9.5367431640625e-07	paired_t	estimated		5000											1.989000359387478e-07	1.4541172745204208e-06	1.0	2.1216003833466435e-07	1.4121715839092549e-06
GSE42752	T-N	T	N	tissue_replication	ZNF568	cg21761844	4	True	verified_patient_pairs	beta_percentage_points	5000	22	22	22	22	46.56772727272726	6.547272727272727	40.02045454545455	3.7069555820283373	32.95614772727272	46.87657954545454	4.984326645746408e-10	4.984326645746408e-10	9.5367431640625e-07	9.5367431640625e-07	paired_t	estimated		5000											9.399015960550368e-10	1.4541172745204208e-06	1.0	2.5139743537877534e-09	1.4121715839092549e-06
GSE42752	T-N	T	N	tissue_replication	ZNF568	cg20680720	5	True	verified_patient_pairs	beta_percentage_points	5000	22	22	22	22	56.576818181818176	5.456818181818182	51.12	6.598988640863921	38.33652272727272	63.06369318181817	1.3741903728050592e-07	1.3741903728050592e-07	3.337860107421875e-06	3.337860107421875e-06	paired_t	estimated		5000											2.1968026028925168e-07	4.819035530090332e-06	1.0	2.3002751892606424e-07	4.079606797960069e-06
GSE42752	T-N	T	N	tissue_replication	ZNF568	cg02459604	6	True	verified_patient_pairs	beta_percentage_points	5000	22	22	22	22	54.70272727272728	21.54	33.16272727272727	2.848755191187061	27.47085227272727	38.57974999999999	1.2720454473427373e-10	1.2720454473427373e-10	4.76837158203125e-07	4.76837158203125e-07	paired_t	estimated		5000											2.490190663865867e-10	7.83981377543928e-07	1.0	1.088305549393231e-09	9.923367886929899e-07
GSE42752	T-N	T	N	tissue_replication	ZNF568	cg03060201	7	True	verified_patient_pairs	beta_percentage_points	5000	22	22	22	22	50.985	5.409090909090908	45.575909090909086	4.670287895827139	36.222852272727266	54.22795454545452	2.9664371712030378e-09	2.9664371712030378e-09	9.5367431640625e-07	9.5367431640625e-07	paired_t	estimated		5000											5.23089302708322e-09	1.4541172745204208e-06	1.0	9.310330011427994e-09	1.4121715839092549e-06
GSE42752	T-N	T	N	tissue_replication	ZNF568	cg03443751	8	True	verified_patient_pairs	beta_percentage_points	5000	22	22	22	22	49.18272727272728	8.851818181818182	40.3309090909091	5.912269504731339	29.151750000000003	51.48032954545453	9.587480616714026e-07	9.587480616714026e-07	6.67572021484375e-06	6.67572021484375e-06	paired_t	estimated		5000											1.4242495321292218e-06	9.34600830078125e-06	1.0	1.1718031864872697e-06	7.672096366312967e-06
GSE42752	T-N	T	N	tissue_replication	ZNF793	cg17332326	1	True	verified_patient_pairs	beta_percentage_points	5000	22	22	22	22	47.069545454545455	9.838636363636363	37.23090909090909	3.713186920086646	30.110193181818186	44.37189772727273	1.849090312629624e-09	1.849090312629624e-09	4.76837158203125e-07	4.76837158203125e-07	paired_t	estimated		5000											3.311161722615838e-09	7.83981377543928e-07	1.0	6.471816094203683e-09	9.923367886929899e-07
GSE42752	T-N	T	N	tissue_replication	ZNF793	cg11623861	2	True	verified_patient_pairs	beta_percentage_points	5000	22	22	22	22	37.64636363636363	5.327727272727271	32.318636363636365	4.99926818434305	22.687022727272733	42.49156818181816	2.090823588570031e-06	2.090823588570031e-06	4.76837158203125e-07	4.76837158203125e-07	paired_t	estimated		5000											3.00922273495126e-06	7.83981377543928e-07	1.0	2.3332379176795997e-06	9.923367886929899e-07
GSE42752	T-N	T	N	tissue_replication	ZNF793	cg14732998	3	True	verified_patient_pairs	beta_percentage_points	5000	22	22	22	22	52.660909090909094	13.105	39.55590909090908	3.701661827520274	32.26028409090909	46.522534090909105	5.988012344259323e-10	5.988012344259323e-10	4.76837158203125e-07	4.76837158203125e-07	paired_t	estimated		5000											1.1155087512289545e-09	7.83981377543928e-07	1.0	2.7122173559292227e-09	9.923367886929899e-07
GSE42752	T-N	T	N	tissue_replication	ZNF793	cg07482795	4	True	verified_patient_pairs	beta_percentage_points	5000	22	22	22	22	42.38818181818182	9.059090909090909	33.3290909090909	4.642467618449378	24.579897727272726	42.60247727272727	4.4634928800744297e-07	4.4634928800744297e-07	1.430511474609375e-06	1.430511474609375e-06	paired_t	estimated		5000											6.783334574323639e-07	2.1487833250542953e-06	1.0	5.925671582167777e-07	2.002716064453125e-06
GSE42752	T-N	T	N	tissue_replication	ZNF793	cg13181745	5	True	verified_patient_pairs	beta_percentage_points	5000	22	22	22	22	42.07090909090908	10.094090909090909	31.976818181818174	4.429494776696411	23.465556818181817	40.73292045454544	4.1029483350731785e-07	4.1029483350731785e-07	4.76837158203125e-07	4.76837158203125e-07	paired_t	estimated		5000											6.276695797363605e-07	7.83981377543928e-07	1.0	5.637140680137317e-07	9.923367886929899e-07
GSE42752	T-N	T	N	tissue_replication	ZNF793	cg24078985	6	True	verified_patient_pairs	beta_percentage_points	5000	22	22	22	22	45.07545454545455	10.103181818181818	34.972272727272724	4.5900563017898754	26.28453409090909	43.81663636363635	1.7838909968304812e-07	1.7838909968304812e-07	4.76837158203125e-07	4.76837158203125e-07	paired_t	estimated		5000											2.822457673067405e-07	7.83981377543928e-07	1.0	2.8032572807336135e-07	9.923367886929899e-07
GSE42752	T-N	T	N	tissue_replication	ZNF793	cg15139588	7	True	verified_patient_pairs	beta_percentage_points	5000	22	22	22	22	51.37636363636364	9.983181818181817	41.393181818181816	4.743511557786985	32.55732954545454	50.25727272727273	1.9894397993020747e-08	1.9894397993020747e-08	4.76837158203125e-07	4.76837158203125e-07	paired_t	estimated		5000											3.342258862827486e-08	7.83981377543928e-07	1.0	4.6420261983715076e-08	9.923367886929899e-07
GSE42752	T-N	T	N	tissue_replication	ZNF793	cg25361907	8	True	verified_patient_pairs	beta_percentage_points	5000	22	22	22	22	40.19499999999999	9.442272727272728	30.75272727272727	4.557592883591291	22.321943181818185	39.67965909090908	1.1254010107578752e-06	1.1254010107578752e-06	4.76837158203125e-07	4.76837158203125e-07	paired_t	estimated		5000											1.6505881491115504e-06	7.83981377543928e-07	1.0	1.3539980910680687e-06	9.923367886929899e-07
GSE42752	T-N	T	N	tissue_replication	SFMBT2	cg20299663	1	True	verified_patient_pairs	beta_percentage_points	5000	22	22	22	22	48.11636363636364	21.819545454545455	26.296818181818182	4.154126899497308	18.290181818181818	34.27367045454546	2.8161321139441185e-06	2.8161321139441185e-06	4.76837158203125e-06	4.76837158203125e-06	paired_t	estimated		5000											4.010321566955709e-06	6.778423602764423e-06	1.0	3.0541151094886916e-06	5.6486863356370195e-06
GSE42752	T-N	T	N	tissue_replication	SFMBT2	cg20506550	2	True	verified_patient_pairs	beta_percentage_points	5000	22	22	22	22	41.93454545454545	6.1499999999999995	35.784545454545444	4.832610487548162	26.26122727272727	44.73740909090908	2.779696119301326e-07	2.779696119301326e-07	2.384185791015625e-06	2.384185791015625e-06	paired_t	estimated		5000											4.309461768849707e-07	3.530428959773137e-06	1.0	3.9636407627074466e-07	3.1652121708310885e-06
GSE42752	T-N	T	N	tissue_replication	SFMBT2	cg01056653	3	True	verified_patient_pairs	beta_percentage_points	5000	22	22	22	22	33.99227272727272	3.748181818181818	30.244090909090904	4.640524986118769	21.68904545454545	39.04718181818181	1.861471727736136e-06	1.861471727736136e-06	9.5367431640625e-07	9.5367431640625e-07	paired_t	estimated		5000											2.6874998069190465e-06	1.4541172745204208e-06	1.0	2.10784298581886e-06	1.4121715839092549e-06
GSE42752	T-N	T	N	tissue_replication	SFMBT2	cg22862480	4	True	verified_patient_pairs	beta_percentage_points	5000	22	22	22	22	55.52	10.868181818181819	44.65181818181818	5.1010841151603215	34.766738636363634	54.344761363636366	1.8891661299014776e-08	1.8891661299014776e-08	4.76837158203125e-07	4.76837158203125e-07	paired_t	estimated		5000											3.1853823066222e-08	7.83981377543928e-07	1.0	4.5458060000754304e-08	9.923367886929899e-07
GSE42752	T-N	T	N	tissue_replication	SFMBT2	cg12767281	5	True	verified_patient_pairs	beta_percentage_points	5000	22	22	22	22	45.80045454545454	9.599090909090911	36.20136363636364	5.073308700134798	26.329636363636354	45.89285227272727	4.894298895100886e-07	4.894298895100886e-07	3.337860107421875e-06	3.337860107421875e-06	paired_t	estimated		5000											7.389431665152317e-07	4.819035530090332e-06	1.0	6.205623314244983e-07	4.079606797960069e-06
GSE42752	T-N	T	N	tissue_replication	SFMBT2	cg26878816	6	True	verified_patient_pairs	beta_percentage_points	5000	22	22	22	22	47.90090909090909	10.560454545454547	37.340454545454556	4.541848817695503	28.354954545454554	45.889568181818184	5.3013573737467376e-08	5.3013573737467376e-08	9.5367431640625e-07	9.5367431640625e-07	paired_t	estimated		5000											8.747239666682117e-08	1.4541172745204208e-06	1.0	1.0685540255895535e-07	1.4121715839092549e-06
GSE42752	T-N	T	N	tissue_replication	SFMBT2	cg12328063	7	True	verified_patient_pairs	beta_percentage_points	5000	22	22	22	22	39.60727272727272	19.24045454545455	20.366818181818182	4.310230726056987	12.56706818181818	28.769306818181807	0.0001149564994219927	0.0001149564994219927	9.870529174804688e-05	9.870529174804688e-05	paired_t	estimated		5000											0.00015438925213069949	0.00012955069541931152	1.0	0.0001149564994219927	0.00010000404558683697
GSE42752	T-N	T	N	tissue_replication	SFMBT2	cg16818993	8	True	verified_patient_pairs	beta_percentage_points	5000	22	22	22	22	45.78590909090909	12.225909090909088	33.559999999999995	4.131760889977547	25.57619318181818	41.05651136363636	6.449791576711002e-08	6.449791576711002e-08	4.76837158203125e-07	4.76837158203125e-07	paired_t	estimated		5000											1.0529341725938103e-07	7.83981377543928e-07	1.0	1.2113023205042614e-07	9.923367886929899e-07
GSE42752	T-N	T	N	tissue_replication	ADHFE1	cg20295442	1	True	verified_patient_pairs	beta_percentage_points	5000	22	22	22	22	70.61772727272727	22.941818181818185	47.675909090909094	2.8786631591803236	42.19389772727272	53.05587500000001	1.5699141352417938e-13	1.5699141352417938e-13	4.76837158203125e-07	4.76837158203125e-07	paired_t	estimated		5000											3.437442324557861e-13	7.83981377543928e-07	1.0	1.2088338841361812e-11	9.923367886929899e-07
GSE42752	T-N	T	N	tissue_replication	ADHFE1	cg19283840	2	True	verified_patient_pairs	beta_percentage_points	5000	22	22	22	22	58.335	20.00090909090909	38.334090909090904	2.9182752021443434	32.46381818181819	43.764488636363616	1.3498243335716036e-11	1.3498243335716036e-11	4.76837158203125e-07	4.76837158203125e-07	paired_t	estimated		5000											2.7593754075667294e-11	7.83981377543928e-07	1.0	2.0787294737002695e-10	9.923367886929899e-07
GSE42752	T-N	T	N	tissue_replication	ADHFE1	cg25046651	3	True	verified_patient_pairs	beta_percentage_points	5000	22	22	22	22	56.570909090909105	26.199545454545454	30.371363636363636	2.878182845397207	24.80385227272727	35.91399999999999	7.496675349850776e-10	7.496675349850776e-10	4.76837158203125e-07	4.76837158203125e-07	paired_t	estimated		5000											1.3853856046524233e-09	7.83981377543928e-07	1.0	3.2069111218806097e-09	9.923367886929899e-07
GSE42752	T-N	T	N	tissue_replication	ADHFE1	cg01588438	4	True	verified_patient_pairs	beta_percentage_points	5000	22	22	22	22	67.51454545454546	25.593636363636367	41.92090909090908	3.1285176848418734	35.79403409090908	47.675136363636355	9.278412178411591e-12	9.278412178411591e-12	4.76837158203125e-07	4.76837158203125e-07	paired_t	estimated		5000											1.913672511797391e-11	7.83981377543928e-07	1.0	1.7860943443442312e-10	9.923367886929899e-07
GSE42752	T-N	T	N	tissue_replication	ADHFE1	cg08090772	5	True	verified_patient_pairs	beta_percentage_points	5000	22	22	22	22	61.346818181818186	26.51954545454545	34.82727272727273	2.8374159164701553	29.17934090909091	40.331749999999985	4.794293126217289e-11	4.794293126217289e-11	4.76837158203125e-07	4.76837158203125e-07	paired_t	estimated		5000											9.588586252434578e-11	7.83981377543928e-07	1.0	4.6145071339841406e-10	9.923367886929899e-07
GSE42752	T-N	T	N	tissue_replication	ADHFE1	cg09383816	6	True	verified_patient_pairs	beta_percentage_points	5000	22	22	22	22	63.39045454545455	20.15954545454545	43.230909090909094	3.381955229267032	36.445681818181825	49.460602272727265	2.2507314309120072e-11	2.2507314309120072e-11	4.76837158203125e-07	4.76837158203125e-07	paired_t	estimated		5000											4.560692636321699e-11	7.83981377543928e-07	1.0	2.8884386696704093e-10	9.923367886929899e-07
GSE42752	T-N	T	N	tissue_replication	ADHFE1	cg20912169	7	True	verified_patient_pairs	beta_percentage_points	5000	22	22	22	22	67.30090909090909	21.56545454545454	45.73545454545454	3.3546179792486286	39.20551136363636	52.18962499999999	6.686128628278517e-12	6.686128628278517e-12	4.76837158203125e-07	4.76837158203125e-07	paired_t	estimated		5000											1.3914375793985022e-11	7.83981377543928e-07	1.0	1.7161063479248194e-10	9.923367886929899e-07
GSE42752	T-N	T	N	tissue_replication	ADHFE1	cg18065361	8	True	verified_patient_pairs	beta_percentage_points	5000	22	22	22	22	59.352727272727265	10.541363636363634	48.81136363636364	3.9135501257524288	41.33270454545455	56.03413636363636	3.560874164193927e-11	3.560874164193927e-11	4.76837158203125e-07	4.76837158203125e-07	paired_t	estimated		5000											7.152712451554757e-11	7.83981377543928e-07	1.0	3.9169615806133195e-10	9.923367886929899e-07
GSE42752	T-N	T	N	tissue_replication	HOXA2	cg04481096	1	True	verified_patient_pairs	beta_percentage_points	5000	22	22	22	22	72.31	45.58818181818182	26.72181818181818	4.3106525975317975	18.02844318181818	34.48072727272727	3.7751099280861747e-06	3.7751099280861747e-06	9.870529174804688e-05	9.870529174804688e-05	paired_t	estimated		5000											5.3336415497731275e-06	0.00012955069541931152	1.0	3.9819652666114444e-06	0.00010000404558683697
GSE42752	T-N	T	N	tissue_replication	HOXA2	cg19598584	2	True	verified_patient_pairs	beta_percentage_points	5000	22	22	22	22	63.156818181818196	34.62863636363636	28.528181818181825	4.3617488567471305	19.753136363636365	36.561818181818175	1.7690575641355953e-06	1.7690575641355953e-06	1.5735626220703125e-05	1.5735626220703125e-05	paired_t	estimated		5000											2.5620833687481035e-06	2.1582677236859343e-05	1.0	2.033096006543893e-06	1.7818282632266774e-05
GSE42752	T-N	T	N	tissue_replication	HOXA2	cg09871315	3	True	verified_patient_pairs	beta_percentage_points	5000	22	22	22	22	70.585	47.53181818181819	23.053181818181823	3.775970526104545	15.295306818181817	29.68527272727271	4.660382433292647e-06	4.660382433292647e-06	8.058547973632812e-05	8.058547973632812e-05	paired_t	estimated		5000											6.564319159089033e-06	0.00010698417137409079	1.0	4.849316856263971e-06	8.500112246160637e-05
GSE42752	T-N	T	N	tissue_replication	HOXA2	cg13661519	4	True	verified_patient_pairs	beta_percentage_points	5000	21	21	21	21	74.44285714285715	44.62666666666667	29.816190476190474	3.9331747431420725	21.714928571428572	36.81246428571428	2.6506066886105823e-07	2.6506066886105823e-07	2.384185791015625e-05	2.384185791015625e-05	paired_t	estimated		5000											4.1231659600609055e-07	3.2301872007308464e-05	1.0	3.850881415528582e-07	2.6226043701171875e-05
GSE42752	T-N	T	N	tissue_replication	HOXA2	cg02803819	5	True	verified_patient_pairs	beta_percentage_points	5000	22	22	22	22	74.37	41.48227272727272	32.88772727272728	4.383778437649134	23.70511363636364	40.41163636363635	2.2708354455119913e-07	2.2708354455119913e-07	2.6226043701171875e-05	2.6226043701171875e-05	paired_t	estimated		5000											3.568455700090272e-07	3.5428164298074285e-05	1.0	3.497086586088467e-07	2.84423290843695e-05
GSE42752	T-N	T	N	tissue_replication	HOXA2	cg03763508	6	True	verified_patient_pairs	beta_percentage_points	5000	22	22	22	22	70.80272727272727	48.02545454545456	22.777272727272727	3.874916571190601	14.93989772727273	29.643284090909088	7.795389226869492e-06	7.795389226869492e-06	9.870529174804688e-05	9.870529174804688e-05	paired_t	estimated		5000											1.0880573482820862e-05	0.00012955069541931152	1.0	8.003266272919346e-06	0.00010000404558683697
GSE42752	T-N	T	N	tissue_replication	HOXA2	cg00188704	7	True	verified_patient_pairs	beta_percentage_points	5000	21	21	21	21	74.79666666666665	53.06333333333333	21.73333333333333	3.434807704698179	14.530523809523807	27.384630952380956	3.5545262784268227e-06	3.5545262784268227e-06	0.00024127960205078125	0.00024127960205078125	paired_t	estimated		5000											5.037396136911632e-06	0.00031224419088924635	1.0	3.801368381095352e-06	0.00024127960205078125
GSE42752	T-N	T	N	tissue_replication	HOXA2	cg06786372	8	True	verified_patient_pairs	beta_percentage_points	5000	22	22	22	22	69.97772727272728	45.20636363636363	24.771363636363642	3.6890064416006103	17.065772727272726	31.50756818181817	1.208201958817631e-06	1.208201958817631e-06	3.337860107421875e-05	3.337860107421875e-05	paired_t	estimated		5000											1.766421851182739e-06	4.4698300568953805e-05	1.0	1.4212868226176457e-06	3.569655948215061e-05
GSE42752	T-N	T	N	tissue_replication	BEND5	cg11666087	1	True	verified_patient_pairs	beta_percentage_points	5000	22	22	22	22	49.47681818181818	4.5645454545454545	44.912272727272736	4.898026766387694	35.116772727272725	54.034000000000006	8.646782558945602e-09	8.646782558945602e-09	9.5367431640625e-07	9.5367431640625e-07	paired_t	estimated		5000											1.4850607963690958e-08	1.4541172745204208e-06	1.0	2.3778652037100406e-08	1.4121715839092549e-06
GSE42752	T-N	T	N	tissue_replication	BEND5	cg16573178	2	True	verified_patient_pairs	beta_percentage_points	5000	22	22	22	22	50.56954545454546	5.3836363636363656	45.18590909090909	4.887101880203158	35.7298409090909	54.49106818181818	7.507416457641566e-09	7.507416457641566e-09	1.430511474609375e-06	1.430511474609375e-06	paired_t	estimated		5000											1.294188956503882e-08	2.1487833250542953e-06	1.0	2.141003952734817e-08	2.002716064453125e-06
GSE42752	T-N	T	N	tissue_replication	BEND5	cg06744574	3	True	verified_patient_pairs	beta_percentage_points	5000	22	22	22	22	46.41272727272727	7.453636363636365	38.95909090909091	3.8238522262361694	31.496056818181817	46.062363636363635	1.3957711684666235e-09	1.3957711684666235e-09	4.76837158203125e-07	4.76837158203125e-07	paired_t	estimated		5000											2.548799525026008e-09	7.83981377543928e-07	1.0	5.593647610197726e-09	9.923367886929899e-07
GSE42752	T-N	T	N	tissue_replication	BEND5	cg03603214	4	True	verified_patient_pairs	beta_percentage_points	5000	22	22	22	22	38.92318181818182	3.695909090909091	35.22727272727273	4.72194224941895	26.07614772727273	44.21411363636364	2.4764744942883725e-07	2.4764744942883725e-07	9.5367431640625e-07	9.5367431640625e-07	paired_t	estimated		5000											3.878410902919417e-07	1.4541172745204208e-06	1.0	3.738990903141268e-07	1.4121715839092549e-06
GSE42752	T-N	T	N	tissue_replication	UNC5C	cg15701178	1	True	verified_patient_pairs	beta_percentage_points	5000	22	22	22	22	31.186818181818175	8.767272727272726	22.419545454545457	3.987402211601905	14.81571590909091	30.138465909090904	1.4003667568837375e-05	1.4003667568837375e-05	2.0503997802734375e-05	2.0503997802734375e-05	paired_t	estimated		5000											1.925504290715139e-05	2.7861314661362592e-05	1.0	1.4187926352637867e-05	2.288127291029778e-05
GSE42752	T-N	T	N	tissue_replication	UNC5C	cg03008707	2	True	verified_patient_pairs	beta_percentage_points	5000	22	22	22	22	46.96772727272727	25.027272727272727	21.940454545454546	3.067774725277775	16.215272727272726	27.67932954545454	4.7285514681252454e-07	4.7285514681252454e-07	4.76837158203125e-07	4.76837158203125e-07	paired_t	estimated		5000											7.16259271565201e-07	7.83981377543928e-07	1.0	6.171160390604134e-07	9.923367886929899e-07
GSE42752	T-N	T	N	tissue_replication	UNC5C	cg24870497	3	True	verified_patient_pairs	beta_percentage_points	5000	22	22	22	22	38.065	7.961363636363637	30.103636363636365	4.741332056854587	21.192204545454548	39.593409090909084	2.700212375014012e-06	2.700212375014012e-06	3.337860107421875e-06	3.337860107421875e-06	paired_t	estimated		5000											3.874217755454887e-06	4.819035530090332e-06	1.0	2.9702336125154135e-06	4.079606797960069e-06
GSE42752	T-N	T	N	tissue_replication	UNC5C	cg13265789	4	True	verified_patient_pairs	beta_percentage_points	5000	22	22	22	22	54.99636363636363	19.753181818181815	35.24318181818182	3.9363529050672024	27.472931818181813	42.53343181818181	1.2943007324931362e-08	1.2943007324931362e-08	4.76837158203125e-07	4.76837158203125e-07	paired_t	estimated		5000											2.206520067940328e-08	7.83981377543928e-07	1.0	3.436591600067982e-08	9.923367886929899e-07
GSE42752	T-N	T	N	tissue_replication	UNC5C	cg12584684	5	True	verified_patient_pairs	beta_percentage_points	5000	22	22	22	22	48.847272727272724	15.358636363636363	33.488636363636374	4.990029725833198	23.719784090909094	42.926874999999995	1.218245847957982e-06	1.218245847957982e-06	6.67572021484375e-06	6.67572021484375e-06	paired_t	estimated		5000											1.7754876396106868e-06	9.34600830078125e-06	1.0	1.4212868226176457e-06	7.672096366312967e-06
GSE42752	T-N	T	N	tissue_replication	RALYL	cg08327106	1	True	verified_patient_pairs	beta_percentage_points	5000	22	22	22	22	45.90363636363636	18.455454545454543	27.448181818181816	3.342875388030143	21.220159090909092	33.647	5.4121567529860505e-08	5.4121567529860505e-08	9.5367431640625e-07	9.5367431640625e-07	paired_t	estimated		5000											8.898279074304467e-08	1.4541172745204208e-06	1.0	1.0685540255895535e-07	1.4121715839092549e-06
GSE42752	T-N	T	N	tissue_replication	RALYL	cg09757712	2	True	verified_patient_pairs	beta_percentage_points	5000	22	22	22	22	53.1340909090909	23.621363636363633	29.51272727272727	3.6470150981766194	22.415897727272732	36.383352272727265	6.848529393748689e-08	6.848529393748689e-08	9.5367431640625e-07	9.5367431640625e-07	paired_t	estimated		5000											1.1101826596182086e-07	1.4541172745204208e-06	1.0	1.2555637221872597e-07	1.4121715839092549e-06
GSE42752	T-N	T	N	tissue_replication	RALYL	cg11089595	3	True	verified_patient_pairs	beta_percentage_points	5000	22	22	22	22	57.70090909090909	32.083636363636366	25.617272727272734	3.6569271384627267	18.745125000000005	32.53631818181818	6.461639500440647e-07	6.461639500440647e-07	4.76837158203125e-06	4.76837158203125e-06	paired_t	estimated		5000											9.661092068619997e-07	6.778423602764423e-06	1.0	8.024939379579514e-07	5.6486863356370195e-06
GSE42752	T-N	T	N	tissue_replication	RALYL	cg01134282	4	True	verified_patient_pairs	beta_percentage_points	5000	22	22	22	22	47.54636363636363	17.05909090909091	30.487272727272718	3.590884393580475	23.55098863636364	37.10103409090908	3.13315192293341e-08	3.13315192293341e-08	9.5367431640625e-07	9.5367431640625e-07	paired_t	estimated		5000											5.225690210813124e-08	1.4541172745204208e-06	1.0	6.892934230453502e-08	1.4121715839092549e-06
GSE42752	T-N	T	N	tissue_replication	RALYL	cg06955749	5	True	verified_patient_pairs	beta_percentage_points	5000	22	22	22	22	41.794999999999995	16.30090909090909	25.49409090909091	3.422729832472899	19.023625000000006	31.90094318181818	2.538283648244961e-07	2.538283648244961e-07	3.337860107421875e-06	3.337860107421875e-06	paired_t	estimated		5000											3.96178055908504e-07	4.819035530090332e-06	1.0	3.7586123252858075e-07	4.079606797960069e-06
GSE42752	T-N	T	N	tissue_replication	GFRA1	cg19236679	1	True	verified_patient_pairs	beta_percentage_points	5000	22	22	22	22	48.01500000000001	12.37772727272727	35.63727272727273	4.942039038925022	25.843806818181818	44.80689772727272	4.172948295686066e-07	4.172948295686066e-07	9.5367431640625e-07	9.5367431640625e-07	paired_t	estimated		5000											6.362713242927269e-07	1.4541172745204208e-06	1.0	5.637140680137317e-07	1.4121715839092549e-06
GSE42752	T-N	T	N	tissue_replication	GFRA1	cg06298519	2	True	verified_patient_pairs	beta_percentage_points	5000	22	22	22	22	54.33909090909093	15.587272727272728	38.75181818181819	3.975313793400663	30.980806818181822	46.22263636363634	3.0228344192948035e-09	3.0228344192948035e-09	4.76837158203125e-07	4.76837158203125e-07	paired_t	estimated		5000											5.31007415100456e-09	7.83981377543928e-07	1.0	9.310330011427994e-09	9.923367886929899e-07
GSE42752	T-N	T	N	tissue_replication	GFRA1	cg19485539	3	True	verified_patient_pairs	beta_percentage_points	5000	22	22	22	22	52.983181818181826	16.139545454545452	36.843636363636364	4.160220166993462	28.559034090909087	44.49570454545454	1.5543026869920953e-08	1.5543026869920953e-08	4.76837158203125e-07	4.76837158203125e-07	paired_t	estimated		5000											2.6400288286409855e-08	7.83981377543928e-07	1.0	3.9893768966130444e-08	9.923367886929899e-07
GSE42752	T-N	T	N	tissue_replication	GFRA1	cg18672939	4	True	verified_patient_pairs	beta_percentage_points	5000	22	22	22	22	52.64045454545454	10.881363636363636	41.759090909090915	5.23511623099119	31.22281818181818	51.46273863636364	8.628786926600424e-08	8.628786926600424e-08	2.384185791015625e-06	2.384185791015625e-06	paired_t	estimated		5000											1.3938809650662225e-07	3.530428959773137e-06	1.0	1.5451548682517039e-07	3.1652121708310885e-06
GSE42752	T-N	T	N	tissue_replication	GFRA1	cg27034576	5	True	verified_patient_pairs	beta_percentage_points	5000	22	22	22	22	45.22545454545454	14.419545454545455	30.80590909090909	3.640011872577738	24.025693181818184	37.84077272727271	3.3020497419288975e-08	3.3020497419288975e-08	4.76837158203125e-07	4.76837158203125e-07	paired_t	estimated		5000											5.487579067522125e-08	7.83981377543928e-07	1.0	7.062717503570142e-08	9.923367886929899e-07
GSE42752	T-N	T	N	tissue_replication	GFRA1	cg18044663	6	True	verified_patient_pairs	beta_percentage_points	5000	22	22	22	22	49.73499999999999	11.985000000000001	37.75000000000001	4.407051512100015	29.513204545454542	46.02373863636363	2.7067490880425267e-08	2.7067490880425267e-08	4.76837158203125e-07	4.76837158203125e-07	paired_t	estimated		5000											4.530862603897273e-08	7.83981377543928e-07	1.0	6.129990581743368e-08	9.923367886929899e-07
GSE193535	T-N	T	N	tissue_replication	EYA4	cg14017655	1	True	verified_patient_pairs	beta_percentage_points	5000	54	54	54	54	33.82465561666667	12.673163046296295	21.151492570370376	2.7757118656067106	15.688400627314817	26.696104979305552	4.5383011471724797e-10	4.5383011471724797e-10	3.164824599234612e-08	3.164824599234612e-08	paired_t	estimated		5000											8.628375020550147e-10	6.800692859750656e-08	1.0	2.184057427076756e-09	2.030762451175543e-07
GSE193535	T-N	T	N	tissue_replication	EYA4	cg20330472	2	True	verified_patient_pairs	beta_percentage_points	5000	54	54	54	54	6.576245550185185	0.9099467805555554	5.666298769629631	2.231183657337195	1.9245162489629628	10.485896952074073	0.014067081151681338	0.014067081151681338	0.0008226189732226451	0.0008226189732226451	paired_t	estimated		5000											0.01800274651544814	0.0010440933121672034	1.0	0.015473789266849471	0.0008676939854540229
GSE193535	T-N	T	N	tissue_replication	EYA4	cg17838029	3	True	verified_patient_pairs	beta_percentage_points	5000	54	54	54	54	24.16292116296297	8.089329592592591	16.07359157037037	2.164536981190228	11.972389905925922	20.32963642976852	9.310881820718511e-10	9.310881820718511e-10	6.556770721149565e-08	6.556770721149565e-08	paired_t	estimated		5000											1.7069950004650602e-09	1.3523339612370978e-07	1.0	3.5846895009766263e-09	2.804840808491758e-07
GSE193535	T-N	T	N	tissue_replication	EYA4	cg14343214	4	True	verified_patient_pairs	beta_percentage_points	5000	54	54	54	54	35.742727255555565	13.381411699999997	22.361315555555553	3.1882145421452845	16.21513208597222	28.641592132824073	4.286181378403093e-09	4.286181378403093e-09	1.9412537348823834e-07	1.9412537348823834e-07	paired_t	estimated		5000											7.472512440838599e-09	3.839261335375366e-07	1.0	1.2693691005270699e-08	6.22818906608098e-07
GSE193535	T-N	T	N	tissue_replication	EYA4	cg24675448	5	True	verified_patient_pairs	beta_percentage_points	5000	54	54	54	54	12.859755118518517	1.5155831592592592	11.34417195925926	2.8298934907463402	6.12786369	16.96376830893517	0.0001921067668827726	0.0001921067668827726	0.0001652406011062211	0.0001652406011062211	paired_t	estimated		5000											0.0002550382939650602	0.00021444145424459032	1.0	0.00025951264999953493	0.00019278070129059128
GSE193535	T-N	T	N	tissue_replication	EYA4	cg21607030	6	True	verified_patient_pairs	beta_percentage_points	5000	54	54	54	54	13.951520012962963	1.519195301851852	12.43232471111111	2.9361616010783558	7.199218285694445	18.381737699861112	9.16328473943722e-05	9.16328473943722e-05	7.114674685398729e-06	7.114674685398729e-06	paired_t	estimated		5000											0.0001234238352658891	9.930452279922093e-06	1.0	0.00013312696696918223	1.0956599015514042e-05
GSE193535	T-N	T	N	tissue_replication	EYA4	cg11664500	7	True	verified_patient_pairs	beta_percentage_points	5000	54	54	54	54	44.65299906666666	18.98496026851852	25.668038798148146	3.2340412207369376	19.131885796481484	31.82967673064813	1.4117152514385817e-10	1.4117152514385817e-10	6.249131129440047e-08	6.249131129440047e-08	paired_t	estimated		5000											2.751951249639767e-10	1.294663041166503e-07	1.0	7.7644338829122e-10	2.804840808491758e-07
GSE193535	T-N	T	N	tissue_replication	EYA4	cg26656135	8	True	verified_patient_pairs	beta_percentage_points	5000	54	54	54	54	13.009142662962963	1.502727475925926	11.50641518703704	2.6172565035731803	6.93543269712963	16.87463997574074	5.3269551389539355e-05	5.3269551389539355e-05	3.848847726273681e-06	3.848847726273681e-06	paired_t	estimated		5000											7.217165026969848e-05	5.539463082674269e-06	1.0	8.042657758812805e-05	6.735483520978942e-06
GSE193535	T-N	T	N	tissue_replication	EYA4	cg20286200	9	True	verified_patient_pairs	beta_percentage_points	5000	54	54	54	54	15.350614029629629	1.3370780962962963	14.013535933333332	2.8631092684678743	8.784088954907407	19.844553136481483	9.615504545591976e-06	9.615504545591976e-06	8.621778592712433e-07	8.621778592712433e-07	paired_t	estimated		5000											1.3340429729920398e-05	1.3878960661439526e-06	1.0	1.6827132954785958e-05	1.7942620314563713e-06
GSE193535	T-N	T	N	tissue_replication	EYA4	cg14270292	10	True	verified_patient_pairs	beta_percentage_points	5000	54	54	54	54	12.688593990740744	1.3574557240740739	11.331138266666667	2.7920782010807983	6.3615841986574075	16.989281046064814	0.0001634727204691473	0.0001634727204691473	1.574320828749264e-05	1.574320828749264e-05	paired_t	estimated		5000											0.00021764955866497422	2.1582677236859343e-05	1.0	0.00022477499064507754	2.2040491602489696e-05
GSE193535	T-N	T	N	tissue_replication	EYA4	cg06181518	11	True	verified_patient_pairs	beta_percentage_points	5000	54	54	54	54	34.1431357574074	14.29250832962963	19.850627427777777	2.6288380949268353	14.698364324351848	24.785990435555554	5.858875667297399e-10	5.858875667297399e-10	1.400762331385477e-07	1.400762331385477e-07	paired_t	estimated		5000											1.0958706713730358e-09	2.825992127074631e-07	1.0	2.6537260375405867e-09	5.136128548413416e-07
GSE193535	T-N	T	N	tissue_replication	EYA4	cg14287112	12	True	verified_patient_pairs	beta_percentage_points	5000	54	54	54	54	43.55522432962963	18.62593735740741	24.929286972222222	3.061473131852612	18.77367105027778	30.722492108611103	6.620239786013918e-11	6.620239786013918e-11	4.041836532091272e-08	4.041836532091272e-08	paired_t	estimated		5000											1.3126827386860215e-10	8.526614054000765e-08	1.0	4.634167850209743e-10	2.3940108690079075e-07
GSE193535	T-N	T	N	tissue_replication	EYA4	cg01328892	13	True	verified_patient_pairs	beta_percentage_points	5000	54	54	54	54	15.849020383333329	2.016586072222222	13.832434311111108	3.0662593141127967	8.379793133425924	20.075570717037035	3.611091935228768e-05	3.611091935228768e-05	9.425180990056328e-06	9.425180990056328e-06	paired_t	estimated		5000											4.9213111329666404e-05	1.3115763907849468e-05	1.0	5.674573041073779e-05	1.4230175220281124e-05
GSE193535	T-N	T	N	tissue_replication	EYA4	cg05493394	14	True	verified_patient_pairs	beta_percentage_points	5000	54	54	54	54	9.26378568148148	1.2765331888888887	7.987252492592593	2.3786122885355083	3.859264773703704	13.007520527916647	0.001459700893301081	0.001459700893301081	0.00038272927847692083	0.00038272927847692083	paired_t	estimated		5000											0.0019158574224576689	0.0004925374001569288	1.0	0.0018425732587571025	0.00043338462415768976
GSE193535	T-N	T	N	tissue_replication	EYA4	cg26449787	15	True	verified_patient_pairs	beta_percentage_points	5000	54	54	54	54	13.514297660555558	1.7595308074074074	11.754766853148146	2.842016903800578	6.51625949335185	17.70393166396759	0.0001267295224859086	0.0001267295224859086	1.9116025749918244e-05	1.9116025749918244e-05	paired_t	estimated		5000											0.00016970736054634718	2.605192889811867e-05	1.0	0.00018070691169286968	2.582340320602991e-05
GSE193535	T-N	T	N	tissue_replication	EYA4	cg22871668	16	True	verified_patient_pairs	beta_percentage_points	5000	54	54	54	54	42.03569584074075	15.948706846296298	26.08698899444444	3.236377607828874	19.462228771296296	32.252383114120356	8.957217521290253e-11	8.957217521290253e-11	5.407803481695457e-08	5.407803481695457e-08	paired_t	estimated		5000											1.7684762798444858e-10	1.1254077515960816e-07	1.0	5.433797946636753e-10	2.6025054255659384e-07
GSE193535	T-N	T	N	tissue_replication	EYA4	cg20980055	17	True	verified_patient_pairs	beta_percentage_points	5000	54	54	54	54	36.33772323518519	14.517824583333333	21.819898651851855	2.613722212863371	16.780727854259258	26.770932522037032	3.1215954427178584e-11	3.1215954427178584e-11	4.90906372945699e-08	4.90906372945699e-08	paired_t	estimated		5000											6.297716570024675e-11	1.0309033831859679e-07	1.0	2.6706983232141674e-10	2.6025054255659384e-07
GSE193535	T-N	T	N	tissue_replication	ZNF568	cg06611358	1	True	verified_patient_pairs	beta_percentage_points	5000	54	54	54	54	15.960394931111107	2.1269665896296295	13.83342834148148	3.1073558392629743	8.213063358333333	20.12894994394444	4.416847562464229e-05	4.416847562464229e-05	5.807481112539623e-06	5.807481112539623e-06	paired_t	estimated		5000											6.001716393701394e-05	8.180049615833248e-06	1.0	6.801945246194913e-05	9.12604174827655e-06
GSE193535	T-N	T	N	tissue_replication	ZNF568	cg27390819	2	True	verified_patient_pairs	beta_percentage_points	5000	54	54	54	54	9.90553022037037	1.8159065164814814	8.089623703888888	2.6527220862319654	3.371488801337964	13.466717812879626	0.0035731083983062727	0.0035731083983062727	0.0007037326742190297	0.0007037326742190297	paired_t	estimated		5000											0.004637011460723309	0.0008981339654397561	1.0	0.004232759179532046	0.0007632030410544406
GSE193535	T-N	T	N	tissue_replication	ZNF568	cg20154403	3	True	verified_patient_pairs	beta_percentage_points	5000	54	54	54	54	11.504439774074076	1.9420689444444443	9.56237082962963	2.586276543362399	4.880746063796297	14.997718344305552	0.0005179599437086859	0.0005179599437086859	2.911749086209077e-05	2.911749086209077e-05	paired_t	estimated		5000											0.0006817592421464755	3.910546737873819e-05	1.0	0.0006647152610928136	3.8000793158999825e-05
GSE193535	T-N	T	N	tissue_replication	ZNF568	cg21761844	4	True	verified_patient_pairs	beta_percentage_points	5000	54	54	54	54	26.914504790740736	10.473777329629632	16.440727461111113	2.968491855105066	10.67691892300926	22.073890038055552	9.71819341422001e-07	9.71819341422001e-07	1.4000395569607809e-05	1.4000395569607809e-05	paired_t	estimated		5000											1.4390401786441168e-06	1.9308008218384502e-05	1.0	2.1380025511284023e-06	1.9963527015922248e-05
GSE193535	T-N	T	N	tissue_replication	ZNF568	cg20680720	5	True	verified_patient_pairs	beta_percentage_points	5000	0	0	0	0								1.0		1.0	paired_t	probe_absent	probe_not_present_in_beta_matrix	0											1.0	1.0	1.0	1.0	1.0
GSE193535	T-N	T	N	tissue_replication	ZNF568	cg02459604	6	True	verified_patient_pairs	beta_percentage_points	5000	54	54	54	54	11.642012498148148	2.5575889166666665	9.084423581481483	2.236336371496489	4.902438952314816	13.52608042898148	0.00016142040687383026	0.00016142040687383026	9.432913547463166e-05	9.432913547463166e-05	paired_t	estimated		5000											0.0002155382311436693	0.00012487123378017144	1.0	0.00022477499064507754	0.00011715070050881674
GSE193535	T-N	T	N	tissue_replication	ZNF568	cg03060201	7	True	verified_patient_pairs	beta_percentage_points	5000	54	54	54	54	27.52250376111111	10.05626657037037	17.46623719074074	2.9393567010572466	11.824331358009259	23.102300236157404	2.2373671962131847e-07	2.2373671962131847e-07	5.575213301758579e-06	5.575213301758579e-06	paired_t	estimated		5000											3.527862268431711e-07	7.876906866704781e-06	1.0	5.742575803613841e-07	8.943571338237721e-06
GSE193535	T-N	T	N	tissue_replication	ZNF568	cg03443751	8	True	verified_patient_pairs	beta_percentage_points	5000	54	54	54	54	23.598179909259258	7.836037714814813	15.762142194444445	2.888337436243936	10.125469612870372	21.32980512435185	1.3027019041710638e-06	1.3027019041710638e-06	1.7271867114709443e-06	1.7271867114709443e-06	paired_t	estimated		5000											1.8926046532296587e-06	2.5823956656944216e-06	1.0	2.6396854373992607e-06	3.324834419581568e-06
GSE193535	T-N	T	N	tissue_replication	ZNF793	cg17332326	1	True	verified_patient_pairs	beta_percentage_points	5000	54	54	54	54	7.082472434388889	0.7058680643148146	6.376604370074074	2.4281286604954673	2.354946209893056	11.710701657984258	0.011264328861904184	0.011264328861904184	0.0001126087228400191	0.0001126087228400191	paired_t	estimated		5000											0.01445588870611037	0.00014738025482178137	1.0	0.012570338005313365	0.00013763288347113447
GSE193535	T-N	T	N	tissue_replication	ZNF793	cg11623861	2	True	verified_patient_pairs	beta_percentage_points	5000	54	54	54	54	23.38961600185185	9.618981537037037	13.770634464814812	2.6265687132106885	8.750715865787036	19.015089626898142	2.8085843575112848e-06	2.8085843575112848e-06	2.641734049231964e-06	2.641734049231964e-06	paired_t	estimated		5000											4.010321566955709e-06	3.886882581990979e-06	1.0	5.4306437885858564e-06	4.843179090258601e-06
GSE193535	T-N	T	N	tissue_replication	ZNF793	cg14732998	3	True	verified_patient_pairs	beta_percentage_points	5000	54	54	54	54	8.088031200462964	0.9709658846296296	7.117065315833332	2.463493386113329	2.979710712273148	12.464335410888888	0.005586471711453687	0.005586471711453687	0.00012512968738403595	0.00012512968738403595	paired_t	estimated		5000											0.0071892755729571125	0.00016330484624696217	1.0	0.006325857673263734	0.00015054665513391824
GSE193535	T-N	T	N	tissue_replication	ZNF793	cg07482795	4	True	verified_patient_pairs	beta_percentage_points	5000	54	54	54	54	4.832410429211111	0.5414445667111112	4.2909658625	2.0239901709293107	1.1780267873179626	8.828214683203056	0.03870098436403749	0.03870098436403749	0.0008485279875278333	0.0008485279875278333	paired_t	estimated		5000											0.04858656189180793	0.0010740272061311206	1.0	0.03973301061374515	0.0008829277708059888
GSE193535	T-N	T	N	tissue_replication	ZNF793	cg13181745	5	True	verified_patient_pairs	beta_percentage_points	5000	54	54	54	54	6.030698592555556	0.7075288319629629	5.323169760592593	2.3732724217461403	1.4174456272046296	10.489126407021288	0.029104004973257807	0.029104004973257807	0.0002486486710383592	0.0002486486710383592	paired_t	estimated		5000											0.03683849396615098	0.00032088180452436295	1.0	0.030283897066768255	0.00028576041298438294
GSE193535	T-N	T	N	tissue_replication	ZNF793	cg24078985	6	True	verified_patient_pairs	beta_percentage_points	5000	54	54	54	54	6.411925293518521	0.6228969986648147	5.789028294853704	2.322615883367283	1.9149838439925917	10.828385779126844	0.015846833741805875	0.015846833741805875	0.0007729886062323665	0.0007729886062323665	paired_t	estimated		5000											0.020224412123520205	0.0009838036806593755	1.0	0.01718600279040919	0.0008266683705540585
GSE193535	T-N	T	N	tissue_replication	ZNF793	cg15139588	7	True	verified_patient_pairs	beta_percentage_points	5000	54	54	54	54	27.524329359259266	10.719631870370373	16.804697488888888	3.0396322696184357	10.991837176250002	22.90826448699074	1.007128789102608e-06	1.007128789102608e-06	1.6368761560060995e-05	1.6368761560060995e-05	paired_t	estimated		5000											1.4865607046818048e-06	2.2373869351325974e-05	1.0	2.1541365766916896e-06	2.250704714508387e-05
GSE193535	T-N	T	N	tissue_replication	ZNF793	cg25361907	8	True	verified_patient_pairs	beta_percentage_points	5000	54	54	54	54	5.924366255129629	0.5353424957407406	5.389023759388888	2.3856543741984497	1.4287869535824074	10.623218168942127	0.028026499429963242	0.028026499429963242	0.0009026312714914106	0.0009026312714914106	paired_t	estimated		5000											0.03557209543033796	0.0011393870148334198	1.0	0.029562198028865335	0.0009267014387311815
GSE193535	T-N	T	N	tissue_replication	SFMBT2	cg20299663	1	True	verified_patient_pairs	beta_percentage_points	5000	54	54	54	54	14.036232790740744	1.7445392814629628	12.29169350927778	3.1963580632419135	6.364176799943519	18.88331183749397	0.0003245541659819994	0.0003245541659819994	4.7320194588453785e-06	4.7320194588453785e-06	paired_t	estimated		5000											0.00042963903920826283	6.768399349803607e-06	1.0	0.0004308736341485165	7.92098909415422e-06
GSE193535	T-N	T	N	tissue_replication	SFMBT2	cg20506550	2	True	verified_patient_pairs	beta_percentage_points	5000	54	54	54	54	34.41286916851853	10.973020944444443	23.439848224074073	2.910320371071218	17.900439249675927	29.224800713750003	9.173944585230883e-11	9.173944585230883e-11	2.47364761761903e-08	2.47364761761903e-08	paired_t	estimated		5000											1.8035584673943268e-10	5.416233172227449e-08	1.0	5.433797946636753e-10	1.9047086655666532e-07
GSE193535	T-N	T	N	tissue_replication	SFMBT2	cg01056653	3	True	verified_patient_pairs	beta_percentage_points	5000	54	54	54	54	21.774212209259257	6.937037235185185	14.837174974074074	1.9727130845576084	11.028761425416667	18.4370529924074	6.543826799605578e-10	6.543826799605578e-10	8.328614532786252e-08	8.328614532786252e-08	paired_t	estimated		5000											1.2141558158304326e-09	1.702575183250995e-07	1.0	2.7993036864979416e-09	3.206516595122707e-07
GSE193535	T-N	T	N	tissue_replication	SFMBT2	cg22862480	4	True	verified_patient_pairs	beta_percentage_points	5000	54	54	54	54	45.48186007407407	16.948286012962964	28.533574061111118	3.294501693973273	22.06786255833334	34.614007990601856	9.989201327931885e-12	9.989201327931885e-12	1.5030204987044316e-08	1.5030204987044316e-08	paired_t	estimated		5000											2.0511160060020134e-11	3.4206673418790514e-08	1.0	1.0988121460725073e-10	1.6533225485748746e-07
GSE193535	T-N	T	N	tissue_replication	SFMBT2	cg12767281	5	True	verified_patient_pairs	beta_percentage_points	5000	54	54	54	54	36.298402753703705	16.1568227537037	20.14158	2.8265165758585074	14.596830701203706	25.663306519907398	2.8280134449029407e-09	2.8280134449029407e-09	1.9412537348823834e-07	1.9412537348823834e-07	paired_t	estimated		5000											5.025162352096764e-09	3.839261335375366e-07	1.0	9.073209802396935e-09	6.22818906608098e-07
GSE193535	T-N	T	N	tissue_replication	SFMBT2	cg26878816	6	True	verified_patient_pairs	beta_percentage_points	5000	54	54	54	54	13.399038224074072	1.1437509299444442	12.255287294129626	2.6675053887692513	7.428479791592592	17.62556469388703	2.7190653883402938e-05	2.7190653883402938e-05	2.641734049231964e-06	2.641734049231964e-06	paired_t	estimated		5000											3.716592335542059e-05	3.886882581990979e-06	1.0	4.3618340604625546e-05	4.843179090258601e-06
GSE193535	T-N	T	N	tissue_replication	SFMBT2	cg12328063	7	True	verified_patient_pairs	beta_percentage_points	5000	54	54	54	54	29.99703766481482	8.523962283333333	21.473075381481483	2.73535189046519	16.34461811782408	26.912812048101852	1.9422037397449125e-10	1.9422037397449125e-10	1.1108024556054318e-08	1.1108024556054318e-08	paired_t	estimated		5000											3.7701602006813007e-10	2.5918723964126742e-08	1.0	9.969979197357218e-10	1.4255298180269708e-07
GSE193535	T-N	T	N	tissue_replication	SFMBT2	cg16818993	8	True	verified_patient_pairs	beta_percentage_points	5000	54	54	54	54	11.87270459259259	1.1101438538888888	10.762560738703703	2.4577240969068437	6.297094379328705	16.085406626787034	5.646260554073337e-05	5.646260554073337e-05	4.4205793881856175e-07	4.4205793881856175e-07	paired_t	estimated		5000											7.627404608134156e-05	7.83981377543928e-07	1.0	8.360808897377826e-05	1.0980148802912664e-06
GSE193535	T-N	T	N	tissue_replication	ADHFE1	cg20295442	1	True	verified_patient_pairs	beta_percentage_points	5000	54	54	54	54	54.08869537037037	20.83541969814815	33.25327567222223	2.9343184083150757	27.549121835509254	38.873606091712965	8.857699679645502e-16	8.857699679645502e-16	3.966930705307593e-10	3.966930705307593e-10	paired_t	estimated		5000											2.0461286259981112e-15	1.0909059439595879e-09	1.0	3.4102143766635185e-14	1.5272683215434233e-08
GSE193535	T-N	T	N	tissue_replication	ADHFE1	cg19283840	2	True	verified_patient_pairs	beta_percentage_points	5000	54	54	54	54	19.35256551666667	1.7348890092592595	17.617676507407403	3.3611419111537035	11.335633848518519	24.44597346212963	2.8211136564082372e-06	2.8211136564082372e-06	5.290893739838961e-07	5.290893739838961e-07	paired_t	estimated		5000											4.010321566955709e-06	8.637430769631096e-07	1.0	5.4306437885858564e-06	1.1982318175517648e-06
GSE193535	T-N	T	N	tissue_replication	ADHFE1	cg25046651	3	True	verified_patient_pairs	beta_percentage_points	5000	54	54	54	54	22.622460800000002	2.835171625925925	19.78728917407407	3.4014802164523217	13.29964315898148	26.55630263208333	3.5314217069523123e-07	3.5314217069523123e-07	3.218786309864196e-07	3.218786309864196e-07	paired_t	estimated		5000											5.438389428706562e-07	6.196163646488578e-07	1.0	8.771595852752517e-07	8.851662352126539e-07
GSE193535	T-N	T	N	tissue_replication	ADHFE1	cg01588438	4	True	verified_patient_pairs	beta_percentage_points	5000	54	54	54	54	29.01073011851852	2.7771842796296293	26.233545838888894	4.185796255702016	18.07773450222222	34.734208400601865	6.780312535372115e-08	6.780312535372115e-08	5.152588120303887e-08	5.152588120303887e-08	paired_t	estimated		5000											1.1029945039936327e-07	1.0771473808056089e-07	1.0	1.8002898800815615e-07	2.6025054255659384e-07
GSE193535	T-N	T	N	tissue_replication	ADHFE1	cg08090772	5	True	verified_patient_pairs	beta_percentage_points	5000	54	54	54	54	24.456409044444445	2.935093733333334	21.52131531111111	3.8316605608426015	14.25767437689815	29.151676583425917	7.320935155325384e-07	7.320935155325384e-07	4.624218961266609e-07	4.624218961266609e-07	paired_t	estimated		5000											1.0910554973420413e-06	7.83981377543928e-07	1.0	1.6579764910589842e-06	1.1127026875547778e-06
GSE193535	T-N	T	N	tissue_replication	ADHFE1	cg09383816	6	True	verified_patient_pairs	beta_percentage_points	5000	54	54	54	54	25.501822079629626	2.435714722222222	23.066107357407414	3.980434830636777	15.694353582314816	31.07837352287037	3.8317073857381235e-07	3.8317073857381235e-07	2.335485662807955e-07	2.335485662807955e-07	paired_t	estimated		5000											5.881225289737585e-07	4.572010068717268e-07	1.0	9.22004589693236e-07	7.193295841448501e-07
GSE193535	T-N	T	N	tissue_replication	ADHFE1	cg20912169	7	True	verified_patient_pairs	beta_percentage_points	5000	54	54	54	54	53.289802333333334	18.63174014814815	34.65806218518517	2.961176706297944	28.915271353055555	40.24268665125001	2.587544359350726e-16	2.587544359350726e-16	2.6912417406113774e-10	2.6912417406113774e-10	paired_t	estimated		5000											6.099211704183854e-16	7.627936712653107e-10	1.0	1.992409156700059e-14	1.5272683215434233e-08
GSE193535	T-N	T	N	tissue_replication	ADHFE1	cg18065361	8	True	verified_patient_pairs	beta_percentage_points	5000	54	54	54	54	43.78728192222222	11.433709792592591	32.353572129629626	3.3146062141197317	25.773791413009263	38.51667114129628	1.947554191562406e-13	1.947554191562406e-13	1.002889464274675e-09	1.002889464274675e-09	paired_t	estimated		5000											4.2083781106787127e-13	2.603005238735392e-09	1.0	4.9987224250101755e-12	2.5740829583049988e-08
GSE193535	T-N	T	N	tissue_replication	HOXA2	cg04481096	1	True	verified_patient_pairs	beta_percentage_points	5000	0	0	0	0								1.0		1.0	paired_t	probe_absent	probe_not_present_in_beta_matrix	0											1.0	1.0	1.0	1.0	1.0
GSE193535	T-N	T	N	tissue_replication	HOXA2	cg19598584	2	True	verified_patient_pairs	beta_percentage_points	5000	54	54	54	54	24.857043979629633	4.859437562962962	19.99760641666667	4.050291656606731	12.545949519629632	28.03798699527777	8.276725243825527e-06	8.276725243825527e-06	1.0207209191846472e-05	1.0207209191846472e-05	paired_t	estimated		5000											1.15176116344801e-05	1.41613532931924e-05	1.0	1.482111264592013e-05	1.5114521303311121e-05
GSE193535	T-N	T	N	tissue_replication	HOXA2	cg09871315	3	True	verified_patient_pairs	beta_percentage_points	5000	54	54	54	54	33.073119570370366	7.73673223888889	25.336387331481486	4.468577766941763	16.309892793425927	34.15177357398147	6.036611483905663e-07	6.036611483905663e-07	4.1812873704672765e-06	4.1812873704672765e-06	paired_t	estimated		5000											9.054917225858495e-07	5.999238401105223e-06	1.0	1.408542679577988e-06	7.1546472783551176e-06
GSE193535	T-N	T	N	tissue_replication	HOXA2	cg13661519	4	True	verified_patient_pairs	beta_percentage_points	5000	54	54	54	54	70.44526560925927	49.67715418148149	20.76811142777778	2.162651287074407	16.447715665925916	24.87655205888889	3.4009839987048214e-13	3.4009839987048214e-13	9.540025086662705e-09	9.540025086662705e-09	paired_t	estimated		5000											7.240804642403814e-13	2.2373053756538933e-08	1.0	6.546894197506781e-12	1.4255298180269708e-07
GSE193535	T-N	T	N	tissue_replication	HOXA2	cg02803819	5	True	verified_patient_pairs	beta_percentage_points	5000	54	54	54	54	71.26399604444444	47.45958904444444	23.804407000000005	2.661242037671091	18.441067369490746	28.844783874166662	3.575899979488905e-12	3.575899979488905e-12	3.013074773885167e-08	3.013074773885167e-08	paired_t	estimated		5000											7.475410816850109e-12	6.504862362312838e-08	1.0	4.5890716403440945e-11	2.030762451175543e-07
GSE193535	T-N	T	N	tissue_replication	HOXA2	cg03763508	6	True	verified_patient_pairs	beta_percentage_points	5000	54	54	54	54	41.80512349074074	10.198996935185187	31.606126555555548	4.250967982953503	23.658144253009258	39.767912947083325	9.000454203630702e-10	9.000454203630702e-10	8.328614532786252e-08	8.328614532786252e-08	paired_t	estimated		5000											1.6566573076005514e-09	1.702575183250995e-07	1.0	3.5846895009766263e-09	3.206516595122707e-07
GSE193535	T-N	T	N	tissue_replication	HOXA2	cg00188704	7	True	verified_patient_pairs	beta_percentage_points	5000	54	54	54	54	45.94683518518519	13.51466308888889	32.432172096296306	3.957584328560014	24.711189749537038	40.11798549828703	5.470231749697046e-11	5.470231749697046e-11	2.47364761761903e-08	2.47364761761903e-08	paired_t	estimated		5000											1.0893306329138083e-10	5.416233172227449e-08	1.0	4.212078447266726e-10	1.9047086655666532e-07
GSE193535	T-N	T	N	tissue_replication	HOXA2	cg06786372	8	True	verified_patient_pairs	beta_percentage_points	5000	54	54	54	54	45.708154922222235	9.21722675	36.49092817222222	4.2632349571416945	28.157044913055557	44.61816331569444	1.4447684622961799e-11	1.4447684622961799e-11	1.7466495675385365e-08	1.7466495675385365e-08	paired_t	estimated		5000											2.9404538748054414e-11	3.91724320486798e-08	1.0	1.390589644960073e-10	1.6811502087558414e-07
GSE193535	T-N	T	N	tissue_replication	BEND5	cg11666087	1	True	verified_patient_pairs	beta_percentage_points	5000	54	54	54	54	32.488944351851856	8.379572327777778	24.109372024074073	3.4836051214194788	17.353003075879634	30.828105900555542	6.04856277608222e-09	6.04856277608222e-09	5.058984045023862e-07	5.058984045023862e-07	paired_t	estimated		5000											1.0505398505827014e-08	8.288122797166752e-07	1.0	1.7249604954012257e-08	1.1804296105055677e-06
GSE193535	T-N	T	N	tissue_replication	BEND5	cg16573178	2	True	verified_patient_pairs	beta_percentage_points	5000	54	54	54	54	31.12396216666667	7.933514170370371	23.190447996296296	3.28139727420416	16.667436908472226	29.44794736717592	3.5151666232245943e-09	3.5151666232245943e-09	1.467923871943357e-07	1.467923871943357e-07	paired_t	estimated		5000											6.151541590643039e-09	2.935847743886714e-07	1.0	1.082671319953175e-08	5.13773355180175e-07
GSE193535	T-N	T	N	tissue_replication	BEND5	cg06744574	3	True	verified_patient_pairs	beta_percentage_points	5000	54	54	54	54	33.43193558148149	12.83087803888889	20.601057542592592	2.834969468363512	14.863136208009259	25.98012977004629	1.6782772370367628e-09	1.6782772370367628e-09	2.937946120274188e-07	2.937946120274188e-07	paired_t	estimated		5000											3.0169808696925465e-09	5.67920965509069e-07	1.0	5.87397032962867e-09	8.378587083744907e-07
GSE193535	T-N	T	N	tissue_replication	BEND5	cg03603214	4	True	verified_patient_pairs	beta_percentage_points	5000	54	54	54	54	25.19662975185185	8.750008061111112	16.44662169074074	2.9836470920925904	10.615402074074073	22.39440748226852	1.068075026259238e-06	1.068075026259238e-06	5.575213301758579e-06	5.575213301758579e-06	paired_t	estimated		5000											1.5714989239865225e-06	7.876906866704781e-06	1.0	2.222750730323279e-06	8.943571338237721e-06
GSE193535	T-N	T	N	tissue_replication	UNC5C	cg15701178	1	True	verified_patient_pairs	beta_percentage_points	5000	54	54	54	54	7.5731716184444435	0.6965304913333333	6.87664112711111	2.250846086970503	3.1483133728592594	11.672153659402777	0.003517175342490882	0.003517175342490882	2.911749086209077e-05	2.911749086209077e-05	paired_t	estimated		5000											0.004577281713326162	3.910546737873819e-05	1.0	0.0042316015839343425	3.8000793158999825e-05
GSE193535	T-N	T	N	tissue_replication	UNC5C	cg03008707	2	True	verified_patient_pairs	beta_percentage_points	5000	54	54	54	54	11.702191166666669	2.3194283944444445	9.382762772222222	2.536363567940418	4.817140072037038	14.618267949027771	0.0005148180199506934	0.0005148180199506934	7.078977503447424e-05	7.078977503447424e-05	paired_t	estimated		5000											0.0006795597863349153	9.425036330238357e-05	1.0	0.0006647152610928136	8.935758487958223e-05
GSE193535	T-N	T	N	tissue_replication	UNC5C	cg24870497	3	True	verified_patient_pairs	beta_percentage_points	5000	54	54	54	54	33.47254986111111	10.868375292592594	22.60417456851852	2.516071064346024	17.777165705185183	27.40749730319444	3.106188126140873e-12	3.106188126140873e-12	6.337771338431422e-09	6.337771338431422e-09	paired_t	estimated		5000											6.522995064895833e-12	1.5093043084305757e-08	1.0	4.5890716403440945e-11	1.2200209826480486e-07
GSE193535	T-N	T	N	tissue_replication	UNC5C	cg13265789	4	True	verified_patient_pairs	beta_percentage_points	5000	54	54	54	54	17.316325364814812	1.8492657388888893	15.467059625925922	3.2307824782958314	9.538498169768518	22.166111178333328	1.3967375290989502e-05	1.3967375290989502e-05	2.937946120274188e-07	2.937946120274188e-07	paired_t	estimated		5000											1.925504290715139e-05	5.67920965509069e-07	1.0	2.3380171682743298e-05	8.378587083744907e-07
GSE193535	T-N	T	N	tissue_replication	UNC5C	cg12584684	5	True	verified_patient_pairs	beta_percentage_points	5000	54	54	54	54	14.66456571425926	0.9110851031481481	13.75348061111111	2.8484053312747846	8.638392482194446	19.487628749273146	1.2107753838361276e-05	1.2107753838361276e-05	5.785848444491264e-07	5.785848444491264e-07	paired_t	estimated		5000											1.6747851117733262e-05	9.412190075193536e-07	1.0	2.0717712123418182e-05	1.272886657788078e-06
GSE193535	T-N	T	N	tissue_replication	RALYL	cg08327106	1	True	verified_patient_pairs	beta_percentage_points	5000	54	54	54	54	8.094663413518518	1.0509568018518518	7.043706611666667	2.4276959145877126	2.8557769985509256	12.045331371587952	0.005399828267689897	0.005399828267689897	0.0004360033737100108	0.0004360033737100108	paired_t	estimated		5000											0.006968493462772995	0.0005595376629278472	1.0	0.006205772785255553	0.00048655448950247587
GSE193535	T-N	T	N	tissue_replication	RALYL	cg09757712	2	True	verified_patient_pairs	beta_percentage_points	5000	54	54	54	54	8.645709316666666	1.1320069948148148	7.513702321851853	2.412832649498378	3.372812570333333	12.932967897777777	0.002974545257927974	0.002974545257927974	1.4000395569607809e-05	1.4000395569607809e-05	paired_t	estimated		5000											0.0038820336417026103	1.9308008218384502e-05	1.0	0.0036355553152453016	1.9963527015922248e-05
GSE193535	T-N	T	N	tissue_replication	RALYL	cg11089595	3	True	verified_patient_pairs	beta_percentage_points	5000	54	54	54	54	15.974378377777775	2.400052037037038	13.57432634074074	2.8618629256212986	8.436897281944445	19.548430052546294	1.628253591753711e-05	1.628253591753711e-05	2.99673807971098e-06	2.99673807971098e-06	paired_t	estimated		5000											2.232205220742476e-05	4.395215850242771e-06	1.0	2.667564395000761e-05	5.3662519101801275e-06
GSE193535	T-N	T	N	tissue_replication	RALYL	cg01134282	4	True	verified_patient_pairs	beta_percentage_points	5000	54	54	54	54	9.211318231481481	1.3975217648148146	7.813796466666669	2.4435158222799505	3.6467451151388888	13.032594863703704	0.0023373686741088237	0.0023373686741088237	0.0001389547277006422	0.0001389547277006422	paired_t	estimated		5000											0.0030591057434512085	0.00018083685689492026	1.0	0.002902861095264184	0.00016460790819922228
GSE193535	T-N	T	N	tissue_replication	RALYL	cg06955749	5	True	verified_patient_pairs	beta_percentage_points	5000	54	54	54	54	6.576510148148149	1.178062838888889	5.398447309259259	2.30978744167794	1.6847108088425922	10.401102666527775	0.023238686735432265	0.023238686735432265	0.0006402798761460725	0.0006402798761460725	paired_t	estimated		5000											0.029576510390550155	0.0008194163511897105	1.0	0.02485248442539284	0.0007043078637606797
GSE193535	T-N	T	N	tissue_replication	GFRA1	cg19236679	1	True	verified_patient_pairs	beta_percentage_points	5000	54	54	54	54	35.74654721296296	14.102106835185186	21.644440377777773	3.017112661980476	15.751232320231484	27.526199433194442	2.367570158189371e-09	2.367570158189371e-09	3.8602428545037636e-07	3.8602428545037636e-07	paired_t	estimated		5000											4.223233255148608e-09	7.369554540416276e-07	1.0	7.926213138286155e-09	9.907956659892993e-07
GSE193535	T-N	T	N	tissue_replication	GFRA1	cg06298519	2	True	verified_patient_pairs	beta_percentage_points	5000	54	54	54	54	15.985109094444446	1.5185918425925926	14.466517251851851	2.893312151894224	9.176448500092592	20.612652314583315	6.6411399610048715e-06	6.6411399610048715e-06	1.3338854356402352e-06	1.3338854356402352e-06	paired_t	estimated		5000											9.29759594540682e-06	2.0271548396900943e-06	1.0	1.2175423261842263e-05	2.6335686806230287e-06
GSE193535	T-N	T	N	tissue_replication	GFRA1	cg19485539	3	True	verified_patient_pairs	beta_percentage_points	5000	54	54	54	54	16.15201593703704	1.4019632385185186	14.75005269851852	2.918419740931081	9.491038062064817	20.944677216666673	5.487145396876173e-06	5.487145396876173e-06	3.3687558070275e-07	3.3687558070275e-07	paired_t	estimated		5000											7.705353110506966e-06	6.457946816791306e-07	1.0	1.0305126720962568e-05	8.944627487624741e-07
GSE193535	T-N	T	N	tissue_replication	GFRA1	cg18672939	4	True	verified_patient_pairs	beta_percentage_points	5000	54	54	54	54	38.10971857962963	14.39164521851852	23.71807336111111	3.2522223149058895	17.465789976574072	29.948717209953706	1.5235270777742973e-09	1.5235270777742973e-09	9.009257545143114e-07	9.009257545143114e-07	paired_t	estimated		5000											2.7602725879675504e-09	1.4452350645333744e-06	1.0	5.5862659518390904e-09	1.8255600815158414e-06
GSE193535	T-N	T	N	tissue_replication	GFRA1	cg27034576	5	True	verified_patient_pairs	beta_percentage_points	5000	54	54	54	54	7.285235575555555	1.0310220696296293	6.254213505925926	2.108170229204296	2.8581894168333335	10.833034151930558	0.00450828132860703	0.00450828132860703	3.649794483628193e-05	3.649794483628193e-05	paired_t	estimated		5000											0.005834246425256156	4.873425004150941e-05	1.0	0.0052596615500415346	4.6839029206561814e-05
GSE193535	T-N	T	N	tissue_replication	GFRA1	cg18044663	6	True	verified_patient_pairs	beta_percentage_points	5000	54	54	54	54	29.672098570370377	11.62157317962963	18.05052539074074	2.663988452551489	12.976948641851852	23.09869412976852	1.0353139311286535e-08	1.0353139311286535e-08	8.250373577552132e-07	8.250373577552132e-07	paired_t	estimated		5000											1.7715371710423625e-08	1.3327526548353445e-06	1.0	2.847113310603797e-08	1.7646632374208728e-06
GSE77718	T-N	T	N	tissue_replication	EYA4	cg14017655	1	True	verified_patient_pairs	beta_percentage_points	5000	95	95	95	95	51.43362105263159	11.18243157894737	40.25118947368422	1.9262026376811439	36.5884	43.95454315789474	4.225117577428703e-37	4.225117577428703e-37	4.60944445991548e-17	4.60944445991548e-17	paired_t	estimated		5000											2.788577601102944e-36	4.259126680961903e-16	1.0	6.256424105038656e-37	7.098544468269839e-17
GSE77718	T-N	T	N	tissue_replication	EYA4	cg20330472	2	True	verified_patient_pairs	beta_percentage_points	5000	95	95	95	95	48.18539999999999	12.81029473684211	35.37510526315789	1.6261401477650312	32.13732921052632	38.51275026315789	1.8310995683342257e-38	1.8310995683342257e-38	3.634849586206171e-17	3.634849586206171e-17	paired_t	estimated		5000											1.4099466676173538e-37	3.8663501735292257e-16	1.0	3.0651014513420736e-38	6.443916955882041e-17
GSE77718	T-N	T	N	tissue_replication	EYA4	cg17838029	3	True	verified_patient_pairs	beta_percentage_points	5000	0	0	0	0								1.0		1.0	paired_t	probe_absent	probe_not_present_in_beta_matrix	0											1.0	1.0	1.0	1.0	1.0
GSE77718	T-N	T	N	tissue_replication	EYA4	cg14343214	4	True	verified_patient_pairs	beta_percentage_points	5000	0	0	0	0								1.0		1.0	paired_t	probe_absent	probe_not_present_in_beta_matrix	0											1.0	1.0	1.0	1.0	1.0
GSE77718	T-N	T	N	tissue_replication	EYA4	cg24675448	5	True	verified_patient_pairs	beta_percentage_points	5000	95	95	95	95	58.19101052631579	19.508294736842107	38.682715789473676	1.6785941387266117	35.29154947368421	41.998865263157896	1.894720442452012e-40	1.894720442452012e-40	3.93299079810378e-17	3.93299079810378e-17	paired_t	estimated		5000											1.945246320917399e-39	3.8663501735292257e-16	1.0	3.740858309456537e-40	6.443916955882041e-17
GSE77718	T-N	T	N	tissue_replication	EYA4	cg21607030	6	True	verified_patient_pairs	beta_percentage_points	5000	95	95	95	95	58.164905263157905	17.27996842105263	40.884936842105255	1.7600578355565586	37.29440289473685	44.276875526315784	9.999320443743865e-41	9.999320443743865e-41	3.151605385927211e-17	3.151605385927211e-17	paired_t	estimated		5000											1.074345591862713e-39	3.8663501735292257e-16	1.0	2.080939659914264e-40	6.443916955882041e-17
GSE77718	T-N	T	N	tissue_replication	EYA4	cg11664500	7	True	verified_patient_pairs	beta_percentage_points	5000	95	95	95	95	58.66264210526315	12.406715789473683	46.255926315789466	1.561556410268499	43.16228210526315	49.275916052631594	1.8374300829776167e-49	1.8374300829776167e-49	2.77479898471066e-17	2.77479898471066e-17	paired_t	estimated		5000											9.432141092618432e-48	3.8663501735292257e-16	1.0	1.5720235154364055e-48	6.443916955882041e-17
GSE77718	T-N	T	N	tissue_replication	EYA4	cg26656135	8	True	verified_patient_pairs	beta_percentage_points	5000	0	0	0	0								1.0		1.0	paired_t	probe_absent	probe_not_present_in_beta_matrix	0											1.0	1.0	1.0	1.0	1.0
GSE77718	T-N	T	N	tissue_replication	EYA4	cg20286200	9	True	verified_patient_pairs	beta_percentage_points	5000	95	95	95	95	58.757052631578944	17.912484210526316	40.844568421052635	1.3975882944142315	38.0613752631579	43.40984894736843	5.770355209686716e-49	5.770355209686716e-49	2.8648333634799276e-17	2.8648333634799276e-17	paired_t	estimated		5000											2.665904106875263e-47	3.8663501735292257e-16	1.0	4.443173511458771e-48	6.443916955882041e-17
GSE77718	T-N	T	N	tissue_replication	EYA4	cg14270292	10	True	verified_patient_pairs	beta_percentage_points	5000	95	95	95	95	57.559568421052646	16.412031578947367	41.147536842105275	1.5274993544669977	38.18910421052631	44.098570263157896	5.452880196353301e-46	5.452880196353301e-46	2.863761757504686e-17	2.863761757504686e-17	paired_t	estimated		5000											1.6794871004768169e-44	3.8663501735292257e-16	1.0	2.799145167461361e-45	6.443916955882041e-17
GSE77718	T-N	T	N	tissue_replication	EYA4	cg06181518	11	True	verified_patient_pairs	beta_percentage_points	5000	0	0	0	0								1.0		1.0	paired_t	probe_absent	probe_not_present_in_beta_matrix	0											1.0	1.0	1.0	1.0	1.0
GSE77718	T-N	T	N	tissue_replication	EYA4	cg14287112	12	True	verified_patient_pairs	beta_percentage_points	5000	95	95	95	95	58.153200000000005	12.15601052631579	45.997189473684216	1.5916657194398678	42.824458684210526	49.08223684210527	1.4930925883453212e-48	1.4930925883453212e-48	2.7746258200120694e-17	2.7746258200120694e-17	paired_t	estimated		5000											5.306221352427219e-47	3.8663501735292257e-16	1.0	8.843702254045364e-48	6.443916955882041e-17
GSE77718	T-N	T	N	tissue_replication	EYA4	cg01328892	13	True	verified_patient_pairs	beta_percentage_points	5000	95	95	95	95	64.14727368421053	24.263852631578946	39.883421052631576	1.5013925324590636	36.87343210526316	42.72888815789472	1.7426039384741973e-45	1.7426039384741973e-45	3.151017430373149e-17	3.151017430373149e-17	paired_t	estimated		5000											4.735782468088701e-44	3.8663501735292257e-16	1.0	7.892970780147835e-45	6.443916955882041e-17
GSE77718	T-N	T	N	tissue_replication	EYA4	cg05493394	14	True	verified_patient_pairs	beta_percentage_points	5000	0	0	0	0								1.0		1.0	paired_t	probe_absent	probe_not_present_in_beta_matrix	0											1.0	1.0	1.0	1.0	1.0
GSE77718	T-N	T	N	tissue_replication	EYA4	cg26449787	15	True	verified_patient_pairs	beta_percentage_points	5000	95	95	95	95	56.95890526315789	18.0894947368421	38.86941052631578	1.5517775844351445	35.8125552631579	41.83040315789475	2.2186193451014878e-43	2.2186193451014878e-43	3.0530642509179384e-17	3.0530642509179384e-17	paired_t	estimated		5000											4.100008549747549e-42	3.8663501735292257e-16	1.0	7.1180703988672734e-43	6.443916955882041e-17
GSE77718	T-N	T	N	tissue_replication	EYA4	cg22871668	16	True	verified_patient_pairs	beta_percentage_points	5000	94	94	94	94	58.16543617021278	10.62472340425532	47.54071276595745	1.6424802697222827	44.13303510638297	50.69172154255319	2.6418525311128008e-48	2.6418525311128008e-48	3.932798117799159e-17	3.932798117799159e-17	paired_t	estimated		5000											8.718113352672243e-47	3.8663501735292257e-16	1.0	1.4530188921120405e-47	6.443916955882041e-17
GSE77718	T-N	T	N	tissue_replication	EYA4	cg20980055	17	True	verified_patient_pairs	beta_percentage_points	5000	0	0	0	0								1.0		1.0	paired_t	probe_absent	probe_not_present_in_beta_matrix	0											1.0	1.0	1.0	1.0	1.0
GSE77718	T-N	T	N	tissue_replication	ZNF568	cg06611358	1	True	verified_patient_pairs	beta_percentage_points	5000	95	95	95	95	56.423031578947366	20.609357894736842	35.813673684210535	1.4869566780754024	32.77361421052632	38.776313947368415	5.409268341836161e-42	5.409268341836161e-42	3.35736103018337e-17	3.35736103018337e-17	paired_t	estimated		5000											7.350241099789136e-41	3.8663501735292257e-16	1.0	1.3435924591012402e-41	6.443916955882041e-17
GSE77718	T-N	T	N	tissue_replication	ZNF568	cg27390819	2	True	verified_patient_pairs	beta_percentage_points	5000	95	95	95	95	50.65455789473684	18.503284210526314	32.15127368421053	1.5418567351049117	29.106636052631586	35.147531578947365	4.9811878413400905e-37	4.9811878413400905e-37	4.326257436982876e-17	4.326257436982876e-17	paired_t	estimated		5000											3.241279975632566e-36	4.0790427262981406e-16	1.0	7.236820071380886e-37	6.798404543830234e-17
GSE77718	T-N	T	N	tissue_replication	ZNF568	cg20154403	3	True	verified_patient_pairs	beta_percentage_points	5000	95	95	95	95	53.89089473684211	15.245842105263154	38.64505263157894	1.8023392730498047	35.04710026315789	42.03139026315789	5.69160777102856e-38	5.69160777102856e-38	3.811558076023137e-17	3.811558076023137e-17	paired_t	estimated		5000											4.173845698754277e-37	3.8663501735292257e-16	1.0	9.130287466024982e-38	6.443916955882041e-17
GSE77718	T-N	T	N	tissue_replication	ZNF568	cg21761844	4	True	verified_patient_pairs	beta_percentage_points	5000	95	95	95	95	45.198199999999986	8.174936842105263	37.02326315789474	1.523485615872915	33.98422631578948	39.94900263157895	2.617546185379078e-42	2.617546185379078e-42	3.0523041847517025e-17	3.0523041847517025e-17	paired_t	estimated		5000											3.900988185952045e-41	3.8663501735292257e-16	1.0	6.950036423247896e-42	6.443916955882041e-17
GSE77718	T-N	T	N	tissue_replication	ZNF568	cg20680720	5	True	verified_patient_pairs	beta_percentage_points	5000	92	92	92	92	55.84719565217392	6.732619565217392	49.11457608695651	2.1382070909060653	44.82635380434782	53.26350407608695	1.206614068349324e-39	1.206614068349324e-39	8.418834299054744e-17	8.418834299054744e-17	paired_t	estimated		5000											1.0720301914949764e-38	6.592375332480156e-16	1.0	2.2121257919737606e-39	1.098729222080026e-16
GSE77718	T-N	T	N	tissue_replication	ZNF568	cg02459604	6	True	verified_patient_pairs	beta_percentage_points	5000	95	95	95	95	59.58666315789473	23.202147368421056	36.38451578947369	1.4988090504577924	33.41204710526316	39.18332763157895	2.8559064152591263e-42	2.8559064152591263e-42	3.357986402910818e-17	3.357986402910818e-17	paired_t	estimated		5000											4.1232148870303637e-41	3.8663501735292257e-16	1.0	7.33015979916509e-42	6.443916955882041e-17
GSE77718	T-N	T	N	tissue_replication	ZNF568	cg03060201	7	True	verified_patient_pairs	beta_percentage_points	5000	0	0	0	0								1.0		1.0	paired_t	probe_absent	probe_not_present_in_beta_matrix	0											1.0	1.0	1.0	1.0	1.0
GSE77718	T-N	T	N	tissue_replication	ZNF568	cg03443751	8	True	verified_patient_pairs	beta_percentage_points	5000	94	94	94	94	43.39911702127658	6.128670212765956	37.27044680851063	2.079837707689346	33.198058776595744	41.33890957446806	6.433217891028933e-32	6.433217891028933e-32	5.780853216173772e-17	5.780853216173772e-17	paired_t	estimated		5000											2.8855792870440454e-31	4.855916701585968e-16	1.0	8.255962960153797e-32	8.093194502643279e-17
GSE77718	T-N	T	N	tissue_replication	ZNF793	cg17332326	1	True	verified_patient_pairs	beta_percentage_points	5000	95	95	95	95	53.45732631578949	11.694368421052634	41.76295789473685	1.553683055135573	38.648401315789464	44.677037368421054	6.522854344702093e-46	6.522854344702093e-46	3.150233650870107e-17	3.150233650870107e-17	paired_t	estimated		5000											1.8834741920327294e-44	3.8663501735292257e-16	1.0	3.139123653387882e-45	6.443916955882041e-17
GSE77718	T-N	T	N	tissue_replication	ZNF793	cg11623861	2	True	verified_patient_pairs	beta_percentage_points	5000	93	93	93	93	46.159526881720424	5.182838709677419	40.976688172043005	1.7665729796212324	37.4676061827957	44.281928225806446	3.2796004136603494e-40	3.2796004136603494e-40	5.569784275992782e-17	5.569784275992782e-17	paired_t	estimated		5000											3.293859545893655e-39	4.789744080013977e-16	1.0	6.313230796296173e-40	7.982906800023295e-17
GSE77718	T-N	T	N	tissue_replication	ZNF793	cg14732998	3	True	verified_patient_pairs	beta_percentage_points	5000	95	95	95	95	53.56944210526316	14.481305263157896	39.08813684210527	1.6467375060399119	35.8198352631579	42.272512368421054	1.7579516508143202e-41	1.7579516508143202e-41	3.5770231788678225e-17	3.5770231788678225e-17	paired_t	estimated		5000											2.0824965709646564e-40	3.8663501735292257e-16	1.0	4.1018871852334134e-41	6.443916955882041e-17
GSE77718	T-N	T	N	tissue_replication	ZNF793	cg07482795	4	True	verified_patient_pairs	beta_percentage_points	5000	95	95	95	95	49.40352631578947	8.549936842105264	40.85358947368422	2.0509496088356594	36.81248947368421	44.63169289473683	1.6773549145233736e-35	1.6773549145233736e-35	4.9081832879424695e-17	4.9081832879424695e-17	paired_t	estimated		5000											9.450463054997544e-35	4.360732075056579e-16	1.0	2.348296880332723e-35	7.267886791760965e-17
GSE77718	T-N	T	N	tissue_replication	ZNF793	cg13181745	5	True	verified_patient_pairs	beta_percentage_points	5000	95	95	95	95	47.893915789473695	10.453221052631582	37.4406947368421	1.6833959721707328	34.127013684210525	40.678900000000006	3.192911942153853e-39	3.192911942153853e-39	3.5774665886050607e-17	3.5774665886050607e-17	paired_t	estimated		5000											2.6820460314092366e-38	3.8663501735292257e-16	1.0	5.7175399894382954e-39	6.443916955882041e-17
GSE77718	T-N	T	N	tissue_replication	ZNF793	cg24078985	6	True	verified_patient_pairs	beta_percentage_points	5000	95	95	95	95	50.90466315789474	9.719463157894738	41.185199999999995	1.7582146159512728	37.82087578947369	44.54760394736841	5.108099831480932e-41	5.108099831480932e-41	3.8113222675467746e-17	3.8113222675467746e-17	paired_t	estimated		5000											5.898017854776237e-40	3.8663501735292257e-16	1.0	1.1468368050953793e-40	6.443916955882041e-17
GSE77718	T-N	T	N	tissue_replication	ZNF793	cg15139588	7	True	verified_patient_pairs	beta_percentage_points	5000	93	93	93	93	54.654032258064525	10.383817204301076	44.27021505376345	1.6775547147289052	40.90104408602151	47.519470430107525	1.0681819266418095e-44	1.0681819266418095e-44	6.550699264798244e-17	6.550699264798244e-17	paired_t	estimated		5000											2.741666945047311e-43	5.309514140941735e-16	1.0	4.569444908412186e-44	8.849190234902892e-17
GSE77718	T-N	T	N	tissue_replication	ZNF793	cg25361907	8	True	verified_patient_pairs	beta_percentage_points	5000	0	0	0	0								1.0		1.0	paired_t	probe_absent	probe_not_present_in_beta_matrix	0											1.0	1.0	1.0	1.0	1.0
GSE77718	T-N	T	N	tissue_replication	SFMBT2	cg20299663	1	True	verified_patient_pairs	beta_percentage_points	5000	95	95	95	95	59.04442105263158	17.379747368421054	41.66467368421053	1.8039568410950155	38.14914105263158	45.09172736842105	1.5843906048998661e-40	1.5843906048998661e-40	3.578575340155343e-17	3.578575340155343e-17	paired_t	estimated		5000											1.6636101351448592e-39	3.8663501735292257e-16	1.0	3.21047569940236e-40	6.443916955882041e-17
GSE77718	T-N	T	N	tissue_replication	SFMBT2	cg20506550	2	True	verified_patient_pairs	beta_percentage_points	5000	95	95	95	95	49.803315789473686	10.63034736842105	39.17296842105262	1.602533869606777	36.10741657894737	42.20258710526316	1.6262114197425267e-42	1.6262114197425267e-42	2.6877248982654828e-17	2.6877248982654828e-17	paired_t	estimated		5000											2.504365586403491e-41	3.8663501735292257e-16	1.0	4.472081404291948e-42	6.443916955882041e-17
GSE77718	T-N	T	N	tissue_replication	SFMBT2	cg01056653	3	True	verified_patient_pairs	beta_percentage_points	5000	94	94	94	94	35.692	5.626755319148937	30.065244680851066	1.4604105808549561	27.268887765957444	32.802189361702126	2.1031216583437926e-36	2.1031216583437926e-36	3.932798117799159e-17	3.932798117799159e-17	paired_t	estimated		5000											1.2784765870458318e-35	3.8663501735292257e-16	1.0	2.998895698008741e-36	6.443916955882041e-17
GSE77718	T-N	T	N	tissue_replication	SFMBT2	cg22862480	4	True	verified_patient_pairs	beta_percentage_points	5000	95	95	95	95	59.037284210526295	16.51257894736842	42.524705263157884	1.7217487992896203	39.09147368421051	45.749591315789466	7.001697527053907e-43	7.001697527053907e-43	2.8646547361696826e-17	2.8646547361696826e-17	paired_t	estimated		5000											1.1552800919638945e-41	3.8663501735292257e-16	1.0	2.073579652242888e-42	6.443916955882041e-17
GSE77718	T-N	T	N	tissue_replication	SFMBT2	cg12767281	5	True	verified_patient_pairs	beta_percentage_points	5000	0	0	0	0								1.0		1.0	paired_t	probe_absent	probe_not_present_in_beta_matrix	0											1.0	1.0	1.0	1.0	1.0
GSE77718	T-N	T	N	tissue_replication	SFMBT2	cg26878816	6	True	verified_patient_pairs	beta_percentage_points	5000	95	95	95	95	56.80391578947369	15.851136842105266	40.95277894736842	1.6672549914560277	37.71349210526316	44.173895263157895	1.0966057979386516e-42	1.0966057979386516e-42	2.957563976753343e-17	2.957563976753343e-17	paired_t	estimated		5000											1.7470064780953693e-41	3.8663501735292257e-16	1.0	3.1273572756028214e-42	6.443916955882041e-17
GSE77718	T-N	T	N	tissue_replication	SFMBT2	cg12328063	7	True	verified_patient_pairs	beta_percentage_points	5000	95	95	95	95	46.417463157894744	11.869799999999998	34.54766315789473	1.856805901244386	31.024957631578946	38.074286842105266	2.8278889632544916e-33	2.8278889632544916e-33	5.598402171444908e-17	5.598402171444908e-17	paired_t	estimated		5000											1.3898773415144418e-32	4.789744080013977e-16	1.0	3.820130704747295e-33	7.982906800023295e-17
GSE77718	T-N	T	N	tissue_replication	SFMBT2	cg16818993	8	True	verified_patient_pairs	beta_percentage_points	5000	0	0	0	0								1.0		1.0	paired_t	probe_absent	probe_not_present_in_beta_matrix	0											1.0	1.0	1.0	1.0	1.0
GSE77718	T-N	T	N	tissue_replication	ADHFE1	cg20295442	1	True	verified_patient_pairs	beta_percentage_points	5000	95	95	95	95	66.23483157894738	17.45302105263158	48.781810526315795	1.4223985531358596	46.01257684210527	51.46107684210528	6.108323482898484e-55	6.108323482898484e-55	2.68856443029787e-17	2.68856443029787e-17	paired_t	estimated		5000											2.8220454490990996e-52	3.8663501735292257e-16	1.0	4.703409081831833e-53	6.443916955882041e-17
GSE77718	T-N	T	N	tissue_replication	ADHFE1	cg19283840	2	True	verified_patient_pairs	beta_percentage_points	5000	95	95	95	95	57.69735789473683	19.22737894736842	38.469978947368425	1.249209395664718	36.07226210526315	40.78071052631579	6.675190047781088e-51	6.675190047781088e-51	2.6883965040645383e-17	2.6883965040645383e-17	paired_t	estimated		5000											6.167875604149725e-49	3.8663501735292257e-16	1.0	1.0279792673582877e-49	6.443916955882041e-17
GSE77718	T-N	T	N	tissue_replication	ADHFE1	cg25046651	3	True	verified_patient_pairs	beta_percentage_points	5000	95	95	95	95	62.15911578947369	28.046252631578948	34.11286315789474	1.177332968075694	31.772727631578945	36.38361657894738	1.1958536002806128e-48	1.1958536002806128e-48	2.775145344752208e-17	2.775145344752208e-17	paired_t	estimated		5000											4.60403636108036e-47	3.8663501735292257e-16	1.0	7.673393935133933e-48	6.443916955882041e-17
GSE77718	T-N	T	N	tissue_replication	ADHFE1	cg01588438	4	True	verified_patient_pairs	beta_percentage_points	5000	95	95	95	95	68.01549473684211	23.4914947368421	44.523999999999994	1.3694849671507752	41.79561921052632	47.11727368421052	6.292738299214177e-53	6.292738299214177e-53	2.68856443029787e-17	2.68856443029787e-17	paired_t	estimated		5000											1.4536225471184748e-50	3.8663501735292257e-16	1.0	2.422704245197458e-51	6.443916955882041e-17
GSE77718	T-N	T	N	tissue_replication	ADHFE1	cg08090772	5	True	verified_patient_pairs	beta_percentage_points	5000	95	95	95	95	63.026568421052644	25.730473684210526	37.2960947368421	1.2143955391207741	34.867459473684214	39.69837026315789	8.428702989663369e-51	8.428702989663369e-51	2.68856443029787e-17	2.68856443029787e-17	paired_t	estimated		5000											6.490101302040794e-49	3.8663501735292257e-16	1.0	1.0816835503401324e-49	6.443916955882041e-17
GSE77718	T-N	T	N	tissue_replication	ADHFE1	cg09383816	6	True	verified_patient_pairs	beta_percentage_points	5000	95	95	95	95	63.67334736842104	19.348200000000006	44.32514736842105	1.384487857491181	41.7255655263158	46.88883394736841	2.3710055088751264e-52	2.3710055088751264e-52	2.687892784846163e-17	2.687892784846163e-17	paired_t	estimated		5000											3.6513484836676944e-50	3.8663501735292257e-16	1.0	6.085580806112824e-51	6.443916955882041e-17
GSE77718	T-N	T	N	tissue_replication	ADHFE1	cg20912169	7	True	verified_patient_pairs	beta_percentage_points	5000	94	94	94	94	65.89147872340425	17.440297872340423	48.45118085106384	1.5130006521654018	45.39768723404257	51.36708510638297	5.105892445544942e-52	5.105892445544942e-52	3.933049031380338e-17	3.933049031380338e-17	paired_t	estimated		5000											5.897305774604407e-50	3.8663501735292257e-16	1.0	9.828842957674012e-51	6.443916955882041e-17
GSE77718	T-N	T	N	tissue_replication	ADHFE1	cg18065361	8	True	verified_patient_pairs	beta_percentage_points	5000	94	94	94	94	57.54167021276596	9.383191489361701	48.15847872340425	1.581496044179488	44.86343164893617	51.2010875	3.680456867209528e-50	3.680456867209528e-50	3.933299960083844e-17	3.933299960083844e-17	paired_t	estimated		5000											2.4291015323582883e-48	3.8663501735292257e-16	1.0	4.0485025539304806e-49	6.443916955882041e-17
GSE77718	T-N	T	N	tissue_replication	HOXA2	cg04481096	1	True	verified_patient_pairs	beta_percentage_points	5000	95	95	95	95	70.93035789473683	43.189126315789466	27.74123157894736	1.3239839663736397	25.15846105263158	30.289057894736843	3.4307179446709766e-37	3.4307179446709766e-37	2.8650120013172976e-17	2.8650120013172976e-17	paired_t	estimated		5000											2.3308701329970458e-36	3.8663501735292257e-16	1.0	5.179711406660102e-37	6.443916955882041e-17
GSE77718	T-N	T	N	tissue_replication	HOXA2	cg19598584	2	True	verified_patient_pairs	beta_percentage_points	5000	95	95	95	95	67.01773684210525	37.336368421052626	29.68136842105264	1.304855570307416	27.085796842105264	32.21795894736842	5.354360409044354e-40	5.354360409044354e-40	2.603835837726185e-17	2.603835837726185e-17	paired_t	estimated		5000											5.1535718937051905e-39	3.8663501735292257e-16	1.0	1.0055750036497932e-39	6.443916955882041e-17
GSE77718	T-N	T	N	tissue_replication	HOXA2	cg09871315	3	True	verified_patient_pairs	beta_percentage_points	5000	95	95	95	95	71.86111578947367	45.79169473684211	26.06942105263158	1.2244377042165286	23.643647368421057	28.411800263157893	9.873652437841298e-38	9.873652437841298e-38	3.0532542954047616e-17	3.0532542954047616e-17	paired_t	estimated		5000											7.127542853566687e-37	3.8663501735292257e-16	1.0	1.5515739545179183e-37	6.443916955882041e-17
GSE77718	T-N	T	N	tissue_replication	HOXA2	cg13661519	4	True	verified_patient_pairs	beta_percentage_points	5000	95	95	95	95	73.59355789473683	45.21524210526316	28.378315789473678	1.1336534312507494	26.213605789473682	30.66296342105263	2.335425542100972e-43	2.335425542100972e-43	2.6887323664457824e-17	2.6887323664457824e-17	paired_t	estimated		5000											4.1498715401948043e-42	3.8663501735292257e-16	1.0	7.193110669670993e-43	6.443916955882041e-17
GSE77718	T-N	T	N	tissue_replication	HOXA2	cg02803819	5	True	verified_patient_pairs	beta_percentage_points	5000	95	95	95	95	77.82752631578948	43.99631578947368	33.83121052631579	1.3435012458173679	31.142693421052638	36.41129868421053	1.4373155160488784e-43	1.4373155160488784e-43	2.604324225504349e-17	2.604324225504349e-17	paired_t	estimated		5000											2.7668323683940912e-42	3.8663501735292257e-16	1.0	4.8118823798158104e-43	6.443916955882041e-17
GSE77718	T-N	T	N	tissue_replication	HOXA2	cg03763508	6	True	verified_patient_pairs	beta_percentage_points	5000	95	95	95	95	73.5557052631579	47.520473684210536	26.03523157894737	1.187438208631295	23.733423684210532	28.365081578947372	9.87061668358526e-39	9.87061668358526e-39	3.050784588840354e-17	3.050784588840354e-17	paired_t	estimated		5000											7.862456737614466e-38	3.8663501735292257e-16	1.0	1.6889721880801445e-38	6.443916955882041e-17
GSE77718	T-N	T	N	tissue_replication	HOXA2	cg00188704	7	True	verified_patient_pairs	beta_percentage_points	5000	95	95	95	95	75.88815789473684	51.174389473684215	24.713768421052634	1.0554068449598226	22.624376842105264	26.709652631578944	5.252138945783495e-41	5.252138945783495e-41	2.9571954900382526e-17	2.9571954900382526e-17	paired_t	estimated		5000											5.898017854776237e-40	3.8663501735292257e-16	1.0	1.1468368050953793e-40	6.443916955882041e-17
GSE77718	T-N	T	N	tissue_replication	HOXA2	cg06786372	8	True	verified_patient_pairs	beta_percentage_points	5000	95	95	95	95	75.78115789473684	46.11306315789474	29.6680947368421	1.1578468053471327	27.443950263157895	31.916047368421047	3.4388645721574617e-44	3.4388645721574617e-44	2.6044870406717188e-17	2.6044870406717188e-17	paired_t	estimated		5000											7.943777161683736e-43	3.8663501735292257e-16	1.0	1.3239628602806229e-43	6.443916955882041e-17
GSE77718	T-N	T	N	tissue_replication	BEND5	cg11666087	1	True	verified_patient_pairs	beta_percentage_points	5000	95	95	95	95	56.5434	6.459263157894736	50.084136842105266	1.6716172756196839	46.751558421052636	53.383423947368414	6.961470102105105e-50	6.961470102105105e-50	2.688228587745143e-17	2.688228587745143e-17	paired_t	estimated		5000											4.0202489839656985e-48	3.8663501735292257e-16	1.0	6.700414973276163e-49	6.443916955882041e-17
GSE77718	T-N	T	N	tissue_replication	BEND5	cg16573178	2	True	verified_patient_pairs	beta_percentage_points	5000	95	95	95	95	55.70663157894737	7.02418947368421	48.68244210526315	1.6700137460267896	45.34197421052631	51.95547368421052	7.155945732055058e-49	7.155945732055058e-49	2.6039986240320867e-17	2.6039986240320867e-17	paired_t	estimated		5000											3.0054972074631245e-47	3.8663501735292257e-16	1.0	5.0091620124385404e-48	6.443916955882041e-17
GSE77718	T-N	T	N	tissue_replication	BEND5	cg06744574	3	True	verified_patient_pairs	beta_percentage_points	5000	0	0	0	0								1.0		1.0	paired_t	probe_absent	probe_not_present_in_beta_matrix	0											1.0	1.0	1.0	1.0	1.0
GSE77718	T-N	T	N	tissue_replication	BEND5	cg03603214	4	True	verified_patient_pairs	beta_percentage_points	5000	0	0	0	0								1.0		1.0	paired_t	probe_absent	probe_not_present_in_beta_matrix	0											1.0	1.0	1.0	1.0	1.0
GSE77718	T-N	T	N	tissue_replication	UNC5C	cg15701178	1	True	verified_patient_pairs	beta_percentage_points	5000	94	94	94	94	46.548212765957445	12.828723404255319	33.719489361702124	1.5225226751061753	30.761059574468085	36.703984042553195	7.363862225819794e-39	7.363862225819794e-39	4.768566258647211e-17	4.768566258647211e-17	paired_t	estimated		5000											5.968604119874991e-38	4.3197600225392386e-16	1.0	1.2886758895184642e-38	7.199600037565398e-17
GSE77718	T-N	T	N	tissue_replication	UNC5C	cg03008707	2	True	verified_patient_pairs	beta_percentage_points	5000	95	95	95	95	57.04636842105263	29.807863157894733	27.23850526315789	1.281636319695549	24.786170000000002	29.695945263157892	1.1350706681786598e-37	1.1350706681786598e-37	3.8113222675467746e-17	3.8113222675467746e-17	paired_t	estimated		5000											7.945494677250618e-37	3.8663501735292257e-16	1.0	1.748008828995136e-37	6.443916955882041e-17
GSE77718	T-N	T	N	tissue_replication	UNC5C	cg24870497	3	True	verified_patient_pairs	beta_percentage_points	5000	0	0	0	0								1.0		1.0	paired_t	probe_absent	probe_not_present_in_beta_matrix	0											1.0	1.0	1.0	1.0	1.0
GSE77718	T-N	T	N	tissue_replication	UNC5C	cg13265789	4	True	verified_patient_pairs	beta_percentage_points	5000	95	95	95	95	59.050831578947374	22.08590526315789	36.96492631578948	1.5790011924592415	33.772623157894735	39.92065052631579	5.361834413432942e-41	5.361834413432942e-41	4.0612480717133036e-17	4.0612480717133036e-17	paired_t	estimated		5000											5.898017854776237e-40	3.9089512690240546e-16	1.0	1.1468368050953793e-40	6.514918781706757e-17
GSE77718	T-N	T	N	tissue_replication	UNC5C	cg12584684	5	True	verified_patient_pairs	beta_percentage_points	5000	95	95	95	95	55.21115789473684	13.462221052631579	41.74893684210527	1.7396682992590649	38.241143947368435	45.06581263157895	7.251330557488672e-42	7.251330557488672e-42	3.578575340155343e-17	3.578575340155343e-17	paired_t	estimated		5000											9.305874215443796e-41	3.8663501735292257e-16	1.0	1.7448514153957117e-41	6.443916955882041e-17
GSE77718	T-N	T	N	tissue_replication	RALYL	cg08327106	1	True	verified_patient_pairs	beta_percentage_points	5000	95	95	95	95	49.38728421052632	18.225673684210523	31.16161052631579	1.7294877628657903	27.69249394736842	34.46708684210525	3.009773818965279e-32	3.009773818965279e-32	9.205045874687963e-17	9.205045874687963e-17	paired_t	estimated		5000											1.390515504361959e-31	7.087885323509731e-16	1.0	3.9280098993275676e-32	1.1813142205849553e-16
GSE77718	T-N	T	N	tissue_replication	RALYL	cg09757712	2	True	verified_patient_pairs	beta_percentage_points	5000	95	95	95	95	52.171115789473696	18.12614736842105	34.04496842105263	1.8438576441112557	30.27175210526316	37.42379105263158	4.9851735868128545e-33	4.9851735868128545e-33	6.833347494342595e-17	6.833347494342595e-17	paired_t	estimated		5000											2.3991147886536863e-32	5.443114728252205e-16	1.0	6.618247692837755e-33	9.071857880420342e-17
GSE77718	T-N	T	N	tissue_replication	RALYL	cg11089595	3	True	verified_patient_pairs	beta_percentage_points	5000	0	0	0	0								1.0		1.0	paired_t	probe_absent	probe_not_present_in_beta_matrix	0											1.0	1.0	1.0	1.0	1.0
GSE77718	T-N	T	N	tissue_replication	RALYL	cg01134282	4	True	verified_patient_pairs	beta_percentage_points	5000	0	0	0	0								1.0		1.0	paired_t	probe_absent	probe_not_present_in_beta_matrix	0											1.0	1.0	1.0	1.0	1.0
GSE77718	T-N	T	N	tissue_replication	RALYL	cg06955749	5	True	verified_patient_pairs	beta_percentage_points	5000	95	95	95	95	47.02845263157894	16.487515789473683	30.540936842105264	1.5841596791659935	27.42049578947368	33.60601763157894	1.9907926404203676e-34	1.9907926404203676e-34	6.314832176961793e-17	6.314832176961793e-17	paired_t	estimated		5000											1.0571795400852987e-33	5.209736545993479e-16	1.0	2.737339880578006e-34	8.682894243322465e-17
GSE77718	T-N	T	N	tissue_replication	GFRA1	cg19236679	1	True	verified_patient_pairs	beta_percentage_points	5000	95	95	95	95	48.93333684210527	9.782052631578948	39.15128421052631	1.804057132531716	35.59533947368421	42.728083684210524	2.211694643185715e-38	2.211694643185715e-38	3.0519242187286356e-17	3.0519242187286356e-17	paired_t	estimated		5000											1.6750867625439349e-37	3.8663501735292257e-16	1.0	3.623414628197873e-38	6.443916955882041e-17
GSE77718	T-N	T	N	tissue_replication	GFRA1	cg06298519	2	True	verified_patient_pairs	beta_percentage_points	5000	95	95	95	95	62.85484210526315	19.508147368421053	43.34669473684208	1.6749501676379075	40.16394026315789	46.594312368421036	1.5156406351608552e-44	1.5156406351608552e-44	3.0532542954047616e-17	3.0532542954047616e-17	paired_t	estimated		5000											3.685399860233237e-43	3.8663501735292257e-16	1.0	6.142333100388729e-44	6.443916955882041e-17
GSE77718	T-N	T	N	tissue_replication	GFRA1	cg19485539	3	True	verified_patient_pairs	beta_percentage_points	5000	95	95	95	95	61.681842105263165	17.817357894736844	43.86448421052632	1.7153836103159146	40.39513052631578	47.103991052631585	4.068395298759723e-44	4.068395298759723e-44	3.0530642509179384e-17	3.0530642509179384e-17	paired_t	estimated		5000											8.543630127395419e-43	3.8663501735292257e-16	1.0	1.423938354565903e-43	6.443916955882041e-17
GSE77718	T-N	T	N	tissue_replication	GFRA1	cg18672939	4	True	verified_patient_pairs	beta_percentage_points	5000	95	95	95	95	59.04765263157895	11.837578947368419	47.210073684210535	1.8436870194829986	43.53473289473684	50.71647078947369	3.633984479305624e-44	3.633984479305624e-44	2.864118917395746e-17	2.864118917395746e-17	paired_t	estimated		5000											7.994765854472373e-43	3.8663501735292257e-16	1.0	1.3324609757453956e-43	6.443916955882041e-17
GSE77718	T-N	T	N	tissue_replication	GFRA1	cg27034576	5	True	verified_patient_pairs	beta_percentage_points	5000	0	0	0	0								1.0		1.0	paired_t	probe_absent	probe_not_present_in_beta_matrix	0											1.0	1.0	1.0	1.0	1.0
GSE77718	T-N	T	N	tissue_replication	GFRA1	cg18044663	6	True	verified_patient_pairs	beta_percentage_points	5000	0	0	0	0								1.0		1.0	paired_t	probe_absent	probe_not_present_in_beta_matrix	0											1.0	1.0	1.0	1.0	1.0
GSE77954	T-N	T	N	tissue_replication	EYA4	cg14017655	1	True	verified_patient_pairs	beta_percentage_points	5000	4	4	4	4	35.40277796897687	12.246626494104603	23.156151474872267	8.09848467835894	9.208401376888293	35.12260613703966	0.06461302587688442	0.06461302587688442	0.125	0.125	paired_t	estimated		5000											0.0802452095567758	0.15237467018469658	1.0	0.2615728436911397	0.33771929824561403
GSE77954	T-N	T	N	tissue_replication	EYA4	cg20330472	2	True	verified_patient_pairs	beta_percentage_points	5000	4	4	4	4	30.81360882841448	17.027349641311062	13.786259187103417	6.261873071486115	2.930945573321468	25.597997549683576	0.11499783874738963	0.11499783874738963	0.25	0.25	paired_t	estimated		5000											0.13622820897767693	0.2730496453900709	1.0	0.2615728436911397	0.33771929824561403
GSE77954	T-N	T	N	tissue_replication	EYA4	cg17838029	3	True	verified_patient_pairs	beta_percentage_points	5000	4	4	4	4	30.297735003894545	12.393224585433929	17.904510418460614	5.007357203774431	8.267117467946342	24.390989258339093	0.03740191053421574	0.03740191053421574	0.125	0.125	paired_t	estimated		5000											0.04708360399675114	0.15237467018469658	1.0	0.2615728436911397	0.33771929824561403
GSE77954	T-N	T	N	tissue_replication	EYA4	cg14343214	4	True	verified_patient_pairs	beta_percentage_points	5000	4	4	4	4	49.86150683284409	12.337970737647213	37.523536095196874	13.977747858399766	12.647598786168205	61.785031352743545	0.07476121426804863	0.07476121426804863	0.125	0.125	paired_t	estimated		5000											0.09259968094326666	0.15237467018469658	1.0	0.2615728436911397	0.33771929824561403
GSE77954	T-N	T	N	tissue_replication	EYA4	cg24675448	5	True	verified_patient_pairs	beta_percentage_points	5000	4	4	4	4	52.310297795206864	26.808893649077525	25.501404146129335	10.990585059954883	4.1827663957185495	38.782119772516275	0.10305637806388523	0.10305637806388523	0.25	0.25	paired_t	estimated		5000											0.12398970485811193	0.2730496453900709	1.0	0.2615728436911397	0.33771929824561403
GSE77954	T-N	T	N	tissue_replication	EYA4	cg21607030	6	True	verified_patient_pairs	beta_percentage_points	5000	4	4	4	4	46.99560123565579	26.03370783926441	20.96189339639139	13.803046760275722	-5.5576088332076345	38.37908162770144	0.2261563858172781	0.2261563858172781	0.25	0.25	paired_t	estimated		5000											0.2470076838004314	0.2730496453900709	1.0	0.30550950364790197	0.33771929824561403
GSE77954	T-N	T	N	tissue_replication	EYA4	cg11664500	7	True	verified_patient_pairs	beta_percentage_points	5000	4	4	4	4	55.40624126886661	20.29773599983263	35.10850526903398	14.810982358074007	6.782138345026667	60.612564388168956	0.0984650251878242	0.0984650251878242	0.25	0.25	paired_t	estimated		5000											0.11908597287113817	0.2730496453900709	1.0	0.2615728436911397	0.33771929824561403
GSE77954	T-N	T	N	tissue_replication	EYA4	cg26656135	8	True	verified_patient_pairs	beta_percentage_points	5000	4	4	4	4	51.97389296578113	25.857055749325053	26.11683721645608	13.41208049174187	0.37008805373693676	48.42897538036407	0.14666582633010383	0.14666582633010383	0.25	0.25	paired_t	estimated		5000											0.16648553259092866	0.2730496453900709	1.0	0.2615728436911397	0.33771929824561403
GSE77954	T-N	T	N	tissue_replication	EYA4	cg20286200	9	True	verified_patient_pairs	beta_percentage_points	5000	4	4	4	4	49.566756826648366	24.238430978675694	25.32832584797267	8.326770927611568	9.033689210764727	35.45012421379107	0.05578816041826783	0.05578816041826783	0.125	0.125	paired_t	estimated		5000											0.06965981111686416	0.15237467018469658	1.0	0.2615728436911397	0.33771929824561403
GSE77954	T-N	T	N	tissue_replication	EYA4	cg14270292	10	True	verified_patient_pairs	beta_percentage_points	5000	4	4	4	4	52.558924275271664	22.42275524657896	30.136169028692706	14.139546682522958	4.767329389888343	54.645096084967804	0.12285533671643895	0.12285533671643895	0.25	0.25	paired_t	estimated		5000											0.14479378970151732	0.2730496453900709	1.0	0.2615728436911397	0.33771929824561403
GSE77954	T-N	T	N	tissue_replication	EYA4	cg06181518	11	True	verified_patient_pairs	beta_percentage_points	5000	4	4	4	4	34.951756300902744	12.680341927214958	22.27141437368779	8.751002625589608	8.078080085677707	35.889102251987396	0.08430927313704574	0.08430927313704574	0.125	0.125	paired_t	estimated		5000											0.10359277709924238	0.15237467018469658	1.0	0.2615728436911397	0.33771929824561403
GSE77954	T-N	T	N	tissue_replication	EYA4	cg14287112	12	True	verified_patient_pairs	beta_percentage_points	5000	4	4	4	4	53.65468987721329	18.00726609163467	35.64742378557861	14.57743245198948	7.453793147788942	59.518236371630415	0.09205719349405714	0.09205719349405714	0.25	0.25	paired_t	estimated		5000											0.11162840785893544	0.2730496453900709	1.0	0.2615728436911397	0.33771929824561403
GSE77954	T-N	T	N	tissue_replication	EYA4	cg01328892	13	True	verified_patient_pairs	beta_percentage_points	5000	4	4	4	4	46.377659631885216	26.92558006854989	19.452079563335325	6.23225154302181	7.02473078210149	26.757390017135506	0.05242276187083952	0.05242276187083952	0.125	0.125	paired_t	estimated		5000											0.06563500266755516	0.15237467018469658	1.0	0.2615728436911397	0.33771929824561403
GSE77954	T-N	T	N	tissue_replication	EYA4	cg05493394	14	True	verified_patient_pairs	beta_percentage_points	5000	4	4	4	4	40.14290073375763	16.92774564192382	23.215155091833807	7.663857299454328	9.280932316861708	35.31277720142826	0.05634785813041719	0.05634785813041719	0.125	0.125	paired_t	estimated		5000											0.07016903087938745	0.15237467018469658	1.0	0.2615728436911397	0.33771929824561403
GSE77954	T-N	T	N	tissue_replication	EYA4	cg26449787	15	True	verified_patient_pairs	beta_percentage_points	5000	4	4	4	4	51.49909788108049	21.095609813213287	30.40348806786721	12.123481668767495	8.985407380911184	52.199038069174485	0.08710466662188784	0.08710466662188784	0.125	0.125	paired_t	estimated		5000											0.10618035878446487	0.15237467018469658	1.0	0.2615728436911397	0.33771929824561403
GSE77954	T-N	T	N	tissue_replication	EYA4	cg22871668	16	True	verified_patient_pairs	beta_percentage_points	5000	4	4	4	4	53.49415165485285	16.93592721975683	36.55822443509602	16.514890897550718	4.425032567391778	64.11986813050812	0.11371367309588515	0.11371367309588515	0.25	0.25	paired_t	estimated		5000											0.13575120664159931	0.2730496453900709	1.0	0.2615728436911397	0.33771929824561403
GSE77954	T-N	T	N	tissue_replication	EYA4	cg20980055	17	True	verified_patient_pairs	beta_percentage_points	5000	4	4	4	4	43.29982199075151	14.91709576949513	28.382726221256384	11.21850791801286	6.437801578379135	45.56139009744254	0.08542477865005509	0.08542477865005509	0.25	0.25	paired_t	estimated		5000											0.10468500725815769	0.2730496453900709	1.0	0.2615728436911397	0.33771929824561403
GSE77954	T-N	T	N	tissue_replication	ZNF568	cg06611358	1	True	verified_patient_pairs	beta_percentage_points	5000	4	4	4	4	45.80121242077496	22.399283304189744	23.401929116585215	13.936729265300027	-2.4548576938684183	48.02879746007619	0.19171408914974275	0.19171408914974275	0.25	0.25	paired_t	estimated		5000											0.21138880474267577	0.2730496453900709	1.0	0.2785280163118904	0.33771929824561403
GSE77954	T-N	T	N	tissue_replication	ZNF568	cg27390819	2	True	verified_patient_pairs	beta_percentage_points	5000	4	4	4	4	39.0964803168939	19.891891714498527	19.204588602395372	10.671234252659984	3.4512071482076037	37.88556623556045	0.1697377871299446	0.1697377871299446	0.25	0.25	paired_t	estimated		5000											0.1889930563822702	0.2730496453900709	1.0	0.2667759129205515	0.33771929824561403
GSE77954	T-N	T	N	tissue_replication	ZNF568	cg20154403	3	True	verified_patient_pairs	beta_percentage_points	5000	4	4	4	4	43.14458284013464	23.524019786801926	19.620563053332713	14.82921950468834	-3.5877812557213993	42.84709192612546	0.2776074463194502	0.2776074463194502	0.375	0.375	paired_t	estimated		5000											0.30036215503415925	0.40384615384615385	1.0	0.3504225142065191	0.4583333333333333
GSE77954	T-N	T	N	tissue_replication	ZNF568	cg21761844	4	True	verified_patient_pairs	beta_percentage_points	5000	4	4	4	4	32.61637010968549	11.31923047781811	21.297139631867385	17.806776647904897	-7.468740357833226	50.063019621567996	0.31760298930290826	0.31760298930290826	0.625	0.625	paired_t	estimated		5000											0.342033988480055	0.6622706422018348	1.0	0.3881814313702212	0.6875
GSE77954	T-N	T	N	tissue_replication	ZNF568	cg20680720	5	True	verified_patient_pairs	beta_percentage_points	5000	4	4	4	4	23.678489143113666	6.790640270429173	16.887848872684494	11.074306479562843	-0.8768964040367606	34.65259414940574	0.22467785565733117	0.22467785565733117	0.375	0.375	paired_t	estimated		5000											0.24597433486655687	0.40384615384615385	1.0	0.30550950364790197	0.4583333333333333
GSE77954	T-N	T	N	tissue_replication	ZNF568	cg02459604	6	True	verified_patient_pairs	beta_percentage_points	5000	4	4	4	4	43.28772610702876	25.412097706175953	17.87562840085281	16.746056472238894	-9.426205288489568	45.177462090195185	0.36404022762759247	0.36404022762759247	0.625	0.625	paired_t	estimated		5000											0.3884216747435282	0.6622706422018348	1.0	0.41837458996006893	0.6875
GSE77954	T-N	T	N	tissue_replication	ZNF568	cg03060201	7	True	verified_patient_pairs	beta_percentage_points	5000	4	4	4	4	31.965029350208752	11.876000886668237	20.08902846354051	17.543520222391738	-7.56725878733541	47.963044351368126	0.335242444068705	0.335242444068705	0.625	0.625	paired_t	estimated		5000											0.358523169351254	0.6622706422018348	1.0	0.3911161847468225	0.6875
GSE77954	T-N	T	N	tissue_replication	ZNF568	cg03443751	8	True	verified_patient_pairs	beta_percentage_points	5000	4	4	4	4	29.826120679465873	12.423438481931095	17.402682197534773	17.806625952265065	-5.5748415225437045	51.24245053312737	0.4004891914119772	0.4004891914119772	0.625	0.625	paired_t	estimated		5000											0.4253471412237551	0.6622706422018348	1.0	0.44692272085104706	0.6875
GSE77954	T-N	T	N	tissue_replication	ZNF793	cg17332326	1	True	verified_patient_pairs	beta_percentage_points	5000	4	4	4	4	29.611100888622268	19.534119687186756	10.076981201435506	17.17219682105115	-13.684512213693633	44.842358982642864	0.5985614820664813	0.5985614820664813	0.875	0.875	paired_t	estimated		5000											0.6242334192205741	0.9166666666666666	1.0	0.5985614820664813	0.8983333333333333
GSE77954	T-N	T	N	tissue_replication	ZNF793	cg11623861	2	True	verified_patient_pairs	beta_percentage_points	5000	4	4	4	4	24.808737791664694	11.97026979549128	12.838467996173414	16.70831297533926	-7.532403687596115	46.594651879443596	0.4982032511698154	0.4982032511698154	1.0	1.0	paired_t	estimated		5000											0.527912619358841	1.0	1.0	0.5358389882161657	1.0
GSE77954	T-N	T	N	tissue_replication	ZNF793	cg14732998	3	True	verified_patient_pairs	beta_percentage_points	5000	4	4	4	4	32.0510548529104	21.77741859084019	10.27363626207021	16.6188438246763	-11.689633785521425	43.69717048986702	0.5802098169773435	0.5802098169773435	1.0	1.0	paired_t	estimated		5000											0.6064636548496215	1.0	1.0	0.5878441566744138	1.0
GSE77954	T-N	T	N	tissue_replication	ZNF793	cg07482795	4	True	verified_patient_pairs	beta_percentage_points	5000	4	4	4	4	28.728309647967382	15.479047956183628	13.249261691783747	19.04846431886774	-11.564891898815578	51.92190923487995	0.5367455195317818	0.5367455195317818	0.875	0.875	paired_t	estimated		5000											0.5635827955083709	0.9166666666666666	1.0	0.5585054730263135	0.8983333333333333
GSE77954	T-N	T	N	tissue_replication	ZNF793	cg13181745	5	True	verified_patient_pairs	beta_percentage_points	5000	4	4	4	4	28.203167600469282	16.286875420566215	11.916292179903063	15.90012443565603	-7.043132906113097	44.023279432822285	0.5080031966205207	0.5080031966205207	0.875	0.875	paired_t	estimated		5000											0.5346183982657872	0.9166666666666666	1.0	0.5358389882161657	0.8983333333333333
GSE77954	T-N	T	N	tissue_replication	ZNF793	cg24078985	6	True	verified_patient_pairs	beta_percentage_points	5000	4	4	4	4	29.674736467145152	16.56657176010965	13.108164707035504	17.130150513548283	-9.630672860496317	47.889565298792846	0.4998364326180745	0.4998364326180745	0.625	0.625	paired_t	estimated		5000											0.5284311942094975	0.6622706422018348	1.0	0.5358389882161657	0.6875
GSE77954	T-N	T	N	tissue_replication	ZNF793	cg15139588	7	True	verified_patient_pairs	beta_percentage_points	5000	4	4	4	4	28.36550953462835	16.45901610788412	11.906493426744232	19.018682570500197	-12.390787609878668	50.22475196015231	0.5756827020011427	0.5756827020011427	0.875	0.875	paired_t	estimated		5000											0.603096164001197	0.9166666666666666	1.0	0.5878441566744138	0.8983333333333333
GSE77954	T-N	T	N	tissue_replication	ZNF793	cg25361907	8	True	verified_patient_pairs	beta_percentage_points	5000	4	4	4	4	28.242973168654057	15.775055904157009	12.46791726449705	16.5244060892659	-8.204231501055531	45.40876174433862	0.5053652571517009	0.5053652571517009	0.875	0.875	paired_t	estimated		5000											0.5330565041189174	0.9166666666666666	1.0	0.5358389882161657	0.8983333333333333
GSE77954	T-N	T	N	tissue_replication	SFMBT2	cg20299663	1	True	verified_patient_pairs	beta_percentage_points	5000	4	4	4	4	60.56274733564582	27.768134203902566	32.79461313174325	14.020608049143386	5.932941574775986	53.014774020284904	0.10131116305721258	0.10131116305721258	0.25	0.25	paired_t	estimated		5000											0.12220824368781255	0.2730496453900709	1.0	0.2615728436911397	0.33771929824561403
GSE77954	T-N	T	N	tissue_replication	SFMBT2	cg20506550	2	True	verified_patient_pairs	beta_percentage_points	5000	4	4	4	4	46.45094919378107	19.208967147585753	27.241982046195325	13.612532202516897	2.757866266878685	48.56935265339372	0.1391582857918428	0.1391582857918428	0.25	0.25	paired_t	estimated		5000											0.15953133507650466	0.2730496453900709	1.0	0.2615728436911397	0.33771929824561403
GSE77954	T-N	T	N	tissue_replication	SFMBT2	cg01056653	3	True	verified_patient_pairs	beta_percentage_points	5000	4	4	4	4	36.61471091387936	8.896061817965762	27.718649095913587	14.549997169489142	4.305007334958567	51.0067951525767	0.15286724631300372	0.15286724631300372	0.25	0.25	paired_t	estimated		5000											0.17183617468761003	0.2730496453900709	1.0	0.2615728436911397	0.33771929824561403
GSE77954	T-N	T	N	tissue_replication	SFMBT2	cg22862480	4	True	verified_patient_pairs	beta_percentage_points	5000	4	4	4	4	57.018510920448264	25.187763018329946	31.83074790211832	15.868080226574627	1.4212952153490956	57.16224259490031	0.13852387173048283	0.13852387173048283	0.25	0.25	paired_t	estimated		5000											0.1591990764663758	0.2730496453900709	1.0	0.2615728436911397	0.33771929824561403
GSE77954	T-N	T	N	tissue_replication	SFMBT2	cg12767281	5	True	verified_patient_pairs	beta_percentage_points	5000	4	4	4	4	50.13119110136349	19.659914389403035	30.47127671196046	13.809017076451765	4.97445607761371	52.75244022613056	0.11446185659452371	0.11446185659452371	0.25	0.25	paired_t	estimated		5000											0.13622820897767693	0.2730496453900709	1.0	0.2615728436911397	0.33771929824561403
GSE77954	T-N	T	N	tissue_replication	SFMBT2	cg26878816	6	True	verified_patient_pairs	beta_percentage_points	5000	4	4	4	4	54.29034160395656	21.466013947218336	32.82432765673823	16.433571411533745	1.6735383771563779	59.72375353674617	0.13967826508836673	0.13967826508836673	0.25	0.25	paired_t	estimated		5000											0.1597310853238253	0.2730496453900709	1.0	0.2615728436911397	0.33771929824561403
GSE77954	T-N	T	N	tissue_replication	SFMBT2	cg12328063	7	True	verified_patient_pairs	beta_percentage_points	5000	4	4	4	4	46.91823697364199	14.659388865322592	32.258848108319405	15.770936949343618	5.248867661505187	56.15862731088037	0.133344317396787	0.133344317396787	0.25	0.25	paired_t	estimated		5000											0.15478661969174773	0.2730496453900709	1.0	0.2615728436911397	0.33771929824561403
GSE77954	T-N	T	N	tissue_replication	SFMBT2	cg16818993	8	True	verified_patient_pairs	beta_percentage_points	5000	4	4	4	4	51.811314914378045	23.71997760182387	28.09133731255417	15.316535920797994	-1.8982149107594855	53.17238746897477	0.1640061135916966	0.1640061135916966	0.25	0.25	paired_t	estimated		5000											0.1834644660517284	0.2730496453900709	1.0	0.2667759129205515	0.33771929824561403
GSE77954	T-N	T	N	tissue_replication	ADHFE1	cg20295442	1	True	verified_patient_pairs	beta_percentage_points	5000	4	4	4	4	63.90626777442544	28.23021781978083	35.67604995464461	15.818359074750129	5.643427874254186	62.165545078013004	0.10939448024060543	0.10939448024060543	0.25	0.25	paired_t	estimated		5000											0.1312733762887265	0.2730496453900709	1.0	0.2615728436911397	0.33771929824561403
GSE77954	T-N	T	N	tissue_replication	ADHFE1	cg19283840	2	True	verified_patient_pairs	beta_percentage_points	5000	4	4	4	4	53.94683966560634	24.556159788708236	29.3906798768981	13.189970757745604	6.244099690277951	51.09064255574551	0.11217786670692591	0.11217786670692591	0.25	0.25	paired_t	estimated		5000											0.13426470056632064	0.2730496453900709	1.0	0.2615728436911397	0.33771929824561403
GSE77954	T-N	T	N	tissue_replication	ADHFE1	cg25046651	3	True	verified_patient_pairs	beta_percentage_points	5000	4	4	4	4	56.655531337383145	30.479408632231888	26.17612270515126	13.162958479054755	2.417128861612604	45.52241674833074	0.14087252414482085	0.14087252414482085	0.25	0.25	paired_t	estimated		5000											0.16069902754298082	0.2730496453900709	1.0	0.2615728436911397	0.33771929824561403
GSE77954	T-N	T	N	tissue_replication	ADHFE1	cg01588438	4	True	verified_patient_pairs	beta_percentage_points	5000	4	4	4	4	62.78232009614933	32.84303361653868	29.939286479610637	14.454104541478605	2.8334642335346922	53.60403901942951	0.130075916212221	0.130075916212221	0.25	0.25	paired_t	estimated		5000											0.15213942605074962	0.2730496453900709	1.0	0.2615728436911397	0.33771929824561403
GSE77954	T-N	T	N	tissue_replication	ADHFE1	cg08090772	5	True	verified_patient_pairs	beta_percentage_points	5000	4	4	4	4	57.066149900872745	30.534560021690027	26.531589879182704	13.136273266395104	2.425749575125169	48.0370527051732	0.13669319266871738	0.13669319266871738	0.25	0.25	paired_t	estimated		5000											0.15788063753236858	0.2730496453900709	1.0	0.2615728436911397	0.33771929824561403
GSE77954	T-N	T	N	tissue_replication	ADHFE1	cg09383816	6	True	verified_patient_pairs	beta_percentage_points	5000	4	4	4	4	60.18614735135286	27.542199564393243	32.6439477869596	12.948323225805868	9.755710293000968	53.21136906785908	0.08609398959294526	0.08609398959294526	0.25	0.25	paired_t	estimated		5000											0.10522598728026643	0.2730496453900709	1.0	0.2615728436911397	0.33771929824561403
GSE77954	T-N	T	N	tissue_replication	ADHFE1	cg20912169	7	True	verified_patient_pairs	beta_percentage_points	5000	4	4	4	4	62.321480905448425	28.678055647941914	33.64342525750651	16.559165614343033	2.602691294704386	63.30815654751674	0.13512107626366904	0.13512107626366904	0.25	0.25	paired_t	estimated		5000											0.15645598304214312	0.2730496453900709	1.0	0.2615728436911397	0.33771929824561403
GSE77954	T-N	T	N	tissue_replication	ADHFE1	cg18065361	8	True	verified_patient_pairs	beta_percentage_points	5000	4	4	4	4	53.377438953251676	17.94832771734213	35.429111235909545	16.51614520880282	4.346712817846609	62.28262122436745	0.12126516017652156	0.12126516017652156	0.25	0.25	paired_t	estimated		5000											0.14328517647456002	0.2730496453900709	1.0	0.2615728436911397	0.33771929824561403
GSE77954	T-N	T	N	tissue_replication	HOXA2	cg04481096	1	True	verified_patient_pairs	beta_percentage_points	5000	4	4	4	4	73.97280541632037	57.075342332863976	16.89746308345639	9.14174209474246	1.0207988934497232	30.482164019078194	0.16168387675400672	0.16168387675400672	0.25	0.25	paired_t	estimated		5000											0.18130570645716287	0.2730496453900709	1.0	0.2667759129205515	0.33771929824561403
GSE77954	T-N	T	N	tissue_replication	HOXA2	cg19598584	2	True	verified_patient_pairs	beta_percentage_points	5000	4	4	4	4	61.232436049205184	52.800861060791924	8.431574988413256	8.290794450926226	-7.341461454070824	20.615010806537338	0.38404034479454646	0.38404034479454646	0.625	0.625	paired_t	estimated		5000											0.4088171412329043	0.6622706422018348	1.0	0.4348692139585305	0.6875
GSE77954	T-N	T	N	tissue_replication	HOXA2	cg09871315	3	True	verified_patient_pairs	beta_percentage_points	5000	4	4	4	4	71.2178001533836	58.18921407183526	13.028586081548344	9.304108836021127	-2.3757542918869445	27.303191727834413	0.25592543801259887	0.25592543801259887	0.375	0.375	paired_t	estimated		5000											0.2788621517967469	0.40384615384615385	1.0	0.3397630814994847	0.4583333333333333
GSE77954	T-N	T	N	tissue_replication	HOXA2	cg13661519	4	True	verified_patient_pairs	beta_percentage_points	5000	4	4	4	4	76.52237656477531	64.43389318551546	12.088483379259861	8.816425728651534	-2.9722953013335385	27.806953883011694	0.26389832007231806	0.26389832007231806	0.25	0.25	paired_t	estimated		5000											0.28687299734920224	0.2730496453900709	1.0	0.344409671958788	0.33771929824561403
GSE77954	T-N	T	N	tissue_replication	HOXA2	cg02803819	5	True	verified_patient_pairs	beta_percentage_points	5000	4	4	4	4	77.94794889203072	62.87606781360409	15.071881078426635	13.015983466313804	-6.5924736549563265	38.41840089759151	0.3306978880509282	0.3306978880509282	0.375	0.375	paired_t	estimated		5000											0.3544835830151481	0.40384615384615385	1.0	0.3911161847468225	0.4583333333333333
GSE77954	T-N	T	N	tissue_replication	HOXA2	cg03763508	6	True	verified_patient_pairs	beta_percentage_points	5000	4	4	4	4	76.11711661094276	61.31125550914381	14.805861101798945	11.10042099469559	-4.8794957267137065	35.572839906029074	0.27448665879498896	0.27448665879498896	0.25	0.25	paired_t	estimated		5000											0.2976827144678049	0.2730496453900709	1.0	0.3504225142065191	0.33771929824561403
GSE77954	T-N	T	N	tissue_replication	HOXA2	cg00188704	7	True	verified_patient_pairs	beta_percentage_points	5000	4	4	4	4	78.07298122435245	67.467807173942	10.605174050410445	9.021419799811643	-6.690995008948211	26.225759919162112	0.32457507089285176	0.32457507089285176	0.625	0.625	paired_t	estimated		5000											0.34872949477325005	0.6622706422018348	1.0	0.3905043821679623	0.6875
GSE77954	T-N	T	N	tissue_replication	HOXA2	cg06786372	8	True	verified_patient_pairs	beta_percentage_points	5000	4	4	4	4	76.15437226639743	62.056994871505275	14.097377394892149	11.067004992041062	-4.561118556676755	33.4609575786704	0.2924569132531541	0.2924569132531541	0.375	0.375	paired_t	estimated		5000											0.31568947178261025	0.40384615384615385	1.0	0.3632126180724656	0.4583333333333333
GSE77954	T-N	T	N	tissue_replication	BEND5	cg11666087	1	True	verified_patient_pairs	beta_percentage_points	5000	4	4	4	4	45.96183513455431	15.49556404027621	30.466271094278103	17.886062195469435	-2.4818964315823138	55.86291607092755	0.18705251487296115	0.18705251487296115	0.25	0.25	paired_t	estimated		5000											0.20723803806069077	0.2730496453900709	1.0	0.2779810642826522	0.33771929824561403
GSE77954	T-N	T	N	tissue_replication	BEND5	cg16573178	2	True	verified_patient_pairs	beta_percentage_points	5000	4	4	4	4	45.70316664920385	15.056317310634398	30.64684933856945	15.787555893553904	2.204273427383004	53.30657481281323	0.147537893222916	0.147537893222916	0.25	0.25	paired_t	estimated		5000											0.167064967325949	0.2730496453900709	1.0	0.2615728436911397	0.33771929824561403
GSE77954	T-N	T	N	tissue_replication	BEND5	cg06744574	3	True	verified_patient_pairs	beta_percentage_points	5000	4	4	4	4	42.43603697373072	16.632180623647685	25.803856350083038	9.899569639093505	9.468067534508945	41.07472874816311	0.07992156036489766	0.07992156036489766	0.125	0.125	paired_t	estimated		5000											0.09846336236955391	0.15237467018469658	1.0	0.2615728436911397	0.33771929824561403
GSE77954	T-N	T	N	tissue_replication	BEND5	cg03603214	4	True	verified_patient_pairs	beta_percentage_points	5000	4	4	4	4	31.930152963605142	11.99938214400216	19.930770819602976	10.434699454787953	0.2761271444291731	33.83456021698043	0.15211889445624763	0.15211889445624763	0.25	0.25	paired_t	estimated		5000											0.17141202253362536	0.2730496453900709	1.0	0.2615728436911397	0.33771929824561403
GSE77954	T-N	T	N	tissue_replication	UNC5C	cg15701178	1	True	verified_patient_pairs	beta_percentage_points	5000	4	4	4	4	37.81042934227597	15.125361736063125	22.68506760621284	13.80689533887166	1.0365894857509403	46.5509124984827	0.19892134043974136	0.19892134043974136	0.25	0.25	paired_t	estimated		5000											0.2188134744837155	0.2730496453900709	1.0	0.2836470965529645	0.33771929824561403
GSE77954	T-N	T	N	tissue_replication	UNC5C	cg03008707	2	True	verified_patient_pairs	beta_percentage_points	5000	4	4	4	4	47.404194803952116	28.90205367206653	18.502141131885587	8.839129975224406	0.8279353967296094	30.147390492586258	0.12738668969768274	0.12738668969768274	0.25	0.25	paired_t	estimated		5000											0.149372209747029	0.2730496453900709	1.0	0.2615728436911397	0.33771929824561403
GSE77954	T-N	T	N	tissue_replication	UNC5C	cg24870497	3	True	verified_patient_pairs	beta_percentage_points	5000	4	4	4	4	40.581818083363785	12.173134545883432	28.40868353748035	13.373070860003494	7.586318791283977	49.9380506023146	0.1236748360633255	0.1236748360633255	0.125	0.125	paired_t	estimated		5000											0.14538873857826048	0.15237467018469658	1.0	0.2615728436911397	0.33771929824561403
GSE77954	T-N	T	N	tissue_replication	UNC5C	cg13265789	4	True	verified_patient_pairs	beta_percentage_points	5000	4	4	4	4	56.570812995818606	24.249725527424296	32.32108746839431	12.341191780038873	11.159115508499058	53.489747059808344	0.07907219155361123	0.07907219155361123	0.125	0.125	paired_t	estimated		5000											0.0976774130956374	0.15237467018469658	1.0	0.2615728436911397	0.33771929824561403
GSE77954	T-N	T	N	tissue_replication	UNC5C	cg12584684	5	True	verified_patient_pairs	beta_percentage_points	5000	4	4	4	4	41.13295054809091	19.111482282708987	22.021468265381934	13.940699509036019	-0.11584436326548403	44.15878089402935	0.21231067753519717	0.21231067753519717	0.375	0.375	paired_t	estimated		5000											0.23298701430228289	0.40384615384615385	1.0	0.29723494854927607	0.4583333333333333
GSE77954	T-N	T	N	tissue_replication	RALYL	cg08327106	1	True	verified_patient_pairs	beta_percentage_points	5000	4	4	4	4	49.71871936073271	23.74460400613737	25.97411535459534	12.638297882992045	4.484039346077967	47.505694847152505	0.13210396849674552	0.13210396849674552	0.25	0.25	paired_t	estimated		5000											0.15373308172669126	0.2730496453900709	1.0	0.2615728436911397	0.33771929824561403
GSE77954	T-N	T	N	tissue_replication	RALYL	cg09757712	2	True	verified_patient_pairs	beta_percentage_points	5000	4	4	4	4	43.40367774165017	24.700494584251313	18.703183157398858	4.973192299551536	10.000670212959443	28.044988878619193	0.032872027128539365	0.032872027128539365	0.125	0.125	paired_t	estimated		5000											0.04149419817864805	0.15237467018469658	1.0	0.2615728436911397	0.33771929824561403
GSE77954	T-N	T	N	tissue_replication	RALYL	cg11089595	3	True	verified_patient_pairs	beta_percentage_points	5000	4	4	4	4	53.771023059988565	31.758511737341088	22.01251132264748	10.687262656739152	5.466785789794043	39.30671392866536	0.13153427724803424	0.13153427724803424	0.25	0.25	paired_t	estimated		5000											0.15345665678937329	0.2730496453900709	1.0	0.2615728436911397	0.33771929824561403
GSE77954	T-N	T	N	tissue_replication	RALYL	cg01134282	4	True	verified_patient_pairs	beta_percentage_points	5000	4	4	4	4	53.382381582342674	22.782824039749848	30.59955754259282	12.230276309301896	9.787589175140562	50.97697220295439	0.08755591415675187	0.08755591415675187	0.125	0.125	paired_t	estimated		5000											0.10644955879057728	0.15237467018469658	1.0	0.2615728436911397	0.33771929824561403
GSE77954	T-N	T	N	tissue_replication	RALYL	cg06955749	5	True	verified_patient_pairs	beta_percentage_points	5000	4	4	4	4	47.3042471307545	20.183258737879278	27.120988392875212	12.305679082908048	6.223337575266995	50.33014185672394	0.11474871272090169	0.11474871272090169	0.25	0.25	paired_t	estimated		5000											0.13622820897767693	0.2730496453900709	1.0	0.2615728436911397	0.33771929824561403
GSE77954	T-N	T	N	tissue_replication	GFRA1	cg19236679	1	True	verified_patient_pairs	beta_percentage_points	5000	4	4	4	4	43.51435877848108	15.846092426478522	27.66826635200256	15.375609516234078	2.7380071941790693	51.32512668835516	0.16976649004035094	0.16976649004035094	0.25	0.25	paired_t	estimated		5000											0.1889930563822702	0.2730496453900709	1.0	0.2667759129205515	0.33771929824561403
GSE77954	T-N	T	N	tissue_replication	GFRA1	cg06298519	2	True	verified_patient_pairs	beta_percentage_points	5000	4	4	4	4	49.862577986681664	22.4821562939304	27.380421692751266	15.80381125210662	2.5770489109988595	52.25870039185229	0.18160388024485888	0.18160388024485888	0.25	0.25	paired_t	estimated		5000											0.2016850785411654	0.2730496453900709	1.0	0.2779810642826522	0.33771929824561403
GSE77954	T-N	T	N	tissue_replication	GFRA1	cg19485539	3	True	verified_patient_pairs	beta_percentage_points	5000	4	4	4	4	49.566252571202014	22.18697859069779	27.379273980504216	16.107284942603126	1.231948801030698	52.55855022513535	0.18772747198308978	0.18772747198308978	0.25	0.25	paired_t	estimated		5000											0.20748825850762553	0.2730496453900709	1.0	0.2779810642826522	0.33771929824561403
GSE77954	T-N	T	N	tissue_replication	GFRA1	cg18672939	4	True	verified_patient_pairs	beta_percentage_points	5000	4	4	4	4	51.74422477175583	16.00804607325431	35.73617869850153	18.132857502575593	4.760969789350843	62.84387972608153	0.14333553889388206	0.14333553889388206	0.25	0.25	paired_t	estimated		5000											0.1631059580516589	0.2730496453900709	1.0	0.2615728436911397	0.33771929824561403
GSE77954	T-N	T	N	tissue_replication	GFRA1	cg27034576	5	True	verified_patient_pairs	beta_percentage_points	5000	4	4	4	4	45.25613579969832	18.12360803635686	27.132527763341464	14.089761474876807	5.334632676581906	49.385076776073554	0.14979822040949786	0.14979822040949786	0.25	0.25	paired_t	estimated		5000											0.16920972574373597	0.2730496453900709	1.0	0.2615728436911397	0.33771929824561403
GSE77954	T-N	T	N	tissue_replication	GFRA1	cg18044663	6	True	verified_patient_pairs	beta_percentage_points	5000	4	4	4	4	45.828511094818744	13.846220487766614	31.982290607052132	15.901093217852146	3.0257340019121686	57.94083456733596	0.13780652134327562	0.13780652134327562	0.25	0.25	paired_t	estimated		5000											0.15876960813115545	0.2730496453900709	1.0	0.2615728436911397	0.33771929824561403
GSE77954	T-A	T	A	lesion	EYA4	cg14017655	1	False	unpaired_or_partially_paired_observations	beta_percentage_points	5000	13	12	25	0	46.183651485364386	52.108488655063645	-5.924837169699259	7.672775422018814	-19.406212422896935	8.86697387664735	0.4489419089602458	0.4489419089602458	0.14946889328971086	0.14946889328971086	Welch_t	estimated		5000	-13.412866558682198	-27.255270861301707	0.42953774393731103	0.05754539043916442	0.05754539043916442	25.0	age;sex;site	estimated	robust_Wald	HC3	0.5429611569100355	0.21991919968103954	0.13683896736494627	0.4671422566207963	0.17438037550466268
GSE77954	T-A	T	A	lesion	EYA4	cg20330472	2	False	unpaired_or_partially_paired_observations	beta_percentage_points	5000	13	12	25	0	42.98892005500422	52.033137416941244	-9.044217361937024	7.111764180942007	-22.313436226597847	4.790428235499474	0.21666730327135483	0.21666730327135483	0.14946889328971086	0.14946889328971086	Welch_t	estimated		5000	-13.942704518958953	-28.985924627872677	1.1005155899547703	0.06928159156523671	0.06928159156523671	25.0	age;sex;site	estimated	robust_Wald	HC3	0.30841270841000984	0.21991919968103954	0.15232614470788597	0.2600264220598187	0.17438037550466268
GSE77954	T-A	T	A	lesion	EYA4	cg17838029	3	False	unpaired_or_partially_paired_observations	beta_percentage_points	5000	13	12	25	0	37.53502622855686	43.995112997540744	-6.460086768983891	5.109484078476075	-16.267447741991607	3.5299428611970614	0.21950282381673009	0.21950282381673009	0.08664373365473696	0.08664373365473696	Welch_t	estimated		5000	-9.816373481948085	-20.856893672449456	1.2241467085532864	0.08139515084049985	0.08139515084049985	25.0	age;sex;site	estimated	robust_Wald	HC3	0.30841270841000984	0.15759608247436407	0.15994490729675767	0.2600264220598187	0.15515273235848245
GSE77954	T-A	T	A	lesion	EYA4	cg14343214	4	False	unpaired_or_partially_paired_observations	beta_percentage_points	5000	13	12	25	0	54.333187956372754	59.10289967867498	-4.769711722302228	7.527947131696465	-18.59806226147257	9.044591431656148	0.5325995886806096	0.5325995886806096	0.36946194274750366	0.36946194274750366	Welch_t	estimated		5000	-9.023250269425775	-26.173741149593432	8.127240610741879	0.30245635303133	0.30245635303133	25.0	age;sex;site	estimated	robust_Wald	HC3	0.6277066580878614	0.4663699933042259	0.43667135968898274	0.5468022443787592	0.3743232840994445
GSE77954	T-A	T	A	lesion	EYA4	cg24675448	5	False	unpaired_or_partially_paired_observations	beta_percentage_points	5000	13	12	25	0	53.28691032485919	61.99313463892061	-8.706224314061418	5.2498022727809746	-18.600581145102282	0.9978470167445572	0.11082969212825311	0.11082969212825311	0.10858440161427454	0.10858440161427454	Welch_t	estimated		5000	-13.348826293935018	-22.474861544795868	-4.222791043074167	0.0041454434848845565	0.0041454434848845565	25.0	age;sex;site	estimated	robust_Wald	HC3	0.1924936758017028	0.18045321419350663	0.01741086263651514	0.18551926725816284	0.16358388880651104
GSE77954	T-A	T	A	lesion	EYA4	cg21607030	6	False	unpaired_or_partially_paired_observations	beta_percentage_points	5000	13	12	25	0	51.615159891301545	63.073104383070735	-11.45794449176919	5.867858558614719	-22.575796539127722	0.019929005901182684	0.06335464553208231	0.06335464553208231	0.013328328780817543	0.013328328780817543	Welch_t	estimated		5000	-15.700256406477545	-27.841443511140273	-3.559069301814816	0.011260532252795831	0.011260532252795831	25.0	age;sex;site	estimated	robust_Wald	HC3	0.1319725219867622	0.035389010900791405	0.04264234344911209	0.15907462872200298	0.10262813161229507
GSE77954	T-A	T	A	lesion	EYA4	cg11664500	7	False	unpaired_or_partially_paired_observations	beta_percentage_points	5000	13	12	25	0	56.879424076573784	63.538368009129655	-6.6589439325558715	5.9528790158913365	-17.253395120957173	4.69433844205545	0.2749861810677145	0.2749861810677145	0.16543653405847458	0.16543653405847458	Welch_t	estimated		5000	-9.897340637406742	-24.19746520229547	4.402783927481982	0.1749331933915218	0.1749331933915218	25.0	age;sex;site	estimated	robust_Wald	HC3	0.3736576930978944	0.23590024300930634	0.27677786077699684	0.3068686368436814	0.18461758148554408
GSE77954	T-A	T	A	lesion	EYA4	cg26656135	8	False	unpaired_or_partially_paired_observations	beta_percentage_points	5000	13	12	25	0	54.3274484448781	60.64760509544681	-6.320156650568709	4.992718650242199	-16.16125338238283	3.2840401186830355	0.21907827376265557	0.21907827376265557	0.13470504984007842	0.13470504984007842	Welch_t	estimated		5000	-8.958395420112828	-21.488798667276463	3.5720078270508075	0.16114159760832203	0.16114159760832203	25.0	age;sex;site	estimated	robust_Wald	HC3	0.30841270841000984	0.2060719636626365	0.2633675192844208	0.2600264220598187	0.17003752192927932
GSE77954	T-A	T	A	lesion	EYA4	cg20286200	9	False	unpaired_or_partially_paired_observations	beta_percentage_points	5000	13	12	25	0	54.79033865218385	58.15002730024725	-3.359688648063408	5.659943790919131	-13.740086999972739	7.431000930838841	0.559003823256652	0.559003823256652	0.2888443663464849	0.2888443663464849	Welch_t	estimated		5000	-8.153405847131335	-19.31133730258408	3.0045256083214094	0.15208678709988263	0.15208678709988263	25.0	age;sex;site	estimated	robust_Wald	HC3	0.6488938852878724	0.37275446159797776	0.25274854546815023	0.5663591367205554	0.29654688278239116
GSE77954	T-A	T	A	lesion	EYA4	cg14270292	10	False	unpaired_or_partially_paired_observations	beta_percentage_points	5000	13	12	25	0	52.320892576818935	61.424063788819986	-9.10317121200105	4.977473600257496	-18.34141379502637	-0.12747392833634372	0.08123234731185895	0.08123234731185895	0.05348979986738018	0.05348979986738018	Welch_t	estimated		5000	-10.919320656261908	-23.71099657724293	1.8723552647191166	0.09431188561028388	0.09431188561028388	25.0	age;sex;site	estimated	robust_Wald	HC3	0.1516355648777168	0.1176775597082364	0.17712232175589898	0.1649369302178674	0.15054763887855643
GSE77954	T-A	T	A	lesion	EYA4	cg06181518	11	False	unpaired_or_partially_paired_observations	beta_percentage_points	5000	13	12	25	0	44.962350486485825	54.27801389501772	-9.315663408531893	7.689766642964563	-23.085143917318813	5.719074091772976	0.23884099191025662	0.23884099191025662	0.07709987174354171	0.07709987174354171	Welch_t	estimated		5000	-15.999544564473666	-30.78422212216695	-1.214867006780382	0.033920493210072684	0.033920493210072684	25.0	age;sex;site	estimated	robust_Wald	HC3	0.3303728690495167	0.1459841833832634	0.09111202245961385	0.2744889011505934	0.15222282369878748
GSE77954	T-A	T	A	lesion	EYA4	cg14287112	12	False	unpaired_or_partially_paired_observations	beta_percentage_points	5000	13	12	25	0	54.973465392096955	61.8716157827774	-6.898150390680446	6.40503856281332	-19.060642222329232	5.151105321444585	0.2927125684742466	0.2927125684742466	0.20116781630321023	0.20116781630321023	Welch_t	estimated		5000	-10.56048791187477	-26.021217068753515	4.900241245003974	0.18064944414626427	0.18064944414626427	25.0	age;sex;site	estimated	robust_Wald	HC3	0.38860116849167226	0.2799383467833829	0.28387769794412954	0.32198382532167125	0.2181679134555942
GSE77954	T-A	T	A	lesion	EYA4	cg01328892	13	False	unpaired_or_partially_paired_observations	beta_percentage_points	5000	13	12	25	0	56.04347108209156	64.87775690629537	-8.834285824203825	5.857239189308428	-19.6551664715281	2.7592701040874723	0.14528797033192845	0.14528797033192845	0.06057943747942828	0.06057943747942828	Welch_t	estimated		5000	-13.964791892008863	-25.95098438624704	-1.9785993977706875	0.02240084155860986	0.02240084155860986	25.0	age;sex;site	estimated	robust_Wald	HC3	0.22374347431116984	0.1272547929849197	0.07170224393963069	0.19855793570494387	0.15054763887855643
GSE77954	T-A	T	A	lesion	EYA4	cg05493394	14	False	unpaired_or_partially_paired_observations	beta_percentage_points	5000	13	12	25	0	48.37226821264816	50.167089761397065	-1.7948215487489039	6.409473348100882	-13.756854034125777	10.350600227138273	0.7819682086922239	0.7819682086922239	0.8066362801930473	0.8066362801930473	Welch_t	estimated		5000	-6.133671839080273	-19.137044809582775	6.869701131422229	0.35521974475004436	0.35521974475004436	25.0	age;sex;site	estimated	robust_Wald	HC3	0.8350914160051589	0.872842543612727	0.488427149031311	0.7819682086922239	0.8066362801930473
GSE77954	T-A	T	A	lesion	EYA4	cg26449787	15	False	unpaired_or_partially_paired_observations	beta_percentage_points	5000	13	12	25	0	52.347883371260785	60.80964040736176	-8.46175703610098	5.266697344820687	-18.1948638489469	1.3019376329891574	0.12283612459202543	0.12283612459202543	0.09711956168340276	0.09711956168340276	Welch_t	estimated		5000	-10.561081911637055	-24.273297112717675	3.1511332894435666	0.13115706391720472	0.13115706391720472	25.0	age;sex;site	estimated	robust_Wald	HC3	0.201021633075104	0.16618236110271137	0.2260991176483156	0.1897547101832169	0.1557959635337919
GSE77954	T-A	T	A	lesion	EYA4	cg22871668	16	False	unpaired_or_partially_paired_observations	beta_percentage_points	5000	13	12	25	0	55.43329109181349	64.9286708485759	-9.495379756762423	6.034130875954347	-20.748241416651105	1.5410273340607077	0.1295069957803159	0.1295069957803159	0.13470504984007842	0.13470504984007842	Welch_t	estimated		5000	-12.109361499268688	-27.146827231419472	2.928104232882099	0.11449242652701931	0.11449242652701931	25.0	age;sex;site	estimated	robust_Wald	HC3	0.20775080573092344	0.2060719636626365	0.20502132192047645	0.1897547101832169	0.17003752192927932
GSE77954	T-A	T	A	lesion	EYA4	cg20980055	17	False	unpaired_or_partially_paired_observations	beta_percentage_points	5000	13	12	25	0	45.07127086062337	52.05488156152028	-6.983610700896914	5.221109848468853	-16.867468172193174	2.980943359391989	0.19412131334937344	0.19412131334937344	0.14946889328971086	0.14946889328971086	Welch_t	estimated		5000	-9.400062736275848	-21.7801166687282	2.979991196176507	0.13670266876343826	0.13670266876343826	25.0	age;sex;site	estimated	robust_Wald	HC3	0.2820253043000331	0.21991919968103954	0.2321935035614282	0.2438810421400006	0.17438037550466268
GSE77954	T-A	T	A	lesion	ZNF568	cg06611358	1	False	unpaired_or_partially_paired_observations	beta_percentage_points	5000	13	12	25	0	47.81860221812288	61.0785685016748	-13.259966283551927	5.781943971897208	-23.469350314127542	-2.107906562490513	0.03132128965875741	0.03132128965875741	0.0413771156083874	0.0413771156083874	Welch_t	estimated		5000	-14.610124563373658	-28.94566161939923	-0.2745875073480841	0.045770268525939774	0.045770268525939774	25.0	age;sex;site	estimated	robust_Wald	HC3	0.07697040331035067	0.09370699711311264	0.11618606625815482	0.15907462872200298	0.1448199046293559
GSE77954	T-A	T	A	lesion	ZNF568	cg27390819	2	False	unpaired_or_partially_paired_observations	beta_percentage_points	5000	13	12	25	0	42.24237287177744	56.32416141608646	-14.08178854430902	6.578922221787936	-26.18314935443337	-1.6145990814974458	0.04315393225299643	0.04315393225299643	0.09711956168340276	0.09711956168340276	Welch_t	estimated		5000	-16.29605442677373	-30.791701499444997	-1.8004073541024623	0.027566709052772646	0.027566709052772646	25.0	age;sex;site	estimated	robust_Wald	HC3	0.10171998316777729	0.16618236110271137	0.08007387866140885	0.15907462872200298	0.1557959635337919
GSE77954	T-A	T	A	lesion	ZNF568	cg20154403	3	False	unpaired_or_partially_paired_observations	beta_percentage_points	5000	13	12	25	0	45.95095954326875	59.8979018419672	-13.946942298698445	5.899402060669693	-24.41964252650925	-2.3860321124533774	0.02730391539072715	0.02730391539072715	0.023989184454412765	0.023989184454412765	Welch_t	estimated		5000	-15.408720245172795	-30.409587979680463	-0.40785251066512707	0.04408805683636181	0.04408805683636181	25.0	age;sex;site	estimated	robust_Wald	HC3	0.06930993906876892	0.058331595883887886	0.11315934587999531	0.15907462872200298	0.11544795018686142
GSE77954	T-A	T	A	lesion	ZNF568	cg21761844	4	False	unpaired_or_partially_paired_observations	beta_percentage_points	5000	13	12	25	0	38.62127102093499	51.976848999191795	-13.355577978256806	7.748264974730003	-27.51094128587556	1.666185838971978	0.09861038178109274	0.09861038178109274	0.05348979986738018	0.05348979986738018	Welch_t	estimated		5000	-13.828277381195475	-32.311592285540335	4.655037523149383	0.1425541857268314	0.1425541857268314	25.0	age;sex;site	estimated	robust_Wald	HC3	0.1725681681169123	0.1176775597082364	0.24036508688246755	0.16873331993653648	0.15054763887855643
GSE77954	T-A	T	A	lesion	ZNF568	cg20680720	5	False	unpaired_or_partially_paired_observations	beta_percentage_points	5000	13	12	25	0	30.898955206110468	53.78280775857631	-22.883852552465843	10.680080352994542	-42.65315955606682	-2.9218676390639553	0.04387598910501753	0.04387598910501753	0.06843074494479838	0.06843074494479838	Welch_t	estimated		5000	-24.82215241933145	-48.18711145480897	-1.457193383853919	0.0373241777091622	0.0373241777091622	25.0	age;sex;site	estimated	robust_Wald	HC3	0.1020158652215364	0.13396188205295276	0.09687511293052212	0.15907462872200298	0.15054763887855643
GSE77954	T-A	T	A	lesion	ZNF568	cg02459604	6	False	unpaired_or_partially_paired_observations	beta_percentage_points	5000	13	12	25	0	52.52890774445459	60.44924973153567	-7.9203419870810805	6.9758078495391045	-20.509202148565663	5.000050499112961	0.26790125049667846	0.26790125049667846	0.09711956168340276	0.09711956168340276	Welch_t	estimated		5000	-7.581113579749915	-22.6786130593486	7.5163858998487685	0.32502530683143416	0.32502530683143416	25.0	age;sex;site	estimated	robust_Wald	HC3	0.3661845494954599	0.16618236110271137	0.46455538583153844	0.3033587689447682	0.1557959635337919
GSE77954	T-A	T	A	lesion	ZNF568	cg03060201	7	False	unpaired_or_partially_paired_observations	beta_percentage_points	5000	13	12	25	0	39.62702724329317	57.09339625117932	-17.46636900788615	7.773322205159052	-31.79039434372474	-3.124025082756983	0.03461138316064307	0.03461138316064307	0.03167272655841494	0.03167272655841494	Welch_t	estimated		5000	-16.700392554342073	-35.313496408655304	1.9127112999711537	0.07865311206979762	0.07865311206979762	25.0	age;sex;site	estimated	robust_Wald	HC3	0.08328364073029738	0.07465714117340663	0.15799016424455	0.15907462872200298	0.13548888583321944
GSE77954	T-A	T	A	lesion	ZNF568	cg03443751	8	False	unpaired_or_partially_paired_observations	beta_percentage_points	5000	13	12	25	0	32.07002943671874	48.77123162797263	-16.701202191253895	9.340758307053392	-33.47699027706008	1.3279788885003894	0.08843535731030742	0.08843535731030742	0.09711956168340276	0.09711956168340276	Welch_t	estimated		5000	-19.14828456077208	-40.40018488451756	2.1036157629733934	0.07740301610178443	0.07740301610178443	25.0	age;sex;site	estimated	robust_Wald	HC3	0.1621314884022303	0.16618236110271137	0.1568429536799316	0.16702582038687339	0.1557959635337919
GSE77954	T-A	T	A	lesion	ZNF793	cg17332326	1	False	unpaired_or_partially_paired_observations	beta_percentage_points	5000	13	12	25	0	35.658514360482506	61.57457112641082	-25.916056765928307	7.5599889677719005	-39.97348763838098	-11.238643689756685	0.0024686062678127485	0.0024686062678127485	0.006017287005760638	0.006017287005760638	Welch_t	estimated		5000	-25.934101279502926	-48.84089564989223	-3.0273069091136167	0.026487533053815935	0.026487533053815935	25.0	age;sex;site	estimated	robust_Wald	HC3	0.0070400993563548755	0.016746907208803705	0.07946259916144781	0.038668225799110445	0.07722184990726152
GSE77954	T-A	T	A	lesion	ZNF793	cg11623861	2	False	unpaired_or_partially_paired_observations	beta_percentage_points	5000	13	12	25	0	33.44284375382579	58.34083310136977	-24.89798934754398	8.444770417742836	-40.053264065061256	-8.387824229296333	0.007233180379882028	0.007233180379882028	0.006017287005760638	0.006017287005760638	Welch_t	estimated		5000	-26.80703032023376	-49.20334192939091	-4.410718711076608	0.01897822868472839	0.01897822868472839	25.0	age;sex;site	estimated	robust_Wald	HC3	0.019891246044675577	0.016746907208803705	0.06262815465960368	0.07956498417870231	0.07722184990726152
GSE77954	T-A	T	A	lesion	ZNF793	cg14732998	3	False	unpaired_or_partially_paired_observations	beta_percentage_points	5000	13	12	25	0	36.85042751234016	62.110827166534364	-25.260399654194206	6.98453964177114	-38.01074856438048	-11.752448022155601	0.0016426774383395501	0.0016426774383395501	0.005090810944579923	0.005090810944579923	Welch_t	estimated		5000	-25.078188260387872	-45.735158771931545	-4.421217748844203	0.017338227910467942	0.017338227910467942	25.0	age;sex;site	estimated	robust_Wald	HC3	0.004803272003246027	0.014699716602474527	0.05804537170026224	0.038668225799110445	0.07722184990726152
GSE77954	T-A	T	A	lesion	ZNF793	cg07482795	4	False	unpaired_or_partially_paired_observations	beta_percentage_points	5000	13	12	25	0	35.74713649155321	53.32113508607074	-17.573998594517526	9.085727012495939	-34.10644732193056	-0.9944616244807889	0.06566146852176538	0.06566146852176538	0.06057943747942828	0.06057943747942828	Welch_t	estimated		5000	-19.89371358193368	-42.551032343308336	2.7636051794409755	0.0852691135209534	0.0852691135209534	25.0	age;sex;site	estimated	robust_Wald	HC3	0.13240329659959094	0.1272547929849197	0.16278648944909285	0.15907462872200298	0.15054763887855643
GSE77954	T-A	T	A	lesion	ZNF793	cg13181745	5	False	unpaired_or_partially_paired_observations	beta_percentage_points	5000	13	12	25	0	32.437616001213875	56.90032314773185	-24.46270714651797	7.192200228654282	-37.48798119099844	-10.324906435896853	0.00251092375318899	0.00251092375318899	0.00429524090299667	0.00429524090299667	Welch_t	estimated		5000	-24.072561443287352	-45.42937089118151	-2.7157519953931897	0.027161090954060954	0.027161090954060954	25.0	age;sex;site	estimated	robust_Wald	HC3	0.0070734559388616666	0.012559501880914314	0.08007387866140885	0.038668225799110445	0.07722184990726152
GSE77954	T-A	T	A	lesion	ZNF793	cg24078985	6	False	unpaired_or_partially_paired_observations	beta_percentage_points	5000	13	12	25	0	34.46936459208062	58.214214806892564	-23.74485021481194	7.680368026299641	-37.63311244211114	-9.091521288397741	0.005222386762221292	0.005222386762221292	0.008338374002751328	0.008338374002751328	Welch_t	estimated		5000	-24.171459918918075	-46.35201294057517	-1.9909068972609745	0.03268849298752024	0.03268849298752024	25.0	age;sex;site	estimated	robust_Wald	HC3	0.014534594482808656	0.022660757583947727	0.08987960391624286	0.06702063011517324	0.08025684977648152
GSE77954	T-A	T	A	lesion	ZNF793	cg15139588	7	False	unpaired_or_partially_paired_observations	beta_percentage_points	5000	13	12	25	0	32.55384894890781	65.59464561648494	-33.040796667577126	8.237657937731257	-48.212117204682656	-16.779138848713234	0.0006804285166066643	0.0006804285166066643	0.0025377630557352256	0.0025377630557352256	Welch_t	estimated		5000	-33.24778742141803	-57.9950142181213	-8.500560624714776	0.008458383555301282	0.008458383555301282	25.0	age;sex;site	estimated	robust_Wald	HC3	0.002015115222258198	0.007515682895831244	0.0336877000219758	0.038668225799110445	0.07722184990726152
GSE77954	T-A	T	A	lesion	ZNF793	cg25361907	8	False	unpaired_or_partially_paired_observations	beta_percentage_points	5000	13	12	25	0	31.470487129500995	56.861094643413125	-25.390607513912126	7.210374014820255	-38.532744489026015	-11.426538639260386	0.00192211262092452	0.00192211262092452	0.006017287005760638	0.006017287005760638	Welch_t	estimated		5000	-24.311031166338505	-46.50270241688562	-2.1193599157913967	0.0317817055001123	0.0317817055001123	25.0	age;sex;site	estimated	robust_Wald	HC3	0.0055501001929195515	0.016746907208803705	0.08953138988446269	0.038668225799110445	0.07722184990726152
GSE77954	T-A	T	A	lesion	SFMBT2	cg20299663	1	False	unpaired_or_partially_paired_observations	beta_percentage_points	5000	13	12	25	0	59.39595203453531	66.35981645731933	-6.963864422784005	4.976792252050221	-16.219071408423414	2.3475544794577283	0.17560562710025934	0.17560562710025934	0.22101309719361817	0.22101309719361817	Welch_t	estimated		5000	-9.543734999090912	-22.919127761881896	3.8316577637000706	0.1619654384044098	0.1619654384044098	25.0	age;sex;site	estimated	robust_Wald	HC3	0.25837515834496755	0.30209482515814085	0.2633675192844208	0.22918022519864356	0.236361228943175
GSE77954	T-A	T	A	lesion	SFMBT2	cg20506550	2	False	unpaired_or_partially_paired_observations	beta_percentage_points	5000	13	12	25	0	46.0289069182393	56.28260447399024	-10.253697555750934	5.220191657540423	-19.97924068816591	-0.2586375771084583	0.06170839704704369	0.06170839704704369	0.06057943747942828	0.06057943747942828	Welch_t	estimated		5000	-12.346667173293536	-25.954369148509592	1.2610348019225184	0.07534920954141233	0.07534920954141233	25.0	age;sex;site	estimated	robust_Wald	HC3	0.13077651117309258	0.1272547929849197	0.15403245490324116	0.15907462872200298	0.15054763887855643
GSE77954	T-A	T	A	lesion	SFMBT2	cg01056653	3	False	unpaired_or_partially_paired_observations	beta_percentage_points	5000	13	12	25	0	37.149311002623406	46.83748011365865	-9.688169111035243	6.058998129449877	-20.73180794455183	1.8805018979449362	0.1235717398124016	0.1235717398124016	0.1210945670385861	0.1210945670385861	Welch_t	estimated		5000	-11.572128062246872	-27.914420230463843	4.770164105970095	0.1651770595133677	0.1651770595133677	25.0	age;sex;site	estimated	robust_Wald	HC3	0.201021633075104	0.19159482867063965	0.26497153296936066	0.1897547101832169	0.16358388880651104
GSE77954	T-A	T	A	lesion	SFMBT2	cg22862480	4	False	unpaired_or_partially_paired_observations	beta_percentage_points	5000	13	12	25	0	56.08996239466437	66.49270918448357	-10.402746789819195	5.383485606153567	-20.352897009550958	-0.09907396238048952	0.06574785378611579	0.06574785378611579	0.02079448355406282	0.02079448355406282	Welch_t	estimated		5000	-12.67474288660291	-25.80183073534441	0.45234496213859	0.05843427274994713	0.05843427274994713	25.0	age;sex;site	estimated	robust_Wald	HC3	0.13240329659959094	0.052212235880309904	0.13683896736494627	0.15907462872200298	0.11544795018686142
GSE77954	T-A	T	A	lesion	SFMBT2	cg12767281	5	False	unpaired_or_partially_paired_observations	beta_percentage_points	5000	13	12	25	0	49.812870813345086	58.29270475744504	-8.479833944099946	5.64967798047669	-19.178215230746552	2.314591970803025	0.14698444591145196	0.14698444591145196	0.1210945670385861	0.1210945670385861	Welch_t	estimated		5000	-10.819430213479688	-27.0975455631095	5.458685136150122	0.19267315930348294	0.19267315930348294	25.0	age;sex;site	estimated	robust_Wald	HC3	0.2248570000367245	0.19159482867063965	0.29855487100605743	0.19855793570494387	0.16358388880651104
GSE77954	T-A	T	A	lesion	SFMBT2	cg26878816	6	False	unpaired_or_partially_paired_observations	beta_percentage_points	5000	13	12	25	0	52.97293971607788	62.33460071126304	-9.361660995185161	5.279157450161033	-19.65536056761645	0.8387276678896444	0.09039282598051128	0.09039282598051128	0.07709987174354171	0.07709987174354171	Welch_t	estimated		5000	-11.302896961151193	-25.021922721021305	2.416128798718917	0.10635735808370227	0.10635735808370227	25.0	age;sex;site	estimated	robust_Wald	HC3	0.16313080313670394	0.1459841833832634	0.19194179466668143	0.16702582038687339	0.15222282369878748
GSE77954	T-A	T	A	lesion	SFMBT2	cg12328063	7	False	unpaired_or_partially_paired_observations	beta_percentage_points	5000	13	12	25	0	45.98390393493643	57.473467217906645	-11.489563282970222	7.046427821746628	-24.497090971115796	1.7724502832632734	0.11660469701285504	0.11660469701285504	0.14946889328971086	0.14946889328971086	Welch_t	estimated		5000	-14.001538569015162	-30.10610905623571	2.1030319182053807	0.08837733785270688	0.08837733785270688	25.0	age;sex;site	estimated	robust_Wald	HC3	0.1987157608071246	0.21991919968103954	0.16733741839324007	0.1897547101832169	0.17438037550466268
GSE77954	T-A	T	A	lesion	SFMBT2	cg16818993	8	False	unpaired_or_partially_paired_observations	beta_percentage_points	5000	13	12	25	0	52.42540854265639	61.08602574493257	-8.660617202276178	5.484194704129928	-18.723889245396865	1.8176232831116494	0.1280901575944925	0.1280901575944925	0.09711956168340276	0.09711956168340276	Welch_t	estimated		5000	-11.193836160591534	-25.19878347520495	2.8111111540218796	0.1172188186683751	0.1172188186683751	25.0	age;sex;site	estimated	robust_Wald	HC3	0.206914869960334	0.16618236110271137	0.20828882394149728	0.1897547101832169	0.1557959635337919
GSE77954	T-A	T	A	lesion	ADHFE1	cg20295442	1	False	unpaired_or_partially_paired_observations	beta_percentage_points	5000	13	12	25	0	63.03482842656607	70.06244137712824	-7.027612950562167	4.512732261263287	-15.569373747325333	1.3416662291036578	0.13307473181680146	0.13307473181680146	0.13470504984007842	0.13470504984007842	Welch_t	estimated		5000	-5.305402747398923	-16.487127195104865	5.876321700307017	0.3523991190704294	0.3523991190704294	25.0	age;sex;site	estimated	robust_Wald	HC3	0.20911743571211658	0.2060719636626365	0.4874502784746659	0.1897547101832169	0.17003752192927932
GSE77954	T-A	T	A	lesion	ADHFE1	cg19283840	2	False	unpaired_or_partially_paired_observations	beta_percentage_points	5000	13	12	25	0	52.275986464422985	61.494073690807184	-9.218087226384197	5.05764184603943	-18.535671240557658	0.3537389858219189	0.08139744608154495	0.08139744608154495	0.07709987174354171	0.07709987174354171	Welch_t	estimated		5000	-6.631140873836437	-19.160823672330316	5.8985419246574455	0.2996050895159922	0.2996050895159922	25.0	age;sex;site	estimated	robust_Wald	HC3	0.1516355648777168	0.1459841833832634	0.43667135968898274	0.1649369302178674	0.15222282369878748
GSE77954	T-A	T	A	lesion	ADHFE1	cg25046651	3	False	unpaired_or_partially_paired_observations	beta_percentage_points	5000	13	12	25	0	55.782839019281006	63.86943403116444	-8.086595011883436	4.470114563688502	-16.272244340082977	0.5411917618780335	0.08369118468863836	0.08369118468863836	0.10858440161427454	0.10858440161427454	Welch_t	estimated		5000	-6.361618497360926	-17.959059069829646	5.2358220751077935	0.28232475701561766	0.28232475701561766	25.0	age;sex;site	estimated	robust_Wald	HC3	0.1546613093046037	0.18045321419350663	0.41539502465355205	0.16523644156474754	0.16358388880651104
GSE77954	T-A	T	A	lesion	ADHFE1	cg01588438	4	False	unpaired_or_partially_paired_observations	beta_percentage_points	5000	13	12	25	0	62.301506111114094	69.92442074271578	-7.622914631601696	4.725797759305031	-16.884998158991042	1.4361985464971787	0.12037786290796569	0.12037786290796569	0.1210945670385861	0.1210945670385861	Welch_t	estimated		5000	-5.8713091289529755	-18.49437160603906	6.751753348133111	0.3619638585698943	0.3619638585698943	25.0	age;sex;site	estimated	robust_Wald	HC3	0.2000524196528063	0.19159482867063965	0.4947553333115124	0.1897547101832169	0.16358388880651104
GSE77954	T-A	T	A	lesion	ADHFE1	cg08090772	5	False	unpaired_or_partially_paired_observations	beta_percentage_points	5000	13	12	25	0	56.64545889325593	63.68360365470872	-7.038144761452791	5.287574537573148	-16.814643959111798	2.786910944816231	0.19637174821662384	0.19637174821662384	0.20116781630321023	0.20116781630321023	Welch_t	estimated		5000	-4.8924761397669725	-17.906729412390177	8.121777132856229	0.4612357945323664	0.4612357945323664	25.0	age;sex;site	estimated	robust_Wald	HC3	0.2835117114877507	0.2799383467833829	0.59522608121216	0.2438810421400006	0.2181679134555942
GSE77954	T-A	T	A	lesion	ADHFE1	cg09383816	6	False	unpaired_or_partially_paired_observations	beta_percentage_points	5000	13	12	25	0	59.047799054467056	65.15154991015369	-6.10375085568664	4.8902884370019155	-15.300130434607892	2.9932144996638343	0.22454192087562086	0.22454192087562086	0.24222405399196534	0.24222405399196534	Welch_t	estimated		5000	-4.25933185108313	-16.46778423724884	7.949120535082578	0.49410160706626427	0.49410160706626427	25.0	age;sex;site	estimated	robust_Wald	HC3	0.3124649621823399	0.32157331305829884	0.6271289628148738	0.261965574354891	0.2554966048956347
GSE77954	T-A	T	A	lesion	ADHFE1	cg20912169	7	False	unpaired_or_partially_paired_observations	beta_percentage_points	5000	13	12	25	0	61.651056758332324	70.05626488934942	-8.405208131017094	4.573334525944854	-17.045239029111688	0.4597594513542663	0.07904543259540406	0.07904543259540406	0.08664373365473696	0.08664373365473696	Welch_t	estimated		5000	-6.115948499376713	-16.3780450713795	4.146148072626075	0.2427709978897309	0.2427709978897309	25.0	age;sex;site	estimated	robust_Wald	HC3	0.1516355648777168	0.15759608247436407	0.36415649683459633	0.1649369302178674	0.15515273235848245
GSE77954	T-A	T	A	lesion	ADHFE1	cg18065361	8	False	unpaired_or_partially_paired_observations	beta_percentage_points	5000	13	12	25	0	53.60587147003252	64.4979403519954	-10.89206888196288	5.926002584364099	-21.989999993628807	0.05570493387742394	0.07906573045914186	0.07906573045914186	0.1210945670385861	0.1210945670385861	Welch_t	estimated		5000	-8.656295498443518	-22.92086056331283	5.608269566425792	0.23428909144156762	0.23428909144156762	25.0	age;sex;site	estimated	robust_Wald	HC3	0.1516355648777168	0.19159482867063965	0.35373058903922955	0.1649369302178674	0.16358388880651104
GSE77954	T-A	T	A	lesion	HOXA2	cg04481096	1	False	unpaired_or_partially_paired_observations	beta_percentage_points	5000	13	12	25	0	71.03163096093029	75.95239010117857	-4.920759140248276	3.654639684413743	-11.436033741003149	2.342682504297798	0.19287032245754698	0.19287032245754698	0.06057943747942828	0.06057943747942828	Welch_t	estimated		5000	-4.07686161745473	-14.03491382546192	5.881190590552461	0.4223122725848064	0.4223122725848064	25.0	age;sex;site	estimated	robust_Wald	HC3	0.28198129422590734	0.1272547929849197	0.5574521998119445	0.2438810421400006	0.15054763887855643
GSE77954	T-A	T	A	lesion	HOXA2	cg19598584	2	False	unpaired_or_partially_paired_observations	beta_percentage_points	5000	13	12	25	0	63.117025361396806	70.02289361566031	-6.905868254263503	3.760243272225633	-13.791580417013197	0.31129459830787026	0.07957390455853354	0.07957390455853354	0.06843074494479838	0.06843074494479838	Welch_t	estimated		5000	-7.668553577999393	-17.60860643273265	2.271499276733861	0.13051520856716084	0.13051520856716084	25.0	age;sex;site	estimated	robust_Wald	HC3	0.1516355648777168	0.13396188205295276	0.2260991176483156	0.1649369302178674	0.15054763887855643
GSE77954	T-A	T	A	lesion	HOXA2	cg09871315	3	False	unpaired_or_partially_paired_observations	beta_percentage_points	5000	13	12	25	0	69.44301531119812	76.31943102644816	-6.876415715250028	2.638367408354524	-11.870268268025926	-1.9249453820665923	0.015956726640740493	0.015956726640740493	0.023989184454412765	0.023989184454412765	Welch_t	estimated		5000	-7.450194432079369	-13.454142684209083	-1.4462461799496555	0.01501218191824949	0.01501218191824949	25.0	age;sex;site	estimated	robust_Wald	HC3	0.04295971606189553	0.058331595883887886	0.0523276973034065	0.13683465116011168	0.11544795018686142
GSE77954	T-A	T	A	lesion	HOXA2	cg13661519	4	False	unpaired_or_partially_paired_observations	beta_percentage_points	5000	13	12	25	0	75.18612801839065	81.6852877476697	-6.499159729279058	2.5517887864861297	-11.661568975417605	-2.037125534086528	0.019724354206989796	0.019724354206989796	0.013328328780817543	0.013328328780817543	Welch_t	estimated		5000	-8.15848431660592	-14.743962708031228	-1.5730059251806123	0.015177297486269416	0.015177297486269416	25.0	age;sex;site	estimated	robust_Wald	HC3	0.05177642979334822	0.035389010900791405	0.0523276973034065	0.14491684579088898	0.10262813161229507
GSE77954	T-A	T	A	lesion	HOXA2	cg02803819	5	False	unpaired_or_partially_paired_observations	beta_percentage_points	5000	13	12	25	0	76.25957268215127	83.04681411877425	-6.787241436622981	3.245821787651354	-13.087014864901056	-0.9747537375627005	0.05007900760757453	0.05007900760757453	0.06843074494479838	0.06843074494479838	Welch_t	estimated		5000	-8.318534868132994	-17.262744724935548	0.625674988669557	0.06832482845716933	0.06832482845716933	25.0	age;sex;site	estimated	robust_Wald	HC3	0.11341422311127172	0.13396188205295276	0.15175995551544344	0.15907462872200298	0.15054763887855643
GSE77954	T-A	T	A	lesion	HOXA2	cg03763508	6	False	unpaired_or_partially_paired_observations	beta_percentage_points	5000	13	12	25	0	74.07886783799064	79.66935272572249	-5.590484887731839	3.1795319200098837	-12.050980748330446	0.21855929120462517	0.09440775392865204	0.09440775392865204	0.1210945670385861	0.1210945670385861	Welch_t	estimated		5000	-6.3712140275069356	-16.669088958943803	3.9266609039299323	0.22527733273537254	0.22527733273537254	25.0	age;sex;site	estimated	robust_Wald	HC3	0.16775531659629708	0.19159482867063965	0.3446295619991461	0.16702582038687339	0.16358388880651104
GSE77954	T-A	T	A	lesion	HOXA2	cg00188704	7	False	unpaired_or_partially_paired_observations	beta_percentage_points	5000	13	12	25	0	77.0708054258564	81.77036430717402	-4.699558881317623	2.6516201105766584	-10.22791801966532	-0.07404207666595296	0.09382274964711182	0.09382274964711182	0.10858440161427454	0.10858440161427454	Welch_t	estimated		5000	-6.601288554062862	-14.001703143608335	0.79912603548261	0.08040874928201609	0.08040874928201609	25.0	age;sex;site	estimated	robust_Wald	HC3	0.16775531659629708	0.18045321419350663	0.15994490729675767	0.16702582038687339	0.16358388880651104
GSE77954	T-A	T	A	lesion	HOXA2	cg06786372	8	False	unpaired_or_partially_paired_observations	beta_percentage_points	5000	13	12	25	0	73.94192195123398	79.06592977528528	-5.1240078240513025	3.293598590978343	-11.549789910304233	0.82268159534302	0.13654645585708794	0.13654645585708794	0.16543653405847458	0.16543653405847458	Welch_t	estimated		5000	-7.3347611286950345	-16.578103730584033	1.9085814731939654	0.11988244357042661	0.11988244357042661	25.0	age;sex;site	estimated	robust_Wald	HC3	0.2116928275368276	0.23590024300930634	0.21139575927304236	0.19116503819992312	0.18461758148554408
GSE77954	T-A	T	A	lesion	BEND5	cg11666087	1	False	unpaired_or_partially_paired_observations	beta_percentage_points	5000	13	12	25	0	53.4019327723234	62.841332226753934	-9.43939945443053	4.67934372007545	-19.09147713298535	-1.204601245831353	0.05925222351300179	0.05925222351300179	0.06843074494479838	0.06843074494479838	Welch_t	estimated		5000	-10.19376468415309	-21.363872364397725	0.9763429960915476	0.07367122104235257	0.07367122104235257	25.0	age;sex;site	estimated	robust_Wald	HC3	0.1267339225139205	0.13396188205295276	0.15370249803945726	0.15907462872200298	0.15054763887855643
GSE77954	T-A	T	A	lesion	BEND5	cg16573178	2	False	unpaired_or_partially_paired_observations	beta_percentage_points	5000	13	12	25	0	52.93685089245946	62.861903391029195	-9.92505249856973	5.166104740744149	-19.81182366615722	-0.3920993297556378	0.06817484088085841	0.06817484088085841	0.023989184454412765	0.023989184454412765	Welch_t	estimated		5000	-11.253157361345622	-22.938394781002113	0.4320800583108686	0.05909428493389929	0.05909428493389929	25.0	age;sex;site	estimated	robust_Wald	HC3	0.1346016089186179	0.058331595883887886	0.13683896736494627	0.15907462872200298	0.11544795018686142
GSE77954	T-A	T	A	lesion	BEND5	cg06744574	3	False	unpaired_or_partially_paired_observations	beta_percentage_points	5000	13	12	25	0	49.16858105803378	58.47525014536685	-9.30666908733307	4.001170400054829	-16.866324521139504	-1.9523905447014378	0.030139873994977993	0.030139873994977993	0.017977167118610127	0.017977167118610127	Welch_t	estimated		5000	-9.738681563269203	-18.78820559551929	-0.689157531019112	0.03492532901416249	0.03492532901416249	25.0	age;sex;site	estimated	robust_Wald	HC3	0.07488746281925548	0.04614139560443266	0.09231753954329097	0.15907462872200298	0.11544795018686142
GSE77954	T-A	T	A	lesion	BEND5	cg03603214	4	False	unpaired_or_partially_paired_observations	beta_percentage_points	5000	13	12	25	0	34.07246979221906	52.95464713935536	-18.882177347136302	7.251206284621012	-32.57300762006492	-4.6763466737502695	0.01599366052520786	0.01599366052520786	0.02079448355406282	0.02079448355406282	Welch_t	estimated		5000	-23.572918993466594	-39.813415677426846	-7.33242230950634	0.004442980574158206	0.004442980574158206	25.0	age;sex;site	estimated	robust_Wald	HC3	0.04295971606189553	0.052212235880309904	0.0183272948684026	0.13683465116011168	0.11544795018686142
GSE77954	T-A	T	A	lesion	UNC5C	cg15701178	1	False	unpaired_or_partially_paired_observations	beta_percentage_points	5000	13	12	25	0	43.48119617756899	55.705959204891606	-12.224763027322616	5.960553211562712	-23.406528231227234	-0.9189445850578513	0.05188026879368285	0.05188026879368285	0.08664373365473696	0.08664373365473696	Welch_t	estimated		5000	-14.33824481513423	-26.799394652229687	-1.877094978038775	0.024120484272745445	0.024120484272745445	25.0	age;sex;site	estimated	robust_Wald	HC3	0.11635283583825959	0.15759608247436407	0.07529502522978646	0.15907462872200298	0.15515273235848245
GSE77954	T-A	T	A	lesion	UNC5C	cg03008707	2	False	unpaired_or_partially_paired_observations	beta_percentage_points	5000	13	12	25	0	52.88462178261395	64.40581532716801	-11.521193544554064	5.115250889596549	-20.634049035965756	-1.3530585471398768	0.03417035923751532	0.03417035923751532	0.008338374002751328	0.008338374002751328	Welch_t	estimated		5000	-16.144052945738938	-26.484216173253216	-5.803889718224656	0.002212753293354268	0.002212753293354268	25.0	age;sex;site	estimated	robust_Wald	HC3	0.08308792614595831	0.022660757583947727	0.010022470799310507	0.15907462872200298	0.08025684977648152
GSE77954	T-A	T	A	lesion	UNC5C	cg24870497	3	False	unpaired_or_partially_paired_observations	beta_percentage_points	5000	13	12	25	0	41.82171623661113	56.06688268369027	-14.245166447079132	5.647206919956328	-24.477682944566652	-3.5636762804817415	0.02070240654155557	0.02070240654155557	0.027601121740483694	0.027601121740483694	Welch_t	estimated		5000	-15.637340487467815	-30.187497478397106	-1.0871834965385268	0.03516858649268228	0.03516858649268228	25.0	age;sex;site	estimated	robust_Wald	HC3	0.05373321248426221	0.06641519918803888	0.09231753954329097	0.14491684579088898	0.12501684553042614
GSE77954	T-A	T	A	lesion	UNC5C	cg13265789	4	False	unpaired_or_partially_paired_observations	beta_percentage_points	5000	13	12	25	0	56.51367059408613	66.92963007200218	-10.415959477916047	5.212249670619632	-20.03869870795549	-0.4192663542435616	0.05821160160964123	0.05821160160964123	0.07709987174354171	0.07709987174354171	Welch_t	estimated		5000	-13.265051243085216	-25.079112043779872	-1.4509904423905566	0.027758353649188754	0.027758353649188754	25.0	age;sex;site	estimated	robust_Wald	HC3	0.1267339225139205	0.1459841833832634	0.08007387866140885	0.15907462872200298	0.15222282369878748
GSE77954	T-A	T	A	lesion	UNC5C	cg12584684	5	False	unpaired_or_partially_paired_observations	beta_percentage_points	5000	13	12	25	0	50.27317410719474	64.3874547106123	-14.114280603417562	6.619438253280359	-26.233017107369687	-1.4129822317275773	0.044162712217115326	0.044162712217115326	0.0413771156083874	0.0413771156083874	Welch_t	estimated		5000	-16.81085051597012	-31.534420524629837	-2.0872805073104015	0.025232963456414015	0.025232963456414015	25.0	age;sex;site	estimated	robust_Wald	HC3	0.1020158652215364	0.09370699711311264	0.07669492840041628	0.15907462872200298	0.1448199046293559
GSE77954	T-A	T	A	lesion	RALYL	cg08327106	1	False	unpaired_or_partially_paired_observations	beta_percentage_points	5000	13	12	25	0	50.236253387944785	55.44162722152986	-5.205373833585081	6.271861700689923	-16.23509516185196	7.176736483652342	0.4152795765962103	0.4152795765962103	0.2888443663464849	0.2888443663464849	Welch_t	estimated		5000	-10.051680169697818	-22.823378919661742	2.720018580266105	0.12294100110246535	0.12294100110246535	25.0	age;sex;site	estimated	robust_Wald	HC3	0.5075639269509237	0.37275446159797776	0.21514675192931437	0.4380346218891533	0.29654688278239116
GSE77954	T-A	T	A	lesion	RALYL	cg09757712	2	False	unpaired_or_partially_paired_observations	beta_percentage_points	5000	13	12	25	0	49.53872781065283	57.339063370194054	-7.800335559541227	4.982156650770301	-16.90209548419337	2.0052583158004946	0.13224335306098672	0.13224335306098672	0.06843074494479838	0.06843074494479838	Welch_t	estimated		5000	-12.478569390238693	-20.79492513270742	-4.162213647769966	0.003272632165661277	0.003272632165661277	25.0	age;sex;site	estimated	robust_Wald	HC3	0.20911743571211658	0.13396188205295276	0.013999593153106574	0.1897547101832169	0.15054763887855643
GSE77954	T-A	T	A	lesion	RALYL	cg11089595	3	False	unpaired_or_partially_paired_observations	beta_percentage_points	5000	13	12	25	0	53.83482488814095	63.9011031896112	-10.066278301470245	4.665011323053891	-18.451192403507257	-1.0106290995579768	0.04181411498700254	0.04181411498700254	0.0413771156083874	0.0413771156083874	Welch_t	estimated		5000	-11.493377204030953	-23.674984000018767	0.688229591956864	0.06442445874068971	0.06442445874068971	25.0	age;sex;site	estimated	robust_Wald	HC3	0.09957794393811945	0.09370699711311264	0.147347029397023	0.15907462872200298	0.1448199046293559
GSE77954	T-A	T	A	lesion	RALYL	cg01134282	4	False	unpaired_or_partially_paired_observations	beta_percentage_points	5000	13	12	25	0	52.40403440746256	58.886106111555236	-6.482071704092673	6.95450342945959	-18.95605586258597	7.316779164213936	0.36204374378751303	0.36204374378751303	0.16543653405847458	0.16543653405847458	Welch_t	estimated		5000	-12.245022695596862	-29.18725308672388	4.697207695530158	0.15660957979367487	0.15660957979367487	25.0	age;sex;site	estimated	robust_Wald	HC3	0.4620558277067155	0.23590024300930634	0.25840580665956353	0.38718567043942365	0.18461758148554408
GSE77954	T-A	T	A	lesion	RALYL	cg06955749	5	False	unpaired_or_partially_paired_observations	beta_percentage_points	5000	13	12	25	0	45.54304497970128	52.95300759237184	-7.4099626126705616	7.053052003495871	-20.044676061902315	6.1257339053359905	0.30587933048562266	0.30587933048562266	0.13470504984007842	0.13470504984007842	Welch_t	estimated		5000	-11.722904527157006	-29.40765854245092	5.961849488136907	0.19386679935458273	0.19386679935458273	25.0	age;sex;site	estimated	robust_Wald	HC3	0.40146662126237975	0.2060719636626365	0.29855487100605743	0.33172828799144993	0.17003752192927932
GSE77954	T-A	T	A	lesion	GFRA1	cg19236679	1	False	unpaired_or_partially_paired_observations	beta_percentage_points	5000	13	12	25	0	46.92736145531514	59.587408049011415	-12.660046593696272	6.272590820600249	-24.549933165158365	-1.2089644549567922	0.055872177363321326	0.055872177363321326	0.0413771156083874	0.0413771156083874	Welch_t	estimated		5000	-14.689453728854076	-29.624638299543797	0.2457308418356452	0.053890410839332756	0.053890410839332756	25.0	age;sex;site	estimated	robust_Wald	HC3	0.1229187901993069	0.09370699711311264	0.13219573742340962	0.15907462872200298	0.1448199046293559
GSE77954	T-A	T	A	lesion	GFRA1	cg06298519	2	False	unpaired_or_partially_paired_observations	beta_percentage_points	5000	13	12	25	0	53.44921452449803	65.25031351906358	-11.801098994565551	6.0911288960900505	-23.46292239865274	-0.4052922045968746	0.06591506107771843	0.06591506107771843	0.06843074494479838	0.06843074494479838	Welch_t	estimated		5000	-14.707364837864018	-29.988067117421657	0.5733374416936221	0.05923764820993344	0.05923764820993344	25.0	age;sex;site	estimated	robust_Wald	HC3	0.13240329659959094	0.13396188205295276	0.13683896736494627	0.15907462872200298	0.15054763887855643
GSE77954	T-A	T	A	lesion	GFRA1	cg19485539	3	False	unpaired_or_partially_paired_observations	beta_percentage_points	5000	13	12	25	0	52.314185956124895	64.19298616720596	-11.878800211081064	6.15211779287609	-23.154436310810297	-0.32598024707169315	0.06696007340161188	0.06696007340161188	0.08664373365473696	0.08664373365473696	Welch_t	estimated		5000	-14.219942043018083	-29.378815106781875	0.9389310207457063	0.06597918529364047	0.06597918529364047	25.0	age;sex;site	estimated	robust_Wald	HC3	0.1333429047911409	0.15759608247436407	0.14942344904736224	0.15907462872200298	0.15515273235848245
GSE77954	T-A	T	A	lesion	GFRA1	cg18672939	4	False	unpaired_or_partially_paired_observations	beta_percentage_points	5000	13	12	25	0	55.628226769181374	65.74329488243539	-10.115068113254011	6.8941168149232235	-22.843539295281946	3.1752591409163102	0.15650840103050384	0.15650840103050384	0.14946889328971086	0.14946889328971086	Welch_t	estimated		5000	-14.913607190992348	-32.56048781813619	2.7332734361514954	0.09764267713701746	0.09764267713701746	25.0	age;sex;site	estimated	robust_Wald	HC3	0.23785089740234178	0.21991919968103954	0.1818988582149277	0.20777839447153096	0.17438037550466268
GSE77954	T-A	T	A	lesion	GFRA1	cg27034576	5	False	unpaired_or_partially_paired_observations	beta_percentage_points	5000	13	12	25	0	47.372756015398934	57.74639610359606	-10.373640088197133	5.954532048049792	-21.266171510149558	1.2910249410178825	0.09544332593535622	0.09544332593535622	0.1210945670385861	0.1210945670385861	Welch_t	estimated		5000	-13.137720728692342	-27.416895456730224	1.1414539993455375	0.07134305086789593	0.07134305086789593	25.0	age;sex;site	estimated	robust_Wald	HC3	0.16830082664936857	0.19159482867063965	0.1525948588007774	0.16702582038687339	0.16358388880651104
GSE77954	T-A	T	A	lesion	GFRA1	cg18044663	6	False	unpaired_or_partially_paired_observations	beta_percentage_points	5000	13	12	25	0	49.89502892300084	60.81729756522346	-10.922268642222626	5.553472152354826	-21.826341978109216	-0.7846335188456554	0.06341536770792469	0.06341536770792469	0.05348979986738018	0.05348979986738018	Welch_t	estimated		5000	-13.302831533849634	-27.945690865264407	1.3400277975651353	0.07497787144407274	0.07497787144407274	25.0	age;sex;site	estimated	robust_Wald	HC3	0.1319725219867622	0.1176775597082364	0.15403245490324116	0.15907462872200298	0.15054763887855643
