cohort	probe_a	gene_a	probe_b	gene_b	family	n_pairs	rho	p	q
CMCBSN	cg14017655	EYA4	cg20330472	EYA4	within_gene	0			
CMCBSN	cg14017655	EYA4	cg17838029	EYA4	within_gene	0			
CMCBSN	cg14017655	EYA4	cg14343214	EYA4	within_gene	0			
CMCBSN	cg14017655	EYA4	cg24675448	EYA4	within_gene	0			
CMCBSN	cg14017655	EYA4	cg21607030	EYA4	within_gene	0			
CMCBSN	cg14017655	EYA4	cg11664500	EYA4	within_gene	0			
CMCBSN	cg14017655	EYA4	cg26656135	EYA4	within_gene	0			
CMCBSN	cg14017655	EYA4	cg20286200	EYA4	within_gene	0			
CMCBSN	cg14017655	EYA4	cg14270292	EYA4	within_gene	0			
CMCBSN	cg14017655	EYA4	cg06181518	EYA4	within_gene	0			
CMCBSN	cg14017655	EYA4	cg14287112	EYA4	within_gene	0			
CMCBSN	cg14017655	EYA4	cg01328892	EYA4	within_gene	0			
CMCBSN	cg14017655	EYA4	cg05493394	EYA4	within_gene	0			
CMCBSN	cg14017655	EYA4	cg26449787	EYA4	within_gene	0			
CMCBSN	cg14017655	EYA4	cg22871668	EYA4	within_gene	0			
CMCBSN	cg14017655	EYA4	cg20980055	EYA4	within_gene	0			
CMCBSN	cg14017655	EYA4	cg06611358	ZNF568	between_gene	0			
CMCBSN	cg14017655	EYA4	cg27390819	ZNF568	between_gene	0			
CMCBSN	cg14017655	EYA4	cg20154403	ZNF568	between_gene	0			
CMCBSN	cg14017655	EYA4	cg21761844	ZNF568	between_gene	0			
CMCBSN	cg14017655	EYA4	cg20680720	ZNF568	between_gene	0			
CMCBSN	cg14017655	EYA4	cg02459604	ZNF568	between_gene	0			
CMCBSN	cg14017655	EYA4	cg03060201	ZNF568	between_gene	0			
CMCBSN	cg14017655	EYA4	cg03443751	ZNF568	between_gene	0			
CMCBSN	cg14017655	EYA4	cg17332326	ZNF793	between_gene	0			
CMCBSN	cg14017655	EYA4	cg11623861	ZNF793	between_gene	0			
CMCBSN	cg14017655	EYA4	cg14732998	ZNF793	between_gene	0			
CMCBSN	cg14017655	EYA4	cg07482795	ZNF793	between_gene	0			
CMCBSN	cg14017655	EYA4	cg13181745	ZNF793	between_gene	0			
CMCBSN	cg14017655	EYA4	cg24078985	ZNF793	between_gene	0			
CMCBSN	cg14017655	EYA4	cg15139588	ZNF793	between_gene	0			
CMCBSN	cg14017655	EYA4	cg25361907	ZNF793	between_gene	0			
CMCBSN	cg14017655	EYA4	cg20299663	SFMBT2	between_gene	0			
CMCBSN	cg14017655	EYA4	cg20506550	SFMBT2	between_gene	0			
CMCBSN	cg14017655	EYA4	cg01056653	SFMBT2	between_gene	0			
CMCBSN	cg14017655	EYA4	cg22862480	SFMBT2	between_gene	0			
CMCBSN	cg14017655	EYA4	cg12767281	SFMBT2	between_gene	0			
CMCBSN	cg14017655	EYA4	cg26878816	SFMBT2	between_gene	0			
CMCBSN	cg14017655	EYA4	cg12328063	SFMBT2	between_gene	0			
CMCBSN	cg14017655	EYA4	cg16818993	SFMBT2	between_gene	0			
CMCBSN	cg14017655	EYA4	cg20295442	ADHFE1	between_gene	0			
CMCBSN	cg14017655	EYA4	cg19283840	ADHFE1	between_gene	0			
CMCBSN	cg14017655	EYA4	cg25046651	ADHFE1	between_gene	0			
CMCBSN	cg14017655	EYA4	cg01588438	ADHFE1	between_gene	0			
CMCBSN	cg14017655	EYA4	cg08090772	ADHFE1	between_gene	0			
CMCBSN	cg14017655	EYA4	cg09383816	ADHFE1	between_gene	0			
CMCBSN	cg14017655	EYA4	cg20912169	ADHFE1	between_gene	0			
CMCBSN	cg14017655	EYA4	cg18065361	ADHFE1	between_gene	0			
CMCBSN	cg14017655	EYA4	cg04481096	HOXA2	between_gene	0			
CMCBSN	cg14017655	EYA4	cg19598584	HOXA2	between_gene	0			
CMCBSN	cg14017655	EYA4	cg09871315	HOXA2	between_gene	0			
CMCBSN	cg14017655	EYA4	cg13661519	HOXA2	between_gene	0			
CMCBSN	cg14017655	EYA4	cg02803819	HOXA2	between_gene	0			
CMCBSN	cg14017655	EYA4	cg03763508	HOXA2	between_gene	0			
CMCBSN	cg14017655	EYA4	cg00188704	HOXA2	between_gene	0			
CMCBSN	cg14017655	EYA4	cg06786372	HOXA2	between_gene	0			
CMCBSN	cg14017655	EYA4	cg19236679	GFRA1	between_gene	0			
CMCBSN	cg14017655	EYA4	cg06298519	GFRA1	between_gene	0			
CMCBSN	cg14017655	EYA4	cg19485539	GFRA1	between_gene	0			
CMCBSN	cg14017655	EYA4	cg18672939	GFRA1	between_gene	0			
CMCBSN	cg14017655	EYA4	cg27034576	GFRA1	between_gene	0			
CMCBSN	cg14017655	EYA4	cg18044663	GFRA1	between_gene	0			
CMCBSN	cg14017655	EYA4	cg15701178	UNC5C	between_gene	0			
CMCBSN	cg14017655	EYA4	cg03008707	UNC5C	between_gene	0			
CMCBSN	cg14017655	EYA4	cg24870497	UNC5C	between_gene	0			
CMCBSN	cg14017655	EYA4	cg13265789	UNC5C	between_gene	0			
CMCBSN	cg14017655	EYA4	cg12584684	UNC5C	between_gene	0			
CMCBSN	cg14017655	EYA4	cg08327106	RALYL	between_gene	0			
CMCBSN	cg14017655	EYA4	cg09757712	RALYL	between_gene	0			
CMCBSN	cg14017655	EYA4	cg11089595	RALYL	between_gene	0			
CMCBSN	cg14017655	EYA4	cg01134282	RALYL	between_gene	0			
CMCBSN	cg14017655	EYA4	cg06955749	RALYL	between_gene	0			
CMCBSN	cg14017655	EYA4	cg11666087	BEND5	between_gene	0			
CMCBSN	cg14017655	EYA4	cg16573178	BEND5	between_gene	0			
CMCBSN	cg14017655	EYA4	cg06744574	BEND5	between_gene	0			
CMCBSN	cg14017655	EYA4	cg03603214	BEND5	between_gene	0			
CMCBSN	cg20330472	EYA4	cg17838029	EYA4	within_gene	0			
CMCBSN	cg20330472	EYA4	cg14343214	EYA4	within_gene	103	0.7997078592452664	4.122460379181111e-24	1.1169401198294121e-23
CMCBSN	cg20330472	EYA4	cg24675448	EYA4	within_gene	0			
CMCBSN	cg20330472	EYA4	cg21607030	EYA4	within_gene	0			
CMCBSN	cg20330472	EYA4	cg11664500	EYA4	within_gene	103	0.7354588586741642	9.015039797091636e-19	1.944059602502074e-18
CMCBSN	cg20330472	EYA4	cg26656135	EYA4	within_gene	0			
CMCBSN	cg20330472	EYA4	cg20286200	EYA4	within_gene	103	0.7879453499099416	5.360098392328048e-23	1.4042571821223068e-22
CMCBSN	cg20330472	EYA4	cg14270292	EYA4	within_gene	103	0.7617625093353249	9.40238306984666e-21	2.144284484274382e-20
CMCBSN	cg20330472	EYA4	cg06181518	EYA4	within_gene	103	0.6827966436761411	1.9582373670520514e-15	3.979238752278848e-15
CMCBSN	cg20330472	EYA4	cg14287112	EYA4	within_gene	103	0.7547774897860564	3.3401531549147675e-20	7.456539085267474e-20
CMCBSN	cg20330472	EYA4	cg01328892	EYA4	within_gene	103	0.8092408733470984	4.534278886796614e-25	1.283362863495113e-24
CMCBSN	cg20330472	EYA4	cg05493394	EYA4	within_gene	103	0.774359706541317	8.533652392448214e-22	2.0339607582000633e-21
CMCBSN	cg20330472	EYA4	cg26449787	EYA4	within_gene	103	0.7758313930501252	6.382712393042245e-22	1.5328180519654484e-21
CMCBSN	cg20330472	EYA4	cg22871668	EYA4	within_gene	103	0.7336686728462856	1.205786162529616e-18	2.5826636048776235e-18
CMCBSN	cg20330472	EYA4	cg20980055	EYA4	within_gene	103	0.7563150727057067	2.536128988721099e-20	5.701793542018358e-20
CMCBSN	cg20330472	EYA4	cg06611358	ZNF568	between_gene	0			
CMCBSN	cg20330472	EYA4	cg27390819	ZNF568	between_gene	103	0.6819619558054738	2.1833834253580996e-15	9.013366070821648e-15
CMCBSN	cg20330472	EYA4	cg20154403	ZNF568	between_gene	103	0.6701335500593069	9.82935560034468e-15	3.862166982123384e-14
CMCBSN	cg20330472	EYA4	cg21761844	ZNF568	between_gene	0			
CMCBSN	cg20330472	EYA4	cg20680720	ZNF568	between_gene	103	0.5985700478847253	2.4270435568782915e-11	6.973740792836413e-11
CMCBSN	cg20330472	EYA4	cg02459604	ZNF568	between_gene	103	0.5929908184334227	4.120775095452231e-11	1.1660631479430445e-10
CMCBSN	cg20330472	EYA4	cg03060201	ZNF568	between_gene	103	0.5929468874928612	4.1378212135132986e-11	1.1696181523354493e-10
CMCBSN	cg20330472	EYA4	cg03443751	ZNF568	between_gene	103	0.6559768044633835	5.4490253057616963e-14	2.0051490864220406e-13
CMCBSN	cg20330472	EYA4	cg17332326	ZNF793	between_gene	103	0.5953630892237403	3.294310983599489e-11	9.424185697599855e-11
CMCBSN	cg20330472	EYA4	cg11623861	ZNF793	between_gene	0			
CMCBSN	cg20330472	EYA4	cg14732998	ZNF793	between_gene	0			
CMCBSN	cg20330472	EYA4	cg07482795	ZNF793	between_gene	103	0.5788230901023592	1.5116531851630877e-10	4.0869462798865245e-10
CMCBSN	cg20330472	EYA4	cg13181745	ZNF793	between_gene	0			
CMCBSN	cg20330472	EYA4	cg24078985	ZNF793	between_gene	103	0.588784430874665	6.101307842190556e-11	1.698859355418907e-10
CMCBSN	cg20330472	EYA4	cg15139588	ZNF793	between_gene	103	0.5515968896894082	1.5542306746249097e-09	3.967698463890792e-09
CMCBSN	cg20330472	EYA4	cg25361907	ZNF793	between_gene	103	0.6061920660721346	1.1581087746019618e-11	3.406432686512422e-11
CMCBSN	cg20330472	EYA4	cg20299663	SFMBT2	between_gene	103	0.7342507578087247	1.0972718460584891e-18	6.3335890406340665e-18
CMCBSN	cg20330472	EYA4	cg20506550	SFMBT2	between_gene	0			
CMCBSN	cg20330472	EYA4	cg01056653	SFMBT2	between_gene	0			
CMCBSN	cg20330472	EYA4	cg22862480	SFMBT2	between_gene	103	0.7492861222158766	8.786233899153876e-20	5.877765190485247e-19
CMCBSN	cg20330472	EYA4	cg12767281	SFMBT2	between_gene	103	0.612287484075034	6.317839659993681e-12	1.9077828325142953e-11
CMCBSN	cg20330472	EYA4	cg26878816	SFMBT2	between_gene	103	0.626103764881606	1.5228617094965276e-12	4.8393985384609505e-12
CMCBSN	cg20330472	EYA4	cg12328063	SFMBT2	between_gene	103	0.698194438342925	2.460313336401039e-16	1.1300981504701253e-15
CMCBSN	cg20330472	EYA4	cg16818993	SFMBT2	between_gene	103	0.619041866186355	3.1788774537646064e-12	9.861701874996265e-12
CMCBSN	cg20330472	EYA4	cg20295442	ADHFE1	between_gene	0			
CMCBSN	cg20330472	EYA4	cg19283840	ADHFE1	between_gene	0			
CMCBSN	cg20330472	EYA4	cg25046651	ADHFE1	between_gene	103	0.6184048675482142	3.393991540332119e-12	1.0454455641943917e-11
CMCBSN	cg20330472	EYA4	cg01588438	ADHFE1	between_gene	103	0.6419079207485833	2.736868531553479e-13	9.395381577398718e-13
CMCBSN	cg20330472	EYA4	cg08090772	ADHFE1	between_gene	0			
CMCBSN	cg20330472	EYA4	cg09383816	ADHFE1	between_gene	103	0.6395246672231253	3.5679798547088244e-13	1.2136713743070826e-12
CMCBSN	cg20330472	EYA4	cg20912169	ADHFE1	between_gene	103	0.6232921846856742	2.0458528292504363e-12	6.4231408321472784e-12
CMCBSN	cg20330472	EYA4	cg18065361	ADHFE1	between_gene	103	0.6504305232175022	1.0399958332026304e-13	3.7477197911956666e-13
CMCBSN	cg20330472	EYA4	cg04481096	HOXA2	between_gene	103	0.6190089179809339	3.189673566950387e-12	9.883442204481662e-12
CMCBSN	cg20330472	EYA4	cg19598584	HOXA2	between_gene	0			
CMCBSN	cg20330472	EYA4	cg09871315	HOXA2	between_gene	0			
CMCBSN	cg20330472	EYA4	cg13661519	HOXA2	between_gene	103	0.5163642753591354	2.3636481291922003e-08	5.525768789482482e-08
CMCBSN	cg20330472	EYA4	cg02803819	HOXA2	between_gene	103	0.5450841277511751	2.632543247543238e-09	6.604139743115681e-09
CMCBSN	cg20330472	EYA4	cg03763508	HOXA2	between_gene	103	0.5009005842815095	7.101849706414593e-08	1.608396344100319e-07
CMCBSN	cg20330472	EYA4	cg00188704	HOXA2	between_gene	103	0.524996705179458	1.248373818751697e-08	2.9717219827766218e-08
CMCBSN	cg20330472	EYA4	cg06786372	HOXA2	between_gene	103	0.5314984843825507	7.627206116439946e-09	1.8528287483977485e-08
CMCBSN	cg20330472	EYA4	cg19236679	GFRA1	between_gene	103	0.7376883539076572	6.255113829473671e-19	3.7344604075736394e-18
CMCBSN	cg20330472	EYA4	cg06298519	GFRA1	between_gene	103	0.7090893116021614	5.228916883165339e-17	2.5740083298449756e-16
CMCBSN	cg20330472	EYA4	cg19485539	GFRA1	between_gene	103	0.7208957518780477	8.991413492358103e-18	4.7011218039202984e-17
CMCBSN	cg20330472	EYA4	cg18672939	GFRA1	between_gene	103	0.8102952159205729	3.5251746903106087e-25	6.299438881520807e-24
CMCBSN	cg20330472	EYA4	cg27034576	GFRA1	between_gene	103	0.7940737161182622	1.4380894477035563e-23	1.7614907835955767e-22
CMCBSN	cg20330472	EYA4	cg18044663	GFRA1	between_gene	103	0.7419606378772571	3.0727133449364054e-19	1.8907332822969533e-18
CMCBSN	cg20330472	EYA4	cg15701178	UNC5C	between_gene	103	0.7973136229846682	7.044278417482374e-24	9.282082015763391e-23
CMCBSN	cg20330472	EYA4	cg03008707	UNC5C	between_gene	103	0.7507907569301059	6.757692896235134e-20	4.6153981063553575e-19
CMCBSN	cg20330472	EYA4	cg24870497	UNC5C	between_gene	0			
CMCBSN	cg20330472	EYA4	cg13265789	UNC5C	between_gene	103	0.7645740895312569	5.575608178755626e-21	4.4897412772757495e-20
CMCBSN	cg20330472	EYA4	cg12584684	UNC5C	between_gene	103	0.8083842200061504	5.556972215785676e-25	9.53825033617423e-24
CMCBSN	cg20330472	EYA4	cg08327106	RALYL	between_gene	0			
CMCBSN	cg20330472	EYA4	cg09757712	RALYL	between_gene	0			
CMCBSN	cg20330472	EYA4	cg11089595	RALYL	between_gene	103	0.5620963844835919	6.487146426769724e-10	1.7095924270143645e-09
CMCBSN	cg20330472	EYA4	cg01134282	RALYL	between_gene	0			
CMCBSN	cg20330472	EYA4	cg06955749	RALYL	between_gene	103	0.593122611255107	4.070041731094598e-11	1.1542107474375878e-10
CMCBSN	cg20330472	EYA4	cg11666087	BEND5	between_gene	103	0.7471554715986469	1.2701804297803724e-19	8.326383772102993e-19
CMCBSN	cg20330472	EYA4	cg16573178	BEND5	between_gene	103	0.7587642226420069	1.6286752921541344e-20	1.238837853419865e-19
CMCBSN	cg20330472	EYA4	cg06744574	BEND5	between_gene	103	0.7262443438914027	3.930267355897081e-18	2.1229953481439923e-17
CMCBSN	cg20330472	EYA4	cg03603214	BEND5	between_gene	103	0.7398519527303079	4.371683186948741e-19	2.6463390799882284e-18
CMCBSN	cg17838029	EYA4	cg14343214	EYA4	within_gene	0			
CMCBSN	cg17838029	EYA4	cg24675448	EYA4	within_gene	0			
CMCBSN	cg17838029	EYA4	cg21607030	EYA4	within_gene	0			
CMCBSN	cg17838029	EYA4	cg11664500	EYA4	within_gene	0			
CMCBSN	cg17838029	EYA4	cg26656135	EYA4	within_gene	0			
CMCBSN	cg17838029	EYA4	cg20286200	EYA4	within_gene	0			
CMCBSN	cg17838029	EYA4	cg14270292	EYA4	within_gene	0			
CMCBSN	cg17838029	EYA4	cg06181518	EYA4	within_gene	0			
CMCBSN	cg17838029	EYA4	cg14287112	EYA4	within_gene	0			
CMCBSN	cg17838029	EYA4	cg01328892	EYA4	within_gene	0			
CMCBSN	cg17838029	EYA4	cg05493394	EYA4	within_gene	0			
CMCBSN	cg17838029	EYA4	cg26449787	EYA4	within_gene	0			
CMCBSN	cg17838029	EYA4	cg22871668	EYA4	within_gene	0			
CMCBSN	cg17838029	EYA4	cg20980055	EYA4	within_gene	0			
CMCBSN	cg17838029	EYA4	cg06611358	ZNF568	between_gene	0			
CMCBSN	cg17838029	EYA4	cg27390819	ZNF568	between_gene	0			
CMCBSN	cg17838029	EYA4	cg20154403	ZNF568	between_gene	0			
CMCBSN	cg17838029	EYA4	cg21761844	ZNF568	between_gene	0			
CMCBSN	cg17838029	EYA4	cg20680720	ZNF568	between_gene	0			
CMCBSN	cg17838029	EYA4	cg02459604	ZNF568	between_gene	0			
CMCBSN	cg17838029	EYA4	cg03060201	ZNF568	between_gene	0			
CMCBSN	cg17838029	EYA4	cg03443751	ZNF568	between_gene	0			
CMCBSN	cg17838029	EYA4	cg17332326	ZNF793	between_gene	0			
CMCBSN	cg17838029	EYA4	cg11623861	ZNF793	between_gene	0			
CMCBSN	cg17838029	EYA4	cg14732998	ZNF793	between_gene	0			
CMCBSN	cg17838029	EYA4	cg07482795	ZNF793	between_gene	0			
CMCBSN	cg17838029	EYA4	cg13181745	ZNF793	between_gene	0			
CMCBSN	cg17838029	EYA4	cg24078985	ZNF793	between_gene	0			
CMCBSN	cg17838029	EYA4	cg15139588	ZNF793	between_gene	0			
CMCBSN	cg17838029	EYA4	cg25361907	ZNF793	between_gene	0			
CMCBSN	cg17838029	EYA4	cg20299663	SFMBT2	between_gene	0			
CMCBSN	cg17838029	EYA4	cg20506550	SFMBT2	between_gene	0			
CMCBSN	cg17838029	EYA4	cg01056653	SFMBT2	between_gene	0			
CMCBSN	cg17838029	EYA4	cg22862480	SFMBT2	between_gene	0			
CMCBSN	cg17838029	EYA4	cg12767281	SFMBT2	between_gene	0			
CMCBSN	cg17838029	EYA4	cg26878816	SFMBT2	between_gene	0			
CMCBSN	cg17838029	EYA4	cg12328063	SFMBT2	between_gene	0			
CMCBSN	cg17838029	EYA4	cg16818993	SFMBT2	between_gene	0			
CMCBSN	cg17838029	EYA4	cg20295442	ADHFE1	between_gene	0			
CMCBSN	cg17838029	EYA4	cg19283840	ADHFE1	between_gene	0			
CMCBSN	cg17838029	EYA4	cg25046651	ADHFE1	between_gene	0			
CMCBSN	cg17838029	EYA4	cg01588438	ADHFE1	between_gene	0			
CMCBSN	cg17838029	EYA4	cg08090772	ADHFE1	between_gene	0			
CMCBSN	cg17838029	EYA4	cg09383816	ADHFE1	between_gene	0			
CMCBSN	cg17838029	EYA4	cg20912169	ADHFE1	between_gene	0			
CMCBSN	cg17838029	EYA4	cg18065361	ADHFE1	between_gene	0			
CMCBSN	cg17838029	EYA4	cg04481096	HOXA2	between_gene	0			
CMCBSN	cg17838029	EYA4	cg19598584	HOXA2	between_gene	0			
CMCBSN	cg17838029	EYA4	cg09871315	HOXA2	between_gene	0			
CMCBSN	cg17838029	EYA4	cg13661519	HOXA2	between_gene	0			
CMCBSN	cg17838029	EYA4	cg02803819	HOXA2	between_gene	0			
CMCBSN	cg17838029	EYA4	cg03763508	HOXA2	between_gene	0			
CMCBSN	cg17838029	EYA4	cg00188704	HOXA2	between_gene	0			
CMCBSN	cg17838029	EYA4	cg06786372	HOXA2	between_gene	0			
CMCBSN	cg17838029	EYA4	cg19236679	GFRA1	between_gene	0			
CMCBSN	cg17838029	EYA4	cg06298519	GFRA1	between_gene	0			
CMCBSN	cg17838029	EYA4	cg19485539	GFRA1	between_gene	0			
CMCBSN	cg17838029	EYA4	cg18672939	GFRA1	between_gene	0			
CMCBSN	cg17838029	EYA4	cg27034576	GFRA1	between_gene	0			
CMCBSN	cg17838029	EYA4	cg18044663	GFRA1	between_gene	0			
CMCBSN	cg17838029	EYA4	cg15701178	UNC5C	between_gene	0			
CMCBSN	cg17838029	EYA4	cg03008707	UNC5C	between_gene	0			
CMCBSN	cg17838029	EYA4	cg24870497	UNC5C	between_gene	0			
CMCBSN	cg17838029	EYA4	cg13265789	UNC5C	between_gene	0			
CMCBSN	cg17838029	EYA4	cg12584684	UNC5C	between_gene	0			
CMCBSN	cg17838029	EYA4	cg08327106	RALYL	between_gene	0			
CMCBSN	cg17838029	EYA4	cg09757712	RALYL	between_gene	0			
CMCBSN	cg17838029	EYA4	cg11089595	RALYL	between_gene	0			
CMCBSN	cg17838029	EYA4	cg01134282	RALYL	between_gene	0			
CMCBSN	cg17838029	EYA4	cg06955749	RALYL	between_gene	0			
CMCBSN	cg17838029	EYA4	cg11666087	BEND5	between_gene	0			
CMCBSN	cg17838029	EYA4	cg16573178	BEND5	between_gene	0			
CMCBSN	cg17838029	EYA4	cg06744574	BEND5	between_gene	0			
CMCBSN	cg17838029	EYA4	cg03603214	BEND5	between_gene	0			
CMCBSN	cg14343214	EYA4	cg24675448	EYA4	within_gene	0			
CMCBSN	cg14343214	EYA4	cg21607030	EYA4	within_gene	0			
CMCBSN	cg14343214	EYA4	cg11664500	EYA4	within_gene	103	0.8647146685410535	5.682071023448e-32	2.0703638096931216e-31
CMCBSN	cg14343214	EYA4	cg26656135	EYA4	within_gene	0			
CMCBSN	cg14343214	EYA4	cg20286200	EYA4	within_gene	103	0.8476694636032158	1.4591824544879363e-29	4.672331697703796e-29
CMCBSN	cg14343214	EYA4	cg14270292	EYA4	within_gene	103	0.8779818125906076	4.3634472991557125e-34	1.729015992290451e-33
CMCBSN	cg14343214	EYA4	cg06181518	EYA4	within_gene	103	0.8044304353556211	1.4022869452646834e-24	3.899341768850041e-24
CMCBSN	cg14343214	EYA4	cg14287112	EYA4	within_gene	103	0.8851645213724026	2.4518999990264105e-35	1.0363363995884962e-34
CMCBSN	cg14343214	EYA4	cg01328892	EYA4	within_gene	103	0.8803650661160656	1.7135058269692157e-34	7.054303209730408e-34
CMCBSN	cg14343214	EYA4	cg05493394	EYA4	within_gene	103	0.8709089311602162	6.256273249103997e-33	2.3332219058423142e-32
CMCBSN	cg14343214	EYA4	cg26449787	EYA4	within_gene	103	0.90159469314238	1.5332738499338696e-38	7.147761918074069e-38
CMCBSN	cg14343214	EYA4	cg22871668	EYA4	within_gene	103	0.8747419057242016	1.5075709451148506e-33	5.828048653675703e-33
CMCBSN	cg14343214	EYA4	cg20980055	EYA4	within_gene	103	0.8912928875807232	1.7986438119366097e-36	7.810549155943907e-36
CMCBSN	cg14343214	EYA4	cg06611358	ZNF568	between_gene	0			
CMCBSN	cg14343214	EYA4	cg27390819	ZNF568	between_gene	103	0.7977309669200019	6.419518194621652e-24	8.545164780493822e-23
CMCBSN	cg14343214	EYA4	cg20154403	ZNF568	between_gene	103	0.7454421649167509	1.7038184140174937e-19	1.0948921778747885e-18
CMCBSN	cg14343214	EYA4	cg21761844	ZNF568	between_gene	0			
CMCBSN	cg14343214	EYA4	cg20680720	ZNF568	between_gene	103	0.6875960989324781	1.0399875423360041e-15	4.426309132063025e-15
CMCBSN	cg14343214	EYA4	cg02459604	ZNF568	between_gene	103	0.662621359223301	2.4672266173697623e-14	9.36971505781326e-14
CMCBSN	cg14343214	EYA4	cg03060201	ZNF568	between_gene	103	0.7080898827043888	6.044925269977407e-17	2.93691061999461e-16
CMCBSN	cg14343214	EYA4	cg03443751	ZNF568	between_gene	103	0.726310240302245	3.8899262416641256e-18	2.1055638100625942e-17
CMCBSN	cg14343214	EYA4	cg17332326	ZNF793	between_gene	103	0.5246123094495454	1.2848574605993296e-08	3.052999193719172e-08
CMCBSN	cg14343214	EYA4	cg11623861	ZNF793	between_gene	0			
CMCBSN	cg14343214	EYA4	cg14732998	ZNF793	between_gene	0			
CMCBSN	cg14343214	EYA4	cg07482795	ZNF793	between_gene	103	0.512926679260203	3.03287947859664e-08	7.03984213492761e-08
CMCBSN	cg14343214	EYA4	cg13181745	ZNF793	between_gene	0			
CMCBSN	cg14343214	EYA4	cg24078985	ZNF793	between_gene	103	0.5250406361200194	1.2442679451868527e-08	2.9646530310433777e-08
CMCBSN	cg14343214	EYA4	cg15139588	ZNF793	between_gene	103	0.47656284321047315	3.60683653919062e-07	7.770632973367736e-07
CMCBSN	cg14343214	EYA4	cg25361907	ZNF793	between_gene	103	0.5775051618855159	1.7005725700542816e-10	4.5882045866304246e-10
CMCBSN	cg14343214	EYA4	cg20299663	SFMBT2	between_gene	103	0.7645411413258358	5.610092563440011e-21	4.50360969169692e-20
CMCBSN	cg14343214	EYA4	cg20506550	SFMBT2	between_gene	0			
CMCBSN	cg14343214	EYA4	cg01056653	SFMBT2	between_gene	0			
CMCBSN	cg14343214	EYA4	cg22862480	SFMBT2	between_gene	103	0.816105082809823	8.555766769892828e-26	1.8147963823292997e-24
CMCBSN	cg14343214	EYA4	cg12767281	SFMBT2	between_gene	103	0.7162720203839564	1.810795173986548e-17	9.191370834495922e-17
CMCBSN	cg14343214	EYA4	cg26878816	SFMBT2	between_gene	103	0.7460681808197513	1.5308538165704522e-19	9.861722487487184e-19
CMCBSN	cg14343214	EYA4	cg12328063	SFMBT2	between_gene	103	0.8179501823134033	5.400241074861899e-26	1.2251503447230169e-24
CMCBSN	cg14343214	EYA4	cg16818993	SFMBT2	between_gene	103	0.7301541976013707	2.1198016437429394e-18	1.1893682771022213e-17
CMCBSN	cg14343214	EYA4	cg20295442	ADHFE1	between_gene	0			
CMCBSN	cg14343214	EYA4	cg19283840	ADHFE1	between_gene	0			
CMCBSN	cg14343214	EYA4	cg25046651	ADHFE1	between_gene	103	0.7446953389272065	1.9351194993545407e-19	1.2224520033452775e-18
CMCBSN	cg14343214	EYA4	cg01588438	ADHFE1	between_gene	103	0.809196942406537	4.581933759196149e-25	7.969510118495168e-24
CMCBSN	cg14343214	EYA4	cg08090772	ADHFE1	between_gene	0			
CMCBSN	cg14343214	EYA4	cg09383816	ADHFE1	between_gene	103	0.7969621754601767	7.616037650254874e-24	9.935121114757482e-23
CMCBSN	cg14343214	EYA4	cg20912169	ADHFE1	between_gene	103	0.7842112199622194	1.169940057788989e-22	1.225852855731515e-21
CMCBSN	cg14343214	EYA4	cg18065361	ADHFE1	between_gene	103	0.8018165443922155	2.556259157384661e-24	3.735195904653341e-23
CMCBSN	cg14343214	EYA4	cg04481096	HOXA2	between_gene	103	0.6904186618635505	7.127132080396563e-16	3.078590661879906e-15
CMCBSN	cg14343214	EYA4	cg19598584	HOXA2	between_gene	0			
CMCBSN	cg14343214	EYA4	cg09871315	HOXA2	between_gene	0			
CMCBSN	cg14343214	EYA4	cg13661519	HOXA2	between_gene	103	0.5818323595308176	1.1529711199956819e-10	3.1697593804728495e-10
CMCBSN	cg14343214	EYA4	cg02803819	HOXA2	between_gene	103	0.6090695426789089	8.713816514365204e-12	2.5893334038700245e-11
CMCBSN	cg14343214	EYA4	cg03763508	HOXA2	between_gene	103	0.5744299960462154	2.2338249865976413e-10	6.00829834024046e-10
CMCBSN	cg14343214	EYA4	cg00188704	HOXA2	between_gene	103	0.5569454817027634	9.996761098109088e-10	2.590024796918233e-09
CMCBSN	cg14343214	EYA4	cg06786372	HOXA2	between_gene	103	0.5997122523393226	2.1750214576928295e-11	6.27031047858629e-11
CMCBSN	cg14343214	EYA4	cg19236679	GFRA1	between_gene	103	0.8012015112243555	2.940341282556193e-24	4.2383151415409436e-23
CMCBSN	cg14343214	EYA4	cg06298519	GFRA1	between_gene	103	0.8234744980890042	1.3191246521455575e-26	3.4763598156037973e-25
CMCBSN	cg14343214	EYA4	cg19485539	GFRA1	between_gene	103	0.8180270614593859	5.297088359707752e-26	1.2122897833752215e-24
CMCBSN	cg14343214	EYA4	cg18672939	GFRA1	between_gene	103	0.7890216579536969	4.267713868019931e-23	4.799338569682758e-22
CMCBSN	cg14343214	EYA4	cg27034576	GFRA1	between_gene	103	0.8268791459825154	5.399116996567084e-27	1.6971441257883761e-25
CMCBSN	cg14343214	EYA4	cg18044663	GFRA1	between_gene	103	0.8336225453586962	8.676125675913593e-28	3.4296987709785707e-26
CMCBSN	cg14343214	EYA4	cg15701178	UNC5C	between_gene	103	0.8042986425339367	1.4457019912797112e-24	2.2721906597884136e-23
CMCBSN	cg14343214	EYA4	cg03008707	UNC5C	between_gene	103	0.8048807274963758	1.2633327064572234e-24	1.9975969885738763e-23
CMCBSN	cg14343214	EYA4	cg24870497	UNC5C	between_gene	0			
CMCBSN	cg14343214	EYA4	cg13265789	UNC5C	between_gene	103	0.8523041778324474	3.460205441886775e-30	2.9121535477040633e-28
CMCBSN	cg14343214	EYA4	cg12584684	UNC5C	between_gene	103	0.8241664104028469	1.1018392843106787e-26	3.025998623964801e-25
CMCBSN	cg14343214	EYA4	cg08327106	RALYL	between_gene	0			
CMCBSN	cg14343214	EYA4	cg09757712	RALYL	between_gene	0			
CMCBSN	cg14343214	EYA4	cg11089595	RALYL	between_gene	103	0.7093309317752492	5.048312149098637e-17	2.4945163630678683e-16
CMCBSN	cg14343214	EYA4	cg01134282	RALYL	between_gene	0			
CMCBSN	cg14343214	EYA4	cg06955749	RALYL	between_gene	103	0.6781838949171902	3.557350468791927e-15	1.445658469326813e-14
CMCBSN	cg14343214	EYA4	cg11666087	BEND5	between_gene	103	0.8073298774326758	7.12762051816201e-25	1.1997394794764313e-23
CMCBSN	cg14343214	EYA4	cg16573178	BEND5	between_gene	103	0.8070223608487458	7.662143366317671e-25	1.2637708620379594e-23
CMCBSN	cg14343214	EYA4	cg06744574	BEND5	between_gene	103	0.8072529982866934	7.2577379019158745e-25	1.2138101401345204e-23
CMCBSN	cg14343214	EYA4	cg03603214	BEND5	between_gene	103	0.7378640776699029	6.076533457562668e-19	3.636164172197477e-18
CMCBSN	cg24675448	EYA4	cg21607030	EYA4	within_gene	0			
CMCBSN	cg24675448	EYA4	cg11664500	EYA4	within_gene	0			
CMCBSN	cg24675448	EYA4	cg26656135	EYA4	within_gene	0			
CMCBSN	cg24675448	EYA4	cg20286200	EYA4	within_gene	0			
CMCBSN	cg24675448	EYA4	cg14270292	EYA4	within_gene	0			
CMCBSN	cg24675448	EYA4	cg06181518	EYA4	within_gene	0			
CMCBSN	cg24675448	EYA4	cg14287112	EYA4	within_gene	0			
CMCBSN	cg24675448	EYA4	cg01328892	EYA4	within_gene	0			
CMCBSN	cg24675448	EYA4	cg05493394	EYA4	within_gene	0			
CMCBSN	cg24675448	EYA4	cg26449787	EYA4	within_gene	0			
CMCBSN	cg24675448	EYA4	cg22871668	EYA4	within_gene	0			
CMCBSN	cg24675448	EYA4	cg20980055	EYA4	within_gene	0			
CMCBSN	cg24675448	EYA4	cg06611358	ZNF568	between_gene	0			
CMCBSN	cg24675448	EYA4	cg27390819	ZNF568	between_gene	0			
CMCBSN	cg24675448	EYA4	cg20154403	ZNF568	between_gene	0			
CMCBSN	cg24675448	EYA4	cg21761844	ZNF568	between_gene	0			
CMCBSN	cg24675448	EYA4	cg20680720	ZNF568	between_gene	0			
CMCBSN	cg24675448	EYA4	cg02459604	ZNF568	between_gene	0			
CMCBSN	cg24675448	EYA4	cg03060201	ZNF568	between_gene	0			
CMCBSN	cg24675448	EYA4	cg03443751	ZNF568	between_gene	0			
CMCBSN	cg24675448	EYA4	cg17332326	ZNF793	between_gene	0			
CMCBSN	cg24675448	EYA4	cg11623861	ZNF793	between_gene	0			
CMCBSN	cg24675448	EYA4	cg14732998	ZNF793	between_gene	0			
CMCBSN	cg24675448	EYA4	cg07482795	ZNF793	between_gene	0			
CMCBSN	cg24675448	EYA4	cg13181745	ZNF793	between_gene	0			
CMCBSN	cg24675448	EYA4	cg24078985	ZNF793	between_gene	0			
CMCBSN	cg24675448	EYA4	cg15139588	ZNF793	between_gene	0			
CMCBSN	cg24675448	EYA4	cg25361907	ZNF793	between_gene	0			
CMCBSN	cg24675448	EYA4	cg20299663	SFMBT2	between_gene	0			
CMCBSN	cg24675448	EYA4	cg20506550	SFMBT2	between_gene	0			
CMCBSN	cg24675448	EYA4	cg01056653	SFMBT2	between_gene	0			
CMCBSN	cg24675448	EYA4	cg22862480	SFMBT2	between_gene	0			
CMCBSN	cg24675448	EYA4	cg12767281	SFMBT2	between_gene	0			
CMCBSN	cg24675448	EYA4	cg26878816	SFMBT2	between_gene	0			
CMCBSN	cg24675448	EYA4	cg12328063	SFMBT2	between_gene	0			
CMCBSN	cg24675448	EYA4	cg16818993	SFMBT2	between_gene	0			
CMCBSN	cg24675448	EYA4	cg20295442	ADHFE1	between_gene	0			
CMCBSN	cg24675448	EYA4	cg19283840	ADHFE1	between_gene	0			
CMCBSN	cg24675448	EYA4	cg25046651	ADHFE1	between_gene	0			
CMCBSN	cg24675448	EYA4	cg01588438	ADHFE1	between_gene	0			
CMCBSN	cg24675448	EYA4	cg08090772	ADHFE1	between_gene	0			
CMCBSN	cg24675448	EYA4	cg09383816	ADHFE1	between_gene	0			
CMCBSN	cg24675448	EYA4	cg20912169	ADHFE1	between_gene	0			
CMCBSN	cg24675448	EYA4	cg18065361	ADHFE1	between_gene	0			
CMCBSN	cg24675448	EYA4	cg04481096	HOXA2	between_gene	0			
CMCBSN	cg24675448	EYA4	cg19598584	HOXA2	between_gene	0			
CMCBSN	cg24675448	EYA4	cg09871315	HOXA2	between_gene	0			
CMCBSN	cg24675448	EYA4	cg13661519	HOXA2	between_gene	0			
CMCBSN	cg24675448	EYA4	cg02803819	HOXA2	between_gene	0			
CMCBSN	cg24675448	EYA4	cg03763508	HOXA2	between_gene	0			
CMCBSN	cg24675448	EYA4	cg00188704	HOXA2	between_gene	0			
CMCBSN	cg24675448	EYA4	cg06786372	HOXA2	between_gene	0			
CMCBSN	cg24675448	EYA4	cg19236679	GFRA1	between_gene	0			
CMCBSN	cg24675448	EYA4	cg06298519	GFRA1	between_gene	0			
CMCBSN	cg24675448	EYA4	cg19485539	GFRA1	between_gene	0			
CMCBSN	cg24675448	EYA4	cg18672939	GFRA1	between_gene	0			
CMCBSN	cg24675448	EYA4	cg27034576	GFRA1	between_gene	0			
CMCBSN	cg24675448	EYA4	cg18044663	GFRA1	between_gene	0			
CMCBSN	cg24675448	EYA4	cg15701178	UNC5C	between_gene	0			
CMCBSN	cg24675448	EYA4	cg03008707	UNC5C	between_gene	0			
CMCBSN	cg24675448	EYA4	cg24870497	UNC5C	between_gene	0			
CMCBSN	cg24675448	EYA4	cg13265789	UNC5C	between_gene	0			
CMCBSN	cg24675448	EYA4	cg12584684	UNC5C	between_gene	0			
CMCBSN	cg24675448	EYA4	cg08327106	RALYL	between_gene	0			
CMCBSN	cg24675448	EYA4	cg09757712	RALYL	between_gene	0			
CMCBSN	cg24675448	EYA4	cg11089595	RALYL	between_gene	0			
CMCBSN	cg24675448	EYA4	cg01134282	RALYL	between_gene	0			
CMCBSN	cg24675448	EYA4	cg06955749	RALYL	between_gene	0			
CMCBSN	cg24675448	EYA4	cg11666087	BEND5	between_gene	0			
CMCBSN	cg24675448	EYA4	cg16573178	BEND5	between_gene	0			
CMCBSN	cg24675448	EYA4	cg06744574	BEND5	between_gene	0			
CMCBSN	cg24675448	EYA4	cg03603214	BEND5	between_gene	0			
CMCBSN	cg21607030	EYA4	cg11664500	EYA4	within_gene	0			
CMCBSN	cg21607030	EYA4	cg26656135	EYA4	within_gene	0			
CMCBSN	cg21607030	EYA4	cg20286200	EYA4	within_gene	0			
CMCBSN	cg21607030	EYA4	cg14270292	EYA4	within_gene	0			
CMCBSN	cg21607030	EYA4	cg06181518	EYA4	within_gene	0			
CMCBSN	cg21607030	EYA4	cg14287112	EYA4	within_gene	0			
CMCBSN	cg21607030	EYA4	cg01328892	EYA4	within_gene	0			
CMCBSN	cg21607030	EYA4	cg05493394	EYA4	within_gene	0			
CMCBSN	cg21607030	EYA4	cg26449787	EYA4	within_gene	0			
CMCBSN	cg21607030	EYA4	cg22871668	EYA4	within_gene	0			
CMCBSN	cg21607030	EYA4	cg20980055	EYA4	within_gene	0			
CMCBSN	cg21607030	EYA4	cg06611358	ZNF568	between_gene	0			
CMCBSN	cg21607030	EYA4	cg27390819	ZNF568	between_gene	0			
CMCBSN	cg21607030	EYA4	cg20154403	ZNF568	between_gene	0			
CMCBSN	cg21607030	EYA4	cg21761844	ZNF568	between_gene	0			
CMCBSN	cg21607030	EYA4	cg20680720	ZNF568	between_gene	0			
CMCBSN	cg21607030	EYA4	cg02459604	ZNF568	between_gene	0			
CMCBSN	cg21607030	EYA4	cg03060201	ZNF568	between_gene	0			
CMCBSN	cg21607030	EYA4	cg03443751	ZNF568	between_gene	0			
CMCBSN	cg21607030	EYA4	cg17332326	ZNF793	between_gene	0			
CMCBSN	cg21607030	EYA4	cg11623861	ZNF793	between_gene	0			
CMCBSN	cg21607030	EYA4	cg14732998	ZNF793	between_gene	0			
CMCBSN	cg21607030	EYA4	cg07482795	ZNF793	between_gene	0			
CMCBSN	cg21607030	EYA4	cg13181745	ZNF793	between_gene	0			
CMCBSN	cg21607030	EYA4	cg24078985	ZNF793	between_gene	0			
CMCBSN	cg21607030	EYA4	cg15139588	ZNF793	between_gene	0			
CMCBSN	cg21607030	EYA4	cg25361907	ZNF793	between_gene	0			
CMCBSN	cg21607030	EYA4	cg20299663	SFMBT2	between_gene	0			
CMCBSN	cg21607030	EYA4	cg20506550	SFMBT2	between_gene	0			
CMCBSN	cg21607030	EYA4	cg01056653	SFMBT2	between_gene	0			
CMCBSN	cg21607030	EYA4	cg22862480	SFMBT2	between_gene	0			
CMCBSN	cg21607030	EYA4	cg12767281	SFMBT2	between_gene	0			
CMCBSN	cg21607030	EYA4	cg26878816	SFMBT2	between_gene	0			
CMCBSN	cg21607030	EYA4	cg12328063	SFMBT2	between_gene	0			
CMCBSN	cg21607030	EYA4	cg16818993	SFMBT2	between_gene	0			
CMCBSN	cg21607030	EYA4	cg20295442	ADHFE1	between_gene	0			
CMCBSN	cg21607030	EYA4	cg19283840	ADHFE1	between_gene	0			
CMCBSN	cg21607030	EYA4	cg25046651	ADHFE1	between_gene	0			
CMCBSN	cg21607030	EYA4	cg01588438	ADHFE1	between_gene	0			
CMCBSN	cg21607030	EYA4	cg08090772	ADHFE1	between_gene	0			
CMCBSN	cg21607030	EYA4	cg09383816	ADHFE1	between_gene	0			
CMCBSN	cg21607030	EYA4	cg20912169	ADHFE1	between_gene	0			
CMCBSN	cg21607030	EYA4	cg18065361	ADHFE1	between_gene	0			
CMCBSN	cg21607030	EYA4	cg04481096	HOXA2	between_gene	0			
CMCBSN	cg21607030	EYA4	cg19598584	HOXA2	between_gene	0			
CMCBSN	cg21607030	EYA4	cg09871315	HOXA2	between_gene	0			
CMCBSN	cg21607030	EYA4	cg13661519	HOXA2	between_gene	0			
CMCBSN	cg21607030	EYA4	cg02803819	HOXA2	between_gene	0			
CMCBSN	cg21607030	EYA4	cg03763508	HOXA2	between_gene	0			
CMCBSN	cg21607030	EYA4	cg00188704	HOXA2	between_gene	0			
CMCBSN	cg21607030	EYA4	cg06786372	HOXA2	between_gene	0			
CMCBSN	cg21607030	EYA4	cg19236679	GFRA1	between_gene	0			
CMCBSN	cg21607030	EYA4	cg06298519	GFRA1	between_gene	0			
CMCBSN	cg21607030	EYA4	cg19485539	GFRA1	between_gene	0			
CMCBSN	cg21607030	EYA4	cg18672939	GFRA1	between_gene	0			
CMCBSN	cg21607030	EYA4	cg27034576	GFRA1	between_gene	0			
CMCBSN	cg21607030	EYA4	cg18044663	GFRA1	between_gene	0			
CMCBSN	cg21607030	EYA4	cg15701178	UNC5C	between_gene	0			
CMCBSN	cg21607030	EYA4	cg03008707	UNC5C	between_gene	0			
CMCBSN	cg21607030	EYA4	cg24870497	UNC5C	between_gene	0			
CMCBSN	cg21607030	EYA4	cg13265789	UNC5C	between_gene	0			
CMCBSN	cg21607030	EYA4	cg12584684	UNC5C	between_gene	0			
CMCBSN	cg21607030	EYA4	cg08327106	RALYL	between_gene	0			
CMCBSN	cg21607030	EYA4	cg09757712	RALYL	between_gene	0			
CMCBSN	cg21607030	EYA4	cg11089595	RALYL	between_gene	0			
CMCBSN	cg21607030	EYA4	cg01134282	RALYL	between_gene	0			
CMCBSN	cg21607030	EYA4	cg06955749	RALYL	between_gene	0			
CMCBSN	cg21607030	EYA4	cg11666087	BEND5	between_gene	0			
CMCBSN	cg21607030	EYA4	cg16573178	BEND5	between_gene	0			
CMCBSN	cg21607030	EYA4	cg06744574	BEND5	between_gene	0			
CMCBSN	cg21607030	EYA4	cg03603214	BEND5	between_gene	0			
CMCBSN	cg11664500	EYA4	cg26656135	EYA4	within_gene	0			
CMCBSN	cg11664500	EYA4	cg20286200	EYA4	within_gene	103	0.9152462329218469	1.1500753540508474e-41	6.179218427696925e-41
CMCBSN	cg11664500	EYA4	cg14270292	EYA4	within_gene	103	0.9764530158590696	4.303756379748943e-69	1.7053634654755185e-67
CMCBSN	cg11664500	EYA4	cg06181518	EYA4	within_gene	103	0.7658590695426789	4.380434221999085e-21	1.0210276826277278e-20
CMCBSN	cg11664500	EYA4	cg14287112	EYA4	within_gene	103	0.9849426701225674	8.273861666016703e-79	1.3114070740636474e-76
CMCBSN	cg11664500	EYA4	cg01328892	EYA4	within_gene	103	0.8268901287176559	5.3834115696683544e-27	1.5948985678363255e-26
CMCBSN	cg11664500	EYA4	cg05493394	EYA4	within_gene	103	0.781509467117691	2.0383123911008138e-22	5.087756125818567e-22
CMCBSN	cg11664500	EYA4	cg26449787	EYA4	within_gene	103	0.9242191275315205	5.067876596145739e-44	3.031163926373961e-43
CMCBSN	cg11664500	EYA4	cg22871668	EYA4	within_gene	103	0.979978473839125	1.3009937046281596e-72	8.248300087342533e-71
CMCBSN	cg11664500	EYA4	cg20980055	EYA4	within_gene	103	0.9413851425559022	1.813124940758395e-49	1.9158686874013707e-48
CMCBSN	cg11664500	EYA4	cg06611358	ZNF568	between_gene	0			
CMCBSN	cg11664500	EYA4	cg27390819	ZNF568	between_gene	103	0.759071739225937	1.5400083392259175e-20	1.1782644448798882e-19
CMCBSN	cg11664500	EYA4	cg20154403	ZNF568	between_gene	103	0.6554606159117867	5.790173815429358e-14	2.121708354558314e-13
CMCBSN	cg11664500	EYA4	cg21761844	ZNF568	between_gene	0			
CMCBSN	cg11664500	EYA4	cg20680720	ZNF568	between_gene	103	0.54217370293898	3.319544443887373e-09	8.248277575335386e-09
CMCBSN	cg11664500	EYA4	cg02459604	ZNF568	between_gene	103	0.6194152791811272	3.058961070852665e-12	9.50098742125548e-12
CMCBSN	cg11664500	EYA4	cg03060201	ZNF568	between_gene	103	0.6173615077098801	3.777027404858367e-12	1.1620594928390897e-11
CMCBSN	cg11664500	EYA4	cg03443751	ZNF568	between_gene	103	0.6165158371040724	4.117796489957263e-12	1.2639212990939412e-11
CMCBSN	cg11664500	EYA4	cg17332326	ZNF793	between_gene	103	0.46564600448095594	7.184280850264617e-07	1.5164877620016495e-06
CMCBSN	cg11664500	EYA4	cg11623861	ZNF793	between_gene	0			
CMCBSN	cg11664500	EYA4	cg14732998	ZNF793	between_gene	0			
CMCBSN	cg11664500	EYA4	cg07482795	ZNF793	between_gene	103	0.39068883714800334	4.50247061014157e-05	8.799210353452701e-05
CMCBSN	cg11664500	EYA4	cg13181745	ZNF793	between_gene	0			
CMCBSN	cg11664500	EYA4	cg24078985	ZNF793	between_gene	103	0.41346702982910866	1.4189232651512919e-05	2.8259319074654354e-05
CMCBSN	cg11664500	EYA4	cg15139588	ZNF793	between_gene	103	0.4145762860782849	1.3384186318866129e-05	2.6696744729297958e-05
CMCBSN	cg11664500	EYA4	cg25361907	ZNF793	between_gene	103	0.4885120590431841	1.6498802966340657e-07	3.647913299930744e-07
CMCBSN	cg11664500	EYA4	cg20299663	SFMBT2	between_gene	103	0.7747880332117911	7.843750523443438e-22	7.130433838210428e-21
CMCBSN	cg11664500	EYA4	cg20506550	SFMBT2	between_gene	0			
CMCBSN	cg11664500	EYA4	cg01056653	SFMBT2	between_gene	0			
CMCBSN	cg11664500	EYA4	cg22862480	SFMBT2	between_gene	103	0.8098449237798181	3.9260507210989547e-25	6.968072334249776e-24
CMCBSN	cg11664500	EYA4	cg12767281	SFMBT2	between_gene	103	0.6494640425251504	1.162399914987394e-13	4.1543854495919327e-13
CMCBSN	cg11664500	EYA4	cg26878816	SFMBT2	between_gene	103	0.7059482493520186	8.231144265361814e-17	3.947620475795767e-16
CMCBSN	cg11664500	EYA4	cg12328063	SFMBT2	between_gene	103	0.7490774502482098	9.110659879737327e-20	6.063701945468033e-19
CMCBSN	cg11664500	EYA4	cg16818993	SFMBT2	between_gene	103	0.717666827746782	1.4682117777253577e-17	7.466987384182179e-17
CMCBSN	cg11664500	EYA4	cg20295442	ADHFE1	between_gene	0			
CMCBSN	cg11664500	EYA4	cg19283840	ADHFE1	between_gene	0			
CMCBSN	cg11664500	EYA4	cg25046651	ADHFE1	between_gene	103	0.8253415630628652	8.10160757999464e-27	2.3429433015199977e-25
CMCBSN	cg11664500	EYA4	cg01588438	ADHFE1	between_gene	103	0.8746760093133594	1.5455168485275573e-33	2.6881689718722645e-31
CMCBSN	cg11664500	EYA4	cg08090772	ADHFE1	between_gene	0			
CMCBSN	cg11664500	EYA4	cg09383816	ADHFE1	between_gene	103	0.8743355445240083	1.7569368383621092e-33	2.8649051320542143e-31
CMCBSN	cg11664500	EYA4	cg20912169	ADHFE1	between_gene	103	0.876499143346659	7.72887272613696e-34	1.5511253032685638e-31
CMCBSN	cg11664500	EYA4	cg18065361	ADHFE1	between_gene	103	0.8572244431753285	7.108417927759872e-31	6.623522276259109e-29
CMCBSN	cg11664500	EYA4	cg04481096	HOXA2	between_gene	103	0.7500329482054211	7.714678590704599e-20	5.200929313475012e-19
CMCBSN	cg11664500	EYA4	cg19598584	HOXA2	between_gene	0			
CMCBSN	cg11664500	EYA4	cg09871315	HOXA2	between_gene	0			
CMCBSN	cg11664500	EYA4	cg13661519	HOXA2	between_gene	103	0.63233097570619	7.834983956854797e-13	2.577739362349832e-12
CMCBSN	cg11664500	EYA4	cg02803819	HOXA2	between_gene	103	0.6525282256293108	8.157283998384637e-14	2.9558824933035444e-13
CMCBSN	cg11664500	EYA4	cg03763508	HOXA2	between_gene	103	0.6037978298115364	1.4642071989295786e-11	4.2826419080799e-11
CMCBSN	cg11664500	EYA4	cg00188704	HOXA2	between_gene	103	0.611947019285683	6.537586626864328e-12	1.967308363262864e-11
CMCBSN	cg11664500	EYA4	cg06786372	HOXA2	between_gene	103	0.6275095549795721	1.3124049768175345e-12	4.206467548546618e-12
CMCBSN	cg11664500	EYA4	cg19236679	GFRA1	between_gene	103	0.7649584852611695	5.18822965646965e-21	4.2168508329374815e-20
CMCBSN	cg11664500	EYA4	cg06298519	GFRA1	between_gene	103	0.8070003953784651	7.701784862554064e-25	1.2637708620379594e-23
CMCBSN	cg11664500	EYA4	cg19485539	GFRA1	between_gene	103	0.8288999692483416	3.1479242540246323e-27	1.0666148543831514e-25
CMCBSN	cg11664500	EYA4	cg18672939	GFRA1	between_gene	103	0.7802135043711287	2.652847400340646e-22	2.621696540715434e-21
CMCBSN	cg11664500	EYA4	cg27034576	GFRA1	between_gene	103	0.8259456134955849	6.910934881724455e-27	2.0259133827437194e-25
CMCBSN	cg11664500	EYA4	cg18044663	GFRA1	between_gene	103	0.8104709396828187	3.3798160171526484e-25	6.1989493798238375e-24
CMCBSN	cg11664500	EYA4	cg15701178	UNC5C	between_gene	103	0.7550850063699864	3.161680025407771e-20	2.310594730052906e-19
CMCBSN	cg11664500	EYA4	cg03008707	UNC5C	between_gene	103	0.8290537275403066	3.0204515613719942e-27	1.0368892267920438e-25
CMCBSN	cg11664500	EYA4	cg24870497	UNC5C	between_gene	0			
CMCBSN	cg11664500	EYA4	cg13265789	UNC5C	between_gene	103	0.8074506875192198	6.927733616245211e-25	1.1736660392716724e-23
CMCBSN	cg11664500	EYA4	cg12584684	UNC5C	between_gene	103	0.809317752493081	4.4520434038682565e-25	7.795557879659249e-24
CMCBSN	cg11664500	EYA4	cg08327106	RALYL	between_gene	0			
CMCBSN	cg11664500	EYA4	cg09757712	RALYL	between_gene	0			
CMCBSN	cg11664500	EYA4	cg11089595	RALYL	between_gene	103	0.7072112638931599	6.863399698825814e-17	3.3160388544882497e-16
CMCBSN	cg11664500	EYA4	cg01134282	RALYL	between_gene	0			
CMCBSN	cg11664500	EYA4	cg06955749	RALYL	between_gene	103	0.6188222114835478	3.251523464428316e-12	1.0051214121674736e-11
CMCBSN	cg11664500	EYA4	cg11666087	BEND5	between_gene	103	0.7361617537231472	8.037053025603022e-19	4.765607123590519e-18
CMCBSN	cg11664500	EYA4	cg16573178	BEND5	between_gene	103	0.7346790844791988	1.0235478785297848e-18	5.960795569384394e-18
CMCBSN	cg11664500	EYA4	cg06744574	BEND5	between_gene	103	0.729583095374072	2.321400783662044e-18	1.296902493484855e-17
CMCBSN	cg11664500	EYA4	cg03603214	BEND5	between_gene	103	0.5931335939902473	4.0658412237307364e-11	1.1542107474375878e-10
CMCBSN	cg26656135	EYA4	cg20286200	EYA4	within_gene	0			
CMCBSN	cg26656135	EYA4	cg14270292	EYA4	within_gene	0			
CMCBSN	cg26656135	EYA4	cg06181518	EYA4	within_gene	0			
CMCBSN	cg26656135	EYA4	cg14287112	EYA4	within_gene	0			
CMCBSN	cg26656135	EYA4	cg01328892	EYA4	within_gene	0			
CMCBSN	cg26656135	EYA4	cg05493394	EYA4	within_gene	0			
CMCBSN	cg26656135	EYA4	cg26449787	EYA4	within_gene	0			
CMCBSN	cg26656135	EYA4	cg22871668	EYA4	within_gene	0			
CMCBSN	cg26656135	EYA4	cg20980055	EYA4	within_gene	0			
CMCBSN	cg26656135	EYA4	cg06611358	ZNF568	between_gene	0			
CMCBSN	cg26656135	EYA4	cg27390819	ZNF568	between_gene	0			
CMCBSN	cg26656135	EYA4	cg20154403	ZNF568	between_gene	0			
CMCBSN	cg26656135	EYA4	cg21761844	ZNF568	between_gene	0			
CMCBSN	cg26656135	EYA4	cg20680720	ZNF568	between_gene	0			
CMCBSN	cg26656135	EYA4	cg02459604	ZNF568	between_gene	0			
CMCBSN	cg26656135	EYA4	cg03060201	ZNF568	between_gene	0			
CMCBSN	cg26656135	EYA4	cg03443751	ZNF568	between_gene	0			
CMCBSN	cg26656135	EYA4	cg17332326	ZNF793	between_gene	0			
CMCBSN	cg26656135	EYA4	cg11623861	ZNF793	between_gene	0			
CMCBSN	cg26656135	EYA4	cg14732998	ZNF793	between_gene	0			
CMCBSN	cg26656135	EYA4	cg07482795	ZNF793	between_gene	0			
CMCBSN	cg26656135	EYA4	cg13181745	ZNF793	between_gene	0			
CMCBSN	cg26656135	EYA4	cg24078985	ZNF793	between_gene	0			
CMCBSN	cg26656135	EYA4	cg15139588	ZNF793	between_gene	0			
CMCBSN	cg26656135	EYA4	cg25361907	ZNF793	between_gene	0			
CMCBSN	cg26656135	EYA4	cg20299663	SFMBT2	between_gene	0			
CMCBSN	cg26656135	EYA4	cg20506550	SFMBT2	between_gene	0			
CMCBSN	cg26656135	EYA4	cg01056653	SFMBT2	between_gene	0			
CMCBSN	cg26656135	EYA4	cg22862480	SFMBT2	between_gene	0			
CMCBSN	cg26656135	EYA4	cg12767281	SFMBT2	between_gene	0			
CMCBSN	cg26656135	EYA4	cg26878816	SFMBT2	between_gene	0			
CMCBSN	cg26656135	EYA4	cg12328063	SFMBT2	between_gene	0			
CMCBSN	cg26656135	EYA4	cg16818993	SFMBT2	between_gene	0			
CMCBSN	cg26656135	EYA4	cg20295442	ADHFE1	between_gene	0			
CMCBSN	cg26656135	EYA4	cg19283840	ADHFE1	between_gene	0			
CMCBSN	cg26656135	EYA4	cg25046651	ADHFE1	between_gene	0			
CMCBSN	cg26656135	EYA4	cg01588438	ADHFE1	between_gene	0			
CMCBSN	cg26656135	EYA4	cg08090772	ADHFE1	between_gene	0			
CMCBSN	cg26656135	EYA4	cg09383816	ADHFE1	between_gene	0			
CMCBSN	cg26656135	EYA4	cg20912169	ADHFE1	between_gene	0			
CMCBSN	cg26656135	EYA4	cg18065361	ADHFE1	between_gene	0			
CMCBSN	cg26656135	EYA4	cg04481096	HOXA2	between_gene	0			
CMCBSN	cg26656135	EYA4	cg19598584	HOXA2	between_gene	0			
CMCBSN	cg26656135	EYA4	cg09871315	HOXA2	between_gene	0			
CMCBSN	cg26656135	EYA4	cg13661519	HOXA2	between_gene	0			
CMCBSN	cg26656135	EYA4	cg02803819	HOXA2	between_gene	0			
CMCBSN	cg26656135	EYA4	cg03763508	HOXA2	between_gene	0			
CMCBSN	cg26656135	EYA4	cg00188704	HOXA2	between_gene	0			
CMCBSN	cg26656135	EYA4	cg06786372	HOXA2	between_gene	0			
CMCBSN	cg26656135	EYA4	cg19236679	GFRA1	between_gene	0			
CMCBSN	cg26656135	EYA4	cg06298519	GFRA1	between_gene	0			
CMCBSN	cg26656135	EYA4	cg19485539	GFRA1	between_gene	0			
CMCBSN	cg26656135	EYA4	cg18672939	GFRA1	between_gene	0			
CMCBSN	cg26656135	EYA4	cg27034576	GFRA1	between_gene	0			
CMCBSN	cg26656135	EYA4	cg18044663	GFRA1	between_gene	0			
CMCBSN	cg26656135	EYA4	cg15701178	UNC5C	between_gene	0			
CMCBSN	cg26656135	EYA4	cg03008707	UNC5C	between_gene	0			
CMCBSN	cg26656135	EYA4	cg24870497	UNC5C	between_gene	0			
CMCBSN	cg26656135	EYA4	cg13265789	UNC5C	between_gene	0			
CMCBSN	cg26656135	EYA4	cg12584684	UNC5C	between_gene	0			
CMCBSN	cg26656135	EYA4	cg08327106	RALYL	between_gene	0			
CMCBSN	cg26656135	EYA4	cg09757712	RALYL	between_gene	0			
CMCBSN	cg26656135	EYA4	cg11089595	RALYL	between_gene	0			
CMCBSN	cg26656135	EYA4	cg01134282	RALYL	between_gene	0			
CMCBSN	cg26656135	EYA4	cg06955749	RALYL	between_gene	0			
CMCBSN	cg26656135	EYA4	cg11666087	BEND5	between_gene	0			
CMCBSN	cg26656135	EYA4	cg16573178	BEND5	between_gene	0			
CMCBSN	cg26656135	EYA4	cg06744574	BEND5	between_gene	0			
CMCBSN	cg26656135	EYA4	cg03603214	BEND5	between_gene	0			
CMCBSN	cg20286200	EYA4	cg14270292	EYA4	within_gene	103	0.9279642402143831	4.3070017377037994e-45	2.786366430310417e-44
CMCBSN	cg20286200	EYA4	cg06181518	EYA4	within_gene	103	0.7673966524623292	3.275387749610038e-21	7.691095678713942e-21
CMCBSN	cg20286200	EYA4	cg14287112	EYA4	within_gene	103	0.9246913851425559	3.740129824377753e-44	2.2800406813995145e-43
CMCBSN	cg20286200	EYA4	cg01328892	EYA4	within_gene	103	0.8532816412599393	2.5383890280727083e-30	8.560311935096262e-30
CMCBSN	cg20286200	EYA4	cg05493394	EYA4	within_gene	103	0.7828054298642534	1.5633171206371246e-22	3.9331073590632417e-22
CMCBSN	cg20286200	EYA4	cg26449787	EYA4	within_gene	103	0.9086126608970699	4.3695103025631495e-40	2.198626612559553e-39
CMCBSN	cg20286200	EYA4	cg22871668	EYA4	within_gene	103	0.9141699248780916	2.1167103204794862e-41	1.1183286193199952e-40
CMCBSN	cg20286200	EYA4	cg20980055	EYA4	within_gene	103	0.9442406536923955	1.5632521115484098e-50	1.769824712003021e-49
CMCBSN	cg20286200	EYA4	cg06611358	ZNF568	between_gene	0			
CMCBSN	cg20286200	EYA4	cg27390819	ZNF568	between_gene	103	0.7341848613978826	1.1090628446535488e-18	6.387516471746377e-18
CMCBSN	cg20286200	EYA4	cg20154403	ZNF568	between_gene	103	0.6410293019373545	3.0187663307937e-13	1.0335907292704413e-12
CMCBSN	cg20286200	EYA4	cg21761844	ZNF568	between_gene	0			
CMCBSN	cg20286200	EYA4	cg20680720	ZNF568	between_gene	103	0.5496090146290032	1.8276372744210882e-09	4.6384296196153875e-09
CMCBSN	cg20286200	EYA4	cg02459604	ZNF568	between_gene	103	0.5833479769801873	1.0048861843071436e-10	2.7772754818404e-10
CMCBSN	cg20286200	EYA4	cg03060201	ZNF568	between_gene	103	0.598987391820059	2.3318570194114683e-11	6.707623995197929e-11
CMCBSN	cg20286200	EYA4	cg03443751	ZNF568	between_gene	103	0.6014804726969205	1.8339243997220616e-11	5.3281834731345866e-11
CMCBSN	cg20286200	EYA4	cg17332326	ZNF793	between_gene	103	0.5148596406449062	2.6370657302111322e-08	6.137470553185409e-08
CMCBSN	cg20286200	EYA4	cg11623861	ZNF793	between_gene	0			
CMCBSN	cg20286200	EYA4	cg14732998	ZNF793	between_gene	0			
CMCBSN	cg20286200	EYA4	cg07482795	ZNF793	between_gene	103	0.44779905987787205	2.1078567217655033e-06	4.36114051315321e-06
CMCBSN	cg20286200	EYA4	cg13181745	ZNF793	between_gene	0			
CMCBSN	cg20286200	EYA4	cg24078985	ZNF793	between_gene	103	0.4811316610288627	2.6839387906477417e-07	5.845072040734523e-07
CMCBSN	cg20286200	EYA4	cg15139588	ZNF793	between_gene	103	0.4798247155471599	2.921996448004101e-07	6.34233671617529e-07
CMCBSN	cg20286200	EYA4	cg25361907	ZNF793	between_gene	103	0.5564732240917278	1.0397246314535515e-09	2.688445553480987e-09
CMCBSN	cg20286200	EYA4	cg20299663	SFMBT2	between_gene	103	0.7777204234942671	4.3822824447844175e-22	4.203446653839171e-21
CMCBSN	cg20286200	EYA4	cg20506550	SFMBT2	between_gene	0			
CMCBSN	cg20286200	EYA4	cg01056653	SFMBT2	between_gene	0			
CMCBSN	cg20286200	EYA4	cg22862480	SFMBT2	between_gene	103	0.7941835434696657	1.4040095932090106e-23	1.727858975793542e-22
CMCBSN	cg20286200	EYA4	cg12767281	SFMBT2	between_gene	103	0.634933883934455	5.908276363437902e-13	1.9762426964371138e-12
CMCBSN	cg20286200	EYA4	cg26878816	SFMBT2	between_gene	103	0.7140974388261653	2.5048842974374156e-17	1.2519622858264785e-16
CMCBSN	cg20286200	EYA4	cg12328063	SFMBT2	between_gene	103	0.7473311953608927	1.232323615740828e-19	8.098570059112897e-19
CMCBSN	cg20286200	EYA4	cg16818993	SFMBT2	between_gene	103	0.6978979044941352	2.563752458137438e-16	1.171423846458945e-15
CMCBSN	cg20286200	EYA4	cg20295442	ADHFE1	between_gene	0			
CMCBSN	cg20286200	EYA4	cg19283840	ADHFE1	between_gene	0			
CMCBSN	cg20286200	EYA4	cg25046651	ADHFE1	between_gene	103	0.7944910600535958	1.3127200703261693e-23	1.6231690348251069e-22
CMCBSN	cg20286200	EYA4	cg01588438	ADHFE1	between_gene	103	0.8393665158371041	1.7118736764275244e-28	9.502720046381726e-27
CMCBSN	cg20286200	EYA4	cg08090772	ADHFE1	between_gene	0			
CMCBSN	cg20286200	EYA4	cg09383816	ADHFE1	between_gene	103	0.8485700478847253	1.1073912852921725e-29	8.025510731464661e-28
CMCBSN	cg20286200	EYA4	cg20912169	ADHFE1	between_gene	103	0.8304924658436937	2.047471020073204e-27	7.419238738015264e-26
CMCBSN	cg20286200	EYA4	cg18065361	ADHFE1	between_gene	103	0.8388503272855071	1.9858208118905188e-28	1.0573482649433394e-26
CMCBSN	cg20286200	EYA4	cg04481096	HOXA2	between_gene	103	0.7434542898563459	2.388663922918643e-19	1.4838152797368427e-18
CMCBSN	cg20286200	EYA4	cg19598584	HOXA2	between_gene	0			
CMCBSN	cg20286200	EYA4	cg09871315	HOXA2	between_gene	0			
CMCBSN	cg20286200	EYA4	cg13661519	HOXA2	between_gene	103	0.5875982954795061	6.808388250127324e-11	1.8917023370162075e-10
CMCBSN	cg20286200	EYA4	cg02803819	HOXA2	between_gene	103	0.6104094363660326	7.625287361847364e-12	2.281464991635295e-11
CMCBSN	cg20286200	EYA4	cg03763508	HOXA2	between_gene	103	0.5739028247594781	2.3400910926667726e-10	6.287639197494964e-10
CMCBSN	cg20286200	EYA4	cg00188704	HOXA2	between_gene	103	0.5882352941176471	6.419390929733112e-11	1.785521421713613e-10
CMCBSN	cg20286200	EYA4	cg06786372	HOXA2	between_gene	103	0.593001801168563	4.116524149527547e-11	1.1660631479430445e-10
CMCBSN	cg20286200	EYA4	cg19236679	GFRA1	between_gene	103	0.7623336115626236	8.460446002912704e-21	6.589045857193803e-20
CMCBSN	cg20286200	EYA4	cg06298519	GFRA1	between_gene	103	0.8021899573869878	2.347420158147658e-24	3.460123837631209e-23
CMCBSN	cg20286200	EYA4	cg19485539	GFRA1	between_gene	103	0.8238479110837763	1.1971333661671713e-26	3.187062196255255e-25
CMCBSN	cg20286200	EYA4	cg18672939	GFRA1	between_gene	103	0.7590387910205157	1.5492788980875875e-20	1.181891416698981e-19
CMCBSN	cg20286200	EYA4	cg27034576	GFRA1	between_gene	103	0.8060119492158327	9.708345084433376e-25	1.5539308175022503e-23
CMCBSN	cg20286200	EYA4	cg18044663	GFRA1	between_gene	103	0.8250010982735141	8.858594547877534e-27	2.5121818668926616e-25
CMCBSN	cg20286200	EYA4	cg15701178	UNC5C	between_gene	103	0.7756886174933005	6.565737877798718e-22	6.0530071106631994e-21
CMCBSN	cg20286200	EYA4	cg03008707	UNC5C	between_gene	103	0.8187738874489303	4.3900044672890386e-26	1.0226358620675983e-24
CMCBSN	cg20286200	EYA4	cg24870497	UNC5C	between_gene	0			
CMCBSN	cg20286200	EYA4	cg13265789	UNC5C	between_gene	103	0.8437815753635287	4.705347851729729e-29	3.0690631362907156e-27
CMCBSN	cg20286200	EYA4	cg12584684	UNC5C	between_gene	103	0.8558296358125029	1.1199589087982392e-30	1.0075768251912435e-28
CMCBSN	cg20286200	EYA4	cg08327106	RALYL	between_gene	0			
CMCBSN	cg20286200	EYA4	cg09757712	RALYL	between_gene	0			
CMCBSN	cg20286200	EYA4	cg11089595	RALYL	between_gene	103	0.735788340728375	8.543000588403615e-19	5.054124384386628e-18
CMCBSN	cg20286200	EYA4	cg01134282	RALYL	between_gene	0			
CMCBSN	cg20286200	EYA4	cg06955749	RALYL	between_gene	103	0.6392391161094759	3.6825958839740857e-13	1.247778267699791e-12
CMCBSN	cg20286200	EYA4	cg11666087	BEND5	between_gene	103	0.7763695470720028	5.736466306369096e-22	5.345157354756061e-21
CMCBSN	cg20286200	EYA4	cg16573178	BEND5	between_gene	103	0.782607740631727	1.6280753260675678e-22	1.6789124607550531e-21
CMCBSN	cg20286200	EYA4	cg06744574	BEND5	between_gene	103	0.7770394939155648	5.020533370356963e-22	4.745859262051202e-21
CMCBSN	cg20286200	EYA4	cg03603214	BEND5	between_gene	103	0.6466304968589378	1.6070765272425905e-13	5.666030621048538e-13
CMCBSN	cg14270292	EYA4	cg06181518	EYA4	within_gene	103	0.7778302508456707	4.287032125613285e-22	1.0373963235262683e-21
CMCBSN	cg14270292	EYA4	cg14287112	EYA4	within_gene	103	0.9800333875148267	1.134027870481405e-72	8.248300087342533e-71
CMCBSN	cg14270292	EYA4	cg01328892	EYA4	within_gene	103	0.8705465009005843	7.140548052913796e-33	2.632039224155434e-32
CMCBSN	cg14270292	EYA4	cg05493394	EYA4	within_gene	103	0.8086697711197997	5.193310511270813e-25	1.4568844531618122e-24
CMCBSN	cg14270292	EYA4	cg26449787	EYA4	within_gene	103	0.9393203883495146	9.892226278687663e-49	9.799486657324966e-48
CMCBSN	cg14270292	EYA4	cg22871668	EYA4	within_gene	103	0.9788802003250889	1.878497751207456e-71	8.506911244753765e-70
CMCBSN	cg14270292	EYA4	cg20980055	EYA4	within_gene	103	0.9562338004656681	1.0280302895154699e-55	1.4812981898927453e-54
CMCBSN	cg14270292	EYA4	cg06611358	ZNF568	between_gene	0			
CMCBSN	cg14270292	EYA4	cg27390819	ZNF568	between_gene	103	0.7702301981285419	1.905612844474871e-21	1.6354420760641244e-20
CMCBSN	cg14270292	EYA4	cg20154403	ZNF568	between_gene	103	0.6693537758643413	1.0828081260745842e-14	4.229111378635614e-14
CMCBSN	cg14270292	EYA4	cg21761844	ZNF568	between_gene	0			
CMCBSN	cg14270292	EYA4	cg20680720	ZNF568	between_gene	103	0.559043184114572	8.390009212333269e-10	2.1911445480457955e-09
CMCBSN	cg14270292	EYA4	cg02459604	ZNF568	between_gene	103	0.6115736062909106	6.7870788883333675e-12	2.0400332741545802e-11
CMCBSN	cg14270292	EYA4	cg03060201	ZNF568	between_gene	103	0.6341431270043493	6.439051055023641e-13	2.142791352366923e-12
CMCBSN	cg14270292	EYA4	cg03443751	ZNF568	between_gene	103	0.6409524227913719	3.044726825243202e-13	1.0411130127207751e-12
CMCBSN	cg14270292	EYA4	cg17332326	ZNF793	between_gene	103	0.4553551816544393	1.346323359135979e-06	2.801082650706355e-06
CMCBSN	cg14270292	EYA4	cg11623861	ZNF793	between_gene	0			
CMCBSN	cg14270292	EYA4	cg14732998	ZNF793	between_gene	0			
CMCBSN	cg14270292	EYA4	cg07482795	ZNF793	between_gene	103	0.37901418969380135	7.881324379430087e-05	0.00015322187262245229
CMCBSN	cg14270292	EYA4	cg13181745	ZNF793	between_gene	0			
CMCBSN	cg14270292	EYA4	cg24078985	ZNF793	between_gene	103	0.41021614022756225	1.6818476731232172e-05	3.341919709960757e-05
CMCBSN	cg14270292	EYA4	cg15139588	ZNF793	between_gene	103	0.4026160875104336	2.485545370603731e-05	4.901578134471001e-05
CMCBSN	cg14270292	EYA4	cg25361907	ZNF793	between_gene	103	0.4772547555243158	3.449909960068338e-07	7.45717902718997e-07
CMCBSN	cg14270292	EYA4	cg20299663	SFMBT2	between_gene	103	0.7948534903132276	1.2125410466406111e-23	1.5209228801371897e-22
CMCBSN	cg14270292	EYA4	cg20506550	SFMBT2	between_gene	0			
CMCBSN	cg14270292	EYA4	cg01056653	SFMBT2	between_gene	0			
CMCBSN	cg14270292	EYA4	cg22862480	SFMBT2	between_gene	103	0.8299543118218162	2.368982881048817e-27	8.466679913227896e-26
CMCBSN	cg14270292	EYA4	cg12767281	SFMBT2	between_gene	103	0.660205157492422	3.298701221326874e-14	1.2365390066726746e-13
CMCBSN	cg14270292	EYA4	cg26878816	SFMBT2	between_gene	103	0.7128783552255854	3.000662958043682e-17	1.4940323773923598e-16
CMCBSN	cg14270292	EYA4	cg12328063	SFMBT2	between_gene	103	0.7770614593858455	4.998598803662915e-22	4.745859262051202e-21
CMCBSN	cg14270292	EYA4	cg16818993	SFMBT2	between_gene	103	0.7285507182708783	2.7341291508968038e-18	1.504924673985182e-17
CMCBSN	cg14270292	EYA4	cg20295442	ADHFE1	between_gene	0			
CMCBSN	cg14270292	EYA4	cg19283840	ADHFE1	between_gene	0			
CMCBSN	cg14270292	EYA4	cg25046651	ADHFE1	between_gene	103	0.8354127311865748	5.266966387829688e-28	2.3692267768702856e-26
CMCBSN	cg14270292	EYA4	cg01588438	ADHFE1	between_gene	103	0.8875258094275799	9.123381531666899e-36	2.1518164472610597e-32
CMCBSN	cg14270292	EYA4	cg08090772	ADHFE1	between_gene	0			
CMCBSN	cg14270292	EYA4	cg09383816	ADHFE1	between_gene	103	0.8834402319553663	4.978805497495558e-35	3.247425885741478e-32
CMCBSN	cg14270292	EYA4	cg20912169	ADHFE1	between_gene	103	0.8851425559021219	2.4743002459881866e-35	2.1518164472610597e-32
CMCBSN	cg14270292	EYA4	cg18065361	ADHFE1	between_gene	103	0.8714031542415324	5.2208519703262145e-33	8.012472229753584e-31
CMCBSN	cg14270292	EYA4	cg04481096	HOXA2	between_gene	103	0.7725585379782982	1.2139912063811863e-21	1.073662053372378e-20
CMCBSN	cg14270292	EYA4	cg19598584	HOXA2	between_gene	0			
CMCBSN	cg14270292	EYA4	cg09871315	HOXA2	between_gene	0			
CMCBSN	cg14270292	EYA4	cg13661519	HOXA2	between_gene	103	0.6402275622721083	3.3003513112361953e-13	1.1255707935967624e-12
CMCBSN	cg14270292	EYA4	cg02803819	HOXA2	between_gene	103	0.6751416772833106	5.2427691553831e-15	2.1076093569174897e-14
CMCBSN	cg14270292	EYA4	cg03763508	HOXA2	between_gene	103	0.6300465667969951	1.0015430805982955e-12	3.254079573201685e-12
CMCBSN	cg14270292	EYA4	cg00188704	HOXA2	between_gene	103	0.6274326758335897	1.3231488497872886e-12	4.235699814840534e-12
CMCBSN	cg14270292	EYA4	cg06786372	HOXA2	between_gene	103	0.6530224487106269	7.701446353802236e-14	2.794586027408906e-13
CMCBSN	cg14270292	EYA4	cg19236679	GFRA1	between_gene	103	0.7896476738566973	3.735607894371726e-23	4.237478694093841e-22
CMCBSN	cg14270292	EYA4	cg06298519	GFRA1	between_gene	103	0.835204059218908	5.584202628754659e-28	2.4693533319357466e-26
CMCBSN	cg14270292	EYA4	cg19485539	GFRA1	between_gene	103	0.8661643895795809	3.424137594413049e-32	4.4667874919118224e-30
CMCBSN	cg14270292	EYA4	cg18672939	GFRA1	between_gene	103	0.7928546325176823	1.8749042637950635e-23	2.26464130751913e-22
CMCBSN	cg14270292	EYA4	cg27034576	GFRA1	between_gene	103	0.8425185608223873	6.835978831399697e-29	4.246444945505193e-27
CMCBSN	cg14270292	EYA4	cg18044663	GFRA1	between_gene	103	0.8333699424504679	9.304758932251955e-28	3.623300903618709e-26
CMCBSN	cg14270292	EYA4	cg15701178	UNC5C	between_gene	103	0.7721851249835259	1.305498377694644e-21	1.1506909687180156e-20
CMCBSN	cg14270292	EYA4	cg03008707	UNC5C	between_gene	103	0.8480868075385495	1.2843548784327018e-29	9.05643750765113e-28
CMCBSN	cg14270292	EYA4	cg24870497	UNC5C	between_gene	0			
CMCBSN	cg14270292	EYA4	cg13265789	UNC5C	between_gene	103	0.8270548697447612	5.153111884293364e-27	1.6598109760643688e-25
CMCBSN	cg14270292	EYA4	cg12584684	UNC5C	between_gene	103	0.8295918815621842	2.6127474400209542e-27	9.08887742801956e-26
CMCBSN	cg14270292	EYA4	cg08327106	RALYL	between_gene	0			
CMCBSN	cg14270292	EYA4	cg09757712	RALYL	between_gene	0			
CMCBSN	cg14270292	EYA4	cg11089595	RALYL	between_gene	103	0.7234657119008918	6.055978195375884e-18	3.2157824771444456e-17
CMCBSN	cg14270292	EYA4	cg01134282	RALYL	between_gene	0			
CMCBSN	cg14270292	EYA4	cg06955749	RALYL	between_gene	103	0.6222158766419188	2.2888458835466857e-12	7.160190539776143e-12
CMCBSN	cg14270292	EYA4	cg11666087	BEND5	between_gene	103	0.7561832798840223	2.5969105773542608e-20	1.9085463933288075e-19
CMCBSN	cg14270292	EYA4	cg16573178	BEND5	between_gene	103	0.7651342090234152	5.0199928556560215e-21	4.105693216428389e-20
CMCBSN	cg14270292	EYA4	cg06744574	BEND5	between_gene	103	0.7516583930061944	5.803490514696922e-20	4.037681800758472e-19
CMCBSN	cg14270292	EYA4	cg03603214	BEND5	between_gene	103	0.624478320080833	1.8069297258113146e-12	5.700459074536542e-12
CMCBSN	cg06181518	EYA4	cg14287112	EYA4	within_gene	103	0.7778302508456707	4.287032125613285e-22	1.0373963235262683e-21
CMCBSN	cg06181518	EYA4	cg01328892	EYA4	within_gene	103	0.7881979528181698	5.0815354207033366e-23	1.3423722736357983e-22
CMCBSN	cg06181518	EYA4	cg05493394	EYA4	within_gene	103	0.7457386987655406	1.6196412000010644e-19	3.540870761381637e-19
CMCBSN	cg06181518	EYA4	cg26449787	EYA4	within_gene	103	0.765617449369591	4.584262430153726e-21	1.0607380951523584e-20
CMCBSN	cg06181518	EYA4	cg22871668	EYA4	within_gene	103	0.7674515661380311	3.2414229731745077e-21	7.668142406688948e-21
CMCBSN	cg06181518	EYA4	cg20980055	EYA4	within_gene	103	0.7870337828932917	6.494606495112231e-23	1.6875329991398175e-22
CMCBSN	cg06181518	EYA4	cg06611358	ZNF568	between_gene	0			
CMCBSN	cg06181518	EYA4	cg27390819	ZNF568	between_gene	103	0.6707156350217458	9.142617448992109e-15	3.614104382487941e-14
CMCBSN	cg06181518	EYA4	cg20154403	ZNF568	between_gene	103	0.7004678645169794	1.791185626802461e-16	8.359934347634384e-16
CMCBSN	cg06181518	EYA4	cg21761844	ZNF568	between_gene	0			
CMCBSN	cg06181518	EYA4	cg20680720	ZNF568	between_gene	103	0.6349558494047358	5.894153778870354e-13	1.9740497059143457e-12
CMCBSN	cg06181518	EYA4	cg02459604	ZNF568	between_gene	103	0.6705399112595	9.344879523796776e-15	3.682898893895134e-14
CMCBSN	cg06181518	EYA4	cg03060201	ZNF568	between_gene	103	0.6935377586434127	4.670619407301139e-16	2.0684588783643102e-15
CMCBSN	cg06181518	EYA4	cg03443751	ZNF568	between_gene	103	0.684444053947195	1.5780444742989648e-15	6.597945566419871e-15
CMCBSN	cg06181518	EYA4	cg17332326	ZNF793	between_gene	103	0.4604072398190046	9.916363761091484e-07	2.07638788544845e-06
CMCBSN	cg06181518	EYA4	cg11623861	ZNF793	between_gene	0			
CMCBSN	cg06181518	EYA4	cg14732998	ZNF793	between_gene	0			
CMCBSN	cg06181518	EYA4	cg07482795	ZNF793	between_gene	103	0.4444163774546413	2.5674385629135e-06	5.295215186277725e-06
CMCBSN	cg06181518	EYA4	cg13181745	ZNF793	between_gene	0			
CMCBSN	cg06181518	EYA4	cg24078985	ZNF793	between_gene	103	0.4791767341738787	3.047343326392217e-07	6.603420879200411e-07
CMCBSN	cg06181518	EYA4	cg15139588	ZNF793	between_gene	103	0.4199358608267803	1.0063651764962618e-05	2.0274955563542446e-05
CMCBSN	cg06181518	EYA4	cg25361907	ZNF793	between_gene	103	0.4736963493388394	4.332219328570735e-07	9.249394622128517e-07
CMCBSN	cg06181518	EYA4	cg20299663	SFMBT2	between_gene	103	0.668519087993674	1.2005982283725361e-14	4.6821536290343e-14
CMCBSN	cg06181518	EYA4	cg20506550	SFMBT2	between_gene	0			
CMCBSN	cg06181518	EYA4	cg01056653	SFMBT2	between_gene	0			
CMCBSN	cg06181518	EYA4	cg22862480	SFMBT2	between_gene	103	0.7351293766199535	9.512400496096863e-19	5.564541007694331e-18
CMCBSN	cg06181518	EYA4	cg12767281	SFMBT2	between_gene	103	0.6585138162808066	4.036002128726557e-14	1.4978562665501545e-13
CMCBSN	cg06181518	EYA4	cg26878816	SFMBT2	between_gene	103	0.6983042656943286	2.423039958597234e-16	1.1149402560811612e-15
CMCBSN	cg06181518	EYA4	cg12328063	SFMBT2	between_gene	103	0.6779203092738216	3.67959306089635e-15	1.490692281968723e-14
CMCBSN	cg06181518	EYA4	cg16818993	SFMBT2	between_gene	103	0.6889140271493214	8.722298691140115e-16	3.7483468320556745e-15
CMCBSN	cg06181518	EYA4	cg20295442	ADHFE1	between_gene	0			
CMCBSN	cg06181518	EYA4	cg19283840	ADHFE1	between_gene	0			
CMCBSN	cg06181518	EYA4	cg25046651	ADHFE1	between_gene	103	0.59046478935114	5.2194936320068215e-11	1.461122198058562e-10
CMCBSN	cg06181518	EYA4	cg01588438	ADHFE1	between_gene	103	0.6804463383561041	2.6579985158608288e-15	1.088652767328242e-14
CMCBSN	cg06181518	EYA4	cg08090772	ADHFE1	between_gene	0			
CMCBSN	cg06181518	EYA4	cg09383816	ADHFE1	between_gene	103	0.6708693933137109	8.969123077921961e-15	3.5509016859329887e-14
CMCBSN	cg06181518	EYA4	cg20912169	ADHFE1	between_gene	103	0.6784694460308396	3.429364170373937e-15	1.395820767629579e-14
CMCBSN	cg06181518	EYA4	cg18065361	ADHFE1	between_gene	103	0.6936036550542548	4.628836111135066e-16	2.057348111405688e-15
CMCBSN	cg06181518	EYA4	cg04481096	HOXA2	between_gene	103	0.5712559855906515	2.9514342416476976e-10	7.857440751488615e-10
CMCBSN	cg06181518	EYA4	cg19598584	HOXA2	between_gene	0			
CMCBSN	cg06181518	EYA4	cg09871315	HOXA2	between_gene	0			
CMCBSN	cg06181518	EYA4	cg13661519	HOXA2	between_gene	103	0.5558252427184467	1.0971893494362785e-09	2.820263066679065e-09
CMCBSN	cg06181518	EYA4	cg02803819	HOXA2	between_gene	103	0.5828867021042922	1.0478989400308306e-10	2.8930881846988753e-10
CMCBSN	cg06181518	EYA4	cg03763508	HOXA2	between_gene	103	0.5407459473707332	3.7164687090426827e-09	9.208230638074415e-09
CMCBSN	cg06181518	EYA4	cg00188704	HOXA2	between_gene	103	0.5554298642533937	1.1337376364635077e-09	2.908477378105498e-09
CMCBSN	cg06181518	EYA4	cg06786372	HOXA2	between_gene	103	0.5594056143742038	8.138814597518526e-10	2.1276720726378594e-09
CMCBSN	cg06181518	EYA4	cg19236679	GFRA1	between_gene	103	0.6663994201115847	1.5582533619058614e-14	6.049825924423203e-14
CMCBSN	cg06181518	EYA4	cg06298519	GFRA1	between_gene	103	0.6978429908184335	2.5833655561668654e-16	1.1783218069998867e-15
CMCBSN	cg06181518	EYA4	cg19485539	GFRA1	between_gene	103	0.6901770416904627	7.362688827781788e-16	3.1750834961458982e-15
CMCBSN	cg06181518	EYA4	cg18672939	GFRA1	between_gene	103	0.7422791371963274	2.912488996867642e-19	1.8006359698643787e-18
CMCBSN	cg06181518	EYA4	cg27034576	GFRA1	between_gene	103	0.7244651407986645	5.1869553080068245e-18	2.778802135234046e-17
CMCBSN	cg06181518	EYA4	cg18044663	GFRA1	between_gene	103	0.7024777050476652	1.3495609699778718e-16	6.355603918180988e-16
CMCBSN	cg06181518	EYA4	cg15701178	UNC5C	between_gene	103	0.7143610244695339	2.4086644761938546e-17	1.206181500650627e-16
CMCBSN	cg06181518	EYA4	cg03008707	UNC5C	between_gene	103	0.7336357246408646	1.2122309263455823e-18	6.966322658228248e-18
CMCBSN	cg06181518	EYA4	cg24870497	UNC5C	between_gene	0			
CMCBSN	cg06181518	EYA4	cg13265789	UNC5C	between_gene	103	0.7536243025963187	4.100966627709835e-20	2.9394016295865275e-19
CMCBSN	cg06181518	EYA4	cg12584684	UNC5C	between_gene	103	0.7147344374643061	2.2784741327292475e-17	1.1431805792866552e-16
CMCBSN	cg06181518	EYA4	cg08327106	RALYL	between_gene	0			
CMCBSN	cg06181518	EYA4	cg09757712	RALYL	between_gene	0			
CMCBSN	cg06181518	EYA4	cg11089595	RALYL	between_gene	103	0.630255238764662	9.794126211472416e-13	3.1861440505899667e-12
CMCBSN	cg06181518	EYA4	cg01134282	RALYL	between_gene	0			
CMCBSN	cg06181518	EYA4	cg06955749	RALYL	between_gene	103	0.6533738962351184	7.3923988142513e-14	2.6861794577133204e-13
CMCBSN	cg06181518	EYA4	cg11666087	BEND5	between_gene	103	0.6879585291921101	9.90966911606093e-16	4.224563190163883e-15
CMCBSN	cg06181518	EYA4	cg16573178	BEND5	between_gene	103	0.6865417563590037	1.1963440149475761e-15	5.066983011360757e-15
CMCBSN	cg06181518	EYA4	cg06744574	BEND5	between_gene	103	0.6910556605016913	6.540621526165778e-16	2.8393480136050776e-15
CMCBSN	cg06181518	EYA4	cg03603214	BEND5	between_gene	103	0.6833457804331592	1.8225722516202595e-15	7.60814560716361e-15
CMCBSN	cg14287112	EYA4	cg01328892	EYA4	within_gene	103	0.8485151342090234	1.1262342965017814e-29	3.6430231835822923e-29
CMCBSN	cg14287112	EYA4	cg05493394	EYA4	within_gene	103	0.7842331854325001	1.1646333701546528e-22	2.9535102267121995e-22
CMCBSN	cg14287112	EYA4	cg26449787	EYA4	within_gene	103	0.9294908403988931	1.517242146457265e-45	1.0020120008894855e-44
CMCBSN	cg14287112	EYA4	cg22871668	EYA4	within_gene	103	0.9832073979703906	1.9564270905623434e-76	2.0672912923608763e-74
CMCBSN	cg14287112	EYA4	cg20980055	EYA4	within_gene	103	0.9508632429820322	3.109015531005772e-53	3.790607397418576e-52
CMCBSN	cg14287112	EYA4	cg06611358	ZNF568	between_gene	0			
CMCBSN	cg14287112	EYA4	cg27390819	ZNF568	between_gene	103	0.7621139568598163	8.811321112300194e-21	6.821583614834185e-20
CMCBSN	cg14287112	EYA4	cg20154403	ZNF568	between_gene	103	0.6698919298862189	1.0128866871390343e-14	3.973866716910888e-14
CMCBSN	cg14287112	EYA4	cg21761844	ZNF568	between_gene	0			
CMCBSN	cg14287112	EYA4	cg20680720	ZNF568	between_gene	103	0.5625466766243467	6.244283799512275e-10	1.647253431034128e-09
CMCBSN	cg14287112	EYA4	cg02459604	ZNF568	between_gene	103	0.6333194218688223	7.040862623631182e-13	2.330985388642102e-12
CMCBSN	cg14287112	EYA4	cg03060201	ZNF568	between_gene	103	0.6359003646268067	5.316812202272954e-13	1.787572556150791e-12
CMCBSN	cg14287112	EYA4	cg03443751	ZNF568	between_gene	103	0.6351315731669817	5.782341858926704e-13	1.941586860996109e-12
CMCBSN	cg14287112	EYA4	cg17332326	ZNF793	between_gene	103	0.4928063084830646	1.236494682293771e-07	2.745544362642084e-07
CMCBSN	cg14287112	EYA4	cg11623861	ZNF793	between_gene	0			
CMCBSN	cg14287112	EYA4	cg14732998	ZNF793	between_gene	0			
CMCBSN	cg14287112	EYA4	cg07482795	ZNF793	between_gene	103	0.41393928744014413	1.3841083639297897e-05	2.758700321996044e-05
CMCBSN	cg14287112	EYA4	cg13181745	ZNF793	between_gene	0			
CMCBSN	cg14287112	EYA4	cg24078985	ZNF793	between_gene	103	0.4430105873566753	2.785026204431854e-06	5.725873417937516e-06
CMCBSN	cg14287112	EYA4	cg15139588	ZNF793	between_gene	103	0.4394961121117603	3.4077399365940107e-06	6.978644815207044e-06
CMCBSN	cg14287112	EYA4	cg25361907	ZNF793	between_gene	103	0.5111804243728859	3.438741330744862e-08	7.939536399923314e-08
CMCBSN	cg14287112	EYA4	cg20299663	SFMBT2	between_gene	103	0.7815753635285331	2.0110870312524658e-22	2.0258401793581788e-21
CMCBSN	cg14287112	EYA4	cg20506550	SFMBT2	between_gene	0			
CMCBSN	cg14287112	EYA4	cg01056653	SFMBT2	between_gene	0			
CMCBSN	cg14287112	EYA4	cg22862480	SFMBT2	between_gene	103	0.8103611123314151	3.4699644758452515e-25	6.243542977572594e-24
CMCBSN	cg14287112	EYA4	cg12767281	SFMBT2	between_gene	103	0.6542195668409262	6.697142707889159e-14	2.440341525821622e-13
CMCBSN	cg14287112	EYA4	cg26878816	SFMBT2	between_gene	103	0.7196766682774678	1.0828815621997716e-17	5.594530684711295e-17
CMCBSN	cg14287112	EYA4	cg12328063	SFMBT2	between_gene	103	0.7545468523481087	3.4804042631461624e-20	2.515339258323639e-19
CMCBSN	cg14287112	EYA4	cg16818993	SFMBT2	between_gene	103	0.7265408777401924	3.7518768713515865e-18	2.0393014077825604e-17
CMCBSN	cg14287112	EYA4	cg20295442	ADHFE1	between_gene	0			
CMCBSN	cg14287112	EYA4	cg19283840	ADHFE1	between_gene	0			
CMCBSN	cg14287112	EYA4	cg25046651	ADHFE1	between_gene	103	0.8315797566225892	1.5224935595714709e-27	5.594627742143616e-26
CMCBSN	cg14287112	EYA4	cg01588438	ADHFE1	between_gene	103	0.8807714273162589	1.458166004725093e-34	5.35001042260491e-32
CMCBSN	cg14287112	EYA4	cg08090772	ADHFE1	between_gene	0			
CMCBSN	cg14287112	EYA4	cg09383816	ADHFE1	between_gene	103	0.8814962878355227	1.0918572604295726e-34	5.35001042260491e-32
CMCBSN	cg14287112	EYA4	cg20912169	ADHFE1	between_gene	103	0.8789153450775382	3.0327622940667933e-34	7.912476825220264e-32
CMCBSN	cg14287112	EYA4	cg18065361	ADHFE1	between_gene	103	0.8711834995387251	5.658526072296747e-33	8.201719179234564e-31
CMCBSN	cg14287112	EYA4	cg04481096	HOXA2	between_gene	103	0.74969248341607	8.186400257326174e-20	5.504721203959791e-19
CMCBSN	cg14287112	EYA4	cg19598584	HOXA2	between_gene	0			
CMCBSN	cg14287112	EYA4	cg09871315	HOXA2	between_gene	0			
CMCBSN	cg14287112	EYA4	cg13661519	HOXA2	between_gene	103	0.6315841497166454	8.491711774318758e-13	2.783275881808749e-12
CMCBSN	cg14287112	EYA4	cg02803819	HOXA2	between_gene	103	0.6654439221543733	1.7513934311917547e-14	6.739506581090396e-14
CMCBSN	cg14287112	EYA4	cg03763508	HOXA2	between_gene	103	0.6243794754645697	1.8257630891870044e-12	5.752917753247457e-12
CMCBSN	cg14287112	EYA4	cg00188704	HOXA2	between_gene	103	0.626466195141238	1.4656788756487132e-12	4.669055172854082e-12
CMCBSN	cg14287112	EYA4	cg06786372	HOXA2	between_gene	103	0.6428963669112157	2.450145751669692e-13	8.455595590087602e-13
CMCBSN	cg14287112	EYA4	cg19236679	GFRA1	between_gene	103	0.7743047928656153	8.626266745762599e-22	7.81455900683841e-21
CMCBSN	cg14287112	EYA4	cg06298519	GFRA1	between_gene	103	0.8210692790932653	2.4512305592148233e-26	6.149288970184109e-25
CMCBSN	cg14287112	EYA4	cg19485539	GFRA1	between_gene	103	0.8421780960330361	7.555838331539379e-29	4.480268683405964e-27
CMCBSN	cg14287112	EYA4	cg18672939	GFRA1	between_gene	103	0.7902736897596979	3.268365322398403e-23	3.773081914220104e-22
CMCBSN	cg14287112	EYA4	cg27034576	GFRA1	between_gene	103	0.8337433554452401	8.390321686141162e-28	3.420367074865983e-26
CMCBSN	cg14287112	EYA4	cg18044663	GFRA1	between_gene	103	0.8323485480824144	1.2331812317277134e-27	4.66285483127189e-26
CMCBSN	cg14287112	EYA4	cg15701178	UNC5C	between_gene	103	0.763234195844133	7.158762337283763e-21	5.64266191479557e-20
CMCBSN	cg14287112	EYA4	cg03008707	UNC5C	between_gene	103	0.8360716952949964	4.376374597649382e-28	2.0031511096960065e-26
CMCBSN	cg14287112	EYA4	cg24870497	UNC5C	between_gene	0			
CMCBSN	cg14287112	EYA4	cg13265789	UNC5C	between_gene	103	0.8220687079910383	1.8969621880055502e-26	4.80502363932668e-25
CMCBSN	cg14287112	EYA4	cg12584684	UNC5C	between_gene	103	0.8188397838597725	4.317669657092756e-26	1.014846859040991e-24
CMCBSN	cg14287112	EYA4	cg08327106	RALYL	between_gene	0			
CMCBSN	cg14287112	EYA4	cg09757712	RALYL	between_gene	0			
CMCBSN	cg14287112	EYA4	cg11089595	RALYL	between_gene	103	0.7259587927777534	4.109827289751055e-18	2.215400702264567e-17
CMCBSN	cg14287112	EYA4	cg01134282	RALYL	between_gene	0			
CMCBSN	cg14287112	EYA4	cg06955749	RALYL	between_gene	103	0.6155713218820015	4.5334845779181215e-12	1.3882466272052088e-11
CMCBSN	cg14287112	EYA4	cg11666087	BEND5	between_gene	103	0.7578636383604973	1.91789185808989e-20	1.4378677752173915e-19
CMCBSN	cg14287112	EYA4	cg16573178	BEND5	between_gene	103	0.7573254843386197	2.1139625647613614e-20	1.5758080947035406e-19
CMCBSN	cg14287112	EYA4	cg06744574	BEND5	between_gene	103	0.7486601063128762	9.794847011128144e-20	6.502482405097539e-19
CMCBSN	cg14287112	EYA4	cg03603214	BEND5	between_gene	103	0.6187892632781268	3.262557686101296e-12	1.0073388169276071e-11
CMCBSN	cg01328892	EYA4	cg05493394	EYA4	within_gene	103	0.8523151605675878	3.448224622669745e-30	1.1386325056107388e-29
CMCBSN	cg01328892	EYA4	cg26449787	EYA4	within_gene	103	0.880013618591574	1.969197349715937e-34	8.003019998204513e-34
CMCBSN	cg01328892	EYA4	cg22871668	EYA4	within_gene	103	0.8453411237534596	2.953285146462639e-29	9.361913914286564e-29
CMCBSN	cg01328892	EYA4	cg20980055	EYA4	within_gene	103	0.8633198611782279	9.199008615390697e-32	3.313733785316876e-31
CMCBSN	cg01328892	EYA4	cg06611358	ZNF568	between_gene	0			
CMCBSN	cg01328892	EYA4	cg27390819	ZNF568	between_gene	103	0.7406097614549928	3.8529133027371864e-19	2.3486567305704017e-18
CMCBSN	cg01328892	EYA4	cg20154403	ZNF568	between_gene	103	0.7184685674120284	1.3007309158960388e-17	6.66720424277557e-17
CMCBSN	cg01328892	EYA4	cg21761844	ZNF568	between_gene	0			
CMCBSN	cg01328892	EYA4	cg20680720	ZNF568	between_gene	103	0.6979418354346967	2.548166097026111e-16	1.1663447977440567e-15
CMCBSN	cg01328892	EYA4	cg02459604	ZNF568	between_gene	103	0.63356104204191	6.858914162723327e-13	2.2767057316215213e-12
CMCBSN	cg01328892	EYA4	cg03060201	ZNF568	between_gene	103	0.6985458858674163	2.342957417311092e-16	1.0799957423612437e-15
CMCBSN	cg01328892	EYA4	cg03443751	ZNF568	between_gene	103	0.7202807187101877	9.876919713753027e-18	5.143489727181966e-17
CMCBSN	cg01328892	EYA4	cg17332326	ZNF793	between_gene	103	0.48280103677019726	2.4066184152881113e-07	5.254282381160404e-07
CMCBSN	cg01328892	EYA4	cg11623861	ZNF793	between_gene	0			
CMCBSN	cg01328892	EYA4	cg14732998	ZNF793	between_gene	0			
CMCBSN	cg01328892	EYA4	cg07482795	ZNF793	between_gene	103	0.4789131485305101	3.099780915784982e-07	6.711475858326155e-07
CMCBSN	cg01328892	EYA4	cg13181745	ZNF793	between_gene	0			
CMCBSN	cg01328892	EYA4	cg24078985	ZNF793	between_gene	103	0.4799674911039845	2.8950446951361924e-07	6.28906878402192e-07
CMCBSN	cg01328892	EYA4	cg15139588	ZNF793	between_gene	103	0.4304792865615253	5.660981286958432e-06	1.146700324353614e-05
CMCBSN	cg01328892	EYA4	cg25361907	ZNF793	between_gene	103	0.5107960286429732	3.5348020523004384e-08	8.154110127720463e-08
CMCBSN	cg01328892	EYA4	cg20299663	SFMBT2	between_gene	103	0.7700874225717173	1.9586984520599508e-21	1.6754899217784956e-20
CMCBSN	cg01328892	EYA4	cg20506550	SFMBT2	between_gene	0			
CMCBSN	cg01328892	EYA4	cg01056653	SFMBT2	between_gene	0			
CMCBSN	cg01328892	EYA4	cg22862480	SFMBT2	between_gene	103	0.8009598910512675	3.106150617137846e-24	4.452718109952e-23
CMCBSN	cg01328892	EYA4	cg12767281	SFMBT2	between_gene	103	0.7158766419189035	1.9212702093346966e-17	9.676822347788077e-17
CMCBSN	cg01328892	EYA4	cg26878816	SFMBT2	between_gene	103	0.7529873039581778	4.5909691648566925e-20	3.2726334839101394e-19
CMCBSN	cg01328892	EYA4	cg12328063	SFMBT2	between_gene	103	0.7933927865395599	1.668104911142647e-23	2.0242259131028683e-22
CMCBSN	cg01328892	EYA4	cg16818993	SFMBT2	between_gene	103	0.7493630013618591	8.669565011646491e-20	5.814625993672416e-19
CMCBSN	cg01328892	EYA4	cg20295442	ADHFE1	between_gene	0			
CMCBSN	cg01328892	EYA4	cg19283840	ADHFE1	between_gene	0			
CMCBSN	cg01328892	EYA4	cg25046651	ADHFE1	between_gene	103	0.6996002284408909	2.0225633828122227e-16	9.40618157888964e-16
CMCBSN	cg01328892	EYA4	cg01588438	ADHFE1	between_gene	103	0.7580942757984449	1.8393879431349864e-20	1.3829864967259882e-19
CMCBSN	cg01328892	EYA4	cg08090772	ADHFE1	between_gene	0			
CMCBSN	cg01328892	EYA4	cg09383816	ADHFE1	between_gene	103	0.7509335324869306	6.590803808669152e-20	4.525107141267847e-19
CMCBSN	cg01328892	EYA4	cg20912169	ADHFE1	between_gene	103	0.7501537582919651	7.553737110142937e-20	5.1056217928401355e-19
CMCBSN	cg01328892	EYA4	cg18065361	ADHFE1	between_gene	103	0.7515705311250714	5.893811618286789e-20	4.0787677750955524e-19
CMCBSN	cg01328892	EYA4	cg04481096	HOXA2	between_gene	103	0.6568224750691913	4.9317549661780245e-14	1.8199361678583405e-13
CMCBSN	cg01328892	EYA4	cg19598584	HOXA2	between_gene	0			
CMCBSN	cg01328892	EYA4	cg09871315	HOXA2	between_gene	0			
CMCBSN	cg01328892	EYA4	cg13661519	HOXA2	between_gene	103	0.5594824935201863	8.086467469478056e-10	2.116107685844358e-09
CMCBSN	cg01328892	EYA4	cg02803819	HOXA2	between_gene	103	0.5910798225190002	4.928527262011266e-11	1.384125686392615e-10
CMCBSN	cg01328892	EYA4	cg03763508	HOXA2	between_gene	103	0.5556385362210605	1.1143050164674931e-09	2.8614387676807966e-09
CMCBSN	cg01328892	EYA4	cg00188704	HOXA2	between_gene	103	0.5454904889513685	2.5482296913163732e-09	6.3987788880119516e-09
CMCBSN	cg01328892	EYA4	cg06786372	HOXA2	between_gene	103	0.5810855335412731	1.233457013126352e-10	3.376798895327022e-10
CMCBSN	cg01328892	EYA4	cg19236679	GFRA1	between_gene	103	0.8495475113122173	8.19184050190035e-30	6.106431962702289e-28
CMCBSN	cg01328892	EYA4	cg06298519	GFRA1	between_gene	103	0.843550937925581	5.0387118076172906e-29	3.2063412453837833e-27
CMCBSN	cg01328892	EYA4	cg19485539	GFRA1	between_gene	103	0.845593726661688	2.7373520616529684e-29	1.879408297066472e-27
CMCBSN	cg01328892	EYA4	cg18672939	GFRA1	between_gene	103	0.812008522602469	2.333783739273497e-25	4.510253167233003e-24
CMCBSN	cg01328892	EYA4	cg27034576	GFRA1	between_gene	103	0.838169397706805	2.413442819582783e-28	1.2108985223637465e-26
CMCBSN	cg01328892	EYA4	cg18044663	GFRA1	between_gene	103	0.8580920792514168	5.3444569841798685e-31	5.16432898952788e-29
CMCBSN	cg01328892	EYA4	cg15701178	UNC5C	between_gene	103	0.7772042349426701	4.858282492095503e-22	4.642952022665629e-21
CMCBSN	cg01328892	EYA4	cg03008707	UNC5C	between_gene	103	0.7768198392127575	5.245099875229426e-22	4.933244889866567e-21
CMCBSN	cg01328892	EYA4	cg24870497	UNC5C	between_gene	0			
CMCBSN	cg01328892	EYA4	cg13265789	UNC5C	between_gene	103	0.8266265430742873	5.772936302704049e-27	1.7719518604417487e-25
CMCBSN	cg01328892	EYA4	cg12584684	UNC5C	between_gene	103	0.832150858849888	1.3019881664123322e-27	4.8526958945282497e-26
CMCBSN	cg01328892	EYA4	cg08327106	RALYL	between_gene	0			
CMCBSN	cg01328892	EYA4	cg09757712	RALYL	between_gene	0			
CMCBSN	cg01328892	EYA4	cg11089595	RALYL	between_gene	103	0.7026094978693493	1.3246299288028291e-16	6.260796167113372e-16
CMCBSN	cg01328892	EYA4	cg01134282	RALYL	between_gene	0			
CMCBSN	cg01328892	EYA4	cg06955749	RALYL	between_gene	103	0.7094078109212318	4.992128141196102e-17	2.4714349754042944e-16
CMCBSN	cg01328892	EYA4	cg11666087	BEND5	between_gene	103	0.8342705267319773	7.247080206153872e-28	3.0012114695008656e-26
CMCBSN	cg01328892	EYA4	cg16573178	BEND5	between_gene	103	0.8336664762992575	8.571114250043246e-28	3.4296987709785707e-26
CMCBSN	cg01328892	EYA4	cg06744574	BEND5	between_gene	103	0.8267803013662522	5.5424927098135434e-27	1.721471842845659e-25
CMCBSN	cg01328892	EYA4	cg03603214	BEND5	between_gene	103	0.8030575934630761	1.9243409237154947e-24	2.909411756236432e-23
CMCBSN	cg05493394	EYA4	cg26449787	EYA4	within_gene	103	0.8249461845978123	8.986984910134035e-27	2.6136460701949443e-26
CMCBSN	cg05493394	EYA4	cg22871668	EYA4	within_gene	103	0.784749373984097	1.0464653875210675e-22	2.6752381277756323e-22
CMCBSN	cg05493394	EYA4	cg20980055	EYA4	within_gene	103	0.8161709792206651	8.417056178296809e-26	2.4037899175856654e-25
CMCBSN	cg05493394	EYA4	cg06611358	ZNF568	between_gene	0			
CMCBSN	cg05493394	EYA4	cg27390819	ZNF568	between_gene	103	0.6698479989456575	1.0184265309499709e-14	3.989601830703414e-14
CMCBSN	cg05493394	EYA4	cg20154403	ZNF568	between_gene	103	0.6336379211878926	6.801980654166371e-13	2.260683761365613e-12
CMCBSN	cg05493394	EYA4	cg21761844	ZNF568	between_gene	0			
CMCBSN	cg05493394	EYA4	cg20680720	ZNF568	between_gene	103	0.6049290515309933	1.310946588240732e-11	3.8429883693483934e-11
CMCBSN	cg05493394	EYA4	cg02459604	ZNF568	between_gene	103	0.5442055089399463	2.8240839280597118e-09	7.057504758915506e-09
CMCBSN	cg05493394	EYA4	cg03060201	ZNF568	between_gene	103	0.5992729429337084	2.268813893141383e-11	6.533482833560561e-11
CMCBSN	cg05493394	EYA4	cg03443751	ZNF568	between_gene	103	0.634626367350525	6.109460316057711e-13	2.038309714142528e-12
CMCBSN	cg05493394	EYA4	cg17332326	ZNF793	between_gene	103	0.5004502921407548	7.327110566847018e-08	1.6565365224353438e-07
CMCBSN	cg05493394	EYA4	cg11623861	ZNF793	between_gene	0			
CMCBSN	cg05493394	EYA4	cg14732998	ZNF793	between_gene	0			
CMCBSN	cg05493394	EYA4	cg07482795	ZNF793	between_gene	103	0.4595286210077758	1.0461659500928045e-06	2.187056862012922e-06
CMCBSN	cg05493394	EYA4	cg13181745	ZNF793	between_gene	0			
CMCBSN	cg05493394	EYA4	cg24078985	ZNF793	between_gene	103	0.49302596318587183	1.2182568892338873e-07	2.7073528313553765e-07
CMCBSN	cg05493394	EYA4	cg15139588	ZNF793	between_gene	103	0.44097878135570884	3.1304991461750097e-06	6.43108052942567e-06
CMCBSN	cg05493394	EYA4	cg25361907	ZNF793	between_gene	103	0.5227122962702632	1.4806886841905372e-08	3.502372417999194e-08
CMCBSN	cg05493394	EYA4	cg20299663	SFMBT2	between_gene	103	0.6966129244827133	3.062880719700541e-16	1.3897488343823846e-15
CMCBSN	cg05493394	EYA4	cg20506550	SFMBT2	between_gene	0			
CMCBSN	cg05493394	EYA4	cg01056653	SFMBT2	between_gene	0			
CMCBSN	cg05493394	EYA4	cg22862480	SFMBT2	between_gene	103	0.7546017660238107	3.446500226871403e-20	2.497755303307636e-19
CMCBSN	cg05493394	EYA4	cg12767281	SFMBT2	between_gene	103	0.6421056099811097	2.6770439080064615e-13	9.202117992080182e-13
CMCBSN	cg05493394	EYA4	cg26878816	SFMBT2	between_gene	103	0.656965250626016	4.8492497315090946e-14	1.7920244404401172e-13
CMCBSN	cg05493394	EYA4	cg12328063	SFMBT2	between_gene	103	0.7092979835698282	5.072578536507922e-17	2.501768885018746e-16
CMCBSN	cg05493394	EYA4	cg16818993	SFMBT2	between_gene	103	0.6633352370074244	2.2631834028301463e-14	8.632522657871127e-14
CMCBSN	cg05493394	EYA4	cg20295442	ADHFE1	between_gene	0			
CMCBSN	cg05493394	EYA4	cg19283840	ADHFE1	between_gene	0			
CMCBSN	cg05493394	EYA4	cg25046651	ADHFE1	between_gene	103	0.6254777489786056	1.6267461470074228e-12	5.1507047300271435e-12
CMCBSN	cg05493394	EYA4	cg01588438	ADHFE1	between_gene	103	0.692911742740412	5.086252297713586e-16	2.234012162413257e-15
CMCBSN	cg05493394	EYA4	cg08090772	ADHFE1	between_gene	0			
CMCBSN	cg05493394	EYA4	cg09383816	ADHFE1	between_gene	103	0.6848723806176691	1.4915730273888686e-15	6.256453421957489e-15
CMCBSN	cg05493394	EYA4	cg20912169	ADHFE1	between_gene	103	0.6728023546984142	7.042464963787276e-15	2.8180661181780677e-14
CMCBSN	cg05493394	EYA4	cg18065361	ADHFE1	between_gene	103	0.6898585423713922	7.684760632691398e-16	3.3085050314673033e-15
CMCBSN	cg05493394	EYA4	cg04481096	HOXA2	between_gene	103	0.6473004437024997	1.4890459811826605e-13	5.264120548652521e-13
CMCBSN	cg05493394	EYA4	cg19598584	HOXA2	between_gene	0			
CMCBSN	cg05493394	EYA4	cg09871315	HOXA2	between_gene	0			
CMCBSN	cg05493394	EYA4	cg13661519	HOXA2	between_gene	103	0.5144972103852743	2.7073062878245496e-08	6.295331644326426e-08
CMCBSN	cg05493394	EYA4	cg02803819	HOXA2	between_gene	103	0.5364846461362738	5.190145074073633e-09	1.272658693445311e-08
CMCBSN	cg05493394	EYA4	cg03763508	HOXA2	between_gene	103	0.5044150595264244	5.5571685734454366e-08	1.2662578871719776e-07
CMCBSN	cg05493394	EYA4	cg00188704	HOXA2	between_gene	103	0.48525018670649744	2.0486161343508382e-07	4.4876905915376463e-07
CMCBSN	cg05493394	EYA4	cg06786372	HOXA2	between_gene	103	0.5288626279488644	9.325188017556183e-09	2.2464834291601187e-08
CMCBSN	cg05493394	EYA4	cg19236679	GFRA1	between_gene	103	0.7196876510126082	1.0810738341621591e-17	5.594530684711295e-17
CMCBSN	cg05493394	EYA4	cg06298519	GFRA1	between_gene	103	0.7177217414224839	1.4561015662578953e-17	7.419861301497751e-17
CMCBSN	cg05493394	EYA4	cg19485539	GFRA1	between_gene	103	0.7293854061415456	2.395434384848678e-18	1.3354034850577352e-17
CMCBSN	cg05493394	EYA4	cg18672939	GFRA1	between_gene	103	0.694042964459869	4.3594054702837457e-16	1.9409025378788895e-15
CMCBSN	cg05493394	EYA4	cg27034576	GFRA1	between_gene	103	0.7408623643632211	3.693689442889805e-19	2.2621680179576293e-18
CMCBSN	cg05493394	EYA4	cg18044663	GFRA1	between_gene	103	0.7350634802091113	9.615025979816526e-19	5.611991673678147e-18
CMCBSN	cg05493394	EYA4	cg15701178	UNC5C	between_gene	103	0.6953389272064315	3.650263791991043e-16	1.6391632071092307e-15
CMCBSN	cg05493394	EYA4	cg03008707	UNC5C	between_gene	103	0.7184246364714668	1.3094063127101363e-17	6.698511901687736e-17
CMCBSN	cg05493394	EYA4	cg24870497	UNC5C	between_gene	0			
CMCBSN	cg05493394	EYA4	cg13265789	UNC5C	between_gene	103	0.7735250186706498	1.0051935409654232e-21	8.950682417675049e-21
CMCBSN	cg05493394	EYA4	cg12584684	UNC5C	between_gene	103	0.7468918859552784	1.3290953938942642e-19	8.625895230522725e-19
CMCBSN	cg05493394	EYA4	cg08327106	RALYL	between_gene	0			
CMCBSN	cg05493394	EYA4	cg09757712	RALYL	between_gene	0			
CMCBSN	cg05493394	EYA4	cg11089595	RALYL	between_gene	103	0.6034244168167641	1.5184887631189013e-11	4.431473359034915e-11
CMCBSN	cg05493394	EYA4	cg01134282	RALYL	between_gene	0			
CMCBSN	cg05493394	EYA4	cg06955749	RALYL	between_gene	103	0.6432368317005667	2.358287426758759e-13	8.171011814626297e-13
CMCBSN	cg05493394	EYA4	cg11666087	BEND5	between_gene	103	0.7696371304309625	2.1357279957680437e-21	1.8129456484938554e-20
CMCBSN	cg05493394	EYA4	cg16573178	BEND5	between_gene	103	0.7578306901550762	1.9293695985391018e-20	1.4423281612001482e-19
CMCBSN	cg05493394	EYA4	cg06744574	BEND5	between_gene	103	0.7438826165268199	2.221534136733775e-19	1.393265039119812e-18
CMCBSN	cg05493394	EYA4	cg03603214	BEND5	between_gene	103	0.7299235601634232	2.1990798340520363e-18	1.2312015637428675e-17
CMCBSN	cg26449787	EYA4	cg22871668	EYA4	within_gene	103	0.9329613847032465	1.293897842058126e-46	9.321945816646044e-46
CMCBSN	cg26449787	EYA4	cg20980055	EYA4	within_gene	103	0.9312590607564908	4.398641611767665e-46	3.0312378063703257e-45
CMCBSN	cg26449787	EYA4	cg06611358	ZNF568	between_gene	0			
CMCBSN	cg26449787	EYA4	cg27390819	ZNF568	between_gene	103	0.7910095330141019	2.791682629971035e-23	3.266143489504229e-22
CMCBSN	cg26449787	EYA4	cg20154403	ZNF568	between_gene	103	0.7085731230505645	5.636019752368685e-17	2.7536283771404304e-16
CMCBSN	cg26449787	EYA4	cg21761844	ZNF568	between_gene	0			
CMCBSN	cg26449787	EYA4	cg20680720	ZNF568	between_gene	103	0.6228199270746387	2.1492369014906478e-12	6.739614274025361e-12
CMCBSN	cg26449787	EYA4	cg02459604	ZNF568	between_gene	103	0.6439067785441286	2.1871617443730162e-13	7.598275620598135e-13
CMCBSN	cg26449787	EYA4	cg03060201	ZNF568	between_gene	103	0.6615889821201073	2.7941157065110155e-14	1.056499692505397e-13
CMCBSN	cg26449787	EYA4	cg03443751	ZNF568	between_gene	103	0.6822365241839827	2.106685289332173e-15	8.71052602197724e-15
CMCBSN	cg26449787	EYA4	cg17332326	ZNF793	between_gene	103	0.4981439177612793	8.591870334629282e-08	1.934097472221553e-07
CMCBSN	cg26449787	EYA4	cg11623861	ZNF793	between_gene	0			
CMCBSN	cg26449787	EYA4	cg14732998	ZNF793	between_gene	0			
CMCBSN	cg26449787	EYA4	cg07482795	ZNF793	between_gene	103	0.44024293810130477	3.265315761360941e-06	6.692230024658834e-06
CMCBSN	cg26449787	EYA4	cg13181745	ZNF793	between_gene	0			
CMCBSN	cg26449787	EYA4	cg24078985	ZNF793	between_gene	103	0.46283442428502397	8.546572306070223e-07	1.798226382785259e-06
CMCBSN	cg26449787	EYA4	cg15139588	ZNF793	between_gene	103	0.4571014365417564	1.2119594747989799e-06	2.5275797519988315e-06
CMCBSN	cg26449787	EYA4	cg25361907	ZNF793	between_gene	103	0.5374621095637657	4.809344489582584e-09	1.1826182632724754e-08
CMCBSN	cg26449787	EYA4	cg20299663	SFMBT2	between_gene	103	0.791470807889997	2.5281785142809612e-23	2.9846234134656235e-22
CMCBSN	cg26449787	EYA4	cg20506550	SFMBT2	between_gene	0			
CMCBSN	cg26449787	EYA4	cg01056653	SFMBT2	between_gene	0			
CMCBSN	cg26449787	EYA4	cg22862480	SFMBT2	between_gene	103	0.8521504195404824	3.632267219180372e-30	2.961432867137997e-28
CMCBSN	cg26449787	EYA4	cg12767281	SFMBT2	between_gene	103	0.6750428326670475	5.308841803504269e-15	2.1308874254373286e-14
CMCBSN	cg26449787	EYA4	cg26878816	SFMBT2	between_gene	103	0.7422132407854851	2.944957569599451e-19	1.8164052716512925e-18
CMCBSN	cg26449787	EYA4	cg12328063	SFMBT2	between_gene	103	0.8176426657294733	5.832804675308627e-26	1.300665589562411e-24
CMCBSN	cg26449787	EYA4	cg16818993	SFMBT2	between_gene	103	0.7355577032904276	8.870827528126225e-19	5.224376754149283e-18
CMCBSN	cg26449787	EYA4	cg20295442	ADHFE1	between_gene	0			
CMCBSN	cg26449787	EYA4	cg19283840	ADHFE1	between_gene	0			
CMCBSN	cg26449787	EYA4	cg25046651	ADHFE1	between_gene	103	0.8177085621403154	5.737356293693894e-26	1.2904105664006351e-24
CMCBSN	cg26449787	EYA4	cg01588438	ADHFE1	between_gene	103	0.8618042437288582	1.5434671841252945e-31	1.8304117651740426e-29
CMCBSN	cg26449787	EYA4	cg08090772	ADHFE1	between_gene	0			
CMCBSN	cg26449787	EYA4	cg09383816	ADHFE1	between_gene	103	0.8611452796204367	1.929244106333545e-31	2.18843385801053e-29
CMCBSN	cg26449787	EYA4	cg20912169	ADHFE1	between_gene	103	0.8510521460264465	5.128957161507104e-30	4.054984616476373e-28
CMCBSN	cg26449787	EYA4	cg18065361	ADHFE1	between_gene	103	0.8500527171286738	7.004076065497641e-30	5.374598369083337e-28
CMCBSN	cg26449787	EYA4	cg04481096	HOXA2	between_gene	103	0.7875499714448887	5.826232587593314e-23	6.413772498325298e-22
CMCBSN	cg26449787	EYA4	cg19598584	HOXA2	between_gene	0			
CMCBSN	cg26449787	EYA4	cg09871315	HOXA2	between_gene	0			
CMCBSN	cg26449787	EYA4	cg13661519	HOXA2	between_gene	103	0.6349887976101569	5.873031069347976e-13	1.969503606674662e-12
CMCBSN	cg26449787	EYA4	cg02803819	HOXA2	between_gene	103	0.6590409875675438	3.790574248807211e-14	1.4107857653549236e-13
CMCBSN	cg26449787	EYA4	cg03763508	HOXA2	between_gene	103	0.6009093704696218	1.9380196021147663e-11	5.618103491019362e-11
CMCBSN	cg26449787	EYA4	cg00188704	HOXA2	between_gene	103	0.5956596230725301	3.2030003523760553e-11	9.173027353840975e-11
CMCBSN	cg26449787	EYA4	cg06786372	HOXA2	between_gene	103	0.6456969643720072	1.786744228092696e-13	6.257202269924622e-13
CMCBSN	cg26449787	EYA4	cg19236679	GFRA1	between_gene	103	0.7846175811624126	1.0754747882152398e-22	1.1385879882808035e-21
CMCBSN	cg26449787	EYA4	cg06298519	GFRA1	between_gene	103	0.7970500373412995	7.46899520593807e-24	9.792265574016293e-23
CMCBSN	cg26449787	EYA4	cg19485539	GFRA1	between_gene	103	0.8279554540262708	4.0542714045907146e-27	1.3389359613388828e-25
CMCBSN	cg26449787	EYA4	cg18672939	GFRA1	between_gene	103	0.7643544348284497	5.8094614922766876e-21	4.649351237223889e-20
CMCBSN	cg26449787	EYA4	cg27034576	GFRA1	between_gene	103	0.8346659051970303	6.490897826002903e-28	2.731411681942189e-26
CMCBSN	cg26449787	EYA4	cg18044663	GFRA1	between_gene	103	0.7994442736018978	4.3744810290144484e-24	6.136032798225105e-23
CMCBSN	cg26449787	EYA4	cg15701178	UNC5C	between_gene	103	0.8164345648640338	7.883823908361899e-26	1.6859751292554256e-24
CMCBSN	cg26449787	EYA4	cg03008707	UNC5C	between_gene	103	0.8348635944295567	6.142261200478348e-28	2.6708599120080016e-26
CMCBSN	cg26449787	EYA4	cg24870497	UNC5C	between_gene	0			
CMCBSN	cg26449787	EYA4	cg13265789	UNC5C	between_gene	103	0.8766858498440453	7.194931994150605e-34	1.5511253032685638e-31
CMCBSN	cg26449787	EYA4	cg12584684	UNC5C	between_gene	103	0.8604753327768748	2.417591255177959e-31	2.628123160316373e-29
CMCBSN	cg26449787	EYA4	cg08327106	RALYL	between_gene	0			
CMCBSN	cg26449787	EYA4	cg09757712	RALYL	between_gene	0			
CMCBSN	cg26449787	EYA4	cg11089595	RALYL	between_gene	103	0.7400716074331152	4.214703040948787e-19	2.5632075137145423e-18
CMCBSN	cg26449787	EYA4	cg01134282	RALYL	between_gene	0			
CMCBSN	cg26449787	EYA4	cg06955749	RALYL	between_gene	103	0.6630936168343364	2.330343030929419e-14	8.875715281306356e-14
CMCBSN	cg26449787	EYA4	cg11666087	BEND5	between_gene	103	0.7841453235513773	1.1860018700402479e-22	1.2377115515740026e-21
CMCBSN	cg26449787	EYA4	cg16573178	BEND5	between_gene	103	0.796544831524843	8.353917646835293e-24	1.0843468229150884e-22
CMCBSN	cg26449787	EYA4	cg06744574	BEND5	between_gene	103	0.8032333172253219	1.8482021565250737e-24	2.819859313668958e-23
CMCBSN	cg26449787	EYA4	cg03603214	BEND5	between_gene	103	0.6854874137855292	1.3753975099964443e-15	5.815902923145419e-15
CMCBSN	cg22871668	EYA4	cg20980055	EYA4	within_gene	103	0.9438013442867812	2.298197749060193e-50	2.5121678843175214e-49
CMCBSN	cg22871668	EYA4	cg06611358	ZNF568	between_gene	0			
CMCBSN	cg22871668	EYA4	cg27390819	ZNF568	between_gene	103	0.7529323902824759	4.635783184169072e-20	3.2955744761572506e-19
CMCBSN	cg22871668	EYA4	cg20154403	ZNF568	between_gene	103	0.6379761015683346	4.233686760972395e-13	1.430788699401163e-12
CMCBSN	cg22871668	EYA4	cg21761844	ZNF568	between_gene	0			
CMCBSN	cg22871668	EYA4	cg20680720	ZNF568	between_gene	103	0.5491038088125467	1.904153785956346e-09	4.827927334849473e-09
CMCBSN	cg22871668	EYA4	cg02459604	ZNF568	between_gene	103	0.6092342837060142	8.57230844822751e-12	2.5501884539823914e-11
CMCBSN	cg22871668	EYA4	cg03060201	ZNF568	between_gene	103	0.6035671923735887	1.497508751973944e-11	4.375140351511781e-11
CMCBSN	cg22871668	EYA4	cg03443751	ZNF568	between_gene	103	0.6080042173702939	9.684822315500341e-12	2.8680705358842667e-11
CMCBSN	cg22871668	EYA4	cg17332326	ZNF793	between_gene	103	0.453114703685806	1.539447142268131e-06	3.195240727269335e-06
CMCBSN	cg22871668	EYA4	cg11623861	ZNF793	between_gene	0			
CMCBSN	cg22871668	EYA4	cg14732998	ZNF793	between_gene	0			
CMCBSN	cg22871668	EYA4	cg07482795	ZNF793	between_gene	103	0.37146905065237446	0.0001119239445578434	0.00021678513092161352
CMCBSN	cg22871668	EYA4	cg13181745	ZNF793	between_gene	0			
CMCBSN	cg22871668	EYA4	cg24078985	ZNF793	between_gene	103	0.40406580854896107	2.3087718062045917e-05	4.566782139793616e-05
CMCBSN	cg22871668	EYA4	cg15139588	ZNF793	between_gene	103	0.4028027940078197	2.462088051980344e-05	4.858992229664688e-05
CMCBSN	cg22871668	EYA4	cg25361907	ZNF793	between_gene	103	0.4730044370249967	4.5270167349007e-07	9.649498906336541e-07
CMCBSN	cg22871668	EYA4	cg20299663	SFMBT2	between_gene	103	0.7605214602644643	1.1814655749778259e-20	9.119655873127657e-20
CMCBSN	cg22871668	EYA4	cg20506550	SFMBT2	between_gene	0			
CMCBSN	cg22871668	EYA4	cg01056653	SFMBT2	between_gene	0			
CMCBSN	cg22871668	EYA4	cg22862480	SFMBT2	between_gene	103	0.7982032245310372	5.777597977076443e-24	7.85091308447523e-23
CMCBSN	cg22871668	EYA4	cg12767281	SFMBT2	between_gene	103	0.6299037912401705	1.0169625679846447e-12	3.30006883068649e-12
CMCBSN	cg22871668	EYA4	cg26878816	SFMBT2	between_gene	103	0.6933290866757458	4.805361530591562e-16	2.121351646922738e-15
CMCBSN	cg22871668	EYA4	cg12328063	SFMBT2	between_gene	103	0.7561503316786012	2.6123261064019213e-20	1.9144828122479249e-19
CMCBSN	cg22871668	EYA4	cg16818993	SFMBT2	between_gene	103	0.7041690462592805	1.0615288966281532e-16	5.072397236818409e-16
CMCBSN	cg22871668	EYA4	cg20295442	ADHFE1	between_gene	0			
CMCBSN	cg22871668	EYA4	cg19283840	ADHFE1	between_gene	0			
CMCBSN	cg22871668	EYA4	cg25046651	ADHFE1	between_gene	103	0.8347976980187145	6.25639210510756e-28	2.675889672496004e-26
CMCBSN	cg22871668	EYA4	cg01588438	ADHFE1	between_gene	103	0.8797829811536265	2.1568822368167702e-34	6.252561950949948e-32
CMCBSN	cg22871668	EYA4	cg08090772	ADHFE1	between_gene	0			
CMCBSN	cg22871668	EYA4	cg09383816	ADHFE1	between_gene	103	0.8749286122215877	1.4049342990870262e-33	2.6181954187986084e-31
CMCBSN	cg22871668	EYA4	cg20912169	ADHFE1	between_gene	103	0.880837323727101	1.4204266759565953e-34	5.35001042260491e-32
CMCBSN	cg22871668	EYA4	cg18065361	ADHFE1	between_gene	103	0.8598273514035936	3.0038760503713975e-31	3.1348450461675903e-29
CMCBSN	cg22871668	EYA4	cg04481096	HOXA2	between_gene	103	0.754338180380442	3.6122246657431415e-20	2.5962242845520265e-19
CMCBSN	cg22871668	EYA4	cg19598584	HOXA2	between_gene	0			
CMCBSN	cg22871668	EYA4	cg09871315	HOXA2	between_gene	0			
CMCBSN	cg22871668	EYA4	cg13661519	HOXA2	between_gene	103	0.6265101260817995	1.458890233266961e-12	4.653110780676652e-12
CMCBSN	cg22871668	EYA4	cg02803819	HOXA2	between_gene	103	0.6496068180819752	1.1434778057054413e-13	4.0979857075350224e-13
CMCBSN	cg22871668	EYA4	cg03763508	HOXA2	between_gene	103	0.6097065413170496	8.178831696467907e-12	2.4386939309811167e-11
CMCBSN	cg22871668	EYA4	cg00188704	HOXA2	between_gene	103	0.6092782146465756	8.534949018757332e-12	2.5419728299015845e-11
CMCBSN	cg22871668	EYA4	cg06786372	HOXA2	between_gene	103	0.6312546676624347	8.798072674052846e-13	2.8800717197746395e-12
CMCBSN	cg22871668	EYA4	cg19236679	GFRA1	between_gene	103	0.7642116592716249	5.966557790664244e-21	4.7604737846614714e-20
CMCBSN	cg22871668	EYA4	cg06298519	GFRA1	between_gene	103	0.8040789878311295	1.5209896538934683e-24	2.362060718457178e-23
CMCBSN	cg22871668	EYA4	cg19485539	GFRA1	between_gene	103	0.8422000615033168	7.507243030668075e-29	4.480268683405964e-27
CMCBSN	cg22871668	EYA4	cg18672939	GFRA1	between_gene	103	0.7706365593287353	1.762076199709078e-21	1.5222704652453593e-20
CMCBSN	cg22871668	EYA4	cg27034576	GFRA1	between_gene	103	0.8224860519263718	1.7035895631965293e-26	4.400658584534401e-25
CMCBSN	cg22871668	EYA4	cg18044663	GFRA1	between_gene	103	0.8224860519263718	1.7035895631965293e-26	4.400658584534401e-25
CMCBSN	cg22871668	EYA4	cg15701178	UNC5C	between_gene	103	0.7585884988797611	1.6815526803383254e-20	1.275340390407759e-19
CMCBSN	cg22871668	EYA4	cg03008707	UNC5C	between_gene	103	0.8146663445064359	1.2205130271245614e-25	2.4684639440061863e-24
CMCBSN	cg22871668	EYA4	cg24870497	UNC5C	between_gene	0			
CMCBSN	cg22871668	EYA4	cg13265789	UNC5C	between_gene	103	0.8114703685805913	2.657781479465892e-25	4.9885984747672754e-24
CMCBSN	cg22871668	EYA4	cg12584684	UNC5C	between_gene	103	0.8132495716733297	1.7264994785160075e-25	3.4124523783698965e-24
CMCBSN	cg22871668	EYA4	cg08327106	RALYL	between_gene	0			
CMCBSN	cg22871668	EYA4	cg09757712	RALYL	between_gene	0			
CMCBSN	cg22871668	EYA4	cg11089595	RALYL	between_gene	103	0.7198633747748541	1.0525458293210102e-17	5.4703029256942544e-17
CMCBSN	cg22871668	EYA4	cg01134282	RALYL	between_gene	0			
CMCBSN	cg22871668	EYA4	cg06955749	RALYL	between_gene	103	0.6194262619162676	3.055501093145036e-12	9.50098742125548e-12
CMCBSN	cg22871668	EYA4	cg11666087	BEND5	between_gene	103	0.7503514475244915	7.297399146309168e-20	4.958050617895995e-19
CMCBSN	cg22871668	EYA4	cg16573178	BEND5	between_gene	103	0.7481219522909986	1.0751223781276088e-19	7.119274833845004e-19
CMCBSN	cg22871668	EYA4	cg06744574	BEND5	between_gene	103	0.7504173439353337	7.213849355326556e-20	4.914081714894774e-19
CMCBSN	cg22871668	EYA4	cg03603214	BEND5	between_gene	103	0.5945064358827924	3.5724090224254754e-11	1.0186246054107175e-10
CMCBSN	cg20980055	EYA4	cg06611358	ZNF568	between_gene	0			
CMCBSN	cg20980055	EYA4	cg27390819	ZNF568	between_gene	103	0.7698018714580679	2.069224667943395e-21	1.7642507054458554e-20
CMCBSN	cg20980055	EYA4	cg20154403	ZNF568	between_gene	103	0.6822694723894038	2.097658982893185e-15	8.686971883124316e-15
CMCBSN	cg20980055	EYA4	cg21761844	ZNF568	between_gene	0			
CMCBSN	cg20980055	EYA4	cg20680720	ZNF568	between_gene	103	0.5857422132407855	8.075654573901337e-11	2.2366648389924193e-10
CMCBSN	cg20980055	EYA4	cg02459604	ZNF568	between_gene	103	0.6071914949699073	1.0494957892299761e-11	3.104460900341279e-11
CMCBSN	cg20980055	EYA4	cg03060201	ZNF568	between_gene	103	0.6209748275710584	2.6036808921114477e-12	8.106209364580867e-12
CMCBSN	cg20980055	EYA4	cg03443751	ZNF568	between_gene	103	0.6446755700039538	2.005573058323145e-13	6.99537447749343e-13
CMCBSN	cg20980055	EYA4	cg17332326	ZNF793	between_gene	103	0.4763541712428064	3.6554799660924965e-07	7.86244619252706e-07
CMCBSN	cg20980055	EYA4	cg11623861	ZNF793	between_gene	0			
CMCBSN	cg20980055	EYA4	cg14732998	ZNF793	between_gene	0			
CMCBSN	cg20980055	EYA4	cg07482795	ZNF793	between_gene	103	0.4267231911435225	6.964141201444753e-06	1.4073930592230332e-05
CMCBSN	cg20980055	EYA4	cg13181745	ZNF793	between_gene	0			
CMCBSN	cg20980055	EYA4	cg24078985	ZNF793	between_gene	103	0.47320212625752317	4.470527405807499e-07	9.53688144051657e-07
CMCBSN	cg20980055	EYA4	cg15139588	ZNF793	between_gene	103	0.44436146377893954	2.5756275694265826e-06	5.307908632412286e-06
CMCBSN	cg20980055	EYA4	cg25361907	ZNF793	between_gene	103	0.5325638096911655	7.0286585472107205e-09	1.7122100980086618e-08
CMCBSN	cg20980055	EYA4	cg20299663	SFMBT2	between_gene	103	0.7947326802266836	1.2450764691724658e-23	1.5542605301774943e-22
CMCBSN	cg20980055	EYA4	cg20506550	SFMBT2	between_gene	0			
CMCBSN	cg20980055	EYA4	cg01056653	SFMBT2	between_gene	0			
CMCBSN	cg20980055	EYA4	cg22862480	SFMBT2	between_gene	103	0.806572068707991	8.516001404722875e-25	1.380015382914409e-23
CMCBSN	cg20980055	EYA4	cg12767281	SFMBT2	between_gene	103	0.6466085313886571	1.6110957266208736e-13	5.672535426118569e-13
CMCBSN	cg20980055	EYA4	cg26878816	SFMBT2	between_gene	103	0.7159645038000264	1.8961681763607974e-17	9.568864162718221e-17
CMCBSN	cg20980055	EYA4	cg12328063	SFMBT2	between_gene	103	0.7662105170671705	4.0996253048866346e-21	3.40634471988829e-20
CMCBSN	cg20980055	EYA4	cg16818993	SFMBT2	between_gene	103	0.7084083820234591	5.772306287080724e-17	2.8149433837371233e-16
CMCBSN	cg20980055	EYA4	cg20295442	ADHFE1	between_gene	0			
CMCBSN	cg20980055	EYA4	cg19283840	ADHFE1	between_gene	0			
CMCBSN	cg20980055	EYA4	cg25046651	ADHFE1	between_gene	103	0.8271317488907438	5.0489565842096e-27	1.6465909660253558e-25
CMCBSN	cg20980055	EYA4	cg01588438	ADHFE1	between_gene	103	0.8778939507094846	4.5147410876537015e-34	1.0708144997898642e-31
CMCBSN	cg20980055	EYA4	cg08090772	ADHFE1	between_gene	0			
CMCBSN	cg20980055	EYA4	cg09383816	ADHFE1	between_gene	103	0.8856807099239995	1.9790358022659925e-35	2.1518164472610597e-32
CMCBSN	cg20980055	EYA4	cg20912169	ADHFE1	between_gene	103	0.8707881210736721	6.538431307314748e-33	8.978298568833777e-31
CMCBSN	cg20980055	EYA4	cg18065361	ADHFE1	between_gene	103	0.8804748934674692	1.6404784737768985e-34	5.35001042260491e-32
CMCBSN	cg20980055	EYA4	cg04481096	HOXA2	between_gene	103	0.7624763871194483	8.239711355954269e-21	6.475122568579725e-20
CMCBSN	cg20980055	EYA4	cg19598584	HOXA2	between_gene	0			
CMCBSN	cg20980055	EYA4	cg09871315	HOXA2	between_gene	0			
CMCBSN	cg20980055	EYA4	cg13661519	HOXA2	between_gene	103	0.6142533936651584	5.1817909817703296e-12	1.5793566204951857e-11
CMCBSN	cg20980055	EYA4	cg02803819	HOXA2	between_gene	103	0.6494969907305715	1.1580065654860351e-13	4.144360945614631e-13
CMCBSN	cg20980055	EYA4	cg03763508	HOXA2	between_gene	103	0.600151561744937	2.0849725868717048e-11	6.024023786432201e-11
CMCBSN	cg20980055	EYA4	cg00188704	HOXA2	between_gene	103	0.5845121469050653	9.037540516375881e-11	2.5004181555911636e-10
CMCBSN	cg20980055	EYA4	cg06786372	HOXA2	between_gene	103	0.6263453850546941	1.4845053730389186e-12	4.723261607632364e-12
CMCBSN	cg20980055	EYA4	cg19236679	GFRA1	between_gene	103	0.771976453015859	1.3595249775062131e-21	1.1942763186241447e-20
CMCBSN	cg20980055	EYA4	cg06298519	GFRA1	between_gene	103	0.8202895048983	2.9906304116773515e-26	7.292107237445057e-25
CMCBSN	cg20980055	EYA4	cg19485539	GFRA1	between_gene	103	0.844989676228968	3.281597775985462e-29	2.1953047686015566e-27
CMCBSN	cg20980055	EYA4	cg18672939	GFRA1	between_gene	103	0.7522075297632123	5.268746515318006e-20	3.6952042092646983e-19
CMCBSN	cg20980055	EYA4	cg27034576	GFRA1	between_gene	103	0.8175877520537715	5.913526800446786e-26	1.3034864852495753e-24
CMCBSN	cg20980055	EYA4	cg18044663	GFRA1	between_gene	103	0.8375653472740852	2.8671076457637318e-28	1.4113743109052033e-26
CMCBSN	cg20980055	EYA4	cg15701178	UNC5C	between_gene	103	0.747616746474542	1.173135463195172e-19	7.729066725950009e-19
CMCBSN	cg20980055	EYA4	cg03008707	UNC5C	between_gene	103	0.8118218161050827	2.4415679534754686e-25	4.649672109939779e-24
CMCBSN	cg20980055	EYA4	cg24870497	UNC5C	between_gene	0			
CMCBSN	cg20980055	EYA4	cg13265789	UNC5C	between_gene	103	0.8263849229011992	6.154074936450616e-27	1.8455151159999605e-25
CMCBSN	cg20980055	EYA4	cg12584684	UNC5C	between_gene	103	0.8108663181478717	3.073805082988011e-25	5.728255329654086e-24
CMCBSN	cg20980055	EYA4	cg08327106	RALYL	between_gene	0			
CMCBSN	cg20980055	EYA4	cg09757712	RALYL	between_gene	0			
CMCBSN	cg20980055	EYA4	cg11089595	RALYL	between_gene	103	0.7265189122699117	3.764816520500554e-18	2.0420803122631905e-17
CMCBSN	cg20980055	EYA4	cg01134282	RALYL	between_gene	0			
CMCBSN	cg20980055	EYA4	cg06955749	RALYL	between_gene	103	0.6124961560427009	6.186697821963977e-12	1.8745858811302335e-11
CMCBSN	cg20980055	EYA4	cg11666087	BEND5	between_gene	103	0.7781926811053025	3.9867974888626448e-22	3.852427647571348e-21
CMCBSN	cg20980055	EYA4	cg16573178	BEND5	between_gene	103	0.7871216447744147	6.375789743766783e-23	6.960014829074284e-22
CMCBSN	cg20980055	EYA4	cg06744574	BEND5	between_gene	103	0.7823441549883583	1.7184983577942637e-22	1.765181974600486e-21
CMCBSN	cg20980055	EYA4	cg03603214	BEND5	between_gene	103	0.6590409875675438	3.790574248807211e-14	1.4107857653549236e-13
CMCBSN	cg06611358	ZNF568	cg27390819	ZNF568	within_gene	0			
CMCBSN	cg06611358	ZNF568	cg20154403	ZNF568	within_gene	0			
CMCBSN	cg06611358	ZNF568	cg21761844	ZNF568	within_gene	0			
CMCBSN	cg06611358	ZNF568	cg20680720	ZNF568	within_gene	0			
CMCBSN	cg06611358	ZNF568	cg02459604	ZNF568	within_gene	0			
CMCBSN	cg06611358	ZNF568	cg03060201	ZNF568	within_gene	0			
CMCBSN	cg06611358	ZNF568	cg03443751	ZNF568	within_gene	0			
CMCBSN	cg06611358	ZNF568	cg17332326	ZNF793	between_gene	0			
CMCBSN	cg06611358	ZNF568	cg11623861	ZNF793	between_gene	0			
CMCBSN	cg06611358	ZNF568	cg14732998	ZNF793	between_gene	0			
CMCBSN	cg06611358	ZNF568	cg07482795	ZNF793	between_gene	0			
CMCBSN	cg06611358	ZNF568	cg13181745	ZNF793	between_gene	0			
CMCBSN	cg06611358	ZNF568	cg24078985	ZNF793	between_gene	0			
CMCBSN	cg06611358	ZNF568	cg15139588	ZNF793	between_gene	0			
CMCBSN	cg06611358	ZNF568	cg25361907	ZNF793	between_gene	0			
CMCBSN	cg06611358	ZNF568	cg20299663	SFMBT2	between_gene	0			
CMCBSN	cg06611358	ZNF568	cg20506550	SFMBT2	between_gene	0			
CMCBSN	cg06611358	ZNF568	cg01056653	SFMBT2	between_gene	0			
CMCBSN	cg06611358	ZNF568	cg22862480	SFMBT2	between_gene	0			
CMCBSN	cg06611358	ZNF568	cg12767281	SFMBT2	between_gene	0			
CMCBSN	cg06611358	ZNF568	cg26878816	SFMBT2	between_gene	0			
CMCBSN	cg06611358	ZNF568	cg12328063	SFMBT2	between_gene	0			
CMCBSN	cg06611358	ZNF568	cg16818993	SFMBT2	between_gene	0			
CMCBSN	cg06611358	ZNF568	cg20295442	ADHFE1	between_gene	0			
CMCBSN	cg06611358	ZNF568	cg19283840	ADHFE1	between_gene	0			
CMCBSN	cg06611358	ZNF568	cg25046651	ADHFE1	between_gene	0			
CMCBSN	cg06611358	ZNF568	cg01588438	ADHFE1	between_gene	0			
CMCBSN	cg06611358	ZNF568	cg08090772	ADHFE1	between_gene	0			
CMCBSN	cg06611358	ZNF568	cg09383816	ADHFE1	between_gene	0			
CMCBSN	cg06611358	ZNF568	cg20912169	ADHFE1	between_gene	0			
CMCBSN	cg06611358	ZNF568	cg18065361	ADHFE1	between_gene	0			
CMCBSN	cg06611358	ZNF568	cg04481096	HOXA2	between_gene	0			
CMCBSN	cg06611358	ZNF568	cg19598584	HOXA2	between_gene	0			
CMCBSN	cg06611358	ZNF568	cg09871315	HOXA2	between_gene	0			
CMCBSN	cg06611358	ZNF568	cg13661519	HOXA2	between_gene	0			
CMCBSN	cg06611358	ZNF568	cg02803819	HOXA2	between_gene	0			
CMCBSN	cg06611358	ZNF568	cg03763508	HOXA2	between_gene	0			
CMCBSN	cg06611358	ZNF568	cg00188704	HOXA2	between_gene	0			
CMCBSN	cg06611358	ZNF568	cg06786372	HOXA2	between_gene	0			
CMCBSN	cg06611358	ZNF568	cg19236679	GFRA1	between_gene	0			
CMCBSN	cg06611358	ZNF568	cg06298519	GFRA1	between_gene	0			
CMCBSN	cg06611358	ZNF568	cg19485539	GFRA1	between_gene	0			
CMCBSN	cg06611358	ZNF568	cg18672939	GFRA1	between_gene	0			
CMCBSN	cg06611358	ZNF568	cg27034576	GFRA1	between_gene	0			
CMCBSN	cg06611358	ZNF568	cg18044663	GFRA1	between_gene	0			
CMCBSN	cg06611358	ZNF568	cg15701178	UNC5C	between_gene	0			
CMCBSN	cg06611358	ZNF568	cg03008707	UNC5C	between_gene	0			
CMCBSN	cg06611358	ZNF568	cg24870497	UNC5C	between_gene	0			
CMCBSN	cg06611358	ZNF568	cg13265789	UNC5C	between_gene	0			
CMCBSN	cg06611358	ZNF568	cg12584684	UNC5C	between_gene	0			
CMCBSN	cg06611358	ZNF568	cg08327106	RALYL	between_gene	0			
CMCBSN	cg06611358	ZNF568	cg09757712	RALYL	between_gene	0			
CMCBSN	cg06611358	ZNF568	cg11089595	RALYL	between_gene	0			
CMCBSN	cg06611358	ZNF568	cg01134282	RALYL	between_gene	0			
CMCBSN	cg06611358	ZNF568	cg06955749	RALYL	between_gene	0			
CMCBSN	cg06611358	ZNF568	cg11666087	BEND5	between_gene	0			
CMCBSN	cg06611358	ZNF568	cg16573178	BEND5	between_gene	0			
CMCBSN	cg06611358	ZNF568	cg06744574	BEND5	between_gene	0			
CMCBSN	cg06611358	ZNF568	cg03603214	BEND5	between_gene	0			
CMCBSN	cg27390819	ZNF568	cg20154403	ZNF568	within_gene	103	0.6841585028335458	1.6383721518110655e-15	3.3507353040265016e-15
CMCBSN	cg27390819	ZNF568	cg21761844	ZNF568	within_gene	0			
CMCBSN	cg27390819	ZNF568	cg20680720	ZNF568	within_gene	103	0.6265101260817995	1.458890233266961e-12	2.9086050562618025e-12
CMCBSN	cg27390819	ZNF568	cg02459604	ZNF568	within_gene	103	0.630529807143171	9.51012505285486e-13	1.9080440770601207e-12
CMCBSN	cg27390819	ZNF568	cg03060201	ZNF568	within_gene	103	0.6584259543996837	4.078375153128631e-14	8.234681041667363e-14
CMCBSN	cg27390819	ZNF568	cg03443751	ZNF568	within_gene	103	0.6862122743047929	1.2497187292130656e-15	2.572472968574947e-15
CMCBSN	cg27390819	ZNF568	cg17332326	ZNF793	between_gene	103	0.5044260422615648	5.552886813403758e-08	1.2662578871719776e-07
CMCBSN	cg27390819	ZNF568	cg11623861	ZNF793	between_gene	0			
CMCBSN	cg27390819	ZNF568	cg14732998	ZNF793	between_gene	0			
CMCBSN	cg27390819	ZNF568	cg07482795	ZNF793	between_gene	103	0.509840530685762	3.7848113900724733e-08	8.707736258112066e-08
CMCBSN	cg27390819	ZNF568	cg13181745	ZNF793	between_gene	0			
CMCBSN	cg27390819	ZNF568	cg24078985	ZNF793	between_gene	103	0.49782541844220884	8.782086345828752e-08	1.9735110487740925e-07
CMCBSN	cg27390819	ZNF568	cg15139588	ZNF793	between_gene	103	0.4745969336203488	4.090581295228748e-07	8.747808687911313e-07
CMCBSN	cg27390819	ZNF568	cg25361907	ZNF793	between_gene	103	0.5416465316522427	3.4611200011282116e-09	8.591876387196484e-09
CMCBSN	cg27390819	ZNF568	cg20299663	SFMBT2	between_gene	103	0.812590607564908	2.0266965679125897e-25	3.975677703521764e-24
CMCBSN	cg27390819	ZNF568	cg20506550	SFMBT2	between_gene	0			
CMCBSN	cg27390819	ZNF568	cg01056653	SFMBT2	between_gene	0			
CMCBSN	cg27390819	ZNF568	cg22862480	SFMBT2	between_gene	103	0.8264398365769012	6.065353079718602e-27	1.8400588587192829e-25
CMCBSN	cg27390819	ZNF568	cg12767281	SFMBT2	between_gene	103	0.6489039230329922	1.2396014558209567e-13	4.4117113982644944e-13
CMCBSN	cg27390819	ZNF568	cg26878816	SFMBT2	between_gene	103	0.6957123402012036	3.467627988496498e-16	1.562528743002999e-15
CMCBSN	cg27390819	ZNF568	cg12328063	SFMBT2	between_gene	103	0.8622765013398938	1.314473098469146e-31	1.6330763399552388e-29
CMCBSN	cg27390819	ZNF568	cg16818993	SFMBT2	between_gene	103	0.6960967359311164	3.288892012885641e-16	1.487126388495431e-15
CMCBSN	cg27390819	ZNF568	cg20295442	ADHFE1	between_gene	0			
CMCBSN	cg27390819	ZNF568	cg19283840	ADHFE1	between_gene	0			
CMCBSN	cg27390819	ZNF568	cg25046651	ADHFE1	between_gene	103	0.7845736502218513	1.0853175846844425e-22	1.1417716042103671e-21
CMCBSN	cg27390819	ZNF568	cg01588438	ADHFE1	between_gene	103	0.8253086148574441	8.172013815190485e-27	2.3429433015199977e-25
CMCBSN	cg27390819	ZNF568	cg08090772	ADHFE1	between_gene	0			
CMCBSN	cg27390819	ZNF568	cg09383816	ADHFE1	between_gene	103	0.8146883099767167	1.213939458506535e-25	2.4684639440061863e-24
CMCBSN	cg27390819	ZNF568	cg20912169	ADHFE1	between_gene	103	0.8042547115933751	1.4604628267781954e-24	2.2816452186013843e-23
CMCBSN	cg27390819	ZNF568	cg18065361	ADHFE1	between_gene	103	0.8153802222905593	1.0236644069888364e-25	2.1196352681221225e-24
CMCBSN	cg27390819	ZNF568	cg04481096	HOXA2	between_gene	103	0.6919562447832008	5.790639921756481e-16	2.5263845411141566e-15
CMCBSN	cg27390819	ZNF568	cg19598584	HOXA2	between_gene	0			
CMCBSN	cg27390819	ZNF568	cg09871315	HOXA2	between_gene	0			
CMCBSN	cg27390819	ZNF568	cg13661519	HOXA2	between_gene	103	0.5370996793041338	4.947306866069356e-09	1.2153977037264548e-08
CMCBSN	cg27390819	ZNF568	cg02803819	HOXA2	between_gene	103	0.5544633835610421	1.228064719554183e-09	3.147368225262145e-09
CMCBSN	cg27390819	ZNF568	cg03763508	HOXA2	between_gene	103	0.503481527039494	5.932863184185018e-08	1.3471575324228645e-07
CMCBSN	cg27390819	ZNF568	cg00188704	HOXA2	between_gene	103	0.5074682598954444	4.4806207432381925e-08	1.0290439717525039e-07
CMCBSN	cg27390819	ZNF568	cg06786372	HOXA2	between_gene	103	0.5103237710319378	3.6563307761889086e-08	8.41956486767596e-08
CMCBSN	cg27390819	ZNF568	cg19236679	GFRA1	between_gene	103	0.8063414312700435	8.98858819475612e-25	1.447606580254242e-23
CMCBSN	cg27390819	ZNF568	cg06298519	GFRA1	between_gene	103	0.8049905548477795	1.2315339870600762e-24	1.95919034892667e-23
CMCBSN	cg27390819	ZNF568	cg19485539	GFRA1	between_gene	103	0.7944910600535958	1.3127200703261693e-23	1.6231690348251069e-22
CMCBSN	cg27390819	ZNF568	cg18672939	GFRA1	between_gene	103	0.7919979791767343	2.2566551167890008e-23	2.6884078537454355e-22
CMCBSN	cg27390819	ZNF568	cg27034576	GFRA1	between_gene	103	0.8268901287176559	5.3834115696683544e-27	1.6971441257883761e-25
CMCBSN	cg27390819	ZNF568	cg18044663	GFRA1	between_gene	103	0.7986315512015112	5.249808289432334e-24	7.226565449150777e-23
CMCBSN	cg27390819	ZNF568	cg15701178	UNC5C	between_gene	103	0.7696261476958223	2.1402348015948925e-21	1.8129456484938554e-20
CMCBSN	cg27390819	ZNF568	cg03008707	UNC5C	between_gene	103	0.8026292667926022	2.1229692759491633e-24	3.183233816638717e-23
CMCBSN	cg27390819	ZNF568	cg24870497	UNC5C	between_gene	0			
CMCBSN	cg27390819	ZNF568	cg13265789	UNC5C	between_gene	103	0.7924812195229101	2.0328684301982492e-23	2.432914557058363e-22
CMCBSN	cg27390819	ZNF568	cg12584684	UNC5C	between_gene	103	0.787341299477222	6.087938899659593e-23	6.673711171937764e-22
CMCBSN	cg27390819	ZNF568	cg08327106	RALYL	between_gene	0			
CMCBSN	cg27390819	ZNF568	cg09757712	RALYL	between_gene	0			
CMCBSN	cg27390819	ZNF568	cg11089595	RALYL	between_gene	103	0.6955256337038177	3.5578089032571463e-16	1.6004005911375678e-15
CMCBSN	cg27390819	ZNF568	cg01134282	RALYL	between_gene	0			
CMCBSN	cg27390819	ZNF568	cg06955749	RALYL	between_gene	103	0.6551091683872952	6.034180148735343e-14	2.20492661177178e-13
CMCBSN	cg27390819	ZNF568	cg11666087	BEND5	between_gene	103	0.7492421912753153	8.85358617847942e-20	5.90767425566568e-19
CMCBSN	cg27390819	ZNF568	cg16573178	BEND5	between_gene	103	0.7512739972762817	6.20885718020099e-20	4.2741183068982534e-19
CMCBSN	cg27390819	ZNF568	cg06744574	BEND5	between_gene	103	0.7288692175899487	2.5997298137835856e-18	1.4370116703731728e-17
CMCBSN	cg27390819	ZNF568	cg03603214	BEND5	between_gene	103	0.6793919957826299	3.0456498545170595e-15	1.2435212003810653e-14
CMCBSN	cg20154403	ZNF568	cg21761844	ZNF568	within_gene	0			
CMCBSN	cg20154403	ZNF568	cg20680720	ZNF568	within_gene	103	0.8452862100777578	3.002382370003554e-29	9.423318923674522e-29
CMCBSN	cg20154403	ZNF568	cg02459604	ZNF568	within_gene	103	0.8806615999648553	1.5232538299404101e-34	6.353571895935658e-34
CMCBSN	cg20154403	ZNF568	cg03060201	ZNF568	within_gene	103	0.9361353951588104	1.2096743115980999e-47	1.0083625893254346e-46
CMCBSN	cg20154403	ZNF568	cg03443751	ZNF568	within_gene	103	0.9372885823485481	4.960977098398157e-48	4.493227829120617e-47
CMCBSN	cg20154403	ZNF568	cg17332326	ZNF793	between_gene	103	0.5807340860167816	1.2731784197925926e-10	3.474605122634806e-10
CMCBSN	cg20154403	ZNF568	cg11623861	ZNF793	between_gene	0			
CMCBSN	cg20154403	ZNF568	cg14732998	ZNF793	between_gene	0			
CMCBSN	cg20154403	ZNF568	cg07482795	ZNF793	between_gene	103	0.6066203927426087	1.1102944862542347e-11	3.273018041104635e-11
CMCBSN	cg20154403	ZNF568	cg13181745	ZNF793	between_gene	0			
CMCBSN	cg20154403	ZNF568	cg24078985	ZNF793	between_gene	103	0.5971972059921804	2.767311701562694e-11	7.942702122527028e-11
CMCBSN	cg20154403	ZNF568	cg15139588	ZNF793	between_gene	103	0.5562425866537803	1.059838772512703e-09	2.7323313809146663e-09
CMCBSN	cg20154403	ZNF568	cg25361907	ZNF793	between_gene	103	0.6282783464393973	1.2094994992100994e-12	3.88618743034378e-12
CMCBSN	cg20154403	ZNF568	cg20299663	SFMBT2	between_gene	103	0.6252031806000967	1.6744393194958924e-12	5.295287496442161e-12
CMCBSN	cg20154403	ZNF568	cg20506550	SFMBT2	between_gene	0			
CMCBSN	cg20154403	ZNF568	cg01056653	SFMBT2	between_gene	0			
CMCBSN	cg20154403	ZNF568	cg22862480	SFMBT2	between_gene	103	0.6873984096999517	1.0677090831091808e-15	4.536894133276633e-15
CMCBSN	cg20154403	ZNF568	cg12767281	SFMBT2	between_gene	103	0.6947897904494136	3.935905636533656e-16	1.7613684057832432e-15
CMCBSN	cg20154403	ZNF568	cg26878816	SFMBT2	between_gene	103	0.7010719149496991	1.6454938502137204e-16	7.707528644896941e-16
CMCBSN	cg20154403	ZNF568	cg12328063	SFMBT2	between_gene	103	0.6577120766155604	4.4389951709018517e-14	1.6427430355862313e-13
CMCBSN	cg20154403	ZNF568	cg16818993	SFMBT2	between_gene	103	0.6591398321838071	3.746193971391167e-14	1.39825752093842e-13
CMCBSN	cg20154403	ZNF568	cg20295442	ADHFE1	between_gene	0			
CMCBSN	cg20154403	ZNF568	cg19283840	ADHFE1	between_gene	0			
CMCBSN	cg20154403	ZNF568	cg25046651	ADHFE1	between_gene	103	0.5820080832930633	1.1347814226867207e-10	3.1230429660228416e-10
CMCBSN	cg20154403	ZNF568	cg01588438	ADHFE1	between_gene	103	0.6513860211747133	9.312909946247823e-14	3.365288372543015e-13
CMCBSN	cg20154403	ZNF568	cg08090772	ADHFE1	between_gene	0			
CMCBSN	cg20154403	ZNF568	cg09383816	ADHFE1	between_gene	103	0.6475640293458683	1.4449453031455537e-13	5.11514558467673e-13
CMCBSN	cg20154403	ZNF568	cg20912169	ADHFE1	between_gene	103	0.6393379607257392	3.642523949166472e-13	1.2373090823742257e-12
CMCBSN	cg20154403	ZNF568	cg18065361	ADHFE1	between_gene	103	0.668123709528621	1.260637857524853e-14	4.90164555928814e-14
CMCBSN	cg20154403	ZNF568	cg04481096	HOXA2	between_gene	103	0.5787242454860959	1.52509109435918e-10	4.119008970168841e-10
CMCBSN	cg20154403	ZNF568	cg19598584	HOXA2	between_gene	0			
CMCBSN	cg20154403	ZNF568	cg09871315	HOXA2	between_gene	0			
CMCBSN	cg20154403	ZNF568	cg13661519	HOXA2	between_gene	103	0.47942933708210694	2.997883010576411e-07	6.501643204151169e-07
CMCBSN	cg20154403	ZNF568	cg02803819	HOXA2	between_gene	103	0.5467754689627905	2.298323212735297e-09	5.787958747129719e-09
CMCBSN	cg20154403	ZNF568	cg03763508	HOXA2	between_gene	103	0.5039757501208101	5.73104631913405e-08	1.3036006840994538e-07
CMCBSN	cg20154403	ZNF568	cg00188704	HOXA2	between_gene	103	0.4748824847339982	4.016677455180977e-07	8.618019309676949e-07
CMCBSN	cg20154403	ZNF568	cg06786372	HOXA2	between_gene	103	0.5343759609893248	6.112441187403881e-09	1.4931984136644873e-08
CMCBSN	cg20154403	ZNF568	cg19236679	GFRA1	between_gene	103	0.7373588718534465	6.603807222290916e-19	3.933637681040411e-18
CMCBSN	cg20154403	ZNF568	cg06298519	GFRA1	between_gene	103	0.7209287000834688	8.946219075353292e-18	4.686884652127859e-17
CMCBSN	cg20154403	ZNF568	cg19485539	GFRA1	between_gene	103	0.7030488072749639	1.244713582002882e-16	5.926017765411532e-16
CMCBSN	cg20154403	ZNF568	cg18672939	GFRA1	between_gene	103	0.7286825110925625	2.677715953961345e-18	1.4769896245000315e-17
CMCBSN	cg20154403	ZNF568	cg27034576	GFRA1	between_gene	103	0.7877586434125556	5.575501296176954e-23	6.2164456759511425e-22
CMCBSN	cg20154403	ZNF568	cg18044663	GFRA1	between_gene	103	0.6917256073452532	5.974348220019941e-16	2.6021827222090195e-15
CMCBSN	cg20154403	ZNF568	cg15701178	UNC5C	between_gene	103	0.719555858190924	1.1029614161710502e-17	5.687008566779189e-17
CMCBSN	cg20154403	ZNF568	cg03008707	UNC5C	between_gene	103	0.673197733163467	6.7010835295219635e-15	2.685580173352197e-14
CMCBSN	cg20154403	ZNF568	cg24870497	UNC5C	between_gene	0			
CMCBSN	cg20154403	ZNF568	cg13265789	UNC5C	between_gene	103	0.723926986776787	5.638613508545174e-18	3.0084136285878036e-17
CMCBSN	cg20154403	ZNF568	cg12584684	UNC5C	between_gene	103	0.7284628563897553	2.772377944661918e-18	1.5227650647627252e-17
CMCBSN	cg20154403	ZNF568	cg08327106	RALYL	between_gene	0			
CMCBSN	cg20154403	ZNF568	cg09757712	RALYL	between_gene	0			
CMCBSN	cg20154403	ZNF568	cg11089595	RALYL	between_gene	103	0.5487523612880553	1.9591854665791594e-09	4.962635808063133e-09
CMCBSN	cg20154403	ZNF568	cg01134282	RALYL	between_gene	0			
CMCBSN	cg20154403	ZNF568	cg06955749	RALYL	between_gene	103	0.529521592057286	8.86960934892514e-09	2.1387070971668843e-08
CMCBSN	cg20154403	ZNF568	cg11666087	BEND5	between_gene	103	0.6925493124807803	5.343054479297189e-16	2.3428620397456077e-15
CMCBSN	cg20154403	ZNF568	cg16573178	BEND5	between_gene	103	0.7088696568993542	5.39853634573827e-17	2.6425480911878323e-16
CMCBSN	cg20154403	ZNF568	cg06744574	BEND5	between_gene	103	0.7470346615121031	1.2968607586257957e-19	8.458774298136753e-19
CMCBSN	cg20154403	ZNF568	cg03603214	BEND5	between_gene	103	0.7423560163423099	2.8750489187315953e-19	1.7817108382353284e-18
CMCBSN	cg21761844	ZNF568	cg20680720	ZNF568	within_gene	0			
CMCBSN	cg21761844	ZNF568	cg02459604	ZNF568	within_gene	0			
CMCBSN	cg21761844	ZNF568	cg03060201	ZNF568	within_gene	0			
CMCBSN	cg21761844	ZNF568	cg03443751	ZNF568	within_gene	0			
CMCBSN	cg21761844	ZNF568	cg17332326	ZNF793	between_gene	0			
CMCBSN	cg21761844	ZNF568	cg11623861	ZNF793	between_gene	0			
CMCBSN	cg21761844	ZNF568	cg14732998	ZNF793	between_gene	0			
CMCBSN	cg21761844	ZNF568	cg07482795	ZNF793	between_gene	0			
CMCBSN	cg21761844	ZNF568	cg13181745	ZNF793	between_gene	0			
CMCBSN	cg21761844	ZNF568	cg24078985	ZNF793	between_gene	0			
CMCBSN	cg21761844	ZNF568	cg15139588	ZNF793	between_gene	0			
CMCBSN	cg21761844	ZNF568	cg25361907	ZNF793	between_gene	0			
CMCBSN	cg21761844	ZNF568	cg20299663	SFMBT2	between_gene	0			
CMCBSN	cg21761844	ZNF568	cg20506550	SFMBT2	between_gene	0			
CMCBSN	cg21761844	ZNF568	cg01056653	SFMBT2	between_gene	0			
CMCBSN	cg21761844	ZNF568	cg22862480	SFMBT2	between_gene	0			
CMCBSN	cg21761844	ZNF568	cg12767281	SFMBT2	between_gene	0			
CMCBSN	cg21761844	ZNF568	cg26878816	SFMBT2	between_gene	0			
CMCBSN	cg21761844	ZNF568	cg12328063	SFMBT2	between_gene	0			
CMCBSN	cg21761844	ZNF568	cg16818993	SFMBT2	between_gene	0			
CMCBSN	cg21761844	ZNF568	cg20295442	ADHFE1	between_gene	0			
CMCBSN	cg21761844	ZNF568	cg19283840	ADHFE1	between_gene	0			
CMCBSN	cg21761844	ZNF568	cg25046651	ADHFE1	between_gene	0			
CMCBSN	cg21761844	ZNF568	cg01588438	ADHFE1	between_gene	0			
CMCBSN	cg21761844	ZNF568	cg08090772	ADHFE1	between_gene	0			
CMCBSN	cg21761844	ZNF568	cg09383816	ADHFE1	between_gene	0			
CMCBSN	cg21761844	ZNF568	cg20912169	ADHFE1	between_gene	0			
CMCBSN	cg21761844	ZNF568	cg18065361	ADHFE1	between_gene	0			
CMCBSN	cg21761844	ZNF568	cg04481096	HOXA2	between_gene	0			
CMCBSN	cg21761844	ZNF568	cg19598584	HOXA2	between_gene	0			
CMCBSN	cg21761844	ZNF568	cg09871315	HOXA2	between_gene	0			
CMCBSN	cg21761844	ZNF568	cg13661519	HOXA2	between_gene	0			
CMCBSN	cg21761844	ZNF568	cg02803819	HOXA2	between_gene	0			
CMCBSN	cg21761844	ZNF568	cg03763508	HOXA2	between_gene	0			
CMCBSN	cg21761844	ZNF568	cg00188704	HOXA2	between_gene	0			
CMCBSN	cg21761844	ZNF568	cg06786372	HOXA2	between_gene	0			
CMCBSN	cg21761844	ZNF568	cg19236679	GFRA1	between_gene	0			
CMCBSN	cg21761844	ZNF568	cg06298519	GFRA1	between_gene	0			
CMCBSN	cg21761844	ZNF568	cg19485539	GFRA1	between_gene	0			
CMCBSN	cg21761844	ZNF568	cg18672939	GFRA1	between_gene	0			
CMCBSN	cg21761844	ZNF568	cg27034576	GFRA1	between_gene	0			
CMCBSN	cg21761844	ZNF568	cg18044663	GFRA1	between_gene	0			
CMCBSN	cg21761844	ZNF568	cg15701178	UNC5C	between_gene	0			
CMCBSN	cg21761844	ZNF568	cg03008707	UNC5C	between_gene	0			
CMCBSN	cg21761844	ZNF568	cg24870497	UNC5C	between_gene	0			
CMCBSN	cg21761844	ZNF568	cg13265789	UNC5C	between_gene	0			
CMCBSN	cg21761844	ZNF568	cg12584684	UNC5C	between_gene	0			
CMCBSN	cg21761844	ZNF568	cg08327106	RALYL	between_gene	0			
CMCBSN	cg21761844	ZNF568	cg09757712	RALYL	between_gene	0			
CMCBSN	cg21761844	ZNF568	cg11089595	RALYL	between_gene	0			
CMCBSN	cg21761844	ZNF568	cg01134282	RALYL	between_gene	0			
CMCBSN	cg21761844	ZNF568	cg06955749	RALYL	between_gene	0			
CMCBSN	cg21761844	ZNF568	cg11666087	BEND5	between_gene	0			
CMCBSN	cg21761844	ZNF568	cg16573178	BEND5	between_gene	0			
CMCBSN	cg21761844	ZNF568	cg06744574	BEND5	between_gene	0			
CMCBSN	cg21761844	ZNF568	cg03603214	BEND5	between_gene	0			
CMCBSN	cg20680720	ZNF568	cg02459604	ZNF568	within_gene	103	0.8410249088432984	1.058764558806634e-28	3.2585278169097374e-28
CMCBSN	cg20680720	ZNF568	cg03060201	ZNF568	within_gene	103	0.8629574309185961	1.0416730541568264e-31	3.7102287434574604e-31
CMCBSN	cg20680720	ZNF568	cg03443751	ZNF568	within_gene	103	0.8622215876641919	1.3392909972051823e-31	4.717280512378253e-31
CMCBSN	cg20680720	ZNF568	cg17332326	ZNF793	between_gene	103	0.573199929710495	2.4893657286684e-10	6.668126474431063e-10
CMCBSN	cg20680720	ZNF568	cg11623861	ZNF793	between_gene	0			
CMCBSN	cg20680720	ZNF568	cg14732998	ZNF793	between_gene	0			
CMCBSN	cg20680720	ZNF568	cg07482795	ZNF793	between_gene	103	0.6276962614769583	1.2866624526773248e-12	4.129031167324896e-12
CMCBSN	cg20680720	ZNF568	cg13181745	ZNF793	between_gene	0			
CMCBSN	cg20680720	ZNF568	cg24078985	ZNF793	between_gene	103	0.6066094100074683	1.1114963527860125e-11	3.273018041104635e-11
CMCBSN	cg20680720	ZNF568	cg15139588	ZNF793	between_gene	103	0.5589333567631684	8.467587565884686e-10	2.2091935959393143e-09
CMCBSN	cg20680720	ZNF568	cg25361907	ZNF793	between_gene	103	0.5796797434433072	1.399867620699294e-10	3.808398980609445e-10
CMCBSN	cg20680720	ZNF568	cg20299663	SFMBT2	between_gene	103	0.5911786671352635	4.883246915085852e-11	1.374295868084622e-10
CMCBSN	cg20680720	ZNF568	cg20506550	SFMBT2	between_gene	0			
CMCBSN	cg20680720	ZNF568	cg01056653	SFMBT2	between_gene	0			
CMCBSN	cg20680720	ZNF568	cg22862480	SFMBT2	between_gene	103	0.5919474585950886	4.544491355301499e-11	1.2831794313832911e-10
CMCBSN	cg20680720	ZNF568	cg12767281	SFMBT2	between_gene	103	0.634659315555946	6.08759214802926e-13	2.033614329604141e-12
CMCBSN	cg20680720	ZNF568	cg26878816	SFMBT2	between_gene	103	0.6428963669112157	2.450145751669692e-13	8.455595590087602e-13
CMCBSN	cg20680720	ZNF568	cg12328063	SFMBT2	between_gene	103	0.6492114396169223	1.196622258330218e-13	4.265010207627785e-13
CMCBSN	cg20680720	ZNF568	cg16818993	SFMBT2	between_gene	103	0.6259500065896412	1.5477668913225272e-12	4.906590303111147e-12
CMCBSN	cg20680720	ZNF568	cg20295442	ADHFE1	between_gene	0			
CMCBSN	cg20680720	ZNF568	cg19283840	ADHFE1	between_gene	0			
CMCBSN	cg20680720	ZNF568	cg25046651	ADHFE1	between_gene	103	0.486765804155867	1.8531109347670821e-07	4.076531558859458e-07
CMCBSN	cg20680720	ZNF568	cg01588438	ADHFE1	between_gene	103	0.5360343539955191	5.375135889490988e-09	1.31554686075816e-08
CMCBSN	cg20680720	ZNF568	cg08090772	ADHFE1	between_gene	0			
CMCBSN	cg20680720	ZNF568	cg09383816	ADHFE1	between_gene	103	0.5311799850634803	7.81543187275272e-09	1.8967871400941252e-08
CMCBSN	cg20680720	ZNF568	cg20912169	ADHFE1	between_gene	103	0.536737249044502	5.08905697414075e-09	1.2490451218751852e-08
CMCBSN	cg20680720	ZNF568	cg18065361	ADHFE1	between_gene	103	0.5445569564644379	2.7459163334387684e-09	6.868739898314235e-09
CMCBSN	cg20680720	ZNF568	cg04481096	HOXA2	between_gene	103	0.44385625796248296	2.6521337455527694e-06	5.461260412113004e-06
CMCBSN	cg20680720	ZNF568	cg19598584	HOXA2	between_gene	0			
CMCBSN	cg20680720	ZNF568	cg09871315	HOXA2	between_gene	0			
CMCBSN	cg20680720	ZNF568	cg13661519	HOXA2	between_gene	103	0.4053398058252427	2.163221888226429e-05	4.285380338939068e-05
CMCBSN	cg20680720	ZNF568	cg02803819	HOXA2	between_gene	103	0.4308856477617186	5.534685911781459e-06	1.122861239800764e-05
CMCBSN	cg20680720	ZNF568	cg03763508	HOXA2	between_gene	103	0.41925493124807806	1.0437737974308409e-05	2.099618995757181e-05
CMCBSN	cg20680720	ZNF568	cg00188704	HOXA2	between_gene	103	0.4040218776083996	2.3139508296938055e-05	4.5735588747508626e-05
CMCBSN	cg20680720	ZNF568	cg06786372	HOXA2	between_gene	103	0.41572947326802273	1.2592881591378565e-05	2.519542030054193e-05
CMCBSN	cg20680720	ZNF568	cg19236679	GFRA1	between_gene	103	0.6716272020383957	8.159603480861225e-15	3.250138241460601e-14
CMCBSN	cg20680720	ZNF568	cg06298519	GFRA1	between_gene	103	0.6270702455739577	1.3749536444404918e-12	4.396144679344661e-12
CMCBSN	cg20680720	ZNF568	cg19485539	GFRA1	between_gene	103	0.6013267144049554	1.861407119103198e-11	5.402014653771128e-11
CMCBSN	cg20680720	ZNF568	cg18672939	GFRA1	between_gene	103	0.6498484382550631	1.112132746878235e-13	3.996631317638175e-13
CMCBSN	cg20680720	ZNF568	cg27034576	GFRA1	between_gene	103	0.6606774151034573	3.1173133811264623e-14	1.1702259872458905e-13
CMCBSN	cg20680720	ZNF568	cg18044663	GFRA1	between_gene	103	0.6226332205772526	2.1914861327263013e-12	6.863850324469292e-12
CMCBSN	cg20680720	ZNF568	cg15701178	UNC5C	between_gene	103	0.5998110969555858	2.1544392797249476e-11	6.217845222126536e-11
CMCBSN	cg20680720	ZNF568	cg03008707	UNC5C	between_gene	103	0.5797676053244301	1.3888630800063224e-10	3.782404776342897e-10
CMCBSN	cg20680720	ZNF568	cg24870497	UNC5C	between_gene	0			
CMCBSN	cg20680720	ZNF568	cg13265789	UNC5C	between_gene	103	0.6259609893247815	1.545974978533577e-12	4.906590303111147e-12
CMCBSN	cg20680720	ZNF568	cg12584684	UNC5C	between_gene	103	0.6214800333875149	2.470773020767154e-12	7.710821544475485e-12
CMCBSN	cg20680720	ZNF568	cg08327106	RALYL	between_gene	0			
CMCBSN	cg20680720	ZNF568	cg09757712	RALYL	between_gene	0			
CMCBSN	cg20680720	ZNF568	cg11089595	RALYL	between_gene	103	0.5311140886526381	7.854926618885918e-09	1.9028322700718068e-08
CMCBSN	cg20680720	ZNF568	cg01134282	RALYL	between_gene	0			
CMCBSN	cg20680720	ZNF568	cg06955749	RALYL	between_gene	103	0.5587356675306417	8.608968077380587e-10	2.243835935453142e-09
CMCBSN	cg20680720	ZNF568	cg11666087	BEND5	between_gene	103	0.69773316346703	2.623029533647653e-16	1.1943253147097255e-15
CMCBSN	cg20680720	ZNF568	cg16573178	BEND5	between_gene	103	0.7153055396916048	2.0924808650106158e-17	1.0518848895592864e-16
CMCBSN	cg20680720	ZNF568	cg06744574	BEND5	between_gene	103	0.7322848482186004	1.5073317787510321e-18	8.624185549915444e-18
CMCBSN	cg20680720	ZNF568	cg03603214	BEND5	between_gene	103	0.7379409568158855	5.999972742755951e-19	3.5986043415747765e-18
CMCBSN	cg02459604	ZNF568	cg03060201	ZNF568	within_gene	103	0.8992224223520626	4.806200109097067e-38	2.176522049405386e-37
CMCBSN	cg02459604	ZNF568	cg03443751	ZNF568	within_gene	103	0.8773118657470457	5.6547880249462546e-34	2.213046671491312e-33
CMCBSN	cg02459604	ZNF568	cg17332326	ZNF793	between_gene	103	0.5730681368888108	2.5183561099091457e-10	6.738862657182524e-10
CMCBSN	cg02459604	ZNF568	cg11623861	ZNF793	between_gene	0			
CMCBSN	cg02459604	ZNF568	cg14732998	ZNF793	between_gene	0			
CMCBSN	cg02459604	ZNF568	cg07482795	ZNF793	between_gene	103	0.5896959978913149	5.6065254504897365e-11	1.564430470623286e-10
CMCBSN	cg02459604	ZNF568	cg13181745	ZNF793	between_gene	0			
CMCBSN	cg02459604	ZNF568	cg24078985	ZNF793	between_gene	103	0.5563963449457453	1.0463882672627804e-09	2.702997019097618e-09
CMCBSN	cg02459604	ZNF568	cg15139588	ZNF793	between_gene	103	0.5579998242762378	9.1554087221291e-10	2.381501630711348e-09
CMCBSN	cg02459604	ZNF568	cg25361907	ZNF793	between_gene	103	0.557549532135483	9.506064443105856e-10	2.4677932469714606e-09
CMCBSN	cg02459604	ZNF568	cg20299663	SFMBT2	between_gene	103	0.5863352809383648	7.647879645935041e-11	2.120437619154572e-10
CMCBSN	cg02459604	ZNF568	cg20506550	SFMBT2	between_gene	0			
CMCBSN	cg02459604	ZNF568	cg01056653	SFMBT2	between_gene	0			
CMCBSN	cg02459604	ZNF568	cg22862480	SFMBT2	between_gene	103	0.6598427272327901	3.44479575206711e-14	1.2894508059028826e-13
CMCBSN	cg02459604	ZNF568	cg12767281	SFMBT2	between_gene	103	0.6316939770680491	8.391902044490038e-13	2.754021689820693e-12
CMCBSN	cg02459604	ZNF568	cg26878816	SFMBT2	between_gene	103	0.6613912928875808	2.861326375920297e-14	1.0803473972179529e-13
CMCBSN	cg02459604	ZNF568	cg12328063	SFMBT2	between_gene	103	0.6089157843869437	8.847922178982623e-12	2.6232078369279165e-11
CMCBSN	cg02459604	ZNF568	cg16818993	SFMBT2	between_gene	103	0.6469380134428678	1.551816131898336e-13	5.478603908149876e-13
CMCBSN	cg02459604	ZNF568	cg20295442	ADHFE1	between_gene	0			
CMCBSN	cg02459604	ZNF568	cg19283840	ADHFE1	between_gene	0			
CMCBSN	cg02459604	ZNF568	cg25046651	ADHFE1	between_gene	103	0.5559899837455521	1.082297156438914e-09	2.7847271017249773e-09
CMCBSN	cg02459604	ZNF568	cg01588438	ADHFE1	between_gene	103	0.6110793832095947	7.1314514686463675e-12	2.1386157335285488e-11
CMCBSN	cg02459604	ZNF568	cg08090772	ADHFE1	between_gene	0			
CMCBSN	cg02459604	ZNF568	cg09383816	ADHFE1	between_gene	103	0.6046984140930457	1.3408812546963123e-11	3.9263290611702345e-11
CMCBSN	cg02459604	ZNF568	cg20912169	ADHFE1	between_gene	103	0.616043579493037	4.3208175313928706e-12	1.3246783712578143e-11
CMCBSN	cg02459604	ZNF568	cg18065361	ADHFE1	between_gene	103	0.6328581469929272	7.401258655472418e-13	2.441198967399183e-12
CMCBSN	cg02459604	ZNF568	cg04481096	HOXA2	between_gene	103	0.5300817115494443	8.499194507499002e-09	2.0512857049088713e-08
CMCBSN	cg02459604	ZNF568	cg19598584	HOXA2	between_gene	0			
CMCBSN	cg02459604	ZNF568	cg09871315	HOXA2	between_gene	0			
CMCBSN	cg02459604	ZNF568	cg13661519	HOXA2	between_gene	103	0.457365022185125	1.19281708684159e-06	2.4896478236557668e-06
CMCBSN	cg02459604	ZNF568	cg02803819	HOXA2	between_gene	103	0.4968040240741555	9.419548400507076e-08	2.1094937147573358e-07
CMCBSN	cg02459604	ZNF568	cg03763508	HOXA2	between_gene	103	0.4811975574397048	2.672438274899244e-07	5.824888437102863e-07
CMCBSN	cg02459604	ZNF568	cg00188704	HOXA2	between_gene	103	0.4648881957562712	7.529645265038096e-07	1.586821041719256e-06
CMCBSN	cg02459604	ZNF568	cg06786372	HOXA2	between_gene	103	0.4828779159161798	2.394527748158973e-07	5.23226373111119e-07
CMCBSN	cg02459604	ZNF568	cg19236679	GFRA1	between_gene	103	0.633308439133682	7.049242896276804e-13	2.330985388642102e-12
CMCBSN	cg02459604	ZNF568	cg06298519	GFRA1	between_gene	103	0.6311777885164521	8.871079008042862e-13	2.9003314701734117e-12
CMCBSN	cg02459604	ZNF568	cg19485539	GFRA1	between_gene	103	0.628849448666696	1.1381483074321095e-12	3.674791894796171e-12
CMCBSN	cg02459604	ZNF568	cg18672939	GFRA1	between_gene	103	0.6906712647717788	6.8886887516191e-16	2.9805288479227582e-15
CMCBSN	cg02459604	ZNF568	cg27034576	GFRA1	between_gene	103	0.7236634011334183	5.873555993224762e-18	3.1273688951680415e-17
CMCBSN	cg02459604	ZNF568	cg18044663	GFRA1	between_gene	103	0.6345165399991214	6.18290399917626e-13	2.0601783568136475e-12
CMCBSN	cg02459604	ZNF568	cg15701178	UNC5C	between_gene	103	0.6587005227781928	3.947370024011823e-14	1.467049628582172e-13
CMCBSN	cg02459604	ZNF568	cg03008707	UNC5C	between_gene	103	0.6642468040240742	2.0262833201073515e-14	7.762956214625668e-14
CMCBSN	cg02459604	ZNF568	cg24870497	UNC5C	between_gene	0			
CMCBSN	cg02459604	ZNF568	cg13265789	UNC5C	between_gene	103	0.6334182664850855	6.965872232842347e-13	2.309270731319655e-12
CMCBSN	cg02459604	ZNF568	cg12584684	UNC5C	between_gene	103	0.6454223959934983	1.8431861257864327e-13	6.446209922489012e-13
CMCBSN	cg02459604	ZNF568	cg08327106	RALYL	between_gene	0			
CMCBSN	cg02459604	ZNF568	cg09757712	RALYL	between_gene	0			
CMCBSN	cg02459604	ZNF568	cg11089595	RALYL	between_gene	103	0.4870184070640953	1.82230516790479e-07	4.015535627587497e-07
CMCBSN	cg02459604	ZNF568	cg01134282	RALYL	between_gene	0			
CMCBSN	cg02459604	ZNF568	cg06955749	RALYL	between_gene	103	0.4860738918420243	1.9400512059418158e-07	4.260600670288045e-07
CMCBSN	cg02459604	ZNF568	cg11666087	BEND5	between_gene	103	0.6462351183938849	1.680928548903838e-13	5.902479924751161e-13
CMCBSN	cg02459604	ZNF568	cg16573178	BEND5	between_gene	103	0.6562513728418925	5.275575867454301e-14	1.9440646099135974e-13
CMCBSN	cg02459604	ZNF568	cg06744574	BEND5	between_gene	103	0.694438342924922	4.129974730973071e-16	1.845052067313141e-15
CMCBSN	cg02459604	ZNF568	cg03603214	BEND5	between_gene	103	0.6776567236304529	3.805903361137698e-15	1.5394731580167836e-14
CMCBSN	cg03060201	ZNF568	cg03443751	ZNF568	within_gene	103	0.9240324210341344	5.711527044396836e-44	3.352877913099624e-43
CMCBSN	cg03060201	ZNF568	cg17332326	ZNF793	between_gene	103	0.5616900232833985	6.714084591361763e-10	1.765831320449883e-09
CMCBSN	cg03060201	ZNF568	cg11623861	ZNF793	between_gene	0			
CMCBSN	cg03060201	ZNF568	cg14732998	ZNF793	between_gene	0			
CMCBSN	cg03060201	ZNF568	cg07482795	ZNF793	between_gene	103	0.5815907393577296	1.178440773284209e-10	3.2329673790730824e-10
CMCBSN	cg03060201	ZNF568	cg13181745	ZNF793	between_gene	0			
CMCBSN	cg03060201	ZNF568	cg24078985	ZNF793	between_gene	103	0.5602732504502922	7.566474360304016e-10	1.98600921589871e-09
CMCBSN	cg03060201	ZNF568	cg15139588	ZNF793	between_gene	103	0.5404494135219435	3.804429413548668e-09	9.417226128983373e-09
CMCBSN	cg03060201	ZNF568	cg25361907	ZNF793	between_gene	103	0.5702785221631596	3.213901223135426e-10	8.547470225443759e-10
CMCBSN	cg03060201	ZNF568	cg20299663	SFMBT2	between_gene	103	0.6097285067873303	8.160961135924929e-12	2.4361496113991005e-11
CMCBSN	cg03060201	ZNF568	cg20506550	SFMBT2	between_gene	0			
CMCBSN	cg03060201	ZNF568	cg01056653	SFMBT2	between_gene	0			
CMCBSN	cg03060201	ZNF568	cg22862480	SFMBT2	between_gene	103	0.6440056231603919	2.1629532684920323e-13	7.52419343666095e-13
CMCBSN	cg03060201	ZNF568	cg12767281	SFMBT2	between_gene	103	0.7255085006369986	4.409290861867491e-18	2.37192574404377e-17
CMCBSN	cg03060201	ZNF568	cg26878816	SFMBT2	between_gene	103	0.7516254448007733	5.837201975024497e-20	4.0503350938401366e-19
CMCBSN	cg03060201	ZNF568	cg12328063	SFMBT2	between_gene	103	0.6724069762333612	7.400673452475628e-15	2.9568693778727276e-14
CMCBSN	cg03060201	ZNF568	cg16818993	SFMBT2	between_gene	103	0.7214558713702061	8.252430227531524e-18	4.332110757269567e-17
CMCBSN	cg03060201	ZNF568	cg20295442	ADHFE1	between_gene	0			
CMCBSN	cg03060201	ZNF568	cg19283840	ADHFE1	between_gene	0			
CMCBSN	cg03060201	ZNF568	cg25046651	ADHFE1	between_gene	103	0.5286869041866187	9.450408473917696e-09	2.272453060686753e-08
CMCBSN	cg03060201	ZNF568	cg01588438	ADHFE1	between_gene	103	0.602018626718798	1.7407824765149332e-11	5.068863260298505e-11
CMCBSN	cg03060201	ZNF568	cg08090772	ADHFE1	between_gene	0			
CMCBSN	cg03060201	ZNF568	cg09383816	ADHFE1	between_gene	103	0.5916509247462988	4.6723818970370154e-11	1.317864256148062e-10
CMCBSN	cg03060201	ZNF568	cg20912169	ADHFE1	between_gene	103	0.5952971928128981	3.314940254735203e-11	9.472813937134879e-11
CMCBSN	cg03060201	ZNF568	cg18065361	ADHFE1	between_gene	103	0.6221609629662171	2.301963249846433e-12	7.192601339939334e-12
CMCBSN	cg03060201	ZNF568	cg04481096	HOXA2	between_gene	103	0.5212076615560339	1.6557114179342098e-08	3.90927700397317e-08
CMCBSN	cg03060201	ZNF568	cg19598584	HOXA2	between_gene	0			
CMCBSN	cg03060201	ZNF568	cg09871315	HOXA2	between_gene	0			
CMCBSN	cg03060201	ZNF568	cg13661519	HOXA2	between_gene	103	0.42034222202697363	9.846454397080796e-06	1.986805840834014e-05
CMCBSN	cg03060201	ZNF568	cg02803819	HOXA2	between_gene	103	0.48320739797039053	2.343362135719462e-07	5.124754243161841e-07
CMCBSN	cg03060201	ZNF568	cg03763508	HOXA2	between_gene	103	0.4679853270658525	6.210499059292744e-07	1.3151941595531468e-06
CMCBSN	cg03060201	ZNF568	cg00188704	HOXA2	between_gene	103	0.43836489039230336	3.63469092743651e-06	7.431746574985779e-06
CMCBSN	cg03060201	ZNF568	cg06786372	HOXA2	between_gene	103	0.48047269692044103	2.8015629094344417e-07	6.091064692262048e-07
CMCBSN	cg03060201	ZNF568	cg19236679	GFRA1	between_gene	103	0.7061788867899662	7.963054178951123e-17	3.826078886350549e-16
CMCBSN	cg03060201	ZNF568	cg06298519	GFRA1	between_gene	103	0.7034112375345957	1.1823241989725521e-16	5.639275749761222e-16
CMCBSN	cg03060201	ZNF568	cg19485539	GFRA1	between_gene	103	0.688903044414181	8.735127918320623e-16	3.7483468320556745e-15
CMCBSN	cg03060201	ZNF568	cg18672939	GFRA1	between_gene	103	0.7083864165531786	5.790717866141589e-17	2.818653528500635e-16
CMCBSN	cg03060201	ZNF568	cg27034576	GFRA1	between_gene	103	0.7623445942977639	8.443264022002251e-21	6.589045857193803e-20
CMCBSN	cg03060201	ZNF568	cg18044663	GFRA1	between_gene	103	0.6774260861925054	3.919864450167715e-15	1.5831155341312025e-14
CMCBSN	cg03060201	ZNF568	cg15701178	UNC5C	between_gene	103	0.6907042129771997	6.858163830980773e-16	2.9722507367157535e-15
CMCBSN	cg03060201	ZNF568	cg03008707	UNC5C	between_gene	103	0.6497605763739402	1.123433524316242e-13	4.031689222752511e-13
CMCBSN	cg03060201	ZNF568	cg24870497	UNC5C	between_gene	0			
CMCBSN	cg03060201	ZNF568	cg13265789	UNC5C	between_gene	103	0.6805561657075078	2.620485181739877e-15	1.0749757608741099e-14
CMCBSN	cg03060201	ZNF568	cg12584684	UNC5C	between_gene	103	0.7024996705179459	1.3453743985461247e-16	6.347345037625388e-16
CMCBSN	cg03060201	ZNF568	cg08327106	RALYL	between_gene	0			
CMCBSN	cg03060201	ZNF568	cg09757712	RALYL	between_gene	0			
CMCBSN	cg03060201	ZNF568	cg11089595	RALYL	between_gene	103	0.5410095330141019	3.639920914878111e-09	9.027142268932502e-09
CMCBSN	cg03060201	ZNF568	cg01134282	RALYL	between_gene	0			
CMCBSN	cg03060201	ZNF568	cg06955749	RALYL	between_gene	103	0.5247990159469315	1.267011224184701e-08	3.013338453872275e-08
CMCBSN	cg03060201	ZNF568	cg11666087	BEND5	between_gene	103	0.6555265123226288	5.74549846985985e-14	2.1082989462537765e-13
CMCBSN	cg03060201	ZNF568	cg16573178	BEND5	between_gene	103	0.678754997144489	3.3058465727501538e-15	1.34764901692268e-14
CMCBSN	cg03060201	ZNF568	cg06744574	BEND5	between_gene	103	0.7027742388964549	1.2940942487452824e-16	6.138712536320803e-16
CMCBSN	cg03060201	ZNF568	cg03603214	BEND5	between_gene	103	0.7315160567587753	1.7053148401446645e-18	9.693173023828822e-18
CMCBSN	cg03443751	ZNF568	cg17332326	ZNF793	between_gene	103	0.5387141413697667	4.360557178292589e-09	1.0763191748500819e-08
CMCBSN	cg03443751	ZNF568	cg11623861	ZNF793	between_gene	0			
CMCBSN	cg03443751	ZNF568	cg14732998	ZNF793	between_gene	0			
CMCBSN	cg03443751	ZNF568	cg07482795	ZNF793	between_gene	103	0.5935289724553003	3.917374155329477e-11	1.1133365110299135e-10
CMCBSN	cg03443751	ZNF568	cg13181745	ZNF793	between_gene	0			
CMCBSN	cg03443751	ZNF568	cg24078985	ZNF793	between_gene	103	0.5791306066862892	1.4705710821699353e-10	3.992202891959157e-10
CMCBSN	cg03443751	ZNF568	cg15139588	ZNF793	between_gene	103	0.5216030400210869	1.6078941396170924e-08	3.799815045526263e-08
CMCBSN	cg03443751	ZNF568	cg25361907	ZNF793	between_gene	103	0.557274963756974	9.726170521654211e-10	2.5224233490055505e-09
CMCBSN	cg03443751	ZNF568	cg20299663	SFMBT2	between_gene	103	0.640095769450424	3.349006395904018e-13	1.1406733272733138e-12
CMCBSN	cg03443751	ZNF568	cg20506550	SFMBT2	between_gene	0			
CMCBSN	cg03443751	ZNF568	cg01056653	SFMBT2	between_gene	0			
CMCBSN	cg03443751	ZNF568	cg22862480	SFMBT2	between_gene	103	0.6888371480033388	8.812488522923579e-16	3.775333753088279e-15
CMCBSN	cg03443751	ZNF568	cg12767281	SFMBT2	between_gene	103	0.69896322980275	2.2106433155002988e-16	1.0244348863481847e-15
CMCBSN	cg03443751	ZNF568	cg26878816	SFMBT2	between_gene	103	0.6990401089487326	2.1870737319727801e-16	1.0153159015510647e-15
CMCBSN	cg03443751	ZNF568	cg12328063	SFMBT2	between_gene	103	0.6922417958968502	5.570773870825154e-16	2.438615608889736e-15
CMCBSN	cg03443751	ZNF568	cg16818993	SFMBT2	between_gene	103	0.6806550103237712	2.5871624359633123e-15	1.0629774480989422e-14
CMCBSN	cg03443751	ZNF568	cg20295442	ADHFE1	between_gene	0			
CMCBSN	cg03443751	ZNF568	cg19283840	ADHFE1	between_gene	0			
CMCBSN	cg03443751	ZNF568	cg25046651	ADHFE1	between_gene	103	0.5761433027281113	1.9195733055197933e-10	5.173725985641674e-10
CMCBSN	cg03443751	ZNF568	cg01588438	ADHFE1	between_gene	103	0.6422923164784958	2.6217054478890956e-13	9.035706094508125e-13
CMCBSN	cg03443751	ZNF568	cg08090772	ADHFE1	between_gene	0			
CMCBSN	cg03443751	ZNF568	cg09383816	ADHFE1	between_gene	103	0.6324517857927338	7.733470015428157e-13	2.547553443213644e-12
CMCBSN	cg03443751	ZNF568	cg20912169	ADHFE1	between_gene	103	0.6288384659315556	1.1394812736259496e-12	3.674791894796171e-12
CMCBSN	cg03443751	ZNF568	cg18065361	ADHFE1	between_gene	103	0.6609519834819664	3.0163357611333983e-14	1.1339510087603799e-13
CMCBSN	cg03443751	ZNF568	cg04481096	HOXA2	between_gene	103	0.5560448974212538	1.077376364697753e-09	2.774802502957984e-09
CMCBSN	cg03443751	ZNF568	cg19598584	HOXA2	between_gene	0			
CMCBSN	cg03443751	ZNF568	cg09871315	HOXA2	between_gene	0			
CMCBSN	cg03443751	ZNF568	cg13661519	HOXA2	between_gene	103	0.47480560558801566	4.0364488439703734e-07	8.653323774789404e-07
CMCBSN	cg03443751	ZNF568	cg02803819	HOXA2	between_gene	103	0.5202960945393841	1.7711937969579282e-08	4.178159689207265e-08
CMCBSN	cg03443751	ZNF568	cg03763508	HOXA2	between_gene	103	0.5005052058164565	7.299279220138695e-08	1.65167558415801e-07
CMCBSN	cg03443751	ZNF568	cg00188704	HOXA2	between_gene	103	0.47402583139305016	4.2422831234326656e-07	9.064796616736956e-07
CMCBSN	cg03443751	ZNF568	cg06786372	HOXA2	between_gene	103	0.5256337038175988	1.190087857624416e-08	2.8407495155920415e-08
CMCBSN	cg03443751	ZNF568	cg19236679	GFRA1	between_gene	103	0.7160413829460088	1.8744654665587537e-17	9.47767519816238e-17
CMCBSN	cg03443751	ZNF568	cg06298519	GFRA1	between_gene	103	0.6985788340728376	2.3322380969627467e-16	1.0788668785418096e-15
CMCBSN	cg03443751	ZNF568	cg19485539	GFRA1	between_gene	103	0.6921429512805869	5.645948739534619e-16	2.4673836283828845e-15
CMCBSN	cg03443751	ZNF568	cg18672939	GFRA1	between_gene	103	0.7410051399200458	3.6065436155806176e-19	2.213993480717607e-18
CMCBSN	cg03443751	ZNF568	cg27034576	GFRA1	between_gene	103	0.7647278478232219	5.417390782755564e-21	4.3894324696302064e-20
CMCBSN	cg03443751	ZNF568	cg18044663	GFRA1	between_gene	103	0.6705838422000615	9.293911283684006e-15	3.668353182924595e-14
CMCBSN	cg03443751	ZNF568	cg15701178	UNC5C	between_gene	103	0.7191494969907306	1.1731929017039426e-17	6.037199764389717e-17
CMCBSN	cg03443751	ZNF568	cg03008707	UNC5C	between_gene	103	0.7071673329525985	6.907030569183274e-17	3.3309506016634314e-16
CMCBSN	cg03443751	ZNF568	cg24870497	UNC5C	between_gene	0			
CMCBSN	cg03443751	ZNF568	cg13265789	UNC5C	between_gene	103	0.6815665773404208	2.2986035933778378e-15	9.47402334142619e-15
CMCBSN	cg03443751	ZNF568	cg12584684	UNC5C	between_gene	103	0.719709616482889	1.0774671697680313e-17	5.588691542594024e-17
CMCBSN	cg03443751	ZNF568	cg08327106	RALYL	between_gene	0			
CMCBSN	cg03443751	ZNF568	cg09757712	RALYL	between_gene	0			
CMCBSN	cg03443751	ZNF568	cg11089595	RALYL	between_gene	103	0.5385274348723806	4.42483701068354e-09	1.0911530964908654e-08
CMCBSN	cg03443751	ZNF568	cg01134282	RALYL	between_gene	0			
CMCBSN	cg03443751	ZNF568	cg06955749	RALYL	between_gene	103	0.5510477529323903	1.6255562735027576e-09	4.145391020441468e-09
CMCBSN	cg03443751	ZNF568	cg11666087	BEND5	between_gene	103	0.6829613847032465	1.916541777346397e-15	7.974892339867223e-15
CMCBSN	cg03443751	ZNF568	cg16573178	BEND5	between_gene	103	0.7107037736677941	4.1315623399807115e-17	2.0492863393554517e-16
CMCBSN	cg03443751	ZNF568	cg06744574	BEND5	between_gene	103	0.7316258841101789	1.6755574096292236e-18	9.544823759219748e-18
CMCBSN	cg03443751	ZNF568	cg03603214	BEND5	between_gene	103	0.7592474629881826	1.4914699769586168e-20	1.1444838734955974e-19
CMCBSN	cg17332326	ZNF793	cg11623861	ZNF793	within_gene	0			
CMCBSN	cg17332326	ZNF793	cg14732998	ZNF793	within_gene	0			
CMCBSN	cg17332326	ZNF793	cg07482795	ZNF793	within_gene	103	0.8570597021482229	7.502399163107328e-31	2.5850657985924165e-30
CMCBSN	cg17332326	ZNF793	cg13181745	ZNF793	within_gene	0			
CMCBSN	cg17332326	ZNF793	cg24078985	ZNF793	within_gene	103	0.9069213196854545	1.0567459161502917e-39	5.153668544917576e-39
CMCBSN	cg17332326	ZNF793	cg15139588	ZNF793	within_gene	103	0.9603742916135835	7.53128987978639e-58	1.4043640540542858e-56
CMCBSN	cg17332326	ZNF793	cg25361907	ZNF793	within_gene	103	0.933038263849229	1.2234088200290848e-46	9.019083626726044e-46
CMCBSN	cg17332326	ZNF793	cg20299663	SFMBT2	between_gene	103	0.5165619645916619	2.329806272817331e-08	5.456431387594629e-08
CMCBSN	cg17332326	ZNF793	cg20506550	SFMBT2	between_gene	0			
CMCBSN	cg17332326	ZNF793	cg01056653	SFMBT2	between_gene	0			
CMCBSN	cg17332326	ZNF793	cg22862480	SFMBT2	between_gene	103	0.5189452181171199	1.9565953914082652e-08	4.607181747458632e-08
CMCBSN	cg17332326	ZNF793	cg12767281	SFMBT2	between_gene	103	0.40594385625796253	2.0972593823995637e-05	4.157864535471476e-05
CMCBSN	cg17332326	ZNF793	cg26878816	SFMBT2	between_gene	103	0.43215964503800025	5.155734198182624e-06	1.048426385273458e-05
CMCBSN	cg17332326	ZNF793	cg12328063	SFMBT2	between_gene	103	0.43667354918068796	4.000793596868271e-06	8.16111844740369e-06
CMCBSN	cg17332326	ZNF793	cg16818993	SFMBT2	between_gene	103	0.3931929007600053	3.981949634742996e-05	7.793628354872075e-05
CMCBSN	cg17332326	ZNF793	cg20295442	ADHFE1	between_gene	0			
CMCBSN	cg17332326	ZNF793	cg19283840	ADHFE1	between_gene	0			
CMCBSN	cg17332326	ZNF793	cg25046651	ADHFE1	between_gene	103	0.36528577076835217	0.00014824991014501538	0.00028650667819877417
CMCBSN	cg17332326	ZNF793	cg01588438	ADHFE1	between_gene	103	0.4190023283398498	1.0579808063607348e-05	2.1265577224924167e-05
CMCBSN	cg17332326	ZNF793	cg08090772	ADHFE1	between_gene	0			
CMCBSN	cg17332326	ZNF793	cg09383816	ADHFE1	between_gene	103	0.43119316434564864	5.440882012557829e-06	1.1046895852734145e-05
CMCBSN	cg17332326	ZNF793	cg20912169	ADHFE1	between_gene	103	0.4148728199270746	1.3176361499775746e-05	2.6302316107815545e-05
CMCBSN	cg17332326	ZNF793	cg18065361	ADHFE1	between_gene	103	0.43387295171989637	4.684568490685813e-06	9.541014201560721e-06
CMCBSN	cg17332326	ZNF793	cg04481096	HOXA2	between_gene	103	0.33315028774766065	0.0005846816429661769	0.0011241226282231065
CMCBSN	cg17332326	ZNF793	cg19598584	HOXA2	between_gene	0			
CMCBSN	cg17332326	ZNF793	cg09871315	HOXA2	between_gene	0			
CMCBSN	cg17332326	ZNF793	cg13661519	HOXA2	between_gene	103	0.2741949655142117	0.0050670313670861415	0.009628466741972137
CMCBSN	cg17332326	ZNF793	cg02803819	HOXA2	between_gene	103	0.3126455212406098	0.001303152850026129	0.0024999454306751253
CMCBSN	cg17332326	ZNF793	cg03763508	HOXA2	between_gene	103	0.29164653165224264	0.002798624942862317	0.005333537235885891
CMCBSN	cg17332326	ZNF793	cg00188704	HOXA2	between_gene	103	0.3192022141194043	0.0010146586242980318	0.0019479355046310264
CMCBSN	cg17332326	ZNF793	cg06786372	HOXA2	between_gene	103	0.30285990423054965	0.0018737061338503236	0.0035786964152382827
CMCBSN	cg17332326	ZNF793	cg19236679	GFRA1	between_gene	103	0.47673856697271894	3.566351500663712e-07	7.696121642044355e-07
CMCBSN	cg17332326	ZNF793	cg06298519	GFRA1	between_gene	103	0.4651627641347802	7.402732474539117e-07	1.5613362187609181e-06
CMCBSN	cg17332326	ZNF793	cg19485539	GFRA1	between_gene	103	0.4642841453235514	7.816157929083984e-07	1.645872157948355e-06
CMCBSN	cg17332326	ZNF793	cg18672939	GFRA1	between_gene	103	0.5483460000878619	2.024718451267494e-09	5.123657070181273e-09
CMCBSN	cg17332326	ZNF793	cg27034576	GFRA1	between_gene	103	0.5600206475420639	7.728988268474298e-10	2.0266261700954212e-09
CMCBSN	cg17332326	ZNF793	cg18044663	GFRA1	between_gene	103	0.4511268286254009	1.7324939877537596e-06	3.5902119253769334e-06
CMCBSN	cg17332326	ZNF793	cg15701178	UNC5C	between_gene	103	0.5505315643807934	1.6954588498981448e-09	4.315563062813912e-09
CMCBSN	cg17332326	ZNF793	cg03008707	UNC5C	between_gene	103	0.49681500680929586	9.412465117640542e-08	2.1094937147573358e-07
CMCBSN	cg17332326	ZNF793	cg24870497	UNC5C	between_gene	0			
CMCBSN	cg17332326	ZNF793	cg13265789	UNC5C	between_gene	103	0.5234371567895268	1.4028280476343983e-08	3.324231041124564e-08
CMCBSN	cg17332326	ZNF793	cg12584684	UNC5C	between_gene	103	0.5470280718710188	2.2520426905983566e-09	5.676888289633925e-09
CMCBSN	cg17332326	ZNF793	cg08327106	RALYL	between_gene	0			
CMCBSN	cg17332326	ZNF793	cg09757712	RALYL	between_gene	0			
CMCBSN	cg17332326	ZNF793	cg11089595	RALYL	between_gene	103	0.3719193427931292	0.00010963185961749819	0.0002125033593923126
CMCBSN	cg17332326	ZNF793	cg01134282	RALYL	between_gene	0			
CMCBSN	cg17332326	ZNF793	cg06955749	RALYL	between_gene	103	0.37423669990774505	9.851034242696983e-05	0.00019137266075351027
CMCBSN	cg17332326	ZNF793	cg11666087	BEND5	between_gene	103	0.4853380485876203	2.0367660719031283e-07	4.465481245038035e-07
CMCBSN	cg17332326	ZNF793	cg16573178	BEND5	between_gene	103	0.5067324166410403	4.720193626562723e-08	1.0821603841566032e-07
CMCBSN	cg17332326	ZNF793	cg06744574	BEND5	between_gene	103	0.5339476343188507	6.318067354002632e-09	1.541986690981559e-08
CMCBSN	cg17332326	ZNF793	cg03603214	BEND5	between_gene	103	0.5307077274524448	8.102733430605237e-09	1.961041885013828e-08
CMCBSN	cg11623861	ZNF793	cg14732998	ZNF793	within_gene	0			
CMCBSN	cg11623861	ZNF793	cg07482795	ZNF793	within_gene	0			
CMCBSN	cg11623861	ZNF793	cg13181745	ZNF793	within_gene	0			
CMCBSN	cg11623861	ZNF793	cg24078985	ZNF793	within_gene	0			
CMCBSN	cg11623861	ZNF793	cg15139588	ZNF793	within_gene	0			
CMCBSN	cg11623861	ZNF793	cg25361907	ZNF793	within_gene	0			
CMCBSN	cg11623861	ZNF793	cg20299663	SFMBT2	between_gene	0			
CMCBSN	cg11623861	ZNF793	cg20506550	SFMBT2	between_gene	0			
CMCBSN	cg11623861	ZNF793	cg01056653	SFMBT2	between_gene	0			
CMCBSN	cg11623861	ZNF793	cg22862480	SFMBT2	between_gene	0			
CMCBSN	cg11623861	ZNF793	cg12767281	SFMBT2	between_gene	0			
CMCBSN	cg11623861	ZNF793	cg26878816	SFMBT2	between_gene	0			
CMCBSN	cg11623861	ZNF793	cg12328063	SFMBT2	between_gene	0			
CMCBSN	cg11623861	ZNF793	cg16818993	SFMBT2	between_gene	0			
CMCBSN	cg11623861	ZNF793	cg20295442	ADHFE1	between_gene	0			
CMCBSN	cg11623861	ZNF793	cg19283840	ADHFE1	between_gene	0			
CMCBSN	cg11623861	ZNF793	cg25046651	ADHFE1	between_gene	0			
CMCBSN	cg11623861	ZNF793	cg01588438	ADHFE1	between_gene	0			
CMCBSN	cg11623861	ZNF793	cg08090772	ADHFE1	between_gene	0			
CMCBSN	cg11623861	ZNF793	cg09383816	ADHFE1	between_gene	0			
CMCBSN	cg11623861	ZNF793	cg20912169	ADHFE1	between_gene	0			
CMCBSN	cg11623861	ZNF793	cg18065361	ADHFE1	between_gene	0			
CMCBSN	cg11623861	ZNF793	cg04481096	HOXA2	between_gene	0			
CMCBSN	cg11623861	ZNF793	cg19598584	HOXA2	between_gene	0			
CMCBSN	cg11623861	ZNF793	cg09871315	HOXA2	between_gene	0			
CMCBSN	cg11623861	ZNF793	cg13661519	HOXA2	between_gene	0			
CMCBSN	cg11623861	ZNF793	cg02803819	HOXA2	between_gene	0			
CMCBSN	cg11623861	ZNF793	cg03763508	HOXA2	between_gene	0			
CMCBSN	cg11623861	ZNF793	cg00188704	HOXA2	between_gene	0			
CMCBSN	cg11623861	ZNF793	cg06786372	HOXA2	between_gene	0			
CMCBSN	cg11623861	ZNF793	cg19236679	GFRA1	between_gene	0			
CMCBSN	cg11623861	ZNF793	cg06298519	GFRA1	between_gene	0			
CMCBSN	cg11623861	ZNF793	cg19485539	GFRA1	between_gene	0			
CMCBSN	cg11623861	ZNF793	cg18672939	GFRA1	between_gene	0			
CMCBSN	cg11623861	ZNF793	cg27034576	GFRA1	between_gene	0			
CMCBSN	cg11623861	ZNF793	cg18044663	GFRA1	between_gene	0			
CMCBSN	cg11623861	ZNF793	cg15701178	UNC5C	between_gene	0			
CMCBSN	cg11623861	ZNF793	cg03008707	UNC5C	between_gene	0			
CMCBSN	cg11623861	ZNF793	cg24870497	UNC5C	between_gene	0			
CMCBSN	cg11623861	ZNF793	cg13265789	UNC5C	between_gene	0			
CMCBSN	cg11623861	ZNF793	cg12584684	UNC5C	between_gene	0			
CMCBSN	cg11623861	ZNF793	cg08327106	RALYL	between_gene	0			
CMCBSN	cg11623861	ZNF793	cg09757712	RALYL	between_gene	0			
CMCBSN	cg11623861	ZNF793	cg11089595	RALYL	between_gene	0			
CMCBSN	cg11623861	ZNF793	cg01134282	RALYL	between_gene	0			
CMCBSN	cg11623861	ZNF793	cg06955749	RALYL	between_gene	0			
CMCBSN	cg11623861	ZNF793	cg11666087	BEND5	between_gene	0			
CMCBSN	cg11623861	ZNF793	cg16573178	BEND5	between_gene	0			
CMCBSN	cg11623861	ZNF793	cg06744574	BEND5	between_gene	0			
CMCBSN	cg11623861	ZNF793	cg03603214	BEND5	between_gene	0			
CMCBSN	cg14732998	ZNF793	cg07482795	ZNF793	within_gene	0			
CMCBSN	cg14732998	ZNF793	cg13181745	ZNF793	within_gene	0			
CMCBSN	cg14732998	ZNF793	cg24078985	ZNF793	within_gene	0			
CMCBSN	cg14732998	ZNF793	cg15139588	ZNF793	within_gene	0			
CMCBSN	cg14732998	ZNF793	cg25361907	ZNF793	within_gene	0			
CMCBSN	cg14732998	ZNF793	cg20299663	SFMBT2	between_gene	0			
CMCBSN	cg14732998	ZNF793	cg20506550	SFMBT2	between_gene	0			
CMCBSN	cg14732998	ZNF793	cg01056653	SFMBT2	between_gene	0			
CMCBSN	cg14732998	ZNF793	cg22862480	SFMBT2	between_gene	0			
CMCBSN	cg14732998	ZNF793	cg12767281	SFMBT2	between_gene	0			
CMCBSN	cg14732998	ZNF793	cg26878816	SFMBT2	between_gene	0			
CMCBSN	cg14732998	ZNF793	cg12328063	SFMBT2	between_gene	0			
CMCBSN	cg14732998	ZNF793	cg16818993	SFMBT2	between_gene	0			
CMCBSN	cg14732998	ZNF793	cg20295442	ADHFE1	between_gene	0			
CMCBSN	cg14732998	ZNF793	cg19283840	ADHFE1	between_gene	0			
CMCBSN	cg14732998	ZNF793	cg25046651	ADHFE1	between_gene	0			
CMCBSN	cg14732998	ZNF793	cg01588438	ADHFE1	between_gene	0			
CMCBSN	cg14732998	ZNF793	cg08090772	ADHFE1	between_gene	0			
CMCBSN	cg14732998	ZNF793	cg09383816	ADHFE1	between_gene	0			
CMCBSN	cg14732998	ZNF793	cg20912169	ADHFE1	between_gene	0			
CMCBSN	cg14732998	ZNF793	cg18065361	ADHFE1	between_gene	0			
CMCBSN	cg14732998	ZNF793	cg04481096	HOXA2	between_gene	0			
CMCBSN	cg14732998	ZNF793	cg19598584	HOXA2	between_gene	0			
CMCBSN	cg14732998	ZNF793	cg09871315	HOXA2	between_gene	0			
CMCBSN	cg14732998	ZNF793	cg13661519	HOXA2	between_gene	0			
CMCBSN	cg14732998	ZNF793	cg02803819	HOXA2	between_gene	0			
CMCBSN	cg14732998	ZNF793	cg03763508	HOXA2	between_gene	0			
CMCBSN	cg14732998	ZNF793	cg00188704	HOXA2	between_gene	0			
CMCBSN	cg14732998	ZNF793	cg06786372	HOXA2	between_gene	0			
CMCBSN	cg14732998	ZNF793	cg19236679	GFRA1	between_gene	0			
CMCBSN	cg14732998	ZNF793	cg06298519	GFRA1	between_gene	0			
CMCBSN	cg14732998	ZNF793	cg19485539	GFRA1	between_gene	0			
CMCBSN	cg14732998	ZNF793	cg18672939	GFRA1	between_gene	0			
CMCBSN	cg14732998	ZNF793	cg27034576	GFRA1	between_gene	0			
CMCBSN	cg14732998	ZNF793	cg18044663	GFRA1	between_gene	0			
CMCBSN	cg14732998	ZNF793	cg15701178	UNC5C	between_gene	0			
CMCBSN	cg14732998	ZNF793	cg03008707	UNC5C	between_gene	0			
CMCBSN	cg14732998	ZNF793	cg24870497	UNC5C	between_gene	0			
CMCBSN	cg14732998	ZNF793	cg13265789	UNC5C	between_gene	0			
CMCBSN	cg14732998	ZNF793	cg12584684	UNC5C	between_gene	0			
CMCBSN	cg14732998	ZNF793	cg08327106	RALYL	between_gene	0			
CMCBSN	cg14732998	ZNF793	cg09757712	RALYL	between_gene	0			
CMCBSN	cg14732998	ZNF793	cg11089595	RALYL	between_gene	0			
CMCBSN	cg14732998	ZNF793	cg01134282	RALYL	between_gene	0			
CMCBSN	cg14732998	ZNF793	cg06955749	RALYL	between_gene	0			
CMCBSN	cg14732998	ZNF793	cg11666087	BEND5	between_gene	0			
CMCBSN	cg14732998	ZNF793	cg16573178	BEND5	between_gene	0			
CMCBSN	cg14732998	ZNF793	cg06744574	BEND5	between_gene	0			
CMCBSN	cg14732998	ZNF793	cg03603214	BEND5	between_gene	0			
CMCBSN	cg07482795	ZNF793	cg13181745	ZNF793	within_gene	0			
CMCBSN	cg07482795	ZNF793	cg24078985	ZNF793	within_gene	103	0.9064380793392787	1.3558389766357602e-39	6.512135690811151e-39
CMCBSN	cg07482795	ZNF793	cg15139588	ZNF793	within_gene	103	0.887130430962527	1.0782305220440826e-35	4.618906425513164e-35
CMCBSN	cg07482795	ZNF793	cg25361907	ZNF793	within_gene	103	0.8786847076395906	3.3188870521443513e-34	1.3317559437085561e-33
CMCBSN	cg07482795	ZNF793	cg20299663	SFMBT2	between_gene	103	0.5422286166146817	3.305120487060939e-09	8.228110067501898e-09
CMCBSN	cg07482795	ZNF793	cg20506550	SFMBT2	between_gene	0			
CMCBSN	cg07482795	ZNF793	cg01056653	SFMBT2	between_gene	0			
CMCBSN	cg07482795	ZNF793	cg22862480	SFMBT2	between_gene	103	0.5271163730615473	1.0643369582971415e-08	2.547573508437837e-08
CMCBSN	cg07482795	ZNF793	cg12767281	SFMBT2	between_gene	103	0.4873808373237271	1.7789560184270006e-07	3.926646575360444e-07
CMCBSN	cg07482795	ZNF793	cg26878816	SFMBT2	between_gene	103	0.47683741158898213	3.5437688808612135e-07	7.65371937927724e-07
CMCBSN	cg07482795	ZNF793	cg12328063	SFMBT2	between_gene	103	0.48921495409216714	1.5742242998967815e-07	3.4865460088545865e-07
CMCBSN	cg07482795	ZNF793	cg16818993	SFMBT2	between_gene	103	0.452444756842244	1.6021095126309996e-06	3.3226579637951336e-06
CMCBSN	cg07482795	ZNF793	cg20295442	ADHFE1	between_gene	0			
CMCBSN	cg07482795	ZNF793	cg19283840	ADHFE1	between_gene	0			
CMCBSN	cg07482795	ZNF793	cg25046651	ADHFE1	between_gene	103	0.34290295655229974	0.0003914974093935637	0.0007538130930684928
CMCBSN	cg07482795	ZNF793	cg01588438	ADHFE1	between_gene	103	0.3964108421561306	3.395439800593772e-05	6.670709668485806e-05
CMCBSN	cg07482795	ZNF793	cg08090772	ADHFE1	between_gene	0			
CMCBSN	cg07482795	ZNF793	cg09383816	ADHFE1	between_gene	103	0.3934455036682335	3.932688485781088e-05	7.702991185737883e-05
CMCBSN	cg07482795	ZNF793	cg20912169	ADHFE1	between_gene	103	0.39106225014277557	4.421011756273583e-05	8.646491508334167e-05
CMCBSN	cg07482795	ZNF793	cg18065361	ADHFE1	between_gene	103	0.41587224882484736	1.2498028130039242e-05	2.5044051759809817e-05
CMCBSN	cg07482795	ZNF793	cg04481096	HOXA2	between_gene	103	0.24719940253920836	0.011823104318291958	0.022384963110612277
CMCBSN	cg07482795	ZNF793	cg19598584	HOXA2	between_gene	0			
CMCBSN	cg07482795	ZNF793	cg09871315	HOXA2	between_gene	0			
CMCBSN	cg07482795	ZNF793	cg13661519	HOXA2	between_gene	103	0.22400386592276944	0.02292796569826866	0.04331575851323891
CMCBSN	cg07482795	ZNF793	cg02803819	HOXA2	between_gene	103	0.27169090190220974	0.005500978435321089	0.010437856536547434
CMCBSN	cg07482795	ZNF793	cg03763508	HOXA2	between_gene	103	0.2527896147256513	0.00998901056363582	0.0189261645319723
CMCBSN	cg07482795	ZNF793	cg00188704	HOXA2	between_gene	103	0.26958221675526073	0.005891710467535363	0.011171128350145177
CMCBSN	cg07482795	ZNF793	cg06786372	HOXA2	between_gene	103	0.2363814084259544	0.016221047507611674	0.030667183295187576
CMCBSN	cg07482795	ZNF793	cg19236679	GFRA1	between_gene	103	0.5128937310547819	3.0400948001832826e-08	7.050317629936165e-08
CMCBSN	cg07482795	ZNF793	cg06298519	GFRA1	between_gene	103	0.48684268330184954	1.843683170112861e-07	4.059214675801227e-07
CMCBSN	cg07482795	ZNF793	cg19485539	GFRA1	between_gene	103	0.4598361375917059	1.0267651002022256e-06	2.1482198447695324e-06
CMCBSN	cg07482795	ZNF793	cg18672939	GFRA1	between_gene	103	0.5795808988270439	1.4123480310641903e-10	3.838350013590076e-10
CMCBSN	cg07482795	ZNF793	cg27034576	GFRA1	between_gene	103	0.5455783508324913	2.530343365729971e-09	6.359986359527451e-09
CMCBSN	cg07482795	ZNF793	cg18044663	GFRA1	between_gene	103	0.4718292843649783	4.877066079539154e-07	1.0378683035495638e-06
CMCBSN	cg07482795	ZNF793	cg15701178	UNC5C	between_gene	103	0.5714646575583183	2.8981352743253267e-10	7.723426895520713e-10
CMCBSN	cg07482795	ZNF793	cg03008707	UNC5C	between_gene	103	0.5050630408997057	5.3098612275132865e-08	1.214147935370917e-07
CMCBSN	cg07482795	ZNF793	cg24870497	UNC5C	between_gene	0			
CMCBSN	cg07482795	ZNF793	cg13265789	UNC5C	between_gene	103	0.5178579273382243	2.1191582092810473e-08	4.976493040516879e-08
CMCBSN	cg07482795	ZNF793	cg12584684	UNC5C	between_gene	103	0.5635351227869788	5.741429012991707e-10	1.5192077378190025e-09
CMCBSN	cg07482795	ZNF793	cg08327106	RALYL	between_gene	0			
CMCBSN	cg07482795	ZNF793	cg09757712	RALYL	between_gene	0			
CMCBSN	cg07482795	ZNF793	cg11089595	RALYL	between_gene	103	0.3485810306198656	0.000308088629528703	0.0005940896041687999
CMCBSN	cg07482795	ZNF793	cg01134282	RALYL	between_gene	0			
CMCBSN	cg07482795	ZNF793	cg06955749	RALYL	between_gene	103	0.403483723586522	2.37828391215397e-05	4.697155735662156e-05
CMCBSN	cg07482795	ZNF793	cg11666087	BEND5	between_gene	103	0.46888591134736196	5.870143565258666e-07	1.245138582256899e-06
CMCBSN	cg07482795	ZNF793	cg16573178	BEND5	between_gene	103	0.4884791108377631	1.6535102916263362e-07	3.652843650171982e-07
CMCBSN	cg07482795	ZNF793	cg06744574	BEND5	between_gene	103	0.4967271449281729	9.469273865353639e-08	2.118810936081273e-07
CMCBSN	cg07482795	ZNF793	cg03603214	BEND5	between_gene	103	0.5788560383077802	1.5071992564249367e-10	4.079131597523506e-10
CMCBSN	cg13181745	ZNF793	cg24078985	ZNF793	within_gene	0			
CMCBSN	cg13181745	ZNF793	cg15139588	ZNF793	within_gene	0			
CMCBSN	cg13181745	ZNF793	cg25361907	ZNF793	within_gene	0			
CMCBSN	cg13181745	ZNF793	cg20299663	SFMBT2	between_gene	0			
CMCBSN	cg13181745	ZNF793	cg20506550	SFMBT2	between_gene	0			
CMCBSN	cg13181745	ZNF793	cg01056653	SFMBT2	between_gene	0			
CMCBSN	cg13181745	ZNF793	cg22862480	SFMBT2	between_gene	0			
CMCBSN	cg13181745	ZNF793	cg12767281	SFMBT2	between_gene	0			
CMCBSN	cg13181745	ZNF793	cg26878816	SFMBT2	between_gene	0			
CMCBSN	cg13181745	ZNF793	cg12328063	SFMBT2	between_gene	0			
CMCBSN	cg13181745	ZNF793	cg16818993	SFMBT2	between_gene	0			
CMCBSN	cg13181745	ZNF793	cg20295442	ADHFE1	between_gene	0			
CMCBSN	cg13181745	ZNF793	cg19283840	ADHFE1	between_gene	0			
CMCBSN	cg13181745	ZNF793	cg25046651	ADHFE1	between_gene	0			
CMCBSN	cg13181745	ZNF793	cg01588438	ADHFE1	between_gene	0			
CMCBSN	cg13181745	ZNF793	cg08090772	ADHFE1	between_gene	0			
CMCBSN	cg13181745	ZNF793	cg09383816	ADHFE1	between_gene	0			
CMCBSN	cg13181745	ZNF793	cg20912169	ADHFE1	between_gene	0			
CMCBSN	cg13181745	ZNF793	cg18065361	ADHFE1	between_gene	0			
CMCBSN	cg13181745	ZNF793	cg04481096	HOXA2	between_gene	0			
CMCBSN	cg13181745	ZNF793	cg19598584	HOXA2	between_gene	0			
CMCBSN	cg13181745	ZNF793	cg09871315	HOXA2	between_gene	0			
CMCBSN	cg13181745	ZNF793	cg13661519	HOXA2	between_gene	0			
CMCBSN	cg13181745	ZNF793	cg02803819	HOXA2	between_gene	0			
CMCBSN	cg13181745	ZNF793	cg03763508	HOXA2	between_gene	0			
CMCBSN	cg13181745	ZNF793	cg00188704	HOXA2	between_gene	0			
CMCBSN	cg13181745	ZNF793	cg06786372	HOXA2	between_gene	0			
CMCBSN	cg13181745	ZNF793	cg19236679	GFRA1	between_gene	0			
CMCBSN	cg13181745	ZNF793	cg06298519	GFRA1	between_gene	0			
CMCBSN	cg13181745	ZNF793	cg19485539	GFRA1	between_gene	0			
CMCBSN	cg13181745	ZNF793	cg18672939	GFRA1	between_gene	0			
CMCBSN	cg13181745	ZNF793	cg27034576	GFRA1	between_gene	0			
CMCBSN	cg13181745	ZNF793	cg18044663	GFRA1	between_gene	0			
CMCBSN	cg13181745	ZNF793	cg15701178	UNC5C	between_gene	0			
CMCBSN	cg13181745	ZNF793	cg03008707	UNC5C	between_gene	0			
CMCBSN	cg13181745	ZNF793	cg24870497	UNC5C	between_gene	0			
CMCBSN	cg13181745	ZNF793	cg13265789	UNC5C	between_gene	0			
CMCBSN	cg13181745	ZNF793	cg12584684	UNC5C	between_gene	0			
CMCBSN	cg13181745	ZNF793	cg08327106	RALYL	between_gene	0			
CMCBSN	cg13181745	ZNF793	cg09757712	RALYL	between_gene	0			
CMCBSN	cg13181745	ZNF793	cg11089595	RALYL	between_gene	0			
CMCBSN	cg13181745	ZNF793	cg01134282	RALYL	between_gene	0			
CMCBSN	cg13181745	ZNF793	cg06955749	RALYL	between_gene	0			
CMCBSN	cg13181745	ZNF793	cg11666087	BEND5	between_gene	0			
CMCBSN	cg13181745	ZNF793	cg16573178	BEND5	between_gene	0			
CMCBSN	cg13181745	ZNF793	cg06744574	BEND5	between_gene	0			
CMCBSN	cg13181745	ZNF793	cg03603214	BEND5	between_gene	0			
CMCBSN	cg24078985	ZNF793	cg15139588	ZNF793	within_gene	103	0.9207376004920266	4.48585099306986e-43	2.5854813905511742e-42
CMCBSN	cg24078985	ZNF793	cg25361907	ZNF793	within_gene	103	0.9503141062250142	5.375739364958832e-53	6.311516217377591e-52
CMCBSN	cg24078985	ZNF793	cg20299663	SFMBT2	between_gene	103	0.5389777270131354	4.271330875920824e-09	1.055293774173999e-08
CMCBSN	cg24078985	ZNF793	cg20506550	SFMBT2	between_gene	0			
CMCBSN	cg24078985	ZNF793	cg01056653	SFMBT2	between_gene	0			
CMCBSN	cg24078985	ZNF793	cg22862480	SFMBT2	between_gene	103	0.5128717655845012	3.0449141228079806e-08	7.055222865369469e-08
CMCBSN	cg24078985	ZNF793	cg12767281	SFMBT2	between_gene	103	0.4751900013179282	3.9385083912970644e-07	8.457257936538305e-07
CMCBSN	cg24078985	ZNF793	cg26878816	SFMBT2	between_gene	103	0.4714119404296446	5.00745666148676e-07	1.0647477122916834e-06
CMCBSN	cg24078985	ZNF793	cg12328063	SFMBT2	between_gene	103	0.4723564556517155	4.71696834537465e-07	1.0046179929046906e-06
CMCBSN	cg24078985	ZNF793	cg16818993	SFMBT2	between_gene	103	0.43801344286781185	3.708057016574013e-06	7.569891045572458e-06
CMCBSN	cg24078985	ZNF793	cg20295442	ADHFE1	between_gene	0			
CMCBSN	cg24078985	ZNF793	cg19283840	ADHFE1	between_gene	0			
CMCBSN	cg24078985	ZNF793	cg25046651	ADHFE1	between_gene	103	0.34605500153758295	0.0003429324133016684	0.0006607907432083108
CMCBSN	cg24078985	ZNF793	cg01588438	ADHFE1	between_gene	103	0.3938518648684268	3.854635999001029e-05	7.55578160886077e-05
CMCBSN	cg24078985	ZNF793	cg08090772	ADHFE1	between_gene	0			
CMCBSN	cg24078985	ZNF793	cg09383816	ADHFE1	between_gene	103	0.40949127970829863	1.7464013554067076e-05	3.467550332006164e-05
CMCBSN	cg24078985	ZNF793	cg20912169	ADHFE1	between_gene	103	0.3958067917234108	3.4989709784949104e-05	6.868935502553214e-05
CMCBSN	cg24078985	ZNF793	cg18065361	ADHFE1	between_gene	103	0.4230220094012213	8.520861237626418e-06	1.7206599821182138e-05
CMCBSN	cg24078985	ZNF793	cg04481096	HOXA2	between_gene	103	0.30529807143170934	0.001713583063234369	0.003277667310834654
CMCBSN	cg24078985	ZNF793	cg19598584	HOXA2	between_gene	0			
CMCBSN	cg24078985	ZNF793	cg09871315	HOXA2	between_gene	0			
CMCBSN	cg24078985	ZNF793	cg13661519	HOXA2	between_gene	103	0.2777533716996881	0.0045028064389530725	0.008568797957132434
CMCBSN	cg24078985	ZNF793	cg02803819	HOXA2	between_gene	103	0.3098009928392567	0.001450067565954039	0.0027756612469362345
CMCBSN	cg24078985	ZNF793	cg03763508	HOXA2	between_gene	103	0.30260730132232133	0.0018910463951248976	0.0036091734051798517
CMCBSN	cg24078985	ZNF793	cg00188704	HOXA2	between_gene	103	0.3101853885691693	0.0014293725105606176	0.002738056446441007
CMCBSN	cg24078985	ZNF793	cg06786372	HOXA2	between_gene	103	0.2871545929798357	0.0032722113655725697	0.006231532447283821
CMCBSN	cg24078985	ZNF793	cg19236679	GFRA1	between_gene	103	0.4937727891754163	1.1581466368800258e-07	2.5803625752519105e-07
CMCBSN	cg24078985	ZNF793	cg06298519	GFRA1	between_gene	103	0.4701489258885033	5.422531890125067e-07	1.1511298373748004e-06
CMCBSN	cg24078985	ZNF793	cg19485539	GFRA1	between_gene	103	0.45650836884417695	1.256099522193059e-06	2.6175428541547052e-06
CMCBSN	cg24078985	ZNF793	cg18672939	GFRA1	between_gene	103	0.5534749373984098	1.332307324026308e-09	3.4111774370801157e-09
CMCBSN	cg24078985	ZNF793	cg27034576	GFRA1	between_gene	103	0.5257764793744234	1.1773857778803106e-08	2.8130032000821703e-08
CMCBSN	cg24078985	ZNF793	cg18044663	GFRA1	between_gene	103	0.46748012124939603	6.409547252089761e-07	1.3551465786630622e-06
CMCBSN	cg24078985	ZNF793	cg15701178	UNC5C	between_gene	103	0.5268308219478979	1.0875217937233712e-08	2.6006822729828372e-08
CMCBSN	cg24078985	ZNF793	cg03008707	UNC5C	between_gene	103	0.4980560558801564	8.643947604404576e-08	1.944143043094098e-07
CMCBSN	cg24078985	ZNF793	cg24870497	UNC5C	between_gene	0			
CMCBSN	cg24078985	ZNF793	cg13265789	UNC5C	between_gene	103	0.4933334797698019	1.1931541354215834e-07	2.653827058239481e-07
CMCBSN	cg24078985	ZNF793	cg12584684	UNC5C	between_gene	103	0.5304111936036552	8.288271330275967e-09	2.0040871084976826e-08
CMCBSN	cg24078985	ZNF793	cg08327106	RALYL	between_gene	0			
CMCBSN	cg24078985	ZNF793	cg09757712	RALYL	between_gene	0			
CMCBSN	cg24078985	ZNF793	cg11089595	RALYL	between_gene	103	0.3488226507929535	0.0003049328794648421	0.0005884392622217256
CMCBSN	cg24078985	ZNF793	cg01134282	RALYL	between_gene	0			
CMCBSN	cg24078985	ZNF793	cg06955749	RALYL	between_gene	103	0.3832535254579801	6.447106367295639e-05	0.0001254325168700546
CMCBSN	cg24078985	ZNF793	cg11666087	BEND5	between_gene	103	0.44057242015551557	3.204285805327532e-06	6.577483608260842e-06
CMCBSN	cg24078985	ZNF793	cg16573178	BEND5	between_gene	103	0.474662830031191	4.0734127499450706e-07	8.71823942953789e-07
CMCBSN	cg24078985	ZNF793	cg06744574	BEND5	between_gene	103	0.4766067741510346	3.5966745200963427e-07	7.755143655315171e-07
CMCBSN	cg24078985	ZNF793	cg03603214	BEND5	between_gene	103	0.5426020296094539	3.20861923290089e-09	7.995499119998493e-09
CMCBSN	cg15139588	ZNF793	cg25361907	ZNF793	within_gene	103	0.9248890743750824	3.2915497662909223e-44	2.0459240704200436e-43
CMCBSN	cg15139588	ZNF793	cg20299663	SFMBT2	between_gene	103	0.524173000043931	1.3278022703035707e-08	3.152171176726129e-08
CMCBSN	cg15139588	ZNF793	cg20506550	SFMBT2	between_gene	0			
CMCBSN	cg15139588	ZNF793	cg01056653	SFMBT2	between_gene	0			
CMCBSN	cg15139588	ZNF793	cg22862480	SFMBT2	between_gene	103	0.5044699732021263	5.535791237893946e-08	1.263593992971593e-07
CMCBSN	cg15139588	ZNF793	cg12767281	SFMBT2	between_gene	103	0.41501559548389927	1.3077382709668566e-05	2.6144744436417843e-05
CMCBSN	cg15139588	ZNF793	cg26878816	SFMBT2	between_gene	103	0.41574045600316306	1.2585561219701804e-05	2.519542030054193e-05
CMCBSN	cg15139588	ZNF793	cg12328063	SFMBT2	between_gene	103	0.41957343056714846	1.0261163046537306e-05	2.0656924682419623e-05
CMCBSN	cg15139588	ZNF793	cg16818993	SFMBT2	between_gene	103	0.3876466195141239	5.2203134554475934e-05	0.00010179221080166495
CMCBSN	cg15139588	ZNF793	cg20295442	ADHFE1	between_gene	0			
CMCBSN	cg15139588	ZNF793	cg19283840	ADHFE1	between_gene	0			
CMCBSN	cg15139588	ZNF793	cg25046651	ADHFE1	between_gene	103	0.3686684531915828	0.0001272090579512223	0.000246025524236278
CMCBSN	cg15139588	ZNF793	cg01588438	ADHFE1	between_gene	103	0.4128849448666696	1.4629666087494736e-05	2.9092072273074517e-05
CMCBSN	cg15139588	ZNF793	cg08090772	ADHFE1	between_gene	0			
CMCBSN	cg15139588	ZNF793	cg09383816	ADHFE1	between_gene	103	0.4202433774107104	9.898876559022052e-06	1.9958399491876765e-05
CMCBSN	cg15139588	ZNF793	cg20912169	ADHFE1	between_gene	103	0.4172121425119712	1.1640002151899178e-05	2.3360588934080736e-05
CMCBSN	cg15139588	ZNF793	cg18065361	ADHFE1	between_gene	103	0.4339388481307385	4.667284376701293e-06	9.513238233448182e-06
CMCBSN	cg15139588	ZNF793	cg04481096	HOXA2	between_gene	103	0.3114593858454509	0.001362686073950325	0.002612232157925347
CMCBSN	cg15139588	ZNF793	cg19598584	HOXA2	between_gene	0			
CMCBSN	cg15139588	ZNF793	cg09871315	HOXA2	between_gene	0			
CMCBSN	cg15139588	ZNF793	cg13661519	HOXA2	between_gene	103	0.24532135483020695	0.012502088082599765	0.02365333416062566
CMCBSN	cg15139588	ZNF793	cg02803819	HOXA2	between_gene	103	0.30405702236084875	0.0017934688033774998	0.0034279561230856387
CMCBSN	cg15139588	ZNF793	cg03763508	HOXA2	between_gene	103	0.2732614330272811	0.005225111067184762	0.00992162647327878
CMCBSN	cg15139588	ZNF793	cg00188704	HOXA2	between_gene	103	0.29174537626850594	0.0027889356957117805	0.005318957039555581
CMCBSN	cg15139588	ZNF793	cg06786372	HOXA2	between_gene	103	0.27462329218468573	0.004995936671350657	0.009500290652736052
CMCBSN	cg15139588	ZNF793	cg19236679	GFRA1	between_gene	103	0.44591002943373026	2.3539099101096554e-06	4.858663730598173e-06
CMCBSN	cg15139588	ZNF793	cg06298519	GFRA1	between_gene	103	0.4188925009884462	1.0642143195460434e-05	2.1374404616594514e-05
CMCBSN	cg15139588	ZNF793	cg19485539	GFRA1	between_gene	103	0.42965558142599836	5.925367255070379e-06	1.1993237524033062e-05
CMCBSN	cg15139588	ZNF793	cg18672939	GFRA1	between_gene	103	0.5116636647190617	3.3215139516938945e-08	7.682473315575684e-08
CMCBSN	cg15139588	ZNF793	cg27034576	GFRA1	between_gene	103	0.5251943944119843	1.22999890644918e-08	2.9333337723271577e-08
CMCBSN	cg15139588	ZNF793	cg18044663	GFRA1	between_gene	103	0.41642138558186537	1.2139428711008496e-05	2.434417333360582e-05
CMCBSN	cg15139588	ZNF793	cg15701178	UNC5C	between_gene	103	0.5471488819575627	2.2302258275232722e-09	5.6273299651916995e-09
CMCBSN	cg15139588	ZNF793	cg03008707	UNC5C	between_gene	103	0.48105478188288014	2.6974155589919864e-07	5.869522263060962e-07
CMCBSN	cg15139588	ZNF793	cg24870497	UNC5C	between_gene	0			
CMCBSN	cg15139588	ZNF793	cg13265789	UNC5C	between_gene	103	0.5043601458507226	5.578624680739873e-08	1.2700376781893829e-07
CMCBSN	cg15139588	ZNF793	cg12584684	UNC5C	between_gene	103	0.536243025963186	5.288636375403411e-09	1.2955917655800468e-08
CMCBSN	cg15139588	ZNF793	cg08327106	RALYL	between_gene	0			
CMCBSN	cg15139588	ZNF793	cg09757712	RALYL	between_gene	0			
CMCBSN	cg15139588	ZNF793	cg11089595	RALYL	between_gene	103	0.3375653472740851	0.0004883893802009484	0.0009396813369795534
CMCBSN	cg15139588	ZNF793	cg01134282	RALYL	between_gene	0			
CMCBSN	cg15139588	ZNF793	cg06955749	RALYL	between_gene	103	0.33301849492597635	0.00058780685816372	0.0011292990375177802
CMCBSN	cg15139588	ZNF793	cg11666087	BEND5	between_gene	103	0.4497759522031367	1.8765225163521608e-06	3.885593051716498e-06
CMCBSN	cg15139588	ZNF793	cg16573178	BEND5	between_gene	103	0.4746957782366121	4.064854176620889e-07	8.707064488344746e-07
CMCBSN	cg15139588	ZNF793	cg06744574	BEND5	between_gene	103	0.5001317928216843	7.490539184609994e-08	1.692018764731383e-07
CMCBSN	cg15139588	ZNF793	cg03603214	BEND5	between_gene	103	0.5074243289548829	4.494591523935282e-08	1.0313447041290369e-07
CMCBSN	cg25361907	ZNF793	cg20299663	SFMBT2	between_gene	103	0.544897421253789	2.672172908216921e-09	6.6971173079134935e-09
CMCBSN	cg25361907	ZNF793	cg20506550	SFMBT2	between_gene	0			
CMCBSN	cg25361907	ZNF793	cg01056653	SFMBT2	between_gene	0			
CMCBSN	cg25361907	ZNF793	cg22862480	SFMBT2	between_gene	103	0.5360123885252385	5.384319549618276e-09	1.3165594850003824e-08
CMCBSN	cg25361907	ZNF793	cg12767281	SFMBT2	between_gene	103	0.4604072398190046	9.916363761091484e-07	2.07638788544845e-06
CMCBSN	cg25361907	ZNF793	cg26878816	SFMBT2	between_gene	103	0.48911610947590395	1.5846601139882133e-07	3.506682135195291e-07
CMCBSN	cg25361907	ZNF793	cg12328063	SFMBT2	between_gene	103	0.497155471598647	9.195385156466258e-08	2.064609283409679e-07
CMCBSN	cg25361907	ZNF793	cg16818993	SFMBT2	between_gene	103	0.43308219478979043	4.896743798705497e-06	9.965370180048863e-06
CMCBSN	cg25361907	ZNF793	cg20295442	ADHFE1	between_gene	0			
CMCBSN	cg25361907	ZNF793	cg19283840	ADHFE1	between_gene	0			
CMCBSN	cg25361907	ZNF793	cg25046651	ADHFE1	between_gene	103	0.40652594122040153	2.0354839073403608e-05	4.038461988023575e-05
CMCBSN	cg25361907	ZNF793	cg01588438	ADHFE1	between_gene	103	0.45408118437815753	1.4531248976133248e-06	3.0184736129563413e-06
CMCBSN	cg25361907	ZNF793	cg08090772	ADHFE1	between_gene	0			
CMCBSN	cg25361907	ZNF793	cg09383816	ADHFE1	between_gene	103	0.467205552870887	6.52025028601062e-07	1.37743587013779e-06
CMCBSN	cg25361907	ZNF793	cg20912169	ADHFE1	between_gene	103	0.45505864780564953	1.37049708234758e-06	2.8491050899162043e-06
CMCBSN	cg25361907	ZNF793	cg18065361	ADHFE1	between_gene	103	0.46787549971444886	6.25326472581701e-07	1.3231766155439236e-06
CMCBSN	cg25361907	ZNF793	cg04481096	HOXA2	between_gene	103	0.3903923032992137	4.5681549962453154e-05	8.920895497907206e-05
CMCBSN	cg25361907	ZNF793	cg19598584	HOXA2	between_gene	0			
CMCBSN	cg25361907	ZNF793	cg09871315	HOXA2	between_gene	0			
CMCBSN	cg25361907	ZNF793	cg13661519	HOXA2	between_gene	103	0.3492290119931468	0.00029969263841636676	0.0005787550656019991
CMCBSN	cg25361907	ZNF793	cg02803819	HOXA2	between_gene	103	0.38860211747133505	4.9840928593023476e-05	9.72587753920705e-05
CMCBSN	cg25361907	ZNF793	cg03763508	HOXA2	between_gene	103	0.37083205201423364	0.00011524252192658769	0.0002230472846487146
CMCBSN	cg25361907	ZNF793	cg00188704	HOXA2	between_gene	103	0.3836928348635944	6.313299869265928e-05	0.0001229208907381702
CMCBSN	cg25361907	ZNF793	cg06786372	HOXA2	between_gene	103	0.3730395817774459	0.00010411746722266906	0.00020196466318508818
CMCBSN	cg25361907	ZNF793	cg19236679	GFRA1	between_gene	103	0.516869481175592	2.2780823344011004e-08	5.340086981538608e-08
CMCBSN	cg25361907	ZNF793	cg06298519	GFRA1	between_gene	103	0.4990335193076484	8.081165830967906e-08	1.82227844883278e-07
CMCBSN	cg25361907	ZNF793	cg19485539	GFRA1	between_gene	103	0.48202126257523176	2.5325798074002813e-07	5.524666151761984e-07
CMCBSN	cg25361907	ZNF793	cg18672939	GFRA1	between_gene	103	0.5476980187145807	2.1335878149557754e-09	5.388703397114829e-09
CMCBSN	cg25361907	ZNF793	cg27034576	GFRA1	between_gene	103	0.5595593726661688	8.034443811492869e-10	2.1046048096571176e-09
CMCBSN	cg25361907	ZNF793	cg18044663	GFRA1	between_gene	103	0.4872710099723235	1.7919873450187613e-07	3.95206676513436e-07
CMCBSN	cg25361907	ZNF793	cg15701178	UNC5C	between_gene	103	0.5725409656020736	2.6375982924191486e-10	7.043494314146938e-10
CMCBSN	cg25361907	ZNF793	cg03008707	UNC5C	between_gene	103	0.5273030795589334	1.049434240058801e-08	2.5142093042363745e-08
CMCBSN	cg25361907	ZNF793	cg24870497	UNC5C	between_gene	0			
CMCBSN	cg25361907	ZNF793	cg13265789	UNC5C	between_gene	103	0.5628212450028556	6.100510005400933e-10	1.6109545145841129e-09
CMCBSN	cg25361907	ZNF793	cg12584684	UNC5C	between_gene	103	0.5914532355137724	4.75956106074702e-11	1.3410037589080964e-10
CMCBSN	cg25361907	ZNF793	cg08327106	RALYL	between_gene	0			
CMCBSN	cg25361907	ZNF793	cg09757712	RALYL	between_gene	0			
CMCBSN	cg25361907	ZNF793	cg11089595	RALYL	between_gene	103	0.40249527742388974	2.5008350401284734e-05	4.924285750713349e-05
CMCBSN	cg25361907	ZNF793	cg01134282	RALYL	between_gene	0			
CMCBSN	cg25361907	ZNF793	cg06955749	RALYL	between_gene	103	0.4048126345385055	2.2223737312325405e-05	4.399220838228906e-05
CMCBSN	cg25361907	ZNF793	cg11666087	BEND5	between_gene	103	0.48554672055528714	2.0088831028528046e-07	4.4080538396492577e-07
CMCBSN	cg25361907	ZNF793	cg16573178	BEND5	between_gene	103	0.5112133725783069	3.430624612820431e-08	7.927811882062449e-08
CMCBSN	cg25361907	ZNF793	cg06744574	BEND5	between_gene	103	0.5281048192241796	9.87680067278076e-09	2.3706138873307272e-08
CMCBSN	cg25361907	ZNF793	cg03603214	BEND5	between_gene	103	0.5233712603786848	1.4097411493418378e-08	3.337581359920921e-08
CMCBSN	cg20299663	SFMBT2	cg20506550	SFMBT2	within_gene	0			
CMCBSN	cg20299663	SFMBT2	cg01056653	SFMBT2	within_gene	0			
CMCBSN	cg20299663	SFMBT2	cg22862480	SFMBT2	within_gene	103	0.8555221192285727	1.2372306270917654e-30	4.2172269762160176e-30
CMCBSN	cg20299663	SFMBT2	cg12767281	SFMBT2	within_gene	103	0.692692088037605	5.24042267730938e-16	1.0857607769327275e-15
CMCBSN	cg20299663	SFMBT2	cg26878816	SFMBT2	within_gene	103	0.7317796424021439	1.634743599861558e-18	3.4547581410407594e-18
CMCBSN	cg20299663	SFMBT2	cg12328063	SFMBT2	within_gene	103	0.8617932609937179	1.5492315177451652e-31	5.396773528848543e-31
CMCBSN	cg20299663	SFMBT2	cg16818993	SFMBT2	within_gene	103	0.764486227650134	5.66802849258749e-21	1.302003646485677e-20
CMCBSN	cg20299663	SFMBT2	cg20295442	ADHFE1	between_gene	0			
CMCBSN	cg20299663	SFMBT2	cg19283840	ADHFE1	between_gene	0			
CMCBSN	cg20299663	SFMBT2	cg25046651	ADHFE1	between_gene	103	0.7756117383473181	6.666397097819428e-22	6.124165502891158e-21
CMCBSN	cg20299663	SFMBT2	cg01588438	ADHFE1	between_gene	103	0.8241005139920047	1.1209274321335658e-26	3.040943148659788e-25
CMCBSN	cg20299663	SFMBT2	cg08090772	ADHFE1	between_gene	0			
CMCBSN	cg20299663	SFMBT2	cg09383816	ADHFE1	between_gene	103	0.8105368360936608	3.3268276992475213e-25	6.1558109697423996e-24
CMCBSN	cg20299663	SFMBT2	cg20912169	ADHFE1	between_gene	103	0.797829811536265	6.2796553316917365e-24	8.401856800196791e-23
CMCBSN	cg20299663	SFMBT2	cg18065361	ADHFE1	between_gene	103	0.8153143258797171	1.0404526904917825e-25	2.1374339129866618e-24
CMCBSN	cg20299663	SFMBT2	cg04481096	HOXA2	between_gene	103	0.7132956991609191	2.8210661000352405e-17	1.407296645313947e-16
CMCBSN	cg20299663	SFMBT2	cg19598584	HOXA2	between_gene	0			
CMCBSN	cg20299663	SFMBT2	cg09871315	HOXA2	between_gene	0			
CMCBSN	cg20299663	SFMBT2	cg13661519	HOXA2	between_gene	103	0.515068312612573	2.5974178119727113e-08	6.050592028068574e-08
CMCBSN	cg20299663	SFMBT2	cg02803819	HOXA2	between_gene	103	0.557670342222027	9.410740461045898e-10	2.445480265225971e-09
CMCBSN	cg20299663	SFMBT2	cg03763508	HOXA2	between_gene	103	0.5498396520669508	1.7936949775727037e-09	4.556718789179342e-09
CMCBSN	cg20299663	SFMBT2	cg00188704	HOXA2	between_gene	103	0.5436344067126477	2.9556767397551697e-09	7.37223768070864e-09
CMCBSN	cg20299663	SFMBT2	cg06786372	HOXA2	between_gene	103	0.5300926942845847	8.492081679093548e-09	2.0512857049088713e-08
CMCBSN	cg20299663	SFMBT2	cg19236679	GFRA1	between_gene	103	0.7793239028247594	3.175569131636495e-22	3.1264376846941946e-21
CMCBSN	cg20299663	SFMBT2	cg06298519	GFRA1	between_gene	103	0.7520318060009664	5.434423057626522e-20	3.801182240575763e-19
CMCBSN	cg20299663	SFMBT2	cg19485539	GFRA1	between_gene	103	0.7802135043711287	2.652847400340646e-22	2.621696540715434e-21
CMCBSN	cg20299663	SFMBT2	cg18672939	GFRA1	between_gene	103	0.8103611123314151	3.4699644758452515e-25	6.243542977572594e-24
CMCBSN	cg20299663	SFMBT2	cg27034576	GFRA1	between_gene	103	0.79003206958661	3.441531780488163e-23	3.920941666067082e-22
CMCBSN	cg20299663	SFMBT2	cg18044663	GFRA1	between_gene	103	0.7693405965821729	2.260716899009856e-21	1.9026485127473273e-20
CMCBSN	cg20299663	SFMBT2	cg15701178	UNC5C	between_gene	103	0.7894390018890306	3.905360093735469e-23	4.410859084223306e-22
CMCBSN	cg20299663	SFMBT2	cg03008707	UNC5C	between_gene	103	0.8022997847383913	2.289229430282344e-24	3.3935224906855885e-23
CMCBSN	cg20299663	SFMBT2	cg24870497	UNC5C	between_gene	0			
CMCBSN	cg20299663	SFMBT2	cg13265789	UNC5C	between_gene	103	0.765342880991082	4.827102671038263e-21	3.972842545343479e-20
CMCBSN	cg20299663	SFMBT2	cg12584684	UNC5C	between_gene	103	0.8117229714888197	2.5005802808976527e-25	4.727546342653606e-24
CMCBSN	cg20299663	SFMBT2	cg08327106	RALYL	between_gene	0			
CMCBSN	cg20299663	SFMBT2	cg09757712	RALYL	between_gene	0			
CMCBSN	cg20299663	SFMBT2	cg11089595	RALYL	between_gene	103	0.7221477836840486	7.42072951367608e-18	3.903363568786471e-17
CMCBSN	cg20299663	SFMBT2	cg01134282	RALYL	between_gene	0			
CMCBSN	cg20299663	SFMBT2	cg06955749	RALYL	between_gene	103	0.650858849887976	9.898276936708023e-14	3.571867846178594e-13
CMCBSN	cg20299663	SFMBT2	cg11666087	BEND5	between_gene	103	0.7242235206255766	5.385214332881043e-18	2.879103318542344e-17
CMCBSN	cg20299663	SFMBT2	cg16573178	BEND5	between_gene	103	0.7706145938584545	1.7695581855557464e-21	1.5236888799059216e-20
CMCBSN	cg20299663	SFMBT2	cg06744574	BEND5	between_gene	103	0.7124390458199711	3.201699637143272e-17	1.591092257772723e-16
CMCBSN	cg20299663	SFMBT2	cg03603214	BEND5	between_gene	103	0.723443746430611	6.076583983258765e-18	3.2157824771444456e-17
CMCBSN	cg20506550	SFMBT2	cg01056653	SFMBT2	within_gene	0			
CMCBSN	cg20506550	SFMBT2	cg22862480	SFMBT2	within_gene	0			
CMCBSN	cg20506550	SFMBT2	cg12767281	SFMBT2	within_gene	0			
CMCBSN	cg20506550	SFMBT2	cg26878816	SFMBT2	within_gene	0			
CMCBSN	cg20506550	SFMBT2	cg12328063	SFMBT2	within_gene	0			
CMCBSN	cg20506550	SFMBT2	cg16818993	SFMBT2	within_gene	0			
CMCBSN	cg20506550	SFMBT2	cg20295442	ADHFE1	between_gene	0			
CMCBSN	cg20506550	SFMBT2	cg19283840	ADHFE1	between_gene	0			
CMCBSN	cg20506550	SFMBT2	cg25046651	ADHFE1	between_gene	0			
CMCBSN	cg20506550	SFMBT2	cg01588438	ADHFE1	between_gene	0			
CMCBSN	cg20506550	SFMBT2	cg08090772	ADHFE1	between_gene	0			
CMCBSN	cg20506550	SFMBT2	cg09383816	ADHFE1	between_gene	0			
CMCBSN	cg20506550	SFMBT2	cg20912169	ADHFE1	between_gene	0			
CMCBSN	cg20506550	SFMBT2	cg18065361	ADHFE1	between_gene	0			
CMCBSN	cg20506550	SFMBT2	cg04481096	HOXA2	between_gene	0			
CMCBSN	cg20506550	SFMBT2	cg19598584	HOXA2	between_gene	0			
CMCBSN	cg20506550	SFMBT2	cg09871315	HOXA2	between_gene	0			
CMCBSN	cg20506550	SFMBT2	cg13661519	HOXA2	between_gene	0			
CMCBSN	cg20506550	SFMBT2	cg02803819	HOXA2	between_gene	0			
CMCBSN	cg20506550	SFMBT2	cg03763508	HOXA2	between_gene	0			
CMCBSN	cg20506550	SFMBT2	cg00188704	HOXA2	between_gene	0			
CMCBSN	cg20506550	SFMBT2	cg06786372	HOXA2	between_gene	0			
CMCBSN	cg20506550	SFMBT2	cg19236679	GFRA1	between_gene	0			
CMCBSN	cg20506550	SFMBT2	cg06298519	GFRA1	between_gene	0			
CMCBSN	cg20506550	SFMBT2	cg19485539	GFRA1	between_gene	0			
CMCBSN	cg20506550	SFMBT2	cg18672939	GFRA1	between_gene	0			
CMCBSN	cg20506550	SFMBT2	cg27034576	GFRA1	between_gene	0			
CMCBSN	cg20506550	SFMBT2	cg18044663	GFRA1	between_gene	0			
CMCBSN	cg20506550	SFMBT2	cg15701178	UNC5C	between_gene	0			
CMCBSN	cg20506550	SFMBT2	cg03008707	UNC5C	between_gene	0			
CMCBSN	cg20506550	SFMBT2	cg24870497	UNC5C	between_gene	0			
CMCBSN	cg20506550	SFMBT2	cg13265789	UNC5C	between_gene	0			
CMCBSN	cg20506550	SFMBT2	cg12584684	UNC5C	between_gene	0			
CMCBSN	cg20506550	SFMBT2	cg08327106	RALYL	between_gene	0			
CMCBSN	cg20506550	SFMBT2	cg09757712	RALYL	between_gene	0			
CMCBSN	cg20506550	SFMBT2	cg11089595	RALYL	between_gene	0			
CMCBSN	cg20506550	SFMBT2	cg01134282	RALYL	between_gene	0			
CMCBSN	cg20506550	SFMBT2	cg06955749	RALYL	between_gene	0			
CMCBSN	cg20506550	SFMBT2	cg11666087	BEND5	between_gene	0			
CMCBSN	cg20506550	SFMBT2	cg16573178	BEND5	between_gene	0			
CMCBSN	cg20506550	SFMBT2	cg06744574	BEND5	between_gene	0			
CMCBSN	cg20506550	SFMBT2	cg03603214	BEND5	between_gene	0			
CMCBSN	cg01056653	SFMBT2	cg22862480	SFMBT2	within_gene	0			
CMCBSN	cg01056653	SFMBT2	cg12767281	SFMBT2	within_gene	0			
CMCBSN	cg01056653	SFMBT2	cg26878816	SFMBT2	within_gene	0			
CMCBSN	cg01056653	SFMBT2	cg12328063	SFMBT2	within_gene	0			
CMCBSN	cg01056653	SFMBT2	cg16818993	SFMBT2	within_gene	0			
CMCBSN	cg01056653	SFMBT2	cg20295442	ADHFE1	between_gene	0			
CMCBSN	cg01056653	SFMBT2	cg19283840	ADHFE1	between_gene	0			
CMCBSN	cg01056653	SFMBT2	cg25046651	ADHFE1	between_gene	0			
CMCBSN	cg01056653	SFMBT2	cg01588438	ADHFE1	between_gene	0			
CMCBSN	cg01056653	SFMBT2	cg08090772	ADHFE1	between_gene	0			
CMCBSN	cg01056653	SFMBT2	cg09383816	ADHFE1	between_gene	0			
CMCBSN	cg01056653	SFMBT2	cg20912169	ADHFE1	between_gene	0			
CMCBSN	cg01056653	SFMBT2	cg18065361	ADHFE1	between_gene	0			
CMCBSN	cg01056653	SFMBT2	cg04481096	HOXA2	between_gene	0			
CMCBSN	cg01056653	SFMBT2	cg19598584	HOXA2	between_gene	0			
CMCBSN	cg01056653	SFMBT2	cg09871315	HOXA2	between_gene	0			
CMCBSN	cg01056653	SFMBT2	cg13661519	HOXA2	between_gene	0			
CMCBSN	cg01056653	SFMBT2	cg02803819	HOXA2	between_gene	0			
CMCBSN	cg01056653	SFMBT2	cg03763508	HOXA2	between_gene	0			
CMCBSN	cg01056653	SFMBT2	cg00188704	HOXA2	between_gene	0			
CMCBSN	cg01056653	SFMBT2	cg06786372	HOXA2	between_gene	0			
CMCBSN	cg01056653	SFMBT2	cg19236679	GFRA1	between_gene	0			
CMCBSN	cg01056653	SFMBT2	cg06298519	GFRA1	between_gene	0			
CMCBSN	cg01056653	SFMBT2	cg19485539	GFRA1	between_gene	0			
CMCBSN	cg01056653	SFMBT2	cg18672939	GFRA1	between_gene	0			
CMCBSN	cg01056653	SFMBT2	cg27034576	GFRA1	between_gene	0			
CMCBSN	cg01056653	SFMBT2	cg18044663	GFRA1	between_gene	0			
CMCBSN	cg01056653	SFMBT2	cg15701178	UNC5C	between_gene	0			
CMCBSN	cg01056653	SFMBT2	cg03008707	UNC5C	between_gene	0			
CMCBSN	cg01056653	SFMBT2	cg24870497	UNC5C	between_gene	0			
CMCBSN	cg01056653	SFMBT2	cg13265789	UNC5C	between_gene	0			
CMCBSN	cg01056653	SFMBT2	cg12584684	UNC5C	between_gene	0			
CMCBSN	cg01056653	SFMBT2	cg08327106	RALYL	between_gene	0			
CMCBSN	cg01056653	SFMBT2	cg09757712	RALYL	between_gene	0			
CMCBSN	cg01056653	SFMBT2	cg11089595	RALYL	between_gene	0			
CMCBSN	cg01056653	SFMBT2	cg01134282	RALYL	between_gene	0			
CMCBSN	cg01056653	SFMBT2	cg06955749	RALYL	between_gene	0			
CMCBSN	cg01056653	SFMBT2	cg11666087	BEND5	between_gene	0			
CMCBSN	cg01056653	SFMBT2	cg16573178	BEND5	between_gene	0			
CMCBSN	cg01056653	SFMBT2	cg06744574	BEND5	between_gene	0			
CMCBSN	cg01056653	SFMBT2	cg03603214	BEND5	between_gene	0			
CMCBSN	cg22862480	SFMBT2	cg12767281	SFMBT2	within_gene	103	0.7600711681237096	1.2830969992514386e-20	2.9052982054479005e-20
CMCBSN	cg22862480	SFMBT2	cg26878816	SFMBT2	within_gene	103	0.7779290954619338	4.2030332581143524e-22	1.0328384052885656e-21
CMCBSN	cg22862480	SFMBT2	cg12328063	SFMBT2	within_gene	103	0.8342595439968371	7.269267774779294e-28	2.194626556766701e-27
CMCBSN	cg22862480	SFMBT2	cg16818993	SFMBT2	within_gene	103	0.7801695734305671	2.676566540970162e-22	6.628684324121416e-22
CMCBSN	cg22862480	SFMBT2	cg20295442	ADHFE1	between_gene	0			
CMCBSN	cg22862480	SFMBT2	cg19283840	ADHFE1	between_gene	0			
CMCBSN	cg22862480	SFMBT2	cg25046651	ADHFE1	between_gene	103	0.8000922549751791	3.780126139933464e-24	5.330999513019679e-23
CMCBSN	cg22862480	SFMBT2	cg01588438	ADHFE1	between_gene	103	0.8368185212845407	3.544137722016567e-28	1.6511884494180757e-26
CMCBSN	cg22862480	SFMBT2	cg08090772	ADHFE1	between_gene	0			
CMCBSN	cg22862480	SFMBT2	cg09383816	ADHFE1	between_gene	103	0.8249022536572509	9.091002886275086e-27	2.550368444117387e-25
CMCBSN	cg22862480	SFMBT2	cg20912169	ADHFE1	between_gene	103	0.8192571277951061	3.885821453282693e-26	9.216461974195043e-25
CMCBSN	cg22862480	SFMBT2	cg18065361	ADHFE1	between_gene	103	0.8404428238808593	1.2540450947665415e-28	7.112616635317188e-27
CMCBSN	cg22862480	SFMBT2	cg04481096	HOXA2	between_gene	103	0.720687079910381	9.282839374796453e-18	4.8437855857687893e-17
CMCBSN	cg22862480	SFMBT2	cg19598584	HOXA2	between_gene	0			
CMCBSN	cg22862480	SFMBT2	cg09871315	HOXA2	between_gene	0			
CMCBSN	cg22862480	SFMBT2	cg13661519	HOXA2	between_gene	103	0.5729363440671266	2.547671055404477e-10	6.810321499539223e-10
CMCBSN	cg22862480	SFMBT2	cg02803819	HOXA2	between_gene	103	0.6110354522690332	7.162865519546316e-12	2.1455701653841948e-11
CMCBSN	cg22862480	SFMBT2	cg03763508	HOXA2	between_gene	103	0.571882001493652	2.7943005561477063e-10	7.454325307760087e-10
CMCBSN	cg22862480	SFMBT2	cg00188704	HOXA2	between_gene	103	0.5736392391161095	2.3950311880445367e-10	6.42863824033765e-10
CMCBSN	cg22862480	SFMBT2	cg06786372	HOXA2	between_gene	103	0.5750560119492159	2.1136573796611007e-10	5.690951603236132e-10
CMCBSN	cg22862480	SFMBT2	cg19236679	GFRA1	between_gene	103	0.7927008742257173	1.9384436647089793e-23	2.330598857707708e-22
CMCBSN	cg22862480	SFMBT2	cg06298519	GFRA1	between_gene	103	0.7867592145147827	6.879983722455272e-23	7.479115638285752e-22
CMCBSN	cg22862480	SFMBT2	cg19485539	GFRA1	between_gene	103	0.8018055616570751	2.5626679453160137e-24	3.735195904653341e-23
CMCBSN	cg22862480	SFMBT2	cg18672939	GFRA1	between_gene	103	0.8183455607784563	4.889841873876199e-26	1.1289909246852214e-24
CMCBSN	cg22862480	SFMBT2	cg27034576	GFRA1	between_gene	103	0.836917365900804	3.4462911409294327e-28	1.634795197579071e-26
CMCBSN	cg22862480	SFMBT2	cg18044663	GFRA1	between_gene	103	0.7848921495409218	1.0158988956244067e-22	1.0862623847065888e-21
CMCBSN	cg22862480	SFMBT2	cg15701178	UNC5C	between_gene	103	0.7962592804111936	8.898463594224142e-24	1.1436498284399403e-22
CMCBSN	cg22862480	SFMBT2	cg03008707	UNC5C	between_gene	103	0.8551596889689409	1.3908937720480977e-30	1.2096139504244956e-28
CMCBSN	cg22862480	SFMBT2	cg24870497	UNC5C	between_gene	0			
CMCBSN	cg22862480	SFMBT2	cg13265789	UNC5C	between_gene	103	0.8197293854061416	3.4478791327941437e-26	8.2527675756513035e-25
CMCBSN	cg22862480	SFMBT2	cg12584684	UNC5C	between_gene	103	0.8071541536704302	7.428439433433384e-25	1.2344457631737387e-23
CMCBSN	cg22862480	SFMBT2	cg08327106	RALYL	between_gene	0			
CMCBSN	cg22862480	SFMBT2	cg09757712	RALYL	between_gene	0			
CMCBSN	cg22862480	SFMBT2	cg11089595	RALYL	between_gene	103	0.6873654614945307	1.072398484299416e-15	4.5494108057515065e-15
CMCBSN	cg22862480	SFMBT2	cg01134282	RALYL	between_gene	0			
CMCBSN	cg22862480	SFMBT2	cg06955749	RALYL	between_gene	103	0.665553749505777	1.7280660164447646e-14	6.659563126889794e-14
CMCBSN	cg22862480	SFMBT2	cg11666087	BEND5	between_gene	103	0.7623555770329042	8.42611601160065e-21	6.589045857193803e-20
CMCBSN	cg22862480	SFMBT2	cg16573178	BEND5	between_gene	103	0.7719325220752977	1.3711733464759966e-21	1.2004668660925756e-20
CMCBSN	cg22862480	SFMBT2	cg06744574	BEND5	between_gene	103	0.7759851513420902	6.191165803278102e-22	5.7279260924654494e-21
CMCBSN	cg22862480	SFMBT2	cg03603214	BEND5	between_gene	103	0.7311426437640031	1.8103828377939845e-18	1.0268019182183708e-17
CMCBSN	cg12767281	SFMBT2	cg26878816	SFMBT2	within_gene	103	0.9185959671396565	1.6333903421072935e-42	9.083942779789684e-42
CMCBSN	cg12767281	SFMBT2	cg12328063	SFMBT2	within_gene	103	0.7332513289109519	1.2899388933834434e-18	2.7443666389432992e-18
CMCBSN	cg12767281	SFMBT2	cg16818993	SFMBT2	within_gene	103	0.9193537758643412	1.0381877814449615e-42	5.876884405679514e-42
CMCBSN	cg12767281	SFMBT2	cg20295442	ADHFE1	between_gene	0			
CMCBSN	cg12767281	SFMBT2	cg19283840	ADHFE1	between_gene	0			
CMCBSN	cg12767281	SFMBT2	cg25046651	ADHFE1	between_gene	103	0.5460396257083865	2.4383983092211738e-09	6.134793817510167e-09
CMCBSN	cg12767281	SFMBT2	cg01588438	ADHFE1	between_gene	103	0.6004920265342881	2.0176678150789817e-11	5.842210076877613e-11
CMCBSN	cg12767281	SFMBT2	cg08090772	ADHFE1	between_gene	0			
CMCBSN	cg12767281	SFMBT2	cg09383816	ADHFE1	between_gene	103	0.5905087202917014	5.1981731000804487e-11	1.4567168225681944e-10
CMCBSN	cg12767281	SFMBT2	cg20912169	ADHFE1	between_gene	103	0.5901133418266484	5.3931169713093224e-11	1.506492738559531e-10
CMCBSN	cg12767281	SFMBT2	cg18065361	ADHFE1	between_gene	103	0.6123533804858762	6.276139317068625e-12	1.8973867298067254e-11
CMCBSN	cg12767281	SFMBT2	cg04481096	HOXA2	between_gene	103	0.5286100250406361	9.505697140936206e-09	2.2836430792543796e-08
CMCBSN	cg12767281	SFMBT2	cg19598584	HOXA2	between_gene	0			
CMCBSN	cg12767281	SFMBT2	cg09871315	HOXA2	between_gene	0			
CMCBSN	cg12767281	SFMBT2	cg13661519	HOXA2	between_gene	103	0.43834292492202265	3.639235855551612e-06	7.435212487967233e-06
CMCBSN	cg12767281	SFMBT2	cg02803819	HOXA2	between_gene	103	0.44765628432104737	2.1255687609127333e-06	4.394301820302156e-06
CMCBSN	cg12767281	SFMBT2	cg03763508	HOXA2	between_gene	103	0.4404845582743927	3.2204542466005135e-06	6.605475730645236e-06
CMCBSN	cg12767281	SFMBT2	cg00188704	HOXA2	between_gene	103	0.394620656328252	3.7109157488321836e-05	7.279533224588847e-05
CMCBSN	cg12767281	SFMBT2	cg06786372	HOXA2	between_gene	103	0.4287989280850503	6.212649081490421e-06	1.256496236713838e-05
CMCBSN	cg12767281	SFMBT2	cg19236679	GFRA1	between_gene	103	0.7400166937574134	4.2534262068534223e-19	2.580741621786181e-18
CMCBSN	cg12767281	SFMBT2	cg06298519	GFRA1	between_gene	103	0.6915718490532883	6.09994833350316e-16	2.6524608670182907e-15
CMCBSN	cg12767281	SFMBT2	cg19485539	GFRA1	between_gene	103	0.6846307604445812	1.5397701723551197e-15	6.448251010713494e-15
CMCBSN	cg12767281	SFMBT2	cg18672939	GFRA1	between_gene	103	0.7465184729605061	1.4171306366712834e-19	9.151717403651927e-19
CMCBSN	cg12767281	SFMBT2	cg27034576	GFRA1	between_gene	103	0.7353490313227605	9.177949482227083e-19	5.393078873678031e-18
CMCBSN	cg12767281	SFMBT2	cg18044663	GFRA1	between_gene	103	0.6883868558625841	9.359191035284423e-16	4.0029720345995175e-15
CMCBSN	cg12767281	SFMBT2	cg15701178	UNC5C	between_gene	103	0.6393269779905989	3.6469554785196614e-13	1.2373090823742257e-12
CMCBSN	cg12767281	SFMBT2	cg03008707	UNC5C	between_gene	103	0.649233405087203	1.1936081168672285e-13	4.2600869725124477e-13
CMCBSN	cg12767281	SFMBT2	cg24870497	UNC5C	between_gene	0			
CMCBSN	cg12767281	SFMBT2	cg13265789	UNC5C	between_gene	103	0.6825220752976321	2.0296921793235857e-15	8.418866289118021e-15
CMCBSN	cg12767281	SFMBT2	cg12584684	UNC5C	between_gene	103	0.6797983569828231	2.8901555052539572e-15	1.1818833406281465e-14
CMCBSN	cg12767281	SFMBT2	cg08327106	RALYL	between_gene	0			
CMCBSN	cg12767281	SFMBT2	cg09757712	RALYL	between_gene	0			
CMCBSN	cg12767281	SFMBT2	cg11089595	RALYL	between_gene	103	0.5809647234547293	1.246974780334303e-10	3.4102276749394095e-10
CMCBSN	cg12767281	SFMBT2	cg01134282	RALYL	between_gene	0			
CMCBSN	cg12767281	SFMBT2	cg06955749	RALYL	between_gene	103	0.6294205508939947	1.070872359049237e-12	3.462089200445427e-12
CMCBSN	cg12767281	SFMBT2	cg11666087	BEND5	between_gene	103	0.6558120634362782	5.555731280050374e-14	2.0415356210776655e-13
CMCBSN	cg12767281	SFMBT2	cg16573178	BEND5	between_gene	103	0.6503426613363792	1.0505866483947581e-13	3.7806628491888604e-13
CMCBSN	cg12767281	SFMBT2	cg06744574	BEND5	between_gene	103	0.6235338048587621	1.9948329333487593e-12	6.278068906039702e-12
CMCBSN	cg12767281	SFMBT2	cg03603214	BEND5	between_gene	103	0.6464108421561306	1.6477088279062807e-13	5.793628479794457e-13
CMCBSN	cg26878816	SFMBT2	cg12328063	SFMBT2	within_gene	103	0.7859794403198173	8.100000879200835e-23	2.0875612022005406e-22
CMCBSN	cg26878816	SFMBT2	cg16818993	SFMBT2	within_gene	103	0.9579361244124237	1.4462198216284732e-56	2.183103254553457e-55
CMCBSN	cg26878816	SFMBT2	cg20295442	ADHFE1	between_gene	0			
CMCBSN	cg26878816	SFMBT2	cg19283840	ADHFE1	between_gene	0			
CMCBSN	cg26878816	SFMBT2	cg25046651	ADHFE1	between_gene	103	0.6285968457584676	1.1691910784407282e-12	3.761306441001061e-12
CMCBSN	cg26878816	SFMBT2	cg01588438	ADHFE1	between_gene	103	0.6682005886746035	1.248740159120382e-14	4.862631455440413e-14
CMCBSN	cg26878816	SFMBT2	cg08090772	ADHFE1	between_gene	0			
CMCBSN	cg26878816	SFMBT2	cg09383816	ADHFE1	between_gene	103	0.6660479725870931	1.626764729268156e-14	6.297075932730888e-14
CMCBSN	cg26878816	SFMBT2	cg20912169	ADHFE1	between_gene	103	0.6611606554496331	2.94171852147582e-14	1.1090958992095974e-13
CMCBSN	cg26878816	SFMBT2	cg18065361	ADHFE1	between_gene	103	0.6830492465843694	1.894657456084158e-15	7.896423806587168e-15
CMCBSN	cg26878816	SFMBT2	cg04481096	HOXA2	between_gene	103	0.5874006062469799	6.933659334115632e-11	1.924459276883796e-10
CMCBSN	cg26878816	SFMBT2	cg19598584	HOXA2	between_gene	0			
CMCBSN	cg26878816	SFMBT2	cg09871315	HOXA2	between_gene	0			
CMCBSN	cg26878816	SFMBT2	cg13661519	HOXA2	between_gene	103	0.46270263146333973	8.616091180583889e-07	1.8113925777714238e-06
CMCBSN	cg26878816	SFMBT2	cg02803819	HOXA2	between_gene	103	0.49700171330668186	9.292823485203994e-08	2.084692731977405e-07
CMCBSN	cg26878816	SFMBT2	cg03763508	HOXA2	between_gene	103	0.47649694679963106	3.622130754486782e-07	7.79714450367658e-07
CMCBSN	cg26878816	SFMBT2	cg00188704	HOXA2	between_gene	103	0.44369151693537756	2.6775423877009273e-06	5.509233509078643e-06
CMCBSN	cg26878816	SFMBT2	cg06786372	HOXA2	between_gene	103	0.4682159645038	6.121593119958362e-07	1.2974196953672924e-06
CMCBSN	cg26878816	SFMBT2	cg19236679	GFRA1	between_gene	103	0.7345802398629355	1.04012124777027e-18	6.0438225733466245e-18
CMCBSN	cg26878816	SFMBT2	cg06298519	GFRA1	between_gene	103	0.7090343979264596	5.270830049568947e-17	2.5897543501554396e-16
CMCBSN	cg26878816	SFMBT2	cg19485539	GFRA1	between_gene	103	0.7017857927338225	1.4881074140705024e-16	6.995445483441334e-16
CMCBSN	cg26878816	SFMBT2	cg18672939	GFRA1	between_gene	103	0.757061898695251	2.2169835136396507e-20	1.6478945832153414e-19
CMCBSN	cg26878816	SFMBT2	cg27034576	GFRA1	between_gene	103	0.7450577691868383	1.8192924385740636e-19	1.1548744458004212e-18
CMCBSN	cg26878816	SFMBT2	cg18044663	GFRA1	between_gene	103	0.7306154724772658	1.969493435863272e-18	1.1098074242261937e-17
CMCBSN	cg26878816	SFMBT2	cg15701178	UNC5C	between_gene	103	0.6935597241136934	4.656651145420311e-16	2.066190958911835e-15
CMCBSN	cg26878816	SFMBT2	cg03008707	UNC5C	between_gene	103	0.7089135878399156	5.364190550686067e-17	2.6306716441240504e-16
CMCBSN	cg26878816	SFMBT2	cg24870497	UNC5C	between_gene	0			
CMCBSN	cg26878816	SFMBT2	cg13265789	UNC5C	between_gene	103	0.7451126828625402	1.8023418674080042e-19	1.1497090298453502e-18
CMCBSN	cg26878816	SFMBT2	cg12584684	UNC5C	between_gene	103	0.7449589245705751	1.8501950684822621e-19	1.1716405178811218e-18
CMCBSN	cg26878816	SFMBT2	cg08327106	RALYL	between_gene	0			
CMCBSN	cg26878816	SFMBT2	cg09757712	RALYL	between_gene	0			
CMCBSN	cg26878816	SFMBT2	cg11089595	RALYL	between_gene	103	0.6617427404120724	2.7429002414160428e-14	1.0401492339904733e-13
CMCBSN	cg26878816	SFMBT2	cg01134282	RALYL	between_gene	0			
CMCBSN	cg26878816	SFMBT2	cg06955749	RALYL	between_gene	103	0.6366252251460703	4.911208747742162e-13	1.655470752307403e-12
CMCBSN	cg26878816	SFMBT2	cg11666087	BEND5	between_gene	103	0.6943394983086588	4.1862089420293013e-16	1.8669776290178542e-15
CMCBSN	cg26878816	SFMBT2	cg16573178	BEND5	between_gene	103	0.696700786363836	3.025942611816865e-16	1.3753805355801744e-15
CMCBSN	cg26878816	SFMBT2	cg06744574	BEND5	between_gene	103	0.677997188419804	3.643524502054757e-15	1.4783756494340374e-14
CMCBSN	cg26878816	SFMBT2	cg03603214	BEND5	between_gene	103	0.6459276018099548	1.740628440641419e-13	6.103897314023471e-13
CMCBSN	cg12328063	SFMBT2	cg16818993	SFMBT2	within_gene	103	0.7999275139480736	3.92330538171802e-24	1.0721446603488037e-23
CMCBSN	cg12328063	SFMBT2	cg20295442	ADHFE1	between_gene	0			
CMCBSN	cg12328063	SFMBT2	cg19283840	ADHFE1	between_gene	0			
CMCBSN	cg12328063	SFMBT2	cg25046651	ADHFE1	between_gene	103	0.7651781399639765	4.97877072876912e-21	4.084783909232275e-20
CMCBSN	cg12328063	SFMBT2	cg01588438	ADHFE1	between_gene	103	0.8119536089267672	2.3649937361480045e-25	4.536962248242753e-24
CMCBSN	cg12328063	SFMBT2	cg08090772	ADHFE1	between_gene	0			
CMCBSN	cg12328063	SFMBT2	cg09383816	ADHFE1	between_gene	103	0.7974783640117735	6.790885741678298e-24	8.993614670070397e-23
CMCBSN	cg12328063	SFMBT2	cg20912169	ADHFE1	between_gene	103	0.7821574484909724	1.785489308214206e-22	1.812584282152087e-21
CMCBSN	cg12328063	SFMBT2	cg18065361	ADHFE1	between_gene	103	0.7994113253964769	4.407020772551675e-24	6.14861882116969e-23
CMCBSN	cg12328063	SFMBT2	cg04481096	HOXA2	between_gene	103	0.7075077977419497	6.575812823232278e-17	3.1829862070154013e-16
CMCBSN	cg12328063	SFMBT2	cg19598584	HOXA2	between_gene	0			
CMCBSN	cg12328063	SFMBT2	cg09871315	HOXA2	between_gene	0			
CMCBSN	cg12328063	SFMBT2	cg13661519	HOXA2	between_gene	103	0.5374730922989062	4.805221912075243e-09	1.1826182632724754e-08
CMCBSN	cg12328063	SFMBT2	cg02803819	HOXA2	between_gene	103	0.5732218951807758	2.484565310685002e-10	6.662107806348582e-10
CMCBSN	cg12328063	SFMBT2	cg03763508	HOXA2	between_gene	103	0.5421846856741203	3.316654832955952e-09	8.248277575335386e-09
CMCBSN	cg12328063	SFMBT2	cg00188704	HOXA2	between_gene	103	0.5318828801124632	7.405815300544835e-09	1.800724335426046e-08
CMCBSN	cg12328063	SFMBT2	cg06786372	HOXA2	between_gene	103	0.544743662961824	2.7052380880671333e-09	6.7734800112928505e-09
CMCBSN	cg12328063	SFMBT2	cg19236679	GFRA1	between_gene	103	0.81754382111321	5.978888219744532e-26	1.3034864852495753e-24
CMCBSN	cg12328063	SFMBT2	cg06298519	GFRA1	between_gene	103	0.7822782585775161	1.7418577353567517e-22	1.7751979810725646e-21
CMCBSN	cg12328063	SFMBT2	cg19485539	GFRA1	between_gene	103	0.7935794930369459	1.6016922773549173e-23	1.9527173605696165e-22
CMCBSN	cg12328063	SFMBT2	cg18672939	GFRA1	between_gene	103	0.8206189869525107	2.749892924284209e-26	6.78734769335415e-25
CMCBSN	cg12328063	SFMBT2	cg27034576	GFRA1	between_gene	103	0.8004876334402319	3.456963734182662e-24	4.901749120914438e-23
CMCBSN	cg12328063	SFMBT2	cg18044663	GFRA1	between_gene	103	0.7955893335676316	1.0315423155799271e-23	1.3192617163470735e-22
CMCBSN	cg12328063	SFMBT2	cg15701178	UNC5C	between_gene	103	0.7851008215085886	9.727841228904625e-23	1.0487577589343869e-21
CMCBSN	cg12328063	SFMBT2	cg03008707	UNC5C	between_gene	103	0.8005974607916355	3.372084262971252e-24	4.8075234109792336e-23
CMCBSN	cg12328063	SFMBT2	cg24870497	UNC5C	between_gene	0			
CMCBSN	cg12328063	SFMBT2	cg13265789	UNC5C	between_gene	103	0.79553441989193	1.0440864494708097e-23	1.328790998375289e-22
CMCBSN	cg12328063	SFMBT2	cg12584684	UNC5C	between_gene	103	0.8296577779730264	2.5666766036769192e-27	9.049269268909569e-26
CMCBSN	cg12328063	SFMBT2	cg08327106	RALYL	between_gene	0			
CMCBSN	cg12328063	SFMBT2	cg09757712	RALYL	between_gene	0			
CMCBSN	cg12328063	SFMBT2	cg11089595	RALYL	between_gene	103	0.7502526029082284	7.424491820446996e-20	5.031298482999017e-19
CMCBSN	cg12328063	SFMBT2	cg01134282	RALYL	between_gene	0			
CMCBSN	cg12328063	SFMBT2	cg06955749	RALYL	between_gene	103	0.7694723894038572	2.2043108867939005e-21	1.8611802924418402e-20
CMCBSN	cg12328063	SFMBT2	cg11666087	BEND5	between_gene	103	0.7470676097175241	1.2895307169425567e-19	8.432044211787294e-19
CMCBSN	cg12328063	SFMBT2	cg16573178	BEND5	between_gene	103	0.7789504898299873	3.4237365941395115e-22	3.3455163947977473e-21
CMCBSN	cg12328063	SFMBT2	cg06744574	BEND5	between_gene	103	0.727781926811053	3.0869663054892755e-18	1.684915291008686e-17
CMCBSN	cg12328063	SFMBT2	cg03603214	BEND5	between_gene	103	0.7026204806044898	1.322572641582874e-16	6.260796167113372e-16
CMCBSN	cg16818993	SFMBT2	cg20295442	ADHFE1	between_gene	0			
CMCBSN	cg16818993	SFMBT2	cg19283840	ADHFE1	between_gene	0			
CMCBSN	cg16818993	SFMBT2	cg25046651	ADHFE1	between_gene	103	0.6128585863023328	5.965143729954058e-12	1.8096581385407137e-11
CMCBSN	cg16818993	SFMBT2	cg01588438	ADHFE1	between_gene	103	0.6647080788999693	1.915743350222231e-14	7.350256471661472e-14
CMCBSN	cg16818993	SFMBT2	cg08090772	ADHFE1	between_gene	0			
CMCBSN	cg16818993	SFMBT2	cg09383816	ADHFE1	between_gene	103	0.6609519834819664	3.0163357611333983e-14	1.1339510087603799e-13
CMCBSN	cg16818993	SFMBT2	cg20912169	ADHFE1	between_gene	103	0.6628080657206871	2.4122037966407625e-14	9.17411035777806e-14
CMCBSN	cg16818993	SFMBT2	cg18065361	ADHFE1	between_gene	103	0.6765694328515575	4.372824076884358e-15	1.7633227228116368e-14
CMCBSN	cg16818993	SFMBT2	cg04481096	HOXA2	between_gene	103	0.5949237798181258	3.434211760098631e-11	9.802908623738871e-11
CMCBSN	cg16818993	SFMBT2	cg19598584	HOXA2	between_gene	0			
CMCBSN	cg16818993	SFMBT2	cg09871315	HOXA2	between_gene	0			
CMCBSN	cg16818993	SFMBT2	cg13661519	HOXA2	between_gene	103	0.4784189254491939	3.2004224760999056e-07	6.923633698295733e-07
CMCBSN	cg16818993	SFMBT2	cg02803819	HOXA2	between_gene	103	0.5049532135483021	5.351024931253806e-08	1.2224889707216445e-07
CMCBSN	cg16818993	SFMBT2	cg03763508	HOXA2	between_gene	103	0.49483811448403114	1.0772727125929808e-07	2.402226074491527e-07
CMCBSN	cg16818993	SFMBT2	cg00188704	HOXA2	between_gene	103	0.46163730615472476	9.198057052729885e-07	1.932184448516286e-06
CMCBSN	cg16818993	SFMBT2	cg06786372	HOXA2	between_gene	103	0.4847779290954619	2.113442815373453e-07	4.6258156923736063e-07
CMCBSN	cg16818993	SFMBT2	cg19236679	GFRA1	between_gene	103	0.7509005842815094	6.628957038906972e-20	4.539356670474617e-19
CMCBSN	cg16818993	SFMBT2	cg06298519	GFRA1	between_gene	103	0.7352941176470589	9.260474154195806e-19	5.429343161415025e-18
CMCBSN	cg16818993	SFMBT2	cg19485539	GFRA1	between_gene	103	0.7357334270526732	8.619969329374937e-19	5.0881221674975595e-18
CMCBSN	cg16818993	SFMBT2	cg18672939	GFRA1	between_gene	103	0.7636515397794666	6.62377462166562e-21	5.2367963599774555e-20
CMCBSN	cg16818993	SFMBT2	cg27034576	GFRA1	between_gene	103	0.7585116197337786	1.7052085323509663e-20	1.2895330611314988e-19
CMCBSN	cg16818993	SFMBT2	cg18044663	GFRA1	between_gene	103	0.7382924043403769	5.661762260627052e-19	3.4035801239575985e-18
CMCBSN	cg16818993	SFMBT2	cg15701178	UNC5C	between_gene	103	0.6849272942933707	1.4808249303654593e-15	6.2213723725015836e-15
CMCBSN	cg16818993	SFMBT2	cg03008707	UNC5C	between_gene	103	0.7283749945086324	2.8111466222312263e-18	1.54081544903388e-17
CMCBSN	cg16818993	SFMBT2	cg24870497	UNC5C	between_gene	0			
CMCBSN	cg16818993	SFMBT2	cg13265789	UNC5C	between_gene	103	0.7077604006501779	6.340089659618065e-17	3.074589948316642e-16
CMCBSN	cg16818993	SFMBT2	cg12584684	UNC5C	between_gene	103	0.7307362825638096	1.9318716548746408e-18	1.0909638847549649e-17
CMCBSN	cg16818993	SFMBT2	cg08327106	RALYL	between_gene	0			
CMCBSN	cg16818993	SFMBT2	cg09757712	RALYL	between_gene	0			
CMCBSN	cg16818993	SFMBT2	cg11089595	RALYL	between_gene	103	0.6304639107323288	9.577550581065864e-13	3.1195792092385568e-12
CMCBSN	cg16818993	SFMBT2	cg01134282	RALYL	between_gene	0			
CMCBSN	cg16818993	SFMBT2	cg06955749	RALYL	between_gene	103	0.6421934718622326	2.6508629936038483e-13	9.124144525478153e-13
CMCBSN	cg16818993	SFMBT2	cg11666087	BEND5	between_gene	103	0.69804068005096	2.513432268365841e-16	1.1524683283245132e-15
CMCBSN	cg16818993	SFMBT2	cg16573178	BEND5	between_gene	103	0.6962834424285024	3.205335396912277e-16	1.451861119886134e-15
CMCBSN	cg16818993	SFMBT2	cg06744574	BEND5	between_gene	103	0.6453015859069543	1.8685634424222114e-13	6.526214218580388e-13
CMCBSN	cg16818993	SFMBT2	cg03603214	BEND5	between_gene	103	0.6371194482273866	4.651989688144622e-13	1.5701217459727452e-12
CMCBSN	cg20295442	ADHFE1	cg19283840	ADHFE1	within_gene	0			
CMCBSN	cg20295442	ADHFE1	cg25046651	ADHFE1	within_gene	0			
CMCBSN	cg20295442	ADHFE1	cg01588438	ADHFE1	within_gene	0			
CMCBSN	cg20295442	ADHFE1	cg08090772	ADHFE1	within_gene	0			
CMCBSN	cg20295442	ADHFE1	cg09383816	ADHFE1	within_gene	0			
CMCBSN	cg20295442	ADHFE1	cg20912169	ADHFE1	within_gene	0			
CMCBSN	cg20295442	ADHFE1	cg18065361	ADHFE1	within_gene	0			
CMCBSN	cg20295442	ADHFE1	cg04481096	HOXA2	between_gene	0			
CMCBSN	cg20295442	ADHFE1	cg19598584	HOXA2	between_gene	0			
CMCBSN	cg20295442	ADHFE1	cg09871315	HOXA2	between_gene	0			
CMCBSN	cg20295442	ADHFE1	cg13661519	HOXA2	between_gene	0			
CMCBSN	cg20295442	ADHFE1	cg02803819	HOXA2	between_gene	0			
CMCBSN	cg20295442	ADHFE1	cg03763508	HOXA2	between_gene	0			
CMCBSN	cg20295442	ADHFE1	cg00188704	HOXA2	between_gene	0			
CMCBSN	cg20295442	ADHFE1	cg06786372	HOXA2	between_gene	0			
CMCBSN	cg20295442	ADHFE1	cg19236679	GFRA1	between_gene	0			
CMCBSN	cg20295442	ADHFE1	cg06298519	GFRA1	between_gene	0			
CMCBSN	cg20295442	ADHFE1	cg19485539	GFRA1	between_gene	0			
CMCBSN	cg20295442	ADHFE1	cg18672939	GFRA1	between_gene	0			
CMCBSN	cg20295442	ADHFE1	cg27034576	GFRA1	between_gene	0			
CMCBSN	cg20295442	ADHFE1	cg18044663	GFRA1	between_gene	0			
CMCBSN	cg20295442	ADHFE1	cg15701178	UNC5C	between_gene	0			
CMCBSN	cg20295442	ADHFE1	cg03008707	UNC5C	between_gene	0			
CMCBSN	cg20295442	ADHFE1	cg24870497	UNC5C	between_gene	0			
CMCBSN	cg20295442	ADHFE1	cg13265789	UNC5C	between_gene	0			
CMCBSN	cg20295442	ADHFE1	cg12584684	UNC5C	between_gene	0			
CMCBSN	cg20295442	ADHFE1	cg08327106	RALYL	between_gene	0			
CMCBSN	cg20295442	ADHFE1	cg09757712	RALYL	between_gene	0			
CMCBSN	cg20295442	ADHFE1	cg11089595	RALYL	between_gene	0			
CMCBSN	cg20295442	ADHFE1	cg01134282	RALYL	between_gene	0			
CMCBSN	cg20295442	ADHFE1	cg06955749	RALYL	between_gene	0			
CMCBSN	cg20295442	ADHFE1	cg11666087	BEND5	between_gene	0			
CMCBSN	cg20295442	ADHFE1	cg16573178	BEND5	between_gene	0			
CMCBSN	cg20295442	ADHFE1	cg06744574	BEND5	between_gene	0			
CMCBSN	cg20295442	ADHFE1	cg03603214	BEND5	between_gene	0			
CMCBSN	cg19283840	ADHFE1	cg25046651	ADHFE1	within_gene	0			
CMCBSN	cg19283840	ADHFE1	cg01588438	ADHFE1	within_gene	0			
CMCBSN	cg19283840	ADHFE1	cg08090772	ADHFE1	within_gene	0			
CMCBSN	cg19283840	ADHFE1	cg09383816	ADHFE1	within_gene	0			
CMCBSN	cg19283840	ADHFE1	cg20912169	ADHFE1	within_gene	0			
CMCBSN	cg19283840	ADHFE1	cg18065361	ADHFE1	within_gene	0			
CMCBSN	cg19283840	ADHFE1	cg04481096	HOXA2	between_gene	0			
CMCBSN	cg19283840	ADHFE1	cg19598584	HOXA2	between_gene	0			
CMCBSN	cg19283840	ADHFE1	cg09871315	HOXA2	between_gene	0			
CMCBSN	cg19283840	ADHFE1	cg13661519	HOXA2	between_gene	0			
CMCBSN	cg19283840	ADHFE1	cg02803819	HOXA2	between_gene	0			
CMCBSN	cg19283840	ADHFE1	cg03763508	HOXA2	between_gene	0			
CMCBSN	cg19283840	ADHFE1	cg00188704	HOXA2	between_gene	0			
CMCBSN	cg19283840	ADHFE1	cg06786372	HOXA2	between_gene	0			
CMCBSN	cg19283840	ADHFE1	cg19236679	GFRA1	between_gene	0			
CMCBSN	cg19283840	ADHFE1	cg06298519	GFRA1	between_gene	0			
CMCBSN	cg19283840	ADHFE1	cg19485539	GFRA1	between_gene	0			
CMCBSN	cg19283840	ADHFE1	cg18672939	GFRA1	between_gene	0			
CMCBSN	cg19283840	ADHFE1	cg27034576	GFRA1	between_gene	0			
CMCBSN	cg19283840	ADHFE1	cg18044663	GFRA1	between_gene	0			
CMCBSN	cg19283840	ADHFE1	cg15701178	UNC5C	between_gene	0			
CMCBSN	cg19283840	ADHFE1	cg03008707	UNC5C	between_gene	0			
CMCBSN	cg19283840	ADHFE1	cg24870497	UNC5C	between_gene	0			
CMCBSN	cg19283840	ADHFE1	cg13265789	UNC5C	between_gene	0			
CMCBSN	cg19283840	ADHFE1	cg12584684	UNC5C	between_gene	0			
CMCBSN	cg19283840	ADHFE1	cg08327106	RALYL	between_gene	0			
CMCBSN	cg19283840	ADHFE1	cg09757712	RALYL	between_gene	0			
CMCBSN	cg19283840	ADHFE1	cg11089595	RALYL	between_gene	0			
CMCBSN	cg19283840	ADHFE1	cg01134282	RALYL	between_gene	0			
CMCBSN	cg19283840	ADHFE1	cg06955749	RALYL	between_gene	0			
CMCBSN	cg19283840	ADHFE1	cg11666087	BEND5	between_gene	0			
CMCBSN	cg19283840	ADHFE1	cg16573178	BEND5	between_gene	0			
CMCBSN	cg19283840	ADHFE1	cg06744574	BEND5	between_gene	0			
CMCBSN	cg19283840	ADHFE1	cg03603214	BEND5	between_gene	0			
CMCBSN	cg25046651	ADHFE1	cg01588438	ADHFE1	within_gene	103	0.9658876246540439	4.469336785979656e-61	1.0119855436825366e-59
CMCBSN	cg25046651	ADHFE1	cg08090772	ADHFE1	within_gene	0			
CMCBSN	cg25046651	ADHFE1	cg09383816	ADHFE1	within_gene	103	0.9586500021965471	6.201633394499716e-57	9.829588930282051e-56
CMCBSN	cg25046651	ADHFE1	cg20912169	ADHFE1	within_gene	103	0.9632407854852173	1.8230626912678673e-59	3.852739154212759e-58
CMCBSN	cg25046651	ADHFE1	cg18065361	ADHFE1	within_gene	103	0.9408579712691649	2.8124118650063677e-49	2.875917939377479e-48
CMCBSN	cg25046651	ADHFE1	cg04481096	HOXA2	between_gene	103	0.782300224047797	1.7340371110431648e-22	1.77415796969083e-21
CMCBSN	cg25046651	ADHFE1	cg19598584	HOXA2	between_gene	0			
CMCBSN	cg25046651	ADHFE1	cg09871315	HOXA2	between_gene	0			
CMCBSN	cg25046651	ADHFE1	cg13661519	HOXA2	between_gene	103	0.5908272196107719	5.04608888019202e-11	1.4156178374646213e-10
CMCBSN	cg25046651	ADHFE1	cg02803819	HOXA2	between_gene	103	0.651649606818082	9.032932459258495e-14	3.2686436596678794e-13
CMCBSN	cg25046651	ADHFE1	cg03763508	HOXA2	between_gene	103	0.6146817203356325	4.961853656670039e-12	1.5158637225119592e-11
CMCBSN	cg25046651	ADHFE1	cg00188704	HOXA2	between_gene	103	0.6004810437991477	2.019805860231356e-11	5.842210076877613e-11
CMCBSN	cg25046651	ADHFE1	cg06786372	HOXA2	between_gene	103	0.6103764881606116	7.650406876836506e-12	2.286358710385618e-11
CMCBSN	cg25046651	ADHFE1	cg19236679	GFRA1	between_gene	103	0.7177766550981857	1.4440884162879957e-17	7.373046336781567e-17
CMCBSN	cg25046651	ADHFE1	cg06298519	GFRA1	between_gene	103	0.7278478232218952	3.0550664789991613e-18	1.6709996737335035e-17
CMCBSN	cg25046651	ADHFE1	cg19485539	GFRA1	between_gene	103	0.7803013662522515	2.6060218441842187e-22	2.595080531097949e-21
CMCBSN	cg25046651	ADHFE1	cg18672939	GFRA1	between_gene	103	0.7016979308526996	1.5066591719668896e-16	7.069916869894991e-16
CMCBSN	cg25046651	ADHFE1	cg27034576	GFRA1	between_gene	103	0.7603896674427799	1.2103710074127981e-20	9.315215216342155e-20
CMCBSN	cg25046651	ADHFE1	cg18044663	GFRA1	between_gene	103	0.756754382111321	2.343357984526751e-20	1.731960618025579e-19
CMCBSN	cg25046651	ADHFE1	cg15701178	UNC5C	between_gene	103	0.6985568686025568	2.339379008747144e-16	1.0799957423612437e-15
CMCBSN	cg25046651	ADHFE1	cg03008707	UNC5C	between_gene	103	0.7811909677986206	2.1750454791816986e-22	2.1825744827634816e-21
CMCBSN	cg25046651	ADHFE1	cg24870497	UNC5C	between_gene	0			
CMCBSN	cg25046651	ADHFE1	cg13265789	UNC5C	between_gene	103	0.776742960066775	5.325986188741552e-22	4.980465220941473e-21
CMCBSN	cg25046651	ADHFE1	cg12584684	UNC5C	between_gene	103	0.7524711154065808	5.029409950661583e-20	3.536854598726704e-19
CMCBSN	cg25046651	ADHFE1	cg08327106	RALYL	between_gene	0			
CMCBSN	cg25046651	ADHFE1	cg09757712	RALYL	between_gene	0			
CMCBSN	cg25046651	ADHFE1	cg11089595	RALYL	between_gene	103	0.7818499319070421	1.901412053296784e-22	1.9227845143609727e-21
CMCBSN	cg25046651	ADHFE1	cg01134282	RALYL	between_gene	0			
CMCBSN	cg25046651	ADHFE1	cg06955749	RALYL	between_gene	103	0.5822387207310109	1.1113262493891924e-10	3.061721419911725e-10
CMCBSN	cg25046651	ADHFE1	cg11666087	BEND5	between_gene	103	0.6932851557351843	4.834205066728191e-16	2.130479901873961e-15
CMCBSN	cg25046651	ADHFE1	cg16573178	BEND5	between_gene	103	0.7223894038571367	7.14995193069021e-18	3.768530219630456e-17
CMCBSN	cg25046651	ADHFE1	cg06744574	BEND5	between_gene	103	0.7335478627597417	1.2295811253374445e-18	7.050499243967895e-18
CMCBSN	cg25046651	ADHFE1	cg03603214	BEND5	between_gene	103	0.5396806220621184	4.041867145903039e-09	9.995479984512822e-09
CMCBSN	cg01588438	ADHFE1	cg08090772	ADHFE1	within_gene	0			
CMCBSN	cg01588438	ADHFE1	cg09383816	ADHFE1	within_gene	103	0.9867108904801652	1.573052242946699e-81	4.986575610141036e-79
CMCBSN	cg01588438	ADHFE1	cg20912169	ADHFE1	within_gene	103	0.9750032948205422	8.48661580041406e-68	2.989174676368063e-66
CMCBSN	cg01588438	ADHFE1	cg18065361	ADHFE1	within_gene	103	0.9746957782366121	1.5617789108008156e-67	4.950839147238585e-66
CMCBSN	cg01588438	ADHFE1	cg04481096	HOXA2	between_gene	103	0.8012893731054782	2.882212993489092e-24	4.177607611118356e-23
CMCBSN	cg01588438	ADHFE1	cg19598584	HOXA2	between_gene	0			
CMCBSN	cg01588438	ADHFE1	cg09871315	HOXA2	between_gene	0			
CMCBSN	cg01588438	ADHFE1	cg13661519	HOXA2	between_gene	103	0.6168672846285639	3.972720010656271e-12	1.2208276216492591e-11
CMCBSN	cg01588438	ADHFE1	cg02803819	HOXA2	between_gene	103	0.6760532442999605	4.6698351053132396e-15	1.8801851527410866e-14
CMCBSN	cg01588438	ADHFE1	cg03763508	HOXA2	between_gene	103	0.6248517330756052	1.7374605650128724e-12	5.487935368182305e-12
CMCBSN	cg01588438	ADHFE1	cg00188704	HOXA2	between_gene	103	0.6110903659447349	7.12361875249218e-12	2.1386157335285488e-11
CMCBSN	cg01588438	ADHFE1	cg06786372	HOXA2	between_gene	103	0.6306615999648553	9.376647427154343e-13	3.061786375149647e-12
CMCBSN	cg01588438	ADHFE1	cg19236679	GFRA1	between_gene	103	0.7450687519219787	1.8158899657798217e-19	1.1548744458004212e-18
CMCBSN	cg01588438	ADHFE1	cg06298519	GFRA1	between_gene	103	0.7737556561085974	9.607931154460176e-22	8.584620678762533e-21
CMCBSN	cg01588438	ADHFE1	cg19485539	GFRA1	between_gene	103	0.8223652418398278	1.7574950827655574e-26	4.495396736211117e-25
CMCBSN	cg01588438	ADHFE1	cg18672939	GFRA1	between_gene	103	0.744069323024206	2.1522948492422615e-19	1.3530933160657977e-18
CMCBSN	cg01588438	ADHFE1	cg27034576	GFRA1	between_gene	103	0.8024315775600757	2.2212552998446463e-24	3.311574329882675e-23
CMCBSN	cg01588438	ADHFE1	cg18044663	GFRA1	between_gene	103	0.7876048851205905	5.759205245223906e-23	6.366850205419139e-22
CMCBSN	cg01588438	ADHFE1	cg15701178	UNC5C	between_gene	103	0.7451785792733823	1.7822039001011447e-19	1.1396495037656583e-18
CMCBSN	cg01588438	ADHFE1	cg03008707	UNC5C	between_gene	103	0.8244299960462153	1.0286086788781396e-26	2.854936216162836e-25
CMCBSN	cg01588438	ADHFE1	cg24870497	UNC5C	between_gene	0			
CMCBSN	cg01588438	ADHFE1	cg13265789	UNC5C	between_gene	103	0.8037934367174802	1.6245995895204056e-24	2.5080356976678925e-23
CMCBSN	cg01588438	ADHFE1	cg12584684	UNC5C	between_gene	103	0.7962592804111936	8.898463594224142e-24	1.1436498284399403e-22
CMCBSN	cg01588438	ADHFE1	cg08327106	RALYL	between_gene	0			
CMCBSN	cg01588438	ADHFE1	cg09757712	RALYL	between_gene	0			
CMCBSN	cg01588438	ADHFE1	cg11089595	RALYL	between_gene	103	0.8079888415410974	6.101776870464033e-25	1.0404925395451413e-23
CMCBSN	cg01588438	ADHFE1	cg01134282	RALYL	between_gene	0			
CMCBSN	cg01588438	ADHFE1	cg06955749	RALYL	between_gene	103	0.6331107499011553	7.201746741148314e-13	2.3783996516020193e-12
CMCBSN	cg01588438	ADHFE1	cg11666087	BEND5	between_gene	103	0.7390502130650618	4.994381637083399e-19	3.0093167877945927e-18
CMCBSN	cg01588438	ADHFE1	cg16573178	BEND5	between_gene	103	0.7646729341475201	5.473388630695315e-21	4.4210745936483214e-20
CMCBSN	cg01588438	ADHFE1	cg06744574	BEND5	between_gene	103	0.7637064534551686	6.55634660994359e-21	5.199242646000859e-20
CMCBSN	cg01588438	ADHFE1	cg03603214	BEND5	between_gene	103	0.6054342573474499	1.2476108728898905e-11	3.661436183767969e-11
CMCBSN	cg08090772	ADHFE1	cg09383816	ADHFE1	within_gene	0			
CMCBSN	cg08090772	ADHFE1	cg20912169	ADHFE1	within_gene	0			
CMCBSN	cg08090772	ADHFE1	cg18065361	ADHFE1	within_gene	0			
CMCBSN	cg08090772	ADHFE1	cg04481096	HOXA2	between_gene	0			
CMCBSN	cg08090772	ADHFE1	cg19598584	HOXA2	between_gene	0			
CMCBSN	cg08090772	ADHFE1	cg09871315	HOXA2	between_gene	0			
CMCBSN	cg08090772	ADHFE1	cg13661519	HOXA2	between_gene	0			
CMCBSN	cg08090772	ADHFE1	cg02803819	HOXA2	between_gene	0			
CMCBSN	cg08090772	ADHFE1	cg03763508	HOXA2	between_gene	0			
CMCBSN	cg08090772	ADHFE1	cg00188704	HOXA2	between_gene	0			
CMCBSN	cg08090772	ADHFE1	cg06786372	HOXA2	between_gene	0			
CMCBSN	cg08090772	ADHFE1	cg19236679	GFRA1	between_gene	0			
CMCBSN	cg08090772	ADHFE1	cg06298519	GFRA1	between_gene	0			
CMCBSN	cg08090772	ADHFE1	cg19485539	GFRA1	between_gene	0			
CMCBSN	cg08090772	ADHFE1	cg18672939	GFRA1	between_gene	0			
CMCBSN	cg08090772	ADHFE1	cg27034576	GFRA1	between_gene	0			
CMCBSN	cg08090772	ADHFE1	cg18044663	GFRA1	between_gene	0			
CMCBSN	cg08090772	ADHFE1	cg15701178	UNC5C	between_gene	0			
CMCBSN	cg08090772	ADHFE1	cg03008707	UNC5C	between_gene	0			
CMCBSN	cg08090772	ADHFE1	cg24870497	UNC5C	between_gene	0			
CMCBSN	cg08090772	ADHFE1	cg13265789	UNC5C	between_gene	0			
CMCBSN	cg08090772	ADHFE1	cg12584684	UNC5C	between_gene	0			
CMCBSN	cg08090772	ADHFE1	cg08327106	RALYL	between_gene	0			
CMCBSN	cg08090772	ADHFE1	cg09757712	RALYL	between_gene	0			
CMCBSN	cg08090772	ADHFE1	cg11089595	RALYL	between_gene	0			
CMCBSN	cg08090772	ADHFE1	cg01134282	RALYL	between_gene	0			
CMCBSN	cg08090772	ADHFE1	cg06955749	RALYL	between_gene	0			
CMCBSN	cg08090772	ADHFE1	cg11666087	BEND5	between_gene	0			
CMCBSN	cg08090772	ADHFE1	cg16573178	BEND5	between_gene	0			
CMCBSN	cg08090772	ADHFE1	cg06744574	BEND5	between_gene	0			
CMCBSN	cg08090772	ADHFE1	cg03603214	BEND5	between_gene	0			
CMCBSN	cg09383816	ADHFE1	cg20912169	ADHFE1	within_gene	103	0.9680292580064139	1.7829481502524797e-62	4.709954696916967e-61
CMCBSN	cg09383816	ADHFE1	cg18065361	ADHFE1	within_gene	103	0.9798466810174407	1.8062057840215136e-72	9.54278722558033e-71
CMCBSN	cg09383816	ADHFE1	cg04481096	HOXA2	between_gene	103	0.8030466107279357	1.9291998230314403e-24	2.909411756236432e-23
CMCBSN	cg09383816	ADHFE1	cg19598584	HOXA2	between_gene	0			
CMCBSN	cg09383816	ADHFE1	cg09871315	HOXA2	between_gene	0			
CMCBSN	cg09383816	ADHFE1	cg13661519	HOXA2	between_gene	103	0.612254535869613	6.338789972758685e-12	1.9118963050783132e-11
CMCBSN	cg09383816	ADHFE1	cg02803819	HOXA2	between_gene	103	0.6711878926327813	8.619831385192985e-15	3.417802444372112e-14
CMCBSN	cg09383816	ADHFE1	cg03763508	HOXA2	between_gene	103	0.6214141369766727	2.4877297606538337e-12	7.75446469001894e-12
CMCBSN	cg09383816	ADHFE1	cg00188704	HOXA2	between_gene	103	0.6057527566665203	1.2092098094204569e-11	3.55273467655177e-11
CMCBSN	cg09383816	ADHFE1	cg06786372	HOXA2	between_gene	103	0.630529807143171	9.51012505285486e-13	3.1014895328622912e-12
CMCBSN	cg09383816	ADHFE1	cg19236679	GFRA1	between_gene	103	0.734470412511532	1.0588421498342408e-18	6.13893148648341e-18
CMCBSN	cg09383816	ADHFE1	cg06298519	GFRA1	between_gene	103	0.7713614198479989	1.531738212269708e-21	1.3365568547865113e-20
CMCBSN	cg09383816	ADHFE1	cg19485539	GFRA1	between_gene	103	0.8166102886262796	7.546797443912318e-26	1.6272392174518379e-24
CMCBSN	cg09383816	ADHFE1	cg18672939	GFRA1	between_gene	103	0.7321091244563547	1.5505135132898916e-18	8.851837540860672e-18
CMCBSN	cg09383816	ADHFE1	cg27034576	GFRA1	between_gene	103	0.7989061195800202	4.9365271992071335e-24	6.850744395069899e-23
CMCBSN	cg09383816	ADHFE1	cg18044663	GFRA1	between_gene	103	0.7846724948381146	1.0632935431814175e-22	1.1322991241470687e-21
CMCBSN	cg09383816	ADHFE1	cg15701178	UNC5C	between_gene	103	0.7226749549707859	6.842306780651468e-18	3.613679836178073e-17
CMCBSN	cg09383816	ADHFE1	cg03008707	UNC5C	between_gene	103	0.8159952554584193	8.791921611501748e-26	1.849848668097424e-24
CMCBSN	cg09383816	ADHFE1	cg24870497	UNC5C	between_gene	0			
CMCBSN	cg09383816	ADHFE1	cg13265789	UNC5C	between_gene	103	0.7900430523217502	3.433470163448198e-23	3.920941666067082e-22
CMCBSN	cg09383816	ADHFE1	cg12584684	UNC5C	between_gene	103	0.7846065984272724	1.077927302051968e-22	1.1385879882808035e-21
CMCBSN	cg09383816	ADHFE1	cg08327106	RALYL	between_gene	0			
CMCBSN	cg09383816	ADHFE1	cg09757712	RALYL	between_gene	0			
CMCBSN	cg09383816	ADHFE1	cg11089595	RALYL	between_gene	103	0.7902956552299786	3.253050786340964e-23	3.7720931118060336e-22
CMCBSN	cg09383816	ADHFE1	cg01134282	RALYL	between_gene	0			
CMCBSN	cg09383816	ADHFE1	cg06955749	RALYL	between_gene	103	0.6124851733075605	6.193534034244006e-12	1.8745858811302335e-11
CMCBSN	cg09383816	ADHFE1	cg11666087	BEND5	between_gene	103	0.7396652462329218	4.509574695181745e-19	2.7234908286410118e-18
CMCBSN	cg09383816	ADHFE1	cg16573178	BEND5	between_gene	103	0.7667267056187672	3.718711640333002e-21	3.0997184248015344e-20
CMCBSN	cg09383816	ADHFE1	cg06744574	BEND5	between_gene	103	0.7514277555682467	6.04350830261493e-20	4.1712997781805167e-19
CMCBSN	cg09383816	ADHFE1	cg03603214	BEND5	between_gene	103	0.596944603083952	2.8347394119321038e-11	8.127291346956989e-11
CMCBSN	cg20912169	ADHFE1	cg18065361	ADHFE1	within_gene	103	0.9606818081975135	5.120430503293502e-58	1.0144852934650251e-56
CMCBSN	cg20912169	ADHFE1	cg04481096	HOXA2	between_gene	103	0.776347581601722	5.761548784209825e-22	5.349423764414034e-21
CMCBSN	cg20912169	ADHFE1	cg19598584	HOXA2	between_gene	0			
CMCBSN	cg20912169	ADHFE1	cg09871315	HOXA2	between_gene	0			
CMCBSN	cg20912169	ADHFE1	cg13661519	HOXA2	between_gene	103	0.6016232482537451	1.8087553506241603e-11	5.260917179240172e-11
CMCBSN	cg20912169	ADHFE1	cg02803819	HOXA2	between_gene	103	0.671912753152045	7.873321244646065e-15	3.140901395608804e-14
CMCBSN	cg20912169	ADHFE1	cg03763508	HOXA2	between_gene	103	0.6297390502130651	1.0350393966254087e-12	3.3545562556468212e-12
CMCBSN	cg20912169	ADHFE1	cg00188704	HOXA2	between_gene	103	0.6140337389623512	5.298199729329871e-12	1.6110726216575332e-11
CMCBSN	cg20912169	ADHFE1	cg06786372	HOXA2	between_gene	103	0.6287725695207134	1.1475108042774425e-12	3.69611813377759e-12
CMCBSN	cg20912169	ADHFE1	cg19236679	GFRA1	between_gene	103	0.7288911830602294	2.59070142612963e-18	1.4350615755354998e-17
CMCBSN	cg20912169	ADHFE1	cg06298519	GFRA1	between_gene	103	0.7570069850195493	2.2390531346123218e-20	1.6595709171032808e-19
CMCBSN	cg20912169	ADHFE1	cg19485539	GFRA1	between_gene	103	0.8069125334973423	7.862360459631115e-25	1.2820561524485986e-23
CMCBSN	cg20912169	ADHFE1	cg18672939	GFRA1	between_gene	103	0.7248605192637174	4.877734062170589e-18	2.618520199218738e-17
CMCBSN	cg20912169	ADHFE1	cg27034576	GFRA1	between_gene	103	0.7917343935333656	2.388659489836681e-23	2.8327330040835915e-22
CMCBSN	cg20912169	ADHFE1	cg18044663	GFRA1	between_gene	103	0.7849470632166234	1.0043757019036644e-22	1.0783605787105599e-21
CMCBSN	cg20912169	ADHFE1	cg15701178	UNC5C	between_gene	103	0.7292645960550016	2.4418015866704717e-18	1.358349752584917e-17
CMCBSN	cg20912169	ADHFE1	cg03008707	UNC5C	between_gene	103	0.810448974212538	3.3976610245872316e-25	6.1989493798238375e-24
CMCBSN	cg20912169	ADHFE1	cg24870497	UNC5C	between_gene	0			
CMCBSN	cg20912169	ADHFE1	cg13265789	UNC5C	between_gene	103	0.7911742740412072	2.694638547586521e-23	3.1668071939879426e-22
CMCBSN	cg20912169	ADHFE1	cg12584684	UNC5C	between_gene	103	0.7768088564776171	5.256581369807994e-22	4.933244889866567e-21
CMCBSN	cg20912169	ADHFE1	cg08327106	RALYL	between_gene	0			
CMCBSN	cg20912169	ADHFE1	cg09757712	RALYL	between_gene	0			
CMCBSN	cg20912169	ADHFE1	cg11089595	RALYL	between_gene	103	0.7889008478671529	4.3785841422661927e-23	4.902886706940986e-22
CMCBSN	cg20912169	ADHFE1	cg01134282	RALYL	between_gene	0			
CMCBSN	cg20912169	ADHFE1	cg06955749	RALYL	between_gene	103	0.6136054122918772	5.5324987147326786e-12	1.68035962127329e-11
CMCBSN	cg20912169	ADHFE1	cg11666087	BEND5	between_gene	103	0.7304068005095989	2.036160564155517e-18	1.1449014896296863e-17
CMCBSN	cg20912169	ADHFE1	cg16573178	BEND5	between_gene	103	0.7527896147256513	4.75430106004481e-20	3.3706444200154645e-19
CMCBSN	cg20912169	ADHFE1	cg06744574	BEND5	between_gene	103	0.7525479945525634	4.961619341683116e-20	3.4986121249868237e-19
CMCBSN	cg20912169	ADHFE1	cg03603214	BEND5	between_gene	103	0.5901243245617889	5.3876080090966775e-11	1.506492738559531e-10
CMCBSN	cg18065361	ADHFE1	cg04481096	HOXA2	between_gene	103	0.7790273689759698	3.371145962221921e-22	3.306511208810899e-21
CMCBSN	cg18065361	ADHFE1	cg19598584	HOXA2	between_gene	0			
CMCBSN	cg18065361	ADHFE1	cg09871315	HOXA2	between_gene	0			
CMCBSN	cg18065361	ADHFE1	cg13661519	HOXA2	between_gene	103	0.589487325923648	5.7162572892168256e-11	1.5933456482443053e-10
CMCBSN	cg18065361	ADHFE1	cg02803819	HOXA2	between_gene	103	0.6663005754953213	1.5772344188853613e-14	6.114419909170739e-14
CMCBSN	cg18065361	ADHFE1	cg03763508	HOXA2	between_gene	103	0.6154614945305978	4.58437111748782e-12	1.402183381656005e-11
CMCBSN	cg18065361	ADHFE1	cg00188704	HOXA2	between_gene	103	0.5941769538285815	3.6852822824364775e-11	1.0496617330651495e-10
CMCBSN	cg18065361	ADHFE1	cg06786372	HOXA2	between_gene	103	0.6188551596889689	3.240525278845568e-12	1.0029098994671516e-11
CMCBSN	cg18065361	ADHFE1	cg19236679	GFRA1	between_gene	103	0.7365571321882002	7.533117205893825e-19	4.47697102281936e-18
CMCBSN	cg18065361	ADHFE1	cg06298519	GFRA1	between_gene	103	0.7711197996749112	1.605053032892196e-21	1.3958611209385797e-20
CMCBSN	cg18065361	ADHFE1	cg19485539	GFRA1	between_gene	103	0.8200259192549313	3.1979137878800884e-26	7.725330622758473e-25
CMCBSN	cg18065361	ADHFE1	cg18672939	GFRA1	between_gene	103	0.7544809559372666	3.5215176870893653e-20	2.538022001551424e-19
CMCBSN	cg18065361	ADHFE1	cg27034576	GFRA1	between_gene	103	0.8084501164169925	5.470907625955412e-25	9.452713904713689e-24
CMCBSN	cg18065361	ADHFE1	cg18044663	GFRA1	between_gene	103	0.7953806615999649	1.0800063236283395e-23	1.36122536151997e-22
CMCBSN	cg18065361	ADHFE1	cg15701178	UNC5C	between_gene	103	0.7435311690023284	2.3577916758115134e-19	1.4681332893060235e-18
CMCBSN	cg18065361	ADHFE1	cg03008707	UNC5C	between_gene	103	0.8206080042173702	2.757603892278804e-26	6.78734769335415e-25
CMCBSN	cg18065361	ADHFE1	cg24870497	UNC5C	between_gene	0			
CMCBSN	cg18065361	ADHFE1	cg13265789	UNC5C	between_gene	103	0.8034090409875676	1.7750036420065377e-24	2.7241085305853277e-23
CMCBSN	cg18065361	ADHFE1	cg12584684	UNC5C	between_gene	103	0.7978517770065457	6.248980515221147e-24	8.401856800196791e-23
CMCBSN	cg18065361	ADHFE1	cg08327106	RALYL	between_gene	0			
CMCBSN	cg18065361	ADHFE1	cg09757712	RALYL	between_gene	0			
CMCBSN	cg18065361	ADHFE1	cg11089595	RALYL	between_gene	103	0.7752163598822651	7.208287634909532e-22	6.575672181636003e-21
CMCBSN	cg18065361	ADHFE1	cg01134282	RALYL	between_gene	0			
CMCBSN	cg18065361	ADHFE1	cg06955749	RALYL	between_gene	103	0.6027434872380618	1.622509001175264e-11	4.729749702867334e-11
CMCBSN	cg18065361	ADHFE1	cg11666087	BEND5	between_gene	103	0.7518780477090014	5.58353981717178e-20	3.895041546256998e-19
CMCBSN	cg18065361	ADHFE1	cg16573178	BEND5	between_gene	103	0.7788845934191451	3.4694496832049734e-22	3.377535158015588e-21
CMCBSN	cg18065361	ADHFE1	cg06744574	BEND5	between_gene	103	0.7583798269120943	1.7465171038489533e-20	1.3169546600988205e-19
CMCBSN	cg18065361	ADHFE1	cg03603214	BEND5	between_gene	103	0.6485195273030795	1.2954293106927315e-13	4.592085695105077e-13
CMCBSN	cg04481096	HOXA2	cg19598584	HOXA2	within_gene	0			
CMCBSN	cg04481096	HOXA2	cg09871315	HOXA2	within_gene	0			
CMCBSN	cg04481096	HOXA2	cg13661519	HOXA2	within_gene	103	0.7271009972323508	3.436141576165196e-18	7.21362171949912e-18
CMCBSN	cg04481096	HOXA2	cg02803819	HOXA2	within_gene	103	0.7516693757413346	5.792295517162873e-20	1.2840263489095318e-19
CMCBSN	cg04481096	HOXA2	cg03763508	HOXA2	within_gene	103	0.7405768132495717	3.874167490434572e-19	8.411719825121639e-19
CMCBSN	cg04481096	HOXA2	cg00188704	HOXA2	within_gene	103	0.703938408821333	1.0969639610740418e-16	2.287747208292574e-16
CMCBSN	cg04481096	HOXA2	cg06786372	HOXA2	within_gene	103	0.7513398936871238	6.137461303449393e-20	1.351093911939901e-19
CMCBSN	cg04481096	HOXA2	cg19236679	GFRA1	between_gene	103	0.6438848130738479	2.1925768880257182e-13	7.606958910716886e-13
CMCBSN	cg04481096	HOXA2	cg06298519	GFRA1	between_gene	103	0.6712208408382023	8.584459340845537e-15	3.4141546372356717e-14
CMCBSN	cg04481096	HOXA2	cg19485539	GFRA1	between_gene	103	0.7043447700215262	1.0352791326942519e-16	4.956042673760189e-16
CMCBSN	cg04481096	HOXA2	cg18672939	GFRA1	between_gene	103	0.6120897948425076	6.444551204480296e-12	1.9415512808878857e-11
CMCBSN	cg04481096	HOXA2	cg27034576	GFRA1	between_gene	103	0.7030158590695427	1.2505412511739182e-16	5.942918259221771e-16
CMCBSN	cg04481096	HOXA2	cg18044663	GFRA1	between_gene	103	0.6593704696217546	3.6445877156198375e-14	1.362282141841283e-13
CMCBSN	cg04481096	HOXA2	cg15701178	UNC5C	between_gene	103	0.6297061020076441	1.0386918363333285e-12	3.3622171228209108e-12
CMCBSN	cg04481096	HOXA2	cg03008707	UNC5C	between_gene	103	0.7308131617097923	1.908295253095717e-18	1.079987487055689e-17
CMCBSN	cg04481096	HOXA2	cg24870497	UNC5C	between_gene	0			
CMCBSN	cg04481096	HOXA2	cg13265789	UNC5C	between_gene	103	0.694954531476519	3.84801035573207e-16	1.72499295843728e-15
CMCBSN	cg04481096	HOXA2	cg12584684	UNC5C	between_gene	103	0.6850920353204762	1.449029351121387e-15	6.097608995283385e-15
CMCBSN	cg04481096	HOXA2	cg08327106	RALYL	between_gene	0			
CMCBSN	cg04481096	HOXA2	cg09757712	RALYL	between_gene	0			
CMCBSN	cg04481096	HOXA2	cg11089595	RALYL	between_gene	103	0.6363836049729825	5.042967151977762e-13	1.6976904902593522e-12
CMCBSN	cg04481096	HOXA2	cg01134282	RALYL	between_gene	0			
CMCBSN	cg04481096	HOXA2	cg06955749	RALYL	between_gene	103	0.5012959627465625	6.909520549632817e-08	1.566198011641357e-07
CMCBSN	cg04481096	HOXA2	cg11666087	BEND5	between_gene	103	0.6089377498572246	8.828643041371313e-12	2.6204698173990623e-11
CMCBSN	cg04481096	HOXA2	cg16573178	BEND5	between_gene	103	0.6410512674076353	3.0113884500788146e-13	1.03241950936342e-12
CMCBSN	cg04481096	HOXA2	cg06744574	BEND5	between_gene	103	0.6141655317840354	5.22805515693205e-12	1.5915981218711457e-11
CMCBSN	cg04481096	HOXA2	cg03603214	BEND5	between_gene	103	0.4934652725914862	1.1825473880152138e-07	2.632479637655028e-07
CMCBSN	cg19598584	HOXA2	cg09871315	HOXA2	within_gene	0			
CMCBSN	cg19598584	HOXA2	cg13661519	HOXA2	within_gene	0			
CMCBSN	cg19598584	HOXA2	cg02803819	HOXA2	within_gene	0			
CMCBSN	cg19598584	HOXA2	cg03763508	HOXA2	within_gene	0			
CMCBSN	cg19598584	HOXA2	cg00188704	HOXA2	within_gene	0			
CMCBSN	cg19598584	HOXA2	cg06786372	HOXA2	within_gene	0			
CMCBSN	cg19598584	HOXA2	cg19236679	GFRA1	between_gene	0			
CMCBSN	cg19598584	HOXA2	cg06298519	GFRA1	between_gene	0			
CMCBSN	cg19598584	HOXA2	cg19485539	GFRA1	between_gene	0			
CMCBSN	cg19598584	HOXA2	cg18672939	GFRA1	between_gene	0			
CMCBSN	cg19598584	HOXA2	cg27034576	GFRA1	between_gene	0			
CMCBSN	cg19598584	HOXA2	cg18044663	GFRA1	between_gene	0			
CMCBSN	cg19598584	HOXA2	cg15701178	UNC5C	between_gene	0			
CMCBSN	cg19598584	HOXA2	cg03008707	UNC5C	between_gene	0			
CMCBSN	cg19598584	HOXA2	cg24870497	UNC5C	between_gene	0			
CMCBSN	cg19598584	HOXA2	cg13265789	UNC5C	between_gene	0			
CMCBSN	cg19598584	HOXA2	cg12584684	UNC5C	between_gene	0			
CMCBSN	cg19598584	HOXA2	cg08327106	RALYL	between_gene	0			
CMCBSN	cg19598584	HOXA2	cg09757712	RALYL	between_gene	0			
CMCBSN	cg19598584	HOXA2	cg11089595	RALYL	between_gene	0			
CMCBSN	cg19598584	HOXA2	cg01134282	RALYL	between_gene	0			
CMCBSN	cg19598584	HOXA2	cg06955749	RALYL	between_gene	0			
CMCBSN	cg19598584	HOXA2	cg11666087	BEND5	between_gene	0			
CMCBSN	cg19598584	HOXA2	cg16573178	BEND5	between_gene	0			
CMCBSN	cg19598584	HOXA2	cg06744574	BEND5	between_gene	0			
CMCBSN	cg19598584	HOXA2	cg03603214	BEND5	between_gene	0			
CMCBSN	cg09871315	HOXA2	cg13661519	HOXA2	within_gene	0			
CMCBSN	cg09871315	HOXA2	cg02803819	HOXA2	within_gene	0			
CMCBSN	cg09871315	HOXA2	cg03763508	HOXA2	within_gene	0			
CMCBSN	cg09871315	HOXA2	cg00188704	HOXA2	within_gene	0			
CMCBSN	cg09871315	HOXA2	cg06786372	HOXA2	within_gene	0			
CMCBSN	cg09871315	HOXA2	cg19236679	GFRA1	between_gene	0			
CMCBSN	cg09871315	HOXA2	cg06298519	GFRA1	between_gene	0			
CMCBSN	cg09871315	HOXA2	cg19485539	GFRA1	between_gene	0			
CMCBSN	cg09871315	HOXA2	cg18672939	GFRA1	between_gene	0			
CMCBSN	cg09871315	HOXA2	cg27034576	GFRA1	between_gene	0			
CMCBSN	cg09871315	HOXA2	cg18044663	GFRA1	between_gene	0			
CMCBSN	cg09871315	HOXA2	cg15701178	UNC5C	between_gene	0			
CMCBSN	cg09871315	HOXA2	cg03008707	UNC5C	between_gene	0			
CMCBSN	cg09871315	HOXA2	cg24870497	UNC5C	between_gene	0			
CMCBSN	cg09871315	HOXA2	cg13265789	UNC5C	between_gene	0			
CMCBSN	cg09871315	HOXA2	cg12584684	UNC5C	between_gene	0			
CMCBSN	cg09871315	HOXA2	cg08327106	RALYL	between_gene	0			
CMCBSN	cg09871315	HOXA2	cg09757712	RALYL	between_gene	0			
CMCBSN	cg09871315	HOXA2	cg11089595	RALYL	between_gene	0			
CMCBSN	cg09871315	HOXA2	cg01134282	RALYL	between_gene	0			
CMCBSN	cg09871315	HOXA2	cg06955749	RALYL	between_gene	0			
CMCBSN	cg09871315	HOXA2	cg11666087	BEND5	between_gene	0			
CMCBSN	cg09871315	HOXA2	cg16573178	BEND5	between_gene	0			
CMCBSN	cg09871315	HOXA2	cg06744574	BEND5	between_gene	0			
CMCBSN	cg09871315	HOXA2	cg03603214	BEND5	between_gene	0			
CMCBSN	cg13661519	HOXA2	cg02803819	HOXA2	within_gene	103	0.9522470676097176	7.603805088560118e-54	1.0043359221139822e-52
CMCBSN	cg13661519	HOXA2	cg03763508	HOXA2	within_gene	103	0.9126982383692835	4.812203223711112e-41	2.460432938574875e-40
CMCBSN	cg13661519	HOXA2	cg00188704	HOXA2	within_gene	103	0.9305122347669464	7.450184888694173e-46	5.0249119355660694e-45
CMCBSN	cg13661519	HOXA2	cg06786372	HOXA2	within_gene	103	0.9358388613100206	1.5171947276651167e-47	1.173050557731322e-46
CMCBSN	cg13661519	HOXA2	cg19236679	GFRA1	between_gene	103	0.4952774238896455	1.04551539298235e-07	2.3354021064134853e-07
CMCBSN	cg13661519	HOXA2	cg06298519	GFRA1	between_gene	103	0.5533101963713043	1.3504869681818743e-09	3.4543338235161864e-09
CMCBSN	cg13661519	HOXA2	cg19485539	GFRA1	between_gene	103	0.5691802486491235	3.535580250147682e-10	9.393410257266092e-10
CMCBSN	cg13661519	HOXA2	cg18672939	GFRA1	between_gene	103	0.5171001186135395	2.2400116752519124e-08	5.255566961090144e-08
CMCBSN	cg13661519	HOXA2	cg27034576	GFRA1	between_gene	103	0.5789988138646049	1.4880444004466485e-10	4.0314723164748763e-10
CMCBSN	cg13661519	HOXA2	cg18044663	GFRA1	between_gene	103	0.5103567192373589	3.6477241425470185e-08	8.407166332071706e-08
CMCBSN	cg13661519	HOXA2	cg15701178	UNC5C	between_gene	103	0.5156723630452928	2.4858333747507658e-08	5.801019029270795e-08
CMCBSN	cg13661519	HOXA2	cg03008707	UNC5C	between_gene	103	0.6430501252031805	2.408240716812342e-13	8.333023912683554e-13
CMCBSN	cg13661519	HOXA2	cg24870497	UNC5C	between_gene	0			
CMCBSN	cg13661519	HOXA2	cg13265789	UNC5C	between_gene	103	0.5288077142731626	9.364147777359537e-09	2.2537879659714973e-08
CMCBSN	cg13661519	HOXA2	cg12584684	UNC5C	between_gene	103	0.556264552124061	1.0579071583349504e-09	2.7300492345162074e-09
CMCBSN	cg13661519	HOXA2	cg08327106	RALYL	between_gene	0			
CMCBSN	cg13661519	HOXA2	cg09757712	RALYL	between_gene	0			
CMCBSN	cg13661519	HOXA2	cg11089595	RALYL	between_gene	103	0.45865000219654706	1.1035297824457207e-06	2.3051314670943837e-06
CMCBSN	cg13661519	HOXA2	cg01134282	RALYL	between_gene	0			
CMCBSN	cg13661519	HOXA2	cg06955749	RALYL	between_gene	103	0.43860651056539124	3.5850491728230984e-06	7.335994738741541e-06
CMCBSN	cg13661519	HOXA2	cg11666087	BEND5	between_gene	103	0.49827571058296366	8.514315040178625e-08	1.9182942953217644e-07
CMCBSN	cg13661519	HOXA2	cg16573178	BEND5	between_gene	103	0.5063699863814085	4.842640334852187e-08	1.1092580011966071e-07
CMCBSN	cg13661519	HOXA2	cg06744574	BEND5	between_gene	103	0.46146158239247903	9.297562180213547e-07	1.9515156659836804e-06
CMCBSN	cg13661519	HOXA2	cg03603214	BEND5	between_gene	103	0.3734129947722181	0.00010233739708895316	0.00019865942634306457
CMCBSN	cg02803819	HOXA2	cg03763508	HOXA2	within_gene	103	0.9363879980670387	9.965433582434514e-48	8.537952555761463e-47
CMCBSN	cg02803819	HOXA2	cg00188704	HOXA2	within_gene	103	0.9381891666300576	2.4440515793587294e-48	2.2787186784021097e-47
CMCBSN	cg02803819	HOXA2	cg06786372	HOXA2	within_gene	103	0.9521482229934545	8.420053888807635e-54	1.067662833100808e-52
CMCBSN	cg02803819	HOXA2	cg19236679	GFRA1	between_gene	103	0.532300224047797	7.172419233935175e-09	1.7456009124381412e-08
CMCBSN	cg02803819	HOXA2	cg06298519	GFRA1	between_gene	103	0.5812832227737996	1.2116407381632755e-10	3.320557443138641e-10
CMCBSN	cg02803819	HOXA2	cg19485539	GFRA1	between_gene	103	0.6067741510345737	1.0935994143189295e-11	3.227602796332677e-11
CMCBSN	cg02803819	HOXA2	cg18672939	GFRA1	between_gene	103	0.5481812590607565	2.05188058544686e-09	5.187360898673312e-09
CMCBSN	cg02803819	HOXA2	cg27034576	GFRA1	between_gene	103	0.614637789395071	4.983989873927935e-12	1.5208455650383605e-11
CMCBSN	cg02803819	HOXA2	cg18044663	GFRA1	between_gene	103	0.55103677019725	1.6270143368846544e-09	4.145391020441468e-09
CMCBSN	cg02803819	HOXA2	cg15701178	UNC5C	between_gene	103	0.5661380310152441	4.5964844632033056e-10	1.2187223541155919e-09
CMCBSN	cg02803819	HOXA2	cg03008707	UNC5C	between_gene	103	0.6701664982647279	9.789184022671135e-15	3.8521841802637994e-14
CMCBSN	cg02803819	HOXA2	cg24870497	UNC5C	between_gene	0			
CMCBSN	cg02803819	HOXA2	cg13265789	UNC5C	between_gene	103	0.5828098229583095	1.0552379161685434e-10	2.9102703205959084e-10
CMCBSN	cg02803819	HOXA2	cg12584684	UNC5C	between_gene	103	0.6070487194130827	1.0643871936564238e-11	3.1449447205544846e-11
CMCBSN	cg02803819	HOXA2	cg08327106	RALYL	between_gene	0			
CMCBSN	cg02803819	HOXA2	cg09757712	RALYL	between_gene	0			
CMCBSN	cg02803819	HOXA2	cg11089595	RALYL	between_gene	103	0.4949479418354347	1.0692482788824855e-07	2.38637190727494e-07
CMCBSN	cg02803819	HOXA2	cg01134282	RALYL	between_gene	0			
CMCBSN	cg02803819	HOXA2	cg06955749	RALYL	between_gene	103	0.4149387163379168	1.3130591834122837e-05	2.6231021512424563e-05
CMCBSN	cg02803819	HOXA2	cg11666087	BEND5	between_gene	103	0.5438979923560163	2.8942271038439304e-09	7.2258741760084346e-09
CMCBSN	cg02803819	HOXA2	cg16573178	BEND5	between_gene	103	0.5569015507622018	1.0033381444775274e-09	2.596933748950267e-09
CMCBSN	cg02803819	HOXA2	cg06744574	BEND5	between_gene	103	0.5156723630452928	2.4858333747507658e-08	5.801019029270795e-08
CMCBSN	cg02803819	HOXA2	cg03603214	BEND5	between_gene	103	0.43170935289724555	5.28678727761315e-06	1.0742389413779368e-05
CMCBSN	cg03763508	HOXA2	cg00188704	HOXA2	within_gene	103	0.9597922066511444	1.5503888968600384e-57	2.5867014752875377e-56
CMCBSN	cg03763508	HOXA2	cg06786372	HOXA2	within_gene	103	0.966843122611255	1.0899175271372377e-61	2.657721970019264e-60
CMCBSN	cg03763508	HOXA2	cg19236679	GFRA1	between_gene	103	0.5192088037604885	1.9190209749528105e-08	4.52278746490685e-08
CMCBSN	cg03763508	HOXA2	cg06298519	GFRA1	between_gene	103	0.5620304880727496	6.523439752058843e-10	1.7174222313947045e-09
CMCBSN	cg03763508	HOXA2	cg19485539	GFRA1	between_gene	103	0.5802618284057462	1.3284969692604197e-10	3.621785363427832e-10
CMCBSN	cg03763508	HOXA2	cg18672939	GFRA1	between_gene	103	0.5035803716557572	5.8919649181783704e-08	1.3390362780076105e-07
CMCBSN	cg03763508	HOXA2	cg27034576	GFRA1	between_gene	103	0.5817225321794139	1.1644818509114528e-10	3.198034893713663e-10
CMCBSN	cg03763508	HOXA2	cg18044663	GFRA1	between_gene	103	0.5311360541229188	7.841740516683603e-09	1.901403439407762e-08
CMCBSN	cg03763508	HOXA2	cg15701178	UNC5C	between_gene	103	0.5078416728902166	4.363531594848458e-08	1.0030355886308042e-07
CMCBSN	cg03763508	HOXA2	cg03008707	UNC5C	between_gene	103	0.631880683565435	8.224821878602785e-13	2.7025894560799324e-12
CMCBSN	cg03763508	HOXA2	cg24870497	UNC5C	between_gene	0			
CMCBSN	cg03763508	HOXA2	cg13265789	UNC5C	between_gene	103	0.5383736765804156	4.478454257652314e-09	1.1033321207001781e-08
CMCBSN	cg03763508	HOXA2	cg12584684	UNC5C	between_gene	103	0.5665553749505777	4.434656827901966e-10	1.1770111560525157e-09
CMCBSN	cg03763508	HOXA2	cg08327106	RALYL	between_gene	0			
CMCBSN	cg03763508	HOXA2	cg09757712	RALYL	between_gene	0			
CMCBSN	cg03763508	HOXA2	cg11089595	RALYL	between_gene	103	0.47585994816149013	3.773187510231835e-07	8.108934278578961e-07
CMCBSN	cg03763508	HOXA2	cg01134282	RALYL	between_gene	0			
CMCBSN	cg03763508	HOXA2	cg06955749	RALYL	between_gene	103	0.38733910293019375	5.298534243423169e-05	0.00010324029754362245
CMCBSN	cg03763508	HOXA2	cg11666087	BEND5	between_gene	103	0.4911479154768704	1.3828327570019474e-07	3.065259696701853e-07
CMCBSN	cg03763508	HOXA2	cg16573178	BEND5	between_gene	103	0.5163862408294162	2.3598648468237542e-08	5.5218720944961215e-08
CMCBSN	cg03763508	HOXA2	cg06744574	BEND5	between_gene	103	0.4553551816544393	1.346323359135979e-06	2.801082650706355e-06
CMCBSN	cg03763508	HOXA2	cg03603214	BEND5	between_gene	103	0.41328032333172254	1.4329128441237434e-05	2.8516167889541163e-05
CMCBSN	cg00188704	HOXA2	cg06786372	HOXA2	within_gene	103	0.955926283881738	1.4529706381453033e-55	2.0025725751828745e-54
CMCBSN	cg00188704	HOXA2	cg19236679	GFRA1	between_gene	103	0.49568378508983885	1.0169359836147153e-07	2.2735098382611756e-07
CMCBSN	cg00188704	HOXA2	cg06298519	GFRA1	between_gene	103	0.5500812722400388	1.7587854493696986e-09	4.472389120278307e-09
CMCBSN	cg00188704	HOXA2	cg19485539	GFRA1	between_gene	103	0.5613495584940473	6.910075956236716e-10	1.8155476505359105e-09
CMCBSN	cg00188704	HOXA2	cg18672939	GFRA1	between_gene	103	0.5119162676272899	3.261765287889764e-08	7.550972170456428e-08
CMCBSN	cg00188704	HOXA2	cg27034576	GFRA1	between_gene	103	0.5652923604094364	4.941976032146779e-10	1.308996494200096e-09
CMCBSN	cg00188704	HOXA2	cg18044663	GFRA1	between_gene	103	0.4991653121293327	8.008013781186726e-08	1.8073449788162774e-07
CMCBSN	cg00188704	HOXA2	cg15701178	UNC5C	between_gene	103	0.5156394148398717	2.4917997706186814e-08	5.8097458458839496e-08
CMCBSN	cg00188704	HOXA2	cg03008707	UNC5C	between_gene	103	0.6634230988885473	2.2392296053415756e-14	8.553660381165696e-14
CMCBSN	cg00188704	HOXA2	cg24870497	UNC5C	between_gene	0			
CMCBSN	cg00188704	HOXA2	cg13265789	UNC5C	between_gene	103	0.518396081360102	2.0371473649459792e-08	4.788213941571225e-08
CMCBSN	cg00188704	HOXA2	cg12584684	UNC5C	between_gene	103	0.5633593990247331	5.827885491856084e-10	1.5405221122849566e-09
CMCBSN	cg00188704	HOXA2	cg08327106	RALYL	between_gene	0			
CMCBSN	cg00188704	HOXA2	cg09757712	RALYL	between_gene	0			
CMCBSN	cg00188704	HOXA2	cg11089595	RALYL	between_gene	103	0.46093441110574174	9.602237886362742e-07	2.01384555028299e-06
CMCBSN	cg00188704	HOXA2	cg01134282	RALYL	between_gene	0			
CMCBSN	cg00188704	HOXA2	cg06955749	RALYL	between_gene	103	0.3996397662873963	2.8889352447691912e-05	5.6799035822176486e-05
CMCBSN	cg00188704	HOXA2	cg11666087	BEND5	between_gene	103	0.486216667398849	1.9217991806746544e-07	4.2240725041113514e-07
CMCBSN	cg00188704	HOXA2	cg16573178	BEND5	between_gene	103	0.5055133330404604	5.1442283193660914e-08	1.1773062881777309e-07
CMCBSN	cg00188704	HOXA2	cg06744574	BEND5	between_gene	103	0.4472828713262751	2.1725605146267064e-06	4.487894206382484e-06
CMCBSN	cg00188704	HOXA2	cg03603214	BEND5	between_gene	103	0.40250626015903007	2.4994414373432544e-05	4.924285750713349e-05
CMCBSN	cg06786372	HOXA2	cg19236679	GFRA1	between_gene	103	0.5188463735008566	1.9708663343234853e-08	4.636600781109083e-08
CMCBSN	cg06786372	HOXA2	cg06298519	GFRA1	between_gene	103	0.5584940473575539	8.784846820298541e-10	2.2873917519120652e-09
CMCBSN	cg06786372	HOXA2	cg19485539	GFRA1	between_gene	103	0.5791196239511488	1.4720196175027632e-10	3.992202891959157e-10
CMCBSN	cg06786372	HOXA2	cg18672939	GFRA1	between_gene	103	0.5024052189957388	6.396097678645375e-08	1.451079899442242e-07
CMCBSN	cg06786372	HOXA2	cg27034576	GFRA1	between_gene	103	0.5937156789526865	3.8490939412150004e-11	1.0951238923260563e-10
CMCBSN	cg06786372	HOXA2	cg18044663	GFRA1	between_gene	103	0.524052189957387	1.3398507644662998e-08	3.17788240408416e-08
CMCBSN	cg06786372	HOXA2	cg15701178	UNC5C	between_gene	103	0.527874181786232	1.0050791301071156e-08	2.410157583133699e-08
CMCBSN	cg06786372	HOXA2	cg03008707	UNC5C	between_gene	103	0.6536155164082064	7.186928171057592e-14	2.615159776609381e-13
CMCBSN	cg06786372	HOXA2	cg24870497	UNC5C	between_gene	0			
CMCBSN	cg06786372	HOXA2	cg13265789	UNC5C	between_gene	103	0.5520032508896016	1.5033937302323637e-09	3.841678983522269e-09
CMCBSN	cg06786372	HOXA2	cg12584684	UNC5C	between_gene	103	0.5807670342222027	1.2694028583666184e-10	3.467928855998437e-10
CMCBSN	cg06786372	HOXA2	cg08327106	RALYL	between_gene	0			
CMCBSN	cg06786372	HOXA2	cg09757712	RALYL	between_gene	0			
CMCBSN	cg06786372	HOXA2	cg11089595	RALYL	between_gene	103	0.4701818740939243	5.411300590334531e-07	1.1496810456174912e-06
CMCBSN	cg06786372	HOXA2	cg01134282	RALYL	between_gene	0			
CMCBSN	cg06786372	HOXA2	cg06955749	RALYL	between_gene	103	0.40182533058032777	2.587234836658092e-05	5.090569901086698e-05
CMCBSN	cg06786372	HOXA2	cg11666087	BEND5	between_gene	103	0.5133440231955366	2.942889923421343e-08	6.837043464119576e-08
CMCBSN	cg06786372	HOXA2	cg16573178	BEND5	between_gene	103	0.5332776874752889	6.6530320717541466e-09	1.6222206238510814e-08
CMCBSN	cg06786372	HOXA2	cg06744574	BEND5	between_gene	103	0.49221324078548523	1.2870452365086854e-07	2.8553580119482654e-07
CMCBSN	cg06786372	HOXA2	cg03603214	BEND5	between_gene	103	0.4304902692966656	5.657532464271249e-06	1.146700324353614e-05
CMCBSN	cg19236679	GFRA1	cg06298519	GFRA1	within_gene	103	0.9079317313183677	6.247898853376917e-40	3.094662400813254e-39
CMCBSN	cg19236679	GFRA1	cg19485539	GFRA1	within_gene	103	0.900913763563678	2.1346334444007062e-38	9.806939157609043e-38
CMCBSN	cg19236679	GFRA1	cg18672939	GFRA1	within_gene	103	0.8716447744146203	4.777591463509628e-33	1.8029720165863716e-32
CMCBSN	cg19236679	GFRA1	cg27034576	GFRA1	within_gene	103	0.8976738566972718	9.979036768286055e-38	4.455429092319266e-37
CMCBSN	cg19236679	GFRA1	cg18044663	GFRA1	within_gene	103	0.9276237754250318	5.418393859752067e-45	3.43526170708281e-44
CMCBSN	cg19236679	GFRA1	cg15701178	UNC5C	between_gene	103	0.7526797873742477	4.847469910435742e-20	3.427384551850095e-19
CMCBSN	cg19236679	GFRA1	cg03008707	UNC5C	between_gene	103	0.7707134384747177	1.736131069684907e-21	1.5048391896371835e-20
CMCBSN	cg19236679	GFRA1	cg24870497	UNC5C	between_gene	0			
CMCBSN	cg19236679	GFRA1	cg13265789	UNC5C	between_gene	103	0.8240675657865836	1.1305921250287444e-26	3.040943148659788e-25
CMCBSN	cg19236679	GFRA1	cg12584684	UNC5C	between_gene	103	0.815555946052805	9.801770212727452e-26	2.045825478800474e-24
CMCBSN	cg19236679	GFRA1	cg08327106	RALYL	between_gene	0			
CMCBSN	cg19236679	GFRA1	cg09757712	RALYL	between_gene	0			
CMCBSN	cg19236679	GFRA1	cg11089595	RALYL	between_gene	103	0.6650924746298819	1.828109092366336e-14	7.024354377001136e-14
CMCBSN	cg19236679	GFRA1	cg01134282	RALYL	between_gene	0			
CMCBSN	cg19236679	GFRA1	cg06955749	RALYL	between_gene	103	0.6852897245530027	1.4117479637008385e-15	5.9503238082318055e-15
CMCBSN	cg19236679	GFRA1	cg11666087	BEND5	between_gene	103	0.7691319246145061	2.3529124230120602e-21	1.9738741194978988e-20
CMCBSN	cg19236679	GFRA1	cg16573178	BEND5	between_gene	103	0.7742169309844924	8.776489542579331e-22	7.923135369062102e-21
CMCBSN	cg19236679	GFRA1	cg06744574	BEND5	between_gene	103	0.7640249527742389	6.178243599357649e-21	4.9143407166841784e-20
CMCBSN	cg19236679	GFRA1	cg03603214	BEND5	between_gene	103	0.7547225761103545	3.373038820202986e-20	2.4581727044440197e-19
CMCBSN	cg06298519	GFRA1	cg19485539	GFRA1	within_gene	103	0.9598581030619867	1.4294709526634164e-57	2.5174571777461275e-56
CMCBSN	cg06298519	GFRA1	cg18672939	GFRA1	within_gene	103	0.8362693845275228	4.139150237820798e-28	1.2616448321049931e-27
CMCBSN	cg06298519	GFRA1	cg27034576	GFRA1	within_gene	103	0.9165092474629881	5.562977909700118e-42	3.040455167887823e-41
CMCBSN	cg06298519	GFRA1	cg18044663	GFRA1	within_gene	103	0.9361024469533893	1.240572270778926e-47	1.0083625893254346e-46
CMCBSN	cg06298519	GFRA1	cg15701178	UNC5C	between_gene	103	0.7344154988358301	1.0683250471249364e-18	6.1801774899090006e-18
CMCBSN	cg06298519	GFRA1	cg03008707	UNC5C	between_gene	103	0.7734151913192462	1.0270328601402048e-21	9.114043306482294e-21
CMCBSN	cg06298519	GFRA1	cg24870497	UNC5C	between_gene	0			
CMCBSN	cg06298519	GFRA1	cg13265789	UNC5C	between_gene	103	0.765035364407152	5.1139612735572144e-21	4.169476550847116e-20
CMCBSN	cg06298519	GFRA1	cg12584684	UNC5C	between_gene	103	0.7954685234810878	1.0593357773628679e-23	1.3416539044367586e-22
CMCBSN	cg06298519	GFRA1	cg08327106	RALYL	between_gene	0			
CMCBSN	cg06298519	GFRA1	cg09757712	RALYL	between_gene	0			
CMCBSN	cg06298519	GFRA1	cg11089595	RALYL	between_gene	103	0.6546808417168212	6.345040914420319e-14	2.315274370031134e-13
CMCBSN	cg06298519	GFRA1	cg01134282	RALYL	between_gene	0			
CMCBSN	cg06298519	GFRA1	cg06955749	RALYL	between_gene	103	0.6270482801036771	1.3781555211436754e-12	4.4009886837990815e-12
CMCBSN	cg06298519	GFRA1	cg11666087	BEND5	between_gene	103	0.7738435179897202	9.443861068780353e-22	8.467021831081767e-21
CMCBSN	cg06298519	GFRA1	cg16573178	BEND5	between_gene	103	0.7683521504195405	2.730957993779165e-21	2.283676091592898e-20
CMCBSN	cg06298519	GFRA1	cg06744574	BEND5	between_gene	103	0.7406866406009752	3.803760254664462e-19	2.3241242399109092e-18
CMCBSN	cg06298519	GFRA1	cg03603214	BEND5	between_gene	103	0.6880024601326715	9.851795495021227e-16	4.206765048528704e-15
CMCBSN	cg19485539	GFRA1	cg18672939	GFRA1	within_gene	103	0.8436827307472653	4.845494419806078e-29	1.5059036579201243e-28
CMCBSN	cg19485539	GFRA1	cg27034576	GFRA1	within_gene	103	0.9358388613100206	1.5171947276651167e-47	1.173050557731322e-46
CMCBSN	cg19485539	GFRA1	cg18044663	GFRA1	within_gene	103	0.9370140139700391	6.14323939900873e-48	5.409463581904909e-47
CMCBSN	cg19485539	GFRA1	cg15701178	UNC5C	between_gene	103	0.7659249659535211	4.326393866958938e-21	3.57941201462456e-20
CMCBSN	cg19485539	GFRA1	cg03008707	UNC5C	between_gene	103	0.7982032245310372	5.777597977076443e-24	7.85091308447523e-23
CMCBSN	cg19485539	GFRA1	cg24870497	UNC5C	between_gene	0			
CMCBSN	cg19485539	GFRA1	cg13265789	UNC5C	between_gene	103	0.7839256688485701	1.241108162375691e-22	1.290060237306047e-21
CMCBSN	cg19485539	GFRA1	cg12584684	UNC5C	between_gene	103	0.8175328383780697	5.995338376004179e-26	1.3034864852495753e-24
CMCBSN	cg19485539	GFRA1	cg08327106	RALYL	between_gene	0			
CMCBSN	cg19485539	GFRA1	cg09757712	RALYL	between_gene	0			
CMCBSN	cg19485539	GFRA1	cg11089595	RALYL	between_gene	103	0.68276369547072	1.9666813957282077e-15	8.170496435437729e-15
CMCBSN	cg19485539	GFRA1	cg01134282	RALYL	between_gene	0			
CMCBSN	cg19485539	GFRA1	cg06955749	RALYL	between_gene	103	0.6186904186618636	3.2958777069196617e-12	1.0164237514602125e-11
CMCBSN	cg19485539	GFRA1	cg11666087	BEND5	between_gene	103	0.7659139832183809	4.335355295597397e-21	3.57941201462456e-20
CMCBSN	cg19485539	GFRA1	cg16573178	BEND5	between_gene	103	0.7753481527039494	7.023055910544307e-22	6.4291764458281044e-21
CMCBSN	cg19485539	GFRA1	cg06744574	BEND5	between_gene	103	0.7468918859552784	1.3290953938942642e-19	8.625895230522725e-19
CMCBSN	cg19485539	GFRA1	cg03603214	BEND5	between_gene	103	0.7007204674252075	1.728797551346552e-16	8.083212923769094e-16
CMCBSN	cg18672939	GFRA1	cg27034576	GFRA1	within_gene	103	0.8930281597328998	8.342867242710275e-37	3.673179049915496e-36
CMCBSN	cg18672939	GFRA1	cg18044663	GFRA1	within_gene	103	0.8530949347625534	2.6935980347669057e-30	8.988111337064307e-30
CMCBSN	cg18672939	GFRA1	cg15701178	UNC5C	between_gene	103	0.8132825198787507	1.7126874530968166e-25	3.41099356116763e-24
CMCBSN	cg18672939	GFRA1	cg03008707	UNC5C	between_gene	103	0.8374555199226815	2.958096823075491e-28	1.4291990021118438e-26
CMCBSN	cg18672939	GFRA1	cg24870497	UNC5C	between_gene	0			
CMCBSN	cg18672939	GFRA1	cg13265789	UNC5C	between_gene	103	0.7902187760839959	3.30695971617682e-23	3.800818457931861e-22
CMCBSN	cg18672939	GFRA1	cg12584684	UNC5C	between_gene	103	0.841804683038264	8.430520794834354e-29	4.887828611938406e-27
CMCBSN	cg18672939	GFRA1	cg08327106	RALYL	between_gene	0			
CMCBSN	cg18672939	GFRA1	cg09757712	RALYL	between_gene	0			
CMCBSN	cg18672939	GFRA1	cg11089595	RALYL	between_gene	103	0.6711988753679217	8.608025040682484e-15	3.417802444372112e-14
CMCBSN	cg18672939	GFRA1	cg01134282	RALYL	between_gene	0			
CMCBSN	cg18672939	GFRA1	cg06955749	RALYL	between_gene	103	0.7071453674823178	6.928946874276538e-17	3.335354685422046e-16
CMCBSN	cg18672939	GFRA1	cg11666087	BEND5	between_gene	103	0.7452884066247859	1.7491260114048855e-19	1.1212456422003308e-18
CMCBSN	cg18672939	GFRA1	cg16573178	BEND5	between_gene	103	0.7622677151517815	8.564254942469813e-21	6.650042007411828e-20
CMCBSN	cg18672939	GFRA1	cg06744574	BEND5	between_gene	103	0.7188200149365197	1.233309336650011e-17	6.334063108897398e-17
CMCBSN	cg18672939	GFRA1	cg03603214	BEND5	between_gene	103	0.7442560295215921	2.0851564358158838e-19	1.3140514833438747e-18
CMCBSN	cg27034576	GFRA1	cg18044663	GFRA1	within_gene	103	0.9140710802618285	2.2377813616916982e-41	1.1629126092725711e-40
CMCBSN	cg27034576	GFRA1	cg15701178	UNC5C	between_gene	103	0.8385977243772791	2.1350385870014934e-28	1.1140631346973793e-26
CMCBSN	cg27034576	GFRA1	cg03008707	UNC5C	between_gene	103	0.8383561042041912	2.2879825289699525e-28	1.1704600819769815e-26
CMCBSN	cg27034576	GFRA1	cg24870497	UNC5C	between_gene	0			
CMCBSN	cg27034576	GFRA1	cg13265789	UNC5C	between_gene	103	0.8327109783420464	1.1161352094679688e-27	4.28234817867931e-26
CMCBSN	cg27034576	GFRA1	cg12584684	UNC5C	between_gene	103	0.8592233009708738	3.674206846081406e-31	3.686925254394765e-29
CMCBSN	cg27034576	GFRA1	cg08327106	RALYL	between_gene	0			
CMCBSN	cg27034576	GFRA1	cg09757712	RALYL	between_gene	0			
CMCBSN	cg27034576	GFRA1	cg11089595	RALYL	between_gene	103	0.6638074946184598	2.1372877415590944e-14	8.176222460011257e-14
CMCBSN	cg27034576	GFRA1	cg01134282	RALYL	between_gene	0			
CMCBSN	cg27034576	GFRA1	cg06955749	RALYL	between_gene	103	0.6442692088037606	2.0996576323718283e-13	7.313760698074899e-13
CMCBSN	cg27034576	GFRA1	cg11666087	BEND5	between_gene	103	0.7876048851205905	5.759205245223906e-23	6.366850205419139e-22
CMCBSN	cg27034576	GFRA1	cg16573178	BEND5	between_gene	103	0.7908667574572772	2.87853605370638e-23	3.352723466124976e-22
CMCBSN	cg27034576	GFRA1	cg06744574	BEND5	between_gene	103	0.7836620832052015	1.310534415336127e-22	1.3568191625444269e-21
CMCBSN	cg27034576	GFRA1	cg03603214	BEND5	between_gene	103	0.7466173175767694	1.3932901454308694e-19	9.020084341015232e-19
CMCBSN	cg18044663	GFRA1	cg15701178	UNC5C	between_gene	103	0.7477265738259457	1.151115172926247e-19	7.603188572568553e-19
CMCBSN	cg18044663	GFRA1	cg03008707	UNC5C	between_gene	103	0.7781048192241796	4.057643418908098e-22	3.906417594070563e-21
CMCBSN	cg18044663	GFRA1	cg24870497	UNC5C	between_gene	0			
CMCBSN	cg18044663	GFRA1	cg13265789	UNC5C	between_gene	103	0.8135570882572597	1.601702368830517e-25	3.214493446368322e-24
CMCBSN	cg18044663	GFRA1	cg12584684	UNC5C	between_gene	103	0.8120195053376094	2.32759012381569e-25	4.510253167233003e-24
CMCBSN	cg18044663	GFRA1	cg08327106	RALYL	between_gene	0			
CMCBSN	cg18044663	GFRA1	cg09757712	RALYL	between_gene	0			
CMCBSN	cg18044663	GFRA1	cg11089595	RALYL	between_gene	103	0.6932302420594826	4.870495767939032e-16	2.142853871594087e-15
CMCBSN	cg18044663	GFRA1	cg01134282	RALYL	between_gene	0			
CMCBSN	cg18044663	GFRA1	cg06955749	RALYL	between_gene	103	0.6580745068751921	4.2522154732014385e-14	1.57585655817934e-13
CMCBSN	cg18044663	GFRA1	cg11666087	BEND5	between_gene	103	0.7805979001010411	2.45385444854149e-22	2.452914274423275e-21
CMCBSN	cg18044663	GFRA1	cg16573178	BEND5	between_gene	103	0.778390370337829	3.8317713017775644e-22	3.7163908276348196e-21
CMCBSN	cg18044663	GFRA1	cg06744574	BEND5	between_gene	103	0.7740082590168255	9.143552956898527e-22	8.226044711913192e-21
CMCBSN	cg18044663	GFRA1	cg03603214	BEND5	between_gene	103	0.7277599613407723	3.09767134625599e-18	1.6872285057164675e-17
CMCBSN	cg15701178	UNC5C	cg03008707	UNC5C	within_gene	103	0.8037824539823398	1.6287190382603155e-24	4.489599435900174e-24
CMCBSN	cg15701178	UNC5C	cg24870497	UNC5C	within_gene	0			
CMCBSN	cg15701178	UNC5C	cg13265789	UNC5C	within_gene	103	0.8717106708254624	4.6632279804410854e-33	1.7810159877106315e-32
CMCBSN	cg15701178	UNC5C	cg12584684	UNC5C	within_gene	103	0.9392215437332514	1.0713168533116876e-48	1.0291134621206211e-47
CMCBSN	cg15701178	UNC5C	cg08327106	RALYL	between_gene	0			
CMCBSN	cg15701178	UNC5C	cg09757712	RALYL	between_gene	0			
CMCBSN	cg15701178	UNC5C	cg11089595	RALYL	between_gene	103	0.6658063524140053	1.6755494111133503e-14	6.476308760881082e-14
CMCBSN	cg15701178	UNC5C	cg01134282	RALYL	between_gene	0			
CMCBSN	cg15701178	UNC5C	cg06955749	RALYL	between_gene	103	0.6391842024337742	3.7050419157648256e-13	1.253755429083065e-12
CMCBSN	cg15701178	UNC5C	cg11666087	BEND5	between_gene	103	0.7546566796995123	3.412917680693383e-20	2.4803070275568344e-19
CMCBSN	cg15701178	UNC5C	cg16573178	BEND5	between_gene	103	0.7860892676712209	7.916211230888639e-23	8.569873486053301e-22
CMCBSN	cg15701178	UNC5C	cg06744574	BEND5	between_gene	103	0.7770394939155648	5.020533370356963e-22	4.745859262051202e-21
CMCBSN	cg15701178	UNC5C	cg03603214	BEND5	between_gene	103	0.7437508237051355	2.271708396722373e-19	1.4179155997724093e-18
CMCBSN	cg03008707	UNC5C	cg24870497	UNC5C	within_gene	0			
CMCBSN	cg03008707	UNC5C	cg13265789	UNC5C	within_gene	103	0.7881979528181698	5.0815354207033366e-23	1.3423722736357983e-22
CMCBSN	cg03008707	UNC5C	cg12584684	UNC5C	within_gene	103	0.8259675789658656	6.871023777079003e-27	2.0167727197537443e-26
CMCBSN	cg03008707	UNC5C	cg08327106	RALYL	between_gene	0			
CMCBSN	cg03008707	UNC5C	cg09757712	RALYL	between_gene	0			
CMCBSN	cg03008707	UNC5C	cg11089595	RALYL	between_gene	103	0.6553068576198217	5.895727914555675e-14	2.1573568203472309e-13
CMCBSN	cg03008707	UNC5C	cg01134282	RALYL	between_gene	0			
CMCBSN	cg03008707	UNC5C	cg06955749	RALYL	between_gene	103	0.6488929402978518	1.2411637279900876e-13	4.4117113982644944e-13
CMCBSN	cg03008707	UNC5C	cg11666087	BEND5	between_gene	103	0.6813359399024734	2.3685151684003393e-15	9.746776142518116e-15
CMCBSN	cg03008707	UNC5C	cg16573178	BEND5	between_gene	103	0.6960198567851338	3.323908622872459e-16	1.500359445860596e-15
CMCBSN	cg03008707	UNC5C	cg06744574	BEND5	between_gene	103	0.6657184905328823	1.6936382561745134e-14	6.536541731300748e-14
CMCBSN	cg03008707	UNC5C	cg03603214	BEND5	between_gene	103	0.640710802618284	3.127730189389959e-13	1.0680952963505763e-12
CMCBSN	cg24870497	UNC5C	cg13265789	UNC5C	within_gene	0			
CMCBSN	cg24870497	UNC5C	cg12584684	UNC5C	within_gene	0			
CMCBSN	cg24870497	UNC5C	cg08327106	RALYL	between_gene	0			
CMCBSN	cg24870497	UNC5C	cg09757712	RALYL	between_gene	0			
CMCBSN	cg24870497	UNC5C	cg11089595	RALYL	between_gene	0			
CMCBSN	cg24870497	UNC5C	cg01134282	RALYL	between_gene	0			
CMCBSN	cg24870497	UNC5C	cg06955749	RALYL	between_gene	0			
CMCBSN	cg24870497	UNC5C	cg11666087	BEND5	between_gene	0			
CMCBSN	cg24870497	UNC5C	cg16573178	BEND5	between_gene	0			
CMCBSN	cg24870497	UNC5C	cg06744574	BEND5	between_gene	0			
CMCBSN	cg24870497	UNC5C	cg03603214	BEND5	between_gene	0			
CMCBSN	cg13265789	UNC5C	cg12584684	UNC5C	within_gene	103	0.9044502042788737	3.7269676034742465e-39	1.7633563138825914e-38
CMCBSN	cg13265789	UNC5C	cg08327106	RALYL	between_gene	0			
CMCBSN	cg13265789	UNC5C	cg09757712	RALYL	between_gene	0			
CMCBSN	cg13265789	UNC5C	cg11089595	RALYL	between_gene	103	0.7532618723366867	4.373147404409895e-20	3.125901802220662e-19
CMCBSN	cg13265789	UNC5C	cg01134282	RALYL	between_gene	0			
CMCBSN	cg13265789	UNC5C	cg06955749	RALYL	between_gene	103	0.7004019681061373	1.8078168294540612e-16	8.422489478652939e-16
CMCBSN	cg13265789	UNC5C	cg11666087	BEND5	between_gene	103	0.809350700698502	4.417246571315528e-25	7.786889394974468e-24
CMCBSN	cg13265789	UNC5C	cg16573178	BEND5	between_gene	103	0.8261542854632519	6.540737944467019e-27	1.9391801473993695e-25
CMCBSN	cg13265789	UNC5C	cg06744574	BEND5	between_gene	103	0.8391468611342969	1.8236136801474175e-28	9.91210019063461e-27
CMCBSN	cg13265789	UNC5C	cg03603214	BEND5	between_gene	103	0.7437727891754162	2.2632701492907627e-19	1.416036407553861e-18
CMCBSN	cg12584684	UNC5C	cg08327106	RALYL	between_gene	0			
CMCBSN	cg12584684	UNC5C	cg09757712	RALYL	between_gene	0			
CMCBSN	cg12584684	UNC5C	cg11089595	RALYL	between_gene	103	0.723443746430611	6.076583983258765e-18	3.2157824771444456e-17
CMCBSN	cg12584684	UNC5C	cg01134282	RALYL	between_gene	0			
CMCBSN	cg12584684	UNC5C	cg06955749	RALYL	between_gene	103	0.6935267759082723	4.677618774376938e-16	2.0684588783643102e-15
CMCBSN	cg12584684	UNC5C	cg11666087	BEND5	between_gene	103	0.7981592935904759	5.834568261922574e-24	7.887247976868392e-23
CMCBSN	cg12584684	UNC5C	cg16573178	BEND5	between_gene	103	0.8288230901023592	3.2136144843416925e-27	1.0749128448265994e-25
CMCBSN	cg12584684	UNC5C	cg06744574	BEND5	between_gene	103	0.7986205684663709	5.262734516437898e-24	7.226565449150777e-23
CMCBSN	cg12584684	UNC5C	cg03603214	BEND5	between_gene	103	0.7561942626191627	2.5917917690334985e-20	1.9085463933288075e-19
CMCBSN	cg08327106	RALYL	cg09757712	RALYL	within_gene	0			
CMCBSN	cg08327106	RALYL	cg11089595	RALYL	within_gene	0			
CMCBSN	cg08327106	RALYL	cg01134282	RALYL	within_gene	0			
CMCBSN	cg08327106	RALYL	cg06955749	RALYL	within_gene	0			
CMCBSN	cg08327106	RALYL	cg11666087	BEND5	between_gene	0			
CMCBSN	cg08327106	RALYL	cg16573178	BEND5	between_gene	0			
CMCBSN	cg08327106	RALYL	cg06744574	BEND5	between_gene	0			
CMCBSN	cg08327106	RALYL	cg03603214	BEND5	between_gene	0			
CMCBSN	cg09757712	RALYL	cg11089595	RALYL	within_gene	0			
CMCBSN	cg09757712	RALYL	cg01134282	RALYL	within_gene	0			
CMCBSN	cg09757712	RALYL	cg06955749	RALYL	within_gene	0			
CMCBSN	cg09757712	RALYL	cg11666087	BEND5	between_gene	0			
CMCBSN	cg09757712	RALYL	cg16573178	BEND5	between_gene	0			
CMCBSN	cg09757712	RALYL	cg06744574	BEND5	between_gene	0			
CMCBSN	cg09757712	RALYL	cg03603214	BEND5	between_gene	0			
CMCBSN	cg11089595	RALYL	cg01134282	RALYL	within_gene	0			
CMCBSN	cg11089595	RALYL	cg06955749	RALYL	within_gene	103	0.798411896498704	5.514311237831974e-24	1.4813870020277423e-23
CMCBSN	cg11089595	RALYL	cg11666087	BEND5	between_gene	103	0.6852897245530027	1.4117479637008385e-15	5.9503238082318055e-15
CMCBSN	cg11089595	RALYL	cg16573178	BEND5	between_gene	103	0.7162061239731143	1.828769101634162e-17	9.264579778958306e-17
CMCBSN	cg11089595	RALYL	cg06744574	BEND5	between_gene	103	0.7290229758819137	2.5371676770914342e-18	1.4083979722407558e-17
CMCBSN	cg11089595	RALYL	cg03603214	BEND5	between_gene	103	0.591167684400123	4.888258204609158e-11	1.374295868084622e-10
CMCBSN	cg01134282	RALYL	cg06955749	RALYL	within_gene	0			
CMCBSN	cg01134282	RALYL	cg11666087	BEND5	between_gene	0			
CMCBSN	cg01134282	RALYL	cg16573178	BEND5	between_gene	0			
CMCBSN	cg01134282	RALYL	cg06744574	BEND5	between_gene	0			
CMCBSN	cg01134282	RALYL	cg03603214	BEND5	between_gene	0			
CMCBSN	cg06955749	RALYL	cg11666087	BEND5	between_gene	103	0.6698260334753767	1.0212074504428621e-14	3.9944981082540136e-14
CMCBSN	cg06955749	RALYL	cg16573178	BEND5	between_gene	103	0.6616219303255283	2.7830635952320583e-14	1.0538480290218346e-13
CMCBSN	cg06955749	RALYL	cg06744574	BEND5	between_gene	103	0.6485305100382199	1.2938009924420628e-13	4.592085695105077e-13
CMCBSN	cg06955749	RALYL	cg03603214	BEND5	between_gene	103	0.6235118393884814	1.9994198458804102e-12	6.284923346869868e-12
CMCBSN	cg11666087	BEND5	cg16573178	BEND5	within_gene	103	0.9729605060844353	4.263614253850318e-66	1.2286961077005007e-64
CMCBSN	cg11666087	BEND5	cg06744574	BEND5	within_gene	103	0.9317642665729474	3.06932637800847e-46	2.1621699151748557e-45
CMCBSN	cg11666087	BEND5	cg03603214	BEND5	within_gene	103	0.8341716821157141	7.44917143408698e-28	2.2277239100052573e-27
CMCBSN	cg16573178	BEND5	cg06744574	BEND5	within_gene	103	0.9353666036989853	2.171415091502809e-47	1.6389013904914058e-46
CMCBSN	cg16573178	BEND5	cg03603214	BEND5	within_gene	103	0.8489873918200589	9.739036709832229e-30	3.1827573577492954e-29
CMCBSN	cg06744574	BEND5	cg03603214	BEND5	within_gene	103	0.8172143390589992	6.492075495402881e-26	1.8708981200388302e-25
